line                  time        mass     lg(L)  lg(Teff)        1H_surf       4He_surf       12C_surf       13C_surf       14N_surf       16O_surf       17O_surf       18O_surf      20Ne_surf      22Ne_surf  26Al_surf  Mcc/Mt   lg(Teff)  lg(Md)  lg(rhoc)    lg(Tc)         1H_cen        4He_cen        12C_cen        13C_cen        14N_cen        16O_cen        17O_cen        18O_cen       20Ne_cen       22Ne_cen   26Al_cen  Omeg_surf   Omeg_cen     Rp/Req   Md/Md(0)   v_crit1   v_crit2    v_equa  Om/Om_cr  Gamma_Ed  lg(Mdot_mech)             L_tot
   -                    yr        Msun      Lsun        K      mass frac.     mass frac.     mass frac.     mass frac.     mass frac.     mass frac.     mass frac.     mass frac.     mass frac.     mass frac. mass frac.       -          K   Ms/yr     g/cm3         K     mass frac.     mass frac.     mass frac.     mass frac.     mass frac.     mass frac.     mass frac.     mass frac.     mass frac.     mass frac. mass frac.        s-1        s-1          -          -      km/s      km/s      km/s         -         -        Msun/yr     10^53 g cm2/s

  1  9.304883330227198E+06    1.700000  1.175504  4.055888  7.5157740E-01  2.4837130E-01  1.2915521E-06  4.2970794E-09  1.0216519E-07  6.8211449E-06  3.5136664E-10  2.0005896E-09  9.2048308E-07  2.3543589E-08  0.000E+00  0.1645  4.055888  -30.000  2.008691  7.336423  7.4853250E-01  2.5145160E-01  5.9279249E-09  1.5701894E-09  1.6395866E-06  6.5413099E-06  2.5790239E-07  7.8863892E-11  9.2048308E-07  2.3543589E-08  0.000E+00  2.646E-04  2.702E-04  9.479E-01  1.157E+00  4.74E+02  0.00E+00  1.87E+02  0.562156  0.000237  0.0000000E+00  3.0228164478E-03
  2  3.542269240006814E+07    1.700000  1.184410  4.058950  7.5157740E-01  2.4837130E-01  1.2915521E-06  4.2970794E-09  1.0216519E-07  6.8211449E-06  3.5136664E-10  2.0005896E-09  9.2048308E-07  2.3543589E-08  0.000E+00  0.1609  4.058950  -30.000  2.016701  7.339407  7.4081285E-01  2.5917195E-01  7.0831941E-09  1.8741908E-09  1.9206647E-06  5.8817437E-06  6.1524002E-07  1.8552091E-10  9.2048308E-07  2.3543589E-08  0.000E+00  2.413E-04  3.075E-04  9.572E-01  1.081E+00  4.73E+02  0.00E+00  1.69E+02  0.514503  0.000242  0.0000000E+00  3.0228164478E-03
  3  6.092053651312935E+07    1.700000  1.189998  4.060280  7.5157740E-01  2.4837130E-01  1.2915521E-06  4.2970794E-09  1.0216519E-07  6.8211449E-06  3.5136664E-10  2.0005896E-09  9.2048308E-07  2.3543589E-08  0.000E+00  0.1592  4.060280  -30.000  2.021083  7.341652  7.3309320E-01  2.6689193E-01  8.8947016E-09  2.3539635E-09  2.3916957E-06  5.2367905E-06  7.2529802E-07  2.2019507E-10  9.2048308E-07  2.3543589E-08  0.000E+00  2.302E-04  3.209E-04  9.610E-01  1.073E+00  4.72E+02  0.00E+00  1.62E+02  0.493040  0.000245  0.0000000E+00  3.0228164478E-03
  4  8.381406539568442E+07    1.700000  1.195361  4.061140  7.5157730E-01  2.4837130E-01  1.2915521E-06  4.2970846E-09  1.0216519E-07  6.8211449E-06  3.5136664E-10  2.0005896E-09  9.2048308E-07  2.3543589E-08  0.000E+00  0.1573  4.061140  -30.000  2.025533  7.343741  7.2537356E-01  2.7461185E-01  1.1038594E-08  2.9220736E-09  2.9477756E-06  4.6056022E-06  7.1690216E-07  2.1901693E-10  9.2048308E-07  2.3543589E-08  0.000E+00  2.260E-04  3.263E-04  9.621E-01  1.071E+00  4.72E+02  0.00E+00  1.59E+02  0.486367  0.000248  0.0000000E+00  3.0228164478E-03
  5  1.032836026816249E+08    1.700000  1.199898  4.061808  7.5157700E-01  2.4837130E-01  1.2915516E-06  4.2974724E-09  1.0216536E-07  6.8211449E-06  3.5136709E-10  2.0005895E-09  9.2048308E-07  2.3543589E-08  0.000E+00  0.1549  4.061808  -30.000  2.030064  7.345779  7.1765391E-01  2.8233198E-01  1.3385153E-08  3.5440481E-09  3.5492951E-06  3.9776842E-06  6.4951389E-07  1.9964948E-10  9.2048308E-07  2.3543589E-08  0.000E+00  2.244E-04  3.294E-04  9.624E-01  1.070E+00  4.71E+02  0.00E+00  1.58E+02  0.484565  0.000251  0.0000000E+00  3.0228164478E-03
  6  1.224553473913150E+08    1.700000  1.204355  4.062303  7.5157580E-01  2.4837140E-01  1.2915429E-06  4.3028511E-09  1.0216988E-07  6.8211448E-06  3.5139210E-10  2.0005868E-09  9.2048308E-07  2.3543589E-08  0.000E+00  0.1529  4.062303  -30.000  2.034068  7.347703  7.0993426E-01  2.9005184E-01  1.5636958E-08  4.1412281E-09  4.1212448E-06  3.4125920E-06  5.5145591E-07  1.7048274E-10  9.2048308E-07  2.3543589E-08  0.000E+00  2.234E-04  3.312E-04  9.624E-01  1.070E+00  4.70E+02  0.00E+00  1.58E+02  0.484308  0.000254  0.0000000E+00  3.0228164479E-03
  7  1.435488914517218E+08    1.700000  1.209647  4.062812  7.5157300E-01  2.4837160E-01  1.2914713E-06  4.3374723E-09  1.0221637E-07  6.8211443E-06  3.5185723E-10  2.0005591E-09  9.2048308E-07  2.3543589E-08  0.000E+00  0.1509  4.062812  -30.000  2.038555  7.349659  7.0221461E-01  2.9777179E-01  1.7576066E-08  4.6558591E-09  4.6007120E-06  2.9527159E-06  4.5445939E-07  1.4133208E-10  9.2048308E-07  2.3543589E-08  0.000E+00  2.223E-04  3.326E-04  9.624E-01  1.070E+00  4.69E+02  0.00E+00  1.58E+02  0.484815  0.000257  0.0000000E+00  3.0228164479E-03
  8  1.620442922432189E+08    1.700000  1.214017  4.063201  7.5156830E-01  2.4837240E-01  1.2912370E-06  4.4308983E-09  1.0239029E-07  6.8211410E-06  3.5456542E-10  2.0004528E-09  9.2048308E-07  2.3543589E-08  0.000E+00  0.1502  4.063201  -30.000  2.042773  7.351690  6.9449497E-01  3.0549173E-01  1.9486429E-08  5.1630693E-09  5.0677521E-06  2.4961098E-06  3.6912609E-07  1.1548601E-10  9.2048308E-07  2.3543589E-08  0.000E+00  2.221E-04  3.334E-04  9.622E-01  1.071E+00  4.69E+02  0.00E+00  1.58E+02  0.486494  0.000259  0.0000000E+00  3.0228164479E-03
  9  1.812615782836267E+08    1.700000  1.218704  4.063545  7.5156040E-01  2.4837460E-01  1.2906166E-06  4.6392289E-09  1.0289423E-07  6.8211269E-06  3.6569162E-10  2.0001328E-09  9.2048308E-07  2.3543589E-08  0.000E+00  0.1490  4.063545  -30.000  2.047056  7.353745  6.8677532E-01  3.1321158E-01  2.1134505E-08  5.6010822E-09  5.4574378E-06  2.1159018E-06  2.9701063E-07  9.3518308E-11  9.2048308E-07  2.3543589E-08  0.000E+00  2.215E-04  3.338E-04  9.619E-01  1.072E+00  4.68E+02  0.00E+00  1.58E+02  0.487893  0.000262  0.0000000E+00  3.0228164479E-03
 10  1.998672170634920E+08    1.700000  1.223264  4.063815  7.5154870E-01  2.4837890E-01  1.2894023E-06  4.9889288E-09  1.0394625E-07  6.8210872E-06  3.9599029E-10  1.9994378E-09  9.2048308E-07  2.3543589E-08  0.000E+00  0.1470  4.063815  -30.000  2.051265  7.355761  6.7905567E-01  3.2093149E-01  2.2615798E-08  5.9950264E-09  5.7988422E-06  1.7796874E-06  2.3707119E-07  7.5114976E-11  9.2048308E-07  2.3543589E-08  0.000E+00  2.214E-04  3.347E-04  9.615E-01  1.072E+00  4.67E+02  0.00E+00  1.59E+02  0.490302  0.000265  0.0000000E+00  3.0228164479E-03
 11  2.188894383819538E+08    1.700000  1.228329  4.064173  7.5153200E-01  2.4838670E-01  1.2873364E-06  5.5074261E-09  1.0582498E-07  6.8209979E-06  4.6226708E-10  1.9981509E-09  9.2048308E-07  2.3543589E-08  0.000E+00  0.1452  4.064173  -30.000  2.056337  7.357873  6.7133602E-01  3.2865138E-01  2.3899106E-08  6.3368798E-09  6.0794256E-06  1.5020901E-06  1.8905189E-07  6.0309448E-11  9.2048308E-07  2.3543589E-08  0.000E+00  2.212E-04  3.359E-04  9.610E-01  1.073E+00  4.66E+02  0.00E+00  1.59E+02  0.492896  0.000268  0.0000000E+00  3.0228164479E-03
 12  2.364414229243052E+08    1.700000  1.232748  4.064394  7.5151120E-01  2.4839810E-01  1.2844742E-06  6.1440891E-09  1.0852563E-07  6.8208448E-06  5.7308162E-10  1.9962430E-09  9.2048308E-07  2.3543589E-08  0.000E+00  0.1436  4.064394  -30.000  2.060667  7.359896  6.6361638E-01  3.3637122E-01  2.5077348E-08  6.6508693E-09  6.3340409E-06  1.2470627E-06  1.4876847E-07  4.7764196E-11  9.2048308E-07  2.3543589E-08  0.000E+00  2.209E-04  3.366E-04  9.607E-01  1.074E+00  4.65E+02  0.00E+00  1.60E+02  0.494917  0.000271  0.0000000E+00  3.0228164479E-03
 13  2.542018650201110E+08    1.700000  1.237360  4.064663  7.5148330E-01  2.4841530E-01  1.2804115E-06  6.9542368E-09  1.1247350E-07  6.8205879E-06  7.5514144E-10  1.9933792E-09  9.2048308E-07  2.3543589E-08  0.000E+00  0.1417  4.064663  -30.000  2.065194  7.362004  6.5589673E-01  3.4409107E-01  2.6074012E-08  6.9169583E-09  6.5355343E-06  1.0443920E-06  1.1767980E-07  3.8046038E-11  9.2048308E-07  2.3543589E-08  0.000E+00  2.206E-04  3.374E-04  9.603E-01  1.075E+00  4.64E+02  0.00E+00  1.60E+02  0.497166  0.000274  0.0000000E+00  3.0228164479E-03
 14  2.717769548286867E+08    1.700000  1.242344  4.065001  7.5144908E-01  2.4843841E-01  1.2752791E-06  7.8790374E-09  1.1758510E-07  6.8202156E-06  1.0138498E-09  1.9895833E-09  9.2048308E-07  2.3543589E-08  0.000E+00  0.1401  4.065001  -30.000  2.070194  7.364143  6.4817708E-01  3.5181092E-01  2.6924172E-08  7.1439750E-09  6.6988867E-06  8.7910777E-07  9.3439859E-08  3.0414314E-11  9.2048308E-07  2.3543589E-08  0.000E+00  2.204E-04  3.385E-04  9.599E-01  1.076E+00  4.63E+02  0.00E+00  1.61E+02  0.499618  0.000277  0.0000000E+00  3.0228164479E-03
 15  2.882212760119487E+08    1.700000  1.246639  4.065258  7.5140930E-01  2.4846700E-01  1.2692689E-06  8.8677485E-09  1.2369264E-07  6.8197286E-06  1.3462282E-09  1.9849558E-09  9.2048308E-07  2.3543589E-08  0.000E+00  0.1382  4.065258  -30.000  2.074842  7.366184  6.4045743E-01  3.5953069E-01  2.7721842E-08  7.3580912E-09  6.8427779E-06  7.3220304E-07  7.3393662E-08  2.4058277E-11  9.2048308E-07  2.3543589E-08  0.000E+00  2.202E-04  3.396E-04  9.595E-01  1.076E+00  4.63E+02  0.00E+00  1.61E+02  0.501853  0.000279  0.0000000E+00  3.0228164479E-03
 16  3.044758498425725E+08    1.700000  1.251160  4.065529  7.5136322E-01  2.4850188E-01  1.2623421E-06  9.9166622E-09  1.3085167E-07  6.8191133E-06  1.7591635E-09  1.9794353E-09  9.2048308E-07  2.3543589E-08  0.000E+00  0.1361  4.065529  -30.000  2.079769  7.368300  6.3273779E-01  3.6725060E-01  2.8396050E-08  7.5388527E-09  6.9540293E-06  6.1793221E-07  5.8525810E-08  1.9324064E-11  9.2048308E-07  2.3543589E-08  0.000E+00  2.200E-04  3.407E-04  9.591E-01  1.077E+00  4.62E+02  0.00E+00  1.62E+02  0.504010  0.000282  0.0000000E+00  3.0228164479E-03
 17  3.213357368720539E+08    1.700000  1.256297  4.065955  7.5130550E-01  2.4854730E-01  1.2538201E-06  1.1107720E-08  1.3979503E-07  6.8182910E-06  2.3015353E-09  1.9724231E-09  9.2048308E-07  2.3543589E-08  0.000E+00  0.1331  4.065955  -30.000  2.085619  7.370541  6.2501814E-01  3.7497036E-01  2.8961248E-08  7.6912296E-09  7.0284046E-06  5.4174503E-07  4.8163380E-08  1.6031746E-11  9.2048308E-07  2.3543589E-08  0.000E+00  2.199E-04  3.421E-04  9.586E-01  1.078E+00  4.61E+02  0.00E+00  1.62E+02  0.506532  0.000286  0.0000000E+00  3.0228164479E-03
 18  3.365075623091487E+08    1.700000  1.260480  4.066253  7.5124467E-01  2.4859684E-01  1.2450343E-06  1.2246060E-08  1.4914169E-07  6.8173785E-06  2.8929225E-09  1.9649815E-09  9.2048308E-07  2.3543589E-08  0.000E+00  0.1315  4.066253  -30.000  2.090322  7.372635  6.1729849E-01  3.8269021E-01  2.9495735E-08  7.8351824E-09  7.1052416E-06  4.6200556E-07  3.8640214E-08  1.2951080E-11  9.2048308E-07  2.3543589E-08  0.000E+00  2.195E-04  3.434E-04  9.583E-01  1.079E+00  4.60E+02  0.00E+00  1.63E+02  0.508255  0.000288  0.0000000E+00  3.0228164479E-03
 19  3.527689023317629E+08    1.700000  1.265531  4.066669  7.5117220E-01  2.4865759E-01  1.2348656E-06  1.3472226E-08  1.6009314E-07  6.8162500E-06  3.6114422E-09  1.9561374E-09  9.2048308E-07  2.3543589E-08  0.000E+00  0.1291  4.066669  -30.000  2.095910  7.374963  6.0957884E-01  3.9040996E-01  2.9916184E-08  7.9492709E-09  7.1440386E-06  4.2185103E-07  3.3449936E-08  1.1305559E-11  9.2048308E-07  2.3543589E-08  0.000E+00  2.196E-04  3.446E-04  9.578E-01  1.080E+00  4.59E+02  0.00E+00  1.63E+02  0.511084  0.000292  0.0000000E+00  3.0228164479E-03
 20  3.677501714081902E+08    1.700000  1.269966  4.067063  7.5109699E-01  2.4872194E-01  1.2246445E-06  1.4622514E-08  1.7122630E-07  6.8150437E-06  4.3652656E-09  1.9470263E-09  9.2048308E-07  2.3543589E-08  0.000E+00  0.1259  4.067063  -30.000  2.101737  7.377141  6.0185920E-01  3.9812977E-01  3.0374018E-08  8.0733788E-09  7.1874895E-06  3.7679706E-07  2.7747972E-08  9.4551641E-12  9.2048308E-07  2.3543589E-08  0.000E+00  2.195E-04  3.463E-04  9.574E-01  1.080E+00  4.59E+02  0.00E+00  1.64E+02  0.513199  0.000295  0.0000000E+00  3.0228164479E-03
 21  3.833786999067509E+08    1.700000  1.274541  4.067417  7.5100809E-01  2.4879951E-01  1.2129949E-06  1.5848288E-08  1.8405119E-07  6.8135868E-06  5.2581183E-09  1.9363983E-09  9.2048308E-07  2.3543589E-08  0.000E+00  0.1255  4.067417  -30.000  2.106788  7.379370  5.9413955E-01  4.0584955E-01  3.0689913E-08  8.1594804E-09  7.2071158E-06  3.5616612E-07  2.5276807E-08  8.6785128E-12  9.2048308E-07  2.3543589E-08  0.000E+00  2.194E-04  3.472E-04  9.570E-01  1.081E+00  4.58E+02  0.00E+00  1.64E+02  0.515527  0.000298  0.0000000E+00  3.0228164479E-03
 22  3.972325913032126E+08    1.700000  1.279341  4.068013  7.5092038E-01  2.4887722E-01  1.2019173E-06  1.6940634E-08  1.9636867E-07  6.8121239E-06  6.1367164E-09  1.9260714E-09  9.2048308E-07  2.3543589E-08  0.000E+00  0.1195  4.068013  -30.000  2.113378  7.381646  5.8641990E-01  4.1356930E-01  3.1142743E-08  8.2827691E-09  7.2403337E-06  3.2151310E-07  2.0957722E-08  7.2609757E-12  9.2048308E-07  2.3543589E-08  0.000E+00  2.194E-04  3.496E-04  9.566E-01  1.082E+00  4.57E+02  0.00E+00  1.65E+02  0.517590  0.000301  0.0000000E+00  3.0228164479E-03
 23  4.113963519238288E+08    1.700000  1.284060  4.068551  7.5082017E-01  2.4896720E-01  1.1897437E-06  1.8068347E-08  2.1003287E-07  6.8104312E-06  7.1322078E-09  1.9144924E-09  9.2048308E-07  2.3543589E-08  0.000E+00  0.1158  4.068551  -30.000  2.119788  7.383907  5.7870025E-01  4.2128907E-01  3.1510657E-08  8.3833131E-09  7.2585148E-06  3.0248511E-07  1.8445846E-08  6.4459162E-12  9.2048308E-07  2.3543589E-08  0.000E+00  2.194E-04  3.519E-04  9.562E-01  1.083E+00  4.57E+02  0.00E+00  1.65E+02  0.519669  0.000304  0.0000000E+00  3.0228164479E-03
 24  4.246063967088389E+08    1.700000  1.288635  4.069144  7.5071816E-01  2.4905984E-01  1.1778233E-06  1.9106901E-08  2.2353508E-07  6.8086891E-06  8.1345226E-09  1.9029362E-09  9.2048308E-07  2.3543589E-08  0.000E+00  0.1110  4.069144  -30.000  2.126253  7.386128  5.7098060E-01  4.2900890E-01  3.1887716E-08  8.4864119E-09  7.2759258E-06  2.8398190E-07  1.6295181E-08  5.7445312E-12  9.2048308E-07  2.3543589E-08  0.000E+00  2.195E-04  3.545E-04  9.559E-01  1.084E+00  4.56E+02  0.00E+00  1.66E+02  0.521566  0.000308  0.0000000E+00  3.0228164479E-03
 25  4.378519686317628E+08    1.700000  1.292953  4.069616  7.5060719E-01  2.4916161E-01  1.1653568E-06  2.0129911E-08  2.3778006E-07  6.8067775E-06  9.2095640E-09  1.8906321E-09  9.2048308E-07  2.3543589E-08  0.000E+00  0.1081  4.069616  -30.000  2.132232  7.388368  5.6326096E-01  4.3672855E-01  3.2181986E-08  8.5671928E-09  7.2850134E-06  2.7434784E-07  1.4974470E-08  5.3198372E-12  9.2048308E-07  2.3543589E-08  0.000E+00  2.190E-04  3.563E-04  9.557E-01  1.084E+00  4.56E+02  0.00E+00  1.66E+02  0.522582  0.000311  0.0000000E+00  3.0228164479E-03
 26  4.504977567924985E+08    1.700000  1.297410  4.070178  7.5049407E-01  2.4926632E-01  1.1531392E-06  2.1075158E-08  2.5186028E-07  6.8048146E-06  1.0287787E-08  1.8783671E-09  9.2048308E-07  2.3543589E-08  0.000E+00  0.1038  4.070178  -30.000  2.138880  7.390594  5.5554131E-01  4.4444829E-01  3.2545705E-08  8.6670773E-09  7.2941081E-06  2.6466844E-07  1.3569854E-08  4.8671723E-12  9.2048308E-07  2.3543589E-08  0.000E+00  2.193E-04  3.592E-04  9.552E-01  1.085E+00  4.55E+02  0.00E+00  1.67E+02  0.525088  0.000314  0.0000000E+00  3.0228164479E-03
 27  4.627971745169983E+08    1.700000  1.301955  4.070788  7.5036858E-01  2.4938322E-01  1.1401222E-06  2.2024957E-08  2.6698925E-07  6.8026249E-06  1.1461489E-08  1.8650848E-09  9.2048308E-07  2.3543589E-08  0.000E+00  0.0983  4.070788  -30.000  2.145824  7.392794  5.4782166E-01  4.5216812E-01  3.2896048E-08  8.7634707E-09  7.3010249E-06  2.5740605E-07  1.2265532E-08  4.4397923E-12  9.2048308E-07  2.3543589E-08  0.000E+00  2.195E-04  3.624E-04  9.549E-01  1.086E+00  4.55E+02  0.00E+00  1.67E+02  0.527090  0.000317  0.0000000E+00  3.0228164479E-03
 28  4.745904248455771E+08    1.700000  1.306331  4.071377  7.5024452E-01  2.4949968E-01  1.1277471E-06  2.2876784E-08  2.8149318E-07  6.8004465E-06  1.2599781E-08  1.8522587E-09  9.2048308E-07  2.3543589E-08  0.000E+00  0.0925  4.071377  -30.000  2.152691  7.394867  5.4010201E-01  4.5988782E-01  3.3239452E-08  8.8580705E-09  7.3062203E-06  2.5168910E-07  1.1421377E-08  4.1707082E-12  9.2048308E-07  2.3543589E-08  0.000E+00  2.194E-04  3.657E-04  9.546E-01  1.086E+00  4.54E+02  0.00E+00  1.68E+02  0.528556  0.000320  0.0000000E+00  3.0228164479E-03
 29  4.856978163369353E+08    1.700000  1.310678  4.071999  7.5012020E-01  2.4961693E-01  1.1158098E-06  2.3654726E-08  2.9559445E-07  6.7982547E-06  1.3717250E-08  1.8397101E-09  9.2048308E-07  2.3543589E-08  0.000E+00  0.0832  4.071999  -30.000  2.159957  7.396893  5.3238237E-01  4.6760760E-01  3.3644895E-08  8.9697822E-09  7.3116349E-06  2.4585092E-07  1.0329704E-08  3.8115665E-12  9.2048308E-07  2.3543589E-08  0.000E+00  2.194E-04  3.711E-04  9.543E-01  1.087E+00  4.54E+02  0.00E+00  1.68E+02  0.530102  0.000324  0.0000000E+00  3.0228164479E-03
 30  4.963680984151915E+08    1.700000  1.314829  4.072598  7.4999000E-01  2.4974040E-01  1.1037510E-06  2.4399610E-08  3.0994892E-07  6.7959482E-06  1.4864488E-08  1.8268632E-09  9.2048308E-07  2.3543589E-08  0.000E+00  0.0769  4.072598  -30.000  2.167000  7.398852  5.2466272E-01  4.7532723E-01  3.4000645E-08  9.0678214E-09  7.3153661E-06  2.4161876E-07  9.6639628E-09  3.5999616E-12  9.2048308E-07  2.3543589E-08  0.000E+00  2.193E-04  3.754E-04  9.541E-01  1.087E+00  4.53E+02  0.00E+00  1.68E+02  0.531387  0.000327  0.0000000E+00  3.0228164479E-03
 31  5.068164689616323E+08    1.700000  1.318765  4.073209  7.4985963E-01  2.4986457E-01  1.0921091E-06  2.5081611E-08  3.2391314E-07  6.7936302E-06  1.5988988E-08  1.8143006E-09  9.2048308E-07  2.3543589E-08  0.000E+00  0.0700  4.073209  -30.000  2.174359  7.400656  5.1694307E-01  4.8304703E-01  3.4338922E-08  9.1613664E-09  7.3181842E-06  2.3854363E-07  8.9082690E-09  3.3482404E-12  9.2048308E-07  2.3543589E-08  0.000E+00  2.191E-04  3.803E-04  9.539E-01  1.088E+00  4.53E+02  0.00E+00  1.68E+02  0.532167  0.000330  0.0000000E+00  3.0228164479E-03
 32  5.168444959652047E+08    1.700000  1.322686  4.073832  7.4971962E-01  2.4999841E-01  1.0800488E-06  2.5751866E-08  3.3848892E-07  6.7911324E-06  1.7170671E-08  1.8011255E-09  9.2048308E-07  2.3543589E-08  0.000E+00  0.0659  4.073832  -30.000  2.181114  7.402554  5.0922342E-01  4.9076668E-01  3.4632188E-08  9.2422578E-09  7.3205341E-06  2.3576468E-07  8.4867032E-09  3.2174015E-12  9.2048308E-07  2.3543589E-08  0.000E+00  2.189E-04  3.849E-04  9.538E-01  1.088E+00  4.53E+02  0.00E+00  1.69E+02  0.532959  0.000333  0.0000000E+00  3.0228164479E-03
 33  5.263387331893823E+08    1.700000  1.326515  4.074403  7.4958302E-01  2.5012958E-01  1.0686865E-06  2.6350984E-08  3.5232513E-07  6.7886856E-06  1.8299230E-08  1.7885647E-09  9.2048308E-07  2.3543589E-08  0.000E+00  0.0557  4.074403  -30.000  2.188573  7.404132  5.0150378E-01  4.9848642E-01  3.5076082E-08  9.3648776E-09  7.3232885E-06  2.3252754E-07  7.7929109E-09  2.9890620E-12  9.2048308E-07  2.3543589E-08  0.000E+00  2.189E-04  3.906E-04  9.535E-01  1.088E+00  4.52E+02  0.00E+00  1.69E+02  0.534198  0.000336  0.0000000E+00  3.0228164479E-03
 34  5.355187271582484E+08    1.700000  1.330266  4.074994  7.4943304E-01  2.5027396E-01  1.0566444E-06  2.6953493E-08  3.6710059E-07  6.7859905E-06  1.9511053E-08  1.7750983E-09  9.2048308E-07  2.3543589E-08  0.000E+00  0.0487  4.074994  -30.000  2.195811  7.405606  4.9378413E-01  5.0620607E-01  3.5411061E-08  9.4573972E-09  7.3255459E-06  2.2986226E-07  7.2885508E-09  2.8223437E-12  9.2048308E-07  2.3543589E-08  0.000E+00  2.187E-04  3.971E-04  9.534E-01  1.089E+00  4.52E+02  0.00E+00  1.69E+02  0.534896  0.000338  0.0000000E+00  3.0228164479E-03
 35  5.444081237516927E+08    1.700000  1.333833  4.075558  7.4928890E-01  2.5041310E-01  1.0454656E-06  2.7484104E-08  3.8092111E-07  6.7833913E-06  2.0650303E-08  1.7624571E-09  9.2048308E-07  2.3543589E-08  0.000E+00  0.0373  4.075558  -30.000  2.203000  7.406708  4.8606448E-01  5.1392582E-01  3.5897671E-08  9.5919296E-09  7.3277995E-06  2.2695778E-07  6.7733760E-09  2.6571951E-12  9.2048308E-07  2.3543589E-08  0.000E+00  2.187E-04  4.055E-04  9.532E-01  1.089E+00  4.52E+02  0.00E+00  1.69E+02  0.535891  0.000341  0.0000000E+00  3.0228164479E-03
 36  5.525547483892106E+08    1.700000  1.337235  4.076104  7.4914765E-01  2.5054991E-01  1.0348619E-06  2.7962865E-08  3.9412524E-07  6.7808358E-06  2.1743601E-08  1.7503427E-09  9.2048308E-07  2.3543589E-08  0.000E+00  0.0233  4.076104  -30.000  2.209956  7.407328  4.7834483E-01  5.2164547E-01  3.6568084E-08  9.7773443E-09  7.3313033E-06  2.2250408E-07  6.0593525E-09  2.4192713E-12  9.2048308E-07  2.3543589E-08  0.000E+00  2.185E-04  4.175E-04  9.530E-01  1.089E+00  4.51E+02  0.00E+00  1.69E+02  0.536483  0.000344  0.0000000E+00  3.0228164479E-03
 37  5.600308669194858E+08    1.700000  1.340147  4.076590  7.4901741E-01  2.5067629E-01  1.0253725E-06  2.8371787E-08  4.0602169E-07  6.7784719E-06  2.2732487E-08  1.7393997E-09  9.2048308E-07  2.3543589E-08  0.000E+00  0.0112  4.076590  -30.000  2.216066  7.407546  4.7062519E-01  5.2936521E-01  3.7329503E-08  9.9879022E-09  7.3348717E-06  2.1787159E-07  5.2953758E-09  2.1595232E-12  9.2048308E-07  2.3543589E-08  0.000E+00  2.184E-04  4.308E-04  9.529E-01  1.090E+00  4.51E+02  0.00E+00  1.69E+02  0.537194  0.000346  0.0000000E+00  3.0228164479E-03
 38  5.661739840085354E+08    1.700000  1.342339  4.076970  7.4890283E-01  2.5078773E-01  1.0172481E-06  2.8707405E-08  4.1626892E-07  6.7763873E-06  2.3587183E-08  1.7299542E-09  9.2048308E-07  2.3543589E-08  0.000E+00  0.0000  4.076970  -30.000  2.222429  7.407314  4.6290554E-01  5.3708492E-01  3.8887273E-08  1.0413939E-08  7.3439610E-06  2.0614056E-07  3.9603406E-09  1.7556756E-12  9.2048308E-07  2.3543589E-08  0.000E+00  2.183E-04  4.602E-04  9.528E-01  1.090E+00  4.51E+02  0.00E+00  1.70E+02  0.537627  0.000348  0.0000000E+00  3.0228164479E-03
 39  5.722540487754775E+08    1.700000  1.344463  4.077388  7.4878331E-01  2.5090409E-01  1.0089767E-06  2.9036166E-08  4.2675998E-07  6.7742072E-06  2.4464868E-08  1.7202672E-09  9.2048308E-07  2.3543589E-08  0.000E+00  0.0000  4.077388  -30.000  2.226920  7.407299  4.5518589E-01  5.4480461E-01  3.8889854E-08  1.0414624E-08  7.3440412E-06  2.0604543E-07  3.9595876E-09  1.7551094E-12  9.2048308E-07  2.3543589E-08  0.000E+00  2.185E-04  4.654E-04  9.527E-01  1.090E+00  4.51E+02  0.00E+00  1.70E+02  0.538251  0.000350  0.0000000E+00  3.0228164479E-03
 40  5.784571361274602E+08    1.700000  1.346818  4.077804  7.4866020E-01  2.5102419E-01  1.0006653E-06  2.9353538E-08  4.3736306E-07  6.7719551E-06  2.5354677E-08  1.7104612E-09  9.2048308E-07  2.3543589E-08  0.000E+00  0.0000  4.077804  -30.000  2.232187  7.407545  4.4746624E-01  5.5252417E-01  3.8924296E-08  1.0423952E-08  7.3441355E-06  2.0589929E-07  3.9394435E-09  1.7500679E-12  9.2048308E-07  2.3543589E-08  0.000E+00  2.181E-04  4.701E-04  9.528E-01  1.090E+00  4.51E+02  0.00E+00  1.70E+02  0.538067  0.000351  0.0000000E+00  3.0228164479E-03
 41  5.847635268087457E+08    1.700000  1.348931  4.078318  7.4852170E-01  2.5115941E-01  9.9156137E-07  2.9686720E-08  4.4904863E-07  6.7694157E-06  2.6338552E-08  1.6996383E-09  9.2048308E-07  2.3543589E-08  0.000E+00  0.0000  4.078318  -30.000  2.237878  7.408048  4.3974660E-01  5.6024390E-01  3.8990971E-08  1.0442023E-08  7.3444385E-06  2.0548315E-07  3.8954820E-09  1.7384303E-12  9.2048308E-07  2.3543589E-08  0.000E+00  2.180E-04  4.743E-04  9.528E-01  1.090E+00  4.51E+02  0.00E+00  1.70E+02  0.537843  0.000353  0.0000000E+00  3.0228164479E-03
 42  5.911680491301800E+08    1.700000  1.351347  4.078778  7.4838170E-01  2.5129640E-01  9.8260383E-07  3.0000097E-08  4.6062174E-07  6.7668395E-06  2.7316385E-08  1.6889054E-09  9.2048308E-07  2.3543589E-08  0.000E+00  0.0000  4.078778  -30.000  2.243924  7.408668  4.3202695E-01  5.6796355E-01  3.9072415E-08  1.0464101E-08  7.3447604E-06  2.0502877E-07  3.8433036E-09  1.7248193E-12  9.2048308E-07  2.3543589E-08  0.000E+00  2.177E-04  4.779E-04  9.528E-01  1.090E+00  4.50E+02  0.00E+00  1.69E+02  0.537594  0.000355  0.0000000E+00  3.0228164479E-03
 43  5.976688033156065E+08    1.700000  1.353682  4.079328  7.4823149E-01  2.5144358E-01  9.7325933E-07  3.0312086E-08  4.7277709E-07  6.7640663E-06  2.8347242E-08  1.6776205E-09  9.2048308E-07  2.3543589E-08  0.000E+00  0.0000  4.079328  -30.000  2.249957  7.409247  4.2430730E-01  5.7568320E-01  3.9149461E-08  1.0484986E-08  7.3451079E-06  2.0454982E-07  3.7938769E-09  1.7116301E-12  9.2048308E-07  2.3543589E-08  0.000E+00  2.174E-04  4.808E-04  9.529E-01  1.089E+00  4.50E+02  0.00E+00  1.69E+02  0.537051  0.000357  0.0000000E+00  3.0228164479E-03
 44  6.042699508852377E+08    1.700000  1.356203  4.079805  7.4806545E-01  2.5160655E-01  9.6323780E-07  3.0630203E-08  4.8590943E-07  6.7609904E-06  2.9465595E-08  1.6654181E-09  9.2048308E-07  2.3543589E-08  0.000E+00  0.0000  4.079805  -30.000  2.256218  7.409924  4.1658765E-01  5.8340285E-01  3.9238686E-08  1.0509176E-08  7.3454652E-06  2.0404540E-07  3.7380684E-09  1.6968600E-12  9.2048308E-07  2.3543589E-08  0.000E+00  2.171E-04  4.832E-04  9.529E-01  1.089E+00  4.50E+02  0.00E+00  1.69E+02  0.536984  0.000359  0.0000000E+00  3.0228164479E-03
 45  6.109729921001118E+08    1.700000  1.358723  4.080310  7.4788962E-01  2.5177938E-01  9.5295204E-07  3.0939488E-08  4.9949515E-07  6.7577184E-06  3.0627955E-08  1.6527876E-09  9.2048308E-07  2.3543589E-08  0.000E+00  0.0000  4.080310  -30.000  2.262416  7.410556  4.0886800E-01  5.9112250E-01  3.9322818E-08  1.0531983E-08  7.3458276E-06  2.0353991E-07  3.6860234E-09  1.6828928E-12  9.2048308E-07  2.3543589E-08  0.000E+00  2.168E-04  4.853E-04  9.530E-01  1.090E+00  4.50E+02  0.00E+00  1.69E+02  0.536833  0.000361  0.0000000E+00  3.0228164479E-03
 46  6.177836365995512E+08    1.700000  1.361301  4.080868  7.4770452E-01  2.5196155E-01  9.4247503E-07  3.1236897E-08  5.1345076E-07  6.7542581E-06  3.1828177E-08  1.6398110E-09  9.2048308E-07  2.3543589E-08  0.000E+00  0.0000  4.080868  -30.000  2.268845  7.411264  4.0114836E-01  5.9884217E-01  3.9416851E-08  1.0557478E-08  7.3462088E-06  2.0300159E-07  3.6287814E-09  1.6674922E-12  9.2048308E-07  2.3543589E-08  0.000E+00  2.169E-04  4.870E-04  9.529E-01  1.090E+00  4.50E+02  0.00E+00  1.69E+02  0.537172  0.000363  0.0000000E+00  3.0228164479E-03
 47  6.247040303452654E+08    1.700000  1.363903  4.081405  7.4750261E-01  2.5216049E-01  9.3143635E-07  3.1531596E-08  5.2828770E-07  6.7504653E-06  3.3111654E-08  1.6260191E-09  9.2048308E-07  2.3543589E-08  0.000E+00  0.0000  4.081405  -30.000  2.275318  7.411945  3.9342871E-01  6.0656179E-01  3.9508030E-08  1.0582198E-08  7.3465903E-06  2.0246492E-07  3.5742782E-09  1.6526982E-12  9.2048308E-07  2.3543589E-08  0.000E+00  2.168E-04  4.882E-04  9.529E-01  1.090E+00  4.50E+02  0.00E+00  1.69E+02  0.537454  0.000365  0.0000000E+00  3.0228164479E-03
 48  6.317355864233317E+08    1.700000  1.366627  4.081979  7.4729035E-01  2.5237005E-01  9.2024222E-07  3.1811413E-08  5.4347990E-07  6.7464552E-06  3.4434515E-08  1.6119090E-09  9.2048308E-07  2.3543589E-08  0.000E+00  0.0000  4.081979  -30.000  2.281933  7.412674  3.8570906E-01  6.1428144E-01  3.9605700E-08  1.0608680E-08  7.3469853E-06  2.0190477E-07  3.5168710E-09  1.6370412E-12  9.2048308E-07  2.3543589E-08  0.000E+00  2.168E-04  4.893E-04  9.528E-01  1.090E+00  4.50E+02  0.00E+00  1.69E+02  0.537800  0.000368  0.0000000E+00  3.0228164479E-03
 49  6.388817081821951E+08    1.700000  1.369307  4.082603  7.4705809E-01  2.5259951E-01  9.0845128E-07  3.2085925E-08  5.5965041E-07  6.7420404E-06  3.5853001E-08  1.5969132E-09  9.2048308E-07  2.3543589E-08  0.000E+00  0.0000  4.082603  -30.000  2.288560  7.413380  3.7798941E-01  6.2200112E-01  3.9701028E-08  1.0634526E-08  7.3473945E-06  2.0133055E-07  3.4614661E-09  1.6217125E-12  9.2048308E-07  2.3543589E-08  0.000E+00  2.171E-04  4.902E-04  9.527E-01  1.090E+00  4.50E+02  0.00E+00  1.69E+02  0.538447  0.000370  0.0000000E+00  3.0228164479E-03
 50  6.461472700774939E+08    1.700000  1.372121  4.083164  7.4681062E-01  2.5284438E-01  8.9638154E-07  3.2345906E-08  5.7639389E-07  6.7373019E-06  3.7334023E-08  1.5814226E-09  9.2048308E-07  2.3543589E-08  0.000E+00  0.0000  4.083164  -30.000  2.295442  7.414190  3.7026977E-01  6.2972080E-01  3.9809955E-08  1.0664063E-08  7.3478238E-06  2.0071655E-07  3.3996980E-09  1.6046625E-12  9.2048308E-07  2.3543589E-08  0.000E+00  2.170E-04  4.909E-04  9.526E-01  1.090E+00  4.50E+02  0.00E+00  1.69E+02  0.538761  0.000372  0.0000000E+00  3.0228164479E-03
 51  6.535356086998721E+08    1.700000  1.375111  4.083747  7.4653937E-01  2.5311313E-01  8.8370401E-07  3.2596689E-08  5.9420223E-07  6.7320667E-06  3.8923835E-08  1.5650023E-09  9.2048308E-07  2.3543589E-08  0.000E+00  0.0000  4.083747  -30.000  2.302414  7.414993  3.6255012E-01  6.3744038E-01  3.9918568E-08  1.0693516E-08  7.3482428E-06  2.0011331E-07  3.3395913E-09  1.5879775E-12  9.2048308E-07  2.3543589E-08  0.000E+00  2.173E-04  4.915E-04  9.524E-01  1.091E+00  4.49E+02  0.00E+00  1.70E+02  0.540025  0.000375  0.0000000E+00  3.0228164479E-03
 52  6.610513434242404E+08    1.700000  1.378095  4.084420  7.4625818E-01  2.5339209E-01  8.7113211E-07  3.2823280E-08  6.1210508E-07  6.7265893E-06  4.0538142E-08  1.5485696E-09  9.2048308E-07  2.3543589E-08  0.000E+00  0.0000  4.084420  -30.000  2.309438  7.415819  3.5483047E-01  6.4516005E-01  4.0030686E-08  1.0723920E-08  7.3486763E-06  1.9948850E-07  3.2785841E-09  1.5708797E-12  9.2048308E-07  2.3543589E-08  0.000E+00  2.176E-04  4.919E-04  9.522E-01  1.091E+00  4.49E+02  0.00E+00  1.70E+02  0.540835  0.000377  0.0000000E+00  3.0228164479E-03
 53  6.686956816759551E+08    1.700000  1.381088  4.085058  7.4595424E-01  2.5369386E-01  8.5816077E-07  3.3034640E-08  6.3085058E-07  6.7206126E-06  4.2246279E-08  1.5314626E-09  9.2048308E-07  2.3543589E-08  0.000E+00  0.0000  4.085058  -30.000  2.316624  7.416721  3.4711082E-01  6.5287972E-01  4.0153443E-08  1.0757213E-08  7.3491733E-06  1.9877810E-07  3.2125841E-09  1.5521368E-12  9.2048308E-07  2.3543589E-08  0.000E+00  2.181E-04  4.922E-04  9.519E-01  1.092E+00  4.49E+02  0.00E+00  1.71E+02  0.542363  0.000380  0.0000000E+00  3.0228164479E-03
 54  6.764719101367770E+08    1.700000  1.384179  4.085752  7.4562482E-01  2.5402128E-01  8.4477190E-07  3.3229591E-08  6.5051534E-07  6.7140653E-06  4.4058191E-08  1.5136471E-09  9.2048308E-07  2.3543589E-08  0.000E+00  0.0000  4.085752  -30.000  2.323913  7.417604  3.3939118E-01  6.6059942E-01  4.0274505E-08  1.0790046E-08  7.3496537E-06  1.9808705E-07  3.1491865E-09  1.5339977E-12  9.2048308E-07  2.3543589E-08  0.000E+00  2.182E-04  4.923E-04  9.517E-01  1.092E+00  4.49E+02  0.00E+00  1.71E+02  0.543025  0.000382  0.0000000E+00  3.0228164479E-03
 55  6.843861913453094E+08    1.700000  1.387448  4.086414  7.4527407E-01  2.5437033E-01  8.3122598E-07  3.3403434E-08  6.7076616E-07  6.7070126E-06  4.5945761E-08  1.4954634E-09  9.2048308E-07  2.3543589E-08  0.000E+00  0.0000  4.086414  -30.000  2.331422  7.418566  3.3167153E-01  6.6831907E-01  4.0406460E-08  1.0825836E-08  7.3501508E-06  1.9736248E-07  3.0818853E-09  1.5146675E-12  9.2048308E-07  2.3543589E-08  0.000E+00  2.186E-04  4.924E-04  9.515E-01  1.092E+00  4.49E+02  0.00E+00  1.71E+02  0.544439  0.000385  0.0000000E+00  3.0228164479E-03
 56  6.924380632861667E+08    1.700000  1.390730  4.087145  7.4489856E-01  2.5474424E-01  8.1747403E-07  3.3556614E-08  6.9171963E-07  6.6993741E-06  4.7921863E-08  1.4768443E-09  9.2048308E-07  2.3543589E-08  0.000E+00  0.0000  4.087145  -30.000  2.338978  7.419555  3.2395188E-01  6.7603872E-01  4.0542665E-08  1.0862781E-08  7.3506739E-06  1.9660175E-07  3.0138006E-09  1.4948720E-12  9.2048308E-07  2.3543589E-08  0.000E+00  2.192E-04  4.924E-04  9.512E-01  1.093E+00  4.49E+02  0.00E+00  1.72E+02  0.545973  0.000388  0.0000000E+00  3.0228164479E-03
 57  7.006340324849242E+08    1.700000  1.394190  4.087971  7.4450142E-01  2.5513998E-01  8.0369665E-07  3.3687171E-08  7.1314208E-07  6.6911971E-06  4.9966296E-08  1.4580347E-09  9.2048308E-07  2.3543589E-08  0.000E+00  0.0000  4.087971  -30.000  2.346588  7.420502  3.1623223E-01  6.8375837E-01  4.0674475E-08  1.0898533E-08  7.3511838E-06  1.9585989E-07  2.9495366E-09  1.4759701E-12  9.2048308E-07  2.3543589E-08  0.000E+00  2.196E-04  4.923E-04  9.510E-01  1.094E+00  4.49E+02  0.00E+00  1.72E+02  0.547147  0.000391  0.0000000E+00  3.0228164479E-03
 58  7.089775237622694E+08    1.700000  1.397718  4.088694  7.4407406E-01  2.5556614E-01  7.8967792E-07  3.3796977E-08  7.3541715E-07  6.6822926E-06  5.2117910E-08  1.4387386E-09  9.2048308E-07  2.3543589E-08  0.000E+00  0.0000  4.088694  -30.000  2.354534  7.421591  3.0851259E-01  6.9147801E-01  4.0825826E-08  1.0939592E-08  7.3517427E-06  1.9503657E-07  2.8776929E-09  1.4547336E-12  9.2048308E-07  2.3543589E-08  0.000E+00  2.201E-04  4.922E-04  9.506E-01  1.094E+00  4.49E+02  0.00E+00  1.73E+02  0.548745  0.000394  0.0000000E+00  3.0228164479E-03
 59  7.174661202993540E+08    1.700000  1.401311  4.089422  7.4359130E-01  2.5604780E-01  7.7472781E-07  3.3889475E-08  7.5973139E-07  6.6721092E-06  5.4495958E-08  1.4179932E-09  9.2048308E-07  2.3543589E-08  0.000E+00  0.0000  4.089422  -30.000  2.362684  7.422773  3.0079294E-01  6.9919766E-01  4.0990732E-08  1.0984331E-08  7.3523458E-06  1.9414432E-07  2.8014223E-09  1.4319395E-12  9.2048308E-07  2.3543589E-08  0.000E+00  2.206E-04  4.924E-04  9.503E-01  1.095E+00  4.49E+02  0.00E+00  1.73E+02  0.550474  0.000397  0.0000000E+00  3.0228164479E-03
 60  7.261022241024745E+08    1.700000  1.405045  4.090225  7.4311386E-01  2.5652444E-01  7.6076857E-07  3.3953547E-08  7.8298505E-07  6.6619210E-06  5.6798849E-08  1.3984715E-09  9.2048308E-07  2.3543589E-08  0.000E+00  0.0000  4.090225  -30.000  2.370969  7.423970  2.9307329E-01  7.0691727E-01  4.1158878E-08  1.1029952E-08  7.3529528E-06  1.9324149E-07  2.7260177E-09  1.4091447E-12  9.2048308E-07  2.3543589E-08  0.000E+00  2.212E-04  4.923E-04  9.499E-01  1.096E+00  4.49E+02  0.00E+00  1.74E+02  0.552345  0.000401  0.0000000E+00  3.0228164479E-03
 61  7.348915623081766E+08    1.700000  1.408950  4.090979  7.4258965E-01  2.5704795E-01  7.4627942E-07  3.3997825E-08  8.0771426E-07  6.6506118E-06  5.9278474E-08  1.3780586E-09  9.2048308E-07  2.3543589E-08  0.000E+00  0.0000  4.090979  -30.000  2.379451  7.425219  2.8535364E-01  7.1463696E-01  4.1335319E-08  1.1077825E-08  7.3535714E-06  1.9231246E-07  2.6495027E-09  1.3857936E-12  9.2048308E-07  2.3543589E-08  0.000E+00  2.216E-04  4.923E-04  9.496E-01  1.097E+00  4.49E+02  0.00E+00  1.74E+02  0.553891  0.000404  0.0000000E+00  3.0228164479E-03
 62  7.438330155032172E+08    1.700000  1.412911  4.091953  7.4204264E-01  2.5759446E-01  7.3198656E-07  3.4019878E-08  8.3272544E-07  6.6386891E-06  6.1818396E-08  1.3577766E-09  9.2048308E-07  2.3543589E-08  0.000E+00  0.0000  4.091953  -30.000  2.388061  7.426523  2.7763400E-01  7.2235660E-01  4.1520608E-08  1.1128103E-08  7.3542309E-06  1.9132358E-07  2.5713234E-09  1.3615571E-12  9.2048308E-07  2.3543589E-08  0.000E+00  2.222E-04  4.923E-04  9.493E-01  1.097E+00  4.49E+02  0.00E+00  1.75E+02  0.555390  0.000408  0.0000000E+00  3.0228164479E-03
 63  7.529299180311552E+08    1.700000  1.416978  4.092822  7.4143344E-01  2.5820326E-01  7.1693733E-07  3.4020417E-08  8.5974866E-07  6.6252768E-06  6.4598867E-08  1.3362695E-09  9.2048308E-07  2.3543589E-08  0.000E+00  0.0000  4.092822  -30.000  2.396878  7.427884  2.6991435E-01  7.3007625E-01  4.1715315E-08  1.1180942E-08  7.3549049E-06  1.9030343E-07  2.4920750E-09  1.3367150E-12  9.2048308E-07  2.3543589E-08  0.000E+00  2.229E-04  4.924E-04  9.489E-01  1.098E+00  4.49E+02  0.00E+00  1.76E+02  0.557376  0.000411  0.0000000E+00  3.0228164479E-03
 64  7.621801650741407E+08    1.700000  1.421210  4.093720  7.4079986E-01  2.5883674E-01  7.0213432E-07  3.3998795E-08  8.8704058E-07  6.6111940E-06  6.7445102E-08  1.3149672E-09  9.2048308E-07  2.3543589E-08  0.000E+00  0.0000  4.093720  -30.000  2.405904  7.429338  2.6219470E-01  7.3779590E-01  4.1924449E-08  1.1237700E-08  7.3556148E-06  1.8922101E-07  2.4099270E-09  1.3106298E-12  9.2048308E-07  2.3543589E-08  0.000E+00  2.236E-04  4.926E-04  9.485E-01  1.099E+00  4.48E+02  0.00E+00  1.76E+02  0.559337  0.000415  0.0000000E+00  3.0228164479E-03
 65  7.715841800653284E+08    1.700000  1.425661  4.094621  7.4014892E-01  2.5948758E-01  6.8771493E-07  3.3957042E-08  9.1432315E-07  6.5965997E-06  7.0328598E-08  1.2940807E-09  9.2048308E-07  2.3543589E-08  0.000E+00  0.0000  4.094621  -30.000  2.415103  7.430835  2.5447505E-01  7.4551555E-01  4.2141394E-08  1.1296582E-08  7.3563273E-06  1.8812215E-07  2.3280889E-09  1.2843179E-12  9.2048308E-07  2.3543589E-08  0.000E+00  2.242E-04  4.926E-04  9.481E-01  1.100E+00  4.48E+02  0.00E+00  1.77E+02  0.561358  0.000419  0.0000000E+00  3.0228164479E-03
 66  7.811404006721493E+08    1.700000  1.430104  4.095694  7.3944904E-01  2.6018758E-01  6.7299300E-07  3.3893684E-08  9.4290921E-07  6.5807779E-06  7.3390813E-08  1.2726207E-09  9.2048308E-07  2.3543589E-08  0.000E+00  0.0000  4.095694  -30.000  2.424508  7.432437  2.4675540E-01  7.5323520E-01  4.2375309E-08  1.1360075E-08  7.3571094E-06  1.8691881E-07  2.2428158E-09  1.2563875E-12  9.2048308E-07  2.3543589E-08  0.000E+00  2.249E-04  4.927E-04  9.477E-01  1.100E+00  4.48E+02  0.00E+00  1.78E+02  0.563209  0.000423  0.0000000E+00  3.0228164479E-03
 67  7.908443737252052E+08    1.700000  1.434726  4.096697  7.3871001E-01  2.6092689E-01  6.5821608E-07  3.3809456E-08  9.7235945E-07  6.5639398E-06  7.6588901E-08  1.2509476E-09  9.2048308E-07  2.3543589E-08  0.000E+00  0.0000  4.096697  -30.000  2.434101  7.434092  2.3903576E-01  7.6095484E-01  4.2619122E-08  1.1426262E-08  7.3578997E-06  1.8568932E-07  2.1577994E-09  1.2281404E-12  9.2048308E-07  2.3543589E-08  0.000E+00  2.255E-04  4.929E-04  9.473E-01  1.101E+00  4.48E+02  0.00E+00  1.78E+02  0.565173  0.000428  0.0000000E+00  3.0228164479E-03
 68  8.006947367255796E+08    1.700000  1.439670  4.097694  7.3795995E-01  2.6167729E-01  6.4393176E-07  3.3708558E-08  1.0015695E-06  6.5467231E-06  7.9803980E-08  1.2298725E-09  9.2048308E-07  2.3543589E-08  0.000E+00  0.0000  4.097694  -30.000  2.443951  7.435849  2.3131611E-01  7.6867449E-01  4.2879769E-08  1.1497025E-08  7.3586973E-06  1.8442497E-07  2.0711904E-09  1.1989883E-12  9.2048308E-07  2.3543589E-08  0.000E+00  2.262E-04  4.932E-04  9.468E-01  1.102E+00  4.48E+02  0.00E+00  1.79E+02  0.567409  0.000433  0.0000000E+00  3.0228164479E-03
 69  8.106833721177856E+08    1.700000  1.444484  4.098704  7.3712276E-01  2.6251500E-01  6.2873079E-07  3.3580487E-08  1.0334687E-06  6.5273666E-06  8.3362909E-08  1.2073146E-09  9.2048308E-07  2.3543589E-08  0.000E+00  0.0000  4.098704  -30.000  2.453975  7.437733  2.2359646E-01  7.7639414E-01  4.3161624E-08  1.1573554E-08  7.3595837E-06  1.8302674E-07  1.9812880E-09  1.1680519E-12  9.2048308E-07  2.3543589E-08  0.000E+00  2.269E-04  4.936E-04  9.463E-01  1.103E+00  4.48E+02  0.00E+00  1.80E+02  0.569764  0.000437  0.0000000E+00  3.0228164479E-03
 70  8.208018342799418E+08    1.700000  1.449539  4.099833  7.3628344E-01  2.6335493E-01  6.1418801E-07  3.3438134E-08  1.0647916E-06  6.5078237E-06  8.6904947E-08  1.1856102E-09  9.2048308E-07  2.3543589E-08  0.000E+00  0.0000  4.099833  -30.000  2.464173  7.439675  2.1587681E-01  7.8411379E-01  4.3455162E-08  1.1653262E-08  7.3604769E-06  1.8160038E-07  1.8924014E-09  1.1369183E-12  9.2048308E-07  2.3543589E-08  0.000E+00  2.276E-04  4.941E-04  9.458E-01  1.104E+00  4.48E+02  0.00E+00  1.81E+02  0.571767  0.000442  0.0000000E+00  3.0228164479E-03
 71  8.310402496974111E+08    1.700000  1.454750  4.100968  7.3541487E-01  2.6422413E-01  5.9978755E-07  3.3278225E-08  1.0965996E-06  6.4874629E-06  9.0548173E-08  1.1640019E-09  9.2048308E-07  2.3543589E-08  0.000E+00  0.0000  4.100968  -30.000  2.474545  7.441695  2.0815717E-01  7.9183343E-01  4.3763621E-08  1.1737031E-08  7.3613934E-06  1.8012234E-07  1.8037784E-09  1.1052708E-12  9.2048308E-07  2.3543589E-08  0.000E+00  2.284E-04  4.945E-04  9.454E-01  1.106E+00  4.48E+02  0.00E+00  1.81E+02  0.574129  0.000447  0.0000000E+00  3.0228164479E-03
 72  8.413908299454434E+08    1.700000  1.460114  4.102068  7.3449467E-01  2.6514517E-01  5.8517350E-07  3.3096715E-08  1.1297043E-06  6.4657471E-06  9.4387444E-08  1.1419566E-09  9.2048308E-07  2.3543589E-08  0.000E+00  0.0000  4.102068  -30.000  2.485137  7.443871  2.0043752E-01  7.9955308E-01  4.4099097E-08  1.1828148E-08  7.3623553E-06  1.7854966E-07  1.7126310E-09  1.0720770E-12  9.2048308E-07  2.3543589E-08  0.000E+00  2.293E-04  4.952E-04  9.447E-01  1.106E+00  4.48E+02  0.00E+00  1.82E+02  0.576929  0.000452  0.0000000E+00  3.0228164479E-03
 73  8.518281673968346E+08    1.700000  1.465635  4.103180  7.3358413E-01  2.6605657E-01  5.7129221E-07  3.2906481E-08  1.1619336E-06  6.4441188E-06  9.8169056E-08  1.1209099E-09  9.2048308E-07  2.3543589E-08  0.000E+00  0.0000  4.103180  -30.000  2.495906  7.446168  1.9271787E-01  8.0727273E-01  4.4457177E-08  1.1925417E-08  7.3633501E-06  1.7690223E-07  1.6209949E-09  1.0379745E-12  9.2048308E-07  2.3543589E-08  0.000E+00  2.298E-04  4.960E-04  9.443E-01  1.108E+00  4.47E+02  0.00E+00  1.83E+02  0.579117  0.000458  0.0000000E+00  3.0228164479E-03
 74  8.623334246965038E+08    1.700000  1.471248  4.104370  7.3258381E-01  2.6705799E-01  5.5663948E-07  3.2686793E-08  1.1968056E-06  6.4202016E-06  1.0230641E-07  1.0985818E-09  9.2048308E-07  2.3543589E-08  0.000E+00  0.0000  4.104370  -30.000  2.506763  7.448544  1.8499822E-01  8.1499238E-01  4.4832461E-08  1.2027371E-08  7.3643769E-06  1.7518820E-07  1.5306783E-09  1.0035332E-12  9.2048308E-07  2.3543589E-08  0.000E+00  2.306E-04  4.969E-04  9.437E-01  1.109E+00  4.47E+02  0.00E+00  1.84E+02  0.581579  0.000464  0.0000000E+00  3.0228164479E-03
 75  8.728867450492989E+08    1.700000  1.476986  4.105540  7.3161365E-01  2.6802915E-01  5.4296798E-07  3.2464305E-08  1.2301512E-06  6.3968544E-06  1.0630360E-07  1.0776462E-09  9.2048308E-07  2.3543589E-08  0.000E+00  0.0000  4.105540  -30.000  2.517763  7.451096  1.7727858E-01  8.2271212E-01  4.5239966E-08  1.2138095E-08  7.3654475E-06  1.7337175E-07  1.4389441E-09  9.6771395E-13  9.2048308E-07  2.3543589E-08  0.000E+00  2.314E-04  4.979E-04  9.432E-01  1.110E+00  4.47E+02  0.00E+00  1.85E+02  0.584222  0.000470  0.0000000E+00  3.0228164479E-03
 76  8.834632237875445E+08    1.700000  1.482860  4.106840  7.3063211E-01  2.6901189E-01  5.2962710E-07  3.2230768E-08  1.2634672E-06  6.3730823E-06  1.1033371E-07  1.0571214E-09  9.2048308E-07  2.3543589E-08  0.000E+00  0.0000  4.106840  -30.000  2.528785  7.453691  1.6955893E-01  8.3043167E-01  4.5660318E-08  1.2252325E-08  7.3665214E-06  1.7152686E-07  1.3507162E-09  9.3234565E-13  9.2048308E-07  2.3543589E-08  0.000E+00  2.321E-04  4.989E-04  9.426E-01  1.111E+00  4.47E+02  0.00E+00  1.85E+02  0.586399  0.000476  0.0000000E+00  3.0228164479E-03
 77  8.940179079002612E+08    1.700000  1.488749  4.107972  7.2956003E-01  2.7008534E-01  5.1556874E-07  3.1967103E-08  1.2994253E-06  6.3469505E-06  1.1471971E-07  1.0353912E-09  9.2048308E-07  2.3543589E-08  0.000E+00  0.0000  4.107972  -30.000  2.539922  7.456563  1.6183928E-01  8.3815132E-01  4.6131428E-08  1.2380369E-08  7.3676772E-06  1.6950701E-07  1.2588680E-09  8.9452165E-13  9.2048308E-07  2.3543589E-08  0.000E+00  2.330E-04  5.004E-04  9.420E-01  1.113E+00  4.47E+02  0.00E+00  1.86E+02  0.589687  0.000482  0.0000000E+00  3.0228164479E-03
 78  9.045210801827209E+08    1.700000  1.494751  4.109221  7.2852552E-01  2.7112108E-01  5.0246861E-07  3.1705031E-08  1.3337438E-06  6.3215708E-06  1.1893641E-07  1.0150479E-09  9.2048308E-07  2.3543589E-08  0.000E+00  0.0000  4.109221  -30.000  2.550985  7.459474  1.5411963E-01  8.4587097E-01  4.6616717E-08  1.2512286E-08  7.3688270E-06  1.6746620E-07  1.1715170E-09  8.5746523E-13  9.2048308E-07  2.3543589E-08  0.000E+00  2.337E-04  5.018E-04  9.414E-01  1.114E+00  4.47E+02  0.00E+00  1.87E+02  0.592241  0.000488  0.0000000E+00  3.0228164479E-03
 79  9.149345374013848E+08    1.700000  1.500754  4.110314  7.2751312E-01  2.7213488E-01  4.9005610E-07  3.1441973E-08  1.3670085E-06  6.2965776E-06  1.2304795E-07  9.9568772E-10  9.2048308E-07  2.3543589E-08  0.000E+00  0.0000  4.110314  -30.000  2.561989  7.462576  1.4639999E-01  8.5359061E-01  4.7141507E-08  1.2654966E-08  7.3700157E-06  1.6531458E-07  1.0845997E-09  8.1946062E-13  9.2048308E-07  2.3543589E-08  0.000E+00  2.345E-04  5.035E-04  9.407E-01  1.115E+00  4.46E+02  0.00E+00  1.88E+02  0.595269  0.000495  0.0000000E+00  3.0228164479E-03
 80  9.252104686721102E+08    1.700000  1.506808  4.111434  7.2647666E-01  2.7317279E-01  4.7773547E-07  3.1166539E-08  1.4007698E-06  6.2708331E-06  1.2724092E-07  9.7638860E-10  9.2048308E-07  2.3543589E-08  0.000E+00  0.0000  4.111434  -30.000  2.572795  7.465791  1.3868034E-01  8.6131032E-01  4.7694533E-08  1.2805349E-08  7.3712138E-06  1.6310240E-07  1.0007390E-09  7.8158700E-13  9.2048308E-07  2.3543589E-08  0.000E+00  2.350E-04  5.052E-04  9.401E-01  1.116E+00  4.46E+02  0.00E+00  1.89E+02  0.597789  0.000501  0.0000000E+00  3.0228164479E-03
 81  9.353016354303218E+08    1.700000  1.512740  4.112760  7.2542273E-01  2.7422817E-01  4.6558213E-07  3.0880693E-08  1.4348228E-06  6.2444955E-06  1.3148604E-07  9.5727011E-10  9.2048308E-07  2.3543589E-08  0.000E+00  0.0000  4.112760  -30.000  2.583360  7.469124  1.3096069E-01  8.6902991E-01  4.8278083E-08  1.2964061E-08  7.3724397E-06  1.6080447E-07  9.1991832E-10  7.4378467E-13  9.2048308E-07  2.3543589E-08  0.000E+00  2.357E-04  5.072E-04  9.396E-01  1.118E+00  4.46E+02  0.00E+00  1.90E+02  0.600005  0.000508  0.0000000E+00  3.0228164479E-03
 82  9.451655818770800E+08    1.700000  1.518581  4.113818  7.2441329E-01  2.7523904E-01  4.5427246E-07  3.0601877E-08  1.4672061E-06  6.2191172E-06  1.3553362E-07  9.3940484E-10  9.2048308E-07  2.3543589E-08  0.000E+00  0.0000  4.113818  -30.000  2.593677  7.472630  1.2324104E-01  8.7674959E-01  4.8902997E-08  1.3134055E-08  7.3736758E-06  1.5842369E-07  8.4143607E-10  7.0577693E-13  9.2048308E-07  2.3543589E-08  0.000E+00  2.363E-04  5.093E-04  9.389E-01  1.119E+00  4.46E+02  0.00E+00  1.91E+02  0.602864  0.000515  0.0000000E+00  3.0228164479E-03
 83  9.547670954858891E+08    1.700000  1.524352  4.114986  7.2341176E-01  2.7624211E-01  4.4335252E-07  3.0320768E-08  1.4991319E-06  6.1937923E-06  1.3953018E-07  9.2208609E-10  9.2048308E-07  2.3543589E-08  0.000E+00  0.0000  4.114986  -30.000  2.603633  7.476191  1.1552140E-01  8.8446920E-01  4.9549999E-08  1.3310091E-08  7.3748952E-06  1.5602047E-07  7.6799380E-10  6.6885294E-13  9.2048308E-07  2.3543589E-08  0.000E+00  2.368E-04  5.116E-04  9.384E-01  1.120E+00  4.45E+02  0.00E+00  1.91E+02  0.604947  0.000521  0.0000000E+00  3.0228164479E-03
 84  9.641239539061915E+08    1.700000  1.529958  4.115994  7.2244439E-01  2.7721091E-01  4.3307534E-07  3.0045338E-08  1.5297923E-06  6.1691958E-06  1.4337046E-07  9.0572322E-10  9.2048308E-07  2.3543589E-08  0.000E+00  0.0000  4.115994  -30.000  2.613300  7.479891  1.0780175E-01  8.9218885E-01  5.0183585E-08  1.3483292E-08  7.3754364E-06  1.5438240E-07  7.2725324E-10  6.5130085E-13  9.2048308E-07  2.3543589E-08  0.000E+00  2.374E-04  5.140E-04  9.378E-01  1.121E+00  4.45E+02  0.00E+00  1.92E+02  0.607685  0.000528  0.0000000E+00  3.0228164479E-03
 85  9.734156891033094E+08    1.700000  1.535633  4.117118  7.2143930E-01  2.7821770E-01  4.2266235E-07  2.9755382E-08  1.5614846E-06  6.1434988E-06  1.4733856E-07  8.8908002E-10  9.2048308E-07  2.3543589E-08  0.000E+00  0.0000  4.117118  -30.000  2.623127  7.483437  1.0008210E-01  8.9990850E-01  5.0787437E-08  1.3648675E-08  7.3757024E-06  1.5309615E-07  6.9922519E-10  6.4094724E-13  9.2048308E-07  2.3543589E-08  0.000E+00  2.380E-04  5.167E-04  9.372E-01  1.122E+00  4.45E+02  0.00E+00  1.93E+02  0.610109  0.000534  0.0000000E+00  3.0228164479E-03
 86  9.782193394806659E+08    1.700000  1.538578  4.117491  7.2094114E-01  2.7871666E-01  4.1759814E-07  2.9610326E-08  1.5771343E-06  6.1307098E-06  1.4929633E-07  8.8096187E-10  9.2048308E-07  2.3543589E-08  0.000E+00  0.0000  4.117491  -30.000  2.628288  7.485362  9.6078866E-02  9.0391179E-01  5.1120127E-08  1.3739809E-08  7.3758362E-06  1.5240146E-07  6.8438598E-10  6.3537472E-13  9.2048308E-07  2.3543589E-08  0.000E+00  2.381E-04  5.181E-04  9.368E-01  1.123E+00  4.44E+02  0.00E+00  1.93E+02  0.611702  0.000538  0.0000000E+00  3.0228164479E-03
 87  9.830128991642773E+08    1.700000  1.541550  4.118216  7.2043022E-01  2.7922838E-01  4.1246945E-07  2.9460695E-08  1.5931451E-06  6.1175589E-06  1.5129750E-07  8.7272408E-10  9.2048308E-07  2.3543589E-08  0.000E+00  0.0000  4.118216  -30.000  2.633550  7.487106  9.2075632E-02  9.0791500E-01  5.1425483E-08  1.3823461E-08  7.3759577E-06  1.5176502E-07  6.7113128E-10  6.3031775E-13  9.2048308E-07  2.3543589E-08  0.000E+00  2.383E-04  5.197E-04  9.367E-01  1.124E+00  4.45E+02  0.00E+00  1.94E+02  0.612171  0.000541  0.0000000E+00  3.0228164479E-03
 88  9.877979944028052E+08    1.700000  1.544438  4.118648  7.1991786E-01  2.7974154E-01  4.0739003E-07  2.9309769E-08  1.6091658E-06  6.1043333E-06  1.5329764E-07  8.6454902E-10  9.2048308E-07  2.3543589E-08  0.000E+00  0.0000  4.118648  -30.000  2.638752  7.489039  8.8072397E-02  9.1191825E-01  5.1766521E-08  1.3916905E-08  7.3760848E-06  1.5106362E-07  6.5669546E-10  6.2475212E-13  9.2048308E-07  2.3543589E-08  0.000E+00  2.387E-04  5.212E-04  9.363E-01  1.125E+00  4.44E+02  0.00E+00  1.94E+02  0.614022  0.000545  0.0000000E+00  3.0228164479E-03
 89  9.925829003550082E+08    1.700000  1.547542  4.119080  7.1942970E-01  2.8023060E-01  4.0260821E-07  2.9165189E-08  1.6243991E-06  6.0916976E-06  1.5519694E-07  8.5683789E-10  9.2048308E-07  2.3543589E-08  0.000E+00  0.0000  4.119080  -30.000  2.644191  7.490824  8.4069163E-02  9.1592147E-01  5.2085725E-08  1.4004372E-08  7.3761906E-06  1.5042179E-07  6.4361141E-10  6.1965900E-13  9.2048308E-07  2.3543589E-08  0.000E+00  2.387E-04  5.229E-04  9.360E-01  1.125E+00  4.44E+02  0.00E+00  1.95E+02  0.615324  0.000549  0.0000000E+00  3.0228164479E-03
 90  9.973654562580575E+08    1.700000  1.550503  4.119628  7.1888000E-01  2.8078110E-01  3.9729173E-07  2.9001552E-08  1.6415127E-06  6.0774328E-06  1.5732720E-07  8.4824705E-10  9.2048308E-07  2.3543589E-08  0.000E+00  0.0000  4.119628  -30.000  2.649490  7.492761  8.0065929E-02  9.1992471E-01  5.2434898E-08  1.4100068E-08  7.3763080E-06  1.4971744E-07  6.2961460E-10  6.1412182E-13  9.2048308E-07  2.3543589E-08  0.000E+00  2.389E-04  5.244E-04  9.357E-01  1.126E+00  4.44E+02  0.00E+00  1.95E+02  0.616661  0.000552  0.0000000E+00  3.0228164479E-03
 91  1.002150705012486E+09    1.700000  1.553531  4.120122  7.1836972E-01  2.8129228E-01  3.9241762E-07  2.8848831E-08  1.6573693E-06  6.0641514E-06  1.5929723E-07  8.4035457E-10  9.2048308E-07  2.3543589E-08  0.000E+00  0.0000  4.120122  -30.000  2.654968  7.494564  7.6062695E-02  9.2392797E-01  5.2764369E-08  1.4190372E-08  7.3764088E-06  1.4906379E-07  6.1680956E-10  6.0899725E-13  9.2048308E-07  2.3543589E-08  0.000E+00  2.390E-04  5.261E-04  9.354E-01  1.127E+00  4.44E+02  0.00E+00  1.95E+02  0.617831  0.000556  0.0000000E+00  3.0228164479E-03
 92  1.006942149189195E+09    1.700000  1.556452  4.120687  7.1784559E-01  2.8181731E-01  3.8747290E-07  2.8691225E-08  1.6736229E-06  6.0504742E-06  1.6131235E-07  8.3233135E-10  9.2048308E-07  2.3543589E-08  0.000E+00  0.0000  4.120687  -30.000  2.660245  7.496524  7.2059461E-02  9.2793115E-01  5.3125313E-08  1.4289318E-08  7.3765195E-06  1.4834719E-07  6.0310186E-10  6.0342521E-13  9.2048308E-07  2.3543589E-08  0.000E+00  2.394E-04  5.276E-04  9.350E-01  1.127E+00  4.43E+02  0.00E+00  1.96E+02  0.619223  0.000559  0.0000000E+00  3.0228164479E-03
 93  1.011748105008802E+09    1.700000  1.559515  4.121246  7.1731571E-01  2.8234809E-01  3.8253525E-07  2.8531144E-08  1.6900241E-06  6.0366090E-06  1.6334094E-07  8.2430293E-10  9.2048308E-07  2.3543589E-08  0.000E+00  0.0000  4.121246  -30.000  2.665774  7.498372  6.8056226E-02  9.3193439E-01  5.3470135E-08  1.4383854E-08  7.3766129E-06  1.4767619E-07  5.9042287E-10  5.9821477E-13  9.2048308E-07  2.3543589E-08  0.000E+00  2.395E-04  5.294E-04  9.348E-01  1.128E+00  4.43E+02  0.00E+00  1.96E+02  0.620130  0.000563  0.0000000E+00  3.0228164479E-03
 94  1.016577837136402E+09    1.700000  1.562670  4.121599  7.1678697E-01  2.8287783E-01  3.7766803E-07  2.8370675E-08  1.7063624E-06  6.0227347E-06  1.6535645E-07  8.1637247E-10  9.2048308E-07  2.3543589E-08  0.000E+00  0.0000  4.121599  -30.000  2.671443  7.500257  6.4052992E-02  9.3593767E-01  5.3825646E-08  1.4481332E-08  7.3766991E-06  1.4699564E-07  5.7772675E-10  5.9293906E-13  9.2048308E-07  2.3543589E-08  0.000E+00  2.396E-04  5.312E-04  9.343E-01  1.129E+00  4.43E+02  0.00E+00  1.97E+02  0.622029  0.000567  0.0000000E+00  3.0228164479E-03
 95  1.021441470165919E+09    1.700000  1.565725  4.122214  7.1624887E-01  2.8341683E-01  3.7277623E-07  2.8206677E-08  1.7229592E-06  6.0085776E-06  1.6739791E-07  8.0838498E-10  9.2048308E-07  2.3543589E-08  0.000E+00  0.0000  4.122214  -30.000  2.677064  7.502171  6.0049758E-02  9.3994090E-01  5.4190789E-08  1.4581466E-08  7.3767889E-06  1.4629487E-07  5.6501114E-10  5.8756329E-13  9.2048308E-07  2.3543589E-08  0.000E+00  2.398E-04  5.330E-04  9.341E-01  1.130E+00  4.43E+02  0.00E+00  1.97E+02  0.623200  0.000571  0.0000000E+00  3.0228164479E-03
 96  1.026354040837131E+09    1.700000  1.568949  4.122720  7.1571657E-01  2.8395003E-01  3.6799722E-07  2.8043799E-08  1.7393478E-06  5.9945366E-06  1.6940740E-07  8.0056491E-10  9.2048308E-07  2.3543589E-08  0.000E+00  0.0000  4.122720  -30.000  2.682978  7.504042  5.6046524E-02  9.4394410E-01  5.4552001E-08  1.4680531E-08  7.3768654E-06  1.4561541E-07  5.5282868E-10  5.8235672E-13  9.2048308E-07  2.3543589E-08  0.000E+00  2.398E-04  5.350E-04  9.338E-01  1.130E+00  4.43E+02  0.00E+00  1.97E+02  0.624274  0.000575  0.0000000E+00  3.0228164479E-03
 97  1.031330417768508E+09    1.700000  1.572152  4.123280  7.1515681E-01  2.8451079E-01  3.6303414E-07  2.7871823E-08  1.7565552E-06  5.9797293E-06  1.7150994E-07  7.9242578E-10  9.2048308E-07  2.3543589E-08  0.000E+00  0.0000  4.123280  -30.000  2.688973  7.505900  5.2043289E-02  9.4794734E-01  5.4914896E-08  1.4780069E-08  7.3769388E-06  1.4493630E-07  5.4092138E-10  5.7719088E-13  9.2048308E-07  2.3543589E-08  0.000E+00  2.402E-04  5.369E-04  9.334E-01  1.131E+00  4.42E+02  0.00E+00  1.98E+02  0.625917  0.000579  0.0000000E+00  3.0228164479E-03
 98  1.036389751187558E+09    1.700000  1.575540  4.123755  7.1458806E-01  2.8508064E-01  3.5805616E-07  2.7696415E-08  1.7740101E-06  5.9646423E-06  1.7363452E-07  7.8424365E-10  9.2048308E-07  2.3543589E-08  0.000E+00  0.0000  4.123755  -30.000  2.695188  7.507816  4.8040055E-02  9.5195060E-01  5.5293502E-08  1.4883930E-08  7.3770044E-06  1.4424013E-07  5.2886842E-10  5.7190287E-13  9.2048308E-07  2.3543589E-08  0.000E+00  2.401E-04  5.389E-04  9.331E-01  1.132E+00  4.42E+02  0.00E+00  1.98E+02  0.627224  0.000583  0.0000000E+00  3.0228164479E-03
 99  1.041558681031260E+09    1.700000  1.578973  4.124473  7.1400826E-01  2.8566154E-01  3.5304742E-07  2.7516916E-08  1.7917779E-06  5.9492167E-06  1.7578804E-07  7.7599169E-10  9.2048308E-07  2.3543589E-08  0.000E+00  0.0000  4.124473  -30.000  2.701683  7.509614  4.4036821E-02  9.5595385E-01  5.5653708E-08  1.4982750E-08  7.3770639E-06  1.4358069E-07  5.1773460E-10  5.6693876E-13  9.2048308E-07  2.3543589E-08  0.000E+00  2.402E-04  5.410E-04  9.329E-01  1.132E+00  4.42E+02  0.00E+00  1.98E+02  0.627898  0.000588  0.0000000E+00  3.0228164479E-03
100  1.046871639389507E+09    1.700000  1.582472  4.124943  7.1340806E-01  2.8626283E-01  3.4793284E-07  2.7330477E-08  1.8101388E-06  5.9332052E-06  1.7800313E-07  7.6754503E-10  9.2048308E-07  2.3543589E-08  0.000E+00  0.0000  4.124943  -30.000  2.708289  7.511571  4.0033587E-02  9.5995703E-01  5.6049385E-08  1.5091320E-08  7.3771207E-06  1.4286572E-07  5.0583909E-10  5.6157073E-13  9.2048308E-07  2.3543589E-08  0.000E+00  2.404E-04  5.431E-04  9.324E-01  1.133E+00  4.42E+02  0.00E+00  1.99E+02  0.629846  0.000592  0.0000000E+00  3.0228164479E-03
101  1.052371600908094E+09    1.700000  1.586263  4.125652  7.1279571E-01  2.8687635E-01  3.4278597E-07  2.7139606E-08  1.8288441E-06  5.9168202E-06  1.8024834E-07  7.5902390E-10  9.2048308E-07  2.3543589E-08  0.000E+00  0.0000  4.125652  -30.000  2.715443  7.513387  3.6030353E-02  9.6396032E-01  5.6422243E-08  1.5193632E-08  7.3771673E-06  1.4219968E-07  4.9499306E-10  5.5660334E-13  9.2048308E-07  2.3543589E-08  0.000E+00  2.404E-04  5.453E-04  9.322E-01  1.133E+00  4.41E+02  0.00E+00  1.99E+02  0.630713  0.000597  0.0000000E+00  3.0228164479E-03
102  1.058119781476234E+09    1.700000  1.590233  4.126114  7.1216221E-01  2.8751099E-01  3.3753717E-07  2.6941525E-08  1.8481646E-06  5.8998197E-06  1.8255448E-07  7.5031154E-10  9.2048308E-07  2.3543589E-08  0.000E+00  0.0000  4.126114  -30.000  2.723053  7.515258  3.2027118E-02  9.6796355E-01  5.6811076E-08  1.5300340E-08  7.3772054E-06  1.4151674E-07  4.8402485E-10  5.5152132E-13  9.2048308E-07  2.3543589E-08  0.000E+00  2.402E-04  5.476E-04  9.318E-01  1.134E+00  4.41E+02  0.00E+00  1.99E+02  0.632193  0.000603  0.0000000E+00  3.0228164479E-03
103  1.064187405904840E+09    1.700000  1.594356  4.126827  7.1144371E-01  2.8823089E-01  3.3167480E-07  2.6716154E-08  1.8700442E-06  5.8804755E-06  1.8514937E-07  7.4055340E-10  9.2048308E-07  2.3543589E-08  0.000E+00  0.0000  4.126827  -30.000  2.730887  7.517253  2.8023884E-02  9.7196675E-01  5.7230049E-08  1.5415338E-08  7.3772482E-06  1.4077849E-07  4.7251126E-10  5.4608823E-13  9.2048308E-07  2.3543589E-08  0.000E+00  2.405E-04  5.499E-04  9.313E-01  1.135E+00  4.41E+02  0.00E+00  2.00E+02  0.634163  0.000608  0.0000000E+00  3.0228164479E-03
104  1.070696426030420E+09    1.700000  1.598952  4.127536  7.1069460E-01  2.8898150E-01  3.2566390E-07  2.6480455E-08  1.8928204E-06  5.8602365E-06  1.8783058E-07  7.3051725E-10  9.2048308E-07  2.3543589E-08  0.000E+00  0.0000  4.127536  -30.000  2.739682  7.519179  2.4020650E-02  9.7597000E-01  5.7641583E-08  1.5528297E-08  7.3772787E-06  1.4006607E-07  4.6160517E-10  5.4086953E-13  9.2048308E-07  2.3543589E-08  0.000E+00  2.405E-04  5.523E-04  9.309E-01  1.136E+00  4.40E+02  0.00E+00  2.01E+02  0.635929  0.000614  0.0000000E+00  3.0228164479E-03
105  1.077812068097103E+09    1.700000  1.604072  4.128327  7.0987816E-01  2.8979954E-01  3.1923043E-07  2.6222883E-08  1.9175994E-06  5.8381008E-06  1.9072285E-07  7.1973984E-10  9.2048308E-07  2.3543589E-08  0.000E+00  0.0000  4.128327  -30.000  2.749444  7.521142  2.0017416E-02  9.7997320E-01  5.8067614E-08  1.5645245E-08  7.3773033E-06  1.3933630E-07  4.5068363E-10  5.3556139E-13  9.2048308E-07  2.3543589E-08  0.000E+00  2.407E-04  5.549E-04  9.303E-01  1.138E+00  4.40E+02  0.00E+00  2.01E+02  0.638062  0.000621  0.0000000E+00  3.0228164479E-03
106  1.085822019995954E+09    1.700000  1.609934  4.129112  7.0895064E-01  2.9072886E-01  3.1206726E-07  2.5929528E-08  1.9456995E-06  5.8128540E-06  1.9396973E-07  7.0769531E-10  9.2048308E-07  2.3543589E-08  0.000E+00  0.0000  4.129112  -30.000  2.760778  7.523185  1.6014182E-02  9.8397646E-01  5.8518389E-08  1.5768992E-08  7.3773219E-06  1.3857219E-07  4.3952990E-10  5.3004892E-13  9.2048308E-07  2.3543589E-08  0.000E+00  2.406E-04  5.578E-04  9.297E-01  1.139E+00  4.39E+02  0.00E+00  2.02E+02  0.640463  0.000629  0.0000000E+00  3.0228164479E-03
107  1.095252701584450E+09    1.700000  1.617094  4.130200  7.0780556E-01  2.9187634E-01  3.0343280E-07  2.5566508E-08  1.9803253E-06  5.7815380E-06  1.9791914E-07  6.9311190E-10  9.2048308E-07  2.3543589E-08  0.000E+00  0.0000  4.130200  -30.000  2.774375  7.525274  1.2010947E-02  9.8797971E-01  5.8989096E-08  1.5898209E-08  7.3773262E-06  1.3779114E-07  4.2835518E-10  5.2444271E-13  9.2048308E-07  2.3543589E-08  0.000E+00  2.407E-04  5.613E-04  9.290E-01  1.140E+00  4.39E+02  0.00E+00  2.02E+02  0.643226  0.000639  0.0000000E+00  3.0228164479E-03
108  1.107224531193324E+09    1.700000  1.626347  4.131705  7.0634281E-01  2.9334200E-01  2.9273632E-07  2.5102036E-08  2.0244495E-06  5.7413084E-06  2.0286284E-07  6.7494212E-10  9.2048308E-07  2.3543589E-08  0.000E+00  0.0000  4.131705  -30.000  2.792329  7.527468  8.0077131E-03  9.9198288E-01  5.9497454E-08  1.6037746E-08  7.3773377E-06  1.3693938E-07  4.1677129E-10  5.1846756E-13  9.2048308E-07  2.3543589E-08  0.000E+00  2.407E-04  5.652E-04  9.282E-01  1.142E+00  4.38E+02  0.00E+00  2.03E+02  0.646335  0.000653  0.0000000E+00  3.0228164479E-03
109  1.125036946455451E+09    1.700000  1.641046  4.133519  7.0449240E-01  2.9519640E-01  2.7972864E-07  2.4514323E-08  2.0801150E-06  5.6900549E-06  2.0894423E-07  6.5268160E-10  9.2048308E-07  2.3543589E-08  0.000E+00  0.0000  4.133519  -30.000  2.821271  7.530168  4.0044789E-03  9.9598613E-01  6.0147274E-08  1.6216074E-08  7.3773318E-06  1.3587330E-07  4.0280865E-10  5.1109411E-13  9.2048308E-07  2.3543589E-08  0.000E+00  2.396E-04  5.778E-04  9.269E-01  1.145E+00  4.36E+02  0.00E+00  2.04E+02  0.651016  0.000674  0.0000000E+00  3.0228164479E-03
110  1.238819076775138E+09    1.700000  1.758440  4.138312  7.0313490E-01  2.9655680E-01  2.7050878E-07  2.4083790E-08  2.1208583E-06  5.6522378E-06  2.1329126E-07  6.3680021E-10  9.2048308E-07  2.3543589E-08  0.000E+00  0.0000  4.138312  -30.000  2.991927  7.550906  1.2446810E-06  9.9998940E-01  6.5397081E-08  1.7658109E-08  7.3741141E-06  1.3085822E-07  3.1573718E-10  4.6820561E-13  9.2048308E-07  2.3543589E-08  0.000E+00  1.986E-04  7.508E-04  9.295E-01  1.140E+00  4.12E+02  0.00E+00  1.89E+02  0.641095  0.000883  0.0000000E+00  3.0228164480E-03
111  1.240870670055341E+09    1.700000  1.760948  4.138164  7.0313460E-01  2.9655710E-01  2.7050671E-07  2.4083693E-08  2.1208675E-06  5.6522293E-06  2.1329224E-07  6.3679665E-10  9.2048308E-07  2.3543589E-08  0.000E+00  0.0000  4.138164  -30.000  2.995506  7.551546  9.4874707E-07  9.9998970E-01  6.5559458E-08  1.7702403E-08  7.3739002E-06  1.3083344E-07  3.1384765E-10  4.6769925E-13  9.2048308E-07  2.3543589E-08  0.000E+00  1.974E-04  7.549E-04  9.296E-01  1.139E+00  4.11E+02  0.00E+00  1.89E+02  0.640616  0.000888  0.0000000E+00  3.0228164480E-03
112  1.242922263335543E+09    1.700000  1.763538  4.138211  7.0313440E-01  2.9655730E-01  2.7050549E-07  2.4083636E-08  2.1208729E-06  5.6522242E-06  2.1329282E-07  6.3679454E-10  9.2048308E-07  2.3543589E-08  0.000E+00  0.0000  4.138211  -30.000  2.999392  7.552108  7.1702314E-07  9.9998990E-01  6.5709226E-08  1.7743553E-08  7.3737008E-06  1.3081273E-07  3.1205404E-10  4.6705854E-13  9.2048308E-07  2.3543589E-08  0.000E+00  1.964E-04  7.595E-04  9.298E-01  1.139E+00  4.11E+02  0.00E+00  1.88E+02  0.640064  0.000893  0.0000000E+00  3.0228164480E-03
113  1.244973856615746E+09    1.700000  1.766204  4.138244  7.0309541E-01  2.9659639E-01  2.7024202E-07  2.4071280E-08  2.1220423E-06  5.6511377E-06  2.1341717E-07  6.3634030E-10  9.2048308E-07  2.3543589E-08  0.000E+00  0.0000  4.138244  -30.000  3.003356  7.552658  5.3750851E-07  9.9999010E-01  6.5854528E-08  1.7783351E-08  7.3735046E-06  1.3079570E-07  3.1037827E-10  4.6653197E-13  9.2048308E-07  2.3543589E-08  0.000E+00  1.955E-04  7.641E-04  9.298E-01  1.139E+00  4.10E+02  0.00E+00  1.88E+02  0.640049  0.000899  0.0000000E+00  3.0228164480E-03
114  1.247025449895948E+09    1.700000  1.768802  4.138105  7.0309371E-01  2.9659800E-01  2.7023071E-07  2.4070749E-08  2.1220925E-06  5.6510910E-06  2.1342251E-07  6.3632079E-10  9.2048308E-07  2.3543589E-08  0.000E+00  0.0000  4.138105  -30.000  3.007199  7.553288  3.9916955E-07  9.9999020E-01  6.6013299E-08  1.7826388E-08  7.3732866E-06  1.3078179E-07  3.0868462E-10  4.6625592E-13  9.2048308E-07  2.3543589E-08  0.000E+00  1.943E-04  7.686E-04  9.299E-01  1.139E+00  4.09E+02  0.00E+00  1.88E+02  0.639639  0.000904  0.0000000E+00  3.0228164480E-03
115  1.249077043176151E+09    1.700000  1.771544  4.137937  7.0309291E-01  2.9659889E-01  2.7022511E-07  2.4070487E-08  2.1221173E-06  5.6510679E-06  2.1342515E-07  6.3631115E-10  9.2048308E-07  2.3543589E-08  0.000E+00  0.0000  4.137937  -30.000  3.011406  7.553849  2.9375435E-07  9.9999030E-01  6.6156779E-08  1.7865459E-08  7.3730883E-06  1.3077057E-07  3.0710808E-10  4.6584445E-13  9.2048308E-07  2.3543589E-08  0.000E+00  1.929E-04  7.736E-04  9.301E-01  1.138E+00  4.08E+02  0.00E+00  1.87E+02  0.638759  0.000910  0.0000000E+00  3.0228164480E-03
116  1.251128636456354E+09    1.700000  1.774213  4.138040  7.0309210E-01  2.9659970E-01  2.7021966E-07  2.4070230E-08  2.1221416E-06  5.6510455E-06  2.1342772E-07  6.3630175E-10  9.2048308E-07  2.3543589E-08  0.000E+00  0.0000  4.138040  -30.000  3.015440  7.554434  2.1415220E-07  9.9999040E-01  6.6301677E-08  1.7904435E-08  7.3728863E-06  1.3076164E-07  3.0562847E-10  4.6568405E-13  9.2048308E-07  2.3543589E-08  0.000E+00  1.918E-04  7.784E-04  9.304E-01  1.138E+00  4.08E+02  0.00E+00  1.86E+02  0.637806  0.000916  0.0000000E+00  3.0228164480E-03
117  1.253180229736556E+09    1.700000  1.776969  4.138009  7.0309110E-01  2.9660062E-01  2.7021313E-07  2.4069924E-08  2.1221706E-06  5.6510185E-06  2.1343080E-07  6.3629049E-10  9.2048308E-07  2.3543589E-08  0.000E+00  0.0000  4.138009  -30.000  3.019670  7.555011  1.5465446E-07  9.9999050E-01  6.6443278E-08  1.7942422E-08  7.3726875E-06  1.3075462E-07  3.0424515E-10  4.6562560E-13  9.2048308E-07  2.3543589E-08  0.000E+00  1.913E-04  7.835E-04  9.300E-01  1.138E+00  4.07E+02  0.00E+00  1.87E+02  0.639168  0.000921  0.0000000E+00  3.0228164480E-03
118  1.255231823016759E+09    1.700000  1.779740  4.137878  7.0309060E-01  2.9660120E-01  2.7020930E-07  2.4069744E-08  2.1221876E-06  5.6510027E-06  2.1343261E-07  6.3628389E-10  9.2048308E-07  2.3543589E-08  0.000E+00  0.0000  4.137878  -30.000  3.023986  7.555590  1.1044851E-07  9.9999050E-01  6.6587487E-08  1.7981147E-08  7.3724834E-06  1.3074913E-07  3.0292069E-10  4.6570753E-13  9.2048308E-07  2.3543589E-08  0.000E+00  1.902E-04  7.887E-04  9.301E-01  1.138E+00  4.06E+02  0.00E+00  1.86E+02  0.639045  0.000927  0.0000000E+00  3.0228164480E-03
119  1.257283416296962E+09    1.700000  1.782566  4.137989  7.0309000E-01  2.9660180E-01  2.7020541E-07  2.4069562E-08  2.1222049E-06  5.6509866E-06  2.1343445E-07  6.3627718E-10  9.2048308E-07  2.3543589E-08  0.000E+00  0.0000  4.137989  -30.000  3.028400  7.556161  7.8066069E-08  9.9999060E-01  6.6721774E-08  1.8016584E-08  7.3722932E-06  1.3074491E-07  3.0172766E-10  4.6590312E-13  9.2048308E-07  2.3543589E-08  0.000E+00  1.888E-04  7.940E-04  9.305E-01  1.137E+00  4.06E+02  0.00E+00  1.85E+02  0.637342  0.000933  0.0000000E+00  3.0228164480E-03
120  1.259335009577164E+09    1.700000  1.785464  4.137830  7.0308950E-01  2.9660230E-01  2.7020229E-07  2.4069416E-08  2.1222187E-06  5.6509738E-06  2.1343592E-07  6.3627180E-10  9.2048308E-07  2.3543589E-08  0.000E+00  0.0000  4.137830  -30.000  3.032831  7.556754  5.4573032E-08  9.9999060E-01  6.6849101E-08  1.8049632E-08  7.3721128E-06  1.3074171E-07  3.0066393E-10  4.6626490E-13  9.2048308E-07  2.3543589E-08  0.000E+00  1.875E-04  7.995E-04  9.306E-01  1.137E+00  4.05E+02  0.00E+00  1.85E+02  0.636971  0.000940  0.0000000E+00  3.0228164480E-03
121  1.261386602857367E+09    1.700000  1.788387  4.137965  7.0308901E-01  2.9660279E-01  2.7019860E-07  2.4069242E-08  2.1222351E-06  5.6509585E-06  2.1343766E-07  6.3626544E-10  9.2048308E-07  2.3543589E-08  0.000E+00  0.0000  4.137965  -30.000  3.037620  7.557250  3.7765860E-08  9.9999060E-01  6.6965948E-08  1.8080174E-08  7.3719464E-06  1.3073931E-07  2.9973554E-10  4.6665058E-13  9.2048308E-07  2.3543589E-08  0.000E+00  1.868E-04  8.054E-04  9.305E-01  1.137E+00  4.04E+02  0.00E+00  1.85E+02  0.637164  0.000946  0.0000000E+00  3.0228164480E-03
122  1.263438196137569E+09    1.700000  1.791178  4.137792  7.0308620E-01  2.9660560E-01  2.7017997E-07  2.4068368E-08  2.1223178E-06  5.6508817E-06  2.1344646E-07  6.3623331E-10  9.2048308E-07  2.3543589E-08  0.000E+00  0.0000  4.137792  -30.000  3.041996  7.557916  2.5780931E-08  9.9999060E-01  6.7077977E-08  1.8107539E-08  7.3717885E-06  1.3073753E-07  2.9892073E-10  4.6737456E-13  9.2048308E-07  2.3543589E-08  0.000E+00  1.854E-04  8.108E-04  9.307E-01  1.137E+00  4.04E+02  0.00E+00  1.84E+02  0.636381  0.000952  0.0000000E+00  3.0228164480E-03
123  1.265489789417772E+09    1.700000  1.794231  4.137808  7.0308229E-01  2.9660951E-01  2.7015349E-07  2.4067125E-08  2.1224355E-06  5.6507724E-06  2.1345896E-07  6.3618765E-10  9.2048308E-07  2.3543589E-08  0.000E+00  0.0000  4.137808  -30.000  3.046808  7.558472  1.7390892E-08  9.9999060E-01  6.7178369E-08  1.8132034E-08  7.3716467E-06  1.3073622E-07  2.9823211E-10  4.6810981E-13  9.2048308E-07  2.3543589E-08  0.000E+00  1.839E-04  8.168E-04  9.311E-01  1.136E+00  4.03E+02  0.00E+00  1.83E+02  0.634780  0.000959  0.0000000E+00  3.0228164480E-03
124  1.267541382697975E+09    1.700000  1.797048  4.137338  7.0304210E-01  2.9664980E-01  2.6988154E-07  2.4054364E-08  2.1236431E-06  5.6496501E-06  2.1358733E-07  6.3571874E-10  9.2048308E-07  2.3543589E-08  0.000E+00  0.0000  4.137338  -30.000  3.051518  7.559111  1.1573574E-08  9.9999060E-01  6.7266443E-08  1.8152722E-08  7.3715229E-06  1.3073528E-07  2.9766377E-10  4.6890090E-13  9.2048308E-07  2.3543589E-08  0.000E+00  1.823E-04  8.228E-04  9.312E-01  1.136E+00  4.02E+02  0.00E+00  1.82E+02  0.634419  0.000965  0.0000000E+00  3.0228164480E-03
125  1.269592975978177E+09    1.700000  1.800229  4.137697  7.0300650E-01  2.9668550E-01  2.6964107E-07  2.4043078E-08  2.1247111E-06  5.6486576E-06  2.1370084E-07  6.3530411E-10  9.2048308E-07  2.3543589E-08  0.000E+00  0.0000  4.137697  -30.000  3.056659  7.559615  7.6080024E-09  9.9999060E-01  6.7341673E-08  1.8169774E-08  7.3714178E-06  1.3073461E-07  2.9720630E-10  4.6969847E-13  9.2048308E-07  2.3543589E-08  0.000E+00  1.817E-04  8.293E-04  9.313E-01  1.136E+00  4.01E+02  0.00E+00  1.82E+02  0.634129  0.000972  0.0000000E+00  3.0228164480E-03
126  1.271644569258380E+09    1.700000  1.803311  4.137680  7.0290024E-01  2.9679196E-01  2.6892337E-07  2.4009391E-08  2.1278990E-06  5.6456949E-06  2.1403964E-07  6.3406657E-10  9.2048308E-07  2.3543589E-08  0.000E+00  0.0000  4.137680  -30.000  3.061351  7.560197  4.9646667E-09  9.9999060E-01  6.7401083E-08  1.8182920E-08  7.3713351E-06  1.3073415E-07  2.9686001E-10  4.7037980E-13  9.2048308E-07  2.3543589E-08  0.000E+00  1.809E-04  8.353E-04  9.312E-01  1.135E+00  4.01E+02  0.00E+00  1.82E+02  0.634624  0.000979  0.0000000E+00  3.0228164480E-03
127  1.273696162538582E+09    1.700000  1.806878  4.137741  7.0284766E-01  2.9684470E-01  2.6856832E-07  2.3992724E-08  2.1294763E-06  5.6442291E-06  2.1420726E-07  6.3345433E-10  9.2048308E-07  2.3543589E-08  0.000E+00  0.0000  4.137741  -30.000  3.069017  7.561552  3.1970397E-09  9.9999060E-01  6.7459427E-08  1.8193471E-08  7.3712561E-06  1.3073382E-07  2.9655597E-10  4.7138985E-13  9.2048308E-07  2.3543589E-08  0.000E+00  1.798E-04  8.452E-04  9.312E-01  1.136E+00  4.00E+02  0.00E+00  1.82E+02  0.634579  0.000987  0.0000000E+00  3.0228164480E-03
128  1.275747755818785E+09    1.700000  1.811055  4.137563  7.0282290E-01  2.9686950E-01  2.6840098E-07  2.3984868E-08  2.1302197E-06  5.6435382E-06  2.1428626E-07  6.3316577E-10  9.2048308E-07  2.3543589E-08  0.000E+00  0.0000  4.137563  -30.000  3.081972  7.562255  2.0088660E-09  9.9999060E-01  6.7511294E-08  1.8202067E-08  7.3711867E-06  1.3073359E-07  2.9630562E-10  4.7238206E-13  9.2048308E-07  2.3543589E-08  0.000E+00  1.768E-04  8.622E-04  9.324E-01  1.135E+00  3.99E+02  0.00E+00  1.79E+02  0.629877  0.000997  0.0000000E+00  3.0228164480E-03
129  1.277799349098988E+09    1.700000  1.815482  4.137370  7.0280368E-01  2.9688871E-01  2.6827153E-07  2.3978792E-08  2.1307948E-06  5.6430038E-06  2.1434737E-07  6.3294255E-10  9.2048308E-07  2.3543589E-08  0.000E+00  0.0000  4.137370  -30.000  3.095413  7.562956  1.2411520E-09  9.9999060E-01  6.7551687E-08  1.8208469E-08  7.3711330E-06  1.3073342E-07  2.9611928E-10  4.7318576E-13  9.2048308E-07  2.3543589E-08  0.000E+00  1.744E-04  8.802E-04  9.330E-01  1.133E+00  3.97E+02  0.00E+00  1.78E+02  0.627484  0.001007  0.0000000E+00  3.0228164480E-03
130  1.279850942379190E+09    1.700000  1.820114  4.137677  7.0279331E-01  2.9689912E-01  2.6820143E-07  2.3975501E-08  2.1311062E-06  5.6427143E-06  2.1438046E-07  6.3282167E-10  9.2048308E-07  2.3543589E-08  0.000E+00  0.0000  4.137677  -30.000  3.109184  7.563550  3.5291607E-10  9.9999060E-01  6.7572722E-08  1.8211651E-08  7.3711052E-06  1.3073335E-07  2.9602566E-10  4.7361542E-13  9.2048308E-07  2.3543589E-08  0.000E+00  1.728E-04  8.991E-04  9.335E-01  1.131E+00  3.96E+02  0.00E+00  1.77E+02  0.625584  0.001018  0.0000000E+00  3.0228164480E-03
131  1.281902535659393E+09    1.700000  1.824594  4.137318  7.0278443E-01  2.9690797E-01  2.6814163E-07  2.3972693E-08  2.1313719E-06  5.6424674E-06  2.1440869E-07  6.3271855E-10  9.2048308E-07  2.3543589E-08  0.000E+00  0.0000  4.137318  -30.000  3.122973  7.564120  0.0000000E+00  9.9999060E-01  6.7577445E-08  1.8212342E-08  7.3710990E-06  1.3073333E-07  2.9600499E-10  4.7371382E-13  9.2048308E-07  2.3543589E-08  0.000E+00  1.714E-04  9.183E-04  9.332E-01  1.131E+00  3.95E+02  0.00E+00  1.77E+02  0.626807  0.001028  0.0000000E+00  3.0228164480E-03
132  1.283954128939595E+09    1.700000  1.829023  4.136873  7.0277690E-01  2.9691560E-01  2.6809044E-07  2.3970290E-08  2.1315993E-06  5.6422560E-06  2.1443286E-07  6.3263028E-10  9.2048308E-07  2.3543589E-08  0.000E+00  0.0000  4.136873  -30.000  3.137073  7.564706  0.0000000E+00  9.9999060E-01  6.7577445E-08  1.8212342E-08  7.3710990E-06  1.3073333E-07  2.9600499E-10  4.7371382E-13  9.2048308E-07  2.3543589E-08  0.000E+00  1.699E-04  9.383E-04  9.329E-01  1.132E+00  3.94E+02  0.00E+00  1.77E+02  0.627869  0.001039  0.0000000E+00  3.0228164480E-03
133  1.286005722219798E+09    1.700000  1.834263  4.136443  7.0276931E-01  2.9692319E-01  2.6803908E-07  2.3967879E-08  2.1318275E-06  5.6420439E-06  2.1445710E-07  6.3254173E-10  9.2048308E-07  2.3543589E-08  0.000E+00  0.0000  4.136443  -30.000  3.151712  7.565253  0.0000000E+00  9.9999060E-01  6.7577445E-08  1.8212342E-08  7.3710990E-06  1.3073333E-07  2.9600499E-10  4.7371382E-13  9.2048308E-07  2.3543589E-08  0.000E+00  1.688E-04  9.595E-04  9.321E-01  1.135E+00  3.92E+02  0.00E+00  1.77E+02  0.630756  0.001052  0.0000000E+00  3.0228164480E-03
134  1.288057315500001E+09    1.700000  1.838853  4.135871  7.0276512E-01  2.9692738E-01  2.6801087E-07  2.3966554E-08  2.1319529E-06  5.6419274E-06  2.1447042E-07  6.3249307E-10  9.2048308E-07  2.3543589E-08  0.000E+00  0.0000  4.135871  -30.000  3.167021  7.565816  0.0000000E+00  9.9999060E-01  6.7577445E-08  1.8212342E-08  7.3710990E-06  1.3073333E-07  2.9600499E-10  4.7371382E-13  9.2048308E-07  2.3543589E-08  0.000E+00  1.666E-04  9.823E-04  9.323E-01  1.136E+00  3.91E+02  0.00E+00  1.76E+02  0.630250  0.001062  0.0000000E+00  3.0228164480E-03
135  1.290108908780203E+09    1.700000  1.843624  4.135688  7.0276026E-01  2.9693224E-01  2.6797809E-07  2.3965015E-08  2.1320985E-06  5.6417921E-06  2.1448590E-07  6.3243655E-10  9.2048308E-07  2.3543589E-08  0.000E+00  0.0000  4.135688  -30.000  3.183130  7.566365  0.0000000E+00  9.9999060E-01  6.7577445E-08  1.8212342E-08  7.3710990E-06  1.3073333E-07  2.9600499E-10  4.7371382E-13  9.2048308E-07  2.3543589E-08  0.000E+00  1.650E-04  1.007E-03  9.324E-01  1.135E+00  3.89E+02  0.00E+00  1.76E+02  0.629904  0.001074  0.0000000E+00  3.0228164480E-03
136  1.292160502060406E+09    1.700000  1.848554  4.135204  7.0275851E-01  2.9693399E-01  2.6796652E-07  2.3964472E-08  2.1321499E-06  5.6417443E-06  2.1449135E-07  6.3241660E-10  9.2048308E-07  2.3543589E-08  0.000E+00  0.0000  4.135204  -30.000  3.200022  7.566808  0.0000000E+00  9.9999060E-01  6.7577445E-08  1.8212342E-08  7.3710990E-06  1.3073333E-07  2.9600499E-10  4.7371382E-13  9.2048308E-07  2.3543589E-08  0.000E+00  1.628E-04  1.033E-03  9.326E-01  1.135E+00  3.88E+02  0.00E+00  1.74E+02  0.629134  0.001086  0.0000000E+00  3.0228164480E-03
137  1.294212095340609E+09    1.700000  1.853481  4.134443  7.0275637E-01  2.9693613E-01  2.6795201E-07  2.3963791E-08  2.1322144E-06  5.6416844E-06  2.1449820E-07  6.3239158E-10  9.2048308E-07  2.3543589E-08  0.000E+00  0.0000  4.134443  -30.000  3.216759  7.567370  0.0000000E+00  9.9999060E-01  6.7577445E-08  1.8212342E-08  7.3710990E-06  1.3073333E-07  2.9600499E-10  4.7371382E-13  9.2048308E-07  2.3543589E-08  0.000E+00  1.600E-04  1.060E-03  9.331E-01  1.136E+00  3.86E+02  0.00E+00  1.73E+02  0.627335  0.001099  0.0000000E+00  3.0228164480E-03
138  1.296263688620811E+09    1.700000  1.858511  4.133592  7.0275455E-01  2.9693795E-01  2.6793984E-07  2.3963219E-08  2.1322685E-06  5.6416341E-06  2.1450396E-07  6.3237058E-10  9.2048308E-07  2.3543589E-08  0.000E+00  0.0000  4.133592  -30.000  3.233995  7.567965  0.0000000E+00  9.9999060E-01  6.7577445E-08  1.8212342E-08  7.3710990E-06  1.3073333E-07  2.9600499E-10  4.7371382E-13  9.2048308E-07  2.3543589E-08  0.000E+00  1.569E-04  1.088E-03  9.336E-01  1.135E+00  3.84E+02  0.00E+00  1.71E+02  0.624863  0.001111  0.0000000E+00  3.0228164480E-03
139  1.298315281901014E+09    1.700000  1.863553  4.132828  7.0275158E-01  2.9694092E-01  2.6791964E-07  2.3962271E-08  2.1323582E-06  5.6415507E-06  2.1451350E-07  6.3233574E-10  9.2048308E-07  2.3543589E-08  0.000E+00  0.0000  4.132828  -30.000  3.251173  7.568664  0.0000000E+00  9.9999060E-01  6.7577445E-08  1.8212342E-08  7.3710990E-06  1.3073333E-07  2.9600499E-10  4.7371382E-13  9.2048308E-07  2.3543589E-08  0.000E+00  1.535E-04  1.118E-03  9.348E-01  1.134E+00  3.82E+02  0.00E+00  1.69E+02  0.620260  0.001124  0.0000000E+00  3.0228164480E-03
140  1.300366875181216E+09    1.700000  1.868719  4.131997  7.0274578E-01  2.9694674E-01  2.6788045E-07  2.3960431E-08  2.1325323E-06  5.6413889E-06  2.1453199E-07  6.3226817E-10  9.2048308E-07  2.3543589E-08  0.000E+00  0.0000  4.131997  -30.000  3.268960  7.569338  0.0000000E+00  9.9999060E-01  6.7577445E-08  1.8212342E-08  7.3710990E-06  1.3073333E-07  2.9600499E-10  4.7371382E-13  9.2048308E-07  2.3543589E-08  0.000E+00  1.522E-04  1.149E-03  9.340E-01  1.132E+00  3.81E+02  0.00E+00  1.69E+02  0.623630  0.001138  0.0000000E+00  3.0228164480E-03
141  1.302418468461419E+09    1.700000  1.873949  4.130999  7.0272848E-01  2.9696411E-01  2.6776349E-07  2.3954940E-08  2.1330520E-06  5.6409059E-06  2.1458721E-07  6.3206650E-10  9.2048308E-07  2.3543589E-08  0.000E+00  0.0000  4.130999  -30.000  3.287066  7.569803  0.0000000E+00  9.9999060E-01  6.7577445E-08  1.8212342E-08  7.3710990E-06  1.3073333E-07  2.9600499E-10  4.7371382E-13  9.2048308E-07  2.3543589E-08  0.000E+00  1.505E-04  1.182E-03  9.333E-01  1.135E+00  3.78E+02  0.00E+00  1.69E+02  0.626284  0.001152  0.0000000E+00  3.0228164480E-03
142  1.304470061741622E+09    1.700000  1.879355  4.130190  7.0272655E-01  2.9696605E-01  2.6775043E-07  2.3954326E-08  2.1331100E-06  5.6408519E-06  2.1459338E-07  6.3204395E-10  9.2048308E-07  2.3543589E-08  0.000E+00  0.0000  4.130190  -30.000  3.305769  7.570664  0.0000000E+00  9.9999060E-01  6.7577445E-08  1.8212342E-08  7.3710990E-06  1.3073333E-07  2.9600499E-10  4.7371382E-13  9.2048308E-07  2.3543589E-08  0.000E+00  1.479E-04  1.215E-03  9.336E-01  1.136E+00  3.77E+02  0.00E+00  1.68E+02  0.624717  0.001166  0.0000000E+00  3.0228164480E-03
143  1.306521655021824E+09    1.700000  1.884857  4.129115  7.0272121E-01  2.9697139E-01  2.6771446E-07  2.3952637E-08  2.1332699E-06  5.6407034E-06  2.1461036E-07  6.3198193E-10  9.2048308E-07  2.3543589E-08  0.000E+00  0.0000  4.129115  -30.000  3.325018  7.571649  0.0000000E+00  9.9999060E-01  6.7577445E-08  1.8212342E-08  7.3710990E-06  1.3073333E-07  2.9600499E-10  4.7371382E-13  9.2048308E-07  2.3543589E-08  0.000E+00  1.451E-04  1.252E-03  9.340E-01  1.136E+00  3.74E+02  0.00E+00  1.66E+02  0.623598  0.001181  0.0000000E+00  3.0228164480E-03
144  1.308573248302027E+09    1.700000  1.890456  4.127950  7.0271418E-01  2.9697842E-01  2.6766705E-07  2.3950411E-08  2.1334806E-06  5.6405076E-06  2.1463274E-07  6.3190017E-10  9.2048308E-07  2.3543589E-08  0.000E+00  0.0000  4.127950  -30.000  3.344951  7.572731  0.0000000E+00  9.9999060E-01  6.7577445E-08  1.8212342E-08  7.3710990E-06  1.3073333E-07  2.9600499E-10  4.7371382E-13  9.2048308E-07  2.3543589E-08  0.000E+00  1.421E-04  1.291E-03  9.344E-01  1.135E+00  3.72E+02  0.00E+00  1.65E+02  0.621832  0.001196  0.0000000E+00  3.0228164480E-03
145  1.310624841582230E+09    1.700000  1.896161  4.126942  7.0270779E-01  2.9698482E-01  2.6762400E-07  2.3948390E-08  2.1336718E-06  5.6403298E-06  2.1465306E-07  6.3182595E-10  9.2048308E-07  2.3543589E-08  0.000E+00  0.0000  4.126942  -30.000  3.365668  7.573909  0.0000000E+00  9.9999060E-01  6.7577445E-08  1.8212342E-08  7.3710990E-06  1.3073333E-07  2.9600499E-10  4.7371382E-13  9.2048308E-07  2.3543589E-08  0.000E+00  1.389E-04  1.333E-03  9.351E-01  1.136E+00  3.70E+02  0.00E+00  1.63E+02  0.618846  0.001212  0.0000000E+00  3.0228164480E-03
146  1.312676434862432E+09    1.700000  1.902033  4.126433  7.0269671E-01  2.9699598E-01  2.6754882E-07  2.3944859E-08  2.1340059E-06  5.6400193E-06  2.1468856E-07  6.3169630E-10  9.2048308E-07  2.3543589E-08  0.000E+00  0.0000  4.126433  -30.000  3.387224  7.575272  0.0000000E+00  9.9999060E-01  6.7577445E-08  1.8212342E-08  7.3710990E-06  1.3073333E-07  2.9600499E-10  4.7371382E-13  9.2048308E-07  2.3543589E-08  0.000E+00  1.374E-04  1.378E-03  9.348E-01  1.133E+00  3.68E+02  0.00E+00  1.63E+02  0.620018  0.001228  0.0000000E+00  3.0228164480E-03
147  1.314728028142635E+09    1.700000  1.908154  4.125108  7.0269461E-01  2.9699809E-01  2.6753464E-07  2.3944193E-08  2.1340690E-06  5.6399607E-06  2.1469526E-07  6.3167183E-10  9.2048308E-07  2.3543589E-08  0.000E+00  0.0000  4.125108  -30.000  3.409973  7.576911  0.0000000E+00  9.9999060E-01  6.7577445E-08  1.8212342E-08  7.3710990E-06  1.3073333E-07  2.9600499E-10  4.7371382E-13  9.2048308E-07  2.3543589E-08  0.000E+00  1.334E-04  1.427E-03  9.360E-01  1.132E+00  3.66E+02  0.00E+00  1.60E+02  0.615007  0.001246  0.0000000E+00  3.0228164480E-03
148  1.316779621422837E+09    1.700000  1.914449  4.123438  7.0268671E-01  2.9700599E-01  2.6748147E-07  2.3941697E-08  2.1343052E-06  5.6397412E-06  2.1472035E-07  6.3158015E-10  9.2048308E-07  2.3543589E-08  0.000E+00  0.0000  4.123438  -30.000  3.433976  7.578583  0.0000000E+00  9.9999060E-01  6.7577445E-08  1.8212342E-08  7.3710990E-06  1.3073333E-07  2.9600499E-10  4.7371382E-13  9.2048308E-07  2.3543589E-08  0.000E+00  1.285E-04  1.481E-03  9.380E-01  1.131E+00  3.63E+02  0.00E+00  1.57E+02  0.606820  0.001265  0.0000000E+00  3.0228164480E-03
149  1.318831214703040E+09    1.700000  1.920939  4.121612  7.0268141E-01  2.9701129E-01  2.6744564E-07  2.3940015E-08  2.1344643E-06  5.6395932E-06  2.1473727E-07  6.3151836E-10  9.2048308E-07  2.3543589E-08  0.000E+00  0.0000  4.121612  -30.000  3.459893  7.580263  0.0000000E+00  9.9999060E-01  6.7577445E-08  1.8212342E-08  7.3710990E-06  1.3073333E-07  2.9600499E-10  4.7371382E-13  9.2048308E-07  2.3543589E-08  0.000E+00  1.244E-04  1.541E-03  9.390E-01  1.129E+00  3.60E+02  0.00E+00  1.54E+02  0.602336  0.001284  0.0000000E+00  3.0228164480E-03
150  1.320882807983243E+09    1.700000  1.927667  4.119662  7.0267366E-01  2.9701904E-01  2.6739320E-07  2.3937553E-08  2.1346973E-06  5.6393766E-06  2.1476202E-07  6.3142794E-10  9.2048308E-07  2.3543589E-08  0.000E+00  0.0000  4.119662  -30.000  3.487709  7.582022  0.0000000E+00  9.9999060E-01  6.7577445E-08  1.8212342E-08  7.3710990E-06  1.3073333E-07  2.9600499E-10  4.7371382E-13  9.2048308E-07  2.3543589E-08  0.000E+00  1.207E-04  1.607E-03  9.396E-01  1.126E+00  3.57E+02  0.00E+00  1.52E+02  0.599692  0.001303  0.0000000E+00  3.0228164480E-03
151  1.322934401263445E+09    1.700000  1.934640  4.117556  7.0265766E-01  2.9703504E-01  2.6728541E-07  2.3932491E-08  2.1351763E-06  5.6389315E-06  2.1481291E-07  6.3124206E-10  9.2048308E-07  2.3543589E-08  0.000E+00  0.0000  4.117556  -30.000  3.517076  7.583948  0.0000000E+00  9.9999060E-01  6.7577445E-08  1.8212342E-08  7.3710990E-06  1.3073333E-07  2.9600499E-10  4.7371382E-13  9.2048308E-07  2.3543589E-08  0.000E+00  1.166E-04  1.681E-03  9.406E-01  1.125E+00  3.53E+02  0.00E+00  1.50E+02  0.595767  0.001325  0.0000000E+00  3.0228164480E-03
152  1.324985994543648E+09    1.700000  1.941826  4.115205  7.0265040E-01  2.9704230E-01  2.6723657E-07  2.3930198E-08  2.1353934E-06  5.6387298E-06  2.1483597E-07  6.3115783E-10  9.2048308E-07  2.3543589E-08  0.000E+00  0.0000  4.115205  -30.000  3.548179  7.586096  0.0000000E+00  9.9999060E-01  6.7577445E-08  1.8212342E-08  7.3710990E-06  1.3073333E-07  2.9600499E-10  4.7371382E-13  9.2048308E-07  2.3543589E-08  0.000E+00  1.134E-04  1.762E-03  9.405E-01  1.123E+00  3.51E+02  0.00E+00  1.48E+02  0.596232  0.001347  0.0000000E+00  3.0228164480E-03
153  1.327037587823851E+09    1.700000  1.949267  4.112368  7.0264856E-01  2.9704414E-01  2.6722396E-07  2.3929606E-08  2.1354494E-06  5.6386776E-06  2.1484192E-07  6.3113609E-10  9.2048308E-07  2.3543589E-08  0.000E+00  0.0000  4.112368  -30.000  3.581009  7.588428  0.0000000E+00  9.9999060E-01  6.7577445E-08  1.8212342E-08  7.3710990E-06  1.3073333E-07  2.9600499E-10  4.7371382E-13  9.2048308E-07  2.3543589E-08  0.000E+00  1.093E-04  1.854E-03  9.410E-01  1.124E+00  3.46E+02  0.00E+00  1.46E+02  0.593949  0.001370  0.0000000E+00  3.0228164480E-03
154  1.329089181104053E+09    1.700000  1.956905  4.109304  7.0264225E-01  2.9705053E-01  2.6718138E-07  2.3927606E-08  2.1356386E-06  5.6385018E-06  2.1486203E-07  6.3106265E-10  9.2048308E-07  2.3543589E-08  0.000E+00  0.0000  4.109304  -30.000  3.616107  7.591191  0.0000000E+00  9.9999060E-01  6.7577445E-08  1.8212342E-08  7.3710990E-06  1.3073333E-07  2.9600499E-10  4.7371382E-13  9.2048308E-07  2.3543589E-08  0.000E+00  1.052E-04  1.956E-03  9.414E-01  1.124E+00  3.43E+02  0.00E+00  1.43E+02  0.591999  0.001395  0.0000000E+00  3.0228164480E-03
155  1.331140774384256E+09    1.700000  1.965033  4.105557  7.0264110E-01  2.9705170E-01  2.6717346E-07  2.3927234E-08  2.1356738E-06  5.6384691E-06  2.1486577E-07  6.3104899E-10  9.2048308E-07  2.3543589E-08  0.000E+00  0.0000  4.105557  -30.000  3.653853  7.594422  0.0000000E+00  9.9999060E-01  6.7577445E-08  1.8212342E-08  7.3710990E-06  1.3073333E-07  2.9600499E-10  4.7371382E-13  9.2048308E-07  2.3543589E-08  0.000E+00  1.007E-04  2.076E-03  9.419E-01  1.124E+00  3.38E+02  0.00E+00  1.41E+02  0.589597  0.001421  0.0000000E+00  3.0228164480E-03
156  1.333192367664458E+09    1.700000  1.972642  4.101951  7.0263525E-01  2.9705755E-01  2.6713410E-07  2.3925386E-08  2.1358488E-06  5.6383065E-06  2.1488436E-07  6.3098111E-10  9.2048308E-07  2.3543589E-08  0.000E+00  0.0000  4.101951  -30.000  3.690528  7.597080  0.0000000E+00  9.9999060E-01  6.7577445E-08  1.8212342E-08  7.3710990E-06  1.3073333E-07  2.9600499E-10  4.7371382E-13  9.2048308E-07  2.3543589E-08  0.000E+00  9.670E-05  2.196E-03  9.422E-01  1.124E+00  3.34E+02  0.00E+00  1.39E+02  0.588428  0.001446  0.0000000E+00  3.0228164480E-03
157  1.335243960944661E+09    1.700000  1.980290  4.098535  7.0263120E-01  2.9706160E-01  2.6710673E-07  2.3924101E-08  2.1359704E-06  5.6381935E-06  2.1489727E-07  6.3093392E-10  9.2048308E-07  2.3543589E-08  0.000E+00  0.0000  4.098535  -30.000  3.728155  7.600220  0.0000000E+00  9.9999060E-01  6.7577445E-08  1.8212342E-08  7.3710990E-06  1.3073333E-07  2.9600499E-10  4.7371382E-13  9.2048308E-07  2.3543589E-08  0.000E+00  9.231E-05  2.325E-03  9.434E-01  1.124E+00  3.30E+02  0.00E+00  1.36E+02  0.583327  0.001471  0.0000000E+00  3.0228164480E-03
158  1.337295554224864E+09    1.700000  1.988522  4.094299  7.0261982E-01  2.9707298E-01  2.6702997E-07  2.3920496E-08  2.1363114E-06  5.6378764E-06  2.1493351E-07  6.3080156E-10  9.2048308E-07  2.3543589E-08  0.000E+00  0.0000  4.094299  -30.000  3.769062  7.604708  0.0000000E+00  9.9999060E-01  6.7577445E-08  1.8212342E-08  7.3710990E-06  1.3073333E-07  2.9600499E-10  4.7371382E-13  9.2048308E-07  2.3543589E-08  0.000E+00  8.731E-05  2.475E-03  9.447E-01  1.119E+00  3.25E+02  0.00E+00  1.32E+02  0.577140  0.001500  0.0000000E+00  3.0228164480E-03
159  1.339347147505066E+09    1.700000  1.997610  4.088579  7.0260351E-01  2.9708936E-01  2.6691984E-07  2.3915325E-08  2.1368008E-06  5.6374216E-06  2.1498551E-07  6.3061164E-10  9.2048308E-07  2.3543589E-08  0.000E+00  0.0000  4.088579  -30.000  3.816063  7.611031  0.0000000E+00  9.9999060E-01  6.7577445E-08  1.8212342E-08  7.3710990E-06  1.3073333E-07  2.9600499E-10  4.7371382E-13  9.2048308E-07  2.3543589E-08  0.000E+00  8.221E-05  2.656E-03  9.452E-01  1.116E+00  3.18E+02  0.00E+00  1.29E+02  0.574633  0.001531  0.0000000E+00  3.0228164480E-03
160  1.341398740785269E+09    1.700000  2.007197  4.081615  7.0259506E-01  2.9709784E-01  2.6686256E-07  2.3912635E-08  2.1370554E-06  5.6371849E-06  2.1501255E-07  6.3051285E-10  9.2048308E-07  2.3543589E-08  0.000E+00  0.0000  4.081615  -30.000  3.867628  7.618094  0.0000000E+00  9.9999060E-01  6.7577445E-08  1.8212342E-08  7.3710990E-06  1.3073333E-07  2.9600499E-10  4.7371382E-13  9.2048308E-07  2.3543589E-08  0.000E+00  7.643E-05  2.874E-03  9.461E-01  1.116E+00  3.11E+02  0.00E+00  1.25E+02  0.570518  0.001565  0.0000000E+00  3.0228164480E-03
161  1.343450334065471E+09    1.700000  2.017565  4.073384  7.0258719E-01  2.9710561E-01  2.6680990E-07  2.3910163E-08  2.1372894E-06  5.6369676E-06  2.1503741E-07  6.3042205E-10  9.2048308E-07  2.3543589E-08  0.000E+00  0.0000  4.073384  -30.000  3.924779  7.626681  0.0000000E+00  9.9999060E-01  6.7577445E-08  1.8212342E-08  7.3710990E-06  1.3073333E-07  2.9600499E-10  4.7371382E-13  9.2048308E-07  2.3543589E-08  0.000E+00  7.010E-05  3.138E-03  9.475E-01  1.117E+00  3.03E+02  0.00E+00  1.20E+02  0.564404  0.001603  0.0000000E+00  3.0228164480E-03
162  1.345501927345674E+09    1.700000  2.027989  4.063093  7.0257890E-01  2.9711395E-01  2.6675379E-07  2.3907528E-08  2.1375388E-06  5.6367358E-06  2.1506390E-07  6.3032528E-10  9.2048308E-07  2.3543589E-08  0.000E+00  0.0000  4.063093  -30.000  3.985321  7.636071  0.0000000E+00  9.9999060E-01  6.7577445E-08  1.8212342E-08  7.3710990E-06  1.3073333E-07  2.9600499E-10  4.7371382E-13  9.2048308E-07  2.3543589E-08  0.000E+00  6.330E-05  3.448E-03  9.488E-01  1.147E+00  2.95E+02  0.00E+00  1.16E+02  0.557640  0.001642  0.0000000E+00  3.0228164480E-03
163  1.347553520625877E+09    1.700000  2.039299  4.051752  7.0257686E-01  2.9711604E-01  2.6673981E-07  2.3906871E-08  2.1376009E-06  5.6366780E-06  2.1507050E-07  6.3030118E-10  9.2048308E-07  2.3543589E-08  0.000E+00  0.0000  4.051752  -30.000  4.051187  7.647703  0.0000000E+00  9.9999060E-01  6.7577445E-08  1.8212342E-08  7.3710990E-06  1.3073333E-07  2.9600499E-10  4.7371382E-13  9.2048308E-07  2.3543589E-08  0.000E+00  5.616E-05  3.811E-03  9.510E-01  1.181E+00  2.85E+02  0.00E+00  1.09E+02  0.546887  0.001685  0.0000000E+00  3.0228164480E-03
164  1.349605113906079E+09    1.700000  2.050567  4.038041  7.0256586E-01  2.9712704E-01  2.6666580E-07  2.3903395E-08  2.1379298E-06  5.6363723E-06  2.1510545E-07  6.3017355E-10  9.2048308E-07  2.3543589E-08  0.000E+00  0.0000  4.038041  -30.000  4.120015  7.660754  0.0000000E+00  9.9999060E-01  6.7577445E-08  1.8212342E-08  7.3710990E-06  1.3073333E-07  2.9600499E-10  4.7371382E-13  9.2048308E-07  2.3543589E-08  0.000E+00  4.920E-05  4.230E-03  9.527E-01  1.173E+00  2.74E+02  0.00E+00  1.03E+02  0.538416  0.001730  0.0000000E+00  3.0228164480E-03
165  1.351656707186282E+09    1.700000  2.064474  4.019613  7.0255671E-01  2.9713619E-01  2.6660401E-07  2.3900492E-08  2.1382045E-06  5.6361170E-06  2.1513462E-07  6.3006698E-10  9.2048308E-07  2.3543589E-08  0.000E+00  0.0000  4.019613  -30.000  4.206144  7.683497  0.0000000E+00  9.9999060E-01  6.7577445E-08  1.8212342E-08  7.3710990E-06  1.3073333E-07  2.9600499E-10  4.7371382E-13  9.2048308E-07  2.3543589E-08  0.000E+00  4.085E-05  4.844E-03  9.559E-01  1.151E+00  2.60E+02  0.00E+00  9.47E+01  0.521254  0.001786  0.0000000E+00  3.0228164480E-03
166  1.353708300466485E+09    1.700000  2.080401  3.989004  7.0255293E-01  2.9713997E-01  2.6657849E-07  2.3899293E-08  2.1383180E-06  5.6360114E-06  2.1514667E-07  6.3002296E-10  9.2048308E-07  2.3543589E-08  0.000E+00  0.0000  3.989004  -30.000  4.309658  7.713531  0.0000000E+00  9.9999060E-01  6.7577445E-08  1.8212342E-08  7.3710990E-06  1.3073333E-07  2.9600499E-10  4.7371382E-13  9.2048308E-07  2.3543589E-08  0.000E+00  3.042E-05  5.674E-03  9.606E-01  1.142E+00  2.40E+02  0.00E+00  8.26E+01  0.495403  0.001853  0.0000000E+00  3.0228164480E-03
167  1.355759893746687E+09    1.700000  2.096990  3.946330  7.0253879E-01  2.9715413E-01  2.6648316E-07  2.3894813E-08  2.1387420E-06  5.6356173E-06  2.1519168E-07  6.2985855E-10  9.2048308E-07  2.3543589E-08  0.000E+00  0.0000  3.946330  -30.000  4.427172  7.748877  0.0000000E+00  9.9999060E-01  6.7577445E-08  1.8212342E-08  7.3710990E-06  1.3073333E-07  2.9600499E-10  4.7371382E-13  9.2048308E-07  2.3543589E-08  0.000E+00  2.071E-05  6.793E-03  9.652E-01  1.133E+00  2.15E+02  0.00E+00  6.96E+01  0.468001  0.001925  0.0000000E+00  3.0228164480E-03
168  1.357811487026890E+09    1.700000  2.110851  3.880591  7.0252730E-01  2.9716570E-01  2.6640563E-07  2.3891165E-08  2.1390872E-06  5.6352963E-06  2.1522830E-07  6.2972478E-10  9.2048308E-07  2.3543589E-08  0.000E+00  0.0000  3.880591  -30.000  4.552054  7.786144  0.0000000E+00  9.9999060E-01  6.7577445E-08  1.8212342E-08  7.3710990E-06  1.3073333E-07  2.9600499E-10  4.7371382E-13  9.2048308E-07  2.3543589E-08  0.000E+00  1.139E-05  8.242E-03  9.727E-01  1.121E+00  1.83E+02  0.00E+00  5.25E+01  0.417864  0.001987  0.0000000E+00  3.0228164480E-03
169  1.359863080307092E+09    1.700000  2.117655  3.778235  7.0250840E-01  2.9718461E-01  2.6627891E-07  2.3885184E-08  2.1396533E-06  5.6347696E-06  2.1528820E-07  6.2950604E-10  9.2048308E-07  2.3543589E-08  0.000E+00  0.0000  3.778235  -30.000  4.684184  7.825596  0.0000000E+00  9.9999060E-01  6.7577445E-08  1.8212342E-08  7.3710990E-06  1.3073333E-07  2.9600499E-10  4.7371382E-13  9.2048308E-07  2.3543589E-08  0.000E+00  4.402E-06  1.008E-02  9.827E-01  1.075E+00  1.44E+02  0.00E+00  3.26E+01  0.335517  0.002019  0.0000000E+00  3.0228164480E-03
170  1.361914673587295E+09    1.699679  2.102535  3.729501  6.9979390E-01  2.9990240E-01  2.4875546E-07  2.3029027E-08  2.2207962E-06  5.5586305E-06  2.2362999E-07  5.9903283E-10  9.2048308E-07  2.3543589E-08  0.000E+00  0.0000  3.729501   -9.708  4.830277  7.872312  0.0000000E+00  9.9999060E-01  7.8540865E-08  1.4580704E-17  7.3710987E-06  1.5314926E-07  2.9600264E-10  8.5922532E-13  9.2048308E-07  2.3543589E-08  0.000E+00  1.212E-06  1.261E-02  9.976E-01  1.007E+00  1.29E+02  0.00E+00  1.10E+01  0.128044  0.001947  0.0000000E+00  3.0163732108E-03
171  1.362170830941608E+09    1.699628  2.107750  3.727317  6.9802714E-01  3.0166689E-01  2.3782635E-07  2.2476819E-08  2.2733441E-06  5.5089208E-06  2.2886236E-07  5.7988091E-10  9.2048308E-07  2.3543589E-08  0.000E+00  0.0000  3.727317   -9.696  4.848022  7.877666  0.0000000E+00  9.9999060E-01  8.9382390E-08  7.4659839E-25  7.3710985E-06  1.5314974E-07  2.9600104E-10  1.1540331E-12  9.2048309E-07  2.3543589E-08  0.000E+00  1.122E-06  1.295E-02  9.978E-01  1.006E+00  1.28E+02  0.00E+00  1.03E+01  0.121426  0.001968  0.0000000E+00  3.0157159321E-03
172  1.362426988295920E+09    1.699575  2.113992  3.725516  6.9668504E-01  3.0300391E-01  2.2980003E-07  2.2064243E-08  2.3130567E-06  5.4711331E-06  2.3271344E-07  5.6574123E-10  9.2048308E-07  2.3543589E-08  0.000E+00  0.0000  3.725516   -9.683  4.866410  7.883398  0.0000000E+00  9.9999060E-01  1.1001588E-07  0.0000000E+00  7.3710981E-06  1.5315056E-07  2.9599854E-10  1.6422149E-12  9.2048309E-07  2.3543589E-08  0.000E+00  1.046E-06  1.332E-02  9.980E-01  1.005E+00  1.27E+02  0.00E+00  9.81E+00  0.115877  0.001995  0.0000000E+00  3.0150668687E-03
173  1.362683145650233E+09    1.699521  2.122338  3.723883  6.9494728E-01  3.0473222E-01  2.1973103E-07  2.1549813E-08  2.3641812E-06  5.4222421E-06  2.3753498E-07  5.4795073E-10  9.2048308E-07  2.3543589E-08  0.000E+00  0.0000  3.723883   -9.668  4.884918  7.889156  0.0000000E+00  9.9999050E-01  1.5128899E-07  0.0000000E+00  7.3710974E-06  1.5315215E-07  2.9599450E-10  2.4841678E-12  9.2048309E-07  2.3543589E-08  0.000E+00  9.807E-07  1.371E-02  9.982E-01  1.005E+00  1.26E+02  0.00E+00  9.36E+00  0.111479  0.002032  0.0000000E+00  3.0144208264E-03
174  1.362939303004545E+09    1.699465  2.131777  3.722153  6.9311114E-01  3.0655855E-01  2.0936176E-07  2.1041109E-08  2.4179149E-06  5.3706668E-06  2.4245875E-07  5.2964951E-10  9.2048308E-07  2.3543589E-08  0.000E+00  0.0000  3.722153   -9.651  4.903571  7.894949  0.0000000E+00  9.9999050E-01  2.3374695E-07  0.0000000E+00  7.3710963E-06  1.5315566E-07  2.9598796E-10  3.9358526E-12  9.2048310E-07  2.3543589E-08  0.000E+00  9.238E-07  1.410E-02  9.983E-01  1.005E+00  1.24E+02  0.00E+00  8.98E+00  0.108035  0.002075  0.0000000E+00  3.0137648090E-03
175  1.363195460358858E+09    1.699406  2.142306  3.721030  6.9070910E-01  3.0895427E-01  1.9611728E-07  2.0447521E-08  2.4877488E-06  5.3034981E-06  2.4858915E-07  5.0646079E-10  9.2048308E-07  2.3543589E-08  0.000E+00  0.0000  3.721030   -9.633  4.922080  7.900579  0.0000000E+00  9.9999028E-01  4.0140831E-07  0.0000000E+00  7.3710944E-06  1.5316453E-07  2.9597725E-10  6.4733674E-12  9.2048311E-07  2.3543589E-08  0.000E+00  8.818E-07  1.450E-02  9.983E-01  1.004E+00  1.23E+02  0.00E+00  8.72E+00  0.105837  0.002123  0.0000000E+00  3.0130947419E-03
176  1.363451617713171E+09    1.699344  2.154018  3.720056  6.8968545E-01  3.0997797E-01  1.9052423E-07  2.0205832E-08  2.5173819E-06  5.2750231E-06  2.5110984E-07  4.9673558E-10  9.2048308E-07  2.3543589E-08  0.000E+00  0.0000  3.720056   -9.613  4.940213  7.905909  0.0000000E+00  9.9999000E-01  7.2735429E-07  0.0000000E+00  7.3710911E-06  1.5318748E-07  2.9596049E-10  1.0691817E-11  9.2048313E-07  2.3543590E-08  0.000E+00  8.297E-07  1.491E-02  9.984E-01  1.004E+00  1.22E+02  0.00E+00  8.36E+00  0.102334  0.002179  0.0000000E+00  3.0124022857E-03
177  1.363707775067483E+09    1.699280  2.166084  3.719020  6.8806882E-01  3.1159876E-01  1.8175207E-07  1.9804712E-08  2.5639291E-06  5.2304242E-06  2.5494121E-07  4.8150381E-10  9.2048308E-07  2.3543589E-08  0.000E+00  0.0000  3.719020   -9.593  4.957894  7.910892  0.0000000E+00  9.9998936E-01  1.3475633E-06  0.0000000E+00  7.3710858E-06  1.5324752E-07  2.9593560E-10  1.7361663E-11  9.2048316E-07  2.3543590E-08  0.000E+00  7.870E-07  1.532E-02  9.985E-01  1.004E+00  1.21E+02  0.00E+00  8.07E+00  0.099820  0.002238  0.0000000E+00  3.0116939971E-03
178  1.363963932421796E+09    1.699212  2.178365  3.718017  6.8670267E-01  3.1297042E-01  1.7440442E-07  1.9434845E-08  2.6030430E-06  5.1930274E-06  2.5808504E-07  4.6867153E-10  9.2048308E-07  2.3543589E-08  0.000E+00  0.0000  3.718017   -9.572  4.975173  7.915573  0.0000000E+00  9.9998817E-01  2.4832708E-06  0.0000000E+00  7.3710779E-06  1.5340071E-07  2.9589965E-10  2.7576435E-11  9.2048320E-07  2.3543591E-08  0.000E+00  7.482E-07  1.573E-02  9.986E-01  1.004E+00  1.20E+02  0.00E+00  7.82E+00  0.097613  0.002301  0.0000000E+00  3.0109603516E-03
179  1.364220089776109E+09    1.699141  2.190906  3.716981  6.8470326E-01  3.1498021E-01  1.6386460E-07  1.8820492E-08  2.6597326E-06  5.1388832E-06  2.6252849E-07  4.4995517E-10  9.2048308E-07  2.3543589E-08  0.000E+00  0.0000  3.716981   -9.551  4.992119  7.920006  0.0000000E+00  9.9998624E-01  4.4651458E-06  0.0000000E+00  7.3710662E-06  1.5376577E-07  2.9584905E-10  4.2738633E-11  9.2048327E-07  2.3543593E-08  0.000E+00  7.165E-07  1.614E-02  9.986E-01  1.004E+00  1.19E+02  0.00E+00  7.64E+00  0.096216  0.002366  0.0000000E+00  3.0101981636E-03
180  1.364476247130421E+09    1.699066  2.203995  3.716445  6.8260128E-01  3.1709497E-01  1.5330758E-07  1.8062680E-08  2.7181754E-06  5.0829291E-06  2.6697873E-07  4.3049409E-10  9.2048308E-07  2.3543589E-08  0.000E+00  0.0000  3.716445   -9.530  5.008752  7.924223  0.0000000E+00  9.9998277E-01  7.8804302E-06  0.0000000E+00  7.3710488E-06  1.5461555E-07  2.9577838E-10  6.5038573E-11  9.2048335E-07  2.3543599E-08  0.000E+00  6.899E-07  1.655E-02  9.987E-01  1.004E+00  1.18E+02  0.00E+00  7.48E+00  0.095133  0.002435  0.0000000E+00  3.0093978698E-03
181  1.364732404484734E+09    1.698988  2.216818  3.715657  6.8086343E-01  3.1884340E-01  1.4524929E-07  1.7384897E-08  2.7651744E-06  5.0374796E-06  2.7051549E-07  4.1491337E-10  9.2048308E-07  2.3543589E-08  0.000E+00  0.0000  3.715657   -9.510  5.025196  7.928325  0.0000000E+00  9.9997716E-01  1.3523158E-05  0.0000000E+00  7.3710241E-06  1.5645321E-07  2.9568233E-10  9.6840140E-11  9.2048346E-07  2.3543608E-08  0.000E+00  6.617E-07  1.697E-02  9.987E-01  1.004E+00  1.17E+02  0.00E+00  7.31E+00  0.093787  0.002506  0.0000000E+00  3.0085646104E-03
182  1.364988561839046E+09    1.698905  2.230872  3.714700  6.8058781E-01  3.1912071E-01  1.4405929E-07  1.7276145E-08  2.7724627E-06  5.0303565E-06  2.7106389E-07  4.1253018E-10  9.2048308E-07  2.3543589E-08  0.000E+00  0.0000  3.714700   -9.488  5.041813  7.932581  0.0000000E+00  9.9996786E-01  2.2829594E-05  0.0000000E+00  7.3709888E-06  1.6029209E-07  2.9555200E-10  1.4211900E-10  9.2048361E-07  2.3543627E-08  0.000E+00  6.258E-07  1.741E-02  9.988E-01  1.003E+00  1.16E+02  0.00E+00  7.06E+00  0.091508  0.002587  0.0000000E+00  3.0076955672E-03
183  1.365244719193359E+09    1.698819  2.244639  3.714141  6.7855231E-01  3.2116754E-01  1.3601185E-07  1.6491920E-08  2.8249258E-06  4.9783762E-06  2.7502925E-07  3.9583020E-10  9.2048308E-07  2.3543589E-08  0.000E+00  0.0000  3.714141   -9.465  5.057863  7.936573  0.0000000E+00  9.9995188E-01  3.8840727E-05  0.0000000E+00  7.3709371E-06  1.6894648E-07  2.9537042E-10  2.0858035E-10  9.2048383E-07  2.3543663E-08  0.000E+00  6.035E-07  1.783E-02  9.988E-01  1.003E+00  1.15E+02  0.00E+00  6.93E+00  0.090711  0.002668  0.0000000E+00  3.0067870338E-03
184  1.365500876547671E+09    1.698728  2.258655  3.713343  6.7718287E-01  3.2254395E-01  1.3122249E-07  1.5997328E-08  2.8591269E-06  4.9438540E-06  2.7762018E-07  3.8548800E-10  9.2048308E-07  2.3543589E-08  0.000E+00  0.0000  3.713343   -9.444  5.073889  7.940735  0.0000000E+00  9.9992488E-01  6.5751388E-05  0.0000000E+00  7.3708625E-06  1.8764157E-07  2.9512121E-10  3.0451399E-10  9.2048412E-07  2.3543730E-08  0.000E+00  5.770E-07  1.827E-02  9.988E-01  1.003E+00  1.13E+02  0.00E+00  6.76E+00  0.089347  0.002754  0.0000000E+00  3.0058342230E-03
185  1.365757033901984E+09    1.698632  2.273327  3.712517  6.7562431E-01  3.2410979E-01  1.2647051E-07  1.5489105E-08  2.8969310E-06  4.9049641E-06  2.8044189E-07  3.7489974E-10  9.2048309E-07  2.3543589E-08  0.000E+00  0.0000  3.712517   -9.419  5.089019  7.944645  0.0000000E+00  9.9987970E-01  1.1089666E-04  0.0000000E+00  7.3707547E-06  2.2830818E-07  2.9477928E-10  4.4297690E-10  9.2048452E-07  2.3543860E-08  0.000E+00  5.516E-07  1.870E-02  9.988E-01  1.003E+00  1.12E+02  0.00E+00  6.60E+00  0.088132  0.002846  0.0000000E+00  3.0048327442E-03
186  1.366013191256297E+09    1.698532  2.286814  3.712129  6.7473100E-01  3.2500687E-01  1.2402012E-07  1.5223678E-08  2.9182037E-06  4.8828003E-06  2.8198332E-07  3.6934694E-10  9.2048309E-07  2.3543589E-08  0.000E+00  0.0000  3.712129   -9.399  5.104321  7.949284  0.0000000E+00  9.9980159E-01  1.8893580E-04  0.0000000E+00  7.3705958E-06  3.1687454E-07  2.9430241E-10  6.4701410E-10  9.2048508E-07  2.3544108E-08  0.000E+00  5.302E-07  1.914E-02  9.989E-01  1.003E+00  1.11E+02  0.00E+00  6.45E+00  0.086936  0.002934  0.0000000E+00  3.0037858481E-03
187  1.366269348610609E+09    1.698426  2.301800  3.711224  6.7361920E-01  3.2612314E-01  1.2120334E-07  1.4916586E-08  2.9443661E-06  4.8553097E-06  2.8382118E-07  3.6289259E-10  9.2048309E-07  2.3543589E-08  0.000E+00  0.0000  3.711224   -9.375  5.119201  7.955117  0.0000000E+00  9.9964674E-01  3.4361086E-04  0.0000000E+00  7.3703344E-06  5.3786959E-07  2.9357878E-10  9.8274857E-10  9.2048593E-07  2.3544642E-08  0.000E+00  5.056E-07  1.958E-02  9.989E-01  1.003E+00  1.10E+02  0.00E+00  6.29E+00  0.085610  0.003035  0.0000000E+00  3.0026867541E-03
188  1.366525505964922E+09    1.698313  2.317397  3.710351  6.7114293E-01  3.2860828E-01  1.1581402E-07  1.4325699E-08  3.0015854E-06  4.7943968E-06  2.8747906E-07  3.5032079E-10  9.2048309E-07  2.3543590E-08  0.000E+00  0.0000  3.710351   -9.348  5.132861  7.964038  0.0000000E+00  9.9928939E-01  7.0026384E-04  0.0000000E+00  7.3697673E-06  1.2021297E-06  2.9235748E-10  1.7104190E-09  9.2048738E-07  2.3546235E-08  0.000E+00  4.832E-07  1.999E-02  9.989E-01  1.003E+00  1.09E+02  0.00E+00  6.14E+00  0.084579  0.003140  0.0000000E+00  3.0015229853E-03
189  1.366781663319234E+09    1.698194  2.332410  3.709679  6.6940486E-01  3.3035150E-01  1.1288915E-07  1.4005199E-08  3.0408845E-06  4.7519330E-06  2.8944512E-07  3.4329984E-10  9.2048310E-07  2.3543590E-08  0.000E+00  0.0048  3.709679   -9.324  5.142667  7.981351  0.0000000E+00  9.9935238E-01  6.3743397E-04  0.0000000E+00  7.3686926E-06  9.9791068E-07  2.5833310E-10  1.5822877E-09  9.2048639E-07  2.3545879E-08  0.000E+00  4.632E-07  2.006E-02  9.990E-01  1.003E+00  1.08E+02  0.00E+00  6.01E+00  0.083603  0.003249  0.0000000E+00  3.0002951042E-03
190  1.367037820673547E+09    1.698069  2.341958  3.709421  6.6831250E-01  3.3144690E-01  1.1123199E-07  1.3824249E-08  3.0654304E-06  4.7253164E-06  2.9050726E-07  3.3927335E-10  9.2048310E-07  2.3543590E-08  0.000E+00  0.1063  3.709421   -9.310  4.958653  8.070310  0.0000000E+00  9.9695100E-01  3.0565609E-03  1.9819656E-10  7.3515447E-06  1.1969307E-06  1.7404545E-10  1.6704470E-08  9.2048453E-07  2.3587952E-08  0.000E+00  4.551E-07  1.367E-02  9.990E-01  1.003E+00  1.07E+02  0.00E+00  5.97E+00  0.083645  0.003319  0.0000000E+00  2.9987302541E-03
191  1.367041210418640E+09    1.698067  2.342363  3.709468  6.6831203E-01  3.3144727E-01  1.1123142E-07  1.3824187E-08  3.0654397E-06  4.7253063E-06  2.9050760E-07  3.3927194E-10  9.2048310E-07  2.3543590E-08  0.000E+00  0.1137  3.709468   -9.309  4.927059  8.071515  0.0000000E+00  9.9665143E-01  3.3628927E-03  1.8014268E-10  7.3489021E-06  1.3220454E-06  1.7085874E-10  1.9887476E-08  9.2048456E-07  2.3603663E-08  0.000E+00  4.560E-07  1.294E-02  9.990E-01  1.003E+00  1.07E+02  0.00E+00  5.99E+00  0.083850  0.003322  0.0000000E+00  2.9987129446E-03
192  1.367044249631493E+09    1.698066  2.342292  3.709481  6.6831092E-01  3.3144847E-01  1.1122981E-07  1.3824011E-08  3.0654657E-06  4.7252779E-06  2.9050854E-07  3.3926797E-10  9.2048310E-07  2.3543590E-08  0.000E+00  0.1186  3.709481   -9.309  4.901354  8.071773  0.0000000E+00  9.9635185E-01  3.6664144E-03  4.0376635E-11  7.3464466E-06  1.4633633E-06  1.6930309E-10  2.2919228E-08  9.2048463E-07  2.3619816E-08  0.000E+00  4.575E-07  1.240E-02  9.990E-01  1.003E+00  1.07E+02  0.00E+00  6.01E+00  0.084118  0.003322  0.0000000E+00  2.9986973736E-03
193  1.367047916614482E+09    1.698064  2.341612  3.709584  6.6830923E-01  3.3145007E-01  1.1122753E-07  1.3823764E-08  3.0655026E-06  4.7252379E-06  2.9050988E-07  3.3926237E-10  9.2048310E-07  2.3543590E-08  0.000E+00  0.1232  3.709584   -9.310  4.874612  8.071343  0.0000000E+00  9.9605228E-01  3.9705769E-03  1.5133940E-11  7.3438406E-06  1.6329809E-06  1.6777618E-10  2.6132595E-08  9.2048471E-07  2.3639447E-08  0.000E+00  4.606E-07  1.185E-02  9.989E-01  1.003E+00  1.07E+02  0.00E+00  6.04E+00  0.084524  0.003316  0.0000000E+00  2.9986785475E-03
194  1.367054742907100E+09    1.698061  2.337169  3.710055  6.6830824E-01  3.3145106E-01  1.1122617E-07  1.3823617E-08  3.0655245E-06  4.7252140E-06  2.9051068E-07  3.3925903E-10  9.2048310E-07  2.3543590E-08  0.000E+00  0.1298  3.710055   -9.318  4.836055  8.069623  0.0000000E+00  9.9575270E-01  4.2818290E-03  1.4912945E-10  7.3405581E-06  1.8821051E-06  1.6462092E-10  3.0057724E-08  9.2048479E-07  2.3669524E-08  0.000E+00  4.719E-07  1.106E-02  9.989E-01  1.003E+00  1.08E+02  0.00E+00  6.15E+00  0.085639  0.003282  0.0000000E+00  2.9986436349E-03
195  1.367061416743273E+09    1.698058  2.329054  3.710679  6.6830820E-01  3.3145110E-01  1.1122613E-07  1.3823613E-08  3.0655251E-06  4.7252134E-06  2.9051070E-07  3.3925894E-10  9.2048310E-07  2.3543590E-08  0.000E+00  0.1321  3.710679   -9.331  4.807484  8.067689  0.0000000E+00  9.9545313E-01  4.5861501E-03  8.3041327E-11  7.3377602E-06  2.1436321E-06  1.6336634E-10  3.3531366E-08  9.2048489E-07  2.3697538E-08  0.000E+00  4.888E-07  1.055E-02  9.989E-01  1.003E+00  1.08E+02  0.00E+00  6.29E+00  0.087095  0.003222  0.0000000E+00  2.9986100407E-03
196  1.367072357795651E+09    1.698053  2.310283  3.711772  6.6830820E-01  3.3145110E-01  1.1122613E-07  1.3823613E-08  3.0655251E-06  4.7252134E-06  2.9051070E-07  3.3925894E-10  9.2048310E-07  2.3543590E-08  0.000E+00  0.1375  3.711772   -9.362  4.774684  8.064693  0.0000000E+00  9.9515355E-01  4.8921218E-03  1.2023992E-10  7.3347528E-06  2.5033792E-06  1.6174461E-10  3.7250845E-08  9.2048501E-07  2.3733444E-08  0.000E+00  5.245E-07  9.970E-03  9.988E-01  1.003E+00  1.10E+02  0.00E+00  6.57E+00  0.089779  0.003085  0.0000000E+00  2.9985571461E-03
197  1.367082737404888E+09    1.698049  2.292983  3.713128  6.6830820E-01  3.3145110E-01  1.1122613E-07  1.3823613E-08  3.0655251E-06  4.7252134E-06  2.9051070E-07  3.3925894E-10  9.2048310E-07  2.3543590E-08  0.000E+00  0.1356  3.713128   -9.391  4.752526  8.062305  0.0000000E+00  9.9485398E-01  5.1915497E-03  1.4183322E-12  7.3321993E-06  2.8541665E-06  1.6159158E-10  4.0505433E-08  9.2048515E-07  2.3764866E-08  0.000E+00  5.620E-07  9.647E-03  9.987E-01  1.003E+00  1.11E+02  0.00E+00  6.85E+00  0.092484  0.002965  0.0000000E+00  2.9985096216E-03
198  1.367099649043591E+09    1.698043  2.267791  3.714296  6.6830820E-01  3.3145110E-01  1.1122613E-07  1.3823613E-08  3.0655251E-06  4.7252134E-06  2.9051070E-07  3.3925894E-10  9.2048310E-07  2.3543590E-08  0.000E+00  0.1372  3.714296   -9.431  4.726923  8.059055  0.0000000E+00  9.9455440E-01  5.4923049E-03  7.0327458E-16  7.3294991E-06  3.3227489E-06  1.6109598E-10  4.3920710E-08  9.2048530E-07  2.3803415E-08  0.000E+00  6.147E-07  9.267E-03  9.986E-01  1.004E+00  1.13E+02  0.00E+00  7.24E+00  0.096076  0.002798  0.0000000E+00  2.9984371400E-03
199  1.367122077432183E+09    1.698035  2.243835  3.715726  6.6830820E-01  3.3145110E-01  1.1122613E-07  1.3823613E-08  3.0655251E-06  4.7252134E-06  2.9051070E-07  3.3925894E-10  9.2048310E-07  2.3543590E-08  0.000E+00  0.1373  3.715726   -9.470  4.703784  8.055693  0.0000000E+00  9.9425483E-01  5.7915993E-03  2.4659650E-14  7.3268942E-06  3.8712488E-06  1.6089849E-10  4.7233450E-08  9.2048548E-07  2.3844082E-08  0.000E+00  6.740E-07  8.949E-03  9.985E-01  1.004E+00  1.15E+02  0.00E+00  7.68E+00  0.100063  0.002648  0.0000000E+00  2.9983472292E-03
200  1.367153851960707E+09    1.698025  2.222314  3.717788  6.6830820E-01  3.3145110E-01  1.1122613E-07  1.3823613E-08  3.0655251E-06  4.7252134E-06  2.9051070E-07  3.3925894E-10  9.2048310E-07  2.3543590E-08  0.000E+00  0.1319  3.717788   -9.506  4.681791  8.052018  0.0000000E+00  9.9395525E-01  6.0904973E-03  2.0816081E-20  7.3243097E-06  4.5516043E-06  1.6073447E-10  5.0519481E-08  9.2048567E-07  2.3889055E-08  0.000E+00  7.419E-07  8.656E-03  9.984E-01  1.004E+00  1.17E+02  0.00E+00  8.17E+00  0.104609  0.002520  0.0000000E+00  2.9982272682E-03
201  1.367198684814507E+09    1.698011  2.203803  3.719293  6.6830820E-01  3.3145110E-01  1.1122613E-07  1.3823613E-08  3.0655251E-06  4.7252134E-06  2.9051070E-07  3.3925894E-10  9.2048310E-07  2.3543590E-08  0.000E+00  0.1173  3.719293   -9.537  4.661677  8.048024  0.0000000E+00  9.9365567E-01  6.3891312E-03  0.0000000E+00  7.3217489E-06  5.4139409E-06  1.6054690E-10  5.3771041E-08  9.2048590E-07  2.3939091E-08  0.000E+00  8.165E-07  8.394E-03  9.982E-01  1.005E+00  1.19E+02  0.00E+00  8.74E+00  0.110327  0.002415  0.0000000E+00  3.0112784316E-03
202  1.367255433507147E+09    1.697995  2.188080  3.720742  6.6830820E-01  3.3145110E-01  1.1122613E-07  1.3823613E-08  3.0655251E-06  4.7252134E-06  2.9051070E-07  3.3925894E-10  9.2048310E-07  2.3543590E-08  0.000E+00  0.0903  3.720742   -9.563  4.646005  8.044003  0.0000000E+00  9.9335610E-01  6.6876246E-03  0.0000000E+00  7.3192353E-06  6.5117733E-06  1.6033166E-10  5.6957608E-08  9.2048615E-07  2.3994376E-08  0.000E+00  8.897E-07  8.190E-03  9.980E-01  1.005E+00  1.20E+02  0.00E+00  9.29E+00  0.115824  0.002329  0.0000000E+00  3.0110774312E-03
203  1.367321773188254E+09    1.697977  2.176551  3.721499  6.6830820E-01  3.3145110E-01  1.1122613E-07  1.3823613E-08  3.0655251E-06  4.7252134E-06  2.9051070E-07  3.3925894E-10  9.2048310E-07  2.3543590E-08  0.000E+00  0.0697  3.721499   -9.580  4.636050  8.040035  0.0000000E+00  9.9305652E-01  6.9858324E-03  0.0000000E+00  7.3168002E-06  7.9042872E-06  1.6008580E-10  6.0039044E-08  9.2048644E-07  2.4054843E-08  0.000E+00  9.513E-07  8.060E-03  9.978E-01  1.006E+00  1.21E+02  0.00E+00  9.77E+00  0.120742  0.002268  0.0000000E+00  3.0108458295E-03
204  1.367399626117809E+09    1.697957  2.168335  3.722604  6.6830820E-01  3.3145110E-01  1.1122613E-07  1.3823613E-08  3.0655251E-06  4.7252134E-06  2.9051070E-07  3.3925894E-10  9.2048310E-07  2.3543590E-08  0.000E+00  0.0543  3.722604   -9.595  4.631409  8.035956  0.0000000E+00  9.9275695E-01  7.2836335E-03  0.0000000E+00  7.3144744E-06  9.6546183E-06  1.5980713E-10  6.2975963E-08  9.2048677E-07  2.4120036E-08  0.000E+00  1.013E-06  7.995E-03  9.977E-01  1.006E+00  1.22E+02  0.00E+00  1.02E+01  0.125826  0.002225  0.0000000E+00  3.0105749523E-03
205  1.367490568134242E+09    1.697935  2.161891  3.723933  6.6830820E-01  3.3145110E-01  1.1122613E-07  1.3823613E-08  3.0655251E-06  4.7252134E-06  2.9051070E-07  3.3925894E-10  9.2048310E-07  2.3543590E-08  0.000E+00  0.0425  3.723933   -9.608  4.631809  8.031647  0.0000000E+00  9.9245737E-01  7.5810257E-03  0.0000000E+00  7.3122817E-06  1.1837060E-05  1.5949354E-10  6.5738468E-08  9.2048714E-07  2.4189389E-08  0.000E+00  1.077E-06  7.991E-03  9.975E-01  1.007E+00  1.23E+02  0.00E+00  1.07E+01  0.130993  0.002193  0.0000000E+00  3.0102570234E-03
206  1.367596830431302E+09    1.697908  2.156909  3.725115  6.6830820E-01  3.3145110E-01  1.1122613E-07  1.3823613E-08  3.0655251E-06  4.7252134E-06  2.9051070E-07  3.3925894E-10  9.2048310E-07  2.3543590E-08  0.000E+00  0.0336  3.725115   -9.617  4.637232  8.027278  0.0000000E+00  9.9215780E-01  7.8779345E-03  0.0000000E+00  7.3102356E-06  1.4521049E-05  1.5914435E-10  6.8309451E-08  9.2048756E-07  2.4262233E-08  0.000E+00  1.133E-06  8.049E-03  9.973E-01  1.007E+00  1.24E+02  0.00E+00  1.12E+01  0.135561  0.002168  0.0000000E+00  3.0098827932E-03
207  1.367719540357817E+09    1.697880  2.153311  3.725807  6.6830820E-01  3.3145110E-01  1.1122613E-07  1.3823613E-08  3.0655251E-06  4.7252134E-06  2.9051070E-07  3.3925894E-10  9.2048310E-07  2.3543590E-08  0.000E+00  0.0268  3.725807   -9.624  4.647415  8.023109  0.0000000E+00  9.9185822E-01  8.1742705E-03  0.0000000E+00  7.3083443E-06  1.7773245E-05  1.5876028E-10  7.0679288E-08  9.2048801E-07  2.4337946E-08  0.000E+00  1.180E-06  8.167E-03  9.971E-01  1.008E+00  1.24E+02  0.00E+00  1.15E+01  0.139613  0.002149  0.0000000E+00  3.0094460608E-03
208  1.367850881500257E+09    1.697848  2.150729  3.726142  6.6830820E-01  3.3145110E-01  1.1122613E-07  1.3823613E-08  3.0655251E-06  4.7252134E-06  2.9051070E-07  3.3925894E-10  9.2048310E-07  2.3543590E-08  0.000E+00  0.0221  3.726142   -9.628  4.660801  8.019711  0.0000000E+00  9.9155865E-01  8.4700281E-03  0.0000000E+00  7.3065911E-06  2.1551635E-05  1.5834936E-10  7.2869700E-08  9.2048850E-07  2.4415690E-08  0.000E+00  1.208E-06  8.330E-03  9.970E-01  1.008E+00  1.24E+02  0.00E+00  1.18E+01  0.141861  0.002137  0.0000000E+00  3.0089751464E-03
209  1.367987032616824E+09    1.697817  2.149393  3.726207  6.6830820E-01  3.3145110E-01  1.1122613E-07  1.3823613E-08  3.0655251E-06  4.7252134E-06  2.9051070E-07  3.3925894E-10  9.2048310E-07  2.3543590E-08  0.000E+00  0.0196  3.726207   -9.631  4.676007  8.017518  0.0000000E+00  9.9125907E-01  8.7654653E-03  0.0000000E+00  7.3049466E-06  2.5726468E-05  1.5792469E-10  7.4919453E-08  9.2048900E-07  2.4494693E-08  0.000E+00  1.212E-06  8.520E-03  9.970E-01  1.008E+00  1.24E+02  0.00E+00  1.18E+01  0.141873  0.002131  0.0000000E+00  3.0084881258E-03
210  1.368119565573622E+09    1.697786  2.149143  3.725999  6.6830820E-01  3.3145110E-01  1.1122613E-07  1.3823613E-08  3.0655251E-06  4.7252134E-06  2.9051070E-07  3.3925894E-10  9.2048310E-07  2.3543590E-08  0.000E+00  0.0186  3.725999   -9.630  4.690910  8.016594  0.0000000E+00  9.9095950E-01  9.0606320E-03  0.0000000E+00  7.3033809E-06  3.0092743E-05  1.5750144E-10  7.6867668E-08  9.2048950E-07  2.4573860E-08  0.000E+00  1.196E-06  8.714E-03  9.971E-01  1.008E+00  1.24E+02  0.00E+00  1.17E+01  0.140281  0.002129  0.0000000E+00  3.0080180870E-03
211  1.370936083343418E+09    1.697085  2.168477  3.726045  6.6830820E-01  3.3145110E-01  1.1122613E-07  1.3823613E-08  3.0655251E-06  4.7252134E-06  2.9051070E-07  3.3925894E-10  9.2048310E-07  2.3543590E-08  0.000E+00  0.0522  3.726045   -9.601  4.637856  8.038698  0.0000000E+00  9.8099198E-01  1.8918331E-02  0.0000000E+00  7.2308961E-06  1.3994105E-04  1.4936314E-10  1.6666885E-07  9.2049950E-07  2.8721481E-08  0.000E+00  1.194E-06  8.072E-03  9.969E-01  1.009E+00  1.23E+02  0.00E+00  1.19E+01  0.144677  0.002227  0.0000000E+00  2.9977450769E-03
212  1.373018469811041E+09    1.696553  2.180592  3.728451  6.6830820E-01  3.3145110E-01  1.1122613E-07  1.3823613E-08  3.0655251E-06  4.7252134E-06  2.9051070E-07  3.3925894E-10  9.2048310E-07  2.3543590E-08  0.000E+00  0.0561  3.728451   -9.586  4.596453  8.042751  0.0000000E+00  9.7102446E-01  2.8701322E-02  0.0000000E+00  7.1441518E-06  3.2441685E-04  1.4116715E-10  2.7126406E-07  9.2051042E-07  3.7195406E-08  0.000E+00  1.350E-06  7.602E-03  9.960E-01  1.011E+00  1.23E+02  0.00E+00  1.35E+01  0.164147  0.002291  0.0000000E+00  2.9888635192E-03
213  1.375063536261422E+09    1.696012  2.196334  3.732338  6.6830820E-01  3.3145110E-01  1.1122613E-07  1.3823613E-08  3.0655251E-06  4.7252134E-06  2.9051070E-07  3.3925894E-10  9.2048310E-07  2.3543590E-08  0.000E+00  0.0598  3.732338   -9.569  4.561225  8.046470  0.0000000E+00  9.6105694E-01  3.8414654E-02  0.0000000E+00  7.0424887E-06  5.7857922E-04  1.3343292E-10  3.9005157E-07  9.2052221E-07  5.1766897E-08  0.000E+00  1.608E-06  7.228E-03  9.943E-01  1.015E+00  1.23E+02  0.00E+00  1.61E+01  0.195383  0.002376  0.0000000E+00  2.9783183187E-03
214  1.377009713247594E+09    1.695473  2.212474  3.736408  6.6830820E-01  3.3145110E-01  1.1122613E-07  1.3823613E-08  3.0655251E-06  4.7252134E-06  2.9051070E-07  3.3925894E-10  9.2048310E-07  2.3543590E-08  0.000E+00  0.0629  3.736408   -9.550  4.533281  8.049404  0.0000000E+00  9.5108942E-01  4.8062234E-02  0.0000000E+00  6.9259581E-06  8.9845440E-04  1.2611147E-10  5.2158004E-07  9.2053544E-07  7.4129314E-08  0.000E+00  1.981E-06  6.946E-03  9.913E-01  1.023E+00  1.23E+02  0.00E+00  1.98E+01  0.239925  0.002467  0.0000000E+00  2.9655792513E-03
215  1.378975128548068E+09    1.694902  2.228431  3.741573  6.6830820E-01  3.3145110E-01  1.1122613E-07  1.3823613E-08  3.0655251E-06  4.7252134E-06  2.9051070E-07  3.3925894E-10  9.2048310E-07  2.3543590E-08  0.000E+00  0.0669  3.741573   -9.527  4.501824  8.052809  0.0000000E+00  9.4112190E-01  5.7641403E-02  0.0000000E+00  6.7901647E-06  1.2867936E-03  1.1928253E-10  6.6868631E-07  9.2055087E-07  1.0772230E-07  0.000E+00  2.648E-06  6.646E-03  9.848E-01  1.043E+00  1.24E+02  0.00E+00  2.64E+01  0.316097  0.002561  0.0000000E+00  2.9482471941E-03
216  1.380938277673012E+09    1.694304  2.242994  3.746183  6.6830820E-01  3.3145110E-01  1.1122613E-07  1.3823613E-08  3.0655251E-06  4.7252134E-06  2.9051070E-07  3.3925894E-10  9.2048310E-07  2.3543590E-08  0.000E+00  0.0712  3.746183   -9.504  4.475782  8.056032  0.0000000E+00  9.3115438E-01  6.7146495E-02  0.0000000E+00  6.6362342E-06  1.7491528E-03  1.1287163E-10  8.2718716E-07  9.2056943E-07  1.5588959E-07  0.000E+00  3.342E-06  6.410E-03  9.760E-01  1.066E+00  1.24E+02  0.00E+00  3.33E+01  0.392819  0.002649  0.0000000E+00  2.9251657038E-03
217  1.382668167717805E+09    1.693748  2.253228  3.751020  6.6830820E-01  3.3145110E-01  1.1122613E-07  1.3823613E-08  3.0655251E-06  4.7252134E-06  2.9051070E-07  3.3925894E-10  9.2048310E-07  2.3543590E-08  0.000E+00  0.0750  3.751020   -9.485  4.452078  8.058484  0.0000000E+00  9.2118686E-01  7.6613467E-02  0.0000000E+00  6.4688185E-06  2.2496319E-03  1.0668034E-10  9.9260803E-07  9.2059076E-07  2.1679003E-07  0.000E+00  4.066E-06  6.203E-03  9.655E-01  1.100E+00  1.25E+02  0.00E+00  4.03E+01  0.465589  0.002713  0.0000000E+00  2.8978806074E-03
218  1.384567263610094E+09    1.693113  2.265575  3.760997  6.6830820E-01  3.3145110E-01  1.1122613E-07  1.3823613E-08  3.0655251E-06  4.7252134E-06  2.9051070E-07  3.3925894E-10  9.2048310E-07  2.3543590E-08  0.000E+00  0.0795  3.760997   -9.471  4.426662  8.061520  0.0000000E+00  9.1121934E-01  8.5995814E-02  1.1042531E-21  6.2760370E-06  2.8347436E-03  1.0097973E-10  1.1705027E-06  9.2061741E-07  3.0230490E-07  0.000E+00  4.994E-06  5.994E-03  9.527E-01  1.140E+00  1.28E+02  0.00E+00  4.81E+01  0.538291  0.002792  0.0000000E+00  2.8617915829E-03
219  1.386297769948171E+09    1.692527  2.274651  3.770242  6.6830820E-01  3.3145110E-01  1.1122613E-07  1.3823613E-08  3.0655251E-06  4.7252134E-06  2.9051070E-07  3.3925894E-10  9.2048310E-07  2.3543590E-08  0.000E+00  0.0830  3.770242   -9.471  4.407140  8.063938  0.0000000E+00  9.0125182E-01  9.5332709E-02  5.3618811E-18  6.0706026E-06  3.4652372E-03  9.5476706E-11  1.3487846E-06  9.2064836E-07  4.0722878E-07  0.000E+00  5.437E-06  5.840E-03  9.491E-01  1.152E+00  1.30E+02  0.00E+00  5.08E+01  0.556377  0.002852  0.0000000E+00  2.8256611064E-03
220  1.387343437563297E+09    1.692179  2.280209  3.782528  6.6830820E-01  3.3145110E-01  1.1122613E-07  1.3823613E-08  3.0655251E-06  4.7252134E-06  2.9051070E-07  3.3925894E-10  9.2048310E-07  2.3543590E-08  0.000E+00  0.0731  3.782528   -9.485  4.396080  8.065654  0.0000000E+00  8.9128430E-01  1.0469860E-01  0.0000000E+00  5.8759298E-06  4.0667662E-03  8.9816163E-11  1.5140762E-06  9.2067942E-07  5.1111946E-07  0.000E+00  5.972E-06  5.749E-03  9.471E-01  1.158E+00  1.33E+02  0.00E+00  5.31E+01  0.565729  0.002889  0.0000000E+00  2.8040827162E-03
221  1.388353606886102E+09    1.691851  2.284942  3.791055  6.6830820E-01  3.3145110E-01  1.1122613E-07  1.3823613E-08  3.0655251E-06  4.7252134E-06  2.9051070E-07  3.3925894E-10  9.2048310E-07  2.3543590E-08  0.000E+00  0.0741  3.791055   -9.495  4.385839  8.067045  0.0000000E+00  8.8131678E-01  1.1401281E-01  3.2664278E-22  5.6747472E-06  4.7199941E-03  8.4423176E-11  1.6733482E-06  9.2071458E-07  6.3259680E-07  0.000E+00  6.278E-06  5.666E-03  9.472E-01  1.159E+00  1.36E+02  0.00E+00  5.40E+01  0.565402  0.002921  0.0000000E+00  2.7840256948E-03
222  1.389566156572379E+09    1.691468  2.291243  3.802327  6.6830820E-01  3.3145110E-01  1.1122613E-07  1.3823613E-08  3.0655251E-06  4.7252134E-06  2.9051070E-07  3.3925894E-10  9.2048310E-07  2.3543590E-08  0.000E+00  0.0771  3.802327   -9.507  4.373710  8.068932  0.0000000E+00  8.7134926E-01  1.2324754E-01  1.4178655E-21  5.4612675E-06  5.4526922E-03  7.9463372E-11  1.8251509E-06  9.2075678E-07  7.8252686E-07  0.000E+00  6.707E-06  5.573E-03  9.473E-01  1.159E+00  1.39E+02  0.00E+00  5.51E+01  0.565024  0.002965  0.0000000E+00  2.7610197912E-03
223  1.390516576201179E+09    1.691177  2.296157  3.811754  6.6830820E-01  3.3145110E-01  1.1122613E-07  1.3823613E-08  3.0655251E-06  4.7252134E-06  2.9051070E-07  3.3925894E-10  9.2048310E-07  2.3543590E-08  0.000E+00  0.0794  3.811754   -9.519  4.363057  8.070567  0.0000000E+00  8.6138174E-01  1.3246576E-01  4.9880205E-22  5.2445304E-06  6.2019348E-03  7.4613429E-11  1.9716384E-06  9.2080202E-07  9.4407183E-07  0.000E+00  7.093E-06  5.490E-03  9.473E-01  1.158E+00  1.41E+02  0.00E+00  5.61E+01  0.564711  0.002999  0.0000000E+00  2.7438902119E-03
224  1.391503667833676E+09    1.690882  2.300965  3.819912  6.6830820E-01  3.3145110E-01  1.1122613E-07  1.3823613E-08  3.0655251E-06  4.7252134E-06  2.9051070E-07  3.3925894E-10  9.2048310E-07  2.3543590E-08  0.000E+00  0.0815  3.819912   -9.528  4.353939  8.072093  0.0000000E+00  8.5141422E-01  1.4162052E-01  2.1601518E-20  5.0196152E-06  7.0146641E-03  7.0077515E-11  2.1074764E-06  9.2085430E-07  1.1314835E-06  0.000E+00  7.412E-06  5.421E-03  9.478E-01  1.157E+00  1.44E+02  0.00E+00  5.68E+01  0.562770  0.003033  0.0000000E+00  2.7268577069E-03
225  1.392477789803576E+09    1.690596  2.305128  3.827861  6.6830820E-01  3.3145110E-01  1.1122613E-07  1.3823613E-08  3.0655251E-06  4.7252134E-06  2.9051070E-07  3.3925894E-10  9.2048310E-07  2.3543590E-08  0.000E+00  0.0825  3.827861   -9.539  4.344443  8.073349  0.0000000E+00  8.4144670E-01  1.5072124E-01  6.4962928E-19  4.7885837E-06  7.8814185E-03  6.5802641E-11  2.2316213E-06  9.2091349E-07  1.3427976E-06  0.000E+00  7.744E-06  5.350E-03  9.482E-01  1.156E+00  1.46E+02  0.00E+00  5.75E+01  0.560784  0.003063  0.0000000E+00  2.7107620130E-03
226  1.393371018307420E+09    1.690341  2.309121  3.835452  6.6830820E-01  3.3145110E-01  1.1122613E-07  1.3823613E-08  3.0655251E-06  4.7252134E-06  2.9051070E-07  3.3925894E-10  9.2048310E-07  2.3543590E-08  0.000E+00  0.0846  3.835452   -9.548  4.336155  8.074721  0.0000000E+00  8.3147918E-01  1.5978128E-01  1.2424728E-18  4.5556138E-06  8.7888660E-03  6.1703972E-11  2.3432657E-06  9.2097891E-07  1.5724356E-06  0.000E+00  8.082E-06  5.288E-03  9.485E-01  1.155E+00  1.48E+02  0.00E+00  5.82E+01  0.559489  0.003091  0.0000000E+00  2.6965868445E-03
227  1.394558888892390E+09    1.690008  2.314825  3.843400  6.6830820E-01  3.3145110E-01  1.1122613E-07  1.3823613E-08  3.0655251E-06  4.7252134E-06  2.9051070E-07  3.3925894E-10  9.2048310E-07  2.3543590E-08  0.000E+00  0.0858  3.843400   -9.556  4.325183  8.076528  0.0000000E+00  8.2151166E-01  1.6864381E-01  1.9314790E-16  4.2969270E-06  9.8944454E-03  5.8410235E-11  2.4240745E-06  9.2106795E-07  1.8801710E-06  0.000E+00  8.411E-06  5.206E-03  9.490E-01  1.153E+00  1.50E+02  0.00E+00  5.88E+01  0.556963  0.003133  0.0000000E+00  2.6784558653E-03
228  1.395702102928432E+09    1.689693  2.319776  3.851463  6.6830820E-01  3.3145110E-01  1.1122613E-07  1.3823613E-08  3.0655251E-06  4.7252134E-06  2.9051070E-07  3.3925894E-10  9.2048310E-07  2.3543590E-08  0.000E+00  0.0864  3.851463   -9.565  4.313497  8.078065  0.0000000E+00  8.1154414E-01  1.7746339E-01  5.0778633E-18  4.0354803E-06  1.1043105E-02  5.5234005E-11  2.4886698E-06  9.2116825E-07  2.2120603E-06  0.000E+00  8.783E-06  5.119E-03  9.493E-01  1.152E+00  1.52E+02  0.00E+00  5.94E+01  0.555064  0.003169  0.0000000E+00  2.6617114039E-03
229  1.396690436980366E+09    1.689425  2.323927  3.856171  6.6830820E-01  3.3145110E-01  1.1122613E-07  1.3823613E-08  3.0655251E-06  4.7252134E-06  2.9051070E-07  3.3925894E-10  9.2048310E-07  2.3543590E-08  0.000E+00  0.0869  3.856171   -9.569  4.304783  8.079407  0.0000000E+00  8.0157662E-01  1.8628700E-01  2.6365569E-18  3.7815380E-06  1.2187523E-02  5.1993481E-11  2.5423540E-06  9.2127352E-07  2.5454931E-06  0.000E+00  8.958E-06  5.055E-03  9.499E-01  1.150E+00  1.54E+02  0.00E+00  5.96E+01  0.552321  0.003200  0.0000000E+00  2.6476384102E-03
230  1.397561765535140E+09    1.689191  2.326938  3.861594  6.6830820E-01  3.3145110E-01  1.1122613E-07  1.3823613E-08  3.0655251E-06  4.7252134E-06  2.9051070E-07  3.3925894E-10  9.2048310E-07  2.3543590E-08  0.000E+00  0.0872  3.861594   -9.575  4.297392  8.080502  0.0000000E+00  7.9160910E-01  1.9511149E-01  3.7521806E-22  3.5355203E-06  1.3330828E-02  4.8746348E-11  2.5851963E-06  9.2138311E-07  2.8797237E-06  0.000E+00  9.223E-06  5.000E-03  9.502E-01  1.150E+00  1.55E+02  0.00E+00  6.01E+01  0.550836  0.003223  0.0000000E+00  2.6355589547E-03
231  1.398340434396219E+09    1.688984  2.331223  3.865147  6.6830820E-01  3.3145110E-01  1.1122613E-07  1.3823613E-08  3.0655251E-06  4.7252134E-06  2.9051070E-07  3.3925894E-10  9.2048310E-07  2.3543590E-08  0.000E+00  0.0898  3.865147   -9.576  4.291362  8.081931  0.0000000E+00  7.8164158E-01  2.0392749E-01  5.6381156E-22  3.2978450E-06  1.4482347E-02  4.5546755E-11  2.6154220E-06  9.2149769E-07  3.2162634E-06  0.000E+00  9.347E-06  4.958E-03  9.506E-01  1.148E+00  1.56E+02  0.00E+00  6.02E+01  0.548975  0.003255  0.0000000E+00  2.6249561619E-03
232  1.399176696455665E+09    1.688765  2.334709  3.873020  6.6830820E-01  3.3145110E-01  1.1122613E-07  1.3823613E-08  3.0655251E-06  4.7252134E-06  2.9051070E-07  3.3925894E-10  9.2048310E-07  2.3543590E-08  0.000E+00  0.0918  3.873020   -9.587  4.283039  8.083290  0.0000000E+00  7.7167406E-01  2.1264903E-01  6.8290788E-20  3.0596269E-06  1.5726759E-02  4.2687381E-11  2.6170801E-06  9.2162898E-07  3.5885501E-06  0.000E+00  9.821E-06  4.899E-03  9.505E-01  1.148E+00  1.59E+02  0.00E+00  6.12E+01  0.549535  0.003282  0.0000000E+00  2.6139073721E-03
233  1.399945213485584E+09    1.688568  2.337573  3.877216  6.6830820E-01  3.3145110E-01  1.1122613E-07  1.3823613E-08  3.0655251E-06  4.7252134E-06  2.9051070E-07  3.3925894E-10  9.2048310E-07  2.3543590E-08  0.000E+00  0.0921  3.877216   -9.591  4.277303  8.084357  0.0000000E+00  7.6170654E-01  2.2134451E-01  1.0962044E-20  2.8278290E-06  1.6998942E-02  3.9894613E-11  2.6057440E-06  9.2177080E-07  3.9666499E-06  0.000E+00  1.001E-05  4.858E-03  9.509E-01  1.147E+00  1.60E+02  0.00E+00  6.14E+01  0.547281  0.003304  0.0000000E+00  2.6040800513E-03
234  1.400740326718554E+09    1.688366  2.340461  3.882736  6.6830820E-01  3.3145110E-01  1.1122613E-07  1.3823613E-08  3.0655251E-06  4.7252134E-06  2.9051070E-07  3.3925894E-10  9.2048310E-07  2.3543590E-08  0.000E+00  0.0930  3.882736   -9.598  4.270503  8.085563  0.0000000E+00  7.5173902E-01  2.2995163E-01  7.0735200E-19  2.6006406E-06  1.8359575E-02  3.7373634E-11  2.5668285E-06  9.2193234E-07  4.3712137E-06  0.000E+00  1.033E-05  4.809E-03  9.511E-01  1.147E+00  1.62E+02  0.00E+00  6.20E+01  0.546228  0.003326  0.0000000E+00  2.5941812506E-03
235  1.401687451325320E+09    1.688129  2.344605  3.889300  6.6830820E-01  3.3145110E-01  1.1122613E-07  1.3823613E-08  3.0655251E-06  4.7252134E-06  2.9051070E-07  3.3925894E-10  9.2048310E-07  2.3543590E-08  0.000E+00  0.0924  3.889300   -9.605  4.261928  8.087067  0.0000000E+00  7.4177150E-01  2.3836926E-01  2.0841292E-22  2.3738346E-06  1.9910304E-02  3.5399831E-11  2.4800238E-06  9.2213566E-07  4.8337082E-06  0.000E+00  1.071E-05  4.747E-03  9.513E-01  1.146E+00  1.64E+02  0.00E+00  6.26E+01  0.545391  0.003359  0.0000000E+00  2.5826910120E-03
236  1.402307674845234E+09    1.687976  2.346982  3.892597  6.6830820E-01  3.3145110E-01  1.1122613E-07  1.3823613E-08  3.0655251E-06  4.7252134E-06  2.9051070E-07  3.3925894E-10  9.2048310E-07  2.3543590E-08  0.000E+00  0.0930  3.892597   -9.609  4.257590  8.088106  0.0000000E+00  7.3180398E-01  2.4697774E-01  3.8569181E-22  2.1647243E-06  2.1269253E-02  3.2812961E-11  2.4358847E-06  9.2230962E-07  5.2162441E-06  0.000E+00  1.089E-05  4.717E-03  9.516E-01  1.145E+00  1.65E+02  0.00E+00  6.29E+01  0.544149  0.003378  0.0000000E+00  2.5753505529E-03
237  1.402945218177750E+09    1.687819  2.348837  3.894313  6.6830820E-01  3.3145110E-01  1.1122613E-07  1.3823613E-08  3.0655251E-06  4.7252134E-06  2.9051070E-07  3.3925894E-10  9.2048310E-07  2.3543590E-08  0.000E+00  0.0929  3.894313   -9.610  4.253533  8.088898  0.0000000E+00  7.2183646E-01  2.5551259E-01  1.3985664E-22  1.9645244E-06  2.2701886E-02  3.0435985E-11  2.3697467E-06  9.2250264E-07  5.6116640E-06  0.000E+00  1.092E-05  4.689E-03  9.520E-01  1.144E+00  1.65E+02  0.00E+00  6.27E+01  0.541760  0.003393  0.0000000E+00  2.5679102795E-03
238  1.403566676029031E+09    1.687666  2.351493  3.895972  6.6830820E-01  3.3145110E-01  1.1122613E-07  1.3823613E-08  3.0655251E-06  4.7252134E-06  2.9051070E-07  3.3925894E-10  9.2048310E-07  2.3543590E-08  0.000E+00  0.0934  3.895972   -9.610  4.250326  8.089946  0.0000000E+00  7.1186894E-01  2.6399621E-01  1.7520870E-23  1.7750449E-06  2.4185802E-02  2.8187668E-11  2.2894824E-06  9.2271066E-07  6.0075012E-06  0.000E+00  1.096E-05  4.667E-03  9.523E-01  1.143E+00  1.66E+02  0.00E+00  6.26E+01  0.540113  0.003413  0.0000000E+00  2.5606943211E-03
239  1.404213106253618E+09    1.687508  2.354693  3.900564  6.6830820E-01  3.3145110E-01  1.1122613E-07  1.3823613E-08  3.0655251E-06  4.7252134E-06  2.9051070E-07  3.3925894E-10  9.2048310E-07  2.3543590E-08  0.000E+00  0.0946  3.900564   -9.613  4.244833  8.091216  0.0000000E+00  7.0190142E-01  2.7239415E-01  2.0350477E-22  1.5962012E-06  2.5755445E-02  2.6180609E-11  2.1874942E-06  9.2294347E-07  6.4131750E-06  0.000E+00  1.126E-05  4.630E-03  9.522E-01  1.142E+00  1.67E+02  0.00E+00  6.32E+01  0.540633  0.003439  0.0000000E+00  2.5532914982E-03
240  1.404891438943255E+09    1.687346  2.356881  3.907226  6.6830820E-01  3.3145110E-01  1.1122613E-07  1.3823613E-08  3.0655251E-06  4.7252134E-06  2.9051070E-07  3.3925894E-10  9.2048310E-07  2.3543590E-08  0.000E+00  0.0961  3.907226   -9.623  4.238627  8.092505  0.0000000E+00  6.9193390E-01  2.8068928E-01  3.9224040E-22  1.4289766E-06  2.7428022E-02  2.4432467E-11  2.0629212E-06  9.2320710E-07  6.8281922E-06  0.000E+00  1.179E-05  4.588E-03  9.520E-01  1.144E+00  1.69E+02  0.00E+00  6.43E+01  0.542027  0.003457  0.0000000E+00  2.5457507160E-03
241  1.405534776142411E+09    1.687193  2.359134  3.910452  6.6830820E-01  3.3145110E-01  1.1122613E-07  1.3823613E-08  3.0655251E-06  4.7252134E-06  2.9051070E-07  3.3925894E-10  9.2048310E-07  2.3543590E-08  0.000E+00  0.0968  3.910452   -9.627  4.233977  8.093540  0.0000000E+00  6.8196638E-01  2.8893777E-01  2.5022353E-24  1.2713988E-06  2.9147203E-02  2.2746629E-11  1.9358411E-06  9.2349031E-07  7.2311126E-06  0.000E+00  1.198E-05  4.556E-03  9.521E-01  1.144E+00  1.71E+02  0.00E+00  6.46E+01  0.541342  0.003475  0.0000000E+00  2.5387411757E-03
242  1.406188613917315E+09    1.687039  2.361748  3.913639  6.6830820E-01  3.3145110E-01  1.1122613E-07  1.3823613E-08  3.0655251E-06  4.7252134E-06  2.9051070E-07  3.3925894E-10  9.2048310E-07  2.3543590E-08  0.000E+00  0.0978  3.913639   -9.629  4.229107  8.094658  0.0000000E+00  6.7199886E-01  2.9709670E-01  1.3730407E-21  1.1276955E-06  3.0956075E-02  2.1244430E-11  1.7967506E-06  9.2380461E-07  7.6269080E-06  0.000E+00  1.218E-05  4.522E-03  9.522E-01  1.143E+00  1.71E+02  0.00E+00  6.49E+01  0.540850  0.003496  0.0000000E+00  2.5317069027E-03
243  1.407453201677452E+09    1.686743  2.366880  3.920162  6.6830820E-01  3.3145110E-01  1.1122613E-07  1.3823613E-08  3.0655251E-06  4.7252134E-06  2.9051070E-07  3.3925894E-10  9.2048310E-07  2.3543590E-08  0.000E+00  0.1003  3.920162   -9.635  4.217430  8.096472  0.0000000E+00  6.6203134E-01  3.0437927E-01  6.2002400E-20  1.0395234E-06  3.3643161E-02  2.1674552E-11  1.5182279E-06  9.2437205E-07  8.1058604E-06  0.000E+00  1.262E-05  4.434E-03  9.523E-01  1.142E+00  1.74E+02  0.00E+00  6.57E+01  0.540417  0.003539  0.0000000E+00  2.5183278362E-03
244  1.408006563527913E+09    1.686615  2.368509  3.922321  6.6830820E-01  3.3145110E-01  1.1122613E-07  1.3823613E-08  3.0655251E-06  4.7252134E-06  2.9051070E-07  3.3925894E-10  9.2048310E-07  2.3543590E-08  0.000E+00  0.1013  3.922321   -9.636  4.213965  8.097528  0.0000000E+00  6.5206382E-01  3.1253697E-01  5.5278124E-23  9.0144121E-07  3.5453046E-02  1.9917559E-11  1.4273713E-06  9.2471923E-07  8.4338643E-06  0.000E+00  1.275E-05  4.413E-03  9.524E-01  1.143E+00  1.74E+02  0.00E+00  6.58E+01  0.539649  0.003552  0.0000000E+00  2.5126019062E-03
245  1.408588155933101E+09    1.686481  2.370983  3.924573  6.6830820E-01  3.3145110E-01  1.1122613E-07  1.3823613E-08  3.0655251E-06  4.7252134E-06  2.9051070E-07  3.3925894E-10  9.2048310E-07  2.3543590E-08  0.000E+00  0.1024  3.924573   -9.638  4.210066  8.098604  0.0000000E+00  6.4209630E-01  3.2058226E-01  1.6083386E-22  7.8031480E-07  3.7375425E-02  1.8389735E-11  1.3192908E-06  9.2510844E-07  8.7562729E-06  0.000E+00  1.288E-05  4.387E-03  9.526E-01  1.142E+00  1.75E+02  0.00E+00  6.60E+01  0.539002  0.003573  0.0000000E+00  2.5066196256E-03
246  1.409259696508962E+09    1.686326  2.373127  3.925929  6.6830820E-01  3.3145110E-01  1.1122613E-07  1.3823613E-08  3.0655251E-06  4.7252134E-06  2.9051070E-07  3.3925894E-10  9.2048310E-07  2.3543590E-08  0.000E+00  0.1021  3.925929   -9.637  4.206172  8.099697  0.0000000E+00  6.3212878E-01  3.2842146E-01  3.2635455E-24  6.8150857E-07  3.9504322E-02  1.7242081E-11  1.1903616E-06  9.2557288E-07  9.0690882E-06  0.000E+00  1.290E-05  4.359E-03  9.529E-01  1.141E+00  1.75E+02  0.00E+00  6.58E+01  0.537199  0.003591  0.0000000E+00  2.4997752487E-03
247  1.409854374060457E+09    1.686190  2.374942  3.928183  6.6830820E-01  3.3145110E-01  1.1122613E-07  1.3823613E-08  3.0655251E-06  4.7252134E-06  2.9051070E-07  3.3925894E-10  9.2048310E-07  2.3543590E-08  0.000E+00  0.1020  3.928183   -9.639  4.202699  8.100613  0.0000000E+00  6.2216126E-01  3.3629146E-01  2.2603027E-23  5.8742253E-07  4.1602065E-02  1.5983875E-11  1.0760526E-06  9.2604067E-07  9.3566122E-06  0.000E+00  1.304E-05  4.336E-03  9.531E-01  1.141E+00  1.76E+02  0.00E+00  6.60E+01  0.536329  0.003606  0.0000000E+00  2.4937593000E-03
248  1.410471925830069E+09    1.686048  2.377844  3.931266  6.6830820E-01  3.3145110E-01  1.1122613E-07  1.3823613E-08  3.0655251E-06  4.7252134E-06  2.9051070E-07  3.3925894E-10  9.2048310E-07  2.3543590E-08  0.000E+00  0.1030  3.931266   -9.641  4.199289  8.101797  0.0000000E+00  6.1219374E-01  3.4404421E-01  5.4014361E-22  5.0934934E-07  4.3817145E-02  1.4903779E-11  9.5895126E-07  9.2656005E-07  9.6223831E-06  0.000E+00  1.325E-05  4.313E-03  9.531E-01  1.140E+00  1.77E+02  0.00E+00  6.63E+01  0.536196  0.003631  0.0000000E+00  2.4875475830E-03
249  1.411072601386690E+09    1.685911  2.380361  3.935595  6.6830820E-01  3.3145110E-01  1.1122613E-07  1.3823613E-08  3.0655251E-06  4.7252134E-06  2.9051070E-07  3.3925894E-10  9.2048310E-07  2.3543590E-08  0.000E+00  0.1041  3.935595   -9.646  4.194063  8.103116  0.0000000E+00  6.0222622E-01  3.5175197E-01  1.9850526E-22  4.3890385E-07  4.6077169E-02  1.3866940E-11  8.5060747E-07  9.2711328E-07  9.8654617E-06  0.000E+00  1.363E-05  4.280E-03  9.529E-01  1.140E+00  1.78E+02  0.00E+00  6.70E+01  0.537142  0.003652  0.0000000E+00  2.4816122674E-03
250  1.411706167870621E+09    1.685769  2.382348  3.937140  6.6830820E-01  3.3145110E-01  1.1122613E-07  1.3823613E-08  3.0655251E-06  4.7252134E-06  2.9051070E-07  3.3925894E-10  9.2048310E-07  2.3543590E-08  0.000E+00  0.1051  3.937140   -9.646  4.190101  8.104267  0.0000000E+00  5.9225870E-01  3.5930917E-01  4.2332445E-23  3.8405158E-07  4.8488876E-02  1.3037679E-11  7.4295539E-07  9.2774062E-07  1.0083199E-05  0.000E+00  1.369E-05  4.254E-03  9.531E-01  1.140E+00  1.79E+02  0.00E+00  6.70E+01  0.536061  0.003669  0.0000000E+00  2.4754426959E-03
251  1.412322957060021E+09    1.685629  2.384558  3.938348  6.6830820E-01  3.3145110E-01  1.1122613E-07  1.3823613E-08  3.0655251E-06  4.7252134E-06  2.9051070E-07  3.3925894E-10  9.2048310E-07  2.3543590E-08  0.000E+00  0.1054  3.938348   -9.645  4.186911  8.105270  0.0000000E+00  5.8229118E-01  3.6679264E-01  9.6909067E-25  3.3586286E-07  5.0973964E-02  1.2253718E-11  6.4820165E-07  9.2841533E-07  1.0274694E-05  0.000E+00  1.372E-05  4.232E-03  9.533E-01  1.140E+00  1.79E+02  0.00E+00  6.70E+01  0.535051  0.003688  0.0000000E+00  2.4694334902E-03
252  1.412934362082646E+09    1.685491  2.386720  3.939843  6.6830820E-01  3.3145110E-01  1.1122613E-07  1.3823613E-08  3.0655251E-06  4.7252134E-06  2.9051070E-07  3.3925894E-10  9.2048310E-07  2.3543590E-08  0.000E+00  0.1061  3.939843   -9.645  4.183684  8.106404  0.0000000E+00  5.7232366E-01  3.7421154E-01  1.0387602E-22  2.9458644E-07  5.3523379E-02  1.1507488E-11  5.6336161E-07  9.2913655E-07  1.0443204E-05  0.000E+00  1.380E-05  4.210E-03  9.535E-01  1.139E+00  1.79E+02  0.00E+00  6.70E+01  0.534513  0.003707  0.0000000E+00  2.4634939867E-03
253  1.413517280453794E+09    1.685358  2.389298  3.941334  6.6830820E-01  3.3145110E-01  1.1122613E-07  1.3823613E-08  3.0655251E-06  4.7252134E-06  2.9051070E-07  3.3925894E-10  9.2048310E-07  2.3543590E-08  0.000E+00  0.1074  3.941334   -9.644  4.180370  8.107600  0.0000000E+00  5.6235614E-01  3.8159006E-01  1.2403923E-21  2.5631109E-07  5.6112893E-02  1.0756028E-11  4.9001468E-07  9.2989678E-07  1.0592945E-05  0.000E+00  1.386E-05  4.189E-03  9.535E-01  1.139E+00  1.80E+02  0.00E+00  6.71E+01  0.534144  0.003729  0.0000000E+00  2.4578366288E-03
254  1.414060120517963E+09    1.685236  2.391456  3.944183  6.6830820E-01  3.3145110E-01  1.1122613E-07  1.3823613E-08  3.0655251E-06  4.7252134E-06  2.9051070E-07  3.3925894E-10  9.2048310E-07  2.3543590E-08  0.000E+00  0.1081  3.944183   -9.647  4.176746  8.108691  0.0000000E+00  5.5238862E-01  3.8895881E-01  1.5828682E-25  2.1667360E-07  5.8711963E-02  9.9518854E-12  4.2931257E-07  9.3068460E-07  1.0729369E-05  0.000E+00  1.411E-05  4.165E-03  9.534E-01  1.139E+00  1.81E+02  0.00E+00  6.76E+01  0.534903  0.003748  0.0000000E+00  2.4525932675E-03
255  1.414616021868843E+09    1.685111  2.392959  3.946125  6.6830820E-01  3.3145110E-01  1.1122613E-07  1.3823613E-08  3.0655251E-06  4.7252134E-06  2.9051070E-07  3.3925894E-10  9.2048310E-07  2.3543590E-08  0.000E+00  0.1089  3.946125   -9.648  4.173903  8.109795  0.0000000E+00  5.4242110E-01  3.9621943E-01  8.6782680E-23  1.8767402E-07  6.1419148E-02  9.2620092E-12  3.7030092E-07  9.3154415E-07  1.0847006E-05  0.000E+00  1.426E-05  4.147E-03  9.534E-01  1.139E+00  1.81E+02  0.00E+00  6.78E+01  0.534590  0.003761  0.0000000E+00  2.4472907129E-03
256  1.415236579858836E+09    1.684971  2.394822  3.947179  6.6830820E-01  3.3145110E-01  1.1122613E-07  1.3823613E-08  3.0655251E-06  4.7252134E-06  2.9051070E-07  3.3925894E-10  9.2048310E-07  2.3543590E-08  0.000E+00  0.1085  3.947179   -9.648  4.170636  8.110823  0.0000000E+00  5.3245358E-01  4.0322570E-01  1.0801460E-23  1.7639155E-07  6.4380876E-02  8.8619656E-12  3.1681038E-07  9.3255176E-07  1.0930049E-05  0.000E+00  1.429E-05  4.125E-03  9.536E-01  1.139E+00  1.82E+02  0.00E+00  6.77E+01  0.533540  0.003778  0.0000000E+00  2.4413935455E-03
257  1.415896305056362E+09    1.684822  2.397673  3.949181  6.6830820E-01  3.3145110E-01  1.1122613E-07  1.3823613E-08  3.0655252E-06  4.7252134E-06  2.9051070E-07  3.3925894E-10  9.2048310E-07  2.3543590E-08  0.000E+00  0.1096  3.949181   -9.647  4.167073  8.112160  0.0000000E+00  5.2248606E-01  4.1001353E-01  8.5326225E-21  1.7642312E-07  6.7561260E-02  8.6610695E-12  2.7290711E-07  9.3370424E-07  1.0983591E-05  0.000E+00  1.440E-05  4.101E-03  9.537E-01  1.139E+00  1.82E+02  0.00E+00  6.79E+01  0.533258  0.003803  0.0000000E+00  2.4351129836E-03
258  1.416481944140234E+09    1.684691  2.399820  3.951638  6.6830820E-01  3.3145110E-01  1.1122613E-07  1.3823613E-08  3.0655252E-06  4.7252134E-06  2.9051071E-07  3.3925894E-10  9.2048310E-07  2.3543590E-08  0.000E+00  0.1104  3.951638   -9.649  4.163363  8.113323  0.0000000E+00  5.1251854E-01  4.1688040E-01  6.2500417E-24  1.5680417E-07  7.0662358E-02  8.2101050E-12  2.4906253E-07  9.3485845E-07  1.1043495E-05  0.000E+00  1.461E-05  4.078E-03  9.536E-01  1.139E+00  1.83E+02  0.00E+00  6.83E+01  0.533814  0.003822  0.0000000E+00  2.4295868846E-03
259  1.417041917798255E+09    1.684565  2.403042  3.951161  6.6830820E-01  3.3145110E-01  1.1122613E-07  1.3823612E-08  3.0655252E-06  4.7252134E-06  2.9051071E-07  3.3925894E-10  9.2048310E-07  2.3543590E-08  0.000E+00  0.1120  3.951161   -9.644  4.161602  8.114541  0.0000000E+00  5.0255102E-01  4.2371256E-01  1.7556455E-23  1.4115150E-07  7.3798109E-02  7.7329945E-12  2.1984030E-07  9.3606427E-07  1.1103735E-05  0.000E+00  1.445E-05  4.066E-03  9.538E-01  1.138E+00  1.82E+02  0.00E+00  6.79E+01  0.532704  0.003851  0.0000000E+00  2.4242703428E-03
260  1.418934285745987E+09    1.684138  2.409390  3.957746  6.6830820E-01  3.3145110E-01  1.1122613E-07  1.3823612E-08  3.0655252E-06  4.7252134E-06  2.9051071E-07  3.3925894E-10  9.2048310E-07  2.3543590E-08  0.000E+00  0.1088  3.957746   -9.647  4.145683  8.116971  0.0000000E+00  4.9258350E-01  4.2637829E-01  5.1718531E-21  3.7043439E-07  8.1103839E-02  1.1685481E-11  2.0613118E-07  9.3986252E-07  1.0760062E-05  0.000E+00  1.496E-05  3.957E-03  9.537E-01  1.138E+00  1.84E+02  0.00E+00  6.87E+01  0.533227  0.003909  0.0000000E+00  2.4064692318E-03
261  1.419307044054412E+09    1.684054  2.408962  3.959021  6.6830820E-01  3.3145110E-01  1.1122613E-07  1.3823612E-08  3.0655252E-06  4.7252133E-06  2.9051071E-07  3.3925894E-10  9.2048310E-07  2.3543590E-08  0.000E+00  0.1104  3.959021   -9.650  4.144799  8.117680  0.0000000E+00  4.8261598E-01  4.3352032E-01  0.0000000E+00  2.4616242E-07  8.3929232E-02  1.0199950E-11  2.6603930E-07  9.4105541E-07  1.0882052E-05  0.000E+00  1.511E-05  3.952E-03  9.537E-01  1.139E+00  1.85E+02  0.00E+00  6.89E+01  0.532982  0.003905  0.0000000E+00  2.4030103091E-03
262  1.419706350114848E+09    1.683964  2.411963  3.959299  6.6830820E-01  3.3145110E-01  1.1122613E-07  1.3823612E-08  3.0655252E-06  4.7252133E-06  2.9051071E-07  3.3925893E-10  9.2048310E-07  2.3543590E-08  0.000E+00  0.1170  3.959299   -9.645  4.143479  8.118994  0.0000000E+00  4.7264846E-01  4.4057036E-01  1.4734119E-23  1.6162071E-07  8.6846743E-02  8.8815152E-12  2.6063157E-07  9.4232803E-07  1.1021436E-05  0.000E+00  1.504E-05  3.945E-03  9.539E-01  1.138E+00  1.85E+02  0.00E+00  6.87E+01  0.532360  0.003932  0.0000000E+00  2.3992873366E-03
263  1.420557960759106E+09    1.683773  2.414827  3.960997  6.6830820E-01  3.3145110E-01  1.1122613E-07  1.3823612E-08  3.0655253E-06  4.7252133E-06  2.9051071E-07  3.3925893E-10  9.2048310E-07  2.3543590E-08  0.000E+00  0.1167  3.960997   -9.645  4.138599  8.120714  0.0000000E+00  4.6268094E-01  4.4622953E-01  1.5633650E-23  1.8035013E-07  9.1155717E-02  8.8322635E-12  1.9781407E-07  9.4462145E-07  1.1068676E-05  0.000E+00  1.511E-05  3.914E-03  9.541E-01  1.137E+00  1.85E+02  0.00E+00  6.88E+01  0.531221  0.003959  0.0000000E+00  2.3914152007E-03
264  1.421752257062131E+09    1.683505  2.418396  3.965035  6.6830820E-01  3.3145110E-01  1.1122612E-07  1.3823611E-08  3.0655253E-06  4.7252132E-06  2.9051071E-07  3.3925892E-10  9.2048310E-07  2.3543590E-08  0.000E+00  0.1155  3.965035   -9.648  4.128947  8.122189  0.0000000E+00  4.5271342E-01  4.5040289E-01  5.7839115E-24  2.0055056E-07  9.6951670E-02  9.5535972E-12  2.2153949E-07  9.4820357E-07  1.1007808E-05  0.000E+00  1.542E-05  3.854E-03  9.542E-01  1.137E+00  1.87E+02  0.00E+00  6.92E+01  0.530721  0.003992  0.0000000E+00  2.3804502153E-03
265  1.422985568991135E+09    1.683229  2.422889  3.969902  6.6830820E-01  3.3145110E-01  1.1122611E-07  1.3823611E-08  3.0655255E-06  4.7252131E-06  2.9051071E-07  3.3925890E-10  9.2048310E-07  2.3543590E-08  0.000E+00  0.1144  3.969902   -9.651  4.118926  8.124244  0.0000000E+00  4.4274590E-01  4.5442693E-01  9.9673079E-19  2.5681246E-07  1.0289683E-01  1.0144427E-11  1.6625990E-07  9.5218346E-07  1.0986824E-05  0.000E+00  1.582E-05  3.797E-03  9.541E-01  1.137E+00  1.88E+02  0.00E+00  6.98E+01  0.530942  0.004034  0.0000000E+00  2.3692073392E-03
266  1.423332298781526E+09    1.683151  2.424174  3.970182  6.6830820E-01  3.3145110E-01  1.1122611E-07  1.3823610E-08  3.0655255E-06  4.7252130E-06  2.9051072E-07  3.3925889E-10  9.2048310E-07  2.3543590E-08  0.000E+00  0.1198  3.970182   -9.649  4.118600  8.125344  0.0000000E+00  4.3277838E-01  4.6118215E-01  2.2508355E-22  1.4260618E-07  1.0610912E-01  8.6461842E-12  2.0551680E-07  9.5396002E-07  1.1118216E-05  0.000E+00  1.580E-05  3.795E-03  9.542E-01  1.137E+00  1.88E+02  0.00E+00  6.97E+01  0.530491  0.004046  0.0000000E+00  2.3660768072E-03
267  1.425145681717911E+09    1.682741  2.430888  3.973656  6.6830820E-01  3.3145115E-01  1.1122608E-07  1.3823607E-08  3.0655261E-06  4.7252124E-06  2.9051073E-07  3.3925881E-10  9.2048310E-07  2.3543590E-08  0.000E+00  0.1166  3.973656   -9.647  4.107026  8.129299  0.0000000E+00  4.2281086E-01  4.6266227E-01  9.3846229E-13  2.8580589E-07  1.1459921E-01  1.0303068E-11  1.4130742E-07  9.6103417E-07  1.0971934E-05  0.000E+00  1.599E-05  3.728E-03  9.543E-01  1.136E+00  1.88E+02  0.00E+00  6.99E+01  0.529960  0.004110  0.0000000E+00  2.3494955013E-03
268  1.426620020394195E+09    1.682407  2.434469  3.978360  6.6830820E-01  3.3145120E-01  1.1122605E-07  1.3823603E-08  3.0655267E-06  4.7252118E-06  2.9051075E-07  3.3925873E-10  9.2048310E-07  2.3543590E-08  0.000E+00  0.1128  3.978360   -9.651  4.093445  8.129875  0.0000000E+00  4.1284334E-01  4.6487112E-01  2.0398010E-24  2.2331899E-07  1.2236001E-01  1.0764729E-11  2.7472746E-07  9.6779368E-07  1.0907372E-05  0.000E+00  1.642E-05  3.656E-03  9.543E-01  1.137E+00  1.90E+02  0.00E+00  7.05E+01  0.530232  0.004145  0.0000000E+00  2.3360706224E-03
269  1.426922553048346E+09    1.682339  2.435743  3.976142  6.6830810E-01  3.3145120E-01  1.1122603E-07  1.3823602E-08  3.0655269E-06  4.7252115E-06  2.9051075E-07  3.3925870E-10  9.2048310E-07  2.3543590E-08  0.000E+00  0.1147  3.976142   -9.645  4.094756  8.130774  0.0000000E+00  4.0287582E-01  4.7139713E-01  0.0000000E+00  1.0444790E-07  1.2580146E-01  8.9925450E-12  2.4552274E-07  9.7017161E-07  1.1129753E-05  0.000E+00  1.608E-05  3.662E-03  9.546E-01  1.136E+00  1.89E+02  0.00E+00  6.99E+01  0.528531  0.004157  0.0000000E+00  2.3333367854E-03
270  1.427245367866040E+09    1.682265  2.438079  3.977385  6.6830810E-01  3.3145120E-01  1.1122602E-07  1.3823600E-08  3.0655271E-06  4.7252112E-06  2.9051076E-07  3.3925866E-10  9.2048310E-07  2.3543590E-08  0.000E+00  0.1187  3.977385   -9.643  4.093953  8.132071  0.0000000E+00  3.9290830E-01  4.7781129E-01  0.0000000E+00  4.9724739E-08  1.2935483E-01  7.4835420E-12  1.7036337E-07  9.7270437E-07  1.1307491E-05  0.000E+00  1.618E-05  3.658E-03  9.544E-01  1.136E+00  1.90E+02  0.00E+00  7.01E+01  0.529446  0.004180  0.0000000E+00  2.3303826855E-03
271  1.427603004793206E+09    1.682183  2.439960  3.978661  6.6830810E-01  3.3145120E-01  1.1122600E-07  1.3823598E-08  3.0655275E-06  4.7252109E-06  2.9051077E-07  3.3925862E-10  9.2048310E-07  2.3543590E-08  0.000E+00  0.1237  3.978661   -9.643  4.092696  8.133496  0.0000000E+00  3.8294078E-01  4.8412086E-01  0.0000000E+00  3.1790630E-08  1.3301271E-01  6.2482064E-12  1.0338668E-07  9.7542373E-07  1.1417407E-05  0.000E+00  1.628E-05  3.652E-03  9.543E-01  1.136E+00  1.90E+02  0.00E+00  7.03E+01  0.529924  0.004199  0.0000000E+00  2.3271230954E-03
272  1.427957271366339E+09    1.682103  2.440698  3.979729  6.6830810E-01  3.3145120E-01  1.1122598E-07  1.3823596E-08  3.0655279E-06  4.7252105E-06  2.9051078E-07  3.3925856E-10  9.2048310E-07  2.3543590E-08  0.000E+00  0.1282  3.979729   -9.644  4.092052  8.134680  0.0000000E+00  3.7297326E-01  4.9027737E-01  0.0000000E+00  1.7518632E-08  1.3682369E-01  5.1640225E-12  6.4989565E-08  9.7832727E-07  1.1486631E-05  0.000E+00  1.640E-05  3.649E-03  9.543E-01  1.137E+00  1.90E+02  0.00E+00  7.05E+01  0.530277  0.004206  0.0000000E+00  2.3238981193E-03
273  1.428565407328241E+09    1.681964  2.443285  3.980823  6.6830810E-01  3.3145130E-01  1.1122594E-07  1.3823592E-08  3.0655286E-06  4.7252097E-06  2.9051080E-07  3.3925846E-10  9.2048310E-07  2.3543590E-08  0.000E+00  0.1237  3.980823   -9.642  4.088426  8.136208  0.0000000E+00  3.6300574E-01  4.9594667E-01  9.4108582E-26  3.1523519E-08  1.4112202E-01  4.6078419E-12  6.1028908E-08  9.8196949E-07  1.1469403E-05  0.000E+00  1.644E-05  3.632E-03  9.542E-01  1.136E+00  1.91E+02  0.00E+00  7.06E+01  0.530313  0.004232  0.0000000E+00  2.3183311115E-03
274  1.430027447466308E+09    1.681630  2.449417  3.982642  6.6830800E-01  3.3145140E-01  1.1122582E-07  1.3823579E-08  3.0655307E-06  4.7252074E-06  2.9051085E-07  3.3925817E-10  9.2048310E-07  2.3543590E-08  0.000E+00  0.1190  3.982642   -9.637  4.077226  8.138656  0.0000000E+00  3.5303822E-01  4.9692463E-01  8.8669513E-19  1.2077193E-07  1.5011270E-01  6.0933739E-12  1.2177457E-07  9.9208789E-07  1.1264066E-05  0.000E+00  1.644E-05  3.577E-03  9.544E-01  1.135E+00  1.91E+02  0.00E+00  7.05E+01  0.529327  0.004293  0.0000000E+00  2.3050753127E-03
275  1.430311522369996E+09    1.681565  2.450303  3.982382  6.6830790E-01  3.3145140E-01  1.1122579E-07  1.3823576E-08  3.0655312E-06  4.7252068E-06  2.9051087E-07  3.3925809E-10  9.2048310E-07  2.3543590E-08  0.000E+00  0.1229  3.982382   -9.635  4.078140  8.139826  0.0000000E+00  3.4307070E-01  5.0275704E-01  8.9256460E-24  3.6237314E-08  1.5424774E-01  4.8543544E-12  1.0836880E-07  9.9576214E-07  1.1413138E-05  0.000E+00  1.637E-05  3.582E-03  9.545E-01  1.135E+00  1.90E+02  0.00E+00  7.03E+01  0.528787  0.004301  0.0000000E+00  2.3024637995E-03
276  1.430652234481101E+09    1.681485  2.452699  3.981985  6.6830790E-01  3.3145140E-01  1.1122575E-07  1.3823572E-08  3.0655320E-06  4.7252060E-06  2.9051089E-07  3.3925799E-10  9.2048310E-07  2.3543590E-08  0.000E+00  0.1321  3.981985   -9.631  4.079258  8.141522  0.0000000E+00  3.3310318E-01  5.0844116E-01  1.8360977E-23  1.9332169E-08  1.5853111E-01  3.8798393E-12  5.3841575E-08  9.9972770E-07  1.1506183E-05  0.000E+00  1.625E-05  3.589E-03  9.546E-01  1.135E+00  1.90E+02  0.00E+00  7.01E+01  0.528372  0.004325  0.0000000E+00  2.2993063399E-03
277  1.432659644394411E+09    1.681024  2.457504  3.989586  6.6830770E-01  3.3145166E-01  1.1122548E-07  1.3823543E-08  3.0655370E-06  4.7252006E-06  2.9051101E-07  3.3925731E-10  9.2048310E-07  2.3543590E-08  0.000E+00  0.1180  3.989586   -9.639  4.062278  8.144161  0.0000000E+00  3.2313566E-01  5.0480520E-01  6.6122851E-23  8.8987223E-08  1.7213455E-01  6.4077590E-12  2.0596343E-07  1.0188431E-06  1.1285667E-05  0.000E+00  1.698E-05  3.504E-03  9.546E-01  1.136E+00  1.93E+02  0.00E+00  7.12E+01  0.528719  0.004374  0.0000000E+00  2.2811041938E-03
278  1.432919149379342E+09    1.680964  2.458692  3.989274  6.6830760E-01  3.3145170E-01  1.1122543E-07  1.3823538E-08  3.0655379E-06  4.7251996E-06  2.9051103E-07  3.3925719E-10  9.2048310E-07  2.3543590E-08  0.000E+00  0.1212  3.989274   -9.637  4.063339  8.145508  0.0000000E+00  3.1316814E-01  5.1028481E-01  0.0000000E+00  1.9776968E-08  1.7662240E-01  4.9390273E-12  1.0579782E-07  1.0236914E-06  1.1516666E-05  0.000E+00  1.690E-05  3.509E-03  9.546E-01  1.136E+00  1.93E+02  0.00E+00  7.10E+01  0.528257  0.004387  0.0000000E+00  2.2787518069E-03
279  1.433198496274291E+09    1.680899  2.460299  3.989689  6.6830760E-01  3.3145170E-01  1.1122537E-07  1.3823531E-08  3.0655390E-06  4.7251984E-06  2.9051106E-07  3.3925703E-10  9.2048310E-07  2.3543590E-08  0.000E+00  0.1236  3.989689   -9.635  4.064017  8.146783  0.0000000E+00  3.0320062E-01  5.1558807E-01  0.0000000E+00  7.6699387E-09  1.8128661E-01  3.7859081E-12  4.1456661E-08  1.0289067E-06  1.1614133E-05  0.000E+00  1.690E-05  3.512E-03  9.546E-01  1.135E+00  1.93E+02  0.00E+00  7.10E+01  0.528267  0.004404  0.0000000E+00  2.2761983752E-03
280  1.433491955250715E+09    1.680831  2.461389  3.990408  6.6830750E-01  3.3145180E-01  1.1122530E-07  1.3823524E-08  3.0655403E-06  4.7251970E-06  2.9051109E-07  3.3925686E-10  9.2048310E-07  2.3543590E-08  0.000E+00  0.1281  3.990408   -9.634  4.064675  8.148276  0.0000000E+00  2.9323310E-01  5.2070827E-01  0.0000000E+00  5.1524525E-09  1.8613395E-01  2.8886929E-12  1.8321341E-08  1.0345309E-06  1.1646155E-05  0.000E+00  1.696E-05  3.516E-03  9.546E-01  1.135E+00  1.93E+02  0.00E+00  7.11E+01  0.528383  0.004414  0.0000000E+00  2.2735146038E-03
281  1.433606088265145E+09    1.680804  2.461110  3.988497  6.6830750E-01  3.3145180E-01  1.1122527E-07  1.3823521E-08  3.0655408E-06  4.7251965E-06  2.9051110E-07  3.3925679E-10  9.2048310E-07  2.3543590E-08  0.000E+00  0.1292  3.988497   -9.631  4.065941  8.148704  0.0000000E+00  2.8918131E-01  5.2273860E-01  0.0000000E+00  3.3034123E-09  1.8815541E-01  2.5707796E-12  1.3174073E-08  1.0369229E-06  1.1655263E-05  0.000E+00  1.669E-05  3.522E-03  9.549E-01  1.136E+00  1.92E+02  0.00E+00  7.06E+01  0.527049  0.004412  0.0000000E+00  2.2724713810E-03
282  1.433722034416406E+09    1.680777  2.461145  3.986188  6.6830750E-01  3.3145180E-01  1.1122525E-07  1.3823518E-08  3.0655413E-06  4.7251959E-06  2.9051111E-07  3.3925672E-10  9.2048310E-07  2.3543590E-08  0.000E+00  0.1285  3.986188   -9.627  4.067201  8.149016  0.0000000E+00  2.8512952E-01  5.2473487E-01  0.0000000E+00  2.1743455E-09  1.9021089E-01  2.2839024E-12  9.5179490E-09  1.0393870E-06  1.1661416E-05  0.000E+00  1.637E-05  3.527E-03  9.552E-01  1.135E+00  1.91E+02  0.00E+00  7.00E+01  0.525444  0.004412  0.0000000E+00  2.2713953945E-03
283  1.433884228328033E+09    1.680738  2.464689  3.984598  6.6830750E-01  3.3145190E-01  1.1122521E-07  1.3823514E-08  3.0655420E-06  4.7251951E-06  2.9051113E-07  3.3925662E-10  9.2048310E-07  2.3543590E-08  0.000E+00  0.1332  3.984598   -9.619  4.067284  8.149879  0.0000000E+00  2.8107772E-01  5.2663946E-01  0.0000000E+00  6.9902898E-09  1.9235814E-01  2.1030258E-12  1.2240377E-08  1.0420687E-06  1.1650422E-05  0.000E+00  1.608E-05  3.528E-03  9.553E-01  1.133E+00  1.90E+02  0.00E+00  6.95E+01  0.524742  0.004448  0.0000000E+00  2.2698564106E-03
284  1.434319511153118E+09    1.680633  2.467282  3.983786  6.6830740E-01  3.3145200E-01  1.1122509E-07  1.3823502E-08  3.0655441E-06  4.7251928E-06  2.9051118E-07  3.3925633E-10  9.2048310E-07  2.3543590E-08  0.000E+00  0.1288  3.983786   -9.612  4.064617  8.151236  0.0000000E+00  2.7702593E-01  5.2812496E-01  1.9393333E-17  3.3328117E-08  1.9492442E-01  2.3510574E-12  3.1387402E-08  1.0458354E-06  1.1585753E-05  0.000E+00  1.589E-05  3.518E-03  9.554E-01  1.133E+00  1.89E+02  0.00E+00  6.91E+01  0.523996  0.004476  0.0000000E+00  2.2657114895E-03
285  1.434425596719374E+09    1.680608  2.465586  3.983560  6.6830730E-01  3.3145200E-01  1.1122506E-07  1.3823498E-08  3.0655447E-06  4.7251921E-06  2.9051119E-07  3.3925625E-10  9.2048310E-07  2.3543590E-08  0.000E+00  0.1247  3.983560   -9.615  4.065426  8.151868  0.0000000E+00  2.7297414E-01  5.3005265E-01  4.8551882E-25  1.3525054E-08  1.9704852E-01  2.0663874E-12  3.3503755E-08  1.0485261E-06  1.1614190E-05  0.000E+00  1.590E-05  3.523E-03  9.555E-01  1.133E+00  1.89E+02  0.00E+00  6.91E+01  0.523656  0.004457  0.0000000E+00  2.2646952327E-03
286  1.434548657699976E+09    1.680577  2.468474  3.983928  6.6830730E-01  3.3145200E-01  1.1122503E-07  1.3823495E-08  3.0655453E-06  4.7251915E-06  2.9051121E-07  3.3925617E-10  9.2048310E-07  2.3543590E-08  0.000E+00  0.1328  3.983928   -9.612  4.065331  8.152183  0.0000000E+00  2.6892235E-01  5.3196424E-01  3.7894437E-21  6.3790991E-09  1.9918870E-01  1.8164950E-12  2.3594027E-08  1.0513010E-06  1.1637433E-05  0.000E+00  1.587E-05  3.521E-03  9.554E-01  1.132E+00  1.89E+02  0.00E+00  6.91E+01  0.524031  0.004487  0.0000000E+00  2.2635022813E-03
287  1.434657490082390E+09    1.680551  2.466333  3.984007  6.6830730E-01  3.3145210E-01  1.1122499E-07  1.3823492E-08  3.0655460E-06  4.7251908E-06  2.9051122E-07  3.3925609E-10  9.2048310E-07  2.3543590E-08  0.000E+00  0.1281  3.984007   -9.615  4.065977  8.152322  0.0000000E+00  2.6487056E-01  5.3380265E-01  0.0000000E+00  2.4244310E-09  2.0140207E-01  1.5868786E-12  1.5238435E-08  1.0541763E-06  1.1653758E-05  0.000E+00  1.593E-05  3.524E-03  9.555E-01  1.133E+00  1.89E+02  0.00E+00  6.91E+01  0.523629  0.004466  0.0000000E+00  2.2624583733E-03
288  1.435069674429930E+09    1.680450  2.468525  3.984295  6.6830720E-01  3.3145220E-01  1.1122487E-07  1.3823479E-08  3.0655482E-06  4.7251883E-06  2.9051128E-07  3.3925578E-10  9.2048310E-07  2.3543590E-08  0.000E+00  0.1266  3.984295   -9.613  4.063939  8.153367  0.0000000E+00  2.6081876E-01  5.3438364E-01  3.7294483E-22  2.1118930E-08  2.0486088E-01  1.9177978E-12  3.6815795E-08  1.0597286E-06  1.1610426E-05  0.000E+00  1.589E-05  3.515E-03  9.556E-01  1.132E+00  1.89E+02  0.00E+00  6.91E+01  0.523364  0.004488  0.0000000E+00  2.2584461844E-03
289  1.435292167961883E+09    1.680395  2.470668  3.986476  6.6830710E-01  3.3145220E-01  1.1122480E-07  1.3823471E-08  3.0655496E-06  4.7251869E-06  2.9051131E-07  3.3925559E-10  9.2048310E-07  2.3543590E-08  0.000E+00  0.1352  3.986476   -9.613  4.063575  8.154929  0.0000000E+00  2.5676697E-01  5.3557436E-01  3.6925615E-15  2.9343960E-08  2.0771728E-01  1.9190362E-12  2.6154234E-08  1.0640949E-06  1.1617693E-05  0.000E+00  1.611E-05  3.515E-03  9.553E-01  1.133E+00  1.90E+02  0.00E+00  6.95E+01  0.524453  0.004511  0.0000000E+00  2.2562983499E-03
290  1.435391626227078E+09    1.680372  2.469368  3.984357  6.6830710E-01  3.3145226E-01  1.1122476E-07  1.3823467E-08  3.0655503E-06  4.7251862E-06  2.9051132E-07  3.3925551E-10  9.2048310E-07  2.3543590E-08  0.000E+00  0.1309  3.984357   -9.611  4.064511  8.156905  0.0000000E+00  2.5271518E-01  5.3738590E-01  1.2606816E-21  9.9185495E-09  2.0995748E-01  1.6643496E-12  2.7753497E-08  1.0672644E-06  1.1646154E-05  0.000E+00  1.585E-05  3.528E-03  9.557E-01  1.134E+00  1.89E+02  0.00E+00  6.89E+01  0.522894  0.004497  0.0000000E+00  2.2553441987E-03
291  1.435704671726374E+09    1.680294  2.473241  3.981577  6.6830700E-01  3.3145230E-01  1.1122465E-07  1.3823456E-08  3.0655523E-06  4.7251839E-06  2.9051137E-07  3.3925523E-10  9.2048310E-07  2.3543590E-08  0.000E+00  0.1289  3.981577   -9.601  4.063520  8.157658  0.0000000E+00  2.4866339E-01  5.3781874E-01  1.4332212E-23  2.3766586E-08  2.1356869E-01  1.9637971E-12  4.2414922E-08  1.0736258E-06  1.1623568E-05  0.000E+00  1.539E-05  3.523E-03  9.560E-01  1.131E+00  1.87E+02  0.00E+00  6.81E+01  0.521129  0.004538  0.0000000E+00  2.2522543346E-03
292  1.436151228621303E+09    1.680180  2.476448  3.980052  6.6830690E-01  3.3145250E-01  1.1122448E-07  1.3823439E-08  3.0655553E-06  4.7251806E-06  2.9051144E-07  3.3925481E-10  9.2048310E-07  2.3543590E-08  0.000E+00  0.1359  3.980052   -9.593  4.062684  8.159126  0.0000000E+00  2.4461160E-01  5.3705322E-01  7.0674368E-14  7.4308893E-08  2.1837708E-01  2.6280918E-12  4.0581987E-08  1.0828961E-06  1.1578199E-05  0.000E+00  1.511E-05  3.519E-03  9.562E-01  1.131E+00  1.86E+02  0.00E+00  6.76E+01  0.519979  0.004572  0.0000000E+00  2.2477567016E-03
293  1.436254609933867E+09    1.680154  2.477260  3.984661  6.6830680E-01  3.3145250E-01  1.1122444E-07  1.3823434E-08  3.0655562E-06  4.7251797E-06  2.9051146E-07  3.3925470E-10  9.2048310E-07  2.3543590E-08  0.000E+00  0.1289  3.984661   -9.601  4.060390  8.159460  0.0000000E+00  2.4055981E-01  5.3876825E-01  8.5257231E-19  2.2151197E-08  2.2071381E-01  2.2586785E-12  5.6463560E-08  1.0865000E-06  1.1640778E-05  0.000E+00  1.566E-05  3.508E-03  9.557E-01  1.130E+00  1.88E+02  0.00E+00  6.87E+01  0.522532  0.004580  0.0000000E+00  2.2467195722E-03
294  1.436470428032305E+09    1.680100  2.476537  3.984555  6.6830676E-01  3.3145260E-01  1.1122436E-07  1.3823426E-08  3.0655577E-06  4.7251781E-06  2.9051149E-07  3.3925449E-10  9.2048310E-07  2.3543590E-08  0.000E+00  0.1338  3.984555   -9.601  4.061430  8.160399  0.0000000E+00  2.3650801E-01  5.3965837E-01  6.8417562E-18  2.9014609E-08  2.2387368E-01  2.1851540E-12  3.5416192E-08  1.0921326E-06  1.1666100E-05  0.000E+00  1.565E-05  3.514E-03  9.558E-01  1.131E+00  1.88E+02  0.00E+00  6.85E+01  0.521851  0.004573  0.0000000E+00  2.2445967110E-03
295  1.436566757649384E+09    1.680077  2.474223  3.983714  6.6830670E-01  3.3145260E-01  1.1122432E-07  1.3823422E-08  3.0655584E-06  4.7251773E-06  2.9051151E-07  3.3925440E-10  9.2048310E-07  2.3543590E-08  0.000E+00  0.1304  3.983714   -9.604  4.062957  8.160763  0.0000000E+00  2.3245622E-01  5.4130059E-01  5.0298557E-20  7.5845812E-09  2.2628321E-01  1.8609791E-12  2.9998228E-08  1.0959800E-06  1.1706270E-05  0.000E+00  1.559E-05  3.521E-03  9.560E-01  1.132E+00  1.88E+02  0.00E+00  6.84E+01  0.520884  0.004549  0.0000000E+00  2.2436498839E-03
296  1.436666766950806E+09    1.680051  2.476959  3.983764  6.6830670E-01  3.3145270E-01  1.1122427E-07  1.3823418E-08  3.0655592E-06  4.7251764E-06  2.9051153E-07  3.3925429E-10  9.2048310E-07  2.3543590E-08  0.000E+00  0.1332  3.983764   -9.600  4.063371  8.161544  0.0000000E+00  2.2840443E-01  5.4290383E-01  2.7356219E-21  2.0487578E-09  2.2873174E-01  1.5805777E-12  1.6090514E-08  1.0999644E-06  1.1731864E-05  0.000E+00  1.552E-05  3.524E-03  9.560E-01  1.131E+00  1.88E+02  0.00E+00  6.83E+01  0.521009  0.004577  0.0000000E+00  2.2426511130E-03
297  1.445545045061506E+09    1.677379  2.571205  3.926766  6.6830060E-01  3.3145880E-01  1.1121684E-07  1.3822740E-08  3.0656945E-06  4.7250299E-06  2.9051428E-07  3.3923612E-10  9.2048310E-07  2.3543590E-08  0.000E+00  0.1484  3.926766   -9.353  3.996803  8.174642  0.0000000E+00  2.2435264E-01  4.1153375E-01  6.7263294E-20  1.4709904E-06  3.6414876E-01  7.3765075E-11  2.0404610E-06  1.7881081E-06  1.1526800E-05  0.000E+00  8.043E-06  3.182E-03  9.640E-01  1.101E+00  1.56E+02  0.00E+00  5.11E+01  0.475217  0.005696  0.0000000E+00  2.1347756320E-03
298  1.445612619879760E+09    1.677354  2.529292  3.984756  6.6830050E-01  3.3145880E-01  1.1121682E-07  1.3822738E-08  3.0656950E-06  4.7250294E-06  2.9051429E-07  3.3923606E-10  9.2048310E-07  2.3543590E-08  0.000E+00  0.1120  3.984756   -9.534  3.997075  8.169668  0.0000000E+00  2.2030085E-01  4.1359150E-01  0.0000000E+00  1.8857453E-07  3.6614199E-01  6.0491966E-11  1.2990928E-06  1.7958092E-06  1.4447954E-05  0.000E+00  1.360E-05  3.176E-03  9.600E-01  1.108E+00  1.83E+02  0.00E+00  6.32E+01  0.498838  0.005172  0.0000000E+00  2.1338445016E-03
299  1.445681229890907E+09    1.677335  2.510003  3.983801  6.6830050E-01  3.3145880E-01  1.1121681E-07  1.3822737E-08  3.0656952E-06  4.7250292E-06  2.9051429E-07  3.3923602E-10  9.2048310E-07  2.3543590E-08  0.000E+00  0.1161  3.983801   -9.555  4.004582  8.171145  0.0000000E+00  2.1624905E-01  4.1559613E-01  0.0000000E+00  2.9494671E-08  3.6818884E-01  4.9525314E-11  4.8015259E-07  1.8036812E-06  1.5698645E-05  0.000E+00  1.385E-05  3.211E-03  9.607E-01  1.118E+00  1.84E+02  0.00E+00  6.32E+01  0.494769  0.004947  0.0000000E+00  2.1331369574E-03
300  1.445748682725235E+09    1.677316  2.513289  3.980366  6.6830050E-01  3.3145880E-01  1.1121680E-07  1.3822737E-08  3.0656953E-06  4.7250292E-06  2.9051429E-07  3.3923602E-10  9.2048310E-07  2.3543590E-08  0.000E+00  0.1161  3.980366   -9.543  4.005824  8.171610  0.0000000E+00  2.1219726E-01  4.1757576E-01  0.0000000E+00  4.9492898E-09  3.7026089E-01  4.0374812E-11  1.5458657E-07  1.8117667E-06  1.6134895E-05  0.000E+00  1.336E-05  3.216E-03  9.612E-01  1.116E+00  1.82E+02  0.00E+00  6.22E+01  0.491749  0.004985  0.0000000E+00  2.1324017777E-03
301  1.445817126911864E+09    1.677296  2.512007  3.975496  6.6830050E-01  3.3145880E-01  1.1121680E-07  1.3822737E-08  3.0656953E-06  4.7250292E-06  2.9051429E-07  3.3923602E-10  9.2048310E-07  2.3543590E-08  0.000E+00  0.1158  3.975496   -9.537  4.008799  8.171996  0.0000000E+00  2.0814547E-01  4.1950004E-01  0.0000000E+00  1.5108573E-09  3.7238839E-01  3.2744470E-11  4.8661568E-08  1.8201164E-06  1.6269518E-05  0.000E+00  1.282E-05  3.229E-03  9.620E-01  1.114E+00  1.80E+02  0.00E+00  6.09E+01  0.487563  0.004970  0.0000000E+00  2.1316457370E-03
302  1.445886595149353E+09    1.677276  2.519309  3.972138  6.6830050E-01  3.3145880E-01  1.1121680E-07  1.3822737E-08  3.0656953E-06  4.7250292E-06  2.9051429E-07  3.3923602E-10  9.2048310E-07  2.3543590E-08  0.000E+00  0.1180  3.972138   -9.518  4.009942  8.173082  0.0000000E+00  2.0409368E-01  4.2138787E-01  0.0000000E+00  2.0300218E-09  3.7455230E-01  2.6499984E-11  2.3210648E-08  1.8287280E-06  1.6299555E-05  0.000E+00  1.231E-05  3.235E-03  9.624E-01  1.111E+00  1.78E+02  0.00E+00  5.98E+01  0.485115  0.005055  0.0000000E+00  2.1308446519E-03
303  1.445955385640255E+09    1.677256  2.517242  3.971383  6.6830050E-01  3.3145880E-01  1.1121679E-07  1.3822736E-08  3.0656956E-06  4.7250288E-06  2.9051430E-07  3.3923597E-10  9.2048310E-07  2.3543590E-08  0.000E+00  0.1170  3.971383   -9.522  4.011951  8.173482  0.0000000E+00  2.0004189E-01  4.2322049E-01  0.0000000E+00  8.1632334E-10  3.7677150E-01  2.1273886E-11  9.7144249E-09  1.8376323E-06  1.6317696E-05  0.000E+00  1.224E-05  3.244E-03  9.626E-01  1.110E+00  1.78E+02  0.00E+00  5.96E+01  0.483429  0.005031  0.0000000E+00  2.1300525095E-03
304  1.446025721866245E+09    1.677234  2.516148  3.966972  6.6830050E-01  3.3145890E-01  1.1121674E-07  1.3822732E-08  3.0656964E-06  4.7250279E-06  2.9051431E-07  3.3923586E-10  9.2048310E-07  2.3543590E-08  0.000E+00  0.1162  3.966972   -9.515  4.014809  8.173913  0.0000000E+00  1.9599009E-01  4.2499535E-01  0.0000000E+00  7.6297624E-10  3.7904841E-01  1.7000760E-11  6.0594837E-09  1.8468413E-06  1.6321977E-05  0.000E+00  1.180E-05  3.257E-03  9.632E-01  1.110E+00  1.76E+02  0.00E+00  5.85E+01  0.479902  0.005018  0.0000000E+00  2.1292324304E-03
305  1.446099563308364E+09    1.677210  2.522314  3.963283  6.6830040E-01  3.3145890E-01  1.1121669E-07  1.3822728E-08  3.0656973E-06  4.7250270E-06  2.9051433E-07  3.3923575E-10  9.2048310E-07  2.3543590E-08  0.000E+00  0.1184  3.963283   -9.498  4.016603  8.176144  0.0000000E+00  1.9193830E-01  4.2673543E-01  0.0000000E+00  3.5251920E-09  3.8136007E-01  1.3773233E-11  1.6963614E-08  1.8563947E-06  1.6304029E-05  0.000E+00  1.133E-05  3.270E-03  9.636E-01  1.108E+00  1.74E+02  0.00E+00  5.76E+01  0.477896  0.005090  0.0000000E+00  2.1283365560E-03
306  1.446169833079873E+09    1.677188  2.521064  3.962794  6.6830040E-01  3.3145890E-01  1.1121665E-07  1.3822724E-08  3.0656980E-06  4.7250262E-06  2.9051434E-07  3.3923565E-10  9.2048310E-07  2.3543590E-08  0.000E+00  0.1198  3.962794   -9.500  4.018764  8.176597  0.0000000E+00  1.8788651E-01  4.2846377E-01  0.0000000E+00  2.5132761E-09  3.8368356E-01  1.1117920E-11  1.5285005E-08  1.8662358E-06  1.6307383E-05  0.000E+00  1.128E-05  3.278E-03  9.638E-01  1.107E+00  1.74E+02  0.00E+00  5.73E+01  0.476658  0.005076  0.0000000E+00  2.1274793177E-03
307  1.446236815912225E+09    1.677167  2.523881  3.959972  6.6830040E-01  3.3145900E-01  1.1121661E-07  1.3822721E-08  3.0656988E-06  4.7250254E-06  2.9051436E-07  3.3923555E-10  9.2048310E-07  2.3543590E-08  0.000E+00  0.1199  3.959972   -9.489  4.020420  8.178625  0.0000000E+00  1.8383472E-01  4.3014566E-01  0.0000000E+00  5.7236400E-10  3.8605346E-01  8.8001453E-12  6.7270828E-09  1.8763804E-06  1.6320596E-05  0.000E+00  1.097E-05  3.291E-03  9.640E-01  1.107E+00  1.73E+02  0.00E+00  5.67E+01  0.474910  0.005109  0.0000000E+00  2.1266502373E-03
308  1.446317897981366E+09    1.677141  2.526595  3.964464  6.6830030E-01  3.3145900E-01  1.1121655E-07  1.3822716E-08  3.0656997E-06  4.7250243E-06  2.9051438E-07  3.3923542E-10  9.2048310E-07  2.3543590E-08  0.000E+00  0.1197  3.964464   -9.495  4.019578  8.178990  0.0000000E+00  1.7978293E-01  4.3173160E-01  0.0000000E+00  4.2900445E-09  3.8851931E-01  7.6206595E-12  2.6900714E-08  1.8872336E-06  1.6289780E-05  0.000E+00  1.130E-05  3.285E-03  9.638E-01  1.105E+00  1.74E+02  0.00E+00  5.74E+01  0.476510  0.005141  0.0000000E+00  2.1256412656E-03
309  1.446387884189531E+09    1.677118  2.522369  3.965652  6.6830030E-01  3.3145907E-01  1.1121651E-07  1.3822713E-08  3.0657005E-06  4.7250235E-06  2.9051439E-07  3.3923532E-10  9.2048310E-07  2.3543590E-08  0.000E+00  0.1201  3.965652   -9.504  4.021910  8.178586  0.0000000E+00  1.7573113E-01  4.3326035E-01  0.0000000E+00  5.6463207E-10  3.9104229E-01  5.9072253E-12  7.8811939E-09  1.8982178E-06  1.6318562E-05  0.000E+00  1.147E-05  3.292E-03  9.639E-01  1.106E+00  1.75E+02  0.00E+00  5.76E+01  0.475896  0.005091  0.0000000E+00  2.1248032335E-03
310  1.453436416101697E+09    1.673482  2.680662  3.869022  6.6828430E-01  3.3147510E-01  1.1119446E-07  1.3821336E-08  3.0660577E-06  4.7246409E-06  2.9052019E-07  3.3918564E-10  9.2048310E-07  2.3543590E-08  0.000E+00  0.1187  3.869022   -9.092  3.964879  8.186947  0.0000000E+00  1.7167934E-01  3.0657475E-01  0.0000000E+00  5.0636838E-08  5.2176233E-01  3.4638696E-10  9.6712180E-07  4.2940267E-06  2.5425856E-05  0.000E+00  3.890E-06  3.028E-03  9.728E-01  1.057E+00  1.28E+02  0.00E+00  3.64E+01  0.416882  0.007346  0.0000000E+00  1.9807233198E-03
311  1.453492206115406E+09    1.673457  2.557325  3.953726  6.6828398E-01  3.3147540E-01  1.1119400E-07  1.3821313E-08  3.0660647E-06  4.7246335E-06  2.9052029E-07  3.3918465E-10  9.2048310E-07  2.3543590E-08  0.000E+00  0.1142  3.953726   -9.443  3.985125  8.187024  0.0000000E+00  1.6762755E-01  3.0866136E-01  0.0000000E+00  1.2173907E-09  5.2372727E-01  2.5252818E-10  1.1907793E-07  4.3117949E-06  2.6539383E-05  0.000E+00  8.884E-06  3.115E-03  9.711E-01  1.080E+00  1.66E+02  0.00E+00  4.90E+01  0.428993  0.005529  0.0000000E+00  1.9798374338E-03
312  1.453547277943075E+09    1.673437  2.558165  3.946899  6.6828390E-01  3.3147550E-01  1.1119387E-07  1.3821305E-08  3.0660667E-06  4.7246313E-06  2.9052032E-07  3.3918435E-10  9.2048310E-07  2.3543590E-08  0.000E+00  0.1193  3.946899   -9.421  3.987928  8.188819  0.0000000E+00  1.6357576E-01  3.1076050E-01  0.0000000E+00  3.5482674E-10  5.2567986E-01  1.8423230E-10  2.2688864E-08  4.3298628E-06  2.6657891E-05  0.000E+00  8.326E-06  3.128E-03  9.720E-01  1.082E+00  1.64E+02  0.00E+00  4.74E+01  0.422474  0.005541  0.0000000E+00  1.9791106204E-03
313  1.453600321826595E+09    1.673416  2.560434  3.944925  6.6828380E-01  3.3147550E-01  1.1119384E-07  1.3821303E-08  3.0660672E-06  4.7246308E-06  2.9052033E-07  3.3918428E-10  9.2048310E-07  2.3543590E-08  0.000E+00  0.1189  3.944925   -9.415  3.989784  8.189566  0.0000000E+00  1.5952397E-01  3.1279892E-01  0.0000000E+00  1.1013151E-10  5.2769324E-01  1.3259370E-10  4.7471340E-09  4.3486467E-06  2.6679521E-05  0.000E+00  8.132E-06  3.137E-03  9.724E-01  1.080E+00  1.63E+02  0.00E+00  4.68E+01  0.420058  0.005570  0.0000000E+00  1.9783826189E-03
314  1.453654340663980E+09    1.673395  2.562303  3.942587  6.6828380E-01  3.3147550E-01  1.1119383E-07  1.3821303E-08  3.0660674E-06  4.7246306E-06  2.9052033E-07  3.3918425E-10  9.2048310E-07  2.3543590E-08  0.000E+00  0.1198  3.942587   -9.407  3.992397  8.190665  0.0000000E+00  1.5547217E-01  3.1477210E-01  0.0000000E+00  1.3811672E-10  5.2977184E-01  9.4746420E-11  3.4711152E-09  4.3681959E-06  2.6680326E-05  0.000E+00  7.928E-06  3.150E-03  9.727E-01  1.079E+00  1.62E+02  0.00E+00  4.62E+01  0.417746  0.005594  0.0000000E+00  1.9776347598E-03
315  1.453709164325537E+09    1.673374  2.559552  3.940163  6.6828380E-01  3.3147550E-01  1.1119382E-07  1.3821303E-08  3.0660675E-06  4.7246305E-06  2.9052033E-07  3.3918424E-10  9.2048310E-07  2.3543590E-08  0.000E+00  0.1182  3.940163   -9.407  3.995385  8.191189  0.0000000E+00  1.5142038E-01  3.1667414E-01  0.0000000E+00  9.0124318E-11  5.3192156E-01  6.6972051E-11  2.2624842E-09  4.3885589E-06  2.6681138E-05  0.000E+00  7.778E-06  3.163E-03  9.731E-01  1.078E+00  1.61E+02  0.00E+00  4.57E+01  0.414923  0.005559  0.0000000E+00  1.9768712221E-03
316  1.453764690715490E+09    1.673352  2.562364  3.931973  6.6828380E-01  3.3147550E-01  1.1119382E-07  1.3821303E-08  3.0660675E-06  4.7246305E-06  2.9052033E-07  3.3918424E-10  9.2048310E-07  2.3543590E-08  0.000E+00  0.1196  3.931973   -9.387  3.999114  8.192346  0.0000000E+00  1.4736859E-01  3.1850649E-01  0.0000000E+00  6.8244798E-11  5.3414101E-01  4.6905583E-11  1.6791363E-09  4.4097498E-06  2.6681116E-05  0.000E+00  7.221E-06  3.180E-03  9.737E-01  1.077E+00  1.58E+02  0.00E+00  4.42E+01  0.409924  0.005594  0.0000000E+00  1.9760735631E-03
317  1.453820893609277E+09    1.673328  2.561641  3.925767  6.6828380E-01  3.3147550E-01  1.1119382E-07  1.3821303E-08  3.0660675E-06  4.7246305E-06  2.9052033E-07  3.3918424E-10  9.2048310E-07  2.3543590E-08  0.000E+00  0.1185  3.925767   -9.377  4.002431  8.192942  0.0000000E+00  1.4331680E-01  3.2026427E-01  0.0000000E+00  6.8218479E-11  5.3643497E-01  3.2606227E-11  1.5385092E-09  4.4318671E-06  2.6680485E-05  0.000E+00  6.842E-06  3.195E-03  9.744E-01  1.075E+00  1.55E+02  0.00E+00  4.31E+01  0.405173  0.005585  0.0000000E+00  1.9752295746E-03
318  1.453877111923330E+09    1.673304  2.567296  3.918683  6.6828380E-01  3.3147550E-01  1.1119382E-07  1.3821303E-08  3.0660675E-06  4.7246305E-06  2.9052033E-07  3.3918424E-10  9.2048310E-07  2.3543590E-08  0.000E+00  0.1194  3.918683   -9.355  4.005474  8.194006  0.0000000E+00  1.3926501E-01  3.2195109E-01  0.0000000E+00  5.6533143E-11  5.3879991E-01  2.2485212E-11  1.2533622E-09  4.4549494E-06  2.6680013E-05  0.000E+00  6.380E-06  3.209E-03  9.749E-01  1.073E+00  1.52E+02  0.00E+00  4.18E+01  0.400848  0.005659  0.0000000E+00  1.9743401344E-03
319  1.453935121832454E+09    1.673278  2.564667  3.910650  6.6828380E-01  3.3147550E-01  1.1119382E-07  1.3821303E-08  3.0660675E-06  4.7246305E-06  2.9052033E-07  3.3918424E-10  9.2048310E-07  2.3543590E-08  0.000E+00  0.1179  3.910650   -9.344  4.009653  8.194555  0.0000000E+00  1.3521322E-01  3.2354631E-01  0.0000000E+00  6.1469879E-11  5.4125644E-01  1.5500262E-11  1.2988901E-09  4.4791215E-06  2.6679075E-05  0.000E+00  5.968E-06  3.228E-03  9.758E-01  1.071E+00  1.50E+02  0.00E+00  4.04E+01  0.394881  0.005625  0.0000000E+00  1.9733966575E-03
320  1.453994597247914E+09    1.673250  2.575670  3.901811  6.6828380E-01  3.3147560E-01  1.1119378E-07  1.3821301E-08  3.0660681E-06  4.7246298E-06  2.9052034E-07  3.3918416E-10  9.2048310E-07  2.3543590E-08  0.000E+00  0.1212  3.901811   -9.309  4.012654  8.196311  0.0000000E+00  1.3116142E-01  3.2506227E-01  0.0000000E+00  1.5535436E-10  5.4379226E-01  1.1396518E-11  2.8829378E-09  4.5045255E-06  2.6676071E-05  0.000E+00  5.463E-06  3.243E-03  9.761E-01  1.069E+00  1.46E+02  0.00E+00  3.90E+01  0.391785  0.005769  0.0000000E+00  1.9723499568E-03
321  1.454054013793159E+09    1.673221  2.575245  3.905551  6.6828339E-01  3.3147601E-01  1.1119316E-07  1.3821268E-08  3.0660775E-06  4.7246199E-06  2.9052047E-07  3.3918281E-10  9.2048310E-07  2.3543590E-08  0.000E+00  0.1198  3.905551   -9.318  4.014606  8.197039  0.0000000E+00  1.2710963E-01  3.2649227E-01  0.0000000E+00  1.1128181E-10  5.4641402E-01  8.2056004E-12  2.0984703E-09  4.5311973E-06  2.6676133E-05  0.000E+00  5.618E-06  3.251E-03  9.761E-01  1.068E+00  1.47E+02  0.00E+00  3.94E+01  0.392341  0.005763  0.0000000E+00  1.9712911269E-03
322  1.454113677874271E+09    1.673192  2.575880  3.902797  6.6828268E-01  3.3147665E-01  1.1119214E-07  1.3821217E-08  3.0660929E-06  4.7246035E-06  2.9052070E-07  3.3918059E-10  9.2048310E-07  2.3543590E-08  0.000E+00  0.1213  3.902797   -9.312  4.018394  8.198528  0.0000000E+00  1.2305784E-01  3.2782470E-01  0.0000000E+00  6.7453471E-11  5.4913337E-01  5.9719128E-12  1.4003889E-09  4.5592476E-06  2.6676041E-05  0.000E+00  5.472E-06  3.270E-03  9.764E-01  1.068E+00  1.46E+02  0.00E+00  3.89E+01  0.389996  0.005772  0.0000000E+00  1.9702445295E-03
323  1.454172498997872E+09    1.673164  2.576591  3.905653  6.6828199E-01  3.3147741E-01  1.1119102E-07  1.3821159E-08  3.0661097E-06  4.7245857E-06  2.9052094E-07  3.3917818E-10  9.2048310E-07  2.3543590E-08  0.000E+00  0.1212  3.905653   -9.317  4.020857  8.199519  0.0000000E+00  1.1900605E-01  3.2906735E-01  0.0000000E+00  5.6188648E-11  5.5194249E-01  4.2433847E-12  1.0679194E-09  4.5887413E-06  2.6675400E-05  0.000E+00  5.579E-06  3.282E-03  9.763E-01  1.067E+00  1.47E+02  0.00E+00  3.92E+01  0.390334  0.005781  0.0000000E+00  1.9692027802E-03
324  1.454232531331138E+09    1.673135  2.575187  3.904860  6.6828129E-01  3.3147811E-01  1.1119003E-07  1.3821109E-08  3.0661246E-06  4.7245698E-06  2.9052115E-07  3.3917604E-10  9.2048310E-07  2.3543590E-08  0.000E+00  0.1214  3.904860   -9.318  4.024552  8.200715  0.0000000E+00  1.1495426E-01  3.3019788E-01  0.0000000E+00  5.8572155E-11  5.5486371E-01  3.1649175E-12  1.0920275E-09  4.6198990E-06  2.6674242E-05  0.000E+00  5.539E-06  3.299E-03  9.765E-01  1.067E+00  1.47E+02  0.00E+00  3.90E+01  0.388815  0.005763  0.0000000E+00  1.9681581833E-03
325  1.454293453799209E+09    1.673105  2.575900  3.903009  6.6828068E-01  3.3147872E-01  1.1118906E-07  1.3821060E-08  3.0661392E-06  4.7245543E-06  2.9052136E-07  3.3917395E-10  9.2048310E-07  2.3543590E-08  0.000E+00  0.1211  3.903009   -9.313  4.028011  8.201855  0.0000000E+00  1.1090246E-01  3.3121471E-01  0.0000000E+00  5.9026748E-11  5.5789866E-01  2.5231941E-12  1.0846495E-09  4.6528823E-06  2.6673063E-05  0.000E+00  5.438E-06  3.316E-03  9.767E-01  1.067E+00  1.46E+02  0.00E+00  3.86E+01  0.387161  0.005773  0.0000000E+00  1.9670851741E-03
326  1.454357601828579E+09    1.673073  2.579219  3.898388  6.6828003E-01  3.3147937E-01  1.1118807E-07  1.3821010E-08  3.0661540E-06  4.7245386E-06  2.9052157E-07  3.3917182E-10  9.2048310E-07  2.3543590E-08  0.000E+00  0.1226  3.898388   -9.297  4.031751  8.203434  0.0000000E+00  1.0685067E-01  3.3209032E-01  0.0000000E+00  1.2710399E-10  5.6107475E-01  2.6396658E-12  2.2540055E-09  4.6881600E-06  2.6670258E-05  0.000E+00  5.202E-06  3.335E-03  9.770E-01  1.066E+00  1.44E+02  0.00E+00  3.79E+01  0.384689  0.005817  0.0000000E+00  1.9659296018E-03
327  1.454421748227432E+09    1.673041  2.578866  3.899492  6.6827939E-01  3.3148001E-01  1.1118714E-07  1.3820963E-08  3.0661678E-06  4.7245238E-06  2.9052177E-07  3.3916981E-10  9.2048310E-07  2.3543590E-08  0.000E+00  0.1217  3.899492   -9.302  4.035168  8.204552  0.0000000E+00  1.0279888E-01  3.3284423E-01  0.0000000E+00  8.0697988E-11  5.6437258E-01  2.4123555E-12  1.4545601E-09  4.7255503E-06  2.6669965E-05  0.000E+00  5.242E-06  3.351E-03  9.771E-01  1.065E+00  1.45E+02  0.00E+00  3.80E+01  0.384482  0.005813  0.0000000E+00  1.9647603217E-03
328  1.454485341739890E+09    1.673009  2.580302  3.895911  6.6827880E-01  3.3148055E-01  1.1118629E-07  1.3820921E-08  3.0661807E-06  4.7245102E-06  2.9052195E-07  3.3916797E-10  9.2048310E-07  2.3543590E-08  0.000E+00  0.1230  3.895911   -9.292  4.039508  8.206099  0.0000000E+00  9.8747088E-02  3.3347655E-01  0.0000000E+00  4.3554178E-11  5.6779205E-01  1.9301627E-12  8.6558692E-10  4.7650660E-06  2.6669326E-05  0.000E+00  5.072E-06  3.373E-03  9.773E-01  1.065E+00  1.43E+02  0.00E+00  3.74E+01  0.382349  0.005832  0.0000000E+00  1.9635957468E-03
329  1.454550439832831E+09    1.672976  2.581241  3.895797  6.6827824E-01  3.3148116E-01  1.1118545E-07  1.3820879E-08  3.0661932E-06  4.7244969E-06  2.9052213E-07  3.3916616E-10  9.2048310E-07  2.3543590E-08  0.000E+00  0.1220  3.895797   -9.291  4.044231  8.209103  0.0000000E+00  9.4695296E-02  3.3396806E-01  0.0000000E+00  2.2501496E-11  5.7135229E-01  2.2495602E-12  9.5178784E-10  4.8079820E-06  2.6667711E-05  0.000E+00  5.052E-06  3.403E-03  9.774E-01  1.065E+00  1.43E+02  0.00E+00  3.73E+01  0.381863  0.005844  0.0000000E+00  1.9623836100E-03
330  1.454620336589401E+09    1.672940  2.582266  3.892171  6.6827765E-01  3.3148175E-01  1.1118459E-07  1.3820837E-08  3.0662059E-06  4.7244834E-06  2.9052231E-07  3.3916432E-10  9.2048310E-07  2.3543590E-08  0.000E+00  0.1226  3.892171   -9.283  4.048403  8.211060  0.0000000E+00  9.0643504E-02  3.3425032E-01  0.0000000E+00  9.8472184E-12  5.7512178E-01  2.9843166E-12  6.4610608E-10  4.8553350E-06  2.6666402E-05  0.000E+00  4.889E-06  3.425E-03  9.776E-01  1.065E+00  1.42E+02  0.00E+00  3.68E+01  0.379702  0.005859  0.0000000E+00  1.9610668599E-03
331  1.454692422689393E+09    1.672902  2.584389  3.893319  6.6827712E-01  3.3148228E-01  1.1118374E-07  1.3820794E-08  3.0662186E-06  4.7244699E-06  2.9052249E-07  3.3916249E-10  9.2048310E-07  2.3543590E-08  0.000E+00  0.1252  3.893319   -9.282  4.051786  8.211008  0.0000000E+00  8.6591712E-02  3.3434093E-01  0.0000000E+00  2.1817288E-10  5.7908290E-01  3.3558075E-12  3.2003065E-09  4.9061844E-06  2.6661128E-05  0.000E+00  4.914E-06  3.435E-03  9.776E-01  1.064E+00  1.42E+02  0.00E+00  3.68E+01  0.379989  0.005887  0.0000000E+00  1.9596852016E-03
332  1.454756346532548E+09    1.672869  2.582475  3.890748  6.6827665E-01  3.3148275E-01  1.1118306E-07  1.3820761E-08  3.0662286E-06  4.7244593E-06  2.9052263E-07  3.3916105E-10  9.2048310E-07  2.3543590E-08  0.000E+00  0.1242  3.890748   -9.281  4.057724  8.213208  0.0000000E+00  8.2539920E-02  3.3438752E-01  0.0000000E+00  1.2968260E-10  5.8308806E-01  2.2100034E-12  1.7632134E-09  4.9582761E-06  2.6661155E-05  0.000E+00  4.816E-06  3.468E-03  9.779E-01  1.064E+00  1.42E+02  0.00E+00  3.65E+01  0.377928  0.005861  0.0000000E+00  1.9584727035E-03
333  1.454818439630969E+09    1.672836  2.584630  3.887106  6.6827620E-01  3.3148320E-01  1.1118241E-07  1.3820728E-08  3.0662384E-06  4.7244489E-06  2.9052277E-07  3.3915963E-10  9.2048310E-07  2.3543590E-08  0.000E+00  0.1225  3.887106   -9.270  4.062812  8.215871  0.0000000E+00  7.8488129E-02  3.3428724E-01  0.0000000E+00  2.2993549E-12  5.8724007E-01  1.1297599E-12  8.4390184E-11  5.0135002E-06  2.6661427E-05  0.000E+00  4.654E-06  3.499E-03  9.781E-01  1.063E+00  1.40E+02  0.00E+00  3.59E+01  0.376060  0.005891  0.0000000E+00  1.9572555292E-03
334  1.456148745967024E+09    1.671715  2.682978  3.783361  6.6826520E-01  3.3149430E-01  1.1116527E-07  1.3819922E-08  3.0664883E-06  4.7241839E-06  2.9052616E-07  3.3912318E-10  9.2048310E-07  2.3543590E-08  0.000E+00  0.1229  3.783361   -8.918  4.042866  8.219205  0.0000000E+00  7.4436337E-02  2.9244758E-01  0.0000000E+00  3.0717252E-13  6.3313019E-01  5.6774528E-11  8.3853162E-10  6.3426932E-06  2.6612211E-05  0.000E+00  1.742E-06  3.392E-03  9.820E-01  1.037E+00  1.04E+02  0.00E+00  2.42E+01  0.342036  0.007393  0.0000000E+00  1.9150396947E-03
335  1.456209350339122E+09    1.671671  2.596133  3.871646  6.6826490E-01  3.3149450E-01  1.1116486E-07  1.3819905E-08  3.0664942E-06  4.7241777E-06  2.9052624E-07  3.3912231E-10  9.2048310E-07  2.3543590E-08  0.000E+00  0.1138  3.871646   -9.227  4.062493  8.219417  0.0000000E+00  7.0384545E-02  2.9227078E-01  0.0000000E+00  2.3540045E-17  6.3735870E-01  2.0145825E-11  8.3437846E-13  6.4158186E-06  2.6610786E-05  0.000E+00  4.096E-06  3.485E-03  9.781E-01  1.060E+00  1.34E+02  0.00E+00  3.44E+01  0.375750  0.006053  0.0000000E+00  1.9134483111E-03
336  1.456270677394247E+09    1.671634  2.596566  3.865639  6.6826490E-01  3.3149460E-01  1.1116477E-07  1.3819900E-08  3.0664955E-06  4.7241763E-06  2.9052625E-07  3.3912212E-10  9.2048310E-07  2.3543590E-08  0.000E+00  0.1172  3.865639   -9.208  4.069844  8.222146  0.0000000E+00  6.6332753E-02  2.9193677E-01  0.0000000E+00  3.2114176E-16  6.4174443E-01  7.0900182E-12  1.5202614E-12  6.4948650E-06  2.6608120E-05  0.000E+00  3.861E-06  3.524E-03  9.789E-01  1.061E+00  1.32E+02  0.00E+00  3.33E+01  0.369768  0.006059  0.0000000E+00  1.9120328563E-03
337  1.456331318442588E+09    1.671596  2.599082  3.860716  6.6826490E-01  3.3149460E-01  1.1116476E-07  1.3819900E-08  3.0664956E-06  4.7241763E-06  2.9052626E-07  3.3912210E-10  9.2048310E-07  2.3543590E-08  0.000E+00  0.1173  3.860716   -9.195  4.076474  8.224229  0.0000000E+00  6.2280961E-02  2.9134848E-01  0.0000000E+00  1.5616793E-16  6.4638441E-01  2.3321854E-12  6.8925378E-13  6.5814160E-06  2.6605195E-05  0.000E+00  3.668E-06  3.558E-03  9.794E-01  1.059E+00  1.31E+02  0.00E+00  3.25E+01  0.365160  0.006094  0.0000000E+00  1.9105801820E-03
338  1.456393021934979E+09    1.671556  2.598496  3.854237  6.6826490E-01  3.3149460E-01  1.1116476E-07  1.3819900E-08  3.0664956E-06  4.7241763E-06  2.9052626E-07  3.3912210E-10  9.2048310E-07  2.3543590E-08  0.000E+00  0.1179  3.854237   -9.184  4.084443  8.226682  0.0000000E+00  5.8229169E-02  2.9050872E-01  0.0000000E+00  4.6137622E-16  6.5127587E-01  9.5795677E-13  1.4866106E-12  6.6770051E-06  2.6601935E-05  0.000E+00  3.453E-06  3.602E-03  9.801E-01  1.058E+00  1.29E+02  0.00E+00  3.15E+01  0.359359  0.006086  0.0000000E+00  1.9090648422E-03
339  1.456456939364304E+09    1.671513  2.602598  3.845324  6.6826480E-01  3.3149460E-01  1.1116467E-07  1.3819896E-08  3.0664968E-06  4.7241749E-06  2.9052627E-07  3.3912191E-10  9.2048310E-07  2.3543590E-08  0.000E+00  0.1178  3.845324   -9.161  4.092437  8.228780  0.0000000E+00  5.4177377E-02  2.8933848E-01  0.0000000E+00  4.4738726E-16  6.5649779E-01  4.1156568E-13  1.0529924E-12  6.7825564E-06  2.6598331E-05  0.000E+00  3.165E-06  3.643E-03  9.808E-01  1.056E+00  1.26E+02  0.00E+00  3.02E+01  0.353207  0.006145  0.0000000E+00  1.9074094918E-03
340  1.456520462459369E+09    1.671468  2.602040  3.834604  6.6826396E-01  3.3149552E-01  1.1116334E-07  1.3819837E-08  3.0665159E-06  4.7241548E-06  2.9052652E-07  3.3911910E-10  9.2048310E-07  2.3543590E-08  0.000E+00  0.1144  3.834604   -9.142  4.101181  8.232141  0.0000000E+00  5.0125585E-02  2.8783805E-01  0.0000000E+00  7.4659034E-17  6.6204991E-01  1.1888250E-13  1.6026494E-13  6.8994671E-06  2.6594320E-05  0.000E+00  2.879E-06  3.696E-03  9.816E-01  1.054E+00  1.23E+02  0.00E+00  2.88E+01  0.345908  0.006137  0.0000000E+00  1.9056929537E-03
341  1.456587372669691E+09    1.671418  2.606053  3.821746  6.6826288E-01  3.3149654E-01  1.1116162E-07  1.3819760E-08  3.0665404E-06  4.7241289E-06  2.9052684E-07  3.3911550E-10  9.2048310E-07  2.3543590E-08  0.000E+00  0.1167  3.821746   -9.111  4.110538  8.233622  0.0000000E+00  4.6073793E-02  2.8591951E-01  0.0000000E+00  1.0177414E-16  6.6802010E-01  5.1868914E-14  2.0453001E-13  7.0303016E-06  2.6589819E-05  0.000E+00  2.556E-06  3.742E-03  9.824E-01  1.051E+00  1.19E+02  0.00E+00  2.73E+01  0.338132  0.006194  0.0000000E+00  1.9037282702E-03
342  1.456657455678627E+09    1.671361  2.610947  3.807305  6.6826185E-01  3.3149760E-01  1.1116002E-07  1.3819690E-08  3.0665632E-06  4.7241048E-06  2.9052714E-07  3.3911213E-10  9.2048310E-07  2.3543590E-08  0.000E+00  0.1149  3.807305   -9.075  4.121649  8.238534  0.0000000E+00  4.2022001E-02  2.8356559E-01  0.0000000E+00  7.8494139E-17  6.7442567E-01  1.1578224E-13  3.1535487E-13  7.1795332E-06  2.6584628E-05  0.000E+00  2.235E-06  3.813E-03  9.834E-01  1.049E+00  1.14E+02  0.00E+00  2.56E+01  0.329869  0.006264  0.0000000E+00  1.9015024043E-03
343  1.456733195159335E+09    1.671296  2.615005  3.803049  6.6826086E-01  3.3149864E-01  1.1115840E-07  1.3819618E-08  3.0665862E-06  4.7240805E-06  2.9052743E-07  3.3910872E-10  9.2048310E-07  2.3543590E-08  0.000E+00  0.1164  3.803049   -9.062  4.130926  8.240714  0.0000000E+00  3.7970209E-02  2.8066520E-01  0.0000000E+00  4.4445863E-16  6.8137768E-01  1.6182971E-13  7.9391604E-13  7.3528000E-06  2.6578531E-05  0.000E+00  2.137E-06  3.862E-03  9.836E-01  1.047E+00  1.13E+02  0.00E+00  2.51E+01  0.327201  0.006323  0.0000000E+00  1.8989473490E-03
344  1.456806472348315E+09    1.671232  2.613520  3.793334  6.6826000E-01  3.3149950E-01  1.1115696E-07  1.3819555E-08  3.0666067E-06  4.7240587E-06  2.9052770E-07  3.3910568E-10  9.2048310E-07  2.3543590E-08  0.000E+00  0.1157  3.793334   -9.046  4.142821  8.242937  0.0000000E+00  3.3918417E-02  2.7728663E-01  0.0000000E+00  6.6877894E-17  6.8880785E-01  2.5521949E-14  9.4073137E-14  7.5456596E-06  2.6571729E-05  0.000E+00  1.960E-06  3.926E-03  9.843E-01  1.046E+00  1.11E+02  0.00E+00  2.40E+01  0.320261  0.006302  0.0000000E+00  1.8964154183E-03
345  1.456883222560300E+09    1.671159  2.619902  3.777689  6.6825897E-01  3.3150053E-01  1.1115537E-07  1.3819485E-08  3.0666293E-06  4.7240348E-06  2.9052799E-07  3.3910234E-10  9.2048310E-07  2.3543590E-08  0.000E+00  0.1172  3.777689   -9.006  4.156870  8.247238  0.0000000E+00  2.9866626E-02  2.7326466E-01  0.0000000E+00  5.5029861E-16  6.9688138E-01  4.7257469E-14  7.1675656E-13  7.7719490E-06  2.6563625E-05  0.000E+00  1.681E-06  4.010E-03  9.853E-01  1.043E+00  1.06E+02  0.00E+00  2.23E+01  0.309707  0.006395  0.0000000E+00  1.8935032596E-03
346  1.456961854104978E+09    1.671079  2.622573  3.767664  6.6825795E-01  3.3150152E-01  1.1115375E-07  1.3819415E-08  3.0666521E-06  4.7240107E-06  2.9052828E-07  3.3909897E-10  9.2048310E-07  2.3543590E-08  0.000E+00  0.1165  3.767664   -8.983  4.171440  8.252534  0.0000000E+00  2.5814834E-02  2.6853157E-01  0.0000000E+00  5.3460663E-16  7.0566600E-01  3.7919269E-14  6.3210069E-13  8.0396955E-06  2.6553868E-05  0.000E+00  1.517E-06  4.104E-03  9.861E-01  1.041E+00  1.04E+02  0.00E+00  2.12E+01  0.301350  0.006435  0.0000000E+00  1.8903503360E-03
347  1.457048479521191E+09    1.670986  2.625469  3.761284  6.6825693E-01  3.3150257E-01  1.1115206E-07  1.3819340E-08  3.0666762E-06  4.7239853E-06  2.9052859E-07  3.3909540E-10  9.2048310E-07  2.3543590E-08  0.000E+00  0.1134  3.761284   -8.967  4.186153  8.257550  0.0000000E+00  2.1763042E-02  2.6278242E-01  0.0000000E+00  8.0889912E-18  7.1546659E-01  5.7716848E-14  3.2956360E-14  8.3724161E-06  2.6541450E-05  0.000E+00  1.414E-06  4.200E-03  9.868E-01  1.038E+00  1.02E+02  0.00E+00  2.04E+01  0.295009  0.006479  0.0000000E+00  1.8867114288E-03
348  1.457132807130890E+09    1.670893  2.628597  3.751002  6.6825590E-01  3.3150351E-01  1.1115051E-07  1.3819274E-08  3.0666979E-06  4.7239624E-06  2.9052887E-07  3.3909219E-10  9.2048310E-07  2.3543590E-08  0.000E+00  0.1165  3.751002   -8.942  4.206306  8.262767  0.0000000E+00  1.7711250E-02  2.5629253E-01  0.0000000E+00  5.6339076E-16  7.2600788E-01  2.6879955E-14  5.3597339E-13  8.7666116E-06  2.6526338E-05  0.000E+00  1.237E-06  4.325E-03  9.882E-01  1.034E+00  9.94E+01  0.00E+00  1.87E+01  0.278884  0.006526  0.0000000E+00  1.8830644569E-03
349  1.457226623423105E+09    1.670784  2.630628  3.745888  6.6825519E-01  3.3150431E-01  1.1114929E-07  1.3819221E-08  3.0667151E-06  4.7239441E-06  2.9052909E-07  3.3908962E-10  9.2048310E-07  2.3543590E-08  0.000E+00  0.1122  3.745888   -8.932  4.229271  8.269503  0.0000000E+00  1.3659458E-02  2.4853946E-01  0.0000000E+00  4.5410742E-17  7.3781223E-01  1.3059975E-14  4.7016119E-14  9.2613954E-06  2.6506781E-05  0.000E+00  1.114E-06  4.480E-03  9.896E-01  1.030E+00  9.81E+01  0.00E+00  1.73E+01  0.261555  0.006557  0.0000000E+00  1.8790356303E-03
350  1.457390150677916E+09    1.670580  2.619102  3.727476  6.6825360E-01  3.3150590E-01  1.1114683E-07  1.3819115E-08  3.0667499E-06  4.7239074E-06  2.9052953E-07  3.3908445E-10  9.2048310E-07  2.3543590E-08  0.000E+00  0.1193  3.727476   -8.901  4.259341  8.276603  0.0000000E+00  9.6076660E-03  2.3638785E-01  0.0000000E+00  8.6781234E-17  7.5401475E-01  1.0196408E-13  9.1533187E-14  1.0149521E-05  2.6468500E-05  0.000E+00  5.482E-07  4.677E-03  9.969E-01  1.017E+00  9.44E+01  0.00E+00  9.12E+00  0.144406  0.006386  0.0000000E+00  1.8730856102E-03
351  1.457410866699365E+09    1.670554  2.629757  3.724991  6.6825350E-01  3.3150600E-01  1.1114654E-07  1.3819103E-08  3.0667539E-06  4.7239032E-06  2.9052958E-07  3.3908387E-10  9.2048310E-07  2.3543590E-08  0.000E+00  0.1150  3.724991   -8.900  4.264027  8.277090  0.0000000E+00  9.1272827E-03  2.3488381E-01  0.0000000E+00  1.3235355E-19  7.5599906E-01  8.0666358E-14  4.3387715E-15  1.0263877E-05  2.6463550E-05  0.000E+00  4.843E-07  4.709E-03  9.974E-01  1.007E+00  9.33E+01  0.00E+00  8.25E+00  0.132267  0.006545  0.0000000E+00  1.8739504345E-03
352  1.457437693861817E+09    1.670520  2.631635  3.721560  6.6825330E-01  3.3150620E-01  1.1114624E-07  1.3819090E-08  3.0667582E-06  4.7238986E-06  2.9052964E-07  3.3908323E-10  9.2048310E-07  2.3543590E-08  0.000E+00  0.1157  3.721560   -8.892  4.275334  8.279527  0.0000000E+00  8.1665161E-03  2.3255236E-01  0.0000000E+00  1.4673916E-17  7.5929109E-01  1.1367923E-14  7.4160549E-15  1.0442594E-05  2.6455832E-05  0.000E+00  3.868E-07  4.785E-03  9.982E-01  1.005E+00  9.24E+01  0.00E+00  6.70E+00  0.108614  0.006573  0.0000000E+00  1.8733675072E-03
353  1.457464544580153E+09    1.670484  2.646006  3.718875  6.6825319E-01  3.3150631E-01  1.1114604E-07  1.3819082E-08  3.0667609E-06  4.7238958E-06  2.9052967E-07  3.3908282E-10  9.2048310E-07  2.3543590E-08  0.000E+00  0.1159  3.718875   -8.865  4.286328  8.282764  0.0000000E+00  7.2057495E-03  2.3013899E-01  0.0000000E+00  1.2740814E-17  7.6266504E-01  2.1461709E-15  6.6454938E-15  1.0636459E-05  2.6447189E-05  0.000E+00  3.356E-07  4.865E-03  9.985E-01  1.004E+00  9.11E+01  0.00E+00  5.99E+00  0.098450  0.006795  0.0000000E+00  1.8728351717E-03
354  1.457477954414535E+09    1.670466  2.649681  3.718022  6.6825310E-01  3.3150640E-01  1.1114596E-07  1.3819077E-08  3.0667621E-06  4.7238945E-06  2.9052969E-07  3.3908265E-10  9.2048310E-07  2.3543590E-08  0.000E+00  0.1157  3.718022   -8.857  4.291703  8.284396  0.0000000E+00  6.7253662E-03  2.2890224E-01  0.0000000E+00  1.6942552E-17  7.6438206E-01  1.0933438E-15  8.4729096E-15  1.0739605E-05  2.6442466E-05  0.000E+00  3.180E-07  4.905E-03  9.987E-01  1.004E+00  9.07E+01  0.00E+00  5.72E+00  0.094447  0.006852  0.0000000E+00  1.8725750745E-03
355  1.457491515687507E+09    1.670447  2.651801  3.717670  6.6825310E-01  3.3150640E-01  1.1114593E-07  1.3819076E-08  3.0667626E-06  4.7238940E-06  2.9052969E-07  3.3908257E-10  9.2048310E-07  2.3543590E-08  0.000E+00  0.1151  3.717670   -8.855  4.297134  8.285981  0.0000000E+00  6.2449829E-03  2.2764746E-01  0.0000000E+00  1.2444497E-17  7.6611712E-01  6.8450820E-16  6.6048348E-15  1.0846627E-05  2.6437487E-05  0.000E+00  3.090E-07  4.946E-03  9.987E-01  1.004E+00  9.05E+01  0.00E+00  5.58E+00  0.092340  0.006886  0.0000000E+00  1.8723182919E-03
356  1.457519519605799E+09    1.670408  2.644925  3.717119  6.6825300E-01  3.3150650E-01  1.1114585E-07  1.3819073E-08  3.0667636E-06  4.7238929E-06  2.9052971E-07  3.3908242E-10  9.2048310E-07  2.3543590E-08  0.000E+00  0.1129  3.717119   -8.864  4.309548  8.288943  0.0000000E+00  5.2842163E-03  2.2507849E-01  0.0000000E+00  6.4179392E-19  7.6964663E-01  3.7026812E-16  1.1086455E-15  1.1073272E-05  2.6426694E-05  0.000E+00  2.974E-07  5.039E-03  9.988E-01  1.003E+00  9.08E+01  0.00E+00  5.34E+00  0.088154  0.006778  0.0000000E+00  1.8718101754E-03
357  1.457533732086414E+09    1.670388  2.642107  3.716399  6.6825284E-01  3.3150666E-01  1.1114552E-07  1.3819059E-08  3.0667682E-06  4.7238881E-06  2.9052977E-07  3.3908174E-10  9.2048310E-07  2.3543590E-08  0.000E+00  0.1096  3.716399   -8.866  4.316584  8.290336  0.0000000E+00  4.8038330E-03  2.2376643E-01  0.0000000E+00  1.3216093E-19  7.7143895E-01  1.0708174E-16  7.0751190E-17  1.1193208E-05  2.6420838E-05  0.000E+00  2.844E-07  5.092E-03  9.989E-01  1.003E+00  9.08E+01  0.00E+00  5.11E+00  0.084341  0.006734  0.0000000E+00  1.8715682566E-03
358  1.457548120236550E+09    1.670369  2.637747  3.715040  6.6825246E-01  3.3150704E-01  1.1114498E-07  1.3819036E-08  3.0667759E-06  4.7238800E-06  2.9052986E-07  3.3908060E-10  9.2048310E-07  2.3543590E-08  0.000E+00  0.1084  3.715040   -8.872  4.325302  8.292338  0.0000000E+00  4.3234497E-03  2.2243609E-01  0.0000000E+00  1.3643036E-22  7.7324955E-01  3.0218017E-17  1.0353573E-18  1.1318119E-05  2.6414621E-05  0.000E+00  2.623E-07  5.159E-03  9.991E-01  1.003E+00  9.07E+01  0.00E+00  4.71E+00  0.077934  0.006667  0.0000000E+00  1.8713403722E-03
359  1.457577260099533E+09    1.670329  2.650080  3.711835  6.6824995E-01  3.3150955E-01  1.1114083E-07  1.3818860E-08  3.0668340E-06  4.7238186E-06  2.9053059E-07  3.3907193E-10  9.2048310E-07  2.3543590E-08  0.000E+00  0.1049  3.711835   -8.846  4.344442  8.296988  0.0000000E+00  3.3626831E-03  2.1972442E-01  0.0000000E+00  2.0498840E-22  7.7692171E-01  1.8530022E-18  3.5189918E-19  1.1586732E-05  2.6400678E-05  0.000E+00  2.139E-07  5.310E-03  9.993E-01  1.002E+00  8.94E+01  0.00E+00  3.96E+00  0.066413  0.006859  0.0000000E+00  1.8709174470E-03
360  1.457607764733040E+09    1.670285  2.655166  3.709290  6.6823771E-01  3.3152189E-01  1.1112077E-07  1.3818028E-08  3.0671124E-06  4.7235251E-06  2.9053403E-07  3.3903026E-10  9.2048310E-07  2.3543590E-08  0.000E+00  0.0994  3.709290   -8.834  4.369107  8.302535  0.0000000E+00  2.4019165E-03  2.1694977E-01  0.0000000E+00  6.1259711E-24  7.8065683E-01  8.6918557E-20  1.0982965E-20  1.1883825E-05  2.6384271E-05  0.000E+00  1.882E-07  5.510E-03  9.995E-01  1.001E+00  8.86E+01  0.00E+00  3.55E+00  0.060027  0.006940  0.0000000E+00  1.8705104914E-03
361  1.457623291957933E+09    1.670261  2.667334  3.707754  6.6822209E-01  3.3153761E-01  1.1109481E-07  1.3816980E-08  3.0674688E-06  4.7231496E-06  2.9053833E-07  3.3897659E-10  9.2048310E-07  2.3543590E-08  0.000E+00  0.0952  3.707754   -8.812  4.383989  8.305973  0.0000000E+00  1.9215332E-03  2.1554202E-01  0.0000000E+00  0.0000000E+00  7.8254480E-01  1.6452201E-20  2.7484417E-23  1.2047094E-05  2.6374687E-05  0.000E+00  1.780E-07  5.635E-03  9.995E-01  1.001E+00  8.76E+01  0.00E+00  3.42E+00  0.058573  0.007137  0.0000000E+00  1.8703059357E-03
362  1.457639547408495E+09    1.670236  2.670162  3.706566  6.6820055E-01  3.3155915E-01  1.1105846E-07  1.3815572E-08  3.0679592E-06  4.7226339E-06  2.9054403E-07  3.3890201E-10  9.2048310E-07  2.3543590E-08  0.000E+00  0.0900  3.706566   -8.805  4.402504  8.309861  0.0000000E+00  1.4411499E-03  2.1412256E-01  0.0000000E+00  0.0000000E+00  7.8444446E-01  2.8431499E-21  0.0000000E+00  1.2222948E-05  2.6363976E-05  0.000E+00  1.744E-07  5.793E-03  9.995E-01  1.001E+00  8.73E+01  0.00E+00  3.39E+00  0.058138  0.007184  0.0000000E+00  1.8700863501E-03
363  1.457656721742592E+09    1.670208  2.685279  3.704499  6.6818106E-01  3.3157884E-01  1.1102487E-07  1.3814312E-08  3.0684065E-06  4.7221644E-06  2.9054907E-07  3.3883349E-10  9.2048310E-07  2.3543590E-08  0.000E+00  0.0814  3.704499   -8.779  4.427290  8.315147  0.0000000E+00  9.6076660E-04  2.1269343E-01  0.0000000E+00  0.0000000E+00  7.8635377E-01  4.4168105E-22  0.0000000E+00  1.2418389E-05  2.6351669E-05  0.000E+00  1.606E-07  6.014E-03  9.995E-01  1.001E+00  8.61E+01  0.00E+00  3.20E+00  0.055784  0.007439  0.0000000E+00  1.8698505827E-03
364  1.457675861219266E+09    1.670175  2.702335  3.702810  6.6814092E-01  3.3161916E-01  1.1095362E-07  1.3811787E-08  3.0693301E-06  4.7211981E-06  2.9055881E-07  3.3868969E-10  9.2048310E-07  2.3543590E-08  0.000E+00  0.0652  3.702810   -8.750  4.463184  8.321741  0.0000000E+00  4.8038330E-04  2.1125711E-01  0.0000000E+00  0.0000000E+00  7.8827025E-01  5.9286328E-23  0.0000000E+00  1.2646448E-05  2.6337025E-05  0.000E+00  1.530E-07  6.347E-03  9.995E-01  1.001E+00  8.49E+01  0.00E+00  3.14E+00  0.055378  0.007736  0.0000000E+00  1.8695712061E-03
365  1.457754417468096E+09    1.670008  2.785141  3.696354  6.6780580E-01  3.3195690E-01  1.1021969E-07  1.3787295E-08  3.0774483E-06  4.7128955E-06  2.9059558E-07  3.3725766E-10  9.2048310E-07  2.3543590E-08  0.000E+00  0.0000  3.696354   -8.612  4.665922  8.315947  0.0000000E+00  1.5356230E-12  2.0981692E-01  0.0000000E+00  0.0000000E+00  7.9019052E-01  4.8621670E-24  0.0000000E+00  1.2955888E-05  2.6317253E-05  0.000E+00  1.246E-07  8.639E-03  9.996E-01  1.001E+00  7.98E+01  0.00E+00  2.90E+00  0.054429  0.009360  0.0000000E+00  1.8696042701E-03
366  1.458006260677696E+09    1.669420  2.764535  3.695063  6.6776720E-01  3.3199580E-01  1.1011570E-07  1.3783420E-08  3.0784525E-06  4.7118943E-06  2.9059257E-07  3.3705649E-10  9.2048310E-07  2.3543590E-08  0.000E+00  0.0000  3.695063   -8.638  4.871823  8.272567  0.0000000E+00  6.4815780E-26  2.0981692E-01  0.0000000E+00  0.0000000E+00  7.9019052E-01  4.8621670E-24  0.0000000E+00  1.2955888E-05  2.6317253E-05  0.000E+00  1.403E-07  1.183E-02  9.995E-01  1.001E+00  8.05E+01  0.00E+00  3.20E+00  0.059652  0.008930  0.0000000E+00  1.8640189282E-03
367  1.458898380257611E+09    1.666801  2.947710  3.685727  6.6615070E-01  3.3362980E-01  1.0458982E-07  1.3490462E-08  3.1283548E-06  4.6634672E-06  2.8967982E-07  3.2581062E-10  9.2048311E-07  2.3543590E-08  0.000E+00  0.0000  3.685727   -8.349  5.399045  8.338176  0.0000000E+00  2.1391590E-22  2.0981692E-01  0.0000000E+00  0.0000000E+00  7.9019052E-01  4.8621670E-24  0.0000000E+00  1.2955888E-05  2.6317253E-05  0.000E+00  7.552E-08  2.639E-02  9.997E-01  1.001E+00  7.08E+01  0.00E+00  2.22E+00  0.047073  0.013623  0.0000000E+00  1.8420613954E-03
368  1.459403382123719E+09    1.662070  3.316723  3.668082  6.6051130E-01  3.3930710E-01  8.9320362E-08  1.2168494E-08  3.3851804E-06  4.4079268E-06  2.7590909E-07  2.8493839E-10  9.2048311E-07  2.3543608E-08  0.000E+00  0.0000  3.668082   -7.757  5.770889  8.339148  0.0000000E+00  2.9058880E-22  2.0981692E-01  0.0000000E+00  0.0000000E+00  7.9019052E-01  4.8621670E-24  0.0000000E+00  1.2955888E-05  2.6317253E-05  0.000E+00  2.647E-08  4.642E-02  9.998E-01  1.001E+00  5.49E+01  0.00E+00  1.29E+00  0.035385  0.031845  0.0000000E+00  1.8017260314E-03
369  1.459787881634187E+09    1.646531  3.744100  3.647279  6.5596800E-01  3.4385890E-01  8.6287475E-08  1.1966495E-08  3.6181656E-06  4.2271982E-06  2.6374464E-07  2.7097490E-10  9.2048313E-07  2.3544278E-08  0.000E+00  0.0000  3.647279   -7.070  6.221304  8.254025  0.0000000E+00  1.6766750E-64  2.0981692E-01  0.0000000E+00  0.0000000E+00  7.9019052E-01  4.8621670E-24  0.0000000E+00  1.2955888E-05  2.6317253E-05  0.000E+00  7.329E-09  9.169E-02  9.999E-01  1.000E+00  4.07E+01  0.00E+00  6.44E-01  0.023699  0.085765  0.0000000E+00  1.6774237194E-03
370  1.460007728091649E+09    1.619169  4.084049  3.635664  6.5518800E-01  3.4463960E-01  8.6239043E-08  1.2001717E-08  3.6762280E-06  4.2112668E-06  2.6267255E-07  2.6985850E-10  9.2048315E-07  2.3544820E-08  0.000E+00  0.0000  3.635664   -6.529  6.558615  8.087109  0.0000000E+00  0.0000000E+00  2.0981692E-01  0.0000000E+00  0.0000000E+00  7.9019052E-01  4.8621670E-24  0.0000000E+00  1.2955888E-05  2.6317253E-05  0.000E+00  2.562E-09  1.538E-01  1.000E+00  1.000E+00  3.23E+01  0.00E+00  3.51E-01  0.016288  0.190692  0.0000000E+00  1.4861273660E-03
371  1.460007728091649E+09    1.619169  4.084049  3.635664  6.5518800E-01  3.4463960E-01  8.6239043E-08  1.2001717E-08  3.6762280E-06  4.2112668E-06  2.6267255E-07  2.6985850E-10  9.2048315E-07  2.3544820E-08  0.000E+00  0.0000  3.635664   -6.529  6.558615  8.087109  0.0000000E+00  0.0000000E+00  2.0981692E-01  0.0000000E+00  0.0000000E+00  7.9019052E-01  4.8621670E-24  0.0000000E+00  1.2955888E-05  2.6317253E-05  0.000E+00  2.562E-09  1.538E-01  1.000E+00  1.000E+00  3.23E+01  0.00E+00  3.51E-01  0.016288  0.190692  0.0000000E+00  1.4861273660E-03
372  1.460007728091649E+09    1.619169  4.084049  3.635664  6.5518800E-01  3.4463960E-01  8.6239043E-08  1.2001717E-08  3.6762280E-06  4.2112668E-06  2.6267255E-07  2.6985850E-10  9.2048315E-07  2.3544820E-08  0.000E+00  0.0000  3.635664   -6.529  6.558615  8.087109  0.0000000E+00  0.0000000E+00  2.0981692E-01  0.0000000E+00  0.0000000E+00  7.9019052E-01  4.8621670E-24  0.0000000E+00  1.2955888E-05  2.6317253E-05  0.000E+00  2.562E-09  1.538E-01  1.000E+00  1.000E+00  3.23E+01  0.00E+00  3.51E-01  0.016288  0.190692  0.0000000E+00  1.4861273660E-03
373  1.460007728091649E+09    1.619169  4.084049  3.635664  6.5518800E-01  3.4463960E-01  8.6239043E-08  1.2001717E-08  3.6762280E-06  4.2112668E-06  2.6267255E-07  2.6985850E-10  9.2048315E-07  2.3544820E-08  0.000E+00  0.0000  3.635664   -6.529  6.558615  8.087109  0.0000000E+00  0.0000000E+00  2.0981692E-01  0.0000000E+00  0.0000000E+00  7.9019052E-01  4.8621670E-24  0.0000000E+00  1.2955888E-05  2.6317253E-05  0.000E+00  2.562E-09  1.538E-01  1.000E+00  1.000E+00  3.23E+01  0.00E+00  3.51E-01  0.016288  0.190692  0.0000000E+00  1.4861273660E-03
374  1.460007728091649E+09    1.619169  4.084049  3.635664  6.5518800E-01  3.4463960E-01  8.6239043E-08  1.2001717E-08  3.6762280E-06  4.2112668E-06  2.6267255E-07  2.6985850E-10  9.2048315E-07  2.3544820E-08  0.000E+00  0.0000  3.635664   -6.529  6.558615  8.087109  0.0000000E+00  0.0000000E+00  2.0981692E-01  0.0000000E+00  0.0000000E+00  7.9019052E-01  4.8621670E-24  0.0000000E+00  1.2955888E-05  2.6317253E-05  0.000E+00  2.562E-09  1.538E-01  1.000E+00  1.000E+00  3.23E+01  0.00E+00  3.51E-01  0.016288  0.190692  0.0000000E+00  1.4861273660E-03
375  1.460007728091649E+09    1.619169  4.084049  3.635664  6.5518800E-01  3.4463960E-01  8.6239043E-08  1.2001717E-08  3.6762280E-06  4.2112668E-06  2.6267255E-07  2.6985850E-10  9.2048315E-07  2.3544820E-08  0.000E+00  0.0000  3.635664   -6.529  6.558615  8.087109  0.0000000E+00  0.0000000E+00  2.0981692E-01  0.0000000E+00  0.0000000E+00  7.9019052E-01  4.8621670E-24  0.0000000E+00  1.2955888E-05  2.6317253E-05  0.000E+00  2.562E-09  1.538E-01  1.000E+00  1.000E+00  3.23E+01  0.00E+00  3.51E-01  0.016288  0.190692  0.0000000E+00  1.4861273660E-03
376  1.460007728091649E+09    1.619169  4.084049  3.635664  6.5518800E-01  3.4463960E-01  8.6239043E-08  1.2001717E-08  3.6762280E-06  4.2112668E-06  2.6267255E-07  2.6985850E-10  9.2048315E-07  2.3544820E-08  0.000E+00  0.0000  3.635664   -6.529  6.558615  8.087109  0.0000000E+00  0.0000000E+00  2.0981692E-01  0.0000000E+00  0.0000000E+00  7.9019052E-01  4.8621670E-24  0.0000000E+00  1.2955888E-05  2.6317253E-05  0.000E+00  2.562E-09  1.538E-01  1.000E+00  1.000E+00  3.23E+01  0.00E+00  3.51E-01  0.016288  0.190692  0.0000000E+00  1.4861273660E-03
377  1.460007728091649E+09    1.619169  4.084049  3.635664  6.5518800E-01  3.4463960E-01  8.6239043E-08  1.2001717E-08  3.6762280E-06  4.2112668E-06  2.6267255E-07  2.6985850E-10  9.2048315E-07  2.3544820E-08  0.000E+00  0.0000  3.635664   -6.529  6.558615  8.087109  0.0000000E+00  0.0000000E+00  2.0981692E-01  0.0000000E+00  0.0000000E+00  7.9019052E-01  4.8621670E-24  0.0000000E+00  1.2955888E-05  2.6317253E-05  0.000E+00  2.562E-09  1.538E-01  1.000E+00  1.000E+00  3.23E+01  0.00E+00  3.51E-01  0.016288  0.190692  0.0000000E+00  1.4861273660E-03
378  1.460007728091649E+09    1.619169  4.084049  3.635664  6.5518800E-01  3.4463960E-01  8.6239043E-08  1.2001717E-08  3.6762280E-06  4.2112668E-06  2.6267255E-07  2.6985850E-10  9.2048315E-07  2.3544820E-08  0.000E+00  0.0000  3.635664   -6.529  6.558615  8.087109  0.0000000E+00  0.0000000E+00  2.0981692E-01  0.0000000E+00  0.0000000E+00  7.9019052E-01  4.8621670E-24  0.0000000E+00  1.2955888E-05  2.6317253E-05  0.000E+00  2.562E-09  1.538E-01  1.000E+00  1.000E+00  3.23E+01  0.00E+00  3.51E-01  0.016288  0.190692  0.0000000E+00  1.4861273660E-03
379  1.460007728091649E+09    1.619169  4.084049  3.635664  6.5518800E-01  3.4463960E-01  8.6239043E-08  1.2001717E-08  3.6762280E-06  4.2112668E-06  2.6267255E-07  2.6985850E-10  9.2048315E-07  2.3544820E-08  0.000E+00  0.0000  3.635664   -6.529  6.558615  8.087109  0.0000000E+00  0.0000000E+00  2.0981692E-01  0.0000000E+00  0.0000000E+00  7.9019052E-01  4.8621670E-24  0.0000000E+00  1.2955888E-05  2.6317253E-05  0.000E+00  2.562E-09  1.538E-01  1.000E+00  1.000E+00  3.23E+01  0.00E+00  3.51E-01  0.016288  0.190692  0.0000000E+00  1.4861273660E-03
380  1.460007728091649E+09    1.619169  4.084049  3.635664  6.5518800E-01  3.4463960E-01  8.6239043E-08  1.2001717E-08  3.6762280E-06  4.2112668E-06  2.6267255E-07  2.6985850E-10  9.2048315E-07  2.3544820E-08  0.000E+00  0.0000  3.635664   -6.529  6.558615  8.087109  0.0000000E+00  0.0000000E+00  2.0981692E-01  0.0000000E+00  0.0000000E+00  7.9019052E-01  4.8621670E-24  0.0000000E+00  1.2955888E-05  2.6317253E-05  0.000E+00  2.562E-09  1.538E-01  1.000E+00  1.000E+00  3.23E+01  0.00E+00  3.51E-01  0.016288  0.190692  0.0000000E+00  1.4861273660E-03
381  1.460007728091649E+09    1.619169  4.084049  3.635664  6.5518800E-01  3.4463960E-01  8.6239043E-08  1.2001717E-08  3.6762280E-06  4.2112668E-06  2.6267255E-07  2.6985850E-10  9.2048315E-07  2.3544820E-08  0.000E+00  0.0000  3.635664   -6.529  6.558615  8.087109  0.0000000E+00  0.0000000E+00  2.0981692E-01  0.0000000E+00  0.0000000E+00  7.9019052E-01  4.8621670E-24  0.0000000E+00  1.2955888E-05  2.6317253E-05  0.000E+00  2.562E-09  1.538E-01  1.000E+00  1.000E+00  3.23E+01  0.00E+00  3.51E-01  0.016288  0.190692  0.0000000E+00  1.4861273660E-03
382  1.460007728091649E+09    1.619169  4.084049  3.635664  6.5518800E-01  3.4463960E-01  8.6239043E-08  1.2001717E-08  3.6762280E-06  4.2112668E-06  2.6267255E-07  2.6985850E-10  9.2048315E-07  2.3544820E-08  0.000E+00  0.0000  3.635664   -6.529  6.558615  8.087109  0.0000000E+00  0.0000000E+00  2.0981692E-01  0.0000000E+00  0.0000000E+00  7.9019052E-01  4.8621670E-24  0.0000000E+00  1.2955888E-05  2.6317253E-05  0.000E+00  2.562E-09  1.538E-01  1.000E+00  1.000E+00  3.23E+01  0.00E+00  3.51E-01  0.016288  0.190692  0.0000000E+00  1.4861273660E-03
383  1.460007728091649E+09    1.619169  4.084049  3.635664  6.5518800E-01  3.4463960E-01  8.6239043E-08  1.2001717E-08  3.6762280E-06  4.2112668E-06  2.6267255E-07  2.6985850E-10  9.2048315E-07  2.3544820E-08  0.000E+00  0.0000  3.635664   -6.529  6.558615  8.087109  0.0000000E+00  0.0000000E+00  2.0981692E-01  0.0000000E+00  0.0000000E+00  7.9019052E-01  4.8621670E-24  0.0000000E+00  1.2955888E-05  2.6317253E-05  0.000E+00  2.562E-09  1.538E-01  1.000E+00  1.000E+00  3.23E+01  0.00E+00  3.51E-01  0.016288  0.190692  0.0000000E+00  1.4861273660E-03
384  1.460007728091649E+09    1.619169  4.084049  3.635664  6.5518800E-01  3.4463960E-01  8.6239043E-08  1.2001717E-08  3.6762280E-06  4.2112668E-06  2.6267255E-07  2.6985850E-10  9.2048315E-07  2.3544820E-08  0.000E+00  0.0000  3.635664   -6.529  6.558615  8.087109  0.0000000E+00  0.0000000E+00  2.0981692E-01  0.0000000E+00  0.0000000E+00  7.9019052E-01  4.8621670E-24  0.0000000E+00  1.2955888E-05  2.6317253E-05  0.000E+00  2.562E-09  1.538E-01  1.000E+00  1.000E+00  3.23E+01  0.00E+00  3.51E-01  0.016288  0.190692  0.0000000E+00  1.4861273660E-03
385  1.460007728091649E+09    1.619169  4.084049  3.635664  6.5518800E-01  3.4463960E-01  8.6239043E-08  1.2001717E-08  3.6762280E-06  4.2112668E-06  2.6267255E-07  2.6985850E-10  9.2048315E-07  2.3544820E-08  0.000E+00  0.0000  3.635664   -6.529  6.558615  8.087109  0.0000000E+00  0.0000000E+00  2.0981692E-01  0.0000000E+00  0.0000000E+00  7.9019052E-01  4.8621670E-24  0.0000000E+00  1.2955888E-05  2.6317253E-05  0.000E+00  2.562E-09  1.538E-01  1.000E+00  1.000E+00  3.23E+01  0.00E+00  3.51E-01  0.016288  0.190692  0.0000000E+00  1.4861273660E-03
386  1.460007728091649E+09    1.619169  4.084049  3.635664  6.5518800E-01  3.4463960E-01  8.6239043E-08  1.2001717E-08  3.6762280E-06  4.2112668E-06  2.6267255E-07  2.6985850E-10  9.2048315E-07  2.3544820E-08  0.000E+00  0.0000  3.635664   -6.529  6.558615  8.087109  0.0000000E+00  0.0000000E+00  2.0981692E-01  0.0000000E+00  0.0000000E+00  7.9019052E-01  4.8621670E-24  0.0000000E+00  1.2955888E-05  2.6317253E-05  0.000E+00  2.562E-09  1.538E-01  1.000E+00  1.000E+00  3.23E+01  0.00E+00  3.51E-01  0.016288  0.190692  0.0000000E+00  1.4861273660E-03
387  1.460007728091649E+09    1.619169  4.084049  3.635664  6.5518800E-01  3.4463960E-01  8.6239043E-08  1.2001717E-08  3.6762280E-06  4.2112668E-06  2.6267255E-07  2.6985850E-10  9.2048315E-07  2.3544820E-08  0.000E+00  0.0000  3.635664   -6.529  6.558615  8.087109  0.0000000E+00  0.0000000E+00  2.0981692E-01  0.0000000E+00  0.0000000E+00  7.9019052E-01  4.8621670E-24  0.0000000E+00  1.2955888E-05  2.6317253E-05  0.000E+00  2.562E-09  1.538E-01  1.000E+00  1.000E+00  3.23E+01  0.00E+00  3.51E-01  0.016288  0.190692  0.0000000E+00  1.4861273660E-03
388  1.460007728091649E+09    1.619169  4.084049  3.635664  6.5518800E-01  3.4463960E-01  8.6239043E-08  1.2001717E-08  3.6762280E-06  4.2112668E-06  2.6267255E-07  2.6985850E-10  9.2048315E-07  2.3544820E-08  0.000E+00  0.0000  3.635664   -6.529  6.558615  8.087109  0.0000000E+00  0.0000000E+00  2.0981692E-01  0.0000000E+00  0.0000000E+00  7.9019052E-01  4.8621670E-24  0.0000000E+00  1.2955888E-05  2.6317253E-05  0.000E+00  2.562E-09  1.538E-01  1.000E+00  1.000E+00  3.23E+01  0.00E+00  3.51E-01  0.016288  0.190692  0.0000000E+00  1.4861273660E-03
389  1.460007728091649E+09    1.619169  4.084049  3.635664  6.5518800E-01  3.4463960E-01  8.6239043E-08  1.2001717E-08  3.6762280E-06  4.2112668E-06  2.6267255E-07  2.6985850E-10  9.2048315E-07  2.3544820E-08  0.000E+00  0.0000  3.635664   -6.529  6.558615  8.087109  0.0000000E+00  0.0000000E+00  2.0981692E-01  0.0000000E+00  0.0000000E+00  7.9019052E-01  4.8621670E-24  0.0000000E+00  1.2955888E-05  2.6317253E-05  0.000E+00  2.562E-09  1.538E-01  1.000E+00  1.000E+00  3.23E+01  0.00E+00  3.51E-01  0.016288  0.190692  0.0000000E+00  1.4861273660E-03
390  1.460007728091649E+09    1.619169  4.084049  3.635664  6.5518800E-01  3.4463960E-01  8.6239043E-08  1.2001717E-08  3.6762280E-06  4.2112668E-06  2.6267255E-07  2.6985850E-10  9.2048315E-07  2.3544820E-08  0.000E+00  0.0000  3.635664   -6.529  6.558615  8.087109  0.0000000E+00  0.0000000E+00  2.0981692E-01  0.0000000E+00  0.0000000E+00  7.9019052E-01  4.8621670E-24  0.0000000E+00  1.2955888E-05  2.6317253E-05  0.000E+00  2.562E-09  1.538E-01  1.000E+00  1.000E+00  3.23E+01  0.00E+00  3.51E-01  0.016288  0.190692  0.0000000E+00  1.4861273660E-03
391  1.460007728091649E+09    1.619169  4.084049  3.635664  6.5518800E-01  3.4463960E-01  8.6239043E-08  1.2001717E-08  3.6762280E-06  4.2112668E-06  2.6267255E-07  2.6985850E-10  9.2048315E-07  2.3544820E-08  0.000E+00  0.0000  3.635664   -6.529  6.558615  8.087109  0.0000000E+00  0.0000000E+00  2.0981692E-01  0.0000000E+00  0.0000000E+00  7.9019052E-01  4.8621670E-24  0.0000000E+00  1.2955888E-05  2.6317253E-05  0.000E+00  2.562E-09  1.538E-01  1.000E+00  1.000E+00  3.23E+01  0.00E+00  3.51E-01  0.016288  0.190692  0.0000000E+00  1.4861273660E-03
392  1.460007728091649E+09    1.619169  4.084049  3.635664  6.5518800E-01  3.4463960E-01  8.6239043E-08  1.2001717E-08  3.6762280E-06  4.2112668E-06  2.6267255E-07  2.6985850E-10  9.2048315E-07  2.3544820E-08  0.000E+00  0.0000  3.635664   -6.529  6.558615  8.087109  0.0000000E+00  0.0000000E+00  2.0981692E-01  0.0000000E+00  0.0000000E+00  7.9019052E-01  4.8621670E-24  0.0000000E+00  1.2955888E-05  2.6317253E-05  0.000E+00  2.562E-09  1.538E-01  1.000E+00  1.000E+00  3.23E+01  0.00E+00  3.51E-01  0.016288  0.190692  0.0000000E+00  1.4861273660E-03
393  1.460007728091649E+09    1.619169  4.084049  3.635664  6.5518800E-01  3.4463960E-01  8.6239043E-08  1.2001717E-08  3.6762280E-06  4.2112668E-06  2.6267255E-07  2.6985850E-10  9.2048315E-07  2.3544820E-08  0.000E+00  0.0000  3.635664   -6.529  6.558615  8.087109  0.0000000E+00  0.0000000E+00  2.0981692E-01  0.0000000E+00  0.0000000E+00  7.9019052E-01  4.8621670E-24  0.0000000E+00  1.2955888E-05  2.6317253E-05  0.000E+00  2.562E-09  1.538E-01  1.000E+00  1.000E+00  3.23E+01  0.00E+00  3.51E-01  0.016288  0.190692  0.0000000E+00  1.4861273660E-03
394  1.460007728091649E+09    1.619169  4.084049  3.635664  6.5518800E-01  3.4463960E-01  8.6239043E-08  1.2001717E-08  3.6762280E-06  4.2112668E-06  2.6267255E-07  2.6985850E-10  9.2048315E-07  2.3544820E-08  0.000E+00  0.0000  3.635664   -6.529  6.558615  8.087109  0.0000000E+00  0.0000000E+00  2.0981692E-01  0.0000000E+00  0.0000000E+00  7.9019052E-01  4.8621670E-24  0.0000000E+00  1.2955888E-05  2.6317253E-05  0.000E+00  2.562E-09  1.538E-01  1.000E+00  1.000E+00  3.23E+01  0.00E+00  3.51E-01  0.016288  0.190692  0.0000000E+00  1.4861273660E-03
395  1.460007728091649E+09    1.619169  4.084049  3.635664  6.5518800E-01  3.4463960E-01  8.6239043E-08  1.2001717E-08  3.6762280E-06  4.2112668E-06  2.6267255E-07  2.6985850E-10  9.2048315E-07  2.3544820E-08  0.000E+00  0.0000  3.635664   -6.529  6.558615  8.087109  0.0000000E+00  0.0000000E+00  2.0981692E-01  0.0000000E+00  0.0000000E+00  7.9019052E-01  4.8621670E-24  0.0000000E+00  1.2955888E-05  2.6317253E-05  0.000E+00  2.562E-09  1.538E-01  1.000E+00  1.000E+00  3.23E+01  0.00E+00  3.51E-01  0.016288  0.190692  0.0000000E+00  1.4861273660E-03
396  1.460007728091649E+09    1.619169  4.084049  3.635664  6.5518800E-01  3.4463960E-01  8.6239043E-08  1.2001717E-08  3.6762280E-06  4.2112668E-06  2.6267255E-07  2.6985850E-10  9.2048315E-07  2.3544820E-08  0.000E+00  0.0000  3.635664   -6.529  6.558615  8.087109  0.0000000E+00  0.0000000E+00  2.0981692E-01  0.0000000E+00  0.0000000E+00  7.9019052E-01  4.8621670E-24  0.0000000E+00  1.2955888E-05  2.6317253E-05  0.000E+00  2.562E-09  1.538E-01  1.000E+00  1.000E+00  3.23E+01  0.00E+00  3.51E-01  0.016288  0.190692  0.0000000E+00  1.4861273660E-03
397  1.460007728091649E+09    1.619169  4.084049  3.635664  6.5518800E-01  3.4463960E-01  8.6239043E-08  1.2001717E-08  3.6762280E-06  4.2112668E-06  2.6267255E-07  2.6985850E-10  9.2048315E-07  2.3544820E-08  0.000E+00  0.0000  3.635664   -6.529  6.558615  8.087109  0.0000000E+00  0.0000000E+00  2.0981692E-01  0.0000000E+00  0.0000000E+00  7.9019052E-01  4.8621670E-24  0.0000000E+00  1.2955888E-05  2.6317253E-05  0.000E+00  2.562E-09  1.538E-01  1.000E+00  1.000E+00  3.23E+01  0.00E+00  3.51E-01  0.016288  0.190692  0.0000000E+00  1.4861273660E-03
398  1.460007728091649E+09    1.619169  4.084049  3.635664  6.5518800E-01  3.4463960E-01  8.6239043E-08  1.2001717E-08  3.6762280E-06  4.2112668E-06  2.6267255E-07  2.6985850E-10  9.2048315E-07  2.3544820E-08  0.000E+00  0.0000  3.635664   -6.529  6.558615  8.087109  0.0000000E+00  0.0000000E+00  2.0981692E-01  0.0000000E+00  0.0000000E+00  7.9019052E-01  4.8621670E-24  0.0000000E+00  1.2955888E-05  2.6317253E-05  0.000E+00  2.562E-09  1.538E-01  1.000E+00  1.000E+00  3.23E+01  0.00E+00  3.51E-01  0.016288  0.190692  0.0000000E+00  1.4861273660E-03
399  1.460007728091649E+09    1.619169  4.084049  3.635664  6.5518800E-01  3.4463960E-01  8.6239043E-08  1.2001717E-08  3.6762280E-06  4.2112668E-06  2.6267255E-07  2.6985850E-10  9.2048315E-07  2.3544820E-08  0.000E+00  0.0000  3.635664   -6.529  6.558615  8.087109  0.0000000E+00  0.0000000E+00  2.0981692E-01  0.0000000E+00  0.0000000E+00  7.9019052E-01  4.8621670E-24  0.0000000E+00  1.2955888E-05  2.6317253E-05  0.000E+00  2.562E-09  1.538E-01  1.000E+00  1.000E+00  3.23E+01  0.00E+00  3.51E-01  0.016288  0.190692  0.0000000E+00  1.4861273660E-03
400  1.460007728091649E+09    1.619169  4.084049  3.635664  6.5518800E-01  3.4463960E-01  8.6239043E-08  1.2001717E-08  3.6762280E-06  4.2112668E-06  2.6267255E-07  2.6985850E-10  9.2048315E-07  2.3544820E-08  0.000E+00  0.0000  3.635664   -6.529  6.558615  8.087109  0.0000000E+00  0.0000000E+00  2.0981692E-01  0.0000000E+00  0.0000000E+00  7.9019052E-01  4.8621670E-24  0.0000000E+00  1.2955888E-05  2.6317253E-05  0.000E+00  2.562E-09  1.538E-01  1.000E+00  1.000E+00  3.23E+01  0.00E+00  3.51E-01  0.016288  0.190692  0.0000000E+00  1.4861273660E-03
