line                  time        mass     lg(L)  lg(Teff)        1H_surf       4He_surf       12C_surf       13C_surf       14N_surf       16O_surf       17O_surf       18O_surf      20Ne_surf      22Ne_surf  26Al_surf  Mcc/Mt   lg(Teff)  lg(Md)  lg(rhoc)    lg(Tc)         1H_cen        4He_cen        12C_cen        13C_cen        14N_cen        16O_cen        17O_cen        18O_cen       20Ne_cen       22Ne_cen   26Al_cen  Omeg_surf   Omeg_cen     Rp/Req   Md/Md(0)   v_crit1   v_crit2    v_equa  Om/Om_cr  Gamma_Ed  lg(Mdot_mech)             L_tot
   -                    yr        Msun      Lsun        K      mass frac.     mass frac.     mass frac.     mass frac.     mass frac.     mass frac.     mass frac.     mass frac.     mass frac.     mass frac. mass frac.       -          K   Ms/yr     g/cm3         K     mass frac.     mass frac.     mass frac.     mass frac.     mass frac.     mass frac.     mass frac.     mass frac.     mass frac.     mass frac. mass frac.        s-1        s-1          -          -      km/s      km/s      km/s         -         -        Msun/yr     10^53 g cm2/s

  1  8.590832795934718E+06    1.700000  1.192694  4.067969  7.5157740E-01  2.4837130E-01  1.2915521E-06  4.2970794E-09  1.0216519E-07  6.8211449E-06  3.5136664E-10  2.0005896E-09  9.2048308E-07  2.3543589E-08  0.000E+00  0.1625  4.067969  -30.000  2.015161  7.340535  7.4838610E-01  2.5159870E-01  6.1073366E-09  1.6161789E-09  1.6515287E-06  6.4807011E-06  3.0747039E-07  9.2732005E-11  9.2048308E-07  2.3543589E-08  0.000E+00  0.000E+00  0.000E+00  1.000E+00  1.000E+00  4.74E+02  0.00E+00  0.00E+00  0.000000  0.000247  0.0000000E+00  0.0000000000E+00
  2  2.770492209949183E+07    1.700000  1.197534  4.068488  7.5157740E-01  2.4837130E-01  1.2915521E-06  4.2970794E-09  1.0216519E-07  6.8211449E-06  3.5136664E-10  2.0005896E-09  9.2048308E-07  2.3543589E-08  0.000E+00  0.1603  4.068488  -30.000  2.018811  7.342265  7.4068418E-01  2.5930097E-01  7.6819113E-09  2.0331884E-09  2.0574392E-06  5.6609751E-06  6.8264277E-07  2.0760285E-10  9.2048308E-07  2.3543589E-08  0.000E+00  0.000E+00  0.000E+00  1.000E+00  1.000E+00  4.73E+02  0.00E+00  0.00E+00  0.000000  0.000250  0.0000000E+00  0.0000000000E+00
  3  4.639271727198299E+07    1.700000  1.201926  4.068998  7.5157740E-01  2.4837130E-01  1.2915521E-06  4.2970794E-09  1.0216519E-07  6.8211449E-06  3.5136664E-10  2.0005896E-09  9.2048308E-07  2.3543589E-08  0.000E+00  0.1583  4.068998  -30.000  2.022574  7.344087  7.3298226E-01  2.6700314E-01  9.9945698E-09  2.6458164E-09  2.6616902E-06  4.9054719E-06  7.4751876E-07  2.2862075E-10  9.2048308E-07  2.3543589E-08  0.000E+00  0.000E+00  0.000E+00  1.000E+00  1.000E+00  4.72E+02  0.00E+00  0.00E+00  0.000000  0.000252  0.0000000E+00  0.0000000000E+00
  4  6.471879243937672E+07    1.700000  1.206592  4.069600  7.5157740E-01  2.4837130E-01  1.2915521E-06  4.2970794E-09  1.0216519E-07  6.8211449E-06  3.5136664E-10  2.0005896E-09  9.2048308E-07  2.3543589E-08  0.000E+00  0.1572  4.069600  -30.000  2.027011  7.345946  7.2528034E-01  2.7470540E-01  1.2504476E-08  3.3109662E-09  3.3119043E-06  4.2175821E-06  6.8443082E-07  2.1049092E-10  9.2048308E-07  2.3543589E-08  0.000E+00  0.000E+00  0.000E+00  1.000E+00  1.000E+00  4.72E+02  0.00E+00  0.00E+00  0.000000  0.000255  0.0000000E+00  0.0000000000E+00
  5  8.272008760534349E+07    1.700000  1.210907  4.070117  7.5157740E-01  2.4837130E-01  1.2915521E-06  4.2970794E-09  1.0216519E-07  6.8211449E-06  3.5136664E-10  2.0005896E-09  9.2048308E-07  2.3543589E-08  0.000E+00  0.1547  4.070117  -30.000  2.030902  7.347821  7.1757842E-01  2.8240758E-01  1.4945910E-08  3.9582746E-09  3.9358785E-06  3.5976766E-06  5.8110539E-07  1.7971109E-10  9.2048308E-07  2.3543589E-08  0.000E+00  0.000E+00  0.000E+00  1.000E+00  1.000E+00  4.71E+02  0.00E+00  0.00E+00  0.000000  0.000257  0.0000000E+00  0.0000000000E+00
  6  1.003513117018479E+08    1.700000  1.215187  4.070632  7.5157740E-01  2.4837130E-01  1.2915521E-06  4.2970794E-09  1.0216519E-07  6.8211449E-06  3.5136664E-10  2.0005896E-09  9.2048308E-07  2.3543589E-08  0.000E+00  0.1532  4.070632  -30.000  2.034830  7.349713  7.0987650E-01  2.9010980E-01  1.7205621E-08  4.5577152E-09  4.5041898E-06  3.0437737E-06  4.7556543E-07  1.4790020E-10  9.2048308E-07  2.3543589E-08  0.000E+00  0.000E+00  0.000E+00  1.000E+00  1.000E+00  4.70E+02  0.00E+00  0.00E+00  0.000000  0.000260  0.0000000E+00  0.0000000000E+00
  7  1.177170873030766E+08    1.700000  1.219827  4.071226  7.5157740E-01  2.4837130E-01  1.2915521E-06  4.2970794E-09  1.0216519E-07  6.8211449E-06  3.5136664E-10  2.0005896E-09  9.2048308E-07  2.3543589E-08  0.000E+00  0.1519  4.071226  -30.000  2.039390  7.351597  7.0217458E-01  2.9781202E-01  1.9241143E-08  5.0980494E-09  5.0044910E-06  2.5566451E-06  3.8205484E-07  1.1950410E-10  9.2048308E-07  2.3543589E-08  0.000E+00  0.000E+00  0.000E+00  1.000E+00  1.000E+00  4.70E+02  0.00E+00  0.00E+00  0.000000  0.000263  0.0000000E+00  0.0000000000E+00
  8  1.347326431869580E+08    1.700000  1.224115  4.071764  7.5157740E-01  2.4837130E-01  1.2915521E-06  4.2970794E-09  1.0216519E-07  6.8211449E-06  3.5136664E-10  2.0005896E-09  9.2048308E-07  2.3543589E-08  0.000E+00  0.1500  4.071764  -30.000  2.043557  7.353558  6.9447266E-01  3.0551421E-01  2.1056799E-08  5.5803918E-09  5.4398784E-06  2.1308020E-06  3.0263731E-07  9.5235421E-11  9.2048308E-07  2.3543589E-08  0.000E+00  0.000E+00  0.000E+00  1.000E+00  1.000E+00  4.69E+02  0.00E+00  0.00E+00  0.000000  0.000265  0.0000000E+00  0.0000000000E+00
  9  1.513737776241890E+08    1.700000  1.228368  4.072284  7.5157740E-01  2.4837130E-01  1.2915521E-06  4.2970794E-09  1.0216519E-07  6.8211449E-06  3.5136664E-10  2.0005896E-09  9.2048308E-07  2.3543589E-08  0.000E+00  0.1481  4.072284  -30.000  2.047680  7.355500  6.8677074E-01  3.1321630E-01  2.2654691E-08  6.0052242E-09  5.8132231E-06  1.7628633E-06  2.3741537E-07  7.5165488E-11  9.2048308E-07  2.3543589E-08  0.000E+00  0.000E+00  0.000E+00  1.000E+00  1.000E+00  4.69E+02  0.00E+00  0.00E+00  0.000000  0.000268  0.0000000E+00  0.0000000000E+00
 10  1.677636211099425E+08    1.700000  1.232627  4.072810  7.5157740E-01  2.4837130E-01  1.2915521E-06  4.2970794E-09  1.0216519E-07  6.8211449E-06  3.5136664E-10  2.0005896E-09  9.2048308E-07  2.3543589E-08  0.000E+00  0.1468  4.072810  -30.000  2.051868  7.357463  6.7906882E-01  3.2091848E-01  2.4040540E-08  6.3740315E-09  6.1270958E-06  1.4510559E-06  1.8514145E-07  5.8978379E-11  9.2048308E-07  2.3543589E-08  0.000E+00  0.000E+00  0.000E+00  1.000E+00  1.000E+00  4.68E+02  0.00E+00  0.00E+00  0.000000  0.000271  0.0000000E+00  0.0000000000E+00
 11  1.838633560310161E+08    1.700000  1.237077  4.073393  7.5157740E-01  2.4837130E-01  1.2915521E-06  4.2970794E-09  1.0216519E-07  6.8211449E-06  3.5136664E-10  2.0005896E-09  9.2048308E-07  2.3543589E-08  0.000E+00  0.1453  4.073393  -30.000  2.056511  7.359452  6.7136690E-01  3.2862060E-01  2.5245331E-08  6.6950587E-09  6.3876808E-06  1.1901923E-06  1.4376357E-07  4.6090411E-11  9.2048308E-07  2.3543589E-08  0.000E+00  0.000E+00  0.000E+00  1.000E+00  1.000E+00  4.68E+02  0.00E+00  0.00E+00  0.000000  0.000273  0.0000000E+00  0.0000000000E+00
 12  1.995903184758585E+08    1.700000  1.241501  4.073973  7.5157740E-01  2.4837130E-01  1.2915521E-06  4.2970794E-09  1.0216519E-07  6.8211449E-06  3.5136664E-10  2.0005896E-09  9.2048308E-07  2.3543589E-08  0.000E+00  0.1429  4.073973  -30.000  2.061223  7.361446  6.6366498E-01  3.3632272E-01  2.6290111E-08  6.9738733E-09  6.6023230E-06  9.7392958E-07  1.1106540E-07  3.5842826E-11  9.2048308E-07  2.3543589E-08  0.000E+00  0.000E+00  0.000E+00  1.000E+00  1.000E+00  4.67E+02  0.00E+00  0.00E+00  0.000000  0.000276  0.0000000E+00  0.0000000000E+00
 13  2.150319329923502E+08    1.700000  1.245851  4.074538  7.5157740E-01  2.4837130E-01  1.2915521E-06  4.2970794E-09  1.0216519E-07  6.8211449E-06  3.5136664E-10  2.0005896E-09  9.2048308E-07  2.3543589E-08  0.000E+00  0.1402  4.074538  -30.000  2.065948  7.363469  6.5596306E-01  3.4402484E-01  2.7186738E-08  7.2135451E-09  6.7752654E-06  7.9846854E-07  8.5910866E-08  2.7912414E-11  9.2048308E-07  2.3543589E-08  0.000E+00  0.000E+00  0.000E+00  1.000E+00  1.000E+00  4.66E+02  0.00E+00  0.00E+00  0.000000  0.000279  0.0000000E+00  0.0000000000E+00
 14  2.301313771628881E+08    1.700000  1.250418  4.075211  7.5157740E-01  2.4837130E-01  1.2915521E-06  4.2970794E-09  1.0216519E-07  6.8211449E-06  3.5136664E-10  2.0005896E-09  9.2048308E-07  2.3543589E-08  0.000E+00  0.1387  4.075211  -30.000  2.071192  7.365622  6.4826114E-01  3.5172695E-01  2.7962754E-08  7.4214526E-09  6.9127985E-06  6.5818158E-07  6.6592540E-08  2.1793796E-11  9.2048308E-07  2.3543589E-08  0.000E+00  0.000E+00  0.000E+00  1.000E+00  1.000E+00  4.66E+02  0.00E+00  0.00E+00  0.000000  0.000282  0.0000000E+00  0.0000000000E+00
 15  2.449472871042513E+08    1.700000  1.254686  4.075821  7.5157740E-01  2.4837130E-01  1.2915521E-06  4.2970794E-09  1.0216519E-07  6.8211449E-06  3.5136664E-10  2.0005896E-09  9.2048308E-07  2.3543589E-08  0.000E+00  0.1368  4.075821  -30.000  2.076070  7.367816  6.4055922E-01  3.5942905E-01  2.8622532E-08  7.5986022E-09  7.0198297E-06  5.4842342E-07  5.2079768E-08  1.7170586E-11  9.2048308E-07  2.3543589E-08  0.000E+00  0.000E+00  0.000E+00  1.000E+00  1.000E+00  4.65E+02  0.00E+00  0.00E+00  0.000000  0.000285  0.0000000E+00  0.0000000000E+00
 16  2.593769249053881E+08    1.700000  1.259370  4.076599  7.5157740E-01  2.4837130E-01  1.2915521E-06  4.2970794E-09  1.0216519E-07  6.8211449E-06  3.5136664E-10  2.0005896E-09  9.2048308E-07  2.3543589E-08  0.000E+00  0.1337  4.076599  -30.000  2.082090  7.370129  6.3285730E-01  3.6713110E-01  2.9221450E-08  7.7599652E-09  7.1020374E-06  4.6371898E-07  4.1196530E-08  1.3693225E-11  9.2048308E-07  2.3543589E-08  0.000E+00  0.000E+00  0.000E+00  1.000E+00  1.000E+00  4.65E+02  0.00E+00  0.00E+00  0.000000  0.000288  0.0000000E+00  0.0000000000E+00
 17  2.734091178079883E+08    1.700000  1.263536  4.077179  7.5157740E-01  2.4837130E-01  1.2915521E-06  4.2970794E-09  1.0216519E-07  6.8211449E-06  3.5136664E-10  2.0005896E-09  9.2048308E-07  2.3543589E-08  0.000E+00  0.1314  4.077179  -30.000  2.087054  7.372284  6.2515538E-01  3.7483322E-01  2.9717127E-08  7.8937937E-09  7.1635104E-06  4.0003841E-07  3.3335326E-08  1.1164079E-11  9.2048308E-07  2.3543589E-08  0.000E+00  0.000E+00  0.000E+00  1.000E+00  1.000E+00  4.64E+02  0.00E+00  0.00E+00  0.000000  0.000291  0.0000000E+00  0.0000000000E+00
 18  2.871664199572331E+08    1.700000  1.267720  4.077793  7.5157740E-01  2.4837130E-01  1.2915521E-06  4.2970794E-09  1.0216519E-07  6.8211449E-06  3.5136664E-10  2.0005896E-09  9.2048308E-07  2.3543589E-08  0.000E+00  0.1299  4.077793  -30.000  2.092202  7.374520  6.1745346E-01  3.8253524E-01  3.0149469E-08  8.0109013E-09  7.2081476E-06  3.5365268E-07  2.7653094E-08  9.3337795E-12  9.2048308E-07  2.3543589E-08  0.000E+00  0.000E+00  0.000E+00  1.000E+00  1.000E+00  4.64E+02  0.00E+00  0.00E+00  0.000000  0.000293  0.0000000E+00  0.0000000000E+00
 19  3.006859827945365E+08    1.700000  1.272117  4.078358  7.5157740E-01  2.4837130E-01  1.2915521E-06  4.2970794E-09  1.0216519E-07  6.8211449E-06  3.5136664E-10  2.0005896E-09  9.2048308E-07  2.3543589E-08  0.000E+00  0.1263  4.078358  -30.000  2.097472  7.376560  6.0975154E-01  3.9023735E-01  3.0522591E-08  8.1122470E-09  7.2396382E-06  3.2078935E-07  2.3671357E-08  8.0488767E-12  9.2048308E-07  2.3543589E-08  0.000E+00  0.000E+00  0.000E+00  1.000E+00  1.000E+00  4.63E+02  0.00E+00  0.00E+00  0.000000  0.000296  0.0000000E+00  0.0000000000E+00
 20  3.138871171962810E+08    1.700000  1.276475  4.079031  7.5157740E-01  2.4837130E-01  1.2915521E-06  4.2970794E-09  1.0216519E-07  6.8211449E-06  3.5136664E-10  2.0005896E-09  9.2048308E-07  2.3543589E-08  0.000E+00  0.1244  4.079031  -30.000  2.103214  7.378822  6.0204962E-01  3.9793938E-01  3.0884588E-08  8.2109286E-09  7.2617132E-06  2.9779307E-07  2.0658344E-08  7.0822304E-12  9.2048308E-07  2.3543589E-08  0.000E+00  0.000E+00  0.000E+00  1.000E+00  1.000E+00  4.63E+02  0.00E+00  0.00E+00  0.000000  0.000299  0.0000000E+00  0.0000000000E+00
 21  3.268233172532041E+08    1.700000  1.280800  4.079568  7.5157740E-01  2.4837130E-01  1.2915521E-06  4.2970794E-09  1.0216519E-07  6.8211449E-06  3.5136664E-10  2.0005896E-09  9.2048308E-07  2.3543589E-08  0.000E+00  0.1205  4.079568  -30.000  2.108604  7.380811  5.9434770E-01  4.0564140E-01  3.1193527E-08  8.2953261E-09  7.2767562E-06  2.8209303E-07  1.8525717E-08  6.3981113E-12  9.2048308E-07  2.3543589E-08  0.000E+00  0.000E+00  0.000E+00  1.000E+00  1.000E+00  4.62E+02  0.00E+00  0.00E+00  0.000000  0.000302  0.0000000E+00  0.0000000000E+00
 22  3.394651938593394E+08    1.700000  1.285237  4.080296  7.5157740E-01  2.4837130E-01  1.2915521E-06  4.2970794E-09  1.0216519E-07  6.8211449E-06  3.5136664E-10  2.0005896E-09  9.2048308E-07  2.3543589E-08  0.000E+00  0.1176  4.080296  -30.000  2.114770  7.383122  5.8664578E-01  4.1334344E-01  3.1521547E-08  8.3851890E-09  7.2871812E-06  2.7131488E-07  1.6736888E-08  5.8301187E-12  9.2048308E-07  2.3543589E-08  0.000E+00  0.000E+00  0.000E+00  1.000E+00  1.000E+00  4.62E+02  0.00E+00  0.00E+00  0.000000  0.000305  0.0000000E+00  0.0000000000E+00
 23  3.517733275044396E+08    1.700000  1.289590  4.080911  7.5157740E-01  2.4837130E-01  1.2915521E-06  4.2970794E-09  1.0216519E-07  6.8211449E-06  3.5136664E-10  2.0005896E-09  9.2048308E-07  2.3543589E-08  0.000E+00  0.1138  4.080911  -30.000  2.120819  7.385279  5.7894385E-01  4.2104545E-01  3.1836669E-08  8.4716695E-09  7.2943642E-06  2.6386058E-07  1.5375991E-08  5.4010072E-12  9.2048308E-07  2.3543589E-08  0.000E+00  0.000E+00  0.000E+00  1.000E+00  1.000E+00  4.62E+02  0.00E+00  0.00E+00  0.000000  0.000308  0.0000000E+00  0.0000000000E+00
 24  3.637798368252394E+08    1.700000  1.293909  4.081502  7.5157740E-01  2.4837130E-01  1.2915521E-06  4.2970794E-09  1.0216519E-07  6.8211449E-06  3.5136664E-10  2.0005896E-09  9.2048308E-07  2.3543589E-08  0.000E+00  0.1092  4.081502  -30.000  2.126826  7.387352  5.7124193E-01  4.2874754E-01  3.2135893E-08  8.5538891E-09  7.2996193E-06  2.5843615E-07  1.4227275E-08  5.0381610E-12  9.2048308E-07  2.3543589E-08  0.000E+00  0.000E+00  0.000E+00  1.000E+00  1.000E+00  4.61E+02  0.00E+00  0.00E+00  0.000000  0.000312  0.0000000E+00  0.0000000000E+00
 25  3.755068476736358E+08    1.700000  1.298020  4.082095  7.5157740E-01  2.4837130E-01  1.2915521E-06  4.2970794E-09  1.0216519E-07  6.8211449E-06  3.5136664E-10  2.0005896E-09  9.2048308E-07  2.3543589E-08  0.000E+00  0.1025  4.082095  -30.000  2.133123  7.389416  5.6354001E-01  4.3644959E-01  3.2440264E-08  8.6376262E-09  7.3037181E-06  2.5422960E-07  1.3179554E-08  4.7060571E-12  9.2048308E-07  2.3543589E-08  0.000E+00  0.000E+00  0.000E+00  1.000E+00  1.000E+00  4.61E+02  0.00E+00  0.00E+00  0.000000  0.000315  0.0000000E+00  0.0000000000E+00
 26  3.869383265397890E+08    1.700000  1.302585  4.082872  7.5157740E-01  2.4837130E-01  1.2915521E-06  4.2970794E-09  1.0216519E-07  6.8211449E-06  3.5136664E-10  2.0005896E-09  9.2048308E-07  2.3543589E-08  0.000E+00  0.1021  4.082872  -30.000  2.139823  7.391863  5.5583809E-01  4.4415155E-01  3.2772564E-08  8.7291384E-09  7.3070354E-06  2.5078683E-07  1.2219387E-08  4.4050854E-12  9.2048308E-07  2.3543589E-08  0.000E+00  0.000E+00  0.000E+00  1.000E+00  1.000E+00  4.60E+02  0.00E+00  0.00E+00  0.000000  0.000318  0.0000000E+00  0.0000000000E+00
 27  3.980782587727432E+08    1.700000  1.306798  4.083445  7.5157740E-01  2.4837130E-01  1.2915521E-06  4.2970794E-09  1.0216519E-07  6.8211449E-06  3.5136664E-10  2.0005896E-09  9.2048308E-07  2.3543589E-08  0.000E+00  0.0972  4.083445  -30.000  2.146098  7.393902  5.4813617E-01  4.5185353E-01  3.3074384E-08  8.8123135E-09  7.3100068E-06  2.4766283E-07  1.1394676E-08  4.1423949E-12  9.2048308E-07  2.3543589E-08  0.000E+00  0.000E+00  0.000E+00  1.000E+00  1.000E+00  4.60E+02  0.00E+00  0.00E+00  0.000000  0.000321  0.0000000E+00  0.0000000000E+00
 28  4.089150177053831E+08    1.700000  1.311144  4.084117  7.5157740E-01  2.4837130E-01  1.2915521E-06  4.2970794E-09  1.0216519E-07  6.8211449E-06  3.5136664E-10  2.0005896E-09  9.2048308E-07  2.3543589E-08  0.000E+00  0.0918  4.084117  -30.000  2.153061  7.396063  5.4043425E-01  4.5955555E-01  3.3412484E-08  8.9055558E-09  7.3127889E-06  2.4468288E-07  1.0582422E-08  3.8829121E-12  9.2048308E-07  2.3543589E-08  0.000E+00  0.000E+00  0.000E+00  1.000E+00  1.000E+00  4.59E+02  0.00E+00  0.00E+00  0.000000  0.000324  0.0000000E+00  0.0000000000E+00
 29  4.192975983461595E+08    1.700000  1.315548  4.084883  7.5157740E-01  2.4837130E-01  1.2915521E-06  4.2970794E-09  1.0216519E-07  6.8211449E-06  3.5136664E-10  2.0005896E-09  9.2048308E-07  2.3543589E-08  0.000E+00  0.0860  4.084883  -30.000  2.160712  7.398310  5.3273233E-01  4.6725757E-01  3.3789409E-08  9.0095621E-09  7.3156357E-06  2.4155862E-07  9.7755885E-09  3.6233723E-12  9.2048308E-07  2.3543589E-08  0.000E+00  0.000E+00  0.000E+00  1.000E+00  1.000E+00  4.59E+02  0.00E+00  0.00E+00  0.000000  0.000327  0.0000000E+00  0.0000000000E+00
 30  4.294133856474733E+08    1.700000  1.319760  4.085526  7.5157740E-01  2.4837130E-01  1.2915521E-06  4.2970794E-09  1.0216519E-07  6.8211449E-06  3.5136664E-10  2.0005896E-09  9.2048308E-07  2.3543589E-08  0.000E+00  0.0794  4.085526  -30.000  2.167923  7.400355  5.2503041E-01  4.7495959E-01  3.4151802E-08  9.1095951E-09  7.3182175E-06  2.3865482E-07  9.0822073E-09  3.3992865E-12  9.2048308E-07  2.3543589E-08  0.000E+00  0.000E+00  0.000E+00  1.000E+00  1.000E+00  4.58E+02  0.00E+00  0.00E+00  0.000000  0.000331  0.0000000E+00  0.0000000000E+00
 31  4.392094388062645E+08    1.700000  1.323795  4.086139  7.5157740E-01  2.4837130E-01  1.2915521E-06  4.2970794E-09  1.0216519E-07  6.8211449E-06  3.5136664E-10  2.0005896E-09  9.2048308E-07  2.3543589E-08  0.000E+00  0.0738  4.086139  -30.000  2.175052  7.402388  5.1732849E-01  4.8266154E-01  3.4495235E-08  9.2043718E-09  7.3206932E-06  2.3583356E-07  8.4636026E-09  3.1987384E-12  9.2048308E-07  2.3543589E-08  0.000E+00  0.000E+00  0.000E+00  1.000E+00  1.000E+00  4.58E+02  0.00E+00  0.00E+00  0.000000  0.000334  0.0000000E+00  0.0000000000E+00
 32  4.486997203887576E+08    1.700000  1.327871  4.086763  7.5157740E-01  2.4837130E-01  1.2915521E-06  4.2970794E-09  1.0216519E-07  6.8211449E-06  3.5136664E-10  2.0005896E-09  9.2048308E-07  2.3543589E-08  0.000E+00  0.0682  4.086763  -30.000  2.182316  7.404413  5.0962657E-01  4.9036353E-01  3.4874628E-08  9.3091005E-09  7.3230243E-06  2.3308446E-07  7.8799866E-09  3.0111619E-12  9.2048308E-07  2.3543589E-08  0.000E+00  0.000E+00  0.000E+00  1.000E+00  1.000E+00  4.58E+02  0.00E+00  0.00E+00  0.000000  0.000337  0.0000000E+00  0.0000000000E+00
 33  4.579096241644102E+08    1.700000  1.331895  4.087410  7.5157740E-01  2.4837130E-01  1.2915521E-06  4.2970794E-09  1.0216519E-07  6.8211449E-06  3.5136664E-10  2.0005896E-09  9.2048308E-07  2.3543589E-08  0.000E+00  0.0649  4.087410  -30.000  2.189580  7.406557  5.0192465E-01  4.9806555E-01  3.5172125E-08  9.3910854E-09  7.3252871E-06  2.3046334E-07  7.3890035E-09  2.8521421E-12  9.2048308E-07  2.3543589E-08  0.000E+00  0.000E+00  0.000E+00  1.000E+00  1.000E+00  4.57E+02  0.00E+00  0.00E+00  0.000000  0.000340  0.0000000E+00  0.0000000000E+00
 34  4.668386985451442E+08    1.700000  1.335873  4.088029  7.5157740E-01  2.4837130E-01  1.2915521E-06  4.2970794E-09  1.0216519E-07  6.8211449E-06  3.5136664E-10  2.0005896E-09  9.2048308E-07  2.3543589E-08  0.000E+00  0.0591  4.088029  -30.000  2.197112  7.408523  4.9422273E-01  5.0576747E-01  3.5534150E-08  9.4909470E-09  7.3274368E-06  2.2784865E-07  6.9138980E-09  2.7002568E-12  9.2048308E-07  2.3543589E-08  0.000E+00  0.000E+00  0.000E+00  1.000E+00  1.000E+00  4.57E+02  0.00E+00  0.00E+00  0.000000  0.000343  0.0000000E+00  0.0000000000E+00
 35  4.754747092676972E+08    1.700000  1.339969  4.088743  7.5157740E-01  2.4837130E-01  1.2915521E-06  4.2970794E-09  1.0216519E-07  6.8211449E-06  3.5136664E-10  2.0005896E-09  9.2048308E-07  2.3543589E-08  0.000E+00  0.0540  4.088743  -30.000  2.205422  7.410519  4.8652081E-01  5.1346949E-01  3.5904558E-08  9.5930762E-09  7.3295841E-06  2.2519752E-07  6.4654736E-09  2.5571459E-12  9.2048308E-07  2.3543589E-08  0.000E+00  0.000E+00  0.000E+00  1.000E+00  1.000E+00  4.56E+02  0.00E+00  0.00E+00  0.000000  0.000346  0.0000000E+00  0.0000000000E+00
 36  4.839037902575870E+08    1.700000  1.343821  4.089331  7.5157740E-01  2.4837130E-01  1.2915521E-06  4.2970794E-09  1.0216519E-07  6.8211449E-06  3.5136664E-10  2.0005896E-09  9.2048308E-07  2.3543589E-08  0.000E+00  0.0479  4.089331  -30.000  2.213152  7.412361  4.7881889E-01  5.2117150E-01  3.6281035E-08  9.6968799E-09  7.3315706E-06  2.2268322E-07  6.0561759E-09  2.4267536E-12  9.2048308E-07  2.3543589E-08  0.000E+00  0.000E+00  0.000E+00  1.000E+00  1.000E+00  4.56E+02  0.00E+00  0.00E+00  0.000000  0.000350  0.0000000E+00  0.0000000000E+00
 37  4.920387014561237E+08    1.700000  1.347601  4.089889  7.5157740E-01  2.4837130E-01  1.2915521E-06  4.2970794E-09  1.0216519E-07  6.8211449E-06  3.5136664E-10  2.0005896E-09  9.2048308E-07  2.3543589E-08  0.000E+00  0.0393  4.089889  -30.000  2.221140  7.413977  4.7111697E-01  5.2887333E-01  3.6745316E-08  9.8249891E-09  7.3336390E-06  2.1995000E-07  5.6238982E-09  2.2884047E-12  9.2048308E-07  2.3543589E-08  0.000E+00  0.000E+00  0.000E+00  1.000E+00  1.000E+00  4.56E+02  0.00E+00  0.00E+00  0.000000  0.000352  0.0000000E+00  0.0000000000E+00
 38  4.997377833480675E+08    1.700000  1.351248  4.090441  7.5157740E-01  2.4837130E-01  1.2915521E-06  4.2970794E-09  1.0216519E-07  6.8211449E-06  3.5136664E-10  2.0005896E-09  9.2048308E-07  2.3543589E-08  0.000E+00  0.0310  4.090441  -30.000  2.229137  7.415538  4.6341505E-01  5.3657535E-01  3.7246966E-08  9.9633298E-09  7.3361788E-06  2.1662943E-07  5.1768664E-09  2.1431746E-12  9.2048308E-07  2.3543589E-08  0.000E+00  0.000E+00  0.000E+00  1.000E+00  1.000E+00  4.55E+02  0.00E+00  0.00E+00  0.000000  0.000355  0.0000000E+00  0.0000000000E+00
 39  5.069916686882783E+08    1.700000  1.354722  4.090985  7.5157740E-01  2.4837130E-01  1.2915521E-06  4.2970794E-09  1.0216519E-07  6.8211449E-06  3.5136664E-10  2.0005896E-09  9.2048308E-07  2.3543589E-08  0.000E+00  0.0225  4.090985  -30.000  2.237193  7.417000  4.5571313E-01  5.4427733E-01  3.7814504E-08  1.0119704E-08  7.3388558E-06  2.1305792E-07  4.7132578E-09  1.9923403E-12  9.2048308E-07  2.3543589E-08  0.000E+00  0.000E+00  0.000E+00  1.000E+00  1.000E+00  4.55E+02  0.00E+00  0.00E+00  0.000000  0.000359  0.0000000E+00  0.0000000000E+00
 40  5.133691115228318E+08    1.700000  1.357862  4.091466  7.5157740E-01  2.4837130E-01  1.2915521E-06  4.2970794E-09  1.0216519E-07  6.8211449E-06  3.5136664E-10  2.0005896E-09  9.2048308E-07  2.3543589E-08  0.000E+00  0.0000  4.091466  -30.000  2.246240  7.417200  4.4801121E-01  5.5197929E-01  4.0134421E-08  1.0752324E-08  7.3472302E-06  2.0101979E-07  3.2236582E-09  1.5642580E-12  9.2048308E-07  2.3543589E-08  0.000E+00  0.000E+00  0.000E+00  1.000E+00  1.000E+00  4.55E+02  0.00E+00  0.00E+00  0.000000  0.000361  0.0000000E+00  0.0000000000E+00
 41  5.189336153106583E+08    1.700000  1.360533  4.091893  7.5157740E-01  2.4837130E-01  1.2915521E-06  4.2970794E-09  1.0216519E-07  6.8211449E-06  3.5136664E-10  2.0005896E-09  9.2048308E-07  2.3543589E-08  0.000E+00  0.0000  4.091893  -30.000  2.253260  7.418429  4.4030929E-01  5.5968124E-01  4.0311429E-08  1.0800312E-08  7.3498328E-06  1.9786892E-07  3.0978333E-09  1.5205542E-12  9.2048308E-07  2.3543589E-08  0.000E+00  0.000E+00  0.000E+00  1.000E+00  1.000E+00  4.54E+02  0.00E+00  0.00E+00  0.000000  0.000363  0.0000000E+00  0.0000000000E+00
 42  5.245266084814654E+08    1.700000  1.363270  4.092343  7.5157740E-01  2.4837130E-01  1.2915521E-06  4.2970794E-09  1.0216519E-07  6.8211449E-06  3.5136664E-10  2.0005896E-09  9.2048308E-07  2.3543589E-08  0.000E+00  0.0000  4.092343  -30.000  2.260450  7.419736  4.3260737E-01  5.6738313E-01  4.0488117E-08  1.0848249E-08  7.3505199E-06  1.9687406E-07  3.0077958E-09  1.4944146E-12  9.2048308E-07  2.3543589E-08  0.000E+00  0.000E+00  0.000E+00  1.000E+00  1.000E+00  4.54E+02  0.00E+00  0.00E+00  0.000000  0.000366  0.0000000E+00  0.0000000000E+00
 43  5.301498002176458E+08    1.700000  1.366027  4.092782  7.5157740E-01  2.4837130E-01  1.2915521E-06  4.2970794E-09  1.0216519E-07  6.8211449E-06  3.5136664E-10  2.0005896E-09  9.2048308E-07  2.3543589E-08  0.000E+00  0.0000  4.092782  -30.000  2.267683  7.421017  4.2490545E-01  5.7508505E-01  4.0662596E-08  1.0895588E-08  7.3511823E-06  1.9590711E-07  2.9219566E-09  1.4692076E-12  9.2048308E-07  2.3543589E-08  0.000E+00  0.000E+00  0.000E+00  1.000E+00  1.000E+00  4.54E+02  0.00E+00  0.00E+00  0.000000  0.000368  0.0000000E+00  0.0000000000E+00
 44  5.358046086145086E+08    1.700000  1.368825  4.093226  7.5157740E-01  2.4837130E-01  1.2915521E-06  4.2970794E-09  1.0216519E-07  6.8211449E-06  3.5136664E-10  2.0005896E-09  9.2048308E-07  2.3543589E-08  0.000E+00  0.0000  4.093226  -30.000  2.275017  7.422310  4.1720353E-01  5.8278700E-01  4.0840037E-08  1.0943733E-08  7.3518458E-06  1.9493263E-07  2.8375203E-09  1.4441100E-12  9.2048308E-07  2.3543589E-08  0.000E+00  0.000E+00  0.000E+00  1.000E+00  1.000E+00  4.54E+02  0.00E+00  0.00E+00  0.000000  0.000370  0.0000000E+00  0.0000000000E+00
 45  5.414905634323734E+08    1.700000  1.371667  4.093679  7.5157740E-01  2.4837130E-01  1.2915521E-06  4.2970794E-09  1.0216519E-07  6.8211449E-06  3.5136664E-10  2.0005896E-09  9.2048308E-07  2.3543589E-08  0.000E+00  0.0000  4.093679  -30.000  2.282471  7.423643  4.0950161E-01  5.9048889E-01  4.1024091E-08  1.0993676E-08  7.3525228E-06  1.9393191E-07  2.7528298E-09  1.4186274E-12  9.2048308E-07  2.3543589E-08  0.000E+00  0.000E+00  0.000E+00  1.000E+00  1.000E+00  4.53E+02  0.00E+00  0.00E+00  0.000000  0.000373  0.0000000E+00  0.0000000000E+00
 46  5.472074826503274E+08    1.700000  1.374552  4.094138  7.5157740E-01  2.4837130E-01  1.2915521E-06  4.2970794E-09  1.0216519E-07  6.8211449E-06  3.5136664E-10  2.0005896E-09  9.2048308E-07  2.3543589E-08  0.000E+00  0.0000  4.094138  -30.000  2.290033  7.424999  4.0179969E-01  5.9819091E-01  4.1212770E-08  1.1044878E-08  7.3532063E-06  1.9291529E-07  2.6689686E-09  1.3930703E-12  9.2048308E-07  2.3543589E-08  0.000E+00  0.000E+00  0.000E+00  1.000E+00  1.000E+00  4.53E+02  0.00E+00  0.00E+00  0.000000  0.000375  0.0000000E+00  0.0000000000E+00
 47  5.529547324142698E+08    1.700000  1.377480  4.094602  7.5157740E-01  2.4837130E-01  1.2915521E-06  4.2970794E-09  1.0216519E-07  6.8211449E-06  3.5136664E-10  2.0005896E-09  9.2048308E-07  2.3543589E-08  0.000E+00  0.0000  4.094602  -30.000  2.297706  7.426383  3.9409777E-01  6.0589283E-01  4.1406830E-08  1.1097543E-08  7.3538982E-06  1.9187952E-07  2.5857230E-09  1.3673676E-12  9.2048308E-07  2.3543589E-08  0.000E+00  0.000E+00  0.000E+00  1.000E+00  1.000E+00  4.53E+02  0.00E+00  0.00E+00  0.000000  0.000378  0.0000000E+00  0.0000000000E+00
 48  5.587316967390522E+08    1.700000  1.380448  4.095074  7.5157740E-01  2.4837130E-01  1.2915521E-06  4.2970794E-09  1.0216519E-07  6.8211449E-06  3.5136664E-10  2.0005896E-09  9.2048308E-07  2.3543589E-08  0.000E+00  0.0000  4.095074  -30.000  2.305491  7.427797  3.8639585E-01  6.1359475E-01  4.1606459E-08  1.1151723E-08  7.3545997E-06  1.9082297E-07  2.5031175E-09  1.3415163E-12  9.2048308E-07  2.3543589E-08  0.000E+00  0.000E+00  0.000E+00  1.000E+00  1.000E+00  4.53E+02  0.00E+00  0.00E+00  0.000000  0.000380  0.0000000E+00  0.0000000000E+00
 49  5.645393387398462E+08    1.700000  1.383447  4.095536  7.5157740E-01  2.4837130E-01  1.2915521E-06  4.2970794E-09  1.0216519E-07  6.8211449E-06  3.5136664E-10  2.0005896E-09  9.2048308E-07  2.3543589E-08  0.000E+00  0.0000  4.095536  -30.000  2.313350  7.429205  3.7869393E-01  6.2129667E-01  4.1807070E-08  1.1206172E-08  7.3552916E-06  1.8977308E-07  2.4231652E-09  1.3161590E-12  9.2048308E-07  2.3543589E-08  0.000E+00  0.000E+00  0.000E+00  1.000E+00  1.000E+00  4.52E+02  0.00E+00  0.00E+00  0.000000  0.000383  0.0000000E+00  0.0000000000E+00
 50  5.703765954365019E+08    1.700000  1.386506  4.096017  7.5157740E-01  2.4837130E-01  1.2915521E-06  4.2970794E-09  1.0216519E-07  6.8211449E-06  3.5136664E-10  2.0005896E-09  9.2048308E-07  2.3543589E-08  0.000E+00  0.0000  4.096017  -30.000  2.321356  7.430682  3.7099201E-01  6.2899858E-01  4.2018851E-08  1.1263658E-08  7.3560087E-06  1.8867719E-07  2.3418325E-09  1.2900114E-12  9.2048308E-07  2.3543589E-08  0.000E+00  0.000E+00  0.000E+00  1.000E+00  1.000E+00  4.52E+02  0.00E+00  0.00E+00  0.000000  0.000386  0.0000000E+00  0.0000000000E+00
 51  5.762410780299689E+08    1.700000  1.389608  4.096503  7.5157740E-01  2.4837130E-01  1.2915521E-06  4.2970794E-09  1.0216519E-07  6.8211449E-06  3.5136664E-10  2.0005896E-09  9.2048308E-07  2.3543589E-08  0.000E+00  0.0000  4.096503  -30.000  2.329479  7.432195  3.6329009E-01  6.3670051E-01  4.2237699E-08  1.1323066E-08  7.3567368E-06  1.8755649E-07  2.2610094E-09  1.2636511E-12  9.2048308E-07  2.3543589E-08  0.000E+00  0.000E+00  0.000E+00  1.000E+00  1.000E+00  4.52E+02  0.00E+00  0.00E+00  0.000000  0.000388  0.0000000E+00  0.0000000000E+00
 52  5.821312553102632E+08    1.700000  1.392751  4.096993  7.5157740E-01  2.4837130E-01  1.2915521E-06  4.2970794E-09  1.0216519E-07  6.8211449E-06  3.5136664E-10  2.0005896E-09  9.2048308E-07  2.3543589E-08  0.000E+00  0.0000  4.096993  -30.000  2.337710  7.433739  3.5558817E-01  6.4440234E-01  4.2462700E-08  1.1384148E-08  7.3574727E-06  1.8641566E-07  2.1811681E-09  1.2372222E-12  9.2048308E-07  2.3543589E-08  0.000E+00  0.000E+00  0.000E+00  1.000E+00  1.000E+00  4.51E+02  0.00E+00  0.00E+00  0.000000  0.000391  0.0000000E+00  0.0000000000E+00
 53  5.880457668874743E+08    1.700000  1.395941  4.097492  7.5157740E-01  2.4837130E-01  1.2915521E-06  4.2970794E-09  1.0216519E-07  6.8211449E-06  3.5136664E-10  2.0005896E-09  9.2048308E-07  2.3543589E-08  0.000E+00  0.0000  4.097492  -30.000  2.346055  7.435325  3.4788625E-01  6.5210435E-01  4.2695777E-08  1.1447429E-08  7.3582205E-06  1.8524730E-07  2.1017999E-09  1.2105502E-12  9.2048308E-07  2.3543589E-08  0.000E+00  0.000E+00  0.000E+00  1.000E+00  1.000E+00  4.51E+02  0.00E+00  0.00E+00  0.000000  0.000394  0.0000000E+00  0.0000000000E+00
 54  5.939824556139246E+08    1.700000  1.399170  4.097993  7.5157740E-01  2.4837130E-01  1.2915521E-06  4.2970794E-09  1.0216519E-07  6.8211449E-06  3.5136664E-10  2.0005896E-09  9.2048308E-07  2.3543589E-08  0.000E+00  0.0000  4.097993  -30.000  2.354506  7.436947  3.4018433E-01  6.5980625E-01  4.2936364E-08  1.1512753E-08  7.3589777E-06  1.8405492E-07  2.0232686E-09  1.1837458E-12  9.2048308E-07  2.3543589E-08  0.000E+00  0.000E+00  0.000E+00  1.000E+00  1.000E+00  4.51E+02  0.00E+00  0.00E+00  0.000000  0.000397  0.0000000E+00  0.0000000000E+00
 55  5.999400174135821E+08    1.700000  1.402446  4.098495  7.5157740E-01  2.4837130E-01  1.2915521E-06  4.2970794E-09  1.0216519E-07  6.8211449E-06  3.5136664E-10  2.0005896E-09  9.2048308E-07  2.3543589E-08  0.000E+00  0.0000  4.098495  -30.000  2.363039  7.438588  3.3248241E-01  6.6750819E-01  4.3181774E-08  1.1579392E-08  7.3597351E-06  1.8285252E-07  1.9465759E-09  1.1571478E-12  9.2048308E-07  2.3543589E-08  0.000E+00  0.000E+00  0.000E+00  1.000E+00  1.000E+00  4.50E+02  0.00E+00  0.00E+00  0.000000  0.000400  0.0000000E+00  0.0000000000E+00
 56  6.059167848672767E+08    1.700000  1.405764  4.099000  7.5157740E-01  2.4837130E-01  1.2915521E-06  4.2970794E-09  1.0216519E-07  6.8211449E-06  3.5136664E-10  2.0005896E-09  9.2048308E-07  2.3543589E-08  0.000E+00  0.0000  4.099000  -30.000  2.371684  7.440277  3.2478049E-01  6.7521011E-01  4.3436628E-08  1.1648601E-08  7.3605053E-06  1.8161922E-07  1.8703770E-09  1.1302901E-12  9.2048308E-07  2.3543589E-08  0.000E+00  0.000E+00  0.000E+00  1.000E+00  1.000E+00  4.50E+02  0.00E+00  0.00E+00  0.000000  0.000403  0.0000000E+00  0.0000000000E+00
 57  6.119087663605331E+08    1.700000  1.409113  4.099511  7.5157740E-01  2.4837130E-01  1.2915521E-06  4.2970794E-09  1.0216519E-07  6.8211449E-06  3.5136664E-10  2.0005896E-09  9.2048308E-07  2.3543589E-08  0.000E+00  0.0000  4.099511  -30.000  2.380437  7.442020  3.1707857E-01  6.8291203E-01  4.3702077E-08  1.1720694E-08  7.3612910E-06  1.8035023E-07  1.7945459E-09  1.1031088E-12  9.2048308E-07  2.3543589E-08  0.000E+00  0.000E+00  0.000E+00  1.000E+00  1.000E+00  4.50E+02  0.00E+00  0.00E+00  0.000000  0.000406  0.0000000E+00  0.0000000000E+00
 58  6.179126693092655E+08    1.700000  1.412509  4.100026  7.5157740E-01  2.4837130E-01  1.2915521E-06  4.2970794E-09  1.0216519E-07  6.8211449E-06  3.5136664E-10  2.0005896E-09  9.2048308E-07  2.3543589E-08  0.000E+00  0.0000  4.100026  -30.000  2.389271  7.443801  3.0937665E-01  6.9061395E-01  4.3975950E-08  1.1795081E-08  7.3620841E-06  1.7905763E-07  1.7199183E-09  1.0758914E-12  9.2048308E-07  2.3543589E-08  0.000E+00  0.000E+00  0.000E+00  1.000E+00  1.000E+00  4.49E+02  0.00E+00  0.00E+00  0.000000  0.000410  0.0000000E+00  0.0000000000E+00
 59  6.239253668147308E+08    1.700000  1.415935  4.100539  7.5157740E-01  2.4837130E-01  1.2915521E-06  4.2970794E-09  1.0216519E-07  6.8211449E-06  3.5136664E-10  2.0005896E-09  9.2048308E-07  2.3543589E-08  0.000E+00  0.0000  4.100539  -30.000  2.398178  7.445615  3.0167473E-01  6.9831587E-01  4.4257596E-08  1.1871586E-08  7.3628819E-06  1.7774528E-07  1.6468067E-09  1.0487471E-12  9.2048308E-07  2.3543589E-08  0.000E+00  0.000E+00  0.000E+00  1.000E+00  1.000E+00  4.49E+02  0.00E+00  0.00E+00  0.000000  0.000413  0.0000000E+00  0.0000000000E+00
 60  6.299431581680667E+08    1.700000  1.419381  4.101049  7.5157740E-01  2.4837130E-01  1.2915521E-06  4.2970794E-09  1.0216519E-07  6.8211449E-06  3.5136664E-10  2.0005896E-09  9.2048308E-07  2.3543589E-08  0.000E+00  0.0000  4.101049  -30.000  2.407167  7.447472  2.9397281E-01  7.0601779E-01  4.4548848E-08  1.1950708E-08  7.3636884E-06  1.7640589E-07  1.5748509E-09  1.0215413E-12  9.2048308E-07  2.3543589E-08  0.000E+00  0.000E+00  0.000E+00  1.000E+00  1.000E+00  4.49E+02  0.00E+00  0.00E+00  0.000000  0.000416  0.0000000E+00  0.0000000000E+00
 61  6.359618271264403E+08    1.700000  1.422865  4.101562  7.5157740E-01  2.4837130E-01  1.2915521E-06  4.2970794E-09  1.0216519E-07  6.8211449E-06  3.5136664E-10  2.0005896E-09  9.2048308E-07  2.3543589E-08  0.000E+00  0.0000  4.101562  -30.000  2.416233  7.449387  2.8627089E-01  7.1371971E-01  4.4852102E-08  1.2033098E-08  7.3645069E-06  1.7503201E-07  1.5036777E-09  9.9412413E-13  9.2048308E-07  2.3543589E-08  0.000E+00  0.000E+00  0.000E+00  1.000E+00  1.000E+00  4.48E+02  0.00E+00  0.00E+00  0.000000  0.000419  0.0000000E+00  0.0000000000E+00
 62  6.419756666685456E+08    1.700000  1.426373  4.102071  7.5157740E-01  2.4837130E-01  1.2915521E-06  4.2970794E-09  1.0216519E-07  6.8211449E-06  3.5136664E-10  2.0005896E-09  9.2048308E-07  2.3543589E-08  0.000E+00  0.0000  4.102071  -30.000  2.425350  7.451347  2.7856897E-01  7.2142164E-01  4.5165636E-08  1.2118289E-08  7.3653332E-06  1.7363070E-07  1.4338533E-09  9.6670015E-13  9.2048308E-07  2.3543589E-08  0.000E+00  0.000E+00  0.000E+00  1.000E+00  1.000E+00  4.48E+02  0.00E+00  0.00E+00  0.000000  0.000423  0.0000000E+00  0.0000000000E+00
 63  6.479779571000487E+08    1.700000  1.429894  4.102578  7.5157740E-01  2.4837130E-01  1.2915521E-06  4.2970794E-09  1.0216519E-07  6.8211449E-06  3.5136664E-10  2.0005896E-09  9.2048308E-07  2.3543589E-08  0.000E+00  0.0000  4.102578  -30.000  2.434515  7.453361  2.7086705E-01  7.2912355E-01  4.5491467E-08  1.2206831E-08  7.3661705E-06  1.7219537E-07  1.3651328E-09  9.3916327E-13  9.2048308E-07  2.3543589E-08  0.000E+00  0.000E+00  0.000E+00  1.000E+00  1.000E+00  4.47E+02  0.00E+00  0.00E+00  0.000000  0.000426  0.0000000E+00  0.0000000000E+00
 64  6.539621522899975E+08    1.700000  1.433432  4.103084  7.5157740E-01  2.4837130E-01  1.2915521E-06  4.2970794E-09  1.0216519E-07  6.8211449E-06  3.5136664E-10  2.0005896E-09  9.2048308E-07  2.3543589E-08  0.000E+00  0.0000  4.103084  -30.000  2.443718  7.455430  2.6316512E-01  7.3682548E-01  4.5829609E-08  1.2298729E-08  7.3670167E-06  1.7072813E-07  1.2976891E-09  9.1157791E-13  9.2048308E-07  2.3543589E-08  0.000E+00  0.000E+00  0.000E+00  1.000E+00  1.000E+00  4.47E+02  0.00E+00  0.00E+00  0.000000  0.000430  0.0000000E+00  0.0000000000E+00
 65  6.599224301776358E+08    1.700000  1.436978  4.103584  7.5157740E-01  2.4837130E-01  1.2915521E-06  4.2970794E-09  1.0216519E-07  6.8211449E-06  3.5136664E-10  2.0005896E-09  9.2048308E-07  2.3543589E-08  0.000E+00  0.0000  4.103584  -30.000  2.452924  7.457540  2.5546320E-01  7.4452740E-01  4.6178717E-08  1.2393617E-08  7.3678661E-06  1.6923722E-07  1.2319770E-09  8.8412472E-13  9.2048308E-07  2.3543589E-08  0.000E+00  0.000E+00  0.000E+00  1.000E+00  1.000E+00  4.47E+02  0.00E+00  0.00E+00  0.000000  0.000433  0.0000000E+00  0.0000000000E+00
 66  6.658488138380773E+08    1.700000  1.440523  4.104083  7.5157740E-01  2.4837130E-01  1.2915521E-06  4.2970794E-09  1.0216519E-07  6.8211449E-06  3.5136664E-10  2.0005896E-09  9.2048308E-07  2.3543589E-08  0.000E+00  0.0000  4.104083  -30.000  2.462134  7.459727  2.4776128E-01  7.5222932E-01  4.6544416E-08  1.2493026E-08  7.3687314E-06  1.6769973E-07  1.1670863E-09  8.5641724E-13  9.2048308E-07  2.3543589E-08  0.000E+00  0.000E+00  0.000E+00  1.000E+00  1.000E+00  4.46E+02  0.00E+00  0.00E+00  0.000000  0.000437  0.0000000E+00  0.0000000000E+00
 67  6.717318458462285E+08    1.700000  1.444064  4.104573  7.5157740E-01  2.4837130E-01  1.2915521E-06  4.2970794E-09  1.0216519E-07  6.8211449E-06  3.5136664E-10  2.0005896E-09  9.2048308E-07  2.3543589E-08  0.000E+00  0.0000  4.104573  -30.000  2.471316  7.461968  2.4005936E-01  7.5993124E-01  4.6923580E-08  1.2596107E-08  7.3696022E-06  1.6613198E-07  1.1038425E-09  8.2879206E-13  9.2048308E-07  2.3543589E-08  0.000E+00  0.000E+00  0.000E+00  1.000E+00  1.000E+00  4.46E+02  0.00E+00  0.00E+00  0.000000  0.000440  0.0000000E+00  0.0000000000E+00
 68  6.775624277469412E+08    1.700000  1.447589  4.105053  7.5157740E-01  2.4837130E-01  1.2915521E-06  4.2970794E-09  1.0216519E-07  6.8211449E-06  3.5136664E-10  2.0005896E-09  9.2048308E-07  2.3543589E-08  0.000E+00  0.0000  4.105053  -30.000  2.480458  7.464267  2.3235744E-01  7.6763316E-01  4.7317342E-08  1.2703170E-08  7.3704790E-06  1.6453160E-07  1.0421945E-09  8.0123041E-13  9.2048308E-07  2.3543589E-08  0.000E+00  0.000E+00  0.000E+00  1.000E+00  1.000E+00  4.45E+02  0.00E+00  0.00E+00  0.000000  0.000444  0.0000000E+00  0.0000000000E+00
 69  6.833307515863000E+08    1.700000  1.451083  4.105515  7.5157740E-01  2.4837130E-01  1.2915521E-06  4.2970794E-09  1.0216519E-07  6.8211449E-06  3.5136664E-10  2.0005896E-09  9.2048308E-07  2.3543589E-08  0.000E+00  0.0000  4.105515  -30.000  2.489517  7.466612  2.2465552E-01  7.7533518E-01  4.7724171E-08  1.2813800E-08  7.3713567E-06  1.6290640E-07  9.8252175E-10  7.7390369E-13  9.2048308E-07  2.3543589E-08  0.000E+00  0.000E+00  0.000E+00  1.000E+00  1.000E+00  4.45E+02  0.00E+00  0.00E+00  0.000000  0.000448  0.0000000E+00  0.0000000000E+00
 70  6.890255946059860E+08    1.700000  1.454546  4.105966  7.5157740E-01  2.4837130E-01  1.2915521E-06  4.2970794E-09  1.0216519E-07  6.8211449E-06  3.5136664E-10  2.0005896E-09  9.2048308E-07  2.3543589E-08  0.000E+00  0.0000  4.105966  -30.000  2.498486  7.469026  2.1695360E-01  7.8303701E-01  4.8148320E-08  1.2929155E-08  7.3722414E-06  1.6124292E-07  9.2436152E-10  7.4660276E-13  9.2048308E-07  2.3543589E-08  0.000E+00  0.000E+00  0.000E+00  1.000E+00  1.000E+00  4.45E+02  0.00E+00  0.00E+00  0.000000  0.000451  0.0000000E+00  0.0000000000E+00
 71  6.946357708102051E+08    1.700000  1.457962  4.106402  7.5157740E-01  2.4837130E-01  1.2915521E-06  4.2970794E-09  1.0216519E-07  6.8211449E-06  3.5136664E-10  2.0005896E-09  9.2048308E-07  2.3543589E-08  0.000E+00  0.0000  4.106402  -30.000  2.507322  7.471492  2.0925168E-01  7.9073892E-01  4.8587207E-08  1.3048534E-08  7.3731260E-06  1.5955294E-07  8.6820804E-10  7.1956303E-13  9.2048308E-07  2.3543589E-08  0.000E+00  0.000E+00  0.000E+00  1.000E+00  1.000E+00  4.44E+02  0.00E+00  0.00E+00  0.000000  0.000455  0.0000000E+00  0.0000000000E+00
 72  7.001500287668709E+08    1.700000  1.461319  4.106815  7.5157740E-01  2.4837130E-01  1.2915521E-06  4.2970794E-09  1.0216519E-07  6.8211449E-06  3.5136664E-10  2.0005896E-09  9.2048308E-07  2.3543589E-08  0.000E+00  0.0000  4.106815  -30.000  2.515998  7.474010  2.0154976E-01  7.9844085E-01  4.9041358E-08  1.3172081E-08  7.3740094E-06  1.5783715E-07  8.1409125E-10  6.9281370E-13  9.2048308E-07  2.3543589E-08  0.000E+00  0.000E+00  0.000E+00  1.000E+00  1.000E+00  4.44E+02  0.00E+00  0.00E+00  0.000000  0.000458  0.0000000E+00  0.0000000000E+00
 73  7.055554976608955E+08    1.700000  1.464610  4.107215  7.5157740E-01  2.4837130E-01  1.2915521E-06  4.2970794E-09  1.0216519E-07  6.8211449E-06  3.5136664E-10  2.0005896E-09  9.2048308E-07  2.3543589E-08  0.000E+00  0.0000  4.107215  -30.000  2.524473  7.476628  1.9384784E-01  8.0614286E-01  4.9520196E-08  1.3302364E-08  7.3749060E-06  1.5606390E-07  7.6107605E-10  6.6589003E-13  9.2048308E-07  2.3543589E-08  0.000E+00  0.000E+00  0.000E+00  1.000E+00  1.000E+00  4.43E+02  0.00E+00  0.00E+00  0.000000  0.000462  0.0000000E+00  0.0000000000E+00
 74  7.108753558551457E+08    1.700000  1.467841  4.107590  7.5157740E-01  2.4837130E-01  1.2915521E-06  4.2970794E-09  1.0216519E-07  6.8211449E-06  3.5136664E-10  2.0005896E-09  9.2048308E-07  2.3543589E-08  0.000E+00  0.0000  4.107590  -30.000  2.532866  7.479214  1.8614592E-01  8.1384468E-01  4.9961390E-08  1.3423006E-08  7.3752527E-06  1.5495636E-07  7.3426467E-10  6.5467482E-13  9.2048308E-07  2.3543589E-08  0.000E+00  0.000E+00  0.000E+00  1.000E+00  1.000E+00  4.43E+02  0.00E+00  0.00E+00  0.000000  0.000465  0.0000000E+00  0.0000000000E+00
 75  7.161602795878347E+08    1.700000  1.471050  4.107954  7.5157740E-01  2.4837130E-01  1.2915521E-06  4.2970794E-09  1.0216519E-07  6.8211449E-06  3.5136664E-10  2.0005896E-09  9.2048308E-07  2.3543589E-08  0.000E+00  0.0000  4.107954  -30.000  2.541228  7.481815  1.7844400E-01  8.2154670E-01  5.0401902E-08  1.3543636E-08  7.3754566E-06  1.5400706E-07  7.1344171E-10  6.4703053E-13  9.2048308E-07  2.3543589E-08  0.000E+00  0.000E+00  0.000E+00  1.000E+00  1.000E+00  4.42E+02  0.00E+00  0.00E+00  0.000000  0.000469  0.0000000E+00  0.0000000000E+00
 76  7.214101176137295E+08    1.700000  1.474240  4.108306  7.5157740E-01  2.4837130E-01  1.2915521E-06  4.2970794E-09  1.0216519E-07  6.8211449E-06  3.5136664E-10  2.0005896E-09  9.2048308E-07  2.3543589E-08  0.000E+00  0.0000  4.108306  -30.000  2.549655  7.484387  1.7074208E-01  8.2924852E-01  5.0844253E-08  1.3664788E-08  7.3756487E-06  1.5306750E-07  6.9330674E-10  6.3950963E-13  9.2048308E-07  2.3543589E-08  0.000E+00  0.000E+00  0.000E+00  1.000E+00  1.000E+00  4.42E+02  0.00E+00  0.00E+00  0.000000  0.000472  0.0000000E+00  0.0000000000E+00
 77  7.266241321010801E+08    1.700000  1.477413  4.108646  7.5157740E-01  2.4837130E-01  1.2915521E-06  4.2970794E-09  1.0216519E-07  6.8211449E-06  3.5136664E-10  2.0005896E-09  9.2048308E-07  2.3543589E-08  0.000E+00  0.0000  4.108646  -30.000  2.558092  7.486962  1.6304016E-01  8.3695044E-01  5.1293513E-08  1.3787854E-08  7.3758313E-06  1.5212694E-07  6.7360400E-10  6.3202342E-13  9.2048308E-07  2.3543589E-08  0.000E+00  0.000E+00  0.000E+00  1.000E+00  1.000E+00  4.42E+02  0.00E+00  0.00E+00  0.000000  0.000476  0.0000000E+00  0.0000000000E+00
 78  7.318006145945965E+08    1.700000  1.480573  4.108974  7.5157740E-01  2.4837130E-01  1.2915521E-06  4.2970794E-09  1.0216519E-07  6.8211449E-06  3.5136664E-10  2.0005896E-09  9.2048308E-07  2.3543589E-08  0.000E+00  0.0000  4.108974  -30.000  2.566544  7.489543  1.5533824E-01  8.4465246E-01  5.1750439E-08  1.3913042E-08  7.3760040E-06  1.5118436E-07  6.5430333E-10  6.2456314E-13  9.2048308E-07  2.3543589E-08  0.000E+00  0.000E+00  0.000E+00  1.000E+00  1.000E+00  4.41E+02  0.00E+00  0.00E+00  0.000000  0.000479  0.0000000E+00  0.0000000000E+00
 79  7.369382481538618E+08    1.700000  1.483709  4.109287  7.5157740E-01  2.4837130E-01  1.2915521E-06  4.2970794E-09  1.0216519E-07  6.8211449E-06  3.5136664E-10  2.0005896E-09  9.2048308E-07  2.3543589E-08  0.000E+00  0.0000  4.109287  -30.000  2.575040  7.492130  1.4763632E-01  8.5235438E-01  5.2215206E-08  1.4040399E-08  7.3761669E-06  1.5023954E-07  6.3540162E-10  6.1712868E-13  9.2048308E-07  2.3543589E-08  0.000E+00  0.000E+00  0.000E+00  1.000E+00  1.000E+00  4.41E+02  0.00E+00  0.00E+00  0.000000  0.000482  0.0000000E+00  0.0000000000E+00
 80  7.420364450208870E+08    1.700000  1.486825  4.109587  7.5157740E-01  2.4837130E-01  1.2915521E-06  4.2970794E-09  1.0216519E-07  6.8211449E-06  3.5136664E-10  2.0005896E-09  9.2048308E-07  2.3543589E-08  0.000E+00  0.0000  4.109587  -30.000  2.583550  7.494728  1.3993440E-01  8.6005620E-01  5.2688948E-08  1.4170239E-08  7.3763198E-06  1.4929078E-07  6.1685825E-10  6.0970620E-13  9.2048308E-07  2.3543589E-08  0.000E+00  0.000E+00  0.000E+00  1.000E+00  1.000E+00  4.40E+02  0.00E+00  0.00E+00  0.000000  0.000486  0.0000000E+00  0.0000000000E+00
 81  7.470966919929062E+08    1.700000  1.489925  4.109872  7.5157740E-01  2.4837130E-01  1.2915521E-06  4.2970794E-09  1.0216519E-07  6.8211449E-06  3.5136664E-10  2.0005896E-09  9.2048308E-07  2.3543589E-08  0.000E+00  0.0000  4.109872  -30.000  2.592099  7.497321  1.3223248E-01  8.6775812E-01  5.3169009E-08  1.4301835E-08  7.3764618E-06  1.4834350E-07  5.9877858E-10  6.0233972E-13  9.2048308E-07  2.3543589E-08  0.000E+00  0.000E+00  0.000E+00  1.000E+00  1.000E+00  4.40E+02  0.00E+00  0.00E+00  0.000000  0.000489  0.0000000E+00  0.0000000000E+00
 82  7.521215982805459E+08    1.700000  1.493014  4.110149  7.5157740E-01  2.4837130E-01  1.2915521E-06  4.2970794E-09  1.0216519E-07  6.8211449E-06  3.5136664E-10  2.0005896E-09  9.2048308E-07  2.3543589E-08  0.000E+00  0.0000  4.110149  -30.000  2.600674  7.499933  1.2453056E-01  8.7546004E-01  5.3659616E-08  1.4436344E-08  7.3765934E-06  1.4739021E-07  5.8100512E-10  5.9496882E-13  9.2048308E-07  2.3543589E-08  0.000E+00  0.000E+00  0.000E+00  1.000E+00  1.000E+00  4.39E+02  0.00E+00  0.00E+00  0.000000  0.000493  0.0000000E+00  0.0000000000E+00
 83  7.571148064844406E+08    1.700000  1.496086  4.110409  7.5157740E-01  2.4837130E-01  1.2915521E-06  4.2970794E-09  1.0216519E-07  6.8211449E-06  3.5136664E-10  2.0005896E-09  9.2048308E-07  2.3543589E-08  0.000E+00  0.0000  4.110409  -30.000  2.609307  7.502545  1.1682864E-01  8.8316196E-01  5.4157946E-08  1.4572995E-08  7.3767136E-06  1.4643638E-07  5.6364739E-10  5.8763891E-13  9.2048308E-07  2.3543589E-08  0.000E+00  0.000E+00  0.000E+00  1.000E+00  1.000E+00  4.39E+02  0.00E+00  0.00E+00  0.000000  0.000496  0.0000000E+00  0.0000000000E+00
 84  7.620821910025340E+08    1.700000  1.499148  4.110662  7.5157740E-01  2.4837130E-01  1.2915521E-06  4.2970794E-09  1.0216519E-07  6.8211449E-06  3.5136664E-10  2.0005896E-09  9.2048308E-07  2.3543589E-08  0.000E+00  0.0000  4.110662  -30.000  2.617942  7.505203  1.0912672E-01  8.9086388E-01  5.4672602E-08  1.4714151E-08  7.3768238E-06  1.4546680E-07  5.4641649E-10  5.8023020E-13  9.2048308E-07  2.3543589E-08  0.000E+00  0.000E+00  0.000E+00  1.000E+00  1.000E+00  4.38E+02  0.00E+00  0.00E+00  0.000000  0.000500  0.0000000E+00  0.0000000000E+00
 85  7.670312774440014E+08    1.700000  1.502206  4.110896  7.5157740E-01  2.4837130E-01  1.2915521E-06  4.2970794E-09  1.0216519E-07  6.8211449E-06  3.5136664E-10  2.0005896E-09  9.2048308E-07  2.3543589E-08  0.000E+00  0.0000  4.110896  -30.000  2.626771  7.507797  1.0142480E-01  8.9856580E-01  5.5183100E-08  1.4854188E-08  7.3769202E-06  1.4451905E-07  5.3000476E-10  5.7303912E-13  9.2048308E-07  2.3543589E-08  0.000E+00  0.000E+00  0.000E+00  1.000E+00  1.000E+00  4.38E+02  0.00E+00  0.00E+00  0.000000  0.000503  0.0000000E+00  0.0000000000E+00
 86  7.696342455311422E+08    1.700000  1.503823  4.111016  7.5157740E-01  2.4837130E-01  1.2915521E-06  4.2970794E-09  1.0216519E-07  6.8211449E-06  3.5136664E-10  2.0005896E-09  9.2048308E-07  2.3543589E-08  0.000E+00  0.0000  4.111016  -30.000  2.631471  7.509160  9.7372267E-02  9.0261836E-01  5.5454582E-08  1.4928670E-08  7.3769661E-06  1.4402095E-07  5.2154018E-10  5.6927779E-13  9.2048308E-07  2.3543589E-08  0.000E+00  0.000E+00  0.000E+00  1.000E+00  1.000E+00  4.37E+02  0.00E+00  0.00E+00  0.000000  0.000505  0.0000000E+00  0.0000000000E+00
 87  7.722394484034889E+08    1.700000  1.505444  4.111132  7.5157740E-01  2.4837130E-01  1.2915521E-06  4.2970794E-09  1.0216519E-07  6.8211449E-06  3.5136664E-10  2.0005896E-09  9.2048308E-07  2.3543589E-08  0.000E+00  0.0000  4.111132  -30.000  2.636218  7.510522  9.3319734E-02  9.0667090E-01  5.5728139E-08  1.5003727E-08  7.3770086E-06  1.4352309E-07  5.1318928E-10  5.6553088E-13  9.2048308E-07  2.3543589E-08  0.000E+00  0.000E+00  0.000E+00  1.000E+00  1.000E+00  4.37E+02  0.00E+00  0.00E+00  0.000000  0.000507  0.0000000E+00  0.0000000000E+00
 88  7.748497670099663E+08    1.700000  1.507074  4.111249  7.5157740E-01  2.4837130E-01  1.2915521E-06  4.2970794E-09  1.0216519E-07  6.8211449E-06  3.5136664E-10  2.0005896E-09  9.2048308E-07  2.3543589E-08  0.000E+00  0.0000  4.111249  -30.000  2.641025  7.511876  8.9267200E-02  9.1072339E-01  5.6002304E-08  1.5078958E-08  7.3770477E-06  1.4302801E-07  5.0499574E-10  5.6181816E-13  9.2048308E-07  2.3543589E-08  0.000E+00  0.000E+00  0.000E+00  1.000E+00  1.000E+00  4.37E+02  0.00E+00  0.00E+00  0.000000  0.000509  0.0000000E+00  0.0000000000E+00
 89  7.774694052273331E+08    1.700000  1.508717  4.111364  7.5157740E-01  2.4837130E-01  1.2915521E-06  4.2970794E-09  1.0216519E-07  6.8211449E-06  3.5136664E-10  2.0005896E-09  9.2048308E-07  2.3543589E-08  0.000E+00  0.0000  4.111364  -30.000  2.645925  7.513211  8.5214667E-02  9.1477592E-01  5.6275145E-08  1.5153831E-08  7.3770830E-06  1.4253913E-07  4.9701468E-10  5.5816576E-13  9.2048308E-07  2.3543589E-08  0.000E+00  0.000E+00  0.000E+00  1.000E+00  1.000E+00  4.36E+02  0.00E+00  0.00E+00  0.000000  0.000511  0.0000000E+00  0.0000000000E+00
 90  7.801021997438592E+08    1.700000  1.510374  4.111476  7.5157740E-01  2.4837130E-01  1.2915521E-06  4.2970794E-09  1.0216519E-07  6.8211449E-06  3.5136664E-10  2.0005896E-09  9.2048308E-07  2.3543589E-08  0.000E+00  0.0000  4.111476  -30.000  2.650895  7.514546  8.1162134E-02  9.1882847E-01  5.6550202E-08  1.5229318E-08  7.3771152E-06  1.4205016E-07  4.8913597E-10  5.5452515E-13  9.2048308E-07  2.3543589E-08  0.000E+00  0.000E+00  0.000E+00  1.000E+00  1.000E+00  4.36E+02  0.00E+00  0.00E+00  0.000000  0.000513  0.0000000E+00  0.0000000000E+00
 91  7.827525006279227E+08    1.700000  1.512046  4.111591  7.5157740E-01  2.4837130E-01  1.2915521E-06  4.2970794E-09  1.0216519E-07  6.8211449E-06  3.5136664E-10  2.0005896E-09  9.2048308E-07  2.3543589E-08  0.000E+00  0.0000  4.111591  -30.000  2.655948  7.515878  7.7109601E-02  9.2288105E-01  5.6826990E-08  1.5305288E-08  7.3771440E-06  1.4156196E-07  4.8137337E-10  5.5090309E-13  9.2048308E-07  2.3543589E-08  0.000E+00  0.000E+00  0.000E+00  1.000E+00  1.000E+00  4.36E+02  0.00E+00  0.00E+00  0.000000  0.000515  0.0000000E+00  0.0000000000E+00
 92  7.854263026941723E+08    1.700000  1.513742  4.111700  7.5157740E-01  2.4837130E-01  1.2915521E-06  4.2970794E-09  1.0216519E-07  6.8211449E-06  3.5136664E-10  2.0005896E-09  9.2048308E-07  2.3543589E-08  0.000E+00  0.0000  4.111700  -30.000  2.661137  7.517185  7.3057068E-02  9.2693357E-01  5.7100884E-08  1.5380468E-08  7.3771694E-06  1.4108235E-07  4.7385530E-10  5.4735956E-13  9.2048308E-07  2.3543589E-08  0.000E+00  0.000E+00  0.000E+00  1.000E+00  1.000E+00  4.35E+02  0.00E+00  0.00E+00  0.000000  0.000517  0.0000000E+00  0.0000000000E+00
 93  7.881281153355160E+08    1.700000  1.515466  4.111816  7.5157740E-01  2.4837130E-01  1.2915521E-06  4.2970794E-09  1.0216519E-07  6.8211449E-06  3.5136664E-10  2.0005896E-09  9.2048308E-07  2.3543589E-08  0.000E+00  0.0000  4.111816  -30.000  2.666353  7.518536  6.9004534E-02  9.3098612E-01  5.7386265E-08  1.5458810E-08  7.3771919E-06  1.4058700E-07  4.6617854E-10  5.4370857E-13  9.2048308E-07  2.3543589E-08  0.000E+00  0.000E+00  0.000E+00  1.000E+00  1.000E+00  4.35E+02  0.00E+00  0.00E+00  0.000000  0.000519  0.0000000E+00  0.0000000000E+00
 94  7.908669253357025E+08    1.700000  1.517225  4.111927  7.5157740E-01  2.4837130E-01  1.2915521E-06  4.2970794E-09  1.0216519E-07  6.8211449E-06  3.5136664E-10  2.0005896E-09  9.2048308E-07  2.3543589E-08  0.000E+00  0.0000  4.111927  -30.000  2.671828  7.519815  6.4952001E-02  9.3503861E-01  5.7659449E-08  1.5533806E-08  7.3772104E-06  1.4011597E-07  4.5899765E-10  5.4025555E-13  9.2048308E-07  2.3543589E-08  0.000E+00  0.000E+00  0.000E+00  1.000E+00  1.000E+00  4.35E+02  0.00E+00  0.00E+00  0.000000  0.000521  0.0000000E+00  0.0000000000E+00
 95  7.936530251328595E+08    1.700000  1.519029  4.112042  7.5157740E-01  2.4837130E-01  1.2915521E-06  4.2970794E-09  1.0216519E-07  6.8211449E-06  3.5136664E-10  2.0005896E-09  9.2048308E-07  2.3543589E-08  0.000E+00  0.0000  4.112042  -30.000  2.677476  7.521081  6.0899468E-02  9.3909117E-01  5.7932347E-08  1.5608729E-08  7.3772259E-06  1.3964880E-07  4.5197321E-10  5.3684458E-13  9.2048308E-07  2.3543589E-08  0.000E+00  0.000E+00  0.000E+00  1.000E+00  1.000E+00  4.34E+02  0.00E+00  0.00E+00  0.000000  0.000523  0.0000000E+00  0.0000000000E+00
 96  7.964981355608211E+08    1.700000  1.520887  4.112154  7.5157740E-01  2.4837130E-01  1.2915521E-06  4.2970794E-09  1.0216519E-07  6.8211449E-06  3.5136664E-10  2.0005896E-09  9.2048308E-07  2.3543589E-08  0.000E+00  0.0000  4.112154  -30.000  2.683360  7.522318  5.6846935E-02  9.4314373E-01  5.8201514E-08  1.5682631E-08  7.3772384E-06  1.3919116E-07  4.4519162E-10  5.3351824E-13  9.2048308E-07  2.3543589E-08  0.000E+00  0.000E+00  0.000E+00  1.000E+00  1.000E+00  4.34E+02  0.00E+00  0.00E+00  0.000000  0.000525  0.0000000E+00  0.0000000000E+00
 97  7.994162218019069E+08    1.700000  1.522815  4.112272  7.5157740E-01  2.4837130E-01  1.2915521E-06  4.2970794E-09  1.0216519E-07  6.8211449E-06  3.5136664E-10  2.0005896E-09  9.2048308E-07  2.3543589E-08  0.000E+00  0.0000  4.112272  -30.000  2.689492  7.523539  5.2794402E-02  9.4719621E-01  5.8469500E-08  1.5756212E-08  7.3772478E-06  1.3873863E-07  4.3858024E-10  5.3024336E-13  9.2048308E-07  2.3543589E-08  0.000E+00  0.000E+00  0.000E+00  1.000E+00  1.000E+00  4.34E+02  0.00E+00  0.00E+00  0.000000  0.000528  0.0000000E+00  0.0000000000E+00
 98  8.024239115262742E+08    1.700000  1.524818  4.112392  7.5157740E-01  2.4837130E-01  1.2915521E-06  4.2970794E-09  1.0216519E-07  6.8211449E-06  3.5136664E-10  2.0005896E-09  9.2048308E-07  2.3543589E-08  0.000E+00  0.0000  4.112392  -30.000  2.695921  7.524738  4.8741868E-02  9.5124879E-01  5.8735626E-08  1.5829285E-08  7.3772545E-06  1.3829226E-07  4.3215233E-10  5.2702777E-13  9.2048308E-07  2.3543589E-08  0.000E+00  0.000E+00  0.000E+00  1.000E+00  1.000E+00  4.33E+02  0.00E+00  0.00E+00  0.000000  0.000530  0.0000000E+00  0.0000000000E+00
 99  8.055412359043422E+08    1.700000  1.526920  4.112520  7.5157740E-01  2.4837130E-01  1.2915521E-06  4.2970794E-09  1.0216519E-07  6.8211449E-06  3.5136664E-10  2.0005896E-09  9.2048308E-07  2.3543589E-08  0.000E+00  0.0000  4.112520  -30.000  2.702694  7.525919  4.4689335E-02  9.5530128E-01  5.9000130E-08  1.5901915E-08  7.3772587E-06  1.3785129E-07  4.2589657E-10  5.2386676E-13  9.2048308E-07  2.3543589E-08  0.000E+00  0.000E+00  0.000E+00  1.000E+00  1.000E+00  4.33E+02  0.00E+00  0.00E+00  0.000000  0.000533  0.0000000E+00  0.0000000000E+00
100  8.087965905083883E+08    1.700000  1.529143  4.112654  7.5157740E-01  2.4837130E-01  1.2915521E-06  4.2970794E-09  1.0216519E-07  6.8211449E-06  3.5136664E-10  2.0005896E-09  9.2048308E-07  2.3543589E-08  0.000E+00  0.0000  4.112654  -30.000  2.709912  7.527067  4.0636802E-02  9.5935382E-01  5.9260389E-08  1.5973380E-08  7.3772606E-06  1.3741991E-07  4.1987450E-10  5.2079188E-13  9.2048308E-07  2.3543589E-08  0.000E+00  0.000E+00  0.000E+00  1.000E+00  1.000E+00  4.33E+02  0.00E+00  0.00E+00  0.000000  0.000536  0.0000000E+00  0.0000000000E+00
101  8.122259262542777E+08    1.700000  1.531522  4.112793  7.5157740E-01  2.4837130E-01  1.2915521E-06  4.2970794E-09  1.0216519E-07  6.8211449E-06  3.5136664E-10  2.0005896E-09  9.2048308E-07  2.3543589E-08  0.000E+00  0.0000  4.112793  -30.000  2.717721  7.528155  3.6584269E-02  9.6340638E-01  5.9510447E-08  1.6042041E-08  7.3772606E-06  1.3700725E-07  4.1421881E-10  5.1787163E-13  9.2048308E-07  2.3543589E-08  0.000E+00  0.000E+00  0.000E+00  1.000E+00  1.000E+00  4.32E+02  0.00E+00  0.00E+00  0.000000  0.000538  0.0000000E+00  0.0000000000E+00
102  8.158749734628078E+08    1.700000  1.534092  4.112951  7.5157740E-01  2.4837130E-01  1.2915521E-06  4.2970794E-09  1.0216519E-07  6.8211449E-06  3.5136664E-10  2.0005896E-09  9.2048308E-07  2.3543589E-08  0.000E+00  0.0000  4.112951  -30.000  2.726119  7.529245  3.2531736E-02  9.6745885E-01  5.9763459E-08  1.6111513E-08  7.3772587E-06  1.3659195E-07  4.0861399E-10  5.1494877E-13  9.2048308E-07  2.3543589E-08  0.000E+00  0.000E+00  0.000E+00  1.000E+00  1.000E+00  4.32E+02  0.00E+00  0.00E+00  0.000000  0.000542  0.0000000E+00  0.0000000000E+00
103  8.198007670894113E+08    1.700000  1.536896  4.113124  7.5157740E-01  2.4837130E-01  1.2915521E-06  4.2970794E-09  1.0216519E-07  6.8211449E-06  3.5136664E-10  2.0005896E-09  9.2048308E-07  2.3543589E-08  0.000E+00  0.0000  4.113124  -30.000  2.735281  7.530326  2.8479202E-02  9.7151141E-01  6.0018276E-08  1.6181478E-08  7.3772548E-06  1.3617567E-07  4.0309183E-10  5.1203819E-13  9.2048308E-07  2.3543589E-08  0.000E+00  0.000E+00  0.000E+00  1.000E+00  1.000E+00  4.31E+02  0.00E+00  0.00E+00  0.000000  0.000545  0.0000000E+00  0.0000000000E+00
104  8.241001177877635E+08    1.700000  1.540037  4.113313  7.5157740E-01  2.4837130E-01  1.2915521E-06  4.2970794E-09  1.0216519E-07  6.8211449E-06  3.5136664E-10  2.0005896E-09  9.2048308E-07  2.3543589E-08  0.000E+00  0.0000  4.113313  -30.000  2.745618  7.531325  2.4426669E-02  9.7556396E-01  6.0258302E-08  1.6247370E-08  7.3772506E-06  1.3578403E-07  3.9803029E-10  5.0933244E-13  9.2048308E-07  2.3543589E-08  0.000E+00  0.000E+00  0.000E+00  1.000E+00  1.000E+00  4.31E+02  0.00E+00  0.00E+00  0.000000  0.000549  0.0000000E+00  0.0000000000E+00
105  8.289172958647531E+08    1.700000  1.543631  4.113525  7.5157740E-01  2.4837130E-01  1.2915521E-06  4.2970794E-09  1.0216519E-07  6.8211449E-06  3.5136664E-10  2.0005896E-09  9.2048308E-07  2.3543589E-08  0.000E+00  0.0000  4.113525  -30.000  2.757498  7.532250  2.0374136E-02  9.7961651E-01  6.0486293E-08  1.6309940E-08  7.3772470E-06  1.3541161E-07  3.9336152E-10  5.0679700E-13  9.2048308E-07  2.3543589E-08  0.000E+00  0.000E+00  0.000E+00  1.000E+00  1.000E+00  4.30E+02  0.00E+00  0.00E+00  0.000000  0.000554  0.0000000E+00  0.0000000000E+00
106  8.344837187479094E+08    1.700000  1.547887  4.113784  7.5157740E-01  2.4837130E-01  1.2915521E-06  4.2970794E-09  1.0216519E-07  6.8211449E-06  3.5136664E-10  2.0005896E-09  9.2048308E-07  2.3543589E-08  0.000E+00  0.0000  4.113784  -30.000  2.771484  7.533140  1.6321603E-02  9.8366900E-01  6.0712487E-08  1.6371998E-08  7.3772440E-06  1.3504125E-07  3.8886823E-10  5.0431590E-13  9.2048308E-07  2.3543589E-08  0.000E+00  0.000E+00  0.000E+00  1.000E+00  1.000E+00  4.29E+02  0.00E+00  0.00E+00  0.000000  0.000559  0.0000000E+00  0.0000000000E+00
107  8.412256047300748E+08    1.700000  1.553197  4.114107  7.5157740E-01  2.4837130E-01  1.2915521E-06  4.2970794E-09  1.0216519E-07  6.8211449E-06  3.5136664E-10  2.0005896E-09  9.2048308E-07  2.3543589E-08  0.000E+00  0.0000  4.114107  -30.000  2.788850  7.533983  1.2269070E-02  9.8772157E-01  6.0935949E-08  1.6433270E-08  7.3772427E-06  1.3467343E-07  3.8460795E-10  5.0190996E-13  9.2048308E-07  2.3543589E-08  0.000E+00  0.000E+00  0.000E+00  1.000E+00  1.000E+00  4.28E+02  0.00E+00  0.00E+00  0.000000  0.000566  0.0000000E+00  0.0000000000E+00
108  8.500290885069085E+08    1.700000  1.560346  4.114540  7.5157740E-01  2.4837130E-01  1.2915521E-06  4.2970794E-09  1.0216519E-07  6.8211449E-06  3.5136664E-10  2.0005896E-09  9.2048308E-07  2.3543589E-08  0.000E+00  0.0000  4.114540  -30.000  2.811796  7.534895  8.2165363E-03  9.9177409E-01  6.1188214E-08  1.6502403E-08  7.3772420E-06  1.3425706E-07  3.7999003E-10  4.9924529E-13  9.2048308E-07  2.3543589E-08  0.000E+00  0.000E+00  0.000E+00  1.000E+00  1.000E+00  4.27E+02  0.00E+00  0.00E+00  0.000000  0.000576  0.0000000E+00  0.0000000000E+00
109  8.634151994945725E+08    1.700000  1.571817  4.115217  7.5157740E-01  2.4837130E-01  1.2915521E-06  4.2970794E-09  1.0216519E-07  6.8211449E-06  3.5136664E-10  2.0005896E-09  9.2048308E-07  2.3543589E-08  0.000E+00  0.0000  4.115217  -30.000  2.848851  7.535802  4.1640031E-03  9.9582659E-01  6.1472385E-08  1.6580150E-08  7.3772533E-06  1.3377407E-07  3.7524014E-10  4.9634376E-13  9.2048308E-07  2.3543589E-08  0.000E+00  0.000E+00  0.000E+00  1.000E+00  1.000E+00  4.25E+02  0.00E+00  0.00E+00  0.000000  0.000591  0.0000000E+00  0.0000000000E+00
110  9.161371237032700E+08    1.700000  1.623451  4.116903  7.5157740E-01  2.4837130E-01  1.2915521E-06  4.2970794E-09  1.0216519E-07  6.8211449E-06  3.5136664E-10  2.0005896E-09  9.2048308E-07  2.3543589E-08  0.000E+00  0.0000  4.116903  -30.000  3.016601  7.539008  1.1146990E-04  9.9987920E-01  6.2608464E-08  1.6890554E-08  7.3771778E-06  1.3197918E-07  3.5863515E-10  4.8584933E-13  9.2048308E-07  2.3543589E-08  0.000E+00  0.000E+00  0.000E+00  1.000E+00  1.000E+00  4.14E+02  0.00E+00  0.00E+00  0.000000  0.000666  0.0000000E+00  0.0000000000E+00
111  9.183393186969374E+08    1.700000  1.625940  4.116892  7.5157740E-01  2.4837130E-01  1.2915521E-06  4.2970794E-09  1.0216519E-07  6.8211449E-06  3.5136664E-10  2.0005896E-09  9.2048308E-07  2.3543589E-08  0.000E+00  0.0000  4.116892  -30.000  3.025109  7.539174  9.1383033E-05  9.9989924E-01  6.2668341E-08  1.6906910E-08  7.3771681E-06  1.3189105E-07  3.5781614E-10  4.8533048E-13  9.2048308E-07  2.3543589E-08  0.000E+00  0.000E+00  0.000E+00  1.000E+00  1.000E+00  4.13E+02  0.00E+00  0.00E+00  0.000000  0.000669  0.0000000E+00  0.0000000000E+00
112  9.205415136906050E+08    1.700000  1.628409  4.116902  7.5157740E-01  2.4837130E-01  1.2915521E-06  4.2970794E-09  1.0216519E-07  6.8211449E-06  3.5136664E-10  2.0005896E-09  9.2048308E-07  2.3543589E-08  0.000E+00  0.0000  4.116902  -30.000  3.033445  7.539416  7.4429845E-05  9.9991623E-01  6.2746380E-08  1.6928263E-08  7.3771336E-06  1.3180119E-07  3.5671923E-10  4.8471480E-13  9.2048308E-07  2.3543589E-08  0.000E+00  0.000E+00  0.000E+00  1.000E+00  1.000E+00  4.12E+02  0.00E+00  0.00E+00  0.000000  0.000673  0.0000000E+00  0.0000000000E+00
113  9.227437086842725E+08    1.700000  1.630926  4.116895  7.5157740E-01  2.4837130E-01  1.2915521E-06  4.2970794E-09  1.0216519E-07  6.8211449E-06  3.5136664E-10  2.0005896E-09  9.2048308E-07  2.3543589E-08  0.000E+00  0.0000  4.116895  -30.000  3.041949  7.539671  6.0427671E-05  9.9993020E-01  6.2826176E-08  1.6950101E-08  7.3770971E-06  1.3171077E-07  3.5559870E-10  4.8408846E-13  9.2048308E-07  2.3543589E-08  0.000E+00  0.000E+00  0.000E+00  1.000E+00  1.000E+00  4.12E+02  0.00E+00  0.00E+00  0.000000  0.000677  0.0000000E+00  0.0000000000E+00
114  9.249459036779401E+08    1.700000  1.633443  4.116894  7.5157740E-01  2.4837130E-01  1.2915521E-06  4.2970794E-09  1.0216519E-07  6.8211449E-06  3.5136664E-10  2.0005896E-09  9.2048308E-07  2.3543589E-08  0.000E+00  0.0000  4.116894  -30.000  3.050507  7.539950  4.8734539E-05  9.9994186E-01  6.2913735E-08  1.6974068E-08  7.3770496E-06  1.3161989E-07  3.5437747E-10  4.8342736E-13  9.2048308E-07  2.3543589E-08  0.000E+00  0.000E+00  0.000E+00  1.000E+00  1.000E+00  4.11E+02  0.00E+00  0.00E+00  0.000000  0.000681  0.0000000E+00  0.0000000000E+00
115  9.271480986716076E+08    1.700000  1.635981  4.116885  7.5157740E-01  2.4837130E-01  1.2915521E-06  4.2970794E-09  1.0216519E-07  6.8211449E-06  3.5136664E-10  2.0005896E-09  9.2048308E-07  2.3543589E-08  0.000E+00  0.0000  4.116885  -30.000  3.059203  7.540243  3.9027009E-05  9.9995163E-01  6.3005529E-08  1.6999199E-08  7.3769953E-06  1.3152976E-07  3.5310845E-10  4.8275164E-13  9.2048308E-07  2.3543589E-08  0.000E+00  0.000E+00  0.000E+00  1.000E+00  1.000E+00  4.11E+02  0.00E+00  0.00E+00  0.000000  0.000685  0.0000000E+00  0.0000000000E+00
116  9.293502936652752E+08    1.700000  1.638545  4.116868  7.5157740E-01  2.4837130E-01  1.2915521E-06  4.2970794E-09  1.0216519E-07  6.8211449E-06  3.5136664E-10  2.0005896E-09  9.2048308E-07  2.3543589E-08  0.000E+00  0.0000  4.116868  -30.000  3.068057  7.540549  3.1018947E-05  9.9995962E-01  6.3100914E-08  1.7025315E-08  7.3769341E-06  1.3144169E-07  3.5180656E-10  4.8207030E-13  9.2048308E-07  2.3543589E-08  0.000E+00  0.000E+00  0.000E+00  1.000E+00  1.000E+00  4.10E+02  0.00E+00  0.00E+00  0.000000  0.000689  0.0000000E+00  0.0000000000E+00
117  9.315524886589427E+08    1.700000  1.641141  4.116842  7.5157740E-01  2.4837130E-01  1.2915521E-06  4.2970794E-09  1.0216519E-07  6.8211449E-06  3.5136664E-10  2.0005896E-09  9.2048308E-07  2.3543589E-08  0.000E+00  0.0000  4.116842  -30.000  3.077076  7.540866  2.4491860E-05  9.9996618E-01  6.3200016E-08  1.7052449E-08  7.3768645E-06  1.3135689E-07  3.5047470E-10  4.8138789E-13  9.2048308E-07  2.3543589E-08  0.000E+00  0.000E+00  0.000E+00  1.000E+00  1.000E+00  4.09E+02  0.00E+00  0.00E+00  0.000000  0.000693  0.0000000E+00  0.0000000000E+00
118  9.337546836526102E+08    1.700000  1.643773  4.116807  7.5157740E-01  2.4837130E-01  1.2915521E-06  4.2970794E-09  1.0216519E-07  6.8211449E-06  3.5136664E-10  2.0005896E-09  9.2048308E-07  2.3543589E-08  0.000E+00  0.0000  4.116807  -30.000  3.086268  7.541198  1.9202123E-05  9.9997147E-01  6.3303111E-08  1.7080678E-08  7.3767855E-06  1.3127628E-07  3.4911233E-10  4.8070695E-13  9.2048308E-07  2.3543589E-08  0.000E+00  0.000E+00  0.000E+00  1.000E+00  1.000E+00  4.09E+02  0.00E+00  0.00E+00  0.000000  0.000697  0.0000000E+00  0.0000000000E+00
119  9.359568786462778E+08    1.700000  1.646432  4.116761  7.5157740E-01  2.4837130E-01  1.2915521E-06  4.2970794E-09  1.0216519E-07  6.8211449E-06  3.5136664E-10  2.0005896E-09  9.2048308E-07  2.3543589E-08  0.000E+00  0.0000  4.116761  -30.000  3.095637  7.541543  1.4922910E-05  9.9997571E-01  6.3410251E-08  1.7110015E-08  7.3766964E-06  1.3120048E-07  3.4772130E-10  4.8003013E-13  9.2048308E-07  2.3543589E-08  0.000E+00  0.000E+00  0.000E+00  1.000E+00  1.000E+00  4.08E+02  0.00E+00  0.00E+00  0.000000  0.000702  0.0000000E+00  0.0000000000E+00
120  9.381590736399453E+08    1.700000  1.649125  4.116704  7.5157740E-01  2.4837130E-01  1.2915521E-06  4.2970794E-09  1.0216519E-07  6.8211449E-06  3.5136664E-10  2.0005896E-09  9.2048308E-07  2.3543589E-08  0.000E+00  0.0000  4.116704  -30.000  3.105191  7.541903  1.1488796E-05  9.9997913E-01  6.3521625E-08  1.7140513E-08  7.3765964E-06  1.3113007E-07  3.4630184E-10  4.7935948E-13  9.2048308E-07  2.3543589E-08  0.000E+00  0.000E+00  0.000E+00  1.000E+00  1.000E+00  4.08E+02  0.00E+00  0.00E+00  0.000000  0.000706  0.0000000E+00  0.0000000000E+00
121  9.403612686336129E+08    1.700000  1.651851  4.116635  7.5157740E-01  2.4837130E-01  1.2915521E-06  4.2970794E-09  1.0216519E-07  6.8211449E-06  3.5136664E-10  2.0005896E-09  9.2048308E-07  2.3543589E-08  0.000E+00  0.0000  4.116635  -30.000  3.114936  7.542276  8.7491062E-06  9.9998189E-01  6.3638840E-08  1.7172607E-08  7.3764829E-06  1.3106541E-07  3.4484005E-10  4.7869302E-13  9.2048308E-07  2.3543589E-08  0.000E+00  0.000E+00  0.000E+00  1.000E+00  1.000E+00  4.07E+02  0.00E+00  0.00E+00  0.000000  0.000711  0.0000000E+00  0.0000000000E+00
122  9.425634636272804E+08    1.700000  1.654615  4.116555  7.5157740E-01  2.4837130E-01  1.2915521E-06  4.2970794E-09  1.0216519E-07  6.8211449E-06  3.5136664E-10  2.0005896E-09  9.2048308E-07  2.3543589E-08  0.000E+00  0.0000  4.116555  -30.000  3.124884  7.542666  6.5955603E-06  9.9998401E-01  6.3759520E-08  1.7205650E-08  7.3763588E-06  1.3100704E-07  3.4336121E-10  4.7803906E-13  9.2048308E-07  2.3543589E-08  0.000E+00  0.000E+00  0.000E+00  1.000E+00  1.000E+00  4.06E+02  0.00E+00  0.00E+00  0.000000  0.000715  0.0000000E+00  0.0000000000E+00
123  9.447656586209480E+08    1.700000  1.657418  4.116467  7.5157740E-01  2.4837130E-01  1.2915521E-06  4.2970794E-09  1.0216519E-07  6.8211449E-06  3.5136664E-10  2.0005896E-09  9.2048308E-07  2.3543589E-08  0.000E+00  0.0000  4.116467  -30.000  3.135064  7.543068  4.9187719E-06  9.9998570E-01  6.3884111E-08  1.7239758E-08  7.3762233E-06  1.3095515E-07  3.4186842E-10  4.7740278E-13  9.2048308E-07  2.3543589E-08  0.000E+00  0.000E+00  0.000E+00  1.000E+00  1.000E+00  4.05E+02  0.00E+00  0.00E+00  0.000000  0.000720  0.0000000E+00  0.0000000000E+00
124  9.469678536146154E+08    1.700000  1.660252  4.116358  7.5157740E-01  2.4837130E-01  1.2915521E-06  4.2970794E-09  1.0216519E-07  6.8211449E-06  3.5136664E-10  2.0005896E-09  9.2048308E-07  2.3543589E-08  0.000E+00  0.0000  4.116358  -30.000  3.145413  7.543497  3.6262083E-06  9.9998700E-01  6.4015625E-08  1.7275755E-08  7.3760723E-06  1.3090963E-07  3.4032037E-10  4.7677468E-13  9.2048308E-07  2.3543589E-08  0.000E+00  0.000E+00  0.000E+00  1.000E+00  1.000E+00  4.05E+02  0.00E+00  0.00E+00  0.000000  0.000724  0.0000000E+00  0.0000000000E+00
125  9.491700486082830E+08    1.700000  1.663129  4.116236  7.5157740E-01  2.4837130E-01  1.2915521E-06  4.2970794E-09  1.0216519E-07  6.8211449E-06  3.5136664E-10  2.0005896E-09  9.2048308E-07  2.3543589E-08  0.000E+00  0.0000  4.116236  -30.000  3.156047  7.543936  2.6405899E-06  9.9998797E-01  6.4151017E-08  1.7312804E-08  7.3759101E-06  1.3087033E-07  3.3876263E-10  4.7616524E-13  9.2048308E-07  2.3543589E-08  0.000E+00  0.000E+00  0.000E+00  1.000E+00  1.000E+00  4.04E+02  0.00E+00  0.00E+00  0.000000  0.000729  0.0000000E+00  0.0000000000E+00
126  9.513722436019505E+08    1.700000  1.666048  4.116102  7.5157740E-01  2.4837130E-01  1.2915521E-06  4.2970794E-09  1.0216519E-07  6.8211449E-06  3.5136664E-10  2.0005896E-09  9.2048308E-07  2.3543589E-08  0.000E+00  0.0000  4.116102  -30.000  3.166923  7.544394  1.8977487E-06  9.9998873E-01  6.4291549E-08  1.7351239E-08  7.3757352E-06  1.3083699E-07  3.3718405E-10  4.7558143E-13  9.2048308E-07  2.3543589E-08  0.000E+00  0.000E+00  0.000E+00  1.000E+00  1.000E+00  4.03E+02  0.00E+00  0.00E+00  0.000000  0.000734  0.0000000E+00  0.0000000000E+00
127  9.535744385956180E+08    1.700000  1.669005  4.115950  7.5157740E-01  2.4837130E-01  1.2915521E-06  4.2970794E-09  1.0216519E-07  6.8211449E-06  3.5136664E-10  2.0005896E-09  9.2048308E-07  2.3543589E-08  0.000E+00  0.0000  4.115950  -30.000  3.178055  7.544872  1.3447994E-06  9.9998929E-01  6.4437761E-08  1.7391199E-08  7.3755472E-06  1.3080918E-07  3.3558042E-10  4.7502592E-13  9.2048308E-07  2.3543589E-08  0.000E+00  0.000E+00  0.000E+00  1.000E+00  1.000E+00  4.02E+02  0.00E+00  0.00E+00  0.000000  0.000739  0.0000000E+00  0.0000000000E+00
128  9.557766335892856E+08    1.700000  1.672004  4.115780  7.5157740E-01  2.4837130E-01  1.2915521E-06  4.2970794E-09  1.0216519E-07  6.8211449E-06  3.5136664E-10  2.0005896E-09  9.2048308E-07  2.3543589E-08  0.000E+00  0.0000  4.115780  -30.000  3.189452  7.545371  9.3866033E-07  9.9998970E-01  6.4589805E-08  1.7432710E-08  7.3753465E-06  1.3078638E-07  3.3395565E-10  4.7450825E-13  9.2048308E-07  2.3543589E-08  0.000E+00  0.000E+00  0.000E+00  1.000E+00  1.000E+00  4.02E+02  0.00E+00  0.00E+00  0.000000  0.000744  0.0000000E+00  0.0000000000E+00
129  9.579788285829531E+08    1.700000  1.675049  4.115593  7.5157740E-01  2.4837130E-01  1.2915521E-06  4.2970794E-09  1.0216519E-07  6.8211449E-06  3.5136664E-10  2.0005896E-09  9.2048308E-07  2.3543589E-08  0.000E+00  0.0000  4.115593  -30.000  3.201131  7.545892  6.4461434E-07  9.9998995E-01  6.4747585E-08  1.7475717E-08  7.3751335E-06  1.3076805E-07  3.3231936E-10  4.7404424E-13  9.2048308E-07  2.3543589E-08  0.000E+00  0.000E+00  0.000E+00  1.000E+00  1.000E+00  4.00E+02  0.00E+00  0.00E+00  0.000000  0.000750  0.0000000E+00  0.0000000000E+00
130  9.601810235766207E+08    1.700000  1.678139  4.115386  7.5157740E-01  2.4837130E-01  1.2915521E-06  4.2970794E-09  1.0216519E-07  6.8211449E-06  3.5136664E-10  2.0005896E-09  9.2048308E-07  2.3543589E-08  0.000E+00  0.0000  4.115386  -30.000  3.213108  7.546437  4.3500177E-07  9.9999020E-01  6.4910884E-08  1.7520123E-08  7.3749091E-06  1.3075358E-07  3.3068484E-10  4.7365628E-13  9.2048308E-07  2.3543589E-08  0.000E+00  0.000E+00  0.000E+00  1.000E+00  1.000E+00  3.99E+02  0.00E+00  0.00E+00  0.000000  0.000755  0.0000000E+00  0.0000000000E+00
131  9.623832185702882E+08    1.700000  1.681276  4.115155  7.5157740E-01  2.4837130E-01  1.2915521E-06  4.2970794E-09  1.0216519E-07  6.8211449E-06  3.5136664E-10  2.0005896E-09  9.2048308E-07  2.3543589E-08  0.000E+00  0.0000  4.115155  -30.000  3.225396  7.547006  2.8680558E-07  9.9999037E-01  6.5081811E-08  1.7566404E-08  7.3746710E-06  1.3074234E-07  3.2905493E-10  4.7338743E-13  9.2048308E-07  2.3543589E-08  0.000E+00  0.000E+00  0.000E+00  1.000E+00  1.000E+00  3.98E+02  0.00E+00  0.00E+00  0.000000  0.000760  0.0000000E+00  0.0000000000E+00
132  9.645854135639558E+08    1.700000  1.684465  4.114901  7.5157740E-01  2.4837130E-01  1.2915521E-06  4.2970794E-09  1.0216519E-07  6.8211449E-06  3.5136664E-10  2.0005896E-09  9.2048308E-07  2.3543589E-08  0.000E+00  0.0000  4.114901  -30.000  3.238038  7.547598  1.8475566E-07  9.9999040E-01  6.5254221E-08  1.7612873E-08  7.3744286E-06  1.3073384E-07  3.2748555E-10  4.7324497E-13  9.2048308E-07  2.3543589E-08  0.000E+00  0.000E+00  0.000E+00  1.000E+00  1.000E+00  3.98E+02  0.00E+00  0.00E+00  0.000000  0.000766  0.0000000E+00  0.0000000000E+00
133  9.667876085576233E+08    1.700000  1.687707  4.114620  7.5157740E-01  2.4837130E-01  1.2915521E-06  4.2970794E-09  1.0216519E-07  6.8211449E-06  3.5136664E-10  2.0005896E-09  9.2048308E-07  2.3543589E-08  0.000E+00  0.0000  4.114620  -30.000  3.251052  7.548219  1.1709795E-07  9.9999050E-01  6.5427859E-08  1.7659234E-08  7.3741828E-06  1.3072765E-07  3.2601050E-10  4.7330663E-13  9.2048308E-07  2.3543589E-08  0.000E+00  0.000E+00  0.000E+00  1.000E+00  1.000E+00  3.97E+02  0.00E+00  0.00E+00  0.000000  0.000772  0.0000000E+00  0.0000000000E+00
134  9.689898035512908E+08    1.700000  1.691001  4.114311  7.5157740E-01  2.4837130E-01  1.2915521E-06  4.2970794E-09  1.0216519E-07  6.8211449E-06  3.5136664E-10  2.0005896E-09  9.2048308E-07  2.3543589E-08  0.000E+00  0.0000  4.114311  -30.000  3.264436  7.548870  7.2334292E-08  9.9999060E-01  6.5600420E-08  1.7704691E-08  7.3739375E-06  1.3072319E-07  3.2465564E-10  4.7360669E-13  9.2048308E-07  2.3543589E-08  0.000E+00  0.000E+00  0.000E+00  1.000E+00  1.000E+00  3.96E+02  0.00E+00  0.00E+00  0.000000  0.000777  0.0000000E+00  0.0000000000E+00
135  9.711919985449584E+08    1.700000  1.694349  4.113974  7.5157740E-01  2.4837130E-01  1.2915521E-06  4.2970794E-09  1.0216519E-07  6.8211449E-06  3.5136664E-10  2.0005896E-09  9.2048308E-07  2.3543589E-08  0.000E+00  0.0000  4.113974  -30.000  3.278208  7.549552  4.3256789E-08  9.9999060E-01  6.5768826E-08  1.7748107E-08  7.3736980E-06  1.3072005E-07  3.2344863E-10  4.7418280E-13  9.2048308E-07  2.3543589E-08  0.000E+00  0.000E+00  0.000E+00  1.000E+00  1.000E+00  3.94E+02  0.00E+00  0.00E+00  0.000000  0.000784  0.0000000E+00  0.0000000000E+00
136  9.733941935386258E+08    1.700000  1.697760  4.113604  7.5157740E-01  2.4837130E-01  1.2915521E-06  4.2970794E-09  1.0216519E-07  6.8211449E-06  3.5136664E-10  2.0005896E-09  9.2048308E-07  2.3543589E-08  0.000E+00  0.0000  4.113604  -30.000  3.292430  7.550269  2.5140450E-08  9.9999060E-01  6.5926824E-08  1.7787654E-08  7.3734738E-06  1.3071792E-07  3.2242484E-10  4.7502375E-13  9.2048308E-07  2.3543589E-08  0.000E+00  0.000E+00  0.000E+00  1.000E+00  1.000E+00  3.94E+02  0.00E+00  0.00E+00  0.000000  0.000790  0.0000000E+00  0.0000000000E+00
137  9.755963885322934E+08    1.700000  1.701227  4.113202  7.5157740E-01  2.4837130E-01  1.2915521E-06  4.2970794E-09  1.0216519E-07  6.8211449E-06  3.5136664E-10  2.0005896E-09  9.2048308E-07  2.3543589E-08  0.000E+00  0.0000  4.113202  -30.000  3.306930  7.551050  1.4112054E-08  9.9999060E-01  6.6068927E-08  1.7821678E-08  7.3732733E-06  1.3071652E-07  3.2159159E-10  4.7609414E-13  9.2048308E-07  2.3543589E-08  0.000E+00  0.000E+00  0.000E+00  1.000E+00  1.000E+00  3.92E+02  0.00E+00  0.00E+00  0.000000  0.000796  0.0000000E+00  0.0000000000E+00
138  9.777985835259609E+08    1.700000  1.704753  4.112757  7.5157740E-01  2.4837130E-01  1.2915521E-06  4.2970794E-09  1.0216519E-07  6.8211449E-06  3.5136664E-10  2.0005896E-09  9.2048308E-07  2.3543589E-08  0.000E+00  0.0000  4.112757  -30.000  3.321954  7.551868  7.6685648E-09  9.9999060E-01  6.6189776E-08  1.7848915E-08  7.3731043E-06  1.3071562E-07  3.2094980E-10  4.7729260E-13  9.2048308E-07  2.3543589E-08  0.000E+00  0.000E+00  0.000E+00  1.000E+00  1.000E+00  3.91E+02  0.00E+00  0.00E+00  0.000000  0.000803  0.0000000E+00  0.0000000000E+00
139  9.800007785196285E+08    1.700000  1.708357  4.112266  7.5157740E-01  2.4837130E-01  1.2915521E-06  4.2970794E-09  1.0216519E-07  6.8211449E-06  3.5136664E-10  2.0005896E-09  9.2048308E-07  2.3543589E-08  0.000E+00  0.0000  4.112266  -30.000  3.337704  7.552704  4.0706303E-09  9.9999060E-01  6.6284248E-08  1.7868746E-08  7.3729736E-06  1.3071509E-07  3.2049068E-10  4.7843801E-13  9.2048308E-07  2.3543589E-08  0.000E+00  0.000E+00  0.000E+00  1.000E+00  1.000E+00  3.90E+02  0.00E+00  0.00E+00  0.000000  0.000809  0.0000000E+00  0.0000000000E+00
140  9.822029735132960E+08    1.700000  1.712038  4.111726  7.5157740E-01  2.4837130E-01  1.2915521E-06  4.2970794E-09  1.0216519E-07  6.8211449E-06  3.5136664E-10  2.0005896E-09  9.2048308E-07  2.3543589E-08  0.000E+00  0.0000  4.111726  -30.000  3.354055  7.553549  2.0986941E-09  9.9999060E-01  6.6353628E-08  1.7882165E-08  7.3728786E-06  1.3071477E-07  3.2017813E-10  4.7941856E-13  9.2048308E-07  2.3543589E-08  0.000E+00  0.000E+00  0.000E+00  1.000E+00  1.000E+00  3.89E+02  0.00E+00  0.00E+00  0.000000  0.000816  0.0000000E+00  0.0000000000E+00
141  9.844051685069635E+08    1.700000  1.715781  4.111146  7.5157740E-01  2.4837130E-01  1.2915521E-06  4.2970794E-09  1.0216519E-07  6.8211449E-06  3.5136664E-10  2.0005896E-09  9.2048308E-07  2.3543589E-08  0.000E+00  0.0000  4.111146  -30.000  3.370778  7.554485  1.0302153E-09  9.9999060E-01  6.6402891E-08  1.7890616E-08  7.3728124E-06  1.3071458E-07  3.1997097E-10  4.8023627E-13  9.2048308E-07  2.3543589E-08  0.000E+00  0.000E+00  0.000E+00  1.000E+00  1.000E+00  3.87E+02  0.00E+00  0.00E+00  0.000000  0.000824  0.0000000E+00  0.0000000000E+00
142  9.866073635006311E+08    1.700000  1.719607  4.110513  7.5157740E-01  2.4837130E-01  1.2915521E-06  4.2970794E-09  1.0216519E-07  6.8211449E-06  3.5136664E-10  2.0005896E-09  9.2048308E-07  2.3543589E-08  0.000E+00  0.0000  4.110513  -30.000  3.388099  7.555494  5.1016088E-10  9.9999060E-01  6.6434183E-08  1.7895296E-08  7.3727711E-06  1.3071448E-07  3.1984679E-10  4.8083323E-13  9.2048308E-07  2.3543589E-08  0.000E+00  0.000E+00  0.000E+00  1.000E+00  1.000E+00  3.85E+02  0.00E+00  0.00E+00  0.000000  0.000830  0.0000000E+00  0.0000000000E+00
143  9.888095584942986E+08    1.700000  1.723498  4.109824  7.5157740E-01  2.4837130E-01  1.2915521E-06  4.2970794E-09  1.0216519E-07  6.8211449E-06  3.5136664E-10  2.0005896E-09  9.2048308E-07  2.3543589E-08  0.000E+00  0.0000  4.109824  -30.000  3.405936  7.556567  2.3445460E-10  9.9999060E-01  6.6454577E-08  1.7897994E-08  7.3727445E-06  1.3071443E-07  3.1976885E-10  4.8126168E-13  9.2048308E-07  2.3543589E-08  0.000E+00  0.000E+00  0.000E+00  1.000E+00  1.000E+00  3.84E+02  0.00E+00  0.00E+00  0.000000  0.000838  0.0000000E+00  0.0000000000E+00
144  9.910117534879662E+08    1.700000  1.727484  4.109064  7.5157740E-01  2.4837130E-01  1.2915521E-06  4.2970794E-09  1.0216519E-07  6.8211449E-06  3.5136664E-10  2.0005896E-09  9.2048308E-07  2.3543589E-08  0.000E+00  0.0000  4.109064  -30.000  3.424579  7.557726  1.0692209E-10  9.9999060E-01  6.6466256E-08  1.7899316E-08  7.3727295E-06  1.3071440E-07  3.1972565E-10  4.8153157E-13  9.2048308E-07  2.3543589E-08  0.000E+00  0.000E+00  0.000E+00  1.000E+00  1.000E+00  3.83E+02  0.00E+00  0.00E+00  0.000000  0.000845  0.0000000E+00  0.0000000000E+00
145  9.932139484816337E+08    1.700000  1.731564  4.108225  7.5157740E-01  2.4837130E-01  1.2915521E-06  4.2970794E-09  1.0216519E-07  6.8211449E-06  3.5136664E-10  2.0005896E-09  9.2048308E-07  2.3543589E-08  0.000E+00  0.0000  4.108225  -30.000  3.444065  7.558965  4.6311687E-11  9.9999060E-01  6.6472834E-08  1.7899970E-08  7.3727212E-06  1.3071439E-07  3.1970179E-10  4.8169433E-13  9.2048308E-07  2.3543589E-08  0.000E+00  0.000E+00  0.000E+00  1.000E+00  1.000E+00  3.81E+02  0.00E+00  0.00E+00  0.000000  0.000853  0.0000000E+00  0.0000000000E+00
146  9.954161434753013E+08    1.700000  1.735748  4.107304  7.5157740E-01  2.4837130E-01  1.2915521E-06  4.2970794E-09  1.0216519E-07  6.8211449E-06  3.5136664E-10  2.0005896E-09  9.2048308E-07  2.3543589E-08  0.000E+00  0.0000  4.107304  -30.000  3.464409  7.560289  1.9377743E-11  9.9999060E-01  6.6476256E-08  1.7900270E-08  7.3727169E-06  1.3071438E-07  3.1968952E-10  4.8178398E-13  9.2048308E-07  2.3543589E-08  0.000E+00  0.000E+00  0.000E+00  1.000E+00  1.000E+00  3.79E+02  0.00E+00  0.00E+00  0.000000  0.000862  0.0000000E+00  0.0000000000E+00
147  9.976183384689687E+08    1.700000  1.740031  4.106292  7.5157740E-01  2.4837130E-01  1.2915521E-06  4.2970794E-09  1.0216519E-07  6.8211449E-06  3.5136664E-10  2.0005896E-09  9.2048308E-07  2.3543589E-08  0.000E+00  0.0000  4.106292  -30.000  3.485644  7.561715  7.5908701E-12  9.9999060E-01  6.6477990E-08  1.7900405E-08  7.3727147E-06  1.3071438E-07  3.1968335E-10  4.8183172E-13  9.2048308E-07  2.3543589E-08  0.000E+00  0.000E+00  0.000E+00  1.000E+00  1.000E+00  3.78E+02  0.00E+00  0.00E+00  0.000000  0.000871  0.0000000E+00  0.0000000000E+00
148  9.998205334626362E+08    1.700000  1.744430  4.105170  7.5157740E-01  2.4837130E-01  1.2915521E-06  4.2970794E-09  1.0216519E-07  6.8211449E-06  3.5136664E-10  2.0005896E-09  9.2048308E-07  2.3543589E-08  0.000E+00  0.0000  4.105170  -30.000  3.507956  7.563265  2.7583393E-12  9.9999060E-01  6.6478806E-08  1.7900462E-08  7.3727137E-06  1.3071437E-07  3.1968044E-10  4.8185525E-13  9.2048308E-07  2.3543589E-08  0.000E+00  0.000E+00  0.000E+00  1.000E+00  1.000E+00  3.75E+02  0.00E+00  0.00E+00  0.000000  0.000879  0.0000000E+00  0.0000000000E+00
149  1.002022728456304E+09    1.700000  1.748958  4.103928  7.5157740E-01  2.4837130E-01  1.2915521E-06  4.2970794E-09  1.0216519E-07  6.8211449E-06  3.5136664E-10  2.0005896E-09  9.2048308E-07  2.3543589E-08  0.000E+00  0.0000  4.103928  -30.000  3.531490  7.564953  9.1902333E-13  9.9999060E-01  6.6479161E-08  1.7900484E-08  7.3727133E-06  1.3071437E-07  3.1967917E-10  4.8186592E-13  9.2048308E-07  2.3543589E-08  0.000E+00  0.000E+00  0.000E+00  1.000E+00  1.000E+00  3.73E+02  0.00E+00  0.00E+00  0.000000  0.000888  0.0000000E+00  0.0000000000E+00
150  1.004224923449971E+09    1.700000  1.753626  4.102545  7.5157740E-01  2.4837130E-01  1.2915521E-06  4.2970794E-09  1.0216519E-07  6.8211449E-06  3.5136664E-10  2.0005896E-09  9.2048308E-07  2.3543589E-08  0.000E+00  0.0000  4.102545  -30.000  3.556385  7.566802  2.7651230E-13  9.9999060E-01  6.6479301E-08  1.7900492E-08  7.3727131E-06  1.3071437E-07  3.1967866E-10  4.8187033E-13  9.2048308E-07  2.3543589E-08  0.000E+00  0.000E+00  0.000E+00  1.000E+00  1.000E+00  3.71E+02  0.00E+00  0.00E+00  0.000000  0.000898  0.0000000E+00  0.0000000000E+00
151  1.006427118443639E+09    1.700000  1.758439  4.100997  7.5157740E-01  2.4837130E-01  1.2915521E-06  4.2970794E-09  1.0216519E-07  6.8211449E-06  3.5136664E-10  2.0005896E-09  9.2048308E-07  2.3543589E-08  0.000E+00  0.0000  4.100997  -30.000  3.582792  7.568841  7.3539468E-14  9.9999060E-01  6.6479352E-08  1.7900495E-08  7.3727130E-06  1.3071437E-07  3.1967848E-10  4.8187198E-13  9.2048308E-07  2.3543589E-08  0.000E+00  0.000E+00  0.000E+00  1.000E+00  1.000E+00  3.69E+02  0.00E+00  0.00E+00  0.000000  0.000909  0.0000000E+00  0.0000000000E+00
152  1.008629313437306E+09    1.700000  1.763430  4.099259  7.5157740E-01  2.4837130E-01  1.2915521E-06  4.2970794E-09  1.0216519E-07  6.8211449E-06  3.5136664E-10  2.0005896E-09  9.2048308E-07  2.3543589E-08  0.000E+00  0.0000  4.099259  -30.000  3.610920  7.571116  1.7287085E-14  9.9999060E-01  6.6479368E-08  1.7900495E-08  7.3727130E-06  1.3071437E-07  3.1967842E-10  4.8187251E-13  9.2048308E-07  2.3543589E-08  0.000E+00  0.000E+00  0.000E+00  1.000E+00  1.000E+00  3.67E+02  0.00E+00  0.00E+00  0.000000  0.000918  0.0000000E+00  0.0000000000E+00
153  1.010831508430974E+09    1.700000  1.768605  4.097274  7.5157740E-01  2.4837130E-01  1.2915521E-06  4.2970794E-09  1.0216519E-07  6.8211449E-06  3.5136664E-10  2.0005896E-09  9.2048308E-07  2.3543589E-08  0.000E+00  0.0000  4.097274  -30.000  3.641020  7.573695  3.8471219E-15  9.9999060E-01  6.6479372E-08  1.7900496E-08  7.3727130E-06  1.3071437E-07  3.1967840E-10  4.8187267E-13  9.2048308E-07  2.3543589E-08  0.000E+00  0.000E+00  0.000E+00  1.000E+00  1.000E+00  3.64E+02  0.00E+00  0.00E+00  0.000000  0.000930  0.0000000E+00  0.0000000000E+00
154  1.013033703424641E+09    1.700000  1.773982  4.095011  7.5157740E-01  2.4837130E-01  1.2915521E-06  4.2970794E-09  1.0216519E-07  6.8211449E-06  3.5136664E-10  2.0005896E-09  9.2048308E-07  2.3543589E-08  0.000E+00  0.0000  4.095011  -30.000  3.673285  7.576633  7.4011401E-16  9.9999060E-01  6.6479374E-08  1.7900496E-08  7.3727130E-06  1.3071437E-07  3.1967840E-10  4.8187271E-13  9.2048308E-07  2.3543589E-08  0.000E+00  0.000E+00  0.000E+00  1.000E+00  1.000E+00  3.61E+02  0.00E+00  0.00E+00  0.000000  0.000942  0.0000000E+00  0.0000000000E+00
155  1.015235898418309E+09    1.700000  1.779583  4.092424  7.5157740E-01  2.4837130E-01  1.2915521E-06  4.2970794E-09  1.0216519E-07  6.8211449E-06  3.5136664E-10  2.0005896E-09  9.2048308E-07  2.3543589E-08  0.000E+00  0.0000  4.092424  -30.000  3.707983  7.580029  1.1530976E-16  9.9999060E-01  6.6479374E-08  1.7900496E-08  7.3727130E-06  1.3071437E-07  3.1967840E-10  4.8187272E-13  9.2048308E-07  2.3543589E-08  0.000E+00  0.000E+00  0.000E+00  1.000E+00  1.000E+00  3.57E+02  0.00E+00  0.00E+00  0.000000  0.000954  0.0000000E+00  0.0000000000E+00
156  1.017438093411977E+09    1.700000  1.785449  4.089404  7.5157740E-01  2.4837130E-01  1.2915521E-06  4.2970794E-09  1.0216519E-07  6.8211449E-06  3.5136664E-10  2.0005896E-09  9.2048308E-07  2.3543589E-08  0.000E+00  0.0000  4.089404  -30.000  3.745772  7.584081  1.3314427E-17  9.9999060E-01  6.6479374E-08  1.7900496E-08  7.3727130E-06  1.3071437E-07  3.1967840E-10  4.8187272E-13  9.2048308E-07  2.3543589E-08  0.000E+00  0.000E+00  0.000E+00  1.000E+00  1.000E+00  3.54E+02  0.00E+00  0.00E+00  0.000000  0.000967  0.0000000E+00  0.0000000000E+00
157  1.019640288405644E+09    1.700000  1.791608  4.085905  7.5157740E-01  2.4837130E-01  1.2915521E-06  4.2970794E-09  1.0216519E-07  6.8211449E-06  3.5136664E-10  2.0005896E-09  9.2048308E-07  2.3543589E-08  0.000E+00  0.0000  4.085905  -30.000  3.786798  7.588780  8.2334602E-19  9.9999060E-01  6.6479374E-08  1.7900496E-08  7.3727130E-06  1.3071437E-07  3.1967840E-10  4.8187272E-13  9.2048308E-07  2.3543589E-08  0.000E+00  0.000E+00  0.000E+00  1.000E+00  1.000E+00  3.49E+02  0.00E+00  0.00E+00  0.000000  0.000980  0.0000000E+00  0.0000000000E+00
158  1.021842483399312E+09    1.700000  1.798113  4.081720  7.5157740E-01  2.4837130E-01  1.2915521E-06  4.2970794E-09  1.0216519E-07  6.8211449E-06  3.5136664E-10  2.0005896E-09  9.2048308E-07  2.3543589E-08  0.000E+00  0.0000  4.081720  -30.000  3.831896  7.594459  4.0512629E-20  9.9999060E-01  6.6479374E-08  1.7900496E-08  7.3727130E-06  1.3071437E-07  3.1967840E-10  4.8187272E-13  9.2048308E-07  2.3543589E-08  0.000E+00  0.000E+00  0.000E+00  1.000E+00  1.000E+00  3.45E+02  0.00E+00  0.00E+00  0.000000  0.000995  0.0000000E+00  0.0000000000E+00
159  1.024044678392979E+09    1.700000  1.804990  4.076734  7.5157740E-01  2.4837130E-01  1.2915521E-06  4.2970794E-09  1.0216519E-07  6.8211449E-06  3.5136664E-10  2.0005896E-09  9.2048308E-07  2.3543589E-08  0.000E+00  0.0000  4.076734  -30.000  3.881274  7.601345  1.9200750E-21  9.9999060E-01  6.6479374E-08  1.7900496E-08  7.3727130E-06  1.3071437E-07  3.1967840E-10  4.8187272E-13  9.2048308E-07  2.3543589E-08  0.000E+00  0.000E+00  0.000E+00  1.000E+00  1.000E+00  3.40E+02  0.00E+00  0.00E+00  0.000000  0.001011  0.0000000E+00  0.0000000000E+00
160  1.026246873386647E+09    1.700000  1.812256  4.070763  7.5157740E-01  2.4837130E-01  1.2915521E-06  4.2970794E-09  1.0216519E-07  6.8211449E-06  3.5136664E-10  2.0005896E-09  9.2048308E-07  2.3543589E-08  0.000E+00  0.0000  4.070763  -30.000  3.935318  7.609689  3.5975068E-23  9.9999060E-01  6.6479374E-08  1.7900496E-08  7.3727130E-06  1.3071437E-07  3.1967840E-10  4.8187272E-13  9.2048308E-07  2.3543589E-08  0.000E+00  0.000E+00  0.000E+00  1.000E+00  1.000E+00  3.34E+02  0.00E+00  0.00E+00  0.000000  0.001028  0.0000000E+00  0.0000000000E+00
161  1.028449068380314E+09    1.700000  1.820020  4.063303  7.5157740E-01  2.4837130E-01  1.2915521E-06  4.2970794E-09  1.0216519E-07  6.8211449E-06  3.5136664E-10  2.0005896E-09  9.2048308E-07  2.3543589E-08  0.000E+00  0.0000  4.063303  -30.000  3.995498  7.620172  2.9190848E-25  9.9999060E-01  6.6479374E-08  1.7900496E-08  7.3727130E-06  1.3071437E-07  3.1967840E-10  4.8187272E-13  9.2048308E-07  2.3543589E-08  0.000E+00  0.000E+00  0.000E+00  1.000E+00  1.000E+00  3.27E+02  0.00E+00  0.00E+00  0.000000  0.001046  0.0000000E+00  0.0000000000E+00
162  1.030651263373982E+09    1.700000  1.828314  4.053957  7.5157740E-01  2.4837130E-01  1.2915521E-06  4.2970794E-09  1.0216519E-07  6.8211449E-06  3.5136664E-10  2.0005896E-09  9.2048308E-07  2.3543589E-08  0.000E+00  0.0000  4.053957  -30.000  4.062330  7.633211  3.8954405E-27  9.9999060E-01  6.6479374E-08  1.7900496E-08  7.3727130E-06  1.3071437E-07  3.1967840E-10  4.8187272E-13  9.2048308E-07  2.3543589E-08  0.000E+00  0.000E+00  0.000E+00  1.000E+00  1.000E+00  3.18E+02  0.00E+00  0.00E+00  0.000000  0.001067  0.0000000E+00  0.0000000000E+00
163  1.032853458367649E+09    1.700000  1.837027  4.042028  7.5157740E-01  2.4837130E-01  1.2915521E-06  4.2970794E-09  1.0216519E-07  6.8211449E-06  3.5136664E-10  2.0005896E-09  9.2048308E-07  2.3543589E-08  0.000E+00  0.0000  4.042028  -30.000  4.136886  7.649509  1.2191793E-30  9.9999060E-01  6.6479374E-08  1.7900496E-08  7.3727130E-06  1.3071437E-07  3.1967840E-10  4.8187272E-13  9.2048308E-07  2.3543589E-08  0.000E+00  0.000E+00  0.000E+00  1.000E+00  1.000E+00  3.08E+02  0.00E+00  0.00E+00  0.000000  0.001088  0.0000000E+00  0.0000000000E+00
164  1.035055653361317E+09    1.700000  1.846392  4.025914  7.5157740E-01  2.4837130E-01  1.2915521E-06  4.2970794E-09  1.0216519E-07  6.8211449E-06  3.5136664E-10  2.0005896E-09  9.2048308E-07  2.3543589E-08  0.000E+00  0.0000  4.025914  -30.000  4.221360  7.670193  8.2250192E-35  9.9999060E-01  6.6479374E-08  1.7900496E-08  7.3727130E-06  1.3071437E-07  3.1967840E-10  4.8187272E-13  9.2048308E-07  2.3543589E-08  0.000E+00  0.000E+00  0.000E+00  1.000E+00  1.000E+00  2.95E+02  0.00E+00  0.00E+00  0.000000  0.001112  0.0000000E+00  0.0000000000E+00
165  1.037257848354984E+09    1.700000  1.855957  4.004150  7.5157740E-01  2.4837130E-01  1.2915521E-06  4.2970794E-09  1.0216519E-07  6.8211449E-06  3.5136664E-10  2.0005896E-09  9.2048308E-07  2.3543589E-08  0.000E+00  0.0000  4.004150  -30.000  4.315290  7.695039  5.8962515E-40  9.9999060E-01  6.6479374E-08  1.7900496E-08  7.3727130E-06  1.3071437E-07  3.1967840E-10  4.8187272E-13  9.2048308E-07  2.3543589E-08  0.000E+00  0.000E+00  0.000E+00  1.000E+00  1.000E+00  2.79E+02  0.00E+00  0.00E+00  0.000000  0.001137  0.0000000E+00  0.0000000000E+00
166  1.039460043348652E+09    1.700000  1.864986  3.973931  7.5157740E-01  2.4837130E-01  1.2915521E-06  4.2970794E-09  1.0216519E-07  6.8211449E-06  3.5136664E-10  2.0005896E-09  9.2048308E-07  2.3543589E-08  0.000E+00  0.0000  3.973931  -30.000  4.418469  7.723991  1.2906718E-47  9.9999060E-01  6.6479374E-08  1.7900496E-08  7.3727130E-06  1.3071437E-07  3.1967840E-10  4.8187272E-13  9.2048308E-07  2.3543589E-08  0.000E+00  0.000E+00  0.000E+00  1.000E+00  1.000E+00  2.59E+02  0.00E+00  0.00E+00  0.000000  0.001161  0.0000000E+00  0.0000000000E+00
167  1.041662238342319E+09    1.700000  1.871558  3.931117  7.5157740E-01  2.4837130E-01  1.2915521E-06  4.2970794E-09  1.0216519E-07  6.8211449E-06  3.5136664E-10  2.0005896E-09  9.2048308E-07  2.3543589E-08  0.000E+00  0.0000  3.931117  -30.000  4.528693  7.755865  1.0459337E-54  9.9999060E-01  6.6479374E-08  1.7900496E-08  7.3727130E-06  1.3071437E-07  3.1967840E-10  4.8187272E-13  9.2048308E-07  2.3543589E-08  0.000E+00  0.000E+00  0.000E+00  1.000E+00  1.000E+00  2.34E+02  0.00E+00  0.00E+00  0.000000  0.001179  0.0000000E+00  0.0000000000E+00
168  1.043864433335987E+09    1.700000  1.870825  3.864735  7.5157740E-01  2.4837130E-01  1.2915521E-06  4.2970794E-09  1.0216519E-07  6.8211449E-06  3.5136664E-10  2.0005896E-09  9.2048308E-07  2.3543589E-08  0.000E+00  0.0000  3.864735  -30.000  4.643950  7.789644  3.3413547E-69  9.9999060E-01  6.6479374E-08  1.7900496E-08  7.3727130E-06  1.3071437E-07  3.1967840E-10  4.8187272E-13  9.2048308E-07  2.3543589E-08  0.000E+00  0.000E+00  0.000E+00  1.000E+00  1.000E+00  2.01E+02  0.00E+00  0.00E+00  0.000000  0.001176  0.0000000E+00  0.0000000000E+00
169  1.046066628329655E+09    1.699962  1.847442  3.770681  7.5157740E-01  2.4837130E-01  1.2915521E-06  4.2970794E-09  1.0216519E-07  6.8211449E-06  3.5136664E-10  2.0005896E-09  9.2048308E-07  2.3543589E-08  0.000E+00  0.0000  3.770681  -11.920  4.758628  7.821167  0.0000000E+00  9.9999060E-01  6.6479374E-08  1.7900496E-08  7.3727130E-06  1.3071437E-07  3.1967840E-10  4.8187272E-13  9.2048308E-07  2.3543589E-08  0.000E+00  0.000E+00  0.000E+00  1.000E+00  1.000E+00  1.64E+02  0.00E+00  0.00E+00  0.000000  0.001115  0.0000000E+00  0.0000000000E+00
170  1.048268823323322E+09    1.699809  1.814312  3.734997  7.5156690E-01  2.4837130E-01  1.2915521E-06  4.2970794E-09  1.0216519E-07  6.8211449E-06  3.5136664E-10  2.0005896E-09  9.2048308E-07  2.3543589E-08  0.000E+00  0.0000  3.734997  -10.162  4.867696  7.847990  0.0000000E+00  9.9999060E-01  6.8282801E-08  1.3403536E-09  7.3727129E-06  1.5109628E-07  3.1967783E-10  5.5472179E-13  9.2048308E-07  2.3543589E-08  0.000E+00  0.000E+00  0.000E+00  1.000E+00  1.000E+00  1.54E+02  0.00E+00  0.00E+00  0.000000  0.001033  0.0000000E+00  0.0000000000E+00
171  1.049391174696729E+09    1.699725  1.836243  3.729169  7.5143686E-01  2.4837276E-01  1.2915446E-06  4.3051847E-09  1.0216529E-07  6.8211449E-06  3.5136664E-10  2.0005892E-09  9.2048308E-07  2.3543589E-08  0.000E+00  0.0000  3.729169  -10.111  4.917373  7.857855  0.0000000E+00  9.9999060E-01  7.9033697E-08  2.2379602E-12  7.3727126E-06  1.5274402E-07  3.1967533E-10  9.0093954E-13  9.2048308E-07  2.3543589E-08  0.000E+00  0.000E+00  0.000E+00  1.000E+00  1.000E+00  1.50E+02  0.00E+00  0.00E+00  0.000000  0.001086  0.0000000E+00  0.0000000000E+00
172  1.050513526070137E+09    1.699631  1.862777  3.725314  7.5107159E-01  2.4853006E-01  1.2909330E-06  4.9584077E-09  1.0218078E-07  6.8211449E-06  3.5136664E-10  2.0005210E-09  9.2048308E-07  2.3543589E-08  0.000E+00  0.0000  3.725314  -10.063  4.963141  7.865388  0.0000000E+00  9.9999060E-01  1.0735731E-07  1.0582658E-15  7.3727121E-06  1.5274864E-07  3.1967048E-10  1.6269126E-12  9.2048309E-07  2.3543589E-08  0.000E+00  0.000E+00  0.000E+00  1.000E+00  1.000E+00  1.46E+02  0.00E+00  0.00E+00  0.000000  0.001155  0.0000000E+00  0.0000000000E+00
173  1.051635877443544E+09    1.699526  1.890853  3.722897  7.5062522E-01  2.4896030E-01  1.2852466E-06  1.0563821E-08  1.0281382E-07  6.8211448E-06  3.5149760E-10  1.9996800E-09  9.2048308E-07  2.3543589E-08  0.000E+00  0.0000  3.722897  -10.015  5.005813  7.871236  0.0000000E+00  9.9999050E-01  1.7049639E-07  2.3086147E-20  7.3727111E-06  1.5275309E-07  3.1966208E-10  2.9593774E-12  9.2048310E-07  2.3543589E-08  0.000E+00  0.000E+00  0.000E+00  1.000E+00  1.000E+00  1.43E+02  0.00E+00  0.00E+00  0.000000  0.001232  0.0000000E+00  0.0000000000E+00
174  1.052758228816951E+09    1.699409  1.920959  3.721218  7.4985512E-01  2.4975341E-01  1.2427152E-06  3.4605109E-08  1.2659984E-07  6.8211424E-06  3.5418208E-10  1.9913346E-09  9.2048308E-07  2.3543589E-08  0.000E+00  0.0000  3.721218   -9.967  5.046439  7.876165  0.0000000E+00  9.9999040E-01  2.9326620E-07  4.2304001E-26  7.3727094E-06  1.5276361E-07  3.1964886E-10  5.1549564E-12  9.2048312E-07  2.3543589E-08  0.000E+00  0.000E+00  0.000E+00  1.000E+00  1.000E+00  1.40E+02  0.00E+00  0.00E+00  0.000000  0.001319  0.0000000E+00  0.0000000000E+00
175  1.053880580190359E+09    1.699279  1.952020  3.719266  7.4872332E-01  2.5091089E-01  1.1251499E-06  4.2054267E-08  2.5580531E-07  6.8211202E-06  3.7816650E-10  1.9439749E-09  9.2048308E-07  2.3543589E-08  0.000E+00  0.0000  3.719266   -9.916  5.085075  7.880255  0.0000000E+00  9.9999015E-01  5.2161315E-07  2.2343624E-34  7.3727066E-06  1.5278941E-07  3.1962875E-10  8.6370495E-12  9.2048314E-07  2.3543590E-08  0.000E+00  0.000E+00  0.000E+00  1.000E+00  1.000E+00  1.37E+02  0.00E+00  0.00E+00  0.000000  0.001417  0.0000000E+00  0.0000000000E+00
176  1.055002931563766E+09    1.699134  1.984453  3.718527  7.4727383E-01  2.5238220E-01  1.0168915E-06  3.8185751E-08  3.8638713E-07  6.8210003E-06  5.0845725E-10  1.8208056E-09  9.2048308E-07  2.3543589E-08  0.000E+00  0.0000  3.718527   -9.866  5.121815  7.883600  0.0000000E+00  9.9998979E-01  9.1193908E-07  6.0190589E-45  7.3727026E-06  1.5284983E-07  3.1959989E-10  1.3807330E-11  9.2048317E-07  2.3543590E-08  0.000E+00  0.000E+00  0.000E+00  1.000E+00  1.000E+00  1.34E+02  0.00E+00  0.00E+00  0.000000  0.001525  0.0000000E+00  0.0000000000E+00
177  1.056125282937173E+09    1.698970  2.016334  3.717305  7.4569982E-01  2.5397240E-01  9.4492820E-07  3.5531414E-08  4.7330809E-07  6.8205802E-06  9.6304443E-10  1.6945548E-09  9.2048308E-07  2.3543589E-08  0.000E+00  0.0000  3.717305   -9.816  5.157041  7.886438  0.0000000E+00  9.9998911E-01  1.5478692E-06  1.0521941E-56  7.3726968E-06  1.5298504E-07  3.1955983E-10  2.1193880E-11  9.2048322E-07  2.3543591E-08  0.000E+00  0.000E+00  0.000E+00  1.000E+00  1.000E+00  1.31E+02  0.00E+00  0.00E+00  0.000000  0.001640  0.0000000E+00  0.0000000000E+00
178  1.057247634310581E+09    1.698786  2.049156  3.715601  7.4372708E-01  2.5595977E-01  8.8509307E-07  3.3327137E-08  5.4556976E-07  6.8191094E-06  2.5438068E-09  1.5872566E-09  9.2048308E-07  2.3543589E-08  0.000E+00  0.0000  3.715601   -9.763  5.191086  7.888953  0.0000000E+00  9.9998816E-01  2.5368200E-06  1.1057384E-72  7.3726890E-06  1.5327006E-07  3.1950598E-10  3.1369350E-11  9.2048328E-07  2.3543594E-08  0.000E+00  0.000E+00  0.000E+00  1.000E+00  1.000E+00  1.29E+02  0.00E+00  0.00E+00  0.000000  0.001767  0.0000000E+00  0.0000000000E+00
179  1.058369985683988E+09    1.698579  2.082294  3.712676  7.4143203E-01  2.5826728E-01  8.3702362E-07  3.1558724E-08  6.0364666E-07  6.8148132E-06  7.0893398E-09  1.5018576E-09  9.2048308E-07  2.3543589E-08  0.000E+00  0.0000  3.712676   -9.707  5.224079  7.891179  0.0000000E+00  9.9998663E-01  4.0303128E-06  0.0000000E+00  7.3726783E-06  1.5384557E-07  3.1943505E-10  4.5068173E-11  9.2048336E-07  2.3543598E-08  0.000E+00  0.000E+00  0.000E+00  1.000E+00  1.000E+00  1.25E+02  0.00E+00  0.00E+00  0.000000  0.001905  0.0000000E+00  0.0000000000E+00
180  1.059492337057395E+09    1.698342  2.116858  3.711449  7.3948263E-01  2.6022484E-01  8.0676802E-07  3.0447140E-08  6.4044196E-07  6.8071877E-06  1.4883717E-08  1.4493598E-09  9.2048308E-07  2.3543589E-08  0.000E+00  0.0000  3.711449   -9.653  5.256042  7.893354  0.0000000E+00  9.9998443E-01  6.2375848E-06  0.0000000E+00  7.3726642E-06  1.5495989E-07  3.1934297E-10  6.3212844E-11  9.2048347E-07  2.3543606E-08  0.000E+00  0.000E+00  0.000E+00  1.000E+00  1.000E+00  1.22E+02  0.00E+00  0.00E+00  0.000000  0.002060  0.0000000E+00  0.0000000000E+00
181  1.060614688430803E+09    1.698075  2.151853  3.709563  7.3684778E-01  2.6286852E-01  7.7497316E-07  2.9281113E-08  6.8078411E-07  6.7875285E-06  3.3409211E-08  1.3968722E-09  9.2048308E-07  2.3543589E-08  0.000E+00  0.0000  3.709563   -9.596  5.287673  7.895499  0.0000000E+00  9.9998118E-01  9.4971492E-06  0.0000000E+00  7.3726455E-06  1.5707783E-07  3.1922345E-10  8.7247324E-11  9.2048361E-07  2.3543620E-08  0.000E+00  0.000E+00  0.000E+00  1.000E+00  1.000E+00  1.19E+02  0.00E+00  0.00E+00  0.000000  0.002230  0.0000000E+00  0.0000000000E+00
182  1.061737039804210E+09    1.697769  2.188247  3.707600  7.3489909E-01  2.6482265E-01  7.5627121E-07  2.8598188E-08  7.0873420E-07  6.7628146E-06  5.3147110E-08  1.3683236E-09  9.2048308E-07  2.3543589E-08  0.000E+00  0.0000  3.707600   -9.538  5.318974  7.897702  0.0000000E+00  9.9997637E-01  1.4311069E-05  0.0000000E+00  7.3726207E-06  1.6105095E-07  3.1906825E-10  1.1910326E-10  9.2048380E-07  2.3543644E-08  0.000E+00  0.000E+00  0.000E+00  1.000E+00  1.000E+00  1.16E+02  0.00E+00  0.00E+00  0.000000  0.002423  0.0000000E+00  0.0000000000E+00
183  1.062859391177618E+09    1.697420  2.225884  3.706395  7.3235950E-01  2.6736822E-01  7.3611167E-07  2.7870336E-08  7.5292780E-07  6.7139890E-06  8.0903373E-08  1.3392620E-09  9.2048308E-07  2.3543589E-08  0.000E+00  0.0000  3.706395   -9.479  5.350026  7.899981  0.0000000E+00  9.9996920E-01  2.1480494E-05  0.0000000E+00  7.3725875E-06  1.6850717E-07  3.1886548E-10  1.6163039E-10  9.2048403E-07  2.3543685E-08  0.000E+00  0.000E+00  0.000E+00  1.000E+00  1.000E+00  1.14E+02  0.00E+00  0.00E+00  0.000000  0.002639  0.0000000E+00  0.0000000000E+00
184  1.063981742551025E+09    1.697019  2.264917  3.704824  7.3034406E-01  2.6938774E-01  7.2269460E-07  2.7397358E-08  8.0219009E-07  6.6603403E-06  9.7733585E-08  1.3194459E-09  9.2048308E-07  2.3543589E-08  0.000E+00  0.0000  3.704824   -9.417  5.381103  7.902479  0.0000000E+00  9.9995832E-01  3.2335399E-05  0.0000000E+00  7.3725427E-06  1.8263160E-07  3.1859741E-10  2.1918542E-10  9.2048436E-07  2.3543758E-08  0.000E+00  0.000E+00  0.000E+00  1.000E+00  1.000E+00  1.11E+02  0.00E+00  0.00E+00  0.000000  0.002885  0.0000000E+00  0.0000000000E+00
185  1.065104093924432E+09    1.696554  2.305325  3.702939  7.2794056E-01  2.7179544E-01  7.0893789E-07  2.6927697E-08  8.7891653E-07  6.5822746E-06  1.0763615E-07  1.2970788E-09  9.2048308E-07  2.3543589E-08  0.000E+00  0.0000  3.702939   -9.353  5.412256  7.905255  0.0000000E+00  9.9994142E-01  4.9201315E-05  0.0000000E+00  7.3724814E-06  2.0977797E-07  3.1823972E-10  2.9808386E-10  9.2048477E-07  2.3543885E-08  0.000E+00  0.000E+00  0.000E+00  1.000E+00  1.000E+00  1.08E+02  0.00E+00  0.00E+00  0.000000  0.003163  0.0000000E+00  0.0000000000E+00
186  1.066226445297840E+09    1.696015  2.347906  3.701500  7.2658679E-01  2.7315141E-01  7.0205165E-07  2.6698831E-08  9.2774700E-07  6.5339734E-06  1.0972862E-07  1.2850726E-09  9.2048308E-07  2.3543589E-08  0.000E+00  0.0000  3.701500   -9.286  5.443828  7.908473  0.0000000E+00  9.9991428E-01  7.6336384E-05  0.0000000E+00  7.3723962E-06  2.6300084E-07  3.1776049E-10  4.0728357E-10  9.2048534E-07  2.3544110E-08  0.000E+00  0.000E+00  0.000E+00  1.000E+00  1.000E+00  1.05E+02  0.00E+00  0.00E+00  0.000000  0.003487  0.0000000E+00  0.0000000000E+00
187  1.067348796671247E+09    1.695385  2.391992  3.700217  7.2484450E-01  2.7489620E-01  6.9393069E-07  2.6433586E-08  9.9278813E-07  6.4700107E-06  1.1057627E-07  1.2704441E-09  9.2048308E-07  2.3543589E-08  0.000E+00  0.0000  3.700217   -9.217  5.475893  7.912339  0.0000000E+00  9.9986777E-01  1.2273615E-04  0.0000000E+00  7.3722732E-06  3.7355361E-07  3.1709474E-10  5.6513642E-10  9.2048612E-07  2.3544525E-08  0.000E+00  0.000E+00  0.000E+00  1.000E+00  1.000E+00  1.02E+02  0.00E+00  0.00E+00  0.000000  0.003856  0.0000000E+00  0.0000000000E+00
188  1.068471148044654E+09    1.694643  2.437950  3.698756  7.2378380E-01  2.7595840E-01  6.8934350E-07  2.6285598E-08  1.0323362E-06  6.4311595E-06  1.1053317E-07  1.2620267E-09  9.2048308E-07  2.3543589E-08  0.000E+00  0.0000  3.698756   -9.145  5.508544  7.917325  0.0000000E+00  9.9978009E-01  2.1010434E-04  0.0000000E+00  7.3720825E-06  6.2652788E-07  3.1611512E-10  8.0967938E-10  9.2048727E-07  2.3545347E-08  0.000E+00  0.000E+00  0.000E+00  1.000E+00  1.000E+00  9.87E+01  0.00E+00  0.00E+00  0.000000  0.004286  0.0000000E+00  0.0000000000E+00
189  1.069593499418062E+09    1.693763  2.486411  3.697326  7.2334908E-01  2.7639382E-01  6.8753419E-07  2.6227521E-08  1.0483594E-06  6.4154174E-06  1.1044493E-07  1.2586851E-09  9.2048308E-07  2.3543589E-08  0.000E+00  0.0000  3.697326   -9.069  5.541644  7.925071  0.0000000E+00  9.9957768E-01  4.1180715E-04  0.0000000E+00  7.3717406E-06  1.3317209E-06  3.1449072E-10  1.2476872E-09  9.2048919E-07  2.3547251E-08  0.000E+00  0.000E+00  0.000E+00  1.000E+00  1.000E+00  9.56E+01  0.00E+00  0.00E+00  0.000000  0.004794  0.0000000E+00  0.0000000000E+00
190  1.070715850791469E+09    1.692713  2.535063  3.695231  7.2296520E-01  2.7677810E-01  6.8596799E-07  2.6177361E-08  1.0623824E-06  6.4016386E-06  1.1034398E-07  1.2557851E-09  9.2048308E-07  2.3543589E-08  0.000E+00  0.1116  3.695231   -8.992  5.453858  8.115366  0.0000000E+00  9.9695450E-01  3.0356776E-03  2.9625908E-51  7.3610227E-06  6.4964729E-07  2.0319622E-10  8.2436298E-09  9.2048465E-07  2.3551736E-08  0.000E+00  0.000E+00  0.000E+00  1.000E+00  1.000E+00  9.25E+01  0.00E+00  0.00E+00  0.000000  0.005364  0.0000000E+00  0.0000000000E+00
191  1.070715856361907E+09    1.692713  2.535123  3.695266  7.2296520E-01  2.7677810E-01  6.8596799E-07  2.6177361E-08  1.0623824E-06  6.4016386E-06  1.1034398E-07  1.2557851E-09  9.2048308E-07  2.3543589E-08  0.000E+00  0.1228  3.695266   -8.992  5.422100  8.128940  0.0000000E+00  9.9635447E-01  3.6357324E-03  6.8283545E-31  7.3573637E-06  6.3727259E-07  1.9941843E-10  1.2834264E-08  9.2048459E-07  2.3558978E-08  0.000E+00  0.000E+00  0.000E+00  1.000E+00  1.000E+00  9.25E+01  0.00E+00  0.00E+00  0.000000  0.005365  0.0000000E+00  0.0000000000E+00
192  1.070715860614732E+09    1.692713  2.535067  3.695231  7.2296520E-01  2.7677810E-01  6.8596799E-07  2.6177361E-08  1.0623824E-06  6.4016386E-06  1.1034398E-07  1.2557851E-09  9.2048308E-07  2.3543589E-08  0.000E+00  0.1374  3.695231   -8.992  5.376016  8.143400  0.0000000E+00  9.9575445E-01  4.2357749E-03  1.2594706E-12  7.3517477E-06  5.9847020E-07  1.9162795E-10  1.9980983E-08  9.2048445E-07  2.3574047E-08  0.000E+00  0.000E+00  0.000E+00  1.000E+00  1.000E+00  9.25E+01  0.00E+00  0.00E+00  0.000000  0.005364  0.0000000E+00  0.0000000000E+00
193  1.070715862501455E+09    1.692713  2.535069  3.695230  7.2296520E-01  2.7677810E-01  6.8596799E-07  2.6177361E-08  1.0623824E-06  6.4016386E-06  1.1034398E-07  1.2557851E-09  9.2048308E-07  2.3543589E-08  0.000E+00  0.1446  3.695230   -8.992  5.342342  8.150556  0.0000000E+00  9.9515442E-01  4.8358177E-03  3.9757555E-11  7.3461881E-06  6.0119958E-07  1.8986632E-10  2.7130903E-08  9.2048443E-07  2.3593477E-08  0.000E+00  0.000E+00  0.000E+00  1.000E+00  1.000E+00  9.25E+01  0.00E+00  0.00E+00  0.000000  0.005364  0.0000000E+00  0.0000000000E+00
194  1.070715864962886E+09    1.692713  2.535074  3.695230  7.2296520E-01  2.7677810E-01  6.8596799E-07  2.6177361E-08  1.0623824E-06  6.4016386E-06  1.1034398E-07  1.2557851E-09  9.2048308E-07  2.3543589E-08  0.000E+00  0.1582  3.695230   -8.992  5.289001  8.158119  0.0000000E+00  9.9455440E-01  5.4358904E-03  6.6488953E-11  7.3379943E-06  5.8111178E-07  1.8409055E-10  3.7683625E-08  9.2048435E-07  2.3629264E-08  0.000E+00  0.000E+00  0.000E+00  1.000E+00  1.000E+00  9.25E+01  0.00E+00  0.00E+00  0.000000  0.005364  0.0000000E+00  0.0000000000E+00
195  1.070715866850651E+09    1.692713  2.535077  3.695230  7.2296520E-01  2.7677810E-01  6.8596799E-07  2.6177361E-08  1.0623824E-06  6.4016386E-06  1.1034398E-07  1.2557851E-09  9.2048308E-07  2.3543589E-08  0.000E+00  0.1652  3.695230   -8.992  5.245053  8.161277  0.0000000E+00  9.9395437E-01  6.0358629E-03  3.0604824E-11  7.3298937E-06  5.8521845E-07  1.8175112E-10  4.8051151E-08  9.2048433E-07  2.3671613E-08  0.000E+00  0.000E+00  0.000E+00  1.000E+00  1.000E+00  9.25E+01  0.00E+00  0.00E+00  0.000000  0.005364  0.0000000E+00  0.0000000000E+00
196  1.070715869314308E+09    1.692713  2.535081  3.695230  7.2296520E-01  2.7677810E-01  6.8596799E-07  2.6177361E-08  1.0623824E-06  6.4016386E-06  1.1034398E-07  1.2557851E-09  9.2048308E-07  2.3543589E-08  0.000E+00  0.1733  3.695230   -8.992  5.193320  8.162320  0.0000000E+00  9.9335435E-01  6.6358954E-03  1.4071998E-11  7.3201880E-06  5.9074232E-07  1.7862456E-10  6.0483381E-08  9.2048430E-07  2.3734976E-08  0.000E+00  0.000E+00  0.000E+00  1.000E+00  1.000E+00  9.25E+01  0.00E+00  0.00E+00  0.000000  0.005364  0.0000000E+00  0.0000000000E+00
197  1.070715871951562E+09    1.692713  2.535084  3.695229  7.2296520E-01  2.7677810E-01  6.8596799E-07  2.6177361E-08  1.0623824E-06  6.4016386E-06  1.1034398E-07  1.2557851E-09  9.2048308E-07  2.3543589E-08  0.000E+00  0.1767  3.695229   -8.992  5.148829  8.161536  0.0000000E+00  9.9275432E-01  7.2359161E-03  2.7192795E-12  7.3106040E-06  6.0914625E-07  1.7723465E-10  7.2748109E-08  9.2048431E-07  2.3808707E-08  0.000E+00  0.000E+00  0.000E+00  1.000E+00  1.000E+00  9.25E+01  0.00E+00  0.00E+00  0.000000  0.005364  0.0000000E+00  0.0000000000E+00
198  1.070715877804459E+09    1.692713  2.535088  3.695229  7.2296520E-01  2.7677810E-01  6.8596799E-07  2.6177361E-08  1.0623824E-06  6.4016386E-06  1.1034398E-07  1.2557851E-09  9.2048308E-07  2.3543589E-08  0.000E+00  0.1863  3.695229   -8.992  5.081608  8.157871  0.0000000E+00  9.9215430E-01  7.8358790E-03  9.2334888E-11  7.2979327E-06  6.3131232E-07  1.7313399E-10  8.8920344E-08  9.2048429E-07  2.3938508E-08  0.000E+00  0.000E+00  0.000E+00  1.000E+00  1.000E+00  9.25E+01  0.00E+00  0.00E+00  0.000000  0.005364  0.0000000E+00  0.0000000000E+00
199  1.070715885647994E+09    1.692713  2.535088  3.695229  7.2296520E-01  2.7677810E-01  6.8596799E-07  2.6177361E-08  1.0623824E-06  6.4016386E-06  1.1034398E-07  1.2557851E-09  9.2048308E-07  2.3543589E-08  0.000E+00  0.1867  3.695229   -8.992  5.029058  8.153226  0.0000000E+00  9.9155427E-01  8.4359124E-03  2.0500407E-11  7.2865112E-06  6.7182420E-07  1.7166281E-10  1.0347660E-07  9.2048431E-07  2.4073828E-08  0.000E+00  0.000E+00  0.000E+00  1.000E+00  1.000E+00  9.25E+01  0.00E+00  0.00E+00  0.000000  0.005364  0.0000000E+00  0.0000000000E+00
200  1.070715898734512E+09    1.692713  2.535082  3.695229  7.2296520E-01  2.7677810E-01  6.8596799E-07  2.6177361E-08  1.0623824E-06  6.4016386E-06  1.1034398E-07  1.2557851E-09  9.2048308E-07  2.3543589E-08  0.000E+00  0.1933  3.695229   -8.992  4.979272  8.147632  0.0000000E+00  9.9095425E-01  9.0358169E-03  6.9764809E-13  7.2752004E-06  7.2819380E-07  1.7088015E-10  1.1787665E-07  9.2048435E-07  2.4231275E-08  0.000E+00  0.000E+00  0.000E+00  1.000E+00  1.000E+00  9.25E+01  0.00E+00  0.00E+00  0.000000  0.005364  0.0000000E+00  0.0000000000E+00
201  1.070715930714406E+09    1.692713  2.535058  3.695231  7.2296520E-01  2.7677810E-01  6.8596799E-07  2.6177361E-08  1.0623824E-06  6.4016386E-06  1.1034398E-07  1.2557851E-09  9.2048308E-07  2.3543589E-08  0.000E+00  0.1888  3.695231   -8.992  4.919689  8.139750  0.0000000E+00  9.9035423E-01  9.6358072E-03  2.6853679E-12  7.2628292E-06  8.1687107E-07  1.6933844E-10  1.3356978E-07  9.2048439E-07  2.4448842E-08  0.000E+00  0.000E+00  0.000E+00  1.000E+00  1.000E+00  9.25E+01  0.00E+00  0.00E+00  0.000000  0.005364  0.0000000E+00  0.0000000000E+00
202  1.070716001388028E+09    1.692713  2.534988  3.695236  7.2296520E-01  2.7677810E-01  6.8596799E-07  2.6177361E-08  1.0623824E-06  6.4016386E-06  1.1034398E-07  1.2557851E-09  9.2048308E-07  2.3543589E-08  0.000E+00  0.1947  3.695236   -8.992  4.862465  8.130996  0.0000000E+00  9.8975420E-01  1.0235663E-02  9.3725507E-13  7.2508856E-06  9.4665366E-07  1.6840345E-10  1.4868994E-07  9.2048445E-07  2.4699794E-08  0.000E+00  0.000E+00  0.000E+00  1.000E+00  1.000E+00  9.25E+01  0.00E+00  0.00E+00  0.000000  0.005363  0.0000000E+00  0.0000000000E+00
203  1.070716168428720E+09    1.692713  2.534821  3.695258  7.2296520E-01  2.7677810E-01  6.8596799E-07  2.6177361E-08  1.0623824E-06  6.4016386E-06  1.1034398E-07  1.2557851E-09  9.2048308E-07  2.3543589E-08  0.000E+00  0.2007  3.695258   -8.992  4.807082  8.121643  0.0000000E+00  9.8915418E-01  1.0835468E-02  9.2270984E-12  7.2393694E-06  1.1371781E-06  1.6787937E-10  1.6324304E-07  9.2048453E-07  2.4986813E-08  0.000E+00  0.000E+00  0.000E+00  1.000E+00  1.000E+00  9.25E+01  0.00E+00  0.00E+00  0.000000  0.005361  0.0000000E+00  0.0000000000E+00
204  1.070716670982619E+09    1.692712  2.534516  3.695271  7.2296520E-01  2.7677810E-01  6.8596799E-07  2.6177361E-08  1.0623824E-06  6.4016386E-06  1.1034398E-07  1.2557851E-09  9.2048308E-07  2.3543589E-08  0.000E+00  0.1939  3.695271   -8.993  4.746068  8.110784  0.0000000E+00  9.8855415E-01  1.1435183E-02  2.8335685E-17  7.2278059E-06  1.4596405E-06  1.6706025E-10  1.7777963E-07  9.2048464E-07  2.5345934E-08  0.000E+00  0.000E+00  0.000E+00  1.000E+00  1.000E+00  9.26E+01  0.00E+00  0.00E+00  0.000000  0.005357  0.0000000E+00  0.0000000000E+00
205  1.070718236101679E+09    1.692711  2.534806  3.695304  7.2296520E-01  2.7677810E-01  6.8596799E-07  2.6177361E-08  1.0623824E-06  6.4016386E-06  1.1034398E-07  1.2557851E-09  9.2048308E-07  2.3543589E-08  0.000E+00  0.2037  3.695304   -8.992  4.684171  8.099574  0.0000000E+00  9.8795413E-01  1.2034659E-02  1.5933357E-16  7.2166780E-06  1.9983349E-06  1.6630138E-10  1.9170010E-07  9.2048479E-07  2.5768374E-08  0.000E+00  0.000E+00  0.000E+00  1.000E+00  1.000E+00  9.26E+01  0.00E+00  0.00E+00  0.000000  0.005361  0.0000000E+00  0.0000000000E+00
206  1.070722263330985E+09    1.692707  2.491944  3.697304  7.2296520E-01  2.7677810E-01  6.8596799E-07  2.6177361E-08  1.0623824E-06  6.4016386E-06  1.1034398E-07  1.2557851E-09  9.2048308E-07  2.3543589E-08  0.000E+00  0.2037  3.697304   -9.061  4.629386  8.090246  0.0000000E+00  9.8735410E-01  1.2633944E-02  1.0120725E-21  7.2061633E-06  2.8047432E-06  1.6595425E-10  2.0482896E-07  9.2048498E-07  2.6228796E-08  0.000E+00  0.000E+00  0.000E+00  1.000E+00  1.000E+00  9.53E+01  0.00E+00  0.00E+00  0.000000  0.004857  0.0000000E+00  0.0000000000E+00
207  1.070731531670725E+09    1.692701  2.366154  3.701395  7.2296520E-01  2.7677810E-01  6.8596799E-07  2.6177361E-08  1.0623824E-06  6.4016386E-06  1.1034398E-07  1.2557851E-09  9.2048308E-07  2.3543589E-08  0.000E+00  0.2037  3.701395   -9.259  4.579645  8.082955  0.0000000E+00  9.8675408E-01  1.3232712E-02  1.2304809E-36  7.1958459E-06  3.9893799E-06  1.6574407E-10  2.1767109E-07  9.2048523E-07  2.6745954E-08  0.000E+00  0.000E+00  0.000E+00  1.000E+00  1.000E+00  1.03E+02  0.00E+00  0.00E+00  0.000000  0.003636  0.0000000E+00  0.0000000000E+00
208  1.070750283851792E+09    1.692693  2.219191  3.708648  7.2296520E-01  2.7677810E-01  6.8596799E-07  2.6177361E-08  1.0623824E-06  6.4016386E-06  1.1034398E-07  1.2557851E-09  9.2048308E-07  2.3543589E-08  0.000E+00  0.1974  3.708648   -9.496  4.533804  8.077357  0.0000000E+00  9.8615405E-01  1.3831047E-02  6.9402349E-55  7.1854071E-06  5.7036448E-06  1.6547878E-10  2.3060195E-07  9.2048555E-07  2.7345438E-08  0.000E+00  0.000E+00  0.000E+00  1.000E+00  1.000E+00  1.15E+02  0.00E+00  0.00E+00  0.000000  0.002592  0.0000000E+00  0.0000000000E+00
209  1.070783371838065E+09    1.692684  2.110860  3.716137  7.2296520E-01  2.7677810E-01  6.8596799E-07  2.6177361E-08  1.0623824E-06  6.4016386E-06  1.1034398E-07  1.2557851E-09  9.2048308E-07  2.3543589E-08  0.000E+00  0.1784  3.716137   -9.673  4.491589  8.072170  0.0000000E+00  9.8555403E-01  1.4428709E-02  4.7972786E-73  7.1747709E-06  8.0829414E-06  1.6515230E-10  2.4371215E-07  9.2048593E-07  2.8035935E-08  0.000E+00  0.000E+00  0.000E+00  1.000E+00  1.000E+00  1.24E+02  0.00E+00  0.00E+00  0.000000  0.002020  0.0000000E+00  0.0000000000E+00
210  1.070833291024143E+09    1.692675  2.076045  3.720536  7.2296520E-01  2.7677810E-01  6.8596799E-07  2.6177361E-08  1.0623824E-06  6.4016386E-06  1.1034398E-07  1.2557851E-09  9.2048308E-07  2.3543589E-08  0.000E+00  0.1146  3.720536   -9.733  4.457031  8.064485  0.0000000E+00  9.8495400E-01  1.5025312E-02  0.0000000E+00  7.1642189E-06  1.1461632E-05  1.6474655E-10  2.5663901E-07  9.2048641E-07  2.8818083E-08  0.000E+00  0.000E+00  0.000E+00  1.000E+00  1.000E+00  1.28E+02  0.00E+00  0.00E+00  0.000000  0.001864  0.0000000E+00  0.0000000000E+00
211  1.072895409733343E+09    1.692489  1.989507  3.847492  7.2296520E-01  2.7677810E-01  6.8596799E-07  2.6177361E-08  1.0623824E-06  6.4016386E-06  1.1034398E-07  1.2557851E-09  9.2048308E-07  2.3543589E-08  0.000E+00  0.0540  3.847492  -10.115  4.535615  8.047096  0.0000000E+00  9.7514201E-01  2.4696120E-02  0.0000000E+00  7.0547631E-06  1.5264283E-04  1.5575145E-10  3.8584535E-07  9.2049746E-07  4.2901198E-08  0.000E+00  0.000E+00  0.000E+00  1.000E+00  1.000E+00  1.80E+02  0.00E+00  0.00E+00  0.000000  0.001528  0.0000000E+00  0.0000000000E+00
212  1.074476706204003E+09    1.692366  1.991772  3.843638  7.2296520E-01  2.7677810E-01  6.8596799E-07  2.6177361E-08  1.0623824E-06  6.4016386E-06  1.1034398E-07  1.2557851E-09  9.2048308E-07  2.3543589E-08  0.000E+00  0.0580  3.843638  -10.103  4.531261  8.048640  0.0000000E+00  9.6533002E-01  3.4303079E-02  0.0000000E+00  6.9436103E-06  3.5762004E-04  1.4726390E-10  5.1226528E-07  9.2050890E-07  6.3056565E-08  0.000E+00  0.000E+00  0.000E+00  1.000E+00  1.000E+00  1.78E+02  0.00E+00  0.00E+00  0.000000  0.001536  0.0000000E+00  0.0000000000E+00
213  1.076042030450006E+09    1.692243  1.996370  3.847614  7.2296520E-01  2.7677810E-01  6.8596799E-07  2.6177361E-08  1.0623824E-06  6.4016386E-06  1.1034398E-07  1.2557851E-09  9.2048308E-07  2.3543589E-08  0.000E+00  0.0608  3.847614  -10.104  4.522742  8.049877  0.0000000E+00  9.5551803E-01  4.3846312E-02  0.0000000E+00  6.8279310E-06  6.2632178E-04  1.3919510E-10  6.3904488E-07  9.2052122E-07  8.9885288E-08  0.000E+00  0.000E+00  0.000E+00  1.000E+00  1.000E+00  1.79E+02  0.00E+00  0.00E+00  0.000000  0.001552  0.0000000E+00  0.0000000000E+00
214  1.077716914067141E+09    1.692113  2.001795  3.856309  7.2296520E-01  2.7677810E-01  6.8596799E-07  2.6177361E-08  1.0623824E-06  6.4016386E-06  1.1034398E-07  1.2557851E-09  9.2048308E-07  2.3543589E-08  0.000E+00  0.0636  3.856309  -10.113  4.511943  8.051311  0.0000000E+00  9.4570604E-01  5.3320760E-02  0.0000000E+00  6.7063895E-06  9.6384376E-04  1.3155178E-10  7.6674125E-07  9.2053506E-07  1.2480565E-07  0.000E+00  0.000E+00  0.000E+00  1.000E+00  1.000E+00  1.82E+02  0.00E+00  0.00E+00  0.000000  0.001571  0.0000000E+00  0.0000000000E+00
215  1.079460056885045E+09    1.691980  2.007286  3.866258  7.2296520E-01  2.7677810E-01  6.8596799E-07  2.6177361E-08  1.0623824E-06  6.4016386E-06  1.1034398E-07  1.2557851E-09  9.2048308E-07  2.3543589E-08  0.000E+00  0.0666  3.866258  -10.125  4.500069  8.052842  0.0000000E+00  9.3589405E-01  6.2725587E-02  0.0000000E+00  6.5778452E-06  1.3709758E-03  1.2432008E-10  8.9578222E-07  9.2055108E-07  1.6908700E-07  0.000E+00  0.000E+00  0.000E+00  1.000E+00  1.000E+00  1.86E+02  0.00E+00  0.00E+00  0.000000  0.001592  0.0000000E+00  0.0000000000E+00
216  1.081476284835489E+09    1.691831  2.013366  3.877034  7.2296520E-01  2.7677810E-01  6.8596799E-07  2.6177361E-08  1.0623824E-06  6.4016386E-06  1.1034398E-07  1.2557851E-09  9.2048308E-07  2.3543589E-08  0.000E+00  0.0694  3.877034  -10.138  4.486034  8.054579  0.0000000E+00  9.2608206E-01  7.2036038E-02  0.0000000E+00  6.4388550E-06  1.8724394E-03  1.1763519E-10  1.0267386E-06  9.2057065E-07  2.2744193E-07  0.000E+00  0.000E+00  0.000E+00  1.000E+00  1.000E+00  1.90E+02  0.00E+00  0.00E+00  0.000000  0.001615  0.0000000E+00  0.0000000000E+00
217  1.083320701940260E+09    1.691699  2.018763  3.886268  7.2296520E-01  2.7677810E-01  6.8596799E-07  2.6177361E-08  1.0623824E-06  6.4016386E-06  1.1034398E-07  1.2557851E-09  9.2048308E-07  2.3543589E-08  0.000E+00  0.0725  3.886268  -10.148  4.473406  8.056150  0.0000000E+00  9.1627007E-01  8.1300064E-02  0.0000000E+00  6.2934729E-06  2.4203475E-03  1.1117671E-10  1.1583759E-06  9.2059325E-07  2.9500919E-07  0.000E+00  0.000E+00  0.000E+00  1.000E+00  1.000E+00  1.93E+02  0.00E+00  0.00E+00  0.000000  0.001634  0.0000000E+00  0.0000000000E+00
218  1.085819851520545E+09    1.691524  2.025810  3.898218  7.2296520E-01  2.7677810E-01  6.8596799E-07  2.6177361E-08  1.0623824E-06  6.4016386E-06  1.1034398E-07  1.2557851E-09  9.2048308E-07  2.3543589E-08  0.000E+00  0.0726  3.898218  -10.161  4.455582  8.058130  0.0000000E+00  9.0645808E-01  9.0414137E-02  0.0000000E+00  6.1272798E-06  3.1182424E-03  1.0549769E-10  1.2940194E-06  9.2062454E-07  3.9038243E-07  0.000E+00  0.000E+00  0.000E+00  1.000E+00  1.000E+00  1.98E+02  0.00E+00  0.00E+00  0.000000  0.001662  0.0000000E+00  0.0000000000E+00
219  1.087175894290750E+09    1.691431  2.029396  3.904000  7.2296520E-01  2.7677810E-01  6.8596799E-07  2.6177361E-08  1.0623824E-06  6.4016386E-06  1.1034398E-07  1.2557851E-09  9.2048308E-07  2.3543589E-08  0.000E+00  0.0651  3.904000  -10.168  4.449399  8.059256  0.0000000E+00  8.9664609E-01  9.9615032E-02  0.0000000E+00  5.9714686E-06  3.7292936E-03  9.9299228E-11  1.4253550E-06  9.2065334E-07  4.7470676E-07  0.000E+00  0.000E+00  0.000E+00  1.000E+00  1.000E+00  2.00E+02  0.00E+00  0.00E+00  0.000000  0.001675  0.0000000E+00  0.0000000000E+00
220  1.088331033653330E+09    1.691353  2.032685  3.908794  7.2296520E-01  2.7677810E-01  6.8596799E-07  2.6177361E-08  1.0623824E-06  6.4016386E-06  1.1034398E-07  1.2557851E-09  9.2048308E-07  2.3543589E-08  0.000E+00  0.0664  3.908794  -10.172  4.443412  8.060384  0.0000000E+00  8.8683410E-01  1.0876272E-01  0.0000000E+00  5.8121375E-06  4.3935311E-03  9.3411269E-11  1.5522138E-06  9.2068604E-07  5.7003376E-07  0.000E+00  0.000E+00  0.000E+00  1.000E+00  1.000E+00  2.02E+02  0.00E+00  0.00E+00  0.000000  0.001688  0.0000000E+00  0.0000000000E+00
221  1.089475982698021E+09    1.691276  2.035756  3.913660  7.2296520E-01  2.7677810E-01  6.8596799E-07  2.6177361E-08  1.0623824E-06  6.4016386E-06  1.1034398E-07  1.2557851E-09  9.2048308E-07  2.3543589E-08  0.000E+00  0.0672  3.913660  -10.177  4.437442  8.061449  0.0000000E+00  8.7702211E-01  1.1785416E-01  0.0000000E+00  5.6491013E-06  5.1139801E-03  8.7814993E-11  1.6740993E-06  9.2072339E-07  6.7726141E-07  0.000E+00  0.000E+00  0.000E+00  1.000E+00  1.000E+00  2.04E+02  0.00E+00  0.00E+00  0.000000  0.001700  0.0000000E+00  0.0000000000E+00
222  1.090635153649079E+09    1.691200  2.038840  3.918449  7.2296520E-01  2.7677810E-01  6.8596799E-07  2.6177361E-08  1.0623824E-06  6.4016386E-06  1.1034398E-07  1.2557851E-09  9.2048308E-07  2.3543589E-08  0.000E+00  0.0684  3.918449  -10.182  4.431453  8.062531  0.0000000E+00  8.6721012E-01  1.2688802E-01  0.0000000E+00  5.4823732E-06  5.8920394E-03  8.2507316E-11  1.7903272E-06  9.2076584E-07  7.9720527E-07  0.000E+00  0.000E+00  0.000E+00  1.000E+00  1.000E+00  2.06E+02  0.00E+00  0.00E+00  0.000000  0.001712  0.0000000E+00  0.0000000000E+00
223  1.091883575572597E+09    1.691118  2.042057  3.923413  7.2296520E-01  2.7677810E-01  6.8596799E-07  2.6177361E-08  1.0623824E-06  6.4016386E-06  1.1034398E-07  1.2557851E-09  9.2048308E-07  2.3543589E-08  0.000E+00  0.0700  3.923413  -10.187  4.425368  8.063624  0.0000000E+00  8.5739813E-01  1.3585461E-01  0.0000000E+00  5.3115072E-06  6.7373836E-03  7.7523651E-11  1.8993177E-06  9.2081489E-07  9.3249678E-07  0.000E+00  0.000E+00  0.000E+00  1.000E+00  1.000E+00  2.08E+02  0.00E+00  0.00E+00  0.000000  0.001726  0.0000000E+00  0.0000000000E+00
224  1.092984066885260E+09    1.691047  2.044949  3.927597  7.2296520E-01  2.7677810E-01  6.8596799E-07  2.6177361E-08  1.0623824E-06  6.4016386E-06  1.1034398E-07  1.2557851E-09  9.2048308E-07  2.3543589E-08  0.000E+00  0.0711  3.927597  -10.191  4.420058  8.064688  0.0000000E+00  8.4758614E-01  1.4478087E-01  0.0000000E+00  5.1383149E-06  7.6230153E-03  7.2732273E-11  2.0031739E-06  9.2086879E-07  1.0777191E-06  0.000E+00  0.000E+00  0.000E+00  1.000E+00  1.000E+00  2.09E+02  0.00E+00  0.00E+00  0.000000  0.001737  0.0000000E+00  0.0000000000E+00
225  1.094114742757131E+09    1.690975  2.047835  3.931883  7.2296520E-01  2.7677810E-01  6.8596799E-07  2.6177361E-08  1.0623824E-06  6.4016386E-06  1.1034398E-07  1.2557851E-09  9.2048308E-07  2.3543589E-08  0.000E+00  0.0722  3.931883  -10.196  4.414487  8.065748  0.0000000E+00  8.3777415E-01  1.5364575E-01  0.0000000E+00  4.9619151E-06  8.5700315E-03  6.8218291E-11  2.0990523E-06  9.2093039E-07  1.2377320E-06  0.000E+00  0.000E+00  0.000E+00  1.000E+00  1.000E+00  2.11E+02  0.00E+00  0.00E+00  0.000000  0.001749  0.0000000E+00  0.0000000000E+00
226  1.095338843504400E+09    1.690897  2.050945  3.936347  7.2296520E-01  2.7677810E-01  6.8596799E-07  2.6177361E-08  1.0623824E-06  6.4016386E-06  1.1034398E-07  1.2557851E-09  9.2048308E-07  2.3543589E-08  0.000E+00  0.0737  3.936347  -10.200  4.408603  8.066857  0.0000000E+00  8.2796216E-01  1.6243912E-01  0.0000000E+00  4.7815112E-06  9.5885501E-03  6.4017399E-11  2.1854952E-06  9.2100137E-07  1.4155689E-06  0.000E+00  0.000E+00  0.000E+00  1.000E+00  1.000E+00  2.13E+02  0.00E+00  0.00E+00  0.000000  0.001762  0.0000000E+00  0.0000000000E+00
227  1.096429520407541E+09    1.690829  2.053673  3.940261  7.2296520E-01  2.7677810E-01  6.8596799E-07  2.6177361E-08  1.0623824E-06  6.4016386E-06  1.1034398E-07  1.2557851E-09  9.2048308E-07  2.3543589E-08  0.000E+00  0.0747  3.940261  -10.203  4.403432  8.067882  0.0000000E+00  8.1815017E-01  1.7119651E-01  0.0000000E+00  4.5999719E-06  1.0643112E-02  5.9958483E-11  2.2657079E-06  9.2107814E-07  1.6028046E-06  0.000E+00  0.000E+00  0.000E+00  1.000E+00  1.000E+00  2.14E+02  0.00E+00  0.00E+00  0.000000  0.001772  0.0000000E+00  0.0000000000E+00
228  1.097779132657720E+09    1.690744  2.056987  3.944846  7.2296520E-01  2.7677810E-01  6.8596799E-07  2.6177361E-08  1.0623824E-06  6.4016386E-06  1.1034398E-07  1.2557851E-09  9.2048308E-07  2.3543589E-08  0.000E+00  0.0764  3.944846  -10.208  4.397062  8.069062  0.0000000E+00  8.0833818E-01  1.7982534E-01  0.0000000E+00  4.4123575E-06  1.1826162E-02  5.6441900E-11  2.3277513E-06  9.2117324E-07  1.8217925E-06  0.000E+00  0.000E+00  0.000E+00  1.000E+00  1.000E+00  2.16E+02  0.00E+00  0.00E+00  0.000000  0.001786  0.0000000E+00  0.0000000000E+00
229  1.098858906771696E+09    1.690677  2.059663  3.948450  7.2296520E-01  2.7677810E-01  6.8596799E-07  2.6177361E-08  1.0623824E-06  6.4016386E-06  1.1034398E-07  1.2557851E-09  9.2048308E-07  2.3543589E-08  0.000E+00  0.0778  3.948450  -10.211  4.392073  8.070081  0.0000000E+00  7.9852619E-01  1.8846817E-01  0.0000000E+00  4.2261847E-06  1.2995229E-02  5.2825630E-11  2.3898045E-06  9.2126997E-07  2.0385032E-06  0.000E+00  0.000E+00  0.000E+00  1.000E+00  1.000E+00  2.18E+02  0.00E+00  0.00E+00  0.000000  0.001797  0.0000000E+00  0.0000000000E+00
230  1.100207408231127E+09    1.690595  2.062912  3.952713  7.2296520E-01  2.7677810E-01  6.8596799E-07  2.6177361E-08  1.0623824E-06  6.4016386E-06  1.1034398E-07  1.2557851E-09  9.2048308E-07  2.3543589E-08  0.000E+00  0.0794  3.952713  -10.214  4.385872  8.071250  0.0000000E+00  7.8871420E-01  1.9696511E-01  0.0000000E+00  4.0346074E-06  1.4310138E-02  4.9784176E-11  2.4292581E-06  9.2139041E-07  2.2913269E-06  0.000E+00  0.000E+00  0.000E+00  1.000E+00  1.000E+00  2.19E+02  0.00E+00  0.00E+00  0.000000  0.001811  0.0000000E+00  0.0000000000E+00
231  1.101293409942245E+09    1.690529  2.065544  3.956059  7.2296520E-01  2.7677810E-01  6.8596799E-07  2.6177361E-08  1.0623824E-06  6.4016386E-06  1.1034398E-07  1.2557851E-09  9.2048308E-07  2.3543589E-08  0.000E+00  0.0809  3.956059  -10.217  4.380998  8.072277  0.0000000E+00  7.7890221E-01  2.0549094E-01  0.0000000E+00  3.8454066E-06  1.5596226E-02  4.6576243E-11  2.4708896E-06  9.2151044E-07  2.5377544E-06  0.000E+00  0.000E+00  0.000E+00  1.000E+00  1.000E+00  2.21E+02  0.00E+00  0.00E+00  0.000000  0.001822  0.0000000E+00  0.0000000000E+00
232  1.102466803608697E+09    1.690458  2.068345  3.959522  7.2296520E-01  2.7677810E-01  6.8596799E-07  2.6177361E-08  1.0623824E-06  6.4016386E-06  1.1034398E-07  1.2557851E-09  9.2048308E-07  2.3543589E-08  0.000E+00  0.0822  3.959522  -10.220  4.375753  8.073341  0.0000000E+00  7.6909022E-01  2.1391899E-01  0.0000000E+00  3.6540625E-06  1.6980112E-02  4.3720992E-11  2.4958746E-06  9.2164951E-07  2.8078944E-06  0.000E+00  0.000E+00  0.000E+00  1.000E+00  1.000E+00  2.22E+02  0.00E+00  0.00E+00  0.000000  0.001834  0.0000000E+00  0.0000000000E+00
233  1.103911347220333E+09    1.690371  2.071752  3.963585  7.2296520E-01  2.7677810E-01  6.8596799E-07  2.6177361E-08  1.0623824E-06  6.4016386E-06  1.1034398E-07  1.2557851E-09  9.2048308E-07  2.3543589E-08  0.000E+00  0.0819  3.963585  -10.223  4.368533  8.074591  0.0000000E+00  7.5927823E-01  2.2209292E-01  0.0000000E+00  3.4521711E-06  1.8618041E-02  4.1855301E-11  2.4866002E-06  9.2183214E-07  3.1364787E-06  0.000E+00  0.000E+00  0.000E+00  1.000E+00  1.000E+00  2.24E+02  0.00E+00  0.00E+00  0.000000  0.001849  0.0000000E+00  0.0000000000E+00
234  1.104839824930433E+09    1.690316  2.073945  3.966137  7.2296520E-01  2.7677810E-01  6.8596799E-07  2.6177361E-08  1.0623824E-06  6.4016386E-06  1.1034398E-07  1.2557851E-09  9.2048308E-07  2.3543589E-08  0.000E+00  0.0838  3.966137  -10.225  4.364579  8.075488  0.0000000E+00  7.4946624E-01  2.3050021E-01  0.0000000E+00  3.2641129E-06  2.0022631E-02  3.8927283E-11  2.5049399E-06  9.2198521E-07  3.4095763E-06  0.000E+00  0.000E+00  0.000E+00  1.000E+00  1.000E+00  2.25E+02  0.00E+00  0.00E+00  0.000000  0.001858  0.0000000E+00  0.0000000000E+00
235  1.106343875467636E+09    1.690227  2.077481  3.969891  7.2296520E-01  2.7677810E-01  6.8596799E-07  2.6177361E-08  1.0623824E-06  6.4016386E-06  1.1034398E-07  1.2557851E-09  9.2048308E-07  2.3543589E-08  0.000E+00  0.0834  3.969891  -10.227  4.356951  8.076750  0.0000000E+00  7.3965425E-01  2.3846341E-01  0.0000000E+00  3.0618677E-06  2.1871237E-02  3.7651005E-11  2.4599178E-06  9.2221983E-07  3.7824049E-06  0.000E+00  0.000E+00  0.000E+00  1.000E+00  1.000E+00  2.26E+02  0.00E+00  0.00E+00  0.000000  0.001873  0.0000000E+00  0.0000000000E+00
236  1.107228181000089E+09    1.690175  2.079474  3.971997  7.2296520E-01  2.7677810E-01  6.8596799E-07  2.6177361E-08  1.0623824E-06  6.4016386E-06  1.1034398E-07  1.2557851E-09  9.2048308E-07  2.3543589E-08  0.000E+00  0.0848  3.971997  -10.228  4.353556  8.077635  0.0000000E+00  7.2984226E-01  2.4677261E-01  0.0000000E+00  2.8766333E-06  2.3373964E-02  3.4923365E-11  2.4599429E-06  9.2240333E-07  4.0734477E-06  0.000E+00  0.000E+00  0.000E+00  1.000E+00  1.000E+00  2.27E+02  0.00E+00  0.00E+00  0.000000  0.001882  0.0000000E+00  0.0000000000E+00
237  1.108146047257937E+09    1.690120  2.081564  3.974013  7.2296520E-01  2.7677810E-01  6.8596799E-07  2.6177361E-08  1.0623824E-06  6.4016386E-06  1.1034398E-07  1.2557851E-09  9.2048308E-07  2.3543589E-08  0.000E+00  0.0860  3.974013  -10.229  4.350038  8.078543  0.0000000E+00  7.2003027E-01  2.5500416E-01  0.0000000E+00  2.6939815E-06  2.4954277E-02  3.2440386E-11  2.4445147E-06  9.2260615E-07  4.3793180E-06  0.000E+00  0.000E+00  0.000E+00  1.000E+00  1.000E+00  2.28E+02  0.00E+00  0.00E+00  0.000000  0.001891  0.0000000E+00  0.0000000000E+00
238  1.109763687347039E+09    1.690025  2.085287  3.977121  7.2296520E-01  2.7677810E-01  6.8596799E-07  2.6177361E-08  1.0623824E-06  6.4016386E-06  1.1034398E-07  1.2557851E-09  9.2048308E-07  2.3543589E-08  0.000E+00  0.0853  3.977121  -10.230  4.342116  8.079854  0.0000000E+00  7.1021828E-01  2.6262780E-01  0.0000000E+00  2.5035279E-06  2.7142521E-02  3.2005902E-11  2.3382047E-06  9.2294022E-07  4.8085180E-06  0.000E+00  0.000E+00  0.000E+00  1.000E+00  1.000E+00  2.29E+02  0.00E+00  0.00E+00  0.000000  0.001907  0.0000000E+00  0.0000000000E+00
239  1.110602794565521E+09    1.689975  2.087118  3.978607  7.2296520E-01  2.7677810E-01  6.8596799E-07  2.6177361E-08  1.0623824E-06  6.4016386E-06  1.1034398E-07  1.2557851E-09  9.2048308E-07  2.3543589E-08  0.000E+00  0.0867  3.978607  -10.230  4.339176  8.080709  0.0000000E+00  7.0040629E-01  2.7078018E-01  0.0000000E+00  2.3269604E-06  2.8801988E-02  2.9580209E-11  2.3114429E-06  9.2317640E-07  5.1186771E-06  0.000E+00  0.000E+00  0.000E+00  1.000E+00  1.000E+00  2.30E+02  0.00E+00  0.00E+00  0.000000  0.001915  0.0000000E+00  0.0000000000E+00
240  1.111445438008888E+09    1.689926  2.089000  3.979913  7.2296520E-01  2.7677810E-01  6.8596799E-07  2.6177361E-08  1.0623824E-06  6.4016386E-06  1.1034398E-07  1.2557851E-09  9.2048308E-07  2.3543589E-08  0.000E+00  0.0882  3.979913  -10.230  4.336297  8.081577  0.0000000E+00  6.9059430E-01  2.7887445E-01  0.0000000E+00  2.1554106E-06  3.0519614E-02  2.7308106E-11  2.2725439E-06  9.2343146E-07  5.4357845E-06  0.000E+00  0.000E+00  0.000E+00  1.000E+00  1.000E+00  2.30E+02  0.00E+00  0.00E+00  0.000000  0.001923  0.0000000E+00  0.0000000000E+00
241  1.112382547708297E+09    1.689870  2.091080  3.981153  7.2296520E-01  2.7677810E-01  6.8596799E-07  2.6177361E-08  1.0623824E-06  6.4016386E-06  1.1034398E-07  1.2557851E-09  9.2048308E-07  2.3543589E-08  0.000E+00  0.0895  3.981153  -10.229  4.333014  8.082494  0.0000000E+00  6.8078231E-01  2.8682737E-01  0.0000000E+00  1.9892519E-06  3.2378580E-02  2.5441461E-11  2.2100442E-06  9.2372559E-07  5.7732627E-06  0.000E+00  0.000E+00  0.000E+00  1.000E+00  1.000E+00  2.31E+02  0.00E+00  0.00E+00  0.000000  0.001933  0.0000000E+00  0.0000000000E+00
242  1.113705729244444E+09    1.689792  2.094020  3.982530  7.2296520E-01  2.7677810E-01  6.8596799E-07  2.6177361E-08  1.0623824E-06  6.4016386E-06  1.1034398E-07  1.2557851E-09  9.2048308E-07  2.3543589E-08  0.000E+00  0.0895  3.982530  -10.227  4.327474  8.083606  0.0000000E+00  6.7097032E-01  2.9433978E-01  0.0000000E+00  1.8300450E-06  3.4678044E-02  2.4804237E-11  2.0861445E-06  9.2413860E-07  6.1748536E-06  0.000E+00  0.000E+00  0.000E+00  1.000E+00  1.000E+00  2.31E+02  0.00E+00  0.00E+00  0.000000  0.001946  0.0000000E+00  0.0000000000E+00
243  1.115237106862707E+09    1.689701  2.097266  3.983618  7.2296520E-01  2.7677810E-01  6.8596799E-07  2.6177361E-08  1.0623824E-06  6.4016386E-06  1.1034398E-07  1.2557851E-09  9.2048308E-07  2.3543589E-08  0.000E+00  0.0876  3.983618  -10.225  4.321117  8.084840  0.0000000E+00  6.6115833E-01  3.0155400E-01  0.0000000E+00  1.6862006E-06  3.7275732E-02  2.4865469E-11  1.9223852E-06  9.2465076E-07  6.6010144E-06  0.000E+00  0.000E+00  0.000E+00  1.000E+00  1.000E+00  2.31E+02  0.00E+00  0.00E+00  0.000000  0.001961  0.0000000E+00  0.0000000000E+00
244  1.115998969310602E+09    1.689655  2.099032  3.984023  7.2296520E-01  2.7677810E-01  6.8596799E-07  2.6177361E-08  1.0623824E-06  6.4016386E-06  1.1034398E-07  1.2557851E-09  9.2048308E-07  2.3543589E-08  0.000E+00  0.0893  3.984023  -10.223  4.318687  8.085656  0.0000000E+00  6.5134634E-01  3.0943296E-01  0.0000000E+00  1.5334717E-06  3.9208636E-02  2.2819272E-11  1.8661098E-06  9.2500151E-07  6.9097775E-06  0.000E+00  0.000E+00  0.000E+00  1.000E+00  1.000E+00  2.31E+02  0.00E+00  0.00E+00  0.000000  0.001969  0.0000000E+00  0.0000000000E+00
245  1.116780745668527E+09    1.689609  2.100716  3.984330  7.2296520E-01  2.7677810E-01  6.8596799E-07  2.6177361E-08  1.0623824E-06  6.4016386E-06  1.1034398E-07  1.2557851E-09  9.2048308E-07  2.3543589E-08  0.000E+00  0.0906  3.984330  -10.221  4.316599  8.086500  0.0000000E+00  6.4153435E-01  3.1724844E-01  0.0000000E+00  1.3885798E-06  4.1205017E-02  2.0912917E-11  1.7990237E-06  9.2537698E-07  7.2194367E-06  0.000E+00  0.000E+00  0.000E+00  1.000E+00  1.000E+00  2.31E+02  0.00E+00  0.00E+00  0.000000  0.001977  0.0000000E+00  0.0000000000E+00
246  1.117560033115348E+09    1.689561  2.102399  3.984558  7.2296520E-01  2.7677810E-01  6.8596799E-07  2.6177361E-08  1.0623824E-06  6.4016386E-06  1.1034398E-07  1.2557851E-09  9.2048308E-07  2.3543589E-08  0.000E+00  0.0921  3.984558  -10.219  4.314595  8.087350  0.0000000E+00  6.3172236E-01  3.2500094E-01  0.0000000E+00  1.2515769E-06  4.3264409E-02  1.9137340E-11  1.7227107E-06  9.2577832E-07  7.5279747E-06  0.000E+00  0.000E+00  0.000E+00  1.000E+00  1.000E+00  2.31E+02  0.00E+00  0.00E+00  0.000000  0.001984  0.0000000E+00  0.0000000000E+00
247  1.118387439274285E+09    1.689512  2.104185  3.984733  7.2296520E-01  2.7677810E-01  6.8596799E-07  2.6177361E-08  1.0623824E-06  6.4016386E-06  1.1034398E-07  1.2557851E-09  9.2048308E-07  2.3543589E-08  0.000E+00  0.0934  3.984733  -10.216  4.312411  8.088235  0.0000000E+00  6.2191037E-01  3.3264179E-01  0.0000000E+00  1.1244688E-06  4.5435512E-02  1.7604896E-11  1.6325499E-06  9.2622223E-07  7.8378862E-06  0.000E+00  0.000E+00  0.000E+00  1.000E+00  1.000E+00  2.31E+02  0.00E+00  0.00E+00  0.000000  0.001993  0.0000000E+00  0.0000000000E+00
248  1.120398358201189E+09    1.689388  2.108462  3.985042  7.2296520E-01  2.7677810E-01  6.8596799E-07  2.6177361E-08  1.0623824E-06  6.4016386E-06  1.1034398E-07  1.2557851E-09  9.2048308E-07  2.3543589E-08  0.000E+00  0.0897  3.985042  -10.211  4.304061  8.089730  0.0000000E+00  6.1209838E-01  3.3872306E-01  0.0000000E+00  1.0694815E-06  4.9166148E-02  1.9705500E-11  1.3668738E-06  9.2719580E-07  8.2489504E-06  0.000E+00  0.000E+00  0.000E+00  1.000E+00  1.000E+00  2.30E+02  0.00E+00  0.00E+00  0.000000  0.002012  0.0000000E+00  0.0000000000E+00
249  1.121110177448866E+09    1.689344  2.110159  3.985257  7.2296520E-01  2.7677810E-01  6.8596799E-07  2.6177361E-08  1.0623824E-06  6.4016386E-06  1.1034398E-07  1.2557851E-09  9.2048308E-07  2.3543589E-08  0.000E+00  0.0916  3.985257  -10.208  4.302206  8.090564  0.0000000E+00  6.0228639E-01  3.4630320E-01  0.0000000E+00  9.4578812E-07  5.1397897E-02  1.7928940E-11  1.3074528E-06  9.2770196E-07  8.5159216E-06  0.000E+00  0.000E+00  0.000E+00  1.000E+00  1.000E+00  2.30E+02  0.00E+00  0.00E+00  0.000000  0.002020  0.0000000E+00  0.0000000000E+00
250  1.121844591487980E+09    1.689299  2.111738  3.985516  7.2296520E-01  2.7677810E-01  6.8596799E-07  2.6177361E-08  1.0623824E-06  6.4016386E-06  1.1034398E-07  1.2557851E-09  9.2048308E-07  2.3543589E-08  0.000E+00  0.0928  3.985516  -10.207  4.300478  8.091440  0.0000000E+00  5.9247440E-01  3.5381323E-01  0.0000000E+00  8.3174238E-07  5.3699731E-02  1.6286243E-11  1.2382632E-06  9.2824217E-07  8.7796698E-06  0.000E+00  0.000E+00  0.000E+00  1.000E+00  1.000E+00  2.30E+02  0.00E+00  0.00E+00  0.000000  0.002028  0.0000000E+00  0.0000000000E+00
251  1.122558693976856E+09    1.689254  2.113280  3.985809  7.2296520E-01  2.7677810E-01  6.8596799E-07  2.6177361E-08  1.0623824E-06  6.4016386E-06  1.1034398E-07  1.2557851E-09  9.2048308E-07  2.3543589E-08  0.000E+00  0.0940  3.985809  -10.205  4.298858  8.092321  0.0000000E+00  5.8266241E-01  3.6125620E-01  0.0000000E+00  7.2669022E-07  5.6068677E-02  1.4763032E-11  1.1619176E-06  9.2881683E-07  9.0380293E-06  0.000E+00  0.000E+00  0.000E+00  1.000E+00  1.000E+00  2.30E+02  0.00E+00  0.00E+00  0.000000  0.002035  0.0000000E+00  0.0000000000E+00
252  1.123298686159135E+09    1.689208  2.114873  3.986158  7.2296520E-01  2.7677810E-01  6.8596799E-07  2.6177361E-08  1.0623824E-06  6.4016386E-06  1.1034398E-07  1.2557851E-09  9.2048308E-07  2.3543589E-08  0.000E+00  0.0955  3.986158  -10.203  4.297086  8.093225  0.0000000E+00  5.7285042E-01  3.6862477E-01  0.0000000E+00  6.3127703E-07  5.8512003E-02  1.3363810E-11  1.0797293E-06  9.2943203E-07  9.2883808E-06  0.000E+00  0.000E+00  0.000E+00  1.000E+00  1.000E+00  2.30E+02  0.00E+00  0.00E+00  0.000000  0.002043  0.0000000E+00  0.0000000000E+00
253  1.124051802207812E+09    1.689160  2.116488  3.986528  7.2296520E-01  2.7677810E-01  6.8596799E-07  2.6177361E-08  1.0623824E-06  6.4016386E-06  1.1034398E-07  1.2557851E-09  9.2048308E-07  2.3543589E-08  0.000E+00  0.0971  3.986528  -10.201  4.295305  8.094151  0.0000000E+00  5.6303843E-01  3.7591847E-01  0.0000000E+00  5.4501338E-07  6.1030282E-02  1.2079074E-11  9.9394903E-07  9.3008940E-07  9.5287425E-06  0.000E+00  0.000E+00  0.000E+00  1.000E+00  1.000E+00  2.30E+02  0.00E+00  0.00E+00  0.000000  0.002051  0.0000000E+00  0.0000000000E+00
254  1.124765069008907E+09    1.689116  2.118050  3.986916  7.2296520E-01  2.7677810E-01  6.8596799E-07  2.6177361E-08  1.0623824E-06  6.4016386E-06  1.1034398E-07  1.2557851E-09  9.2048308E-07  2.3543589E-08  0.000E+00  0.0949  3.986916  -10.200  4.293634  8.095071  0.0000000E+00  5.5322644E-01  3.8314729E-01  0.0000000E+00  4.6626098E-07  6.3613383E-02  1.0883963E-11  9.0700943E-07  9.3078508E-07  9.7587156E-06  0.000E+00  0.000E+00  0.000E+00  1.000E+00  1.000E+00  2.30E+02  0.00E+00  0.00E+00  0.000000  0.002058  0.0000000E+00  0.0000000000E+00
255  1.125449425599371E+09    1.689073  2.119489  3.987292  7.2296520E-01  2.7677810E-01  6.8596799E-07  2.6177361E-08  1.0623824E-06  6.4016386E-06  1.1034398E-07  1.2557851E-09  9.2048308E-07  2.3543589E-08  0.000E+00  0.0955  3.987292  -10.198  4.292325  8.095982  0.0000000E+00  5.4341445E-01  3.9030586E-01  0.0000000E+00  3.9532537E-07  6.6266749E-02  9.7795985E-12  8.1990530E-07  9.3152336E-07  9.9766042E-06  0.000E+00  0.000E+00  0.000E+00  1.000E+00  1.000E+00  2.30E+02  0.00E+00  0.00E+00  0.000000  0.002065  0.0000000E+00  0.0000000000E+00
256  1.128832159345968E+09    1.688857  2.126880  3.988997  7.2296520E-01  2.7677810E-01  6.8596799E-07  2.6177361E-08  1.0623824E-06  6.4016386E-06  1.1034398E-07  1.2557851E-09  9.2048308E-07  2.3543589E-08  0.000E+00  0.0911  3.988997  -10.191  4.276085  8.098417  0.0000000E+00  5.3360246E-01  3.9226911E-01  0.0000000E+00  6.7389112E-07  7.4115574E-02  1.7715627E-11  4.7031111E-07  9.3471541E-07  9.9659639E-06  0.000E+00  0.000E+00  0.000E+00  1.000E+00  1.000E+00  2.30E+02  0.00E+00  0.00E+00  0.000000  0.002101  0.0000000E+00  0.0000000000E+00
257  1.129439154472430E+09    1.688818  2.128083  3.989521  7.2296520E-01  2.7677810E-01  6.8596799E-07  2.6177361E-08  1.0623824E-06  6.4016386E-06  1.1034398E-07  1.2557851E-09  9.2048308E-07  2.3543589E-08  0.000E+00  0.0914  3.989521  -10.190  4.274951  8.099271  0.0000000E+00  5.2379047E-01  3.9932948E-01  0.0000000E+00  5.5538490E-07  7.6867127E-02  1.5819594E-11  5.0720242E-07  9.3562395E-07  1.0107051E-05  0.000E+00  0.000E+00  0.000E+00  1.000E+00  1.000E+00  2.30E+02  0.00E+00  0.00E+00  0.000000  0.002106  0.0000000E+00  0.0000000000E+00
258  1.130037956218155E+09    1.688779  2.129366  3.989897  7.2296520E-01  2.7677810E-01  6.8596799E-07  2.6177361E-08  1.0623824E-06  6.4016386E-06  1.1034398E-07  1.2557851E-09  9.2048308E-07  2.3543589E-08  0.000E+00  0.0919  3.989897  -10.189  4.274023  8.100183  0.0000000E+00  5.1397848E-01  4.0631047E-01  0.0000000E+00  4.5317156E-07  7.9698082E-02  1.4089814E-11  5.1340746E-07  9.3658756E-07  1.0260039E-05  0.000E+00  0.000E+00  0.000E+00  1.000E+00  1.000E+00  2.30E+02  0.00E+00  0.00E+00  0.000000  0.002112  0.0000000E+00  0.0000000000E+00
259  1.130630035889559E+09    1.688740  2.130608  3.990244  7.2296520E-01  2.7677810E-01  6.8596799E-07  2.6177361E-08  1.0623824E-06  6.4016386E-06  1.1034398E-07  1.2557851E-09  9.2048308E-07  2.3543589E-08  0.000E+00  0.0923  3.990244  -10.188  4.273207  8.101109  0.0000000E+00  5.0416649E-01  4.1321052E-01  0.0000000E+00  3.6583160E-07  8.2609965E-02  1.2514927E-11  4.9680791E-07  9.3761058E-07  1.0417524E-05  0.000E+00  0.000E+00  0.000E+00  1.000E+00  1.000E+00  2.30E+02  0.00E+00  0.00E+00  0.000000  0.002119  0.0000000E+00  0.0000000000E+00
260  1.132732316721346E+09    1.688603  2.135019  3.991462  7.2296520E-01  2.7677810E-01  6.8596799E-07  2.6177361E-08  1.0623824E-06  6.4016386E-06  1.1034398E-07  1.2557851E-09  9.2048308E-07  2.3543589E-08  0.000E+00  0.0913  3.991462  -10.183  4.263692  8.102881  0.0000000E+00  4.9435450E-01  4.1760447E-01  0.0000000E+00  4.2153277E-07  8.8028004E-02  1.4117456E-11  3.9477028E-07  9.4014367E-07  1.0454585E-05  0.000E+00  0.000E+00  0.000E+00  1.000E+00  1.000E+00  2.30E+02  0.00E+00  0.00E+00  0.000000  0.002140  0.0000000E+00  0.0000000000E+00
261  1.134798174209315E+09    1.688467  2.139390  3.992683  7.2296520E-01  2.7677810E-01  6.8596799E-07  2.6177361E-08  1.0623824E-06  6.4016386E-06  1.1034398E-07  1.2557851E-09  9.2048308E-07  2.3543589E-08  0.000E+00  0.0903  3.992683  -10.179  4.254643  8.104564  0.0000000E+00  4.8454251E-01  4.2154681E-01  0.0000000E+00  4.5295674E-07  9.3897594E-02  1.5490812E-11  3.5491111E-07  9.4315674E-07  1.0453782E-05  0.000E+00  0.000E+00  0.000E+00  1.000E+00  1.000E+00  2.30E+02  0.00E+00  0.00E+00  0.000000  0.002162  0.0000000E+00  0.0000000000E+00
262  1.135406996612966E+09    1.688426  2.140736  3.992959  7.2296520E-01  2.7677810E-01  6.8596799E-07  2.6177361E-08  1.0623824E-06  6.4016386E-06  1.1034398E-07  1.2557851E-09  9.2048308E-07  2.3543589E-08  0.000E+00  0.0942  3.992959  -10.178  4.253626  8.105636  0.0000000E+00  4.7473052E-01  4.2813335E-01  0.0000000E+00  3.5192070E-07  9.7122996E-02  1.3723240E-11  3.7635150E-07  9.4455355E-07  1.0586284E-05  0.000E+00  0.000E+00  0.000E+00  1.000E+00  1.000E+00  2.30E+02  0.00E+00  0.00E+00  0.000000  0.002169  0.0000000E+00  0.0000000000E+00
263  1.138504027305446E+09    1.688219  2.147299  3.994455  7.2296520E-01  2.7677810E-01  6.8596799E-07  2.6177361E-08  1.0623824E-06  6.4016386E-06  1.1034398E-07  1.2557851E-09  9.2048308E-07  2.3543589E-08  0.000E+00  0.0906  3.994455  -10.171  4.239217  8.107859  0.0000000E+00  4.6491853E-01  4.2964602E-01  0.0000000E+00  4.3702537E-07  1.0542240E-01  1.6404866E-11  3.5380143E-07  9.4976148E-07  1.0479892E-05  0.000E+00  0.000E+00  0.000E+00  1.000E+00  1.000E+00  2.30E+02  0.00E+00  0.00E+00  0.000000  0.002202  0.0000000E+00  0.0000000000E+00
264  1.139041595826114E+09    1.688183  2.148410  3.994810  7.2296520E-01  2.7677810E-01  6.8596799E-07  2.6177361E-08  1.0623824E-06  6.4016386E-06  1.1034398E-07  1.2557851E-09  9.2048308E-07  2.3543589E-08  0.000E+00  0.0933  3.994810  -10.170  4.238456  8.108835  0.0000000E+00  4.5510654E-01  4.3621512E-01  0.0000000E+00  3.2040083E-07  1.0866523E-01  1.4302232E-11  3.7497750E-07  9.5133632E-07  1.0637210E-05  0.000E+00  0.000E+00  0.000E+00  1.000E+00  1.000E+00  2.30E+02  0.00E+00  0.00E+00  0.000000  0.002208  0.0000000E+00  0.0000000000E+00
265  1.139581083009410E+09    1.688147  2.149525  3.995162  7.2296520E-01  2.7677810E-01  6.8596799E-07  2.6177361E-08  1.0623824E-06  6.4016386E-06  1.1034398E-07  1.2557851E-09  9.2048308E-07  2.3543589E-08  0.000E+00  0.0963  3.995162  -10.169  4.237514  8.109832  0.0000000E+00  4.4529455E-01  4.4268866E-01  0.0000000E+00  2.3100011E-07  1.1200362E-01  1.2424196E-11  3.5623715E-07  9.5300425E-07  1.0800531E-05  0.000E+00  0.000E+00  0.000E+00  1.000E+00  1.000E+00  2.30E+02  0.00E+00  0.00E+00  0.000000  0.002214  0.0000000E+00  0.0000000000E+00
266  1.140171774747750E+09    1.688106  2.150688  3.995565  7.2296520E-01  2.7677810E-01  6.8596799E-07  2.6177361E-08  1.0623824E-06  6.4016386E-06  1.1034398E-07  1.2557851E-09  9.2048308E-07  2.3543589E-08  0.000E+00  0.0996  3.995565  -10.168  4.236429  8.110852  0.0000000E+00  4.3548256E-01  4.4905071E-01  0.0000000E+00  1.6612667E-07  1.1545353E-01  1.0776391E-11  3.1247200E-07  9.5478487E-07  1.0955891E-05  0.000E+00  0.000E+00  0.000E+00  1.000E+00  1.000E+00  2.30E+02  0.00E+00  0.00E+00  0.000000  0.002220  0.0000000E+00  0.0000000000E+00
267  1.142846563558446E+09    1.687923  2.156178  3.996956  7.2296520E-01  2.7677810E-01  6.8596799E-07  2.6177361E-08  1.0623824E-06  6.4016386E-06  1.1034398E-07  1.2557851E-09  9.2048308E-07  2.3543589E-08  0.000E+00  0.0937  3.996956  -10.162  4.223626  8.112995  0.0000000E+00  4.2567057E-01  4.5128240E-01  0.0000000E+00  2.9282385E-07  1.2303383E-01  1.2709930E-11  2.3258899E-07  9.6034878E-07  1.0854214E-05  0.000E+00  0.000E+00  0.000E+00  1.000E+00  1.000E+00  2.30E+02  0.00E+00  0.00E+00  0.000000  0.002248  0.0000000E+00  0.0000000000E+00
268  1.143343205002487E+09    1.687890  2.157263  3.997206  7.2296520E-01  2.7677810E-01  6.8596799E-07  2.6177361E-08  1.0623824E-06  6.4016386E-06  1.1034398E-07  1.2557851E-09  9.2048308E-07  2.3543589E-08  0.000E+00  0.0966  3.997206  -10.161  4.223290  8.114001  0.0000000E+00  4.1585858E-01  4.5750007E-01  0.0000000E+00  1.9362315E-07  1.2662815E-01  1.0876364E-11  2.5230137E-07  9.6242269E-07  1.0985925E-05  0.000E+00  0.000E+00  0.000E+00  1.000E+00  1.000E+00  2.30E+02  0.00E+00  0.00E+00  0.000000  0.002254  0.0000000E+00  0.0000000000E+00
269  1.143887458772129E+09    1.687852  2.158392  3.997491  7.2296520E-01  2.7677810E-01  6.8596799E-07  2.6177361E-08  1.0623824E-06  6.4016386E-06  1.1034398E-07  1.2557851E-09  9.2048308E-07  2.3543589E-08  0.000E+00  0.0999  3.997491  -10.160  4.222682  8.115058  0.0000000E+00  4.0604659E-01  4.6360274E-01  0.0000000E+00  1.2695994E-07  1.3033740E-01  9.2812960E-12  2.2747907E-07  9.6463098E-07  1.1120934E-05  0.000E+00  0.000E+00  0.000E+00  1.000E+00  1.000E+00  2.30E+02  0.00E+00  0.00E+00  0.000000  0.002260  0.0000000E+00  0.0000000000E+00
270  1.148332622638478E+09    1.687541  2.168436  3.998861  7.2296520E-01  2.7677810E-01  6.8596799E-07  2.6177361E-08  1.0623824E-06  6.4016386E-06  1.1034398E-07  1.2557851E-09  9.2048308E-07  2.3543589E-08  0.000E+00  0.0931  3.998861  -10.148  4.201957  8.118168  0.0000000E+00  3.9623460E-01  4.6007716E-01  0.0000000E+00  3.2802746E-07  1.4367504E-01  1.4201104E-11  2.7544998E-07  9.7747037E-07  1.0745892E-05  0.000E+00  0.000E+00  0.000E+00  1.000E+00  1.000E+00  2.30E+02  0.00E+00  0.00E+00  0.000000  0.002313  0.0000000E+00  0.0000000000E+00
271  1.148771245826365E+09    1.687510  2.168523  3.999290  7.2296520E-01  2.7677810E-01  6.8596799E-07  2.6177361E-08  1.0623824E-06  6.4016386E-06  1.1034398E-07  1.2557851E-09  9.2048308E-07  2.3543589E-08  0.000E+00  0.0952  3.999290  -10.148  4.202418  8.119187  0.0000000E+00  3.8642261E-01  4.6607247E-01  0.0000000E+00  1.9120867E-07  1.4749170E-01  1.1931920E-11  2.9418412E-07  9.8016680E-07  1.0937900E-05  0.000E+00  0.000E+00  0.000E+00  1.000E+00  1.000E+00  2.30E+02  0.00E+00  0.00E+00  0.000000  0.002313  0.0000000E+00  0.0000000000E+00
272  1.149252040132087E+09    1.687476  2.169540  3.999471  7.2296520E-01  2.7677810E-01  6.8596799E-07  2.6177361E-08  1.0623824E-06  6.4016386E-06  1.1034398E-07  1.2557851E-09  9.2048308E-07  2.3543589E-08  0.000E+00  0.0976  3.999471  -10.147  4.202310  8.120282  0.0000000E+00  3.7661062E-01  4.7193597E-01  0.0000000E+00  1.1245570E-07  1.5144008E-01  9.9974131E-12  2.4278898E-07  9.8304104E-07  1.1124369E-05  0.000E+00  0.000E+00  0.000E+00  1.000E+00  1.000E+00  2.30E+02  0.00E+00  0.00E+00  0.000000  0.002319  0.0000000E+00  0.0000000000E+00
273  1.149723847680175E+09    1.687442  2.170427  3.999569  7.2296520E-01  2.7677810E-01  6.8596799E-07  2.6177361E-08  1.0623824E-06  6.4016386E-06  1.1034398E-07  1.2557851E-09  9.2048308E-07  2.3543589E-08  0.000E+00  0.0999  3.999569  -10.146  4.202499  8.121710  0.0000000E+00  3.6679863E-01  4.7768345E-01  0.0000000E+00  6.3690086E-08  1.5550456E-01  8.3229449E-12  1.8130120E-07  9.8608644E-07  1.1276044E-05  0.000E+00  0.000E+00  0.000E+00  1.000E+00  1.000E+00  2.30E+02  0.00E+00  0.00E+00  0.000000  0.002324  0.0000000E+00  0.0000000000E+00
274  1.150234536327442E+09    1.687406  2.171290  3.999478  7.2296520E-01  2.7677810E-01  6.8596799E-07  2.6177361E-08  1.0623824E-06  6.4016386E-06  1.1034398E-07  1.2557851E-09  9.2048308E-07  2.3543589E-08  0.000E+00  0.1017  3.999478  -10.145  4.202780  8.123830  0.0000000E+00  3.5698664E-01  4.8331678E-01  0.0000000E+00  3.8826315E-08  1.5968320E-01  6.9338857E-12  1.2469176E-07  9.8933946E-07  1.1384189E-05  0.000E+00  0.000E+00  0.000E+00  1.000E+00  1.000E+00  2.29E+02  0.00E+00  0.00E+00  0.000000  0.002329  0.0000000E+00  0.0000000000E+00
275  1.153828818598575E+09    1.687145  2.179061  4.001038  7.2296520E-01  2.7677810E-01  6.8596799E-07  2.6177361E-08  1.0623824E-06  6.4016386E-06  1.1034398E-07  1.2557851E-09  9.2048308E-07  2.3543589E-08  0.000E+00  0.0943  4.001038  -10.136  4.185056  8.125384  0.0000000E+00  3.4717465E-01  4.8076267E-01  0.0000000E+00  3.0473082E-07  1.7204942E-01  1.1451291E-11  1.6022078E-07  1.0042329E-06  1.0922444E-05  0.000E+00  0.000E+00  0.000E+00  1.000E+00  1.000E+00  2.29E+02  0.00E+00  0.00E+00  0.000000  0.002371  0.0000000E+00  0.0000000000E+00
276  1.154235186738593E+09    1.687115  2.179660  4.001088  7.2296520E-01  2.7677810E-01  6.8596799E-07  2.6177361E-08  1.0623824E-06  6.4016386E-06  1.1034398E-07  1.2557851E-09  9.2048308E-07  2.3543589E-08  0.000E+00  0.0961  4.001088  -10.135  4.185919  8.126545  0.0000000E+00  3.3736266E-01  4.8619080E-01  0.0000000E+00  1.3771384E-07  1.7643319E-01  9.2768873E-12  2.2023650E-07  1.0081395E-06  1.1111421E-05  0.000E+00  0.000E+00  0.000E+00  1.000E+00  1.000E+00  2.29E+02  0.00E+00  0.00E+00  0.000000  0.002374  0.0000000E+00  0.0000000000E+00
277  1.154664436531973E+09    1.687084  2.180564  4.001061  7.2296520E-01  2.7677810E-01  6.8596799E-07  2.6177361E-08  1.0623824E-06  6.4016386E-06  1.1034398E-07  1.2557851E-09  9.2048308E-07  2.3543589E-08  0.000E+00  0.0986  4.001061  -10.134  4.186627  8.127744  0.0000000E+00  3.2755067E-01  4.9146708E-01  0.0000000E+00  6.1012548E-08  1.8096886E-01  7.4664887E-12  1.6651848E-07  1.0123068E-06  1.1297472E-05  0.000E+00  0.000E+00  0.000E+00  1.000E+00  1.000E+00  2.29E+02  0.00E+00  0.00E+00  0.000000  0.002379  0.0000000E+00  0.0000000000E+00
278  1.155132260213024E+09    1.687049  2.181574  4.000975  7.2296520E-01  2.7677810E-01  6.8596799E-07  2.6177361E-08  1.0623824E-06  6.4016386E-06  1.1034398E-07  1.2557851E-09  9.2048308E-07  2.3543589E-08  0.000E+00  0.1014  4.000975  -10.132  4.187325  8.129149  0.0000000E+00  3.1773868E-01  4.9656990E-01  0.0000000E+00  3.2807527E-08  1.8567804E-01  6.0028098E-12  9.8900534E-08  1.0167871E-06  1.1424295E-05  0.000E+00  0.000E+00  0.000E+00  1.000E+00  1.000E+00  2.29E+02  0.00E+00  0.00E+00  0.000000  0.002385  0.0000000E+00  0.0000000000E+00
279  1.155582128003353E+09    1.687016  2.182459  4.000825  7.2296520E-01  2.7677810E-01  6.8596799E-07  2.6177361E-08  1.0623824E-06  6.4016386E-06  1.1034398E-07  1.2557851E-09  9.2048308E-07  2.3543589E-08  0.000E+00  0.1046  4.000825  -10.130  4.188130  8.130498  0.0000000E+00  3.0792669E-01  5.0153039E-01  0.0000000E+00  1.5405184E-08  1.9052945E-01  4.7677209E-12  5.7568636E-08  1.0215476E-06  1.1502006E-05  0.000E+00  0.000E+00  0.000E+00  1.000E+00  1.000E+00  2.29E+02  0.00E+00  0.00E+00  0.000000  0.002390  0.0000000E+00  0.0000000000E+00
280  1.158766599043630E+09    1.686777  2.189147  4.001729  7.2296520E-01  2.7677810E-01  6.8596799E-07  2.6177361E-08  1.0623824E-06  6.4016386E-06  1.1034398E-07  1.2557851E-09  9.2048308E-07  2.3543589E-08  0.000E+00  0.0956  4.001729  -10.122  4.173973  8.133061  0.0000000E+00  2.9811470E-01  4.9745958E-01  0.0000000E+00  1.2602424E-07  2.0441232E-01  8.4779649E-12  2.0474249E-07  1.0429637E-06  1.1147687E-05  0.000E+00  0.000E+00  0.000E+00  1.000E+00  1.000E+00  2.28E+02  0.00E+00  0.00E+00  0.000000  0.002427  0.0000000E+00  0.0000000000E+00
281  1.158930923873266E+09    1.686764  2.189309  4.001603  7.2296520E-01  2.7677810E-01  6.8596799E-07  2.6177361E-08  1.0623824E-06  6.4016386E-06  1.1034398E-07  1.2557851E-09  9.2048308E-07  2.3543589E-08  0.000E+00  0.0969  4.001603  -10.122  4.174753  8.133631  0.0000000E+00  2.9385592E-01  4.9952764E-01  0.0000000E+00  7.5452034E-08  2.0660301E-01  7.5764283E-12  1.8327043E-07  1.0454199E-06  1.1253329E-05  0.000E+00  0.000E+00  0.000E+00  1.000E+00  1.000E+00  2.28E+02  0.00E+00  0.00E+00  0.000000  0.002428  0.0000000E+00  0.0000000000E+00
282  1.159099594070323E+09    1.686751  2.189729  4.001472  7.2296520E-01  2.7677810E-01  6.8596799E-07  2.6177361E-08  1.0623824E-06  6.4016386E-06  1.1034398E-07  1.2557851E-09  9.2048308E-07  2.3543589E-08  0.000E+00  0.0979  4.001472  -10.121  4.175412  8.134204  0.0000000E+00  2.8959714E-01  5.0156117E-01  0.0000000E+00  4.4956481E-08  2.0882829E-01  6.7587369E-12  1.4784253E-07  1.0479508E-06  1.1344477E-05  0.000E+00  0.000E+00  0.000E+00  1.000E+00  1.000E+00  2.28E+02  0.00E+00  0.00E+00  0.000000  0.002430  0.0000000E+00  0.0000000000E+00
283  1.159272733557742E+09    1.686739  2.190136  4.001357  7.2296520E-01  2.7677810E-01  6.8596799E-07  2.6177361E-08  1.0623824E-06  6.4016386E-06  1.1034398E-07  1.2557851E-09  9.2048308E-07  2.3543589E-08  0.000E+00  0.0989  4.001357  -10.120  4.176027  8.134781  0.0000000E+00  2.8533836E-01  5.0355822E-01  0.0000000E+00  2.7088429E-08  2.1108997E-01  6.0196835E-12  1.1175028E-07  1.0505616E-06  1.1416591E-05  0.000E+00  0.000E+00  0.000E+00  1.000E+00  1.000E+00  2.28E+02  0.00E+00  0.00E+00  0.000000  0.002433  0.0000000E+00  0.0000000000E+00
284  1.159454050742922E+09    1.686724  2.190555  4.001239  7.2296520E-01  2.7677810E-01  6.8596799E-07  2.6177361E-08  1.0623824E-06  6.4016386E-06  1.1034398E-07  1.2557851E-09  9.2048308E-07  2.3543589E-08  0.000E+00  0.0999  4.001239  -10.119  4.176597  8.135376  0.0000000E+00  2.8107958E-01  5.0551425E-01  0.0000000E+00  1.7962750E-08  2.1339273E-01  5.3596431E-12  8.0473980E-08  1.0532629E-06  1.1469078E-05  0.000E+00  0.000E+00  0.000E+00  1.000E+00  1.000E+00  2.28E+02  0.00E+00  0.00E+00  0.000000  0.002435  0.0000000E+00  0.0000000000E+00
285  1.159632054894568E+09    1.686711  2.190950  4.001124  7.2296520E-01  2.7677810E-01  6.8596799E-07  2.6177361E-08  1.0623824E-06  6.4016386E-06  1.1034398E-07  1.2557851E-09  9.2048308E-07  2.3543589E-08  0.000E+00  0.1011  4.001124  -10.118  4.177226  8.135967  0.0000000E+00  2.7682079E-01  5.0743593E-01  0.0000000E+00  1.1562759E-08  2.1572981E-01  4.7582443E-12  5.7100021E-08  1.0560436E-06  1.1507622E-05  0.000E+00  0.000E+00  0.000E+00  1.000E+00  1.000E+00  2.28E+02  0.00E+00  0.00E+00  0.000000  0.002437  0.0000000E+00  0.0000000000E+00
286  1.159834489122007E+09    1.686695  2.191438  4.001006  7.2296520E-01  2.7677810E-01  6.8596799E-07  2.6177361E-08  1.0623824E-06  6.4016386E-06  1.1034398E-07  1.2557851E-09  9.2048308E-07  2.3543589E-08  0.000E+00  0.1021  4.001006  -10.117  4.177645  8.136587  0.0000000E+00  2.7256201E-01  5.0930196E-01  0.0000000E+00  1.0896082E-08  2.1812257E-01  4.2461176E-12  4.0595311E-08  1.0589517E-06  1.1528757E-05  0.000E+00  0.000E+00  0.000E+00  1.000E+00  1.000E+00  2.28E+02  0.00E+00  0.00E+00  0.000000  0.002440  0.0000000E+00  0.0000000000E+00
287  1.160014058070674E+09    1.686682  2.191803  4.000890  7.2296520E-01  2.7677810E-01  6.8596799E-07  2.6177361E-08  1.0623824E-06  6.4016386E-06  1.1034398E-07  1.2557851E-09  9.2048308E-07  2.3543589E-08  0.000E+00  0.1032  4.000890  -10.116  4.178343  8.137191  0.0000000E+00  2.6830323E-01  5.1114825E-01  0.0000000E+00  6.6826497E-09  2.2053504E-01  3.7508720E-12  2.9269233E-08  1.0619101E-06  1.1549135E-05  0.000E+00  0.000E+00  0.000E+00  1.000E+00  1.000E+00  2.27E+02  0.00E+00  0.00E+00  0.000000  0.002442  0.0000000E+00  0.0000000000E+00
288  1.160209056448380E+09    1.686667  2.192244  4.000738  7.2296520E-01  2.7677810E-01  6.8596799E-07  2.6177361E-08  1.0623824E-06  6.4016386E-06  1.1034398E-07  1.2557851E-09  9.2048308E-07  2.3543589E-08  0.000E+00  0.1049  4.000738  -10.116  4.178958  8.137828  0.0000000E+00  2.6404445E-01  5.1294205E-01  0.0000000E+00  6.0060840E-09  2.2300000E-01  3.3258053E-12  2.0905977E-08  1.0649936E-06  1.1560330E-05  0.000E+00  0.000E+00  0.000E+00  1.000E+00  1.000E+00  2.27E+02  0.00E+00  0.00E+00  0.000000  0.002445  0.0000000E+00  0.0000000000E+00
289  1.160417178893574E+09    1.686651  2.192716  4.000597  7.2296520E-01  2.7677810E-01  6.8596799E-07  2.6177361E-08  1.0623824E-06  6.4016386E-06  1.1034398E-07  1.2557851E-09  9.2048308E-07  2.3543589E-08  0.000E+00  0.1061  4.000597  -10.115  4.179650  8.138444  0.0000000E+00  2.5978567E-01  5.1467927E-01  0.0000000E+00  6.7469394E-09  2.2552153E-01  2.9641875E-12  1.6286036E-08  1.0682134E-06  1.1564720E-05  0.000E+00  0.000E+00  0.000E+00  1.000E+00  1.000E+00  2.27E+02  0.00E+00  0.00E+00  0.000000  0.002447  0.0000000E+00  0.0000000000E+00
290  1.160615740156956E+09    1.686636  2.193152  4.000420  7.2296520E-01  2.7677810E-01  6.8596799E-07  2.6177361E-08  1.0623824E-06  6.4016386E-06  1.1034398E-07  1.2557851E-09  9.2048308E-07  2.3543589E-08  0.000E+00  0.1073  4.000420  -10.113  4.180292  8.139313  0.0000000E+00  2.5552689E-01  5.1639003E-01  0.0000000E+00  5.3003894E-09  2.2806961E-01  2.6213506E-12  1.3350949E-08  1.0715094E-06  1.1570487E-05  0.000E+00  0.000E+00  0.000E+00  1.000E+00  1.000E+00  2.27E+02  0.00E+00  0.00E+00  0.000000  0.002450  0.0000000E+00  0.0000000000E+00
291  1.160842772150380E+09    1.686618  2.193754  4.000133  7.2296520E-01  2.7677810E-01  6.8596799E-07  2.6177361E-08  1.0623824E-06  6.4016386E-06  1.1034398E-07  1.2557851E-09  9.2048308E-07  2.3543589E-08  0.000E+00  0.1081  4.000133  -10.112  4.180790  8.140276  0.0000000E+00  2.5126811E-01  5.1803789E-01  0.0000000E+00  5.8154471E-09  2.3068052E-01  2.3558645E-12  1.3077488E-08  1.0749924E-06  1.1569913E-05  0.000E+00  0.000E+00  0.000E+00  1.000E+00  1.000E+00  2.27E+02  0.00E+00  0.00E+00  0.000000  0.002453  0.0000000E+00  0.0000000000E+00
292  1.163291100874623E+09    1.686427  2.198875  3.998958  7.2296520E-01  2.7677810E-01  6.8596799E-07  2.6177361E-08  1.0623824E-06  6.4016386E-06  1.1034398E-07  1.2557851E-09  9.2048308E-07  2.3543589E-08  0.000E+00  0.1492  3.998958  -10.102  4.178352  8.145924  0.0000000E+00  2.4700933E-01  5.1094652E-01  0.0000000E+00  1.9532592E-07  2.4203078E-01  6.4689311E-12  5.3133332E-08  1.0984041E-06  1.1222562E-05  0.000E+00  0.000E+00  0.000E+00  1.000E+00  1.000E+00  2.25E+02  0.00E+00  0.00E+00  0.000000  0.002482  0.0000000E+00  0.0000000000E+00
293  1.163954086708471E+09    1.686375  2.201767  3.999373  7.2296520E-01  2.7677810E-01  6.8596799E-07  2.6177361E-08  1.0623824E-06  6.4016386E-06  1.1034398E-07  1.2557851E-09  9.2048308E-07  2.3543589E-08  0.000E+00  0.0988  3.999373  -10.098  4.167906  8.144410  0.0000000E+00  2.4275055E-01  5.1050336E-01  0.0000000E+00  1.0454849E-07  2.4673261E-01  6.5211885E-12  1.4982072E-07  1.1071735E-06  1.1246815E-05  0.000E+00  0.000E+00  0.000E+00  1.000E+00  1.000E+00  2.25E+02  0.00E+00  0.00E+00  0.000000  0.002499  0.0000000E+00  0.0000000000E+00
294  1.164099799360039E+09    1.686363  2.200662  3.999702  7.2296520E-01  2.7677810E-01  6.8596799E-07  2.6177361E-08  1.0623824E-06  6.4016386E-06  1.1034398E-07  1.2557851E-09  9.2048308E-07  2.3543589E-08  0.000E+00  0.0991  3.999702  -10.101  4.169179  8.145022  0.0000000E+00  2.3849176E-01  5.1221061E-01  0.0000000E+00  4.3854419E-08  2.4928414E-01  5.6284531E-12  1.2891063E-07  1.1110666E-06  1.1367644E-05  0.000E+00  0.000E+00  0.000E+00  1.000E+00  1.000E+00  2.26E+02  0.00E+00  0.00E+00  0.000000  0.002493  0.0000000E+00  0.0000000000E+00
295  1.164243823751046E+09    1.686351  2.200935  3.999421  7.2296520E-01  2.7677810E-01  6.8596799E-07  2.6177361E-08  1.0623824E-06  6.4016386E-06  1.1034398E-07  1.2557851E-09  9.2048308E-07  2.3543589E-08  0.000E+00  0.0992  3.999421  -10.100  4.170107  8.145684  0.0000000E+00  2.3423298E-01  5.1387312E-01  0.0000000E+00  1.7693265E-08  2.5188038E-01  4.8408016E-12  8.6908808E-08  1.1150903E-06  1.1459982E-05  0.000E+00  0.000E+00  0.000E+00  1.000E+00  1.000E+00  2.25E+02  0.00E+00  0.00E+00  0.000000  0.002495  0.0000000E+00  0.0000000000E+00
296  1.164389433945038E+09    1.686340  2.201331  3.999166  7.2296520E-01  2.7677810E-01  6.8596799E-07  2.6177361E-08  1.0623824E-06  6.4016386E-06  1.1034398E-07  1.2557851E-09  9.2048308E-07  2.3543589E-08  0.000E+00  0.1001  3.999166  -10.099  4.171217  8.146346  0.0000000E+00  2.2997420E-01  5.1548787E-01  0.0000000E+00  7.0116060E-09  2.5452439E-01  4.1493473E-12  5.1791184E-08  1.1192540E-06  1.1519578E-05  0.000E+00  0.000E+00  0.000E+00  1.000E+00  1.000E+00  2.25E+02  0.00E+00  0.00E+00  0.000000  0.002497  0.0000000E+00  0.0000000000E+00
297  1.164542857531052E+09    1.686327  2.201741  3.998885  7.2296520E-01  2.7677810E-01  6.8596799E-07  2.6177361E-08  1.0623824E-06  6.4016386E-06  1.1034398E-07  1.2557851E-09  9.2048308E-07  2.3543589E-08  0.000E+00  0.1016  3.998885  -10.097  4.172338  8.147029  0.0000000E+00  2.2571542E-01  5.1705102E-01  0.0000000E+00  3.3011184E-09  2.5722001E-01  3.5493120E-12  2.9091919E-08  1.1235730E-06  1.1553037E-05  0.000E+00  0.000E+00  0.000E+00  1.000E+00  1.000E+00  2.25E+02  0.00E+00  0.00E+00  0.000000  0.002499  0.0000000E+00  0.0000000000E+00
298  1.164708637213590E+09    1.686314  2.202210  3.998593  7.2296520E-01  2.7677810E-01  6.8596799E-07  2.6177361E-08  1.0623824E-06  6.4016386E-06  1.1034398E-07  1.2557851E-09  9.2048308E-07  2.3543589E-08  0.000E+00  0.1025  3.998593  -10.096  4.173316  8.147736  0.0000000E+00  2.2145664E-01  5.1855526E-01  0.0000000E+00  2.7991249E-09  2.5997452E-01  3.0404318E-12  1.7466371E-08  1.1280742E-06  1.1567915E-05  0.000E+00  0.000E+00  0.000E+00  1.000E+00  1.000E+00  2.25E+02  0.00E+00  0.00E+00  0.000000  0.002502  0.0000000E+00  0.0000000000E+00
299  1.164861800890446E+09    1.686302  2.202567  3.998316  7.2296520E-01  2.7677810E-01  6.8596799E-07  2.6177361E-08  1.0623824E-06  6.4016386E-06  1.1034398E-07  1.2557851E-09  9.2048308E-07  2.3543589E-08  0.000E+00  0.1036  3.998316  -10.095  4.174560  8.148433  0.0000000E+00  2.1719786E-01  5.2001836E-01  0.0000000E+00  1.3207633E-09  2.6277024E-01  2.5795355E-12  9.6440280E-09  1.1327053E-06  1.1579677E-05  0.000E+00  0.000E+00  0.000E+00  1.000E+00  1.000E+00  2.25E+02  0.00E+00  0.00E+00  0.000000  0.002504  0.0000000E+00  0.0000000000E+00
300  1.165219865443367E+09    1.686273  2.203528  3.997599  7.2296520E-01  2.7677810E-01  6.8596799E-07  2.6177361E-08  1.0623824E-06  6.4016386E-06  1.1034398E-07  1.2557851E-09  9.2048308E-07  2.3543589E-08  0.000E+00  0.1063  3.997599  -10.092  4.177093  8.149949  0.0000000E+00  2.0868030E-01  5.2272308E-01  0.0000000E+00  4.9174554E-09  2.6858305E-01  1.9134139E-12  6.2958139E-09  1.1426816E-06  1.1577855E-05  0.000E+00  0.000E+00  0.000E+00  1.000E+00  1.000E+00  2.24E+02  0.00E+00  0.00E+00  0.000000  0.002510  0.0000000E+00  0.0000000000E+00
301  1.165378442590805E+09    1.686260  2.203977  3.997327  7.2296520E-01  2.7677810E-01  6.8596799E-07  2.6177361E-08  1.0623824E-06  6.4016386E-06  1.1034398E-07  1.2557851E-09  9.2048308E-07  2.3543589E-08  0.000E+00  0.1076  3.997327  -10.091  4.178120  8.150623  0.0000000E+00  2.0442151E-01  5.2402289E-01  0.0000000E+00  1.7173984E-09  2.7154203E-01  1.6041377E-12  5.3538259E-09  1.1478554E-06  1.1583901E-05  0.000E+00  0.000E+00  0.000E+00  1.000E+00  1.000E+00  2.24E+02  0.00E+00  0.00E+00  0.000000  0.002512  0.0000000E+00  0.0000000000E+00
302  1.183592664929497E+09    1.684486  2.302758  3.924020  7.2296520E-01  2.7677810E-01  6.8596799E-07  2.6177361E-08  1.0623824E-06  6.4016386E-06  1.1034398E-07  1.2557851E-09  9.2048308E-07  2.3543589E-08  0.000E+00  0.1303  3.924020   -9.795  4.104208  8.167130  0.0000000E+00  2.0016273E-01  3.4312212E-01  3.3240757E-26  2.3957209E-07  4.5670044E-01  1.8777139E-11  4.8198080E-07  2.5135281E-06  1.0603156E-05  0.000E+00  0.000E+00  0.000E+00  1.000E+00  1.000E+00  1.79E+02  0.00E+00  0.00E+00  0.000000  0.003157  0.0000000E+00  0.0000000000E+00
303  1.183693259664537E+09    1.684472  2.293461  3.987732  7.2296520E-01  2.7677810E-01  6.8596799E-07  2.6177361E-08  1.0623824E-06  6.4016386E-06  1.1034398E-07  1.2557851E-09  9.2048308E-07  2.3543589E-08  0.000E+00  0.0875  3.987732   -9.938  4.105325  8.159971  0.0000000E+00  1.9590395E-01  3.4530019E-01  4.1752158E-64  3.3358403E-08  4.5878095E-01  1.5017968E-11  2.4907432E-07  2.5243692E-06  1.1211702E-05  0.000E+00  0.000E+00  0.000E+00  1.000E+00  1.000E+00  2.08E+02  0.00E+00  0.00E+00  0.000000  0.003091  0.0000000E+00  0.0000000000E+00
304  1.183796729499782E+09    1.684463  2.237172  3.997928  7.2296520E-01  2.7677810E-01  6.8596799E-07  2.6177361E-08  1.0623824E-06  6.4016386E-06  1.1034398E-07  1.2557851E-09  9.2048308E-07  2.3543589E-08  0.000E+00  0.0915  3.997928  -10.044  4.116285  8.161662  0.0000000E+00  1.9164517E-01  3.4740419E-01  1.2659713E-72  5.8453166E-09  4.6093569E-01  1.1993720E-11  8.9644770E-08  2.5354420E-06  1.1449619E-05  0.000E+00  0.000E+00  0.000E+00  1.000E+00  1.000E+00  2.20E+02  0.00E+00  0.00E+00  0.000000  0.002715  0.0000000E+00  0.0000000000E+00
305  1.183895199807385E+09    1.684453  2.240384  3.994533  7.2296520E-01  2.7677810E-01  6.8596799E-07  2.6177361E-08  1.0623824E-06  6.4016386E-06  1.1034398E-07  1.2557851E-09  9.2048308E-07  2.3543589E-08  0.000E+00  0.0929  3.994533  -10.030  4.117383  8.162705  0.0000000E+00  1.8738639E-01  3.4948944E-01  0.0000000E+00  9.0429764E-10  4.6310915E-01  9.5277195E-12  2.7850755E-08  2.5468109E-06  1.1532727E-05  0.000E+00  0.000E+00  0.000E+00  1.000E+00  1.000E+00  2.18E+02  0.00E+00  0.00E+00  0.000000  0.002735  0.0000000E+00  0.0000000000E+00
306  1.183993879807555E+09    1.684444  2.242674  3.993796  7.2296520E-01  2.7677810E-01  6.8596799E-07  2.6177361E-08  1.0623824E-06  6.4016386E-06  1.1034398E-07  1.2557851E-09  9.2048308E-07  2.3543589E-08  0.000E+00  0.0929  3.993796  -10.025  4.119362  8.163437  0.0000000E+00  1.8312761E-01  3.5151390E-01  0.0000000E+00  1.3955717E-10  4.6534347E-01  7.5146934E-12  7.9182754E-09  2.5586026E-06  1.1558099E-05  0.000E+00  0.000E+00  0.000E+00  1.000E+00  1.000E+00  2.17E+02  0.00E+00  0.00E+00  0.000000  0.002749  0.0000000E+00  0.0000000000E+00
307  1.184094670231344E+09    1.684434  2.242821  3.993233  7.2296520E-01  2.7677810E-01  6.8596799E-07  2.6177361E-08  1.0623824E-06  6.4016386E-06  1.1034398E-07  1.2557851E-09  9.2048308E-07  2.3543589E-08  0.000E+00  0.0934  3.993233  -10.024  4.121508  8.164271  0.0000000E+00  1.7886883E-01  3.5347696E-01  0.0000000E+00  1.0548772E-10  4.6763919E-01  5.8937806E-12  2.7849919E-09  2.5708344E-06  1.1564229E-05  0.000E+00  0.000E+00  0.000E+00  1.000E+00  1.000E+00  2.17E+02  0.00E+00  0.00E+00  0.000000  0.002750  0.0000000E+00  0.0000000000E+00
308  1.184202441590277E+09    1.684424  2.243242  3.992500  7.2296520E-01  2.7677810E-01  6.8596799E-07  2.6177361E-08  1.0623824E-06  6.4016386E-06  1.1034398E-07  1.2557851E-09  9.2048308E-07  2.3543589E-08  0.000E+00  0.0938  3.992500  -10.022  4.123596  8.165143  0.0000000E+00  1.7461005E-01  3.5536914E-01  0.0000000E+00  5.3463301E-10  4.7000581E-01  4.6471933E-12  4.4143490E-09  2.5835930E-06  1.1561357E-05  0.000E+00  0.000E+00  0.000E+00  1.000E+00  1.000E+00  2.16E+02  0.00E+00  0.00E+00  0.000000  0.002753  0.0000000E+00  0.0000000000E+00
309  1.184303524331749E+09    1.684415  2.243655  3.991820  7.2296520E-01  2.7677810E-01  6.8596799E-07  2.6177361E-08  1.0623824E-06  6.4016386E-06  1.1034398E-07  1.2557851E-09  9.2048308E-07  2.3543589E-08  0.000E+00  0.0942  3.991820  -10.020  4.126003  8.165973  0.0000000E+00  1.7035127E-01  3.5720762E-01  0.0000000E+00  6.2491131E-11  4.7242611E-01  3.5814396E-12  1.2838966E-09  2.5967589E-06  1.1565713E-05  0.000E+00  0.000E+00  0.000E+00  1.000E+00  1.000E+00  2.16E+02  0.00E+00  0.00E+00  0.000000  0.002756  0.0000000E+00  0.0000000000E+00
310  1.184406452372271E+09    1.684405  2.244060  3.991054  7.2296520E-01  2.7677810E-01  6.8596799E-07  2.6177361E-08  1.0623824E-06  6.4016386E-06  1.1034398E-07  1.2557851E-09  9.2048308E-07  2.3543589E-08  0.000E+00  0.0946  3.991054  -10.018  4.128283  8.166864  0.0000000E+00  1.6609248E-01  3.5897815E-01  0.0000000E+00  4.5473525E-11  4.7491429E-01  2.7442152E-12  5.8955715E-10  2.6104517E-06  1.1566367E-05  0.000E+00  0.000E+00  0.000E+00  1.000E+00  1.000E+00  2.16E+02  0.00E+00  0.00E+00  0.000000  0.002758  0.0000000E+00  0.0000000000E+00
311  1.184511504274800E+09    1.684394  2.244550  3.990269  7.2296520E-01  2.7677810E-01  6.8596799E-07  2.6177361E-08  1.0623824E-06  6.4016386E-06  1.1034398E-07  1.2557851E-09  9.2048308E-07  2.3543589E-08  0.000E+00  0.0951  3.990269  -10.015  4.130722  8.167744  0.0000000E+00  1.6183370E-01  3.6067573E-01  0.0000000E+00  8.3373150E-11  4.7747552E-01  2.0969406E-12  6.9256894E-10  2.6247220E-06  1.1565952E-05  0.000E+00  0.000E+00  0.000E+00  1.000E+00  1.000E+00  2.15E+02  0.00E+00  0.00E+00  0.000000  0.002761  0.0000000E+00  0.0000000000E+00
312  1.184617126505855E+09    1.684384  2.244982  3.989433  7.2296520E-01  2.7677810E-01  6.8596799E-07  2.6177361E-08  1.0623824E-06  6.4016386E-06  1.1034398E-07  1.2557851E-09  9.2048308E-07  2.3543589E-08  0.000E+00  0.0954  3.989433  -10.013  4.133284  8.168683  0.0000000E+00  1.5757492E-01  3.6230027E-01  0.0000000E+00  7.0003410E-11  4.8010972E-01  1.5915548E-12  6.4581805E-10  2.6395816E-06  1.1565791E-05  0.000E+00  0.000E+00  0.000E+00  1.000E+00  1.000E+00  2.15E+02  0.00E+00  0.00E+00  0.000000  0.002764  0.0000000E+00  0.0000000000E+00
313  1.184725328004596E+09    1.684374  2.245522  3.988564  7.2296520E-01  2.7677810E-01  6.8596799E-07  2.6177361E-08  1.0623824E-06  6.4016386E-06  1.1034398E-07  1.2557851E-09  9.2048308E-07  2.3543589E-08  0.000E+00  0.0958  3.988564  -10.011  4.135728  8.169635  0.0000000E+00  1.5331614E-01  3.6384383E-01  0.0000000E+00  9.4245643E-11  4.8282494E-01  1.2153746E-12  8.2881200E-10  2.6551171E-06  1.1565279E-05  0.000E+00  0.000E+00  0.000E+00  1.000E+00  1.000E+00  2.14E+02  0.00E+00  0.00E+00  0.000000  0.002767  0.0000000E+00  0.0000000000E+00
314  1.184848016981890E+09    1.684362  2.246127  3.987594  7.2296520E-01  2.7677810E-01  6.8596799E-07  2.6177361E-08  1.0623824E-06  6.4016386E-06  1.1034398E-07  1.2557851E-09  9.2048308E-07  2.3543589E-08  0.000E+00  0.0964  3.987594  -10.008  4.138332  8.170622  0.0000000E+00  1.4905736E-01  3.6525801E-01  0.0000000E+00  3.4953914E-10  4.8566951E-01  1.0496283E-12  3.1826212E-09  2.6717339E-06  1.1561734E-05  0.000E+00  0.000E+00  0.000E+00  1.000E+00  1.000E+00  2.14E+02  0.00E+00  0.00E+00  0.000000  0.002771  0.0000000E+00  0.0000000000E+00
315  1.184954091236330E+09    1.684352  2.246570  3.986773  7.2296520E-01  2.7677810E-01  6.8596799E-07  2.6177361E-08  1.0623824E-06  6.4016386E-06  1.1034398E-07  1.2557851E-09  9.2048308E-07  2.3543589E-08  0.000E+00  0.0965  3.986773  -10.006  4.141049  8.171612  0.0000000E+00  1.4479858E-01  3.6665172E-01  0.0000000E+00  2.4010510E-11  4.8853459E-01  7.6228404E-13  6.1157474E-10  2.6885764E-06  1.1565118E-05  0.000E+00  0.000E+00  0.000E+00  1.000E+00  1.000E+00  2.13E+02  0.00E+00  0.00E+00  0.000000  0.002774  0.0000000E+00  0.0000000000E+00
316  1.185061956911794E+09    1.684341  2.247007  3.985807  7.2296520E-01  2.7677810E-01  6.8596799E-07  2.6177361E-08  1.0623824E-06  6.4016386E-06  1.1034398E-07  1.2557851E-09  9.2048308E-07  2.3543589E-08  0.000E+00  0.0967  3.985807  -10.003  4.143851  8.172618  0.0000000E+00  1.4053980E-01  3.6795642E-01  0.0000000E+00  2.5965610E-11  4.9148866E-01  5.5347910E-13  2.5272980E-10  2.7062187E-06  1.1565272E-05  0.000E+00  0.000E+00  0.000E+00  1.000E+00  1.000E+00  2.13E+02  0.00E+00  0.00E+00  0.000000  0.002777  0.0000000E+00  0.0000000000E+00
317  1.185173780940275E+09    1.684330  2.247589  3.984772  7.2296520E-01  2.7677810E-01  6.8596799E-07  2.6177361E-08  1.0623824E-06  6.4016386E-06  1.1034398E-07  1.2557851E-09  9.2048308E-07  2.3543589E-08  0.000E+00  0.0972  3.984772  -10.000  4.146861  8.173638  0.0000000E+00  1.3628102E-01  3.6915882E-01  0.0000000E+00  4.5127748E-11  4.9454499E-01  4.1644670E-13  4.3612993E-10  2.7247936E-06  1.1564720E-05  0.000E+00  0.000E+00  0.000E+00  1.000E+00  1.000E+00  2.12E+02  0.00E+00  0.00E+00  0.000000  0.002781  0.0000000E+00  0.0000000000E+00
318  1.185285713067517E+09    1.684318  2.248122  3.983714  7.2296520E-01  2.7677810E-01  6.8596799E-07  2.6177361E-08  1.0623824E-06  6.4016386E-06  1.1034398E-07  1.2557851E-09  9.2048308E-07  2.3543589E-08  0.000E+00  0.0963  3.983714   -9.997  4.149713  8.175359  0.0000000E+00  1.3202224E-01  3.7027024E-01  0.0000000E+00  3.7887366E-11  4.9769235E-01  3.1158636E-13  3.8879113E-10  2.7442501E-06  1.1564479E-05  0.000E+00  0.000E+00  0.000E+00  1.000E+00  1.000E+00  2.12E+02  0.00E+00  0.00E+00  0.000000  0.002784  0.0000000E+00  0.0000000000E+00
319  1.185432987690104E+09    1.684304  2.248844  3.981568  7.2296520E-01  2.7677810E-01  6.8596799E-07  2.6177361E-08  1.0623824E-06  6.4016386E-06  1.1034398E-07  1.2557851E-09  9.2048308E-07  2.3543589E-08  0.000E+00  0.0995  3.981568   -9.992  4.153401  8.176261  0.0000000E+00  1.2776345E-01  3.7111246E-01  0.0000000E+00  6.9353984E-10  5.0110883E-01  5.3078240E-13  5.4426157E-09  2.7666365E-06  1.1556914E-05  0.000E+00  0.000E+00  0.000E+00  1.000E+00  1.000E+00  2.10E+02  0.00E+00  0.00E+00  0.000000  0.002789  0.0000000E+00  0.0000000000E+00
320  1.185544447494538E+09    1.684292  2.250389  3.981258  7.2296520E-01  2.7677810E-01  6.8596799E-07  2.6177361E-08  1.0623824E-06  6.4016386E-06  1.1034398E-07  1.2557851E-09  9.2048308E-07  2.3543589E-08  0.000E+00  0.0981  3.981258   -9.989  4.155608  8.176961  0.0000000E+00  1.2350467E-01  3.7203330E-01  0.0000000E+00  1.7267792E-11  5.0444679E-01  3.5887300E-13  6.7125286E-10  2.7880248E-06  1.1563468E-05  0.000E+00  0.000E+00  0.000E+00  1.000E+00  1.000E+00  2.10E+02  0.00E+00  0.00E+00  0.000000  0.002799  0.0000000E+00  0.0000000000E+00
321  1.185657972799326E+09    1.684280  2.249948  3.980394  7.2296520E-01  2.7677810E-01  6.8596799E-07  2.6177361E-08  1.0623824E-06  6.4016386E-06  1.1034398E-07  1.2557851E-09  9.2048308E-07  2.3543589E-08  0.000E+00  0.0985  3.980394   -9.988  4.159079  8.178130  0.0000000E+00  1.1924589E-01  3.7283836E-01  0.0000000E+00  3.8565089E-13  5.0790048E-01  2.3836989E-13  6.1828094E-11  2.8105547E-06  1.1563882E-05  0.000E+00  0.000E+00  0.000E+00  1.000E+00  1.000E+00  2.10E+02  0.00E+00  0.00E+00  0.000000  0.002796  0.0000000E+00  0.0000000000E+00
322  1.185772244042825E+09    1.684269  2.250506  3.979097  7.2296520E-01  2.7677810E-01  6.8596799E-07  2.6177361E-08  1.0623824E-06  6.4016386E-06  1.1034398E-07  1.2557851E-09  9.2048308E-07  2.3543589E-08  0.000E+00  0.0990  3.979097   -9.984  4.162750  8.179307  0.0000000E+00  1.1498711E-01  3.7352712E-01  0.0000000E+00  3.8138544E-14  5.1147051E-01  1.5527479E-13  5.5016635E-12  2.8343151E-06  1.1563575E-05  0.000E+00  0.000E+00  0.000E+00  1.000E+00  1.000E+00  2.09E+02  0.00E+00  0.00E+00  0.000000  0.002800  0.0000000E+00  0.0000000000E+00
323  1.185888738627203E+09    1.684256  2.251135  3.977698  7.2296520E-01  2.7677810E-01  6.8596799E-07  2.6177361E-08  1.0623824E-06  6.4016386E-06  1.1034398E-07  1.2557851E-09  9.2048308E-07  2.3543589E-08  0.000E+00  0.0995  3.977698   -9.981  4.166439  8.180660  0.0000000E+00  1.1072833E-01  3.7409240E-01  0.0000000E+00  2.1459608E-13  5.1516398E-01  9.9563725E-14  4.6651077E-12  2.8594385E-06  1.1563179E-05  0.000E+00  0.000E+00  0.000E+00  1.000E+00  1.000E+00  2.08E+02  0.00E+00  0.00E+00  0.000000  0.002803  0.0000000E+00  0.0000000000E+00
324  1.186013531392359E+09    1.684243  2.251964  3.976186  7.2296520E-01  2.7677810E-01  6.8596799E-07  2.6177361E-08  1.0623824E-06  6.4016386E-06  1.1034398E-07  1.2557851E-09  9.2048308E-07  2.3543589E-08  0.000E+00  0.1002  3.976186   -9.976  4.170309  8.181880  0.0000000E+00  1.0646955E-01  3.7446930E-01  0.0000000E+00  1.1079568E-10  5.1904580E-01  9.9196918E-14  6.9749955E-10  2.8865999E-06  1.1561730E-05  0.000E+00  0.000E+00  0.000E+00  1.000E+00  1.000E+00  2.07E+02  0.00E+00  0.00E+00  0.000000  0.002809  0.0000000E+00  0.0000000000E+00
325  1.186131334025290E+09    1.684231  2.252560  3.974729  7.2296520E-01  2.7677810E-01  6.8596799E-07  2.6177361E-08  1.0623824E-06  6.4016386E-06  1.1034398E-07  1.2557851E-09  9.2048308E-07  2.3543589E-08  0.000E+00  0.1002  3.974729   -9.972  4.174299  8.183505  0.0000000E+00  1.0221077E-01  3.7476971E-01  0.0000000E+00  7.0859091E-13  5.2300417E-01  6.0335155E-14  4.2747472E-11  2.9147961E-06  1.1562259E-05  0.000E+00  0.000E+00  0.000E+00  1.000E+00  1.000E+00  2.07E+02  0.00E+00  0.00E+00  0.000000  0.002813  0.0000000E+00  0.0000000000E+00
326  1.186291656548898E+09    1.684214  2.253490  3.972370  7.2296520E-01  2.7677810E-01  6.8596799E-07  2.6177361E-08  1.0623824E-06  6.4016386E-06  1.1034398E-07  1.2557851E-09  9.2048308E-07  2.3543589E-08  0.000E+00  0.0995  3.972370   -9.966  4.178903  8.186355  0.0000000E+00  9.7951986E-02  3.7453677E-01  0.0000000E+00  2.8761522E-11  5.2749586E-01  2.2097814E-13  8.3201842E-10  2.9494083E-06  1.1560707E-05  0.000E+00  0.000E+00  0.000E+00  1.000E+00  1.000E+00  2.05E+02  0.00E+00  0.00E+00  0.000000  0.002819  0.0000000E+00  0.0000000000E+00
327  1.186403478758813E+09    1.684201  2.254234  3.970461  7.2296520E-01  2.7677810E-01  6.8596799E-07  2.6177361E-08  1.0623824E-06  6.4016386E-06  1.1034398E-07  1.2557851E-09  9.2048308E-07  2.3543589E-08  0.000E+00  0.1005  3.970461   -9.961  4.183191  8.187869  0.0000000E+00  9.3693205E-02  3.7463351E-01  0.0000000E+00  9.4853607E-14  5.3165786E-01  1.2744088E-13  2.7464937E-11  2.9812689E-06  1.1561233E-05  0.000E+00  0.000E+00  0.000E+00  1.000E+00  1.000E+00  2.04E+02  0.00E+00  0.00E+00  0.000000  0.002824  0.0000000E+00  0.0000000000E+00
328  1.186517190342765E+09    1.684189  2.255117  3.968628  7.2296520E-01  2.7677810E-01  6.8596799E-07  2.6177361E-08  1.0623824E-06  6.4016386E-06  1.1034398E-07  1.2557851E-09  9.2048308E-07  2.3543589E-08  0.000E+00  0.1007  3.968628   -9.956  4.188005  8.189344  0.0000000E+00  8.9434424E-02  3.7455726E-01  0.0000000E+00  6.8791853E-14  5.3599285E-01  7.1507315E-14  2.9198712E-12  3.0153455E-06  1.1560728E-05  0.000E+00  0.000E+00  0.000E+00  1.000E+00  1.000E+00  2.03E+02  0.00E+00  0.00E+00  0.000000  0.002830  0.0000000E+00  0.0000000000E+00
329  1.186634778481158E+09    1.684176  2.255941  3.966647  7.2296520E-01  2.7677810E-01  6.8596799E-07  2.6177361E-08  1.0623824E-06  6.4016386E-06  1.1034398E-07  1.2557851E-09  9.2048308E-07  2.3543589E-08  0.000E+00  0.1014  3.966647   -9.951  4.192850  8.190914  0.0000000E+00  8.5175643E-02  3.7427772E-01  0.0000000E+00  1.1651303E-11  5.4053115E-01  4.4858947E-14  8.1838636E-11  3.0521157E-06  1.1560037E-05  0.000E+00  0.000E+00  0.000E+00  1.000E+00  1.000E+00  2.03E+02  0.00E+00  0.00E+00  0.000000  0.002835  0.0000000E+00  0.0000000000E+00
330  1.186757863393447E+09    1.684162  2.256868  3.964569  7.2296520E-01  2.7677810E-01  6.8596799E-07  2.6177361E-08  1.0623824E-06  6.4016386E-06  1.1034398E-07  1.2557851E-09  9.2048308E-07  2.3543589E-08  0.000E+00  0.1014  3.964569   -9.946  4.198080  8.192530  0.0000000E+00  8.0916862E-02  3.7376032E-01  0.0000000E+00  3.8433506E-13  5.4530728E-01  3.5917755E-14  2.4773084E-11  3.0920982E-06  1.1559501E-05  0.000E+00  0.000E+00  0.000E+00  1.000E+00  1.000E+00  2.01E+02  0.00E+00  0.00E+00  0.000000  0.002841  0.0000000E+00  0.0000000000E+00
331  1.187167531169728E+09    1.684114  2.262118  3.958014  7.2296520E-01  2.7677810E-01  6.8596799E-07  2.6177361E-08  1.0623824E-06  6.4016386E-06  1.1034398E-07  1.2557851E-09  9.2048308E-07  2.3543589E-08  0.000E+00  0.1045  3.958014   -9.925  4.202407  8.195093  0.0000000E+00  7.6658080E-02  3.6878661E-01  0.0000000E+00  6.1598874E-10  5.5453968E-01  9.4311448E-13  7.6510669E-09  3.1900649E-06  1.1547709E-05  0.000E+00  0.000E+00  0.000E+00  1.000E+00  1.000E+00  1.98E+02  0.00E+00  0.00E+00  0.000000  0.002876  0.0000000E+00  0.0000000000E+00
332  1.187290938396118E+09    1.684100  2.261739  3.960324  7.2296520E-01  2.7677810E-01  6.8596799E-07  2.6177361E-08  1.0623824E-06  6.4016386E-06  1.1034398E-07  1.2557851E-09  9.2048308E-07  2.3543589E-08  0.000E+00  0.0990  3.960324   -9.930  4.206005  8.195676  0.0000000E+00  7.2399299E-02  3.6787722E-01  0.0000000E+00  4.1711257E-13  5.5970780E-01  4.4521280E-13  9.5420093E-11  3.2368409E-06  1.1557191E-05  0.000E+00  0.000E+00  0.000E+00  1.000E+00  1.000E+00  1.99E+02  0.00E+00  0.00E+00  0.000000  0.002873  0.0000000E+00  0.0000000000E+00
333  1.187414247391037E+09    1.684085  2.259479  3.958515  7.2296520E-01  2.7677810E-01  6.8596799E-07  2.6177361E-08  1.0623824E-06  6.4016386E-06  1.1034398E-07  1.2557851E-09  9.2048308E-07  2.3543589E-08  0.000E+00  0.0993  3.958515   -9.929  4.212854  8.197912  0.0000000E+00  6.8140518E-02  3.6671823E-01  0.0000000E+00  5.9429109E-15  5.6512552E-01  1.9926359E-13  1.3769888E-12  3.2876269E-06  1.1556527E-05  0.000E+00  0.000E+00  0.000E+00  1.000E+00  1.000E+00  1.98E+02  0.00E+00  0.00E+00  0.000000  0.002859  0.0000000E+00  0.0000000000E+00
334  1.187538353727310E+09    1.684071  2.260639  3.955466  7.2296520E-01  2.7677810E-01  6.8596799E-07  2.6177361E-08  1.0623824E-06  6.4016386E-06  1.1034398E-07  1.2557851E-09  9.2048308E-07  2.3543589E-08  0.000E+00  0.0995  3.955466   -9.922  4.219445  8.200006  0.0000000E+00  6.3881737E-02  3.6530061E-01  0.0000000E+00  2.4376596E-16  5.7080187E-01  8.3577727E-14  3.2323387E-14  3.3430219E-06  1.1555681E-05  0.000E+00  0.000E+00  0.000E+00  1.000E+00  1.000E+00  1.97E+02  0.00E+00  0.00E+00  0.000000  0.002866  0.0000000E+00  0.0000000000E+00
335  1.187670641095287E+09    1.684054  2.262007  3.952369  7.2296520E-01  2.7677810E-01  6.8596799E-07  2.6177361E-08  1.0623824E-06  6.4016386E-06  1.1034398E-07  1.2557851E-09  9.2048308E-07  2.3543589E-08  0.000E+00  0.0995  3.952369   -9.914  4.226365  8.202119  0.0000000E+00  5.9622956E-02  3.6356525E-01  0.0000000E+00  3.8206077E-16  5.7679594E-01  3.5248212E-14  1.9620858E-13  3.4040305E-06  1.1554751E-05  0.000E+00  0.000E+00  0.000E+00  1.000E+00  1.000E+00  1.95E+02  0.00E+00  0.00E+00  0.000000  0.002875  0.0000000E+00  0.0000000000E+00
336  1.187800755338694E+09    1.684038  2.262975  3.949093  7.2296520E-01  2.7677810E-01  6.8596799E-07  2.6177361E-08  1.0623824E-06  6.4016386E-06  1.1034398E-07  1.2557851E-09  9.2048308E-07  2.3543589E-08  0.000E+00  0.1000  3.949093   -9.906  4.233925  8.204373  0.0000000E+00  5.5364175E-02  3.6151808E-01  0.0000000E+00  2.9710503E-16  5.8310183E-01  1.2879483E-14  5.3850982E-14  3.4710657E-06  1.1553733E-05  0.000E+00  0.000E+00  0.000E+00  1.000E+00  1.000E+00  1.94E+02  0.00E+00  0.00E+00  0.000000  0.002881  0.0000000E+00  0.0000000000E+00
337  1.187933569238170E+09    1.684022  2.264190  3.945465  7.2296520E-01  2.7677810E-01  6.8596799E-07  2.6177361E-08  1.0623824E-06  6.4016386E-06  1.1034398E-07  1.2557851E-09  9.2048308E-07  2.3543589E-08  0.000E+00  0.1004  3.945465   -9.897  4.241842  8.206796  0.0000000E+00  5.1105394E-02  3.5910568E-01  0.0000000E+00  5.3245268E-16  5.8977295E-01  4.3099259E-15  5.2100285E-14  3.5454062E-06  1.1552606E-05  0.000E+00  0.000E+00  0.000E+00  1.000E+00  1.000E+00  1.92E+02  0.00E+00  0.00E+00  0.000000  0.002889  0.0000000E+00  0.0000000000E+00
338  1.188073268635926E+09    1.684004  2.265544  3.941396  7.2296520E-01  2.7677810E-01  6.8596799E-07  2.6177361E-08  1.0623824E-06  6.4016386E-06  1.1034398E-07  1.2557851E-09  9.2048308E-07  2.3543589E-08  0.000E+00  0.1010  3.941396   -9.886  4.250616  8.209330  0.0000000E+00  4.6846612E-02  3.5626631E-01  0.0000000E+00  3.0224566E-16  5.9687101E-01  2.0254753E-15  9.1334066E-14  3.6287196E-06  1.1551349E-05  0.000E+00  0.000E+00  0.000E+00  1.000E+00  1.000E+00  1.90E+02  0.00E+00  0.00E+00  0.000000  0.002899  0.0000000E+00  0.0000000000E+00
339  1.188247925674189E+09    1.683981  2.267771  3.936583  7.2296520E-01  2.7677810E-01  6.8596799E-07  2.6177361E-08  1.0623824E-06  6.4016386E-06  1.1034398E-07  1.2557851E-09  9.2048308E-07  2.3543589E-08  0.000E+00  0.1029  3.936583   -9.873  4.259512  8.212186  0.0000000E+00  4.2587831E-02  3.5269932E-01  0.0000000E+00  3.7349174E-16  6.0469668E-01  8.2799420E-15  1.7719677E-13  3.7280058E-06  1.1549856E-05  0.000E+00  0.000E+00  0.000E+00  1.000E+00  1.000E+00  1.88E+02  0.00E+00  0.00E+00  0.000000  0.002913  0.0000000E+00  0.0000000000E+00
340  1.188440977279949E+09    1.683955  2.269390  3.931098  7.2296520E-01  2.7677810E-01  6.8596799E-07  2.6177361E-08  1.0623824E-06  6.4016386E-06  1.1034398E-07  1.2557851E-09  9.2048308E-07  2.3543589E-08  0.000E+00  0.1070  3.931098   -9.860  4.269804  8.215378  0.0000000E+00  3.8329050E-02  3.4845224E-01  0.0000000E+00  4.8863517E-14  6.1320242E-01  1.4028557E-14  4.8831290E-12  3.8439751E-06  1.1548109E-05  0.000E+00  0.000E+00  0.000E+00  1.000E+00  1.000E+00  1.85E+02  0.00E+00  0.00E+00  0.000000  0.002924  0.0000000E+00  0.0000000000E+00
341  1.188854875520026E+09    1.683895  2.274762  3.920817  7.2296520E-01  2.7677810E-01  6.8596799E-07  2.6177361E-08  1.0623824E-06  6.4016386E-06  1.1034398E-07  1.2557851E-09  9.2048308E-07  2.3543589E-08  0.000E+00  0.1113  3.920817   -9.832  4.283521  8.219438  0.0000000E+00  3.4070269E-02  3.3763571E-01  0.0000000E+00  5.1508062E-11  6.2827747E-01  2.6040648E-13  9.3371784E-10  4.0990947E-06  1.1543088E-05  0.000E+00  0.000E+00  0.000E+00  1.000E+00  1.000E+00  1.80E+02  0.00E+00  0.00E+00  0.000000  0.002961  0.0000000E+00  0.0000000000E+00
342  1.189030524020898E+09    1.683870  2.273902  3.920386  7.2296520E-01  2.7677810E-01  6.8596799E-07  2.6177361E-08  1.0623824E-06  6.4016386E-06  1.1034398E-07  1.2557851E-09  9.2048308E-07  2.3543589E-08  0.000E+00  0.1092  3.920386   -9.832  4.291612  8.221731  0.0000000E+00  2.9811488E-02  3.3259112E-01  0.0000000E+00  1.1054627E-17  6.3758070E-01  3.8771508E-14  4.0631936E-14  4.2433719E-06  1.1542165E-05  0.000E+00  0.000E+00  0.000E+00  1.000E+00  1.000E+00  1.80E+02  0.00E+00  0.00E+00  0.000000  0.002956  0.0000000E+00  0.0000000000E+00
343  1.189215004947867E+09    1.683842  2.274081  3.913020  7.2296520E-01  2.7677810E-01  6.8596799E-07  2.6177361E-08  1.0623824E-06  6.4016386E-06  1.1034398E-07  1.2557851E-09  9.2048308E-07  2.3543589E-08  0.000E+00  0.1092  3.913020   -9.816  4.306857  8.226138  0.0000000E+00  2.5552707E-02  3.2675115E-01  0.0000000E+00  1.2605964E-24  6.4767929E-01  4.5070818E-15  7.6355516E-19  4.4125981E-06  1.1539642E-05  0.000E+00  0.000E+00  0.000E+00  1.000E+00  1.000E+00  1.77E+02  0.00E+00  0.00E+00  0.000000  0.002957  0.0000000E+00  0.0000000000E+00
344  1.189407153251361E+09    1.683812  2.276345  3.903495  7.2296520E-01  2.7677810E-01  6.8596799E-07  2.6177361E-08  1.0623824E-06  6.4016386E-06  1.1034398E-07  1.2557851E-09  9.2048308E-07  2.3543589E-08  0.000E+00  0.1077  3.903495   -9.794  4.323679  8.231081  0.0000000E+00  2.1293925E-02  3.2002269E-01  0.0000000E+00  2.2817983E-32  6.5866632E-01  3.8043385E-16  4.1965024E-24  4.6144085E-06  1.1536612E-05  0.000E+00  0.000E+00  0.000E+00  1.000E+00  1.000E+00  1.73E+02  0.00E+00  0.00E+00  0.000000  0.002972  0.0000000E+00  0.0000000000E+00
345  1.189605130278996E+09    1.683778  2.278410  3.891397  7.2296520E-01  2.7677810E-01  6.8596799E-07  2.6177361E-08  1.0623824E-06  6.4016386E-06  1.1034398E-07  1.2557851E-09  9.2048308E-07  2.3543589E-08  0.000E+00  0.1066  3.891397   -9.767  4.344002  8.237025  0.0000000E+00  1.7035144E-02  3.1228241E-01  0.0000000E+00  6.1979945E-40  6.7066514E-01  2.2540173E-17  1.7203501E-29  4.8603974E-06  1.1532863E-05  0.000E+00  0.000E+00  0.000E+00  1.000E+00  1.000E+00  1.68E+02  0.00E+00  0.00E+00  0.000000  0.002986  0.0000000E+00  0.0000000000E+00
346  1.189814293371459E+09    1.683741  2.280870  3.875906  7.2296520E-01  2.7677810E-01  6.8596799E-07  2.6177361E-08  1.0623824E-06  6.4016386E-06  1.1034398E-07  1.2557851E-09  9.2048308E-07  2.3543589E-08  0.000E+00  0.1049  3.875906   -9.732  4.368811  8.243902  0.0000000E+00  1.2776363E-02  3.0339661E-01  0.0000000E+00  5.8962325E-49  6.8380941E-01  7.3707278E-19  5.7449559E-36  5.1650725E-06  1.1528129E-05  0.000E+00  0.000E+00  0.000E+00  1.000E+00  1.000E+00  1.62E+02  0.00E+00  0.00E+00  0.000000  0.003004  0.0000000E+00  0.0000000000E+00
347  1.190035091177619E+09    1.683698  2.282894  3.854275  7.2296520E-01  2.7677810E-01  6.8596799E-07  2.6177361E-08  1.0623824E-06  6.4016386E-06  1.1034398E-07  1.2557851E-09  9.2048308E-07  2.3543589E-08  0.000E+00  0.1009  3.854275   -9.686  4.402145  8.252709  0.0000000E+00  8.5175821E-03  2.9323034E-01  0.0000000E+00  1.0366734E-58  6.9823408E-01  1.2202496E-20  3.4417611E-43  5.5533274E-06  1.1521904E-05  0.000E+00  0.000E+00  0.000E+00  1.000E+00  1.000E+00  1.54E+02  0.00E+00  0.00E+00  0.000000  0.003018  0.0000000E+00  0.0000000000E+00
348  1.190286139153970E+09    1.683642  2.284467  3.819806  7.2296520E-01  2.7677810E-01  6.8596799E-07  2.6177361E-08  1.0623824E-06  6.4016386E-06  1.1034398E-07  1.2557851E-09  9.2048308E-07  2.3543589E-08  0.000E+00  0.0921  3.819806   -9.615  4.453383  8.263988  0.0000000E+00  4.2588009E-03  2.8176186E-01  0.0000000E+00  9.5402051E-73  7.1396083E-01  1.3597332E-22  1.3039068E-50  6.0600701E-06  1.1513378E-05  0.000E+00  0.000E+00  0.000E+00  1.000E+00  1.000E+00  1.42E+02  0.00E+00  0.00E+00  0.000000  0.003029  0.0000000E+00  0.0000000000E+00
349  1.190582486181911E+09    1.683558  2.248015  3.743363  7.2296520E-01  2.7677810E-01  6.8596799E-07  2.6177361E-08  1.0623824E-06  6.4016386E-06  1.1034398E-07  1.2557851E-09  9.2048308E-07  2.3543589E-08  0.000E+00  0.0000  3.743363   -9.516  4.674916  8.292785  0.0000000E+00  1.2895540E-05  2.6930282E-01  0.0000000E+00  0.0000000E+00  7.3066502E-01  1.6145790E-26  0.0000000E+00  6.8109849E-06  1.1497949E-05  0.000E+00  0.000E+00  0.000E+00  1.000E+00  1.000E+00  1.22E+02  0.00E+00  0.00E+00  0.000000  0.002785  0.0000000E+00  0.0000000000E+00
350  1.190632973396108E+09    1.683543  2.239014  3.734370  7.2296520E-01  2.7677810E-01  6.8596799E-07  2.6177361E-08  1.0623824E-06  6.4016386E-06  1.1034398E-07  1.2557851E-09  9.2048308E-07  2.3543589E-08  0.000E+00  0.0000  3.734370   -9.513  4.748129  8.278924  0.0000000E+00  1.9761990E-08  2.6926419E-01  0.0000000E+00  0.0000000E+00  7.3071652E-01  1.5398290E-26  0.0000000E+00  6.8150083E-06  1.1497826E-05  0.000E+00  0.000E+00  0.000E+00  1.000E+00  1.000E+00  1.20E+02  0.00E+00  0.00E+00  0.000000  0.002728  0.0000000E+00  0.0000000000E+00
351  1.190633649156281E+09    1.683543  2.239221  3.734249  7.2296520E-01  2.7677810E-01  6.8596799E-07  2.6177361E-08  1.0623824E-06  6.4016386E-06  1.1034398E-07  1.2557851E-09  9.2048308E-07  2.3543589E-08  0.000E+00  0.0000  3.734249   -9.513  4.748676  8.278660  0.0000000E+00  1.8773890E-08  2.6926419E-01  0.0000000E+00  0.0000000E+00  7.3071652E-01  1.5398290E-26  0.0000000E+00  6.8150085E-06  1.1497826E-05  0.000E+00  0.000E+00  0.000E+00  1.000E+00  1.000E+00  1.20E+02  0.00E+00  0.00E+00  0.000000  0.002729  0.0000000E+00  0.0000000000E+00
352  1.190635000676627E+09    1.683542  2.239636  3.734008  7.2296520E-01  2.7677810E-01  6.8596799E-07  2.6177361E-08  1.0623824E-06  6.4016386E-06  1.1034398E-07  1.2557851E-09  9.2048308E-07  2.3543589E-08  0.000E+00  0.0000  3.734008   -9.512  4.749769  8.278133  0.0000000E+00  1.6797691E-08  2.6926418E-01  0.0000000E+00  0.0000000E+00  7.3071653E-01  1.5398290E-26  0.0000000E+00  6.8150089E-06  1.1497826E-05  0.000E+00  0.000E+00  0.000E+00  1.000E+00  1.000E+00  1.20E+02  0.00E+00  0.00E+00  0.000000  0.002732  0.0000000E+00  0.0000000000E+00
353  1.190635676436800E+09    1.683542  2.239844  3.733888  7.2296520E-01  2.7677810E-01  6.8596799E-07  2.6177361E-08  1.0623824E-06  6.4016386E-06  1.1034398E-07  1.2557851E-09  9.2048308E-07  2.3543589E-08  0.000E+00  0.0000  3.733888   -9.511  4.750316  8.277870  0.0000000E+00  1.5809592E-08  2.6926418E-01  0.0000000E+00  0.0000000E+00  7.3071653E-01  1.5398290E-26  0.0000000E+00  6.8150091E-06  1.1497826E-05  0.000E+00  0.000E+00  0.000E+00  1.000E+00  1.000E+00  1.20E+02  0.00E+00  0.00E+00  0.000000  0.002733  0.0000000E+00  0.0000000000E+00
354  1.190636352196974E+09    1.683542  2.240051  3.733767  7.2296520E-01  2.7677810E-01  6.8596799E-07  2.6177361E-08  1.0623824E-06  6.4016386E-06  1.1034398E-07  1.2557851E-09  9.2048308E-07  2.3543589E-08  0.000E+00  0.0000  3.733767   -9.511  4.750863  8.277606  0.0000000E+00  1.4821492E-08  2.6926418E-01  0.0000000E+00  0.0000000E+00  7.3071654E-01  1.5398290E-26  0.0000000E+00  6.8150094E-06  1.1497826E-05  0.000E+00  0.000E+00  0.000E+00  1.000E+00  1.000E+00  1.20E+02  0.00E+00  0.00E+00  0.000000  0.002735  0.0000000E+00  0.0000000000E+00
355  1.190637027957147E+09    1.683542  2.240259  3.733646  7.2296520E-01  2.7677810E-01  6.8596799E-07  2.6177361E-08  1.0623824E-06  6.4016386E-06  1.1034398E-07  1.2557851E-09  9.2048308E-07  2.3543589E-08  0.000E+00  0.0000  3.733646   -9.510  4.751409  8.277343  0.0000000E+00  1.3833393E-08  2.6926417E-01  0.0000000E+00  0.0000000E+00  7.3071654E-01  1.5398290E-26  0.0000000E+00  6.8150096E-06  1.1497826E-05  0.000E+00  0.000E+00  0.000E+00  1.000E+00  1.000E+00  1.19E+02  0.00E+00  0.00E+00  0.000000  0.002736  0.0000000E+00  0.0000000000E+00
356  1.190637703717320E+09    1.683542  2.240466  3.733526  7.2296520E-01  2.7677810E-01  6.8596799E-07  2.6177361E-08  1.0623824E-06  6.4016386E-06  1.1034398E-07  1.2557851E-09  9.2048308E-07  2.3543589E-08  0.000E+00  0.0000  3.733526   -9.510  4.751956  8.277079  0.0000000E+00  1.2845293E-08  2.6926417E-01  0.0000000E+00  0.0000000E+00  7.3071654E-01  1.5398290E-26  0.0000000E+00  6.8150098E-06  1.1497826E-05  0.000E+00  0.000E+00  0.000E+00  1.000E+00  1.000E+00  1.19E+02  0.00E+00  0.00E+00  0.000000  0.002737  0.0000000E+00  0.0000000000E+00
357  1.190639055237666E+09    1.683541  2.240881  3.733285  7.2296520E-01  2.7677810E-01  6.8596799E-07  2.6177361E-08  1.0623824E-06  6.4016386E-06  1.1034398E-07  1.2557851E-09  9.2048308E-07  2.3543589E-08  0.000E+00  0.0000  3.733285   -9.509  4.753050  8.276552  0.0000000E+00  1.0869094E-08  2.6926417E-01  0.0000000E+00  0.0000000E+00  7.3071655E-01  1.5398290E-26  0.0000000E+00  6.8150102E-06  1.1497826E-05  0.000E+00  0.000E+00  0.000E+00  1.000E+00  1.000E+00  1.19E+02  0.00E+00  0.00E+00  0.000000  0.002740  0.0000000E+00  0.0000000000E+00
358  1.190639730997839E+09    1.683541  2.241089  3.733164  7.2296520E-01  2.7677810E-01  6.8596799E-07  2.6177361E-08  1.0623824E-06  6.4016386E-06  1.1034398E-07  1.2557851E-09  9.2048308E-07  2.3543589E-08  0.000E+00  0.0000  3.733164   -9.509  4.753596  8.276289  0.0000000E+00  9.8809950E-09  2.6926416E-01  0.0000000E+00  0.0000000E+00  7.3071656E-01  1.5398290E-26  0.0000000E+00  6.8150104E-06  1.1497826E-05  0.000E+00  0.000E+00  0.000E+00  1.000E+00  1.000E+00  1.19E+02  0.00E+00  0.00E+00  0.000000  0.002741  0.0000000E+00  0.0000000000E+00
359  1.190640406758012E+09    1.683541  2.241296  3.733044  7.2296520E-01  2.7677810E-01  6.8596799E-07  2.6177361E-08  1.0623824E-06  6.4016386E-06  1.1034398E-07  1.2557851E-09  9.2048308E-07  2.3543589E-08  0.000E+00  0.0000  3.733044   -9.508  4.754143  8.276025  0.0000000E+00  8.8928955E-09  2.6926416E-01  0.0000000E+00  0.0000000E+00  7.3071656E-01  1.5398290E-26  0.0000000E+00  6.8150106E-06  1.1497826E-05  0.000E+00  0.000E+00  0.000E+00  1.000E+00  1.000E+00  1.19E+02  0.00E+00  0.00E+00  0.000000  0.002743  0.0000000E+00  0.0000000000E+00
360  1.190643342289833E+09    1.683540  2.242686  3.732550  7.2296520E-01  2.7677810E-01  6.8596799E-07  2.6177361E-08  1.0623824E-06  6.4016386E-06  1.1034398E-07  1.2557851E-09  9.2048308E-07  2.3543589E-08  0.000E+00  0.0000  3.732550   -9.505  4.756122  8.274762  0.0000000E+00  6.9166965E-09  2.6926415E-01  0.0000000E+00  0.0000000E+00  7.3071657E-01  1.5398290E-26  0.0000000E+00  6.8150110E-06  1.1497826E-05  0.000E+00  0.000E+00  0.000E+00  1.000E+00  1.000E+00  1.19E+02  0.00E+00  0.00E+00  0.000000  0.002751  0.0000000E+00  0.0000000000E+00
361  1.190646636401578E+09    1.683539  2.244297  3.732000  7.2296520E-01  2.7677810E-01  6.8596799E-07  2.6177361E-08  1.0623824E-06  6.4016386E-06  1.1034398E-07  1.2557851E-09  9.2048308E-07  2.3543589E-08  0.000E+00  0.0000  3.732000   -9.501  4.758301  8.273333  0.0000000E+00  4.9404975E-09  2.6926414E-01  0.0000000E+00  0.0000000E+00  7.3071658E-01  1.5398290E-26  0.0000000E+00  6.8150114E-06  1.1497826E-05  0.000E+00  0.000E+00  0.000E+00  1.000E+00  1.000E+00  1.19E+02  0.00E+00  0.00E+00  0.000000  0.002761  0.0000000E+00  0.0000000000E+00
362  1.190648283457451E+09    1.683538  2.245102  3.731724  7.2296520E-01  2.7677810E-01  6.8596799E-07  2.6177361E-08  1.0623824E-06  6.4016386E-06  1.1034398E-07  1.2557851E-09  9.2048308E-07  2.3543589E-08  0.000E+00  0.0000  3.731724   -9.499  4.759390  8.272618  0.0000000E+00  3.9523980E-09  2.6926414E-01  0.0000000E+00  0.0000000E+00  7.3071658E-01  1.5398290E-26  0.0000000E+00  6.8150116E-06  1.1497826E-05  0.000E+00  0.000E+00  0.000E+00  1.000E+00  1.000E+00  1.19E+02  0.00E+00  0.00E+00  0.000000  0.002766  0.0000000E+00  0.0000000000E+00
363  1.190652791707896E+09    1.683537  2.248221  3.731029  7.2296520E-01  2.7677810E-01  6.8596799E-07  2.6177361E-08  1.0623824E-06  6.4016386E-06  1.1034398E-07  1.2557851E-09  9.2048308E-07  2.3543589E-08  0.000E+00  0.0000  3.731029   -9.494  4.762283  8.270846  0.0000000E+00  2.9642985E-09  2.6926414E-01  0.0000000E+00  0.0000000E+00  7.3071658E-01  1.5398290E-26  0.0000000E+00  6.8150118E-06  1.1497826E-05  0.000E+00  0.000E+00  0.000E+00  1.000E+00  1.000E+00  1.19E+02  0.00E+00  0.00E+00  0.000000  0.002786  0.0000000E+00  0.0000000000E+00
364  1.190657399941985E+09    1.683535  2.251422  3.730319  7.2296520E-01  2.7677810E-01  6.8596799E-07  2.6177361E-08  1.0623824E-06  6.4016386E-06  1.1034398E-07  1.2557851E-09  9.2048308E-07  2.3543589E-08  0.000E+00  0.0000  3.730319   -9.488  4.765238  8.269037  0.0000000E+00  1.9761990E-09  2.6926414E-01  0.0000000E+00  0.0000000E+00  7.3071659E-01  1.5398290E-26  0.0000000E+00  6.8150120E-06  1.1497826E-05  0.000E+00  0.000E+00  0.000E+00  1.000E+00  1.000E+00  1.18E+02  0.00E+00  0.00E+00  0.000000  0.002806  0.0000000E+00  0.0000000000E+00
365  1.190666606706039E+09    1.683532  2.258743  3.729168  7.2296520E-01  2.7677810E-01  6.8596799E-07  2.6177361E-08  1.0623824E-06  6.4016386E-06  1.1034398E-07  1.2557851E-09  9.2048308E-07  2.3543589E-08  0.000E+00  0.0000  3.729168   -9.473  4.770630  8.265473  0.0000000E+00  9.8809950E-10  2.6926413E-01  0.0000000E+00  0.0000000E+00  7.3071660E-01  1.5398290E-26  0.0000000E+00  6.8150122E-06  1.1497826E-05  0.000E+00  0.000E+00  0.000E+00  1.000E+00  1.000E+00  1.17E+02  0.00E+00  0.00E+00  0.000000  0.002855  0.0000000E+00  0.0000000000E+00
366  1.191688207829581E+09    1.683133  2.299317  3.718189  7.2296520E-01  2.7677810E-01  6.8596799E-07  2.6177361E-08  1.0623824E-06  6.4016386E-06  1.1034398E-07  1.2557851E-09  9.2048308E-07  2.3543589E-08  0.000E+00  0.0000  3.718189   -9.389  5.033790  8.201229  0.0000000E+00  3.1751430E-18  2.6926413E-01  0.0000000E+00  0.0000000E+00  7.3071660E-01  1.5398290E-26  0.0000000E+00  6.8150124E-06  1.1497826E-05  0.000E+00  0.000E+00  0.000E+00  1.000E+00  1.000E+00  1.11E+02  0.00E+00  0.00E+00  0.000000  0.003135  0.0000000E+00  0.0000000000E+00
367  1.193997711493219E+09    1.681770  2.556761  3.697888  7.2293010E-01  2.7682080E-01  6.8050946E-07  2.9981649E-08  1.0646693E-06  6.4016377E-06  1.1034492E-07  1.2545034E-09  9.2048308E-07  2.3543589E-08  0.000E+00  0.0000  3.697888   -8.961  5.463236  8.242096  0.0000000E+00  1.8045610E-51  2.6926413E-01  0.0000000E+00  0.0000000E+00  7.3071660E-01  1.5398290E-26  0.0000000E+00  6.8150124E-06  1.1497826E-05  0.000E+00  0.000E+00  0.000E+00  1.000E+00  1.000E+00  9.16E+01  0.00E+00  0.00E+00  0.000000  0.005675  0.0000000E+00  0.0000000000E+00
368  1.195438665179550E+09    1.678970  2.852623  3.684139  7.2238320E-01  2.7740810E-01  5.6399519E-07  2.8417545E-08  1.2271105E-06  6.3565370E-06  1.2830545E-07  1.0888156E-09  9.2048308E-07  2.3543589E-08  0.000E+00  0.0000  3.684139   -8.490  5.731191  8.196176  0.0000000E+00  0.0000000E+00  2.6926413E-01  0.0000000E+00  0.0000000E+00  7.3071660E-01  1.5398290E-26  0.0000000E+00  6.8150124E-06  1.1497826E-05  0.000E+00  0.000E+00  0.000E+00  1.000E+00  1.000E+00  7.48E+01  0.00E+00  0.00E+00  0.000000  0.011231  0.0000000E+00  0.0000000000E+00
369  1.196539319953356E+09    1.672181  3.207332  3.667252  7.2072760E-01  2.7907470E-01  5.3096425E-07  2.7039633E-08  1.5647868E-06  6.0210480E-06  1.2338350E-07  1.0234207E-09  9.2048308E-07  2.3543589E-08  0.000E+00  0.0000  3.667252   -7.922  6.090903  8.127644  0.0000000E+00  0.0000000E+00  2.6926413E-01  0.0000000E+00  0.0000000E+00  7.3071660E-01  1.5398290E-26  0.0000000E+00  6.8150124E-06  1.1497826E-05  0.000E+00  0.000E+00  0.000E+00  1.000E+00  1.000E+00  5.85E+01  0.00E+00  0.00E+00  0.000000  0.025497  0.0000000E+00  0.0000000000E+00
370  1.197076796576870E+09    1.661605  3.430087  3.655609  7.1833100E-01  2.8147560E-01  5.1906569E-07  2.6565129E-08  1.7017149E-06  5.8836381E-06  1.2061048E-07  9.9938484E-10  9.2048308E-07  2.3543589E-08  0.000E+00  0.0000  3.655609   -7.562  6.271092  8.012392  0.0000000E+00  0.0000000E+00  2.6926413E-01  0.0000000E+00  0.0000000E+00  7.3071660E-01  1.5398290E-26  0.0000000E+00  6.8150124E-06  1.1497826E-05  0.000E+00  0.000E+00  0.000E+00  1.000E+00  1.000E+00  5.00E+01  0.00E+00  0.00E+00  0.000000  0.042795  0.0000000E+00  0.0000000000E+00
371  1.197076796576870E+09    1.661605  3.430087  3.655609  7.1833100E-01  2.8147560E-01  5.1906569E-07  2.6565129E-08  1.7017149E-06  5.8836381E-06  1.2061048E-07  9.9938484E-10  9.2048308E-07  2.3543589E-08  0.000E+00  0.0000  3.655609   -7.562  6.271092  8.012392  0.0000000E+00  0.0000000E+00  2.6926413E-01  0.0000000E+00  0.0000000E+00  7.3071660E-01  1.5398290E-26  0.0000000E+00  6.8150124E-06  1.1497826E-05  0.000E+00  0.000E+00  0.000E+00  1.000E+00  1.000E+00  5.00E+01  0.00E+00  0.00E+00  0.000000  0.042795  0.0000000E+00  0.0000000000E+00
372  1.197076796576870E+09    1.661605  3.430087  3.655609  7.1833100E-01  2.8147560E-01  5.1906569E-07  2.6565129E-08  1.7017149E-06  5.8836381E-06  1.2061048E-07  9.9938484E-10  9.2048308E-07  2.3543589E-08  0.000E+00  0.0000  3.655609   -7.562  6.271092  8.012392  0.0000000E+00  0.0000000E+00  2.6926413E-01  0.0000000E+00  0.0000000E+00  7.3071660E-01  1.5398290E-26  0.0000000E+00  6.8150124E-06  1.1497826E-05  0.000E+00  0.000E+00  0.000E+00  1.000E+00  1.000E+00  5.00E+01  0.00E+00  0.00E+00  0.000000  0.042795  0.0000000E+00  0.0000000000E+00
373  1.197076796576870E+09    1.661605  3.430087  3.655609  7.1833100E-01  2.8147560E-01  5.1906569E-07  2.6565129E-08  1.7017149E-06  5.8836381E-06  1.2061048E-07  9.9938484E-10  9.2048308E-07  2.3543589E-08  0.000E+00  0.0000  3.655609   -7.562  6.271092  8.012392  0.0000000E+00  0.0000000E+00  2.6926413E-01  0.0000000E+00  0.0000000E+00  7.3071660E-01  1.5398290E-26  0.0000000E+00  6.8150124E-06  1.1497826E-05  0.000E+00  0.000E+00  0.000E+00  1.000E+00  1.000E+00  5.00E+01  0.00E+00  0.00E+00  0.000000  0.042795  0.0000000E+00  0.0000000000E+00
374  1.197076796576870E+09    1.661605  3.430087  3.655609  7.1833100E-01  2.8147560E-01  5.1906569E-07  2.6565129E-08  1.7017149E-06  5.8836381E-06  1.2061048E-07  9.9938484E-10  9.2048308E-07  2.3543589E-08  0.000E+00  0.0000  3.655609   -7.562  6.271092  8.012392  0.0000000E+00  0.0000000E+00  2.6926413E-01  0.0000000E+00  0.0000000E+00  7.3071660E-01  1.5398290E-26  0.0000000E+00  6.8150124E-06  1.1497826E-05  0.000E+00  0.000E+00  0.000E+00  1.000E+00  1.000E+00  5.00E+01  0.00E+00  0.00E+00  0.000000  0.042795  0.0000000E+00  0.0000000000E+00
375  1.197076796576870E+09    1.661605  3.430087  3.655609  7.1833100E-01  2.8147560E-01  5.1906569E-07  2.6565129E-08  1.7017149E-06  5.8836381E-06  1.2061048E-07  9.9938484E-10  9.2048308E-07  2.3543589E-08  0.000E+00  0.0000  3.655609   -7.562  6.271092  8.012392  0.0000000E+00  0.0000000E+00  2.6926413E-01  0.0000000E+00  0.0000000E+00  7.3071660E-01  1.5398290E-26  0.0000000E+00  6.8150124E-06  1.1497826E-05  0.000E+00  0.000E+00  0.000E+00  1.000E+00  1.000E+00  5.00E+01  0.00E+00  0.00E+00  0.000000  0.042795  0.0000000E+00  0.0000000000E+00
376  1.197076796576870E+09    1.661605  3.430087  3.655609  7.1833100E-01  2.8147560E-01  5.1906569E-07  2.6565129E-08  1.7017149E-06  5.8836381E-06  1.2061048E-07  9.9938484E-10  9.2048308E-07  2.3543589E-08  0.000E+00  0.0000  3.655609   -7.562  6.271092  8.012392  0.0000000E+00  0.0000000E+00  2.6926413E-01  0.0000000E+00  0.0000000E+00  7.3071660E-01  1.5398290E-26  0.0000000E+00  6.8150124E-06  1.1497826E-05  0.000E+00  0.000E+00  0.000E+00  1.000E+00  1.000E+00  5.00E+01  0.00E+00  0.00E+00  0.000000  0.042795  0.0000000E+00  0.0000000000E+00
377  1.197076796576870E+09    1.661605  3.430087  3.655609  7.1833100E-01  2.8147560E-01  5.1906569E-07  2.6565129E-08  1.7017149E-06  5.8836381E-06  1.2061048E-07  9.9938484E-10  9.2048308E-07  2.3543589E-08  0.000E+00  0.0000  3.655609   -7.562  6.271092  8.012392  0.0000000E+00  0.0000000E+00  2.6926413E-01  0.0000000E+00  0.0000000E+00  7.3071660E-01  1.5398290E-26  0.0000000E+00  6.8150124E-06  1.1497826E-05  0.000E+00  0.000E+00  0.000E+00  1.000E+00  1.000E+00  5.00E+01  0.00E+00  0.00E+00  0.000000  0.042795  0.0000000E+00  0.0000000000E+00
378  1.197076796576870E+09    1.661605  3.430087  3.655609  7.1833100E-01  2.8147560E-01  5.1906569E-07  2.6565129E-08  1.7017149E-06  5.8836381E-06  1.2061048E-07  9.9938484E-10  9.2048308E-07  2.3543589E-08  0.000E+00  0.0000  3.655609   -7.562  6.271092  8.012392  0.0000000E+00  0.0000000E+00  2.6926413E-01  0.0000000E+00  0.0000000E+00  7.3071660E-01  1.5398290E-26  0.0000000E+00  6.8150124E-06  1.1497826E-05  0.000E+00  0.000E+00  0.000E+00  1.000E+00  1.000E+00  5.00E+01  0.00E+00  0.00E+00  0.000000  0.042795  0.0000000E+00  0.0000000000E+00
379  1.197076796576870E+09    1.661605  3.430087  3.655609  7.1833100E-01  2.8147560E-01  5.1906569E-07  2.6565129E-08  1.7017149E-06  5.8836381E-06  1.2061048E-07  9.9938484E-10  9.2048308E-07  2.3543589E-08  0.000E+00  0.0000  3.655609   -7.562  6.271092  8.012392  0.0000000E+00  0.0000000E+00  2.6926413E-01  0.0000000E+00  0.0000000E+00  7.3071660E-01  1.5398290E-26  0.0000000E+00  6.8150124E-06  1.1497826E-05  0.000E+00  0.000E+00  0.000E+00  1.000E+00  1.000E+00  5.00E+01  0.00E+00  0.00E+00  0.000000  0.042795  0.0000000E+00  0.0000000000E+00
380  1.197076796576870E+09    1.661605  3.430087  3.655609  7.1833100E-01  2.8147560E-01  5.1906569E-07  2.6565129E-08  1.7017149E-06  5.8836381E-06  1.2061048E-07  9.9938484E-10  9.2048308E-07  2.3543589E-08  0.000E+00  0.0000  3.655609   -7.562  6.271092  8.012392  0.0000000E+00  0.0000000E+00  2.6926413E-01  0.0000000E+00  0.0000000E+00  7.3071660E-01  1.5398290E-26  0.0000000E+00  6.8150124E-06  1.1497826E-05  0.000E+00  0.000E+00  0.000E+00  1.000E+00  1.000E+00  5.00E+01  0.00E+00  0.00E+00  0.000000  0.042795  0.0000000E+00  0.0000000000E+00
381  1.197076796576870E+09    1.661605  3.430087  3.655609  7.1833100E-01  2.8147560E-01  5.1906569E-07  2.6565129E-08  1.7017149E-06  5.8836381E-06  1.2061048E-07  9.9938484E-10  9.2048308E-07  2.3543589E-08  0.000E+00  0.0000  3.655609   -7.562  6.271092  8.012392  0.0000000E+00  0.0000000E+00  2.6926413E-01  0.0000000E+00  0.0000000E+00  7.3071660E-01  1.5398290E-26  0.0000000E+00  6.8150124E-06  1.1497826E-05  0.000E+00  0.000E+00  0.000E+00  1.000E+00  1.000E+00  5.00E+01  0.00E+00  0.00E+00  0.000000  0.042795  0.0000000E+00  0.0000000000E+00
382  1.197076796576870E+09    1.661605  3.430087  3.655609  7.1833100E-01  2.8147560E-01  5.1906569E-07  2.6565129E-08  1.7017149E-06  5.8836381E-06  1.2061048E-07  9.9938484E-10  9.2048308E-07  2.3543589E-08  0.000E+00  0.0000  3.655609   -7.562  6.271092  8.012392  0.0000000E+00  0.0000000E+00  2.6926413E-01  0.0000000E+00  0.0000000E+00  7.3071660E-01  1.5398290E-26  0.0000000E+00  6.8150124E-06  1.1497826E-05  0.000E+00  0.000E+00  0.000E+00  1.000E+00  1.000E+00  5.00E+01  0.00E+00  0.00E+00  0.000000  0.042795  0.0000000E+00  0.0000000000E+00
383  1.197076796576870E+09    1.661605  3.430087  3.655609  7.1833100E-01  2.8147560E-01  5.1906569E-07  2.6565129E-08  1.7017149E-06  5.8836381E-06  1.2061048E-07  9.9938484E-10  9.2048308E-07  2.3543589E-08  0.000E+00  0.0000  3.655609   -7.562  6.271092  8.012392  0.0000000E+00  0.0000000E+00  2.6926413E-01  0.0000000E+00  0.0000000E+00  7.3071660E-01  1.5398290E-26  0.0000000E+00  6.8150124E-06  1.1497826E-05  0.000E+00  0.000E+00  0.000E+00  1.000E+00  1.000E+00  5.00E+01  0.00E+00  0.00E+00  0.000000  0.042795  0.0000000E+00  0.0000000000E+00
384  1.197076796576870E+09    1.661605  3.430087  3.655609  7.1833100E-01  2.8147560E-01  5.1906569E-07  2.6565129E-08  1.7017149E-06  5.8836381E-06  1.2061048E-07  9.9938484E-10  9.2048308E-07  2.3543589E-08  0.000E+00  0.0000  3.655609   -7.562  6.271092  8.012392  0.0000000E+00  0.0000000E+00  2.6926413E-01  0.0000000E+00  0.0000000E+00  7.3071660E-01  1.5398290E-26  0.0000000E+00  6.8150124E-06  1.1497826E-05  0.000E+00  0.000E+00  0.000E+00  1.000E+00  1.000E+00  5.00E+01  0.00E+00  0.00E+00  0.000000  0.042795  0.0000000E+00  0.0000000000E+00
385  1.197076796576870E+09    1.661605  3.430087  3.655609  7.1833100E-01  2.8147560E-01  5.1906569E-07  2.6565129E-08  1.7017149E-06  5.8836381E-06  1.2061048E-07  9.9938484E-10  9.2048308E-07  2.3543589E-08  0.000E+00  0.0000  3.655609   -7.562  6.271092  8.012392  0.0000000E+00  0.0000000E+00  2.6926413E-01  0.0000000E+00  0.0000000E+00  7.3071660E-01  1.5398290E-26  0.0000000E+00  6.8150124E-06  1.1497826E-05  0.000E+00  0.000E+00  0.000E+00  1.000E+00  1.000E+00  5.00E+01  0.00E+00  0.00E+00  0.000000  0.042795  0.0000000E+00  0.0000000000E+00
386  1.197076796576870E+09    1.661605  3.430087  3.655609  7.1833100E-01  2.8147560E-01  5.1906569E-07  2.6565129E-08  1.7017149E-06  5.8836381E-06  1.2061048E-07  9.9938484E-10  9.2048308E-07  2.3543589E-08  0.000E+00  0.0000  3.655609   -7.562  6.271092  8.012392  0.0000000E+00  0.0000000E+00  2.6926413E-01  0.0000000E+00  0.0000000E+00  7.3071660E-01  1.5398290E-26  0.0000000E+00  6.8150124E-06  1.1497826E-05  0.000E+00  0.000E+00  0.000E+00  1.000E+00  1.000E+00  5.00E+01  0.00E+00  0.00E+00  0.000000  0.042795  0.0000000E+00  0.0000000000E+00
387  1.197076796576870E+09    1.661605  3.430087  3.655609  7.1833100E-01  2.8147560E-01  5.1906569E-07  2.6565129E-08  1.7017149E-06  5.8836381E-06  1.2061048E-07  9.9938484E-10  9.2048308E-07  2.3543589E-08  0.000E+00  0.0000  3.655609   -7.562  6.271092  8.012392  0.0000000E+00  0.0000000E+00  2.6926413E-01  0.0000000E+00  0.0000000E+00  7.3071660E-01  1.5398290E-26  0.0000000E+00  6.8150124E-06  1.1497826E-05  0.000E+00  0.000E+00  0.000E+00  1.000E+00  1.000E+00  5.00E+01  0.00E+00  0.00E+00  0.000000  0.042795  0.0000000E+00  0.0000000000E+00
388  1.197076796576870E+09    1.661605  3.430087  3.655609  7.1833100E-01  2.8147560E-01  5.1906569E-07  2.6565129E-08  1.7017149E-06  5.8836381E-06  1.2061048E-07  9.9938484E-10  9.2048308E-07  2.3543589E-08  0.000E+00  0.0000  3.655609   -7.562  6.271092  8.012392  0.0000000E+00  0.0000000E+00  2.6926413E-01  0.0000000E+00  0.0000000E+00  7.3071660E-01  1.5398290E-26  0.0000000E+00  6.8150124E-06  1.1497826E-05  0.000E+00  0.000E+00  0.000E+00  1.000E+00  1.000E+00  5.00E+01  0.00E+00  0.00E+00  0.000000  0.042795  0.0000000E+00  0.0000000000E+00
389  1.197076796576870E+09    1.661605  3.430087  3.655609  7.1833100E-01  2.8147560E-01  5.1906569E-07  2.6565129E-08  1.7017149E-06  5.8836381E-06  1.2061048E-07  9.9938484E-10  9.2048308E-07  2.3543589E-08  0.000E+00  0.0000  3.655609   -7.562  6.271092  8.012392  0.0000000E+00  0.0000000E+00  2.6926413E-01  0.0000000E+00  0.0000000E+00  7.3071660E-01  1.5398290E-26  0.0000000E+00  6.8150124E-06  1.1497826E-05  0.000E+00  0.000E+00  0.000E+00  1.000E+00  1.000E+00  5.00E+01  0.00E+00  0.00E+00  0.000000  0.042795  0.0000000E+00  0.0000000000E+00
390  1.197076796576870E+09    1.661605  3.430087  3.655609  7.1833100E-01  2.8147560E-01  5.1906569E-07  2.6565129E-08  1.7017149E-06  5.8836381E-06  1.2061048E-07  9.9938484E-10  9.2048308E-07  2.3543589E-08  0.000E+00  0.0000  3.655609   -7.562  6.271092  8.012392  0.0000000E+00  0.0000000E+00  2.6926413E-01  0.0000000E+00  0.0000000E+00  7.3071660E-01  1.5398290E-26  0.0000000E+00  6.8150124E-06  1.1497826E-05  0.000E+00  0.000E+00  0.000E+00  1.000E+00  1.000E+00  5.00E+01  0.00E+00  0.00E+00  0.000000  0.042795  0.0000000E+00  0.0000000000E+00
391  1.197076796576870E+09    1.661605  3.430087  3.655609  7.1833100E-01  2.8147560E-01  5.1906569E-07  2.6565129E-08  1.7017149E-06  5.8836381E-06  1.2061048E-07  9.9938484E-10  9.2048308E-07  2.3543589E-08  0.000E+00  0.0000  3.655609   -7.562  6.271092  8.012392  0.0000000E+00  0.0000000E+00  2.6926413E-01  0.0000000E+00  0.0000000E+00  7.3071660E-01  1.5398290E-26  0.0000000E+00  6.8150124E-06  1.1497826E-05  0.000E+00  0.000E+00  0.000E+00  1.000E+00  1.000E+00  5.00E+01  0.00E+00  0.00E+00  0.000000  0.042795  0.0000000E+00  0.0000000000E+00
392  1.197076796576870E+09    1.661605  3.430087  3.655609  7.1833100E-01  2.8147560E-01  5.1906569E-07  2.6565129E-08  1.7017149E-06  5.8836381E-06  1.2061048E-07  9.9938484E-10  9.2048308E-07  2.3543589E-08  0.000E+00  0.0000  3.655609   -7.562  6.271092  8.012392  0.0000000E+00  0.0000000E+00  2.6926413E-01  0.0000000E+00  0.0000000E+00  7.3071660E-01  1.5398290E-26  0.0000000E+00  6.8150124E-06  1.1497826E-05  0.000E+00  0.000E+00  0.000E+00  1.000E+00  1.000E+00  5.00E+01  0.00E+00  0.00E+00  0.000000  0.042795  0.0000000E+00  0.0000000000E+00
393  1.197076796576870E+09    1.661605  3.430087  3.655609  7.1833100E-01  2.8147560E-01  5.1906569E-07  2.6565129E-08  1.7017149E-06  5.8836381E-06  1.2061048E-07  9.9938484E-10  9.2048308E-07  2.3543589E-08  0.000E+00  0.0000  3.655609   -7.562  6.271092  8.012392  0.0000000E+00  0.0000000E+00  2.6926413E-01  0.0000000E+00  0.0000000E+00  7.3071660E-01  1.5398290E-26  0.0000000E+00  6.8150124E-06  1.1497826E-05  0.000E+00  0.000E+00  0.000E+00  1.000E+00  1.000E+00  5.00E+01  0.00E+00  0.00E+00  0.000000  0.042795  0.0000000E+00  0.0000000000E+00
394  1.197076796576870E+09    1.661605  3.430087  3.655609  7.1833100E-01  2.8147560E-01  5.1906569E-07  2.6565129E-08  1.7017149E-06  5.8836381E-06  1.2061048E-07  9.9938484E-10  9.2048308E-07  2.3543589E-08  0.000E+00  0.0000  3.655609   -7.562  6.271092  8.012392  0.0000000E+00  0.0000000E+00  2.6926413E-01  0.0000000E+00  0.0000000E+00  7.3071660E-01  1.5398290E-26  0.0000000E+00  6.8150124E-06  1.1497826E-05  0.000E+00  0.000E+00  0.000E+00  1.000E+00  1.000E+00  5.00E+01  0.00E+00  0.00E+00  0.000000  0.042795  0.0000000E+00  0.0000000000E+00
395  1.197076796576870E+09    1.661605  3.430087  3.655609  7.1833100E-01  2.8147560E-01  5.1906569E-07  2.6565129E-08  1.7017149E-06  5.8836381E-06  1.2061048E-07  9.9938484E-10  9.2048308E-07  2.3543589E-08  0.000E+00  0.0000  3.655609   -7.562  6.271092  8.012392  0.0000000E+00  0.0000000E+00  2.6926413E-01  0.0000000E+00  0.0000000E+00  7.3071660E-01  1.5398290E-26  0.0000000E+00  6.8150124E-06  1.1497826E-05  0.000E+00  0.000E+00  0.000E+00  1.000E+00  1.000E+00  5.00E+01  0.00E+00  0.00E+00  0.000000  0.042795  0.0000000E+00  0.0000000000E+00
396  1.197076796576870E+09    1.661605  3.430087  3.655609  7.1833100E-01  2.8147560E-01  5.1906569E-07  2.6565129E-08  1.7017149E-06  5.8836381E-06  1.2061048E-07  9.9938484E-10  9.2048308E-07  2.3543589E-08  0.000E+00  0.0000  3.655609   -7.562  6.271092  8.012392  0.0000000E+00  0.0000000E+00  2.6926413E-01  0.0000000E+00  0.0000000E+00  7.3071660E-01  1.5398290E-26  0.0000000E+00  6.8150124E-06  1.1497826E-05  0.000E+00  0.000E+00  0.000E+00  1.000E+00  1.000E+00  5.00E+01  0.00E+00  0.00E+00  0.000000  0.042795  0.0000000E+00  0.0000000000E+00
397  1.197076796576870E+09    1.661605  3.430087  3.655609  7.1833100E-01  2.8147560E-01  5.1906569E-07  2.6565129E-08  1.7017149E-06  5.8836381E-06  1.2061048E-07  9.9938484E-10  9.2048308E-07  2.3543589E-08  0.000E+00  0.0000  3.655609   -7.562  6.271092  8.012392  0.0000000E+00  0.0000000E+00  2.6926413E-01  0.0000000E+00  0.0000000E+00  7.3071660E-01  1.5398290E-26  0.0000000E+00  6.8150124E-06  1.1497826E-05  0.000E+00  0.000E+00  0.000E+00  1.000E+00  1.000E+00  5.00E+01  0.00E+00  0.00E+00  0.000000  0.042795  0.0000000E+00  0.0000000000E+00
398  1.197076796576870E+09    1.661605  3.430087  3.655609  7.1833100E-01  2.8147560E-01  5.1906569E-07  2.6565129E-08  1.7017149E-06  5.8836381E-06  1.2061048E-07  9.9938484E-10  9.2048308E-07  2.3543589E-08  0.000E+00  0.0000  3.655609   -7.562  6.271092  8.012392  0.0000000E+00  0.0000000E+00  2.6926413E-01  0.0000000E+00  0.0000000E+00  7.3071660E-01  1.5398290E-26  0.0000000E+00  6.8150124E-06  1.1497826E-05  0.000E+00  0.000E+00  0.000E+00  1.000E+00  1.000E+00  5.00E+01  0.00E+00  0.00E+00  0.000000  0.042795  0.0000000E+00  0.0000000000E+00
399  1.197076796576870E+09    1.661605  3.430087  3.655609  7.1833100E-01  2.8147560E-01  5.1906569E-07  2.6565129E-08  1.7017149E-06  5.8836381E-06  1.2061048E-07  9.9938484E-10  9.2048308E-07  2.3543589E-08  0.000E+00  0.0000  3.655609   -7.562  6.271092  8.012392  0.0000000E+00  0.0000000E+00  2.6926413E-01  0.0000000E+00  0.0000000E+00  7.3071660E-01  1.5398290E-26  0.0000000E+00  6.8150124E-06  1.1497826E-05  0.000E+00  0.000E+00  0.000E+00  1.000E+00  1.000E+00  5.00E+01  0.00E+00  0.00E+00  0.000000  0.042795  0.0000000E+00  0.0000000000E+00
400  1.197076796576870E+09    1.661605  3.430087  3.655609  7.1833100E-01  2.8147560E-01  5.1906569E-07  2.6565129E-08  1.7017149E-06  5.8836381E-06  1.2061048E-07  9.9938484E-10  9.2048308E-07  2.3543589E-08  0.000E+00  0.0000  3.655609   -7.562  6.271092  8.012392  0.0000000E+00  0.0000000E+00  2.6926413E-01  0.0000000E+00  0.0000000E+00  7.3071660E-01  1.5398290E-26  0.0000000E+00  6.8150124E-06  1.1497826E-05  0.000E+00  0.000E+00  0.000E+00  1.000E+00  1.000E+00  5.00E+01  0.00E+00  0.00E+00  0.000000  0.042795  0.0000000E+00  0.0000000000E+00
