line                  time        mass     lg(L)  lg(Teff)        1H_surf       4He_surf       12C_surf       13C_surf       14N_surf       16O_surf       17O_surf       18O_surf      20Ne_surf      22Ne_surf  26Al_surf  Mcc/Mt   lg(Teff)  lg(Md)  lg(rhoc)    lg(Tc)         1H_cen        4He_cen        12C_cen        13C_cen        14N_cen        16O_cen        17O_cen        18O_cen       20Ne_cen       22Ne_cen   26Al_cen  Omeg_surf   Omeg_cen     Rp/Req   Md/Md(0)   v_crit1   v_crit2    v_equa  Om/Om_cr  Gamma_Ed  lg(Mdot_mech)             L_tot
   -                    yr        Msun      Lsun        K      mass frac.     mass frac.     mass frac.     mass frac.     mass frac.     mass frac.     mass frac.     mass frac.     mass frac.     mass frac. mass frac.       -          K   Ms/yr     g/cm3         K     mass frac.     mass frac.     mass frac.     mass frac.     mass frac.     mass frac.     mass frac.     mass frac.     mass frac.     mass frac. mass frac.        s-1        s-1          -          -      km/s      km/s      km/s         -         -        Msun/yr     10^53 g cm2/s

  1  2.818227093760001E+06    2.500000  1.839098  4.211691  7.5157740E-01  2.4837130E-01  1.2915521E-06  4.2970794E-09  1.0216519E-07  6.8211449E-06  3.5136664E-10  2.0005896E-09  9.2048308E-07  2.3543589E-08  0.000E+00  0.1836  4.211691  -30.000  2.017364  7.456545  7.4844570E-01  2.5154410E-01  3.5645441E-08  9.5487676E-09  6.4409192E-06  1.2328039E-06  1.5423074E-08  8.4452696E-12  9.2048308E-07  2.3543589E-08  0.000E+00  0.000E+00  0.000E+00  1.000E+00  1.000E+00  5.51E+02  0.00E+00  0.00E+00  0.000000  0.000744  0.0000000E+00  0.0000000000E+00
  2  8.894307440509479E+06    2.500000  1.844204  4.212267  7.5157740E-01  2.4837130E-01  1.2915521E-06  4.2970794E-09  1.0216519E-07  6.8211449E-06  3.5136664E-10  2.0005896E-09  9.2048308E-07  2.3543589E-08  0.000E+00  0.1801  4.212267  -30.000  2.021419  7.458466  7.4029118E-01  2.5969879E-01  4.0929410E-08  1.0965639E-08  7.3474198E-06  2.0026874E-07  2.3879948E-09  1.3309209E-12  9.2048308E-07  2.3543589E-08  0.000E+00  0.000E+00  0.000E+00  1.000E+00  1.000E+00  5.50E+02  0.00E+00  0.00E+00  0.000000  0.000753  0.0000000E+00  0.0000000000E+00
  3  1.480256256286841E+07    2.500000  1.849172  4.213020  7.5157740E-01  2.4837130E-01  1.2915521E-06  4.2970794E-09  1.0216519E-07  6.8211449E-06  3.5136664E-10  2.0005896E-09  9.2048308E-07  2.3543589E-08  0.000E+00  0.1760  4.213020  -30.000  2.026625  7.460696  7.3213666E-01  2.6785336E-01  4.1292895E-08  1.1064532E-08  7.3551899E-06  1.9098183E-07  2.1762074E-09  1.2386267E-12  9.2048308E-07  2.3543589E-08  0.000E+00  0.000E+00  0.000E+00  1.000E+00  1.000E+00  5.50E+02  0.00E+00  0.00E+00  0.000000  0.000761  0.0000000E+00  0.0000000000E+00
  4  2.055843993220022E+07    2.500000  1.853777  4.213715  7.5157740E-01  2.4837130E-01  1.2915521E-06  4.2970794E-09  1.0216519E-07  6.8211449E-06  3.5136664E-10  2.0005896E-09  9.2048308E-07  2.3543589E-08  0.000E+00  0.1725  4.213715  -30.000  2.031500  7.462966  7.2398214E-01  2.7600796E-01  4.1619106E-08  1.1153374E-08  7.3563729E-06  1.8919549E-07  2.0596904E-09  1.1977520E-12  9.2048308E-07  2.3543589E-08  0.000E+00  0.000E+00  0.000E+00  1.000E+00  1.000E+00  5.49E+02  0.00E+00  0.00E+00  0.000000  0.000769  0.0000000E+00  0.0000000000E+00
  5  2.617144967020626E+07    2.500000  1.858641  4.214472  7.5157740E-01  2.4837130E-01  1.2915521E-06  4.2970794E-09  1.0216519E-07  6.8211449E-06  3.5136664E-10  2.0005896E-09  9.2048308E-07  2.3543589E-08  0.000E+00  0.1691  4.214472  -30.000  2.036935  7.465238  7.1582762E-01  2.8416257E-01  4.1958066E-08  1.1245698E-08  7.3575064E-06  1.8743966E-07  1.9482230E-09  1.1580698E-12  9.2048308E-07  2.3543589E-08  0.000E+00  0.000E+00  0.000E+00  1.000E+00  1.000E+00  5.49E+02  0.00E+00  0.00E+00  0.000000  0.000778  0.0000000E+00  0.0000000000E+00
  6  3.165605330894439E+07    2.500000  1.863485  4.215220  7.5157740E-01  2.4837130E-01  1.2915521E-06  4.2970794E-09  1.0216519E-07  6.8211449E-06  3.5136664E-10  2.0005896E-09  9.2048308E-07  2.3543589E-08  0.000E+00  0.1654  4.215220  -30.000  2.042431  7.467510  7.0767310E-01  2.9231710E-01  4.2300830E-08  1.1339045E-08  7.3586179E-06  1.8569762E-07  1.8422797E-09  1.1196363E-12  9.2048308E-07  2.3543589E-08  0.000E+00  0.000E+00  0.000E+00  1.000E+00  1.000E+00  5.48E+02  0.00E+00  0.00E+00  0.000000  0.000787  0.0000000E+00  0.0000000000E+00
  7  3.701305110314199E+07    2.500000  1.867989  4.215893  7.5157730E-01  2.4837130E-01  1.2915521E-06  4.2970794E-09  1.0216519E-07  6.8211449E-06  3.5136664E-10  2.0005896E-09  9.2048308E-07  2.3543589E-08  0.000E+00  0.1622  4.215893  -30.000  2.047474  7.469796  6.9951858E-01  3.0047171E-01  4.2643914E-08  1.1432440E-08  7.3597200E-06  1.8396099E-07  1.7413689E-09  1.0823237E-12  9.2048308E-07  2.3543589E-08  0.000E+00  0.000E+00  0.000E+00  1.000E+00  1.000E+00  5.47E+02  0.00E+00  0.00E+00  0.000000  0.000795  0.0000000E+00  0.0000000000E+00
  8  4.224453012664399E+07    2.500000  1.872756  4.216621  7.5157730E-01  2.4837130E-01  1.2915521E-06  4.2970794E-09  1.0216519E-07  6.8211449E-06  3.5136664E-10  2.0005896E-09  9.2048308E-07  2.3543589E-08  0.000E+00  0.1587  4.216621  -30.000  2.053081  7.472067  6.9136406E-01  3.0862623E-01  4.2999274E-08  1.1529195E-08  7.3608108E-06  1.8221232E-07  1.6450723E-09  1.0459959E-12  9.2048308E-07  2.3543589E-08  0.000E+00  0.000E+00  0.000E+00  1.000E+00  1.000E+00  5.47E+02  0.00E+00  0.00E+00  0.000000  0.000804  0.0000000E+00  0.0000000000E+00
  9  4.735846572665045E+07    2.500000  1.877509  4.217337  7.5157730E-01  2.4837130E-01  1.2915521E-06  4.2970794E-09  1.0216519E-07  6.8211449E-06  3.5136664E-10  2.0005896E-09  9.2048308E-07  2.3543589E-08  0.000E+00  0.1550  4.217337  -30.000  2.058720  7.474326  6.8320954E-01  3.1678076E-01  4.3357047E-08  1.1626595E-08  7.3618783E-06  1.8048149E-07  1.5540615E-09  1.0109476E-12  9.2048308E-07  2.3543589E-08  0.000E+00  0.000E+00  0.000E+00  1.000E+00  1.000E+00  5.46E+02  0.00E+00  0.00E+00  0.000000  0.000813  0.0000000E+00  0.0000000000E+00
 10  5.235948501489761E+07    2.500000  1.881907  4.217972  7.5157730E-01  2.4837130E-01  1.2915521E-06  4.2970794E-09  1.0216519E-07  6.8211449E-06  3.5136664E-10  2.0005896E-09  9.2048308E-07  2.3543589E-08  0.000E+00  0.1519  4.217972  -30.000  2.063832  7.476599  6.7505502E-01  3.2493538E-01  4.3714232E-08  1.1723796E-08  7.3629286E-06  1.7876700E-07  1.4675808E-09  9.7697386E-13  9.2048308E-07  2.3543589E-08  0.000E+00  0.000E+00  0.000E+00  1.000E+00  1.000E+00  5.46E+02  0.00E+00  0.00E+00  0.000000  0.000821  0.0000000E+00  0.0000000000E+00
 11  5.724339124883650E+07    2.500000  1.886566  4.218653  7.5157730E-01  2.4837130E-01  1.2915521E-06  4.2970794E-09  1.0216519E-07  6.8211449E-06  3.5136664E-10  2.0005896E-09  9.2048308E-07  2.3543589E-08  0.000E+00  0.1484  4.218653  -30.000  2.069510  7.478834  6.6690050E-01  3.3308990E-01  4.4081827E-08  1.1823860E-08  7.3639572E-06  1.7705481E-07  1.3865979E-09  9.4452896E-13  9.2048308E-07  2.3543589E-08  0.000E+00  0.000E+00  0.000E+00  1.000E+00  1.000E+00  5.45E+02  0.00E+00  0.00E+00  0.000000  0.000830  0.0000000E+00  0.0000000000E+00
 12  6.202645280933536E+07    2.500000  1.891214  4.219329  7.5157730E-01  2.4837130E-01  1.2915521E-06  4.2970794E-09  1.0216519E-07  6.8211449E-06  3.5136664E-10  2.0005896E-09  9.2048308E-07  2.3543589E-08  0.000E+00  0.1447  4.219329  -30.000  2.075255  7.481082  6.5874598E-01  3.4124438E-01  4.4452024E-08  1.1924634E-08  7.3649457E-06  1.7537820E-07  1.3117323E-09  9.1410597E-13  9.2048308E-07  2.3543589E-08  0.000E+00  0.000E+00  0.000E+00  1.000E+00  1.000E+00  5.44E+02  0.00E+00  0.00E+00  0.000000  0.000838  0.0000000E+00  0.0000000000E+00
 13  6.669924470185286E+07    2.500000  1.895591  4.220006  7.5157730E-01  2.4837130E-01  1.2915521E-06  4.2970794E-09  1.0216519E-07  6.8211449E-06  3.5136664E-10  2.0005896E-09  9.2048308E-07  2.3543589E-08  0.000E+00  0.1416  4.220006  -30.000  2.080765  7.483517  6.5059146E-01  3.4939894E-01  4.4840588E-08  1.2030387E-08  7.3659338E-06  1.7366904E-07  1.2394940E-09  8.8452255E-13  9.2048308E-07  2.3543589E-08  0.000E+00  0.000E+00  0.000E+00  1.000E+00  1.000E+00  5.44E+02  0.00E+00  0.00E+00  0.000000  0.000847  0.0000000E+00  0.0000000000E+00
 14  7.125039544935109E+07    2.500000  1.900149  4.220676  7.5157730E-01  2.4837130E-01  1.2915521E-06  4.2970794E-09  1.0216519E-07  6.8211449E-06  3.5136664E-10  2.0005896E-09  9.2048308E-07  2.3543589E-08  0.000E+00  0.1378  4.220676  -30.000  2.086653  7.485801  6.4243694E-01  3.5755356E-01  4.5223617E-08  1.2134698E-08  7.3668364E-06  1.7205739E-07  1.1772679E-09  8.5877585E-13  9.2048308E-07  2.3543589E-08  0.000E+00  0.000E+00  0.000E+00  1.000E+00  1.000E+00  5.43E+02  0.00E+00  0.00E+00  0.000000  0.000856  0.0000000E+00  0.0000000000E+00
 15  7.569443189455774E+07    2.500000  1.904641  4.221312  7.5157730E-01  2.4837130E-01  1.2915521E-06  4.2970794E-09  1.0216519E-07  6.8211449E-06  3.5136664E-10  2.0005896E-09  9.2048308E-07  2.3543589E-08  0.000E+00  0.1343  4.221312  -30.000  2.092515  7.488035  6.3428242E-01  3.6570802E-01  4.5595313E-08  1.2235934E-08  7.3676614E-06  1.7054609E-07  1.1224409E-09  8.3594755E-13  9.2048308E-07  2.3543589E-08  0.000E+00  0.000E+00  0.000E+00  1.000E+00  1.000E+00  5.43E+02  0.00E+00  0.00E+00  0.000000  0.000865  0.0000000E+00  0.0000000000E+00
 16  8.004782859037592E+07    2.500000  1.908839  4.221883  7.5157730E-01  2.4837130E-01  1.2915521E-06  4.2970794E-09  1.0216519E-07  6.8211449E-06  3.5136664E-10  2.0005896E-09  9.2048308E-07  2.3543589E-08  0.000E+00  0.1313  4.221883  -30.000  2.097801  7.490328  6.2612790E-01  3.7386258E-01  4.5965230E-08  1.2336686E-08  7.3684230E-06  1.6910623E-07  1.0720339E-09  8.1490564E-13  9.2048308E-07  2.3543589E-08  0.000E+00  0.000E+00  0.000E+00  1.000E+00  1.000E+00  5.42E+02  0.00E+00  0.00E+00  0.000000  0.000873  0.0000000E+00  0.0000000000E+00
 17  8.431432952102314E+07    2.500000  1.913280  4.222497  7.5157720E-01  2.4837130E-01  1.2915521E-06  4.2970794E-09  1.0216519E-07  6.8211449E-06  3.5136664E-10  2.0005896E-09  9.2048308E-07  2.3543589E-08  0.000E+00  0.1287  4.222497  -30.000  2.103745  7.492549  6.1797338E-01  3.8201707E-01  4.6328756E-08  1.2435728E-08  7.3691258E-06  1.6773881E-07  1.0272428E-09  7.9609810E-13  9.2048308E-07  2.3543589E-08  0.000E+00  0.000E+00  0.000E+00  1.000E+00  1.000E+00  5.41E+02  0.00E+00  0.00E+00  0.000000  0.000882  0.0000000E+00  0.0000000000E+00
 18  8.849806205679314E+07    2.500000  1.917437  4.223051  7.5157720E-01  2.4837130E-01  1.2915521E-06  4.2970794E-09  1.0216519E-07  6.8211449E-06  3.5136664E-10  2.0005896E-09  9.2048308E-07  2.3543589E-08  0.000E+00  0.1252  4.223051  -30.000  2.109226  7.494811  6.0981886E-01  3.9017160E-01  4.6695283E-08  1.2535602E-08  7.3697872E-06  1.6641048E-07  9.8582958E-10  7.7870921E-13  9.2048308E-07  2.3543589E-08  0.000E+00  0.000E+00  0.000E+00  1.000E+00  1.000E+00  5.41E+02  0.00E+00  0.00E+00  0.000000  0.000891  0.0000000E+00  0.0000000000E+00
 19  9.259035021589307E+07    2.500000  1.921693  4.223597  7.5157720E-01  2.4837130E-01  1.2915521E-06  4.2970794E-09  1.0216519E-07  6.8211449E-06  3.5136664E-10  2.0005896E-09  9.2048308E-07  2.3543589E-08  0.000E+00  0.1224  4.223597  -30.000  2.114822  7.497008  6.0166434E-01  3.9832616E-01  4.7067652E-08  1.2637093E-08  7.3704017E-06  1.6512295E-07  9.4766052E-10  7.6260520E-13  9.2048308E-07  2.3543589E-08  0.000E+00  0.000E+00  0.000E+00  1.000E+00  1.000E+00  5.40E+02  0.00E+00  0.00E+00  0.000000  0.000899  0.0000000E+00  0.0000000000E+00
 20  9.661242513985735E+07    2.500000  1.925914  4.224126  7.5157720E-01  2.4837130E-01  1.2915521E-06  4.2970794E-09  1.0216519E-07  6.8211449E-06  3.5136664E-10  2.0005896E-09  9.2048308E-07  2.3543589E-08  0.000E+00  0.1201  4.224126  -30.000  2.120566  7.499167  5.9350982E-01  4.0648068E-01  4.7434444E-08  1.2737078E-08  7.3709792E-06  1.6388394E-07  9.1273644E-10  7.4779462E-13  9.2048308E-07  2.3543589E-08  0.000E+00  0.000E+00  0.000E+00  1.000E+00  1.000E+00  5.40E+02  0.00E+00  0.00E+00  0.000000  0.000908  0.0000000E+00  0.0000000000E+00
 21  1.005785639882246E+08    2.500000  1.929984  4.224629  7.5157720E-01  2.4837130E-01  1.2915521E-06  4.2970794E-09  1.0216519E-07  6.8211449E-06  3.5136664E-10  2.0005896E-09  9.2048308E-07  2.3543589E-08  0.000E+00  0.1184  4.224629  -30.000  2.125919  7.501433  5.8535530E-01  4.1463520E-01  4.7795038E-08  1.2835414E-08  7.3714782E-06  1.6274248E-07  8.8032537E-10  7.3411748E-13  9.2048308E-07  2.3543589E-08  0.000E+00  0.000E+00  0.000E+00  1.000E+00  1.000E+00  5.39E+02  0.00E+00  0.00E+00  0.000000  0.000917  0.0000000E+00  0.0000000000E+00
 22  1.044686337954239E+08    2.500000  1.933908  4.225073  7.5157720E-01  2.4837130E-01  1.2915521E-06  4.2970794E-09  1.0216519E-07  6.8211449E-06  3.5136664E-10  2.0005896E-09  9.2048308E-07  2.3543589E-08  0.000E+00  0.1169  4.225073  -30.000  2.131070  7.503634  5.7720078E-01  4.2278975E-01  4.8143953E-08  1.2930600E-08  7.3719762E-06  1.6161885E-07  8.5080829E-10  7.2150236E-13  9.2048308E-07  2.3543589E-08  0.000E+00  0.000E+00  0.000E+00  1.000E+00  1.000E+00  5.38E+02  0.00E+00  0.00E+00  0.000000  0.000925  0.0000000E+00  0.0000000000E+00
 23  1.083149448877598E+08    2.500000  1.937882  4.225519  7.5157720E-01  2.4837130E-01  1.2915521E-06  4.2970794E-09  1.0216519E-07  6.8211449E-06  3.5136664E-10  2.0005896E-09  9.2048308E-07  2.3543589E-08  0.000E+00  0.1160  4.225519  -30.000  2.136311  7.505840  5.6904626E-01  4.3094428E-01  4.8487789E-08  1.3024434E-08  7.3724108E-06  1.6057394E-07  8.2360406E-10  7.0991809E-13  9.2048308E-07  2.3543589E-08  0.000E+00  0.000E+00  0.000E+00  1.000E+00  1.000E+00  5.38E+02  0.00E+00  0.00E+00  0.000000  0.000934  0.0000000E+00  0.0000000000E+00
 24  1.121003094951368E+08    2.500000  1.941981  4.225899  7.5157720E-01  2.4837130E-01  1.2915521E-06  4.2970794E-09  1.0216519E-07  6.8211449E-06  3.5136664E-10  2.0005896E-09  9.2048308E-07  2.3543589E-08  0.000E+00  0.1134  4.225899  -30.000  2.141648  7.507824  5.6089174E-01  4.3909886E-01  4.8836570E-08  1.3119636E-08  7.3728171E-06  1.5955118E-07  7.9853576E-10  6.9913204E-13  9.2048308E-07  2.3543589E-08  0.000E+00  0.000E+00  0.000E+00  1.000E+00  1.000E+00  5.37E+02  0.00E+00  0.00E+00  0.000000  0.000943  0.0000000E+00  0.0000000000E+00
 25  1.158175793986946E+08    2.500000  1.945853  4.226324  7.5157720E-01  2.4837130E-01  1.2915521E-06  4.2970794E-09  1.0216519E-07  6.8211449E-06  3.5136664E-10  2.0005896E-09  9.2048308E-07  2.3543589E-08  0.000E+00  0.1127  4.226324  -30.000  2.146992  7.510041  5.5273722E-01  4.4725338E-01  4.9196195E-08  1.3217840E-08  7.3732185E-06  1.5851563E-07  7.7360975E-10  6.8841381E-13  9.2048308E-07  2.3543589E-08  0.000E+00  0.000E+00  0.000E+00  1.000E+00  1.000E+00  5.36E+02  0.00E+00  0.00E+00  0.000000  0.000951  0.0000000E+00  0.0000000000E+00
 26  1.194932667504426E+08    2.500000  1.949711  4.226706  7.5157720E-01  2.4837130E-01  1.2915521E-06  4.2970794E-09  1.0216519E-07  6.8211449E-06  3.5136664E-10  2.0005896E-09  9.2048308E-07  2.3543589E-08  0.000E+00  0.1122  4.226706  -30.000  2.152137  7.512224  5.4458270E-01  4.5540785E-01  4.9542532E-08  1.3312450E-08  7.3735707E-06  1.5755643E-07  7.5086153E-10  6.7864577E-13  9.2048308E-07  2.3543589E-08  0.000E+00  0.000E+00  0.000E+00  1.000E+00  1.000E+00  5.35E+02  0.00E+00  0.00E+00  0.000000  0.000960  0.0000000E+00  0.0000000000E+00
 27  1.231346981819550E+08    2.500000  1.953538  4.227066  7.5157720E-01  2.4837130E-01  1.2915521E-06  4.2970794E-09  1.0216519E-07  6.8211449E-06  3.5136664E-10  2.0005896E-09  9.2048308E-07  2.3543589E-08  0.000E+00  0.1117  4.227066  -30.000  2.157214  7.514398  5.3642818E-01  4.6356235E-01  4.9889226E-08  1.3407186E-08  7.3738989E-06  1.5662282E-07  7.2932367E-10  6.6937110E-13  9.2048308E-07  2.3543589E-08  0.000E+00  0.000E+00  0.000E+00  1.000E+00  1.000E+00  5.35E+02  0.00E+00  0.00E+00  0.000000  0.000968  0.0000000E+00  0.0000000000E+00
 28  1.267354867262215E+08    2.500000  1.957392  4.227360  7.5157720E-01  2.4837130E-01  1.2915521E-06  4.2970794E-09  1.0216519E-07  6.8211449E-06  3.5136664E-10  2.0005896E-09  9.2048308E-07  2.3543589E-08  0.000E+00  0.1096  4.227360  -30.000  2.162367  7.516400  5.2827366E-01  4.7171694E-01  5.0239017E-08  1.3502786E-08  7.3742113E-06  1.5570080E-07  7.0914273E-10  6.6056984E-13  9.2048308E-07  2.3543589E-08  0.000E+00  0.000E+00  0.000E+00  1.000E+00  1.000E+00  5.34E+02  0.00E+00  0.00E+00  0.000000  0.000976  0.0000000E+00  0.0000000000E+00
 29  1.302681139377863E+08    2.500000  1.961314  4.227740  7.5157720E-01  2.4837130E-01  1.2915521E-06  4.2970794E-09  1.0216519E-07  6.8211449E-06  3.5136664E-10  2.0005896E-09  9.2048308E-07  2.3543589E-08  0.000E+00  0.1091  4.227740  -30.000  2.167643  7.518634  5.2011914E-01  4.7987146E-01  5.0626261E-08  1.3608654E-08  7.3745242E-06  1.5471679E-07  6.8787121E-10  6.5127704E-13  9.2048308E-07  2.3543589E-08  0.000E+00  0.000E+00  0.000E+00  1.000E+00  1.000E+00  5.33E+02  0.00E+00  0.00E+00  0.000000  0.000985  0.0000000E+00  0.0000000000E+00
 30  1.337486281602415E+08    2.500000  1.965005  4.228038  7.5157710E-01  2.4837130E-01  1.2915521E-06  4.2970794E-09  1.0216519E-07  6.8211449E-06  3.5136664E-10  2.0005896E-09  9.2048308E-07  2.3543589E-08  0.000E+00  0.1089  4.228038  -30.000  2.172692  7.520779  5.1196462E-01  4.8802590E-01  5.0977912E-08  1.3704827E-08  7.3747958E-06  1.5383675E-07  6.6921964E-10  6.4312446E-13  9.2048308E-07  2.3543589E-08  0.000E+00  0.000E+00  0.000E+00  1.000E+00  1.000E+00  5.32E+02  0.00E+00  0.00E+00  0.000000  0.000994  0.0000000E+00  0.0000000000E+00
 31  1.371933307562881E+08    2.500000  1.968682  4.228294  7.5157710E-01  2.4837130E-01  1.2915521E-06  4.2970794E-09  1.0216519E-07  6.8211449E-06  3.5136664E-10  2.0005896E-09  9.2048308E-07  2.3543589E-08  0.000E+00  0.1087  4.228294  -30.000  2.177518  7.522893  5.0381010E-01  4.9618050E-01  5.1329126E-08  1.3800910E-08  7.3750380E-06  1.5298999E-07  6.5162612E-10  6.3545074E-13  9.2048308E-07  2.3543589E-08  0.000E+00  0.000E+00  0.000E+00  1.000E+00  1.000E+00  5.32E+02  0.00E+00  0.00E+00  0.000000  0.001002  0.0000000E+00  0.0000000000E+00
 32  1.406044034699615E+08    2.500000  1.972352  4.228554  7.5157710E-01  2.4837130E-01  1.2915521E-06  4.2970794E-09  1.0216519E-07  6.8211449E-06  3.5136664E-10  2.0005896E-09  9.2048308E-07  2.3543589E-08  0.000E+00  0.1084  4.228554  -30.000  2.182402  7.525069  4.9565558E-01  5.0433502E-01  5.1694907E-08  1.3900997E-08  7.3752777E-06  1.5212193E-07  6.3396674E-10  6.2765534E-13  9.2048308E-07  2.3543589E-08  0.000E+00  0.000E+00  0.000E+00  1.000E+00  1.000E+00  5.31E+02  0.00E+00  0.00E+00  0.000000  0.001011  0.0000000E+00  0.0000000000E+00
 33  1.439814991313921E+08    2.500000  1.975975  4.228760  7.5157710E-01  2.4837130E-01  1.2915521E-06  4.2970794E-09  1.0216519E-07  6.8211449E-06  3.5136664E-10  2.0005896E-09  9.2048308E-07  2.3543589E-08  0.000E+00  0.1082  4.228760  -30.000  2.187092  7.527170  4.8750106E-01  5.1248954E-01  5.2052523E-08  1.3998876E-08  7.3754936E-06  1.5129338E-07  6.1752427E-10  6.2035922E-13  9.2048308E-07  2.3543589E-08  0.000E+00  0.000E+00  0.000E+00  1.000E+00  1.000E+00  5.30E+02  0.00E+00  0.00E+00  0.000000  0.001019  0.0000000E+00  0.0000000000E+00
 34  1.473264555514997E+08    2.500000  1.979563  4.228940  7.5157710E-01  2.4837130E-01  1.2915521E-06  4.2970794E-09  1.0216519E-07  6.8211449E-06  3.5136664E-10  2.0005896E-09  9.2048308E-07  2.3543589E-08  0.000E+00  0.1081  4.228940  -30.000  2.191730  7.529263  4.7934654E-01  5.2064406E-01  5.2412373E-08  1.4097384E-08  7.3756970E-06  1.5047488E-07  6.0161610E-10  6.1323522E-13  9.2048308E-07  2.3543589E-08  0.000E+00  0.000E+00  0.000E+00  1.000E+00  1.000E+00  5.29E+02  0.00E+00  0.00E+00  0.000000  0.001027  0.0000000E+00  0.0000000000E+00
 35  1.506407845537112E+08    2.500000  1.983108  4.229079  7.5157710E-01  2.4837130E-01  1.2915521E-06  4.2970794E-09  1.0216519E-07  6.8211449E-06  3.5136664E-10  2.0005896E-09  9.2048308E-07  2.3543589E-08  0.000E+00  0.1080  4.229079  -30.000  2.196248  7.531315  4.7119202E-01  5.2879858E-01  5.2769885E-08  1.4195281E-08  7.3758806E-06  1.4968213E-07  5.8656905E-10  6.0648316E-13  9.2048308E-07  2.3543589E-08  0.000E+00  0.000E+00  0.000E+00  1.000E+00  1.000E+00  5.28E+02  0.00E+00  0.00E+00  0.000000  0.001036  0.0000000E+00  0.0000000000E+00
 36  1.539223305329248E+08    2.500000  1.986647  4.229224  7.5157710E-01  2.4837130E-01  1.2915521E-06  4.2970794E-09  1.0216519E-07  6.8211449E-06  3.5136664E-10  2.0005896E-09  9.2048308E-07  2.3543589E-08  0.000E+00  0.1080  4.229224  -30.000  2.200828  7.533429  4.6303750E-01  5.3695310E-01  5.3142466E-08  1.4297321E-08  7.3760618E-06  1.4886694E-07  5.7141896E-10  5.9960099E-13  9.2048308E-07  2.3543589E-08  0.000E+00  0.000E+00  0.000E+00  1.000E+00  1.000E+00  5.27E+02  0.00E+00  0.00E+00  0.000000  0.001045  0.0000000E+00  0.0000000000E+00
 37  1.571719222031270E+08    2.500000  1.990161  4.229315  7.5157710E-01  2.4837130E-01  1.2915521E-06  4.2970794E-09  1.0216519E-07  6.8211449E-06  3.5136664E-10  2.0005896E-09  9.2048308E-07  2.3543589E-08  0.000E+00  0.1079  4.229315  -30.000  2.205232  7.535465  4.5488298E-01  5.4510762E-01  5.3506105E-08  1.4396937E-08  7.3762195E-06  1.4809259E-07  5.5729336E-10  5.9315928E-13  9.2048308E-07  2.3543589E-08  0.000E+00  0.000E+00  0.000E+00  1.000E+00  1.000E+00  5.26E+02  0.00E+00  0.00E+00  0.000000  0.001053  0.0000000E+00  0.0000000000E+00
 38  1.603894352573876E+08    2.500000  1.993636  4.229388  7.5157710E-01  2.4837130E-01  1.2915521E-06  4.2970794E-09  1.0216519E-07  6.8211449E-06  3.5136664E-10  2.0005896E-09  9.2048308E-07  2.3543589E-08  0.000E+00  0.1078  4.229388  -30.000  2.209599  7.537508  4.4672846E-01  5.5326214E-01  5.3875984E-08  1.4498281E-08  7.3763699E-06  1.4731596E-07  5.4343265E-10  5.8676665E-13  9.2048308E-07  2.3543589E-08  0.000E+00  0.000E+00  0.000E+00  1.000E+00  1.000E+00  5.25E+02  0.00E+00  0.00E+00  0.000000  0.001061  0.0000000E+00  0.0000000000E+00
 39  1.635757781119766E+08    2.500000  1.997098  4.229448  7.5157710E-01  2.4837130E-01  1.2915521E-06  4.2970794E-09  1.0216519E-07  6.8211449E-06  3.5136664E-10  2.0005896E-09  9.2048308E-07  2.3543589E-08  0.000E+00  0.1076  4.229448  -30.000  2.213968  7.539581  4.3857394E-01  5.6141666E-01  5.4256501E-08  1.4602561E-08  7.3765106E-06  1.4653222E-07  5.2972681E-10  5.8039573E-13  9.2048308E-07  2.3543589E-08  0.000E+00  0.000E+00  0.000E+00  1.000E+00  1.000E+00  5.24E+02  0.00E+00  0.00E+00  0.000000  0.001070  0.0000000E+00  0.0000000000E+00
 40  1.667088543937154E+08    2.500000  2.000614  4.229474  7.5157710E-01  2.4837130E-01  1.2915521E-06  4.2970794E-09  1.0216519E-07  6.8211449E-06  3.5136664E-10  2.0005896E-09  9.2048308E-07  2.3543589E-08  0.000E+00  0.1070  4.229474  -30.000  2.218479  7.541531  4.3041942E-01  5.6957118E-01  5.4641694E-08  1.4708139E-08  7.3766319E-06  1.4576246E-07  5.1661996E-10  5.7420486E-13  9.2048308E-07  2.3543589E-08  0.000E+00  0.000E+00  0.000E+00  1.000E+00  1.000E+00  5.23E+02  0.00E+00  0.00E+00  0.000000  0.001078  0.0000000E+00  0.0000000000E+00
 41  1.697963416847545E+08    2.500000  2.003935  4.229462  7.5157710E-01  2.4837130E-01  1.2915521E-06  4.2970794E-09  1.0216519E-07  6.8211449E-06  3.5136664E-10  2.0005896E-09  9.2048308E-07  2.3543589E-08  0.000E+00  0.1069  4.229462  -30.000  2.222655  7.543536  4.2226490E-01  5.7772570E-01  5.5023209E-08  1.4812733E-08  7.3767590E-06  1.4499189E-07  5.0386863E-10  5.6812167E-13  9.2048308E-07  2.3543589E-08  0.000E+00  0.000E+00  0.000E+00  1.000E+00  1.000E+00  5.22E+02  0.00E+00  0.00E+00  0.000000  0.001087  0.0000000E+00  0.0000000000E+00
 42  1.728523951244847E+08    2.500000  2.007230  4.229399  7.5157710E-01  2.4837130E-01  1.2915521E-06  4.2970794E-09  1.0216519E-07  6.8211449E-06  3.5136664E-10  2.0005896E-09  9.2048308E-07  2.3543589E-08  0.000E+00  0.1067  4.229399  -30.000  2.226679  7.545471  4.1411038E-01  5.8588022E-01  5.5392278E-08  1.4913935E-08  7.3768608E-06  1.4427013E-07  4.9198993E-10  5.6243287E-13  9.2048308E-07  2.3543589E-08  0.000E+00  0.000E+00  0.000E+00  1.000E+00  1.000E+00  5.21E+02  0.00E+00  0.00E+00  0.000000  0.001095  0.0000000E+00  0.0000000000E+00
 43  1.758741587426702E+08    2.500000  2.010541  4.229362  7.5157710E-01  2.4837130E-01  1.2915521E-06  4.2970794E-09  1.0216519E-07  6.8211449E-06  3.5136664E-10  2.0005896E-09  9.2048308E-07  2.3543589E-08  0.000E+00  0.1065  4.229362  -30.000  2.230844  7.547525  4.0595586E-01  5.9403479E-01  5.5789644E-08  1.5022916E-08  7.3769595E-06  1.4350502E-07  4.7962685E-10  5.5645303E-13  9.2048308E-07  2.3543589E-08  0.000E+00  0.000E+00  0.000E+00  1.000E+00  1.000E+00  5.20E+02  0.00E+00  0.00E+00  0.000000  0.001104  0.0000000E+00  0.0000000000E+00
 44  1.788630777914917E+08    2.500000  2.013784  4.229248  7.5157710E-01  2.4837130E-01  1.2915521E-06  4.2970794E-09  1.0216519E-07  6.8211449E-06  3.5136664E-10  2.0005896E-09  9.2048308E-07  2.3543589E-08  0.000E+00  0.1063  4.229248  -30.000  2.234752  7.549451  3.9780134E-01  6.0218926E-01  5.6166485E-08  1.5126287E-08  7.3770421E-06  1.4279149E-07  4.6833210E-10  5.5093064E-13  9.2048308E-07  2.3543589E-08  0.000E+00  0.000E+00  0.000E+00  1.000E+00  1.000E+00  5.19E+02  0.00E+00  0.00E+00  0.000000  0.001112  0.0000000E+00  0.0000000000E+00
 45  1.818236310501365E+08    2.500000  2.016993  4.229101  7.5157710E-01  2.4837130E-01  1.2915521E-06  4.2970794E-09  1.0216519E-07  6.8211449E-06  3.5136664E-10  2.0005896E-09  9.2048308E-07  2.3543589E-08  0.000E+00  0.1062  4.229101  -30.000  2.238588  7.551355  3.8964682E-01  6.1034386E-01  5.6544041E-08  1.5229872E-08  7.3771149E-06  1.4208788E-07  4.5739110E-10  5.4552359E-13  9.2048308E-07  2.3543589E-08  0.000E+00  0.000E+00  0.000E+00  1.000E+00  1.000E+00  5.18E+02  0.00E+00  0.00E+00  0.000000  0.001120  0.0000000E+00  0.0000000000E+00
 46  1.847482532310328E+08    2.500000  2.020189  4.228965  7.5157710E-01  2.4837130E-01  1.2915521E-06  4.2970794E-09  1.0216519E-07  6.8211449E-06  3.5136664E-10  2.0005896E-09  9.2048308E-07  2.3543589E-08  0.000E+00  0.1059  4.228965  -30.000  2.242518  7.553349  3.8149230E-01  6.1849834E-01  5.6944766E-08  1.5339831E-08  7.3771839E-06  1.4134991E-07  4.4614357E-10  5.3989975E-13  9.2048308E-07  2.3543589E-08  0.000E+00  0.000E+00  0.000E+00  1.000E+00  1.000E+00  5.17E+02  0.00E+00  0.00E+00  0.000000  0.001128  0.0000000E+00  0.0000000000E+00
 47  1.876423758103746E+08    2.500000  2.023311  4.228739  7.5157710E-01  2.4837130E-01  1.2915521E-06  4.2970794E-09  1.0216519E-07  6.8211449E-06  3.5136664E-10  2.0005896E-09  9.2048308E-07  2.3543589E-08  0.000E+00  0.1058  4.228739  -30.000  2.246255  7.555164  3.7333778E-01  6.2665287E-01  5.7325337E-08  1.5444279E-08  7.3772367E-06  1.4066313E-07  4.3594372E-10  5.3472284E-13  9.2048308E-07  2.3543589E-08  0.000E+00  0.000E+00  0.000E+00  1.000E+00  1.000E+00  5.16E+02  0.00E+00  0.00E+00  0.000000  0.001136  0.0000000E+00  0.0000000000E+00
 48  1.904986753901991E+08    2.500000  2.026566  4.228524  7.5157710E-01  2.4837130E-01  1.2915521E-06  4.2970794E-09  1.0216519E-07  6.8211449E-06  3.5136664E-10  2.0005896E-09  9.2048308E-07  2.3543589E-08  0.000E+00  0.1053  4.228524  -30.000  2.250317  7.556979  3.6518326E-01  6.3480737E-01  5.7710647E-08  1.5550040E-08  7.3772862E-06  1.3997220E-07  4.2591449E-10  5.2955799E-13  9.2048308E-07  2.3543589E-08  0.000E+00  0.000E+00  0.000E+00  1.000E+00  1.000E+00  5.14E+02  0.00E+00  0.00E+00  0.000000  0.001145  0.0000000E+00  0.0000000000E+00
 49  1.933135195513103E+08    2.500000  2.029601  4.228302  7.5157710E-01  2.4837130E-01  1.2915521E-06  4.2970794E-09  1.0216519E-07  6.8211449E-06  3.5136664E-10  2.0005896E-09  9.2048308E-07  2.3543589E-08  0.000E+00  0.1051  4.228302  -30.000  2.253934  7.558967  3.5702874E-01  6.4296186E-01  5.8126723E-08  1.5664271E-08  7.3773268E-06  1.3924039E-07  4.1535934E-10  5.2409936E-13  9.2048308E-07  2.3543589E-08  0.000E+00  0.000E+00  0.000E+00  1.000E+00  1.000E+00  5.13E+02  0.00E+00  0.00E+00  0.000000  0.001153  0.0000000E+00  0.0000000000E+00
 50  1.960879626059483E+08    2.500000  2.032624  4.228022  7.5157700E-01  2.4837130E-01  1.2915521E-06  4.2970794E-09  1.0216519E-07  6.8211449E-06  3.5136664E-10  2.0005896E-09  9.2048308E-07  2.3543589E-08  0.000E+00  0.1049  4.228022  -30.000  2.257536  7.560823  3.4887422E-01  6.5111638E-01  5.8519946E-08  1.5772243E-08  7.3773569E-06  1.3855784E-07  4.0571729E-10  5.1904581E-13  9.2048308E-07  2.3543589E-08  0.000E+00  0.000E+00  0.000E+00  1.000E+00  1.000E+00  5.12E+02  0.00E+00  0.00E+00  0.000000  0.001161  0.0000000E+00  0.0000000000E+00
 51  1.988295563097256E+08    2.500000  2.035683  4.227721  7.5157700E-01  2.4837130E-01  1.2915521E-06  4.2970794E-09  1.0216519E-07  6.8211449E-06  3.5136664E-10  2.0005896E-09  9.2048308E-07  2.3543589E-08  0.000E+00  0.1045  4.227721  -30.000  2.261259  7.562643  3.4071970E-01  6.5927090E-01  5.8916940E-08  1.5881269E-08  7.3773696E-06  1.3788860E-07  3.9637351E-10  5.1409957E-13  9.2048308E-07  2.3543589E-08  0.000E+00  0.000E+00  0.000E+00  1.000E+00  1.000E+00  5.11E+02  0.00E+00  0.00E+00  0.000000  0.001169  0.0000000E+00  0.0000000000E+00
 52  2.015273523865105E+08    2.500000  2.038631  4.227412  7.5157700E-01  2.4837130E-01  1.2915521E-06  4.2970794E-09  1.0216519E-07  6.8211449E-06  3.5136664E-10  2.0005896E-09  9.2048308E-07  2.3543589E-08  0.000E+00  0.1042  4.227412  -30.000  2.264892  7.564553  3.3256518E-01  6.6742542E-01  5.9336434E-08  1.5996491E-08  7.3773929E-06  1.3716997E-07  3.8672285E-10  5.0888725E-13  9.2048308E-07  2.3543589E-08  0.000E+00  0.000E+00  0.000E+00  1.000E+00  1.000E+00  5.10E+02  0.00E+00  0.00E+00  0.000000  0.001177  0.0000000E+00  0.0000000000E+00
 53  2.041936008432629E+08    2.500000  2.041544  4.227050  7.5157700E-01  2.4837130E-01  1.2915521E-06  4.2970794E-09  1.0216519E-07  6.8211449E-06  3.5136664E-10  2.0005896E-09  9.2048308E-07  2.3543589E-08  0.000E+00  0.1039  4.227050  -30.000  2.268378  7.566383  3.2441066E-01  6.7557994E-01  5.9738930E-08  1.6107061E-08  7.3773988E-06  1.3649894E-07  3.7776214E-10  5.0401239E-13  9.2048308E-07  2.3543589E-08  0.000E+00  0.000E+00  0.000E+00  1.000E+00  1.000E+00  5.08E+02  0.00E+00  0.00E+00  0.000000  0.001185  0.0000000E+00  0.0000000000E+00
 54  2.068302301587911E+08    2.500000  2.044432  4.226661  7.5157700E-01  2.4837130E-01  1.2915521E-06  4.2970794E-09  1.0216519E-07  6.8211449E-06  3.5136664E-10  2.0005896E-09  9.2048308E-07  2.3543589E-08  0.000E+00  0.1036  4.226661  -30.000  2.271833  7.568204  3.1625614E-01  6.8373446E-01  6.0144629E-08  1.6218529E-08  7.3773966E-06  1.3583156E-07  3.6901374E-10  4.9919468E-13  9.2048308E-07  2.3543589E-08  0.000E+00  0.000E+00  0.000E+00  1.000E+00  1.000E+00  5.07E+02  0.00E+00  0.00E+00  0.000000  0.001193  0.0000000E+00  0.0000000000E+00
 55  2.094347321469296E+08    2.500000  2.047350  4.226275  7.5157700E-01  2.4837130E-01  1.2915521E-06  4.2970794E-09  1.0216519E-07  6.8211449E-06  3.5136664E-10  2.0005896E-09  9.2048308E-07  2.3543589E-08  0.000E+00  0.1032  4.226275  -30.000  2.275455  7.570092  3.0810162E-01  6.9188898E-01  6.0569706E-08  1.6335335E-08  7.3773852E-06  1.3514249E-07  3.6012255E-10  4.9423786E-13  9.2048308E-07  2.3543589E-08  0.000E+00  0.000E+00  0.000E+00  1.000E+00  1.000E+00  5.06E+02  0.00E+00  0.00E+00  0.000000  0.001201  0.0000000E+00  0.0000000000E+00
 56  2.120015005640869E+08    2.500000  2.050293  4.225849  7.5157700E-01  2.4837130E-01  1.2915521E-06  4.2970794E-09  1.0216519E-07  6.8211449E-06  3.5136664E-10  2.0005896E-09  9.2048308E-07  2.3543589E-08  0.000E+00  0.1029  4.225849  -30.000  2.279176  7.571864  2.9994710E-01  7.0004352E-01  6.0987787E-08  1.6450243E-08  7.3773447E-06  1.3449768E-07  3.5183905E-10  4.8958408E-13  9.2048308E-07  2.3543589E-08  0.000E+00  0.000E+00  0.000E+00  1.000E+00  1.000E+00  5.04E+02  0.00E+00  0.00E+00  0.000000  0.001209  0.0000000E+00  0.0000000000E+00
 57  2.145247277575811E+08    2.500000  2.052992  4.225348  7.5157700E-01  2.4837130E-01  1.2915521E-06  4.2970794E-09  1.0216519E-07  6.8211449E-06  3.5136664E-10  2.0005896E-09  9.2048308E-07  2.3543589E-08  0.000E+00  0.1026  4.225348  -30.000  2.282392  7.573594  2.9179258E-01  7.0819802E-01  6.1398714E-08  1.6563202E-08  7.3773400E-06  1.3382373E-07  3.4379515E-10  4.8490579E-13  9.2048308E-07  2.3543589E-08  0.000E+00  0.000E+00  0.000E+00  1.000E+00  1.000E+00  5.03E+02  0.00E+00  0.00E+00  0.000000  0.001217  0.0000000E+00  0.0000000000E+00
 58  2.170147183506392E+08    2.500000  2.055760  4.224880  7.5157700E-01  2.4837130E-01  1.2915521E-06  4.2970794E-09  1.0216519E-07  6.8211449E-06  3.5136664E-10  2.0005896E-09  9.2048308E-07  2.3543589E-08  0.000E+00  0.1021  4.224880  -30.000  2.285873  7.575466  2.8363806E-01  7.1635256E-01  6.1837708E-08  1.6683888E-08  7.3773052E-06  1.3313736E-07  3.3544831E-10  4.8006227E-13  9.2048308E-07  2.3543589E-08  0.000E+00  0.000E+00  0.000E+00  1.000E+00  1.000E+00  5.02E+02  0.00E+00  0.00E+00  0.000000  0.001224  0.0000000E+00  0.0000000000E+00
 59  2.194745609617305E+08    2.500000  2.058493  4.224356  7.5157700E-01  2.4837130E-01  1.2915521E-06  4.2970794E-09  1.0216519E-07  6.8211449E-06  3.5136664E-10  2.0005896E-09  9.2048308E-07  2.3543589E-08  0.000E+00  0.1019  4.224356  -30.000  2.289217  7.577248  2.7548354E-01  7.2450716E-01  6.2262058E-08  1.6800568E-08  7.3772639E-06  1.3248261E-07  3.2764342E-10  4.7547078E-13  9.2048308E-07  2.3543589E-08  0.000E+00  0.000E+00  0.000E+00  1.000E+00  1.000E+00  5.00E+02  0.00E+00  0.00E+00  0.000000  0.001232  0.0000000E+00  0.0000000000E+00
 60  2.219069592322625E+08    2.500000  2.061190  4.223806  7.5157700E-01  2.4837130E-01  1.2915521E-06  4.2970794E-09  1.0216519E-07  6.8211449E-06  3.5136664E-10  2.0005896E-09  9.2048308E-07  2.3543589E-08  0.000E+00  0.1015  4.223806  -30.000  2.292578  7.579036  2.6732902E-01  7.3266158E-01  6.2691541E-08  1.6918674E-08  7.3772150E-06  1.3182774E-07  3.1997991E-10  4.7090083E-13  9.2048308E-07  2.3543589E-08  0.000E+00  0.000E+00  0.000E+00  1.000E+00  1.000E+00  4.99E+02  0.00E+00  0.00E+00  0.000000  0.001240  0.0000000E+00  0.0000000000E+00
 61  2.243122718061007E+08    2.500000  2.063982  4.223257  7.5157700E-01  2.4837130E-01  1.2915521E-06  4.2970794E-09  1.0216519E-07  6.8211449E-06  3.5136664E-10  2.0005896E-09  9.2048308E-07  2.3543589E-08  0.000E+00  0.1011  4.223257  -30.000  2.296431  7.580793  2.5917450E-01  7.4081620E-01  6.3117506E-08  1.7035825E-08  7.3771597E-06  1.3118574E-07  3.1260459E-10  4.6644497E-13  9.2048308E-07  2.3543589E-08  0.000E+00  0.000E+00  0.000E+00  1.000E+00  1.000E+00  4.97E+02  0.00E+00  0.00E+00  0.000000  0.001248  0.0000000E+00  0.0000000000E+00
 62  2.266662616442780E+08    2.500000  2.066634  4.222672  7.5157700E-01  2.4837130E-01  1.2915521E-06  4.2970794E-09  1.0216519E-07  6.8211449E-06  3.5136664E-10  2.0005896E-09  9.2048308E-07  2.3543589E-08  0.000E+00  0.1006  4.222672  -30.000  2.299828  7.582607  2.5101998E-01  7.4897062E-01  6.3594067E-08  1.7166932E-08  7.3770837E-06  1.3048302E-07  3.0482700E-10  4.6164325E-13  9.2048308E-07  2.3543589E-08  0.000E+00  0.000E+00  0.000E+00  1.000E+00  1.000E+00  4.96E+02  0.00E+00  0.00E+00  0.000000  0.001255  0.0000000E+00  0.0000000000E+00
 63  2.289812673493779E+08    2.500000  2.069296  4.222069  7.5157700E-01  2.4837130E-01  1.2915521E-06  4.2970794E-09  1.0216519E-07  6.8211449E-06  3.5136664E-10  2.0005896E-09  9.2048308E-07  2.3543589E-08  0.000E+00  0.1002  4.222069  -30.000  2.303584  7.584359  2.4286546E-01  7.5712516E-01  6.4048346E-08  1.7291920E-08  7.3770043E-06  1.2982112E-07  2.9758376E-10  4.5712449E-13  9.2048308E-07  2.3543589E-08  0.000E+00  0.000E+00  0.000E+00  1.000E+00  1.000E+00  4.95E+02  0.00E+00  0.00E+00  0.000000  0.001263  0.0000000E+00  0.0000000000E+00
 64  2.312582047224544E+08    2.500000  2.071859  4.221440  7.5157700E-01  2.4837130E-01  1.2915521E-06  4.2970794E-09  1.0216519E-07  6.8211449E-06  3.5136664E-10  2.0005896E-09  9.2048308E-07  2.3543589E-08  0.000E+00  0.0995  4.221440  -30.000  2.306927  7.586199  2.3471094E-01  7.6527968E-01  6.4513510E-08  1.7419916E-08  7.3769208E-06  1.2914565E-07  2.9027997E-10  4.5251873E-13  9.2048308E-07  2.3543589E-08  0.000E+00  0.000E+00  0.000E+00  1.000E+00  1.000E+00  4.93E+02  0.00E+00  0.00E+00  0.000000  0.001271  0.0000000E+00  0.0000000000E+00
 65  2.335029343696950E+08    2.500000  2.074402  4.220785  7.5157700E-01  2.4837130E-01  1.2915521E-06  4.2970794E-09  1.0216519E-07  6.8211449E-06  3.5136664E-10  2.0005896E-09  9.2048308E-07  2.3543589E-08  0.000E+00  0.0989  4.220785  -30.000  2.310399  7.587999  2.2655642E-01  7.7343426E-01  6.4974772E-08  1.7546855E-08  7.3768293E-06  1.2848563E-07  2.8327627E-10  4.4803879E-13  9.2048308E-07  2.3543589E-08  0.000E+00  0.000E+00  0.000E+00  1.000E+00  1.000E+00  4.92E+02  0.00E+00  0.00E+00  0.000000  0.001278  0.0000000E+00  0.0000000000E+00
 66  2.357241599033363E+08    2.500000  2.077014  4.220115  7.5157700E-01  2.4837130E-01  1.2915521E-06  4.2970794E-09  1.0216519E-07  6.8211449E-06  3.5136664E-10  2.0005896E-09  9.2048308E-07  2.3543589E-08  0.000E+00  0.0984  4.220115  -30.000  2.314368  7.589742  2.1840190E-01  7.8158876E-01  6.5434079E-08  1.7673276E-08  7.3767288E-06  1.2783875E-07  2.7657062E-10  4.4368138E-13  9.2048308E-07  2.3543589E-08  0.000E+00  0.000E+00  0.000E+00  1.000E+00  1.000E+00  4.90E+02  0.00E+00  0.00E+00  0.000000  0.001286  0.0000000E+00  0.0000000000E+00
 67  2.379002980272300E+08    2.500000  2.079535  4.219434  7.5157700E-01  2.4837130E-01  1.2915521E-06  4.2970794E-09  1.0216519E-07  6.8211449E-06  3.5136664E-10  2.0005896E-09  9.2048308E-07  2.3543589E-08  0.000E+00  0.0978  4.219434  -30.000  2.317959  7.591597  2.1024738E-01  7.8974325E-01  6.5941168E-08  1.7812881E-08  7.3766017E-06  1.2714273E-07  2.6949402E-10  4.3901898E-13  9.2048308E-07  2.3543589E-08  0.000E+00  0.000E+00  0.000E+00  1.000E+00  1.000E+00  4.89E+02  0.00E+00  0.00E+00  0.000000  0.001293  0.0000000E+00  0.0000000000E+00
 68  2.400390436464888E+08    2.500000  2.082022  4.218729  7.5157700E-01  2.4837130E-01  1.2915521E-06  4.2970794E-09  1.0216519E-07  6.8211449E-06  3.5136664E-10  2.0005896E-09  9.2048308E-07  2.3543589E-08  0.000E+00  0.0972  4.218729  -30.000  2.321746  7.593422  2.0209286E-01  7.9789783E-01  6.6434606E-08  1.7948740E-08  7.3764852E-06  1.2645704E-07  2.6272733E-10  4.3447470E-13  9.2048308E-07  2.3543589E-08  0.000E+00  0.000E+00  0.000E+00  1.000E+00  1.000E+00  4.87E+02  0.00E+00  0.00E+00  0.000000  0.001301  0.0000000E+00  0.0000000000E+00
 69  2.421451465151275E+08    2.500000  2.084455  4.217995  7.5157700E-01  2.4837130E-01  1.2915521E-06  4.2970794E-09  1.0216519E-07  6.8211449E-06  3.5136664E-10  2.0005896E-09  9.2048308E-07  2.3543589E-08  0.000E+00  0.0965  4.217995  -30.000  2.325447  7.595257  1.9393834E-01  8.0605231E-01  6.6931983E-08  1.8085701E-08  7.3763543E-06  1.2578125E-07  2.5612042E-10  4.2998996E-13  9.2048308E-07  2.3543589E-08  0.000E+00  0.000E+00  0.000E+00  1.000E+00  1.000E+00  4.86E+02  0.00E+00  0.00E+00  0.000000  0.001308  0.0000000E+00  0.0000000000E+00
 70  2.442230493722441E+08    2.500000  2.087043  4.217286  7.5157700E-01  2.4837130E-01  1.2915521E-06  4.2970794E-09  1.0216519E-07  6.8211449E-06  3.5136664E-10  2.0005896E-09  9.2048308E-07  2.3543589E-08  0.000E+00  0.0960  4.217286  -30.000  2.329999  7.597113  1.8578382E-01  8.1420681E-01  6.7463829E-08  1.8232188E-08  7.3762008E-06  1.2507350E-07  2.4942560E-10  4.2535617E-13  9.2048308E-07  2.3543589E-08  0.000E+00  0.000E+00  0.000E+00  1.000E+00  1.000E+00  4.84E+02  0.00E+00  0.00E+00  0.000000  0.001316  0.0000000E+00  0.0000000000E+00
 71  2.462607654351594E+08    2.500000  2.089451  4.216530  7.5157700E-01  2.4837130E-01  1.2915521E-06  4.2970794E-09  1.0216519E-07  6.8211449E-06  3.5136664E-10  2.0005896E-09  9.2048308E-07  2.3543589E-08  0.000E+00  0.0952  4.216530  -30.000  2.333972  7.598997  1.7762930E-01  8.2236140E-01  6.7999770E-08  1.8379824E-08  7.3760395E-06  1.2436778E-07  2.4284964E-10  4.2074446E-13  9.2048308E-07  2.3543589E-08  0.000E+00  0.000E+00  0.000E+00  1.000E+00  1.000E+00  4.83E+02  0.00E+00  0.00E+00  0.000000  0.001323  0.0000000E+00  0.0000000000E+00
 72  2.482617848250773E+08    2.500000  2.091763  4.215735  7.5157700E-01  2.4837130E-01  1.2915521E-06  4.2970794E-09  1.0216519E-07  6.8211449E-06  3.5136664E-10  2.0005896E-09  9.2048308E-07  2.3543589E-08  0.000E+00  0.0943  4.215735  -30.000  2.337759  7.600881  1.6947478E-01  8.3051589E-01  6.8529036E-08  1.8525635E-08  7.3758750E-06  1.2367658E-07  2.3650382E-10  4.1623252E-13  9.2048308E-07  2.3543589E-08  0.000E+00  0.000E+00  0.000E+00  1.000E+00  1.000E+00  4.81E+02  0.00E+00  0.00E+00  0.000000  0.001330  0.0000000E+00  0.0000000000E+00
 73  2.502376741034088E+08    2.500000  2.094244  4.215002  7.5157700E-01  2.4837130E-01  1.2915521E-06  4.2970794E-09  1.0216519E-07  6.8211449E-06  3.5136664E-10  2.0005896E-09  9.2048308E-07  2.3543589E-08  0.000E+00  0.0936  4.215002  -30.000  2.342161  7.602926  1.6132026E-01  8.3867034E-01  6.9134720E-08  1.8692564E-08  7.3756662E-06  1.2290861E-07  2.2969080E-10  4.1128194E-13  9.2048308E-07  2.3543589E-08  0.000E+00  0.000E+00  0.000E+00  1.000E+00  1.000E+00  4.80E+02  0.00E+00  0.00E+00  0.000000  0.001338  0.0000000E+00  0.0000000000E+00
 74  2.521808811890112E+08    2.500000  2.096530  4.214200  7.5157700E-01  2.4837130E-01  1.2915521E-06  4.2970794E-09  1.0216519E-07  6.8211449E-06  3.5136664E-10  2.0005896E-09  9.2048308E-07  2.3543589E-08  0.000E+00  0.0930  4.214200  -30.000  2.346668  7.604849  1.5316574E-01  8.4682495E-01  6.9678133E-08  1.8842354E-08  7.3754933E-06  1.2220309E-07  2.2366930E-10  4.0679019E-13  9.2048308E-07  2.3543589E-08  0.000E+00  0.000E+00  0.000E+00  1.000E+00  1.000E+00  4.78E+02  0.00E+00  0.00E+00  0.000000  0.001345  0.0000000E+00  0.0000000000E+00
 75  2.540782011719378E+08    2.500000  2.098951  4.213442  7.5157700E-01  2.4837130E-01  1.2915521E-06  4.2970794E-09  1.0216519E-07  6.8211449E-06  3.5136664E-10  2.0005896E-09  9.2048308E-07  2.3543589E-08  0.000E+00  0.0922  4.213442  -30.000  2.351543  7.606891  1.4501122E-01  8.5497938E-01  7.0275370E-08  1.9007098E-08  7.3752869E-06  1.2144560E-07  2.1753239E-10  4.0206098E-13  9.2048308E-07  2.3543589E-08  0.000E+00  0.000E+00  0.000E+00  1.000E+00  1.000E+00  4.77E+02  0.00E+00  0.00E+00  0.000000  0.001353  0.0000000E+00  0.0000000000E+00
 76  2.559466095638147E+08    2.500000  2.101266  4.212675  7.5157700E-01  2.4837130E-01  1.2915521E-06  4.2970794E-09  1.0216519E-07  6.8211449E-06  3.5136664E-10  2.0005896E-09  9.2048308E-07  2.3543589E-08  0.000E+00  0.0912  4.212675  -30.000  2.356352  7.609021  1.3685670E-01  8.6313390E-01  7.0863896E-08  1.9169561E-08  7.3750934E-06  1.2068759E-07  2.1173163E-10  3.9740430E-13  9.2048308E-07  2.3543589E-08  0.000E+00  0.000E+00  0.000E+00  1.000E+00  1.000E+00  4.75E+02  0.00E+00  0.00E+00  0.000000  0.001360  0.0000000E+00  0.0000000000E+00
 77  2.577884423829284E+08    2.500000  2.103674  4.211947  7.5157700E-01  2.4837130E-01  1.2915521E-06  4.2970794E-09  1.0216519E-07  6.8211449E-06  3.5136664E-10  2.0005896E-09  9.2048308E-07  2.3543589E-08  0.000E+00  0.0906  4.211947  -30.000  2.361850  7.611220  1.2870218E-01  8.7128848E-01  7.1476501E-08  1.9338821E-08  7.3748909E-06  1.1989925E-07  2.0610250E-10  3.9268088E-13  9.2048308E-07  2.3543589E-08  0.000E+00  0.000E+00  0.000E+00  1.000E+00  1.000E+00  4.74E+02  0.00E+00  0.00E+00  0.000000  0.001367  0.0000000E+00  0.0000000000E+00
 78  2.595845834744612E+08    2.500000  2.106039  4.211232  7.5157700E-01  2.4837130E-01  1.2915521E-06  4.2970794E-09  1.0216519E-07  6.8211449E-06  3.5136664E-10  2.0005896E-09  9.2048308E-07  2.3543589E-08  0.000E+00  0.0897  4.211232  -30.000  2.367657  7.613479  1.2054766E-01  8.7944294E-01  7.2100315E-08  1.9511347E-08  7.3746876E-06  1.1909261E-07  2.0074023E-10  3.8796073E-13  9.2048308E-07  2.3543589E-08  0.000E+00  0.000E+00  0.000E+00  1.000E+00  1.000E+00  4.72E+02  0.00E+00  0.00E+00  0.000000  0.001375  0.0000000E+00  0.0000000000E+00
 79  2.613533535949099E+08    2.500000  2.108455  4.210560  7.5157700E-01  2.4837130E-01  1.2915521E-06  4.2970794E-09  1.0216519E-07  6.8211449E-06  3.5136664E-10  2.0005896E-09  9.2048308E-07  2.3543589E-08  0.000E+00  0.0886  4.210560  -30.000  2.373840  7.615886  1.1239314E-01  8.8759750E-01  7.2734613E-08  1.9686958E-08  7.3744866E-06  1.1826539E-07  1.9556387E-10  3.8318502E-13  9.2048308E-07  2.3543589E-08  0.000E+00  0.000E+00  0.000E+00  1.000E+00  1.000E+00  4.71E+02  0.00E+00  0.00E+00  0.000000  0.001382  0.0000000E+00  0.0000000000E+00
 80  2.630901357229412E+08    2.500000  2.110910  4.209946  7.5157700E-01  2.4837130E-01  1.2915521E-06  4.2970794E-09  1.0216519E-07  6.8211449E-06  3.5136664E-10  2.0005896E-09  9.2048308E-07  2.3543589E-08  0.000E+00  0.0875  4.209946  -30.000  2.380631  7.618431  1.0423862E-01  8.9575198E-01  7.3395701E-08  1.9870201E-08  7.3742967E-06  1.1738035E-07  1.9047944E-10  3.7821707E-13  9.2048308E-07  2.3543589E-08  0.000E+00  0.000E+00  0.000E+00  1.000E+00  1.000E+00  4.70E+02  0.00E+00  0.00E+00  0.000000  0.001390  0.0000000E+00  0.0000000000E+00
 81  2.647891096441093E+08    2.500000  2.113298  4.209370  7.5157700E-01  2.4837130E-01  1.2915521E-06  4.2970794E-09  1.0216519E-07  6.8211449E-06  3.5136664E-10  2.0005896E-09  9.2048308E-07  2.3543589E-08  0.000E+00  0.0862  4.209370  -30.000  2.387585  7.621139  9.6084100E-02  9.0390656E-01  7.4060383E-08  2.0054685E-08  7.3741193E-06  1.1647456E-07  1.8561717E-10  3.7319980E-13  9.2048308E-07  2.3543589E-08  0.000E+00  0.000E+00  0.000E+00  1.000E+00  1.000E+00  4.68E+02  0.00E+00  0.00E+00  0.000000  0.001398  0.0000000E+00  0.0000000000E+00
 82  2.664509078697912E+08    2.500000  2.115871  4.208918  7.5157700E-01  2.4837130E-01  1.2915521E-06  4.2970794E-09  1.0216519E-07  6.8211449E-06  3.5136664E-10  2.0005896E-09  9.2048308E-07  2.3543589E-08  0.000E+00  0.0850  4.208918  -30.000  2.395976  7.624052  8.7929580E-02  9.1206109E-01  7.4789131E-08  2.0257207E-08  7.3739244E-06  1.1548118E-07  1.8069087E-10  3.6782383E-13  9.2048308E-07  2.3543589E-08  0.000E+00  0.000E+00  0.000E+00  1.000E+00  1.000E+00  4.67E+02  0.00E+00  0.00E+00  0.000000  0.001406  0.0000000E+00  0.0000000000E+00
 83  2.680795780943586E+08    2.500000  2.118423  4.208530  7.5157700E-01  2.4837130E-01  1.2915521E-06  4.2970794E-09  1.0216519E-07  6.8211449E-06  3.5136664E-10  2.0005896E-09  9.2048308E-07  2.3543589E-08  0.000E+00  0.0838  4.208530  -30.000  2.404832  7.627138  7.9775060E-02  9.2021556E-01  7.5506163E-08  2.0456805E-08  7.3737627E-06  1.1446890E-07  1.7604602E-10  3.6242106E-13  9.2048308E-07  2.3543589E-08  0.000E+00  0.000E+00  0.000E+00  1.000E+00  1.000E+00  4.66E+02  0.00E+00  0.00E+00  0.000000  0.001415  0.0000000E+00  0.0000000000E+00
 84  2.696655082270678E+08    2.500000  2.121046  4.208269  7.5157700E-01  2.4837130E-01  1.2915521E-06  4.2970794E-09  1.0216519E-07  6.8211449E-06  3.5136664E-10  2.0005896E-09  9.2048308E-07  2.3543589E-08  0.000E+00  0.0822  4.208269  -30.000  2.414522  7.630508  7.1620540E-02  9.2837006E-01  7.6307887E-08  2.0680296E-08  7.3735796E-06  1.1333882E-07  1.7125037E-10  3.5651588E-13  9.2048308E-07  2.3543589E-08  0.000E+00  0.000E+00  0.000E+00  1.000E+00  1.000E+00  4.65E+02  0.00E+00  0.00E+00  0.000000  0.001423  0.0000000E+00  0.0000000000E+00
 85  2.712223462773702E+08    2.500000  2.123824  4.208154  7.5157700E-01  2.4837130E-01  1.2915521E-06  4.2970794E-09  1.0216519E-07  6.8211449E-06  3.5136664E-10  2.0005896E-09  9.2048308E-07  2.3543589E-08  0.000E+00  0.0806  4.208154  -30.000  2.425764  7.634122  6.3466020E-02  9.3652460E-01  7.7137277E-08  2.0911919E-08  7.3734143E-06  1.1214151E-07  1.6657505E-10  3.5036197E-13  9.2048308E-07  2.3543589E-08  0.000E+00  0.000E+00  0.000E+00  1.000E+00  1.000E+00  4.64E+02  0.00E+00  0.00E+00  0.000000  0.001432  0.0000000E+00  0.0000000000E+00
 86  2.716905839657887E+08    2.500000  2.124684  4.208159  7.5157700E-01  2.4837130E-01  1.2915521E-06  4.2970794E-09  1.0216519E-07  6.8211449E-06  3.5136664E-10  2.0005896E-09  9.2048308E-07  2.3543589E-08  0.000E+00  0.0802  4.208159  -30.000  2.429302  7.635326  6.0968790E-02  9.3902188E-01  7.7407133E-08  2.0987361E-08  7.3733644E-06  1.1174742E-07  1.6509599E-10  3.4834942E-13  9.2048308E-07  2.3543589E-08  0.000E+00  0.000E+00  0.000E+00  1.000E+00  1.000E+00  4.64E+02  0.00E+00  0.00E+00  0.000000  0.001435  0.0000000E+00  0.0000000000E+00
 87  2.721567888348315E+08    2.500000  2.125548  4.208182  7.5157700E-01  2.4837130E-01  1.2915521E-06  4.2970794E-09  1.0216519E-07  6.8211449E-06  3.5136664E-10  2.0005896E-09  9.2048308E-07  2.3543589E-08  0.000E+00  0.0795  4.208182  -30.000  2.432977  7.636572  5.8471561E-02  9.4151910E-01  7.7677083E-08  2.1062911E-08  7.3733226E-06  1.1134379E-07  1.6364884E-10  3.4630386E-13  9.2048308E-07  2.3543589E-08  0.000E+00  0.000E+00  0.000E+00  1.000E+00  1.000E+00  4.64E+02  0.00E+00  0.00E+00  0.000000  0.001438  0.0000000E+00  0.0000000000E+00
 88  2.726216348712333E+08    2.500000  2.126468  4.208233  7.5157700E-01  2.4837130E-01  1.2915521E-06  4.2970794E-09  1.0216519E-07  6.8211449E-06  3.5136664E-10  2.0005896E-09  9.2048308E-07  2.3543589E-08  0.000E+00  0.0788  4.208233  -30.000  2.436973  7.637851  5.5974331E-02  9.4401631E-01  7.7970366E-08  2.1144983E-08  7.3732625E-06  1.1092195E-07  1.6213828E-10  3.4417105E-13  9.2048308E-07  2.3543589E-08  0.000E+00  0.000E+00  0.000E+00  1.000E+00  1.000E+00  4.63E+02  0.00E+00  0.00E+00  0.000000  0.001441  0.0000000E+00  0.0000000000E+00
 89  2.730823204955701E+08    2.500000  2.127427  4.208294  7.5157700E-01  2.4837130E-01  1.2915521E-06  4.2970794E-09  1.0216519E-07  6.8211449E-06  3.5136664E-10  2.0005896E-09  9.2048308E-07  2.3543589E-08  0.000E+00  0.0784  4.208294  -30.000  2.441438  7.639105  5.3477102E-02  9.4651357E-01  7.8241441E-08  2.1220924E-08  7.3732259E-06  1.1051025E-07  1.6073680E-10  3.4211502E-13  9.2048308E-07  2.3543589E-08  0.000E+00  0.000E+00  0.000E+00  1.000E+00  1.000E+00  4.63E+02  0.00E+00  0.00E+00  0.000000  0.001444  0.0000000E+00  0.0000000000E+00
 90  2.735391491173527E+08    2.500000  2.128356  4.208392  7.5157700E-01  2.4837130E-01  1.2915521E-06  4.2970794E-09  1.0216519E-07  6.8211449E-06  3.5136664E-10  2.0005896E-09  9.2048308E-07  2.3543589E-08  0.000E+00  0.0779  4.208392  -30.000  2.445689  7.640485  5.0979872E-02  9.4901072E-01  7.8552269E-08  2.1308018E-08  7.3731719E-06  1.1005190E-07  1.5918175E-10  3.3982600E-13  9.2048308E-07  2.3543589E-08  0.000E+00  0.000E+00  0.000E+00  1.000E+00  1.000E+00  4.63E+02  0.00E+00  0.00E+00  0.000000  0.001447  0.0000000E+00  0.0000000000E+00
 91  2.739929953302054E+08    2.500000  2.129304  4.208523  7.5157700E-01  2.4837130E-01  1.2915521E-06  4.2970794E-09  1.0216519E-07  6.8211449E-06  3.5136664E-10  2.0005896E-09  9.2048308E-07  2.3543589E-08  0.000E+00  0.0772  4.208523  -30.000  2.450118  7.641925  4.8482643E-02  9.5150798E-01  7.8860555E-08  2.1394489E-08  7.3731295E-06  1.0958462E-07  1.5764784E-10  3.3749989E-13  9.2048308E-07  2.3543589E-08  0.000E+00  0.000E+00  0.000E+00  1.000E+00  1.000E+00  4.63E+02  0.00E+00  0.00E+00  0.000000  0.001450  0.0000000E+00  0.0000000000E+00
 92  2.744462399958255E+08    2.500000  2.130335  4.208695  7.5157700E-01  2.4837130E-01  1.2915521E-06  4.2970794E-09  1.0216519E-07  6.8211449E-06  3.5136664E-10  2.0005896E-09  9.2048308E-07  2.3543589E-08  0.000E+00  0.0767  4.208695  -30.000  2.455368  7.643386  4.5985413E-02  9.5400525E-01  7.9166198E-08  2.1480294E-08  7.3730868E-06  1.0912178E-07  1.5618292E-10  3.3520150E-13  9.2048308E-07  2.3543589E-08  0.000E+00  0.000E+00  0.000E+00  1.000E+00  1.000E+00  4.63E+02  0.00E+00  0.00E+00  0.000000  0.001454  0.0000000E+00  0.0000000000E+00
 93  2.748934888476763E+08    2.500000  2.131424  4.208913  7.5157700E-01  2.4837130E-01  1.2915521E-06  4.2970794E-09  1.0216519E-07  6.8211449E-06  3.5136664E-10  2.0005896E-09  9.2048308E-07  2.3543589E-08  0.000E+00  0.0762  4.208913  -30.000  2.460480  7.644970  4.3488184E-02  9.5650243E-01  7.9526101E-08  2.1581311E-08  7.3730326E-06  1.0858130E-07  1.5447170E-10  3.3255216E-13  9.2048308E-07  2.3543589E-08  0.000E+00  0.000E+00  0.000E+00  1.000E+00  1.000E+00  4.63E+02  0.00E+00  0.00E+00  0.000000  0.001457  0.0000000E+00  0.0000000000E+00
 94  2.753382558975533E+08    2.500000  2.132472  4.209157  7.5157700E-01  2.4837130E-01  1.2915521E-06  4.2970794E-09  1.0216519E-07  6.8211449E-06  3.5136664E-10  2.0005896E-09  9.2048308E-07  2.3543589E-08  0.000E+00  0.0754  4.209157  -30.000  2.465755  7.646611  4.0990954E-02  9.5899968E-01  7.9884924E-08  2.1682133E-08  7.3729813E-06  1.0803907E-07  1.5281213E-10  3.2989635E-13  9.2048308E-07  2.3543589E-08  0.000E+00  0.000E+00  0.000E+00  1.000E+00  1.000E+00  4.63E+02  0.00E+00  0.00E+00  0.000000  0.001461  0.0000000E+00  0.0000000000E+00
 95  2.757806674760411E+08    2.500000  2.133524  4.209435  7.5157700E-01  2.4837130E-01  1.2915521E-06  4.2970794E-09  1.0216519E-07  6.8211449E-06  3.5136664E-10  2.0005896E-09  9.2048308E-07  2.3543589E-08  0.000E+00  0.0745  4.209435  -30.000  2.471216  7.648302  3.8493725E-02  9.6149688E-01  8.0241923E-08  2.1782550E-08  7.3729401E-06  1.0748838E-07  1.5118917E-10  3.2721508E-13  9.2048308E-07  2.3543589E-08  0.000E+00  0.000E+00  0.000E+00  1.000E+00  1.000E+00  4.63E+02  0.00E+00  0.00E+00  0.000000  0.001464  0.0000000E+00  0.0000000000E+00
 96  2.762193784923798E+08    2.500000  2.134820  4.209795  7.5157700E-01  2.4837130E-01  1.2915521E-06  4.2970794E-09  1.0216519E-07  6.8211449E-06  3.5136664E-10  2.0005896E-09  9.2048308E-07  2.3543589E-08  0.000E+00  0.0741  4.209795  -30.000  2.477963  7.650076  3.5996495E-02  9.6399412E-01  8.0638621E-08  2.1894139E-08  7.3728803E-06  1.0689226E-07  1.4945080E-10  3.2433050E-13  9.2048308E-07  2.3543589E-08  0.000E+00  0.000E+00  0.000E+00  1.000E+00  1.000E+00  4.63E+02  0.00E+00  0.00E+00  0.000000  0.001469  0.0000000E+00  0.0000000000E+00
 97  2.766550396342599E+08    2.500000  2.136025  4.210206  7.5157700E-01  2.4837130E-01  1.2915521E-06  4.2970794E-09  1.0216519E-07  6.8211449E-06  3.5136664E-10  2.0005896E-09  9.2048308E-07  2.3543589E-08  0.000E+00  0.0731  4.210206  -30.000  2.484387  7.652002  3.3499266E-02  9.6649138E-01  8.1051006E-08  2.2010294E-08  7.3728319E-06  1.0625669E-07  1.4766330E-10  3.2126706E-13  9.2048308E-07  2.3543589E-08  0.000E+00  0.000E+00  0.000E+00  1.000E+00  1.000E+00  4.63E+02  0.00E+00  0.00E+00  0.000000  0.001473  0.0000000E+00  0.0000000000E+00
 98  2.770888342743649E+08    2.500000  2.137297  4.210682  7.5157700E-01  2.4837130E-01  1.2915521E-06  4.2970794E-09  1.0216519E-07  6.8211449E-06  3.5136664E-10  2.0005896E-09  9.2048308E-07  2.3543589E-08  0.000E+00  0.0723  4.210682  -30.000  2.491279  7.654050  3.1002036E-02  9.6898863E-01  8.1483796E-08  2.2132311E-08  7.3727858E-06  1.0558409E-07  1.4582827E-10  3.1804258E-13  9.2048308E-07  2.3543589E-08  0.000E+00  0.000E+00  0.000E+00  1.000E+00  1.000E+00  4.63E+02  0.00E+00  0.00E+00  0.000000  0.001477  0.0000000E+00  0.0000000000E+00
 99  2.775214692284304E+08    2.500000  2.138754  4.211253  7.5157700E-01  2.4837130E-01  1.2915521E-06  4.2970794E-09  1.0216519E-07  6.8211449E-06  3.5136664E-10  2.0005896E-09  9.2048308E-07  2.3543589E-08  0.000E+00  0.0716  4.211253  -30.000  2.499521  7.656188  2.8504807E-02  9.7148582E-01  8.1958609E-08  2.2266171E-08  7.3727185E-06  1.0486530E-07  1.4387667E-10  3.1461664E-13  9.2048308E-07  2.3543589E-08  0.000E+00  0.000E+00  0.000E+00  1.000E+00  1.000E+00  4.63E+02  0.00E+00  0.00E+00  0.000000  0.001482  0.0000000E+00  0.0000000000E+00
100  2.779511971707261E+08    2.500000  2.140215  4.211901  7.5157700E-01  2.4837130E-01  1.2915521E-06  4.2970794E-09  1.0216519E-07  6.8211449E-06  3.5136664E-10  2.0005896E-09  9.2048308E-07  2.3543589E-08  0.000E+00  0.0704  4.211901  -30.000  2.507679  7.658508  2.6007577E-02  9.7398304E-01  8.2451962E-08  2.2405480E-08  7.3726653E-06  1.0409902E-07  1.4188930E-10  3.1098549E-13  9.2048308E-07  2.3543589E-08  0.000E+00  0.000E+00  0.000E+00  1.000E+00  1.000E+00  4.64E+02  0.00E+00  0.00E+00  0.000000  0.001487  0.0000000E+00  0.0000000000E+00
101  2.783790442053009E+08    2.500000  2.141888  4.212667  7.5157700E-01  2.4837130E-01  1.2915521E-06  4.2970794E-09  1.0216519E-07  6.8211449E-06  3.5136664E-10  2.0005896E-09  9.2048308E-07  2.3543589E-08  0.000E+00  0.0695  4.212667  -30.000  2.517300  7.660992  2.3510348E-02  9.7648026E-01  8.3005095E-08  2.2561703E-08  7.3725893E-06  1.0325847E-07  1.3973178E-10  3.0702888E-13  9.2048308E-07  2.3543589E-08  0.000E+00  0.000E+00  0.000E+00  1.000E+00  1.000E+00  4.64E+02  0.00E+00  0.00E+00  0.000000  0.001493  0.0000000E+00  0.0000000000E+00
102  2.788050378233544E+08    2.500000  2.143685  4.213578  7.5157700E-01  2.4837130E-01  1.2915521E-06  4.2970794E-09  1.0216519E-07  6.8211449E-06  3.5136664E-10  2.0005896E-09  9.2048308E-07  2.3543589E-08  0.000E+00  0.0682  4.213578  -30.000  2.527378  7.663762  2.1013118E-02  9.7897752E-01  8.3588405E-08  2.2726722E-08  7.3725307E-06  1.0234703E-07  1.3748992E-10  3.0275927E-13  9.2048308E-07  2.3543589E-08  0.000E+00  0.000E+00  0.000E+00  1.000E+00  1.000E+00  4.65E+02  0.00E+00  0.00E+00  0.000000  0.001500  0.0000000E+00  0.0000000000E+00
103  2.792292633020314E+08    2.500000  2.145750  4.214655  7.5157700E-01  2.4837130E-01  1.2915521E-06  4.2970794E-09  1.0216519E-07  6.8211449E-06  3.5136664E-10  2.0005896E-09  9.2048308E-07  2.3543589E-08  0.000E+00  0.0670  4.214655  -30.000  2.539391  7.666756  1.8515889E-02  9.8147472E-01  8.4253487E-08  2.2914960E-08  7.3724429E-06  1.0133165E-07  1.3504000E-10  2.9804627E-13  9.2048308E-07  2.3543589E-08  0.000E+00  0.000E+00  0.000E+00  1.000E+00  1.000E+00  4.65E+02  0.00E+00  0.00E+00  0.000000  0.001506  0.0000000E+00  0.0000000000E+00
104  2.796544103254045E+08    2.500000  2.148038  4.215926  7.5157700E-01  2.4837130E-01  1.2915521E-06  4.2970794E-09  1.0216519E-07  6.8211449E-06  3.5136664E-10  2.0005896E-09  9.2048308E-07  2.3543589E-08  0.000E+00  0.0657  4.215926  -30.000  2.553023  7.670047  1.6018659E-02  9.8397200E-01  8.4995149E-08  2.3125048E-08  7.3723353E-06  1.0021021E-07  1.3239388E-10  2.9287737E-13  9.2048308E-07  2.3543589E-08  0.000E+00  0.000E+00  0.000E+00  1.000E+00  1.000E+00  4.66E+02  0.00E+00  0.00E+00  0.000000  0.001514  0.0000000E+00  0.0000000000E+00
105  2.800775619641401E+08    2.500000  2.150794  4.217488  7.5157700E-01  2.4837130E-01  1.2915521E-06  4.2970794E-09  1.0216519E-07  6.8211449E-06  3.5136664E-10  2.0005896E-09  9.2048308E-07  2.3543589E-08  0.000E+00  0.0639  4.217488  -30.000  2.569097  7.673842  1.3521430E-02  9.8646923E-01  8.5852375E-08  2.3368167E-08  7.3722090E-06  9.8915721E-08  1.2943553E-10  2.8696053E-13  9.2048308E-07  2.3543589E-08  0.000E+00  0.000E+00  0.000E+00  1.000E+00  1.000E+00  4.67E+02  0.00E+00  0.00E+00  0.000000  0.001524  0.0000000E+00  0.0000000000E+00
106  2.805022339139648E+08    2.500000  2.154051  4.219379  7.5157700E-01  2.4837130E-01  1.2915521E-06  4.2970794E-09  1.0216519E-07  6.8211449E-06  3.5136664E-10  2.0005896E-09  9.2048308E-07  2.3543589E-08  0.000E+00  0.0616  4.219379  -30.000  2.588332  7.678130  1.1024200E-02  9.8896645E-01  8.6827813E-08  2.3645162E-08  7.3720571E-06  9.7451568E-08  1.2619794E-10  2.8033223E-13  9.2048308E-07  2.3543589E-08  0.000E+00  0.000E+00  0.000E+00  1.000E+00  1.000E+00  4.68E+02  0.00E+00  0.00E+00  0.000000  0.001536  0.0000000E+00  0.0000000000E+00
107  2.809308967377660E+08    2.500000  2.158243  4.221777  7.5157700E-01  2.4837130E-01  1.2915521E-06  4.2970794E-09  1.0216519E-07  6.8211449E-06  3.5136664E-10  2.0005896E-09  9.2048308E-07  2.3543589E-08  0.000E+00  0.0586  4.221777  -30.000  2.613325  7.683148  8.5269706E-03  9.9146367E-01  8.8037516E-08  2.3989009E-08  7.3718231E-06  9.5687192E-08  1.2238902E-10  2.7243932E-13  9.2048308E-07  2.3543589E-08  0.000E+00  0.000E+00  0.000E+00  1.000E+00  1.000E+00  4.69E+02  0.00E+00  0.00E+00  0.000000  0.001551  0.0000000E+00  0.0000000000E+00
108  2.813653367913372E+08    2.500000  2.164039  4.224942  7.5157700E-01  2.4837130E-01  1.2915521E-06  4.2970794E-09  1.0216519E-07  6.8211449E-06  3.5136664E-10  2.0005896E-09  9.2048308E-07  2.3543589E-08  0.000E+00  0.0538  4.224942  -30.000  2.648060  7.689296  6.0297410E-03  9.9396087E-01  8.9571454E-08  2.4425687E-08  7.3714917E-06  9.3488592E-08  1.1781911E-10  2.6274451E-13  9.2048308E-07  2.3543589E-08  0.000E+00  0.000E+00  0.000E+00  1.000E+00  1.000E+00  4.71E+02  0.00E+00  0.00E+00  0.000000  0.001571  0.0000000E+00  0.0000000000E+00
109  2.818153907069813E+08    2.500000  2.172722  4.229196  7.5157700E-01  2.4837130E-01  1.2915521E-06  4.2970794E-09  1.0216519E-07  6.8211449E-06  3.5136664E-10  2.0005896E-09  9.2048308E-07  2.3543589E-08  0.000E+00  0.0446  4.229196  -30.000  2.704849  7.696524  3.5325115E-03  9.9645817E-01  9.1624905E-08  2.5011252E-08  7.3709272E-06  9.0681745E-08  1.1222040E-10  2.5063439E-13  9.2048308E-07  2.3543589E-08  0.000E+00  0.000E+00  0.000E+00  1.000E+00  1.000E+00  4.74E+02  0.00E+00  0.00E+00  0.000000  0.001603  0.0000000E+00  0.0000000000E+00
110  2.823291632974092E+08    2.500000  2.185739  4.233623  7.5157700E-01  2.4837130E-01  1.2915521E-06  4.2970794E-09  1.0216519E-07  6.8211449E-06  3.5136664E-10  2.0005896E-09  9.2048308E-07  2.3543589E-08  0.000E+00  0.0142  4.233623  -30.000  2.853040  7.692590  1.0352820E-03  9.9895540E-01  9.3577965E-08  2.5568732E-08  7.3701267E-06  8.8311418E-08  1.0817167E-10  2.4146419E-13  9.2048308E-07  2.3543589E-08  0.000E+00  0.000E+00  0.000E+00  1.000E+00  1.000E+00  4.75E+02  0.00E+00  0.00E+00  0.000000  0.001652  0.0000000E+00  0.0000000000E+00
111  2.828416578804823E+08    2.500000  2.197491  4.230370  7.5157700E-01  2.4837130E-01  1.2915521E-06  4.2970794E-09  1.0216519E-07  6.8211449E-06  3.5136664E-10  2.0005896E-09  9.2048308E-07  2.3543589E-08  0.000E+00  0.0000  4.230370  -30.000  3.068281  7.636039  1.3133813E-04  9.9985934E-01  8.7008249E-08  2.3679654E-08  7.3717821E-06  9.7480313E-08  1.2722306E-10  2.8533055E-13  9.2048308E-07  2.3543589E-08  0.000E+00  0.000E+00  0.000E+00  1.000E+00  1.000E+00  4.68E+02  0.00E+00  0.00E+00  0.000000  0.001697  0.0000000E+00  0.0000000000E+00
112  2.833541524635555E+08    2.500000  2.205215  4.228595  7.5157700E-01  2.4837130E-01  1.2915521E-06  4.2970794E-09  1.0216519E-07  6.8211449E-06  3.5136664E-10  2.0005896E-09  9.2048308E-07  2.3543589E-08  0.000E+00  0.0000  4.228595  -30.000  3.142843  7.617751  4.3339401E-05  9.9994730E-01  8.3811059E-08  2.2763162E-08  7.3721626E-06  1.0242330E-07  1.3793375E-10  3.1002690E-13  9.2048308E-07  2.3543589E-08  0.000E+00  0.000E+00  0.000E+00  1.000E+00  1.000E+00  4.64E+02  0.00E+00  0.00E+00  0.000000  0.001727  0.0000000E+00  0.0000000000E+00
113  2.838666470466287E+08    2.500000  2.209026  4.227445  7.5157700E-01  2.4837130E-01  1.2915521E-06  4.2970794E-09  1.0216519E-07  6.8211449E-06  3.5136664E-10  2.0005896E-09  9.2048308E-07  2.3543589E-08  0.000E+00  0.0000  4.227445  -30.000  3.184053  7.609462  1.7946139E-05  9.9997272E-01  8.2498693E-08  2.2386821E-08  7.3723718E-06  1.0439155E-07  1.4252348E-10  3.2064132E-13  9.2048308E-07  2.3543589E-08  0.000E+00  0.000E+00  0.000E+00  1.000E+00  1.000E+00  4.62E+02  0.00E+00  0.00E+00  0.000000  0.001743  0.0000000E+00  0.0000000000E+00
114  2.843791416297019E+08    2.500000  2.211884  4.226547  7.5157700E-01  2.4837130E-01  1.2915521E-06  4.2970794E-09  1.0216519E-07  6.8211449E-06  3.5136664E-10  2.0005896E-09  9.2048308E-07  2.3543589E-08  0.000E+00  0.0000  4.226547  -30.000  3.213557  7.604729  8.0912448E-06  9.9998257E-01  8.1796067E-08  2.2185036E-08  7.3725928E-06  1.0532124E-07  1.4490901E-10  3.2617755E-13  9.2048308E-07  2.3543589E-08  0.000E+00  0.000E+00  0.000E+00  1.000E+00  1.000E+00  4.60E+02  0.00E+00  0.00E+00  0.000000  0.001754  0.0000000E+00  0.0000000000E+00
115  2.848916362127750E+08    2.500000  2.214361  4.225787  7.5157700E-01  2.4837130E-01  1.2915521E-06  4.2970794E-09  1.0216519E-07  6.8211449E-06  3.5136664E-10  2.0005896E-09  9.2048308E-07  2.3543589E-08  0.000E+00  0.0000  4.225787  -30.000  3.237125  7.601744  3.7948993E-06  9.9998681E-01  8.1321678E-08  2.2049546E-08  7.3728831E-06  1.0578662E-07  1.4666386E-10  3.2941660E-13  9.2048308E-07  2.3543589E-08  0.000E+00  0.000E+00  0.000E+00  1.000E+00  1.000E+00  4.59E+02  0.00E+00  0.00E+00  0.000000  0.001765  0.0000000E+00  0.0000000000E+00
116  2.854041307958482E+08    2.500000  2.216622  4.225109  7.5157700E-01  2.4837130E-01  1.2915521E-06  4.2970794E-09  1.0216519E-07  6.8211449E-06  3.5136664E-10  2.0005896E-09  9.2048308E-07  2.3543589E-08  0.000E+00  0.0000  4.225109  -30.000  3.256957  7.599877  1.8640349E-06  9.9998873E-01  8.0779702E-08  2.1899406E-08  7.3734732E-06  1.0601653E-07  1.4989546E-10  3.3170652E-13  9.2048308E-07  2.3543589E-08  0.000E+00  0.000E+00  0.000E+00  1.000E+00  1.000E+00  4.57E+02  0.00E+00  0.00E+00  0.000000  0.001774  0.0000000E+00  0.0000000000E+00
117  2.859166253789213E+08    2.500000  2.218769  4.224481  7.5157700E-01  2.4837130E-01  1.2915521E-06  4.2970794E-09  1.0216519E-07  6.8211449E-06  3.5136664E-10  2.0005896E-09  9.2048308E-07  2.3543589E-08  0.000E+00  0.0000  4.224481  -30.000  3.274623  7.598655  9.1926005E-07  9.9998970E-01  8.0411942E-08  2.1797525E-08  7.3739058E-06  1.0613567E-07  1.5222336E-10  3.3320674E-13  9.2048308E-07  2.3543589E-08  0.000E+00  0.000E+00  0.000E+00  1.000E+00  1.000E+00  4.56E+02  0.00E+00  0.00E+00  0.000000  0.001782  0.0000000E+00  0.0000000000E+00
118  2.864291199619945E+08    2.500000  2.220829  4.223880  7.5157700E-01  2.4837130E-01  1.2915521E-06  4.2970794E-09  1.0216519E-07  6.8211449E-06  3.5136664E-10  2.0005896E-09  9.2048308E-07  2.3543589E-08  0.000E+00  0.0000  4.223880  -30.000  3.290781  7.597833  4.5701827E-07  9.9999016E-01  8.0189533E-08  2.1735899E-08  7.3741775E-06  1.0619616E-07  1.5372579E-10  3.3409597E-13  9.2048308E-07  2.3543589E-08  0.000E+00  0.000E+00  0.000E+00  1.000E+00  1.000E+00  4.55E+02  0.00E+00  0.00E+00  0.000000  0.001791  0.0000000E+00  0.0000000000E+00
119  2.869416145450677E+08    2.500000  2.222838  4.223298  7.5157700E-01  2.4837130E-01  1.2915521E-06  4.2970794E-09  1.0216519E-07  6.8211449E-06  3.5136664E-10  2.0005896E-09  9.2048308E-07  2.3543589E-08  0.000E+00  0.0000  4.223298  -30.000  3.305878  7.597326  2.2299779E-07  9.9999039E-01  8.0059222E-08  2.1699619E-08  7.3743405E-06  1.0622741E-07  1.5471083E-10  3.3463997E-13  9.2048308E-07  2.3543589E-08  0.000E+00  0.000E+00  0.000E+00  1.000E+00  1.000E+00  4.54E+02  0.00E+00  0.00E+00  0.000000  0.001799  0.0000000E+00  0.0000000000E+00
120  2.874541091281408E+08    2.500000  2.224813  4.222719  7.5157700E-01  2.4837130E-01  1.2915521E-06  4.2970794E-09  1.0216519E-07  6.8211449E-06  3.5136664E-10  2.0005896E-09  9.2048308E-07  2.3543589E-08  0.000E+00  0.0000  4.222719  -30.000  3.320321  7.597084  1.0742472E-07  9.9999050E-01  8.0012661E-08  2.1686091E-08  7.3743954E-06  1.0624288E-07  1.5523547E-10  3.3494616E-13  9.2048308E-07  2.3543589E-08  0.000E+00  0.000E+00  0.000E+00  1.000E+00  1.000E+00  4.53E+02  0.00E+00  0.00E+00  0.000000  0.001807  0.0000000E+00  0.0000000000E+00
121  2.879666037112140E+08    2.500000  2.226777  4.222144  7.5157700E-01  2.4837130E-01  1.2915521E-06  4.2970794E-09  1.0216519E-07  6.8211449E-06  3.5136664E-10  2.0005896E-09  9.2048308E-07  2.3543589E-08  0.000E+00  0.0000  4.222144  -30.000  3.334318  7.596997  4.9854268E-08  9.9999060E-01  8.0016290E-08  2.1685979E-08  7.3743844E-06  1.0625053E-07  1.5546540E-10  3.3513245E-13  9.2048308E-07  2.3543589E-08  0.000E+00  0.000E+00  0.000E+00  1.000E+00  1.000E+00  4.52E+02  0.00E+00  0.00E+00  0.000000  0.001816  0.0000000E+00  0.0000000000E+00
122  2.884790982942871E+08    2.500000  2.228727  4.221564  7.5157700E-01  2.4837130E-01  1.2915521E-06  4.2970794E-09  1.0216519E-07  6.8211449E-06  3.5136664E-10  2.0005896E-09  9.2048308E-07  2.3543589E-08  0.000E+00  0.0000  4.221564  -30.000  3.347986  7.597060  2.3056547E-08  9.9999060E-01  8.0048620E-08  2.1692844E-08  7.3743362E-06  1.0625402E-07  1.5551572E-10  3.3532327E-13  9.2048308E-07  2.3543589E-08  0.000E+00  0.000E+00  0.000E+00  1.000E+00  1.000E+00  4.50E+02  0.00E+00  0.00E+00  0.000000  0.001824  0.0000000E+00  0.0000000000E+00
123  2.889915928773603E+08    2.500000  2.230670  4.220978  7.5157700E-01  2.4837130E-01  1.2915521E-06  4.2970794E-09  1.0216519E-07  6.8211449E-06  3.5136664E-10  2.0005896E-09  9.2048308E-07  2.3543589E-08  0.000E+00  0.0000  4.220978  -30.000  3.361445  7.597235  1.0159493E-08  9.9999060E-01  8.0091045E-08  2.1701505E-08  7.3742759E-06  1.0625566E-07  1.5548104E-10  3.3558026E-13  9.2048308E-07  2.3543589E-08  0.000E+00  0.000E+00  0.000E+00  1.000E+00  1.000E+00  4.50E+02  0.00E+00  0.00E+00  0.000000  0.001832  0.0000000E+00  0.0000000000E+00
124  2.895040874604335E+08    2.500000  2.232610  4.220378  7.5157700E-01  2.4837130E-01  1.2915521E-06  4.2970794E-09  1.0216519E-07  6.8211449E-06  3.5136664E-10  2.0005896E-09  9.2048308E-07  2.3543589E-08  0.000E+00  0.0000  4.220378  -30.000  3.374861  7.597470  4.3337112E-09  9.9999060E-01  8.0129036E-08  2.1708518E-08  7.3742235E-06  1.0625637E-07  1.5542450E-10  3.3586151E-13  9.2048308E-07  2.3543589E-08  0.000E+00  0.000E+00  0.000E+00  1.000E+00  1.000E+00  4.48E+02  0.00E+00  0.00E+00  0.000000  0.001840  0.0000000E+00  0.0000000000E+00
125  2.900165820435066E+08    2.500000  2.234560  4.219766  7.5157700E-01  2.4837130E-01  1.2915521E-06  4.2970794E-09  1.0216519E-07  6.8211449E-06  3.5136664E-10  2.0005896E-09  9.2048308E-07  2.3543589E-08  0.000E+00  0.0000  4.219766  -30.000  3.388194  7.597832  1.7928578E-09  9.9999060E-01  8.0158043E-08  2.1713067E-08  7.3741846E-06  1.0625667E-07  1.5537105E-10  3.3615653E-13  9.2048308E-07  2.3543589E-08  0.000E+00  0.000E+00  0.000E+00  1.000E+00  1.000E+00  4.47E+02  0.00E+00  0.00E+00  0.000000  0.001848  0.0000000E+00  0.0000000000E+00
126  2.905290766265798E+08    2.500000  2.236512  4.219139  7.5157700E-01  2.4837130E-01  1.2915521E-06  4.2970794E-09  1.0216519E-07  6.8211449E-06  3.5136664E-10  2.0005896E-09  9.2048308E-07  2.3543589E-08  0.000E+00  0.0000  4.219139  -30.000  3.401521  7.598268  7.1128744E-10  9.9999060E-01  8.0177266E-08  2.1715584E-08  7.3741593E-06  1.0625679E-07  1.5533194E-10  3.3640207E-13  9.2048308E-07  2.3543589E-08  0.000E+00  0.000E+00  0.000E+00  1.000E+00  1.000E+00  4.46E+02  0.00E+00  0.00E+00  0.000000  0.001857  0.0000000E+00  0.0000000000E+00
127  2.910415712096530E+08    2.500000  2.238471  4.218496  7.5157700E-01  2.4837130E-01  1.2915521E-06  4.2970794E-09  1.0216519E-07  6.8211449E-06  3.5136664E-10  2.0005896E-09  9.2048308E-07  2.3543589E-08  0.000E+00  0.0000  4.218496  -30.000  3.414887  7.598783  2.6723696E-10  9.9999060E-01  8.0188549E-08  2.1716808E-08  7.3741448E-06  1.0625684E-07  1.5530762E-10  3.3657207E-13  9.2048308E-07  2.3543589E-08  0.000E+00  0.000E+00  0.000E+00  1.000E+00  1.000E+00  4.45E+02  0.00E+00  0.00E+00  0.000000  0.001865  0.0000000E+00  0.0000000000E+00
128  2.915540657927262E+08    2.500000  2.240432  4.217832  7.5157700E-01  2.4837130E-01  1.2915521E-06  4.2970794E-09  1.0216519E-07  6.8211449E-06  3.5136664E-10  2.0005896E-09  9.2048308E-07  2.3543589E-08  0.000E+00  0.0000  4.217832  -30.000  3.428313  7.599353  9.5112426E-11  9.9999060E-01  8.0194429E-08  2.1717339E-08  7.3741374E-06  1.0625685E-07  1.5529444E-10  3.3667213E-13  9.2048308E-07  2.3543589E-08  0.000E+00  0.000E+00  0.000E+00  1.000E+00  1.000E+00  4.44E+02  0.00E+00  0.00E+00  0.000000  0.001873  0.0000000E+00  0.0000000000E+00
129  2.920665603757993E+08    2.500000  2.242407  4.217143  7.5157700E-01  2.4837130E-01  1.2915521E-06  4.2970794E-09  1.0216519E-07  6.8211449E-06  3.5136664E-10  2.0005896E-09  9.2048308E-07  2.3543589E-08  0.000E+00  0.0000  4.217143  -30.000  3.441896  7.600017  3.2016212E-11  9.9999060E-01  8.0197217E-08  2.1717550E-08  7.3741339E-06  1.0625686E-07  1.5528797E-10  3.3672430E-13  9.2048308E-07  2.3543589E-08  0.000E+00  0.000E+00  0.000E+00  1.000E+00  1.000E+00  4.42E+02  0.00E+00  0.00E+00  0.000000  0.001882  0.0000000E+00  0.0000000000E+00
130  2.925790549588725E+08    2.500000  2.244404  4.216429  7.5157700E-01  2.4837130E-01  1.2915521E-06  4.2970794E-09  1.0216519E-07  6.8211449E-06  3.5136664E-10  2.0005896E-09  9.2048308E-07  2.3543589E-08  0.000E+00  0.0000  4.216429  -30.000  3.455673  7.600749  1.0051546E-11  9.9999060E-01  8.0198433E-08  2.1717630E-08  7.3741324E-06  1.0625686E-07  1.5528507E-10  3.3674881E-13  9.2048308E-07  2.3543589E-08  0.000E+00  0.000E+00  0.000E+00  1.000E+00  1.000E+00  4.41E+02  0.00E+00  0.00E+00  0.000000  0.001891  0.0000000E+00  0.0000000000E+00
131  2.930915495419456E+08    2.500000  2.246409  4.215682  7.5157700E-01  2.4837130E-01  1.2915521E-06  4.2970794E-09  1.0216519E-07  6.8211449E-06  3.5136664E-10  2.0005896E-09  9.2048308E-07  2.3543589E-08  0.000E+00  0.0000  4.215682  -30.000  3.469691  7.601558  2.9777905E-12  9.9999060E-01  8.0198910E-08  2.1717656E-08  7.3741318E-06  1.0625686E-07  1.5528389E-10  3.3675903E-13  9.2048308E-07  2.3543589E-08  0.000E+00  0.000E+00  0.000E+00  1.000E+00  1.000E+00  4.40E+02  0.00E+00  0.00E+00  0.000000  0.001900  0.0000000E+00  0.0000000000E+00
132  2.936040441250188E+08    2.500000  2.248432  4.214904  7.5157700E-01  2.4837130E-01  1.2915521E-06  4.2970794E-09  1.0216519E-07  6.8211449E-06  3.5136664E-10  2.0005896E-09  9.2048308E-07  2.3543589E-08  0.000E+00  0.0000  4.214904  -30.000  3.483977  7.602441  7.9842084E-13  9.9999060E-01  8.0199085E-08  2.1717665E-08  7.3741316E-06  1.0625686E-07  1.5528346E-10  3.3676286E-13  9.2048308E-07  2.3543589E-08  0.000E+00  0.000E+00  0.000E+00  1.000E+00  1.000E+00  4.39E+02  0.00E+00  0.00E+00  0.000000  0.001908  0.0000000E+00  0.0000000000E+00
133  2.941165387080920E+08    2.500000  2.250481  4.214097  7.5157700E-01  2.4837130E-01  1.2915521E-06  4.2970794E-09  1.0216519E-07  6.8211449E-06  3.5136664E-10  2.0005896E-09  9.2048308E-07  2.3543589E-08  0.000E+00  0.0000  4.214097  -30.000  3.498561  7.603395  2.0307199E-13  9.9999060E-01  8.0199139E-08  2.1717668E-08  7.3741315E-06  1.0625686E-07  1.5528334E-10  3.3676395E-13  9.2048308E-07  2.3543589E-08  0.000E+00  0.000E+00  0.000E+00  1.000E+00  1.000E+00  4.37E+02  0.00E+00  0.00E+00  0.000000  0.001917  0.0000000E+00  0.0000000000E+00
134  2.946290332911651E+08    2.500000  2.252546  4.213252  7.5157700E-01  2.4837130E-01  1.2915521E-06  4.2970794E-09  1.0216519E-07  6.8211449E-06  3.5136664E-10  2.0005896E-09  9.2048308E-07  2.3543589E-08  0.000E+00  0.0000  4.213252  -30.000  3.513475  7.604434  4.6644208E-14  9.9999060E-01  8.0199156E-08  2.1717668E-08  7.3741315E-06  1.0625686E-07  1.5528330E-10  3.3676424E-13  9.2048308E-07  2.3543589E-08  0.000E+00  0.000E+00  0.000E+00  1.000E+00  1.000E+00  4.36E+02  0.00E+00  0.00E+00  0.000000  0.001927  0.0000000E+00  0.0000000000E+00
135  2.951415278742383E+08    2.500000  2.254633  4.212368  7.5157700E-01  2.4837130E-01  1.2915521E-06  4.2970794E-09  1.0216519E-07  6.8211449E-06  3.5136664E-10  2.0005896E-09  9.2048308E-07  2.3543589E-08  0.000E+00  0.0000  4.212368  -30.000  3.528761  7.605569  9.8065432E-15  9.9999060E-01  8.0199160E-08  2.1717668E-08  7.3741315E-06  1.0625686E-07  1.5528330E-10  3.3676430E-13  9.2048308E-07  2.3543589E-08  0.000E+00  0.000E+00  0.000E+00  1.000E+00  1.000E+00  4.35E+02  0.00E+00  0.00E+00  0.000000  0.001936  0.0000000E+00  0.0000000000E+00
136  2.956540224573115E+08    2.500000  2.256746  4.211438  7.5157700E-01  2.4837130E-01  1.2915521E-06  4.2970794E-09  1.0216519E-07  6.8211449E-06  3.5136664E-10  2.0005896E-09  9.2048308E-07  2.3543589E-08  0.000E+00  0.0000  4.211438  -30.000  3.544479  7.606815  1.8674874E-15  9.9999060E-01  8.0199161E-08  2.1717669E-08  7.3741315E-06  1.0625686E-07  1.5528329E-10  3.3676432E-13  9.2048308E-07  2.3543589E-08  0.000E+00  0.000E+00  0.000E+00  1.000E+00  1.000E+00  4.33E+02  0.00E+00  0.00E+00  0.000000  0.001945  0.0000000E+00  0.0000000000E+00
137  2.961665170403847E+08    2.500000  2.258898  4.210462  7.5157700E-01  2.4837130E-01  1.2915521E-06  4.2970794E-09  1.0216519E-07  6.8211449E-06  3.5136664E-10  2.0005896E-09  9.2048308E-07  2.3543589E-08  0.000E+00  0.0000  4.210462  -30.000  3.560704  7.608182  3.1842110E-16  9.9999060E-01  8.0199161E-08  2.1717669E-08  7.3741315E-06  1.0625686E-07  1.5528329E-10  3.3676432E-13  9.2048308E-07  2.3543589E-08  0.000E+00  0.000E+00  0.000E+00  1.000E+00  1.000E+00  4.32E+02  0.00E+00  0.00E+00  0.000000  0.001955  0.0000000E+00  0.0000000000E+00
138  2.966790116234578E+08    2.500000  2.261077  4.209429  7.5157700E-01  2.4837130E-01  1.2915521E-06  4.2970794E-09  1.0216519E-07  6.8211449E-06  3.5136664E-10  2.0005896E-09  9.2048308E-07  2.3543589E-08  0.000E+00  0.0000  4.209429  -30.000  3.577502  7.609687  4.7809282E-17  9.9999060E-01  8.0199161E-08  2.1717669E-08  7.3741315E-06  1.0625686E-07  1.5528329E-10  3.3676432E-13  9.2048308E-07  2.3543589E-08  0.000E+00  0.000E+00  0.000E+00  1.000E+00  1.000E+00  4.30E+02  0.00E+00  0.00E+00  0.000000  0.001964  0.0000000E+00  0.0000000000E+00
139  2.971915062065310E+08    2.500000  2.263296  4.208337  7.5157700E-01  2.4837130E-01  1.2915521E-06  4.2970794E-09  1.0216519E-07  6.8211449E-06  3.5136664E-10  2.0005896E-09  9.2048308E-07  2.3543589E-08  0.000E+00  0.0000  4.208337  -30.000  3.594899  7.611325  6.1777527E-18  9.9999060E-01  8.0199161E-08  2.1717669E-08  7.3741315E-06  1.0625686E-07  1.5528329E-10  3.3676432E-13  9.2048308E-07  2.3543589E-08  0.000E+00  0.000E+00  0.000E+00  1.000E+00  1.000E+00  4.29E+02  0.00E+00  0.00E+00  0.000000  0.001975  0.0000000E+00  0.0000000000E+00
140  2.977040007896041E+08    2.500000  2.265543  4.207177  7.5157700E-01  2.4837130E-01  1.2915521E-06  4.2970794E-09  1.0216519E-07  6.8211449E-06  3.5136664E-10  2.0005896E-09  9.2048308E-07  2.3543589E-08  0.000E+00  0.0000  4.207177  -30.000  3.612939  7.613109  6.6927411E-19  9.9999060E-01  8.0199161E-08  2.1717669E-08  7.3741315E-06  1.0625686E-07  1.5528329E-10  3.3676432E-13  9.2048308E-07  2.3543589E-08  0.000E+00  0.000E+00  0.000E+00  1.000E+00  1.000E+00  4.27E+02  0.00E+00  0.00E+00  0.000000  0.001985  0.0000000E+00  0.0000000000E+00
141  2.982164953726773E+08    2.500000  2.267842  4.205952  7.5157700E-01  2.4837130E-01  1.2915521E-06  4.2970794E-09  1.0216519E-07  6.8211449E-06  3.5136664E-10  2.0005896E-09  9.2048308E-07  2.3543589E-08  0.000E+00  0.0000  4.205952  -30.000  3.631683  7.615071  5.9678315E-20  9.9999060E-01  8.0199161E-08  2.1717669E-08  7.3741315E-06  1.0625686E-07  1.5528329E-10  3.3676432E-13  9.2048308E-07  2.3543589E-08  0.000E+00  0.000E+00  0.000E+00  1.000E+00  1.000E+00  4.25E+02  0.00E+00  0.00E+00  0.000000  0.001995  0.0000000E+00  0.0000000000E+00
142  2.987289899557505E+08    2.500000  2.270180  4.204638  7.5157700E-01  2.4837130E-01  1.2915521E-06  4.2970794E-09  1.0216519E-07  6.8211449E-06  3.5136664E-10  2.0005896E-09  9.2048308E-07  2.3543589E-08  0.000E+00  0.0000  4.204638  -30.000  3.651263  7.617272  4.5657750E-21  9.9999060E-01  8.0199161E-08  2.1717669E-08  7.3741315E-06  1.0625686E-07  1.5528329E-10  3.3676432E-13  9.2048308E-07  2.3543589E-08  0.000E+00  0.000E+00  0.000E+00  1.000E+00  1.000E+00  4.23E+02  0.00E+00  0.00E+00  0.000000  0.002006  0.0000000E+00  0.0000000000E+00
143  2.992414845388236E+08    2.500000  2.272579  4.203234  7.5157700E-01  2.4837130E-01  1.2915521E-06  4.2970794E-09  1.0216519E-07  6.8211449E-06  3.5136664E-10  2.0005896E-09  9.2048308E-07  2.3543589E-08  0.000E+00  0.0000  4.203234  -30.000  3.671758  7.619733  2.4493443E-22  9.9999060E-01  8.0199161E-08  2.1717669E-08  7.3741315E-06  1.0625686E-07  1.5528329E-10  3.3676432E-13  9.2048308E-07  2.3543589E-08  0.000E+00  0.000E+00  0.000E+00  1.000E+00  1.000E+00  4.21E+02  0.00E+00  0.00E+00  0.000000  0.002017  0.0000000E+00  0.0000000000E+00
144  2.997539791218968E+08    2.500000  2.275033  4.201718  7.5157700E-01  2.4837130E-01  1.2915521E-06  4.2970794E-09  1.0216519E-07  6.8211449E-06  3.5136664E-10  2.0005896E-09  9.2048308E-07  2.3543589E-08  0.000E+00  0.0000  4.201718  -30.000  3.693336  7.622513  1.0346506E-23  9.9999060E-01  8.0199161E-08  2.1717669E-08  7.3741315E-06  1.0625686E-07  1.5528329E-10  3.3676432E-13  9.2048308E-07  2.3543589E-08  0.000E+00  0.000E+00  0.000E+00  1.000E+00  1.000E+00  4.19E+02  0.00E+00  0.00E+00  0.000000  0.002029  0.0000000E+00  0.0000000000E+00
145  3.002664737049699E+08    2.500000  2.277564  4.200083  7.5157700E-01  2.4837130E-01  1.2915521E-06  4.2970794E-09  1.0216519E-07  6.8211449E-06  3.5136664E-10  2.0005896E-09  9.2048308E-07  2.3543589E-08  0.000E+00  0.0000  4.200083  -30.000  3.716134  7.625663  3.0453149E-25  9.9999060E-01  8.0199161E-08  2.1717669E-08  7.3741315E-06  1.0625686E-07  1.5528329E-10  3.3676432E-13  9.2048308E-07  2.3543589E-08  0.000E+00  0.000E+00  0.000E+00  1.000E+00  1.000E+00  4.17E+02  0.00E+00  0.00E+00  0.000000  0.002041  0.0000000E+00  0.0000000000E+00
146  3.007789682880431E+08    2.500000  2.280181  4.198312  7.5157700E-01  2.4837130E-01  1.2915521E-06  4.2970794E-09  1.0216519E-07  6.8211449E-06  3.5136664E-10  2.0005896E-09  9.2048308E-07  2.3543589E-08  0.000E+00  0.0000  4.198312  -30.000  3.740280  7.629241  5.8092707E-27  9.9999060E-01  8.0199161E-08  2.1717669E-08  7.3741315E-06  1.0625686E-07  1.5528329E-10  3.3676432E-13  9.2048308E-07  2.3543589E-08  0.000E+00  0.000E+00  0.000E+00  1.000E+00  1.000E+00  4.15E+02  0.00E+00  0.00E+00  0.000000  0.002053  0.0000000E+00  0.0000000000E+00
147  3.012914628711163E+08    2.500000  2.282884  4.196379  7.5157700E-01  2.4837130E-01  1.2915521E-06  4.2970794E-09  1.0216519E-07  6.8211449E-06  3.5136664E-10  2.0005896E-09  9.2048308E-07  2.3543589E-08  0.000E+00  0.0000  4.196379  -30.000  3.765931  7.633304  6.4013274E-29  9.9999060E-01  8.0199161E-08  2.1717669E-08  7.3741315E-06  1.0625686E-07  1.5528329E-10  3.3676432E-13  9.2048308E-07  2.3543589E-08  0.000E+00  0.000E+00  0.000E+00  1.000E+00  1.000E+00  4.12E+02  0.00E+00  0.00E+00  0.000000  0.002066  0.0000000E+00  0.0000000000E+00
148  3.018039574541894E+08    2.500000  2.285682  4.194263  7.5157700E-01  2.4837130E-01  1.2915521E-06  4.2970794E-09  1.0216519E-07  6.8211449E-06  3.5136664E-10  2.0005896E-09  9.2048308E-07  2.3543589E-08  0.000E+00  0.0000  4.194263  -30.000  3.793240  7.637929  3.6162838E-31  9.9999060E-01  8.0199161E-08  2.1717669E-08  7.3741315E-06  1.0625686E-07  1.5528329E-10  3.3676432E-13  9.2048308E-07  2.3543589E-08  0.000E+00  0.000E+00  0.000E+00  1.000E+00  1.000E+00  4.09E+02  0.00E+00  0.00E+00  0.000000  0.002079  0.0000000E+00  0.0000000000E+00
149  3.023164520372626E+08    2.500000  2.288586  4.191942  7.5157700E-01  2.4837130E-01  1.2915521E-06  4.2970794E-09  1.0216519E-07  6.8211449E-06  3.5136664E-10  2.0005896E-09  9.2048308E-07  2.3543589E-08  0.000E+00  0.0000  4.191942  -30.000  3.822347  7.643192  8.3708733E-34  9.9999060E-01  8.0199161E-08  2.1717669E-08  7.3741315E-06  1.0625686E-07  1.5528329E-10  3.3676432E-13  9.2048308E-07  2.3543589E-08  0.000E+00  0.000E+00  0.000E+00  1.000E+00  1.000E+00  4.07E+02  0.00E+00  0.00E+00  0.000000  0.002093  0.0000000E+00  0.0000000000E+00
150  3.028289466203358E+08    2.500000  2.291606  4.189382  7.5157700E-01  2.4837130E-01  1.2915521E-06  4.2970794E-09  1.0216519E-07  6.8211449E-06  3.5136664E-10  2.0005896E-09  9.2048308E-07  2.3543589E-08  0.000E+00  0.0000  4.189382  -30.000  3.853447  7.649201  9.5397673E-37  9.9999060E-01  8.0199161E-08  2.1717669E-08  7.3741315E-06  1.0625686E-07  1.5528329E-10  3.3676432E-13  9.2048308E-07  2.3543589E-08  0.000E+00  0.000E+00  0.000E+00  1.000E+00  1.000E+00  4.04E+02  0.00E+00  0.00E+00  0.000000  0.002108  0.0000000E+00  0.0000000000E+00
151  3.033414412034090E+08    2.500000  2.294726  4.186539  7.5157700E-01  2.4837130E-01  1.2915521E-06  4.2970794E-09  1.0216519E-07  6.8211449E-06  3.5136664E-10  2.0005896E-09  9.2048308E-07  2.3543589E-08  0.000E+00  0.0000  4.186539  -30.000  3.886621  7.656012  2.1607567E-40  9.9999060E-01  8.0199161E-08  2.1717669E-08  7.3741315E-06  1.0625686E-07  1.5528329E-10  3.3676432E-13  9.2048308E-07  2.3543589E-08  0.000E+00  0.000E+00  0.000E+00  1.000E+00  1.000E+00  4.00E+02  0.00E+00  0.00E+00  0.000000  0.002123  0.0000000E+00  0.0000000000E+00
152  3.038539357864821E+08    2.500000  2.297984  4.183375  7.5157700E-01  2.4837130E-01  1.2915521E-06  4.2970794E-09  1.0216519E-07  6.8211449E-06  3.5136664E-10  2.0005896E-09  9.2048308E-07  2.3543589E-08  0.000E+00  0.0000  4.183375  -30.000  3.922079  7.663759  1.4442489E-44  9.9999060E-01  8.0199161E-08  2.1717669E-08  7.3741315E-06  1.0625686E-07  1.5528329E-10  3.3676432E-13  9.2048308E-07  2.3543589E-08  0.000E+00  0.000E+00  0.000E+00  1.000E+00  1.000E+00  3.96E+02  0.00E+00  0.00E+00  0.000000  0.002139  0.0000000E+00  0.0000000000E+00
153  3.043664303695553E+08    2.500000  2.301352  4.179829  7.5157700E-01  2.4837130E-01  1.2915521E-06  4.2970794E-09  1.0216519E-07  6.8211449E-06  3.5136664E-10  2.0005896E-09  9.2048308E-07  2.3543589E-08  0.000E+00  0.0000  4.179829  -30.000  3.959969  7.672546  8.4669806E-50  9.9999060E-01  8.0199161E-08  2.1717669E-08  7.3741315E-06  1.0625686E-07  1.5528329E-10  3.3676432E-13  9.2048308E-07  2.3543589E-08  0.000E+00  0.000E+00  0.000E+00  1.000E+00  1.000E+00  3.93E+02  0.00E+00  0.00E+00  0.000000  0.002155  0.0000000E+00  0.0000000000E+00
154  3.048789249526284E+08    2.500000  2.304840  4.175831  7.5157700E-01  2.4837130E-01  1.2915521E-06  4.2970794E-09  1.0216519E-07  6.8211449E-06  3.5136664E-10  2.0005896E-09  9.2048308E-07  2.3543589E-08  0.000E+00  0.0000  4.175831  -30.000  4.000441  7.682467  2.9378339E-56  9.9999060E-01  8.0199161E-08  2.1717669E-08  7.3741315E-06  1.0625686E-07  1.5528329E-10  3.3676432E-13  9.2048308E-07  2.3543589E-08  0.000E+00  0.000E+00  0.000E+00  1.000E+00  1.000E+00  3.88E+02  0.00E+00  0.00E+00  0.000000  0.002173  0.0000000E+00  0.0000000000E+00
155  3.053914195357016E+08    2.500000  2.308466  4.171295  7.5157700E-01  2.4837130E-01  1.2915521E-06  4.2970794E-09  1.0216519E-07  6.8211449E-06  3.5136664E-10  2.0005896E-09  9.2048308E-07  2.3543589E-08  0.000E+00  0.0000  4.171295  -30.000  4.043739  7.693646  2.3599822E-63  9.9999060E-01  8.0199161E-08  2.1717669E-08  7.3741315E-06  1.0625686E-07  1.5528329E-10  3.3676432E-13  9.2048308E-07  2.3543589E-08  0.000E+00  0.000E+00  0.000E+00  1.000E+00  1.000E+00  3.83E+02  0.00E+00  0.00E+00  0.000000  0.002191  0.0000000E+00  0.0000000000E+00
156  3.059039141187748E+08    2.500000  2.312210  4.166137  7.5157700E-01  2.4837130E-01  1.2915521E-06  4.2970794E-09  1.0216519E-07  6.8211449E-06  3.5136664E-10  2.0005896E-09  9.2048308E-07  2.3543589E-08  0.000E+00  0.0000  4.166137  -30.000  4.089944  7.706190  1.3165348E-72  9.9999060E-01  8.0199161E-08  2.1717669E-08  7.3741315E-06  1.0625686E-07  1.5528329E-10  3.3676432E-13  9.2048308E-07  2.3543589E-08  0.000E+00  0.000E+00  0.000E+00  1.000E+00  1.000E+00  3.78E+02  0.00E+00  0.00E+00  0.000000  0.002210  0.0000000E+00  0.0000000000E+00
157  3.064164087018479E+08    2.500000  2.316062  4.160229  7.5157700E-01  2.4837130E-01  1.2915521E-06  4.2970794E-09  1.0216519E-07  6.8211449E-06  3.5136664E-10  2.0005896E-09  9.2048308E-07  2.3543589E-08  0.000E+00  0.0000  4.160229  -30.000  4.139203  7.720191  0.0000000E+00  9.9999060E-01  8.0199161E-08  2.1717669E-08  7.3741315E-06  1.0625686E-07  1.5528329E-10  3.3676432E-13  9.2048308E-07  2.3543589E-08  0.000E+00  0.000E+00  0.000E+00  1.000E+00  1.000E+00  3.72E+02  0.00E+00  0.00E+00  0.000000  0.002230  0.0000000E+00  0.0000000000E+00
158  3.069289032849211E+08    2.500000  2.320001  4.153417  7.5157700E-01  2.4837130E-01  1.2915521E-06  4.2970794E-09  1.0216519E-07  6.8211449E-06  3.5136664E-10  2.0005896E-09  9.2048308E-07  2.3543589E-08  0.000E+00  0.0000  4.153417  -30.000  4.191641  7.735739  0.0000000E+00  9.9999060E-01  8.0199161E-08  2.1717669E-08  7.3741315E-06  1.0625686E-07  1.5528329E-10  3.3676432E-13  9.2048308E-07  2.3543589E-08  0.000E+00  0.000E+00  0.000E+00  1.000E+00  1.000E+00  3.65E+02  0.00E+00  0.00E+00  0.000000  0.002250  0.0000000E+00  0.0000000000E+00
159  3.074413978679942E+08    2.500000  2.323978  4.145507  7.5157700E-01  2.4837130E-01  1.2915521E-06  4.2970794E-09  1.0216519E-07  6.8211449E-06  3.5136664E-10  2.0005896E-09  9.2048308E-07  2.3543589E-08  0.000E+00  0.0000  4.145507  -30.000  4.247307  7.752878  0.0000000E+00  9.9999060E-01  8.0199161E-08  2.1717669E-08  7.3741315E-06  1.0625686E-07  1.5528329E-10  3.3676432E-13  9.2048308E-07  2.3543589E-08  0.000E+00  0.000E+00  0.000E+00  1.000E+00  1.000E+00  3.58E+02  0.00E+00  0.00E+00  0.000000  0.002271  0.0000000E+00  0.0000000000E+00
160  3.079538924510674E+08    2.500000  2.327958  4.136283  7.5157700E-01  2.4837130E-01  1.2915521E-06  4.2970794E-09  1.0216519E-07  6.8211449E-06  3.5136664E-10  2.0005896E-09  9.2048308E-07  2.3543589E-08  0.000E+00  0.0000  4.136283  -30.000  4.306191  7.771595  0.0000000E+00  9.9999060E-01  8.0199161E-08  2.1717669E-08  7.3741315E-06  1.0625686E-07  1.5528329E-10  3.3676432E-13  9.2048308E-07  2.3543589E-08  0.000E+00  0.000E+00  0.000E+00  1.000E+00  1.000E+00  3.49E+02  0.00E+00  0.00E+00  0.000000  0.002292  0.0000000E+00  0.0000000000E+00
161  3.084663870341406E+08    2.500000  2.331856  4.125436  7.5157700E-01  2.4837130E-01  1.2915521E-06  4.2970794E-09  1.0216519E-07  6.8211449E-06  3.5136664E-10  2.0005896E-09  9.2048308E-07  2.3543589E-08  0.000E+00  0.0000  4.125436  -30.000  4.368180  7.791808  0.0000000E+00  9.9999060E-01  8.0199161E-08  2.1717669E-08  7.3741315E-06  1.0625686E-07  1.5528329E-10  3.3676432E-13  9.2048308E-07  2.3543589E-08  0.000E+00  0.000E+00  0.000E+00  1.000E+00  1.000E+00  3.41E+02  0.00E+00  0.00E+00  0.000000  0.002313  0.0000000E+00  0.0000000000E+00
162  3.089788816172138E+08    2.500000  2.335584  4.112674  7.5157700E-01  2.4837130E-01  1.2915521E-06  4.2970794E-09  1.0216519E-07  6.8211449E-06  3.5136664E-10  2.0005896E-09  9.2048308E-07  2.3543589E-08  0.000E+00  0.0000  4.112674  -30.000  4.433018  7.813332  0.0000000E+00  9.9999060E-01  8.0199161E-08  2.1717669E-08  7.3741315E-06  1.0625686E-07  1.5528329E-10  3.3676432E-13  9.2048308E-07  2.3543589E-08  0.000E+00  0.000E+00  0.000E+00  1.000E+00  1.000E+00  3.30E+02  0.00E+00  0.00E+00  0.000000  0.002333  0.0000000E+00  0.0000000000E+00
163  3.094913762002869E+08    2.500000  2.339014  4.097568  7.5157700E-01  2.4837130E-01  1.2915521E-06  4.2970794E-09  1.0216519E-07  6.8211449E-06  3.5136664E-10  2.0005896E-09  9.2048308E-07  2.3543589E-08  0.000E+00  0.0000  4.097568  -30.000  4.500274  7.835882  0.0000000E+00  9.9999060E-01  8.0199161E-08  2.1717669E-08  7.3741315E-06  1.0625686E-07  1.5528329E-10  3.3676432E-13  9.2048308E-07  2.3543589E-08  0.000E+00  0.000E+00  0.000E+00  1.000E+00  1.000E+00  3.18E+02  0.00E+00  0.00E+00  0.000000  0.002351  0.0000000E+00  0.0000000000E+00
164  3.100038707833601E+08    2.500000  2.341979  4.079642  7.5157700E-01  2.4837130E-01  1.2915521E-06  4.2970794E-09  1.0216519E-07  6.8211449E-06  3.5136664E-10  2.0005896E-09  9.2048308E-07  2.3543589E-08  0.000E+00  0.0000  4.079642  -30.000  4.569324  7.859061  0.0000000E+00  9.9999060E-01  8.0586676E-08  6.6317709E-10  7.3741315E-06  1.3217016E-07  1.5528320E-10  3.6535890E-13  9.2048308E-07  2.3543589E-08  0.000E+00  0.000E+00  0.000E+00  1.000E+00  1.000E+00  3.05E+02  0.00E+00  0.00E+00  0.000000  0.002367  0.0000000E+00  0.0000000000E+00
165  3.105163653664333E+08    2.500000  2.344221  4.058315  7.5157700E-01  2.4837130E-01  1.2915521E-06  4.2970794E-09  1.0216519E-07  6.8211449E-06  3.5136664E-10  2.0005896E-09  9.2048308E-07  2.3543589E-08  0.000E+00  0.0000  4.058315  -30.000  4.639372  7.882390  0.0000000E+00  9.9999060E-01  8.6399981E-08  5.6433779E-16  7.3741313E-06  1.3298681E-07  1.5528247E-10  6.2520810E-13  9.2048308E-07  2.3543589E-08  0.000E+00  0.000E+00  0.000E+00  1.000E+00  1.000E+00  2.89E+02  0.00E+00  0.00E+00  0.000000  0.002379  0.0000000E+00  0.0000000000E+00
166  3.110288599495064E+08    2.500000  2.345340  4.032819  7.5157700E-01  2.4837130E-01  1.2915521E-06  4.2970794E-09  1.0216519E-07  6.8211449E-06  3.5136664E-10  2.0005896E-09  9.2048308E-07  2.3543589E-08  0.000E+00  0.0000  4.032819  -30.000  4.709507  7.905341  0.0000000E+00  9.9999050E-01  1.6917998E-07  5.6715360E-31  7.3741296E-06  1.3298960E-07  1.5527786E-10  2.7219159E-12  9.2048309E-07  2.3543589E-08  0.000E+00  0.000E+00  0.000E+00  1.000E+00  1.000E+00  2.73E+02  0.00E+00  0.00E+00  0.000000  0.002385  0.0000000E+00  0.0000000000E+00
167  3.115413545325796E+08    2.500000  2.344755  4.002160  7.5157700E-01  2.4837130E-01  1.2915521E-06  4.2970794E-09  1.0216519E-07  6.8211449E-06  3.5136664E-10  2.0005896E-09  9.2048308E-07  2.3543589E-08  0.000E+00  0.0000  4.002160  -30.000  4.778758  7.927394  0.0000000E+00  9.9998936E-01  1.3445256E-06  1.9429224E-59  7.3741183E-06  1.3304788E-07  1.5525313E-10  1.7260302E-11  9.2048312E-07  2.3543590E-08  0.000E+00  0.000E+00  0.000E+00  1.000E+00  1.000E+00  2.55E+02  0.00E+00  0.00E+00  0.000000  0.002382  0.0000000E+00  0.0000000000E+00
168  3.120538491156527E+08    2.500000  2.341474  3.964721  7.5157700E-01  2.4837130E-01  1.2915521E-06  4.2970794E-09  1.0216519E-07  6.8211449E-06  3.5136664E-10  2.0005896E-09  9.2048308E-07  2.3543589E-08  0.000E+00  0.0000  3.964721  -30.000  4.846106  7.948269  0.0000000E+00  9.9997308E-01  1.7612710E-05  0.0000000E+00  7.3740450E-06  1.3563209E-07  1.5512950E-10  1.1155486E-10  9.2048326E-07  2.3543604E-08  0.000E+00  0.000E+00  0.000E+00  1.000E+00  1.000E+00  2.34E+02  0.00E+00  0.00E+00  0.000000  0.002365  0.0000000E+00  0.0000000000E+00
169  3.125663436987259E+08    2.500000  2.333758  3.917571  7.5157700E-01  2.4837130E-01  1.2915521E-06  4.2970794E-09  1.0216519E-07  6.8211449E-06  3.5136664E-10  2.0005896E-09  9.2048308E-07  2.3543589E-08  0.000E+00  0.0000  3.917571  -30.000  4.909332  7.970095  0.0000000E+00  9.9977081E-01  2.1979227E-04  0.0000000E+00  7.3734899E-06  2.5055942E-07  1.5453413E-10  8.2490590E-10  9.2048396E-07  2.3544059E-08  0.000E+00  0.000E+00  0.000E+00  1.000E+00  1.000E+00  2.11E+02  0.00E+00  0.00E+00  0.000000  0.002323  0.0000000E+00  0.0000000000E+00
170  3.130788382817991E+08    2.500000  2.321985  3.856610  7.5157700E-01  2.4837130E-01  1.2915521E-06  4.2970794E-09  1.0216519E-07  6.8211449E-06  3.5136664E-10  2.0005896E-09  9.2048308E-07  2.3543589E-08  0.000E+00  0.0253  3.856610  -30.000  4.919738  8.036266  0.0000000E+00  9.9895050E-01  1.0396873E-03  0.0000000E+00  7.3659425E-06  6.8429502E-07  1.5967213E-10  4.4829436E-09  9.2048420E-07  2.3549563E-08  0.000E+00  0.000E+00  0.000E+00  1.000E+00  1.000E+00  1.84E+02  0.00E+00  0.00E+00  0.000000  0.002260  0.0000000E+00  0.0000000000E+00
171  3.130843640805383E+08    2.500000  2.322236  3.856030  7.5157700E-01  2.4837130E-01  1.2915521E-06  4.2970794E-09  1.0216519E-07  6.8211449E-06  3.5136664E-10  2.0005896E-09  9.2048308E-07  2.3543589E-08  0.000E+00  0.0282  3.856030  -30.000  4.915982  8.038145  0.0000000E+00  9.9892066E-01  1.0695422E-03  4.3379331E-66  7.3655006E-06  6.8729004E-07  1.5938017E-10  4.7446778E-09  9.2048417E-07  2.3550138E-08  0.000E+00  0.000E+00  0.000E+00  1.000E+00  1.000E+00  1.84E+02  0.00E+00  0.00E+00  0.000000  0.002262  0.0000000E+00  0.0000000000E+00
172  3.130898898792776E+08    2.500000  2.322523  3.855464  7.5157700E-01  2.4837130E-01  1.2915521E-06  4.2970794E-09  1.0216519E-07  6.8211449E-06  3.5136664E-10  2.0005896E-09  9.2048308E-07  2.3543589E-08  0.000E+00  0.0279  3.855464  -30.000  4.911456  8.040459  0.0000000E+00  9.9887199E-01  1.1181440E-03  6.6488807E-51  7.3650008E-06  6.9943185E-07  1.5905860E-10  5.1067908E-09  9.2048416E-07  2.3550895E-08  0.000E+00  0.000E+00  0.000E+00  1.000E+00  1.000E+00  1.84E+02  0.00E+00  0.00E+00  0.000000  0.002263  0.0000000E+00  0.0000000000E+00
173  3.130954156780169E+08    2.500000  2.322896  3.854927  7.5157700E-01  2.4837130E-01  1.2915521E-06  4.2970794E-09  1.0216519E-07  6.8211449E-06  3.5136664E-10  2.0005896E-09  9.2048308E-07  2.3543589E-08  0.000E+00  0.0339  3.854927  -30.000  4.906340  8.042611  0.0000000E+00  9.9890095E-01  1.0892200E-03  2.5006274E-41  7.3646127E-06  6.6840727E-07  1.5850447E-10  5.1285493E-09  9.2048407E-07  2.3551086E-08  0.000E+00  0.000E+00  0.000E+00  1.000E+00  1.000E+00  1.84E+02  0.00E+00  0.00E+00  0.000000  0.002265  0.0000000E+00  0.0000000000E+00
174  3.131009414767562E+08    2.500000  2.323370  3.854426  7.5157700E-01  2.4837130E-01  1.2915521E-06  4.2970794E-09  1.0216519E-07  6.8211449E-06  3.5136664E-10  2.0005896E-09  9.2048308E-07  2.3543589E-08  0.000E+00  0.0364  3.854426  -30.000  4.900059  8.045033  0.0000000E+00  9.9878879E-01  1.2013561E-03  8.6113515E-40  7.3639313E-06  7.0531561E-07  1.5828091E-10  5.8654777E-09  9.2048410E-07  2.3552469E-08  0.000E+00  0.000E+00  0.000E+00  1.000E+00  1.000E+00  1.83E+02  0.00E+00  0.00E+00  0.000000  0.002268  0.0000000E+00  0.0000000000E+00
175  3.131064672754954E+08    2.500000  2.323962  3.853966  7.5157700E-01  2.4837130E-01  1.2915521E-06  4.2970794E-09  1.0216519E-07  6.8211449E-06  3.5136664E-10  2.0005896E-09  9.2048308E-07  2.3543589E-08  0.000E+00  0.0387  3.853966  -30.000  4.893217  8.047194  0.0000000E+00  9.9874351E-01  1.2466428E-03  1.2944261E-30  7.3633180E-06  7.1221832E-07  1.5781891E-10  6.3217724E-09  9.2048408E-07  2.3553621E-08  0.000E+00  0.000E+00  0.000E+00  1.000E+00  1.000E+00  1.83E+02  0.00E+00  0.00E+00  0.000000  0.002271  0.0000000E+00  0.0000000000E+00
176  3.131119930742347E+08    2.500000  2.324703  3.853554  7.5157700E-01  2.4837130E-01  1.2915521E-06  4.2970794E-09  1.0216519E-07  6.8211449E-06  3.5136664E-10  2.0005896E-09  9.2048308E-07  2.3543589E-08  0.000E+00  0.0429  3.853554  -30.000  4.885102  8.049449  0.0000000E+00  9.9867746E-01  1.3126617E-03  1.2115571E-24  7.3626185E-06  7.2520043E-07  1.5738075E-10  6.9291391E-09  9.2048407E-07  2.3555039E-08  0.000E+00  0.000E+00  0.000E+00  1.000E+00  1.000E+00  1.83E+02  0.00E+00  0.00E+00  0.000000  0.002275  0.0000000E+00  0.0000000000E+00
177  3.131175188729739E+08    2.500000  2.325640  3.853205  7.5157700E-01  2.4837130E-01  1.2915521E-06  4.2970794E-09  1.0216519E-07  6.8211449E-06  3.5136664E-10  2.0005896E-09  9.2048308E-07  2.3543589E-08  0.000E+00  0.0461  3.853205  -30.000  4.875589  8.051785  0.0000000E+00  9.9857521E-01  1.4148628E-03  1.8081547E-20  7.3617541E-06  7.5420608E-07  1.5697694E-10  7.8008054E-09  9.2048408E-07  2.3557128E-08  0.000E+00  0.000E+00  0.000E+00  1.000E+00  1.000E+00  1.83E+02  0.00E+00  0.00E+00  0.000000  0.002280  0.0000000E+00  0.0000000000E+00
178  3.131230446717132E+08    2.500000  2.326780  3.852927  7.5157700E-01  2.4837130E-01  1.2915521E-06  4.2970794E-09  1.0216519E-07  6.8211449E-06  3.5136664E-10  2.0005896E-09  9.2048308E-07  2.3543589E-08  0.000E+00  0.0496  3.852927  -30.000  4.865397  8.053694  0.0000000E+00  9.9844027E-01  1.5497544E-03  7.5787926E-18  7.3607342E-06  8.0053199E-07  1.5662900E-10  8.9277806E-09  9.2048412E-07  2.3560053E-08  0.000E+00  0.000E+00  0.000E+00  1.000E+00  1.000E+00  1.82E+02  0.00E+00  0.00E+00  0.000000  0.002285  0.0000000E+00  0.0000000000E+00
179  3.131285704704525E+08    2.500000  2.328153  3.852727  7.5157700E-01  2.4837130E-01  1.2915521E-06  4.2970794E-09  1.0216519E-07  6.8211449E-06  3.5136664E-10  2.0005896E-09  9.2048308E-07  2.3543589E-08  0.000E+00  0.0533  3.852727  -30.000  4.854202  8.055500  0.0000000E+00  9.9831599E-01  1.6739898E-03  5.4554301E-16  7.3596755E-06  8.4528077E-07  1.5619974E-10  1.0067864E-08  9.2048415E-07  2.3563406E-08  0.000E+00  0.000E+00  0.000E+00  1.000E+00  1.000E+00  1.82E+02  0.00E+00  0.00E+00  0.000000  0.002293  0.0000000E+00  0.0000000000E+00
180  3.131340962691917E+08    2.500000  2.329813  3.852626  7.5157700E-01  2.4837130E-01  1.2915521E-06  4.2970794E-09  1.0216519E-07  6.8211449E-06  3.5136664E-10  2.0005896E-09  9.2048308E-07  2.3543589E-08  0.000E+00  0.0561  3.852626  -30.000  4.842343  8.056997  0.0000000E+00  9.9821521E-01  1.7747669E-03  1.1823665E-13  7.3586322E-06  8.8377531E-07  1.5563499E-10  1.1132319E-08  9.2048416E-07  2.3567032E-08  0.000E+00  0.000E+00  0.000E+00  1.000E+00  1.000E+00  1.82E+02  0.00E+00  0.00E+00  0.000000  0.002302  0.0000000E+00  0.0000000000E+00
181  3.131396220679310E+08    2.500000  2.331785  3.852635  7.5157700E-01  2.4837130E-01  1.2915521E-06  4.2970794E-09  1.0216519E-07  6.8211449E-06  3.5136664E-10  2.0005896E-09  9.2048308E-07  2.3543589E-08  0.000E+00  0.0617  3.852635  -30.000  4.829903  8.058245  0.0000000E+00  9.9807368E-01  1.9161851E-03  1.1156743E-12  7.3574101E-06  9.4369068E-07  1.5519749E-10  1.2515004E-08  9.2048420E-07  2.3571806E-08  0.000E+00  0.000E+00  0.000E+00  1.000E+00  1.000E+00  1.82E+02  0.00E+00  0.00E+00  0.000000  0.002312  0.0000000E+00  0.0000000000E+00
182  3.131451478666703E+08    2.500000  2.334094  3.852775  7.5157700E-01  2.4837130E-01  1.2915521E-06  4.2970794E-09  1.0216519E-07  6.8211449E-06  3.5136664E-10  2.0005896E-09  9.2048308E-07  2.3543589E-08  0.000E+00  0.0579  3.852775  -30.000  4.817426  8.059143  0.0000000E+00  9.9790114E-01  2.0887027E-03  4.3509235E-17  7.3560303E-06  1.0236741E-06  1.5488164E-10  1.4169336E-08  9.2048426E-07  2.3577879E-08  0.000E+00  0.000E+00  0.000E+00  1.000E+00  1.000E+00  1.81E+02  0.00E+00  0.00E+00  0.000000  0.002324  0.0000000E+00  0.0000000000E+00
183  3.131506736654096E+08    2.500000  2.336745  3.853055  7.5157700E-01  2.4837130E-01  1.2915521E-06  4.2970794E-09  1.0216519E-07  6.8211449E-06  3.5136664E-10  2.0005896E-09  9.2048308E-07  2.3543589E-08  0.000E+00  0.0645  3.853055  -30.000  4.805443  8.059611  0.0000000E+00  9.9780443E-01  2.1853117E-03  9.2437850E-12  7.3549486E-06  1.0786859E-06  1.5429220E-10  1.5325445E-08  9.2048428E-07  2.3583293E-08  0.000E+00  0.000E+00  0.000E+00  1.000E+00  1.000E+00  1.81E+02  0.00E+00  0.00E+00  0.000000  0.002339  0.0000000E+00  0.0000000000E+00
184  3.131561994641488E+08    2.500000  2.339726  3.853493  7.5157700E-01  2.4837130E-01  1.2915521E-06  4.2970794E-09  1.0216519E-07  6.8211449E-06  3.5136664E-10  2.0005896E-09  9.2048308E-07  2.3543589E-08  0.000E+00  0.0679  3.853493  -30.000  4.793562  8.059988  0.0000000E+00  9.9765851E-01  2.3311635E-03  3.2858937E-12  7.3536683E-06  1.1601892E-06  1.5394625E-10  1.6853031E-08  9.2048434E-07  2.3590126E-08  0.000E+00  0.000E+00  0.000E+00  1.000E+00  1.000E+00  1.81E+02  0.00E+00  0.00E+00  0.000000  0.002355  0.0000000E+00  0.0000000000E+00
185  3.131617252628881E+08    2.500000  2.343030  3.854095  7.5157700E-01  2.4837130E-01  1.2915521E-06  4.2970794E-09  1.0216519E-07  6.8211449E-06  3.5136664E-10  2.0005896E-09  9.2048308E-07  2.3543589E-08  0.000E+00  0.0687  3.854095  -30.000  4.782216  8.060154  0.0000000E+00  9.9756488E-01  2.4247357E-03  1.5117172E-12  7.3526284E-06  1.2237986E-06  1.5340534E-10  1.8005885E-08  9.2048437E-07  2.3596289E-08  0.000E+00  0.000E+00  0.000E+00  1.000E+00  1.000E+00  1.81E+02  0.00E+00  0.00E+00  0.000000  0.002373  0.0000000E+00  0.0000000000E+00
186  3.131672510616273E+08    2.500000  2.346620  3.854878  7.5157700E-01  2.4837130E-01  1.2915521E-06  4.2970794E-09  1.0216519E-07  6.8211449E-06  3.5136664E-10  2.0005896E-09  9.2048308E-07  2.3543589E-08  0.000E+00  0.0707  3.854878  -30.000  4.771780  8.060031  0.0000000E+00  9.9738531E-01  2.6041747E-03  1.9173524E-20  7.3512222E-06  1.3334023E-06  1.5333949E-10  1.9806904E-08  9.2048444E-07  2.3604926E-08  0.000E+00  0.000E+00  0.000E+00  1.000E+00  1.000E+00  1.81E+02  0.00E+00  0.00E+00  0.000000  0.002393  0.0000000E+00  0.0000000000E+00
187  3.131727768603666E+08    2.500000  2.350406  3.855848  7.5157700E-01  2.4837130E-01  1.2915521E-06  4.2970794E-09  1.0216519E-07  6.8211449E-06  3.5136664E-10  2.0005896E-09  9.2048308E-07  2.3543589E-08  0.000E+00  0.0697  3.855848  -30.000  4.761931  8.059855  0.0000000E+00  9.9726862E-01  2.7207960E-03  1.2620376E-11  7.3501245E-06  1.4217516E-06  1.5303708E-10  2.1129038E-08  9.2048449E-07  2.3612642E-08  0.000E+00  0.000E+00  0.000E+00  1.000E+00  1.000E+00  1.81E+02  0.00E+00  0.00E+00  0.000000  0.002413  0.0000000E+00  0.0000000000E+00
188  3.131783026591059E+08    2.500000  2.354344  3.857006  7.5157700E-01  2.4837130E-01  1.2915521E-06  4.2970794E-09  1.0216519E-07  6.8211449E-06  3.5136664E-10  2.0005896E-09  9.2048308E-07  2.3543589E-08  0.000E+00  0.0713  3.857006  -30.000  4.752696  8.059603  0.0000000E+00  9.9718537E-01  2.8039403E-03  2.1258054E-13  7.3492256E-06  1.4963214E-06  1.5265293E-10  2.2171116E-08  9.2048452E-07  2.3619498E-08  0.000E+00  0.000E+00  0.000E+00  1.000E+00  1.000E+00  1.81E+02  0.00E+00  0.00E+00  0.000000  0.002436  0.0000000E+00  0.0000000000E+00
189  3.131838284578452E+08    2.500000  2.358319  3.858348  7.5157700E-01  2.4837130E-01  1.2915521E-06  4.2970794E-09  1.0216519E-07  6.8211449E-06  3.5136664E-10  2.0005896E-09  9.2048308E-07  2.3543589E-08  0.000E+00  0.0688  3.858348  -30.000  4.744096  8.059292  0.0000000E+00  9.9704277E-01  2.9464742E-03  2.1465396E-16  7.3480450E-06  1.6054122E-06  1.5259658E-10  2.3681767E-08  9.2048459E-07  2.3628363E-08  0.000E+00  0.000E+00  0.000E+00  1.000E+00  1.000E+00  1.81E+02  0.00E+00  0.00E+00  0.000000  0.002457  0.0000000E+00  0.0000000000E+00
190  3.131893542565844E+08    2.500000  2.362292  3.859876  7.5157700E-01  2.4837130E-01  1.2915521E-06  4.2970794E-09  1.0216519E-07  6.8211449E-06  3.5136664E-10  2.0005896E-09  9.2048308E-07  2.3543589E-08  0.000E+00  0.0744  3.859876  -30.000  4.736236  8.058869  0.0000000E+00  9.9696140E-01  3.0277338E-03  2.8210670E-16  7.3472092E-06  1.6862684E-06  1.5231933E-10  2.4679498E-08  9.2048463E-07  2.3635476E-08  0.000E+00  0.000E+00  0.000E+00  1.000E+00  1.000E+00  1.81E+02  0.00E+00  0.00E+00  0.000000  0.002480  0.0000000E+00  0.0000000000E+00
191  3.132009644379994E+08    2.500000  2.370271  3.863620  7.5157700E-01  2.4837130E-01  1.2915521E-06  4.2970794E-09  1.0216519E-07  6.8211449E-06  3.5136664E-10  2.0005896E-09  9.2048308E-07  2.3543589E-08  0.000E+00  0.0691  3.863620  -30.000  4.721464  8.057959  0.0000000E+00  9.9671053E-01  3.2784098E-03  1.2892799E-27  7.3450721E-06  1.9148213E-06  1.5221352E-10  2.7412076E-08  9.2048475E-07  2.3653913E-08  0.000E+00  0.000E+00  0.000E+00  1.000E+00  1.000E+00  1.82E+02  0.00E+00  0.00E+00  0.000000  0.002527  0.0000000E+00  0.0000000000E+00
192  3.132155267729066E+08    2.500000  2.379068  3.869187  7.5157700E-01  2.4837130E-01  1.2915521E-06  4.2970794E-09  1.0216519E-07  6.8211449E-06  3.5136664E-10  2.0005896E-09  9.2048308E-07  2.3543589E-08  0.000E+00  0.0755  3.869187  -30.000  4.705851  8.056729  0.0000000E+00  9.9645965E-01  3.5290577E-03  1.3478588E-22  7.3428927E-06  2.1812230E-06  1.5210131E-10  3.0196879E-08  9.2048488E-07  2.3675029E-08  0.000E+00  0.000E+00  0.000E+00  1.000E+00  1.000E+00  1.84E+02  0.00E+00  0.00E+00  0.000000  0.002578  0.0000000E+00  0.0000000000E+00
193  3.132323803364964E+08    2.500000  2.387118  3.876483  7.5157700E-01  2.4837130E-01  1.2915521E-06  4.2970794E-09  1.0216519E-07  6.8211449E-06  3.5136664E-10  2.0005896E-09  9.2048308E-07  2.3543589E-08  0.000E+00  0.0754  3.876483  -30.000  4.690926  8.055308  0.0000000E+00  9.9620878E-01  3.7795691E-03  2.9852790E-36  7.3406823E-06  2.4906907E-06  1.5198201E-10  3.3019309E-08  9.2048503E-07  2.3698860E-08  0.000E+00  0.000E+00  0.000E+00  1.000E+00  1.000E+00  1.86E+02  0.00E+00  0.00E+00  0.000000  0.002626  0.0000000E+00  0.0000000000E+00
194  3.132619793024693E+08    2.500000  2.396005  3.890295  7.5157700E-01  2.4837130E-01  1.2915521E-06  4.2970794E-09  1.0216519E-07  6.8211449E-06  3.5136664E-10  2.0005896E-09  9.2048308E-07  2.3543589E-08  0.000E+00  0.0720  3.890295  -30.000  4.670513  8.052958  0.0000000E+00  9.9595790E-01  4.0300458E-03  8.9288292E-15  7.3381887E-06  2.9330228E-06  1.5147781E-10  3.6100046E-08  9.2048519E-07  2.3731655E-08  0.000E+00  0.000E+00  0.000E+00  1.000E+00  1.000E+00  1.91E+02  0.00E+00  0.00E+00  0.000000  0.002680  0.0000000E+00  0.0000000000E+00
195  3.132896267955855E+08    2.500000  2.399756  3.903123  7.5157700E-01  2.4837130E-01  1.2915521E-06  4.2970794E-09  1.0216519E-07  6.8211449E-06  3.5136664E-10  2.0005896E-09  9.2048308E-07  2.3543589E-08  0.000E+00  0.0718  3.903123  -30.000  4.656360  8.050879  0.0000000E+00  9.9570702E-01  4.2804567E-03  3.6917121E-28  7.3359349E-06  3.3775492E-06  1.5133642E-10  3.8972803E-08  9.2048535E-07  2.3762154E-08  0.000E+00  0.000E+00  0.000E+00  1.000E+00  1.000E+00  1.96E+02  0.00E+00  0.00E+00  0.000000  0.002704  0.0000000E+00  0.0000000000E+00
196  3.133231972857828E+08    2.500000  2.400692  3.917530  7.5157700E-01  2.4837130E-01  1.2915521E-06  4.2970794E-09  1.0216519E-07  6.8211449E-06  3.5136664E-10  2.0005896E-09  9.2048308E-07  2.3543589E-08  0.000E+00  0.0684  3.917530  -30.000  4.643451  8.048546  0.0000000E+00  9.9545615E-01  4.5307999E-03  9.6693351E-41  7.3336849E-06  3.9060750E-06  1.5118293E-10  4.1838006E-08  9.2048553E-07  2.3795962E-08  0.000E+00  0.000E+00  0.000E+00  1.000E+00  1.000E+00  2.03E+02  0.00E+00  0.00E+00  0.000000  0.002710  0.0000000E+00  0.0000000000E+00
197  3.133643410460255E+08    2.500000  2.398887  3.932725  7.5157700E-01  2.4837130E-01  1.2915521E-06  4.2970794E-09  1.0216519E-07  6.8211449E-06  3.5136664E-10  2.0005896E-09  9.2048308E-07  2.3543589E-08  0.000E+00  0.0605  3.932725  -30.000  4.632184  8.045930  0.0000000E+00  9.9520528E-01  4.7810314E-03  4.0668511E-54  7.3314562E-06  4.5401418E-06  1.5101511E-10  4.4673038E-08  9.2048573E-07  2.3833199E-08  0.000E+00  0.000E+00  0.000E+00  1.000E+00  1.000E+00  2.11E+02  0.00E+00  0.00E+00  0.000000  0.002698  0.0000000E+00  0.0000000000E+00
198  3.134123761157306E+08    2.500000  2.395189  3.947131  7.5157700E-01  2.4837130E-01  1.2915521E-06  4.2970794E-09  1.0216519E-07  6.8211449E-06  3.5136664E-10  2.0005896E-09  9.2048308E-07  2.3543589E-08  0.000E+00  0.0520  3.947131  -30.000  4.623471  8.043120  0.0000000E+00  9.9495440E-01  5.0311319E-03  2.0723693E-69  7.3292668E-06  5.3009233E-06  1.5083139E-10  4.7454692E-08  9.2048594E-07  2.3873804E-08  0.000E+00  0.000E+00  0.000E+00  1.000E+00  1.000E+00  2.18E+02  0.00E+00  0.00E+00  0.000000  0.002676  0.0000000E+00  0.0000000000E+00
199  3.134667450612386E+08    2.500000  2.390735  3.959734  7.5157700E-01  2.4837130E-01  1.2915521E-06  4.2970794E-09  1.0216519E-07  6.8211449E-06  3.5136664E-10  2.0005896E-09  9.2048308E-07  2.3543589E-08  0.000E+00  0.0437  3.959734  -30.000  4.617785  8.040187  0.0000000E+00  9.9470353E-01  5.2810783E-03  0.0000000E+00  7.3271347E-06  6.2136589E-06  1.5063044E-10  5.0160068E-08  9.2048619E-07  2.3917693E-08  0.000E+00  0.000E+00  0.000E+00  1.000E+00  1.000E+00  2.25E+02  0.00E+00  0.00E+00  0.000000  0.002648  0.0000000E+00  0.0000000000E+00
200  3.135279093786325E+08    2.500000  2.386361  3.970241  7.5157700E-01  2.4837130E-01  1.2915521E-06  4.2970794E-09  1.0216519E-07  6.8211449E-06  3.5136664E-10  2.0005896E-09  9.2048308E-07  2.3543589E-08  0.000E+00  0.0366  3.970241  -30.000  4.615283  8.037163  0.0000000E+00  9.9445265E-01  5.5308502E-03  0.0000000E+00  7.3250803E-06  7.3115001E-06  1.5041034E-10  5.2762979E-08  9.2048644E-07  2.3964754E-08  0.000E+00  0.000E+00  0.000E+00  1.000E+00  1.000E+00  2.30E+02  0.00E+00  0.00E+00  0.000000  0.002622  0.0000000E+00  0.0000000000E+00
201  3.135964261415242E+08    2.500000  2.382421  3.978756  7.5157700E-01  2.4837130E-01  1.2915521E-06  4.2970794E-09  1.0216519E-07  6.8211449E-06  3.5136664E-10  2.0005896E-09  9.2048308E-07  2.3543589E-08  0.000E+00  0.0306  3.978756  -30.000  4.615838  8.034107  0.0000000E+00  9.9420177E-01  5.7804891E-03  0.0000000E+00  7.3231129E-06  8.6164075E-06  1.5017100E-10  5.5251680E-08  9.2048673E-07  2.4014643E-08  0.000E+00  0.000E+00  0.000E+00  1.000E+00  1.000E+00  2.36E+02  0.00E+00  0.00E+00  0.000000  0.002598  0.0000000E+00  0.0000000000E+00
202  3.136714097078769E+08    2.500000  2.379063  3.985263  7.5157700E-01  2.4837130E-01  1.2915521E-06  4.2970794E-09  1.0216519E-07  6.8211449E-06  3.5136664E-10  2.0005896E-09  9.2048308E-07  2.3543589E-08  0.000E+00  0.0256  3.985263  -30.000  4.619244  8.031178  0.0000000E+00  9.9395090E-01  6.0298121E-03  0.0000000E+00  7.3212385E-06  1.0144184E-05  1.4991346E-10  5.7618791E-08  9.2048703E-07  2.4066951E-08  0.000E+00  0.000E+00  0.000E+00  1.000E+00  1.000E+00  2.40E+02  0.00E+00  0.00E+00  0.000000  0.002578  0.0000000E+00  0.0000000000E+00
203  3.137531600551318E+08    2.500000  2.376253  3.989970  7.5157700E-01  2.4837130E-01  1.2915521E-06  4.2970794E-09  1.0216519E-07  6.8211449E-06  3.5136664E-10  2.0005896E-09  9.2048308E-07  2.3543589E-08  0.000E+00  0.0223  3.989970  -30.000  4.625221  8.028482  0.0000000E+00  9.9370002E-01  6.2788743E-03  0.0000000E+00  7.3194562E-06  1.1902650E-05  1.4963947E-10  5.9865843E-08  9.2048735E-07  2.4121323E-08  0.000E+00  0.000E+00  0.000E+00  1.000E+00  1.000E+00  2.43E+02  0.00E+00  0.00E+00  0.000000  0.002562  0.0000000E+00  0.0000000000E+00
204  3.138415620290198E+08    2.500000  2.373899  3.992998  7.5157700E-01  2.4837130E-01  1.2915521E-06  4.2970794E-09  1.0216519E-07  6.8211449E-06  3.5136664E-10  2.0005896E-09  9.2048308E-07  2.3543589E-08  0.000E+00  0.0200  3.992998  -30.000  4.633387  8.026194  0.0000000E+00  9.9344915E-01  6.5278045E-03  0.0000000E+00  7.3177595E-06  1.3885365E-05  1.4935202E-10  6.2001489E-08  9.2048769E-07  2.4177438E-08  0.000E+00  0.000E+00  0.000E+00  1.000E+00  1.000E+00  2.45E+02  0.00E+00  0.00E+00  0.000000  0.002547  0.0000000E+00  0.0000000000E+00
205  3.139331837975589E+08    2.500000  2.371983  3.994432  7.5157700E-01  2.4837130E-01  1.2915521E-06  4.2970794E-09  1.0216519E-07  6.8211449E-06  3.5136664E-10  2.0005896E-09  9.2048308E-07  2.3543589E-08  0.000E+00  0.0176  3.994432  -30.000  4.642912  8.024558  0.0000000E+00  9.9319828E-01  6.7765265E-03  0.0000000E+00  7.3161394E-06  1.6059163E-05  1.4905613E-10  6.4037445E-08  9.2048804E-07  2.4234833E-08  0.000E+00  0.000E+00  0.000E+00  1.000E+00  1.000E+00  2.46E+02  0.00E+00  0.00E+00  0.000000  0.002536  0.0000000E+00  0.0000000000E+00
206  3.140249327916002E+08    2.500000  2.370450  3.994549  7.5157700E-01  2.4837130E-01  1.2915521E-06  4.2970794E-09  1.0216519E-07  6.8211449E-06  3.5136664E-10  2.0005896E-09  9.2048308E-07  2.3543589E-08  0.000E+00  0.0164  3.994549  -30.000  4.652952  8.023639  0.0000000E+00  9.9294740E-01  7.0250351E-03  0.0000000E+00  7.3145812E-06  1.8368644E-05  1.4875784E-10  6.5993119E-08  9.2048840E-07  2.4293072E-08  0.000E+00  0.000E+00  0.000E+00  1.000E+00  1.000E+00  2.46E+02  0.00E+00  0.00E+00  0.000000  0.002527  0.0000000E+00  0.0000000000E+00
207  3.141125044645332E+08    2.500000  2.369275  3.993692  7.5157700E-01  2.4837130E-01  1.2915521E-06  4.2970794E-09  1.0216519E-07  6.8211449E-06  3.5136664E-10  2.0005896E-09  9.2048308E-07  2.3543589E-08  0.000E+00  0.0168  3.993692  -30.000  4.662586  8.023397  0.0000000E+00  9.9269652E-01  7.2735677E-03  0.0000000E+00  7.3130663E-06  2.0752603E-05  1.4846258E-10  6.7892740E-08  9.2048875E-07  2.4351951E-08  0.000E+00  0.000E+00  0.000E+00  1.000E+00  1.000E+00  2.46E+02  0.00E+00  0.00E+00  0.000000  0.002521  0.0000000E+00  0.0000000000E+00
208  3.142059124751838E+08    2.500000  2.368281  3.991972  7.5157700E-01  2.4837130E-01  1.2915521E-06  4.2970794E-09  1.0216519E-07  6.8211449E-06  3.5136664E-10  2.0005896E-09  9.2048308E-07  2.3543589E-08  0.000E+00  0.0169  3.991972  -30.000  4.672336  8.023927  0.0000000E+00  9.9244565E-01  7.5220543E-03  0.0000000E+00  7.3115836E-06  2.3165446E-05  1.4817561E-10  6.9750512E-08  9.2048909E-07  2.4411274E-08  0.000E+00  0.000E+00  0.000E+00  1.000E+00  1.000E+00  2.45E+02  0.00E+00  0.00E+00  0.000000  0.002515  0.0000000E+00  0.0000000000E+00
209  3.143049499531382E+08    2.500000  2.367510  3.989462  7.5157700E-01  2.4837130E-01  1.2915521E-06  4.2970794E-09  1.0216519E-07  6.8211449E-06  3.5136664E-10  2.0005896E-09  9.2048308E-07  2.3543589E-08  0.000E+00  0.0189  3.989462  -30.000  4.681512  8.025339  0.0000000E+00  9.9219477E-01  7.7705033E-03  0.0000000E+00  7.3101190E-06  2.5517258E-05  1.4790547E-10  7.1584951E-08  9.2048941E-07  2.4470766E-08  0.000E+00  0.000E+00  0.000E+00  1.000E+00  1.000E+00  2.44E+02  0.00E+00  0.00E+00  0.000000  0.002510  0.0000000E+00  0.0000000000E+00
210  3.144399622631904E+08    2.500000  2.367003  3.985354  7.5157700E-01  2.4837130E-01  1.2915521E-06  4.2970794E-09  1.0216519E-07  6.8211449E-06  3.5136664E-10  2.0005896E-09  9.2048308E-07  2.3543589E-08  0.000E+00  0.0220  3.985354  -30.000  4.690798  8.028527  0.0000000E+00  9.9194390E-01  8.0192980E-03  0.0000000E+00  7.3086669E-06  2.7602905E-05  1.4768316E-10  7.3403076E-08  9.2048968E-07  2.4530422E-08  0.000E+00  0.000E+00  0.000E+00  1.000E+00  1.000E+00  2.42E+02  0.00E+00  0.00E+00  0.000000  0.002507  0.0000000E+00  0.0000000000E+00
211  3.167333474131204E+08    2.500000  2.387421  3.999163  7.5157700E-01  2.4837130E-01  1.2915521E-06  4.2970794E-09  1.0216519E-07  6.8211449E-06  3.5136664E-10  2.0005896E-09  9.2048308E-07  2.3543589E-08  0.000E+00  0.0381  3.999163  -30.000  4.601129  8.042934  0.0000000E+00  9.8158099E-01  1.8284404E-02  0.0000000E+00  7.2214882E-06  1.2543422E-04  1.3998049E-10  1.8155060E-07  9.2049912E-07  2.9345167E-08  0.000E+00  0.000E+00  0.000E+00  1.000E+00  1.000E+00  2.46E+02  0.00E+00  0.00E+00  0.000000  0.002628  0.0000000E+00  0.0000000000E+00
212  3.185940900410691E+08    2.500000  2.398276  4.010111  7.5157700E-01  2.4837130E-01  1.2915521E-06  4.2970794E-09  1.0216519E-07  6.8211449E-06  3.5136664E-10  2.0005896E-09  9.2048308E-07  2.3543589E-08  0.000E+00  0.0397  4.010111  -30.000  4.561090  8.046442  0.0000000E+00  9.7121809E-01  2.8473152E-02  0.0000000E+00  7.1187281E-06  2.9958066E-04  1.3216201E-10  3.0516013E-07  9.2050952E-07  3.9746982E-08  0.000E+00  0.000E+00  0.000E+00  1.000E+00  1.000E+00  2.51E+02  0.00E+00  0.00E+00  0.000000  0.002695  0.0000000E+00  0.0000000000E+00
213  3.203901489146618E+08    2.500000  2.408325  4.017991  7.5157700E-01  2.4837130E-01  1.2915521E-06  4.2970794E-09  1.0216519E-07  6.8211449E-06  3.5136664E-10  2.0005896E-09  9.2048308E-07  2.3543589E-08  0.000E+00  0.0422  4.017991  -30.000  4.526666  8.050042  0.0000000E+00  9.6085518E-01  3.8592588E-02  0.0000000E+00  6.9987040E-06  5.4293176E-04  1.2476498E-10  4.4461150E-07  9.2052077E-07  5.7915683E-08  0.000E+00  0.000E+00  0.000E+00  1.000E+00  1.000E+00  2.54E+02  0.00E+00  0.00E+00  0.000000  0.002758  0.0000000E+00  0.0000000000E+00
214  3.222255370872728E+08    2.500000  2.418281  4.024599  7.5157700E-01  2.4837130E-01  1.2915521E-06  4.2970794E-09  1.0216519E-07  6.8211449E-06  3.5136664E-10  2.0005896E-09  9.2048308E-07  2.3543589E-08  0.000E+00  0.0443  4.024599  -30.000  4.494033  8.053611  0.0000000E+00  9.5049228E-01  4.8637329E-02  0.0000000E+00  6.8579681E-06  8.6105471E-04  1.1781512E-10  6.0129352E-07  9.2053361E-07  8.7571777E-08  0.000E+00  0.000E+00  0.000E+00  1.000E+00  1.000E+00  2.57E+02  0.00E+00  0.00E+00  0.000000  0.002822  0.0000000E+00  0.0000000000E+00
215  3.242774763974515E+08    2.500000  2.429182  4.030839  7.5157700E-01  2.4837130E-01  1.2915521E-06  4.2970794E-09  1.0216519E-07  6.8211449E-06  3.5136664E-10  2.0005896E-09  9.2048308E-07  2.3543589E-08  0.000E+00  0.0473  4.030839  -30.000  4.459307  8.057412  0.0000000E+00  9.4012937E-01  5.8585168E-02  0.0000000E+00  6.6873033E-06  1.2761268E-03  1.1142878E-10  7.8040817E-07  9.2054950E-07  1.3684126E-07  0.000E+00  0.000E+00  0.000E+00  1.000E+00  1.000E+00  2.59E+02  0.00E+00  0.00E+00  0.000000  0.002893  0.0000000E+00  0.0000000000E+00
216  3.258615211302790E+08    2.500000  2.437360  4.034973  7.5157700E-01  2.4837130E-01  1.2915521E-06  4.2970794E-09  1.0216519E-07  6.8211449E-06  3.5136664E-10  2.0005896E-09  9.2048308E-07  2.3543589E-08  0.000E+00  0.0504  4.034973  -30.000  4.435491  8.060270  0.0000000E+00  9.2976647E-01  6.8509547E-02  0.0000000E+00  6.5079528E-06  1.7145638E-03  1.0513752E-10  9.6146446E-07  9.2056742E-07  1.9738646E-07  0.000E+00  0.000E+00  0.000E+00  1.000E+00  1.000E+00  2.60E+02  0.00E+00  0.00E+00  0.000000  0.002948  0.0000000E+00  0.0000000000E+00
217  3.276183976499324E+08    2.500000  2.446328  4.039138  7.5157700E-01  2.4837130E-01  1.2915521E-06  4.2970794E-09  1.0216519E-07  6.8211449E-06  3.5136664E-10  2.0005896E-09  9.2048308E-07  2.3543589E-08  0.000E+00  0.0530  4.039138  -30.000  4.408997  8.063272  0.0000000E+00  9.1940356E-01  7.8344535E-02  0.0000000E+00  6.2981090E-06  2.2424233E-03  9.9324693E-11  1.1587619E-06  9.2059008E-07  2.8599911E-07  0.000E+00  0.000E+00  0.000E+00  1.000E+00  1.000E+00  2.61E+02  0.00E+00  0.00E+00  0.000000  0.003010  0.0000000E+00  0.0000000000E+00
218  3.290755468845344E+08    2.500000  2.453708  4.042177  7.5157700E-01  2.4837130E-01  1.2915521E-06  4.2970794E-09  1.0216519E-07  6.8211449E-06  3.5136664E-10  2.0005896E-09  9.2048308E-07  2.3543589E-08  0.000E+00  0.0564  4.042177  -30.000  4.388717  8.065754  0.0000000E+00  9.0904065E-01  8.8156930E-02  0.0000000E+00  6.0814076E-06  2.7927993E-03  9.3613389E-11  1.3523384E-06  9.2061544E-07  3.8993579E-07  0.000E+00  0.000E+00  0.000E+00  1.000E+00  1.000E+00  2.62E+02  0.00E+00  0.00E+00  0.000000  0.003062  0.0000000E+00  0.0000000000E+00
219  3.305609031578100E+08    2.500000  2.461129  4.045025  7.5157700E-01  2.4837130E-01  1.2915521E-06  4.2970794E-09  1.0216519E-07  6.8211449E-06  3.5136664E-10  2.0005896E-09  9.2048308E-07  2.3543589E-08  0.000E+00  0.0506  4.045025  -30.000  4.369521  8.068116  0.0000000E+00  8.9867775E-01  9.7895606E-02  0.0000000E+00  5.8426140E-06  3.4169659E-03  8.8282925E-11  1.5483708E-06  9.2064633E-07  5.2558679E-07  0.000E+00  0.000E+00  0.000E+00  1.000E+00  1.000E+00  2.63E+02  0.00E+00  0.00E+00  0.000000  0.003114  0.0000000E+00  0.0000000000E+00
220  3.314809672978290E+08    2.500000  2.465742  4.046570  7.5157700E-01  2.4837130E-01  1.2915521E-06  4.2970794E-09  1.0216519E-07  6.8211449E-06  3.5136664E-10  2.0005896E-09  9.2048308E-07  2.3543589E-08  0.000E+00  0.0521  4.046570  -30.000  4.359022  8.069839  0.0000000E+00  8.8831484E-01  1.0765635E-01  0.0000000E+00  5.6161983E-06  4.0190883E-03  8.2842029E-11  1.7287443E-06  9.2067751E-07  6.6092542E-07  0.000E+00  0.000E+00  0.000E+00  1.000E+00  1.000E+00  2.63E+02  0.00E+00  0.00E+00  0.000000  0.003147  0.0000000E+00  0.0000000000E+00
221  3.324226676871535E+08    2.500000  2.470397  4.048150  7.5157700E-01  2.4837130E-01  1.2915521E-06  4.2970794E-09  1.0216519E-07  6.8211449E-06  3.5136664E-10  2.0005896E-09  9.2048308E-07  2.3543589E-08  0.000E+00  0.0543  4.048150  -30.000  4.348974  8.071480  0.0000000E+00  8.7795194E-01  1.1736344E-01  0.0000000E+00  5.3825239E-06  4.6747993E-03  7.7691283E-11  1.8992512E-06  9.2071317E-07  8.1972933E-07  0.000E+00  0.000E+00  0.000E+00  1.000E+00  1.000E+00  2.63E+02  0.00E+00  0.00E+00  0.000000  0.003181  0.0000000E+00  0.0000000000E+00
222  3.332921995048817E+08    2.500000  2.474697  4.049694  7.5157700E-01  2.4837130E-01  1.2915521E-06  4.2970794E-09  1.0216519E-07  6.8211449E-06  3.5136664E-10  2.0005896E-09  9.2048308E-07  2.3543589E-08  0.000E+00  0.0558  4.049694  -30.000  4.339106  8.072998  0.0000000E+00  8.6758903E-01  1.2702272E-01  0.0000000E+00  5.1431111E-06  5.3782502E-03  7.2798577E-11  2.0588537E-06  9.2075343E-07  1.0008780E-06  0.000E+00  0.000E+00  0.000E+00  1.000E+00  1.000E+00  2.63E+02  0.00E+00  0.00E+00  0.000000  0.003213  0.0000000E+00  0.0000000000E+00
223  3.342414524430460E+08    2.500000  2.479338  4.051332  7.5157700E-01  2.4837130E-01  1.2915521E-06  4.2970794E-09  1.0216519E-07  6.8211449E-06  3.5136664E-10  2.0005896E-09  9.2048308E-07  2.3543589E-08  0.000E+00  0.0572  4.051332  -30.000  4.328438  8.074614  0.0000000E+00  8.5722613E-01  1.3661928E-01  0.0000000E+00  4.8969116E-06  6.1445426E-03  6.8222716E-11  2.2026366E-06  9.2080034E-07  1.2120261E-06  0.000E+00  0.000E+00  0.000E+00  1.000E+00  1.000E+00  2.64E+02  0.00E+00  0.00E+00  0.000000  0.003248  0.0000000E+00  0.0000000000E+00
224  3.357026278447231E+08    2.500000  2.486502  4.053845  7.5157700E-01  2.4837130E-01  1.2915521E-06  4.2970794E-09  1.0216519E-07  6.8211449E-06  3.5136664E-10  2.0005896E-09  9.2048308E-07  2.3543589E-08  0.000E+00  0.0561  4.053845  -30.000  4.311180  8.076828  0.0000000E+00  8.4686322E-01  1.4592809E-01  0.0000000E+00  4.6020896E-06  7.1984589E-03  6.5137554E-11  2.3056687E-06  9.2087424E-07  1.5493850E-06  0.000E+00  0.000E+00  0.000E+00  1.000E+00  1.000E+00  2.64E+02  0.00E+00  0.00E+00  0.000000  0.003301  0.0000000E+00  0.0000000000E+00
225  3.364491011653628E+08    2.500000  2.490139  4.055116  7.5157700E-01  2.4837130E-01  1.2915521E-06  4.2970794E-09  1.0216519E-07  6.8211449E-06  3.5136664E-10  2.0005896E-09  9.2048308E-07  2.3543589E-08  0.000E+00  0.0589  4.055116  -30.000  4.302469  8.078219  0.0000000E+00  8.3650031E-01  1.5544993E-01  0.0000000E+00  4.3442255E-06  8.0394029E-03  6.0856209E-11  2.4278887E-06  9.2093383E-07  1.8052165E-06  0.000E+00  0.000E+00  0.000E+00  1.000E+00  1.000E+00  2.64E+02  0.00E+00  0.00E+00  0.000000  0.003329  0.0000000E+00  0.0000000000E+00
226  3.372209211750910E+08    2.500000  2.493882  4.056452  7.5157700E-01  2.4837130E-01  1.2915521E-06  4.2970794E-09  1.0216519E-07  6.8211449E-06  3.5136664E-10  2.0005896E-09  9.2048308E-07  2.3543589E-08  0.000E+00  0.0610  4.056452  -30.000  4.294352  8.079572  0.0000000E+00  8.2613741E-01  1.6492036E-01  0.0000000E+00  4.0854641E-06  8.9317259E-03  5.6809450E-11  2.5302459E-06  9.2100058E-07  2.0867338E-06  0.000E+00  0.000E+00  0.000E+00  1.000E+00  1.000E+00  2.64E+02  0.00E+00  0.00E+00  0.000000  0.003358  0.0000000E+00  0.0000000000E+00
227  3.379405461601397E+08    2.500000  2.497351  4.057677  7.5157700E-01  2.4837130E-01  1.2915521E-06  4.2970794E-09  1.0216519E-07  6.8211449E-06  3.5136664E-10  2.0005896E-09  9.2048308E-07  2.3543589E-08  0.000E+00  0.0617  4.057677  -30.000  4.287140  8.080870  0.0000000E+00  8.1577450E-01  1.7434296E-01  0.0000000E+00  3.8271056E-06  9.8719930E-03  5.2971636E-11  2.6129977E-06  9.2107457E-07  2.3915796E-06  0.000E+00  0.000E+00  0.000E+00  1.000E+00  1.000E+00  2.65E+02  0.00E+00  0.00E+00  0.000000  0.003385  0.0000000E+00  0.0000000000E+00
228  3.390216402143894E+08    2.500000  2.502566  4.059447  7.5157700E-01  2.4837130E-01  1.2915521E-06  4.2970794E-09  1.0216519E-07  6.8211449E-06  3.5136664E-10  2.0005896E-09  9.2048308E-07  2.3543589E-08  0.000E+00  0.0608  4.059447  -30.000  4.274891  8.082646  0.0000000E+00  8.0541160E-01  1.8351494E-01  0.0000000E+00  3.5428578E-06  1.1062704E-02  5.0274076E-11  2.6346580E-06  9.2118145E-07  2.8117726E-06  0.000E+00  0.000E+00  0.000E+00  1.000E+00  1.000E+00  2.65E+02  0.00E+00  0.00E+00  0.000000  0.003426  0.0000000E+00  0.0000000000E+00
229  3.397996979293281E+08    2.500000  2.506277  4.060794  7.5157700E-01  2.4837130E-01  1.2915521E-06  4.2970794E-09  1.0216519E-07  6.8211449E-06  3.5136664E-10  2.0005896E-09  9.2048308E-07  2.3543589E-08  0.000E+00  0.0626  4.060794  -30.000  4.266806  8.083979  0.0000000E+00  7.9504869E-01  1.9278333E-01  0.0000000E+00  3.2783935E-06  1.2157062E-02  4.7034744E-11  2.6666563E-06  9.2128228E-07  3.1882420E-06  0.000E+00  0.000E+00  0.000E+00  1.000E+00  1.000E+00  2.65E+02  0.00E+00  0.00E+00  0.000000  0.003455  0.0000000E+00  0.0000000000E+00
230  3.404407890056566E+08    2.500000  2.509328  4.061892  7.5157700E-01  2.4837130E-01  1.2915521E-06  4.2970794E-09  1.0216519E-07  6.8211449E-06  3.5136664E-10  2.0005896E-09  9.2048308E-07  2.3543589E-08  0.000E+00  0.0635  4.061892  -30.000  4.260681  8.085175  0.0000000E+00  7.8468579E-01  2.0206412E-01  0.0000000E+00  3.0264746E-06  1.3239112E-02  4.3702949E-11  2.6893229E-06  9.2138472E-07  3.5564023E-06  0.000E+00  0.000E+00  0.000E+00  1.000E+00  1.000E+00  2.65E+02  0.00E+00  0.00E+00  0.000000  0.003480  0.0000000E+00  0.0000000000E+00
231  3.410788958878097E+08    2.500000  2.512373  4.062960  7.5157700E-01  2.4837130E-01  1.2915521E-06  4.2970794E-09  1.0216519E-07  6.8211449E-06  3.5136664E-10  2.0005896E-09  9.2048308E-07  2.3543589E-08  0.000E+00  0.0634  4.062960  -30.000  4.254604  8.086385  0.0000000E+00  7.7432288E-01  2.1129301E-01  0.0000000E+00  2.7810193E-06  1.4372966E-02  4.0565338E-11  2.6887232E-06  9.2149750E-07  3.9428410E-06  0.000E+00  0.000E+00  0.000E+00  1.000E+00  1.000E+00  2.66E+02  0.00E+00  0.00E+00  0.000000  0.003504  0.0000000E+00  0.0000000000E+00
232  3.422837524601314E+08    2.500000  2.518117  4.064903  7.5157700E-01  2.4837130E-01  1.2915521E-06  4.2970794E-09  1.0216519E-07  6.8211449E-06  3.5136664E-10  2.0005896E-09  9.2048308E-07  2.3543589E-08  0.000E+00  0.0632  4.064903  -30.000  4.240784  8.088309  0.0000000E+00  7.6395997E-01  2.1998349E-01  0.0000000E+00  2.5181841E-06  1.6045208E-02  3.9621464E-11  2.5349612E-06  9.2169951E-07  4.5437789E-06  0.000E+00  0.000E+00  0.000E+00  1.000E+00  1.000E+00  2.66E+02  0.00E+00  0.00E+00  0.000000  0.003551  0.0000000E+00  0.0000000000E+00
233  3.428486317776606E+08    2.500000  2.520730  4.065877  7.5157700E-01  2.4837130E-01  1.2915521E-06  4.2970794E-09  1.0216519E-07  6.8211449E-06  3.5136664E-10  2.0005896E-09  9.2048308E-07  2.3543589E-08  0.000E+00  0.0642  4.065877  -30.000  4.235777  8.089440  0.0000000E+00  7.5359707E-01  2.2911922E-01  0.0000000E+00  2.2839827E-06  1.7272205E-02  3.6663100E-11  2.5067289E-06  9.2183959E-07  4.9463025E-06  0.000E+00  0.000E+00  0.000E+00  1.000E+00  1.000E+00  2.66E+02  0.00E+00  0.00E+00  0.000000  0.003572  0.0000000E+00  0.0000000000E+00
234  3.434156983493289E+08    2.500000  2.523396  4.066817  7.5157700E-01  2.4837130E-01  1.2915521E-06  4.2970794E-09  1.0216519E-07  6.8211449E-06  3.5136664E-10  2.0005896E-09  9.2048308E-07  2.3543589E-08  0.000E+00  0.0653  4.066817  -30.000  4.230831  8.090581  0.0000000E+00  7.4323416E-01  2.3820109E-01  0.0000000E+00  2.0605836E-06  1.8553125E-02  3.3884270E-11  2.4558031E-06  9.2199257E-07  5.3595856E-06  0.000E+00  0.000E+00  0.000E+00  1.000E+00  1.000E+00  2.66E+02  0.00E+00  0.00E+00  0.000000  0.003594  0.0000000E+00  0.0000000000E+00
235  3.439980117164489E+08    2.500000  2.526118  4.067814  7.5157700E-01  2.4837130E-01  1.2915521E-06  4.2970794E-09  1.0216519E-07  6.8211449E-06  3.5136664E-10  2.0005896E-09  9.2048308E-07  2.3543589E-08  0.000E+00  0.0667  4.067814  -30.000  4.225512  8.091740  0.0000000E+00  7.3287126E-01  2.4722556E-01  0.0000000E+00  1.8488133E-06  1.9891403E-02  3.1282168E-11  2.3834171E-06  9.2216030E-07  5.7808221E-06  0.000E+00  0.000E+00  0.000E+00  1.000E+00  1.000E+00  2.67E+02  0.00E+00  0.00E+00  0.000000  0.003617  0.0000000E+00  0.0000000000E+00
236  3.457284064199282E+08    2.500000  2.533993  4.070577  7.5157700E-01  2.4837130E-01  1.2915521E-06  4.2970794E-09  1.0216519E-07  6.8211449E-06  3.5136664E-10  2.0005896E-09  9.2048308E-07  2.3543589E-08  0.000E+00  0.0648  4.070577  -30.000  4.206051  8.094345  0.0000000E+00  7.2250835E-01  2.5494591E-01  0.0000000E+00  1.6879704E-06  2.2533771E-02  3.3216693E-11  1.9568738E-06  9.2260365E-07  6.5548556E-06  0.000E+00  0.000E+00  0.000E+00  1.000E+00  1.000E+00  2.67E+02  0.00E+00  0.00E+00  0.000000  0.003683  0.0000000E+00  0.0000000000E+00
237  3.462317808575777E+08    2.500000  2.536533  4.071326  7.5157700E-01  2.4837130E-01  1.2915521E-06  4.2970794E-09  1.0216519E-07  6.8211449E-06  3.5136664E-10  2.0005896E-09  9.2048308E-07  2.3543589E-08  0.000E+00  0.0678  4.071326  -30.000  4.200926  8.095430  0.0000000E+00  7.1214545E-01  2.6388509E-01  0.0000000E+00  1.4841297E-06  2.3957375E-02  3.0530270E-11  1.9073863E-06  9.2281421E-07  6.9356392E-06  0.000E+00  0.000E+00  0.000E+00  1.000E+00  1.000E+00  2.67E+02  0.00E+00  0.00E+00  0.000000  0.003705  0.0000000E+00  0.0000000000E+00
238  3.467287362682903E+08    2.500000  2.538840  4.072162  7.5157700E-01  2.4837130E-01  1.2915521E-06  4.2970794E-09  1.0216519E-07  6.8211449E-06  3.5136664E-10  2.0005896E-09  9.2048308E-07  2.3543589E-08  0.000E+00  0.0687  4.072162  -30.000  4.196784  8.096533  0.0000000E+00  7.0178254E-01  2.7276723E-01  0.0000000E+00  1.2958393E-06  2.5437984E-02  2.8014983E-11  1.8350178E-06  9.2304206E-07  7.3199501E-06  0.000E+00  0.000E+00  0.000E+00  1.000E+00  1.000E+00  2.67E+02  0.00E+00  0.00E+00  0.000000  0.003724  0.0000000E+00  0.0000000000E+00
239  3.472406935016711E+08    2.500000  2.541170  4.073022  7.5157700E-01  2.4837130E-01  1.2915521E-06  4.2970794E-09  1.0216519E-07  6.8211449E-06  3.5136664E-10  2.0005896E-09  9.2048308E-07  2.3543589E-08  0.000E+00  0.0698  4.073022  -30.000  4.192668  8.097636  0.0000000E+00  6.9141963E-01  2.8158930E-01  0.0000000E+00  1.1237794E-06  2.6978787E-02  2.5672158E-11  1.7427228E-06  9.2328922E-07  7.7031083E-06  0.000E+00  0.000E+00  0.000E+00  1.000E+00  1.000E+00  2.67E+02  0.00E+00  0.00E+00  0.000000  0.003744  0.0000000E+00  0.0000000000E+00
240  3.477375444430010E+08    2.500000  2.543447  4.073839  7.5157700E-01  2.4837130E-01  1.2915521E-06  4.2970794E-09  1.0216519E-07  6.8211449E-06  3.5136664E-10  2.0005896E-09  9.2048308E-07  2.3543589E-08  0.000E+00  0.0709  4.073839  -30.000  4.188819  8.098738  0.0000000E+00  6.8105673E-01  2.9035470E-01  0.0000000E+00  9.6688631E-07  2.8576158E-02  2.3483052E-11  1.6358951E-06  9.2355573E-07  8.0801929E-06  0.000E+00  0.000E+00  0.000E+00  1.000E+00  1.000E+00  2.68E+02  0.00E+00  0.00E+00  0.000000  0.003764  0.0000000E+00  0.0000000000E+00
241  3.482475350654410E+08    2.500000  2.545759  4.074706  7.5157700E-01  2.4837130E-01  1.2915521E-06  4.2970794E-09  1.0216519E-07  6.8211449E-06  3.5136664E-10  2.0005896E-09  9.2048308E-07  2.3543589E-08  0.000E+00  0.0720  4.074706  -30.000  4.184588  8.099863  0.0000000E+00  6.7069382E-01  2.9905725E-01  0.0000000E+00  8.2604617E-07  3.0236356E-02  2.1454728E-11  1.5169816E-06  9.2384519E-07  8.4468203E-06  0.000E+00  0.000E+00  0.000E+00  1.000E+00  1.000E+00  2.68E+02  0.00E+00  0.00E+00  0.000000  0.003784  0.0000000E+00  0.0000000000E+00
242  3.488427326608883E+08    2.500000  2.548468  4.075658  7.5157700E-01  2.4837130E-01  1.2915521E-06  4.2970794E-09  1.0216519E-07  6.8211449E-06  3.5136664E-10  2.0005896E-09  9.2048308E-07  2.3543589E-08  0.000E+00  0.0733  4.075658  -30.000  4.179704  8.101098  0.0000000E+00  6.6033092E-01  3.0759175E-01  0.0000000E+00  7.1091166E-07  3.2064729E-02  1.9873561E-11  1.3703341E-06  9.2418878E-07  8.8069442E-06  0.000E+00  0.000E+00  0.000E+00  1.000E+00  1.000E+00  2.68E+02  0.00E+00  0.00E+00  0.000000  0.003808  0.0000000E+00  0.0000000000E+00
243  3.497300148541951E+08    2.500000  2.552478  4.077009  7.5157700E-01  2.4837130E-01  1.2915521E-06  4.2970794E-09  1.0216519E-07  6.8211449E-06  3.5136664E-10  2.0005896E-09  9.2048308E-07  2.3543589E-08  0.000E+00  0.0731  4.077009  -30.000  4.170955  8.102733  0.0000000E+00  6.4996801E-01  3.1551157E-01  0.0000000E+00  6.6394053E-07  3.4507697E-02  1.9911340E-11  1.1339346E-06  9.2472345E-07  9.1696299E-06  0.000E+00  0.000E+00  0.000E+00  1.000E+00  1.000E+00  2.68E+02  0.00E+00  0.00E+00  0.000000  0.003843  0.0000000E+00  0.0000000000E+00
244  3.501767529516307E+08    2.500000  2.554510  4.077781  7.5157700E-01  2.4837130E-01  1.2915521E-06  4.2970794E-09  1.0216519E-07  6.8211449E-06  3.5136664E-10  2.0005896E-09  9.2048308E-07  2.3543589E-08  0.000E+00  0.0735  4.077781  -30.000  4.167770  8.103794  0.0000000E+00  6.3960511E-01  3.2405506E-01  0.0000000E+00  5.4747009E-07  3.6327021E-02  1.8058205E-11  1.0434440E-06  9.2509146E-07  9.4632153E-06  0.000E+00  0.000E+00  0.000E+00  1.000E+00  1.000E+00  2.68E+02  0.00E+00  0.00E+00  0.000000  0.003861  0.0000000E+00  0.0000000000E+00
245  3.507474682911863E+08    2.500000  2.557032  4.078702  7.5157700E-01  2.4837130E-01  1.2915521E-06  4.2970794E-09  1.0216519E-07  6.8211449E-06  3.5136664E-10  2.0005896E-09  9.2048308E-07  2.3543589E-08  0.000E+00  0.0761  4.078702  -30.000  4.163216  8.105017  0.0000000E+00  6.2924220E-01  3.3233305E-01  0.0000000E+00  4.6998451E-07  3.8411878E-02  1.6861175E-11  9.1654118E-07  9.2555329E-07  9.7400330E-06  0.000E+00  0.000E+00  0.000E+00  1.000E+00  1.000E+00  2.68E+02  0.00E+00  0.00E+00  0.000000  0.003884  0.0000000E+00  0.0000000000E+00
246  3.515977554231514E+08    2.500000  2.560890  4.080008  7.5157700E-01  2.4837130E-01  1.2915521E-06  4.2970794E-09  1.0216519E-07  6.8211449E-06  3.5136664E-10  2.0005896E-09  9.2048308E-07  2.3543589E-08  0.000E+00  0.0748  4.080008  -30.000  4.154824  8.106598  0.0000000E+00  6.1887929E-01  3.3995006E-01  0.0000000E+00  4.5327097E-07  4.1157740E-02  1.6814910E-11  7.5832523E-07  9.2626036E-07  9.9595117E-06  0.000E+00  0.000E+00  0.000E+00  1.000E+00  1.000E+00  2.69E+02  0.00E+00  0.00E+00  0.000000  0.003918  0.0000000E+00  0.0000000000E+00
247  3.520244761007885E+08    2.500000  2.562773  4.080746  7.5157700E-01  2.4837130E-01  1.2915521E-06  4.2970794E-09  1.0216519E-07  6.8211449E-06  3.5136664E-10  2.0005896E-09  9.2048308E-07  2.3543589E-08  0.000E+00  0.0762  4.080746  -30.000  4.151788  8.107673  0.0000000E+00  6.0851639E-01  3.4831678E-01  0.0000000E+00  3.5924340E-07  4.3153803E-02  1.5143704E-11  6.9354150E-07  9.2672989E-07  1.0186402E-05  0.000E+00  0.000E+00  0.000E+00  1.000E+00  1.000E+00  2.69E+02  0.00E+00  0.00E+00  0.000000  0.003935  0.0000000E+00  0.0000000000E+00
248  3.524508423236190E+08    2.500000  2.564656  4.081429  7.5157700E-01  2.4837130E-01  1.2915521E-06  4.2970794E-09  1.0216519E-07  6.8211449E-06  3.5136664E-10  2.0005896E-09  9.2048308E-07  2.3543589E-08  0.000E+00  0.0777  4.081429  -30.000  4.149051  8.108752  0.0000000E+00  5.9815348E-01  3.5661730E-01  0.0000000E+00  2.8128782E-07  4.5216117E-02  1.3608629E-11  6.1881541E-07  9.2723341E-07  1.0400186E-05  0.000E+00  0.000E+00  0.000E+00  1.000E+00  1.000E+00  2.69E+02  0.00E+00  0.00E+00  0.000000  0.003953  0.0000000E+00  0.0000000000E+00
249  3.533394458872303E+08    2.500000  2.568613  4.082798  7.5157700E-01  2.4837130E-01  1.2915521E-06  4.2970794E-09  1.0216519E-07  6.8211449E-06  3.5136664E-10  2.0005896E-09  9.2048308E-07  2.3543589E-08  0.000E+00  0.0765  4.082798  -30.000  4.140291  8.110401  0.0000000E+00  5.8779058E-01  3.6380578E-01  0.0000000E+00  3.1969486E-07  4.8390604E-02  1.3905485E-11  4.8972445E-07  9.2819039E-07  1.0497370E-05  0.000E+00  0.000E+00  0.000E+00  1.000E+00  1.000E+00  2.69E+02  0.00E+00  0.00E+00  0.000000  0.003989  0.0000000E+00  0.0000000000E+00
250  3.537334419227380E+08    2.500000  2.570312  4.083435  7.5157700E-01  2.4837130E-01  1.2915521E-06  4.2970794E-09  1.0216519E-07  6.8211449E-06  3.5136664E-10  2.0005896E-09  9.2048308E-07  2.3543589E-08  0.000E+00  0.0779  4.083435  -30.000  4.137992  8.111457  0.0000000E+00  5.7742767E-01  3.7198698E-01  0.0000000E+00  2.4129928E-07  5.0572240E-02  1.2423227E-11  4.5076428E-07  9.2878200E-07  1.0668126E-05  0.000E+00  0.000E+00  0.000E+00  1.000E+00  1.000E+00  2.69E+02  0.00E+00  0.00E+00  0.000000  0.004004  0.0000000E+00  0.0000000000E+00
251  3.541347871473148E+08    2.500000  2.572049  4.084086  7.5157700E-01  2.4837130E-01  1.2915521E-06  4.2970794E-09  1.0216519E-07  6.8211449E-06  3.5136664E-10  2.0005896E-09  9.2048308E-07  2.3543589E-08  0.000E+00  0.0793  4.084086  -30.000  4.135601  8.112529  0.0000000E+00  5.6706477E-01  3.8009804E-01  0.0000000E+00  1.7962506E-07  5.2824018E-02  1.1073086E-11  3.9857630E-07  9.2941540E-07  1.0828769E-05  0.000E+00  0.000E+00  0.000E+00  1.000E+00  1.000E+00  2.69E+02  0.00E+00  0.00E+00  0.000000  0.004020  0.0000000E+00  0.0000000000E+00
252  3.550248189129399E+08    2.500000  2.575958  4.085418  7.5157700E-01  2.4837130E-01  1.2915521E-06  4.2970794E-09  1.0216519E-07  6.8211449E-06  3.5136664E-10  2.0005896E-09  9.2048308E-07  2.3543589E-08  0.000E+00  0.0784  4.085418  -30.000  4.127085  8.114217  0.0000000E+00  5.5670186E-01  3.8685121E-01  0.0000000E+00  2.5509961E-07  5.6433782E-02  1.1739368E-11  3.0849086E-07  9.3068419E-07  1.0820017E-05  0.000E+00  0.000E+00  0.000E+00  1.000E+00  1.000E+00  2.70E+02  0.00E+00  0.00E+00  0.000000  0.004057  0.0000000E+00  0.0000000000E+00
253  3.570753865164777E+08    2.500000  2.584957  4.088300  7.5157700E-01  2.4837130E-01  1.2915521E-06  4.2970794E-09  1.0216519E-07  6.8211449E-06  3.5136664E-10  2.0005896E-09  9.2048308E-07  2.3543589E-08  0.000E+00  0.0753  4.088300  -30.000  4.104659  8.117307  0.0000000E+00  5.4633895E-01  3.8995938E-01  0.0000000E+00  5.4172740E-07  6.3688668E-02  1.6261048E-11  3.1821057E-07  9.3398349E-07  1.0357038E-05  0.000E+00  0.000E+00  0.000E+00  1.000E+00  1.000E+00  2.70E+02  0.00E+00  0.00E+00  0.000000  0.004142  0.0000000E+00  0.0000000000E+00
254  3.573964876322185E+08    2.500000  2.586199  4.088859  7.5157700E-01  2.4837130E-01  1.2915521E-06  4.2970794E-09  1.0216519E-07  6.8211449E-06  3.5136664E-10  2.0005896E-09  9.2048308E-07  2.3543589E-08  0.000E+00  0.0760  4.088859  -30.000  4.103237  8.118322  0.0000000E+00  5.3597605E-01  3.9792349E-01  1.8891077E-66  3.6669162E-07  6.6087381E-02  1.4323081E-11  4.0177515E-07  9.3485588E-07  1.0529894E-05  0.000E+00  0.000E+00  0.000E+00  1.000E+00  1.000E+00  2.70E+02  0.00E+00  0.00E+00  0.000000  0.004153  0.0000000E+00  0.0000000000E+00
255  3.577206006497779E+08    2.500000  2.587555  4.089386  7.5157700E-01  2.4837130E-01  1.2915521E-06  4.2970794E-09  1.0216519E-07  6.8211449E-06  3.5136664E-10  2.0005896E-09  9.2048308E-07  2.3543589E-08  0.000E+00  0.0769  4.089386  -30.000  4.101776  8.119353  0.0000000E+00  5.2561314E-01  4.0581012E-01  5.7800285E-73  2.4350845E-07  6.8563600E-02  1.2578419E-11  3.9791547E-07  9.3578455E-07  1.0728116E-05  0.000E+00  0.000E+00  0.000E+00  1.000E+00  1.000E+00  2.70E+02  0.00E+00  0.00E+00  0.000000  0.004166  0.0000000E+00  0.0000000000E+00
256  3.580599345108488E+08    2.500000  2.588973  4.089923  7.5157700E-01  2.4837130E-01  1.2915521E-06  4.2970794E-09  1.0216519E-07  6.8211449E-06  3.5136664E-10  2.0005896E-09  9.2048308E-07  2.3543589E-08  0.000E+00  0.0777  4.089923  -30.000  4.100208  8.120424  0.0000000E+00  5.1525024E-01  4.1361159E-01  3.3857382E-72  1.6084272E-07  7.1124950E-02  1.1022757E-11  3.4712307E-07  9.3677786E-07  1.0920025E-05  0.000E+00  0.000E+00  0.000E+00  1.000E+00  1.000E+00  2.70E+02  0.00E+00  0.00E+00  0.000000  0.004180  0.0000000E+00  0.0000000000E+00
257  3.583804451777591E+08    2.500000  2.590309  4.090407  7.5157700E-01  2.4837130E-01  1.2915521E-06  4.2970794E-09  1.0216519E-07  6.8211449E-06  3.5136664E-10  2.0005896E-09  9.2048308E-07  2.3543589E-08  0.000E+00  0.0784  4.090407  -30.000  4.098918  8.121484  0.0000000E+00  5.0488733E-01  4.2133795E-01  0.0000000E+00  1.0210873E-07  7.3761458E-02  9.6140022E-12  2.8446082E-07  9.3783105E-07  1.1088831E-05  0.000E+00  0.000E+00  0.000E+00  1.000E+00  1.000E+00  2.71E+02  0.00E+00  0.00E+00  0.000000  0.004193  0.0000000E+00  0.0000000000E+00
258  3.602764580010635E+08    2.500000  2.597865  4.092985  7.5157700E-01  2.4837130E-01  1.2915521E-06  4.2970794E-09  1.0216519E-07  6.8211449E-06  3.5136664E-10  2.0005896E-09  9.2048308E-07  2.3543589E-08  0.000E+00  0.0775  4.092985  -30.000  4.079863  8.124509  0.0000000E+00  4.9452443E-01  4.2411943E-01  0.0000000E+00  4.7439777E-07  8.1343074E-02  1.3053133E-11  1.6165236E-07  9.4236471E-07  1.0653394E-05  0.000E+00  0.000E+00  0.000E+00  1.000E+00  1.000E+00  2.71E+02  0.00E+00  0.00E+00  0.000000  0.004267  0.0000000E+00  0.0000000000E+00
259  3.605661293360944E+08    2.500000  2.599539  4.093288  7.5157700E-01  2.4837130E-01  1.2915521E-06  4.2970794E-09  1.0216519E-07  6.8211449E-06  3.5136664E-10  2.0005896E-09  9.2048308E-07  2.3543589E-08  0.000E+00  0.0794  4.093288  -30.000  4.078567  8.125563  0.0000000E+00  4.8416152E-01  4.3173224E-01  4.5010644E-58  2.7223477E-07  8.4093047E-02  1.1264896E-11  2.9614604E-07  9.4365454E-07  1.0806613E-05  0.000E+00  0.000E+00  0.000E+00  1.000E+00  1.000E+00  2.71E+02  0.00E+00  0.00E+00  0.000000  0.004283  0.0000000E+00  0.0000000000E+00
260  3.608710584864500E+08    2.500000  2.600786  4.093801  7.5157700E-01  2.4837130E-01  1.2915521E-06  4.2970794E-09  1.0216519E-07  6.8211449E-06  3.5136664E-10  2.0005896E-09  9.2048308E-07  2.3543589E-08  0.000E+00  0.0814  4.093801  -30.000  4.077016  8.126687  0.0000000E+00  4.7379861E-01  4.3925138E-01  3.7784940E-55  1.5346749E-07  8.6936761E-02  9.6864947E-12  2.8845957E-07  9.4503038E-07  1.1002554E-05  0.000E+00  0.000E+00  0.000E+00  1.000E+00  1.000E+00  2.71E+02  0.00E+00  0.00E+00  0.000000  0.004295  0.0000000E+00  0.0000000000E+00
261  3.612005327748386E+08    2.500000  2.602109  4.094259  7.5157700E-01  2.4837130E-01  1.2915521E-06  4.2970794E-09  1.0216519E-07  6.8211449E-06  3.5136664E-10  2.0005896E-09  9.2048308E-07  2.3543589E-08  0.000E+00  0.0836  4.094259  -30.000  4.075541  8.127843  0.0000000E+00  4.6343571E-01  4.4666564E-01  0.0000000E+00  8.9832311E-08  8.9885377E-02  8.3131473E-12  2.2528665E-07  9.4650684E-07  1.1179669E-05  0.000E+00  0.000E+00  0.000E+00  1.000E+00  1.000E+00  2.71E+02  0.00E+00  0.00E+00  0.000000  0.004309  0.0000000E+00  0.0000000000E+00
262  3.615493870477021E+08    2.500000  2.603545  4.094722  7.5157700E-01  2.4837130E-01  1.2915521E-06  4.2970794E-09  1.0216519E-07  6.8211449E-06  3.5136664E-10  2.0005896E-09  9.2048308E-07  2.3543589E-08  0.000E+00  0.0875  4.094722  -30.000  4.074303  8.129105  0.0000000E+00  4.5307280E-01  4.5396802E-01  2.2243251E-56  5.8353576E-08  9.2945812E-02  7.1287991E-12  1.5648983E-07  9.4809565E-07  1.1313120E-05  0.000E+00  0.000E+00  0.000E+00  1.000E+00  1.000E+00  2.71E+02  0.00E+00  0.00E+00  0.000000  0.004323  0.0000000E+00  0.0000000000E+00
263  3.638152703665562E+08    2.500000  2.612973  4.097302  7.5157700E-01  2.4837130E-01  1.2915521E-06  4.2970794E-09  1.0216519E-07  6.8211449E-06  3.5136664E-10  2.0005896E-09  9.2048308E-07  2.3543589E-08  0.000E+00  0.0811  4.097302  -30.000  4.050276  8.132602  0.0000000E+00  4.4270990E-01  4.5348802E-01  2.4429158E-67  2.9884881E-07  1.0378895E-01  1.0515837E-11  2.6070525E-07  9.5691461E-07  1.0807190E-05  0.000E+00  0.000E+00  0.000E+00  1.000E+00  1.000E+00  2.71E+02  0.00E+00  0.00E+00  0.000000  0.004418  0.0000000E+00  0.0000000000E+00
264  3.640885433991444E+08    2.500000  2.614039  4.097653  7.5157700E-01  2.4837130E-01  1.2915521E-06  4.2970794E-09  1.0216519E-07  6.8211449E-06  3.5136664E-10  2.0005896E-09  9.2048308E-07  2.3543589E-08  0.000E+00  0.0830  4.097653  -30.000  4.049699  8.133748  0.0000000E+00  4.3234699E-01  4.6068928E-01  2.8754393E-52  1.3460078E-07  1.0695047E-01  8.8238524E-12  2.7364300E-07  9.5888018E-07  1.1049372E-05  0.000E+00  0.000E+00  0.000E+00  1.000E+00  1.000E+00  2.71E+02  0.00E+00  0.00E+00  0.000000  0.004429  0.0000000E+00  0.0000000000E+00
265  3.643525786784187E+08    2.500000  2.615100  4.097950  7.5157700E-01  2.4837130E-01  1.2915521E-06  4.2970794E-09  1.0216519E-07  6.8211449E-06  3.5136664E-10  2.0005896E-09  9.2048308E-07  2.3543589E-08  0.000E+00  0.0853  4.097950  -30.000  4.049366  8.134898  0.0000000E+00  4.2198409E-01  4.6778567E-01  5.8952414E-48  5.6400191E-08  1.1021692E-01  7.3554802E-12  1.9983504E-07  9.6096996E-07  1.1262353E-05  0.000E+00  0.000E+00  0.000E+00  1.000E+00  1.000E+00  2.71E+02  0.00E+00  0.00E+00  0.000000  0.004439  0.0000000E+00  0.0000000000E+00
266  3.661554021192867E+08    2.500000  2.622382  4.099886  7.5157700E-01  2.4837130E-01  1.2915521E-06  4.2970794E-09  1.0216519E-07  6.8211449E-06  3.5136664E-10  2.0005896E-09  9.2048308E-07  2.3543589E-08  0.000E+00  0.0826  4.099886  -30.000  4.031277  8.137873  0.0000000E+00  4.1162118E-01  4.6821469E-01  7.3373380E-37  4.6742912E-07  1.2015103E-01  9.9031887E-12  6.2837286E-08  9.7069071E-07  1.0783386E-05  0.000E+00  0.000E+00  0.000E+00  1.000E+00  1.000E+00  2.71E+02  0.00E+00  0.00E+00  0.000000  0.004514  0.0000000E+00  0.0000000000E+00
267  3.663960481950426E+08    2.500000  2.623393  4.100032  7.5157700E-01  2.4837130E-01  1.2915521E-06  4.2970794E-09  1.0216519E-07  6.8211449E-06  3.5136664E-10  2.0005896E-09  9.2048308E-07  2.3543589E-08  0.000E+00  0.0834  4.100032  -30.000  4.031343  8.139130  0.0000000E+00  4.0125827E-01  4.7514815E-01  0.0000000E+00  1.5996810E-07  1.2358031E-01  8.1165972E-12  2.7339770E-07  9.7324833E-07  1.1009061E-05  0.000E+00  0.000E+00  0.000E+00  1.000E+00  1.000E+00  2.71E+02  0.00E+00  0.00E+00  0.000000  0.004525  0.0000000E+00  0.0000000000E+00
268  3.666373980105383E+08    2.500000  2.624344  4.100250  7.5157700E-01  2.4837130E-01  1.2915521E-06  4.2970794E-09  1.0216519E-07  6.8211449E-06  3.5136664E-10  2.0005896E-09  9.2048308E-07  2.3543589E-08  0.000E+00  0.0855  4.100250  -30.000  4.031505  8.140318  0.0000000E+00  3.9089537E-01  4.8196078E-01  4.8798592E-50  5.2304262E-08  1.2713051E-01  6.6079043E-12  1.9538899E-07  9.7597470E-07  1.1273455E-05  0.000E+00  0.000E+00  0.000E+00  1.000E+00  1.000E+00  2.71E+02  0.00E+00  0.00E+00  0.000000  0.004535  0.0000000E+00  0.0000000000E+00
269  3.669078008933582E+08    2.500000  2.625446  4.100478  7.5157700E-01  2.4837130E-01  1.2915521E-06  4.2970794E-09  1.0216519E-07  6.8211449E-06  3.5136664E-10  2.0005896E-09  9.2048308E-07  2.3543589E-08  0.000E+00  0.0873  4.100478  -30.000  4.031191  8.141573  0.0000000E+00  3.8053246E-01  4.8863140E-01  0.0000000E+00  2.6186347E-08  1.3082277E-01  5.3730747E-12  9.9646728E-08  9.7890885E-07  1.1431369E-05  0.000E+00  0.000E+00  0.000E+00  1.000E+00  1.000E+00  2.71E+02  0.00E+00  0.00E+00  0.000000  0.004546  0.0000000E+00  0.0000000000E+00
270  3.671623458881761E+08    2.500000  2.626440  4.100696  7.5157700E-01  2.4837130E-01  1.2915521E-06  4.2970794E-09  1.0216519E-07  6.8211449E-06  3.5136664E-10  2.0005896E-09  9.2048308E-07  2.3543589E-08  0.000E+00  0.0900  4.100696  -30.000  4.031300  8.142814  0.0000000E+00  3.7016956E-01  4.9518429E-01  3.0524698E-61  9.8472219E-09  1.3463273E-01  4.3171199E-12  5.0180929E-08  9.8202483E-07  1.1517349E-05  0.000E+00  0.000E+00  0.000E+00  1.000E+00  1.000E+00  2.71E+02  0.00E+00  0.00E+00  0.000000  0.004557  0.0000000E+00  0.0000000000E+00
271  3.674482174936349E+08    2.500000  2.627571  4.100939  7.5157700E-01  2.4837130E-01  1.2915521E-06  4.2970794E-09  1.0216519E-07  6.8211449E-06  3.5136664E-10  2.0005896E-09  9.2048308E-07  2.3543589E-08  0.000E+00  0.0927  4.100939  -30.000  4.030958  8.144122  0.0000000E+00  3.5980665E-01  5.0157260E-01  2.8353956E-53  7.6097793E-09  1.3860733E-01  3.4810989E-12  2.7827471E-08  9.8540447E-07  1.1548022E-05  0.000E+00  0.000E+00  0.000E+00  1.000E+00  1.000E+00  2.71E+02  0.00E+00  0.00E+00  0.000000  0.004569  0.0000000E+00  0.0000000000E+00
272  3.691417974240607E+08    2.500000  2.634461  4.102369  7.5157700E-01  2.4837130E-01  1.2915521E-06  4.2970794E-09  1.0216519E-07  6.8211449E-06  3.5136664E-10  2.0005896E-09  9.2048308E-07  2.3543589E-08  0.000E+00  0.0859  4.102369  -30.000  4.014717  8.147242  0.0000000E+00  3.4944375E-01  5.0026347E-01  0.0000000E+00  1.5078035E-07  1.5027951E-01  6.2286558E-12  2.1945414E-07  1.0002875E-06  1.1088218E-05  0.000E+00  0.000E+00  0.000E+00  1.000E+00  1.000E+00  2.71E+02  0.00E+00  0.00E+00  0.000000  0.004642  0.0000000E+00  0.0000000000E+00
273  3.693633793935494E+08    2.500000  2.635217  4.102441  7.5157700E-01  2.4837130E-01  1.2915521E-06  4.2970794E-09  1.0216519E-07  6.8211449E-06  3.5136664E-10  2.0005896E-09  9.2048308E-07  2.3543589E-08  0.000E+00  0.0876  4.102441  -30.000  4.015520  8.148504  0.0000000E+00  3.3908084E-01  5.0647599E-01  0.0000000E+00  2.7431589E-08  1.5442978E-01  4.8295784E-12  1.3826287E-07  1.0043775E-06  1.1381106E-05  0.000E+00  0.000E+00  0.000E+00  1.000E+00  1.000E+00  2.71E+02  0.00E+00  0.00E+00  0.000000  0.004650  0.0000000E+00  0.0000000000E+00
274  3.695972485261945E+08    2.500000  2.636162  4.102517  7.5157700E-01  2.4837130E-01  1.2915521E-06  4.2970794E-09  1.0216519E-07  6.8211449E-06  3.5136664E-10  2.0005896E-09  9.2048308E-07  2.3543589E-08  0.000E+00  0.0896  4.102517  -30.000  4.016188  8.149837  0.0000000E+00  3.2871793E-01  5.1252893E-01  6.6100602E-52  6.2001627E-09  1.5873974E-01  3.7130381E-12  5.1343644E-08  1.0087692E-06  1.1520512E-05  0.000E+00  0.000E+00  0.000E+00  1.000E+00  1.000E+00  2.71E+02  0.00E+00  0.00E+00  0.000000  0.004660  0.0000000E+00  0.0000000000E+00
275  3.698502789813074E+08    2.500000  2.637200  4.102599  7.5157700E-01  2.4837130E-01  1.2915521E-06  4.2970794E-09  1.0216519E-07  6.8211449E-06  3.5136664E-10  2.0005896E-09  9.2048308E-07  2.3543589E-08  0.000E+00  0.0920  4.102599  -30.000  4.016633  8.151225  0.0000000E+00  3.1835503E-01  5.1840085E-01  4.1139570E-59  4.7325999E-09  1.6323064E-01  2.8488122E-12  2.0810024E-08  1.0135198E-06  1.1559932E-05  0.000E+00  0.000E+00  0.000E+00  1.000E+00  1.000E+00  2.71E+02  0.00E+00  0.00E+00  0.000000  0.004671  0.0000000E+00  0.0000000000E+00
276  3.701235486661388E+08    2.500000  2.638325  4.102633  7.5157700E-01  2.4837130E-01  1.2915521E-06  4.2970794E-09  1.0216519E-07  6.8211449E-06  3.5136664E-10  2.0005896E-09  9.2048308E-07  2.3543589E-08  0.000E+00  0.0945  4.102633  -30.000  4.016987  8.152695  0.0000000E+00  3.0799212E-01  5.2407010E-01  0.0000000E+00  8.0238931E-09  1.6792435E-01  2.1997702E-12  1.1993716E-08  1.0186920E-06  1.1565317E-05  0.000E+00  0.000E+00  0.000E+00  1.000E+00  1.000E+00  2.71E+02  0.00E+00  0.00E+00  0.000000  0.004683  0.0000000E+00  0.0000000000E+00
277  3.715467183954841E+08    2.500000  2.643860  4.103545  7.5157700E-01  2.4837130E-01  1.2915521E-06  4.2970794E-09  1.0216519E-07  6.8211449E-06  3.5136664E-10  2.0005896E-09  9.2048308E-07  2.3543589E-08  0.000E+00  0.0882  4.103545  -30.000  4.004894  8.155687  0.0000000E+00  2.9762922E-01  5.2166230E-01  0.0000000E+00  3.5904187E-08  1.8069505E-01  4.2144330E-12  1.5021343E-07  1.0391675E-06  1.1351844E-05  0.000E+00  0.000E+00  0.000E+00  1.000E+00  1.000E+00  2.70E+02  0.00E+00  0.00E+00  0.000000  0.004743  0.0000000E+00  0.0000000000E+00
278  3.717614277224057E+08    2.500000  2.644800  4.103399  7.5157700E-01  2.4837130E-01  1.2915521E-06  4.2970794E-09  1.0216519E-07  6.8211449E-06  3.5136664E-10  2.0005896E-09  9.2048308E-07  2.3543589E-08  0.000E+00  0.0901  4.103399  -30.000  4.006376  8.157164  0.0000000E+00  2.8726631E-01  5.2708368E-01  7.7121268E-55  4.7369861E-09  1.8563657E-01  3.0534658E-12  3.9196617E-08  1.0454369E-06  1.1536264E-05  0.000E+00  0.000E+00  0.000E+00  1.000E+00  1.000E+00  2.70E+02  0.00E+00  0.00E+00  0.000000  0.004754  0.0000000E+00  0.0000000000E+00
279  3.719895082743511E+08    2.500000  2.645802  4.103261  7.5157700E-01  2.4837130E-01  1.2915521E-06  4.2970794E-09  1.0216519E-07  6.8211449E-06  3.5136664E-10  2.0005896E-09  9.2048308E-07  2.3543589E-08  0.000E+00  0.0923  4.103261  -30.000  4.007829  8.158630  0.0000000E+00  2.7690341E-01  5.3228728E-01  4.9566515E-50  2.9145800E-09  1.9079580E-01  2.1944770E-12  1.1659075E-08  1.0522393E-06  1.1572523E-05  0.000E+00  0.000E+00  0.000E+00  1.000E+00  1.000E+00  2.70E+02  0.00E+00  0.00E+00  0.000000  0.004765  0.0000000E+00  0.0000000000E+00
280  3.736487929729214E+08    2.500000  2.652535  4.103970  7.5157700E-01  2.4837130E-01  1.2915521E-06  4.2970794E-09  1.0216519E-07  6.8211449E-06  3.5136664E-10  2.0005896E-09  9.2048308E-07  2.3543589E-08  0.000E+00  0.0877  4.103970  -30.000  3.994736  8.162000  0.0000000E+00  2.6654050E-01  5.2455944E-01  0.0000000E+00  3.5382440E-08  2.0888661E-01  4.9084911E-12  1.7862444E-07  1.0888313E-06  1.1316627E-05  0.000E+00  0.000E+00  0.000E+00  1.000E+00  1.000E+00  2.69E+02  0.00E+00  0.00E+00  0.000000  0.004839  0.0000000E+00  0.0000000000E+00
281  3.737191731006536E+08    2.500000  2.652490  4.103830  7.5157700E-01  2.4837130E-01  1.2915521E-06  4.2970794E-09  1.0216519E-07  6.8211449E-06  3.5136664E-10  2.0005896E-09  9.2048308E-07  2.3543589E-08  0.000E+00  0.0884  4.103830  -30.000  3.995651  8.162597  0.0000000E+00  2.6273278E-01  5.2638699E-01  0.0000000E+00  9.4459924E-09  2.1086676E-01  4.2673639E-12  9.7985447E-08  1.0919222E-06  1.1455836E-05  0.000E+00  0.000E+00  0.000E+00  1.000E+00  1.000E+00  2.69E+02  0.00E+00  0.00E+00  0.000000  0.004838  0.0000000E+00  0.0000000000E+00
282  3.737905959437446E+08    2.500000  2.652893  4.103699  7.5157700E-01  2.4837130E-01  1.2915521E-06  4.2970794E-09  1.0216519E-07  6.8211449E-06  3.5136664E-10  2.0005896E-09  9.2048308E-07  2.3543589E-08  0.000E+00  0.0889  4.103699  -30.000  3.996470  8.163184  0.0000000E+00  2.5892506E-01  5.2818274E-01  0.0000000E+00  2.6854588E-09  2.1287864E-01  3.7006523E-12  4.7339192E-08  1.0951059E-06  1.1528248E-05  0.000E+00  0.000E+00  0.000E+00  1.000E+00  1.000E+00  2.69E+02  0.00E+00  0.00E+00  0.000000  0.004843  0.0000000E+00  0.0000000000E+00
283  3.738634307782667E+08    2.500000  2.653232  4.103583  7.5157700E-01  2.4837130E-01  1.2915521E-06  4.2970794E-09  1.0216519E-07  6.8211449E-06  3.5136664E-10  2.0005896E-09  9.2048308E-07  2.3543589E-08  0.000E+00  0.0894  4.103583  -30.000  3.997292  8.163775  0.0000000E+00  2.5511734E-01  5.2994498E-01  0.0000000E+00  1.2595647E-09  2.1492413E-01  3.2023036E-12  2.2103605E-08  1.0983887E-06  1.1561219E-05  0.000E+00  0.000E+00  0.000E+00  1.000E+00  1.000E+00  2.69E+02  0.00E+00  0.00E+00  0.000000  0.004847  0.0000000E+00  0.0000000000E+00
284  3.739405398885634E+08    2.500000  2.653581  4.103459  7.5157700E-01  2.4837130E-01  1.2915521E-06  4.2970794E-09  1.0216519E-07  6.8211449E-06  3.5136664E-10  2.0005896E-09  9.2048308E-07  2.3543589E-08  0.000E+00  0.0903  4.103459  -30.000  3.998080  8.164390  0.0000000E+00  2.5130961E-01  5.3166923E-01  0.0000000E+00  2.2019646E-09  2.1700765E-01  2.7721925E-12  1.2357574E-08  1.1017857E-06  1.1571532E-05  0.000E+00  0.000E+00  0.000E+00  1.000E+00  1.000E+00  2.69E+02  0.00E+00  0.00E+00  0.000000  0.004851  0.0000000E+00  0.0000000000E+00
285  3.740132640184985E+08    2.500000  2.653923  4.103343  7.5157700E-01  2.4837130E-01  1.2915521E-06  4.2970794E-09  1.0216519E-07  6.8211449E-06  3.5136664E-10  2.0005896E-09  9.2048308E-07  2.3543589E-08  0.000E+00  0.0910  4.103343  -30.000  3.998923  8.164988  0.0000000E+00  2.4750189E-01  5.3336464E-01  0.0000000E+00  6.8632344E-10  2.1911991E-01  2.3831333E-12  6.3707410E-09  1.1052714E-06  1.1581110E-05  0.000E+00  0.000E+00  0.000E+00  1.000E+00  1.000E+00  2.69E+02  0.00E+00  0.00E+00  0.000000  0.004854  0.0000000E+00  0.0000000000E+00
286  3.740880053905401E+08    2.500000  2.654248  4.103211  7.5157700E-01  2.4837130E-01  1.2915521E-06  4.2970794E-09  1.0216519E-07  6.8211449E-06  3.5136664E-10  2.0005896E-09  9.2048308E-07  2.3543589E-08  0.000E+00  0.0916  4.103211  -30.000  3.999814  8.165607  0.0000000E+00  2.4369417E-01  5.3502238E-01  0.0000000E+00  6.5311383E-10  2.2126986E-01  2.0460977E-12  3.6087914E-09  1.1088739E-06  1.1584415E-05  0.000E+00  0.000E+00  0.000E+00  1.000E+00  1.000E+00  2.69E+02  0.00E+00  0.00E+00  0.000000  0.004858  0.0000000E+00  0.0000000000E+00
287  3.741769137346229E+08    2.500000  2.654667  4.103046  7.5157700E-01  2.4837130E-01  1.2915521E-06  4.2970794E-09  1.0216519E-07  6.8211449E-06  3.5136664E-10  2.0005896E-09  9.2048308E-07  2.3543589E-08  0.000E+00  0.0921  4.103046  -30.000  4.000631  8.166226  0.0000000E+00  2.3988645E-01  5.3661669E-01  0.0000000E+00  4.6914602E-09  2.2348333E-01  1.7925487E-12  6.7856144E-09  1.1126749E-06  1.1574057E-05  0.000E+00  0.000E+00  0.000E+00  1.000E+00  1.000E+00  2.68E+02  0.00E+00  0.00E+00  0.000000  0.004863  0.0000000E+00  0.0000000000E+00
288  3.742504282741576E+08    2.500000  2.655045  4.102940  7.5157700E-01  2.4837130E-01  1.2915521E-06  4.2970794E-09  1.0216519E-07  6.8211449E-06  3.5136664E-10  2.0005896E-09  9.2048308E-07  2.3543589E-08  0.000E+00  0.0927  4.102940  -30.000  4.001467  8.166825  0.0000000E+00  2.3607873E-01  5.3820469E-01  2.2855662E-72  9.3670279E-10  2.2570305E-01  1.5249696E-12  5.1369176E-09  1.1165034E-06  1.1581843E-05  0.000E+00  0.000E+00  0.000E+00  1.000E+00  1.000E+00  2.68E+02  0.00E+00  0.00E+00  0.000000  0.004867  0.0000000E+00  0.0000000000E+00
289  3.743258392161458E+08    2.500000  2.655333  4.102800  7.5157700E-01  2.4837130E-01  1.2915521E-06  4.2970794E-09  1.0216519E-07  6.8211449E-06  3.5136664E-10  2.0005896E-09  9.2048308E-07  2.3543589E-08  0.000E+00  0.0933  4.102800  -30.000  4.002455  8.167467  0.0000000E+00  2.3227101E-01  5.3975192E-01  0.0000000E+00  4.2423449E-10  2.2796348E-01  1.2957114E-12  2.5887651E-09  1.1204644E-06  1.1585630E-05  0.000E+00  0.000E+00  0.000E+00  1.000E+00  1.000E+00  2.68E+02  0.00E+00  0.00E+00  0.000000  0.004870  0.0000000E+00  0.0000000000E+00
290  3.744035408395717E+08    2.500000  2.655701  4.102631  7.5157700E-01  2.4837130E-01  1.2915521E-06  4.2970794E-09  1.0216519E-07  6.8211449E-06  3.5136664E-10  2.0005896E-09  9.2048308E-07  2.3543589E-08  0.000E+00  0.0942  4.102631  -30.000  4.003424  8.168122  0.0000000E+00  2.2846329E-01  5.4125558E-01  0.0000000E+00  6.3034338E-10  2.3026757E-01  1.1023814E-12  1.7185105E-09  1.1245713E-06  1.1586232E-05  0.000E+00  0.000E+00  0.000E+00  1.000E+00  1.000E+00  2.68E+02  0.00E+00  0.00E+00  0.000000  0.004874  0.0000000E+00  0.0000000000E+00
291  3.744866257639765E+08    2.500000  2.656115  4.102458  7.5157700E-01  2.4837130E-01  1.2915521E-06  4.2970794E-09  1.0216519E-07  6.8211449E-06  3.5136664E-10  2.0005896E-09  9.2048308E-07  2.3543589E-08  0.000E+00  0.0950  4.102458  -30.000  4.004337  8.168795  0.0000000E+00  2.2465556E-01  5.4270543E-01  0.0000000E+00  1.3208369E-09  2.3262547E-01  9.4920835E-13  2.3289517E-09  1.1288607E-06  1.1584259E-05  0.000E+00  0.000E+00  0.000E+00  1.000E+00  1.000E+00  2.68E+02  0.00E+00  0.00E+00  0.000000  0.004879  0.0000000E+00  0.0000000000E+00
292  3.745899470279709E+08    2.500000  2.656683  4.102275  7.5157700E-01  2.4837130E-01  1.2915521E-06  4.2970794E-09  1.0216519E-07  6.8211449E-06  3.5136664E-10  2.0005896E-09  9.2048308E-07  2.3543589E-08  0.000E+00  0.0954  4.102275  -30.000  4.004850  8.169506  0.0000000E+00  2.2084784E-01  5.4405010E-01  0.0000000E+00  2.6721549E-09  2.3508852E-01  8.7488186E-13  7.4185734E-09  1.1335089E-06  1.1575764E-05  0.000E+00  0.000E+00  0.000E+00  1.000E+00  1.000E+00  2.68E+02  0.00E+00  0.00E+00  0.000000  0.004885  0.0000000E+00  0.0000000000E+00
293  3.765502294687672E+08    2.500000  2.668794  4.099652  7.5157700E-01  2.4837130E-01  1.2915521E-06  4.2970794E-09  1.0216519E-07  6.8211449E-06  3.5136664E-10  2.0005896E-09  9.2048308E-07  2.3543589E-08  0.000E+00  0.0917  4.099652  -30.000  3.986310  8.173074  0.0000000E+00  2.1704012E-01  5.2230807E-01  0.0000000E+00  1.2558302E-07  2.6063828E-01  6.4808469E-12  2.7774264E-07  1.2121385E-06  1.1050425E-05  0.000E+00  0.000E+00  0.000E+00  1.000E+00  1.000E+00  2.64E+02  0.00E+00  0.00E+00  0.000000  0.005023  0.0000000E+00  0.0000000000E+00
294  3.766164299814750E+08    2.500000  2.667034  4.102772  7.5157700E-01  2.4837130E-01  1.2915521E-06  4.2970794E-09  1.0216519E-07  6.8211449E-06  3.5136664E-10  2.0005896E-09  9.2048308E-07  2.3543589E-08  0.000E+00  0.0880  4.102772  -30.000  3.988189  8.173109  0.0000000E+00  2.1323240E-01  5.2374644E-01  0.0000000E+00  1.3085254E-08  2.6300754E-01  5.3452990E-12  1.3851094E-07  1.2174421E-06  1.1397226E-05  0.000E+00  0.000E+00  0.000E+00  1.000E+00  1.000E+00  2.66E+02  0.00E+00  0.00E+00  0.000000  0.005003  0.0000000E+00  0.0000000000E+00
295  3.797733169915876E+08    2.500000  2.703056  4.091041  7.5157700E-01  2.4837130E-01  1.2915521E-06  4.2970794E-09  1.0216519E-07  6.8211449E-06  3.5136664E-10  2.0005896E-09  9.2048308E-07  2.3543589E-08  0.000E+00  0.0899  4.091041  -30.000  3.958847  8.178320  0.0000000E+00  2.0942468E-01  4.6678303E-01  0.0000000E+00  7.1143983E-08  3.2377846E-01  1.2043142E-11  4.3673597E-07  1.5099997E-06  1.0935281E-05  0.000E+00  0.000E+00  0.000E+00  1.000E+00  1.000E+00  2.54E+02  0.00E+00  0.00E+00  0.000000  0.005436  0.0000000E+00  0.0000000000E+00
296  3.798299597313812E+08    2.500000  2.685260  4.102899  7.5157700E-01  2.4837130E-01  1.2915521E-06  4.2970794E-09  1.0216519E-07  6.8211449E-06  3.5136664E-10  2.0005896E-09  9.2048308E-07  2.3543589E-08  0.000E+00  0.0854  4.102899  -30.000  3.965894  8.178056  0.0000000E+00  2.0561696E-01  4.6838149E-01  0.0000000E+00  4.4970265E-09  3.2598760E-01  9.7252716E-12  1.2595273E-07  1.5173036E-06  1.1419684E-05  0.000E+00  0.000E+00  0.000E+00  1.000E+00  1.000E+00  2.64E+02  0.00E+00  0.00E+00  0.000000  0.005218  0.0000000E+00  0.0000000000E+00
297  3.798857173272395E+08    2.500000  2.675554  4.102985  7.5157700E-01  2.4837130E-01  1.2915521E-06  4.2970794E-09  1.0216519E-07  6.8211449E-06  3.5136664E-10  2.0005896E-09  9.2048308E-07  2.3543589E-08  0.000E+00  0.0869  4.102985  -30.000  3.968599  8.179098  0.0000000E+00  2.0180924E-01  4.6995663E-01  0.0000000E+00  2.8418531E-10  3.2822019E-01  7.8255741E-12  2.8621963E-08  1.5247865E-06  1.1545082E-05  0.000E+00  0.000E+00  0.000E+00  1.000E+00  1.000E+00  2.65E+02  0.00E+00  0.00E+00  0.000000  0.005102  0.0000000E+00  0.0000000000E+00
298  3.832270966236200E+08    2.500000  2.742728  4.064419  7.5157700E-01  2.4837130E-01  1.2915521E-06  4.2970794E-09  1.0216519E-07  6.8211449E-06  3.5136664E-10  2.0005896E-09  9.2048308E-07  2.3543589E-08  0.000E+00  0.0978  4.064419  -30.000  3.934612  8.185979  0.0000000E+00  1.9800151E-01  4.0003305E-01  0.0000000E+00  3.8710437E-08  4.0195090E-01  1.4347250E-11  3.8571630E-07  2.2168376E-06  1.1035258E-05  0.000E+00  0.000E+00  0.000E+00  1.000E+00  1.000E+00  2.33E+02  0.00E+00  0.00E+00  0.000000  0.005956  0.0000000E+00  0.0000000000E+00
299  3.832762717135271E+08    2.500000  2.726933  4.096954  7.5157700E-01  2.4837130E-01  1.2915521E-06  4.2970794E-09  1.0216519E-07  6.8211449E-06  3.5136664E-10  2.0005896E-09  9.2048308E-07  2.3543589E-08  0.000E+00  0.0840  4.096954  -30.000  3.944134  8.183859  0.0000000E+00  1.9419379E-01  4.0183005E-01  0.0000000E+00  1.0828348E-09  4.0396152E-01  1.1219032E-11  7.1904207E-08  2.2272588E-06  1.1477729E-05  0.000E+00  0.000E+00  0.000E+00  1.000E+00  1.000E+00  2.54E+02  0.00E+00  0.00E+00  0.000000  0.005743  0.0000000E+00  0.0000000000E+00
300  3.833733470647168E+08    2.500000  2.689297  4.100699  7.5157700E-01  2.4837130E-01  1.2915521E-06  4.2970794E-09  1.0216519E-07  6.8211449E-06  3.5136664E-10  2.0005896E-09  9.2048308E-07  2.3543589E-08  0.000E+00  0.0878  4.100699  -30.000  3.951640  8.186171  0.0000000E+00  1.8657835E-01  4.0534817E-01  0.0000000E+00  1.2445665E-11  4.0805880E-01  6.7903676E-12  2.2216797E-09  2.2487855E-06  1.1564145E-05  0.000E+00  0.000E+00  0.000E+00  1.000E+00  1.000E+00  2.62E+02  0.00E+00  0.00E+00  0.000000  0.005266  0.0000000E+00  0.0000000000E+00
301  3.834208781140607E+08    2.500000  2.691319  4.100095  7.5157700E-01  2.4837130E-01  1.2915521E-06  4.2970794E-09  1.0216519E-07  6.8211449E-06  3.5136664E-10  2.0005896E-09  9.2048308E-07  2.3543589E-08  0.000E+00  0.0880  4.100095  -30.000  3.953247  8.186899  0.0000000E+00  1.8277063E-01  4.0704370E-01  0.0000000E+00  3.0279002E-13  4.1017094E-01  5.2216964E-12  2.9189706E-10  2.2600844E-06  1.1566296E-05  0.000E+00  0.000E+00  0.000E+00  1.000E+00  1.000E+00  2.61E+02  0.00E+00  0.00E+00  0.000000  0.005291  0.0000000E+00  0.0000000000E+00
302  3.834692342215741E+08    2.500000  2.691603  4.099746  7.5157700E-01  2.4837130E-01  1.2915521E-06  4.2970794E-09  1.0216519E-07  6.8211449E-06  3.5136664E-10  2.0005896E-09  9.2048308E-07  2.3543589E-08  0.000E+00  0.0882  4.099746  -30.000  3.955140  8.187677  0.0000000E+00  1.7896291E-01  4.0868722E-01  0.0000000E+00  8.4070647E-12  4.1233512E-01  3.9909797E-12  2.6791860E-10  2.2717869E-06  1.1566077E-05  0.000E+00  0.000E+00  0.000E+00  1.000E+00  1.000E+00  2.61E+02  0.00E+00  0.00E+00  0.000000  0.005294  0.0000000E+00  0.0000000000E+00
303  3.835180410965698E+08    2.500000  2.691845  4.099317  7.5157700E-01  2.4837130E-01  1.2915521E-06  4.2970794E-09  1.0216519E-07  6.8211449E-06  3.5136664E-10  2.0005896E-09  9.2048308E-07  2.3543589E-08  0.000E+00  0.0885  4.099317  -30.000  3.957053  8.188476  0.0000000E+00  1.7515519E-01  4.1027809E-01  0.0000000E+00  9.0104065E-12  4.1455201E-01  3.0317717E-12  3.2921433E-10  2.2839131E-06  1.1565759E-05  0.000E+00  0.000E+00  0.000E+00  1.000E+00  1.000E+00  2.60E+02  0.00E+00  0.00E+00  0.000000  0.005297  0.0000000E+00  0.0000000000E+00
304  3.835705792141178E+08    2.500000  2.692212  4.098827  7.5157700E-01  2.4837130E-01  1.2915521E-06  4.2970794E-09  1.0216519E-07  6.8211449E-06  3.5136664E-10  2.0005896E-09  9.2048308E-07  2.3543589E-08  0.000E+00  0.0888  4.098827  -30.000  3.958971  8.189312  0.0000000E+00  1.7134746E-01  4.1180321E-01  0.0000000E+00  4.3694572E-11  4.1683457E-01  2.3502680E-12  1.6984760E-09  2.2965758E-06  1.1563778E-05  0.000E+00  0.000E+00  0.000E+00  1.000E+00  1.000E+00  2.60E+02  0.00E+00  0.00E+00  0.000000  0.005302  0.0000000E+00  0.0000000000E+00
305  3.836194095220398E+08    2.500000  2.692600  4.098388  7.5157700E-01  2.4837130E-01  1.2915521E-06  4.2970794E-09  1.0216519E-07  6.8211449E-06  3.5136664E-10  2.0005896E-09  9.2048308E-07  2.3543589E-08  0.000E+00  0.0890  4.098388  -30.000  3.960935  8.190120  0.0000000E+00  1.6753974E-01  4.1328558E-01  0.0000000E+00  1.3252032E-12  4.1915997E-01  1.7489012E-12  1.9643219E-10  2.3096022E-06  1.1565420E-05  0.000E+00  0.000E+00  0.000E+00  1.000E+00  1.000E+00  2.60E+02  0.00E+00  0.00E+00  0.000000  0.005307  0.0000000E+00  0.0000000000E+00
306  3.836688859925767E+08    2.500000  2.692879  4.097919  7.5157700E-01  2.4837130E-01  1.2915521E-06  4.2970794E-09  1.0216519E-07  6.8211449E-06  3.5136664E-10  2.0005896E-09  9.2048308E-07  2.3543589E-08  0.000E+00  0.0893  4.097919  -30.000  3.963031  8.190966  0.0000000E+00  1.6373202E-01  4.1470819E-01  0.0000000E+00  2.2525671E-12  4.2154503E-01  1.2932016E-12  9.4813519E-11  2.3231340E-06  1.1565274E-05  0.000E+00  0.000E+00  0.000E+00  1.000E+00  1.000E+00  2.59E+02  0.00E+00  0.00E+00  0.000000  0.005310  0.0000000E+00  0.0000000000E+00
307  3.837189827317094E+08    2.500000  2.693233  4.097406  7.5157700E-01  2.4837130E-01  1.2915521E-06  4.2970794E-09  1.0216519E-07  6.8211449E-06  3.5136664E-10  2.0005896E-09  9.2048308E-07  2.3543589E-08  0.000E+00  0.0896  4.097406  -30.000  3.965151  8.191830  0.0000000E+00  1.5992430E-01  4.1606882E-01  0.0000000E+00  2.8146814E-12  4.2399210E-01  9.5199108E-13  1.1339544E-10  2.3372049E-06  1.1564972E-05  0.000E+00  0.000E+00  0.000E+00  1.000E+00  1.000E+00  2.59E+02  0.00E+00  0.00E+00  0.000000  0.005314  0.0000000E+00  0.0000000000E+00
308  3.837696820633814E+08    2.500000  2.693621  4.096876  7.5157700E-01  2.4837130E-01  1.2915521E-06  4.2970794E-09  1.0216519E-07  6.8211449E-06  3.5136664E-10  2.0005896E-09  9.2048308E-07  2.3543589E-08  0.000E+00  0.0899  4.096876  -30.000  3.967319  8.192708  0.0000000E+00  1.5611658E-01  4.1736461E-01  0.0000000E+00  3.0829220E-12  4.2650399E-01  6.9970728E-13  1.3371841E-10  2.3518518E-06  1.1564657E-05  0.000E+00  0.000E+00  0.000E+00  1.000E+00  1.000E+00  2.59E+02  0.00E+00  0.00E+00  0.000000  0.005319  0.0000000E+00  0.0000000000E+00
309  3.838209600713695E+08    2.500000  2.694002  4.096327  7.5157700E-01  2.4837130E-01  1.2915521E-06  4.2970794E-09  1.0216519E-07  6.8211449E-06  3.5136664E-10  2.0005896E-09  9.2048308E-07  2.3543589E-08  0.000E+00  0.0901  4.096327  -30.000  3.969565  8.193609  0.0000000E+00  1.5230886E-01  4.1859260E-01  0.0000000E+00  2.9529994E-12  4.2908373E-01  5.1526293E-13  1.4291791E-10  2.3671139E-06  1.1564345E-05  0.000E+00  0.000E+00  0.000E+00  1.000E+00  1.000E+00  2.58E+02  0.00E+00  0.00E+00  0.000000  0.005324  0.0000000E+00  0.0000000000E+00
310  3.838729448005183E+08    2.500000  2.694394  4.095759  7.5157700E-01  2.4837130E-01  1.2915521E-06  4.2970794E-09  1.0216519E-07  6.8211449E-06  3.5136664E-10  2.0005896E-09  9.2048308E-07  2.3543589E-08  0.000E+00  0.0904  4.095759  -30.000  3.971870  8.194531  0.0000000E+00  1.4850114E-01  4.1974863E-01  0.0000000E+00  3.9960269E-12  4.3173536E-01  3.8419689E-13  1.7488393E-10  2.3830425E-06  1.1563991E-05  0.000E+00  0.000E+00  0.000E+00  1.000E+00  1.000E+00  2.58E+02  0.00E+00  0.00E+00  0.000000  0.005329  0.0000000E+00  0.0000000000E+00
311  3.839253162912389E+08    2.500000  2.694795  4.095171  7.5157700E-01  2.4837130E-01  1.2915521E-06  4.2970794E-09  1.0216519E-07  6.8211449E-06  3.5136664E-10  2.0005896E-09  9.2048308E-07  2.3543589E-08  0.000E+00  0.0905  4.095171  -30.000  3.974222  8.195467  0.0000000E+00  1.4469341E-01  4.2083187E-01  0.0000000E+00  1.5661897E-12  4.3445985E-01  2.8809396E-13  1.2789723E-10  2.3996641E-06  1.1563727E-05  0.000E+00  0.000E+00  0.000E+00  1.000E+00  1.000E+00  2.58E+02  0.00E+00  0.00E+00  0.000000  0.005333  0.0000000E+00  0.0000000000E+00
312  3.839776301699226E+08    2.500000  2.695189  4.094562  7.5157700E-01  2.4837130E-01  1.2915521E-06  4.2970794E-09  1.0216519E-07  6.8211449E-06  3.5136664E-10  2.0005896E-09  9.2048308E-07  2.3543589E-08  0.000E+00  0.0908  4.094562  -30.000  3.976701  8.196430  0.0000000E+00  1.4088569E-01  4.2184196E-01  0.0000000E+00  5.2273492E-12  4.3725746E-01  2.1493122E-13  2.0028547E-10  2.4169978E-06  1.1563294E-05  0.000E+00  0.000E+00  0.000E+00  1.000E+00  1.000E+00  2.57E+02  0.00E+00  0.00E+00  0.000000  0.005338  0.0000000E+00  0.0000000000E+00
313  3.840380987285594E+08    2.500000  2.695802  4.093877  7.5157700E-01  2.4837130E-01  1.2915521E-06  4.2970794E-09  1.0216519E-07  6.8211449E-06  3.5136664E-10  2.0005896E-09  9.2048308E-07  2.3543589E-08  0.000E+00  0.0910  4.093877  -30.000  3.979003  8.197423  0.0000000E+00  1.3707797E-01  4.2270351E-01  0.0000000E+00  1.8774533E-13  4.4020365E-01  2.4159013E-13  1.2695019E-10  2.4357645E-06  1.1563028E-05  0.000E+00  0.000E+00  0.000E+00  1.000E+00  1.000E+00  2.57E+02  0.00E+00  0.00E+00  0.000000  0.005346  0.0000000E+00  0.0000000000E+00
314  3.840911718605812E+08    2.500000  2.696087  4.093287  7.5157700E-01  2.4837130E-01  1.2915521E-06  4.2970794E-09  1.0216519E-07  6.8211449E-06  3.5136664E-10  2.0005896E-09  9.2048308E-07  2.3543589E-08  0.000E+00  0.0912  4.093287  -30.000  3.981654  8.198429  0.0000000E+00  1.3327025E-01  4.2355584E-01  0.0000000E+00  3.5104073E-12  4.4315903E-01  1.7130772E-13  1.2772932E-10  2.4547014E-06  1.1562654E-05  0.000E+00  0.000E+00  0.000E+00  1.000E+00  1.000E+00  2.56E+02  0.00E+00  0.00E+00  0.000000  0.005349  0.0000000E+00  0.0000000000E+00
315  3.841458798748044E+08    2.500000  2.696502  4.092587  7.5157700E-01  2.4837130E-01  1.2915521E-06  4.2970794E-09  1.0216519E-07  6.8211449E-06  3.5136664E-10  2.0005896E-09  9.2048308E-07  2.3543589E-08  0.000E+00  0.0915  4.092587  -30.000  3.984297  8.199462  0.0000000E+00  1.2946253E-01  4.2431127E-01  0.0000000E+00  1.9624000E-12  4.4621126E-01  1.3230728E-13  1.2425352E-10  2.4746448E-06  1.1562275E-05  0.000E+00  0.000E+00  0.000E+00  1.000E+00  1.000E+00  2.56E+02  0.00E+00  0.00E+00  0.000000  0.005355  0.0000000E+00  0.0000000000E+00
316  3.841988393138518E+08    2.500000  2.696939  4.091892  7.5157700E-01  2.4837130E-01  1.2915521E-06  4.2970794E-09  1.0216519E-07  6.8211449E-06  3.5136664E-10  2.0005896E-09  9.2048308E-07  2.3543589E-08  0.000E+00  0.0918  4.091892  -30.000  3.987082  8.200506  0.0000000E+00  1.2565481E-01  4.2499785E-01  0.0000000E+00  5.6685284E-16  4.4933243E-01  8.5237450E-14  2.7930733E-12  2.4953508E-06  1.1562027E-05  0.000E+00  0.000E+00  0.000E+00  1.000E+00  1.000E+00  2.55E+02  0.00E+00  0.00E+00  0.000000  0.005360  0.0000000E+00  0.0000000000E+00
317  3.843072117197530E+08    2.500000  2.697885  4.090388  7.5157700E-01  2.4837130E-01  1.2915521E-06  4.2970794E-09  1.0216519E-07  6.8211449E-06  3.5136664E-10  2.0005896E-09  9.2048308E-07  2.3543589E-08  0.000E+00  0.0930  4.090388  -30.000  3.990783  8.202223  0.0000000E+00  1.2184709E-01  4.2484881E-01  0.0000000E+00  4.0091047E-10  4.5328914E-01  6.6092095E-13  9.8106982E-09  2.5245054E-06  1.1548859E-05  0.000E+00  0.000E+00  0.000E+00  1.000E+00  1.000E+00  2.54E+02  0.00E+00  0.00E+00  0.000000  0.005372  0.0000000E+00  0.0000000000E+00
318  3.843612847500696E+08    2.500000  2.699253  4.090065  7.5157700E-01  2.4837130E-01  1.2915521E-06  4.2970794E-09  1.0216519E-07  6.8211449E-06  3.5136664E-10  2.0005896E-09  9.2048308E-07  2.3543589E-08  0.000E+00  0.0915  4.090065  -30.000  3.991593  8.202806  0.0000000E+00  1.1803936E-01  4.2535382E-01  0.0000000E+00  4.1165918E-14  4.5659182E-01  4.0931979E-13  1.5286017E-10  2.5474337E-06  1.1560854E-05  0.000E+00  0.000E+00  0.000E+00  1.000E+00  1.000E+00  2.54E+02  0.00E+00  0.00E+00  0.000000  0.005389  0.0000000E+00  0.0000000000E+00
319  3.844160056999331E+08    2.500000  2.698678  4.089709  7.5157700E-01  2.4837130E-01  1.2915521E-06  4.2970794E-09  1.0216519E-07  6.8211449E-06  3.5136664E-10  2.0005896E-09  9.2048308E-07  2.3543589E-08  0.000E+00  0.0917  4.089709  -30.000  3.994879  8.203927  0.0000000E+00  1.1423164E-01  4.2574524E-01  0.0000000E+00  2.4797336E-18  4.6000810E-01  2.4800978E-13  1.7442542E-12  2.5715892E-06  1.1560580E-05  0.000E+00  0.000E+00  0.000E+00  1.000E+00  1.000E+00  2.54E+02  0.00E+00  0.00E+00  0.000000  0.005381  0.0000000E+00  0.0000000000E+00
320  3.844710218640463E+08    2.500000  2.698904  4.088858  7.5157700E-01  2.4837130E-01  1.2915521E-06  4.2970794E-09  1.0216519E-07  6.8211449E-06  3.5136664E-10  2.0005896E-09  9.2048308E-07  2.3543589E-08  0.000E+00  0.0921  4.088858  -30.000  3.998132  8.205106  0.0000000E+00  1.1042392E-01  4.2602809E-01  0.0000000E+00  8.2157495E-23  4.6353296E-01  1.4684139E-13  1.5593013E-14  2.5970520E-06  1.1560099E-05  0.000E+00  0.000E+00  0.000E+00  1.000E+00  1.000E+00  2.53E+02  0.00E+00  0.00E+00  0.000000  0.005384  0.0000000E+00  0.0000000000E+00
321  3.845264733640459E+08    2.500000  2.699460  4.087955  7.5157700E-01  2.4837130E-01  1.2915521E-06  4.2970794E-09  1.0216519E-07  6.8211449E-06  3.5136664E-10  2.0005896E-09  9.2048308E-07  2.3543589E-08  0.000E+00  0.0924  4.087955  -30.000  4.001525  8.206255  0.0000000E+00  1.0661620E-01  4.2619507E-01  0.0000000E+00  1.5150999E-27  4.6717367E-01  8.4806666E-14  1.0849657E-16  2.6239416E-06  1.1559591E-05  0.000E+00  0.000E+00  0.000E+00  1.000E+00  1.000E+00  2.53E+02  0.00E+00  0.00E+00  0.000000  0.005391  0.0000000E+00  0.0000000000E+00
322  3.845824171905633E+08    2.500000  2.699989  4.087022  7.5157700E-01  2.4837130E-01  1.2915521E-06  4.2970794E-09  1.0216519E-07  6.8211449E-06  3.5136664E-10  2.0005896E-09  9.2048308E-07  2.3543589E-08  0.000E+00  0.0928  4.087022  -30.000  4.004979  8.207491  0.0000000E+00  1.0280848E-01  4.2623968E-01  0.0000000E+00  1.4518102E-32  4.7093678E-01  4.7678583E-14  5.7293375E-19  2.6523844E-06  1.1559055E-05  0.000E+00  0.000E+00  0.000E+00  1.000E+00  1.000E+00  2.52E+02  0.00E+00  0.00E+00  0.000000  0.005398  0.0000000E+00  0.0000000000E+00
323  3.846391833100082E+08    2.500000  2.700531  4.086035  7.5157700E-01  2.4837130E-01  1.2915521E-06  4.2970794E-09  1.0216519E-07  6.8211449E-06  3.5136664E-10  2.0005896E-09  9.2048308E-07  2.3543589E-08  0.000E+00  0.0930  4.086035  -30.000  4.008696  8.208684  0.0000000E+00  9.9000757E-02  4.2615337E-01  0.0000000E+00  5.9943686E-15  4.7483075E-01  2.6208382E-14  2.2937855E-13  2.6825377E-06  1.1558490E-05  0.000E+00  0.000E+00  0.000E+00  1.000E+00  1.000E+00  2.51E+02  0.00E+00  0.00E+00  0.000000  0.005404  0.0000000E+00  0.0000000000E+00
324  3.846973966052817E+08    2.500000  2.701109  4.084987  7.5157700E-01  2.4837130E-01  1.2915521E-06  4.2970794E-09  1.0216519E-07  6.8211449E-06  3.5136664E-10  2.0005896E-09  9.2048308E-07  2.3543589E-08  0.000E+00  0.0933  4.084987  -30.000  4.012536  8.209951  0.0000000E+00  9.5193036E-02  4.2592366E-01  0.0000000E+00  2.8262799E-14  4.7886815E-01  1.4574776E-14  9.3889305E-13  2.7146169E-06  1.1557890E-05  0.000E+00  0.000E+00  0.000E+00  1.000E+00  1.000E+00  2.51E+02  0.00E+00  0.00E+00  0.000000  0.005412  0.0000000E+00  0.0000000000E+00
325  3.847569239144916E+08    2.500000  2.701706  4.083870  7.5157700E-01  2.4837130E-01  1.2915521E-06  4.2970794E-09  1.0216519E-07  6.8211449E-06  3.5136664E-10  2.0005896E-09  9.2048308E-07  2.3543589E-08  0.000E+00  0.0935  4.083870  -30.000  4.016508  8.211300  0.0000000E+00  9.1385314E-02  4.2553983E-01  0.0000000E+00  9.8687538E-15  4.8305967E-01  8.6443093E-15  1.1225236E-12  2.7488285E-06  1.1557253E-05  0.000E+00  0.000E+00  0.000E+00  1.000E+00  1.000E+00  2.50E+02  0.00E+00  0.00E+00  0.000000  0.005419  0.0000000E+00  0.0000000000E+00
326  3.848163002451993E+08    2.500000  2.702326  4.082721  7.5157700E-01  2.4837130E-01  1.2915521E-06  4.2970794E-09  1.0216519E-07  6.8211449E-06  3.5136664E-10  2.0005896E-09  9.2048308E-07  2.3543589E-08  0.000E+00  0.0937  4.082721  -30.000  4.020742  8.212644  0.0000000E+00  8.7577593E-02  4.2500463E-01  0.0000000E+00  1.7428310E-14  4.8740255E-01  4.6722997E-15  1.2564588E-12  2.7852105E-06  1.1556579E-05  0.000E+00  0.000E+00  0.000E+00  1.000E+00  1.000E+00  2.49E+02  0.00E+00  0.00E+00  0.000000  0.005427  0.0000000E+00  0.0000000000E+00
327  3.848800429508044E+08    2.500000  2.702973  4.081414  7.5157700E-01  2.4837130E-01  1.2915521E-06  4.2970794E-09  1.0216519E-07  6.8211449E-06  3.5136664E-10  2.0005896E-09  9.2048308E-07  2.3543589E-08  0.000E+00  0.0941  4.081414  -30.000  4.025235  8.214132  0.0000000E+00  8.3769871E-02  4.2425816E-01  0.0000000E+00  1.6487824E-13  4.9195670E-01  5.4783270E-15  1.3305159E-11  2.8246723E-06  1.1555835E-05  0.000E+00  0.000E+00  0.000E+00  1.000E+00  1.000E+00  2.48E+02  0.00E+00  0.00E+00  0.000000  0.005435  0.0000000E+00  0.0000000000E+00
328  3.849406776019476E+08    2.500000  2.703702  4.080154  7.5157700E-01  2.4837130E-01  1.2915521E-06  4.2970794E-09  1.0216519E-07  6.8211449E-06  3.5136664E-10  2.0005896E-09  9.2048308E-07  2.3543589E-08  0.000E+00  0.0940  4.080154  -30.000  4.029780  8.215581  0.0000000E+00  7.9962150E-02  4.2337592E-01  0.0000000E+00  1.3346279E-18  4.9664663E-01  2.4806777E-15  8.3572644E-15  2.8662875E-06  1.1555086E-05  0.000E+00  0.000E+00  0.000E+00  1.000E+00  1.000E+00  2.48E+02  0.00E+00  0.00E+00  0.000000  0.005444  0.0000000E+00  0.0000000000E+00
329  3.850027772684013E+08    2.500000  2.704284  4.078767  7.5157700E-01  2.4837130E-01  1.2915521E-06  4.2970794E-09  1.0216519E-07  6.8211449E-06  3.5136664E-10  2.0005896E-09  9.2048308E-07  2.3543589E-08  0.000E+00  0.0943  4.078767  -30.000  4.034724  8.217145  0.0000000E+00  7.6154429E-02  4.2229168E-01  0.0000000E+00  2.5806647E-16  5.0153854E-01  1.2953730E-15  2.5896304E-13  2.9110798E-06  1.1554264E-05  0.000E+00  0.000E+00  0.000E+00  1.000E+00  1.000E+00  2.47E+02  0.00E+00  0.00E+00  0.000000  0.005451  0.0000000E+00  0.0000000000E+00
330  3.850666890392819E+08    2.500000  2.705042  4.077240  7.5157700E-01  2.4837130E-01  1.2915521E-06  4.2970794E-09  1.0216519E-07  6.8211449E-06  3.5136664E-10  2.0005896E-09  9.2048308E-07  2.3543589E-08  0.000E+00  0.0944  4.077240  -30.000  4.039902  8.218787  0.0000000E+00  7.2346707E-02  4.2098473E-01  0.0000000E+00  7.6157899E-16  5.0665316E-01  1.0806067E-15  5.9261584E-13  2.9595216E-06  1.1553378E-05  0.000E+00  0.000E+00  0.000E+00  1.000E+00  1.000E+00  2.46E+02  0.00E+00  0.00E+00  0.000000  0.005461  0.0000000E+00  0.0000000000E+00
331  3.851324352613685E+08    2.500000  2.705813  4.075597  7.5157700E-01  2.4837130E-01  1.2915521E-06  4.2970794E-09  1.0216519E-07  6.8211449E-06  3.5136664E-10  2.0005896E-09  9.2048308E-07  2.3543589E-08  0.000E+00  0.0946  4.075597  -30.000  4.045439  8.220495  0.0000000E+00  6.8538986E-02  4.1943455E-01  0.0000000E+00  2.7552729E-16  5.1201101E-01  1.2727969E-15  5.9094340E-13  3.0121042E-06  1.1552419E-05  0.000E+00  0.000E+00  0.000E+00  1.000E+00  1.000E+00  2.45E+02  0.00E+00  0.00E+00  0.000000  0.005471  0.0000000E+00  0.0000000000E+00
332  3.851982557399379E+08    2.500000  2.706617  4.073875  7.5157700E-01  2.4837130E-01  1.2915521E-06  4.2970794E-09  1.0216519E-07  6.8211449E-06  3.5136664E-10  2.0005896E-09  9.2048308E-07  2.3543589E-08  0.000E+00  0.0949  4.073875  -30.000  4.051041  8.222352  0.0000000E+00  6.4731264E-02  4.1765653E-01  0.0000000E+00  7.0308122E-14  5.1759669E-01  8.6854332E-16  3.4176320E-12  3.0688288E-06  1.1551383E-05  0.000E+00  0.000E+00  0.000E+00  1.000E+00  1.000E+00  2.44E+02  0.00E+00  0.00E+00  0.000000  0.005481  0.0000000E+00  0.0000000000E+00
333  3.852689887286130E+08    2.500000  2.707563  4.071966  7.5157700E-01  2.4837130E-01  1.2915521E-06  4.2970794E-09  1.0216519E-07  6.8211449E-06  3.5136664E-10  2.0005896E-09  9.2048308E-07  2.3543589E-08  0.000E+00  0.0949  4.071966  -30.000  4.057194  8.224228  0.0000000E+00  6.0923543E-02  4.1553004E-01  0.0000000E+00  4.7837553E-20  5.2353085E-01  2.1170518E-15  3.1156583E-14  3.1318826E-06  1.1550243E-05  0.000E+00  0.000E+00  0.000E+00  1.000E+00  1.000E+00  2.42E+02  0.00E+00  0.00E+00  0.000000  0.005493  0.0000000E+00  0.0000000000E+00
334  3.853370138418701E+08    2.500000  2.708336  4.070041  7.5157700E-01  2.4837130E-01  1.2915521E-06  4.2970794E-09  1.0216519E-07  6.8211449E-06  3.5136664E-10  2.0005896E-09  9.2048308E-07  2.3543589E-08  0.000E+00  0.0949  4.070041  -30.000  4.063796  8.226195  0.0000000E+00  5.7115821E-02  4.1321024E-01  0.0000000E+00  5.6882734E-18  5.2965830E-01  6.3913638E-16  7.0345212E-15  3.1990897E-06  1.1549025E-05  0.000E+00  0.000E+00  0.000E+00  1.000E+00  1.000E+00  2.41E+02  0.00E+00  0.00E+00  0.000000  0.005502  0.0000000E+00  0.0000000000E+00
335  3.854158088450406E+08    2.500000  2.709364  4.067567  7.5157700E-01  2.4837130E-01  1.2915521E-06  4.2970794E-09  1.0216519E-07  6.8211449E-06  3.5136664E-10  2.0005896E-09  9.2048308E-07  2.3543589E-08  0.000E+00  0.0954  4.067567  -30.000  4.071036  8.228460  0.0000000E+00  5.3308100E-02  4.1027619E-01  0.0000000E+00  1.4838975E-13  5.3640000E-01  1.3862894E-14  4.6951775E-11  3.2779816E-06  1.1547542E-05  0.000E+00  0.000E+00  0.000E+00  1.000E+00  1.000E+00  2.40E+02  0.00E+00  0.00E+00  0.000000  0.005515  0.0000000E+00  0.0000000000E+00
336  3.854870105415106E+08    2.500000  2.710496  4.065449  7.5157700E-01  2.4837130E-01  1.2915521E-06  4.2970794E-09  1.0216519E-07  6.8211449E-06  3.5136664E-10  2.0005896E-09  9.2048308E-07  2.3543589E-08  0.000E+00  0.0949  4.065449  -30.000  4.077847  8.230635  0.0000000E+00  4.9500379E-02  4.0730251E-01  0.0000000E+00  8.1199010E-28  5.4318131E-01  3.3442065E-15  3.8671174E-17  3.3593534E-06  1.1546128E-05  0.000E+00  0.000E+00  0.000E+00  1.000E+00  1.000E+00  2.38E+02  0.00E+00  0.00E+00  0.000000  0.005530  0.0000000E+00  0.0000000000E+00
337  3.855602185599754E+08    2.500000  2.711233  4.062958  7.5157700E-01  2.4837130E-01  1.2915521E-06  4.2970794E-09  1.0216519E-07  6.8211449E-06  3.5136664E-10  2.0005896E-09  9.2048308E-07  2.3543589E-08  0.000E+00  0.0950  4.062958  -30.000  4.085900  8.233036  0.0000000E+00  4.5692657E-02  4.0394978E-01  0.0000000E+00  1.4151477E-31  5.5034166E-01  7.1033063E-16  2.0346535E-20  3.4495071E-06  1.1544499E-05  0.000E+00  0.000E+00  0.000E+00  1.000E+00  1.000E+00  2.37E+02  0.00E+00  0.00E+00  0.000000  0.005539  0.0000000E+00  0.0000000000E+00
338  3.856358534939343E+08    2.500000  2.712368  4.060124  7.5157700E-01  2.4837130E-01  1.2915521E-06  4.2970794E-09  1.0216519E-07  6.8211449E-06  3.5136664E-10  2.0005896E-09  9.2048308E-07  2.3543589E-08  0.000E+00  0.0948  4.060124  -30.000  4.094643  8.235538  0.0000000E+00  4.1884936E-02  4.0018483E-01  0.0000000E+00  1.5888489E-21  5.5791424E-01  1.3213766E-16  9.6672234E-18  3.5499626E-06  1.1542681E-05  0.000E+00  0.000E+00  0.000E+00  1.000E+00  1.000E+00  2.35E+02  0.00E+00  0.00E+00  0.000000  0.005554  0.0000000E+00  0.0000000000E+00
339  3.857133837401515E+08    2.500000  2.713519  4.057029  7.5157700E-01  2.4837130E-01  1.2915521E-06  4.2970794E-09  1.0216519E-07  6.8211449E-06  3.5136664E-10  2.0005896E-09  9.2048308E-07  2.3543589E-08  0.000E+00  0.0946  4.057029  -30.000  4.103992  8.238323  0.0000000E+00  3.8077214E-02  3.9596917E-01  0.0000000E+00  2.4231448E-28  5.6593750E-01  2.0241163E-17  3.6480648E-22  3.6625158E-06  1.1540643E-05  0.000E+00  0.000E+00  0.000E+00  1.000E+00  1.000E+00  2.33E+02  0.00E+00  0.00E+00  0.000000  0.005568  0.0000000E+00  0.0000000000E+00
340  3.857933634248118E+08    2.500000  2.714755  4.053558  7.5157700E-01  2.4837130E-01  1.2915521E-06  4.2970794E-09  1.0216519E-07  6.8211449E-06  3.5136664E-10  2.0005896E-09  9.2048308E-07  2.3543589E-08  0.000E+00  0.0944  4.053558  -30.000  4.114056  8.241325  0.0000000E+00  3.4269493E-02  3.9125737E-01  0.0000000E+00  4.5514138E-37  5.7445690E-01  2.5194894E-18  2.0255924E-27  3.7895292E-06  1.1538334E-05  0.000E+00  0.000E+00  0.000E+00  1.000E+00  1.000E+00  2.31E+02  0.00E+00  0.00E+00  0.000000  0.005584  0.0000000E+00  0.0000000000E+00
341  3.858761275535812E+08    2.500000  2.716065  4.049662  7.5157700E-01  2.4837130E-01  1.2915521E-06  4.2970794E-09  1.0216519E-07  6.8211449E-06  3.5136664E-10  2.0005896E-09  9.2048308E-07  2.3543589E-08  0.000E+00  0.0940  4.049662  -30.000  4.125336  8.244558  0.0000000E+00  3.0461771E-02  3.8599836E-01  0.0000000E+00  5.1629439E-39  5.8352349E-01  2.4867277E-19  2.4561729E-25  3.9339534E-06  1.1535700E-05  0.000E+00  0.000E+00  0.000E+00  1.000E+00  1.000E+00  2.29E+02  0.00E+00  0.00E+00  0.000000  0.005601  0.0000000E+00  0.0000000000E+00
342  3.859612018639212E+08    2.500000  2.717439  4.045260  7.5157700E-01  2.4837130E-01  1.2915521E-06  4.2970794E-09  1.0216519E-07  6.8211449E-06  3.5136664E-10  2.0005896E-09  9.2048308E-07  2.3543589E-08  0.000E+00  0.0937  4.045260  -30.000  4.137721  8.248167  0.0000000E+00  2.6654050E-02  3.8013755E-01  0.0000000E+00  1.2356708E-64  5.9319185E-01  1.7958294E-20  1.6373003E-36  4.0995666E-06  1.1532659E-05  0.000E+00  0.000E+00  0.000E+00  1.000E+00  1.000E+00  2.27E+02  0.00E+00  0.00E+00  0.000000  0.005619  0.0000000E+00  0.0000000000E+00
343  3.860505202067658E+08    2.500000  2.718978  4.040118  7.5157700E-01  2.4837130E-01  1.2915521E-06  4.2970794E-09  1.0216519E-07  6.8211449E-06  3.5136664E-10  2.0005896E-09  9.2048308E-07  2.3543589E-08  0.000E+00  0.0929  4.040118  -30.000  4.151748  8.252174  0.0000000E+00  2.2846329E-02  3.7361070E-01  0.0000000E+00  4.4774646E-63  6.0352624E-01  9.7671519E-22  4.5021235E-38  4.2915244E-06  1.1529103E-05  0.000E+00  0.000E+00  0.000E+00  1.000E+00  1.000E+00  2.24E+02  0.00E+00  0.00E+00  0.000000  0.005639  0.0000000E+00  0.0000000000E+00
344  3.861429432048463E+08    2.500000  2.720554  4.034112  7.5157700E-01  2.4837130E-01  1.2915521E-06  4.2970794E-09  1.0216519E-07  6.8211449E-06  3.5136664E-10  2.0005896E-09  9.2048308E-07  2.3543589E-08  0.000E+00  0.0918  4.034112  -30.000  4.167807  8.256739  0.0000000E+00  1.9038607E-02  3.6635814E-01  0.0000000E+00  0.0000000E+00  6.1458628E-01  3.2358078E-23  2.2709615E-48  4.5162929E-06  1.1524888E-05  0.000E+00  0.000E+00  0.000E+00  1.000E+00  1.000E+00  2.20E+02  0.00E+00  0.00E+00  0.000000  0.005660  0.0000000E+00  0.0000000000E+00
345  3.862385411388339E+08    2.500000  2.722132  4.026775  7.5157700E-01  2.4837130E-01  1.2915521E-06  4.2970794E-09  1.0216519E-07  6.8211449E-06  3.5136664E-10  2.0005896E-09  9.2048308E-07  2.3543589E-08  0.000E+00  0.0901  4.026775  -30.000  4.187073  8.262081  0.0000000E+00  1.5230886E-02  3.5830923E-01  0.0000000E+00  0.0000000E+00  6.2644265E-01  6.3365908E-25  8.1132338E-58  4.7832404E-06  1.1519788E-05  0.000E+00  0.000E+00  0.000E+00  1.000E+00  1.000E+00  2.17E+02  0.00E+00  0.00E+00  0.000000  0.005680  0.0000000E+00  0.0000000000E+00
346  3.863379742595143E+08    2.500000  2.723696  4.017352  7.5157700E-01  2.4837130E-01  1.2915521E-06  4.2970794E-09  1.0216519E-07  6.8211449E-06  3.5136664E-10  2.0005896E-09  9.2048308E-07  2.3543589E-08  0.000E+00  0.0881  4.017352  -30.000  4.211253  8.268675  0.0000000E+00  1.1423164E-02  3.4940071E-01  0.0000000E+00  0.0000000E+00  6.3915857E-01  6.2923282E-27  2.1882456E-70  5.1057432E-06  1.1513432E-05  0.000E+00  0.000E+00  0.000E+00  1.000E+00  1.000E+00  2.12E+02  0.00E+00  0.00E+00  0.000000  0.005700  0.0000000E+00  0.0000000000E+00
347  3.864407609496072E+08    2.500000  2.724953  4.004279  7.5157700E-01  2.4837130E-01  1.2915521E-06  4.2970794E-09  1.0216519E-07  6.8211449E-06  3.5136664E-10  2.0005896E-09  9.2048308E-07  2.3543589E-08  0.000E+00  0.0856  4.004279  -30.000  4.244137  8.277386  0.0000000E+00  7.6154429E-03  3.3959943E-01  0.0000000E+00  0.0000000E+00  6.5276718E-01  2.4757275E-29  0.0000000E+00  5.5043923E-06  1.1505141E-05  0.000E+00  0.000E+00  0.000E+00  1.000E+00  1.000E+00  2.05E+02  0.00E+00  0.00E+00  0.000000  0.005717  0.0000000E+00  0.0000000000E+00
348  3.865588352974365E+08    2.500000  2.726036  3.981134  7.5157700E-01  2.4837130E-01  1.2915521E-06  4.2970794E-09  1.0216519E-07  6.8211449E-06  3.5136664E-10  2.0005896E-09  9.2048308E-07  2.3543589E-08  0.000E+00  0.0852  3.981134  -30.000  4.296266  8.291182  0.0000000E+00  3.8077215E-03  3.2891788E-01  0.0000000E+00  0.0000000E+00  6.6725592E-01  1.1820463E-29  0.0000000E+00  6.0241021E-06  1.1493079E-05  0.000E+00  0.000E+00  0.000E+00  1.000E+00  1.000E+00  1.95E+02  0.00E+00  0.00E+00  0.000000  0.005731  0.0000000E+00  0.0000000000E+00
349  3.866918930518880E+08    2.500000  2.707249  3.920789  7.5157700E-01  2.4837130E-01  1.2915521E-06  4.2970794E-09  1.0216519E-07  6.8211449E-06  3.5136664E-10  2.0005896E-09  9.2048308E-07  2.3543589E-08  0.000E+00  0.0093  3.920789    0.000  4.484166  8.323428  0.0000000E+00  5.5056750E-05  3.1781068E-01  0.0000000E+00  0.0000000E+00  6.8211501E-01  1.0970202E-33  0.0000000E+00  6.7935030E-06  1.1470468E-05  0.000E+00  0.000E+00  0.000E+00  1.000E+00  1.000E+00  1.71E+02  0.00E+00  0.00E+00  0.000000  0.005489  0.0000000E+00  0.0000000000E+00
350  3.867469539736772E+08    2.500000  2.730511  3.864247  7.5157700E-01  2.4837130E-01  1.2915521E-06  4.2970794E-09  1.0216519E-07  6.8211449E-06  3.5136664E-10  2.0005896E-09  9.2048308E-07  2.3543589E-08  0.000E+00  0.0000  3.864247  -30.000  4.600598  8.290259  0.0000000E+00  3.6504390E-11  3.1764552E-01  0.0000000E+00  0.0000000E+00  6.8233520E-01  8.8646462E-34  0.0000000E+00  6.8163830E-06  1.1469701E-05  0.000E+00  0.000E+00  0.000E+00  1.000E+00  1.000E+00  1.48E+02  0.00E+00  0.00E+00  0.000000  0.005791  0.0000000E+00  0.0000000000E+00
351  3.868804880203759E+08    2.500000  2.740975  3.872400  7.5157700E-01  2.4837130E-01  1.2915521E-06  4.2970794E-09  1.0216519E-07  6.8211449E-06  3.5136664E-10  2.0005896E-09  9.2048308E-07  2.3543589E-08  0.000E+00  0.0000  3.872400  -30.000  4.738594  8.258250  0.0000000E+00  4.7707198E-18  3.1764552E-01  0.0000000E+00  0.0000000E+00  6.8233520E-01  8.8646462E-34  0.0000000E+00  6.8163830E-06  1.1469701E-05  0.000E+00  0.000E+00  0.000E+00  1.000E+00  1.000E+00  1.50E+02  0.00E+00  0.00E+00  0.000000  0.005932  0.0000000E+00  0.0000000000E+00
352  3.870140220670745E+08    2.500000  2.734817  3.852568  7.5157700E-01  2.4837130E-01  1.2915521E-06  4.2970794E-09  1.0216519E-07  6.8211449E-06  3.5136664E-10  2.0005896E-09  9.2048308E-07  2.3543589E-08  0.000E+00  0.0000  3.852568  -30.000  4.820498  8.248781  0.0000000E+00  1.5684777E-22  3.1764552E-01  0.0000000E+00  0.0000000E+00  6.8233520E-01  8.8646462E-34  0.0000000E+00  6.8163830E-06  1.1469701E-05  0.000E+00  0.000E+00  0.000E+00  1.000E+00  1.000E+00  1.44E+02  0.00E+00  0.00E+00  0.000000  0.005848  0.0000000E+00  0.0000000000E+00
353  3.871475561137732E+08    2.500000  2.732067  3.816384  7.5157700E-01  2.4837130E-01  1.2915521E-06  4.2970794E-09  1.0216519E-07  6.8211449E-06  3.5136664E-10  2.0005896E-09  9.2048308E-07  2.3543589E-08  0.000E+00  0.0000  3.816384  -30.000  4.883864  8.247654  0.0000000E+00  6.6897141E-27  3.1764552E-01  0.0000000E+00  0.0000000E+00  6.8233520E-01  8.8646462E-34  0.0000000E+00  6.8163830E-06  1.1469701E-05  0.000E+00  0.000E+00  0.000E+00  1.000E+00  1.000E+00  1.33E+02  0.00E+00  0.00E+00  0.000000  0.005812  0.0000000E+00  0.0000000000E+00
354  3.872810901604719E+08    2.499924  2.728347  3.768325  7.5157700E-01  2.4837130E-01  1.2915521E-06  4.2970794E-09  1.0216519E-07  6.8211449E-06  3.5136664E-10  2.0005896E-09  9.2048308E-07  2.3543589E-08  0.000E+00  0.0000  3.768325   -9.018  4.940208  8.251242  0.0000000E+00  3.8119480E-32  3.1764552E-01  0.0000000E+00  0.0000000E+00  6.8233520E-01  8.8646462E-34  0.0000000E+00  6.8163830E-06  1.1469701E-05  0.000E+00  0.000E+00  0.000E+00  1.000E+00  1.000E+00  1.19E+02  0.00E+00  0.00E+00  0.000000  0.005762  0.0000000E+00  0.0000000000E+00
355  3.874146242071705E+08    2.499785  2.720309  3.735130  7.5157700E-01  2.4837130E-01  1.2915521E-06  4.2970794E-09  1.0216519E-07  6.8211449E-06  3.5136664E-10  2.0005896E-09  9.2048308E-07  2.3543589E-08  0.000E+00  0.0000  3.735130   -8.963  4.995841  8.258526  0.0000000E+00  2.9851085E-39  3.1764552E-01  0.0000000E+00  0.0000000E+00  6.8233520E-01  8.8646462E-34  0.0000000E+00  6.8163830E-06  1.1469701E-05  0.000E+00  0.000E+00  0.000E+00  1.000E+00  1.000E+00  1.11E+02  0.00E+00  0.00E+00  0.000000  0.005657  0.0000000E+00  0.0000000000E+00
356  3.875481582538692E+08    2.499635  2.714051  3.718210  7.5157580E-01  2.4837130E-01  1.2915521E-06  4.2970794E-09  1.0216519E-07  6.8211449E-06  3.5136664E-10  2.0005896E-09  9.2048308E-07  2.3543589E-08  0.000E+00  0.0000  3.718210   -8.939  5.054259  8.268674  0.0000000E+00  1.6468442E-49  3.1764552E-01  0.0000000E+00  0.0000000E+00  6.8233520E-01  8.8646462E-34  0.0000000E+00  6.8163830E-06  1.1469701E-05  0.000E+00  0.000E+00  0.000E+00  1.000E+00  1.000E+00  1.07E+02  0.00E+00  0.00E+00  0.000000  0.005576  0.0000000E+00  0.0000000000E+00
357  3.876816923005679E+08    2.499474  2.732009  3.708278  7.5150150E-01  2.4837200E-01  1.2915166E-06  4.3353385E-09  1.0216573E-07  6.8211449E-06  3.5136664E-10  2.0005865E-09  9.2048308E-07  2.3543589E-08  0.000E+00  0.0000  3.708278   -8.893  5.118621  8.281595  0.0000000E+00  2.3048903E-65  3.1764552E-01  0.0000000E+00  0.0000000E+00  6.8233520E-01  8.8646462E-34  0.0000000E+00  6.8163830E-06  1.1469701E-05  0.000E+00  0.000E+00  0.000E+00  1.000E+00  1.000E+00  1.03E+02  0.00E+00  0.00E+00  0.000000  0.005812  0.0000000E+00  0.0000000000E+00
358  3.878152263472665E+08    2.499284  2.784298  3.700203  7.5106169E-01  2.4869808E-01  1.2600080E-06  2.9140772E-08  1.1230886E-07  6.8211431E-06  3.5337507E-10  1.9947952E-09  9.2048308E-07  2.3543589E-08  0.000E+00  0.0000  3.700203   -8.797  5.190589  8.296550  0.0000000E+00  0.0000000E+00  3.1764552E-01  0.0000000E+00  0.0000000E+00  6.8233520E-01  8.8646462E-34  0.0000000E+00  6.8163830E-06  1.1469701E-05  0.000E+00  0.000E+00  0.000E+00  1.000E+00  1.000E+00  9.85E+01  0.00E+00  0.00E+00  0.000000  0.006554  0.0000000E+00  0.0000000000E+00
359  3.879487603939652E+08    2.499043  2.853666  3.695119  7.4989863E-01  2.4988955E-01  9.5533865E-07  4.2856593E-08  4.5322896E-07  6.8209400E-06  5.7328630E-10  1.7756563E-09  9.2048308E-07  2.3543589E-08  0.000E+00  0.0000  3.695119   -8.681  5.269773  8.312468  0.0000000E+00  6.0178127E-23  3.1764552E-01  0.0000000E+00  0.0000000E+00  6.8233520E-01  8.8646462E-34  0.0000000E+00  6.8163830E-06  1.1469701E-05  0.000E+00  0.000E+00  0.000E+00  1.000E+00  1.000E+00  9.35E+01  0.00E+00  0.00E+00  0.000000  0.007685  0.0000000E+00  0.0000000000E+00
360  3.880822944406638E+08    2.498702  2.962430  3.688424  7.4703770E-01  2.5278010E-01  7.2706733E-07  3.2788664E-08  7.3075496E-07  6.8123929E-06  9.6542578E-09  1.3563592E-09  9.2048308E-07  2.3543589E-08  0.000E+00  0.0000  3.688424   -8.505  5.347377  8.323057  0.0000000E+00  1.2074875E-22  3.1764552E-01  0.0000000E+00  0.0000000E+00  6.8233520E-01  8.8646462E-34  0.0000000E+00  6.8163830E-06  1.1469701E-05  0.000E+00  0.000E+00  0.000E+00  1.000E+00  1.000E+00  8.65E+01  0.00E+00  0.00E+00  0.000000  0.009857  0.0000000E+00  0.0000000000E+00
361  3.882158284873625E+08    2.498224  3.035117  3.686960  7.4492380E-01  2.5490785E-01  6.6100998E-07  2.9893612E-08  8.1271267E-07  6.7852016E-06  3.6516485E-08  1.2398302E-09  9.2048308E-07  2.3543589E-08  0.000E+00  0.0000  3.686960   -8.395  5.420068  8.327158  0.0000000E+00  1.6385355E-22  3.1764552E-01  0.0000000E+00  0.0000000E+00  6.8233520E-01  8.8646462E-34  0.0000000E+00  6.8163830E-06  1.1469701E-05  0.000E+00  0.000E+00  0.000E+00  1.000E+00  1.000E+00  8.27E+01  0.00E+00  0.00E+00  0.000000  0.011641  0.0000000E+00  0.0000000000E+00
362  3.883493625340612E+08    2.497611  3.104443  3.684101  7.4307345E-01  2.5676635E-01  6.2455476E-07  2.8317940E-08  8.7215770E-07  6.7297056E-06  7.7064299E-08  1.1829997E-09  9.2048308E-07  2.3543589E-08  0.000E+00  0.0000  3.684101   -8.284  5.494033  8.329038  0.0000000E+00  1.9294797E-22  3.1764552E-01  0.0000000E+00  0.0000000E+00  6.8233520E-01  8.8646462E-34  0.0000000E+00  6.8163830E-06  1.1469701E-05  0.000E+00  0.000E+00  0.000E+00  1.000E+00  1.000E+00  7.89E+01  0.00E+00  0.00E+00  0.000000  0.013645  0.0000000E+00  0.0000000000E+00
363  3.884828965807598E+08    2.496813  3.178179  3.680591  7.4125770E-01  2.5858790E-01  5.9935274E-07  2.7306094E-08  1.0015525E-06  6.6069050E-06  8.7489016E-08  1.1382298E-09  9.2048308E-07  2.3543589E-08  0.000E+00  0.0000  3.680591   -8.166  5.573072  8.330213  0.0000000E+00  2.1838527E-22  3.1764552E-01  0.0000000E+00  0.0000000E+00  6.8233520E-01  8.8646462E-34  0.0000000E+00  6.8163830E-06  1.1469701E-05  0.000E+00  0.000E+00  0.000E+00  1.000E+00  1.000E+00  7.50E+01  0.00E+00  0.00E+00  0.000000  0.016158  0.0000000E+00  0.0000000000E+00
364  3.886164306274585E+08    2.495746  3.262863  3.676853  7.3966228E-01  2.6018712E-01  5.8297360E-07  2.6714759E-08  1.1730436E-06  6.4353905E-06  8.5491138E-08  1.1059887E-09  9.2048308E-07  2.3543589E-08  0.000E+00  0.0000  3.676853   -8.032  5.660604  8.330668  0.0000000E+00  2.3825509E-22  3.1764552E-01  0.0000000E+00  0.0000000E+00  6.8233520E-01  8.8646462E-34  0.0000000E+00  6.8163830E-06  1.1469701E-05  0.000E+00  0.000E+00  0.000E+00  1.000E+00  1.000E+00  7.08E+01  0.00E+00  0.00E+00  0.000000  0.019627  0.0000000E+00  0.0000000000E+00
365  3.887499646741571E+08    2.494250  3.367437  3.671444  7.3802120E-01  2.6183140E-01  5.7014432E-07  2.6265817E-08  1.3164252E-06  6.2909791E-06  8.3607505E-08  1.0805157E-09  9.2048308E-07  2.3543589E-08  0.000E+00  0.0000  3.671444   -7.866  5.763139  8.329983  0.0000000E+00  2.4554550E-22  3.1764552E-01  0.0000000E+00  0.0000000E+00  6.8233520E-01  8.8646462E-34  0.0000000E+00  6.8163830E-06  1.1469701E-05  0.000E+00  0.000E+00  0.000E+00  1.000E+00  1.000E+00  6.58E+01  0.00E+00  0.00E+00  0.000000  0.024962  0.0000000E+00  0.0000000000E+00
366  3.888834987208558E+08    2.491971  3.491800  3.663855  7.3639450E-01  2.6346040E-01  5.6082096E-07  2.5945610E-08  1.4210035E-06  6.1856045E-06  8.2224167E-08  1.0619533E-09  9.2048308E-07  2.3543589E-08  0.000E+00  0.0000  3.663855   -7.663  5.889985  8.325134  0.0000000E+00  2.0052359E-22  3.1764552E-01  0.0000000E+00  0.0000000E+00  6.8233520E-01  8.8646462E-34  0.0000000E+00  6.8163830E-06  1.1469701E-05  0.000E+00  0.000E+00  0.000E+00  1.000E+00  1.000E+00  6.02E+01  0.00E+00  0.00E+00  0.000000  0.033238  0.0000000E+00  0.0000000000E+00
367  3.890170327675545E+08    2.488125  3.648536  3.655406  7.3464111E-01  2.6521539E-01  5.5433885E-07  2.5725730E-08  1.4939055E-06  6.1121267E-06  8.1253032E-08  1.0490213E-09  9.2048308E-07  2.3543589E-08  0.000E+00  0.0000  3.655406   -7.411  6.054277  8.306861  0.0000000E+00  7.7283665E-23  3.1764552E-01  0.0000000E+00  0.0000000E+00  6.8233520E-01  8.8646462E-34  0.0000000E+00  6.8163830E-06  1.1469701E-05  0.000E+00  0.000E+00  0.000E+00  1.000E+00  1.000E+00  5.39E+01  0.00E+00  0.00E+00  0.000000  0.047709  0.0000000E+00  0.0000000000E+00
368  3.891505668142532E+08    2.480656  3.845199  3.648590  7.3243390E-01  2.6742370E-01  5.4994013E-07  2.5578592E-08  1.5434899E-06  6.0621378E-06  8.0588708E-08  1.0402301E-09  9.2048308E-07  2.3543589E-08  0.000E+00  0.0000  3.648590   -7.100  6.287228  8.253950  0.0000000E+00  0.0000000E+00  3.1764552E-01  0.0000000E+00  0.0000000E+00  6.8233520E-01  8.8646462E-34  0.0000000E+00  6.8163830E-06  1.1469701E-05  0.000E+00  0.000E+00  0.000E+00  1.000E+00  1.000E+00  4.73E+01  0.00E+00  0.00E+00  0.000000  0.075165  0.0000000E+00  0.0000000000E+00
369  3.892841008609518E+08    2.465630  3.898240  3.645612  7.3186120E-01  2.6799660E-01  5.4915118E-07  2.5552095E-08  1.5523862E-06  6.0531689E-06  8.0469326E-08  1.0386538E-09  9.2048308E-07  2.3543589E-08  0.000E+00  0.0000  3.645612   -7.012  6.611152  8.139794  0.0000000E+00  0.0000000E+00  3.1764552E-01  0.0000000E+00  0.0000000E+00  6.8233520E-01  8.8646462E-34  0.0000000E+00  6.8163830E-06  1.1469701E-05  0.000E+00  0.000E+00  0.000E+00  1.000E+00  1.000E+00  4.54E+01  0.00E+00  0.00E+00  0.000000  0.085419  0.0000000E+00  0.0000000000E+00
370  3.894176349076505E+08    2.443003  4.146284  3.605346  7.2895700E-01  2.6987140E-01  1.0110218E-03  3.1413424E-08  1.6999467E-06  2.3830621E-05  8.0063845E-08  1.7534339E-09  9.2149535E-07  1.6450498E-06  0.000E+00  0.0000  3.605346   -6.555  6.771936  8.017461  0.0000000E+00  0.0000000E+00  3.1764552E-01  0.0000000E+00  0.0000000E+00  6.8233520E-01  8.8646462E-34  0.0000000E+00  6.8163830E-06  1.1469701E-05  0.000E+00  0.000E+00  0.000E+00  1.000E+00  1.000E+00  3.57E+01  0.00E+00  0.00E+00  0.000000  0.152360  0.0000000E+00  0.0000000000E+00
371  3.894176349076505E+08    2.443003  4.146284  3.605346  7.2895700E-01  2.6987140E-01  1.0110218E-03  3.1413424E-08  1.6999467E-06  2.3830621E-05  8.0063845E-08  1.7534339E-09  9.2149535E-07  1.6450498E-06  0.000E+00  0.0000  3.605346   -6.555  6.771936  8.017461  0.0000000E+00  0.0000000E+00  3.1764552E-01  0.0000000E+00  0.0000000E+00  6.8233520E-01  8.8646462E-34  0.0000000E+00  6.8163830E-06  1.1469701E-05  0.000E+00  0.000E+00  0.000E+00  1.000E+00  1.000E+00  3.57E+01  0.00E+00  0.00E+00  0.000000  0.152360  0.0000000E+00  0.0000000000E+00
372  3.894176349076505E+08    2.443003  4.146284  3.605346  7.2895700E-01  2.6987140E-01  1.0110218E-03  3.1413424E-08  1.6999467E-06  2.3830621E-05  8.0063845E-08  1.7534339E-09  9.2149535E-07  1.6450498E-06  0.000E+00  0.0000  3.605346   -6.555  6.771936  8.017461  0.0000000E+00  0.0000000E+00  3.1764552E-01  0.0000000E+00  0.0000000E+00  6.8233520E-01  8.8646462E-34  0.0000000E+00  6.8163830E-06  1.1469701E-05  0.000E+00  0.000E+00  0.000E+00  1.000E+00  1.000E+00  3.57E+01  0.00E+00  0.00E+00  0.000000  0.152360  0.0000000E+00  0.0000000000E+00
373  3.894176349076505E+08    2.443003  4.146284  3.605346  7.2895700E-01  2.6987140E-01  1.0110218E-03  3.1413424E-08  1.6999467E-06  2.3830621E-05  8.0063845E-08  1.7534339E-09  9.2149535E-07  1.6450498E-06  0.000E+00  0.0000  3.605346   -6.555  6.771936  8.017461  0.0000000E+00  0.0000000E+00  3.1764552E-01  0.0000000E+00  0.0000000E+00  6.8233520E-01  8.8646462E-34  0.0000000E+00  6.8163830E-06  1.1469701E-05  0.000E+00  0.000E+00  0.000E+00  1.000E+00  1.000E+00  3.57E+01  0.00E+00  0.00E+00  0.000000  0.152360  0.0000000E+00  0.0000000000E+00
374  3.894176349076505E+08    2.443003  4.146284  3.605346  7.2895700E-01  2.6987140E-01  1.0110218E-03  3.1413424E-08  1.6999467E-06  2.3830621E-05  8.0063845E-08  1.7534339E-09  9.2149535E-07  1.6450498E-06  0.000E+00  0.0000  3.605346   -6.555  6.771936  8.017461  0.0000000E+00  0.0000000E+00  3.1764552E-01  0.0000000E+00  0.0000000E+00  6.8233520E-01  8.8646462E-34  0.0000000E+00  6.8163830E-06  1.1469701E-05  0.000E+00  0.000E+00  0.000E+00  1.000E+00  1.000E+00  3.57E+01  0.00E+00  0.00E+00  0.000000  0.152360  0.0000000E+00  0.0000000000E+00
375  3.894176349076505E+08    2.443003  4.146284  3.605346  7.2895700E-01  2.6987140E-01  1.0110218E-03  3.1413424E-08  1.6999467E-06  2.3830621E-05  8.0063845E-08  1.7534339E-09  9.2149535E-07  1.6450498E-06  0.000E+00  0.0000  3.605346   -6.555  6.771936  8.017461  0.0000000E+00  0.0000000E+00  3.1764552E-01  0.0000000E+00  0.0000000E+00  6.8233520E-01  8.8646462E-34  0.0000000E+00  6.8163830E-06  1.1469701E-05  0.000E+00  0.000E+00  0.000E+00  1.000E+00  1.000E+00  3.57E+01  0.00E+00  0.00E+00  0.000000  0.152360  0.0000000E+00  0.0000000000E+00
376  3.894176349076505E+08    2.443003  4.146284  3.605346  7.2895700E-01  2.6987140E-01  1.0110218E-03  3.1413424E-08  1.6999467E-06  2.3830621E-05  8.0063845E-08  1.7534339E-09  9.2149535E-07  1.6450498E-06  0.000E+00  0.0000  3.605346   -6.555  6.771936  8.017461  0.0000000E+00  0.0000000E+00  3.1764552E-01  0.0000000E+00  0.0000000E+00  6.8233520E-01  8.8646462E-34  0.0000000E+00  6.8163830E-06  1.1469701E-05  0.000E+00  0.000E+00  0.000E+00  1.000E+00  1.000E+00  3.57E+01  0.00E+00  0.00E+00  0.000000  0.152360  0.0000000E+00  0.0000000000E+00
377  3.894176349076505E+08    2.443003  4.146284  3.605346  7.2895700E-01  2.6987140E-01  1.0110218E-03  3.1413424E-08  1.6999467E-06  2.3830621E-05  8.0063845E-08  1.7534339E-09  9.2149535E-07  1.6450498E-06  0.000E+00  0.0000  3.605346   -6.555  6.771936  8.017461  0.0000000E+00  0.0000000E+00  3.1764552E-01  0.0000000E+00  0.0000000E+00  6.8233520E-01  8.8646462E-34  0.0000000E+00  6.8163830E-06  1.1469701E-05  0.000E+00  0.000E+00  0.000E+00  1.000E+00  1.000E+00  3.57E+01  0.00E+00  0.00E+00  0.000000  0.152360  0.0000000E+00  0.0000000000E+00
378  3.894176349076505E+08    2.443003  4.146284  3.605346  7.2895700E-01  2.6987140E-01  1.0110218E-03  3.1413424E-08  1.6999467E-06  2.3830621E-05  8.0063845E-08  1.7534339E-09  9.2149535E-07  1.6450498E-06  0.000E+00  0.0000  3.605346   -6.555  6.771936  8.017461  0.0000000E+00  0.0000000E+00  3.1764552E-01  0.0000000E+00  0.0000000E+00  6.8233520E-01  8.8646462E-34  0.0000000E+00  6.8163830E-06  1.1469701E-05  0.000E+00  0.000E+00  0.000E+00  1.000E+00  1.000E+00  3.57E+01  0.00E+00  0.00E+00  0.000000  0.152360  0.0000000E+00  0.0000000000E+00
379  3.894176349076505E+08    2.443003  4.146284  3.605346  7.2895700E-01  2.6987140E-01  1.0110218E-03  3.1413424E-08  1.6999467E-06  2.3830621E-05  8.0063845E-08  1.7534339E-09  9.2149535E-07  1.6450498E-06  0.000E+00  0.0000  3.605346   -6.555  6.771936  8.017461  0.0000000E+00  0.0000000E+00  3.1764552E-01  0.0000000E+00  0.0000000E+00  6.8233520E-01  8.8646462E-34  0.0000000E+00  6.8163830E-06  1.1469701E-05  0.000E+00  0.000E+00  0.000E+00  1.000E+00  1.000E+00  3.57E+01  0.00E+00  0.00E+00  0.000000  0.152360  0.0000000E+00  0.0000000000E+00
380  3.894176349076505E+08    2.443003  4.146284  3.605346  7.2895700E-01  2.6987140E-01  1.0110218E-03  3.1413424E-08  1.6999467E-06  2.3830621E-05  8.0063845E-08  1.7534339E-09  9.2149535E-07  1.6450498E-06  0.000E+00  0.0000  3.605346   -6.555  6.771936  8.017461  0.0000000E+00  0.0000000E+00  3.1764552E-01  0.0000000E+00  0.0000000E+00  6.8233520E-01  8.8646462E-34  0.0000000E+00  6.8163830E-06  1.1469701E-05  0.000E+00  0.000E+00  0.000E+00  1.000E+00  1.000E+00  3.57E+01  0.00E+00  0.00E+00  0.000000  0.152360  0.0000000E+00  0.0000000000E+00
381  3.894176349076505E+08    2.443003  4.146284  3.605346  7.2895700E-01  2.6987140E-01  1.0110218E-03  3.1413424E-08  1.6999467E-06  2.3830621E-05  8.0063845E-08  1.7534339E-09  9.2149535E-07  1.6450498E-06  0.000E+00  0.0000  3.605346   -6.555  6.771936  8.017461  0.0000000E+00  0.0000000E+00  3.1764552E-01  0.0000000E+00  0.0000000E+00  6.8233520E-01  8.8646462E-34  0.0000000E+00  6.8163830E-06  1.1469701E-05  0.000E+00  0.000E+00  0.000E+00  1.000E+00  1.000E+00  3.57E+01  0.00E+00  0.00E+00  0.000000  0.152360  0.0000000E+00  0.0000000000E+00
382  3.894176349076505E+08    2.443003  4.146284  3.605346  7.2895700E-01  2.6987140E-01  1.0110218E-03  3.1413424E-08  1.6999467E-06  2.3830621E-05  8.0063845E-08  1.7534339E-09  9.2149535E-07  1.6450498E-06  0.000E+00  0.0000  3.605346   -6.555  6.771936  8.017461  0.0000000E+00  0.0000000E+00  3.1764552E-01  0.0000000E+00  0.0000000E+00  6.8233520E-01  8.8646462E-34  0.0000000E+00  6.8163830E-06  1.1469701E-05  0.000E+00  0.000E+00  0.000E+00  1.000E+00  1.000E+00  3.57E+01  0.00E+00  0.00E+00  0.000000  0.152360  0.0000000E+00  0.0000000000E+00
383  3.894176349076505E+08    2.443003  4.146284  3.605346  7.2895700E-01  2.6987140E-01  1.0110218E-03  3.1413424E-08  1.6999467E-06  2.3830621E-05  8.0063845E-08  1.7534339E-09  9.2149535E-07  1.6450498E-06  0.000E+00  0.0000  3.605346   -6.555  6.771936  8.017461  0.0000000E+00  0.0000000E+00  3.1764552E-01  0.0000000E+00  0.0000000E+00  6.8233520E-01  8.8646462E-34  0.0000000E+00  6.8163830E-06  1.1469701E-05  0.000E+00  0.000E+00  0.000E+00  1.000E+00  1.000E+00  3.57E+01  0.00E+00  0.00E+00  0.000000  0.152360  0.0000000E+00  0.0000000000E+00
384  3.894176349076505E+08    2.443003  4.146284  3.605346  7.2895700E-01  2.6987140E-01  1.0110218E-03  3.1413424E-08  1.6999467E-06  2.3830621E-05  8.0063845E-08  1.7534339E-09  9.2149535E-07  1.6450498E-06  0.000E+00  0.0000  3.605346   -6.555  6.771936  8.017461  0.0000000E+00  0.0000000E+00  3.1764552E-01  0.0000000E+00  0.0000000E+00  6.8233520E-01  8.8646462E-34  0.0000000E+00  6.8163830E-06  1.1469701E-05  0.000E+00  0.000E+00  0.000E+00  1.000E+00  1.000E+00  3.57E+01  0.00E+00  0.00E+00  0.000000  0.152360  0.0000000E+00  0.0000000000E+00
385  3.894176349076505E+08    2.443003  4.146284  3.605346  7.2895700E-01  2.6987140E-01  1.0110218E-03  3.1413424E-08  1.6999467E-06  2.3830621E-05  8.0063845E-08  1.7534339E-09  9.2149535E-07  1.6450498E-06  0.000E+00  0.0000  3.605346   -6.555  6.771936  8.017461  0.0000000E+00  0.0000000E+00  3.1764552E-01  0.0000000E+00  0.0000000E+00  6.8233520E-01  8.8646462E-34  0.0000000E+00  6.8163830E-06  1.1469701E-05  0.000E+00  0.000E+00  0.000E+00  1.000E+00  1.000E+00  3.57E+01  0.00E+00  0.00E+00  0.000000  0.152360  0.0000000E+00  0.0000000000E+00
386  3.894176349076505E+08    2.443003  4.146284  3.605346  7.2895700E-01  2.6987140E-01  1.0110218E-03  3.1413424E-08  1.6999467E-06  2.3830621E-05  8.0063845E-08  1.7534339E-09  9.2149535E-07  1.6450498E-06  0.000E+00  0.0000  3.605346   -6.555  6.771936  8.017461  0.0000000E+00  0.0000000E+00  3.1764552E-01  0.0000000E+00  0.0000000E+00  6.8233520E-01  8.8646462E-34  0.0000000E+00  6.8163830E-06  1.1469701E-05  0.000E+00  0.000E+00  0.000E+00  1.000E+00  1.000E+00  3.57E+01  0.00E+00  0.00E+00  0.000000  0.152360  0.0000000E+00  0.0000000000E+00
387  3.894176349076505E+08    2.443003  4.146284  3.605346  7.2895700E-01  2.6987140E-01  1.0110218E-03  3.1413424E-08  1.6999467E-06  2.3830621E-05  8.0063845E-08  1.7534339E-09  9.2149535E-07  1.6450498E-06  0.000E+00  0.0000  3.605346   -6.555  6.771936  8.017461  0.0000000E+00  0.0000000E+00  3.1764552E-01  0.0000000E+00  0.0000000E+00  6.8233520E-01  8.8646462E-34  0.0000000E+00  6.8163830E-06  1.1469701E-05  0.000E+00  0.000E+00  0.000E+00  1.000E+00  1.000E+00  3.57E+01  0.00E+00  0.00E+00  0.000000  0.152360  0.0000000E+00  0.0000000000E+00
388  3.894176349076505E+08    2.443003  4.146284  3.605346  7.2895700E-01  2.6987140E-01  1.0110218E-03  3.1413424E-08  1.6999467E-06  2.3830621E-05  8.0063845E-08  1.7534339E-09  9.2149535E-07  1.6450498E-06  0.000E+00  0.0000  3.605346   -6.555  6.771936  8.017461  0.0000000E+00  0.0000000E+00  3.1764552E-01  0.0000000E+00  0.0000000E+00  6.8233520E-01  8.8646462E-34  0.0000000E+00  6.8163830E-06  1.1469701E-05  0.000E+00  0.000E+00  0.000E+00  1.000E+00  1.000E+00  3.57E+01  0.00E+00  0.00E+00  0.000000  0.152360  0.0000000E+00  0.0000000000E+00
389  3.894176349076505E+08    2.443003  4.146284  3.605346  7.2895700E-01  2.6987140E-01  1.0110218E-03  3.1413424E-08  1.6999467E-06  2.3830621E-05  8.0063845E-08  1.7534339E-09  9.2149535E-07  1.6450498E-06  0.000E+00  0.0000  3.605346   -6.555  6.771936  8.017461  0.0000000E+00  0.0000000E+00  3.1764552E-01  0.0000000E+00  0.0000000E+00  6.8233520E-01  8.8646462E-34  0.0000000E+00  6.8163830E-06  1.1469701E-05  0.000E+00  0.000E+00  0.000E+00  1.000E+00  1.000E+00  3.57E+01  0.00E+00  0.00E+00  0.000000  0.152360  0.0000000E+00  0.0000000000E+00
390  3.894176349076505E+08    2.443003  4.146284  3.605346  7.2895700E-01  2.6987140E-01  1.0110218E-03  3.1413424E-08  1.6999467E-06  2.3830621E-05  8.0063845E-08  1.7534339E-09  9.2149535E-07  1.6450498E-06  0.000E+00  0.0000  3.605346   -6.555  6.771936  8.017461  0.0000000E+00  0.0000000E+00  3.1764552E-01  0.0000000E+00  0.0000000E+00  6.8233520E-01  8.8646462E-34  0.0000000E+00  6.8163830E-06  1.1469701E-05  0.000E+00  0.000E+00  0.000E+00  1.000E+00  1.000E+00  3.57E+01  0.00E+00  0.00E+00  0.000000  0.152360  0.0000000E+00  0.0000000000E+00
391  3.894176349076505E+08    2.443003  4.146284  3.605346  7.2895700E-01  2.6987140E-01  1.0110218E-03  3.1413424E-08  1.6999467E-06  2.3830621E-05  8.0063845E-08  1.7534339E-09  9.2149535E-07  1.6450498E-06  0.000E+00  0.0000  3.605346   -6.555  6.771936  8.017461  0.0000000E+00  0.0000000E+00  3.1764552E-01  0.0000000E+00  0.0000000E+00  6.8233520E-01  8.8646462E-34  0.0000000E+00  6.8163830E-06  1.1469701E-05  0.000E+00  0.000E+00  0.000E+00  1.000E+00  1.000E+00  3.57E+01  0.00E+00  0.00E+00  0.000000  0.152360  0.0000000E+00  0.0000000000E+00
392  3.894176349076505E+08    2.443003  4.146284  3.605346  7.2895700E-01  2.6987140E-01  1.0110218E-03  3.1413424E-08  1.6999467E-06  2.3830621E-05  8.0063845E-08  1.7534339E-09  9.2149535E-07  1.6450498E-06  0.000E+00  0.0000  3.605346   -6.555  6.771936  8.017461  0.0000000E+00  0.0000000E+00  3.1764552E-01  0.0000000E+00  0.0000000E+00  6.8233520E-01  8.8646462E-34  0.0000000E+00  6.8163830E-06  1.1469701E-05  0.000E+00  0.000E+00  0.000E+00  1.000E+00  1.000E+00  3.57E+01  0.00E+00  0.00E+00  0.000000  0.152360  0.0000000E+00  0.0000000000E+00
393  3.894176349076505E+08    2.443003  4.146284  3.605346  7.2895700E-01  2.6987140E-01  1.0110218E-03  3.1413424E-08  1.6999467E-06  2.3830621E-05  8.0063845E-08  1.7534339E-09  9.2149535E-07  1.6450498E-06  0.000E+00  0.0000  3.605346   -6.555  6.771936  8.017461  0.0000000E+00  0.0000000E+00  3.1764552E-01  0.0000000E+00  0.0000000E+00  6.8233520E-01  8.8646462E-34  0.0000000E+00  6.8163830E-06  1.1469701E-05  0.000E+00  0.000E+00  0.000E+00  1.000E+00  1.000E+00  3.57E+01  0.00E+00  0.00E+00  0.000000  0.152360  0.0000000E+00  0.0000000000E+00
394  3.894176349076505E+08    2.443003  4.146284  3.605346  7.2895700E-01  2.6987140E-01  1.0110218E-03  3.1413424E-08  1.6999467E-06  2.3830621E-05  8.0063845E-08  1.7534339E-09  9.2149535E-07  1.6450498E-06  0.000E+00  0.0000  3.605346   -6.555  6.771936  8.017461  0.0000000E+00  0.0000000E+00  3.1764552E-01  0.0000000E+00  0.0000000E+00  6.8233520E-01  8.8646462E-34  0.0000000E+00  6.8163830E-06  1.1469701E-05  0.000E+00  0.000E+00  0.000E+00  1.000E+00  1.000E+00  3.57E+01  0.00E+00  0.00E+00  0.000000  0.152360  0.0000000E+00  0.0000000000E+00
395  3.894176349076505E+08    2.443003  4.146284  3.605346  7.2895700E-01  2.6987140E-01  1.0110218E-03  3.1413424E-08  1.6999467E-06  2.3830621E-05  8.0063845E-08  1.7534339E-09  9.2149535E-07  1.6450498E-06  0.000E+00  0.0000  3.605346   -6.555  6.771936  8.017461  0.0000000E+00  0.0000000E+00  3.1764552E-01  0.0000000E+00  0.0000000E+00  6.8233520E-01  8.8646462E-34  0.0000000E+00  6.8163830E-06  1.1469701E-05  0.000E+00  0.000E+00  0.000E+00  1.000E+00  1.000E+00  3.57E+01  0.00E+00  0.00E+00  0.000000  0.152360  0.0000000E+00  0.0000000000E+00
396  3.894176349076505E+08    2.443003  4.146284  3.605346  7.2895700E-01  2.6987140E-01  1.0110218E-03  3.1413424E-08  1.6999467E-06  2.3830621E-05  8.0063845E-08  1.7534339E-09  9.2149535E-07  1.6450498E-06  0.000E+00  0.0000  3.605346   -6.555  6.771936  8.017461  0.0000000E+00  0.0000000E+00  3.1764552E-01  0.0000000E+00  0.0000000E+00  6.8233520E-01  8.8646462E-34  0.0000000E+00  6.8163830E-06  1.1469701E-05  0.000E+00  0.000E+00  0.000E+00  1.000E+00  1.000E+00  3.57E+01  0.00E+00  0.00E+00  0.000000  0.152360  0.0000000E+00  0.0000000000E+00
397  3.894176349076505E+08    2.443003  4.146284  3.605346  7.2895700E-01  2.6987140E-01  1.0110218E-03  3.1413424E-08  1.6999467E-06  2.3830621E-05  8.0063845E-08  1.7534339E-09  9.2149535E-07  1.6450498E-06  0.000E+00  0.0000  3.605346   -6.555  6.771936  8.017461  0.0000000E+00  0.0000000E+00  3.1764552E-01  0.0000000E+00  0.0000000E+00  6.8233520E-01  8.8646462E-34  0.0000000E+00  6.8163830E-06  1.1469701E-05  0.000E+00  0.000E+00  0.000E+00  1.000E+00  1.000E+00  3.57E+01  0.00E+00  0.00E+00  0.000000  0.152360  0.0000000E+00  0.0000000000E+00
398  3.894176349076505E+08    2.443003  4.146284  3.605346  7.2895700E-01  2.6987140E-01  1.0110218E-03  3.1413424E-08  1.6999467E-06  2.3830621E-05  8.0063845E-08  1.7534339E-09  9.2149535E-07  1.6450498E-06  0.000E+00  0.0000  3.605346   -6.555  6.771936  8.017461  0.0000000E+00  0.0000000E+00  3.1764552E-01  0.0000000E+00  0.0000000E+00  6.8233520E-01  8.8646462E-34  0.0000000E+00  6.8163830E-06  1.1469701E-05  0.000E+00  0.000E+00  0.000E+00  1.000E+00  1.000E+00  3.57E+01  0.00E+00  0.00E+00  0.000000  0.152360  0.0000000E+00  0.0000000000E+00
399  3.894176349076505E+08    2.443003  4.146284  3.605346  7.2895700E-01  2.6987140E-01  1.0110218E-03  3.1413424E-08  1.6999467E-06  2.3830621E-05  8.0063845E-08  1.7534339E-09  9.2149535E-07  1.6450498E-06  0.000E+00  0.0000  3.605346   -6.555  6.771936  8.017461  0.0000000E+00  0.0000000E+00  3.1764552E-01  0.0000000E+00  0.0000000E+00  6.8233520E-01  8.8646462E-34  0.0000000E+00  6.8163830E-06  1.1469701E-05  0.000E+00  0.000E+00  0.000E+00  1.000E+00  1.000E+00  3.57E+01  0.00E+00  0.00E+00  0.000000  0.152360  0.0000000E+00  0.0000000000E+00
400  3.894176349076505E+08    2.443003  4.146284  3.605346  7.2895700E-01  2.6987140E-01  1.0110218E-03  3.1413424E-08  1.6999467E-06  2.3830621E-05  8.0063845E-08  1.7534339E-09  9.2149535E-07  1.6450498E-06  0.000E+00  0.0000  3.605346   -6.555  6.771936  8.017461  0.0000000E+00  0.0000000E+00  3.1764552E-01  0.0000000E+00  0.0000000E+00  6.8233520E-01  8.8646462E-34  0.0000000E+00  6.8163830E-06  1.1469701E-05  0.000E+00  0.000E+00  0.000E+00  1.000E+00  1.000E+00  3.57E+01  0.00E+00  0.00E+00  0.000000  0.152360  0.0000000E+00  0.0000000000E+00
