line                  time        mass     lg(L)  lg(Teff)        1H_surf       4He_surf       12C_surf       13C_surf       14N_surf       16O_surf       17O_surf       18O_surf      20Ne_surf      22Ne_surf  26Al_surf  Mcc/Mt   lg(Teff)  lg(Md)  lg(rhoc)    lg(Tc)         1H_cen        4He_cen        12C_cen        13C_cen        14N_cen        16O_cen        17O_cen        18O_cen       20Ne_cen       22Ne_cen   26Al_cen  Omeg_surf   Omeg_cen     Rp/Req   Md/Md(0)   v_crit1   v_crit2    v_equa  Om/Om_cr  Gamma_Ed  lg(Mdot_mech)             L_tot
   -                    yr        Msun      Lsun        K      mass frac.     mass frac.     mass frac.     mass frac.     mass frac.     mass frac.     mass frac.     mass frac.     mass frac.     mass frac. mass frac.       -          K   Ms/yr     g/cm3         K     mass frac.     mass frac.     mass frac.     mass frac.     mass frac.     mass frac.     mass frac.     mass frac.     mass frac.     mass frac. mass frac.        s-1        s-1          -          -      km/s      km/s      km/s         -         -        Msun/yr     10^53 g cm2/s

  1  5.902397448960000E+06    2.000000  1.452210  4.117386  7.5157740E-01  2.4837130E-01  1.2915521E-06  4.2970794E-09  1.0216519E-07  6.8211449E-06  3.5136664E-10  2.0005896E-09  9.2048308E-07  2.3543589E-08  0.000E+00  0.1805  4.117386  -30.000  2.006008  7.384883  7.4853910E-01  2.5144800E-01  1.0224980E-08  2.7202306E-09  2.3786265E-06  5.6579521E-06  2.9143398E-07  1.0173138E-10  9.2048308E-07  2.3543589E-08  0.000E+00  2.719E-04  2.766E-04  9.480E-01  1.100E+00  5.05E+02  0.00E+00  1.99E+02  0.561537  0.000381  0.0000000E+00  4.0490725801E-03
  2  2.421971831668573E+07    2.000000  1.462018  4.120433  7.5157740E-01  2.4837130E-01  1.2915521E-06  4.2970794E-09  1.0216519E-07  6.8211449E-06  3.5136664E-10  2.0005896E-09  9.2048308E-07  2.3543589E-08  0.000E+00  0.1732  4.120433  -30.000  2.013846  7.387820  7.3966510E-01  2.6032261E-01  1.9629851E-08  5.2242125E-09  4.4997251E-06  3.3162144E-06  1.8729305E-07  6.6144029E-11  9.2048308E-07  2.3543589E-08  0.000E+00  2.460E-04  3.158E-04  9.578E-01  1.080E+00  5.04E+02  0.00E+00  1.79E+02  0.511183  0.000390  0.0000000E+00  4.0490725801E-03
  3  4.079988369848401E+07    2.000000  1.468989  4.122278  7.5157740E-01  2.4837130E-01  1.2915521E-06  4.2970794E-09  1.0216519E-07  6.8211449E-06  3.5136664E-10  2.0005896E-09  9.2048308E-07  2.3543589E-08  0.000E+00  0.1686  4.122278  -30.000  2.020871  7.390772  7.3079109E-01  2.6919711E-01  2.5675673E-08  6.8362178E-09  5.8095875E-06  1.8909568E-06  1.0040513E-07  3.5906294E-11  9.2048308E-07  2.3543589E-08  0.000E+00  2.357E-04  3.300E-04  9.613E-01  1.073E+00  5.03E+02  0.00E+00  1.71E+02  0.491243  0.000396  0.0000000E+00  4.0490725801E-03
  4  5.614520308324102E+07    2.000000  1.474754  4.123242  7.5157730E-01  2.4837130E-01  1.2915521E-06  4.2971572E-09  1.0216521E-07  6.8211449E-06  3.5136665E-10  2.0005896E-09  9.2048308E-07  2.3543589E-08  0.000E+00  0.1656  4.123242  -30.000  2.025955  7.393284  7.2191709E-01  2.7807141E-01  2.9221535E-08  7.7827125E-09  6.5421130E-06  1.0917049E-06  5.3851560E-08  1.9452095E-11  9.2048308E-07  2.3543589E-08  0.000E+00  2.316E-04  3.355E-04  9.624E-01  1.070E+00  5.02E+02  0.00E+00  1.69E+02  0.484663  0.000402  0.0000000E+00  4.0490725800E-03
  5  7.002418024943109E+07    2.000000  1.480561  4.124072  7.5157660E-01  2.4837140E-01  1.2915462E-06  4.3012169E-09  1.0216776E-07  6.8211449E-06  3.5137232E-10  2.0005879E-09  9.2048308E-07  2.3543589E-08  0.000E+00  0.1619  4.124072  -30.000  2.031595  7.395683  7.1304308E-01  2.8694562E-01  3.1356958E-08  8.3544625E-09  6.9517726E-06  6.4286473E-07  2.9525899E-08  1.0766068E-11  9.2048308E-07  2.3543589E-08  0.000E+00  2.300E-04  3.388E-04  9.626E-01  1.070E+00  5.02E+02  0.00E+00  1.68E+02  0.483476  0.000407  0.0000000E+00  4.0490725800E-03
  6  8.303209464177296E+07    2.000000  1.485619  4.124678  7.5157470E-01  2.4837150E-01  1.2914786E-06  4.3368823E-09  1.0220892E-07  6.8211441E-06  3.5154638E-10  2.0005623E-09  9.2048308E-07  2.3543589E-08  0.000E+00  0.1592  4.124678  -30.000  2.036502  7.398019  7.0416908E-01  2.9581977E-01  3.2591613E-08  8.6862397E-09  7.1598953E-06  4.1409233E-07  1.7692452E-08  6.5092944E-12  9.2048308E-07  2.3543589E-08  0.000E+00  2.289E-04  3.411E-04  9.626E-01  1.070E+00  5.01E+02  0.00E+00  1.68E+02  0.483505  0.000412  0.0000000E+00  4.0490725800E-03
  7  9.567499964841834E+07    2.000000  1.491030  4.125369  7.5157105E-01  2.4837210E-01  1.2911762E-06  4.4638958E-09  1.0243076E-07  6.8211369E-06  3.5303904E-10  2.0004222E-09  9.2048308E-07  2.3543589E-08  0.000E+00  0.1562  4.125369  -30.000  2.042229  7.400427  6.9529507E-01  3.0469398E-01  3.3326595E-08  8.8851786E-09  7.2507522E-06  3.1396883E-07  1.2445847E-08  4.6227040E-12  9.2048308E-07  2.3543589E-08  0.000E+00  2.281E-04  3.430E-04  9.625E-01  1.070E+00  5.00E+02  0.00E+00  1.68E+02  0.484104  0.000417  0.0000000E+00  4.0490725800E-03
  8  1.081640214894824E+08    2.000000  1.496138  4.125905  7.5156430E-01  2.4837400E-01  1.2902591E-06  4.7774197E-09  1.0319349E-07  6.8210976E-06  3.6029557E-10  1.9999232E-09  9.2048308E-07  2.3543589E-08  0.000E+00  0.1541  4.125905  -30.000  2.047353  7.402822  6.8642107E-01  3.1356810E-01  3.3781200E-08  9.0092048E-09  7.2841111E-06  2.7705863E-07  1.0349776E-08  3.8805412E-12  9.2048308E-07  2.3543589E-08  0.000E+00  2.275E-04  3.443E-04  9.624E-01  1.071E+00  4.99E+02  0.00E+00  1.68E+02  0.485144  0.000422  0.0000000E+00  4.0490725800E-03
  9  1.205189492963965E+08    2.000000  1.501697  4.126495  7.5155360E-01  2.4837830E-01  1.2882844E-06  5.3375742E-09  1.0499418E-07  6.8209665E-06  3.8238526E-10  1.9987018E-09  9.2048308E-07  2.3543589E-08  0.000E+00  0.1505  4.126495  -30.000  2.053610  7.405324  6.7754706E-01  3.2244224E-01  3.4198533E-08  9.1236631E-09  7.2995740E-06  2.5989807E-07  9.0660250E-09  3.4395295E-12  9.2048308E-07  2.3543589E-08  0.000E+00  2.274E-04  3.464E-04  9.620E-01  1.071E+00  4.98E+02  0.00E+00  1.68E+02  0.487398  0.000427  0.0000000E+00  4.0490725800E-03
 10  1.325631734836675E+08    2.000000  1.506822  4.126992  7.5153869E-01  2.4838600E-01  1.2850420E-06  6.1183481E-09  1.0816443E-07  6.8206676E-06  4.2901067E-10  1.9964846E-09  9.2048308E-07  2.3543589E-08  0.000E+00  0.1481  4.126992  -30.000  2.058948  7.407789  6.6867306E-01  3.3131634E-01  3.4522146E-08  9.2126593E-09  7.3054564E-06  2.5327702E-07  8.3835850E-09  3.2143097E-12  9.2048308E-07  2.3543589E-08  0.000E+00  2.269E-04  3.480E-04  9.617E-01  1.072E+00  4.98E+02  0.00E+00  1.69E+02  0.488821  0.000432  0.0000000E+00  4.0490725800E-03
 11  1.444365406000991E+08    2.000000  1.512418  4.127598  7.5151731E-01  2.4839890E-01  1.2800236E-06  7.1594587E-09  1.1335564E-07  6.8200710E-06  5.1638050E-10  1.9927602E-09  9.2048308E-07  2.3543589E-08  0.000E+00  0.1431  4.127598  -30.000  2.065661  7.410373  6.5979905E-01  3.4019054E-01  3.4923358E-08  9.3229709E-09  7.3116396E-06  2.4629157E-07  7.5852463E-09  2.9522132E-12  9.2048308E-07  2.3543589E-08  0.000E+00  2.271E-04  3.502E-04  9.612E-01  1.073E+00  4.97E+02  0.00E+00  1.69E+02  0.491695  0.000438  0.0000000E+00  4.0490725800E-03
 12  1.559069437875139E+08    2.000000  1.518029  4.128188  7.5149040E-01  2.4841720E-01  1.2735192E-06  8.3371864E-09  1.2040360E-07  6.8191264E-06  6.4760948E-10  1.9875974E-09  9.2048308E-07  2.3543589E-08  0.000E+00  0.1392  4.128188  -30.000  2.072144  7.412872  6.5092505E-01  3.4906455E-01  3.5266979E-08  9.4174756E-09  7.3149553E-06  2.4241883E-07  7.0639358E-09  2.7871968E-12  9.2048308E-07  2.3543589E-08  0.000E+00  2.269E-04  3.522E-04  9.609E-01  1.074E+00  4.96E+02  0.00E+00  1.70E+02  0.493769  0.000444  0.0000000E+00  4.0490725800E-03
 13  1.665638823429568E+08    2.000000  1.522904  4.128736  7.5145723E-01  2.4844167E-01  1.2655341E-06  9.6164418E-09  1.2939218E-07  6.8177687E-06  8.2818317E-10  1.9809024E-09  9.2048308E-07  2.3543589E-08  0.000E+00  0.1367  4.128736  -30.000  2.078384  7.415491  6.4205104E-01  3.5793866E-01  3.5632007E-08  9.5175254E-09  7.3246039E-06  2.3140402E-07  6.4034032E-09  2.5627084E-12  9.2048308E-07  2.3543589E-08  0.000E+00  2.269E-04  3.543E-04  9.605E-01  1.074E+00  4.95E+02  0.00E+00  1.70E+02  0.495923  0.000449  0.0000000E+00  4.0490725800E-03
 14  1.775755966710446E+08    2.000000  1.528490  4.129419  7.5141450E-01  2.4847500E-01  1.2554937E-06  1.1050109E-08  1.4107449E-07  6.8158208E-06  1.0776926E-09  1.9720790E-09  9.2048308E-07  2.3543589E-08  0.000E+00  0.1327  4.129419  -30.000  2.085577  7.418173  6.3317704E-01  3.6681276E-01  3.5993361E-08  9.6168633E-09  7.3259610E-06  2.2966844E-07  5.9582599E-09  2.4250645E-12  9.2048308E-07  2.3543589E-08  0.000E+00  2.269E-04  3.566E-04  9.601E-01  1.075E+00  4.94E+02  0.00E+00  1.71E+02  0.498267  0.000455  0.0000000E+00  4.0490725800E-03
 15  1.879628297519594E+08    2.000000  1.533496  4.129947  7.5136360E-01  2.4851660E-01  1.2439624E-06  1.2524891E-08  1.5489237E-07  6.8133138E-06  1.3884749E-09  1.9615188E-09  9.2048308E-07  2.3543589E-08  0.000E+00  0.1305  4.129947  -30.000  2.091772  7.420691  6.2430303E-01  3.7568687E-01  3.6313608E-08  9.7047166E-09  7.3287077E-06  2.2628420E-07  5.6505447E-09  2.3360427E-12  9.2048308E-07  2.3543589E-08  0.000E+00  2.267E-04  3.585E-04  9.598E-01  1.076E+00  4.94E+02  0.00E+00  1.72E+02  0.500162  0.000460  0.0000000E+00  4.0490725800E-03
 16  1.983389056053358E+08    2.000000  1.538822  4.130631  7.5130508E-01  2.4856616E-01  1.2312776E-06  1.3988504E-08  1.7049003E-07  6.8102732E-06  1.7551708E-09  1.9494806E-09  9.2048308E-07  2.3543589E-08  0.000E+00  0.1269  4.130631  -30.000  2.098785  7.423369  6.1542903E-01  3.8456087E-01  3.6648905E-08  9.7967011E-09  7.3300474E-06  2.2447942E-07  5.3463830E-09  2.2461212E-12  9.2048308E-07  2.3543589E-08  0.000E+00  2.267E-04  3.609E-04  9.594E-01  1.077E+00  4.93E+02  0.00E+00  1.72E+02  0.502189  0.000465  0.0000000E+00  4.0490725800E-03
 17  2.079413069651968E+08    2.000000  1.544085  4.131345  7.5123969E-01  2.4862301E-01  1.2177759E-06  1.5404110E-08  1.8747501E-07  6.8067508E-06  2.1704995E-09  1.9362645E-09  9.2048308E-07  2.3543589E-08  0.000E+00  0.1197  4.131345  -30.000  2.106418  7.425933  6.0655502E-01  3.9343498E-01  3.7009293E-08  9.8954833E-09  7.3344967E-06  2.1918539E-07  4.9293473E-09  2.1061739E-12  9.2048308E-07  2.3543589E-08  0.000E+00  2.268E-04  3.640E-04  9.590E-01  1.077E+00  4.92E+02  0.00E+00  1.73E+02  0.504294  0.000471  0.0000000E+00  4.0490725800E-03
 18  2.174666064373583E+08    2.000000  1.549314  4.132022  7.5116520E-01  2.4868920E-01  1.2031891E-06  1.6800605E-08  2.0620784E-07  6.8026463E-06  2.6458044E-09  1.9215868E-09  9.2048308E-07  2.3543589E-08  0.000E+00  0.1138  4.132022  -30.000  2.114002  7.428533  5.9768102E-01  4.0230908E-01  3.7383445E-08  9.9980222E-09  7.3372023E-06  2.1579415E-07  4.5835174E-09  1.9982649E-12  9.2048308E-07  2.3543589E-08  0.000E+00  2.269E-04  3.673E-04  9.586E-01  1.078E+00  4.92E+02  0.00E+00  1.73E+02  0.506515  0.000477  0.0000000E+00  4.0490725800E-03
 19  2.266348733850735E+08    2.000000  1.554502  4.132830  7.5108749E-01  2.4875931E-01  1.1887585E-06  1.8069592E-08  2.2508687E-07  6.7983034E-06  3.1419172E-09  1.9067081E-09  9.2048308E-07  2.3543589E-08  0.000E+00  0.1091  4.132830  -30.000  2.121343  7.431101  5.8880701E-01  4.1118309E-01  3.7743867E-08  1.0096756E-08  7.3395896E-06  2.1276058E-07  4.2685057E-09  1.8971022E-12  9.2048308E-07  2.3543589E-08  0.000E+00  2.269E-04  3.706E-04  9.584E-01  1.079E+00  4.91E+02  0.00E+00  1.74E+02  0.508040  0.000483  0.0000000E+00  4.0490725800E-03
 20  2.354844850542026E+08    2.000000  1.559492  4.133461  7.5099723E-01  2.4884190E-01  1.1728918E-06  1.9353772E-08  2.4621058E-07  6.7932188E-06  3.7170835E-09  1.8899750E-09  9.2048308E-07  2.3543589E-08  0.000E+00  0.1015  4.133461  -30.000  2.128986  7.433519  5.7993301E-01  4.2005719E-01  3.8143924E-08  1.0206447E-08  7.3410283E-06  2.1069564E-07  4.0057868E-09  1.8186939E-12  9.2048308E-07  2.3543589E-08  0.000E+00  2.271E-04  3.746E-04  9.579E-01  1.079E+00  4.91E+02  0.00E+00  1.74E+02  0.510409  0.000488  0.0000000E+00  4.0490725800E-03
 21  2.438546720359951E+08    2.000000  1.564666  4.134222  7.5090165E-01  2.4893045E-01  1.1569984E-06  2.0540122E-08  2.6772109E-07  6.7878179E-06  4.3243850E-09  1.8728596E-09  9.2048308E-07  2.3543589E-08  0.000E+00  0.0929  4.134222  -30.000  2.137341  7.435830  5.7105901E-01  4.2893125E-01  3.8513438E-08  1.0307652E-08  7.3431937E-06  2.0784151E-07  3.7534342E-09  1.7379093E-12  9.2048308E-07  2.3543589E-08  0.000E+00  2.266E-04  3.795E-04  9.579E-01  1.080E+00  4.90E+02  0.00E+00  1.74E+02  0.511075  0.000494  0.0000000E+00  4.0490725800E-03
 22  2.518367076534628E+08    2.000000  1.569271  4.134757  7.5080063E-01  2.4902490E-01  1.1411147E-06  2.1637587E-08  2.8954906E-07  6.7821208E-06  4.9635177E-09  1.8554259E-09  9.2048308E-07  2.3543589E-08  0.000E+00  0.0805  4.134757  -30.000  2.144904  7.437795  5.6218500E-01  4.3780530E-01  3.8947771E-08  1.0426929E-08  7.3447408E-06  2.0556233E-07  3.5256368E-09  1.6648794E-12  9.2048308E-07  2.3543589E-08  0.000E+00  2.265E-04  3.849E-04  9.575E-01  1.080E+00  4.89E+02  0.00E+00  1.75E+02  0.512855  0.000499  0.0000000E+00  4.0490725800E-03
 23  2.596228299322398E+08    2.000000  1.574038  4.135474  7.5069143E-01  2.4912787E-01  1.1248606E-06  2.2679156E-08  3.1221112E-07  6.7759869E-06  5.6524022E-09  1.8372675E-09  9.2048308E-07  2.3543589E-08  0.000E+00  0.0741  4.135474  -30.000  2.152591  7.439922  5.5331100E-01  4.4667939E-01  3.9282853E-08  1.0518478E-08  7.3460666E-06  2.0366119E-07  3.3416155E-09  1.6089637E-12  9.2048308E-07  2.3543589E-08  0.000E+00  2.264E-04  3.915E-04  9.572E-01  1.081E+00  4.89E+02  0.00E+00  1.75E+02  0.514266  0.000505  0.0000000E+00  4.0490725800E-03
 24  2.668371682840971E+08    2.000000  1.578453  4.136171  7.5058535E-01  2.4922846E-01  1.1098790E-06  2.3573268E-08  3.3337807E-07  6.7700643E-06  6.3202170E-09  1.8202621E-09  9.2048308E-07  2.3543589E-08  0.000E+00  0.0630  4.136171  -30.000  2.160502  7.441761  5.4443699E-01  4.5555332E-01  3.9730481E-08  1.0641106E-08  7.3480195E-06  2.0087744E-07  3.1340736E-09  1.5412530E-12  9.2048308E-07  2.3543589E-08  0.000E+00  2.261E-04  3.988E-04  9.571E-01  1.081E+00  4.88E+02  0.00E+00  1.75E+02  0.514970  0.000510  0.0000000E+00  4.0490725800E-03
 25  2.736140566852567E+08    2.000000  1.582509  4.136777  7.5047461E-01  2.4933419E-01  1.0950048E-06  2.4403333E-08  3.5465226E-07  6.7639279E-06  7.0166193E-09  1.8031342E-09  9.2048308E-07  2.3543589E-08  0.000E+00  0.0482  4.136777  -30.000  2.168163  7.443094  5.3556299E-01  4.6442741E-01  4.0255383E-08  1.0784821E-08  7.3498975E-06  1.9805818E-07  2.9180744E-09  1.4697549E-12  9.2048308E-07  2.3543589E-08  0.000E+00  2.257E-04  4.079E-04  9.570E-01  1.081E+00  4.88E+02  0.00E+00  1.75E+02  0.515427  0.000514  0.0000000E+00  4.0490725800E-03
 26  2.799200278680247E+08    2.000000  1.586298  4.137371  7.5035965E-01  2.4944444E-01  1.0802949E-06  2.5172208E-08  3.7593841E-07  6.7576085E-06  7.7400624E-09  1.7859670E-09  9.2048308E-07  2.3543589E-08  0.000E+00  0.0279  4.137371  -30.000  2.175766  7.443907  5.2668898E-01  4.7330152E-01  4.1125827E-08  1.1021693E-08  7.3527522E-06  1.9365668E-07  2.5861985E-09  1.3680920E-12  9.2048308E-07  2.3543589E-08  0.000E+00  2.256E-04  4.229E-04  9.569E-01  1.082E+00  4.88E+02  0.00E+00  1.75E+02  0.516324  0.000519  0.0000000E+00  4.0490725800E-03
 27  2.856216372366822E+08    2.000000  1.589488  4.137918  7.5025314E-01  2.4954696E-01  1.0672850E-06  2.5812137E-08  3.9496524E-07  6.7518104E-06  8.4105436E-09  1.7706022E-09  9.2048308E-07  2.3543589E-08  0.000E+00  0.0162  4.137918  -30.000  2.182140  7.444483  5.1781498E-01  4.8217552E-01  4.1837110E-08  1.1214829E-08  7.3550562E-06  1.9007752E-07  2.3319496E-09  1.2894976E-12  9.2048308E-07  2.3543589E-08  0.000E+00  2.254E-04  4.366E-04  9.567E-01  1.082E+00  4.87E+02  0.00E+00  1.76E+02  0.516785  0.000523  0.0000000E+00  4.0490725800E-03
 28  2.909224337517796E+08    2.000000  1.592508  4.138394  7.5014751E-01  2.4964899E-01  1.0548986E-06  2.6388589E-08  4.1325302E-07  6.7461064E-06  9.0773259E-09  1.7558212E-09  9.2048308E-07  2.3543589E-08  0.000E+00  0.0086  4.138394  -30.000  2.188192  7.444928  5.0894097E-01  4.9104953E-01  4.2430577E-08  1.1375995E-08  7.3574089E-06  1.8659268E-07  2.1269276E-09  1.2208808E-12  9.2048308E-07  2.3543589E-08  0.000E+00  2.248E-04  4.512E-04  9.568E-01  1.082E+00  4.87E+02  0.00E+00  1.75E+02  0.516533  0.000526  0.0000000E+00  4.0490725800E-03
 29  2.957230708105572E+08    2.000000  1.595015  4.138883  7.5004464E-01  2.4974868E-01  1.0433148E-06  2.6899677E-08  4.3051068E-07  6.7406038E-06  9.7281649E-09  1.7418645E-09  9.2048308E-07  2.3543589E-08  0.000E+00  0.0000  4.138883  -30.000  2.194196  7.445073  5.0006697E-01  4.9992354E-01  4.3961767E-08  1.1791947E-08  7.3621798E-06  1.7901207E-07  1.6765116E-09  1.0619773E-12  9.2048308E-07  2.3543589E-08  0.000E+00  2.245E-04  4.776E-04  9.569E-01  1.082E+00  4.87E+02  0.00E+00  1.75E+02  0.516202  0.000529  0.0000000E+00  4.0490725800E-03
 30  3.002166353920970E+08    2.000000  1.597268  4.139402  7.4993790E-01  2.4985238E-01  1.0317293E-06  2.7385409E-08  4.4791799E-07  6.7349377E-06  1.0406726E-08  1.7277824E-09  9.2048308E-07  2.3543589E-08  0.000E+00  0.0000  4.139402  -30.000  2.199510  7.445417  4.9119296E-01  5.0879754E-01  4.4018306E-08  1.1807294E-08  7.3624080E-06  1.7867088E-07  1.6618815E-09  1.0562887E-12  9.2048308E-07  2.3543589E-08  0.000E+00  2.242E-04  4.833E-04  9.570E-01  1.081E+00  4.87E+02  0.00E+00  1.75E+02  0.515761  0.000532  0.0000000E+00  4.0490725800E-03
 31  3.047777388326948E+08    2.000000  1.599879  4.139965  7.4983569E-01  2.4995191E-01  1.0210376E-06  2.7812193E-08  4.6411247E-07  6.7295621E-06  1.1058799E-08  1.7146806E-09  9.2048308E-07  2.3543589E-08  0.000E+00  0.0000  4.139965  -30.000  2.205359  7.445909  4.8231896E-01  5.1767162E-01  4.4097430E-08  1.1828780E-08  7.3626121E-06  1.7832400E-07  1.6424540E-09  1.0490364E-12  9.2048308E-07  2.3543589E-08  0.000E+00  2.236E-04  4.884E-04  9.571E-01  1.081E+00  4.87E+02  0.00E+00  1.75E+02  0.514904  0.000535  0.0000000E+00  4.0490725800E-03
 32  3.093852706936014E+08    2.000000  1.602326  4.140496  7.4970077E-01  2.5008350E-01  1.0074793E-06  2.8324389E-08  4.8483308E-07  6.7225339E-06  1.1924548E-08  1.6979209E-09  9.2048308E-07  2.3543589E-08  0.000E+00  0.0000  4.140496  -30.000  2.211961  7.446921  4.7344495E-01  5.2654565E-01  4.4256271E-08  1.1871927E-08  7.3630645E-06  1.7757940E-07  1.6028566E-09  1.0340522E-12  9.2048308E-07  2.3543589E-08  0.000E+00  2.232E-04  4.928E-04  9.573E-01  1.081E+00  4.87E+02  0.00E+00  1.74E+02  0.514083  0.000538  0.0000000E+00  4.0490725800E-03
 33  3.140399728647006E+08    2.000000  1.604949  4.141065  7.4956521E-01  2.5021609E-01  9.9443934E-07  2.8787969E-08  5.0495611E-07  6.7155470E-06  1.2800592E-08  1.6816545E-09  9.2048308E-07  2.3543589E-08  0.000E+00  0.0000  4.141065  -30.000  2.218339  7.447692  4.6457095E-01  5.3541961E-01  4.4379122E-08  1.1905296E-08  7.3634043E-06  1.7701417E-07  1.5732787E-09  1.0227664E-12  9.2048308E-07  2.3543589E-08  0.000E+00  2.229E-04  4.962E-04  9.573E-01  1.081E+00  4.86E+02  0.00E+00  1.74E+02  0.513762  0.000541  0.0000000E+00  4.0490725800E-03
 34  3.187428051779667E+08    2.000000  1.607765  4.141595  7.4941766E-01  2.5036064E-01  9.8087023E-07  2.9240850E-08  5.2610553E-07  6.7080266E-06  1.3761672E-08  1.6645770E-09  9.2048308E-07  2.3543589E-08  0.000E+00  0.0000  4.141595  -30.000  2.224871  7.448641  4.5569694E-01  5.4429366E-01  4.4529698E-08  1.1946200E-08  7.3637998E-06  1.7634470E-07  1.5377941E-09  1.0091700E-12  9.2048308E-07  2.3543589E-08  0.000E+00  2.224E-04  4.992E-04  9.574E-01  1.081E+00  4.86E+02  0.00E+00  1.74E+02  0.513467  0.000545  0.0000000E+00  4.0490725800E-03
 35  3.234960891162914E+08    2.000000  1.610403  4.142226  7.4926761E-01  2.5050810E-01  9.6767809E-07  2.9653224E-08  5.4687905E-07  6.7004584E-06  1.4748385E-08  1.6478296E-09  9.2048308E-07  2.3543589E-08  0.000E+00  0.0000  4.142226  -30.000  2.231195  7.449323  4.4682294E-01  5.5316766E-01  4.4639978E-08  1.1976154E-08  7.3641119E-06  1.7582803E-07  1.5124283E-09  9.9928077E-13  9.2048308E-07  2.3543589E-08  0.000E+00  2.220E-04  5.013E-04  9.575E-01  1.080E+00  4.86E+02  0.00E+00  1.74E+02  0.512556  0.000548  0.0000000E+00  4.0490725800E-03
 36  3.282991934430142E+08    2.000000  1.613137  4.142812  7.4909105E-01  2.5068185E-01  9.5289794E-07  3.0083386E-08  5.7041257E-07  6.6916592E-06  1.5920579E-08  1.6289010E-09  9.2048308E-07  2.3543589E-08  0.000E+00  0.0000  4.142812  -30.000  2.237913  7.450242  4.3794893E-01  5.6204157E-01  4.4787728E-08  1.2016293E-08  7.3645079E-06  1.7516063E-07  1.4790573E-09  9.8623474E-13  9.2048308E-07  2.3543589E-08  0.000E+00  2.220E-04  5.033E-04  9.575E-01  1.080E+00  4.86E+02  0.00E+00  1.74E+02  0.512871  0.000552  0.0000000E+00  4.0490725800E-03
 37  3.331477887027935E+08    2.000000  1.615874  4.143366  7.4889649E-01  2.5087361E-01  9.3745593E-07  3.0498280E-08  5.9530492E-07  6.6820840E-06  1.7225890E-08  1.6089453E-09  9.2048308E-07  2.3543589E-08  0.000E+00  0.0000  4.143366  -30.000  2.244846  7.451364  4.2907493E-01  5.7091567E-01  4.4968023E-08  1.2065279E-08  7.3649849E-06  1.7435241E-07  1.4392549E-09  9.7052544E-13  9.2048308E-07  2.3543589E-08  0.000E+00  2.221E-04  5.050E-04  9.574E-01  1.081E+00  4.86E+02  0.00E+00  1.74E+02  0.513577  0.000555  0.0000000E+00  4.0490725800E-03
 38  3.380439578469769E+08    2.000000  1.618724  4.143872  7.4868941E-01  2.5107819E-01  9.2189632E-07  3.0882051E-08  6.2071884E-07  6.6720152E-06  1.8629990E-08  1.5886589E-09  9.2048308E-07  2.3543589E-08  0.000E+00  0.0000  4.143872  -30.000  2.251638  7.452252  4.2020092E-01  5.7978968E-01  4.5112580E-08  1.2104553E-08  7.3653523E-06  1.7372049E-07  1.4085306E-09  9.5829368E-13  9.2048308E-07  2.3543589E-08  0.000E+00  2.218E-04  5.064E-04  9.574E-01  1.081E+00  4.86E+02  0.00E+00  1.74E+02  0.513618  0.000559  0.0000000E+00  4.0490725800E-03
 39  3.429865856616287E+08    2.000000  1.621627  4.144595  7.4846478E-01  2.5130046E-01  9.0597013E-07  3.1239913E-08  6.4710638E-07  6.6612298E-06  2.0166919E-08  1.5677126E-09  9.2048308E-07  2.3543589E-08  0.000E+00  0.0000  4.144595  -30.000  2.258550  7.453288  4.1132692E-01  5.8866368E-01  4.5281480E-08  1.2150445E-08  7.3657980E-06  1.7296285E-07  1.3732122E-09  9.4403937E-13  9.2048308E-07  2.3543589E-08  0.000E+00  2.223E-04  5.075E-04  9.571E-01  1.081E+00  4.86E+02  0.00E+00  1.74E+02  0.514753  0.000562  0.0000000E+00  4.0490725800E-03
 40  3.479799551679543E+08    2.000000  1.624533  4.145214  7.4822830E-01  2.5153472E-01  8.9019428E-07  3.1560376E-08  6.7365263E-07  6.6500225E-06  2.1795193E-08  1.5467865E-09  9.2048308E-07  2.3543589E-08  0.000E+00  0.0000  4.145214  -30.000  2.265501  7.454326  4.0245292E-01  5.9753768E-01  4.5451643E-08  1.2196683E-08  7.3662342E-06  1.7221315E-07  1.3387145E-09  9.2999027E-13  9.2048308E-07  2.3543589E-08  0.000E+00  2.224E-04  5.084E-04  9.571E-01  1.081E+00  4.86E+02  0.00E+00  1.74E+02  0.515292  0.000566  0.0000000E+00  4.0490725800E-03
 41  3.530229186644555E+08    2.000000  1.627504  4.145825  7.4797273E-01  2.5178830E-01  8.7416260E-07  3.1852626E-08  7.0108039E-07  6.6380536E-06  2.3562103E-08  1.5253467E-09  9.2048308E-07  2.3543589E-08  0.000E+00  0.0000  4.145825  -30.000  2.272634  7.455463  3.9357891E-01  6.0641169E-01  4.5638930E-08  1.2247579E-08  7.3667021E-06  1.7140097E-07  1.3018525E-09  9.1483088E-13  9.2048308E-07  2.3543589E-08  0.000E+00  2.227E-04  5.094E-04  9.569E-01  1.082E+00  4.86E+02  0.00E+00  1.75E+02  0.516178  0.000570  0.0000000E+00  4.0490725800E-03
 42  3.581054240596141E+08    2.000000  1.630585  4.146454  7.4767281E-01  2.5208619E-01  8.5656332E-07  3.2136541E-08  7.3175450E-07  6.6241899E-06  2.5634434E-08  1.5016171E-09  9.2048308E-07  2.3543589E-08  0.000E+00  0.0000  4.146454  -30.000  2.279793  7.456628  3.8470491E-01  6.1528569E-01  4.5831799E-08  1.2299995E-08  7.3671729E-06  1.7057595E-07  1.2650986E-09  8.9954840E-13  9.2048308E-07  2.3543589E-08  0.000E+00  2.228E-04  5.102E-04  9.568E-01  1.082E+00  4.85E+02  0.00E+00  1.75E+02  0.516922  0.000574  0.0000000E+00  4.0490725800E-03
 43  3.632311999146814E+08    2.000000  1.633672  4.147089  7.4737669E-01  2.5238077E-01  8.4034966E-07  3.2364514E-08  7.6059631E-07  6.6106726E-06  2.7671662E-08  1.4795791E-09  9.2048308E-07  2.3543589E-08  0.000E+00  0.0000  4.147089  -30.000  2.287051  7.457805  3.7583090E-01  6.2415970E-01  4.6027901E-08  1.2353291E-08  7.3676500E-06  1.6973789E-07  1.2288979E-09  8.8429996E-13  9.2048308E-07  2.3543589E-08  0.000E+00  2.233E-04  5.109E-04  9.564E-01  1.082E+00  4.85E+02  0.00E+00  1.75E+02  0.518463  0.000578  0.0000000E+00  4.0490725800E-03
 44  3.684006763723668E+08    2.000000  1.636916  4.147719  7.4704252E-01  2.5271348E-01  8.2328933E-07  3.2570810E-08  7.9160618E-07  6.5956073E-06  2.9950285E-08  1.4562127E-09  9.2048308E-07  2.3543589E-08  0.000E+00  0.0000  4.147719  -30.000  2.294351  7.458962  3.6695690E-01  6.3303370E-01  4.6222292E-08  1.2406126E-08  7.3680991E-06  1.6893313E-07  1.1943193E-09  8.6960180E-13  9.2048308E-07  2.3543589E-08  0.000E+00  2.235E-04  5.115E-04  9.563E-01  1.083E+00  4.85E+02  0.00E+00  1.76E+02  0.519513  0.000582  0.0000000E+00  4.0490725800E-03
 45  3.736104780822223E+08    2.000000  1.639996  4.148463  7.4669405E-01  2.5306065E-01  8.0672749E-07  3.2739300E-08  8.2241647E-07  6.5800879E-06  3.2296044E-08  1.4333600E-09  9.2048308E-07  2.3543589E-08  0.000E+00  0.0000  4.148463  -30.000  2.301710  7.460220  3.5808289E-01  6.4190771E-01  4.6434641E-08  1.2463846E-08  7.3686209E-06  1.6801753E-07  1.1574368E-09  8.5363187E-13  9.2048308E-07  2.3543589E-08  0.000E+00  2.240E-04  5.120E-04  9.561E-01  1.083E+00  4.85E+02  0.00E+00  1.76E+02  0.520511  0.000586  0.0000000E+00  4.0490725800E-03
 46  3.788562422220520E+08    2.000000  1.643163  4.149052  7.4631602E-01  2.5343758E-01  7.8999255E-07  3.2878858E-08  8.5431381E-07  6.5634435E-06  3.4800769E-08  1.4101038E-09  9.2048308E-07  2.3543589E-08  0.000E+00  0.0000  4.149052  -30.000  2.309180  7.461490  3.4920889E-01  6.5078171E-01  4.6650577E-08  1.2522545E-08  7.3691155E-06  1.6712616E-07  1.1214555E-09  8.3791726E-13  9.2048308E-07  2.3543589E-08  0.000E+00  2.243E-04  5.126E-04  9.558E-01  1.084E+00  4.85E+02  0.00E+00  1.77E+02  0.521895  0.000590  0.0000000E+00  4.0490725800E-03
 47  3.841378278737423E+08    2.000000  1.646577  4.149866  7.4592621E-01  2.5382639E-01  7.7390662E-07  3.2984752E-08  8.8575602E-07  6.5464651E-06  3.7336490E-08  1.3875970E-09  9.2048308E-07  2.3543589E-08  0.000E+00  0.0000  4.149866  -30.000  2.316697  7.462811  3.4033488E-01  6.5965572E-01  4.6876689E-08  1.2584015E-08  7.3696343E-06  1.6619050E-07  1.0850276E-09  8.2176906E-13  9.2048308E-07  2.3543589E-08  0.000E+00  2.248E-04  5.131E-04  9.556E-01  1.084E+00  4.85E+02  0.00E+00  1.77E+02  0.523031  0.000595  0.0000000E+00  4.0490725800E-03
 48  3.894507650683039E+08    2.000000  1.649932  4.150581  7.4548378E-01  2.5426802E-01  7.5688488E-07  3.3067660E-08  9.1991683E-07  6.5273901E-06  4.0156029E-08  1.3636221E-09  9.2048308E-07  2.3543589E-08  0.000E+00  0.0000  4.150581  -30.000  2.324302  7.464186  3.3146088E-01  6.6852972E-01  4.7113457E-08  1.2648386E-08  7.3701636E-06  1.6522543E-07  1.0483204E-09  8.0528109E-13  9.2048308E-07  2.3543589E-08  0.000E+00  2.251E-04  5.137E-04  9.554E-01  1.084E+00  4.85E+02  0.00E+00  1.77E+02  0.524242  0.000599  0.0000000E+00  4.0490725800E-03
 49  3.947940645435390E+08    2.000000  1.653381  4.151282  7.4503404E-01  2.5471711E-01  7.4074718E-07  3.3119188E-08  9.5320642E-07  6.5081849E-06  4.2959064E-08  1.3407439E-09  9.2048308E-07  2.3543589E-08  0.000E+00  0.0000  4.151282  -30.000  2.332037  7.465715  3.2258687E-01  6.7740373E-01  4.7378330E-08  1.2720407E-08  7.3707373E-06  1.6416535E-07  1.0088714E-09  7.8731464E-13  9.2048308E-07  2.3543589E-08  0.000E+00  2.258E-04  5.144E-04  9.551E-01  1.085E+00  4.85E+02  0.00E+00  1.78E+02  0.526044  0.000604  0.0000000E+00  4.0490725800E-03
 50  4.001566002363605E+08    2.000000  1.656734  4.152041  7.4454282E-01  2.5520778E-01  7.2426361E-07  3.3145440E-08  9.8816456E-07  6.4873873E-06  4.5951570E-08  1.3172297E-09  9.2048308E-07  2.3543589E-08  0.000E+00  0.0000  4.152041  -30.000  2.339709  7.467165  3.1371287E-01  6.8627773E-01  4.7632361E-08  1.2789483E-08  7.3712935E-06  1.6314042E-07  9.7254661E-10  7.7046912E-13  9.2048308E-07  2.3543589E-08  0.000E+00  2.262E-04  5.150E-04  9.548E-01  1.086E+00  4.85E+02  0.00E+00  1.78E+02  0.527288  0.000608  0.0000000E+00  4.0490725800E-03
 51  4.055433133239475E+08    2.000000  1.660241  4.152771  7.4406257E-01  2.5568773E-01  7.0914188E-07  3.3146564E-08  1.0211278E-06  6.4672076E-06  4.8811314E-08  1.2955306E-09  9.2048308E-07  2.3543589E-08  0.000E+00  0.0000  4.152771  -30.000  2.347478  7.468708  3.0483886E-01  6.9515174E-01  4.7904407E-08  1.2863465E-08  7.3718624E-06  1.6207173E-07  9.3532535E-10  7.5297201E-13  9.2048308E-07  2.3543589E-08  0.000E+00  2.268E-04  5.157E-04  9.545E-01  1.086E+00  4.85E+02  0.00E+00  1.79E+02  0.528900  0.000613  0.0000000E+00  4.0490725800E-03
 52  4.109368336657106E+08    2.000000  1.663773  4.153539  7.4351523E-01  2.5623467E-01  6.9293723E-07  3.3123953E-08  1.0574412E-06  6.4443682E-06  5.1996003E-08  1.2721440E-09  9.2048308E-07  2.3543589E-08  0.000E+00  0.0000  4.153539  -30.000  2.355284  7.470342  2.9596486E-01  7.0402578E-01  4.8194714E-08  1.2942420E-08  7.3724627E-06  1.6093747E-07  8.9729228E-10  7.3478079E-13  9.2048308E-07  2.3543589E-08  0.000E+00  2.273E-04  5.165E-04  9.542E-01  1.087E+00  4.85E+02  0.00E+00  1.80E+02  0.530448  0.000618  0.0000000E+00  4.0490725800E-03
 53  4.163351112852033E+08    2.000000  1.667287  4.154261  7.4294915E-01  2.5680065E-01  6.7717021E-07  3.3078598E-08  1.0938034E-06  6.4208861E-06  5.5213328E-08  1.2492574E-09  9.2048308E-07  2.3543589E-08  0.000E+00  0.0000  4.154261  -30.000  2.363087  7.472027  2.8709085E-01  7.1289975E-01  4.8496745E-08  1.3024572E-08  7.3730686E-06  1.5977697E-07  8.5957220E-10  7.1643280E-13  9.2048308E-07  2.3543589E-08  0.000E+00  2.276E-04  5.172E-04  9.540E-01  1.087E+00  4.84E+02  0.00E+00  1.80E+02  0.531652  0.000623  0.0000000E+00  4.0490725800E-03
 54  4.217340363832717E+08    2.000000  1.670983  4.154941  7.4238116E-01  2.5736844E-01  6.6223205E-07  3.3014747E-08  1.1292257E-06  6.3974538E-06  5.8367782E-08  1.2274557E-09  9.2048308E-07  2.3543589E-08  0.000E+00  0.0000  4.154941  -30.000  2.370965  7.473652  2.7821685E-01  7.2177375E-01  4.8791051E-08  1.3104627E-08  7.3736291E-06  1.5867847E-07  8.2466537E-10  6.9918607E-13  9.2048308E-07  2.3543589E-08  0.000E+00  2.279E-04  5.182E-04  9.537E-01  1.088E+00  4.84E+02  0.00E+00  1.80E+02  0.533051  0.000628  0.0000000E+00  4.0490725800E-03
 55  4.271207619061482E+08    2.000000  1.674608  4.155753  7.4175773E-01  2.5799190E-01  6.4671035E-07  3.2927145E-08  1.1670700E-06  6.3718440E-06  6.1753301E-08  1.2046810E-09  9.2048308E-07  2.3543589E-08  0.000E+00  0.0000  4.155753  -30.000  2.378829  7.475553  2.6934284E-01  7.3064786E-01  4.9137820E-08  1.3198968E-08  7.3742948E-06  1.5737660E-07  7.8533063E-10  6.7934620E-13  9.2048308E-07  2.3543589E-08  0.000E+00  2.285E-04  5.192E-04  9.534E-01  1.089E+00  4.84E+02  0.00E+00  1.81E+02  0.534680  0.000633  0.0000000E+00  4.0490725800E-03
 56  4.324913595161864E+08    2.000000  1.678081  4.156552  7.4114252E-01  2.5860718E-01  6.3218483E-07  3.2825636E-08  1.2034825E-06  6.3466702E-06  6.5019820E-08  1.1832559E-09  9.2048308E-07  2.3543589E-08  0.000E+00  0.0000  4.156552  -30.000  2.386608  7.477341  2.6046884E-01  7.3952186E-01  4.9463743E-08  1.3287703E-08  7.3748705E-06  1.5620617E-07  7.5227504E-10  6.6260655E-13  9.2048308E-07  2.3543589E-08  0.000E+00  2.288E-04  5.202E-04  9.532E-01  1.089E+00  4.84E+02  0.00E+00  1.81E+02  0.535514  0.000638  0.0000000E+00  4.0490725800E-03
 57  4.378739921180013E+08    2.000000  1.681784  4.157354  7.4051330E-01  2.5923650E-01  6.1804433E-07  3.2708767E-08  1.2398889E-06  6.3210052E-06  6.8289453E-08  1.1622944E-09  9.2048308E-07  2.3543589E-08  0.000E+00  0.0000  4.157354  -30.000  2.394466  7.479080  2.5159483E-01  7.4839579E-01  4.9756011E-08  1.3367714E-08  7.3750191E-06  1.5556170E-07  7.3797815E-10  6.5741863E-13  9.2048308E-07  2.3543589E-08  0.000E+00  2.293E-04  5.212E-04  9.529E-01  1.089E+00  4.84E+02  0.00E+00  1.82E+02  0.536982  0.000643  0.0000000E+00  4.0490725800E-03
 58  4.432917505324525E+08    2.000000  1.685393  4.158096  7.3985739E-01  2.5989267E-01  6.0399128E-07  3.2574834E-08  1.2770511E-06  6.2943181E-06  7.1625740E-08  1.1413592E-09  9.2048308E-07  2.3543589E-08  0.000E+00  0.0000  4.158096  -30.000  2.402389  7.481107  2.4272083E-01  7.5726987E-01  5.0098811E-08  1.3461575E-08  7.3751859E-06  1.5481384E-07  7.2160530E-10  6.5141111E-13  9.2048308E-07  2.3543589E-08  0.000E+00  2.298E-04  5.224E-04  9.527E-01  1.090E+00  4.84E+02  0.00E+00  1.82E+02  0.538557  0.000648  0.0000000E+00  4.0490725800E-03
 59  4.487240529144627E+08    2.000000  1.689101  4.158822  7.3915261E-01  2.6059779E-01  5.8956640E-07  3.2419516E-08  1.3162145E-06  6.2657031E-06  7.5135573E-08  1.1197658E-09  9.2048308E-07  2.3543589E-08  0.000E+00  0.0000  4.158822  -30.000  2.410434  7.483136  2.3384683E-01  7.6614377E-01  5.0445926E-08  1.3556630E-08  7.3753450E-06  1.5406738E-07  7.0551895E-10  6.4543428E-13  9.2048308E-07  2.3543589E-08  0.000E+00  2.305E-04  5.237E-04  9.522E-01  1.091E+00  4.84E+02  0.00E+00  1.83E+02  0.540605  0.000653  0.0000000E+00  4.0490725800E-03
 60  4.541764235344893E+08    2.000000  1.692865  4.159607  7.3844549E-01  2.6130519E-01  5.7572982E-07  3.2253302E-08  1.3547953E-06  6.2370414E-06  7.8582460E-08  1.0989516E-09  9.2048308E-07  2.3543589E-08  0.000E+00  0.0000  4.159607  -30.000  2.418554  7.485104  2.2497282E-01  7.7501778E-01  5.0786967E-08  1.3650033E-08  7.3754953E-06  1.5334037E-07  6.9016915E-10  6.3964848E-13  9.2048308E-07  2.3543589E-08  0.000E+00  2.308E-04  5.250E-04  9.520E-01  1.092E+00  4.84E+02  0.00E+00  1.84E+02  0.541921  0.000659  0.0000000E+00  4.0490725800E-03
 61  4.596505688182990E+08    2.000000  1.696707  4.160445  7.3770931E-01  2.6204179E-01  5.6193522E-07  3.2070640E-08  1.3942876E-06  6.2072402E-06  8.2095334E-08  1.0780999E-09  9.2048308E-07  2.3543589E-08  0.000E+00  0.0000  4.160445  -30.000  2.426742  7.487011  2.1609882E-01  7.8389178E-01  5.1121363E-08  1.3741626E-08  7.3756358E-06  1.5263494E-07  6.7554788E-10  6.3406287E-13  9.2048308E-07  2.3543589E-08  0.000E+00  2.313E-04  5.263E-04  9.518E-01  1.092E+00  4.83E+02  0.00E+00  1.84E+02  0.543253  0.000664  0.0000000E+00  4.0490725800E-03
 62  4.651358632331995E+08    2.000000  1.700581  4.161240  7.3695018E-01  2.6280132E-01  5.4829429E-07  3.1873364E-08  1.4343786E-06  6.1765363E-06  8.5641444E-08  1.0573811E-09  9.2048308E-07  2.3543589E-08  0.000E+00  0.0000  4.161240  -30.000  2.435012  7.489029  2.0722481E-01  7.9276582E-01  5.1478774E-08  1.3839538E-08  7.3757767E-06  1.5189110E-07  6.6035423E-10  6.2818866E-13  9.2048308E-07  2.3543589E-08  0.000E+00  2.314E-04  5.279E-04  9.515E-01  1.092E+00  4.83E+02  0.00E+00  1.84E+02  0.544200  0.000670  0.0000000E+00  4.0490725800E-03
 63  4.706323761640338E+08    2.000000  1.704415  4.162002  7.3619440E-01  2.6355753E-01  5.3524973E-07  3.1669049E-08  1.4737198E-06  6.1459862E-06  8.9097840E-08  1.0374737E-09  9.2048308E-07  2.3543589E-08  0.000E+00  0.0000  4.162002  -30.000  2.443307  7.491187  1.9835081E-01  8.0163983E-01  5.1865002E-08  1.3945361E-08  7.3759214E-06  1.5109562E-07  6.4440467E-10  6.2193528E-13  9.2048308E-07  2.3543589E-08  0.000E+00  2.320E-04  5.294E-04  9.512E-01  1.093E+00  4.83E+02  0.00E+00  1.85E+02  0.546126  0.000676  0.0000000E+00  4.0490725800E-03
 64  4.761365299221467E+08    2.000000  1.708344  4.162785  7.3540498E-01  2.6434754E-01  5.2214145E-07  3.1448222E-08  1.5142718E-06  6.1140839E-06  9.2632896E-08  1.0173748E-09  9.2048308E-07  2.3543589E-08  0.000E+00  0.0000  4.162785  -30.000  2.451665  7.493394  1.8947680E-01  8.1051387E-01  5.2264611E-08  1.4054869E-08  7.3760608E-06  1.5028371E-07  6.2842394E-10  6.1557955E-13  9.2048308E-07  2.3543589E-08  0.000E+00  2.324E-04  5.309E-04  9.509E-01  1.094E+00  4.83E+02  0.00E+00  1.85E+02  0.547565  0.000681  0.0000000E+00  4.0490725800E-03
 65  4.816455633716083E+08    2.000000  1.712312  4.163586  7.3462348E-01  2.6512963E-01  5.0964345E-07  3.1222992E-08  1.5539234E-06  6.0825040E-06  9.6058986E-08  9.9812164E-10  9.2048308E-07  2.3543589E-08  0.000E+00  0.0000  4.163586  -30.000  2.460117  7.495477  1.8060280E-01  8.1938780E-01  5.2647174E-08  1.4159716E-08  7.3761845E-06  1.4951714E-07  6.1362848E-10  6.0960862E-13  9.2048308E-07  2.3543589E-08  0.000E+00  2.326E-04  5.326E-04  9.506E-01  1.094E+00  4.83E+02  0.00E+00  1.86E+02  0.548698  0.000687  0.0000000E+00  4.0490725800E-03
 66  4.871509388345813E+08    2.000000  1.716252  4.164378  7.3382366E-01  2.6593004E-01  4.9730375E-07  3.0986476E-08  1.5940457E-06  6.0501817E-06  9.9492370E-08  9.7902483E-10  9.2048308E-07  2.3543589E-08  0.000E+00  0.0000  4.164378  -30.000  2.468569  7.497691  1.7172879E-01  8.2826181E-01  5.3058272E-08  1.4272405E-08  7.3763101E-06  1.4870129E-07  5.9820146E-10  6.0328826E-13  9.2048308E-07  2.3543589E-08  0.000E+00  2.329E-04  5.344E-04  9.504E-01  1.095E+00  4.83E+02  0.00E+00  1.86E+02  0.550071  0.000693  0.0000000E+00  4.0490725800E-03
 67  4.926602831735636E+08    2.000000  1.720347  4.165099  7.3300516E-01  2.6674924E-01  4.8511634E-07  3.0738779E-08  1.6346652E-06  6.0170968E-06  1.0293097E-07  9.6007557E-10  9.2048308E-07  2.3543589E-08  0.000E+00  0.0000  4.165099  -30.000  2.477087  7.500085  1.6285479E-01  8.3713586E-01  5.3507997E-08  1.4395705E-08  7.3764310E-06  1.4782706E-07  5.8189958E-10  5.9652242E-13  9.2048308E-07  2.3543589E-08  0.000E+00  2.333E-04  5.361E-04  9.500E-01  1.096E+00  4.82E+02  0.00E+00  1.87E+02  0.551925  0.000700  0.0000000E+00  4.0490725800E-03
 68  4.981596212932069E+08    2.000000  1.724305  4.165960  7.3215110E-01  2.6760410E-01  4.7283235E-07  3.0474926E-08  1.6766274E-06  5.9825585E-06  1.0644164E-07  9.4088647E-10  9.2048308E-07  2.3543589E-08  0.000E+00  0.0000  4.165960  -30.000  2.485653  7.502236  1.5398078E-01  8.4600992E-01  5.3918397E-08  1.4508235E-08  7.3765389E-06  1.4703165E-07  5.6752279E-10  5.9043631E-13  9.2048308E-07  2.3543589E-08  0.000E+00  2.337E-04  5.380E-04  9.498E-01  1.096E+00  4.82E+02  0.00E+00  1.87E+02  0.553070  0.000706  0.0000000E+00  4.0490725800E-03
 69  5.036550729689983E+08    2.000000  1.728259  4.166724  7.3131049E-01  2.6844538E-01  4.6115029E-07  3.0210451E-08  1.7175286E-06  5.9485544E-06  1.0982003E-07  9.2255112E-10  9.2048308E-07  2.3543589E-08  0.000E+00  0.0000  4.166724  -30.000  2.494190  7.504638  1.4510678E-01  8.5488392E-01  5.4381578E-08  1.4635264E-08  7.3766468E-06  1.4614909E-07  5.5182341E-10  5.8369825E-13  9.2048308E-07  2.3543589E-08  0.000E+00  2.338E-04  5.400E-04  9.495E-01  1.097E+00  4.82E+02  0.00E+00  1.88E+02  0.554179  0.000712  0.0000000E+00  4.0490725800E-03
 70  5.091496206180745E+08    2.000000  1.732286  4.167441  7.3044247E-01  2.6931413E-01  4.4948202E-07  2.9932887E-08  1.7593865E-06  5.9134244E-06  1.1323067E-07  9.0415090E-10  9.2048308E-07  2.3543589E-08  0.000E+00  0.0000  4.167441  -30.000  2.502768  7.507107  1.3623277E-01  8.6375783E-01  5.4864170E-08  1.4767641E-08  7.3767455E-06  1.4524482E-07  5.3606145E-10  5.7682385E-13  9.2048308E-07  2.3543589E-08  0.000E+00  2.341E-04  5.420E-04  9.492E-01  1.097E+00  4.82E+02  0.00E+00  1.88E+02  0.555796  0.000718  0.0000000E+00  4.0490725800E-03
 71  5.146455214866877E+08    2.000000  1.736507  4.168321  7.2958557E-01  2.7017184E-01  4.3833085E-07  2.9654926E-08  1.8003608E-06  5.8787270E-06  1.1652157E-07  8.8648312E-10  9.2048308E-07  2.3543589E-08  0.000E+00  0.0000  4.168321  -30.000  2.511642  7.509306  1.2735877E-01  8.7263183E-01  5.5301516E-08  1.4887617E-08  7.3768250E-06  1.4443615E-07  5.2231544E-10  5.7072191E-13  9.2048308E-07  2.3543589E-08  0.000E+00  2.343E-04  5.442E-04  9.490E-01  1.097E+00  4.82E+02  0.00E+00  1.88E+02  0.556767  0.000725  0.0000000E+00  4.0490725800E-03
 72  5.201485305134619E+08    2.000000  1.740522  4.169072  7.2868834E-01  2.7107002E-01  4.2702325E-07  2.9360136E-08  1.8429199E-06  5.8423775E-06  1.1988756E-07  8.6848197E-10  9.2048308E-07  2.3543589E-08  0.000E+00  0.0000  4.169072  -30.000  2.520331  7.511824  1.1848476E-01  8.8150584E-01  5.5807381E-08  1.5026424E-08  7.3769061E-06  1.4351257E-07  5.0693123E-10  5.6378338E-13  9.2048308E-07  2.3543589E-08  0.000E+00  2.346E-04  5.463E-04  9.487E-01  1.098E+00  4.81E+02  0.00E+00  1.89E+02  0.558167  0.000731  0.0000000E+00  4.0490725800E-03
 73  5.256688376225529E+08    2.000000  1.744710  4.169710  7.2776268E-01  2.7199662E-01  4.1573017E-07  2.9052515E-08  1.8864775E-06  5.8048623E-06  1.2327560E-07  8.5041541E-10  9.2048308E-07  2.3543589E-08  0.000E+00  0.0000  4.169710  -30.000  2.529239  7.514352  1.0961076E-01  8.9037984E-01  5.6322818E-08  1.5167881E-08  7.3769692E-06  1.4259328E-07  4.9188662E-10  5.5689281E-13  9.2048308E-07  2.3543589E-08  0.000E+00  2.347E-04  5.487E-04  9.484E-01  1.099E+00  4.81E+02  0.00E+00  1.89E+02  0.559929  0.000738  0.0000000E+00  4.0490725800E-03
 74  5.312300522178354E+08    2.000000  1.748921  4.170598  7.2683724E-01  2.7292306E-01  4.0479926E-07  2.8741847E-08  1.9296903E-06  5.7673426E-06  1.2657761E-07  8.3284050E-10  9.2048308E-07  2.3543589E-08  0.000E+00  0.0000  4.170598  -30.000  2.538198  7.516867  1.0073675E-01  8.9925391E-01  5.6843674E-08  1.5310849E-08  7.3770302E-06  1.4166688E-07  4.7723203E-10  5.5003155E-13  9.2048308E-07  2.3543589E-08  0.000E+00  2.348E-04  5.509E-04  9.482E-01  1.099E+00  4.81E+02  0.00E+00  1.90E+02  0.560725  0.000745  0.0000000E+00  4.0490725800E-03
 75  5.368408647266027E+08    2.000000  1.753114  4.171363  7.2589630E-01  2.7386496E-01  3.9403325E-07  2.8423246E-08  1.9733024E-06  5.7291853E-06  1.2984872E-07  8.1544375E-10  9.2048308E-07  2.3543589E-08  0.000E+00  0.0000  4.171363  -30.000  2.547391  7.519313  9.1862749E-02  9.0812786E-01  5.7358295E-08  1.5452128E-08  7.3770748E-06  1.4076890E-07  4.6332937E-10  5.4341151E-13  9.2048308E-07  2.3543589E-08  0.000E+00  2.350E-04  5.533E-04  9.479E-01  1.100E+00  4.81E+02  0.00E+00  1.90E+02  0.562168  0.000751  0.0000000E+00  4.0490725800E-03
 76  5.425412388467617E+08    2.000000  1.757478  4.172170  7.2495166E-01  2.7481054E-01  3.8356258E-07  2.8101031E-08  2.0167702E-06  5.6908729E-06  1.3304548E-07  7.9843779E-10  9.2048308E-07  2.3543589E-08  0.000E+00  0.0000  4.172170  -30.000  2.556767  7.521841  8.2988745E-02  9.1700185E-01  5.7897923E-08  1.5600300E-08  7.3771090E-06  1.3984131E-07  4.4930651E-10  5.3661364E-13  9.2048308E-07  2.3543589E-08  0.000E+00  2.353E-04  5.557E-04  9.476E-01  1.101E+00  4.80E+02  0.00E+00  1.90E+02  0.563655  0.000758  0.0000000E+00  4.0490725800E-03
 77  5.483701926525351E+08    2.000000  1.762015  4.173001  7.2394208E-01  2.7582131E-01  3.7272591E-07  2.7754493E-08  2.0628962E-06  5.6499240E-06  1.3636681E-07  7.8074459E-10  9.2048308E-07  2.3543589E-08  0.000E+00  0.0000  4.173001  -30.000  2.566546  7.524334  7.4114740E-02  9.2587592E-01  5.8438955E-08  1.5748880E-08  7.3771303E-06  1.3892538E-07  4.3580913E-10  5.2994699E-13  9.2048308E-07  2.3543589E-08  0.000E+00  2.353E-04  5.583E-04  9.473E-01  1.101E+00  4.80E+02  0.00E+00  1.91E+02  0.564845  0.000766  0.0000000E+00  4.0490725800E-03
 78  5.544021908928896E+08    2.000000  1.766736  4.173692  7.2295119E-01  2.7681331E-01  3.6243057E-07  2.7412634E-08  2.1078465E-06  5.6097382E-06  1.3953120E-07  7.6384398E-10  9.2048308E-07  2.3543589E-08  0.000E+00  0.0000  4.173692  -30.000  2.576920  7.526775  6.5240735E-02  9.3474989E-01  5.8977645E-08  1.5896837E-08  7.3771279E-06  1.3803987E-07  4.2294773E-10  5.2350410E-13  9.2048308E-07  2.3543589E-08  0.000E+00  2.351E-04  5.608E-04  9.470E-01  1.102E+00  4.79E+02  0.00E+00  1.91E+02  0.566239  0.000774  0.0000000E+00  4.0490725800E-03
 79  5.607079659449536E+08    2.000000  1.771837  4.174645  7.2181804E-01  2.7794776E-01  3.5105363E-07  2.7020145E-08  2.1588684E-06  5.5638008E-06  1.4303418E-07  7.4505966E-10  9.2048308E-07  2.3543589E-08  0.000E+00  0.0000  4.174645  -30.000  2.587490  7.529433  5.6366730E-02  9.4362385E-01  5.9572371E-08  1.6060221E-08  7.3771288E-06  1.3705758E-07  4.0923885E-10  5.1646426E-13  9.2048308E-07  2.3543589E-08  0.000E+00  2.354E-04  5.634E-04  9.467E-01  1.103E+00  4.79E+02  0.00E+00  1.92E+02  0.567860  0.000783  0.0000000E+00  4.0490725800E-03
 80  5.674593274159013E+08    2.000000  1.777360  4.175612  7.2073731E-01  2.7902979E-01  3.4057783E-07  2.6644802E-08  2.2071630E-06  5.5200159E-06  1.4626130E-07  7.2765871E-10  9.2048308E-07  2.3543589E-08  0.000E+00  0.0000  4.175612  -30.000  2.599881  7.531468  4.7492726E-02  9.5249794E-01  6.0040308E-08  1.6188763E-08  7.3771074E-06  1.3630960E-07  3.9900340E-10  5.1112458E-13  9.2048308E-07  2.3543589E-08  0.000E+00  2.350E-04  5.664E-04  9.466E-01  1.103E+00  4.79E+02  0.00E+00  1.92E+02  0.568472  0.000792  0.0000000E+00  4.0490725800E-03
 81  5.748062687959831E+08    2.000000  1.783235  4.176683  7.1927014E-01  2.8049866E-01  3.2691635E-07  2.6134537E-08  2.2721664E-06  5.4606351E-06  1.5046474E-07  7.0480701E-10  9.2048308E-07  2.3543589E-08  0.000E+00  0.0000  4.176683  -30.000  2.611843  7.534389  3.8618721E-02  9.6137194E-01  6.0714181E-08  1.6373953E-08  7.3770835E-06  1.3522409E-07  3.8463192E-10  5.0346057E-13  9.2048308E-07  2.3543589E-08  0.000E+00  2.355E-04  5.684E-04  9.460E-01  1.104E+00  4.78E+02  0.00E+00  1.92E+02  0.570957  0.000802  0.0000000E+00  4.0490725800E-03
 82  5.831533709794406E+08    2.000000  1.790331  4.177858  7.1769139E-01  2.8207938E-01  3.1289347E-07  2.5585750E-08  2.3414175E-06  5.3968405E-06  1.5476302E-07  6.8115420E-10  9.2048308E-07  2.3543589E-08  0.000E+00  0.0000  4.177858  -30.000  2.626802  7.536742  2.9744716E-02  9.7024594E-01  6.1273814E-08  1.6527735E-08  7.3770377E-06  1.3435152E-07  3.7337150E-10  4.9733888E-13  9.2048308E-07  2.3543589E-08  0.000E+00  2.354E-04  5.714E-04  9.456E-01  1.105E+00  4.78E+02  0.00E+00  1.93E+02  0.572810  0.000815  0.0000000E+00  4.0490725800E-03
 83  5.932582603120089E+08    2.000000  1.799110  4.179415  7.1579417E-01  2.8397903E-01  2.9692512E-07  2.4928534E-08  2.4236914E-06  5.3203673E-06  1.5962003E-07  6.5395823E-10  9.2048308E-07  2.3543589E-08  0.000E+00  0.0000  4.179415  -30.000  2.644479  7.539388  2.0870711E-02  9.7911994E-01  6.1914703E-08  1.6703869E-08  7.3769767E-06  1.3336158E-07  3.6100456E-10  4.9046745E-13  9.2048308E-07  2.3543589E-08  0.000E+00  2.355E-04  5.739E-04  9.451E-01  1.106E+00  4.77E+02  0.00E+00  1.94E+02  0.575180  0.000830  0.0000000E+00  4.0490725800E-03
 84  6.070972958303225E+08    2.000000  1.811402  4.181582  7.1316181E-01  2.8661476E-01  2.7626861E-07  2.4024771E-08  2.5361422E-06  5.2147191E-06  1.6580423E-07  6.1832528E-10  9.2048308E-07  2.3543589E-08  0.000E+00  0.0000  4.181582  -30.000  2.668370  7.542230  1.1996707E-02  9.8799393E-01  6.2623714E-08  1.6898723E-08  7.3769006E-06  1.3227567E-07  3.4803216E-10  4.8305785E-13  9.2048308E-07  2.3543589E-08  0.000E+00  2.357E-04  5.760E-04  9.444E-01  1.108E+00  4.76E+02  0.00E+00  1.95E+02  0.578817  0.000853  0.0000000E+00  4.0490725800E-03
 85  6.345174718576677E+08    2.000000  1.838503  4.185785  7.0867750E-01  2.9110510E-01  2.4471522E-07  2.2520484E-08  2.7231768E-06  5.0363900E-06  1.7488723E-07  5.6278243E-10  9.2048308E-07  2.3543589E-08  0.000E+00  0.0000  4.185785  -30.000  2.719542  7.545489  3.1227020E-03  9.9686790E-01  6.3496210E-08  1.7138341E-08  7.3768188E-06  1.3092467E-07  3.3335937E-10  4.7424973E-13  9.2048308E-07  2.3543589E-08  0.000E+00  2.323E-04  5.943E-04  9.440E-01  1.108E+00  4.74E+02  0.00E+00  1.94E+02  0.580509  0.000905  0.0000000E+00  4.0490725800E-03
 86  6.352661903650751E+08    2.000000  1.839316  4.185733  7.0867087E-01  2.9111165E-01  2.4467190E-07  2.2518311E-08  2.7234479E-06  5.0361293E-06  1.7489928E-07  5.6270516E-10  9.2048308E-07  2.3543589E-08  0.000E+00  0.0000  4.185733  -30.000  2.720991  7.545577  2.9978354E-03  9.9699280E-01  6.3520218E-08  1.7144936E-08  7.3767997E-06  1.3090663E-07  3.3301557E-10  4.7407970E-13  9.2048308E-07  2.3543589E-08  0.000E+00  2.322E-04  5.956E-04  9.438E-01  1.108E+00  4.73E+02  0.00E+00  1.94E+02  0.581217  0.000907  0.0000000E+00  4.0490725800E-03
 87  6.360415789266891E+08    2.000000  1.840135  4.185776  7.0862830E-01  2.9115431E-01  2.4439257E-07  2.2504296E-08  2.7251962E-06  5.0344482E-06  1.7497698E-07  5.6220687E-10  9.2048308E-07  2.3543589E-08  0.000E+00  0.0000  4.185776  -30.000  2.722515  7.545601  2.8729688E-03  9.9711766E-01  6.3528940E-08  1.7147320E-08  7.3768095E-06  1.3088111E-07  3.3286947E-10  4.7395832E-13  9.2048308E-07  2.3543589E-08  0.000E+00  2.324E-04  5.970E-04  9.436E-01  1.109E+00  4.73E+02  0.00E+00  1.95E+02  0.582100  0.000909  0.0000000E+00  4.0490725800E-03
 88  6.368479506225533E+08    2.000000  1.841106  4.185888  7.0862774E-01  2.9115495E-01  2.4438852E-07  2.2504092E-08  2.7252218E-06  5.0344237E-06  1.7497810E-07  5.6219963E-10  9.2048308E-07  2.3543589E-08  0.000E+00  0.0000  4.185888  -30.000  2.724182  7.545617  2.7481022E-03  9.9724249E-01  6.3535940E-08  1.7149231E-08  7.3768097E-06  1.3086922E-07  3.3278468E-10  4.7389599E-13  9.2048308E-07  2.3543589E-08  0.000E+00  2.320E-04  5.985E-04  9.437E-01  1.109E+00  4.73E+02  0.00E+00  1.94E+02  0.581859  0.000911  0.0000000E+00  4.0490725800E-03
 89  6.376895903416508E+08    2.000000  1.842050  4.186022  7.0862560E-01  2.9115709E-01  2.4437448E-07  2.2503386E-08  2.7253099E-06  5.0343389E-06  1.7498200E-07  5.6217458E-10  9.2048308E-07  2.3543589E-08  0.000E+00  0.0000  4.186022  -30.000  2.726000  7.545560  2.6232356E-03  9.9736743E-01  6.3525402E-08  1.7146313E-08  7.3768184E-06  1.3087677E-07  3.3299697E-10  4.7399154E-13  9.2048308E-07  2.3543589E-08  0.000E+00  2.323E-04  6.002E-04  9.435E-01  1.109E+00  4.73E+02  0.00E+00  1.95E+02  0.582729  0.000913  0.0000000E+00  4.0490725800E-03
 90  6.385703748469026E+08    2.000000  1.843130  4.185998  7.0862500E-01  2.9115770E-01  2.4437064E-07  2.2503192E-08  2.7253341E-06  5.0343156E-06  1.7498306E-07  5.6216770E-10  9.2048308E-07  2.3543589E-08  0.000E+00  0.0000  4.185998  -30.000  2.727783  7.545613  2.4983689E-03  9.9749226E-01  6.3541355E-08  1.7150685E-08  7.3767957E-06  1.3087619E-07  3.3281856E-10  4.7392843E-13  9.2048308E-07  2.3543589E-08  0.000E+00  2.312E-04  6.018E-04  9.438E-01  1.109E+00  4.73E+02  0.00E+00  1.94E+02  0.581338  0.000915  0.0000000E+00  4.0490725800E-03
 91  6.394876382643282E+08    2.000000  1.844052  4.186007  7.0862480E-01  2.9115790E-01  2.4436931E-07  2.2503125E-08  2.7253425E-06  5.0343075E-06  1.7498343E-07  5.6216533E-10  9.2048308E-07  2.3543589E-08  0.000E+00  0.0000  4.186007  -30.000  2.729423  7.545670  2.3735023E-03  9.9761715E-01  6.3558264E-08  1.7155323E-08  7.3768077E-06  1.3083452E-07  3.3252178E-10  4.7370971E-13  9.2048308E-07  2.3543589E-08  0.000E+00  2.303E-04  6.034E-04  9.440E-01  1.108E+00  4.72E+02  0.00E+00  1.94E+02  0.580191  0.000917  0.0000000E+00  4.0490725800E-03
 92  6.404484582110759E+08    2.000000  1.845152  4.186275  7.0862300E-01  2.9115960E-01  2.4435777E-07  2.2502543E-08  2.7254151E-06  5.0342376E-06  1.7498663E-07  5.6214471E-10  9.2048308E-07  2.3543589E-08  0.000E+00  0.0000  4.186275  -30.000  2.731105  7.545714  2.2486357E-03  9.9774204E-01  6.3572324E-08  1.7159176E-08  7.3768127E-06  1.3080553E-07  3.3229663E-10  4.7355008E-13  9.2048308E-07  2.3543589E-08  0.000E+00  2.304E-04  6.050E-04  9.440E-01  1.108E+00  4.72E+02  0.00E+00  1.94E+02  0.580519  0.000919  0.0000000E+00  4.0490725800E-03
 93  6.414580103408563E+08    2.000000  1.846296  4.186327  7.0862272E-01  2.9115990E-01  2.4435620E-07  2.2502464E-08  2.7254250E-06  5.0342281E-06  1.7498706E-07  5.6214190E-10  9.2048308E-07  2.3543589E-08  0.000E+00  0.0000  4.186327  -30.000  2.732831  7.545816  2.1237691E-03  9.9786690E-01  6.3600065E-08  1.7166795E-08  7.3768027E-06  1.3077101E-07  3.3186935E-10  4.7330515E-13  9.2048308E-07  2.3543589E-08  0.000E+00  2.297E-04  6.066E-04  9.442E-01  1.108E+00  4.72E+02  0.00E+00  1.93E+02  0.579665  0.000922  0.0000000E+00  4.0490725800E-03
 94  6.425226236769286E+08    2.000000  1.847528  4.186307  7.0862250E-01  2.9116020E-01  2.4435430E-07  2.2502368E-08  2.7254369E-06  5.0342167E-06  1.7498758E-07  5.6213852E-10  9.2048308E-07  2.3543589E-08  0.000E+00  0.0000  4.186307  -30.000  2.734678  7.545938  1.9989025E-03  9.9799170E-01  6.3633261E-08  1.7175913E-08  7.3767769E-06  1.3074533E-07  3.3139230E-10  4.7306778E-13  9.2048308E-07  2.3543589E-08  0.000E+00  2.288E-04  6.083E-04  9.443E-01  1.107E+00  4.72E+02  0.00E+00  1.93E+02  0.578841  0.000924  0.0000000E+00  4.0490725800E-03
 95  6.436472094169558E+08    2.000000  1.848752  4.186558  7.0861202E-01  2.9117059E-01  2.4428667E-07  2.2498954E-08  2.7258632E-06  5.0338064E-06  1.7500631E-07  5.6201766E-10  9.2048308E-07  2.3543589E-08  0.000E+00  0.0000  4.186558  -30.000  2.736672  7.545911  1.8740359E-03  9.9811661E-01  6.3630592E-08  1.7175158E-08  7.3768064E-06  1.3071621E-07  3.3140878E-10  4.7299305E-13  9.2048308E-07  2.3543589E-08  0.000E+00  2.289E-04  6.101E-04  9.442E-01  1.108E+00  4.72E+02  0.00E+00  1.93E+02  0.579360  0.000927  0.0000000E+00  4.0490725800E-03
 96  6.448397882180995E+08    2.000000  1.850040  4.186552  7.0860920E-01  2.9117340E-01  2.4426818E-07  2.2498020E-08  2.7259797E-06  5.0336942E-06  1.7501142E-07  5.6198462E-10  9.2048308E-07  2.3543589E-08  0.000E+00  0.0000  4.186552  -30.000  2.738497  7.546078  1.7491693E-03  9.9824143E-01  6.3674479E-08  1.7187220E-08  7.3767893E-06  1.3066302E-07  3.3071614E-10  4.7260338E-13  9.2048308E-07  2.3543589E-08  0.000E+00  2.280E-04  6.118E-04  9.444E-01  1.107E+00  4.71E+02  0.00E+00  1.92E+02  0.578356  0.000930  0.0000000E+00  4.0490725800E-03
 97  6.461076770103323E+08    2.000000  1.851409  4.186467  7.0860840E-01  2.9117430E-01  2.4426280E-07  2.2497749E-08  2.7260136E-06  5.0336616E-06  1.7501291E-07  5.6197501E-10  9.2048308E-07  2.3543589E-08  0.000E+00  0.0000  4.186467  -30.000  2.740530  7.546199  1.6243027E-03  9.9836634E-01  6.3707669E-08  1.7196334E-08  7.3767853E-06  1.3061260E-07  3.3018617E-10  4.7227942E-13  9.2048308E-07  2.3543589E-08  0.000E+00  2.273E-04  6.138E-04  9.445E-01  1.108E+00  4.71E+02  0.00E+00  1.92E+02  0.578287  0.000933  0.0000000E+00  4.0490725800E-03
 98  6.474643181431912E+08    2.000000  1.852845  4.186558  7.0860784E-01  2.9117484E-01  2.4425923E-07  2.2497569E-08  2.7260361E-06  5.0336399E-06  1.7501390E-07  5.6196864E-10  9.2048308E-07  2.3543589E-08  0.000E+00  0.0000  4.186558  -30.000  2.742565  7.546342  1.4994361E-03  9.9849121E-01  6.3746301E-08  1.7206946E-08  7.3767776E-06  1.3055743E-07  3.2957002E-10  4.7191099E-13  9.2048308E-07  2.3543589E-08  0.000E+00  2.264E-04  6.157E-04  9.447E-01  1.107E+00  4.70E+02  0.00E+00  1.92E+02  0.577288  0.000936  0.0000000E+00  4.0490725800E-03
 99  6.489234768649482E+08    2.000000  1.854634  4.186850  7.0860736E-01  2.9117530E-01  2.4425602E-07  2.2497407E-08  2.7260563E-06  5.0336205E-06  1.7501479E-07  5.6196290E-10  9.2048308E-07  2.3543589E-08  0.000E+00  0.0000  4.186850  -30.000  2.744605  7.546513  1.3745695E-03  9.9861608E-01  6.3791993E-08  1.7219502E-08  7.3767713E-06  1.3048897E-07  3.2882519E-10  4.7145935E-13  9.2048308E-07  2.3543589E-08  0.000E+00  2.263E-04  6.176E-04  9.446E-01  1.107E+00  4.70E+02  0.00E+00  1.92E+02  0.577648  0.000940  0.0000000E+00  4.0490725800E-03
100  6.504997796444054E+08    2.000000  1.856333  4.186818  7.0860670E-01  2.9117590E-01  2.4425197E-07  2.2497202E-08  2.7260819E-06  5.0335959E-06  1.7501591E-07  5.6195566E-10  9.2048308E-07  2.3543589E-08  0.000E+00  0.0000  4.186818  -30.000  2.746588  7.546812  1.2497028E-03  9.9874089E-01  6.3868899E-08  1.7240651E-08  7.3767481E-06  1.3038813E-07  3.2757496E-10  4.7074050E-13  9.2048308E-07  2.3543589E-08  0.000E+00  2.260E-04  6.195E-04  9.444E-01  1.107E+00  4.70E+02  0.00E+00  1.92E+02  0.578642  0.000943  0.0000000E+00  4.0490725800E-03
101  6.522185937462406E+08    2.000000  1.858293  4.186768  7.0857323E-01  2.9120947E-01  2.4403424E-07  2.2486210E-08  2.7274540E-06  5.0322751E-06  1.7507616E-07  5.6156659E-10  9.2048308E-07  2.3543589E-08  0.000E+00  0.0000  4.186768  -30.000  2.748863  7.547085  1.1248362E-03  9.9886582E-01  6.3939905E-08  1.7260171E-08  7.3767279E-06  1.3029352E-07  3.2643467E-10  4.7007851E-13  9.2048308E-07  2.3543589E-08  0.000E+00  2.252E-04  6.217E-04  9.444E-01  1.107E+00  4.69E+02  0.00E+00  1.92E+02  0.578619  0.000948  0.0000000E+00  4.0490725800E-03
102  6.541086486157326E+08    2.000000  1.860346  4.186981  7.0857310E-01  2.9120960E-01  2.4403298E-07  2.2486147E-08  2.7274620E-06  5.0322675E-06  1.7507651E-07  5.6156434E-10  9.2048308E-07  2.3543589E-08  0.000E+00  0.0000  4.186981  -30.000  2.750972  7.547453  9.9996963E-04  9.9899070E-01  6.4033966E-08  1.7286042E-08  7.3767028E-06  1.3016635E-07  3.2490198E-10  4.6918439E-13  9.2048308E-07  2.3543589E-08  0.000E+00  2.242E-04  6.237E-04  9.446E-01  1.107E+00  4.69E+02  0.00E+00  1.91E+02  0.577481  0.000952  0.0000000E+00  4.0490725800E-03
103  6.562085900056543E+08    2.000000  1.862691  4.187079  7.0857300E-01  2.9120970E-01  2.4403278E-07  2.2486137E-08  2.7274632E-06  5.0322663E-06  1.7507657E-07  5.6156398E-10  9.2048308E-07  2.3543589E-08  0.000E+00  0.0000  4.187079  -30.000  2.753337  7.547864  8.7510302E-04  9.9911557E-01  6.4139775E-08  1.7315144E-08  7.3766852E-06  1.3001120E-07  3.2316049E-10  4.6813974E-13  9.2048308E-07  2.3543589E-08  0.000E+00  2.237E-04  6.260E-04  9.445E-01  1.107E+00  4.68E+02  0.00E+00  1.91E+02  0.577954  0.000957  0.0000000E+00  4.0490725800E-03
104  6.585783000604950E+08    2.000000  1.865347  4.187174  7.0857300E-01  2.9120970E-01  2.4403252E-07  2.2486124E-08  2.7274649E-06  5.0322647E-06  1.7507664E-07  5.6156352E-10  9.2048308E-07  2.3543589E-08  0.000E+00  0.0000  4.187174  -30.000  2.755753  7.548420  7.5023641E-04  9.9924042E-01  6.4281443E-08  1.7354118E-08  7.3766452E-06  1.2982233E-07  3.2087223E-10  4.6680528E-13  9.2048308E-07  2.3543589E-08  0.000E+00  2.218E-04  6.283E-04  9.451E-01  1.106E+00  4.68E+02  0.00E+00  1.90E+02  0.575606  0.000963  0.0000000E+00  4.0490725800E-03
105  6.613015086737523E+08    2.000000  1.868359  4.187127  7.0857290E-01  2.9120980E-01  2.4403205E-07  2.2486100E-08  2.7274678E-06  5.0322619E-06  1.7507677E-07  5.6156268E-10  9.2048308E-07  2.3543589E-08  0.000E+00  0.0000  4.187127  -30.000  2.758273  7.549172  6.2536980E-04  9.9936528E-01  6.4472451E-08  1.7406675E-08  7.3765842E-06  1.2957557E-07  3.1781834E-10  4.6503438E-13  9.2048308E-07  2.3543589E-08  0.000E+00  2.215E-04  6.307E-04  9.446E-01  1.107E+00  4.67E+02  0.00E+00  1.90E+02  0.577856  0.000970  0.0000000E+00  4.0490725800E-03
106  6.645190289514444E+08    2.000000  1.871978  4.187284  7.0857280E-01  2.9120990E-01  2.4403146E-07  2.2486070E-08  2.7274716E-06  5.0322583E-06  1.7507693E-07  5.6156162E-10  9.2048308E-07  2.3543589E-08  0.000E+00  0.0000  4.187284  -30.000  2.761245  7.550052  5.0050318E-04  9.9949012E-01  6.4696934E-08  1.7468447E-08  7.3765266E-06  1.2926931E-07  3.1423655E-10  4.6290514E-13  9.2048308E-07  2.3543589E-08  0.000E+00  2.203E-04  6.336E-04  9.446E-01  1.107E+00  4.66E+02  0.00E+00  1.90E+02  0.577587  0.000978  0.0000000E+00  4.0490725800E-03
107  6.684747027765626E+08    2.000000  1.876445  4.187310  7.0857270E-01  2.9121000E-01  2.4403054E-07  2.2486024E-08  2.7274774E-06  5.0322527E-06  1.7507719E-07  5.6155998E-10  9.2048308E-07  2.3543589E-08  0.000E+00  0.0000  4.187310  -30.000  2.764570  7.551362  3.7563657E-04  9.9961497E-01  6.5031569E-08  1.7560549E-08  7.3764122E-06  1.2884543E-07  3.0903573E-10  4.5985690E-13  9.2048308E-07  2.3543589E-08  0.000E+00  2.178E-04  6.369E-04  9.450E-01  1.106E+00  4.65E+02  0.00E+00  1.89E+02  0.575684  0.000988  0.0000000E+00  4.0490725800E-03
108  6.736981045795301E+08    2.000000  1.882483  4.187260  7.0857250E-01  2.9121020E-01  2.4402921E-07  2.2485957E-08  2.7274857E-06  5.0322447E-06  1.7507755E-07  5.6155761E-10  9.2048308E-07  2.3543589E-08  0.000E+00  0.0000  4.187260  -30.000  2.769168  7.553188  2.5076996E-04  9.9973984E-01  6.5502131E-08  1.7690078E-08  7.3762448E-06  1.2825669E-07  3.0191364E-10  4.5563571E-13  9.2048308E-07  2.3543589E-08  0.000E+00  2.165E-04  6.413E-04  9.445E-01  1.107E+00  4.63E+02  0.00E+00  1.89E+02  0.578243  0.001002  0.0000000E+00  4.0490725800E-03
109  6.817552545671674E+08    2.000000  1.892150  4.187180  7.0816135E-01  2.9162195E-01  2.4136331E-07  2.2351094E-08  2.7443265E-06  5.0160298E-06  1.7581406E-07  5.5679107E-10  9.2048308E-07  2.3543589E-08  0.000E+00  0.0000  4.187180  -30.000  2.777293  7.556154  1.2590335E-04  9.9986475E-01  6.6278955E-08  1.7903942E-08  7.3759215E-06  1.2733767E-07  2.9071647E-10  4.4895474E-13  9.2048308E-07  2.3543589E-08  0.000E+00  2.147E-04  6.493E-04  9.435E-01  1.109E+00  4.61E+02  0.00E+00  1.90E+02  0.582718  0.001024  0.0000000E+00  4.0490725800E-03
110  7.198794289144928E+08    2.000000  1.945980  4.187478  7.0794730E-01  2.9183630E-01  2.3998094E-07  2.2280973E-08  2.7530855E-06  5.0075925E-06  1.7619510E-07  5.5431759E-10  9.2048308E-07  2.3543589E-08  0.000E+00  0.0000  4.187478  -30.000  2.846569  7.568579  1.0367440E-06  9.9998960E-01  6.9747980E-08  1.8858719E-08  7.3729382E-06  1.2498445E-07  2.5065419E-10  4.2702924E-13  9.2048308E-07  2.3543589E-08  0.000E+00  1.923E-04  7.222E-04  9.457E-01  1.105E+00  4.47E+02  0.00E+00  1.80E+02  0.572744  0.001159  0.0000000E+00  4.0490725800E-03
111  7.215696794683667E+08    2.000000  1.948538  4.187343  7.0794680E-01  2.9183670E-01  2.3997796E-07  2.2280821E-08  2.7531045E-06  5.0075742E-06  1.7619592E-07  5.5431225E-10  9.2048308E-07  2.3543589E-08  0.000E+00  0.0000  4.187343  -30.000  2.850609  7.569121  7.7631199E-07  9.9998989E-01  6.9903728E-08  1.8901369E-08  7.3727290E-06  1.2496475E-07  2.4929715E-10  4.2658018E-13  9.2048308E-07  2.3543589E-08  0.000E+00  1.914E-04  7.267E-04  9.456E-01  1.105E+00  4.46E+02  0.00E+00  1.80E+02  0.573013  0.001166  0.0000000E+00  4.0490725800E-03
112  7.232599300222406E+08    2.000000  1.951276  4.187336  7.0794634E-01  2.9183720E-01  2.3997489E-07  2.2280666E-08  2.7531239E-06  5.0075555E-06  1.7619677E-07  5.5430676E-10  9.2048308E-07  2.3543589E-08  0.000E+00  0.0000  4.187336  -30.000  2.854882  7.569608  5.7591983E-07  9.9999010E-01  7.0045457E-08  1.8940205E-08  7.3725370E-06  1.2494855E-07  2.4802566E-10  4.2605976E-13  9.2048308E-07  2.3543589E-08  0.000E+00  1.897E-04  7.315E-04  9.460E-01  1.104E+00  4.45E+02  0.00E+00  1.79E+02  0.571063  0.001174  0.0000000E+00  4.0490725800E-03
113  7.249501805761144E+08    2.000000  1.954031  4.187344  7.0794480E-01  2.9183870E-01  2.3996515E-07  2.2280171E-08  2.7531857E-06  5.0074959E-06  1.7619945E-07  5.5428932E-10  9.2048308E-07  2.3543589E-08  0.000E+00  0.0000  4.187344  -30.000  2.859207  7.570101  4.2357939E-07  9.9999020E-01  7.0188209E-08  1.8979217E-08  7.3723409E-06  1.2493547E-07  2.4681491E-10  4.2567221E-13  9.2048308E-07  2.3543589E-08  0.000E+00  1.884E-04  7.363E-04  9.463E-01  1.104E+00  4.44E+02  0.00E+00  1.78E+02  0.569868  0.001181  0.0000000E+00  4.0490725800E-03
114  7.266404311299883E+08    2.000000  1.956713  4.187087  7.0794160E-01  2.9184200E-01  2.3994434E-07  2.2279114E-08  2.7533177E-06  5.0073688E-06  1.7620518E-07  5.5425208E-10  9.2048308E-07  2.3543589E-08  0.000E+00  0.0000  4.187087  -30.000  2.863471  7.570658  3.0863249E-07  9.9999030E-01  7.0338796E-08  1.9019763E-08  7.3721317E-06  1.2492501E-07  2.4561292E-10  4.2548604E-13  9.2048308E-07  2.3543589E-08  0.000E+00  1.871E-04  7.411E-04  9.463E-01  1.103E+00  4.43E+02  0.00E+00  1.78E+02  0.569788  0.001188  0.0000000E+00  4.0490725800E-03
115  7.283306816838622E+08    2.000000  1.959590  4.187141  7.0794150E-01  2.9184200E-01  2.3994401E-07  2.2279097E-08  2.7533198E-06  5.0073667E-06  1.7620527E-07  5.5425148E-10  9.2048308E-07  2.3543589E-08  0.000E+00  0.0000  4.187141  -30.000  2.867985  7.571145  2.2269373E-07  9.9999040E-01  7.0479405E-08  1.9057956E-08  7.3719347E-06  1.2491673E-07  2.4447514E-10  4.2521163E-13  9.2048308E-07  2.3543589E-08  0.000E+00  1.868E-04  7.462E-04  9.460E-01  1.104E+00  4.43E+02  0.00E+00  1.78E+02  0.571292  0.001196  0.0000000E+00  4.0490725800E-03
116  7.300209322377361E+08    2.000000  1.962388  4.187075  7.0794150E-01  2.9184200E-01  2.3994400E-07  2.2279097E-08  2.7533198E-06  5.0073667E-06  1.7620527E-07  5.5425148E-10  9.2048308E-07  2.3543589E-08  0.000E+00  0.0000  4.187075  -30.000  2.872578  7.571637  1.5918479E-07  9.9999050E-01  7.0615515E-08  1.9094619E-08  7.3717429E-06  1.2491027E-07  2.4342210E-10  4.2506297E-13  9.2048308E-07  2.3543589E-08  0.000E+00  1.860E-04  7.516E-04  9.459E-01  1.104E+00  4.42E+02  0.00E+00  1.78E+02  0.571793  0.001204  0.0000000E+00  4.0490725800E-03
117  7.317111827916099E+08    2.000000  1.965277  4.187022  7.0794150E-01  2.9184200E-01  2.3994399E-07  2.2279097E-08  2.7533199E-06  5.0073667E-06  1.7620528E-07  5.5425146E-10  9.2048308E-07  2.3543589E-08  0.000E+00  0.0000  4.187022  -30.000  2.877218  7.572144  1.1267319E-07  9.9999050E-01  7.0748526E-08  1.9129955E-08  7.3715549E-06  1.2490530E-07  2.4243984E-10  4.2505999E-13  9.2048308E-07  2.3543589E-08  0.000E+00  1.849E-04  7.569E-04  9.459E-01  1.104E+00  4.41E+02  0.00E+00  1.78E+02  0.571502  0.001212  0.0000000E+00  4.0490725800E-03
118  7.334014333454838E+08    2.000000  1.968116  4.186897  7.0794150E-01  2.9184200E-01  2.3994398E-07  2.2279096E-08  2.7533200E-06  5.0073666E-06  1.7620528E-07  5.5425143E-10  9.2048308E-07  2.3543589E-08  0.000E+00  0.0000  4.186897  -30.000  2.881856  7.572674  7.8951237E-08  9.9999060E-01  7.0876690E-08  1.9163583E-08  7.3713732E-06  1.2490150E-07  2.4153321E-10  4.2517266E-13  9.2048308E-07  2.3543589E-08  0.000E+00  1.834E-04  7.623E-04  9.462E-01  1.104E+00  4.40E+02  0.00E+00  1.77E+02  0.570163  0.001220  0.0000000E+00  4.0490725800E-03
119  7.350916838993577E+08    2.000000  1.971104  4.186921  7.0794150E-01  2.9184200E-01  2.3994395E-07  2.2279095E-08  2.7533202E-06  5.0073664E-06  1.7620529E-07  5.5425138E-10  9.2048308E-07  2.3543589E-08  0.000E+00  0.0000  4.186921  -30.000  2.886720  7.573165  5.4655207E-08  9.9999060E-01  7.1004344E-08  1.9197073E-08  7.3711914E-06  1.2489862E-07  2.4068130E-10  4.2540608E-13  9.2048308E-07  2.3543589E-08  0.000E+00  1.821E-04  7.680E-04  9.465E-01  1.103E+00  4.40E+02  0.00E+00  1.76E+02  0.569110  0.001228  0.0000000E+00  4.0490725800E-03
120  7.367819344532316E+08    2.000000  1.974088  4.186755  7.0794150E-01  2.9184200E-01  2.3994381E-07  2.2279087E-08  2.7533211E-06  5.0073655E-06  1.7620533E-07  5.5425113E-10  9.2048308E-07  2.3543589E-08  0.000E+00  0.0000  4.186755  -30.000  2.891588  7.573685  3.7529380E-08  9.9999060E-01  7.1114172E-08  1.9225451E-08  7.3710352E-06  1.2489650E-07  2.3996122E-10  4.2564074E-13  9.2048308E-07  2.3543589E-08  0.000E+00  1.809E-04  7.738E-04  9.465E-01  1.103E+00  4.39E+02  0.00E+00  1.76E+02  0.568917  0.001237  0.0000000E+00  4.0490725800E-03
121  7.384721850071055E+08    2.000000  1.977038  4.186701  7.0794150E-01  2.9184210E-01  2.3994366E-07  2.2279080E-08  2.7533220E-06  5.0073647E-06  1.7620537E-07  5.5425087E-10  9.2048308E-07  2.3543589E-08  0.000E+00  0.0000  4.186701  -30.000  2.896389  7.574251  2.5380677E-08  9.9999060E-01  7.1225071E-08  1.9252357E-08  7.3708787E-06  1.2489492E-07  2.3929830E-10  4.2625004E-13  9.2048308E-07  2.3543589E-08  0.000E+00  1.799E-04  7.795E-04  9.465E-01  1.103E+00  4.38E+02  0.00E+00  1.75E+02  0.568973  0.001245  0.0000000E+00  4.0490725800E-03
122  7.401624355609792E+08    2.000000  1.980042  4.186662  7.0794150E-01  2.9184210E-01  2.3994349E-07  2.2279071E-08  2.7533231E-06  5.0073636E-06  1.7620542E-07  5.5425055E-10  9.2048308E-07  2.3543589E-08  0.000E+00  0.0000  4.186662  -30.000  2.901575  7.574746  1.6946007E-08  9.9999060E-01  7.1323779E-08  1.9276296E-08  7.3707393E-06  1.2489377E-07  2.3873287E-10  4.2684238E-13  9.2048308E-07  2.3543589E-08  0.000E+00  1.788E-04  7.857E-04  9.466E-01  1.103E+00  4.37E+02  0.00E+00  1.75E+02  0.568472  0.001254  0.0000000E+00  4.0490725800E-03
123  7.418526861148531E+08    2.000000  1.983063  4.186498  7.0794140E-01  2.9184210E-01  2.3994316E-07  2.2279054E-08  2.7533252E-06  5.0073616E-06  1.7620551E-07  5.5424996E-10  9.2048308E-07  2.3543589E-08  0.000E+00  0.0000  4.186498  -30.000  2.906651  7.575300  1.1183652E-08  9.9999060E-01  7.1407794E-08  1.9296012E-08  7.3706212E-06  1.2489295E-07  2.3827112E-10  4.2744726E-13  9.2048308E-07  2.3543589E-08  0.000E+00  1.781E-04  7.919E-04  9.463E-01  1.103E+00  4.36E+02  0.00E+00  1.75E+02  0.569725  0.001263  0.0000000E+00  4.0490725800E-03
124  7.435429366687270E+08    2.000000  1.986284  4.186595  7.0769800E-01  2.9208590E-01  2.3837360E-07  2.2199346E-08  2.7632833E-06  4.9977675E-06  1.7663771E-07  5.5144066E-10  9.2048308E-07  2.3543589E-08  0.000E+00  0.0000  4.186595  -30.000  2.912001  7.575811  7.2742068E-09  9.9999060E-01  7.1480400E-08  1.9312155E-08  7.3705198E-06  1.2489238E-07  2.3789274E-10  4.2811673E-13  9.2048308E-07  2.3543589E-08  0.000E+00  1.760E-04  7.984E-04  9.470E-01  1.102E+00  4.35E+02  0.00E+00  1.74E+02  0.566379  0.001272  0.0000000E+00  4.0490725800E-03
125  7.452331872226009E+08    2.000000  1.989987  4.186669  7.0762120E-01  2.9216277E-01  2.3787894E-07  2.2174214E-08  2.7664231E-06  4.9947422E-06  1.7677387E-07  5.5055515E-10  9.2048308E-07  2.3543589E-08  0.000E+00  0.0000  4.186669  -30.000  2.921067  7.576308  4.6895139E-09  9.9999060E-01  7.1538917E-08  1.9324660E-08  7.3704387E-06  1.2489197E-07  2.3760099E-10  4.2872381E-13  9.2048308E-07  2.3543589E-08  0.000E+00  1.753E-04  8.096E-04  9.468E-01  1.103E+00  4.34E+02  0.00E+00  1.73E+02  0.567277  0.001282  0.0000000E+00  4.0490725800E-03
126  7.469234377764748E+08    2.000000  1.994185  4.186792  7.0758170E-01  2.9220240E-01  2.3762421E-07  2.2161271E-08  2.7680402E-06  4.9931841E-06  1.7684399E-07  5.5009915E-10  9.2048308E-07  2.3543589E-08  0.000E+00  0.0000  4.186792  -30.000  2.934132  7.576853  2.9797983E-09  9.9999060E-01  7.1586494E-08  1.9334145E-08  7.3703734E-06  1.2489170E-07  2.3737773E-10  4.2928058E-13  9.2048308E-07  2.3543589E-08  0.000E+00  1.745E-04  8.259E-04  9.467E-01  1.103E+00  4.33E+02  0.00E+00  1.73E+02  0.568098  0.001295  0.0000000E+00  4.0490725800E-03
127  7.486136883303486E+08    2.000000  1.998580  4.186839  7.0757206E-01  2.9221202E-01  2.3756214E-07  2.2158118E-08  2.7684343E-06  4.9928045E-06  1.7686107E-07  5.4998803E-10  9.2048308E-07  2.3543589E-08  0.000E+00  0.0000  4.186839  -30.000  2.947952  7.577380  1.8602311E-09  9.9999060E-01  7.1625069E-08  1.9341184E-08  7.3703212E-06  1.2489151E-07  2.3720711E-10  4.2980230E-13  9.2048308E-07  2.3543589E-08  0.000E+00  1.729E-04  8.436E-04  9.468E-01  1.102E+00  4.32E+02  0.00E+00  1.73E+02  0.567337  0.001308  0.0000000E+00  4.0490725800E-03
128  7.503039388842225E+08    2.000000  2.002997  4.186773  7.0756980E-01  2.9221420E-01  2.3754795E-07  2.2157397E-08  2.7685243E-06  4.9927177E-06  1.7686497E-07  5.4996264E-10  9.2048308E-07  2.3543589E-08  0.000E+00  0.0000  4.186773  -30.000  2.962679  7.577613  9.1679846E-10  9.9999060E-01  7.1653013E-08  1.9346124E-08  7.3702834E-06  1.2489138E-07  2.3708822E-10  4.3018663E-13  9.2048308E-07  2.3543589E-08  0.000E+00  1.708E-04  8.630E-04  9.473E-01  1.102E+00  4.31E+02  0.00E+00  1.71E+02  0.565140  0.001321  0.0000000E+00  4.0490725800E-03
129  7.519941894380964E+08    2.000000  2.007646  4.186558  7.0756007E-01  2.9222403E-01  2.3748488E-07  2.2154193E-08  2.7689247E-06  4.9923319E-06  1.7688233E-07  5.4984974E-10  9.2048308E-07  2.3543589E-08  0.000E+00  0.0000  4.186558  -30.000  2.978012  7.577807  0.0000000E+00  9.9999060E-01  7.1659748E-08  1.9347293E-08  7.3702744E-06  1.2489136E-07  2.3706020E-10  4.3027926E-13  9.2048308E-07  2.3543589E-08  0.000E+00  1.713E-04  8.834E-04  9.460E-01  1.105E+00  4.30E+02  0.00E+00  1.73E+02  0.571519  0.001336  0.0000000E+00  4.0490725800E-03
130  7.536844399919703E+08    2.000000  2.012265  4.186416  7.0754096E-01  2.9224312E-01  2.3736184E-07  2.2147940E-08  2.7697058E-06  4.9915793E-06  1.7691620E-07  5.4962946E-10  9.2048308E-07  2.3543589E-08  0.000E+00  0.0000  4.186416  -30.000  2.993094  7.578036  0.0000000E+00  9.9999060E-01  7.1659748E-08  1.9347293E-08  7.3702744E-06  1.2489136E-07  2.3706020E-10  4.3027926E-13  9.2048308E-07  2.3543589E-08  0.000E+00  1.692E-04  9.040E-04  9.463E-01  1.104E+00  4.29E+02  0.00E+00  1.72E+02  0.569688  0.001350  0.0000000E+00  4.0490725800E-03
131  7.553746905458441E+08    2.000000  2.017374  4.186354  7.0753950E-01  2.9224460E-01  2.3735263E-07  2.2147472E-08  2.7697643E-06  4.9915229E-06  1.7691873E-07  5.4961298E-10  9.2048308E-07  2.3543589E-08  0.000E+00  0.0000  4.186354  -30.000  3.008226  7.578282  0.0000000E+00  9.9999060E-01  7.1659748E-08  1.9347293E-08  7.3702744E-06  1.2489136E-07  2.3706020E-10  4.3027926E-13  9.2048308E-07  2.3543589E-08  0.000E+00  1.674E-04  9.251E-04  9.464E-01  1.105E+00  4.27E+02  0.00E+00  1.71E+02  0.569097  0.001366  0.0000000E+00  4.0490725800E-03
132  7.570649410997180E+08    2.000000  2.021993  4.186089  7.0752120E-01  2.9226290E-01  2.3723461E-07  2.2141476E-08  2.7705136E-06  4.9908010E-06  1.7695122E-07  5.4940172E-10  9.2048308E-07  2.3543589E-08  0.000E+00  0.0000  4.186089  -30.000  3.023508  7.578567  0.0000000E+00  9.9999060E-01  7.1659748E-08  1.9347293E-08  7.3702744E-06  1.2489136E-07  2.3706020E-10  4.3027926E-13  9.2048308E-07  2.3543589E-08  0.000E+00  1.639E-04  9.475E-04  9.477E-01  1.103E+00  4.26E+02  0.00E+00  1.69E+02  0.563258  0.001380  0.0000000E+00  4.0490725800E-03
133  7.587551916535919E+08    2.000000  2.026715  4.185874  7.0750659E-01  2.9227751E-01  2.3714070E-07  2.2136702E-08  2.7711099E-06  4.9902264E-06  1.7697706E-07  5.4923357E-10  9.2048308E-07  2.3543589E-08  0.000E+00  0.0000  4.185874  -30.000  3.038474  7.578968  0.0000000E+00  9.9999060E-01  7.1659748E-08  1.9347293E-08  7.3702744E-06  1.2489136E-07  2.3706020E-10  4.3027926E-13  9.2048308E-07  2.3543589E-08  0.000E+00  1.615E-04  9.694E-04  9.483E-01  1.101E+00  4.25E+02  0.00E+00  1.67E+02  0.560525  0.001396  0.0000000E+00  4.0490725800E-03
134  7.604454422074658E+08    2.000000  2.031527  4.185543  7.0750497E-01  2.9227913E-01  2.3713015E-07  2.2136166E-08  2.7711769E-06  4.9901619E-06  1.7697997E-07  5.4921468E-10  9.2048308E-07  2.3543589E-08  0.000E+00  0.0000  4.185543  -30.000  3.054374  7.579342  0.0000000E+00  9.9999060E-01  7.1659748E-08  1.9347293E-08  7.3702744E-06  1.2489136E-07  2.3706020E-10  4.3027926E-13  9.2048308E-07  2.3543589E-08  0.000E+00  1.601E-04  9.937E-04  9.481E-01  1.101E+00  4.23E+02  0.00E+00  1.67E+02  0.561499  0.001411  0.0000000E+00  4.0490725800E-03
135  7.621356927613397E+08    2.000000  2.036215  4.185163  7.0749343E-01  2.9229076E-01  2.3705556E-07  2.2132376E-08  2.7716505E-06  4.9897055E-06  1.7700049E-07  5.4908116E-10  9.2048308E-07  2.3543589E-08  0.000E+00  0.0000  4.185163  -30.000  3.070111  7.579772  0.0000000E+00  9.9999060E-01  7.1659748E-08  1.9347293E-08  7.3702744E-06  1.2489136E-07  2.3706020E-10  4.3027926E-13  9.2048308E-07  2.3543589E-08  0.000E+00  1.575E-04  1.018E-03  9.485E-01  1.102E+00  4.21E+02  0.00E+00  1.66E+02  0.559031  0.001427  0.0000000E+00  4.0490725800E-03
136  7.638259433152134E+08    2.000000  2.040908  4.184781  7.0749114E-01  2.9229306E-01  2.3704077E-07  2.2131624E-08  2.7717444E-06  4.9896150E-06  1.7700456E-07  5.4905468E-10  9.2048308E-07  2.3543589E-08  0.000E+00  0.0000  4.184781  -30.000  3.085836  7.580295  0.0000000E+00  9.9999060E-01  7.1659748E-08  1.9347293E-08  7.3702744E-06  1.2489136E-07  2.3706020E-10  4.3027926E-13  9.2048308E-07  2.3543589E-08  0.000E+00  1.584E-04  1.042E-03  9.468E-01  1.102E+00  4.20E+02  0.00E+00  1.68E+02  0.567101  0.001442  0.0000000E+00  4.0490725800E-03
137  7.655161938690873E+08    2.000000  2.045794  4.184140  7.0748244E-01  2.9230172E-01  2.3698492E-07  2.2128785E-08  2.7720991E-06  4.9892733E-06  1.7701993E-07  5.4895468E-10  9.2048308E-07  2.3543589E-08  0.000E+00  0.0000  4.184140  -30.000  3.102866  7.580794  0.0000000E+00  9.9999060E-01  7.1659748E-08  1.9347293E-08  7.3702744E-06  1.2489136E-07  2.3706020E-10  4.3027926E-13  9.2048308E-07  2.3543589E-08  0.000E+00  1.554E-04  1.070E-03  9.475E-01  1.104E+00  4.18E+02  0.00E+00  1.66E+02  0.563748  0.001458  0.0000000E+00  4.0490725800E-03
138  7.672064444229612E+08    2.000000  2.050923  4.183625  7.0747850E-01  2.9230564E-01  2.3695962E-07  2.2127500E-08  2.7722597E-06  4.9891185E-06  1.7702689E-07  5.4890940E-10  9.2048308E-07  2.3543589E-08  0.000E+00  0.0000  4.183625  -30.000  3.121136  7.581275  0.0000000E+00  9.9999060E-01  7.1659748E-08  1.9347293E-08  7.3702744E-06  1.2489136E-07  2.3706020E-10  4.3027926E-13  9.2048308E-07  2.3543589E-08  0.000E+00  1.515E-04  1.100E-03  9.489E-01  1.104E+00  4.16E+02  0.00E+00  1.63E+02  0.557375  0.001476  0.0000000E+00  4.0490725800E-03
139  7.688966949768351E+08    2.000000  2.056035  4.183211  7.0747741E-01  2.9230679E-01  2.3695228E-07  2.2127127E-08  2.7723063E-06  4.9890736E-06  1.7702892E-07  5.4889626E-10  9.2048308E-07  2.3543589E-08  0.000E+00  0.0000  4.183211  -30.000  3.138917  7.581852  0.0000000E+00  9.9999060E-01  7.1659748E-08  1.9347293E-08  7.3702744E-06  1.2489136E-07  2.3706020E-10  4.3027926E-13  9.2048308E-07  2.3543589E-08  0.000E+00  1.485E-04  1.131E-03  9.497E-01  1.101E+00  4.15E+02  0.00E+00  1.61E+02  0.553252  0.001493  0.0000000E+00  4.0490725800E-03
140  7.705869455307090E+08    2.000000  2.061116  4.182701  7.0747056E-01  2.9231364E-01  2.3690838E-07  2.2124895E-08  2.7725851E-06  4.9888048E-06  1.7704099E-07  5.4881765E-10  9.2048308E-07  2.3543589E-08  0.000E+00  0.0000  4.182701  -30.000  3.156186  7.582599  0.0000000E+00  9.9999060E-01  7.1659748E-08  1.9347293E-08  7.3702744E-06  1.2489136E-07  2.3706020E-10  4.3027926E-13  9.2048308E-07  2.3543589E-08  0.000E+00  1.457E-04  1.161E-03  9.504E-01  1.099E+00  4.13E+02  0.00E+00  1.59E+02  0.549965  0.001511  0.0000000E+00  4.0490725800E-03
141  7.722771960845828E+08    2.000000  2.066290  4.182072  7.0746120E-01  2.9232300E-01  2.3684827E-07  2.2121839E-08  2.7729669E-06  4.9884369E-06  1.7705753E-07  5.4871003E-10  9.2048308E-07  2.3543589E-08  0.000E+00  0.0000  4.182072  -30.000  3.174356  7.583393  0.0000000E+00  9.9999060E-01  7.1659748E-08  1.9347293E-08  7.3702744E-06  1.2489136E-07  2.3706020E-10  4.3027926E-13  9.2048308E-07  2.3543589E-08  0.000E+00  1.422E-04  1.193E-03  9.515E-01  1.097E+00  4.11E+02  0.00E+00  1.57E+02  0.544468  0.001529  0.0000000E+00  4.0490725800E-03
142  7.739674466384567E+08    2.000000  2.071617  4.181318  7.0745853E-01  2.9232567E-01  2.3683091E-07  2.2120957E-08  2.7730772E-06  4.9883307E-06  1.7706231E-07  5.4867897E-10  9.2048308E-07  2.3543589E-08  0.000E+00  0.0000  4.181318  -30.000  3.193443  7.584006  0.0000000E+00  9.9999060E-01  7.1659748E-08  1.9347293E-08  7.3702744E-06  1.2489136E-07  2.3706020E-10  4.3027926E-13  9.2048308E-07  2.3543589E-08  0.000E+00  1.391E-04  1.229E-03  9.523E-01  1.095E+00  4.08E+02  0.00E+00  1.55E+02  0.540523  0.001548  0.0000000E+00  4.0490725800E-03
143  7.756576971923306E+08    2.000000  2.076932  4.180443  7.0745694E-01  2.9232726E-01  2.3682075E-07  2.2120440E-08  2.7731418E-06  4.9882685E-06  1.7706510E-07  5.4866076E-10  9.2048308E-07  2.3543589E-08  0.000E+00  0.0000  4.180443  -30.000  3.211722  7.584378  0.0000000E+00  9.9999060E-01  7.1659748E-08  1.9347293E-08  7.3702744E-06  1.2489136E-07  2.3706020E-10  4.3027926E-13  9.2048308E-07  2.3543589E-08  0.000E+00  1.374E-04  1.265E-03  9.520E-01  1.094E+00  4.07E+02  0.00E+00  1.54E+02  0.541931  0.001566  0.0000000E+00  4.0490725800E-03
144  7.773479477462045E+08    2.000000  2.082527  4.179587  7.0745420E-01  2.9233000E-01  2.3680326E-07  2.2119551E-08  2.7732529E-06  4.9881614E-06  1.7706992E-07  5.4862944E-10  9.2048308E-07  2.3543589E-08  0.000E+00  0.0000  4.179587  -30.000  3.232284  7.585338  0.0000000E+00  9.9999060E-01  7.1659748E-08  1.9347293E-08  7.3702744E-06  1.2489136E-07  2.3706020E-10  4.3027926E-13  9.2048308E-07  2.3543589E-08  0.000E+00  1.349E-04  1.304E-03  9.522E-01  1.096E+00  4.05E+02  0.00E+00  1.53E+02  0.540743  0.001587  0.0000000E+00  4.0490725800E-03
145  7.790381983000783E+08    2.000000  2.088225  4.178567  7.0745299E-01  2.9233121E-01  2.3679532E-07  2.2119148E-08  2.7733033E-06  4.9881129E-06  1.7707210E-07  5.4861524E-10  9.2048308E-07  2.3543589E-08  0.000E+00  0.0000  4.178567  -30.000  3.253501  7.586309  0.0000000E+00  9.9999060E-01  7.1659748E-08  1.9347293E-08  7.3702744E-06  1.2489136E-07  2.3706020E-10  4.3027926E-13  9.2048308E-07  2.3543589E-08  0.000E+00  1.330E-04  1.346E-03  9.520E-01  1.095E+00  4.02E+02  0.00E+00  1.53E+02  0.542107  0.001608  0.0000000E+00  4.0490725800E-03
146  7.807284488539522E+08    2.000000  2.093960  4.177454  7.0744030E-01  2.9234390E-01  2.3671357E-07  2.2114990E-08  2.7738227E-06  4.9876123E-06  1.7709459E-07  5.4846886E-10  9.2048308E-07  2.3543589E-08  0.000E+00  0.0000  4.177454  -30.000  3.275044  7.587268  0.0000000E+00  9.9999060E-01  7.1659748E-08  1.9347293E-08  7.3702744E-06  1.2489136E-07  2.3706020E-10  4.3027926E-13  9.2048308E-07  2.3543589E-08  0.000E+00  1.312E-04  1.391E-03  9.516E-01  1.096E+00  4.00E+02  0.00E+00  1.53E+02  0.544097  0.001629  0.0000000E+00  4.0490725800E-03
147  7.824186994078261E+08    2.000000  2.099724  4.176265  7.0741383E-01  2.9237038E-01  2.3654336E-07  2.2106335E-08  2.7749042E-06  4.9865701E-06  1.7714140E-07  5.4816410E-10  9.2048308E-07  2.3543589E-08  0.000E+00  0.0000  4.176265  -30.000  3.296804  7.588222  0.0000000E+00  9.9999060E-01  7.1659748E-08  1.9347293E-08  7.3702744E-06  1.2489136E-07  2.3706020E-10  4.3027926E-13  9.2048308E-07  2.3543589E-08  0.000E+00  1.292E-04  1.437E-03  9.513E-01  1.097E+00  3.98E+02  0.00E+00  1.52E+02  0.545518  0.001651  0.0000000E+00  4.0490725800E-03
148  7.841089499617000E+08    2.000000  2.105724  4.174877  7.0740524E-01  2.9237904E-01  2.3648791E-07  2.2103515E-08  2.7752566E-06  4.9862305E-06  1.7715665E-07  5.4806480E-10  9.2048308E-07  2.3543589E-08  0.000E+00  0.0000  4.174877  -30.000  3.319223  7.589300  0.0000000E+00  9.9999060E-01  7.1659748E-08  1.9347293E-08  7.3702744E-06  1.2489136E-07  2.3706020E-10  4.3027926E-13  9.2048308E-07  2.3543589E-08  0.000E+00  1.265E-04  1.489E-03  9.514E-01  1.098E+00  3.95E+02  0.00E+00  1.51E+02  0.545113  0.001674  0.0000000E+00  4.0490725800E-03
149  7.857992005155739E+08    2.000000  2.111674  4.173894  7.0740342E-01  2.9238088E-01  2.3647621E-07  2.2102920E-08  2.7753309E-06  4.9861589E-06  1.7715987E-07  5.4804386E-10  9.2048308E-07  2.3543589E-08  0.000E+00  0.0000  4.173894  -30.000  3.341379  7.590993  0.0000000E+00  9.9999060E-01  7.1659748E-08  1.9347293E-08  7.3702744E-06  1.2489136E-07  2.3706020E-10  4.3027926E-13  9.2048308E-07  2.3543589E-08  0.000E+00  1.248E-04  1.539E-03  9.511E-01  1.097E+00  3.92E+02  0.00E+00  1.50E+02  0.546513  0.001697  0.0000000E+00  4.0490725800E-03
150  7.891797016233215E+08    2.000000  2.124533  4.170867  7.0736558E-01  2.9241878E-01  2.3623278E-07  2.2090538E-08  2.7768781E-06  4.9846679E-06  1.7722681E-07  5.4760794E-10  9.2048308E-07  2.3543589E-08  0.000E+00  0.0000  4.170867  -30.000  3.392670  7.594671  0.0000000E+00  9.9999060E-01  7.1659748E-08  1.9347293E-08  7.3702744E-06  1.2489136E-07  2.3706020E-10  4.3027926E-13  9.2048308E-07  2.3543589E-08  0.000E+00  1.188E-04  1.664E-03  9.517E-01  1.097E+00  3.87E+02  0.00E+00  1.47E+02  0.543503  0.001748  0.0000000E+00  4.0490725800E-03
151  7.908699521771954E+08    2.000000  2.131412  4.168830  7.0735387E-01  2.9243047E-01  2.3615752E-07  2.2086710E-08  2.7773564E-06  4.9842070E-06  1.7724751E-07  5.4747318E-10  9.2048308E-07  2.3543589E-08  0.000E+00  0.0000  4.168830  -30.000  3.421937  7.596601  0.0000000E+00  9.9999060E-01  7.1659748E-08  1.9347293E-08  7.3702744E-06  1.2489136E-07  2.3706020E-10  4.3027926E-13  9.2048308E-07  2.3543589E-08  0.000E+00  1.154E-04  1.740E-03  9.520E-01  1.097E+00  3.84E+02  0.00E+00  1.46E+02  0.541928  0.001776  0.0000000E+00  4.0490725800E-03
152  7.925602027310693E+08    2.000000  2.138489  4.166720  7.0734659E-01  2.9243771E-01  2.3611080E-07  2.2084334E-08  2.7776533E-06  4.9839208E-06  1.7726035E-07  5.4738953E-10  9.2048308E-07  2.3543589E-08  0.000E+00  0.0000  4.166720  -30.000  3.453129  7.598657  0.0000000E+00  9.9999060E-01  7.1659748E-08  1.9347293E-08  7.3702744E-06  1.2489136E-07  2.3706020E-10  4.3027926E-13  9.2048308E-07  2.3543589E-08  0.000E+00  1.116E-04  1.824E-03  9.526E-01  1.097E+00  3.80E+02  0.00E+00  1.43E+02  0.538793  0.001805  0.0000000E+00  4.0490725800E-03
153  7.942504532849431E+08    2.000000  2.145964  4.164312  7.0734101E-01  2.9244334E-01  2.3607491E-07  2.2082508E-08  2.7778815E-06  4.9837009E-06  1.7727022E-07  5.4732525E-10  9.2048308E-07  2.3543589E-08  0.000E+00  0.0000  4.164312  -30.000  3.487397  7.601075  0.0000000E+00  9.9999060E-01  7.1659748E-08  1.9347293E-08  7.3702744E-06  1.2489136E-07  2.3706020E-10  4.3027926E-13  9.2048308E-07  2.3543589E-08  0.000E+00  1.077E-04  1.920E-03  9.532E-01  1.096E+00  3.76E+02  0.00E+00  1.41E+02  0.535798  0.001836  0.0000000E+00  4.0490725800E-03
154  7.959407038388170E+08    2.000000  2.153548  4.161534  7.0732120E-01  2.9246320E-01  2.3594738E-07  2.2076021E-08  2.7786921E-06  4.9829198E-06  1.7730530E-07  5.4709688E-10  9.2048308E-07  2.3543589E-08  0.000E+00  0.0000  4.161534  -30.000  3.522947  7.603452  0.0000000E+00  9.9999060E-01  7.1659748E-08  1.9347293E-08  7.3702744E-06  1.2489136E-07  2.3706020E-10  4.3027926E-13  9.2048308E-07  2.3543589E-08  0.000E+00  1.032E-04  2.027E-03  9.542E-01  1.095E+00  3.72E+02  0.00E+00  1.38E+02  0.530622  0.001869  0.0000000E+00  4.0490725800E-03
155  7.976309543926909E+08    2.000000  2.161267  4.158551  7.0729342E-01  2.9249102E-01  2.3576853E-07  2.2066923E-08  2.7798289E-06  4.9818242E-06  1.7735448E-07  5.4677662E-10  9.2048308E-07  2.3543589E-08  0.000E+00  0.0000  4.158551  -30.000  3.559774  7.606139  0.0000000E+00  9.9999060E-01  7.1659748E-08  1.9347293E-08  7.3702744E-06  1.2489136E-07  2.3706020E-10  4.3027926E-13  9.2048308E-07  2.3543589E-08  0.000E+00  9.849E-05  2.146E-03  9.553E-01  1.094E+00  3.68E+02  0.00E+00  1.35E+02  0.524600  0.001903  0.0000000E+00  4.0490725800E-03
156  7.993212049465648E+08    2.000000  2.169435  4.155156  7.0727757E-01  2.9250693E-01  2.3566655E-07  2.2061736E-08  2.7804772E-06  4.9811996E-06  1.7738251E-07  5.4659401E-10  9.2048308E-07  2.3543589E-08  0.000E+00  0.0000  4.155156  -30.000  3.600111  7.609606  0.0000000E+00  9.9999060E-01  7.1659748E-08  1.9347293E-08  7.3702744E-06  1.2489136E-07  2.3706020E-10  4.3027926E-13  9.2048308E-07  2.3543589E-08  0.000E+00  9.406E-05  2.284E-03  9.561E-01  1.092E+00  3.63E+02  0.00E+00  1.32E+02  0.520626  0.001939  0.0000000E+00  4.0490725800E-03
157  8.010114555004387E+08    2.000000  2.177618  4.151324  7.0724962E-01  2.9253491E-01  2.3548695E-07  2.2052599E-08  2.7816189E-06  4.9800993E-06  1.7743189E-07  5.4627240E-10  9.2048308E-07  2.3543589E-08  0.000E+00  0.0000  4.151324  -30.000  3.641910  7.613178  0.0000000E+00  9.9999060E-01  7.1659748E-08  1.9347293E-08  7.3702744E-06  1.2489136E-07  2.3706020E-10  4.3027926E-13  9.2048308E-07  2.3543589E-08  0.000E+00  8.941E-05  2.433E-03  9.569E-01  1.091E+00  3.58E+02  0.00E+00  1.29E+02  0.515899  0.001975  0.0000000E+00  4.0490725800E-03
158  8.027017060543125E+08    2.000000  2.186340  4.146992  7.0718833E-01  2.9259623E-01  2.3509295E-07  2.2032555E-08  2.7841235E-06  4.9776855E-06  1.7754023E-07  5.4556684E-10  9.2048308E-07  2.3543589E-08  0.000E+00  0.0000  4.146992  -30.000  3.687754  7.618149  0.0000000E+00  9.9999060E-01  7.1659748E-08  1.9347293E-08  7.3702744E-06  1.2489136E-07  2.3706020E-10  4.3027926E-13  9.2048308E-07  2.3543589E-08  0.000E+00  8.479E-05  2.612E-03  9.576E-01  1.089E+00  3.53E+02  0.00E+00  1.26E+02  0.512126  0.002016  0.0000000E+00  4.0490725800E-03
159  8.060822071620603E+08    2.000000  2.206004  4.135622  7.0714260E-01  2.9264200E-01  2.3479881E-07  2.2017590E-08  2.7859935E-06  4.9758833E-06  1.7762110E-07  5.4504007E-10  9.2048308E-07  2.3543589E-08  0.000E+00  0.0000  4.135622  -30.000  3.799528  7.632060  0.0000000E+00  9.9999060E-01  7.1659748E-08  1.9347293E-08  7.3702744E-06  1.2489136E-07  2.3706020E-10  4.3027926E-13  9.2048308E-07  2.3543589E-08  0.000E+00  7.517E-05  3.089E-03  9.583E-01  1.088E+00  3.39E+02  0.00E+00  1.21E+02  0.508469  0.002108  0.0000000E+00  4.0490725800E-03
160  8.077724577159342E+08    2.000000  2.216359  4.127814  7.0713839E-01  2.9264626E-01  2.3477163E-07  2.2016208E-08  2.7861662E-06  4.9757168E-06  1.7762857E-07  5.4499142E-10  9.2048308E-07  2.3543589E-08  0.000E+00  0.0000  4.127814  -30.000  3.861013  7.641188  0.0000000E+00  9.9999060E-01  7.1659748E-08  1.9347293E-08  7.3702744E-06  1.2489136E-07  2.3706020E-10  4.3027926E-13  9.2048308E-07  2.3543589E-08  0.000E+00  6.888E-05  3.403E-03  9.596E-01  1.087E+00  3.31E+02  0.00E+00  1.16E+02  0.501129  0.002160  0.0000000E+00  4.0490725800E-03
161  8.094627082698081E+08    2.000000  2.227050  4.119104  7.0713086E-01  2.9265376E-01  2.3472351E-07  2.2013760E-08  2.7864722E-06  4.9754219E-06  1.7764180E-07  5.4490523E-10  9.2048308E-07  2.3543589E-08  0.000E+00  0.0000  4.119104  -30.000  3.926779  7.651488  0.0000000E+00  9.9999060E-01  7.1659748E-08  1.9347293E-08  7.3702744E-06  1.2489136E-07  2.3706020E-10  4.3027926E-13  9.2048308E-07  2.3543589E-08  0.000E+00  6.268E-05  3.758E-03  9.608E-01  1.084E+00  3.23E+02  0.00E+00  1.11E+02  0.493945  0.002213  0.0000000E+00  4.0490725800E-03
162  8.111529588236818E+08    2.000000  2.238520  4.108881  7.0712363E-01  2.9266098E-01  2.3467708E-07  2.2011397E-08  2.7867674E-06  4.9751375E-06  1.7765457E-07  5.4482209E-10  9.2048308E-07  2.3543589E-08  0.000E+00  0.0000  4.108881  -30.000  3.997676  7.664425  0.0000000E+00  9.9999060E-01  7.1659748E-08  1.9347293E-08  7.3702744E-06  1.2489136E-07  2.3706020E-10  4.3027926E-13  9.2048308E-07  2.3543589E-08  0.000E+00  5.607E-05  4.191E-03  9.625E-01  1.084E+00  3.13E+02  0.00E+00  1.05E+02  0.484436  0.002272  0.0000000E+00  4.0490725800E-03
163  8.128432093775557E+08    2.000000  2.250358  4.097610  7.0708578E-01  2.9269887E-01  2.3443364E-07  2.1999011E-08  2.7883152E-06  4.9736458E-06  1.7772149E-07  5.4438613E-10  9.2048308E-07  2.3543589E-08  0.000E+00  0.0000  4.097610  -30.000  4.074235  7.679969  0.0000000E+00  9.9999060E-01  7.1659748E-08  1.9347293E-08  7.3702744E-06  1.2489136E-07  2.3706020E-10  4.3027926E-13  9.2048308E-07  2.3543589E-08  0.000E+00  4.973E-05  4.729E-03  9.641E-01  1.080E+00  3.03E+02  0.00E+00  9.92E+01  0.474596  0.002335  0.0000000E+00  4.0490725800E-03
164  8.145334599314296E+08    2.000000  2.265050  4.077994  7.0706680E-01  2.9271790E-01  2.3431135E-07  2.1992789E-08  2.7890927E-06  4.9728965E-06  1.7775511E-07  5.4416713E-10  9.2048308E-07  2.3543589E-08  0.000E+00  0.0000  4.077994  -30.000  4.177600  7.710727  0.0000000E+00  9.9999060E-01  7.1659748E-08  1.9347293E-08  7.3702744E-06  1.2489136E-07  2.3706020E-10  4.3027926E-13  9.2048308E-07  2.3543589E-08  0.000E+00  4.066E-05  5.524E-03  9.668E-01  1.069E+00  2.87E+02  0.00E+00  9.04E+01  0.457330  0.002415  0.0000000E+00  4.0490725800E-03
165  8.162237104853035E+08    2.000000  2.284327  4.038184  7.0704999E-01  2.9273471E-01  2.3420358E-07  2.1987306E-08  2.7897778E-06  4.9722362E-06  1.7778474E-07  5.4397413E-10  9.2048308E-07  2.3543589E-08  0.000E+00  0.0000  4.038184  -30.000  4.320744  7.759564  0.0000000E+00  9.9999060E-01  7.1659748E-08  1.9347293E-08  7.3702744E-06  1.2489136E-07  2.3706020E-10  4.3027926E-13  9.2048308E-07  2.3543589E-08  0.000E+00  2.765E-05  6.882E-03  9.716E-01  1.099E+00  2.59E+02  0.00E+00  7.54E+01  0.425116  0.002525  0.0000000E+00  4.0490725800E-03
166  8.179139610391773E+08    2.000000  2.302803  3.981354  7.0697652E-01  2.9280828E-01  2.3373118E-07  2.1963269E-08  2.7927815E-06  4.9693414E-06  1.7791461E-07  5.4312813E-10  9.2048308E-07  2.3543589E-08  0.000E+00  0.0000  3.981354  -30.000  4.479026  7.808952  0.0000000E+00  9.9999060E-01  7.1659748E-08  1.9347293E-08  7.3702744E-06  1.2489136E-07  2.3706020E-10  4.3027926E-13  9.2048308E-07  2.3543589E-08  0.000E+00  1.646E-05  8.777E-03  9.765E-01  1.087E+00  2.24E+02  0.00E+00  5.95E+01  0.388750  0.002635  0.0000000E+00  4.0490725800E-03
167  8.189993996925254E+08    2.000000  2.311377  3.925075  7.0694110E-01  2.9284380E-01  2.3350339E-07  2.1951678E-08  2.7942300E-06  4.9679455E-06  1.7797723E-07  5.4272020E-10  9.2048308E-07  2.3543589E-08  0.000E+00  0.0000  3.925075    0.000  4.586705  7.842341  0.0000000E+00  9.9999060E-01  7.1659748E-08  1.9347293E-08  7.3702744E-06  1.2489136E-07  2.3706020E-10  4.3027926E-13  9.2048308E-07  2.3543589E-08  0.000E+00  1.001E-05  1.034E-02  9.805E-01  1.076E+00  1.95E+02  0.00E+00  4.73E+01  0.355761  0.002687  0.0000000E+00  4.0490725800E-03
168  8.196042115930512E+08    2.000000  2.312204  3.878034  7.0692830E-01  2.9285660E-01  2.3342126E-07  2.1947498E-08  2.7947523E-06  4.9674420E-06  1.7799980E-07  5.4257310E-10  9.2048308E-07  2.3543589E-08  0.000E+00  0.0000  3.878034  -30.000  4.650183  7.862937  0.0000000E+00  9.9999060E-01  7.3207962E-08  1.5866496E-10  7.3702743E-06  1.4850833E-07  2.3705974E-10  5.1927406E-13  9.2048308E-07  2.3543589E-08  0.000E+00  6.597E-06  1.140E-02  9.838E-01  1.058E+00  1.75E+02  0.00E+00  3.87E+01  0.325910  0.002692  0.0000000E+00  4.0491145716E-03
169  8.202096865337130E+08    2.000000  2.311179  3.803457  7.0688430E-01  2.9290070E-01  2.3313822E-07  2.1933088E-08  2.7965531E-06  4.9657064E-06  1.7807758E-07  5.4206614E-10  9.2048308E-07  2.3543589E-08  0.000E+00  0.0000  3.803457    0.000  4.721453  7.888194  0.0000000E+00  9.9999060E-01  9.6290906E-08  6.3398966E-15  7.3702737E-06  1.4870464E-07  2.3705682E-10  1.2547135E-12  9.2048309E-07  2.3543589E-08  0.000E+00  3.408E-06  1.271E-02  9.879E-01  1.050E+00  1.47E+02  0.00E+00  2.81E+01  0.282650  0.002686  0.0000000E+00  4.0491145716E-03
170  8.212944621469251E+08    1.999713  2.281923  3.725366  7.0370080E-01  2.9608350E-01  2.1380907E-07  2.0912444E-08  2.9248514E-06  4.8413170E-06  1.8320149E-07  5.0707641E-10  9.2048308E-07  2.3543589E-08  0.000E+00  0.0000  3.725366   -9.502  4.854183  7.935360  0.0000000E+00  9.9998590E-01  4.7580273E-06  0.0000000E+00  7.3702417E-06  1.4913261E-07  2.3695556E-10  4.2453657E-11  9.2048320E-07  2.3543592E-08  0.000E+00  7.924E-07  1.558E-02  9.983E-01  1.005E+00  1.25E+02  0.00E+00  9.02E+00  0.108285  0.002507  0.0000000E+00  4.0427431439E-03
171  8.213584924521222E+08    1.999692  2.283973  3.723763  7.0270639E-01  2.9707546E-01  2.0804071E-07  2.0599509E-08  2.9644377E-06  4.8027677E-06  1.8468207E-07  4.9654602E-10  9.2048308E-07  2.3543589E-08  0.000E+00  0.0000  3.723763   -9.496  4.862227  7.938238  0.0000000E+00  9.9998412E-01  6.5442975E-06  0.0000000E+00  7.3702332E-06  1.4937197E-07  2.3693264E-10  5.3336771E-11  9.2048324E-07  2.3543594E-08  0.000E+00  7.554E-07  1.577E-02  9.984E-01  1.004E+00  1.24E+02  0.00E+00  8.68E+00  0.104756  0.002517  0.0000000E+00  4.0424734066E-03
172  8.214225227573193E+08    1.999671  2.286729  3.722339  7.0165301E-01  2.9812450E-01  2.0207892E-07  2.0272337E-08  3.0060667E-06  4.7621401E-06  1.8618352E-07  4.8561585E-10  9.2048308E-07  2.3543589E-08  0.000E+00  0.0000  3.722339   -9.489  4.870087  7.941006  0.0000000E+00  9.9998167E-01  9.0475737E-06  0.0000000E+00  7.3702224E-06  1.4975919E-07  2.3690447E-10  6.7182744E-11  9.2048326E-07  2.3543596E-08  0.000E+00  7.225E-07  1.596E-02  9.985E-01  1.004E+00  1.24E+02  0.00E+00  8.39E+00  0.101696  0.002532  0.0000000E+00  4.0422064006E-03
173  8.214865530625165E+08    1.999651  2.290528  3.721209  7.0070853E-01  2.9906370E-01  1.9686251E-07  1.9984004E-08  3.0431092E-06  4.7259133E-06  1.8747042E-07  4.7601506E-10  9.2048308E-07  2.3543589E-08  0.000E+00  0.0000  3.721209   -9.481  4.877821  7.943703  0.0000000E+00  9.9997821E-01  1.2460370E-05  0.0000000E+00  7.3702090E-06  1.5036030E-07  2.3687038E-10  8.4468092E-11  9.2048331E-07  2.3543599E-08  0.000E+00  6.949E-07  1.615E-02  9.985E-01  1.004E+00  1.23E+02  0.00E+00  8.14E+00  0.099230  0.002552  0.0000000E+00  4.0419399668E-03
174  8.215505833677137E+08    1.999629  2.295682  3.720666  6.9957540E-01  3.0018940E-01  1.9076732E-07  1.9647613E-08  3.0871634E-06  4.6827381E-06  1.8893494E-07  4.6476035E-10  9.2048308E-07  2.3543589E-08  0.000E+00  0.0000  3.720666   -9.472  4.885270  7.946238  0.0000000E+00  9.9997362E-01  1.7106419E-05  0.0000000E+00  7.3701922E-06  1.5130615E-07  2.3682921E-10  1.0600881E-10  9.2048335E-07  2.3543604E-08  0.000E+00  6.766E-07  1.634E-02  9.986E-01  1.004E+00  1.22E+02  0.00E+00  8.00E+00  0.097847  0.002581  0.0000000E+00  4.0416719183E-03
175  8.216146136729108E+08    1.999608  2.300229  3.720162  6.9872150E-01  3.0103752E-01  1.8626137E-07  1.9401714E-08  3.1201291E-06  4.6503863E-06  1.8999169E-07  4.5643110E-10  9.2048308E-07  2.3543589E-08  0.000E+00  0.0000  3.720162   -9.465  4.892549  7.948693  0.0000000E+00  9.9996722E-01  2.3489177E-05  0.0000000E+00  7.3701713E-06  1.5282681E-07  2.3677920E-10  1.3302483E-10  9.2048341E-07  2.3543610E-08  0.000E+00  6.589E-07  1.652E-02  9.986E-01  1.004E+00  1.22E+02  0.00E+00  7.85E+00  0.096383  0.002607  0.0000000E+00  4.0414012205E-03
176  8.216786439781079E+08    1.999586  2.304431  3.719589  6.9795593E-01  3.0179842E-01  1.8229049E-07  1.9189365E-08  3.1494745E-06  4.6215597E-06  1.9089642E-07  4.4909581E-10  9.2048308E-07  2.3543589E-08  0.000E+00  0.0000  3.719589   -9.458  4.899946  7.951269  0.0000000E+00  9.9995831E-01  3.2389548E-05  0.0000000E+00  7.3701445E-06  1.5531959E-07  2.3671792E-10  1.6727407E-10  9.2048348E-07  2.3543620E-08  0.000E+00  6.426E-07  1.671E-02  9.987E-01  1.004E+00  1.22E+02  0.00E+00  7.71E+00  0.095060  0.002631  0.0000000E+00  4.0411285060E-03
177  8.217426742833050E+08    1.999563  2.309069  3.719023  6.9715766E-01  3.0259253E-01  1.7820192E-07  1.8975549E-08  3.1798818E-06  4.5916793E-06  1.9179990E-07  4.4156072E-10  9.2048308E-07  2.3543589E-08  0.000E+00  0.0000  3.719023   -9.449  4.907516  7.954030  0.0000000E+00  9.9994562E-01  4.5035743E-05  0.0000000E+00  7.3701103E-06  1.5945709E-07  2.3664192E-10  2.1129966E-10  9.2048357E-07  2.3543636E-08  0.000E+00  6.272E-07  1.690E-02  9.987E-01  1.004E+00  1.21E+02  0.00E+00  7.59E+00  0.093900  0.002658  0.0000000E+00  4.0408537321E-03
178  8.218067045885022E+08    1.999540  2.313510  3.718526  6.9660138E-01  3.0314655E-01  1.7537564E-07  1.8830018E-08  3.2009644E-06  4.5709655E-06  1.9240706E-07  4.3636668E-10  9.2048308E-07  2.3543589E-08  0.000E+00  0.0000  3.718526   -9.442  4.915062  7.956885  0.0000000E+00  9.9992781E-01  6.2866491E-05  0.0000000E+00  7.3700646E-06  1.6641769E-07  2.3654766E-10  2.7015438E-10  9.2048369E-07  2.3543661E-08  0.000E+00  6.110E-07  1.709E-02  9.987E-01  1.003E+00  1.21E+02  0.00E+00  7.45E+00  0.092501  0.002685  0.0000000E+00  4.0405759501E-03
179  8.218707348936993E+08    1.999517  2.318206  3.717937  6.9600786E-01  3.0373837E-01  1.7237993E-07  1.8677148E-08  3.2233456E-06  4.5489873E-06  1.9303075E-07  4.3087840E-10  9.2048308E-07  2.3543589E-08  0.000E+00  0.0000  3.717937   -9.433  4.922477  7.959792  0.0000000E+00  9.9990335E-01  8.7342430E-05  0.0000000E+00  7.3700025E-06  1.7788972E-07  2.3643226E-10  3.4983268E-10  9.2048382E-07  2.3543701E-08  0.000E+00  5.937E-07  1.730E-02  9.988E-01  1.003E+00  1.20E+02  0.00E+00  7.29E+00  0.090983  0.002713  0.0000000E+00  4.0402965456E-03
180  8.219347651988964E+08    1.999493  2.323201  3.717397  6.9468608E-01  3.0505812E-01  1.6574498E-07  1.8335554E-08  3.2729061E-06  4.5003719E-06  1.9436151E-07  4.1875564E-10  9.2048308E-07  2.3543589E-08  0.000E+00  0.0000  3.717397   -9.425  4.929623  7.962710  0.0000000E+00  9.9986947E-01  1.2114344E-04  0.0000000E+00  7.3699181E-06  1.9687718E-07  2.3629048E-10  4.5840248E-10  9.2048399E-07  2.3543768E-08  0.000E+00  5.806E-07  1.748E-02  9.988E-01  1.003E+00  1.20E+02  0.00E+00  7.19E+00  0.090068  0.002742  0.0000000E+00  4.0400144025E-03
181  8.219987955040936E+08    1.999468  2.328908  3.716928  6.9396601E-01  3.0577844E-01  1.6215754E-07  1.8142056E-08  3.2996593E-06  4.4741858E-06  1.9503951E-07  4.1220883E-10  9.2048308E-07  2.3543589E-08  0.000E+00  0.0000  3.716928   -9.415  4.936594  7.965781  0.0000000E+00  9.9982216E-01  1.6844189E-04  0.0000000E+00  7.3698013E-06  2.2855140E-07  2.3611473E-10  6.0840757E-10  9.2048419E-07  2.3543882E-08  0.000E+00  5.649E-07  1.767E-02  9.988E-01  1.003E+00  1.19E+02  0.00E+00  7.06E+00  0.088812  0.002777  0.0000000E+00  4.0397288355E-03
182  8.220628258092908E+08    1.999443  2.334505  3.716420  6.9332036E-01  3.0642501E-01  1.5895741E-07  1.7961196E-08  3.3235111E-06  4.4508710E-06  1.9562406E-07  4.0635581E-10  9.2048308E-07  2.3543589E-08  0.000E+00  0.0000  3.716420   -9.406  4.943339  7.969091  0.0000000E+00  9.9975529E-01  2.3531112E-04  0.0000000E+00  7.3696381E-06  2.8125510E-07  2.3589548E-10  8.1805520E-10  9.2048445E-07  2.3544078E-08  0.000E+00  5.511E-07  1.785E-02  9.989E-01  1.003E+00  1.18E+02  0.00E+00  6.95E+00  0.087795  0.002812  0.0000000E+00  4.0394389221E-03
183  8.221268561144879E+08    1.999418  2.339923  3.715800  6.9190612E-01  3.0784208E-01  1.5200058E-07  1.7545339E-08  3.3754226E-06  4.4001802E-06  1.9685878E-07  3.9356406E-10  9.2048308E-07  2.3543589E-08  0.000E+00  0.0000  3.715800   -9.397  4.949868  7.972969  0.0000000E+00  9.9965148E-01  3.3901638E-04  0.0000000E+00  7.3693878E-06  3.7913686E-07  2.3560550E-10  1.1395046E-09  9.2048479E-07  2.3544465E-08  0.000E+00  5.422E-07  1.803E-02  9.989E-01  1.003E+00  1.18E+02  0.00E+00  6.90E+00  0.087567  0.002845  0.0000000E+00  4.0391438939E-03
184  8.221908864196850E+08    1.999391  2.345139  3.715304  6.9066039E-01  3.0909159E-01  1.4596259E-07  1.7150854E-08  3.4206694E-06  4.3560453E-06  1.9788952E-07  3.8233559E-10  9.2048308E-07  2.3543589E-08  0.000E+00  0.0000  3.715304   -9.388  4.955768  7.977666  0.0000000E+00  9.9948170E-01  5.0861047E-04  0.0000000E+00  7.3689817E-06  5.6797407E-07  2.3520835E-10  1.6609531E-09  9.2048526E-07  2.3545273E-08  0.000E+00  5.335E-07  1.819E-02  9.989E-01  1.003E+00  1.17E+02  0.00E+00  6.84E+00  0.087225  0.002878  0.0000000E+00  4.0388411988E-03
185  8.222549167248821E+08    1.999365  2.350320  3.714884  6.9039246E-01  3.0936052E-01  1.4469552E-07  1.7059291E-08  3.4302701E-06  4.3466790E-06  1.9810014E-07  3.7993432E-10  9.2048308E-07  2.3543589E-08  0.000E+00  0.0000  3.714884   -9.379  4.960741  7.984240  0.0000000E+00  9.9917181E-01  8.1802847E-04  0.0000000E+00  7.3682429E-06  9.6397201E-07  2.3462442E-10  2.6094195E-09  9.2048595E-07  2.3547172E-08  0.000E+00  5.210E-07  1.834E-02  9.989E-01  1.003E+00  1.17E+02  0.00E+00  6.73E+00  0.086208  0.002911  0.0000000E+00  4.0385335971E-03
186  8.223189470300792E+08    1.999338  2.355391  3.714485  6.8940971E-01  3.1034715E-01  1.4012363E-07  1.6713988E-08  3.4652205E-06  4.3125500E-06  1.9885878E-07  3.7117201E-10  9.2048308E-07  2.3543589E-08  0.000E+00  0.0028  3.714485   -9.371  4.964220  7.992711  0.0000000E+00  9.9940585E-01  5.8433146E-04  0.0000000E+00  7.3681177E-06  6.4173386E-07  2.1430680E-10  1.9184728E-09  9.2048512E-07  2.3545764E-08  0.000E+00  5.132E-07  1.826E-02  9.989E-01  1.003E+00  1.17E+02  0.00E+00  6.69E+00  0.085907  0.002945  0.0000000E+00  4.0382207718E-03
187  8.223829773352765E+08    1.999310  2.360423  3.714107  6.8863832E-01  3.1112178E-01  1.3662243E-07  1.6434056E-08  3.4923651E-06  4.2859975E-06  1.9944180E-07  3.6435140E-10  9.2048308E-07  2.3543589E-08  0.000E+00  0.0073  3.714107   -9.362  4.965448  8.003264  0.0000000E+00  9.9940528E-01  5.8495408E-04  0.0000000E+00  7.3679470E-06  5.9726340E-07  2.0403504E-10  1.9445682E-09  9.2048480E-07  2.3545769E-08  0.000E+00  5.041E-07  1.803E-02  9.989E-01  1.003E+00  1.16E+02  0.00E+00  6.62E+00  0.085343  0.002977  0.0000000E+00  4.0378393804E-03
188  8.224470076404736E+08    1.999282  2.365505  3.713763  6.8842848E-01  3.1133253E-01  1.3570130E-07  1.6355910E-08  3.4996516E-06  4.2788492E-06  1.9959774E-07  3.6252053E-10  9.2048308E-07  2.3543589E-08  0.000E+00  0.0164  3.713763   -9.354  4.959640  8.018039  0.0000000E+00  9.9923090E-01  7.5927794E-04  0.0000000E+00  7.3665679E-06  6.6105284E-07  1.9493595E-10  2.6876547E-09  9.2048461E-07  2.3546912E-08  0.000E+00  4.936E-07  1.760E-02  9.989E-01  1.003E+00  1.16E+02  0.00E+00  6.53E+00  0.084505  0.003012  0.0000000E+00  4.0374593651E-03
189  8.225110379456707E+08    1.999253  2.369787  3.713431  6.8798631E-01  3.1177667E-01  1.3378157E-07  1.6190481E-08  3.5149446E-06  4.2638294E-06  1.9992559E-07  3.5868141E-10  9.2048308E-07  2.3543589E-08  0.000E+00  0.0400  3.713431   -9.347  4.925427  8.042609  0.0000000E+00  9.9871847E-01  1.2716120E-03  1.2681633E-24  7.3621639E-06  7.9058715E-07  1.7978798E-10  5.8183024E-09  9.2048439E-07  2.3552865E-08  0.000E+00  4.880E-07  1.630E-02  9.989E-01  1.003E+00  1.15E+02  0.00E+00  6.49E+00  0.084368  0.003041  0.0000000E+00  4.0371129460E-03
190  8.225750682508678E+08    1.999224  2.369803  3.714075  6.8794290E-01  3.1182030E-01  1.3359530E-07  1.6174165E-08  3.5164400E-06  4.2623589E-06  1.9995773E-07  3.5830645E-10  9.2048308E-07  2.3543589E-08  0.000E+00  0.0843  3.714075   -9.347  4.780964  8.061907  0.0000000E+00  9.9696980E-01  3.0230941E-03  5.4500864E-10  7.3456682E-06  1.7429230E-06  1.6087786E-10  2.3474742E-08  9.2048474E-07  2.3638389E-08  0.000E+00  5.051E-07  1.260E-02  9.989E-01  1.003E+00  1.16E+02  0.00E+00  6.70E+00  0.086929  0.003041  0.0000000E+00  4.0367784367E-03
191  8.225900001565143E+08    1.999217  2.366837  3.714595  6.8794290E-01  3.1182030E-01  1.3359529E-07  1.6174165E-08  3.5164400E-06  4.2623588E-06  1.9995773E-07  3.5830644E-10  9.2048308E-07  2.3543589E-08  0.000E+00  0.0896  3.714595   -9.353  4.753045  8.061241  0.0000000E+00  9.9668166E-01  3.3136366E-03  4.2730718E-10  7.3427125E-06  2.0293223E-06  1.5870910E-10  2.7096299E-08  9.2048486E-07  2.3666551E-08  0.000E+00  5.183E-07  1.201E-02  9.988E-01  1.003E+00  1.16E+02  0.00E+00  6.84E+00  0.088426  0.003020  0.0000000E+00  4.0366993560E-03
192  8.226092601946563E+08    1.999209  2.361613  3.715325  6.8794290E-01  3.1182030E-01  1.3359529E-07  1.6174165E-08  3.5164400E-06  4.2623588E-06  1.9995773E-07  3.5830644E-10  9.2048308E-07  2.3543589E-08  0.000E+00  0.0941  3.715325   -9.363  4.724225  8.059811  0.0000000E+00  9.9639351E-01  3.6050115E-03  3.8562121E-10  7.3397058E-06  2.3806671E-06  1.5665798E-10  3.0846262E-08  9.2048499E-07  2.3699872E-08  0.000E+00  5.384E-07  1.143E-02  9.988E-01  1.003E+00  1.17E+02  0.00E+00  7.03E+00  0.090554  0.002984  0.0000000E+00  4.0365976013E-03
193  8.226288059513531E+08    1.999201  2.356018  3.716166  6.8794290E-01  3.1182030E-01  1.3359529E-07  1.6174165E-08  3.5164400E-06  4.2623588E-06  1.9995773E-07  3.5830644E-10  9.2048308E-07  2.3543589E-08  0.000E+00  0.0961  3.716166   -9.373  4.701610  8.058157  0.0000000E+00  9.9610537E-01  3.8946776E-03  3.1198167E-10  7.3369179E-06  2.7590315E-06  1.5574066E-10  3.4378869E-08  9.2048515E-07  2.3733093E-08  0.000E+00  5.614E-07  1.102E-02  9.987E-01  1.003E+00  1.17E+02  0.00E+00  7.26E+00  0.092970  0.002946  0.0000000E+00  4.0364946838E-03
194  8.226490231091065E+08    1.999192  2.350504  3.717095  6.8794290E-01  3.1182030E-01  1.3359529E-07  1.6174165E-08  3.5164400E-06  4.2623588E-06  1.9995773E-07  3.5830644E-10  9.2048308E-07  2.3543589E-08  0.000E+00  0.0952  3.717095   -9.383  4.683202  8.056434  0.0000000E+00  9.9581722E-01  4.1827957E-03  2.6071257E-11  7.3342457E-06  3.1670817E-06  1.5542886E-10  3.7781730E-08  9.2048532E-07  2.3766802E-08  0.000E+00  5.863E-07  1.072E-02  9.986E-01  1.004E+00  1.18E+02  0.00E+00  7.50E+00  0.095561  0.002909  0.0000000E+00  4.0363883777E-03
195  8.226849550323443E+08    1.999178  2.343005  3.718298  6.8794290E-01  3.1182030E-01  1.3359529E-07  1.6174165E-08  3.5164400E-06  4.2623588E-06  1.9995773E-07  3.5830644E-10  9.2048308E-07  2.3543589E-08  0.000E+00  0.0950  3.718298   -9.397  4.659440  8.053601  0.0000000E+00  9.9552907E-01  4.4729160E-03  2.4922957E-11  7.3313150E-06  3.7507465E-06  1.5435736E-10  4.1485634E-08  9.2048551E-07  2.3812034E-08  0.000E+00  6.306E-07  1.029E-02  9.985E-01  1.004E+00  1.19E+02  0.00E+00  7.96E+00  0.100595  0.002859  0.0000000E+00  4.0361981783E-03
196  8.227181442314247E+08    1.999165  2.337562  3.719229  6.8794290E-01  3.1182030E-01  1.3359529E-07  1.6174165E-08  3.5164400E-06  4.2623588E-06  1.9995773E-07  3.5830644E-10  9.2048308E-07  2.3543589E-08  0.000E+00  0.0909  3.719229   -9.407  4.643935  8.051362  0.0000000E+00  9.9524093E-01  4.7604943E-03  8.2769923E-18  7.3286404E-06  4.3393008E-06  1.5418689E-10  4.4889995E-08  9.2048571E-07  2.3854069E-08  0.000E+00  6.683E-07  1.006E-02  9.984E-01  1.004E+00  1.19E+02  0.00E+00  8.34E+00  0.104917  0.002824  0.0000000E+00  4.0360197153E-03
197  8.227586997526827E+08    1.999149  2.333188  3.720323  6.8794290E-01  3.1182030E-01  1.3359529E-07  1.6174165E-08  3.5164400E-06  4.2623588E-06  1.9995773E-07  3.5830644E-10  9.2048308E-07  2.3543589E-08  0.000E+00  0.0832  3.720323   -9.415  4.630167  8.048940  0.0000000E+00  9.9495279E-01  5.0479347E-03  1.4012407E-24  7.3259703E-06  5.0438227E-06  1.5400108E-10  4.8284760E-08  9.2048594E-07  2.3900768E-08  0.000E+00  7.119E-07  9.854E-03  9.982E-01  1.005E+00  1.20E+02  0.00E+00  8.80E+00  0.110060  0.002795  0.0000000E+00  4.0357972721E-03
198  8.228065073390110E+08    1.999131  2.330037  3.721605  6.8794290E-01  3.1182030E-01  1.3359529E-07  1.6174165E-08  3.5164400E-06  4.2623588E-06  1.9995773E-07  3.5830644E-10  9.2048308E-07  2.3543589E-08  0.000E+00  0.0731  3.721605   -9.422  4.619145  8.046444  0.0000000E+00  9.9466464E-01  5.3352253E-03  0.0000000E+00  7.3233258E-06  5.8905939E-06  1.5379797E-10  5.1642612E-08  9.2048617E-07  2.3952299E-08  0.000E+00  7.600E-07  9.688E-03  9.980E-01  1.005E+00  1.20E+02  0.00E+00  9.31E+00  0.115824  0.002775  0.0000000E+00  4.0355278130E-03
199  8.228602915926296E+08    1.999111  2.328666  3.722890  6.8794290E-01  3.1182030E-01  1.3359529E-07  1.6174165E-08  3.5164400E-06  4.2623588E-06  1.9995773E-07  3.5830644E-10  9.2048308E-07  2.3543589E-08  0.000E+00  0.0627  3.722890   -9.427  4.611305  8.043950  0.0000000E+00  9.9437650E-01  5.6223504E-03  0.0000000E+00  7.3207271E-06  6.9010115E-06  1.5357693E-10  5.4937883E-08  9.2048643E-07  2.4008516E-08  0.000E+00  8.091E-07  9.569E-03  9.978E-01  1.006E+00  1.21E+02  0.00E+00  9.83E+00  0.121883  0.002766  0.0000000E+00  4.0352133078E-03
200  8.229198843399245E+08    1.999088  2.328328  3.724389  6.8794290E-01  3.1182030E-01  1.3359529E-07  1.6174165E-08  3.5164400E-06  4.2623588E-06  1.9995773E-07  3.5830644E-10  9.2048308E-07  2.3543589E-08  0.000E+00  0.0534  3.724389   -9.430  4.606372  8.041320  0.0000000E+00  9.9408835E-01  5.9092950E-03  0.0000000E+00  7.3181919E-06  8.0949781E-06  1.5333784E-10  5.8147713E-08  9.2048672E-07  2.4069103E-08  0.000E+00  8.658E-07  9.492E-03  9.975E-01  1.007E+00  1.21E+02  0.00E+00  1.05E+01  0.128987  0.002764  0.0000000E+00  4.0348503471E-03
201  8.229853057325543E+08    1.999064  2.328435  3.726190  6.8794290E-01  3.1182030E-01  1.3359529E-07  1.6174165E-08  3.5164400E-06  4.2623588E-06  1.9995773E-07  3.5830644E-10  9.2048308E-07  2.3543589E-08  0.000E+00  0.0456  3.726190   -9.433  4.604495  8.038637  0.0000000E+00  9.9380020E-01  6.1960137E-03  0.0000000E+00  7.3157424E-06  9.5057711E-06  1.5307931E-10  6.1244216E-08  9.2048702E-07  2.4133807E-08  0.000E+00  9.285E-07  9.458E-03  9.972E-01  1.008E+00  1.22E+02  0.00E+00  1.11E+01  0.136583  0.002765  0.0000000E+00  4.0344329998E-03
202  8.230579629336262E+08    1.999037  2.330720  3.728044  6.8794290E-01  3.1182030E-01  1.3359529E-07  1.6174165E-08  3.5164400E-06  4.2623588E-06  1.9995773E-07  3.5830644E-10  9.2048308E-07  2.3543589E-08  0.000E+00  0.0393  3.728044   -9.434  4.605600  8.036074  0.0000000E+00  9.9351206E-01  6.4825088E-03  0.0000000E+00  7.3133886E-06  1.1151927E-05  1.5280206E-10  6.4214641E-08  9.2048735E-07  2.4202215E-08  0.000E+00  1.003E-06  9.467E-03  9.968E-01  1.008E+00  1.22E+02  0.00E+00  1.19E+01  0.146217  0.002780  0.0000000E+00  4.0339477003E-03
203  8.231353063519002E+08    1.999009  2.332429  3.729959  6.8794290E-01  3.1182030E-01  1.3359529E-07  1.6174165E-08  3.5164400E-06  4.2623588E-06  1.9995773E-07  3.5830644E-10  9.2048308E-07  2.3543589E-08  0.000E+00  0.0346  3.729959   -9.432  4.609328  8.033921  0.0000000E+00  9.9322391E-01  6.7688122E-03  0.0000000E+00  7.3111289E-06  1.3030147E-05  1.5250941E-10  6.7061336E-08  9.2048769E-07  2.4273802E-08  0.000E+00  1.101E-06  9.515E-03  9.963E-01  1.010E+00  1.22E+02  0.00E+00  1.30E+01  0.158710  0.002791  0.0000000E+00  4.0333861760E-03
204  8.232149658525363E+08    1.998979  2.332389  3.731628  6.8794290E-01  3.1182030E-01  1.3359529E-07  1.6174165E-08  3.5164400E-06  4.2623588E-06  1.9995773E-07  3.5830644E-10  9.2048308E-07  2.3543589E-08  0.000E+00  0.0313  3.731628   -9.436  4.614741  8.032248  0.0000000E+00  9.9293577E-01  7.0548538E-03  0.0000000E+00  7.3089573E-06  1.5121552E-05  1.5220583E-10  6.9792655E-08  9.2048805E-07  2.4348081E-08  0.000E+00  1.191E-06  9.590E-03  9.957E-01  1.011E+00  1.23E+02  0.00E+00  1.40E+01  0.169649  0.002790  0.0000000E+00  4.0327746681E-03
205  8.232994916534038E+08    1.998949  2.331872  3.732947  6.8794290E-01  3.1182030E-01  1.3359529E-07  1.6174165E-08  3.5164400E-06  4.2623588E-06  1.9995773E-07  3.5830644E-10  9.2048308E-07  2.3543589E-08  0.000E+00  0.0295  3.732947   -9.439  4.621379  8.030916  0.0000000E+00  9.9264763E-01  7.3407496E-03  0.0000000E+00  7.3068574E-06  1.7389652E-05  1.5189558E-10  7.2429958E-08  9.2048842E-07  2.4424501E-08  0.000E+00  1.277E-06  9.682E-03  9.952E-01  1.012E+00  1.23E+02  0.00E+00  1.48E+01  0.180033  0.002787  0.0000000E+00  4.0320938060E-03
206  8.233843372367618E+08    1.998918  2.330921  3.733808  6.8794290E-01  3.1182030E-01  1.3359529E-07  1.6174165E-08  3.5164400E-06  4.2623588E-06  1.9995773E-07  3.5830644E-10  9.2048308E-07  2.3543589E-08  0.000E+00  0.0283  3.733808   -9.441  4.628571  8.030242  0.0000000E+00  9.9235948E-01  7.6264843E-03  0.0000000E+00  7.3048147E-06  1.9784835E-05  1.5158412E-10  7.4992428E-08  9.2048879E-07  2.4502683E-08  0.000E+00  1.328E-06  9.786E-03  9.949E-01  1.014E+00  1.24E+02  0.00E+00  1.54E+01  0.185678  0.002781  0.0000000E+00  4.0313849315E-03
207  8.234670266113091E+08    1.998888  2.329704  3.734164  6.8794290E-01  3.1182030E-01  1.3359529E-07  1.6174165E-08  3.5164400E-06  4.2623588E-06  1.9995773E-07  3.5830644E-10  9.2048308E-07  2.3543589E-08  0.000E+00  0.0283  3.734164   -9.444  4.635441  8.030270  0.0000000E+00  9.9207133E-01  7.9121263E-03  0.0000000E+00  7.3028107E-06  2.2248176E-05  1.5127796E-10  7.7503525E-08  9.2048915E-07  2.4582539E-08  0.000E+00  1.357E-06  9.887E-03  9.947E-01  1.014E+00  1.24E+02  0.00E+00  1.57E+01  0.188840  0.002774  0.0000000E+00  4.0306828191E-03
208  8.235542019680302E+08    1.998857  2.328481  3.734153  6.8794290E-01  3.1182030E-01  1.3359529E-07  1.6174165E-08  3.5164400E-06  4.2623588E-06  1.9995773E-07  3.5830644E-10  9.2048308E-07  2.3543589E-08  0.000E+00  0.0293  3.734153   -9.446  4.642088  8.030786  0.0000000E+00  9.9178319E-01  8.1978346E-03  0.0000000E+00  7.3008247E-06  2.4725945E-05  1.5098075E-10  7.9990447E-08  9.2048951E-07  2.4663850E-08  0.000E+00  1.358E-06  9.984E-03  9.947E-01  1.015E+00  1.24E+02  0.00E+00  1.57E+01  0.188611  0.002766  0.0000000E+00  4.0299346213E-03
209  8.236314653650265E+08    1.998830  2.327507  3.733925  6.8794290E-01  3.1182030E-01  1.3359529E-07  1.6174165E-08  3.5164400E-06  4.2623588E-06  1.9995773E-07  3.5830644E-10  9.2048308E-07  2.3543589E-08  0.000E+00  0.0305  3.733925   -9.447  4.646999  8.031725  0.0000000E+00  9.9149504E-01  8.4835072E-03  0.0000000E+00  7.2988344E-06  2.7161480E-05  1.5069526E-10  8.2481857E-08  9.2048985E-07  2.4746523E-08  0.000E+00  1.353E-06  1.006E-02  9.947E-01  1.015E+00  1.24E+02  0.00E+00  1.56E+01  0.187858  0.002759  0.0000000E+00  4.0292736267E-03
210  8.237157236948967E+08    1.998799  2.324874  3.732860  6.8794290E-01  3.1182030E-01  1.3359529E-07  1.6174165E-08  3.5164400E-06  4.2623588E-06  1.9995773E-07  3.5830644E-10  9.2048308E-07  2.3543589E-08  0.000E+00  0.0325  3.732860   -9.447  4.651050  8.033136  0.0000000E+00  9.9120690E-01  8.7693046E-03  0.0000000E+00  7.2968282E-06  2.9530487E-05  1.5042769E-10  8.4991641E-08  9.2049017E-07  2.4831504E-08  0.000E+00  1.299E-06  1.012E-02  9.951E-01  1.014E+00  1.24E+02  0.00E+00  1.50E+01  0.180964  0.002743  0.0000000E+00  4.0285557231E-03
211  8.255626249931368E+08    1.998105  2.357989  3.742264  6.8794290E-01  3.1182030E-01  1.3359529E-07  1.6174165E-08  3.5164400E-06  4.2623588E-06  1.9995773E-07  3.5830644E-10  9.2048308E-07  2.3543589E-08  0.000E+00  0.0475  3.742264   -9.410  4.578585  8.044744  0.0000000E+00  9.8164936E-01  1.8234921E-02  0.0000000E+00  7.2092501E-06  1.2145652E-04  1.4305143E-10  1.9334457E-07  9.2049922E-07  3.0022853E-08  0.000E+00  2.055E-06  9.117E-03  9.879E-01  1.032E+00  1.25E+02  0.00E+00  2.37E+01  0.282155  0.002961  0.0000000E+00  4.0102750212E-03
212  8.271721305125376E+08    1.997464  2.378091  3.757217  6.8794290E-01  3.1182030E-01  1.3359529E-07  1.6174165E-08  3.5164400E-06  4.2623588E-06  1.9995773E-07  3.5830644E-10  9.2048308E-07  2.3543589E-08  0.000E+00  0.0511  3.757217   -9.393  4.534775  8.049128  0.0000000E+00  9.7209181E-01  2.7638030E-02  0.0000000E+00  7.1046995E-06  2.7583139E-04  1.3574763E-10  3.1878852E-07  9.2050891E-07  4.0996187E-08  0.000E+00  3.236E-06  8.562E-03  9.738E-01  1.071E+00  1.28E+02  0.00E+00  3.58E+01  0.409083  0.003102  0.0000000E+00  3.9821804652E-03
213  8.287583642767731E+08    1.996835  2.393597  3.786566  6.8794290E-01  3.1182030E-01  1.3359529E-07  1.6174165E-08  3.5164400E-06  4.2623588E-06  1.9995773E-07  3.5830644E-10  9.2048308E-07  2.3543589E-08  0.000E+00  0.0542  3.786566   -9.419  4.497363  8.053077  0.0000000E+00  9.6253427E-01  3.6979340E-02  0.0000000E+00  6.9799370E-06  4.9202710E-04  1.2881361E-10  4.6311028E-07  9.2051936E-07  6.0658199E-08  0.000E+00  4.417E-06  8.119E-03  9.657E-01  1.096E+00  1.36E+02  0.00E+00  4.36E+01  0.464427  0.003216  0.0000000E+00  3.9477847356E-03
214  8.301900227029920E+08    1.996310  2.405703  3.811891  6.8794290E-01  3.1182030E-01  1.3359529E-07  1.6174165E-08  3.5164400E-06  4.2623588E-06  1.9995773E-07  3.5830644E-10  9.2048308E-07  2.3543589E-08  0.000E+00  0.0576  3.811891   -9.447  4.464306  8.056598  0.0000000E+00  9.5297672E-01  4.6272456E-02  0.0000000E+00  6.8365103E-06  7.5640317E-04  1.2218576E-10  6.2302502E-07  9.2053095E-07  9.0591578E-08  0.000E+00  5.317E-06  7.750E-03  9.635E-01  1.105E+00  1.43E+02  0.00E+00  4.74E+01  0.478229  0.003308  0.0000000E+00  3.9184966527E-03
215  8.316173476033537E+08    1.995814  2.416898  3.831915  6.8794290E-01  3.1182030E-01  1.3359529E-07  1.6174165E-08  3.5164400E-06  4.2623588E-06  1.9995773E-07  3.5830644E-10  9.2048308E-07  2.3543589E-08  0.000E+00  0.0610  3.831915   -9.469  4.436208  8.059868  0.0000000E+00  9.4341918E-01  5.5506874E-02  6.1082420E-22  6.6720899E-06  1.0795114E-03  1.1588557E-10  7.9779005E-07  9.2054432E-07  1.3536471E-07  0.000E+00  6.071E-06  7.455E-03  9.625E-01  1.109E+00  1.49E+02  0.00E+00  5.01E+01  0.484335  0.003396  0.0000000E+00  3.8913965021E-03
216  8.330353081021789E+08    1.995346  2.427527  3.852410  6.8794290E-01  3.1182030E-01  1.3359529E-07  1.6174165E-08  3.5164400E-06  4.2623588E-06  1.9995773E-07  3.5830644E-10  9.2048308E-07  2.3543589E-08  0.000E+00  0.0652  3.852410   -9.494  4.408412  8.063211  0.0000000E+00  9.3386163E-01  6.4681427E-02  3.5950642E-18  6.4852492E-06  1.4624361E-03  1.0994251E-10  9.8532616E-07  9.2056018E-07  1.9976043E-07  0.000E+00  6.946E-06  7.178E-03  9.616E-01  1.112E+00  1.56E+02  0.00E+00  5.28E+01  0.489501  0.003480  0.0000000E+00  3.8665296544E-03
217  8.343647096622915E+08    1.994927  2.436718  3.867504  6.8794290E-01  3.1182030E-01  1.3359529E-07  1.6174165E-08  3.5164400E-06  4.2623588E-06  1.9995773E-07  3.5830644E-10  9.2048308E-07  2.3543589E-08  0.000E+00  0.0685  3.867504   -9.508  4.383703  8.066020  0.0000000E+00  9.2430409E-01  7.3809564E-02  7.0021603E-16  6.2789712E-06  1.8919094E-03  1.0420172E-10  1.1807794E-06  9.2057870E-07  2.8502010E-07  0.000E+00  7.661E-06  6.941E-03  9.609E-01  1.115E+00  1.60E+02  0.00E+00  5.48E+01  0.493922  0.003555  0.0000000E+00  3.8446944661E-03
218  8.356394914608475E+08    1.994537  2.444780  3.879945  6.8794290E-01  3.1182030E-01  1.3359529E-07  1.6174165E-08  3.5164400E-06  4.2623588E-06  1.9995773E-07  3.5830644E-10  9.2048308E-07  2.3543589E-08  0.000E+00  0.0716  3.879945   -9.521  4.362238  8.068342  0.0000000E+00  9.1474655E-01  8.2890490E-02  7.1129944E-18  6.0541700E-06  2.3691178E-03  9.8575239E-11  1.3802962E-06  9.2060056E-07  3.9441073E-07  0.000E+00  8.235E-06  6.739E-03  9.608E-01  1.115E+00  1.64E+02  0.00E+00  5.62E+01  0.494050  0.003623  0.0000000E+00  3.8248151228E-03
219  8.369633987140639E+08    1.994143  2.452956  3.892330  6.8794290E-01  3.1182030E-01  1.3359529E-07  1.6174165E-08  3.5164400E-06  4.2623588E-06  1.9995773E-07  3.5830644E-10  9.2048308E-07  2.3543589E-08  0.000E+00  0.0748  3.892330   -9.531  4.340194  8.071004  0.0000000E+00  9.0518900E-01  9.1907539E-02  2.3678700E-18  5.8048776E-06  2.9110090E-03  9.3082548E-11  1.5827884E-06  9.2062710E-07  5.3862922E-07  0.000E+00  8.990E-06  6.534E-03  9.595E-01  1.119E+00  1.68E+02  0.00E+00  5.85E+01  0.501551  0.003692  0.0000000E+00  3.8050212302E-03
220  8.378210968799610E+08    1.993892  2.458653  3.899049  6.8794290E-01  3.1182030E-01  1.3359529E-07  1.6174165E-08  3.5164400E-06  4.2623588E-06  1.9995773E-07  3.5830644E-10  9.2048308E-07  2.3543589E-08  0.000E+00  0.0681  3.899049   -9.536  4.328821  8.072869  0.0000000E+00  8.9563146E-01  1.0095304E-01  1.8555408E-20  5.5729027E-06  3.4230551E-03  8.7806801E-11  1.7661571E-06  9.2065340E-07  6.7903863E-07  0.000E+00  9.364E-06  6.430E-03  9.592E-01  1.120E+00  1.70E+02  0.00E+00  5.96E+01  0.503506  0.003741  0.0000000E+00  3.7924963750E-03
221  8.385619337355411E+08    1.993678  2.463002  3.904881  6.8794290E-01  3.1182030E-01  1.3359529E-07  1.6174165E-08  3.5164400E-06  4.2623588E-06  1.9995773E-07  3.5830644E-10  9.2048308E-07  2.3543589E-08  0.000E+00  0.0695  3.904881   -9.541  4.318508  8.074261  0.0000000E+00  8.8607391E-01  1.0996536E-01  1.0449213E-20  5.3373848E-06  3.9682740E-03  8.2781371E-11  1.9385434E-06  9.2068258E-07  8.3844167E-07  0.000E+00  9.698E-06  6.337E-03  9.590E-01  1.121E+00  1.72E+02  0.00E+00  6.03E+01  0.504561  0.003780  0.0000000E+00  3.7818829647E-03
222  8.393742066404344E+08    1.993445  2.467167  3.909853  6.8794290E-01  3.1182030E-01  1.3359529E-07  1.6174165E-08  3.5164400E-06  4.2623588E-06  1.9995773E-07  3.5830644E-10  9.2048308E-07  2.3543589E-08  0.000E+00  0.0705  3.909853   -9.544  4.309347  8.075526  0.0000000E+00  8.7651637E-01  1.1891874E-01  4.4554949E-21  5.0940985E-06  4.5725492E-03  7.8015661E-11  2.0967328E-06  9.2071655E-07  1.0273992E-06  0.000E+00  9.959E-06  6.255E-03  9.590E-01  1.121E+00  1.74E+02  0.00E+00  6.08E+01  0.504319  0.003816  0.0000000E+00  3.7704632853E-03
223  8.400549151083456E+08    1.993251  2.471701  3.914523  6.8794290E-01  3.1182030E-01  1.3359529E-07  1.6174165E-08  3.5164400E-06  4.2623588E-06  1.9995773E-07  3.5830644E-10  9.2048308E-07  2.3543589E-08  0.000E+00  0.0729  3.914523   -9.546  4.299647  8.077121  0.0000000E+00  8.6695882E-01  1.2785077E-01  2.7522019E-20  4.8498804E-06  5.1979648E-03  7.3448263E-11  2.2437851E-06  9.2075324E-07  1.2314375E-06  0.000E+00  1.021E-05  6.171E-03  9.590E-01  1.121E+00  1.75E+02  0.00E+00  6.14E+01  0.504661  0.003857  0.0000000E+00  3.7610232370E-03
224  8.408366347189480E+08    1.993030  2.476496  3.920303  6.8794290E-01  3.1182030E-01  1.3359529E-07  1.6174165E-08  3.5164400E-06  4.2623588E-06  1.9995773E-07  3.5830644E-10  9.2048308E-07  2.3543589E-08  0.000E+00  0.0744  3.920303   -9.551  4.289359  8.078706  0.0000000E+00  8.5740128E-01  1.3670363E-01  1.0798953E-19  4.5949949E-06  5.9029769E-03  6.9167602E-11  2.3703683E-06  9.2079743E-07  1.4772437E-06  0.000E+00  1.056E-05  6.080E-03  9.589E-01  1.121E+00  1.77E+02  0.00E+00  6.21E+01  0.505356  0.003900  0.0000000E+00  3.7503527965E-03
225  8.415270404298751E+08    1.992836  2.480033  3.923027  6.8794290E-01  3.1182030E-01  1.3359529E-07  1.6174165E-08  3.5164400E-06  4.2623588E-06  1.9995773E-07  3.5830644E-10  9.2048308E-07  2.3543589E-08  0.000E+00  0.0751  3.923027   -9.552  4.281816  8.079890  0.0000000E+00  8.4784374E-01  1.4553531E-01  2.5765541E-18  4.3424920E-06  6.6289260E-03  6.5040389E-11  2.4833838E-06  9.2084516E-07  1.7358947E-06  0.000E+00  1.066E-05  6.014E-03  9.591E-01  1.121E+00  1.78E+02  0.00E+00  6.22E+01  0.504196  0.003932  0.0000000E+00  3.7410675965E-03
226  8.422796980103357E+08    1.992625  2.484224  3.926920  6.8794290E-01  3.1182030E-01  1.3359529E-07  1.6174165E-08  3.5164400E-06  4.2623588E-06  1.9995773E-07  3.5830644E-10  9.2048308E-07  2.3543589E-08  0.000E+00  0.0761  3.926920   -9.553  4.272615  8.081215  0.0000000E+00  8.3828619E-01  1.5428913E-01  1.9559974E-19  4.0822042E-06  7.4331201E-03  6.1174184E-11  2.5716713E-06  9.2090181E-07  2.0369853E-06  0.000E+00  1.086E-05  5.932E-03  9.591E-01  1.121E+00  1.79E+02  0.00E+00  6.26E+01  0.503857  0.003971  0.0000000E+00  3.7310326029E-03
227  8.431160965818164E+08    1.992392  2.489100  3.933857  6.8794290E-01  3.1182030E-01  1.3359529E-07  1.6174165E-08  3.5164400E-06  4.2623588E-06  1.9995773E-07  3.5830644E-10  9.2048308E-07  2.3543589E-08  0.000E+00  0.0781  3.933857   -9.559  4.261085  8.082787  0.0000000E+00  8.2872865E-01  1.6293772E-01  1.9349285E-16  3.8127772E-06  8.3433521E-03  5.7594607E-11  2.6260665E-06  9.2097168E-07  2.3938390E-06  0.000E+00  1.134E-05  5.827E-03  9.589E-01  1.121E+00  1.81E+02  0.00E+00  6.36E+01  0.505282  0.004016  0.0000000E+00  3.7200418609E-03
228  8.437906466611722E+08    1.992206  2.492550  3.937575  6.8794290E-01  3.1182030E-01  1.3359529E-07  1.6174165E-08  3.5164400E-06  4.2623588E-06  1.9995773E-07  3.5830644E-10  9.2048308E-07  2.3543589E-08  0.000E+00  0.0769  3.937575   -9.561  4.252648  8.084040  0.0000000E+00  8.1917110E-01  1.7161006E-01  2.8280617E-19  3.5546542E-06  9.2290554E-03  5.4080419E-11  2.6753336E-06  9.2104276E-07  2.7392201E-06  0.000E+00  1.156E-05  5.753E-03  9.589E-01  1.121E+00  1.82E+02  0.00E+00  6.40E+01  0.505276  0.004048  0.0000000E+00  3.7113472230E-03
229  8.443837622844238E+08    1.992043  2.496103  3.939435  6.8794290E-01  3.1182030E-01  1.3359529E-07  1.6174165E-08  3.5164400E-06  4.2623588E-06  1.9995773E-07  3.5830644E-10  9.2048308E-07  2.3543589E-08  0.000E+00  0.0777  3.939435   -9.560  4.247263  8.085309  0.0000000E+00  8.0961356E-01  1.8027382E-01  8.2003219E-20  3.3064173E-06  1.0123010E-02  5.0682769E-11  2.7118125E-06  9.2111731E-07  3.0847076E-06  0.000E+00  1.162E-05  5.708E-03  9.590E-01  1.121E+00  1.83E+02  0.00E+00  6.40E+01  0.504489  0.004082  0.0000000E+00  3.7037425730E-03
230  8.449847240881224E+08    1.991878  2.499379  3.942788  6.8794290E-01  3.1182030E-01  1.3359529E-07  1.6174165E-08  3.5164400E-06  4.2623588E-06  1.9995773E-07  3.5830644E-10  9.2048308E-07  2.3543589E-08  0.000E+00  0.0775  3.942788   -9.561  4.240272  8.086593  0.0000000E+00  8.0005601E-01  1.8887929E-01  1.2077804E-21  3.0609504E-06  1.1075348E-02  4.7503379E-11  2.7224150E-06  9.2120166E-07  3.4574635E-06  0.000E+00  1.183E-05  5.649E-03  9.590E-01  1.121E+00  1.84E+02  0.00E+00  6.45E+01  0.504691  0.004114  0.0000000E+00  3.6961237313E-03
231  8.455310993035382E+08    1.991728  2.501698  3.943851  6.8794290E-01  3.1182030E-01  1.3359529E-07  1.6174165E-08  3.5164400E-06  4.2623588E-06  1.9995773E-07  3.5830644E-10  9.2048308E-07  2.3543589E-08  0.000E+00  0.0777  3.943851   -9.560  4.235358  8.087339  0.0000000E+00  7.9049847E-01  1.9746586E-01  4.7229469E-23  2.8246238E-06  1.2046704E-02  4.4424465E-11  2.7203164E-06  9.2129123E-07  3.8313889E-06  0.000E+00  1.184E-05  5.608E-03  9.592E-01  1.121E+00  1.84E+02  0.00E+00  6.44E+01  0.503479  0.004135  0.0000000E+00  3.6892125375E-03
232  8.461238074890170E+08    1.991565  2.505406  3.947383  6.8794290E-01  3.1182030E-01  1.3359529E-07  1.6174165E-08  3.5164401E-06  4.2623588E-06  1.9995773E-07  3.5830644E-10  9.2048308E-07  2.3543589E-08  0.000E+00  0.0791  3.947383   -9.562  4.228417  8.088693  0.0000000E+00  7.8094093E-01  2.0596779E-01  9.4909457E-22  2.5938301E-06  1.3104187E-02  4.1607929E-11  2.6845657E-06  9.2139682E-07  4.2377537E-06  0.000E+00  1.207E-05  5.550E-03  9.591E-01  1.121E+00  1.85E+02  0.00E+00  6.48E+01  0.503989  0.004172  0.0000000E+00  3.6817274515E-03
233  8.468287187334965E+08    1.991372  2.509611  3.950526  6.8794290E-01  3.1182030E-01  1.3359529E-07  1.6174165E-08  3.5164401E-06  4.2623588E-06  1.9995773E-07  3.5830644E-10  9.2048308E-07  2.3543589E-08  0.000E+00  0.0804  3.950526   -9.562  4.220396  8.090185  0.0000000E+00  7.7138338E-01  2.1432322E-01  1.4702435E-20  2.3685448E-06  1.4308325E-02  3.9162367E-11  2.5985068E-06  9.2152749E-07  4.6969210E-06  0.000E+00  1.224E-05  5.480E-03  9.591E-01  1.121E+00  1.86E+02  0.00E+00  6.51E+01  0.503809  0.004213  0.0000000E+00  3.6729043724E-03
234  8.473654716151811E+08    1.991226  2.512221  3.954358  6.8794290E-01  3.1182030E-01  1.3359529E-07  1.6174164E-08  3.5164401E-06  4.2623588E-06  1.9995773E-07  3.5830643E-10  9.2048308E-07  2.3543589E-08  0.000E+00  0.0812  3.954358   -9.565  4.213578  8.091316  0.0000000E+00  7.6182584E-01  2.2275503E-01  2.3605273E-19  2.1531723E-06  1.5434432E-02  3.6576478E-11  2.5370669E-06  9.2165116E-07  5.1104350E-06  0.000E+00  1.252E-05  5.424E-03  9.590E-01  1.121E+00  1.87E+02  0.00E+00  6.56E+01  0.504469  0.004238  0.0000000E+00  3.6662681738E-03
235  8.479296013341410E+08    1.991072  2.515394  3.956460  6.8794290E-01  3.1182030E-01  1.3359528E-07  1.6174164E-08  3.5164401E-06  4.2623588E-06  1.9995773E-07  3.5830643E-10  9.2048308E-07  2.3543589E-08  0.000E+00  0.0819  3.956460   -9.565  4.208019  8.092406  0.0000000E+00  7.5226829E-01  2.3110298E-01  2.7372223E-21  1.9483651E-06  1.6644622E-02  3.4201029E-11  2.4483334E-06  9.2179261E-07  5.5406976E-06  0.000E+00  1.264E-05  5.378E-03  9.590E-01  1.121E+00  1.88E+02  0.00E+00  6.58E+01  0.504290  0.004270  0.0000000E+00  3.6593085721E-03
236  8.485967735201395E+08    1.990891  2.518637  3.960849  6.8794290E-01  3.1182030E-01  1.3359528E-07  1.6174163E-08  3.5164402E-06  4.2623587E-06  1.9995773E-07  3.5830641E-10  9.2048308E-07  2.3543589E-08  0.000E+00  0.0828  3.960849   -9.568  4.200107  8.093795  0.0000000E+00  7.4271075E-01  2.3928319E-01  2.2774382E-21  1.7580938E-06  1.8022234E-02  3.2221062E-11  2.3085138E-06  9.2196789E-07  6.0105227E-06  0.000E+00  1.298E-05  5.308E-03  9.588E-01  1.122E+00  1.89E+02  0.00E+00  6.65E+01  0.505363  0.004302  0.0000000E+00  3.6511703624E-03
237  8.493166175175604E+08    1.990696  2.522782  3.962802  6.8794290E-01  3.1182030E-01  1.3359526E-07  1.6174162E-08  3.5164403E-06  4.2623586E-06  1.9995773E-07  3.5830638E-10  9.2048308E-07  2.3543589E-08  0.000E+00  0.0857  3.962802   -9.566  4.192327  8.095210  0.0000000E+00  7.3315320E-01  2.4735083E-01  1.9456385E-19  1.5815367E-06  1.9512691E-02  3.0465602E-11  2.1468164E-06  9.2217306E-07  6.4855264E-06  0.000E+00  1.305E-05  5.238E-03  9.589E-01  1.121E+00  1.90E+02  0.00E+00  6.66E+01  0.504893  0.004344  0.0000000E+00  3.6424316316E-03
238  8.498315939117475E+08    1.990556  2.525299  3.964905  6.8794290E-01  3.1182030E-01  1.3359524E-07  1.6174160E-08  3.5164405E-06  4.2623584E-06  1.9995774E-07  3.5830634E-10  9.2048308E-07  2.3543589E-08  0.000E+00  0.0861  3.964905   -9.567  4.187175  8.096288  0.0000000E+00  7.2359566E-01  2.5557243E-01  5.9718986E-20  1.4077151E-06  2.0848932E-02  2.8390452E-11  2.0386138E-06  9.2235755E-07  6.8908883E-06  0.000E+00  1.318E-05  5.196E-03  9.590E-01  1.121E+00  1.90E+02  0.00E+00  6.68E+01  0.504771  0.004370  0.0000000E+00  3.6362013355E-03
239  8.503621623221937E+08    1.990412  2.527837  3.966989  6.8794280E-01  3.1182030E-01  1.3359521E-07  1.6174157E-08  3.5164407E-06  4.2623582E-06  1.9995774E-07  3.5830628E-10  9.2048308E-07  2.3543589E-08  0.000E+00  0.0861  3.966989   -9.567  4.182124  8.097318  0.0000000E+00  7.1403812E-01  2.6371479E-01  1.1552926E-20  1.2484350E-06  2.2264579E-02  2.6489301E-11  1.9136806E-06  9.2256415E-07  7.2938432E-06  0.000E+00  1.332E-05  5.155E-03  9.589E-01  1.121E+00  1.91E+02  0.00E+00  6.70E+01  0.504837  0.004395  0.0000000E+00  3.6298016296E-03
240  8.508393577787008E+08    1.990282  2.530158  3.967420  6.8794280E-01  3.1182030E-01  1.3359517E-07  1.6174154E-08  3.5164411E-06  4.2623578E-06  1.9995775E-07  3.5830619E-10  9.2048308E-07  2.3543589E-08  0.000E+00  0.0863  3.967420   -9.565  4.178352  8.098258  0.0000000E+00  7.0448057E-01  2.7186064E-01  3.7100880E-22  1.0983310E-06  2.3676451E-02  2.4588513E-11  1.7963277E-06  9.2277586E-07  7.6731190E-06  0.000E+00  1.328E-05  5.125E-03  9.591E-01  1.121E+00  1.91E+02  0.00E+00  6.69E+01  0.504074  0.004419  0.0000000E+00  3.6240342604E-03
241  8.514337005043075E+08    1.990120  2.533315  3.970089  6.8794280E-01  3.1182030E-01  1.3359510E-07  1.6174147E-08  3.5164416E-06  4.2623573E-06  1.9995776E-07  3.5830605E-10  9.2048308E-07  2.3543589E-08  0.000E+00  0.0868  3.970089   -9.565  4.172835  8.099447  0.0000000E+00  6.9492303E-01  2.7979062E-01  2.9624168E-20  9.7807671E-07  2.5301227E-02  2.3138153E-11  1.6322249E-06  9.2303916E-07  8.0625653E-06  0.000E+00  1.347E-05  5.077E-03  9.590E-01  1.121E+00  1.92E+02  0.00E+00  6.73E+01  0.504644  0.004452  0.0000000E+00  3.6168444075E-03
242  8.519805835426981E+08    1.989972  2.535653  3.974402  6.8794280E-01  3.1182030E-01  1.3359501E-07  1.6174139E-08  3.5164424E-06  4.2623565E-06  1.9995778E-07  3.5830587E-10  9.2048308E-07  2.3543589E-08  0.000E+00  0.0877  3.974402   -9.570  4.166432  8.100768  0.0000000E+00  6.8536548E-01  2.8771975E-01  2.2358865E-19  8.6195762E-07  2.6931794E-02  2.1676697E-11  1.4874241E-06  9.2332027E-07  8.4219837E-06  0.000E+00  1.385E-05  5.026E-03  9.588E-01  1.122E+00  1.93E+02  0.00E+00  6.80E+01  0.505771  0.004476  0.0000000E+00  3.6103189290E-03
243  8.524420105876613E+08    1.989848  2.538716  3.976699  6.8794280E-01  3.1182031E-01  1.3359493E-07  1.6174131E-08  3.5164431E-06  4.2623558E-06  1.9995779E-07  3.5830569E-10  9.2048308E-07  2.3543589E-08  0.000E+00  0.0897  3.976699   -9.570  4.161059  8.102074  0.0000000E+00  6.7580794E-01  2.9570411E-01  2.7800435E-21  7.4664598E-07  2.8505150E-02  2.0104559E-11  1.3655228E-06  9.2359545E-07  8.7521372E-06  0.000E+00  1.400E-05  4.986E-03  9.587E-01  1.122E+00  1.94E+02  0.00E+00  6.83E+01  0.506007  0.004508  0.0000000E+00  3.6048514366E-03
244  8.529413307152590E+08    1.989713  2.540715  3.977358  6.8794270E-01  3.1182040E-01  1.3359481E-07  1.6174121E-08  3.5164440E-06  4.2623549E-06  1.9995782E-07  3.5830546E-10  9.2048308E-07  2.3543589E-08  0.000E+00  0.0901  3.977358   -9.568  4.157133  8.103025  0.0000000E+00  6.6625039E-01  3.0355817E-01  2.6730205E-21  6.5072880E-07  3.0209456E-02  1.8766759E-11  1.2314716E-06  9.2391385E-07  9.0666583E-06  0.000E+00  1.399E-05  4.953E-03  9.589E-01  1.122E+00  1.94E+02  0.00E+00  6.81E+01  0.504899  0.004529  0.0000000E+00  3.5989606748E-03
245  8.534360642151648E+08    1.989578  2.543508  3.979044  6.8794270E-01  3.1182040E-01  1.3359468E-07  1.6174108E-08  3.5164451E-06  4.2623538E-06  1.9995784E-07  3.5830518E-10  9.2048308E-07  2.3543589E-08  0.000E+00  0.0910  3.979044   -9.567  4.152827  8.104117  0.0000000E+00  6.5669285E-01  3.1135691E-01  1.4150024E-22  5.6791488E-07  3.1968928E-02  1.7524875E-11  1.1008840E-06  9.2425717E-07  9.3563518E-06  0.000E+00  1.407E-05  4.918E-03  9.590E-01  1.121E+00  1.95E+02  0.00E+00  6.82E+01  0.504509  0.004559  0.0000000E+00  3.5931002946E-03
246  8.539881505167644E+08    1.989429  2.546348  3.981258  6.8794270E-01  3.1182050E-01  1.3359452E-07  1.6174093E-08  3.5164465E-06  4.2623524E-06  1.9995787E-07  3.5830484E-10  9.2048308E-07  2.3543589E-08  0.000E+00  0.0914  3.981258   -9.568  4.148125  8.105366  0.0000000E+00  6.4713531E-01  3.1898602E-01  5.4708556E-20  5.0765092E-07  3.3899918E-02  1.6564318E-11  9.6417317E-07  9.2466385E-07  9.6180997E-06  0.000E+00  1.420E-05  4.878E-03  9.591E-01  1.121E+00  1.95E+02  0.00E+00  6.84E+01  0.504119  0.004589  0.0000000E+00  3.5866073068E-03
247  8.544654799521139E+08    1.989300  2.548596  3.981527  6.8794260E-01  3.1182050E-01  1.3359436E-07  1.6174078E-08  3.5164479E-06  4.2623511E-06  1.9995790E-07  3.5830451E-10  9.2048308E-07  2.3543589E-08  0.000E+00  0.0916  3.981527   -9.565  4.144877  8.106273  0.0000000E+00  6.3757776E-01  3.2667374E-01  5.4171456E-22  4.4072104E-07  3.5770637E-02  1.5447526E-11  8.5712371E-07  9.2506442E-07  9.8540633E-06  0.000E+00  1.413E-05  4.851E-03  9.593E-01  1.120E+00  1.95E+02  0.00E+00  6.81E+01  0.502797  0.004613  0.0000000E+00  3.5809892759E-03
248  8.549094841774100E+08    1.989179  2.550912  3.984529  6.8794260E-01  3.1182050E-01  1.3359418E-07  1.6174061E-08  3.5164494E-06  4.2623496E-06  1.9995794E-07  3.5830413E-10  9.2048308E-07  2.3543589E-08  0.000E+00  0.0927  3.984529   -9.567  4.140319  8.107442  0.0000000E+00  6.2802022E-01  3.3435921E-01  8.2758300E-23  3.7612088E-07  3.7642813E-02  1.4317859E-11  7.6275529E-07  9.2547786E-07  1.0070861E-05  0.000E+00  1.438E-05  4.817E-03  9.592E-01  1.121E+00  1.96E+02  0.00E+00  6.86E+01  0.503263  0.004637  0.0000000E+00  3.5757830434E-03
249  8.554682826071697E+08    1.989029  2.552792  3.988257  6.8794250E-01  3.1182060E-01  1.3359388E-07  1.6174034E-08  3.5164519E-06  4.2623471E-06  1.9995799E-07  3.5830353E-10  9.2048308E-07  2.3543589E-08  0.000E+00  0.0928  3.988257   -9.572  4.134078  8.108697  0.0000000E+00  6.1846267E-01  3.4172258E-01  3.9805702E-22  3.4994895E-07  3.9835266E-02  1.3701632E-11  6.5426401E-07  9.2601157E-07  1.0244482E-05  0.000E+00  1.472E-05  4.766E-03  9.592E-01  1.121E+00  1.98E+02  0.00E+00  6.92E+01  0.503598  0.004658  0.0000000E+00  3.5693263971E-03
250  8.558521149105992E+08    1.988925  2.555380  3.987442  6.8794250E-01  3.1182070E-01  1.3359363E-07  1.6174010E-08  3.5164540E-06  4.2623450E-06  1.9995804E-07  3.5830300E-10  9.2048308E-07  2.3543589E-08  0.000E+00  0.0940  3.987442   -9.567  4.132302  8.109634  0.0000000E+00  6.0890513E-01  3.4938127E-01  2.6305289E-25  2.8530399E-07  4.1734228E-02  1.2532461E-11  5.8820739E-07  9.2646162E-07  1.0426752E-05  0.000E+00  1.453E-05  4.752E-03  9.594E-01  1.120E+00  1.97E+02  0.00E+00  6.87E+01  0.502017  0.004687  0.0000000E+00  3.5648823728E-03
251  8.563102244956216E+08    1.988800  2.557754  3.987610  6.8794240E-01  3.1182080E-01  1.3359326E-07  1.6173976E-08  3.5164572E-06  4.2623419E-06  1.9995811E-07  3.5830222E-10  9.2048308E-07  2.3543589E-08  0.000E+00  0.0942  3.987610   -9.563  4.129323  8.110609  0.0000000E+00  5.9934758E-01  3.5681486E-01  2.1204697E-21  2.5148543E-07  4.3858719E-02  1.1715933E-11  5.1017432E-07  9.2700446E-07  1.0575205E-05  0.000E+00  1.445E-05  4.728E-03  9.596E-01  1.119E+00  1.97E+02  0.00E+00  6.85E+01  0.501001  0.004712  0.0000000E+00  3.5595507167E-03
252  8.567390145232099E+08    1.988683  2.560322  3.989480  6.8794220E-01  3.1182090E-01  1.3359275E-07  1.6173928E-08  3.5164615E-06  4.2623376E-06  1.9995821E-07  3.5830117E-10  9.2048308E-07  2.3543589E-08  0.000E+00  0.0955  3.989480   -9.563  4.125319  8.111829  0.0000000E+00  5.8979004E-01  3.6423322E-01  1.5063651E-23  2.1789039E-07  4.5998289E-02  1.0891129E-11  4.4384759E-07  9.2756967E-07  1.0708999E-05  0.000E+00  1.458E-05  4.698E-03  9.596E-01  1.119E+00  1.97E+02  0.00E+00  6.87E+01  0.501137  0.004741  0.0000000E+00  3.5545401354E-03
253  8.571340433863788E+08    1.988575  2.561512  3.991747  6.8794210E-01  3.1182100E-01  1.3359218E-07  1.6173875E-08  3.5164663E-06  4.2623328E-06  1.9995832E-07  3.5829998E-10  9.2048308E-07  2.3543589E-08  0.000E+00  0.0956  3.991747   -9.566  4.122238  8.112804  0.0000000E+00  5.8023250E-01  3.7165788E-01  3.4166769E-24  1.8199504E-07  4.8130786E-02  1.0022951E-11  3.8704937E-07  9.2814781E-07  1.0834757E-05  0.000E+00  1.478E-05  4.676E-03  9.595E-01  1.120E+00  1.98E+02  0.00E+00  6.90E+01  0.501438  0.004754  0.0000000E+00  3.5499722219E-03
254  8.578239756129035E+08    1.988388  2.565177  3.995170  6.8794180E-01  3.1182140E-01  1.3359088E-07  1.6173753E-08  3.5164773E-06  4.2623218E-06  1.9995856E-07  3.5829727E-10  9.2048308E-07  2.3543589E-08  0.000E+00  0.0961  3.995170   -9.567  4.114850  8.114295  0.0000000E+00  5.7067495E-01  3.7824819E-01  2.2720415E-22  2.2196181E-07  5.1091676E-02  1.0285707E-11  3.3218008E-07  9.2908982E-07  1.0838810E-05  0.000E+00  1.506E-05  4.614E-03  9.595E-01  1.120E+00  1.99E+02  0.00E+00  6.95E+01  0.501893  0.004795  0.0000000E+00  3.5420394792E-03
255  8.581822803883557E+08    1.988291  2.566792  3.995686  6.8794155E-01  3.1182160E-01  1.3359008E-07  1.6173678E-08  3.5164841E-06  4.2623151E-06  1.9995871E-07  3.5829561E-10  9.2048308E-07  2.3543589E-08  0.000E+00  0.0969  3.995686   -9.566  4.112868  8.115286  0.0000000E+00  5.6111741E-01  3.8561394E-01  2.9502080E-25  1.7129761E-07  5.3275108E-02  9.3328372E-12  3.0683876E-07  9.2972760E-07  1.0949237E-05  0.000E+00  1.505E-05  4.600E-03  9.596E-01  1.120E+00  1.99E+02  0.00E+00  6.94E+01  0.501344  0.004813  0.0000000E+00  3.5379354877E-03
256  8.585865002428663E+08    1.988181  2.569036  3.997202  6.8794130E-01  3.1182190E-01  1.3358898E-07  1.6173575E-08  3.5164935E-06  4.2623058E-06  1.9995893E-07  3.5829331E-10  9.2048308E-07  2.3543589E-08  0.000E+00  0.0979  3.997202   -9.566  4.109338  8.116425  0.0000000E+00  5.5155986E-01  3.9278054E-01  1.8467277E-22  1.4501105E-07  5.5652684E-02  8.6397968E-12  2.7085104E-07  9.3046611E-07  1.1034297E-05  0.000E+00  1.515E-05  4.574E-03  9.596E-01  1.120E+00  2.00E+02  0.00E+00  6.96E+01  0.501414  0.004838  0.0000000E+00  3.5332983216E-03
257  8.589522444643558E+08    1.988081  2.571244  3.997167  6.8794100E-01  3.1182220E-01  1.3358781E-07  1.6173465E-08  3.5165034E-06  4.2622959E-06  1.9995915E-07  3.5829087E-10  9.2048308E-07  2.3543589E-08  0.000E+00  0.0990  3.997167   -9.562  4.107957  8.117453  0.0000000E+00  5.4200232E-01  3.9997159E-01  0.0000000E+00  1.1572706E-07  5.8014638E-02  7.8816293E-12  2.3774053E-07  9.3122200E-07  1.1120659E-05  0.000E+00  1.507E-05  4.564E-03  9.597E-01  1.119E+00  1.99E+02  0.00E+00  6.94E+01  0.500666  0.004863  0.0000000E+00  3.5291003463E-03
258  8.593500748082613E+08    1.987973  2.572627  3.999757  6.8794060E-01  3.1182250E-01  1.3358629E-07  1.6173322E-08  3.5165164E-06  4.2622830E-06  1.9995945E-07  3.5828771E-10  9.2048308E-07  2.3543589E-08  0.000E+00  0.0993  3.999757   -9.565  4.104375  8.118529  0.0000000E+00  5.3244477E-01  4.0700290E-01  9.4271667E-25  1.0219142E-07  6.0535836E-02  7.3113297E-12  2.0378751E-07  9.3207699E-07  1.1183286E-05  0.000E+00  1.533E-05  4.538E-03  9.595E-01  1.120E+00  2.01E+02  0.00E+00  6.99E+01  0.501501  0.004879  0.0000000E+00  3.5245540697E-03
259  8.597456081050178E+08    1.987866  2.574385  4.001767  6.8794010E-01  3.1182300E-01  1.3358444E-07  1.6173148E-08  3.5165322E-06  4.2622673E-06  1.9995981E-07  3.5828384E-10  9.2048308E-07  2.3543589E-08  0.000E+00  0.0997  4.001767   -9.567  4.101598  8.119623  0.0000000E+00  5.2288723E-01  4.1395029E-01  2.8606861E-23  9.1243284E-08  6.3141575E-02  6.7978679E-12  1.7675381E-07  9.3299907E-07  1.1233393E-05  0.000E+00  1.552E-05  4.517E-03  9.594E-01  1.120E+00  2.01E+02  0.00E+00  7.02E+01  0.501981  0.004899  0.0000000E+00  3.5200516078E-03
260  8.601592723104676E+08    1.987753  2.576151  4.003295  6.8793950E-01  3.1182369E-01  1.3358194E-07  1.6172913E-08  3.5165535E-06  4.2622461E-06  1.9996030E-07  3.5827862E-10  9.2048308E-07  2.3543589E-08  0.000E+00  0.1006  4.003295   -9.567  4.098228  8.120843  0.0000000E+00  5.1332969E-01  4.2074725E-01  7.9585946E-24  8.8442824E-08  6.5900225E-02  6.4179654E-12  1.5482380E-07  9.3403196E-07  1.1264480E-05  0.000E+00  1.564E-05  4.493E-03  9.594E-01  1.120E+00  2.02E+02  0.00E+00  7.04E+01  0.502333  0.004919  0.0000000E+00  3.5153688837E-03
261  8.605764339228685E+08    1.987639  2.578546  4.001845  6.8793870E-01  3.1182441E-01  1.3357897E-07  1.6172633E-08  3.5165790E-06  4.2622207E-06  1.9996088E-07  3.5827241E-10  9.2048308E-07  2.3543589E-08  0.000E+00  0.1009  4.001845   -9.561  4.096542  8.121826  0.0000000E+00  5.0377214E-01  4.2743207E-01  1.7956696E-23  8.7652593E-08  6.8772057E-02  6.0962833E-12  1.3819370E-07  9.3515742E-07  1.1285938E-05  0.000E+00  1.538E-05  4.478E-03  9.596E-01  1.119E+00  2.01E+02  0.00E+00  6.99E+01  0.500925  0.004946  0.0000000E+00  3.5106105333E-03
262  8.609399069824295E+08    1.987539  2.579988  4.001886  6.8793795E-01  3.1182520E-01  1.3357602E-07  1.6172354E-08  3.5166043E-06  4.2621956E-06  1.9996146E-07  3.5826624E-10  9.2048308E-07  2.3543589E-08  0.000E+00  0.1020  4.001886   -9.558  4.095218  8.122737  0.0000000E+00  4.9421460E-01  4.3421688E-01  1.4722495E-24  7.3132212E-08  7.1544431E-02  5.5985812E-12  1.2377815E-07  9.3625677E-07  1.1326281E-05  0.000E+00  1.532E-05  4.467E-03  9.597E-01  1.119E+00  2.01E+02  0.00E+00  6.97E+01  0.500383  0.004963  0.0000000E+00  3.5064229863E-03
263  8.615701324557117E+08    1.987366  2.583072  4.005722  6.8793640E-01  3.1182671E-01  1.3357008E-07  1.6171794E-08  3.5166554E-06  4.2621447E-06  1.9996263E-07  3.5825380E-10  9.2048308E-07  2.3543589E-08  0.000E+00  0.1047  4.005722   -9.561  4.089047  8.124339  0.0000000E+00  4.8465705E-01  4.3989218E-01  7.9167388E-21  1.2309529E-07  7.5426756E-02  6.1730483E-12  1.2886093E-07  9.3806600E-07  1.1241398E-05  0.000E+00  1.570E-05  4.420E-03  9.595E-01  1.120E+00  2.02E+02  0.00E+00  7.05E+01  0.501896  0.004999  0.0000000E+00  3.4991761236E-03
264  8.620530303740596E+08    1.987233  2.585792  4.007178  6.8793492E-01  3.1182820E-01  1.3356440E-07  1.6171256E-08  3.5167042E-06  4.2620960E-06  1.9996376E-07  3.5824190E-10  9.2048308E-07  2.3543589E-08  0.000E+00  0.1076  4.007178   -9.560  4.085519  8.125651  0.0000000E+00  4.7509951E-01  4.4602774E-01  1.4678435E-22  1.1012051E-07  7.8852327E-02  6.0449914E-12  1.4242761E-07  9.3967477E-07  1.1245121E-05  0.000E+00  1.580E-05  4.392E-03  9.594E-01  1.120E+00  2.02E+02  0.00E+00  7.06E+01  0.502148  0.005031  0.0000000E+00  3.4936473365E-03
265  8.627900786531605E+08    1.987031  2.589421  4.011092  6.8793210E-01  3.1183110E-01  1.3355338E-07  1.6170213E-08  3.5167995E-06  4.2620011E-06  1.9996596E-07  3.5821879E-10  9.2048308E-07  2.3543589E-08  0.000E+00  0.1111  4.011092   -9.562  4.077345  8.127574  0.0000000E+00  4.6554196E-01  4.5102229E-01  1.7775267E-19  1.2526223E-07  8.3423918E-02  6.6530217E-12  1.7047203E-07  9.4215637E-07  1.1186958E-05  0.000E+00  1.618E-05  4.331E-03  9.591E-01  1.121E+00  2.04E+02  0.00E+00  7.14E+01  0.503690  0.005073  0.0000000E+00  3.4852673387E-03
266  8.648684532780310E+08    1.986453  2.599750  4.012520  6.8792121E-01  3.1184199E-01  1.3351204E-07  1.6166285E-08  3.5171589E-06  4.2616425E-06  1.9997434E-07  3.5813189E-10  9.2048308E-07  2.3543589E-08  0.000E+00  0.1065  4.012520   -9.549  4.056375  8.130964  0.0000000E+00  4.5598442E-01  4.4990037E-01  2.6580942E-15  3.7641931E-07  9.4110197E-02  1.0760086E-11  1.6323240E-07  9.4975138E-07  1.0800896E-05  0.000E+00  1.600E-05  4.159E-03  9.594E-01  1.120E+00  2.03E+02  0.00E+00  7.10E+01  0.502398  0.005197  0.0000000E+00  3.4613495619E-03
267  8.651192214608245E+08    1.986383  2.600579  4.014034  6.8791954E-01  3.1184366E-01  1.3350570E-07  1.6165681E-08  3.5172143E-06  4.2615871E-06  1.9997565E-07  3.5811854E-10  9.2048308E-07  2.3543589E-08  0.000E+00  0.1066  4.014034   -9.551  4.054495  8.131893  0.0000000E+00  4.4642688E-01  4.5663150E-01  1.9731663E-21  1.9106154E-07  9.6936524E-02  9.2200223E-12  2.6274914E-07  9.5131921E-07  1.0970446E-05  0.000E+00  1.617E-05  4.149E-03  9.592E-01  1.121E+00  2.04E+02  0.00E+00  7.13E+01  0.503075  0.005207  0.0000000E+00  3.4584268985E-03
268  8.653780958787687E+08    1.986310  2.601533  4.015807  6.8791782E-01  3.1184538E-01  1.3349915E-07  1.6165057E-08  3.5172716E-06  4.2615299E-06  1.9997699E-07  3.5810475E-10  9.2048308E-07  2.3543589E-08  0.000E+00  0.1093  4.015807   -9.553  4.053256  8.132942  0.0000000E+00  4.3686933E-01  4.6327581E-01  1.4998620E-24  9.4349416E-08  9.9849678E-02  7.8667105E-12  2.3064720E-07  9.5298465E-07  1.1161558E-05  0.000E+00  1.637E-05  4.142E-03  9.591E-01  1.121E+00  2.05E+02  0.00E+00  7.16E+01  0.503698  0.005219  0.0000000E+00  3.4554297115E-03
269  8.656549593766088E+08    1.986233  2.603025  4.016496  6.8791602E-01  3.1184728E-01  1.3349209E-07  1.6164384E-08  3.5173335E-06  4.2614681E-06  1.9997845E-07  3.5808986E-10  9.2048308E-07  2.3543589E-08  0.000E+00  0.1133  4.016496   -9.552  4.052756  8.134037  0.0000000E+00  4.2731179E-01  4.6981899E-01  2.4126613E-25  4.8581804E-08  1.0286401E-01  6.6928461E-12  1.6389498E-07  9.5476067E-07  1.1314960E-05  0.000E+00  1.640E-05  4.139E-03  9.591E-01  1.121E+00  2.05E+02  0.00E+00  7.17E+01  0.503678  0.005237  0.0000000E+00  3.4522283444E-03
270  8.661792917529138E+08    1.986085  2.605843  4.015983  6.8791186E-01  3.1185138E-01  1.3347655E-07  1.6162900E-08  3.5174699E-06  4.2613318E-06  1.9998167E-07  3.5805708E-10  9.2048308E-07  2.3543589E-08  0.000E+00  0.1133  4.015983   -9.548  4.048141  8.135634  0.0000000E+00  4.1775424E-01  4.7542979E-01  1.0873027E-22  7.2721737E-08  1.0681141E-01  6.1568161E-12  1.1019142E-07  9.5748821E-07  1.1342587E-05  0.000E+00  1.624E-05  4.112E-03  9.593E-01  1.121E+00  2.04E+02  0.00E+00  7.13E+01  0.502901  0.005271  0.0000000E+00  3.4461134437E-03
271  8.668845924721189E+08    1.985883  2.609965  4.016532  6.8790580E-01  3.1185750E-01  1.3345393E-07  1.6160739E-08  3.5176690E-06  4.2611326E-06  1.9998638E-07  3.5800933E-10  9.2048308E-07  2.3543589E-08  0.000E+00  0.1130  4.016532   -9.542  4.042473  8.137192  0.0000000E+00  4.0819670E-01  4.7966243E-01  6.4097318E-21  9.1436087E-08  1.1213792E-01  6.2190039E-12  1.3208498E-07  9.6171593E-07  1.1286891E-05  0.000E+00  1.616E-05  4.071E-03  9.594E-01  1.120E+00  2.04E+02  0.00E+00  7.12E+01  0.502380  0.005322  0.0000000E+00  3.4377741270E-03
272  8.671487111355590E+08    1.985807  2.610940  4.018860  6.8790332E-01  3.1185994E-01  1.3344466E-07  1.6159852E-08  3.5177508E-06  4.2610507E-06  1.9998833E-07  3.5798975E-10  9.2048308E-07  2.3543589E-08  0.000E+00  0.1180  4.018860   -9.545  4.041269  8.138398  0.0000000E+00  3.9863915E-01  4.8595251E-01  1.4200931E-20  3.7602671E-08  1.1540535E-01  5.1898384E-12  1.0660166E-07  9.6392158E-07  1.1402511E-05  0.000E+00  1.643E-05  4.064E-03  9.592E-01  1.120E+00  2.05E+02  0.00E+00  7.17E+01  0.503395  0.005334  0.0000000E+00  3.4346572353E-03
273  8.678696169465582E+08    1.985600  2.613389  4.016998  6.8789555E-01  3.1186775E-01  1.3341583E-07  1.6157091E-08  3.5180059E-06  4.2607953E-06  1.9999441E-07  3.5792879E-10  9.2048308E-07  2.3543589E-08  0.000E+00  0.1141  4.016998   -9.539  4.036653  8.140080  0.0000000E+00  3.8908161E-01  4.8981920E-01  1.8051643E-19  8.5811316E-08  1.2109773E-01  5.4549220E-12  1.0709046E-07  9.6885907E-07  1.1328235E-05  0.000E+00  1.608E-05  4.030E-03  9.595E-01  1.121E+00  2.04E+02  0.00E+00  7.10E+01  0.501494  0.005365  0.0000000E+00  3.4261261829E-03
274  8.683921998877043E+08    1.985450  2.617126  4.021168  6.8788922E-01  3.1187416E-01  1.3339213E-07  1.6154817E-08  3.5182164E-06  4.2605845E-06  1.9999945E-07  3.5787861E-10  9.2048308E-07  2.3543589E-08  0.000E+00  0.1195  4.021168   -9.540  4.031214  8.141897  0.0000000E+00  3.7952407E-01  4.9451771E-01  9.1527553E-20  4.9293778E-08  1.2592053E-01  5.0460577E-12  1.0924433E-07  9.7305112E-07  1.1384457E-05  0.000E+00  1.652E-05  3.997E-03  9.592E-01  1.121E+00  2.05E+02  0.00E+00  7.18E+01  0.503483  0.005411  0.0000000E+00  3.4199313395E-03
275  8.689552651406555E+08    1.985286  2.620581  4.017525  6.8788276E-01  3.1188064E-01  1.3336827E-07  1.6152527E-08  3.5184288E-06  4.2603716E-06  2.0000455E-07  3.5782808E-10  9.2048308E-07  2.3543589E-08  0.000E+00  0.1137  4.017525   -9.528  4.027876  8.143142  0.0000000E+00  3.6996652E-01  4.9889231E-01  3.3187708E-22  7.1976439E-08  1.3110486E-01  4.9085472E-12  8.4065547E-08  9.7787056E-07  1.1383135E-05  0.000E+00  1.592E-05  3.973E-03  9.597E-01  1.119E+00  2.03E+02  0.00E+00  7.06E+01  0.500687  0.005455  0.0000000E+00  3.4132023226E-03
276  8.692052655851073E+08    1.985213  2.621832  4.017137  6.8787973E-01  3.1188367E-01  1.3335735E-07  1.6151478E-08  3.5185262E-06  4.2602740E-06  2.0000690E-07  3.5780494E-10  9.2048308E-07  2.3543589E-08  0.000E+00  0.1227  4.017137   -9.525  4.028620  8.144483  0.0000000E+00  3.6040898E-01  5.0478667E-01  2.3205360E-22  2.2630136E-08  1.3476803E-01  3.9772918E-12  6.7519582E-08  9.8087007E-07  1.1480754E-05  0.000E+00  1.582E-05  3.977E-03  9.598E-01  1.119E+00  2.03E+02  0.00E+00  7.04E+01  0.500178  0.005471  0.0000000E+00  3.4101439379E-03
277  8.700626961154802E+08    1.984955  2.624745  4.014569  6.8786887E-01  3.1189453E-01  1.3331739E-07  1.6147635E-08  3.5188835E-06  4.2599156E-06  2.0001552E-07  3.5772018E-10  9.2048308E-07  2.3543589E-08  0.000E+00  0.1130  4.014569   -9.517  4.022354  8.146214  0.0000000E+00  3.5085143E-01  5.0685379E-01  1.3466476E-20  5.4999502E-08  1.4226130E-01  4.8108672E-12  1.1413816E-07  9.8913527E-07  1.1388395E-05  0.000E+00  1.537E-05  3.932E-03  9.603E-01  1.118E+00  2.01E+02  0.00E+00  6.94E+01  0.497365  0.005509  0.0000000E+00  3.3995287690E-03
278  8.707253266103246E+08    1.984752  2.629072  4.021115  6.8785862E-01  3.1190488E-01  1.3327985E-07  1.6144019E-08  3.5192208E-06  4.2595770E-06  2.0002370E-07  3.5764044E-10  9.2048308E-07  2.3543589E-08  0.000E+00  0.1149  4.021115   -9.523  4.014473  8.148371  0.0000000E+00  3.4129389E-01  5.0999640E-01  5.9122378E-24  5.4908427E-08  1.4870170E-01  5.0614280E-12  1.1642171E-07  9.9654088E-07  1.1409286E-05  0.000E+00  1.608E-05  3.884E-03  9.597E-01  1.118E+00  2.04E+02  0.00E+00  7.09E+01  0.500806  0.005565  0.0000000E+00  3.3911366093E-03
279  8.709648533192475E+08    1.984681  2.629203  4.020506  6.8785479E-01  3.1190871E-01  1.3326596E-07  1.6142679E-08  3.5193460E-06  4.2594513E-06  2.0002675E-07  3.5761090E-10  9.2048308E-07  2.3543589E-08  0.000E+00  0.1204  4.020506   -9.521  4.015492  8.149585  0.0000000E+00  3.3173634E-01  5.1562957E-01  0.0000000E+00  1.4743229E-08  1.5262602E-01  3.9992477E-12  6.2489370E-08  1.0003867E-06  1.1538145E-05  0.000E+00  1.598E-05  3.890E-03  9.598E-01  1.119E+00  2.03E+02  0.00E+00  7.06E+01  0.499842  0.005567  0.0000000E+00  3.3881695694E-03
280  8.715868192639062E+08    1.984491  2.632619  4.023926  6.8784430E-01  3.1191920E-01  1.3322830E-07  1.6139044E-08  3.5196859E-06  4.2591098E-06  2.0003504E-07  3.5753080E-10  9.2048308E-07  2.3543589E-08  0.000E+00  0.1158  4.023926   -9.523  4.009036  8.151347  0.0000000E+00  3.2217880E-01  5.1859944E-01  1.0978131E-25  3.2020615E-08  1.5921740E-01  4.3003959E-12  8.5886166E-08  1.0086565E-06  1.1507223E-05  0.000E+00  1.630E-05  3.850E-03  9.596E-01  1.119E+00  2.05E+02  0.00E+00  7.12E+01  0.500854  0.005611  0.0000000E+00  3.3803666348E-03
281  8.716895118599988E+08    1.984460  2.631610  4.019108  6.8784257E-01  3.1192103E-01  1.3322185E-07  1.6138422E-08  3.5197442E-06  4.2590511E-06  2.0003646E-07  3.5751709E-10  9.2048308E-07  2.3543589E-08  0.000E+00  0.1182  4.019108   -9.516  4.011905  8.151989  0.0000000E+00  3.1757625E-01  5.2117498E-01  4.2409195E-25  1.3206355E-08  1.6124437E-01  3.7940358E-12  6.2178046E-08  1.0107887E-06  1.1565671E-05  0.000E+00  1.569E-05  3.865E-03  9.602E-01  1.119E+00  2.03E+02  0.00E+00  7.00E+01  0.497924  0.005598  0.0000000E+00  3.3790958058E-03
282  8.730648548134938E+08    1.984016  2.643614  4.017828  6.8781288E-01  3.1195081E-01  1.3311537E-07  1.6128122E-08  3.5207118E-06  4.2580777E-06  2.0006024E-07  3.5729018E-10  9.2048308E-07  2.3543589E-08  0.000E+00  0.1122  4.017828   -9.495  3.996918  8.154494  0.0000000E+00  3.1297371E-01  5.1412958E-01  2.2433495E-17  1.9650154E-07  1.7289611E-01  9.5410616E-12  2.3464397E-07  1.0301148E-06  1.1250590E-05  0.000E+00  1.520E-05  3.765E-03  9.603E-01  1.116E+00  2.00E+02  0.00E+00  6.92E+01  0.497097  0.005756  0.0000000E+00  3.3606130095E-03
283  8.731535269852543E+08    1.983988  2.640962  4.017828  6.8781092E-01  3.1195278E-01  1.3310833E-07  1.6127441E-08  3.5207762E-06  4.2580130E-06  2.0006182E-07  3.5727516E-10  9.2048308E-07  2.3543589E-08  0.000E+00  0.1132  4.017828   -9.499  3.998612  8.156479  0.0000000E+00  3.0837116E-01  5.1671440E-01  2.6092572E-19  7.3162257E-08  1.7491374E-01  8.3646911E-12  2.1947749E-07  1.0325520E-06  1.1462848E-05  0.000E+00  1.526E-05  3.781E-03  9.604E-01  1.117E+00  2.01E+02  0.00E+00  6.92E+01  0.496697  0.005721  0.0000000E+00  3.3594520863E-03
284  8.732490464635581E+08    1.983958  2.644063  4.020069  6.8780854E-01  3.1195507E-01  1.3310004E-07  1.6126638E-08  3.5208518E-06  4.2579368E-06  2.0006368E-07  3.5725748E-10  9.2048308E-07  2.3543589E-08  0.000E+00  0.1148  4.020069   -9.499  3.997323  8.155842  0.0000000E+00  3.0376861E-01  5.1924648E-01  2.8111636E-22  2.7241456E-08  1.7698414E-01  7.3112972E-12  1.4606182E-07  1.0350798E-06  1.1624636E-05  0.000E+00  1.545E-05  3.768E-03  9.602E-01  1.117E+00  2.01E+02  0.00E+00  6.97E+01  0.497922  0.005762  0.0000000E+00  3.3581905613E-03
285  8.733401396064109E+08    1.983929  2.641841  4.020049  6.8780639E-01  3.1195722E-01  1.3309239E-07  1.6125896E-08  3.5209219E-06  4.2578662E-06  2.0006541E-07  3.5724113E-10  9.2048308E-07  2.3543589E-08  0.000E+00  0.1147  4.020049   -9.502  3.998369  8.156300  0.0000000E+00  2.9916607E-01  5.2173027E-01  0.0000000E+00  9.2410025E-09  1.7910293E-01  6.3660286E-12  8.4484520E-08  1.0376963E-06  1.1728077E-05  0.000E+00  1.550E-05  3.773E-03  9.602E-01  1.118E+00  2.02E+02  0.00E+00  6.97E+01  0.497528  0.005733  0.0000000E+00  3.3570087454E-03
286  8.734356389255036E+08    1.983898  2.642793  4.016590  6.8780410E-01  3.1195960E-01  1.3308403E-07  1.6125086E-08  3.5209983E-06  4.2577893E-06  2.0006731E-07  3.5722331E-10  9.2048308E-07  2.3543589E-08  0.000E+00  0.1170  4.016590   -9.494  4.000201  8.157039  0.0000000E+00  2.9456352E-01  5.2417129E-01  0.0000000E+00  3.7489065E-09  1.8126440E-01  5.5323387E-12  4.5307794E-08  1.0404029E-06  1.1784480E-05  0.000E+00  1.504E-05  3.783E-03  9.606E-01  1.118E+00  2.00E+02  0.00E+00  6.87E+01  0.495463  0.005746  0.0000000E+00  3.3557550300E-03
287  8.735317217142627E+08    1.983868  2.644360  4.017476  6.8780151E-01  3.1196219E-01  1.3307498E-07  1.6124208E-08  3.5210811E-06  4.2577059E-06  2.0006936E-07  3.5720398E-10  9.2048308E-07  2.3543589E-08  0.000E+00  0.1174  4.017476   -9.493  3.999772  8.157553  0.0000000E+00  2.8996098E-01  5.2658139E-01  0.0000000E+00  1.7879452E-09  1.8345686E-01  4.7959814E-12  2.3728687E-08  1.0432009E-06  1.1813823E-05  0.000E+00  1.511E-05  3.781E-03  9.605E-01  1.116E+00  2.00E+02  0.00E+00  6.89E+01  0.496046  0.005766  0.0000000E+00  3.3544699475E-03
288  8.736478481764635E+08    1.983830  2.646533  4.015531  6.8779840E-01  3.1196530E-01  1.3306395E-07  1.6123138E-08  3.5211822E-06  4.2576040E-06  2.0007186E-07  3.5718041E-10  9.2048308E-07  2.3543589E-08  0.000E+00  0.1213  4.015531   -9.485  4.001275  8.158587  0.0000000E+00  2.8535843E-01  5.2893360E-01  0.0000000E+00  9.8182643E-09  1.8570717E-01  4.2117993E-12  1.6084027E-08  1.0461513E-06  1.1810429E-05  0.000E+00  1.482E-05  3.789E-03  9.607E-01  1.117E+00  1.99E+02  0.00E+00  6.83E+01  0.495016  0.005795  0.0000000E+00  3.3529100131E-03
289  8.737433453371655E+08    1.983799  2.645319  4.015546  6.8779586E-01  3.1196794E-01  1.3305480E-07  1.6122251E-08  3.5212661E-06  4.2575195E-06  2.0007393E-07  3.5716087E-10  9.2048308E-07  2.3543589E-08  0.000E+00  0.1191  4.015546   -9.488  4.001311  8.158800  0.0000000E+00  2.8075588E-01  5.3126171E-01  0.0000000E+00  2.9047026E-09  1.8798158E-01  3.6229297E-12  1.2387879E-08  1.0491439E-06  1.1825691E-05  0.000E+00  1.485E-05  3.789E-03  9.607E-01  1.116E+00  1.99E+02  0.00E+00  6.84E+01  0.494827  0.005779  0.0000000E+00  3.3516216899E-03
290  8.738416099436250E+08    1.983767  2.646797  4.013133  6.8779315E-01  3.1197057E-01  1.3304539E-07  1.6121338E-08  3.5213525E-06  4.2574325E-06  2.0007608E-07  3.5714075E-10  9.2048308E-07  2.3543589E-08  0.000E+00  0.1223  4.013133   -9.481  4.002870  8.159613  0.0000000E+00  2.7615334E-01  5.3354294E-01  0.0000000E+00  1.0750631E-09  1.9030291E-01  3.1087381E-12  7.0105541E-09  1.0522448E-06  1.1835016E-05  0.000E+00  1.452E-05  3.797E-03  9.609E-01  1.116E+00  1.98E+02  0.00E+00  6.77E+01  0.493505  0.005799  0.0000000E+00  3.3502829672E-03
291  8.740088294347268E+08    1.983712  2.650381  4.014322  6.8778865E-01  3.1197515E-01  1.3302931E-07  1.6119777E-08  3.5215001E-06  4.2572836E-06  2.0007974E-07  3.5710640E-10  9.2048308E-07  2.3543589E-08  0.000E+00  0.1280  4.014322   -9.478  4.002340  8.160890  0.0000000E+00  2.7155079E-01  5.3568496E-01  9.3882926E-22  1.6415761E-08  1.9276348E-01  2.9015320E-12  1.6303643E-08  1.0557650E-06  1.1799415E-05  0.000E+00  1.458E-05  3.797E-03  9.608E-01  1.115E+00  1.98E+02  0.00E+00  6.79E+01  0.494450  0.005848  0.0000000E+00  3.3479678875E-03
292  8.743075128183836E+08    1.983614  2.650949  4.014643  6.8778130E-01  3.1198250E-01  1.3300343E-07  1.6117264E-08  3.5217381E-06  4.2570438E-06  2.0008565E-07  3.5705108E-10  9.2048308E-07  2.3543589E-08  0.000E+00  0.1208  4.014643   -9.478  3.999564  8.162321  0.0000000E+00  2.6694824E-01  5.3715117E-01  2.4512237E-17  4.6678015E-08  1.9589987E-01  3.2928041E-12  3.9331782E-08  1.0609014E-06  1.1733810E-05  0.000E+00  1.459E-05  3.785E-03  9.608E-01  1.115E+00  1.98E+02  0.00E+00  6.79E+01  0.494061  0.005855  0.0000000E+00  3.3438998486E-03
293  8.743984069921548E+08    1.983584  2.648846  4.015534  6.8777915E-01  3.1198465E-01  1.3299583E-07  1.6116527E-08  3.5218079E-06  4.2569733E-06  2.0008739E-07  3.5703484E-10  9.2048308E-07  2.3543589E-08  0.000E+00  0.1199  4.015534   -9.483  4.000196  8.162173  0.0000000E+00  2.6234570E-01  5.3934317E-01  7.7531128E-23  1.0955501E-08  1.9831039E-01  2.7910053E-12  4.0186962E-08  1.0643680E-06  1.1788767E-05  0.000E+00  1.473E-05  3.786E-03  9.608E-01  1.116E+00  1.99E+02  0.00E+00  6.81E+01  0.494104  0.005827  0.0000000E+00  3.3426536195E-03
294  8.744877512972411E+08    1.983554  2.651832  4.013274  6.8777703E-01  3.1198677E-01  1.3298849E-07  1.6115814E-08  3.5218756E-06  4.2569052E-06  2.0008907E-07  3.5701913E-10  9.2048308E-07  2.3543589E-08  0.000E+00  0.1191  4.013274   -9.473  4.000998  8.164927  0.0000000E+00  2.5774315E-01  5.4150936E-01  1.0169308E-23  2.5730311E-09  2.0074672E-01  2.3586880E-12  2.1038814E-08  1.0679504E-06  1.1825206E-05  0.000E+00  1.439E-05  3.800E-03  9.610E-01  1.116E+00  1.97E+02  0.00E+00  6.75E+01  0.493050  0.005867  0.0000000E+00  3.3414150891E-03
295  8.745902005048538E+08    1.983519  2.651022  4.014559  6.8777469E-01  3.1198911E-01  1.3298021E-07  1.6115009E-08  3.5219519E-06  4.2568282E-06  2.0009097E-07  3.5700142E-10  9.2048308E-07  2.3543589E-08  0.000E+00  0.1220  4.014559   -9.479  4.001521  8.163548  0.0000000E+00  2.5314060E-01  5.4357948E-01  0.0000000E+00  9.0748347E-10  2.0327919E-01  1.9862690E-12  9.6418716E-09  1.0717048E-06  1.1841611E-05  0.000E+00  1.455E-05  3.793E-03  9.609E-01  1.115E+00  1.98E+02  0.00E+00  6.78E+01  0.493400  0.005856  0.0000000E+00  3.3399919490E-03
296  8.750864434685768E+08    1.983351  2.656516  4.011975  6.8776310E-01  3.1200070E-01  1.3293952E-07  1.6111055E-08  3.5223272E-06  4.2564496E-06  2.0010033E-07  3.5691437E-10  9.2048308E-07  2.3543589E-08  0.000E+00  0.1223  4.011975   -9.465  3.998629  8.165387  0.0000000E+00  2.4853806E-01  5.4245288E-01  1.1947606E-16  7.1801871E-08  2.0900876E-01  3.9421177E-12  6.1746747E-08  1.0831906E-06  1.1729689E-05  0.000E+00  1.410E-05  3.777E-03  9.613E-01  1.114E+00  1.96E+02  0.00E+00  6.69E+01  0.491468  0.005931  0.0000000E+00  3.3329764992E-03
297  8.753629348300394E+08    1.983258  2.657638  4.010344  6.8775606E-01  3.1200784E-01  1.3291481E-07  1.6108652E-08  3.5225558E-06  4.2562189E-06  2.0010604E-07  3.5686147E-10  9.2048308E-07  2.3543589E-08  0.000E+00  0.1532  4.010344   -9.459  4.000884  8.167244  0.0000000E+00  2.4393551E-01  5.4265158E-01  1.6607019E-13  8.8853235E-08  2.1341264E-01  4.4900800E-12  4.4590732E-08  1.0917376E-06  1.1767750E-05  0.000E+00  1.388E-05  3.785E-03  9.615E-01  1.113E+00  1.95E+02  0.00E+00  6.64E+01  0.490082  0.005947  0.0000000E+00  3.3290593687E-03
298  8.755300134901799E+08    1.983200  2.657588  4.009521  6.8775157E-01  3.1201233E-01  1.3289898E-07  1.6107111E-08  3.5227025E-06  4.2560710E-06  2.0010971E-07  3.5682757E-10  9.2048308E-07  2.3543589E-08  0.000E+00  0.1194  4.009521   -9.459  3.997940  8.166894  0.0000000E+00  2.3933297E-01  5.4385807E-01  1.3618550E-19  2.1261453E-08  2.1680865E-01  4.1362447E-12  7.3114224E-08  1.0979363E-06  1.1857330E-05  0.000E+00  1.378E-05  3.771E-03  9.616E-01  1.113E+00  1.95E+02  0.00E+00  6.61E+01  0.489380  0.005947  0.0000000E+00  3.3266556340E-03
299  8.756190327100866E+08    1.983169  2.658497  4.011748  6.8774903E-01  3.1201490E-01  1.3289020E-07  1.6106256E-08  3.5227839E-06  4.2559887E-06  2.0011174E-07  3.5680875E-10  9.2048308E-07  2.3543589E-08  0.000E+00  0.1210  4.011748   -9.462  3.998108  8.167646  0.0000000E+00  2.3473042E-01  5.4575061E-01  2.4529828E-23  3.3754386E-09  2.1951866E-01  3.4033476E-12  3.3331330E-08  1.1024708E-06  1.1933897E-05  0.000E+00  1.400E-05  3.771E-03  9.614E-01  1.113E+00  1.96E+02  0.00E+00  6.66E+01  0.490580  0.005959  0.0000000E+00  3.3253639801E-03
300  8.762291726973467E+08    1.982959  2.658585  4.016634  6.8773225E-01  3.1203175E-01  1.3283165E-07  1.6100553E-08  3.5233281E-06  4.2554391E-06  2.0012540E-07  3.5668325E-10  9.2048308E-07  2.3543589E-08  0.000E+00  0.1210  4.016634   -9.472  3.994654  8.169967  0.0000000E+00  2.2552533E-01  5.4494817E-01  3.4400485E-20  1.4475048E-08  2.2952661E-01  4.9901368E-12  8.1530717E-08  1.1239946E-06  1.1980536E-05  0.000E+00  1.452E-05  3.750E-03  9.612E-01  1.115E+00  1.98E+02  0.00E+00  6.76E+01  0.491804  0.005960  0.0000000E+00  3.3166179415E-03
301  8.763169060169398E+08    1.982929  2.659674  4.015706  6.8772993E-01  3.1203407E-01  1.3282386E-07  1.6099794E-08  3.5234007E-06  4.2553657E-06  2.0012722E-07  3.5666653E-10  9.2048308E-07  2.3543589E-08  0.000E+00  0.1216  4.015706   -9.468  3.995954  8.170678  0.0000000E+00  2.2092278E-01  5.4667466E-01  1.4935539E-23  1.7525578E-09  2.3240261E-01  4.0284951E-12  2.8563963E-08  1.1292662E-06  1.2065083E-05  0.000E+00  1.437E-05  3.757E-03  9.613E-01  1.114E+00  1.97E+02  0.00E+00  6.73E+01  0.491066  0.005976  0.0000000E+00  3.3153775030E-03
302  8.764080951972364E+08    1.982898  2.661643  4.014825  6.8772763E-01  3.1203637E-01  1.3281572E-07  1.6099001E-08  3.5234765E-06  4.2552892E-06  2.0012913E-07  3.5664909E-10  9.2048308E-07  2.3543589E-08  0.000E+00  0.1236  4.014825   -9.463  3.997018  8.171558  0.0000000E+00  2.1632023E-01  5.4833234E-01  0.0000000E+00  6.2688563E-10  2.3534746E-01  3.2370550E-12  8.7731624E-09  1.1347688E-06  1.2090850E-05  0.000E+00  1.422E-05  3.763E-03  9.614E-01  1.114E+00  1.97E+02  0.00E+00  6.70E+01  0.490559  0.006003  0.0000000E+00  3.3140779083E-03
303  8.764995542557032E+08    1.982867  2.660393  4.012056  6.8772529E-01  3.1203878E-01  1.3280761E-07  1.6098211E-08  3.5235521E-06  4.2552128E-06  2.0013103E-07  3.5663170E-10  9.2048308E-07  2.3543589E-08  0.000E+00  0.1234  4.012056   -9.459  3.999228  8.172112  0.0000000E+00  2.1171769E-01  5.4991786E-01  0.0000000E+00  1.7214522E-10  2.3836453E-01  2.5826577E-12  2.6852908E-09  1.1405051E-06  1.2098809E-05  0.000E+00  1.392E-05  3.774E-03  9.618E-01  1.114E+00  1.96E+02  0.00E+00  6.63E+01  0.488614  0.005986  0.0000000E+00  3.3127663057E-03
304  8.765994334868819E+08    1.982831  2.661269  4.010949  6.8772259E-01  3.1204141E-01  1.3279842E-07  1.6097315E-08  3.5236378E-06  4.2551262E-06  2.0013318E-07  3.5661198E-10  9.2048308E-07  2.3543589E-08  0.000E+00  0.1227  4.010949   -9.456  4.000385  8.172633  0.0000000E+00  2.0711514E-01  5.5143057E-01  0.0000000E+00  4.3724427E-10  2.4145435E-01  2.0664287E-12  2.2860390E-09  1.1465228E-06  1.2098676E-05  0.000E+00  1.378E-05  3.780E-03  9.619E-01  1.113E+00  1.95E+02  0.00E+00  6.60E+01  0.487914  0.005998  0.0000000E+00  3.3113034497E-03
305  8.769551485020025E+08    1.982703  2.664582  4.002057  6.8771301E-01  3.1205109E-01  1.3276522E-07  1.6094077E-08  3.5239478E-06  4.2548129E-06  2.0014099E-07  3.5654073E-10  9.2048308E-07  2.3543589E-08  0.000E+00  0.1219  4.002057   -9.435  4.000741  8.174061  0.0000000E+00  2.0251259E-01  5.5067234E-01  6.7682683E-22  7.8912663E-09  2.4679499E-01  3.3429402E-12  4.5831904E-08  1.1598245E-06  1.2097975E-05  0.000E+00  1.273E-05  3.780E-03  9.627E-01  1.111E+00  1.91E+02  0.00E+00  6.38E+01  0.482873  0.006044  0.0000000E+00  3.3058887001E-03
306  8.770447919497880E+08    1.982669  2.668462  4.002740  6.8771039E-01  3.1205371E-01  1.3275620E-07  1.6093197E-08  3.5240321E-06  4.2547276E-06  2.0014312E-07  3.5652137E-10  9.2048308E-07  2.3543589E-08  0.000E+00  0.1219  4.002740   -9.430  4.000966  8.174809  0.0000000E+00  1.9791005E-01  5.5208920E-01  0.0000000E+00  6.8803016E-10  2.4998066E-01  2.6088162E-12  1.2631645E-08  1.1664108E-06  1.2149653E-05  0.000E+00  1.273E-05  3.782E-03  9.626E-01  1.109E+00  1.91E+02  0.00E+00  6.38E+01  0.483470  0.006098  0.0000000E+00  3.3044742852E-03
307  8.771387444231081E+08    1.982634  2.669090  4.000579  6.8770772E-01  3.1205638E-01  1.3274694E-07  1.6092294E-08  3.5241187E-06  4.2546401E-06  2.0014530E-07  3.5650149E-10  9.2048308E-07  2.3543589E-08  0.000E+00  0.1253  4.000579   -9.425  4.003323  8.175954  0.0000000E+00  1.9330750E-01  5.5340079E-01  4.0937069E-26  5.0254071E-10  2.5327156E-01  2.0229491E-12  3.0953765E-09  1.1733255E-06  1.2161373E-05  0.000E+00  1.249E-05  3.795E-03  9.628E-01  1.110E+00  1.90E+02  0.00E+00  6.33E+01  0.482235  0.006108  0.0000000E+00  3.3030007492E-03
308  8.776996074104844E+08    1.982425  2.674104  4.007043  6.8769069E-01  3.1207351E-01  1.3268835E-07  1.6086573E-08  3.5246681E-06  4.2540844E-06  2.0015917E-07  3.5637561E-10  9.2048308E-07  2.3543589E-08  0.000E+00  0.1239  4.007043   -9.431  3.997386  8.178003  0.0000000E+00  1.8870495E-01  5.4885098E-01  8.3397438E-20  3.1898857E-08  2.6240095E-01  5.4901810E-12  1.0434759E-07  1.1993662E-06  1.2153161E-05  0.000E+00  1.303E-05  3.762E-03  9.624E-01  1.109E+00  1.92E+02  0.00E+00  6.45E+01  0.484971  0.006179  0.0000000E+00  3.2941945916E-03
309  8.777860580407295E+08    1.982393  2.670416  4.010217  6.8768813E-01  3.1207607E-01  1.3267948E-07  1.6085706E-08  3.5247514E-06  4.2540002E-06  2.0016129E-07  3.5635656E-10  9.2048308E-07  2.3543589E-08  0.000E+00  0.1204  4.010217   -9.442  3.998300  8.178424  0.0000000E+00  1.8410241E-01  5.5005071E-01  2.2779691E-25  1.4547349E-09  2.6580374E-01  4.1592594E-12  2.7171106E-08  1.2071995E-06  1.2295079E-05  0.000E+00  1.343E-05  3.766E-03  9.622E-01  1.111E+00  1.94E+02  0.00E+00  6.52E+01  0.485918  0.006127  0.0000000E+00  3.2928776228E-03
310  8.778787351237526E+08    1.982360  2.671470  4.004181  6.8768530E-01  3.1207890E-01  1.3266980E-07  1.6084760E-08  3.5248425E-06  4.2539080E-06  2.0016359E-07  3.5633574E-10  9.2048308E-07  2.3543589E-08  0.000E+00  0.1257  4.004181   -9.428  4.002347  8.179610  0.0000000E+00  1.7949986E-01  5.5116516E-01  9.9629508E-25  4.2483253E-10  2.6929186E-01  3.1355531E-12  6.2688493E-09  1.2154055E-06  1.2321983E-05  0.000E+00  1.276E-05  3.788E-03  9.628E-01  1.111E+00  1.91E+02  0.00E+00  6.38E+01  0.482519  0.006142  0.0000000E+00  3.2914580844E-03
311  8.791359468220942E+08    1.981882  2.681749  4.002806  6.8763754E-01  3.1212680E-01  1.3250741E-07  1.6068874E-08  3.5263767E-06  4.2523542E-06  2.0020257E-07  3.5598626E-10  9.2048308E-07  2.3543589E-08  0.000E+00  0.1300  4.002806   -9.411  3.998489  8.185044  0.0000000E+00  1.7489732E-01  5.3216558E-01  4.9190710E-12  2.8981034E-07  2.9289566E-01  1.7863135E-11  2.7789772E-07  1.3006610E-06  1.2247292E-05  0.000E+00  1.236E-05  3.750E-03  9.631E-01  1.108E+00  1.89E+02  0.00E+00  6.30E+01  0.480564  0.006290  0.0000000E+00  3.2713551987E-03
312  8.792110305530033E+08    1.981853  2.679869  4.006307  6.8763434E-01  3.1212996E-01  1.3249670E-07  1.6067826E-08  3.5264784E-06  4.2522511E-06  2.0020516E-07  3.5596320E-10  9.2048308E-07  2.3543589E-08  0.000E+00  0.1168  4.006307   -9.422  3.992757  8.184240  0.0000000E+00  1.7029477E-01  5.3330995E-01  1.7912783E-23  8.7409138E-09  2.9635360E-01  1.3091292E-11  1.0980454E-07  1.3105365E-06  1.2894119E-05  0.000E+00  1.275E-05  3.727E-03  9.629E-01  1.108E+00  1.91E+02  0.00E+00  6.37E+01  0.481986  0.006264  0.0000000E+00  3.2701448786E-03
313  8.792922992545131E+08    1.981822  2.681899  4.005503  6.8763106E-01  3.1213334E-01  1.3248556E-07  1.6066734E-08  3.5265843E-06  4.2521438E-06  2.0020786E-07  3.5593917E-10  9.2048308E-07  2.3543589E-08  0.000E+00  0.1209  4.005503   -9.415  3.995371  8.184551  0.0000000E+00  1.6569222E-01  5.3432104E-01  0.0000000E+00  4.3003891E-10  2.9994502E-01  9.4884629E-12  1.6606287E-08  1.3209288E-06  1.3020768E-05  0.000E+00  1.262E-05  3.738E-03  9.630E-01  1.109E+00  1.90E+02  0.00E+00  6.34E+01  0.481642  0.006292  0.0000000E+00  3.2688432739E-03
314  8.806089152109410E+08    1.981299  2.688880  4.003963  6.8757989E-01  3.1218462E-01  1.3231373E-07  1.6049886E-08  3.5282231E-06  4.2504817E-06  2.0024975E-07  3.5556857E-10  9.2048308E-07  2.3543589E-08  0.000E+00  0.1150  4.003963   -9.404  3.988195  8.187643  0.0000000E+00  1.5648713E-01  5.1277302E-01  0.0000000E+00  2.7571640E-09  3.3065576E-01  2.1808184E-11  8.9405745E-08  1.4586409E-06  1.3949567E-05  0.000E+00  1.224E-05  3.681E-03  9.635E-01  1.106E+00  1.89E+02  0.00E+00  6.25E+01  0.478293  0.006396  0.0000000E+00  3.2467238833E-03
315  8.806847893634254E+08    1.981269  2.689290  4.001081  6.8757762E-01  3.1218698E-01  1.3230610E-07  1.6049138E-08  3.5282961E-06  4.2504076E-06  2.0025162E-07  3.5555210E-10  9.2048308E-07  2.3543589E-08  0.000E+00  0.1175  4.001081   -9.396  3.991848  8.189004  0.0000000E+00  1.5188458E-01  5.1358166E-01  0.0000000E+00  5.6487980E-11  3.3444959E-01  1.4988701E-11  7.0481839E-09  1.4720195E-06  1.4054066E-05  0.000E+00  1.194E-05  3.701E-03  9.638E-01  1.107E+00  1.88E+02  0.00E+00  6.18E+01  0.476309  0.006403  0.0000000E+00  3.2454597492E-03
316  8.807601542818570E+08    1.981239  2.687952  4.000041  6.8757508E-01  3.1218952E-01  1.3229763E-07  1.6048305E-08  3.5283773E-06  4.2503252E-06  2.0025370E-07  3.5553380E-10  9.2048308E-07  2.3543589E-08  0.000E+00  0.1135  4.000041   -9.397  3.993949  8.190927  0.0000000E+00  1.4728204E-01  5.1428736E-01  0.0000000E+00  4.6220392E-12  3.3834649E-01  1.0152209E-11  5.5120248E-10  1.4861205E-06  1.4061664E-05  0.000E+00  1.185E-05  3.719E-03  9.640E-01  1.106E+00  1.87E+02  0.00E+00  6.15E+01  0.475246  0.006383  0.0000000E+00  3.2441859273E-03
317  8.823457416253375E+08    1.980503  2.719029  3.972952  6.8749690E-01  3.1226800E-01  1.3203898E-07  1.6022881E-08  3.5308722E-06  4.2477901E-06  2.0031789E-07  3.5497451E-10  9.2048308E-07  2.3543589E-08  0.000E+00  0.1552  3.972952   -9.300  3.994283  8.199157  0.0000000E+00  1.4267949E-01  4.7636104E-01  8.8884801E-15  2.2903777E-07  3.8087783E-01  4.9411597E-11  6.8997959E-07  1.7787144E-06  1.4425897E-05  0.000E+00  9.062E-06  3.709E-03  9.659E-01  1.097E+00  1.73E+02  0.00E+00  5.52E+01  0.463220  0.006858  0.0000000E+00  3.2120758884E-03
318  8.824149227374594E+08    1.980471  2.707893  3.998177  6.8749376E-01  3.1227114E-01  1.3202862E-07  1.6021861E-08  3.5309728E-06  4.2476878E-06  2.0032049E-07  3.5495207E-10  9.2048308E-07  2.3543589E-08  0.000E+00  0.1144  3.998177   -9.366  3.982849  8.194724  0.0000000E+00  1.3807694E-01  4.7714614E-01  0.0000000E+00  5.2628794E-10  3.8469503E-01  3.1705398E-11  4.4151464E-08  1.7969357E-06  1.5573798E-05  0.000E+00  1.127E-05  3.642E-03  9.642E-01  1.100E+00  1.84E+02  0.00E+00  6.03E+01  0.473856  0.006685  0.0000000E+00  3.2106976657E-03
319  8.824844253130586E+08    1.980442  2.700300  4.000528  6.8749148E-01  3.1227342E-01  1.3202112E-07  1.6021122E-08  3.5310456E-06  4.2476136E-06  2.0032237E-07  3.5493583E-10  9.2048308E-07  2.3543589E-08  0.000E+00  0.1153  4.000528   -9.379  3.987705  8.196174  0.0000000E+00  1.3347440E-01  4.7775356E-01  0.0000000E+00  3.1443692E-12  3.8869015E-01  1.9975588E-11  1.7395136E-09  1.8162027E-06  1.5625885E-05  0.000E+00  1.159E-05  3.668E-03  9.643E-01  1.105E+00  1.86E+02  0.00E+00  6.09E+01  0.473232  0.006569  0.0000000E+00  3.2094777889E-03
320  8.825539352609390E+08    1.980412  2.698929  3.997988  6.8748840E-01  3.1227650E-01  1.3201108E-07  1.6020134E-08  3.5311432E-06  4.2475144E-06  2.0032489E-07  3.5491408E-10  9.2048308E-07  2.3543589E-08  0.000E+00  0.1122  3.997988   -9.376  3.991028  8.198371  0.0000000E+00  1.2887185E-01  4.7824146E-01  0.0000000E+00  6.5740996E-13  3.9280475E-01  1.2342246E-11  1.1123664E-10  1.8365832E-06  1.5627278E-05  0.000E+00  1.135E-05  3.692E-03  9.647E-01  1.104E+00  1.85E+02  0.00E+00  6.02E+01  0.470853  0.006549  0.0000000E+00  3.2082521906E-03
321  8.826248583576398E+08    1.980382  2.701577  3.988554  6.8748471E-01  3.1228029E-01  1.3199888E-07  1.6018933E-08  3.5312618E-06  4.2473937E-06  2.0032795E-07  3.5488766E-10  9.2048308E-07  2.3543589E-08  0.000E+00  0.1143  3.988554   -9.353  3.996253  8.200441  0.0000000E+00  1.2426931E-01  4.7860358E-01  0.0000000E+00  2.6836287E-12  3.9704520E-01  7.5199572E-12  1.1991572E-10  1.8581663E-06  1.5626631E-05  0.000E+00  1.046E-05  3.723E-03  9.655E-01  1.104E+00  1.81E+02  0.00E+00  5.81E+01  0.466020  0.006589  0.0000000E+00  3.2069556811E-03
322  8.826989655267615E+08    1.980349  2.705692  3.987202  6.8747987E-01  3.1228511E-01  1.3198318E-07  1.6017386E-08  3.5314147E-06  4.2472381E-06  2.0033191E-07  3.5485363E-10  9.2048308E-07  2.3543589E-08  0.000E+00  0.1151  3.987202   -9.346  3.998304  8.201723  0.0000000E+00  1.1966676E-01  4.7888219E-01  0.0000000E+00  2.9350034E-11  4.0136904E-01  4.9177571E-12  1.3254888E-09  1.8813128E-06  1.5624438E-05  0.000E+00  1.029E-05  3.735E-03  9.655E-01  1.101E+00  1.80E+02  0.00E+00  5.78E+01  0.465606  0.006652  0.0000000E+00  3.2055253850E-03
323  8.827684433165007E+08    1.980318  2.704693  3.985249  6.8747527E-01  3.1228973E-01  1.3196823E-07  1.6015915E-08  3.5315602E-06  4.2470900E-06  2.0033567E-07  3.5482124E-10  9.2048308E-07  2.3543589E-08  0.000E+00  0.1152  3.985249   -9.344  4.002564  8.202829  0.0000000E+00  1.1506421E-01  4.7900016E-01  0.0000000E+00  3.8528360E-12  4.0585366E-01  2.8887766E-12  1.9486914E-10  1.9057448E-06  1.5625150E-05  0.000E+00  1.014E-05  3.757E-03  9.657E-01  1.101E+00  1.79E+02  0.00E+00  5.74E+01  0.464428  0.006637  0.0000000E+00  3.2041795396E-03
324  8.828371517571656E+08    1.980285  2.706833  3.981904  6.8747054E-01  3.1229446E-01  1.3195260E-07  1.6014374E-08  3.5317127E-06  4.2469349E-06  2.0033961E-07  3.5478735E-10  9.2048308E-07  2.3543589E-08  0.000E+00  0.1164  3.981904   -9.335  4.006773  8.204485  0.0000000E+00  1.1046167E-01  4.7896772E-01  0.0000000E+00  5.1936062E-13  4.1048857E-01  1.6196686E-12  1.7586653E-11  1.9317466E-06  1.5624621E-05  0.000E+00  9.837E-06  3.781E-03  9.660E-01  1.100E+00  1.77E+02  0.00E+00  5.67E+01  0.462924  0.006669  0.0000000E+00  3.2028174848E-03
325  8.829128598968059E+08    1.980251  2.708474  3.977400  6.8746505E-01  3.1229995E-01  1.3193481E-07  1.6012622E-08  3.5318861E-06  4.2467582E-06  2.0034410E-07  3.5474880E-10  9.2048308E-07  2.3543589E-08  0.000E+00  0.1201  3.977400   -9.324  4.011420  8.204881  0.0000000E+00  1.0585912E-01  4.7872305E-01  0.0000000E+00  7.4989778E-11  4.1533581E-01  1.1335257E-12  1.2782174E-09  1.9599228E-06  1.5622156E-05  0.000E+00  9.466E-06  3.800E-03  9.663E-01  1.100E+00  1.75E+02  0.00E+00  5.58E+01  0.460936  0.006694  0.0000000E+00  3.2012784022E-03
326  8.829818565102077E+08    1.980217  2.711839  3.978784  6.8745991E-01  3.1230513E-01  1.3191814E-07  1.6010980E-08  3.5320489E-06  4.2465926E-06  2.0034831E-07  3.5471266E-10  9.2048308E-07  2.3543589E-08  0.000E+00  0.1184  3.978784   -9.320  4.014087  8.207485  0.0000000E+00  1.0125657E-01  4.7834600E-01  0.0000000E+00  2.7863350E-13  4.2031530E-01  5.9577190E-13  2.1285796E-11  1.9897665E-06  1.5622958E-05  0.000E+00  9.524E-06  3.822E-03  9.661E-01  1.098E+00  1.76E+02  0.00E+00  5.60E+01  0.461998  0.006747  0.0000000E+00  3.1998401888E-03
327  8.830549089867305E+08    1.980182  2.712160  3.979495  6.8745487E-01  3.1231019E-01  1.3190166E-07  1.6009355E-08  3.5322099E-06  4.2464286E-06  2.0035248E-07  3.5467692E-10  9.2048308E-07  2.3543589E-08  0.000E+00  0.1192  3.979495   -9.321  4.017992  8.209146  0.0000000E+00  9.6654027E-02  4.7773959E-01  0.0000000E+00  4.3485602E-12  4.2552426E-01  3.7676814E-13  8.5334027E-11  2.0221224E-06  1.5621957E-05  0.000E+00  9.574E-06  3.845E-03  9.661E-01  1.099E+00  1.76E+02  0.00E+00  5.61E+01  0.462392  0.006752  0.0000000E+00  3.1983335029E-03
328  8.831351985225230E+08    1.980144  2.706647  3.975093  6.8744963E-01  3.1231547E-01  1.3188457E-07  1.6007671E-08  3.5323770E-06  4.2462585E-06  2.0035680E-07  3.5463985E-10  9.2048308E-07  2.3543589E-08  0.000E+00  0.1171  3.975093   -9.321  4.023677  8.209379  0.0000000E+00  9.2051481E-02  4.7682134E-01  0.0000000E+00  2.7606823E-12  4.3104503E-01  3.9322826E-13  2.1503851E-10  2.0575705E-06  1.5620808E-05  0.000E+00  9.308E-06  3.872E-03  9.666E-01  1.099E+00  1.75E+02  0.00E+00  5.53E+01  0.459215  0.006667  0.0000000E+00  3.1966785902E-03
329  8.832386642960978E+08    1.980092  2.718062  3.964798  6.8744221E-01  3.1232294E-01  1.3186050E-07  1.6005298E-08  3.5326125E-06  4.2460187E-06  2.0036291E-07  3.5458764E-10  9.2048308E-07  2.3543589E-08  0.000E+00  0.1224  3.964798   -9.284  4.029146  8.211552  0.0000000E+00  8.7448934E-02  4.7536740E-01  0.0000000E+00  4.3279252E-10  4.3710148E-01  1.2289116E-12  5.6582808E-09  2.0993459E-06  1.5612324E-05  0.000E+00  8.429E-06  3.901E-03  9.671E-01  1.096E+00  1.69E+02  0.00E+00  5.32E+01  0.455657  0.006844  0.0000000E+00  3.1943526763E-03
330  8.833136589247142E+08    1.980053  2.714924  3.965388  6.8743708E-01  3.1232802E-01  1.3184405E-07  1.6003676E-08  3.5327734E-06  4.2458548E-06  2.0036707E-07  3.5455196E-10  9.2048308E-07  2.3543589E-08  0.000E+00  0.1171  3.965388   -9.291  4.033129  8.213518  0.0000000E+00  8.2846388E-02  4.7404630E-01  0.0000000E+00  2.6929149E-13  4.4302507E-01  5.3601283E-13  3.2775654E-11  2.1400603E-06  1.5618751E-05  0.000E+00  8.508E-06  3.928E-03  9.671E-01  1.096E+00  1.70E+02  0.00E+00  5.34E+01  0.455615  0.006796  0.0000000E+00  3.1926538788E-03
331  8.833899543918338E+08    1.980014  2.715305  3.958789  6.8743196E-01  3.1233316E-01  1.3182734E-07  1.6002029E-08  3.5329370E-06  4.2456881E-06  2.0037132E-07  3.5451571E-10  9.2048308E-07  2.3543589E-08  0.000E+00  0.1188  3.958789   -9.278  4.039990  8.215536  0.0000000E+00  7.8243842E-02  4.7245068E-01  0.0000000E+00  2.6148238E-15  4.4922320E-01  2.2048076E-13  1.4858851E-13  2.1843455E-06  1.5617573E-05  0.000E+00  8.063E-06  3.968E-03  9.676E-01  1.096E+00  1.67E+02  0.00E+00  5.22E+01  0.452463  0.006802  0.0000000E+00  3.1908851882E-03
332  8.834669416934124E+08    1.979972  2.719644  3.954766  6.8742633E-01  3.1233880E-01  1.3180913E-07  1.6000233E-08  3.5331155E-06  4.2455064E-06  2.0037593E-07  3.5447620E-10  9.2048308E-07  2.3543589E-08  0.000E+00  0.1193  3.954766   -9.262  4.045330  8.217489  0.0000000E+00  7.3641295E-02  4.7055696E-01  0.0000000E+00  3.1182400E-15  4.5571942E-01  8.5166942E-14  4.7220767E-14  2.2327865E-06  1.5616248E-05  0.000E+00  7.758E-06  4.000E-03  9.678E-01  1.094E+00  1.65E+02  0.00E+00  5.14E+01  0.451110  0.006870  0.0000000E+00  3.1890076596E-03
333  8.835471412621012E+08    1.979928  2.721042  3.950776  6.8742036E-01  3.1234484E-01  1.3178986E-07  1.5998333E-08  3.5333045E-06  4.2453139E-06  2.0038084E-07  3.5443438E-10  9.2048308E-07  2.3543589E-08  0.000E+00  0.1193  3.950776   -9.253  4.051849  8.219529  0.0000000E+00  6.9038749E-02  4.6831109E-01  0.0000000E+00  3.1865833E-12  4.6256778E-01  3.8309880E-14  3.4928676E-11  2.2861587E-06  1.5614750E-05  0.000E+00  7.501E-06  4.038E-03  9.681E-01  1.093E+00  1.64E+02  0.00E+00  5.06E+01  0.449524  0.006892  0.0000000E+00  3.1870000462E-03
334  8.836286652834247E+08    1.979881  2.722796  3.942161  6.8741419E-01  3.1235101E-01  1.3176983E-07  1.5996358E-08  3.5335010E-06  4.2451136E-06  2.0038593E-07  3.5439091E-10  9.2048308E-07  2.3543589E-08  0.000E+00  0.1206  3.942161   -9.233  4.059449  8.221725  0.0000000E+00  6.4436202E-02  4.6569233E-01  0.0000000E+00  1.8139446E-12  4.6978903E-01  1.8758074E-14  2.2074471E-11  2.3449515E-06  1.5613179E-05  0.000E+00  6.979E-06  4.084E-03  9.687E-01  1.093E+00  1.60E+02  0.00E+00  4.91E+01  0.445488  0.006920  0.0000000E+00  3.1848798095E-03
335  8.837171517230426E+08    1.979829  2.726230  3.941571  6.8740718E-01  3.1235812E-01  1.3174713E-07  1.5994118E-08  3.5337240E-06  4.2448864E-06  2.0039171E-07  3.5434161E-10  9.2048308E-07  2.3543589E-08  0.000E+00  0.1208  3.941571   -9.228  4.065514  8.224029  0.0000000E+00  5.9833656E-02  4.6258924E-01  0.0000000E+00  2.2392568E-12  4.7749460E-01  4.5262808E-14  3.7095934E-11  2.4115744E-06  1.5611369E-05  0.000E+00  6.916E-06  4.121E-03  9.686E-01  1.091E+00  1.60E+02  0.00E+00  4.90E+01  0.445918  0.006975  0.0000000E+00  3.1824688033E-03
336  8.838032506790799E+08    1.979777  2.726530  3.936097  6.8740063E-01  3.1236467E-01  1.3172600E-07  1.5992033E-08  3.5339317E-06  4.2446747E-06  2.0039710E-07  3.5429574E-10  9.2048308E-07  2.3543589E-08  0.000E+00  0.1201  3.936097   -9.216  4.073836  8.226342  0.0000000E+00  5.5231110E-02  4.5910263E-01  0.0000000E+00  6.2389779E-12  4.8558368E-01  2.5808088E-14  5.7080879E-11  2.4846137E-06  1.5609385E-05  0.000E+00  6.613E-06  4.171E-03  9.690E-01  1.092E+00  1.58E+02  0.00E+00  4.81E+01  0.443244  0.006980  0.0000000E+00  3.1800907548E-03
337  8.838956617408830E+08    1.979720  2.728791  3.929471  6.8739341E-01  3.1237189E-01  1.3170278E-07  1.5989742E-08  3.5341601E-06  4.2444418E-06  2.0040304E-07  3.5424530E-10  9.2048308E-07  2.3543589E-08  0.000E+00  0.1200  3.929471   -9.200  4.082392  8.228904  0.0000000E+00  5.0628563E-02  4.5503282E-01  0.0000000E+00  1.5075143E-11  4.9425596E-01  4.7211894E-14  1.3833994E-10  2.5679451E-06  1.5607054E-05  0.000E+00  6.248E-06  4.224E-03  9.695E-01  1.090E+00  1.55E+02  0.00E+00  4.69E+01  0.440305  0.007017  0.0000000E+00  3.1774078970E-03
338  8.839967346670322E+08    1.979654  2.735434  3.919329  6.8738511E-01  3.1238019E-01  1.3167623E-07  1.5987122E-08  3.5344216E-06  4.2441754E-06  2.0040982E-07  3.5418764E-10  9.2048308E-07  2.3543589E-08  0.000E+00  0.1228  3.919329   -9.170  4.091866  8.232135  0.0000000E+00  4.6026017E-02  4.5024318E-01  0.0000000E+00  1.7665795E-11  5.0364804E-01  9.8083011E-14  2.2074884E-10  2.6648483E-06  1.5604381E-05  0.000E+00  5.703E-06  4.284E-03  9.700E-01  1.087E+00  1.51E+02  0.00E+00  4.53E+01  0.436253  0.007125  0.0000000E+00  3.1742613698E-03
339  8.841132731886247E+08    1.979575  2.737850  3.921363  6.8737579E-01  3.1238952E-01  1.3164621E-07  1.5984159E-08  3.5347174E-06  4.2438737E-06  2.0041751E-07  3.5412242E-10  9.2048308E-07  2.3543589E-08  0.000E+00  0.1231  3.921363   -9.171  4.100583  8.235533  0.0000000E+00  4.1423471E-02  4.4439979E-01  0.0000000E+00  9.2568542E-11  5.1409385E-01  1.8035227E-13  6.5101765E-10  2.7831452E-06  1.5600610E-05  0.000E+00  5.781E-06  4.340E-03  9.698E-01  1.087E+00  1.51E+02  0.00E+00  4.55E+01  0.437858  0.007165  0.0000000E+00  3.1705517701E-03
340  8.842117476232337E+08    1.979509  2.737085  3.919345  6.8736844E-01  3.1239687E-01  1.3162272E-07  1.5981840E-08  3.5349492E-06  4.2436374E-06  2.0042352E-07  3.5407138E-10  9.2048308E-07  2.3543589E-08  0.000E+00  0.1220  3.919345   -9.168  4.111160  8.238737  0.0000000E+00  3.6820924E-02  4.3853398E-01  0.0000000E+00  1.3937824E-11  5.2456209E-01  4.4342126E-14  9.4989070E-11  2.9064561E-06  1.5598151E-05  0.000E+00  5.691E-06  4.409E-03  9.700E-01  1.088E+00  1.51E+02  0.00E+00  4.52E+01  0.436525  0.007153  0.0000000E+00  3.1674292348E-03
341  8.843182144454479E+08    1.979436  2.740495  3.913948  6.8736080E-01  3.1240460E-01  1.3159816E-07  1.5979415E-08  3.5351917E-06  4.2433901E-06  2.0042983E-07  3.5401799E-10  9.2048308E-07  2.3543589E-08  0.000E+00  0.1226  3.913948   -9.151  4.123452  8.242657  0.0000000E+00  3.2218378E-02  4.3174551E-01  0.0000000E+00  3.6567196E-11  5.3595296E-01  6.3249806E-14  2.8438158E-10  3.0529292E-06  1.5594002E-05  0.000E+00  5.415E-06  4.490E-03  9.704E-01  1.087E+00  1.49E+02  0.00E+00  4.43E+01  0.433890  0.007209  0.0000000E+00  3.1639180108E-03
342  8.844275239188718E+08    1.979359  2.741354  3.907948  6.8735326E-01  3.1241214E-01  1.3157403E-07  1.5977033E-08  3.5354301E-06  4.2431470E-06  2.0043603E-07  3.5396556E-10  9.2048308E-07  2.3543589E-08  0.000E+00  0.1206  3.907948   -9.140  4.136879  8.246664  0.0000000E+00  2.7615831E-02  4.2412231E-01  0.0000000E+00  3.7438435E-12  5.4817853E-01  2.1025322E-14  2.5498582E-11  3.2242542E-06  1.5589817E-05  0.000E+00  5.146E-06  4.581E-03  9.708E-01  1.086E+00  1.47E+02  0.00E+00  4.33E+01  0.430648  0.007224  0.0000000E+00  3.1601856826E-03
343  8.845359341119679E+08    1.979278  2.740946  3.892340  6.8734546E-01  3.1242004E-01  1.3154894E-07  1.5974554E-08  3.5356783E-06  4.2428938E-06  2.0044248E-07  3.5391100E-10  9.2048308E-07  2.3543589E-08  0.000E+00  0.1175  3.892340   -9.114  4.153682  8.251027  0.0000000E+00  2.3013285E-02  4.1578207E-01  0.0000000E+00  1.0214090E-11  5.6112112E-01  1.1884054E-14  6.3399893E-11  3.4220185E-06  1.5584471E-05  0.000E+00  4.531E-06  4.697E-03  9.720E-01  1.085E+00  1.41E+02  0.00E+00  4.09E+01  0.422497  0.007217  0.0000000E+00  3.1562105848E-03
344  8.846531214470339E+08    1.979180  2.750890  3.878423  6.8733591E-01  3.1242959E-01  1.3151850E-07  1.5971548E-08  3.5359797E-06  4.2425864E-06  2.0045032E-07  3.5384481E-10  9.2048308E-07  2.3543589E-08  0.000E+00  0.1184  3.878423   -9.069  4.172484  8.256931  0.0000000E+00  1.8410739E-02  4.0623150E-01  0.0000000E+00  1.5665878E-11  5.7527398E-01  1.9828820E-14  9.3363739E-11  3.6658462E-06  1.5577820E-05  0.000E+00  3.989E-06  4.831E-03  9.728E-01  1.080E+00  1.36E+02  0.00E+00  3.88E+01  0.416963  0.007385  0.0000000E+00  3.1512941421E-03
345  8.847722745165712E+08    1.979076  2.753060  3.866975  6.8732571E-01  3.1243985E-01  1.3148598E-07  1.5968334E-08  3.5363020E-06  4.2422574E-06  2.0045871E-07  3.5377407E-10  9.2048308E-07  2.3543589E-08  0.000E+00  0.1148  3.866975   -9.044  4.195999  8.263619  0.0000000E+00  1.3808192E-02  3.9562173E-01  0.0000000E+00  2.9093766E-13  5.9048600E-01  3.6789246E-15  1.6843503E-12  3.9632354E-06  1.5569721E-05  0.000E+00  3.622E-06  5.004E-03  9.735E-01  1.079E+00  1.32E+02  0.00E+00  3.73E+01  0.411526  0.007422  0.0000000E+00  3.1459931472E-03
346  8.848917862936841E+08    1.978960  2.757422  3.841807  6.8731472E-01  3.1245088E-01  1.3145091E-07  1.5964869E-08  3.5366503E-06  4.2419020E-06  2.0046777E-07  3.5369775E-10  9.2048308E-07  2.3543589E-08  0.000E+00  0.1110  3.841807   -8.988  4.229093  8.272548  0.0000000E+00  9.2056459E-03  3.8401315E-01  0.0000000E+00  1.9777035E-13  6.0669677E-01  2.4407802E-16  1.0777275E-12  4.3305051E-06  1.5559102E-05  0.000E+00  2.921E-06  5.259E-03  9.752E-01  1.076E+00  1.25E+02  0.00E+00  3.39E+01  0.398672  0.007497  0.0000000E+00  3.1399434963E-03
347  8.850436029067400E+08    1.978787  2.761915  3.796399  6.8730061E-01  3.1246499E-01  1.3140628E-07  1.5960458E-08  3.5370937E-06  4.2414494E-06  2.0047932E-07  3.5360064E-10  9.2048308E-07  2.3543589E-08  0.000E+00  0.1144  3.796399   -8.896  4.281334  8.284704  0.0000000E+00  4.6030995E-03  3.7080038E-01  0.0000000E+00  4.6174980E-12  6.2451159E-01  6.8926783E-15  2.8898415E-11  4.8240173E-06  1.5543670E-05  0.000E+00  1.967E-06  5.674E-03  9.787E-01  1.064E+00  1.11E+02  0.00E+00  2.83E+01  0.371552  0.007576  0.0000000E+00  3.1306092649E-03
348  8.851259406787409E+08    1.978668  2.767317  3.746479  6.8729330E-01  3.1247240E-01  1.3138283E-07  1.5958140E-08  3.5373269E-06  4.2412113E-06  2.0048539E-07  3.5354959E-10  9.2048308E-07  2.3543589E-08  0.000E+00  0.0998  3.746479   -8.794  4.332912  8.297455  0.0000000E+00  2.1471050E-03  3.6355313E-01  0.0000000E+00  3.7003404E-19  6.3421450E-01  3.4949371E-16  8.4427049E-17  5.1541357E-06  1.5531913E-05  0.000E+00  1.175E-06  6.132E-03  9.845E-01  1.045E+00  9.90E+01  0.00E+00  2.13E+01  0.318043  0.007671  0.0000000E+00  3.1240949010E-03
349  8.852063116293383E+08    1.978536  2.755391  3.716797  6.8728860E-01  3.1247710E-01  1.3136805E-07  1.5956679E-08  3.5374740E-06  4.2410612E-06  2.0048922E-07  3.5351742E-10  9.2048308E-07  2.3543589E-08  0.000E+00  0.0259  3.716797   -8.771  4.474823  8.322660  0.0000000E+00  9.3670440E-05  3.5741981E-01  0.0000000E+00  0.0000000E+00  6.4240087E-01  3.1969612E-18  0.0000000E+00  5.5304061E-06  1.5515551E-05  0.000E+00  3.607E-07  7.583E-03  9.979E-01  1.006E+00  9.27E+01  0.00E+00  7.37E+00  0.119048  0.007464  0.0000000E+00  3.1191869477E-03
350  8.852235728365741E+08    1.978506  2.746933  3.712602  6.8728690E-01  3.1247880E-01  1.3136263E-07  1.5956143E-08  3.5375279E-06  4.2410061E-06  2.0049063E-07  3.5350562E-10  9.2048308E-07  2.3543589E-08  0.000E+00  0.0000  3.712602   -8.777  4.539646  8.324843  0.0000000E+00  5.5309670E-07  3.5714048E-01  0.0000000E+00  0.0000000E+00  6.4277329E-01  2.3375766E-18  0.0000000E+00  5.5612272E-06  1.5514074E-05  0.000E+00  2.758E-07  8.368E-03  9.987E-01  1.004E+00  9.22E+01  0.00E+00  5.69E+00  0.092450  0.007320  0.0000000E+00  3.1186581266E-03
351  8.852237676386026E+08    1.978506  2.747042  3.712540  6.8728682E-01  3.1247888E-01  1.3136239E-07  1.5956119E-08  3.5375303E-06  4.2410036E-06  2.0049069E-07  3.5350509E-10  9.2048308E-07  2.3543589E-08  0.000E+00  0.0000  3.712540   -8.777  4.540367  8.324866  0.0000000E+00  5.2544187E-07  3.5714040E-01  0.0000000E+00  0.0000000E+00  6.4277340E-01  2.3373029E-18  0.0000000E+00  5.5612435E-06  1.5514073E-05  0.000E+00  2.747E-07  8.377E-03  9.987E-01  1.004E+00  9.22E+01  0.00E+00  5.67E+00  0.092148  0.007322  0.0000000E+00  3.1186530732E-03
352  8.852241572426598E+08    1.978505  2.747261  3.712415  6.8728666E-01  3.1247904E-01  1.3136190E-07  1.5956071E-08  3.5375352E-06  4.2409986E-06  2.0049082E-07  3.5350402E-10  9.2048308E-07  2.3543589E-08  0.000E+00  0.0000  3.712415   -8.776  4.541809  8.324913  0.0000000E+00  4.7013220E-07  3.5714023E-01  0.0000000E+00  0.0000000E+00  6.4277362E-01  2.3367554E-18  0.0000000E+00  5.5612762E-06  1.5514072E-05  0.000E+00  2.726E-07  8.396E-03  9.987E-01  1.004E+00  9.21E+01  0.00E+00  5.63E+00  0.091544  0.007326  0.0000000E+00  3.1186429663E-03
353  8.852245468467170E+08    1.978504  2.747480  3.712290  6.8728650E-01  3.1247920E-01  1.3136141E-07  1.5956022E-08  3.5375400E-06  4.2409937E-06  2.0049095E-07  3.5350296E-10  9.2048308E-07  2.3543589E-08  0.000E+00  0.0000  3.712290   -8.776  4.543251  8.324960  0.0000000E+00  4.1482253E-07  3.5714007E-01  0.0000000E+00  0.0000000E+00  6.4277384E-01  2.3362079E-18  0.0000000E+00  5.5613088E-06  1.5514070E-05  0.000E+00  2.705E-07  8.415E-03  9.987E-01  1.004E+00  9.21E+01  0.00E+00  5.59E+00  0.090940  0.007329  0.0000000E+00  3.1186328594E-03
354  8.852247416487455E+08    1.978504  2.747589  3.712228  6.8728642E-01  3.1247928E-01  1.3136116E-07  1.5955998E-08  3.5375425E-06  4.2409912E-06  2.0049101E-07  3.5350243E-10  9.2048308E-07  2.3543589E-08  0.000E+00  0.0000  3.712228   -8.776  4.543972  8.324984  0.0000000E+00  3.8716769E-07  3.5713998E-01  0.0000000E+00  0.0000000E+00  6.4277396E-01  2.3359341E-18  0.0000000E+00  5.5613252E-06  1.5514070E-05  0.000E+00  2.694E-07  8.424E-03  9.987E-01  1.004E+00  9.21E+01  0.00E+00  5.57E+00  0.090638  0.007331  0.0000000E+00  3.1186278059E-03
355  8.852249364507742E+08    1.978504  2.747699  3.712165  6.8728634E-01  3.1247936E-01  1.3136092E-07  1.5955974E-08  3.5375449E-06  4.2409887E-06  2.0049107E-07  3.5350190E-10  9.2048308E-07  2.3543589E-08  0.000E+00  0.0000  3.712165   -8.775  4.544693  8.325007  0.0000000E+00  3.5951286E-07  3.5713990E-01  0.0000000E+00  0.0000000E+00  6.4277407E-01  2.3356604E-18  0.0000000E+00  5.5613415E-06  1.5514069E-05  0.000E+00  2.684E-07  8.433E-03  9.988E-01  1.003E+00  9.20E+01  0.00E+00  5.55E+00  0.090336  0.007333  0.0000000E+00  3.1186227525E-03
356  8.852253260548313E+08    1.978503  2.747918  3.712041  6.8728618E-01  3.1247952E-01  1.3136043E-07  1.5955926E-08  3.5375497E-06  4.2409837E-06  2.0049120E-07  3.5350083E-10  9.2048308E-07  2.3543589E-08  0.000E+00  0.0000  3.712041   -8.775  4.546135  8.325054  0.0000000E+00  3.0420318E-07  3.5713973E-01  0.0000000E+00  0.0000000E+00  6.4277429E-01  2.3351129E-18  0.0000000E+00  5.5613741E-06  1.5514067E-05  0.000E+00  2.663E-07  8.452E-03  9.988E-01  1.003E+00  9.20E+01  0.00E+00  5.51E+00  0.089732  0.007337  0.0000000E+00  3.1186126456E-03
357  8.852255208568599E+08    1.978503  2.748027  3.711978  6.8728610E-01  3.1247960E-01  1.3136019E-07  1.5955902E-08  3.5375522E-06  4.2409813E-06  2.0049127E-07  3.5350030E-10  9.2048308E-07  2.3543589E-08  0.000E+00  0.0000  3.711978   -8.775  4.546856  8.325078  0.0000000E+00  2.7654835E-07  3.5713965E-01  0.0000000E+00  0.0000000E+00  6.4277440E-01  2.3348392E-18  0.0000000E+00  5.5613905E-06  1.5514067E-05  0.000E+00  2.652E-07  8.461E-03  9.988E-01  1.003E+00  9.20E+01  0.00E+00  5.49E+00  0.089429  0.007338  0.0000000E+00  3.1186075922E-03
358  8.852257156588885E+08    1.978502  2.748136  3.711916  6.8728602E-01  3.1247968E-01  1.3135994E-07  1.5955878E-08  3.5375546E-06  4.2409788E-06  2.0049133E-07  3.5349977E-10  9.2048308E-07  2.3543589E-08  0.000E+00  0.0000  3.711916   -8.774  4.547577  8.325101  0.0000000E+00  2.4889352E-07  3.5713957E-01  0.0000000E+00  0.0000000E+00  6.4277451E-01  2.3345654E-18  0.0000000E+00  5.5614068E-06  1.5514066E-05  0.000E+00  2.641E-07  8.471E-03  9.988E-01  1.003E+00  9.19E+01  0.00E+00  5.47E+00  0.089127  0.007340  0.0000000E+00  3.1186025387E-03
359  8.852262642918721E+08    1.978502  2.748587  3.711733  6.8728576E-01  3.1247994E-01  1.3135914E-07  1.5955798E-08  3.5375626E-06  4.2409706E-06  2.0049154E-07  3.5349801E-10  9.2048308E-07  2.3543589E-08  0.000E+00  0.0000  3.711733   -8.773  4.549584  8.325168  0.0000000E+00  1.9358384E-07  3.5713940E-01  0.0000000E+00  0.0000000E+00  6.4277473E-01  2.3341710E-18  0.0000000E+00  5.5614381E-06  1.5514065E-05  0.000E+00  2.610E-07  8.497E-03  9.988E-01  1.003E+00  9.19E+01  0.00E+00  5.41E+00  0.088258  0.007348  0.0000000E+00  3.1185884882E-03
360  8.852272226699706E+08    1.978500  2.749633  3.711399  6.8728524E-01  3.1248046E-01  1.3135751E-07  1.5955637E-08  3.5375788E-06  4.2409540E-06  2.0049196E-07  3.5349448E-10  9.2048308E-07  2.3543589E-08  0.000E+00  0.0000  3.711399   -8.771  4.553044  8.325285  0.0000000E+00  1.3827418E-07  3.5713924E-01  0.0000000E+00  0.0000000E+00  6.4277495E-01  2.3341710E-18  0.0000000E+00  5.5614658E-06  1.5514065E-05  0.000E+00  2.554E-07  8.542E-03  9.989E-01  1.003E+00  9.17E+01  0.00E+00  5.31E+00  0.086704  0.007366  0.0000000E+00  3.1185642769E-03
361  8.852277018590200E+08    1.978499  2.750156  3.711232  6.8728499E-01  3.1248071E-01  1.3135670E-07  1.5955557E-08  3.5375870E-06  4.2409458E-06  2.0049217E-07  3.5349271E-10  9.2048308E-07  2.3543589E-08  0.000E+00  0.0000  3.711232   -8.770  4.554775  8.325344  0.0000000E+00  1.1061934E-07  3.5713915E-01  0.0000000E+00  0.0000000E+00  6.4277506E-01  2.3341710E-18  0.0000000E+00  5.5614797E-06  1.5514065E-05  0.000E+00  2.525E-07  8.564E-03  9.989E-01  1.003E+00  9.17E+01  0.00E+00  5.26E+00  0.085927  0.007375  0.0000000E+00  3.1185521713E-03
362  8.852281810480692E+08    1.978498  2.750679  3.711065  6.8728473E-01  3.1248097E-01  1.3135588E-07  1.5955476E-08  3.5375951E-06  4.2409375E-06  2.0049238E-07  3.5349094E-10  9.2048308E-07  2.3543589E-08  0.000E+00  0.0000  3.711065   -8.769  4.556505  8.325403  0.0000000E+00  8.2964505E-08  3.5713907E-01  0.0000000E+00  0.0000000E+00  6.4277517E-01  2.3341710E-18  0.0000000E+00  5.5614936E-06  1.5514065E-05  0.000E+00  2.497E-07  8.587E-03  9.989E-01  1.003E+00  9.16E+01  0.00E+00  5.21E+00  0.085151  0.007384  0.0000000E+00  3.1185400656E-03
363  8.852291383498082E+08    1.978497  2.751974  3.710757  6.8728404E-01  3.1248166E-01  1.3135368E-07  1.5955258E-08  3.5376170E-06  4.2409151E-06  2.0049295E-07  3.5348615E-10  9.2048308E-07  2.3543589E-08  0.000E+00  0.0000  3.710757   -8.766  4.559891  8.325540  0.0000000E+00  5.5309670E-08  3.5713899E-01  0.0000000E+00  0.0000000E+00  6.4277528E-01  2.3341710E-18  0.0000000E+00  5.5615076E-06  1.5514065E-05  0.000E+00  2.448E-07  8.632E-03  9.989E-01  1.003E+00  9.15E+01  0.00E+00  5.12E+00  0.083847  0.007405  0.0000000E+00  3.1185163044E-03
364  8.852305705049046E+08    1.978494  2.754035  3.710308  6.8728291E-01  3.1248279E-01  1.3135010E-07  1.5954904E-08  3.5376527E-06  4.2408786E-06  2.0049388E-07  3.5347835E-10  9.2048308E-07  2.3543589E-08  0.000E+00  0.0000  3.710308   -8.761  4.564921  8.325754  0.0000000E+00  2.7654835E-08  3.5713891E-01  0.0000000E+00  0.0000000E+00  6.4277539E-01  2.3341710E-18  0.0000000E+00  5.5615216E-06  1.5514065E-05  0.000E+00  2.379E-07  8.698E-03  9.990E-01  1.003E+00  9.13E+01  0.00E+00  4.99E+00  0.082019  0.007440  0.0000000E+00  3.1184809669E-03
365  8.852749315061550E+08    1.978403  2.822677  3.702566  6.8678390E-01  3.1298360E-01  1.2981259E-07  1.5802518E-08  3.5532857E-06  4.2248680E-06  2.0090258E-07  3.5011677E-10  9.2048308E-07  2.3543589E-08  0.000E+00  0.0000  3.702566   -8.624  4.665821  8.315558  0.0000000E+00  5.2229910E-16  3.5713882E-01  0.0000000E+00  0.0000000E+00  6.4277550E-01  2.3341710E-18  0.0000000E+00  5.5615360E-06  1.5514065E-05  0.000E+00  1.629E-07  1.015E-02  9.993E-01  1.002E+00  8.62E+01  0.00E+00  3.84E+00  0.066756  0.008713  0.0000000E+00  3.1182598598E-03
366  8.855936747314506E+08    1.977682  2.825174  3.703080  6.8638740E-01  3.1338150E-01  1.2863313E-07  1.5685376E-08  3.5655983E-06  4.2122122E-06  2.0122468E-07  3.4752470E-10  9.2048308E-07  2.3543589E-08  0.000E+00  0.0000  3.703080   -8.643  4.908585  8.263080  0.0000000E+00  2.5940240E-44  3.5713882E-01  0.0000000E+00  0.0000000E+00  6.4277550E-01  2.3341710E-18  0.0000000E+00  5.5615360E-06  1.5514065E-05  0.000E+00  1.808E-07  1.471E-02  9.992E-01  1.002E+00  8.62E+01  0.00E+00  4.26E+00  0.074149  0.008764  0.0000000E+00  3.1004102706E-03
367  8.867344955780185E+08    1.974602  2.961917  3.690422  6.7928030E-01  3.2051380E-01  1.1045669E-07  1.3920906E-08  3.7785467E-06  3.9906490E-06  2.0614775E-07  3.0678048E-10  9.2048306E-07  2.3543589E-08  0.000E+00  0.0000  3.690422   -8.407  5.317878  8.277976  0.0000000E+00  0.0000000E+00  3.5713882E-01  0.0000000E+00  0.0000000E+00  6.4277550E-01  2.3341710E-18  0.0000000E+00  5.5615360E-06  1.5514065E-05  0.000E+00  1.011E-07  2.743E-02  9.995E-01  1.001E+00  7.73E+01  0.00E+00  2.96E+00  0.057346  0.011975  0.0000000E+00  3.0650144938E-03
368  8.877036483387986E+08    1.966279  3.404724  3.668746  6.6537260E-01  3.3446810E-01  8.7148853E-08  1.1804688E-08  4.2267247E-06  3.5238316E-06  1.9543136E-07  2.4473680E-10  9.2048300E-07  2.3543603E-08  0.000E+00  0.0000  3.668746   -7.699  5.788726  8.311708  0.0000000E+00  9.2576860E-23  3.5713882E-01  0.0000000E+00  0.0000000E+00  6.4277550E-01  2.3341710E-18  0.0000000E+00  5.5615360E-06  1.5514065E-05  0.000E+00  2.826E-08  5.595E-02  9.998E-01  1.001E+00  5.68E+01  0.00E+00  1.52E+00  0.040224  0.033061  0.0000000E+00  2.9725684180E-03
369  8.880846315098082E+08    1.949296  3.826020  3.648637  6.5949300E-01  3.4035410E-01  8.4727001E-08  1.1678834E-08  4.4242393E-06  3.3827441E-06  1.8720545E-07  2.3397978E-10  9.2048299E-07  2.3544502E-08  0.000E+00  0.0000  3.648637   -7.024  6.242648  8.252455  0.0000000E+00  0.0000000E+00  3.5713882E-01  0.0000000E+00  0.0000000E+00  6.4277550E-01  2.3341710E-18  0.0000000E+00  5.5615360E-06  1.5514065E-05  0.000E+00  8.195E-09  1.115E-01  9.999E-01  1.000E+00  4.23E+01  0.00E+00  7.89E-01  0.027966  0.087669  0.0000000E+00  2.7940014452E-03
370  8.882584207466675E+08    1.923892  4.075097  3.639664  6.5766810E-01  3.4217970E-01  8.4854370E-08  1.1782124E-08  4.5456763E-06  3.3658151E-06  1.8613360E-07  2.3260671E-10  9.2048300E-07  2.3546037E-08  0.000E+00  0.0000  3.639664   -6.627  6.582084  8.120559  0.0000000E+00  0.0000000E+00  3.5713882E-01  0.0000000E+00  0.0000000E+00  6.4277550E-01  2.3341710E-18  0.0000000E+00  5.5615360E-06  1.5514065E-05  0.000E+00  3.661E-09  1.878E-01  9.999E-01  1.000E+00  3.58E+01  0.00E+00  4.87E-01  0.020439  0.157450  0.0000000E+00  2.4862853696E-03
371  8.882584207466675E+08    1.923892  4.075097  3.639664  6.5766810E-01  3.4217970E-01  8.4854370E-08  1.1782124E-08  4.5456763E-06  3.3658151E-06  1.8613360E-07  2.3260671E-10  9.2048300E-07  2.3546037E-08  0.000E+00  0.0000  3.639664   -6.627  6.582084  8.120559  0.0000000E+00  0.0000000E+00  3.5713882E-01  0.0000000E+00  0.0000000E+00  6.4277550E-01  2.3341710E-18  0.0000000E+00  5.5615360E-06  1.5514065E-05  0.000E+00  3.661E-09  1.878E-01  9.999E-01  1.000E+00  3.58E+01  0.00E+00  4.87E-01  0.020439  0.157450  0.0000000E+00  2.4862853696E-03
372  8.882584207466675E+08    1.923892  4.075097  3.639664  6.5766810E-01  3.4217970E-01  8.4854370E-08  1.1782124E-08  4.5456763E-06  3.3658151E-06  1.8613360E-07  2.3260671E-10  9.2048300E-07  2.3546037E-08  0.000E+00  0.0000  3.639664   -6.627  6.582084  8.120559  0.0000000E+00  0.0000000E+00  3.5713882E-01  0.0000000E+00  0.0000000E+00  6.4277550E-01  2.3341710E-18  0.0000000E+00  5.5615360E-06  1.5514065E-05  0.000E+00  3.661E-09  1.878E-01  9.999E-01  1.000E+00  3.58E+01  0.00E+00  4.87E-01  0.020439  0.157450  0.0000000E+00  2.4862853696E-03
373  8.882584207466675E+08    1.923892  4.075097  3.639664  6.5766810E-01  3.4217970E-01  8.4854370E-08  1.1782124E-08  4.5456763E-06  3.3658151E-06  1.8613360E-07  2.3260671E-10  9.2048300E-07  2.3546037E-08  0.000E+00  0.0000  3.639664   -6.627  6.582084  8.120559  0.0000000E+00  0.0000000E+00  3.5713882E-01  0.0000000E+00  0.0000000E+00  6.4277550E-01  2.3341710E-18  0.0000000E+00  5.5615360E-06  1.5514065E-05  0.000E+00  3.661E-09  1.878E-01  9.999E-01  1.000E+00  3.58E+01  0.00E+00  4.87E-01  0.020439  0.157450  0.0000000E+00  2.4862853696E-03
374  8.882584207466675E+08    1.923892  4.075097  3.639664  6.5766810E-01  3.4217970E-01  8.4854370E-08  1.1782124E-08  4.5456763E-06  3.3658151E-06  1.8613360E-07  2.3260671E-10  9.2048300E-07  2.3546037E-08  0.000E+00  0.0000  3.639664   -6.627  6.582084  8.120559  0.0000000E+00  0.0000000E+00  3.5713882E-01  0.0000000E+00  0.0000000E+00  6.4277550E-01  2.3341710E-18  0.0000000E+00  5.5615360E-06  1.5514065E-05  0.000E+00  3.661E-09  1.878E-01  9.999E-01  1.000E+00  3.58E+01  0.00E+00  4.87E-01  0.020439  0.157450  0.0000000E+00  2.4862853696E-03
375  8.882584207466675E+08    1.923892  4.075097  3.639664  6.5766810E-01  3.4217970E-01  8.4854370E-08  1.1782124E-08  4.5456763E-06  3.3658151E-06  1.8613360E-07  2.3260671E-10  9.2048300E-07  2.3546037E-08  0.000E+00  0.0000  3.639664   -6.627  6.582084  8.120559  0.0000000E+00  0.0000000E+00  3.5713882E-01  0.0000000E+00  0.0000000E+00  6.4277550E-01  2.3341710E-18  0.0000000E+00  5.5615360E-06  1.5514065E-05  0.000E+00  3.661E-09  1.878E-01  9.999E-01  1.000E+00  3.58E+01  0.00E+00  4.87E-01  0.020439  0.157450  0.0000000E+00  2.4862853696E-03
376  8.882584207466675E+08    1.923892  4.075097  3.639664  6.5766810E-01  3.4217970E-01  8.4854370E-08  1.1782124E-08  4.5456763E-06  3.3658151E-06  1.8613360E-07  2.3260671E-10  9.2048300E-07  2.3546037E-08  0.000E+00  0.0000  3.639664   -6.627  6.582084  8.120559  0.0000000E+00  0.0000000E+00  3.5713882E-01  0.0000000E+00  0.0000000E+00  6.4277550E-01  2.3341710E-18  0.0000000E+00  5.5615360E-06  1.5514065E-05  0.000E+00  3.661E-09  1.878E-01  9.999E-01  1.000E+00  3.58E+01  0.00E+00  4.87E-01  0.020439  0.157450  0.0000000E+00  2.4862853696E-03
377  8.882584207466675E+08    1.923892  4.075097  3.639664  6.5766810E-01  3.4217970E-01  8.4854370E-08  1.1782124E-08  4.5456763E-06  3.3658151E-06  1.8613360E-07  2.3260671E-10  9.2048300E-07  2.3546037E-08  0.000E+00  0.0000  3.639664   -6.627  6.582084  8.120559  0.0000000E+00  0.0000000E+00  3.5713882E-01  0.0000000E+00  0.0000000E+00  6.4277550E-01  2.3341710E-18  0.0000000E+00  5.5615360E-06  1.5514065E-05  0.000E+00  3.661E-09  1.878E-01  9.999E-01  1.000E+00  3.58E+01  0.00E+00  4.87E-01  0.020439  0.157450  0.0000000E+00  2.4862853696E-03
378  8.882584207466675E+08    1.923892  4.075097  3.639664  6.5766810E-01  3.4217970E-01  8.4854370E-08  1.1782124E-08  4.5456763E-06  3.3658151E-06  1.8613360E-07  2.3260671E-10  9.2048300E-07  2.3546037E-08  0.000E+00  0.0000  3.639664   -6.627  6.582084  8.120559  0.0000000E+00  0.0000000E+00  3.5713882E-01  0.0000000E+00  0.0000000E+00  6.4277550E-01  2.3341710E-18  0.0000000E+00  5.5615360E-06  1.5514065E-05  0.000E+00  3.661E-09  1.878E-01  9.999E-01  1.000E+00  3.58E+01  0.00E+00  4.87E-01  0.020439  0.157450  0.0000000E+00  2.4862853696E-03
379  8.882584207466675E+08    1.923892  4.075097  3.639664  6.5766810E-01  3.4217970E-01  8.4854370E-08  1.1782124E-08  4.5456763E-06  3.3658151E-06  1.8613360E-07  2.3260671E-10  9.2048300E-07  2.3546037E-08  0.000E+00  0.0000  3.639664   -6.627  6.582084  8.120559  0.0000000E+00  0.0000000E+00  3.5713882E-01  0.0000000E+00  0.0000000E+00  6.4277550E-01  2.3341710E-18  0.0000000E+00  5.5615360E-06  1.5514065E-05  0.000E+00  3.661E-09  1.878E-01  9.999E-01  1.000E+00  3.58E+01  0.00E+00  4.87E-01  0.020439  0.157450  0.0000000E+00  2.4862853696E-03
380  8.882584207466675E+08    1.923892  4.075097  3.639664  6.5766810E-01  3.4217970E-01  8.4854370E-08  1.1782124E-08  4.5456763E-06  3.3658151E-06  1.8613360E-07  2.3260671E-10  9.2048300E-07  2.3546037E-08  0.000E+00  0.0000  3.639664   -6.627  6.582084  8.120559  0.0000000E+00  0.0000000E+00  3.5713882E-01  0.0000000E+00  0.0000000E+00  6.4277550E-01  2.3341710E-18  0.0000000E+00  5.5615360E-06  1.5514065E-05  0.000E+00  3.661E-09  1.878E-01  9.999E-01  1.000E+00  3.58E+01  0.00E+00  4.87E-01  0.020439  0.157450  0.0000000E+00  2.4862853696E-03
381  8.882584207466675E+08    1.923892  4.075097  3.639664  6.5766810E-01  3.4217970E-01  8.4854370E-08  1.1782124E-08  4.5456763E-06  3.3658151E-06  1.8613360E-07  2.3260671E-10  9.2048300E-07  2.3546037E-08  0.000E+00  0.0000  3.639664   -6.627  6.582084  8.120559  0.0000000E+00  0.0000000E+00  3.5713882E-01  0.0000000E+00  0.0000000E+00  6.4277550E-01  2.3341710E-18  0.0000000E+00  5.5615360E-06  1.5514065E-05  0.000E+00  3.661E-09  1.878E-01  9.999E-01  1.000E+00  3.58E+01  0.00E+00  4.87E-01  0.020439  0.157450  0.0000000E+00  2.4862853696E-03
382  8.882584207466675E+08    1.923892  4.075097  3.639664  6.5766810E-01  3.4217970E-01  8.4854370E-08  1.1782124E-08  4.5456763E-06  3.3658151E-06  1.8613360E-07  2.3260671E-10  9.2048300E-07  2.3546037E-08  0.000E+00  0.0000  3.639664   -6.627  6.582084  8.120559  0.0000000E+00  0.0000000E+00  3.5713882E-01  0.0000000E+00  0.0000000E+00  6.4277550E-01  2.3341710E-18  0.0000000E+00  5.5615360E-06  1.5514065E-05  0.000E+00  3.661E-09  1.878E-01  9.999E-01  1.000E+00  3.58E+01  0.00E+00  4.87E-01  0.020439  0.157450  0.0000000E+00  2.4862853696E-03
383  8.882584207466675E+08    1.923892  4.075097  3.639664  6.5766810E-01  3.4217970E-01  8.4854370E-08  1.1782124E-08  4.5456763E-06  3.3658151E-06  1.8613360E-07  2.3260671E-10  9.2048300E-07  2.3546037E-08  0.000E+00  0.0000  3.639664   -6.627  6.582084  8.120559  0.0000000E+00  0.0000000E+00  3.5713882E-01  0.0000000E+00  0.0000000E+00  6.4277550E-01  2.3341710E-18  0.0000000E+00  5.5615360E-06  1.5514065E-05  0.000E+00  3.661E-09  1.878E-01  9.999E-01  1.000E+00  3.58E+01  0.00E+00  4.87E-01  0.020439  0.157450  0.0000000E+00  2.4862853696E-03
384  8.882584207466675E+08    1.923892  4.075097  3.639664  6.5766810E-01  3.4217970E-01  8.4854370E-08  1.1782124E-08  4.5456763E-06  3.3658151E-06  1.8613360E-07  2.3260671E-10  9.2048300E-07  2.3546037E-08  0.000E+00  0.0000  3.639664   -6.627  6.582084  8.120559  0.0000000E+00  0.0000000E+00  3.5713882E-01  0.0000000E+00  0.0000000E+00  6.4277550E-01  2.3341710E-18  0.0000000E+00  5.5615360E-06  1.5514065E-05  0.000E+00  3.661E-09  1.878E-01  9.999E-01  1.000E+00  3.58E+01  0.00E+00  4.87E-01  0.020439  0.157450  0.0000000E+00  2.4862853696E-03
385  8.882584207466675E+08    1.923892  4.075097  3.639664  6.5766810E-01  3.4217970E-01  8.4854370E-08  1.1782124E-08  4.5456763E-06  3.3658151E-06  1.8613360E-07  2.3260671E-10  9.2048300E-07  2.3546037E-08  0.000E+00  0.0000  3.639664   -6.627  6.582084  8.120559  0.0000000E+00  0.0000000E+00  3.5713882E-01  0.0000000E+00  0.0000000E+00  6.4277550E-01  2.3341710E-18  0.0000000E+00  5.5615360E-06  1.5514065E-05  0.000E+00  3.661E-09  1.878E-01  9.999E-01  1.000E+00  3.58E+01  0.00E+00  4.87E-01  0.020439  0.157450  0.0000000E+00  2.4862853696E-03
386  8.882584207466675E+08    1.923892  4.075097  3.639664  6.5766810E-01  3.4217970E-01  8.4854370E-08  1.1782124E-08  4.5456763E-06  3.3658151E-06  1.8613360E-07  2.3260671E-10  9.2048300E-07  2.3546037E-08  0.000E+00  0.0000  3.639664   -6.627  6.582084  8.120559  0.0000000E+00  0.0000000E+00  3.5713882E-01  0.0000000E+00  0.0000000E+00  6.4277550E-01  2.3341710E-18  0.0000000E+00  5.5615360E-06  1.5514065E-05  0.000E+00  3.661E-09  1.878E-01  9.999E-01  1.000E+00  3.58E+01  0.00E+00  4.87E-01  0.020439  0.157450  0.0000000E+00  2.4862853696E-03
387  8.882584207466675E+08    1.923892  4.075097  3.639664  6.5766810E-01  3.4217970E-01  8.4854370E-08  1.1782124E-08  4.5456763E-06  3.3658151E-06  1.8613360E-07  2.3260671E-10  9.2048300E-07  2.3546037E-08  0.000E+00  0.0000  3.639664   -6.627  6.582084  8.120559  0.0000000E+00  0.0000000E+00  3.5713882E-01  0.0000000E+00  0.0000000E+00  6.4277550E-01  2.3341710E-18  0.0000000E+00  5.5615360E-06  1.5514065E-05  0.000E+00  3.661E-09  1.878E-01  9.999E-01  1.000E+00  3.58E+01  0.00E+00  4.87E-01  0.020439  0.157450  0.0000000E+00  2.4862853696E-03
388  8.882584207466675E+08    1.923892  4.075097  3.639664  6.5766810E-01  3.4217970E-01  8.4854370E-08  1.1782124E-08  4.5456763E-06  3.3658151E-06  1.8613360E-07  2.3260671E-10  9.2048300E-07  2.3546037E-08  0.000E+00  0.0000  3.639664   -6.627  6.582084  8.120559  0.0000000E+00  0.0000000E+00  3.5713882E-01  0.0000000E+00  0.0000000E+00  6.4277550E-01  2.3341710E-18  0.0000000E+00  5.5615360E-06  1.5514065E-05  0.000E+00  3.661E-09  1.878E-01  9.999E-01  1.000E+00  3.58E+01  0.00E+00  4.87E-01  0.020439  0.157450  0.0000000E+00  2.4862853696E-03
389  8.882584207466675E+08    1.923892  4.075097  3.639664  6.5766810E-01  3.4217970E-01  8.4854370E-08  1.1782124E-08  4.5456763E-06  3.3658151E-06  1.8613360E-07  2.3260671E-10  9.2048300E-07  2.3546037E-08  0.000E+00  0.0000  3.639664   -6.627  6.582084  8.120559  0.0000000E+00  0.0000000E+00  3.5713882E-01  0.0000000E+00  0.0000000E+00  6.4277550E-01  2.3341710E-18  0.0000000E+00  5.5615360E-06  1.5514065E-05  0.000E+00  3.661E-09  1.878E-01  9.999E-01  1.000E+00  3.58E+01  0.00E+00  4.87E-01  0.020439  0.157450  0.0000000E+00  2.4862853696E-03
390  8.882584207466675E+08    1.923892  4.075097  3.639664  6.5766810E-01  3.4217970E-01  8.4854370E-08  1.1782124E-08  4.5456763E-06  3.3658151E-06  1.8613360E-07  2.3260671E-10  9.2048300E-07  2.3546037E-08  0.000E+00  0.0000  3.639664   -6.627  6.582084  8.120559  0.0000000E+00  0.0000000E+00  3.5713882E-01  0.0000000E+00  0.0000000E+00  6.4277550E-01  2.3341710E-18  0.0000000E+00  5.5615360E-06  1.5514065E-05  0.000E+00  3.661E-09  1.878E-01  9.999E-01  1.000E+00  3.58E+01  0.00E+00  4.87E-01  0.020439  0.157450  0.0000000E+00  2.4862853696E-03
391  8.882584207466675E+08    1.923892  4.075097  3.639664  6.5766810E-01  3.4217970E-01  8.4854370E-08  1.1782124E-08  4.5456763E-06  3.3658151E-06  1.8613360E-07  2.3260671E-10  9.2048300E-07  2.3546037E-08  0.000E+00  0.0000  3.639664   -6.627  6.582084  8.120559  0.0000000E+00  0.0000000E+00  3.5713882E-01  0.0000000E+00  0.0000000E+00  6.4277550E-01  2.3341710E-18  0.0000000E+00  5.5615360E-06  1.5514065E-05  0.000E+00  3.661E-09  1.878E-01  9.999E-01  1.000E+00  3.58E+01  0.00E+00  4.87E-01  0.020439  0.157450  0.0000000E+00  2.4862853696E-03
392  8.882584207466675E+08    1.923892  4.075097  3.639664  6.5766810E-01  3.4217970E-01  8.4854370E-08  1.1782124E-08  4.5456763E-06  3.3658151E-06  1.8613360E-07  2.3260671E-10  9.2048300E-07  2.3546037E-08  0.000E+00  0.0000  3.639664   -6.627  6.582084  8.120559  0.0000000E+00  0.0000000E+00  3.5713882E-01  0.0000000E+00  0.0000000E+00  6.4277550E-01  2.3341710E-18  0.0000000E+00  5.5615360E-06  1.5514065E-05  0.000E+00  3.661E-09  1.878E-01  9.999E-01  1.000E+00  3.58E+01  0.00E+00  4.87E-01  0.020439  0.157450  0.0000000E+00  2.4862853696E-03
393  8.882584207466675E+08    1.923892  4.075097  3.639664  6.5766810E-01  3.4217970E-01  8.4854370E-08  1.1782124E-08  4.5456763E-06  3.3658151E-06  1.8613360E-07  2.3260671E-10  9.2048300E-07  2.3546037E-08  0.000E+00  0.0000  3.639664   -6.627  6.582084  8.120559  0.0000000E+00  0.0000000E+00  3.5713882E-01  0.0000000E+00  0.0000000E+00  6.4277550E-01  2.3341710E-18  0.0000000E+00  5.5615360E-06  1.5514065E-05  0.000E+00  3.661E-09  1.878E-01  9.999E-01  1.000E+00  3.58E+01  0.00E+00  4.87E-01  0.020439  0.157450  0.0000000E+00  2.4862853696E-03
394  8.882584207466675E+08    1.923892  4.075097  3.639664  6.5766810E-01  3.4217970E-01  8.4854370E-08  1.1782124E-08  4.5456763E-06  3.3658151E-06  1.8613360E-07  2.3260671E-10  9.2048300E-07  2.3546037E-08  0.000E+00  0.0000  3.639664   -6.627  6.582084  8.120559  0.0000000E+00  0.0000000E+00  3.5713882E-01  0.0000000E+00  0.0000000E+00  6.4277550E-01  2.3341710E-18  0.0000000E+00  5.5615360E-06  1.5514065E-05  0.000E+00  3.661E-09  1.878E-01  9.999E-01  1.000E+00  3.58E+01  0.00E+00  4.87E-01  0.020439  0.157450  0.0000000E+00  2.4862853696E-03
395  8.882584207466675E+08    1.923892  4.075097  3.639664  6.5766810E-01  3.4217970E-01  8.4854370E-08  1.1782124E-08  4.5456763E-06  3.3658151E-06  1.8613360E-07  2.3260671E-10  9.2048300E-07  2.3546037E-08  0.000E+00  0.0000  3.639664   -6.627  6.582084  8.120559  0.0000000E+00  0.0000000E+00  3.5713882E-01  0.0000000E+00  0.0000000E+00  6.4277550E-01  2.3341710E-18  0.0000000E+00  5.5615360E-06  1.5514065E-05  0.000E+00  3.661E-09  1.878E-01  9.999E-01  1.000E+00  3.58E+01  0.00E+00  4.87E-01  0.020439  0.157450  0.0000000E+00  2.4862853696E-03
396  8.882584207466675E+08    1.923892  4.075097  3.639664  6.5766810E-01  3.4217970E-01  8.4854370E-08  1.1782124E-08  4.5456763E-06  3.3658151E-06  1.8613360E-07  2.3260671E-10  9.2048300E-07  2.3546037E-08  0.000E+00  0.0000  3.639664   -6.627  6.582084  8.120559  0.0000000E+00  0.0000000E+00  3.5713882E-01  0.0000000E+00  0.0000000E+00  6.4277550E-01  2.3341710E-18  0.0000000E+00  5.5615360E-06  1.5514065E-05  0.000E+00  3.661E-09  1.878E-01  9.999E-01  1.000E+00  3.58E+01  0.00E+00  4.87E-01  0.020439  0.157450  0.0000000E+00  2.4862853696E-03
397  8.882584207466675E+08    1.923892  4.075097  3.639664  6.5766810E-01  3.4217970E-01  8.4854370E-08  1.1782124E-08  4.5456763E-06  3.3658151E-06  1.8613360E-07  2.3260671E-10  9.2048300E-07  2.3546037E-08  0.000E+00  0.0000  3.639664   -6.627  6.582084  8.120559  0.0000000E+00  0.0000000E+00  3.5713882E-01  0.0000000E+00  0.0000000E+00  6.4277550E-01  2.3341710E-18  0.0000000E+00  5.5615360E-06  1.5514065E-05  0.000E+00  3.661E-09  1.878E-01  9.999E-01  1.000E+00  3.58E+01  0.00E+00  4.87E-01  0.020439  0.157450  0.0000000E+00  2.4862853696E-03
398  8.882584207466675E+08    1.923892  4.075097  3.639664  6.5766810E-01  3.4217970E-01  8.4854370E-08  1.1782124E-08  4.5456763E-06  3.3658151E-06  1.8613360E-07  2.3260671E-10  9.2048300E-07  2.3546037E-08  0.000E+00  0.0000  3.639664   -6.627  6.582084  8.120559  0.0000000E+00  0.0000000E+00  3.5713882E-01  0.0000000E+00  0.0000000E+00  6.4277550E-01  2.3341710E-18  0.0000000E+00  5.5615360E-06  1.5514065E-05  0.000E+00  3.661E-09  1.878E-01  9.999E-01  1.000E+00  3.58E+01  0.00E+00  4.87E-01  0.020439  0.157450  0.0000000E+00  2.4862853696E-03
399  8.882584207466675E+08    1.923892  4.075097  3.639664  6.5766810E-01  3.4217970E-01  8.4854370E-08  1.1782124E-08  4.5456763E-06  3.3658151E-06  1.8613360E-07  2.3260671E-10  9.2048300E-07  2.3546037E-08  0.000E+00  0.0000  3.639664   -6.627  6.582084  8.120559  0.0000000E+00  0.0000000E+00  3.5713882E-01  0.0000000E+00  0.0000000E+00  6.4277550E-01  2.3341710E-18  0.0000000E+00  5.5615360E-06  1.5514065E-05  0.000E+00  3.661E-09  1.878E-01  9.999E-01  1.000E+00  3.58E+01  0.00E+00  4.87E-01  0.020439  0.157450  0.0000000E+00  2.4862853696E-03
400  8.882584207466675E+08    1.923892  4.075097  3.639664  6.5766810E-01  3.4217970E-01  8.4854370E-08  1.1782124E-08  4.5456763E-06  3.3658151E-06  1.8613360E-07  2.3260671E-10  9.2048300E-07  2.3546037E-08  0.000E+00  0.0000  3.639664   -6.627  6.582084  8.120559  0.0000000E+00  0.0000000E+00  3.5713882E-01  0.0000000E+00  0.0000000E+00  6.4277550E-01  2.3341710E-18  0.0000000E+00  5.5615360E-06  1.5514065E-05  0.000E+00  3.661E-09  1.878E-01  9.999E-01  1.000E+00  3.58E+01  0.00E+00  4.87E-01  0.020439  0.157450  0.0000000E+00  2.4862853696E-03
