line                  time        mass     lg(L)  lg(Teff)        1H_surf       4He_surf       12C_surf       13C_surf       14N_surf       16O_surf       17O_surf       18O_surf      20Ne_surf      22Ne_surf  26Al_surf  Mcc/Mt   lg(Teff)  lg(Md)  lg(rhoc)    lg(Tc)         1H_cen        4He_cen        12C_cen        13C_cen        14N_cen        16O_cen        17O_cen        18O_cen       20Ne_cen       22Ne_cen   26Al_cen  Omeg_surf   Omeg_cen     Rp/Req   Md/Md(0)   v_crit1   v_crit2    v_equa  Om/Om_cr  Gamma_Ed  lg(Mdot_mech)             L_tot
   -                    yr        Msun      Lsun        K      mass frac.     mass frac.     mass frac.     mass frac.     mass frac.     mass frac.     mass frac.     mass frac.     mass frac.     mass frac. mass frac.       -          K   Ms/yr     g/cm3         K     mass frac.     mass frac.     mass frac.     mass frac.     mass frac.     mass frac.     mass frac.     mass frac.     mass frac.     mass frac. mass frac.        s-1        s-1          -          -      km/s      km/s      km/s         -         -        Msun/yr     10^53 g cm2/s

  1  5.357400752127996E+06    2.000000  1.470572  4.129730  7.5157740E-01  2.4837130E-01  1.2915521E-06  4.2970794E-09  1.0216519E-07  6.8211449E-06  3.5136664E-10  2.0005896E-09  9.2048308E-07  2.3543589E-08  0.000E+00  0.1734  4.129730  -30.000  2.013732  7.389108  7.4845340E-01  2.5153410E-01  1.1302755E-08  3.0084358E-09  2.5639359E-06  5.4382193E-06  2.9796939E-07  1.0594196E-10  9.2048308E-07  2.3543589E-08  0.000E+00  0.000E+00  0.000E+00  1.000E+00  1.000E+00  5.05E+02  0.00E+00  0.00E+00  0.000000  0.000398  0.0000000E+00  0.0000000000E+00
  2  1.740785524552056E+07    2.000000  1.475386  4.130247  7.5157740E-01  2.4837130E-01  1.2915521E-06  4.2970794E-09  1.0216519E-07  6.8211449E-06  3.5136664E-10  2.0005896E-09  9.2048308E-07  2.3543589E-08  0.000E+00  0.1706  4.130247  -30.000  2.017339  7.390954  7.4048016E-01  2.5950784E-01  2.1635667E-08  5.7604649E-09  4.8847343E-06  2.9043409E-06  1.5385577E-07  5.5090839E-11  9.2048308E-07  2.3543589E-08  0.000E+00  0.000E+00  0.000E+00  1.000E+00  1.000E+00  5.04E+02  0.00E+00  0.00E+00  0.000000  0.000402  0.0000000E+00  0.0000000000E+00
  3  2.918233476173751E+07    2.000000  1.480257  4.130871  7.5157740E-01  2.4837130E-01  1.2915521E-06  4.2970794E-09  1.0216519E-07  6.8211449E-06  3.5136664E-10  2.0005896E-09  9.2048308E-07  2.3543589E-08  0.000E+00  0.1687  4.130871  -30.000  2.021810  7.392901  7.3250692E-01  2.6748148E-01  2.7325146E-08  7.2773511E-09  6.1247650E-06  1.5495737E-06  7.7495432E-08  2.7956437E-11  9.2048308E-07  2.3543589E-08  0.000E+00  0.000E+00  0.000E+00  1.000E+00  1.000E+00  5.03E+02  0.00E+00  0.00E+00  0.000000  0.000407  0.0000000E+00  0.0000000000E+00
  4  4.064434586134224E+07    2.000000  1.484730  4.131423  7.5157740E-01  2.4837130E-01  1.2915521E-06  4.2970794E-09  1.0216519E-07  6.8211449E-06  3.5136664E-10  2.0005896E-09  9.2048308E-07  2.3543589E-08  0.000E+00  0.1656  4.131423  -30.000  2.025887  7.394889  7.2453367E-01  2.7545488E-01  3.0398049E-08  8.0980201E-09  6.7615664E-06  8.5192278E-07  4.0061271E-08  1.4562593E-11  9.2048308E-07  2.3543589E-08  0.000E+00  0.000E+00  0.000E+00  1.000E+00  1.000E+00  5.03E+02  0.00E+00  0.00E+00  0.000000  0.000411  0.0000000E+00  0.0000000000E+00
  5  5.187302211763130E+07    2.000000  1.489326  4.132010  7.5157740E-01  2.4837130E-01  1.2915521E-06  4.2970794E-09  1.0216519E-07  6.8211449E-06  3.5136664E-10  2.0005896E-09  9.2048308E-07  2.3543589E-08  0.000E+00  0.1633  4.132010  -30.000  2.030310  7.396883  7.1656043E-01  2.8342827E-01  3.2045808E-08  8.5394199E-09  7.0716303E-06  5.1129514E-07  2.2558967E-08  8.2639518E-12  9.2048308E-07  2.3543589E-08  0.000E+00  0.000E+00  0.000E+00  1.000E+00  1.000E+00  5.02E+02  0.00E+00  0.00E+00  0.000000  0.000415  0.0000000E+00  0.0000000000E+00
  6  6.284011070463610E+07    2.000000  1.494019  4.132684  7.5157740E-01  2.4837130E-01  1.2915521E-06  4.2970794E-09  1.0216519E-07  6.8211449E-06  3.5136664E-10  2.0005896E-09  9.2048308E-07  2.3543589E-08  0.000E+00  0.1611  4.132684  -30.000  2.035132  7.399012  7.0858719E-01  2.9140171E-01  3.2969837E-08  8.7882578E-09  7.2152118E-06  3.5318319E-07  1.4568931E-08  5.3813255E-12  9.2048308E-07  2.3543589E-08  0.000E+00  0.000E+00  0.000E+00  1.000E+00  1.000E+00  5.01E+02  0.00E+00  0.00E+00  0.000000  0.000420  0.0000000E+00  0.0000000000E+00
  7  7.354586383720537E+07    2.000000  1.498482  4.133289  7.5157740E-01  2.4837130E-01  1.2915521E-06  4.2970794E-09  1.0216519E-07  6.8211449E-06  3.5136664E-10  2.0005896E-09  9.2048308E-07  2.3543589E-08  0.000E+00  0.1586  4.133289  -30.000  2.039648  7.401113  7.0061395E-01  2.9937505E-01  3.3531454E-08  8.9405407E-09  7.2783339E-06  2.8348582E-07  1.0979240E-08  4.0895963E-12  9.2048308E-07  2.3543589E-08  0.000E+00  0.000E+00  0.000E+00  1.000E+00  1.000E+00  5.01E+02  0.00E+00  0.00E+00  0.000000  0.000424  0.0000000E+00  0.0000000000E+00
  8  8.399732934466736E+07    2.000000  1.503286  4.133986  7.5157740E-01  2.4837130E-01  1.2915521E-06  4.2970794E-09  1.0216519E-07  6.8211449E-06  3.5136664E-10  2.0005896E-09  9.2048308E-07  2.3543589E-08  0.000E+00  0.1556  4.133986  -30.000  2.044893  7.403243  6.9264070E-01  3.0734842E-01  3.3943801E-08  9.0531875E-09  7.3048279E-06  2.5411912E-07  9.2789973E-09  3.4881577E-12  9.2048308E-07  2.3543589E-08  0.000E+00  0.000E+00  0.000E+00  1.000E+00  1.000E+00  5.00E+02  0.00E+00  0.00E+00  0.000000  0.000429  0.0000000E+00  0.0000000000E+00
  9  9.419112485886329E+07    2.000000  1.507813  4.134621  7.5157740E-01  2.4837130E-01  1.2915521E-06  4.2970794E-09  1.0216519E-07  6.8211449E-06  3.5136664E-10  2.0005896E-09  9.2048308E-07  2.3543589E-08  0.000E+00  0.1528  4.134621  -30.000  2.049926  7.405358  6.8466746E-01  3.1532182E-01  3.4269954E-08  9.1426758E-09  7.3160115E-06  2.4166334E-07  8.3543872E-09  3.1704647E-12  9.2048308E-07  2.3543589E-08  0.000E+00  0.000E+00  0.000E+00  1.000E+00  1.000E+00  5.00E+02  0.00E+00  0.00E+00  0.000000  0.000433  0.0000000E+00  0.0000000000E+00
 10  1.041422525566047E+08    2.000000  1.512330  4.135292  7.5157740E-01  2.4837130E-01  1.2915521E-06  4.2970794E-09  1.0216519E-07  6.8211449E-06  3.5136664E-10  2.0005896E-09  9.2048308E-07  2.3543589E-08  0.000E+00  0.1500  4.135292  -30.000  2.055018  7.407597  6.7669422E-01  3.2329508E-01  3.4593099E-08  9.2315694E-09  7.3211136E-06  2.3588587E-07  7.7238814E-09  2.9631332E-12  9.2048308E-07  2.3543589E-08  0.000E+00  0.000E+00  0.000E+00  1.000E+00  1.000E+00  4.99E+02  0.00E+00  0.00E+00  0.000000  0.000438  0.0000000E+00  0.0000000000E+00
 11  1.138555290027568E+08    2.000000  1.517028  4.136002  7.5157740E-01  2.4837130E-01  1.2915521E-06  4.2970794E-09  1.0216519E-07  6.8211449E-06  3.5136664E-10  2.0005896E-09  9.2048308E-07  2.3543589E-08  0.000E+00  0.1473  4.136002  -30.000  2.060592  7.409790  6.6872098E-01  3.3126851E-01  3.4883656E-08  9.3115091E-09  7.3240664E-06  2.3248674E-07  7.2341760E-09  2.8058401E-12  9.2048308E-07  2.3543589E-08  0.000E+00  0.000E+00  0.000E+00  1.000E+00  1.000E+00  4.99E+02  0.00E+00  0.00E+00  0.000000  0.000443  0.0000000E+00  0.0000000000E+00
 12  1.233343534125390E+08    2.000000  1.521703  4.136727  7.5157740E-01  2.4837130E-01  1.2915521E-06  4.2970794E-09  1.0216519E-07  6.8211449E-06  3.5136664E-10  2.0005896E-09  9.2048308E-07  2.3543589E-08  0.000E+00  0.1441  4.136727  -30.000  2.066191  7.412070  6.6074773E-01  3.3924187E-01  3.5198182E-08  9.3980802E-09  7.3262285E-06  2.2990412E-07  6.7944867E-09  2.6679833E-12  9.2048308E-07  2.3543589E-08  0.000E+00  0.000E+00  0.000E+00  1.000E+00  1.000E+00  4.98E+02  0.00E+00  0.00E+00  0.000000  0.000448  0.0000000E+00  0.0000000000E+00
 13  1.325902106389063E+08    2.000000  1.526135  4.137413  7.5157740E-01  2.4837130E-01  1.2915521E-06  4.2970794E-09  1.0216519E-07  6.8211449E-06  3.5136664E-10  2.0005896E-09  9.2048308E-07  2.3543589E-08  0.000E+00  0.1415  4.137413  -30.000  2.071618  7.414385  6.5277449E-01  3.4721520E-01  3.5495195E-08  9.4797433E-09  7.3281762E-06  2.2755714E-07  6.3958669E-09  2.5438855E-12  9.2048308E-07  2.3543589E-08  0.000E+00  0.000E+00  0.000E+00  1.000E+00  1.000E+00  4.98E+02  0.00E+00  0.00E+00  0.000000  0.000452  0.0000000E+00  0.0000000000E+00
 14  1.416044899105390E+08    2.000000  1.530891  4.138204  7.5157740E-01  2.4837130E-01  1.2915521E-06  4.2970794E-09  1.0216519E-07  6.8211449E-06  3.5136664E-10  2.0005896E-09  9.2048308E-07  2.3543589E-08  0.000E+00  0.1379  4.138204  -30.000  2.077889  7.416749  6.4480125E-01  3.5518852E-01  3.5815430E-08  9.5677740E-09  7.3300371E-06  2.2525107E-07  6.0180630E-09  2.4277763E-12  9.2048308E-07  2.3543589E-08  0.000E+00  0.000E+00  0.000E+00  1.000E+00  1.000E+00  4.97E+02  0.00E+00  0.00E+00  0.000000  0.000457  0.0000000E+00  0.0000000000E+00
 15  1.504116728159158E+08    2.000000  1.535401  4.138963  7.5157740E-01  2.4837130E-01  1.2915521E-06  4.2970794E-09  1.0216519E-07  6.8211449E-06  3.5136664E-10  2.0005896E-09  9.2048308E-07  2.3543589E-08  0.000E+00  0.1347  4.138963  -30.000  2.083834  7.419202  6.3682801E-01  3.6316180E-01  3.6126973E-08  9.6533166E-09  7.3318400E-06  2.2300352E-07  5.6640872E-09  2.3194429E-12  9.2048308E-07  2.3543589E-08  0.000E+00  0.000E+00  0.000E+00  1.000E+00  1.000E+00  4.97E+02  0.00E+00  0.00E+00  0.000000  0.000462  0.0000000E+00  0.0000000000E+00
 16  1.589681353024569E+08    2.000000  1.540290  4.139853  7.5157740E-01  2.4837130E-01  1.2915521E-06  4.2970794E-09  1.0216519E-07  6.8211449E-06  3.5136664E-10  2.0005896E-09  9.2048308E-07  2.3543589E-08  0.000E+00  0.1308  4.139853  -30.000  2.090776  7.421730  6.2885476E-01  3.7113512E-01  3.6466982E-08  9.7466671E-09  7.3336135E-06  2.2073093E-07  5.3218117E-09  2.2154569E-12  9.2048308E-07  2.3543589E-08  0.000E+00  0.000E+00  0.000E+00  1.000E+00  1.000E+00  4.96E+02  0.00E+00  0.00E+00  0.000000  0.000467  0.0000000E+00  0.0000000000E+00
 17  1.672734520410647E+08    2.000000  1.544928  4.140636  7.5157740E-01  2.4837130E-01  1.2915521E-06  4.2970794E-09  1.0216519E-07  6.8211449E-06  3.5136664E-10  2.0005896E-09  9.2048308E-07  2.3543589E-08  0.000E+00  0.1266  4.140636  -30.000  2.097414  7.424096  6.2088152E-01  3.7910838E-01  3.6784421E-08  9.8337549E-09  7.3354081E-06  2.1843501E-07  5.0189064E-09  2.1230027E-12  9.2048308E-07  2.3543589E-08  0.000E+00  0.000E+00  0.000E+00  1.000E+00  1.000E+00  4.96E+02  0.00E+00  0.00E+00  0.000000  0.000472  0.0000000E+00  0.0000000000E+00
 18  1.753520280695284E+08    2.000000  1.549638  4.141459  7.5157740E-01  2.4837130E-01  1.2915521E-06  4.2970794E-09  1.0216519E-07  6.8211449E-06  3.5136664E-10  2.0005896E-09  9.2048308E-07  2.3543589E-08  0.000E+00  0.1214  4.141459  -30.000  2.104310  7.426529  6.1290828E-01  3.8708172E-01  3.7120766E-08  9.9260067E-09  7.3370914E-06  2.1622260E-07  4.7288520E-09  2.0350663E-12  9.2048308E-07  2.3543589E-08  0.000E+00  0.000E+00  0.000E+00  1.000E+00  1.000E+00  4.95E+02  0.00E+00  0.00E+00  0.000000  0.000477  0.0000000E+00  0.0000000000E+00
 19  1.832255476049304E+08    2.000000  1.553710  4.141971  7.5157740E-01  2.4837130E-01  1.2915521E-06  4.2970794E-09  1.0216519E-07  6.8211449E-06  3.5136664E-10  2.0005896E-09  9.2048308E-07  2.3543589E-08  0.000E+00  0.1143  4.141971  -30.000  2.109741  7.428579  6.0493504E-01  3.9505507E-01  3.7413358E-08  1.0006236E-08  7.3386543E-06  2.1417181E-07  4.4909602E-09  1.9621731E-12  9.2048308E-07  2.3543589E-08  0.000E+00  0.000E+00  0.000E+00  1.000E+00  1.000E+00  4.95E+02  0.00E+00  0.00E+00  0.000000  0.000481  0.0000000E+00  0.0000000000E+00
 20  1.909188003235181E+08    2.000000  1.558396  4.142789  7.5157740E-01  2.4837130E-01  1.2915521E-06  4.2970794E-09  1.0216519E-07  6.8211449E-06  3.5136664E-10  2.0005896E-09  9.2048308E-07  2.3543589E-08  0.000E+00  0.1126  4.142789  -30.000  2.116581  7.431042  5.9696179E-01  4.0302831E-01  3.7725807E-08  1.0091744E-08  7.3400658E-06  2.1226819E-07  4.2455558E-09  1.8885914E-12  9.2048308E-07  2.3543589E-08  0.000E+00  0.000E+00  0.000E+00  1.000E+00  1.000E+00  4.94E+02  0.00E+00  0.00E+00  0.000000  0.000487  0.0000000E+00  0.0000000000E+00
 21  1.983957539554005E+08    2.000000  1.562960  4.143508  7.5157740E-01  2.4837130E-01  1.2915521E-06  4.2970794E-09  1.0216519E-07  6.8211449E-06  3.5136664E-10  2.0005896E-09  9.2048308E-07  2.3543589E-08  0.000E+00  0.1072  4.143508  -30.000  2.123394  7.433270  5.8898855E-01  4.1100165E-01  3.8046689E-08  1.0179631E-08  7.3415138E-06  2.1028922E-07  4.0207494E-09  1.8201072E-12  9.2048308E-07  2.3543589E-08  0.000E+00  0.000E+00  0.000E+00  1.000E+00  1.000E+00  4.94E+02  0.00E+00  0.00E+00  0.000000  0.000492  0.0000000E+00  0.0000000000E+00
 22  2.056784495572587E+08    2.000000  1.567305  4.144129  7.5157740E-01  2.4837130E-01  1.2915521E-06  4.2970794E-09  1.0216519E-07  6.8211449E-06  3.5136664E-10  2.0005896E-09  9.2048308E-07  2.3543589E-08  0.000E+00  0.1020  4.144129  -30.000  2.129831  7.435377  5.8101531E-01  4.1897489E-01  3.8347822E-08  1.0262049E-08  7.3429252E-06  2.0836363E-07  3.8188310E-09  1.7580990E-12  9.2048308E-07  2.3543589E-08  0.000E+00  0.000E+00  0.000E+00  1.000E+00  1.000E+00  4.93E+02  0.00E+00  0.00E+00  0.000000  0.000497  0.0000000E+00  0.0000000000E+00
 23  2.127521907966248E+08    2.000000  1.571690  4.144804  7.5157740E-01  2.4837130E-01  1.2915521E-06  4.2970794E-09  1.0216519E-07  6.8211449E-06  3.5136664E-10  2.0005896E-09  9.2048308E-07  2.3543589E-08  0.000E+00  0.0964  4.144804  -30.000  2.136691  7.437555  5.7304206E-01  4.2694823E-01  3.8671100E-08  1.0350511E-08  7.3443387E-06  2.0639729E-07  3.6182927E-09  1.6962111E-12  9.2048308E-07  2.3543589E-08  0.000E+00  0.000E+00  0.000E+00  1.000E+00  1.000E+00  4.93E+02  0.00E+00  0.00E+00  0.000000  0.000502  0.0000000E+00  0.0000000000E+00
 24  2.196133781946450E+08    2.000000  1.576100  4.145485  7.5157740E-01  2.4837130E-01  1.2915521E-06  4.2970794E-09  1.0216519E-07  6.8211449E-06  3.5136664E-10  2.0005896E-09  9.2048308E-07  2.3543589E-08  0.000E+00  0.0900  4.145485  -30.000  2.143794  7.439667  5.6506882E-01  4.3492148E-01  3.9002015E-08  1.0441057E-08  7.3457271E-06  2.0443671E-07  3.4288322E-09  1.6371761E-12  9.2048308E-07  2.3543589E-08  0.000E+00  0.000E+00  0.000E+00  1.000E+00  1.000E+00  4.93E+02  0.00E+00  0.00E+00  0.000000  0.000507  0.0000000E+00  0.0000000000E+00
 25  2.261843385276755E+08    2.000000  1.580582  4.146203  7.5157740E-01  2.4837130E-01  1.2915521E-06  4.2970794E-09  1.0216519E-07  6.8211449E-06  3.5136664E-10  2.0005896E-09  9.2048308E-07  2.3543589E-08  0.000E+00  0.0799  4.146203  -30.000  2.151646  7.441688  5.5709558E-01  4.4289482E-01  3.9433014E-08  1.0559204E-08  7.3473122E-06  2.0210030E-07  3.2218516E-09  1.5710286E-12  9.2048308E-07  2.3543589E-08  0.000E+00  0.000E+00  0.000E+00  1.000E+00  1.000E+00  4.92E+02  0.00E+00  0.00E+00  0.000000  0.000512  0.0000000E+00  0.0000000000E+00
 26  2.325000126729700E+08    2.000000  1.584609  4.146784  7.5157740E-01  2.4837130E-01  1.2915521E-06  4.2970794E-09  1.0216519E-07  6.8211449E-06  3.5136664E-10  2.0005896E-09  9.2048308E-07  2.3543589E-08  0.000E+00  0.0744  4.146784  -30.000  2.158483  7.443675  5.4912234E-01  4.5086805E-01  3.9769960E-08  1.0651310E-08  7.3486611E-06  2.0015451E-07  3.0538492E-09  1.5175427E-12  9.2048308E-07  2.3543589E-08  0.000E+00  0.000E+00  0.000E+00  1.000E+00  1.000E+00  4.92E+02  0.00E+00  0.00E+00  0.000000  0.000517  0.0000000E+00  0.0000000000E+00
 27  2.385931121368863E+08    2.000000  1.588628  4.147394  7.5157740E-01  2.4837130E-01  1.2915521E-06  4.2970794E-09  1.0216519E-07  6.8211449E-06  3.5136664E-10  2.0005896E-09  9.2048308E-07  2.3543589E-08  0.000E+00  0.0677  4.147394  -30.000  2.165638  7.445666  5.4114909E-01  4.5884131E-01  4.0143693E-08  1.0753446E-08  7.3500859E-06  1.9806328E-07  2.8830558E-09  1.4625680E-12  9.2048308E-07  2.3543589E-08  0.000E+00  0.000E+00  0.000E+00  1.000E+00  1.000E+00  4.91E+02  0.00E+00  0.00E+00  0.000000  0.000522  0.0000000E+00  0.0000000000E+00
 28  2.444541025053702E+08    2.000000  1.592580  4.147982  7.5157740E-01  2.4837130E-01  1.2915521E-06  4.2970794E-09  1.0216519E-07  6.8211449E-06  3.5136664E-10  2.0005896E-09  9.2048308E-07  2.3543589E-08  0.000E+00  0.0587  4.147982  -30.000  2.172987  7.447515  5.3317585E-01  4.6681455E-01  4.0573386E-08  1.0870867E-08  7.3515975E-06  1.9578389E-07  2.7075247E-09  1.4052372E-12  9.2048308E-07  2.3543589E-08  0.000E+00  0.000E+00  0.000E+00  1.000E+00  1.000E+00  4.91E+02  0.00E+00  0.00E+00  0.000000  0.000527  0.0000000E+00  0.0000000000E+00
 29  2.500275851474294E+08    2.000000  1.596643  4.148670  7.5157740E-01  2.4837130E-01  1.2915521E-06  4.2970794E-09  1.0216519E-07  6.8211449E-06  3.5136664E-10  2.0005896E-09  9.2048308E-07  2.3543589E-08  0.000E+00  0.0487  4.148670  -30.000  2.181306  7.449311  5.2520261E-01  4.7478779E-01  4.1100829E-08  1.1014728E-08  7.3533547E-06  1.9307949E-07  2.5124052E-09  1.3417537E-12  9.2048308E-07  2.3543589E-08  0.000E+00  0.000E+00  0.000E+00  1.000E+00  1.000E+00  4.90E+02  0.00E+00  0.00E+00  0.000000  0.000532  0.0000000E+00  0.0000000000E+00
 30  2.554320799180140E+08    2.000000  1.600283  4.149249  7.5157740E-01  2.4837130E-01  1.2915521E-06  4.2970794E-09  1.0216519E-07  6.8211449E-06  3.5136664E-10  2.0005896E-09  9.2048308E-07  2.3543589E-08  0.000E+00  0.0447  4.149249  -30.000  2.188454  7.451268  5.1722937E-01  4.8276113E-01  4.1482229E-08  1.1118363E-08  7.3546150E-06  1.9113853E-07  2.3689285E-09  1.2962010E-12  9.2048308E-07  2.3543589E-08  0.000E+00  0.000E+00  0.000E+00  1.000E+00  1.000E+00  4.90E+02  0.00E+00  0.00E+00  0.000000  0.000536  0.0000000E+00  0.0000000000E+00
 31  2.606766238089733E+08    2.000000  1.603901  4.149818  7.5157740E-01  2.4837130E-01  1.2915521E-06  4.2970794E-09  1.0216519E-07  6.8211449E-06  3.5136664E-10  2.0005896E-09  9.2048308E-07  2.3543589E-08  0.000E+00  0.0416  4.149818  -30.000  2.195618  7.453224  5.0925613E-01  4.9073437E-01  4.1811068E-08  1.1207638E-08  7.3558964E-06  1.8924213E-07  2.2456474E-09  1.2557560E-12  9.2048308E-07  2.3543589E-08  0.000E+00  0.000E+00  0.000E+00  1.000E+00  1.000E+00  4.90E+02  0.00E+00  0.00E+00  0.000000  0.000541  0.0000000E+00  0.0000000000E+00
 32  2.657606844456736E+08    2.000000  1.607518  4.150390  7.5157740E-01  2.4837130E-01  1.2915521E-06  4.2970794E-09  1.0216519E-07  6.8211449E-06  3.5136664E-10  2.0005896E-09  9.2048308E-07  2.3543589E-08  0.000E+00  0.0346  4.150390  -30.000  2.203266  7.454969  5.0128288E-01  4.9870762E-01  4.2347209E-08  1.1353249E-08  7.3575388E-06  1.8662796E-07  2.0794916E-09  1.2013661E-12  9.2048308E-07  2.3543589E-08  0.000E+00  0.000E+00  0.000E+00  1.000E+00  1.000E+00  4.89E+02  0.00E+00  0.00E+00  0.000000  0.000545  0.0000000E+00  0.0000000000E+00
 33  2.706826993727306E+08    2.000000  1.610988  4.150916  7.5157740E-01  2.4837130E-01  1.2915521E-06  4.2970794E-09  1.0216519E-07  6.8211449E-06  3.5136664E-10  2.0005896E-09  9.2048308E-07  2.3543589E-08  0.000E+00  0.0303  4.150916  -30.000  2.210578  7.456712  4.9330964E-01  5.0668086E-01  4.2790660E-08  1.1473693E-08  7.3589409E-06  1.8441129E-07  1.9469384E-09  1.1561650E-12  9.2048308E-07  2.3543589E-08  0.000E+00  0.000E+00  0.000E+00  1.000E+00  1.000E+00  4.89E+02  0.00E+00  0.00E+00  0.000000  0.000549  0.0000000E+00  0.0000000000E+00
 34  2.755137536500762E+08    2.000000  1.614381  4.151444  7.5157740E-01  2.4837130E-01  1.2915521E-06  4.2970794E-09  1.0216519E-07  6.8211449E-06  3.5136664E-10  2.0005896E-09  9.2048308E-07  2.3543589E-08  0.000E+00  0.0296  4.151444  -30.000  2.217580  7.458681  4.8533640E-01  5.1465410E-01  4.3065676E-08  1.1548379E-08  7.3598358E-06  1.8301071E-07  1.8612639E-09  1.1258311E-12  9.2048308E-07  2.3543589E-08  0.000E+00  0.000E+00  0.000E+00  1.000E+00  1.000E+00  4.88E+02  0.00E+00  0.00E+00  0.000000  0.000554  0.0000000E+00  0.0000000000E+00
 35  2.802580982776604E+08    2.000000  1.617766  4.151963  7.5157740E-01  2.4837130E-01  1.2915521E-06  4.2970794E-09  1.0216519E-07  6.8211449E-06  3.5136664E-10  2.0005896E-09  9.2048308E-07  2.3543589E-08  0.000E+00  0.0274  4.151963  -30.000  2.224803  7.460535  4.7736315E-01  5.2262735E-01  4.3441293E-08  1.1650412E-08  7.3609532E-06  1.8120482E-07  1.7580746E-09  1.0889347E-12  9.2048308E-07  2.3543589E-08  0.000E+00  0.000E+00  0.000E+00  1.000E+00  1.000E+00  4.88E+02  0.00E+00  0.00E+00  0.000000  0.000558  0.0000000E+00  0.0000000000E+00
 36  2.849269114269723E+08    2.000000  1.621145  4.152490  7.5157740E-01  2.4837130E-01  1.2915521E-06  4.2970794E-09  1.0216519E-07  6.8211449E-06  3.5136664E-10  2.0005896E-09  9.2048308E-07  2.3543589E-08  0.000E+00  0.0253  4.152490  -30.000  2.232107  7.462425  4.6938991E-01  5.3060065E-01  4.3834944E-08  1.1757358E-08  7.3620862E-06  1.7934912E-07  1.6568863E-09  1.0518704E-12  9.2048308E-07  2.3543589E-08  0.000E+00  0.000E+00  0.000E+00  1.000E+00  1.000E+00  4.88E+02  0.00E+00  0.00E+00  0.000000  0.000562  0.0000000E+00  0.0000000000E+00
 37  2.895311122759846E+08    2.000000  1.624475  4.152987  7.5157740E-01  2.4837130E-01  1.2915521E-06  4.2970794E-09  1.0216519E-07  6.8211449E-06  3.5136664E-10  2.0005896E-09  9.2048308E-07  2.3543589E-08  0.000E+00  0.0232  4.152987  -30.000  2.239371  7.464266  4.6141667E-01  5.3857385E-01  4.4235175E-08  1.1866105E-08  7.3631780E-06  1.7752437E-07  1.5610990E-09  1.0159752E-12  9.2048308E-07  2.3543589E-08  0.000E+00  0.000E+00  0.000E+00  1.000E+00  1.000E+00  4.87E+02  0.00E+00  0.00E+00  0.000000  0.000567  0.0000000E+00  0.0000000000E+00
 38  2.940590221337382E+08    2.000000  1.627762  4.153480  7.5157740E-01  2.4837130E-01  1.2915521E-06  4.2970794E-09  1.0216519E-07  6.8211449E-06  3.5136664E-10  2.0005896E-09  9.2048308E-07  2.3543589E-08  0.000E+00  0.0229  4.153480  -30.000  2.246430  7.466233  4.5344343E-01  5.4654717E-01  4.4525374E-08  1.1944951E-08  7.3640134E-06  1.7615177E-07  1.4911455E-09  9.8883160E-13  9.2048308E-07  2.3543589E-08  0.000E+00  0.000E+00  0.000E+00  1.000E+00  1.000E+00  4.87E+02  0.00E+00  0.00E+00  0.000000  0.000571  0.0000000E+00  0.0000000000E+00
 39  2.984842056311772E+08    2.000000  1.631017  4.153957  7.5157740E-01  2.4837130E-01  1.2915521E-06  4.2970794E-09  1.0216519E-07  6.8211449E-06  3.5136664E-10  2.0005896E-09  9.2048308E-07  2.3543589E-08  0.000E+00  0.0211  4.153957  -30.000  2.253683  7.468052  4.4547018E-01  5.5452035E-01  4.4942431E-08  1.2058293E-08  7.3651127E-06  1.7428357E-07  1.4026129E-09  9.5409536E-13  9.2048308E-07  2.3543589E-08  0.000E+00  0.000E+00  0.000E+00  1.000E+00  1.000E+00  4.87E+02  0.00E+00  0.00E+00  0.000000  0.000575  0.0000000E+00  0.0000000000E+00
 40  3.028811838300068E+08    2.000000  1.634244  4.154427  7.5157740E-01  2.4837130E-01  1.2915521E-06  4.2970794E-09  1.0216519E-07  6.8211449E-06  3.5136664E-10  2.0005896E-09  9.2048308E-07  2.3543589E-08  0.000E+00  0.0205  4.154427  -30.000  2.260716  7.470016  4.3749694E-01  5.6249356E-01  4.5278108E-08  1.2149522E-08  7.3659744E-06  1.7280486E-07  1.3328455E-09  9.2594582E-13  9.2048308E-07  2.3543589E-08  0.000E+00  0.000E+00  0.000E+00  1.000E+00  1.000E+00  4.86E+02  0.00E+00  0.00E+00  0.000000  0.000580  0.0000000E+00  0.0000000000E+00
 41  3.072169418268952E+08    2.000000  1.637468  4.154893  7.5157740E-01  2.4837130E-01  1.2915521E-06  4.2970794E-09  1.0216519E-07  6.8211449E-06  3.5136664E-10  2.0005896E-09  9.2048308E-07  2.3543589E-08  0.000E+00  0.0193  4.154893  -30.000  2.267979  7.471878  4.2952370E-01  5.7046690E-01  4.5686846E-08  1.2260626E-08  7.3669941E-06  1.7103089E-07  1.2556575E-09  8.9417511E-13  9.2048308E-07  2.3543589E-08  0.000E+00  0.000E+00  0.000E+00  1.000E+00  1.000E+00  4.86E+02  0.00E+00  0.00E+00  0.000000  0.000584  0.0000000E+00  0.0000000000E+00
 42  3.114780049167045E+08    2.000000  1.640625  4.155341  7.5157740E-01  2.4837130E-01  1.2915521E-06  4.2970794E-09  1.0216519E-07  6.8211449E-06  3.5136664E-10  2.0005896E-09  9.2048308E-07  2.3543589E-08  0.000E+00  0.0192  4.155341  -30.000  2.274971  7.473858  4.2155046E-01  5.7844014E-01  4.5994808E-08  1.2344336E-08  7.3677666E-06  1.6968895E-07  1.1980089E-09  8.6972779E-13  9.2048308E-07  2.3543589E-08  0.000E+00  0.000E+00  0.000E+00  1.000E+00  1.000E+00  4.85E+02  0.00E+00  0.00E+00  0.000000  0.000588  0.0000000E+00  0.0000000000E+00
 43  3.156975337936267E+08    2.000000  1.643777  4.155787  7.5157740E-01  2.4837130E-01  1.2915521E-06  4.2970794E-09  1.0216519E-07  6.8211449E-06  3.5136664E-10  2.0005896E-09  9.2048308E-07  2.3543589E-08  0.000E+00  0.0189  4.155787  -30.000  2.281961  7.475889  4.1357721E-01  5.8641338E-01  4.6357922E-08  1.2443053E-08  7.3686343E-06  1.6815125E-07  1.1349567E-09  8.4252406E-13  9.2048308E-07  2.3543589E-08  0.000E+00  0.000E+00  0.000E+00  1.000E+00  1.000E+00  4.85E+02  0.00E+00  0.00E+00  0.000000  0.000593  0.0000000E+00  0.0000000000E+00
 44  3.198679643323187E+08    2.000000  1.646882  4.156201  7.5157740E-01  2.4837130E-01  1.2915521E-06  4.2970794E-09  1.0216519E-07  6.8211449E-06  3.5136664E-10  2.0005896E-09  9.2048308E-07  2.3543589E-08  0.000E+00  0.0188  4.156201  -30.000  2.288876  7.477874  4.0560397E-01  5.9438663E-01  4.6695579E-08  1.2534861E-08  7.3694179E-06  1.6674482E-07  1.0796993E-09  8.1818400E-13  9.2048308E-07  2.3543589E-08  0.000E+00  0.000E+00  0.000E+00  1.000E+00  1.000E+00  4.85E+02  0.00E+00  0.00E+00  0.000000  0.000597  0.0000000E+00  0.0000000000E+00
 45  3.239988266902416E+08    2.000000  1.649969  4.156609  7.5157740E-01  2.4837130E-01  1.2915521E-06  4.2970794E-09  1.0216519E-07  6.8211449E-06  3.5136664E-10  2.0005896E-09  9.2048308E-07  2.3543589E-08  0.000E+00  0.0188  4.156609  -30.000  2.295769  7.479896  3.9763073E-01  6.0235987E-01  4.7030810E-08  1.2626026E-08  7.3701646E-06  1.6538088E-07  1.0283380E-09  7.9517799E-13  9.2048308E-07  2.3543589E-08  0.000E+00  0.000E+00  0.000E+00  1.000E+00  1.000E+00  4.84E+02  0.00E+00  0.00E+00  0.000000  0.000601  0.0000000E+00  0.0000000000E+00
 46  3.280925459093241E+08    2.000000  1.653025  4.157002  7.5157740E-01  2.4837130E-01  1.2915521E-06  4.2970794E-09  1.0216519E-07  6.8211449E-06  3.5136664E-10  2.0005896E-09  9.2048308E-07  2.3543589E-08  0.000E+00  0.0188  4.157002  -30.000  2.302635  7.481912  3.8965749E-01  6.1033311E-01  4.7359704E-08  1.2715506E-08  7.3708522E-06  1.6408994E-07  9.8238519E-10  7.7442567E-13  9.2048308E-07  2.3543589E-08  0.000E+00  0.000E+00  0.000E+00  1.000E+00  1.000E+00  4.84E+02  0.00E+00  0.00E+00  0.000000  0.000605  0.0000000E+00  0.0000000000E+00
 47  3.321599904567832E+08    2.000000  1.656075  4.157387  7.5157740E-01  2.4837130E-01  1.2915521E-06  4.2970794E-09  1.0216519E-07  6.8211449E-06  3.5136664E-10  2.0005896E-09  9.2048308E-07  2.3543589E-08  0.000E+00  0.0189  4.157387  -30.000  2.309502  7.483968  3.8168424E-01  6.1830636E-01  4.7681625E-08  1.2803130E-08  7.3714763E-06  1.6287828E-07  9.4145290E-10  7.5586370E-13  9.2048308E-07  2.3543589E-08  0.000E+00  0.000E+00  0.000E+00  1.000E+00  1.000E+00  4.83E+02  0.00E+00  0.00E+00  0.000000  0.000610  0.0000000E+00  0.0000000000E+00
 48  3.362556205403009E+08    2.000000  1.659160  4.157769  7.5157740E-01  2.4837130E-01  1.2915521E-06  4.2970794E-09  1.0216519E-07  6.8211449E-06  3.5136664E-10  2.0005896E-09  9.2048308E-07  2.3543589E-08  0.000E+00  0.0192  4.157769  -30.000  2.316370  7.486091  3.7371100E-01  6.2627960E-01  4.7994352E-08  1.2888298E-08  7.3720331E-06  1.6175446E-07  9.0527644E-10  7.3945041E-13  9.2048308E-07  2.3543589E-08  0.000E+00  0.000E+00  0.000E+00  1.000E+00  1.000E+00  4.83E+02  0.00E+00  0.00E+00  0.000000  0.000614  0.0000000E+00  0.0000000000E+00
 49  3.403862075578485E+08    2.000000  1.662265  4.158140  7.5157740E-01  2.4837130E-01  1.2915521E-06  4.2970794E-09  1.0216519E-07  6.8211449E-06  3.5136664E-10  2.0005896E-09  9.2048308E-07  2.3543589E-08  0.000E+00  0.0196  4.158140  -30.000  2.323273  7.488221  3.6573776E-01  6.3425284E-01  4.8304697E-08  1.2972868E-08  7.3725349E-06  1.6069369E-07  8.7294279E-10  7.2485052E-13  9.2048308E-07  2.3543589E-08  0.000E+00  0.000E+00  0.000E+00  1.000E+00  1.000E+00  4.83E+02  0.00E+00  0.00E+00  0.000000  0.000618  0.0000000E+00  0.0000000000E+00
 50  3.444187023055447E+08    2.000000  1.665324  4.158497  7.5157740E-01  2.4837130E-01  1.2915521E-06  4.2970794E-09  1.0216519E-07  6.8211449E-06  3.5136664E-10  2.0005896E-09  9.2048308E-07  2.3543589E-08  0.000E+00  0.0198  4.158497  -30.000  2.330134  7.490364  3.5776452E-01  6.4222608E-01  4.8623376E-08  1.3059747E-08  7.3730094E-06  1.5964845E-07  8.4240255E-10  7.1104098E-13  9.2048308E-07  2.3543589E-08  0.000E+00  0.000E+00  0.000E+00  1.000E+00  1.000E+00  4.82E+02  0.00E+00  0.00E+00  0.000000  0.000623  0.0000000E+00  0.0000000000E+00
 51  3.486750390435849E+08    2.000000  1.668555  4.158869  7.5157740E-01  2.4837130E-01  1.2915521E-06  4.2970794E-09  1.0216519E-07  6.8211449E-06  3.5136664E-10  2.0005896E-09  9.2048308E-07  2.3543589E-08  0.000E+00  0.0204  4.158869  -30.000  2.337081  7.492675  3.4979127E-01  6.5019932E-01  4.8944798E-08  1.3147429E-08  7.3734386E-06  1.5864805E-07  8.1440803E-10  6.9849718E-13  9.2048308E-07  2.3543589E-08  0.000E+00  0.000E+00  0.000E+00  1.000E+00  1.000E+00  4.82E+02  0.00E+00  0.00E+00  0.000000  0.000628  0.0000000E+00  0.0000000000E+00
 52  3.526851255871764E+08    2.000000  1.671604  4.159211  7.5157740E-01  2.4837130E-01  1.2915521E-06  4.2970794E-09  1.0216519E-07  6.8211449E-06  3.5136664E-10  2.0005896E-09  9.2048308E-07  2.3543589E-08  0.000E+00  0.0206  4.159211  -30.000  2.343926  7.494894  3.4181803E-01  6.5817257E-01  4.9272862E-08  1.3236970E-08  7.3738328E-06  1.5767435E-07  7.8849159E-10  6.8696102E-13  9.2048308E-07  2.3543589E-08  0.000E+00  0.000E+00  0.000E+00  1.000E+00  1.000E+00  4.81E+02  0.00E+00  0.00E+00  0.000000  0.000632  0.0000000E+00  0.0000000000E+00
 53  3.567087020415030E+08    2.000000  1.674664  4.159542  7.5157740E-01  2.4837130E-01  1.2915521E-06  4.2970794E-09  1.0216519E-07  6.8211449E-06  3.5136664E-10  2.0005896E-09  9.2048308E-07  2.3543589E-08  0.000E+00  0.0209  4.159542  -30.000  2.350797  7.497141  3.3384479E-01  6.6614585E-01  4.9603320E-08  1.3327206E-08  7.3741909E-06  1.5673618E-07  7.6445159E-10  6.7632359E-13  9.2048308E-07  2.3543589E-08  0.000E+00  0.000E+00  0.000E+00  1.000E+00  1.000E+00  4.81E+02  0.00E+00  0.00E+00  0.000000  0.000636  0.0000000E+00  0.0000000000E+00
 54  3.608776978070592E+08    2.000000  1.677832  4.159867  7.5157740E-01  2.4837130E-01  1.2915521E-06  4.2970794E-09  1.0216519E-07  6.8211449E-06  3.5136664E-10  2.0005896E-09  9.2048308E-07  2.3543589E-08  0.000E+00  0.0214  4.159867  -30.000  2.357658  7.499493  3.2587155E-01  6.7411905E-01  4.9940415E-08  1.3419299E-08  7.3745230E-06  1.5581535E-07  7.4169819E-10  6.6631216E-13  9.2048308E-07  2.3543589E-08  0.000E+00  0.000E+00  0.000E+00  1.000E+00  1.000E+00  4.80E+02  0.00E+00  0.00E+00  0.000000  0.000641  0.0000000E+00  0.0000000000E+00
 55  3.650509023435459E+08    2.000000  1.681021  4.160182  7.5157740E-01  2.4837130E-01  1.2915521E-06  4.2970794E-09  1.0216519E-07  6.8211449E-06  3.5136664E-10  2.0005896E-09  9.2048308E-07  2.3543589E-08  0.000E+00  0.0220  4.160182  -30.000  2.364520  7.501871  3.1789830E-01  6.8209230E-01  5.0272627E-08  1.3510095E-08  7.3748122E-06  1.5494987E-07  7.2082808E-10  6.5718976E-13  9.2048308E-07  2.3543589E-08  0.000E+00  0.000E+00  0.000E+00  1.000E+00  1.000E+00  4.80E+02  0.00E+00  0.00E+00  0.000000  0.000646  0.0000000E+00  0.0000000000E+00
 56  3.690251004933137E+08    2.000000  1.684045  4.160466  7.5157740E-01  2.4837130E-01  1.2915521E-06  4.2970794E-09  1.0216519E-07  6.8211449E-06  3.5136664E-10  2.0005896E-09  9.2048308E-07  2.3543589E-08  0.000E+00  0.0223  4.160466  -30.000  2.371282  7.504199  3.0992506E-01  6.9006554E-01  5.0629842E-08  1.3607772E-08  7.3750968E-06  1.5404754E-07  7.0023015E-10  6.4825542E-13  9.2048308E-07  2.3543589E-08  0.000E+00  0.000E+00  0.000E+00  1.000E+00  1.000E+00  4.79E+02  0.00E+00  0.00E+00  0.000000  0.000651  0.0000000E+00  0.0000000000E+00
 57  3.733880436673714E+08    2.000000  1.687347  4.160759  7.5157740E-01  2.4837130E-01  1.2915521E-06  4.2970794E-09  1.0216519E-07  6.8211449E-06  3.5136664E-10  2.0005896E-09  9.2048308E-07  2.3543589E-08  0.000E+00  0.0231  4.160759  -30.000  2.378124  7.506761  3.0195182E-01  6.9803878E-01  5.0987356E-08  1.3705573E-08  7.3753479E-06  1.5318185E-07  6.8082294E-10  6.3992432E-13  9.2048308E-07  2.3543589E-08  0.000E+00  0.000E+00  0.000E+00  1.000E+00  1.000E+00  4.79E+02  0.00E+00  0.00E+00  0.000000  0.000655  0.0000000E+00  0.0000000000E+00
 58  3.774219503560368E+08    2.000000  1.690412  4.161017  7.5157740E-01  2.4837130E-01  1.2915521E-06  4.2970794E-09  1.0216519E-07  6.8211449E-06  3.5136664E-10  2.0005896E-09  9.2048308E-07  2.3543589E-08  0.000E+00  0.0235  4.161017  -30.000  2.384859  7.509172  2.9397858E-01  7.0601205E-01  5.1348761E-08  1.3804470E-08  7.3755746E-06  1.5233653E-07  6.6249937E-10  6.3207060E-13  9.2048308E-07  2.3543589E-08  0.000E+00  0.000E+00  0.000E+00  1.000E+00  1.000E+00  4.78E+02  0.00E+00  0.00E+00  0.000000  0.000660  0.0000000E+00  0.0000000000E+00
 59  3.818629573215227E+08    2.000000  1.693766  4.161277  7.5157740E-01  2.4837130E-01  1.2915521E-06  4.2970794E-09  1.0216519E-07  6.8211449E-06  3.5136664E-10  2.0005896E-09  9.2048308E-07  2.3543589E-08  0.000E+00  0.0245  4.161277  -30.000  2.391648  7.511838  2.8600533E-01  7.1398527E-01  5.1720020E-08  1.3906106E-08  7.3757786E-06  1.5149995E-07  6.4475980E-10  6.2456689E-13  9.2048308E-07  2.3543589E-08  0.000E+00  0.000E+00  0.000E+00  1.000E+00  1.000E+00  4.77E+02  0.00E+00  0.00E+00  0.000000  0.000665  0.0000000E+00  0.0000000000E+00
 60  3.864102782334706E+08    2.000000  1.697183  4.161520  7.5157740E-01  2.4837130E-01  1.2915521E-06  4.2970794E-09  1.0216519E-07  6.8211449E-06  3.5136664E-10  2.0005896E-09  9.2048308E-07  2.3543589E-08  0.000E+00  0.0256  4.161520  -30.000  2.398413  7.514587  2.7803209E-01  7.2195851E-01  5.2102047E-08  1.4010725E-08  7.3759664E-06  1.5066355E-07  6.2750343E-10  6.1730056E-13  9.2048308E-07  2.3543589E-08  0.000E+00  0.000E+00  0.000E+00  1.000E+00  1.000E+00  4.77E+02  0.00E+00  0.00E+00  0.000000  0.000670  0.0000000E+00  0.0000000000E+00
 61  3.910854423253470E+08    2.000000  1.700689  4.161745  7.5157740E-01  2.4837130E-01  1.2915521E-06  4.2970794E-09  1.0216519E-07  6.8211449E-06  3.5136664E-10  2.0005896E-09  9.2048308E-07  2.3543589E-08  0.000E+00  0.0269  4.161745  -30.000  2.405148  7.517425  2.7005885E-01  7.2993185E-01  5.2490825E-08  1.4117230E-08  7.3761297E-06  1.4984307E-07  6.1096235E-10  6.1041581E-13  9.2048308E-07  2.3543589E-08  0.000E+00  0.000E+00  0.000E+00  1.000E+00  1.000E+00  4.76E+02  0.00E+00  0.00E+00  0.000000  0.000676  0.0000000E+00  0.0000000000E+00
 62  3.965873591205965E+08    2.000000  1.704762  4.161962  7.5157740E-01  2.4837130E-01  1.2915521E-06  4.2970794E-09  1.0216519E-07  6.8211449E-06  3.5136664E-10  2.0005896E-09  9.2048308E-07  2.3543589E-08  0.000E+00  0.0291  4.161962  -30.000  2.411887  7.520732  2.6208561E-01  7.3790508E-01  5.2906795E-08  1.4231220E-08  7.3762879E-06  1.4898335E-07  5.9388946E-10  6.0335973E-13  9.2048308E-07  2.3543589E-08  0.000E+00  0.000E+00  0.000E+00  1.000E+00  1.000E+00  4.75E+02  0.00E+00  0.00E+00  0.000000  0.000682  0.0000000E+00  0.0000000000E+00
 63  4.017825745861962E+08    2.000000  1.708582  4.162126  7.5157740E-01  2.4837130E-01  1.2915521E-06  4.2970794E-09  1.0216519E-07  6.8211449E-06  3.5136664E-10  2.0005896E-09  9.2048308E-07  2.3543589E-08  0.000E+00  0.0310  4.162126  -30.000  2.418356  7.523922  2.5411236E-01  7.4587823E-01  5.3334417E-08  1.4348412E-08  7.3764444E-06  1.4810606E-07  5.7687722E-10  5.9614627E-13  9.2048308E-07  2.3543589E-08  0.000E+00  0.000E+00  0.000E+00  1.000E+00  1.000E+00  4.74E+02  0.00E+00  0.00E+00  0.000000  0.000688  0.0000000E+00  0.0000000000E+00
 64  4.077586669627389E+08    2.000000  1.712947  4.162257  7.5157740E-01  2.4837130E-01  1.2915521E-06  4.2970794E-09  1.0216519E-07  6.8211449E-06  3.5136664E-10  2.0005896E-09  9.2048308E-07  2.3543589E-08  0.000E+00  0.0338  4.162257  -30.000  2.424779  7.527492  2.4613912E-01  7.5385148E-01  5.3793900E-08  1.4474369E-08  7.3765902E-06  1.4718840E-07  5.5930119E-10  5.8871601E-13  9.2048308E-07  2.3543589E-08  0.000E+00  0.000E+00  0.000E+00  1.000E+00  1.000E+00  4.73E+02  0.00E+00  0.00E+00  0.000000  0.000695  0.0000000E+00  0.0000000000E+00
 65  4.140879316928522E+08    2.000000  1.717534  4.162332  7.5157740E-01  2.4837130E-01  1.2915521E-06  4.2970794E-09  1.0216519E-07  6.8211449E-06  3.5136664E-10  2.0005896E-09  9.2048308E-07  2.3543589E-08  0.000E+00  0.0368  4.162332  -30.000  2.431086  7.531240  2.3816588E-01  7.6182477E-01  5.4280719E-08  1.4607844E-08  7.3767285E-06  1.4623374E-07  5.4134856E-10  5.8103160E-13  9.2048308E-07  2.3543589E-08  0.000E+00  0.000E+00  0.000E+00  1.000E+00  1.000E+00  4.72E+02  0.00E+00  0.00E+00  0.000000  0.000702  0.0000000E+00  0.0000000000E+00
 66  4.204596694699379E+08    2.000000  1.722099  4.162340  7.5157740E-01  2.4837130E-01  1.2915521E-06  4.2970794E-09  1.0216519E-07  6.8211449E-06  3.5136664E-10  2.0005896E-09  9.2048308E-07  2.3543589E-08  0.000E+00  0.0403  4.162340  -30.000  2.436891  7.534935  2.3019264E-01  7.6979796E-01  5.4787740E-08  1.4746886E-08  7.3768655E-06  1.4524702E-07  5.2340722E-10  5.7319534E-13  9.2048308E-07  2.3543589E-08  0.000E+00  0.000E+00  0.000E+00  1.000E+00  1.000E+00  4.71E+02  0.00E+00  0.00E+00  0.000000  0.000710  0.0000000E+00  0.0000000000E+00
 67  4.266100236332108E+08    2.000000  1.726522  4.162293  7.5157740E-01  2.4837130E-01  1.2915521E-06  4.2970794E-09  1.0216519E-07  6.8211449E-06  3.5136664E-10  2.0005896E-09  9.2048308E-07  2.3543589E-08  0.000E+00  0.0433  4.162293  -30.000  2.442718  7.538561  2.2221939E-01  7.7777127E-01  5.5316887E-08  1.4892018E-08  7.3769920E-06  1.4423506E-07  5.0551496E-10  5.6519346E-13  9.2048308E-07  2.3543589E-08  0.000E+00  0.000E+00  0.000E+00  1.000E+00  1.000E+00  4.69E+02  0.00E+00  0.00E+00  0.000000  0.000717  0.0000000E+00  0.0000000000E+00
 68  4.321506007519151E+08    2.000000  1.730449  4.162181  7.5157740E-01  2.4837130E-01  1.2915521E-06  4.2970794E-09  1.0216519E-07  6.8211449E-06  3.5136664E-10  2.0005896E-09  9.2048308E-07  2.3543589E-08  0.000E+00  0.0456  4.162181  -30.000  2.448222  7.541843  2.1424615E-01  7.8574449E-01  5.5836322E-08  1.5034514E-08  7.3770997E-06  1.4325964E-07  4.8885582E-10  5.5755911E-13  9.2048308E-07  2.3543589E-08  0.000E+00  0.000E+00  0.000E+00  1.000E+00  1.000E+00  4.68E+02  0.00E+00  0.00E+00  0.000000  0.000724  0.0000000E+00  0.0000000000E+00
 69  4.376445117336857E+08    2.000000  1.734429  4.162053  7.5157740E-01  2.4837130E-01  1.2915521E-06  4.2970794E-09  1.0216519E-07  6.8211449E-06  3.5136664E-10  2.0005896E-09  9.2048308E-07  2.3543589E-08  0.000E+00  0.0478  4.162053  -30.000  2.453847  7.545171  2.0627291E-01  7.9371776E-01  5.6389467E-08  1.5186290E-08  7.3772007E-06  1.4223583E-07  4.7196028E-10  5.4965107E-13  9.2048308E-07  2.3543589E-08  0.000E+00  0.000E+00  0.000E+00  1.000E+00  1.000E+00  4.67E+02  0.00E+00  0.00E+00  0.000000  0.000731  0.0000000E+00  0.0000000000E+00
 70  4.426620947937571E+08    2.000000  1.738005  4.161858  7.5157740E-01  2.4837130E-01  1.2915521E-06  4.2970794E-09  1.0216519E-07  6.8211449E-06  3.5136664E-10  2.0005896E-09  9.2048308E-07  2.3543589E-08  0.000E+00  0.0496  4.161858  -30.000  2.459203  7.548233  1.9829967E-01  8.0169093E-01  5.6920257E-08  1.5331958E-08  7.3772796E-06  1.4127317E-07  4.5651212E-10  5.4226825E-13  9.2048308E-07  2.3543589E-08  0.000E+00  0.000E+00  0.000E+00  1.000E+00  1.000E+00  4.66E+02  0.00E+00  0.00E+00  0.000000  0.000737  0.0000000E+00  0.0000000000E+00
 71  4.479488279478462E+08    2.000000  1.741762  4.161600  7.5157740E-01  2.4837130E-01  1.2915521E-06  4.2970794E-09  1.0216519E-07  6.8211449E-06  3.5136664E-10  2.0005896E-09  9.2048308E-07  2.3543589E-08  0.000E+00  0.0514  4.161600  -30.000  2.464488  7.551390  1.9032642E-01  8.0966417E-01  5.7477513E-08  1.5484921E-08  7.3773431E-06  1.4028397E-07  4.4099171E-10  5.3473454E-13  9.2048308E-07  2.3543589E-08  0.000E+00  0.000E+00  0.000E+00  1.000E+00  1.000E+00  4.65E+02  0.00E+00  0.00E+00  0.000000  0.000743  0.0000000E+00  0.0000000000E+00
 72  4.523618003368639E+08    2.000000  1.744970  4.161375  7.5157740E-01  2.4837130E-01  1.2915521E-06  4.2970794E-09  1.0216519E-07  6.8211449E-06  3.5136664E-10  2.0005896E-09  9.2048308E-07  2.3543589E-08  0.000E+00  0.0525  4.161375  -30.000  2.469972  7.554287  1.8235318E-01  8.1763752E-01  5.8031913E-08  1.5637129E-08  7.3773982E-06  1.3930834E-07  4.2637782E-10  5.2742783E-13  9.2048308E-07  2.3543589E-08  0.000E+00  0.000E+00  0.000E+00  1.000E+00  1.000E+00  4.64E+02  0.00E+00  0.00E+00  0.000000  0.000748  0.0000000E+00  0.0000000000E+00
 73  4.570921899834336E+08    2.000000  1.748312  4.161048  7.5157740E-01  2.4837130E-01  1.2915521E-06  4.2970794E-09  1.0216519E-07  6.8211449E-06  3.5136664E-10  2.0005896E-09  9.2048308E-07  2.3543589E-08  0.000E+00  0.0540  4.161048  -30.000  2.475198  7.557233  1.7437994E-01  8.2561068E-01  5.8594791E-08  1.5791698E-08  7.3774333E-06  1.3834087E-07  4.1214007E-10  5.2021002E-13  9.2048308E-07  2.3543589E-08  0.000E+00  0.000E+00  0.000E+00  1.000E+00  1.000E+00  4.62E+02  0.00E+00  0.00E+00  0.000000  0.000754  0.0000000E+00  0.0000000000E+00
 74  4.617415156315920E+08    2.000000  1.751676  4.160710  7.5157740E-01  2.4837130E-01  1.2915521E-06  4.2970794E-09  1.0216519E-07  6.8211449E-06  3.5136664E-10  2.0005896E-09  9.2048308E-07  2.3543589E-08  0.000E+00  0.0552  4.160710  -30.000  2.480522  7.560193  1.6640670E-01  8.3358390E-01  5.9178864E-08  1.5952119E-08  7.3774538E-06  1.3735444E-07  3.9805789E-10  5.1292243E-13  9.2048308E-07  2.3543589E-08  0.000E+00  0.000E+00  0.000E+00  1.000E+00  1.000E+00  4.61E+02  0.00E+00  0.00E+00  0.000000  0.000760  0.0000000E+00  0.0000000000E+00
 75  4.659306770387241E+08    2.000000  1.754657  4.160339  7.5157740E-01  2.4837130E-01  1.2915521E-06  4.2970794E-09  1.0216519E-07  6.8211449E-06  3.5136664E-10  2.0005896E-09  9.2048308E-07  2.3543589E-08  0.000E+00  0.0562  4.160339  -30.000  2.485835  7.562930  1.5843345E-01  8.4155717E-01  5.9738475E-08  1.6105854E-08  7.3774578E-06  1.3642657E-07  3.8521745E-10  5.0614203E-13  9.2048308E-07  2.3543589E-08  0.000E+00  0.000E+00  0.000E+00  1.000E+00  1.000E+00  4.60E+02  0.00E+00  0.00E+00  0.000000  0.000765  0.0000000E+00  0.0000000000E+00
 76  4.699323250757709E+08    2.000000  1.757566  4.159987  7.5157740E-01  2.4837130E-01  1.2915521E-06  4.2970794E-09  1.0216519E-07  6.8211449E-06  3.5136664E-10  2.0005896E-09  9.2048308E-07  2.3543589E-08  0.000E+00  0.0568  4.159987  -30.000  2.491411  7.565705  1.5046021E-01  8.4953039E-01  6.0329006E-08  1.6268113E-08  7.3774471E-06  1.3546401E-07  3.7229792E-10  4.9916983E-13  9.2048308E-07  2.3543589E-08  0.000E+00  0.000E+00  0.000E+00  1.000E+00  1.000E+00  4.59E+02  0.00E+00  0.00E+00  0.000000  0.000770  0.0000000E+00  0.0000000000E+00
 77  4.739749728948573E+08    2.000000  1.760505  4.159584  7.5157740E-01  2.4837130E-01  1.2915521E-06  4.2970794E-09  1.0216519E-07  6.8211449E-06  3.5136664E-10  2.0005896E-09  9.2048308E-07  2.3543589E-08  0.000E+00  0.0576  4.159584  -30.000  2.496911  7.568477  1.4248697E-01  8.5750368E-01  6.0928173E-08  1.6432782E-08  7.3774199E-06  1.3450524E-07  3.5976917E-10  4.9228287E-13  9.2048308E-07  2.3543589E-08  0.000E+00  0.000E+00  0.000E+00  1.000E+00  1.000E+00  4.58E+02  0.00E+00  0.00E+00  0.000000  0.000775  0.0000000E+00  0.0000000000E+00
 78  4.778701634126763E+08    2.000000  1.763378  4.159189  7.5157740E-01  2.4837130E-01  1.2915521E-06  4.2970794E-09  1.0216519E-07  6.8211449E-06  3.5136664E-10  2.0005896E-09  9.2048308E-07  2.3543589E-08  0.000E+00  0.0582  4.159189  -30.000  2.502665  7.571270  1.3451373E-01  8.6547690E-01  6.1550271E-08  1.6603786E-08  7.3773764E-06  1.3352676E-07  3.4736639E-10  4.8531636E-13  9.2048308E-07  2.3543589E-08  0.000E+00  0.000E+00  0.000E+00  1.000E+00  1.000E+00  4.56E+02  0.00E+00  0.00E+00  0.000000  0.000781  0.0000000E+00  0.0000000000E+00
 79  4.811220024892873E+08    2.000000  1.765834  4.158849  7.5157740E-01  2.4837130E-01  1.2915521E-06  4.2970794E-09  1.0216519E-07  6.8211449E-06  3.5136664E-10  2.0005896E-09  9.2048308E-07  2.3543589E-08  0.000E+00  0.0582  4.158849  -30.000  2.508837  7.573864  1.2654048E-01  8.7345012E-01  6.2155597E-08  1.6770219E-08  7.3773154E-06  1.3259519E-07  3.3596196E-10  4.7876820E-13  9.2048308E-07  2.3543589E-08  0.000E+00  0.000E+00  0.000E+00  1.000E+00  1.000E+00  4.55E+02  0.00E+00  0.00E+00  0.000000  0.000785  0.0000000E+00  0.0000000000E+00
 80  4.843360123456964E+08    2.000000  1.768273  4.158495  7.5157740E-01  2.4837130E-01  1.2915521E-06  4.2970794E-09  1.0216519E-07  6.8211449E-06  3.5136664E-10  2.0005896E-09  9.2048308E-07  2.3543589E-08  0.000E+00  0.0581  4.158495  -30.000  2.515170  7.576469  1.1856724E-01  8.8142336E-01  6.2774688E-08  1.6940470E-08  7.3772388E-06  1.3165835E-07  3.2479857E-10  4.7223167E-13  9.2048308E-07  2.3543589E-08  0.000E+00  0.000E+00  0.000E+00  1.000E+00  1.000E+00  4.54E+02  0.00E+00  0.00E+00  0.000000  0.000790  0.0000000E+00  0.0000000000E+00
 81  4.875057210804923E+08    2.000000  1.770754  4.158173  7.5157740E-01  2.4837130E-01  1.2915521E-06  4.2970794E-09  1.0216519E-07  6.8211449E-06  3.5136664E-10  2.0005896E-09  9.2048308E-07  2.3543589E-08  0.000E+00  0.0580  4.158173  -30.000  2.521856  7.579200  1.1059400E-01  8.8939660E-01  6.3437527E-08  1.7122786E-08  7.3771415E-06  1.3067211E-07  3.1337264E-10  4.6540042E-13  9.2048308E-07  2.3543589E-08  0.000E+00  0.000E+00  0.000E+00  1.000E+00  1.000E+00  4.53E+02  0.00E+00  0.00E+00  0.000000  0.000794  0.0000000E+00  0.0000000000E+00
 82  4.906354856639084E+08    2.000000  1.773239  4.157852  7.5157740E-01  2.4837130E-01  1.2915521E-06  4.2970794E-09  1.0216519E-07  6.8211449E-06  3.5136664E-10  2.0005896E-09  9.2048308E-07  2.3543589E-08  0.000E+00  0.0577  4.157852  -30.000  2.528771  7.581963  1.0262076E-01  8.9736984E-01  6.4121226E-08  1.7310879E-08  7.3770246E-06  1.2967311E-07  3.0214102E-10  4.5853669E-13  9.2048308E-07  2.3543589E-08  0.000E+00  0.000E+00  0.000E+00  1.000E+00  1.000E+00  4.52E+02  0.00E+00  0.00E+00  0.000000  0.000799  0.0000000E+00  0.0000000000E+00
 83  4.937296354110652E+08    2.000000  1.775771  4.157557  7.5157740E-01  2.4837130E-01  1.2915521E-06  4.2970794E-09  1.0216519E-07  6.8211449E-06  3.5136664E-10  2.0005896E-09  9.2048308E-07  2.3543589E-08  0.000E+00  0.0573  4.157557  -30.000  2.536079  7.584815  9.4647515E-02  9.0534314E-01  6.4840196E-08  1.7508715E-08  7.3768849E-06  1.2864119E-07  2.9088011E-10  4.5149979E-13  9.2048308E-07  2.3543589E-08  0.000E+00  0.000E+00  0.000E+00  1.000E+00  1.000E+00  4.51E+02  0.00E+00  0.00E+00  0.000000  0.000803  0.0000000E+00  0.0000000000E+00
 84  4.967774546118881E+08    2.000000  1.778434  4.157333  7.5157740E-01  2.4837130E-01  1.2915521E-06  4.2970794E-09  1.0216519E-07  6.8211449E-06  3.5136664E-10  2.0005896E-09  9.2048308E-07  2.3543589E-08  0.000E+00  0.0568  4.157333  -30.000  2.544371  7.587770  8.6674272E-02  9.1331633E-01  6.5629043E-08  1.7725840E-08  7.3767065E-06  1.2753700E-07  2.7930123E-10  4.4407552E-13  9.2048308E-07  2.3543589E-08  0.000E+00  0.000E+00  0.000E+00  1.000E+00  1.000E+00  4.50E+02  0.00E+00  0.00E+00  0.000000  0.000808  0.0000000E+00  0.0000000000E+00
 85  4.997707601785389E+08    2.000000  1.781071  4.157118  7.5157740E-01  2.4837130E-01  1.2915521E-06  4.2970794E-09  1.0216519E-07  6.8211449E-06  3.5136664E-10  2.0005896E-09  9.2048308E-07  2.3543589E-08  0.000E+00  0.0561  4.157118  -30.000  2.552732  7.590830  7.8701030E-02  9.2128960E-01  6.6442865E-08  1.7949882E-08  7.3765061E-06  1.2641604E-07  2.6787730E-10  4.3657641E-13  9.2048308E-07  2.3543589E-08  0.000E+00  0.000E+00  0.000E+00  1.000E+00  1.000E+00  4.50E+02  0.00E+00  0.00E+00  0.000000  0.000813  0.0000000E+00  0.0000000000E+00
 86  5.008973400607131E+08    2.000000  1.782227  4.157084  7.5157740E-01  2.4837130E-01  1.2915521E-06  4.2970794E-09  1.0216519E-07  6.8211449E-06  3.5136664E-10  2.0005896E-09  9.2048308E-07  2.3543589E-08  0.000E+00  0.0560  4.157084  -30.000  2.556851  7.591948  7.5683321E-02  9.2430728E-01  6.6739101E-08  1.8031436E-08  7.3764287E-06  1.2601286E-07  2.6385069E-10  4.3388860E-13  9.2048308E-07  2.3543589E-08  0.000E+00  0.000E+00  0.000E+00  1.000E+00  1.000E+00  4.49E+02  0.00E+00  0.00E+00  0.000000  0.000815  0.0000000E+00  0.0000000000E+00
 87  5.020107870545847E+08    2.000000  1.783325  4.157052  7.5157740E-01  2.4837130E-01  1.2915521E-06  4.2970794E-09  1.0216519E-07  6.8211449E-06  3.5136664E-10  2.0005896E-09  9.2048308E-07  2.3543589E-08  0.000E+00  0.0558  4.157052  -30.000  2.560698  7.593155  7.2665613E-02  9.2732501E-01  6.7114248E-08  1.8134768E-08  7.3763173E-06  1.2551722E-07  2.5913213E-10  4.3067832E-13  9.2048308E-07  2.3543589E-08  0.000E+00  0.000E+00  0.000E+00  1.000E+00  1.000E+00  4.49E+02  0.00E+00  0.00E+00  0.000000  0.000817  0.0000000E+00  0.0000000000E+00
 88  5.031252966463746E+08    2.000000  1.784333  4.157001  7.5157740E-01  2.4837130E-01  1.2915521E-06  4.2970794E-09  1.0216519E-07  6.8211449E-06  3.5136664E-10  2.0005896E-09  9.2048308E-07  2.3543589E-08  0.000E+00  0.0554  4.157001  -30.000  2.564177  7.594409  6.9647904E-02  9.3034277E-01  6.7452521E-08  1.8227923E-08  7.3762132E-06  1.2507469E-07  2.5475500E-10  4.2771622E-13  9.2048308E-07  2.3543589E-08  0.000E+00  0.000E+00  0.000E+00  1.000E+00  1.000E+00  4.49E+02  0.00E+00  0.00E+00  0.000000  0.000819  0.0000000E+00  0.0000000000E+00
 89  5.042163397334308E+08    2.000000  1.785469  4.156999  7.5157740E-01  2.4837130E-01  1.2915521E-06  4.2970794E-09  1.0216519E-07  6.8211449E-06  3.5136664E-10  2.0005896E-09  9.2048308E-07  2.3543589E-08  0.000E+00  0.0550  4.156999  -30.000  2.568154  7.595678  6.6630195E-02  9.3336041E-01  6.7829667E-08  1.8331812E-08  7.3761062E-06  1.2457067E-07  2.5008444E-10  4.2446756E-13  9.2048308E-07  2.3543589E-08  0.000E+00  0.000E+00  0.000E+00  1.000E+00  1.000E+00  4.48E+02  0.00E+00  0.00E+00  0.000000  0.000822  0.0000000E+00  0.0000000000E+00
 90  5.052983461406704E+08    2.000000  1.786551  4.156986  7.5157740E-01  2.4837130E-01  1.2915521E-06  4.2970794E-09  1.0216519E-07  6.8211449E-06  3.5136664E-10  2.0005896E-09  9.2048308E-07  2.3543589E-08  0.000E+00  0.0546  4.156986  -30.000  2.572066  7.596966  6.3612486E-02  9.3637812E-01  6.8205975E-08  1.8435476E-08  7.3759876E-06  1.2408113E-07  2.4552380E-10  4.2128261E-13  9.2048308E-07  2.3543589E-08  0.000E+00  0.000E+00  0.000E+00  1.000E+00  1.000E+00  4.48E+02  0.00E+00  0.00E+00  0.000000  0.000824  0.0000000E+00  0.0000000000E+00
 91  5.063752393505411E+08    2.000000  1.787661  4.156994  7.5157740E-01  2.4837130E-01  1.2915521E-06  4.2970794E-09  1.0216519E-07  6.8211449E-06  3.5136664E-10  2.0005896E-09  9.2048308E-07  2.3543589E-08  0.000E+00  0.0541  4.156994  -30.000  2.576114  7.598290  6.0594778E-02  9.3939589E-01  6.8580906E-08  1.8538762E-08  7.3758686E-06  1.2359432E-07  2.4101655E-10  4.1810696E-13  9.2048308E-07  2.3543589E-08  0.000E+00  0.000E+00  0.000E+00  1.000E+00  1.000E+00  4.48E+02  0.00E+00  0.00E+00  0.000000  0.000826  0.0000000E+00  0.0000000000E+00
 92  5.074480388751118E+08    2.000000  1.788927  4.157055  7.5157740E-01  2.4837130E-01  1.2915521E-06  4.2970794E-09  1.0216519E-07  6.8211449E-06  3.5136664E-10  2.0005896E-09  9.2048308E-07  2.3543589E-08  0.000E+00  0.0538  4.157055  -30.000  2.581151  7.599581  5.7577069E-02  9.4241352E-01  6.8978408E-08  1.8648289E-08  7.3757329E-06  1.2308885E-07  2.3649486E-10  4.1486732E-13  9.2048308E-07  2.3543589E-08  0.000E+00  0.000E+00  0.000E+00  1.000E+00  1.000E+00  4.48E+02  0.00E+00  0.00E+00  0.000000  0.000828  0.0000000E+00  0.0000000000E+00
 93  5.085102535735890E+08    2.000000  1.790100  4.157108  7.5157740E-01  2.4837130E-01  1.2915521E-06  4.2970794E-09  1.0216519E-07  6.8211449E-06  3.5136664E-10  2.0005896E-09  9.2048308E-07  2.3543589E-08  0.000E+00  0.0533  4.157108  -30.000  2.585660  7.600979  5.4559360E-02  9.4543127E-01  6.9393010E-08  1.8762535E-08  7.3755892E-06  1.2256416E-07  2.3180875E-10  4.1148505E-13  9.2048308E-07  2.3543589E-08  0.000E+00  0.000E+00  0.000E+00  1.000E+00  1.000E+00  4.47E+02  0.00E+00  0.00E+00  0.000000  0.000830  0.0000000E+00  0.0000000000E+00
 94  5.095656259910679E+08    2.000000  1.791315  4.157184  7.5157740E-01  2.4837130E-01  1.2915521E-06  4.2970794E-09  1.0216519E-07  6.8211449E-06  3.5136664E-10  2.0005896E-09  9.2048308E-07  2.3543589E-08  0.000E+00  0.0527  4.157184  -30.000  2.590373  7.602415  5.1541652E-02  9.4844895E-01  6.9817345E-08  1.8879485E-08  7.3754411E-06  1.2202803E-07  2.2713586E-10  4.0805558E-13  9.2048308E-07  2.3543589E-08  0.000E+00  0.000E+00  0.000E+00  1.000E+00  1.000E+00  4.47E+02  0.00E+00  0.00E+00  0.000000  0.000833  0.0000000E+00  0.0000000000E+00
 95  5.106158130258974E+08    2.000000  1.792723  4.157329  7.5157740E-01  2.4837130E-01  1.2915521E-06  4.2970794E-09  1.0216519E-07  6.8211449E-06  3.5136664E-10  2.0005896E-09  9.2048308E-07  2.3543589E-08  0.000E+00  0.0522  4.157329  -30.000  2.596241  7.603834  4.8523943E-02  9.5146671E-01  7.0258904E-08  1.9001236E-08  7.3752807E-06  1.2147713E-07  2.2257025E-10  4.0461143E-13  9.2048308E-07  2.3543589E-08  0.000E+00  0.000E+00  0.000E+00  1.000E+00  1.000E+00  4.47E+02  0.00E+00  0.00E+00  0.000000  0.000835  0.0000000E+00  0.0000000000E+00
 96  5.116577110492486E+08    2.000000  1.794025  4.157474  7.5157740E-01  2.4837130E-01  1.2915521E-06  4.2970794E-09  1.0216519E-07  6.8211449E-06  3.5136664E-10  2.0005896E-09  9.2048308E-07  2.3543589E-08  0.000E+00  0.0515  4.157474  -30.000  2.601588  7.605372  4.5506234E-02  9.5448441E-01  7.0719277E-08  1.9128184E-08  7.3751120E-06  1.2090433E-07  2.1784091E-10  4.0101242E-13  9.2048308E-07  2.3543589E-08  0.000E+00  0.000E+00  0.000E+00  1.000E+00  1.000E+00  4.47E+02  0.00E+00  0.00E+00  0.000000  0.000838  0.0000000E+00  0.0000000000E+00
 97  5.126967937319573E+08    2.000000  1.795458  4.157666  7.5157740E-01  2.4837130E-01  1.2915521E-06  4.2970794E-09  1.0216519E-07  6.8211449E-06  3.5136664E-10  2.0005896E-09  9.2048308E-07  2.3543589E-08  0.000E+00  0.0509  4.157666  -30.000  2.607889  7.606892  4.2488525E-02  9.5750213E-01  7.1163803E-08  1.9250809E-08  7.3749528E-06  1.2034681E-07  2.1343141E-10  3.9756052E-13  9.2048308E-07  2.3543589E-08  0.000E+00  0.000E+00  0.000E+00  1.000E+00  1.000E+00  4.46E+02  0.00E+00  0.00E+00  0.000000  0.000841  0.0000000E+00  0.0000000000E+00
 98  5.137272508347847E+08    2.000000  1.797011  4.157932  7.5157740E-01  2.4837130E-01  1.2915521E-06  4.2970794E-09  1.0216519E-07  6.8211449E-06  3.5136664E-10  2.0005896E-09  9.2048308E-07  2.3543589E-08  0.000E+00  0.0500  4.157932  -30.000  2.614417  7.608580  3.9470817E-02  9.6051984E-01  7.1677451E-08  1.9392615E-08  7.3747604E-06  1.1971166E-07  2.0868177E-10  3.9371395E-13  9.2048308E-07  2.3543589E-08  0.000E+00  0.000E+00  0.000E+00  1.000E+00  1.000E+00  4.46E+02  0.00E+00  0.00E+00  0.000000  0.000844  0.0000000E+00  0.0000000000E+00
 99  5.147559616552915E+08    2.000000  1.798621  4.158236  7.5157740E-01  2.4837130E-01  1.2915521E-06  4.2970794E-09  1.0216519E-07  6.8211449E-06  3.5136664E-10  2.0005896E-09  9.2048308E-07  2.3543589E-08  0.000E+00  0.0491  4.158236  -30.000  2.621633  7.610280  3.6453108E-02  9.6353750E-01  7.2201870E-08  1.9537496E-08  7.3745631E-06  1.1906401E-07  2.0411361E-10  3.8987432E-13  9.2048308E-07  2.3543589E-08  0.000E+00  0.000E+00  0.000E+00  1.000E+00  1.000E+00  4.46E+02  0.00E+00  0.00E+00  0.000000  0.000847  0.0000000E+00  0.0000000000E+00
100  5.157765058943901E+08    2.000000  1.800401  4.158628  7.5157740E-01  2.4837130E-01  1.2915521E-06  4.2970794E-09  1.0216519E-07  6.8211449E-06  3.5136664E-10  2.0005896E-09  9.2048308E-07  2.3543589E-08  0.000E+00  0.0481  4.158628  -30.000  2.629593  7.612104  3.3435399E-02  9.6655524E-01  7.2716650E-08  1.9679801E-08  7.3743855E-06  1.1840972E-07  1.9971129E-10  3.8603565E-13  9.2048308E-07  2.3543589E-08  0.000E+00  0.000E+00  0.000E+00  1.000E+00  1.000E+00  4.46E+02  0.00E+00  0.00E+00  0.000000  0.000850  0.0000000E+00  0.0000000000E+00
101  5.167915241828044E+08    2.000000  1.802365  4.159096  7.5157740E-01  2.4837130E-01  1.2915521E-06  4.2970794E-09  1.0216519E-07  6.8211449E-06  3.5136664E-10  2.0005896E-09  9.2048308E-07  2.3543589E-08  0.000E+00  0.0470  4.159096  -30.000  2.638788  7.613939  3.0417690E-02  9.6957297E-01  7.3275316E-08  1.9834365E-08  7.3741827E-06  1.1771059E-07  1.9531892E-10  3.8204638E-13  9.2048308E-07  2.3543589E-08  0.000E+00  0.000E+00  0.000E+00  1.000E+00  1.000E+00  4.46E+02  0.00E+00  0.00E+00  0.000000  0.000854  0.0000000E+00  0.0000000000E+00
102  5.178066882106471E+08    2.000000  1.804479  4.159653  7.5157740E-01  2.4837130E-01  1.2915521E-06  4.2970794E-09  1.0216519E-07  6.8211449E-06  3.5136664E-10  2.0005896E-09  9.2048308E-07  2.3543589E-08  0.000E+00  0.0456  4.159653  -30.000  2.648946  7.615903  2.7399982E-02  9.7259066E-01  7.3863999E-08  1.9997355E-08  7.3739722E-06  1.1696986E-07  1.9089749E-10  3.7787827E-13  9.2048308E-07  2.3543589E-08  0.000E+00  0.000E+00  0.000E+00  1.000E+00  1.000E+00  4.46E+02  0.00E+00  0.00E+00  0.000000  0.000858  0.0000000E+00  0.0000000000E+00
103  5.188212069094366E+08    2.000000  1.806832  4.160332  7.5157740E-01  2.4837130E-01  1.2915521E-06  4.2970794E-09  1.0216519E-07  6.8211449E-06  3.5136664E-10  2.0005896E-09  9.2048308E-07  2.3543589E-08  0.000E+00  0.0440  4.160332  -30.000  2.660380  7.618004  2.4382273E-02  9.7560837E-01  7.4475357E-08  2.0166777E-08  7.3737616E-06  1.1619107E-07  1.8651767E-10  3.7356372E-13  9.2048308E-07  2.3543589E-08  0.000E+00  0.000E+00  0.000E+00  1.000E+00  1.000E+00  4.46E+02  0.00E+00  0.00E+00  0.000000  0.000863  0.0000000E+00  0.0000000000E+00
104  5.198366930237592E+08    2.000000  1.809495  4.161151  7.5157740E-01  2.4837130E-01  1.2915521E-06  4.2970794E-09  1.0216519E-07  6.8211449E-06  3.5136664E-10  2.0005896E-09  9.2048308E-07  2.3543589E-08  0.000E+00  0.0422  4.161151  -30.000  2.673459  7.620244  2.1364564E-02  9.7862607E-01  7.5113916E-08  2.0343908E-08  7.3735494E-06  1.1536838E-07  1.8216910E-10  3.6907879E-13  9.2048308E-07  2.3543589E-08  0.000E+00  0.000E+00  0.000E+00  1.000E+00  1.000E+00  4.46E+02  0.00E+00  0.00E+00  0.000000  0.000868  0.0000000E+00  0.0000000000E+00
105  5.208534880251885E+08    2.000000  1.812498  4.162126  7.5157740E-01  2.4837130E-01  1.2915521E-06  4.2970794E-09  1.0216519E-07  6.8211449E-06  3.5136664E-10  2.0005896E-09  9.2048308E-07  2.3543589E-08  0.000E+00  0.0399  4.162126  -30.000  2.688740  7.622557  1.8346856E-02  9.8164379E-01  7.5860769E-08  2.0551221E-08  7.3732757E-06  1.1443480E-07  1.7750010E-10  3.6409999E-13  9.2048308E-07  2.3543589E-08  0.000E+00  0.000E+00  0.000E+00  1.000E+00  1.000E+00  4.47E+02  0.00E+00  0.00E+00  0.000000  0.000874  0.0000000E+00  0.0000000000E+00
106  5.218791544036570E+08    2.000000  1.816199  4.163336  7.5157740E-01  2.4837130E-01  1.2915521E-06  4.2970794E-09  1.0216519E-07  6.8211449E-06  3.5136664E-10  2.0005896E-09  9.2048308E-07  2.3543589E-08  0.000E+00  0.0369  4.163336  -30.000  2.708215  7.624913  1.5329147E-02  9.8466149E-01  7.6555479E-08  2.0744292E-08  7.3730550E-06  1.1352719E-07  1.7333038E-10  3.5934994E-13  9.2048308E-07  2.3543589E-08  0.000E+00  0.000E+00  0.000E+00  1.000E+00  1.000E+00  4.47E+02  0.00E+00  0.00E+00  0.000000  0.000882  0.0000000E+00  0.0000000000E+00
107  5.229195034420653E+08    2.000000  1.820623  4.164794  7.5157740E-01  2.4837130E-01  1.2915521E-06  4.2970794E-09  1.0216519E-07  6.8211449E-06  3.5136664E-10  2.0005896E-09  9.2048308E-07  2.3543589E-08  0.000E+00  0.0331  4.164794  -30.000  2.732947  7.627096  1.2311438E-02  9.8767917E-01  7.7343536E-08  2.0963336E-08  7.3727669E-06  1.1254028E-07  1.6898052E-10  3.5429569E-13  9.2048308E-07  2.3543589E-08  0.000E+00  0.000E+00  0.000E+00  1.000E+00  1.000E+00  4.47E+02  0.00E+00  0.00E+00  0.000000  0.000891  0.0000000E+00  0.0000000000E+00
108  5.239920245499868E+08    2.000000  1.826313  4.166559  7.5157740E-01  2.4837130E-01  1.2915521E-06  4.2970794E-09  1.0216519E-07  6.8211449E-06  3.5136664E-10  2.0005896E-09  9.2048308E-07  2.3543589E-08  0.000E+00  0.0275  4.166559  -30.000  2.767027  7.628678  9.2937294E-03  9.9069688E-01  7.8209522E-08  2.1203824E-08  7.3723927E-06  1.1152173E-07  1.6453691E-10  3.4919006E-13  9.2048308E-07  2.3543589E-08  0.000E+00  0.000E+00  0.000E+00  1.000E+00  1.000E+00  4.48E+02  0.00E+00  0.00E+00  0.000000  0.000902  0.0000000E+00  0.0000000000E+00
109  5.251157557789739E+08    2.000000  1.833849  4.168589  7.5157740E-01  2.4837130E-01  1.2915521E-06  4.2970794E-09  1.0216519E-07  6.8211449E-06  3.5136664E-10  2.0005896E-09  9.2048308E-07  2.3543589E-08  0.000E+00  0.0183  4.168589  -30.000  2.819970  7.627602  6.2760207E-03  9.9371462E-01  7.9079404E-08  2.1444191E-08  7.3718351E-06  1.1070708E-07  1.6056115E-10  3.4528449E-13  9.2048308E-07  2.3543589E-08  0.000E+00  0.000E+00  0.000E+00  1.000E+00  1.000E+00  4.48E+02  0.00E+00  0.00E+00  0.000000  0.000918  0.0000000E+00  0.0000000000E+00
110  5.263903600672111E+08    2.000000  1.843117  4.169932  7.5157740E-01  2.4837130E-01  1.2915521E-06  4.2970794E-09  1.0216519E-07  6.8211449E-06  3.5136664E-10  2.0005896E-09  9.2048308E-07  2.3543589E-08  0.000E+00  0.0030  4.169932  -30.000  2.918093  7.610984  3.2583120E-03  9.9673230E-01  7.9797149E-08  2.1635314E-08  7.3705948E-06  1.1093460E-07  1.5730637E-10  3.4663066E-13  9.2048308E-07  2.3543589E-08  0.000E+00  0.000E+00  0.000E+00  1.000E+00  1.000E+00  4.47E+02  0.00E+00  0.00E+00  0.000000  0.000938  0.0000000E+00  0.0000000000E+00
111  5.279856580546833E+08    2.000000  1.850502  4.169397  7.5157740E-01  2.4837130E-01  1.2915521E-06  4.2970794E-09  1.0216519E-07  6.8211449E-06  3.5136664E-10  2.0005896E-09  9.2048308E-07  2.3543589E-08  0.000E+00  0.0000  4.169397  -30.000  3.015769  7.574539  1.5378110E-03  9.9845286E-01  7.1899260E-08  1.9450320E-08  7.3746680E-06  1.1943570E-07  2.2440414E-10  4.0120710E-13  9.2048308E-07  2.3543589E-08  0.000E+00  0.000E+00  0.000E+00  1.000E+00  1.000E+00  4.44E+02  0.00E+00  0.00E+00  0.000000  0.000954  0.0000000E+00  0.0000000000E+00
112  5.295809560421556E+08    2.000000  1.853648  4.169111  7.5157740E-01  2.4837130E-01  1.2915521E-06  4.2970794E-09  1.0216519E-07  6.8211449E-06  3.5136664E-10  2.0005896E-09  9.2048308E-07  2.3543589E-08  0.000E+00  0.0000  4.169111  -30.000  3.042498  7.566024  9.9069318E-04  9.9899990E-01  6.9553717E-08  1.8803063E-08  7.3756177E-06  1.2224870E-07  2.5159616E-10  4.2004617E-13  9.2048308E-07  2.3543589E-08  0.000E+00  0.000E+00  0.000E+00  1.000E+00  1.000E+00  4.43E+02  0.00E+00  0.00E+00  0.000000  0.000961  0.0000000E+00  0.0000000000E+00
113  5.311762540296278E+08    2.000000  1.856231  4.168864  7.5157740E-01  2.4837130E-01  1.2915521E-06  4.2970794E-09  1.0216519E-07  6.8211449E-06  3.5136664E-10  2.0005896E-09  9.2048308E-07  2.3543589E-08  0.000E+00  0.0000  4.168864  -30.000  3.059644  7.561502  6.8513439E-04  9.9930554E-01  6.8370891E-08  1.8476761E-08  7.3760585E-06  1.2370926E-07  2.6701113E-10  4.3011316E-13  9.2048308E-07  2.3543589E-08  0.000E+00  0.000E+00  0.000E+00  1.000E+00  1.000E+00  4.42E+02  0.00E+00  0.00E+00  0.000000  0.000967  0.0000000E+00  0.0000000000E+00
114  5.327715520171000E+08    2.000000  1.858644  4.168633  7.5157740E-01  2.4837130E-01  1.2915521E-06  4.2970794E-09  1.0216519E-07  6.8211449E-06  3.5136664E-10  2.0005896E-09  9.2048308E-07  2.3543589E-08  0.000E+00  0.0000  4.168633  -30.000  3.072959  7.558609  4.8994363E-04  9.9950066E-01  6.7638533E-08  1.8274740E-08  7.3763169E-06  1.2462934E-07  2.7724942E-10  4.3657269E-13  9.2048308E-07  2.3543589E-08  0.000E+00  0.000E+00  0.000E+00  1.000E+00  1.000E+00  4.41E+02  0.00E+00  0.00E+00  0.000000  0.000972  0.0000000E+00  0.0000000000E+00
115  5.343668500045723E+08    2.000000  1.860980  4.168409  7.5157740E-01  2.4837130E-01  1.2915521E-06  4.2970794E-09  1.0216519E-07  6.8211449E-06  3.5136664E-10  2.0005896E-09  9.2048308E-07  2.3543589E-08  0.000E+00  0.0000  4.168409  -30.000  3.084164  7.556622  3.5602950E-04  9.9963458E-01  6.7144273E-08  1.8138385E-08  7.3764862E-06  1.2525583E-07  2.8451914E-10  4.4104466E-13  9.2048308E-07  2.3543589E-08  0.000E+00  0.000E+00  0.000E+00  1.000E+00  1.000E+00  4.41E+02  0.00E+00  0.00E+00  0.000000  0.000977  0.0000000E+00  0.0000000000E+00
116  5.359621479920446E+08    2.000000  1.863275  4.168187  7.5157740E-01  2.4837130E-01  1.2915521E-06  4.2970794E-09  1.0216519E-07  6.8211449E-06  3.5136664E-10  2.0005896E-09  9.2048308E-07  2.3543589E-08  0.000E+00  0.0000  4.168187  -30.000  3.094024  7.555232  2.6086073E-04  9.9972974E-01  6.6810990E-08  1.8046414E-08  7.3765939E-06  1.2568549E-07  2.8964674E-10  4.4414543E-13  9.2048308E-07  2.3543589E-08  0.000E+00  0.000E+00  0.000E+00  1.000E+00  1.000E+00  4.40E+02  0.00E+00  0.00E+00  0.000000  0.000983  0.0000000E+00  0.0000000000E+00
117  5.375574459795167E+08    2.000000  1.865548  4.167965  7.5157740E-01  2.4837130E-01  1.2915521E-06  4.2970794E-09  1.0216519E-07  6.8211449E-06  3.5136664E-10  2.0005896E-09  9.2048308E-07  2.3543589E-08  0.000E+00  0.0000  4.167965  -30.000  3.102955  7.554266  1.9180319E-04  9.9979886E-01  6.6586666E-08  1.7984479E-08  7.3766623E-06  1.2597926E-07  2.9325343E-10  4.4629394E-13  9.2048308E-07  2.3543589E-08  0.000E+00  0.000E+00  0.000E+00  1.000E+00  1.000E+00  4.39E+02  0.00E+00  0.00E+00  0.000000  0.000988  0.0000000E+00  0.0000000000E+00
118  5.391527439669890E+08    2.000000  1.867811  4.167744  7.5157740E-01  2.4837130E-01  1.2915521E-06  4.2970794E-09  1.0216519E-07  6.8211449E-06  3.5136664E-10  2.0005896E-09  9.2048308E-07  2.3543589E-08  0.000E+00  0.0000  4.167744  -30.000  3.111178  7.553637  1.4138608E-04  9.9984921E-01  6.6449679E-08  1.7946615E-08  7.3766962E-06  1.2616761E-07  2.9559933E-10  4.4767998E-13  9.2048308E-07  2.3543589E-08  0.000E+00  0.000E+00  0.000E+00  1.000E+00  1.000E+00  4.38E+02  0.00E+00  0.00E+00  0.000000  0.000993  0.0000000E+00  0.0000000000E+00
119  5.407480419544612E+08    2.000000  1.870072  4.167524  7.5157740E-01  2.4837130E-01  1.2915521E-06  4.2970794E-09  1.0216519E-07  6.8211449E-06  3.5136664E-10  2.0005896E-09  9.2048308E-07  2.3543589E-08  0.000E+00  0.0000  4.167524  -30.000  3.118884  7.553259  1.0436427E-04  9.9988625E-01  6.6375829E-08  1.7926151E-08  7.3767036E-06  1.2628141E-07  2.9701673E-10  4.4851652E-13  9.2048308E-07  2.3543589E-08  0.000E+00  0.000E+00  0.000E+00  1.000E+00  1.000E+00  4.38E+02  0.00E+00  0.00E+00  0.000000  0.000998  0.0000000E+00  0.0000000000E+00
120  5.423433399419335E+08    2.000000  1.872339  4.167301  7.5157740E-01  2.4837130E-01  1.2915521E-06  4.2970794E-09  1.0216519E-07  6.8211449E-06  3.5136664E-10  2.0005896E-09  9.2048308E-07  2.3543589E-08  0.000E+00  0.0000  4.167301  -30.000  3.126205  7.553097  7.6999149E-05  9.9991366E-01  6.6354793E-08  1.7920240E-08  7.3766849E-06  1.2633748E-07  2.9766038E-10  4.4890893E-13  9.2048308E-07  2.3543589E-08  0.000E+00  0.000E+00  0.000E+00  1.000E+00  1.000E+00  4.37E+02  0.00E+00  0.00E+00  0.000000  0.001003  0.0000000E+00  0.0000000000E+00
121  5.439386379294057E+08    2.000000  1.874625  4.167078  7.5157740E-01  2.4837130E-01  1.2915521E-06  4.2970794E-09  1.0216519E-07  6.8211449E-06  3.5136664E-10  2.0005896E-09  9.2048308E-07  2.3543589E-08  0.000E+00  0.0000  4.167078  -30.000  3.133321  7.553104  5.6523110E-05  9.9993412E-01  6.6376393E-08  1.7926073E-08  7.3766412E-06  1.2635145E-07  2.9768738E-10  4.4895883E-13  9.2048308E-07  2.3543589E-08  0.000E+00  0.000E+00  0.000E+00  1.000E+00  1.000E+00  4.36E+02  0.00E+00  0.00E+00  0.000000  0.001008  0.0000000E+00  0.0000000000E+00
122  5.455339359168780E+08    2.000000  1.876928  4.166850  7.5157740E-01  2.4837130E-01  1.2915521E-06  4.2970794E-09  1.0216519E-07  6.8211449E-06  3.5136664E-10  2.0005896E-09  9.2048308E-07  2.3543589E-08  0.000E+00  0.0000  4.166850  -30.000  3.140291  7.553245  4.1257643E-05  9.9994941E-01  6.6432126E-08  1.7941310E-08  7.3765748E-06  1.2633465E-07  2.9722864E-10  4.4874570E-13  9.2048308E-07  2.3543589E-08  0.000E+00  0.000E+00  0.000E+00  1.000E+00  1.000E+00  4.35E+02  0.00E+00  0.00E+00  0.000000  0.001014  0.0000000E+00  0.0000000000E+00
123  5.471292339043503E+08    2.000000  1.879251  4.166618  7.5157740E-01  2.4837130E-01  1.2915521E-06  4.2970794E-09  1.0216519E-07  6.8211449E-06  3.5136664E-10  2.0005896E-09  9.2048308E-07  2.3543589E-08  0.000E+00  0.0000  4.166618  -30.000  3.147183  7.553505  2.9835568E-05  9.9996077E-01  6.6517826E-08  1.7964800E-08  7.3764834E-06  1.2629682E-07  2.9636146E-10  4.4832478E-13  9.2048308E-07  2.3543589E-08  0.000E+00  0.000E+00  0.000E+00  1.000E+00  1.000E+00  4.34E+02  0.00E+00  0.00E+00  0.000000  0.001019  0.0000000E+00  0.0000000000E+00
124  5.487245318918225E+08    2.000000  1.881600  4.166382  7.5157740E-01  2.4837130E-01  1.2915521E-06  4.2970794E-09  1.0216519E-07  6.8211449E-06  3.5136664E-10  2.0005896E-09  9.2048308E-07  2.3543589E-08  0.000E+00  0.0000  4.166382  -30.000  3.154041  7.553869  2.1419968E-05  9.9996922E-01  6.6630239E-08  1.7995647E-08  7.3763654E-06  1.2624495E-07  2.9514745E-10  4.4773777E-13  9.2048308E-07  2.3543589E-08  0.000E+00  0.000E+00  0.000E+00  1.000E+00  1.000E+00  4.34E+02  0.00E+00  0.00E+00  0.000000  0.001025  0.0000000E+00  0.0000000000E+00
125  5.503198298792948E+08    2.000000  1.883977  4.166143  7.5157740E-01  2.4837130E-01  1.2915521E-06  4.2970794E-09  1.0216519E-07  6.8211449E-06  3.5136664E-10  2.0005896E-09  9.2048308E-07  2.3543589E-08  0.000E+00  0.0000  4.166143  -30.000  3.160923  7.554324  1.5195086E-05  9.9997543E-01  6.6766025E-08  1.8032929E-08  7.3762201E-06  1.2618552E-07  2.9364902E-10  4.4702555E-13  9.2048308E-07  2.3543589E-08  0.000E+00  0.000E+00  0.000E+00  1.000E+00  1.000E+00  4.33E+02  0.00E+00  0.00E+00  0.000000  0.001031  0.0000000E+00  0.0000000000E+00
126  5.519151278667669E+08    2.000000  1.886392  4.165898  7.5157740E-01  2.4837130E-01  1.2915521E-06  4.2970794E-09  1.0216519E-07  6.8211449E-06  3.5136664E-10  2.0005896E-09  9.2048308E-07  2.3543589E-08  0.000E+00  0.0000  4.165898  -30.000  3.167955  7.554858  1.0657752E-05  9.9997998E-01  6.6923308E-08  1.8076126E-08  7.3760460E-06  1.2612326E-07  2.9190961E-10  4.4621644E-13  9.2048308E-07  2.3543589E-08  0.000E+00  0.000E+00  0.000E+00  1.000E+00  1.000E+00  4.32E+02  0.00E+00  0.00E+00  0.000000  0.001037  0.0000000E+00  0.0000000000E+00
127  5.535104258542392E+08    2.000000  1.888850  4.165651  7.5157740E-01  2.4837130E-01  1.2915521E-06  4.2970794E-09  1.0216519E-07  6.8211449E-06  3.5136664E-10  2.0005896E-09  9.2048308E-07  2.3543589E-08  0.000E+00  0.0000  4.165651  -30.000  3.175129  7.555461  7.3758042E-06  9.9998324E-01  6.7098784E-08  1.8124323E-08  7.3758442E-06  1.2606239E-07  2.8998539E-10  4.4534587E-13  9.2048308E-07  2.3543589E-08  0.000E+00  0.000E+00  0.000E+00  1.000E+00  1.000E+00  4.31E+02  0.00E+00  0.00E+00  0.000000  0.001042  0.0000000E+00  0.0000000000E+00
128  5.551057238417114E+08    2.000000  1.891347  4.165395  7.5157740E-01  2.4837130E-01  1.2915521E-06  4.2970794E-09  1.0216519E-07  6.8211449E-06  3.5136664E-10  2.0005896E-09  9.2048308E-07  2.3543589E-08  0.000E+00  0.0000  4.165395  -30.000  3.182505  7.556128  5.0242898E-06  9.9998565E-01  6.7292004E-08  1.8177393E-08  7.3756129E-06  1.2600571E-07  2.8789641E-10  4.4443049E-13  9.2048308E-07  2.3543589E-08  0.000E+00  0.000E+00  0.000E+00  1.000E+00  1.000E+00  4.30E+02  0.00E+00  0.00E+00  0.000000  0.001048  0.0000000E+00  0.0000000000E+00
129  5.567010218291837E+08    2.000000  1.893895  4.165139  7.5157740E-01  2.4837130E-01  1.2915521E-06  4.2970794E-09  1.0216519E-07  6.8211449E-06  3.5136664E-10  2.0005896E-09  9.2048308E-07  2.3543589E-08  0.000E+00  0.0000  4.165139  -30.000  3.190117  7.556852  3.3724627E-06  9.9998731E-01  6.7501081E-08  1.8234804E-08  7.3753532E-06  1.2595525E-07  2.8567910E-10  4.4349419E-13  9.2048308E-07  2.3543589E-08  0.000E+00  0.000E+00  0.000E+00  1.000E+00  1.000E+00  4.29E+02  0.00E+00  0.00E+00  0.000000  0.001054  0.0000000E+00  0.0000000000E+00
130  5.582963198166559E+08    2.000000  1.896487  4.164872  7.5157740E-01  2.4837130E-01  1.2915521E-06  4.2970794E-09  1.0216519E-07  6.8211449E-06  3.5136664E-10  2.0005896E-09  9.2048308E-07  2.3543589E-08  0.000E+00  0.0000  4.164872  -30.000  3.198023  7.557631  2.2177543E-06  9.9998838E-01  6.7725535E-08  1.8296411E-08  7.3750648E-06  1.2591184E-07  2.8335122E-10  4.4255342E-13  9.2048308E-07  2.3543589E-08  0.000E+00  0.000E+00  0.000E+00  1.000E+00  1.000E+00  4.28E+02  0.00E+00  0.00E+00  0.000000  0.001061  0.0000000E+00  0.0000000000E+00
131  5.598916178041282E+08    2.000000  1.899141  4.164601  7.5157740E-01  2.4837130E-01  1.2915521E-06  4.2970794E-09  1.0216519E-07  6.8211449E-06  3.5136664E-10  2.0005896E-09  9.2048308E-07  2.3543589E-08  0.000E+00  0.0000  4.164601  -30.000  3.206282  7.558455  1.4330775E-06  9.9998917E-01  6.7963274E-08  1.8361610E-08  7.3747506E-06  1.2587605E-07  2.8095183E-10  4.4163674E-13  9.2048308E-07  2.3543589E-08  0.000E+00  0.000E+00  0.000E+00  1.000E+00  1.000E+00  4.27E+02  0.00E+00  0.00E+00  0.000000  0.001067  0.0000000E+00  0.0000000000E+00
132  5.614869157916003E+08    2.000000  1.901847  4.164314  7.5157740E-01  2.4837130E-01  1.2915521E-06  4.2970794E-09  1.0216519E-07  6.8211449E-06  3.5136664E-10  2.0005896E-09  9.2048308E-07  2.3543589E-08  0.000E+00  0.0000  4.164314  -30.000  3.214941  7.559320  9.0427543E-07  9.9998976E-01  6.8212582E-08  1.8429888E-08  7.3744132E-06  1.2584742E-07  2.7851255E-10  4.4077336E-13  9.2048308E-07  2.3543589E-08  0.000E+00  0.000E+00  0.000E+00  1.000E+00  1.000E+00  4.26E+02  0.00E+00  0.00E+00  0.000000  0.001074  0.0000000E+00  0.0000000000E+00
133  5.630822137790726E+08    2.000000  1.904621  4.164019  7.5157740E-01  2.4837130E-01  1.2915521E-06  4.2970794E-09  1.0216519E-07  6.8211449E-06  3.5136664E-10  2.0005896E-09  9.2048308E-07  2.3543589E-08  0.000E+00  0.0000  4.164019  -30.000  3.224017  7.560218  5.5714041E-07  9.9999010E-01  6.8470631E-08  1.8500404E-08  7.3740576E-06  1.2582540E-07  2.7607962E-10  4.4000678E-13  9.2048308E-07  2.3543589E-08  0.000E+00  0.000E+00  0.000E+00  1.000E+00  1.000E+00  4.25E+02  0.00E+00  0.00E+00  0.000000  0.001080  0.0000000E+00  0.0000000000E+00
134  5.646775117665448E+08    2.000000  1.907454  4.163704  7.5157740E-01  2.4837130E-01  1.2915521E-06  4.2970794E-09  1.0216519E-07  6.8211449E-06  3.5136664E-10  2.0005896E-09  9.2048308E-07  2.3543589E-08  0.000E+00  0.0000  4.163704  -30.000  3.233603  7.561161  3.3452380E-07  9.9999030E-01  6.8738520E-08  1.8573301E-08  7.3736828E-06  1.2580907E-07  2.7367120E-10  4.3940507E-13  9.2048308E-07  2.3543589E-08  0.000E+00  0.000E+00  0.000E+00  1.000E+00  1.000E+00  4.24E+02  0.00E+00  0.00E+00  0.000000  0.001088  0.0000000E+00  0.0000000000E+00
135  5.662728097540171E+08    2.000000  1.910359  4.163371  7.5157740E-01  2.4837130E-01  1.2915521E-06  4.2970794E-09  1.0216519E-07  6.8211449E-06  3.5136664E-10  2.0005896E-09  9.2048308E-07  2.3543589E-08  0.000E+00  0.0000  4.163371  -30.000  3.243742  7.562131  1.9448146E-07  9.9999041E-01  6.9009781E-08  1.8646662E-08  7.3732995E-06  1.2579733E-07  2.7136296E-10  4.3902671E-13  9.2048308E-07  2.3543589E-08  0.000E+00  0.000E+00  0.000E+00  1.000E+00  1.000E+00  4.23E+02  0.00E+00  0.00E+00  0.000000  0.001095  0.0000000E+00  0.0000000000E+00
136  5.678681077414894E+08    2.000000  1.913343  4.163019  7.5157740E-01  2.4837130E-01  1.2915521E-06  4.2970794E-09  1.0216519E-07  6.8211449E-06  3.5136664E-10  2.0005896E-09  9.2048308E-07  2.3543589E-08  0.000E+00  0.0000  4.163019  -30.000  3.254482  7.563133  1.0998179E-07  9.9999050E-01  6.9279786E-08  1.8718864E-08  7.3729155E-06  1.2578929E-07  2.6922618E-10  4.3898713E-13  9.2048308E-07  2.3543589E-08  0.000E+00  0.000E+00  0.000E+00  1.000E+00  1.000E+00  4.22E+02  0.00E+00  0.00E+00  0.000000  0.001103  0.0000000E+00  0.0000000000E+00
137  5.694634057289616E+08    2.000000  1.916404  4.162644  7.5157740E-01  2.4837130E-01  1.2915521E-06  4.2970794E-09  1.0216519E-07  6.8211449E-06  3.5136664E-10  2.0005896E-09  9.2048308E-07  2.3543589E-08  0.000E+00  0.0000  4.162644  -30.000  3.265851  7.564164  5.9745835E-08  9.9999060E-01  6.9540788E-08  1.8787423E-08  7.3725435E-06  1.2578394E-07  2.6732731E-10  4.3935634E-13  9.2048308E-07  2.3543589E-08  0.000E+00  0.000E+00  0.000E+00  1.000E+00  1.000E+00  4.21E+02  0.00E+00  0.00E+00  0.000000  0.001111  0.0000000E+00  0.0000000000E+00
138  5.710587037164339E+08    2.000000  1.919543  4.162240  7.5157740E-01  2.4837130E-01  1.2915521E-06  4.2970794E-09  1.0216519E-07  6.8211449E-06  3.5136664E-10  2.0005896E-09  9.2048308E-07  2.3543589E-08  0.000E+00  0.0000  4.162240  -30.000  3.277923  7.565224  3.1334788E-08  9.9999060E-01  6.9781757E-08  1.8848858E-08  7.3722004E-06  1.2578055E-07  2.6573894E-10  4.4018275E-13  9.2048308E-07  2.3543589E-08  0.000E+00  0.000E+00  0.000E+00  1.000E+00  1.000E+00  4.20E+02  0.00E+00  0.00E+00  0.000000  0.001119  0.0000000E+00  0.0000000000E+00
139  5.726540017039061E+08    2.000000  1.922767  4.161801  7.5157740E-01  2.4837130E-01  1.2915521E-06  4.2970794E-09  1.0216519E-07  6.8211449E-06  3.5136664E-10  2.0005896E-09  9.2048308E-07  2.3543589E-08  0.000E+00  0.0000  4.161801  -30.000  3.290729  7.566311  1.5708575E-08  9.9999060E-01  6.9991213E-08  1.8899887E-08  7.3719039E-06  1.2577849E-07  2.6449324E-10  4.4139678E-13  9.2048308E-07  2.3543589E-08  0.000E+00  0.000E+00  0.000E+00  1.000E+00  1.000E+00  4.19E+02  0.00E+00  0.00E+00  0.000000  0.001127  0.0000000E+00  0.0000000000E+00
140  5.742492996913784E+08    2.000000  1.926075  4.161328  7.5157740E-01  2.4837130E-01  1.2915521E-06  4.2970794E-09  1.0216519E-07  6.8211449E-06  3.5136664E-10  2.0005896E-09  9.2048308E-07  2.3543589E-08  0.000E+00  0.0000  4.161328  -30.000  3.304247  7.567416  7.5005406E-09  9.9999060E-01  7.0159477E-08  1.8938242E-08  7.3716681E-06  1.2577730E-07  2.6358895E-10  4.4282821E-13  9.2048308E-07  2.3543589E-08  0.000E+00  0.000E+00  0.000E+00  1.000E+00  1.000E+00  4.18E+02  0.00E+00  0.00E+00  0.000000  0.001135  0.0000000E+00  0.0000000000E+00
141  5.758445976788505E+08    2.000000  1.929461  4.160813  7.5157740E-01  2.4837130E-01  1.2915521E-06  4.2970794E-09  1.0216519E-07  6.8211449E-06  3.5136664E-10  2.0005896E-09  9.2048308E-07  2.3543589E-08  0.000E+00  0.0000  4.160813  -30.000  3.318543  7.568572  3.4914207E-09  9.9999060E-01  7.0281238E-08  1.8963702E-08  7.3714997E-06  1.2577666E-07  2.6299205E-10  4.4421358E-13  9.2048308E-07  2.3543589E-08  0.000E+00  0.000E+00  0.000E+00  1.000E+00  1.000E+00  4.16E+02  0.00E+00  0.00E+00  0.000000  0.001144  0.0000000E+00  0.0000000000E+00
142  5.774398956663228E+08    2.000000  1.932949  4.160251  7.5157740E-01  2.4837130E-01  1.2915521E-06  4.2970794E-09  1.0216519E-07  6.8211449E-06  3.5136664E-10  2.0005896E-09  9.2048308E-07  2.3543589E-08  0.000E+00  0.0000  4.160251  -30.000  3.333722  7.569755  1.5509928E-09  9.9999060E-01  7.0364172E-08  1.8979062E-08  7.3713870E-06  1.2577632E-07  2.6261658E-10  4.4541789E-13  9.2048308E-07  2.3543589E-08  0.000E+00  0.000E+00  0.000E+00  1.000E+00  1.000E+00  4.15E+02  0.00E+00  0.00E+00  0.000000  0.001154  0.0000000E+00  0.0000000000E+00
143  5.790351936537950E+08    2.000000  1.936534  4.159634  7.5157740E-01  2.4837130E-01  1.2915521E-06  4.2970794E-09  1.0216519E-07  6.8211449E-06  3.5136664E-10  2.0005896E-09  9.2048308E-07  2.3543589E-08  0.000E+00  0.0000  4.159634  -30.000  3.349854  7.570976  6.7387045E-10  9.9999060E-01  7.0414778E-08  1.8987259E-08  7.3713194E-06  1.2577616E-07  2.6240141E-10  4.4629940E-13  9.2048308E-07  2.3543589E-08  0.000E+00  0.000E+00  0.000E+00  1.000E+00  1.000E+00  4.14E+02  0.00E+00  0.00E+00  0.000000  0.001163  0.0000000E+00  0.0000000000E+00
144  5.806304916412673E+08    2.000000  1.940208  4.158958  7.5157740E-01  2.4837130E-01  1.2915521E-06  4.2970794E-09  1.0216519E-07  6.8211449E-06  3.5136664E-10  2.0005896E-09  9.2048308E-07  2.3543589E-08  0.000E+00  0.0000  4.158958  -30.000  3.366874  7.572245  2.7274809E-10  9.9999060E-01  7.0444546E-08  1.8991424E-08  7.3712804E-06  1.2577608E-07  2.6228059E-10  4.4689604E-13  9.2048308E-07  2.3543589E-08  0.000E+00  0.000E+00  0.000E+00  1.000E+00  1.000E+00  4.12E+02  0.00E+00  0.00E+00  0.000000  0.001173  0.0000000E+00  0.0000000000E+00
145  5.822257896287395E+08    2.000000  1.943993  4.158202  7.5157740E-01  2.4837130E-01  1.2915521E-06  4.2970794E-09  1.0216519E-07  6.8211449E-06  3.5136664E-10  2.0005896E-09  9.2048308E-07  2.3543589E-08  0.000E+00  0.0000  4.158202  -30.000  3.385032  7.573580  1.0805093E-10  9.9999060E-01  7.0459912E-08  1.8993253E-08  7.3712606E-06  1.2577604E-07  2.6222035E-10  4.4724221E-13  9.2048308E-07  2.3543589E-08  0.000E+00  0.000E+00  0.000E+00  1.000E+00  1.000E+00  4.10E+02  0.00E+00  0.00E+00  0.000000  0.001183  0.0000000E+00  0.0000000000E+00
146  5.838210876162118E+08    2.000000  1.947871  4.157371  7.5157740E-01  2.4837130E-01  1.2915521E-06  4.2970794E-09  1.0216519E-07  6.8211449E-06  3.5136664E-10  2.0005896E-09  9.2048308E-07  2.3543589E-08  0.000E+00  0.0000  4.157371  -30.000  3.404146  7.574950  4.0646246E-11  9.9999060E-01  7.0467513E-08  1.8994039E-08  7.3712509E-06  1.2577602E-07  2.6219120E-10  4.4742806E-13  9.2048308E-07  2.3543589E-08  0.000E+00  0.000E+00  0.000E+00  1.000E+00  1.000E+00  4.09E+02  0.00E+00  0.00E+00  0.000000  0.001194  0.0000000E+00  0.0000000000E+00
147  5.854163856036839E+08    2.000000  1.951865  4.156448  7.5157740E-01  2.4837130E-01  1.2915521E-06  4.2970794E-09  1.0216519E-07  6.8211449E-06  3.5136664E-10  2.0005896E-09  9.2048308E-07  2.3543589E-08  0.000E+00  0.0000  4.156448  -30.000  3.424401  7.576425  1.5449619E-11  9.9999060E-01  7.0470934E-08  1.8994345E-08  7.3712466E-06  1.2577602E-07  2.6217826E-10  4.4751814E-13  9.2048308E-07  2.3543589E-08  0.000E+00  0.000E+00  0.000E+00  1.000E+00  1.000E+00  4.07E+02  0.00E+00  0.00E+00  0.000000  0.001205  0.0000000E+00  0.0000000000E+00
148  5.870116835911562E+08    2.000000  1.955969  4.155428  7.5157740E-01  2.4837130E-01  1.2915521E-06  4.2970794E-09  1.0216519E-07  6.8211449E-06  3.5136664E-10  2.0005896E-09  9.2048308E-07  2.3543589E-08  0.000E+00  0.0000  4.155428  -30.000  3.445903  7.578006  5.3300199E-12  9.9999060E-01  7.0472515E-08  1.8994471E-08  7.3712447E-06  1.2577601E-07  2.6217231E-10  4.4756200E-13  9.2048308E-07  2.3543589E-08  0.000E+00  0.000E+00  0.000E+00  1.000E+00  1.000E+00  4.05E+02  0.00E+00  0.00E+00  0.000000  0.001216  0.0000000E+00  0.0000000000E+00
149  5.886069815786285E+08    2.000000  1.960196  4.154297  7.5157740E-01  2.4837130E-01  1.2915521E-06  4.2970794E-09  1.0216519E-07  6.8211449E-06  3.5136664E-10  2.0005896E-09  9.2048308E-07  2.3543589E-08  0.000E+00  0.0000  4.154297  -30.000  3.468770  7.579704  1.6106714E-12  9.9999060E-01  7.0473181E-08  1.8994518E-08  7.3712438E-06  1.2577601E-07  2.6216981E-10  4.4758135E-13  9.2048308E-07  2.3543589E-08  0.000E+00  0.000E+00  0.000E+00  1.000E+00  1.000E+00  4.03E+02  0.00E+00  0.00E+00  0.000000  0.001228  0.0000000E+00  0.0000000000E+00
150  5.917975775535730E+08    2.000000  1.969061  4.151624  7.5157740E-01  2.4837130E-01  1.2915521E-06  4.2970794E-09  1.0216519E-07  6.8211449E-06  3.5136664E-10  2.0005896E-09  9.2048308E-07  2.3543589E-08  0.000E+00  0.0000  4.151624  -30.000  3.519001  7.583540  1.7038949E-13  9.9999060E-01  7.0473492E-08  1.8994538E-08  7.3712434E-06  1.2577601E-07  2.6216863E-10  4.4759098E-13  9.2048308E-07  2.3543589E-08  0.000E+00  0.000E+00  0.000E+00  1.000E+00  1.000E+00  3.98E+02  0.00E+00  0.00E+00  0.000000  0.001254  0.0000000E+00  0.0000000000E+00
151  5.933928755410452E+08    2.000000  1.973713  4.150045  7.5157740E-01  2.4837130E-01  1.2915521E-06  4.2970794E-09  1.0216519E-07  6.8211449E-06  3.5136664E-10  2.0005896E-09  9.2048308E-07  2.3543589E-08  0.000E+00  0.0000  4.150045  -30.000  3.546703  7.585798  4.6442340E-14  9.9999060E-01  7.0473524E-08  1.8994540E-08  7.3712434E-06  1.2577601E-07  2.6216850E-10  4.4759207E-13  9.2048308E-07  2.3543589E-08  0.000E+00  0.000E+00  0.000E+00  1.000E+00  1.000E+00  3.96E+02  0.00E+00  0.00E+00  0.000000  0.001267  0.0000000E+00  0.0000000000E+00
152  5.949881735285175E+08    2.000000  1.978534  4.148255  7.5157740E-01  2.4837130E-01  1.2915521E-06  4.2970794E-09  1.0216519E-07  6.8211449E-06  3.5136664E-10  2.0005896E-09  9.2048308E-07  2.3543589E-08  0.000E+00  0.0000  4.148255  -30.000  3.576544  7.588354  1.0965299E-14  9.9999060E-01  7.0473535E-08  1.8994540E-08  7.3712434E-06  1.2577601E-07  2.6216846E-10  4.4759244E-13  9.2048308E-07  2.3543589E-08  0.000E+00  0.000E+00  0.000E+00  1.000E+00  1.000E+00  3.93E+02  0.00E+00  0.00E+00  0.000000  0.001282  0.0000000E+00  0.0000000000E+00
153  5.965834715159897E+08    2.000000  1.983550  4.146219  7.5157740E-01  2.4837130E-01  1.2915521E-06  4.2970794E-09  1.0216519E-07  6.8211449E-06  3.5136664E-10  2.0005896E-09  9.2048308E-07  2.3543589E-08  0.000E+00  0.0000  4.146219  -30.000  3.608812  7.591280  2.1862533E-15  9.9999060E-01  7.0473538E-08  1.8994540E-08  7.3712434E-06  1.2577601E-07  2.6216845E-10  4.4759255E-13  9.2048308E-07  2.3543589E-08  0.000E+00  0.000E+00  0.000E+00  1.000E+00  1.000E+00  3.90E+02  0.00E+00  0.00E+00  0.000000  0.001296  0.0000000E+00  0.0000000000E+00
154  5.981787695034620E+08    2.000000  1.988784  4.143900  7.5157740E-01  2.4837130E-01  1.2915521E-06  4.2970794E-09  1.0216519E-07  6.8211449E-06  3.5136664E-10  2.0005896E-09  9.2048308E-07  2.3543589E-08  0.000E+00  0.0000  4.143900  -30.000  3.643784  7.594687  3.4067430E-16  9.9999060E-01  7.0473539E-08  1.8994540E-08  7.3712434E-06  1.2577601E-07  2.6216845E-10  4.4759258E-13  9.2048308E-07  2.3543589E-08  0.000E+00  0.000E+00  0.000E+00  1.000E+00  1.000E+00  3.87E+02  0.00E+00  0.00E+00  0.000000  0.001312  0.0000000E+00  0.0000000000E+00
155  5.997740674909341E+08    2.000000  1.994289  4.141163  7.5157740E-01  2.4837130E-01  1.2915521E-06  4.2970794E-09  1.0216519E-07  6.8211449E-06  3.5136664E-10  2.0005896E-09  9.2048308E-07  2.3543589E-08  0.000E+00  0.0000  4.141163  -30.000  3.682477  7.598867  4.2926994E-17  9.9999060E-01  7.0473539E-08  1.8994540E-08  7.3712434E-06  1.2577601E-07  2.6216845E-10  4.4759258E-13  9.2048308E-07  2.3543589E-08  0.000E+00  0.000E+00  0.000E+00  1.000E+00  1.000E+00  3.84E+02  0.00E+00  0.00E+00  0.000000  0.001329  0.0000000E+00  0.0000000000E+00
156  6.013693654784064E+08    2.000000  2.000108  4.137950  7.5157740E-01  2.4837130E-01  1.2915521E-06  4.2970794E-09  1.0216519E-07  6.8211449E-06  3.5136664E-10  2.0005896E-09  9.2048308E-07  2.3543589E-08  0.000E+00  0.0000  4.137950  -30.000  3.725239  7.603855  4.2012658E-18  9.9999060E-01  7.0473539E-08  1.8994540E-08  7.3712434E-06  1.2577601E-07  2.6216844E-10  4.4759258E-13  9.2048308E-07  2.3543589E-08  0.000E+00  0.000E+00  0.000E+00  1.000E+00  1.000E+00  3.79E+02  0.00E+00  0.00E+00  0.000000  0.001347  0.0000000E+00  0.0000000000E+00
157  6.029646634658787E+08    2.000000  2.006248  4.134119  7.5157740E-01  2.4837130E-01  1.2915521E-06  4.2970794E-09  1.0216519E-07  6.8211449E-06  3.5136664E-10  2.0005896E-09  9.2048308E-07  2.3543589E-08  0.000E+00  0.0000  4.134119  -30.000  3.772576  7.609924  3.1495627E-19  9.9999060E-01  7.0473539E-08  1.8994540E-08  7.3712434E-06  1.2577601E-07  2.6216844E-10  4.4759258E-13  9.2048308E-07  2.3543589E-08  0.000E+00  0.000E+00  0.000E+00  1.000E+00  1.000E+00  3.75E+02  0.00E+00  0.00E+00  0.000000  0.001366  0.0000000E+00  0.0000000000E+00
158  6.045599614533509E+08    2.000000  2.012766  4.129512  7.5157740E-01  2.4837130E-01  1.2915521E-06  4.2970794E-09  1.0216519E-07  6.8211449E-06  3.5136664E-10  2.0005896E-09  9.2048308E-07  2.3543589E-08  0.000E+00  0.0000  4.129512  -30.000  3.825181  7.617465  1.6946526E-20  9.9999060E-01  7.0473539E-08  1.8994540E-08  7.3712434E-06  1.2577601E-07  2.6216844E-10  4.4759258E-13  9.2048308E-07  2.3543589E-08  0.000E+00  0.000E+00  0.000E+00  1.000E+00  1.000E+00  3.69E+02  0.00E+00  0.00E+00  0.000000  0.001386  0.0000000E+00  0.0000000000E+00
159  6.077505574282954E+08    2.000000  2.027185  4.116927  7.5157740E-01  2.4837130E-01  1.2915521E-06  4.2970794E-09  1.0216519E-07  6.8211449E-06  3.5136664E-10  2.0005896E-09  9.2048308E-07  2.3543589E-08  0.000E+00  0.0000  4.116927  -30.000  3.949930  7.639078  9.1852449E-24  9.9999060E-01  7.0473539E-08  1.8994540E-08  7.3712434E-06  1.2577601E-07  2.6216844E-10  4.4759258E-13  9.2048308E-07  2.3543589E-08  0.000E+00  0.000E+00  0.000E+00  1.000E+00  1.000E+00  3.55E+02  0.00E+00  0.00E+00  0.000000  0.001433  0.0000000E+00  0.0000000000E+00
160  6.093458554157677E+08    2.000000  2.035246  4.107911  7.5157740E-01  2.4837130E-01  1.2915521E-06  4.2970794E-09  1.0216519E-07  6.8211449E-06  3.5136664E-10  2.0005896E-09  9.2048308E-07  2.3543589E-08  0.000E+00  0.0000  4.107911  -30.000  4.025123  7.654890  2.8146005E-26  9.9999060E-01  7.0473539E-08  1.8994540E-08  7.3712434E-06  1.2577601E-07  2.6216844E-10  4.4759258E-13  9.2048308E-07  2.3543589E-08  0.000E+00  0.000E+00  0.000E+00  1.000E+00  1.000E+00  3.47E+02  0.00E+00  0.00E+00  0.000000  0.001460  0.0000000E+00  0.0000000000E+00
161  6.109411534032398E+08    2.000000  2.044042  4.095967  7.5157740E-01  2.4837130E-01  1.2915521E-06  4.2970794E-09  1.0216519E-07  6.8211449E-06  3.5136664E-10  2.0005896E-09  9.2048308E-07  2.3543589E-08  0.000E+00  0.0000  4.095967  -30.000  4.111442  7.675550  1.5185482E-28  9.9999060E-01  7.0473539E-08  1.8994540E-08  7.3712434E-06  1.2577601E-07  2.6216844E-10  4.4759258E-13  9.2048308E-07  2.3543589E-08  0.000E+00  0.000E+00  0.000E+00  1.000E+00  1.000E+00  3.36E+02  0.00E+00  0.00E+00  0.000000  0.001490  0.0000000E+00  0.0000000000E+00
162  6.125364513907121E+08    2.000000  2.053307  4.080344  7.5157740E-01  2.4837130E-01  1.2915521E-06  4.2970794E-09  1.0216519E-07  6.8211449E-06  3.5136664E-10  2.0005896E-09  9.2048308E-07  2.3543589E-08  0.000E+00  0.0000  4.080344  -30.000  4.208641  7.701289  2.0157825E-31  9.9999060E-01  7.0473539E-08  1.8994540E-08  7.3712434E-06  1.2577601E-07  2.6216844E-10  4.4759258E-13  9.2048308E-07  2.3543589E-08  0.000E+00  0.000E+00  0.000E+00  1.000E+00  1.000E+00  3.22E+02  0.00E+00  0.00E+00  0.000000  0.001522  0.0000000E+00  0.0000000000E+00
163  6.141317493781843E+08    2.000000  2.062883  4.058457  7.5157740E-01  2.4837130E-01  1.2915521E-06  4.2970794E-09  1.0216519E-07  6.8211449E-06  3.5136664E-10  2.0005896E-09  9.2048308E-07  2.3543589E-08  0.000E+00  0.0000  4.058457  -30.000  4.319535  7.733744  5.4029535E-37  9.9999060E-01  7.0473539E-08  1.8994540E-08  7.3712434E-06  1.2577601E-07  2.6216844E-10  4.4759258E-13  9.2048308E-07  2.3543589E-08  0.000E+00  0.000E+00  0.000E+00  1.000E+00  1.000E+00  3.05E+02  0.00E+00  0.00E+00  0.000000  0.001556  0.0000000E+00  0.0000000000E+00
164  6.157270473656566E+08    2.000000  2.072043  4.027939  7.5157740E-01  2.4837130E-01  1.2915521E-06  4.2970794E-09  1.0216519E-07  6.8211449E-06  3.5136664E-10  2.0005896E-09  9.2048308E-07  2.3543589E-08  0.000E+00  0.0000  4.027939  -30.000  4.441388  7.771116  1.0104948E-44  9.9999060E-01  7.0473539E-08  1.8994540E-08  7.3712434E-06  1.2577601E-07  2.6216844E-10  4.4759258E-13  9.2048308E-07  2.3543589E-08  0.000E+00  0.000E+00  0.000E+00  1.000E+00  1.000E+00  2.82E+02  0.00E+00  0.00E+00  0.000000  0.001589  0.0000000E+00  0.0000000000E+00
165  6.173223453531288E+08    2.000000  2.078689  3.984404  7.5157740E-01  2.4837130E-01  1.2915521E-06  4.2970794E-09  1.0216519E-07  6.8211449E-06  3.5136664E-10  2.0005896E-09  9.2048308E-07  2.3543589E-08  0.000E+00  0.0000  3.984404  -30.000  4.570083  7.810728  3.6288762E-54  9.9999060E-01  7.0473539E-08  1.8994540E-08  7.3712434E-06  1.2577601E-07  2.6216844E-10  4.4759258E-13  9.2048308E-07  2.3543589E-08  0.000E+00  0.000E+00  0.000E+00  1.000E+00  1.000E+00  2.55E+02  0.00E+00  0.00E+00  0.000000  0.001614  0.0000000E+00  0.0000000000E+00
166  6.189176433406011E+08    2.000000  2.079005  3.920379  7.5157740E-01  2.4837130E-01  1.2915521E-06  4.2970794E-09  1.0216519E-07  6.8211449E-06  3.5136664E-10  2.0005896E-09  9.2048308E-07  2.3543589E-08  0.000E+00  0.0000  3.920379  -30.000  4.699930  7.849575  2.7090580E-63  9.9999060E-01  7.0473539E-08  1.8994540E-08  7.3712434E-06  1.2577601E-07  2.6216844E-10  4.4759258E-13  9.2048308E-07  2.3543589E-08  0.000E+00  0.000E+00  0.000E+00  1.000E+00  1.000E+00  2.20E+02  0.00E+00  0.00E+00  0.000000  0.001615  0.0000000E+00  0.0000000000E+00
167  6.197441968453838E+08    2.000000  2.073740  3.874165  7.5157740E-01  2.4837130E-01  1.2915521E-06  4.2970794E-09  1.0216519E-07  6.8211449E-06  3.5136664E-10  2.0005896E-09  9.2048308E-07  2.3543589E-08  0.000E+00  0.0000  3.874165    0.000  4.766706  7.869177  1.0155830E-72  9.9999060E-01  7.0473539E-08  1.8994540E-08  7.3712434E-06  1.2577601E-07  2.6216844E-10  4.4759258E-13  9.2048308E-07  2.3543589E-08  0.000E+00  0.000E+00  0.000E+00  1.000E+00  1.000E+00  1.98E+02  0.00E+00  0.00E+00  0.000000  0.001595  0.0000000E+00  0.0000000000E+00
168  6.205129413280733E+08    2.000000  2.060345  3.811587  7.5157740E-01  2.4837130E-01  1.2915521E-06  4.2970794E-09  1.0216519E-07  6.8211449E-06  3.5136664E-10  2.0005896E-09  9.2048308E-07  2.3543589E-08  0.000E+00  0.0000  3.811587  -30.000  4.827796  7.886524  0.0000000E+00  9.9999060E-01  1.2158064E-07  4.1938328E-09  7.3712425E-06  1.4399434E-07  2.6216377E-10  1.5678364E-12  9.2048309E-07  2.3543589E-08  0.000E+00  0.000E+00  0.000E+00  1.000E+00  1.000E+00  1.73E+02  0.00E+00  0.00E+00  0.000000  0.001547  0.0000000E+00  0.0000000000E+00
169  6.212485875082140E+08    1.999975  2.034301  3.757969  7.5157740E-01  2.4837130E-01  1.2915521E-06  4.2970794E-09  1.0216519E-07  6.8211449E-06  3.5136664E-10  2.0005896E-09  9.2048308E-07  2.3543589E-08  0.000E+00  0.0000  3.757969   -9.927  4.884733  7.901992  0.0000000E+00  9.9999020E-01  4.9141382E-07  1.4130251E-14  7.3712377E-06  1.4917982E-07  2.6214085E-10  7.7193308E-12  9.2048311E-07  2.3543589E-08  0.000E+00  0.000E+00  0.000E+00  1.000E+00  1.000E+00  1.55E+02  0.00E+00  0.00E+00  0.000000  0.001457  0.0000000E+00  0.0000000000E+00
170  6.221082393155456E+08    1.999876  2.001142  3.734313  7.5157450E-01  2.4837130E-01  1.2915521E-06  4.2970794E-09  1.0216519E-07  6.8211449E-06  3.5136664E-10  2.0005896E-09  9.2048308E-07  2.3543589E-08  0.000E+00  0.0000  3.734313   -9.950  4.948764  7.918414  0.0000000E+00  9.9998740E-01  3.2532715E-06  9.9441925E-24  7.3712164E-06  1.4956884E-07  2.6205511E-10  3.5101267E-11  9.2048322E-07  2.3543593E-08  0.000E+00  0.000E+00  0.000E+00  1.000E+00  1.000E+00  1.50E+02  0.00E+00  0.00E+00  0.000000  0.001350  0.0000000E+00  0.0000000000E+00
171  6.223141069707655E+08    1.999853  2.004646  3.731166  7.5156119E-01  2.4837130E-01  1.2915521E-06  4.2971041E-09  1.0216519E-07  6.8211449E-06  3.5136664E-10  2.0005896E-09  9.2048308E-07  2.3543589E-08  0.000E+00  0.0000  3.731166   -9.939  4.963261  7.921804  0.0000000E+00  9.9998558E-01  5.1199714E-06  4.4615367E-25  7.3712055E-06  1.4997316E-07  2.6201508E-10  4.9137026E-11  9.2048326E-07  2.3543595E-08  0.000E+00  0.000E+00  0.000E+00  1.000E+00  1.000E+00  1.48E+02  0.00E+00  0.00E+00  0.000000  0.001361  0.0000000E+00  0.0000000000E+00
172  6.225199746259855E+08    1.999828  2.010590  3.728887  7.5153171E-01  2.4837138E-01  1.2915513E-06  4.2979965E-09  1.0216520E-07  6.8211449E-06  3.5136664E-10  2.0005896E-09  9.2048308E-07  2.3543589E-08  0.000E+00  0.0000  3.728887   -9.922  4.977216  7.924860  0.0000000E+00  9.9998267E-01  8.0079371E-06  4.8786221E-27  7.3711907E-06  1.5078702E-07  2.6196288E-10  6.8198956E-11  9.2048333E-07  2.3543600E-08  0.000E+00  0.000E+00  0.000E+00  1.000E+00  1.000E+00  1.47E+02  0.00E+00  0.00E+00  0.000000  0.001379  0.0000000E+00  0.0000000000E+00
173  6.227258422812054E+08    1.999802  2.018088  3.727169  7.5148419E-01  2.4837182E-01  1.2915435E-06  4.3063492E-09  1.0216532E-07  6.8211449E-06  3.5136664E-10  2.0005892E-09  9.2048308E-07  2.3543589E-08  0.000E+00  0.0000  3.727169   -9.905  4.990757  7.927684  0.0000000E+00  9.9997851E-01  1.2179034E-05  1.8179805E-29  7.3711715E-06  1.5226930E-07  2.6189769E-10  9.2829658E-11  9.2048340E-07  2.3543608E-08  0.000E+00  0.000E+00  0.000E+00  1.000E+00  1.000E+00  1.46E+02  0.00E+00  0.00E+00  0.000000  0.001403  0.0000000E+00  0.0000000000E+00
174  6.229317099364254E+08    1.999775  2.026122  3.725683  7.5141670E-01  2.4837688E-01  1.2915014E-06  4.3516934E-09  1.0216599E-07  6.8211449E-06  3.5136664E-10  2.0005856E-09  9.2048308E-07  2.3543589E-08  0.000E+00  0.0000  3.725683   -9.889  5.003924  7.930311  0.0000000E+00  9.9997264E-01  1.8059569E-05  4.4980566E-32  7.3711471E-06  1.5486327E-07  2.6181739E-10  1.2413800E-10  9.2048349E-07  2.3543621E-08  0.000E+00  0.000E+00  0.000E+00  1.000E+00  1.000E+00  1.44E+02  0.00E+00  0.00E+00  0.000000  0.001430  0.0000000E+00  0.0000000000E+00
175  6.231375775916454E+08    1.999748  2.033844  3.724398  7.5133266E-01  2.4840062E-01  1.2913361E-06  4.5290973E-09  1.0216926E-07  6.8211449E-06  3.5136664E-10  2.0005673E-09  9.2048308E-07  2.3543589E-08  0.000E+00  0.0000  3.724398   -9.873  5.016756  7.932776  0.0000000E+00  9.9996450E-01  2.6189758E-05  8.3703057E-35  7.3711166E-06  1.5924969E-07  2.6171959E-10  1.6341010E-10  9.2048361E-07  2.3543641E-08  0.000E+00  0.000E+00  0.000E+00  1.000E+00  1.000E+00  1.44E+02  0.00E+00  0.00E+00  0.000000  0.001455  0.0000000E+00  0.0000000000E+00
176  6.233434452468653E+08    1.999720  2.041424  3.723401  7.5122883E-01  2.4846272E-01  1.2907279E-06  5.1729876E-09  1.0219095E-07  6.8211449E-06  3.5136915E-10  2.0004874E-09  9.2048308E-07  2.3543589E-08  0.000E+00  0.0000  3.723401   -9.860  5.029277  7.935107  0.0000000E+00  9.9995344E-01  3.7245907E-05  1.2338263E-37  7.3710787E-06  1.6644775E-07  2.6160159E-10  2.1212460E-10  9.2048375E-07  2.3543671E-08  0.000E+00  0.000E+00  0.000E+00  1.000E+00  1.000E+00  1.43E+02  0.00E+00  0.00E+00  0.000000  0.001481  0.0000000E+00  0.0000000000E+00
177  6.235493129020853E+08    1.999690  2.049481  3.722691  7.5111054E-01  2.4856282E-01  1.2893341E-06  6.6216601E-09  1.0226889E-07  6.8211449E-06  3.5138819E-10  2.0002889E-09  9.2048308E-07  2.3543589E-08  0.000E+00  0.0000  3.722691   -9.848  5.041502  7.937324  0.0000000E+00  9.9993859E-01  5.2072196E-05  1.4847472E-40  7.3710321E-06  1.7795270E-07  2.6146037E-10  2.7198662E-10  9.2048391E-07  2.3543715E-08  0.000E+00  0.000E+00  0.000E+00  1.000E+00  1.000E+00  1.42E+02  0.00E+00  0.00E+00  0.000000  0.001508  0.0000000E+00  0.0000000000E+00
178  6.237551805573052E+08    1.999660  2.057689  3.722073  7.5101200E-01  2.4865916E-01  1.2870089E-06  8.9308721E-09  1.0251015E-07  6.8211448E-06  3.5146498E-10  1.9999298E-09  9.2048308E-07  2.3543589E-08  0.000E+00  0.0000  3.722073   -9.834  5.053442  7.939452  0.0000000E+00  9.9991893E-01  7.1725592E-05  1.4897034E-43  7.3709753E-06  1.9592013E-07  2.6129244E-10  3.4498719E-10  9.2048412E-07  2.3543780E-08  0.000E+00  0.000E+00  0.000E+00  1.000E+00  1.000E+00  1.41E+02  0.00E+00  0.00E+00  0.000000  0.001537  0.0000000E+00  0.0000000000E+00
179  6.239610482125252E+08    1.999629  2.065919  3.721304  7.5086970E-01  2.4880380E-01  1.2811618E-06  1.4255914E-08  1.0361958E-07  6.8211446E-06  3.5173048E-10  1.9989618E-09  9.2048308E-07  2.3543589E-08  0.000E+00  0.0000  3.721304   -9.820  5.065083  7.941516  0.0000000E+00  9.9989220E-01  9.8380807E-05  1.1431616E-44  7.3709049E-06  2.2500727E-07  2.6109014E-10  4.3539221E-10  9.2048435E-07  2.3543878E-08  0.000E+00  0.000E+00  0.000E+00  1.000E+00  1.000E+00  1.40E+02  0.00E+00  0.00E+00  0.000000  0.001567  0.0000000E+00  0.0000000000E+00
180  6.241669158677452E+08    1.999596  2.073901  3.720712  7.5070503E-01  2.4897354E-01  1.2694120E-06  2.2799479E-08  1.0814755E-07  6.8211440E-06  3.5241647E-10  1.9968147E-09  9.2048308E-07  2.3543589E-08  0.000E+00  0.0000  3.720712   -9.806  5.076438  7.943548  0.0000000E+00  9.9985611E-01  1.3444456E-04  2.3811627E-47  7.3708180E-06  2.7197980E-07  2.6084723E-10  5.4700362E-10  9.2048463E-07  2.3544023E-08  0.000E+00  0.000E+00  0.000E+00  1.000E+00  1.000E+00  1.39E+02  0.00E+00  0.00E+00  0.000000  0.001595  0.0000000E+00  0.0000000000E+00
181  6.243727835229651E+08    1.999564  2.082020  3.720163  7.5050908E-01  2.4917588E-01  1.2482303E-06  3.2931890E-08  1.2196798E-07  6.8211425E-06  3.5403052E-10  1.9923814E-09  9.2048308E-07  2.3543589E-08  0.000E+00  0.0000  3.720163   -9.794  5.087535  7.945605  0.0000000E+00  9.9980807E-01  1.8243272E-04  2.5560534E-50  7.3707119E-06  3.4530482E-07  2.6055865E-10  6.8319867E-10  9.2048497E-07  2.3544235E-08  0.000E+00  0.000E+00  0.000E+00  1.000E+00  1.000E+00  1.38E+02  0.00E+00  0.00E+00  0.000000  0.001625  0.0000000E+00  0.0000000000E+00
182  6.245786511781851E+08    1.999529  2.090246  3.719638  7.5028823E-01  2.4940355E-01  1.2166822E-06  4.0873475E-08  1.5024189E-07  6.8211394E-06  3.5738810E-10  1.9843197E-09  9.2048308E-07  2.3543589E-08  0.000E+00  0.0000  3.719638   -9.780  5.098362  7.947743  0.0000000E+00  9.9974355E-01  2.4683334E-04  2.0599201E-53  7.3705816E-06  4.5981156E-07  2.6021399E-10  8.5050689E-10  9.2048538E-07  2.3544541E-08  0.000E+00  0.000E+00  0.000E+00  1.000E+00  1.000E+00  1.37E+02  0.00E+00  0.00E+00  0.000000  0.001656  0.0000000E+00  0.0000000000E+00
183  6.247845188334050E+08    1.999494  2.098710  3.719112  7.5004158E-01  2.4965718E-01  1.1760135E-06  4.5161684E-08  1.9309259E-07  6.8211338E-06  3.6342830E-10  1.9713850E-09  9.2048308E-07  2.3543589E-08  0.000E+00  0.0000  3.719112   -9.767  5.109013  7.950033  0.0000000E+00  9.9966242E-01  3.2782668E-04  7.3729506E-57  7.3704282E-06  6.1800020E-07  2.5981718E-10  1.0474218E-09  9.2048585E-07  2.3544943E-08  0.000E+00  0.000E+00  0.000E+00  1.000E+00  1.000E+00  1.36E+02  0.00E+00  0.00E+00  0.000000  0.001689  0.0000000E+00  0.0000000000E+00
184  6.249903864886250E+08    1.999458  2.107378  3.718737  7.4975045E-01  2.4995550E-01  1.1271953E-06  4.5143226E-08  2.5009496E-07  6.8211221E-06  3.7606540E-10  1.9486470E-09  9.2048308E-07  2.3543589E-08  0.000E+00  0.0000  3.718737   -9.753  5.119394  7.952663  0.0000000E+00  9.9954870E-01  4.4124691E-04  9.6575315E-63  7.3702335E-06  8.6742737E-07  2.5933063E-10  1.2973337E-09  9.2048642E-07  2.3545534E-08  0.000E+00  0.000E+00  0.000E+00  1.000E+00  1.000E+00  1.36E+02  0.00E+00  0.00E+00  0.000000  0.001723  0.0000000E+00  0.0000000000E+00
185  6.251962541438450E+08    1.999421  2.115603  3.718314  7.4948050E-01  2.5023120E-01  1.0874861E-06  4.3803147E-08  2.9789481E-07  6.8211041E-06  3.9555376E-10  1.9201848E-09  9.2048308E-07  2.3543589E-08  0.000E+00  0.0000  3.718314   -9.739  5.129334  7.955860  0.0000000E+00  9.9937973E-01  6.0984618E-04  2.8420579E-66  7.3699665E-06  1.2909762E-06  2.5870925E-10  1.6398654E-09  9.2048715E-07  2.3546484E-08  0.000E+00  0.000E+00  0.000E+00  1.000E+00  1.000E+00  1.35E+02  0.00E+00  0.00E+00  0.000000  0.001756  0.0000000E+00  0.0000000000E+00
186  6.254021217990649E+08    1.999382  2.124100  3.717928  7.4913385E-01  2.5058448E-01  1.0444934E-06  4.2124682E-08  3.4990206E-07  6.8210690E-06  4.3376610E-10  1.8762543E-09  9.2048308E-07  2.3543589E-08  0.000E+00  0.0000  3.717928   -9.726  5.138741  7.959994  0.0000000E+00  9.9912923E-01  8.5958220E-04  2.2068178E-72  7.3695768E-06  2.0026895E-06  2.5791300E-10  2.1395338E-09  9.2048809E-07  2.3548096E-08  0.000E+00  0.000E+00  0.000E+00  1.000E+00  1.000E+00  1.34E+02  0.00E+00  0.00E+00  0.000000  0.001790  0.0000000E+00  0.0000000000E+00
187  6.256079894542849E+08    1.999342  2.132729  3.717655  7.4880540E-01  2.5091817E-01  1.0115270E-06  4.0815793E-08  3.8981361E-07  6.8210150E-06  4.9238162E-10  1.8298919E-09  9.2048308E-07  2.3543589E-08  0.000E+00  0.0006  3.717655   -9.713  5.147030  7.966569  0.0000000E+00  9.9899246E-01  9.9600832E-04  2.1153572E-74  7.3691793E-06  2.4061390E-06  2.5594073E-10  2.4112998E-09  9.2048843E-07  2.3549110E-08  0.000E+00  0.000E+00  0.000E+00  1.000E+00  1.000E+00  1.34E+02  0.00E+00  0.00E+00  0.000000  0.001825  0.0000000E+00  0.0000000000E+00
188  6.258138571095048E+08    1.999302  2.141127  3.717294  7.4843381E-01  2.5129510E-01  9.7934173E-07  3.9538208E-08  4.2878405E-07  6.8209295E-06  5.8506812E-10  1.7776903E-09  9.2048308E-07  2.3543589E-08  0.000E+00  0.0031  3.717294   -9.700  5.154078  7.975113  0.0000000E+00  9.9919909E-01  7.9002461E-04  2.6591552E-74  7.3690415E-06  1.7040050E-06  2.5223851E-10  1.9978093E-09  9.2048745E-07  2.3547610E-08  0.000E+00  0.000E+00  0.000E+00  1.000E+00  1.000E+00  1.33E+02  0.00E+00  0.00E+00  0.000000  0.001861  0.0000000E+00  0.0000000000E+00
189  6.260197247647249E+08    1.999259  2.149203  3.716761  7.4807551E-01  2.5165793E-01  9.5341026E-07  3.8509303E-08  4.6018406E-07  6.8208059E-06  7.1886207E-10  1.7316793E-09  9.2048308E-07  2.3543589E-08  0.000E+00  0.0098  3.716761   -9.685  5.156876  7.989443  0.0000000E+00  9.9924287E-01  7.4662343E-04  1.3025642E-66  7.3685689E-06  1.3475205E-06  2.4570669E-10  1.8472184E-09  9.2048648E-07  2.3546923E-08  0.000E+00  0.000E+00  0.000E+00  1.000E+00  1.000E+00  1.32E+02  0.00E+00  0.00E+00  0.000000  0.001895  0.0000000E+00  0.0000000000E+00
190  6.262255924199448E+08    1.999216  2.154850  3.716919  7.4794740E-01  2.5178760E-01  9.4472462E-07  3.8164732E-08  4.7070135E-07  6.8207548E-06  7.7408865E-10  1.7160381E-09  9.2048308E-07  2.3543589E-08  0.000E+00  0.0917  3.716919   -9.678  4.968756  8.065496  0.0000000E+00  9.9692620E-01  3.0632399E-03  8.2030028E-12  7.3547188E-06  1.4117283E-06  1.8680754E-10  1.5193409E-08  9.2048481E-07  2.3582628E-08  0.000E+00  0.000E+00  0.000E+00  1.000E+00  1.000E+00  1.32E+02  0.00E+00  0.00E+00  0.000000  0.001920  0.0000000E+00  0.0000000000E+00
191  6.262301321682338E+08    1.999215  2.155350  3.716977  7.4794740E-01  2.5178760E-01  9.4472462E-07  3.8164732E-08  4.7070135E-07  6.8207548E-06  7.7408865E-10  1.7160381E-09  9.2048308E-07  2.3543589E-08  0.000E+00  0.0978  3.716977   -9.677  4.939439  8.066475  0.0000000E+00  9.9659987E-01  3.3893867E-03  5.1336937E-12  7.3524073E-06  1.5632913E-06  1.8422164E-10  1.8092100E-08  9.2048488E-07  2.3596157E-08  0.000E+00  0.000E+00  0.000E+00  1.000E+00  1.000E+00  1.32E+02  0.00E+00  0.00E+00  0.000000  0.001922  0.0000000E+00  0.0000000000E+00
192  6.262355421112257E+08    1.999214  2.155821  3.717076  7.4794740E-01  2.5178760E-01  9.4472462E-07  3.8164732E-08  4.7070135E-07  6.8207548E-06  7.7408865E-10  1.7160381E-09  9.2048308E-07  2.3543589E-08  0.000E+00  0.1028  3.717076   -9.676  4.908611  8.066583  0.0000000E+00  9.9627354E-01  3.7155901E-03  4.5911679E-12  7.3499887E-06  1.7484865E-06  1.8181483E-10  2.1183308E-08  9.2048495E-07  2.3612887E-08  0.000E+00  0.000E+00  0.000E+00  1.000E+00  1.000E+00  1.32E+02  0.00E+00  0.00E+00  0.000000  0.001924  0.0000000E+00  0.0000000000E+00
193  6.262421764084181E+08    1.999213  2.156080  3.717194  7.4794740E-01  2.5178760E-01  9.4472462E-07  3.8164732E-08  4.7070135E-07  6.8207548E-06  7.7408865E-10  1.7160381E-09  9.2048308E-07  2.3543589E-08  0.000E+00  0.1080  3.717194   -9.676  4.877103  8.065837  0.0000000E+00  9.9594721E-01  4.0416346E-03  2.8327895E-12  7.3474804E-06  1.9737089E-06  1.7968556E-10  2.4418329E-08  9.2048504E-07  2.3632871E-08  0.000E+00  0.000E+00  0.000E+00  1.000E+00  1.000E+00  1.32E+02  0.00E+00  0.00E+00  0.000000  0.001925  0.0000000E+00  0.0000000000E+00
194  6.262498549721797E+08    1.999211  2.154969  3.717307  7.4794740E-01  2.5178760E-01  9.4472462E-07  3.8164732E-08  4.7070135E-07  6.8207548E-06  7.7408865E-10  1.7160381E-09  9.2048308E-07  2.3543589E-08  0.000E+00  0.1107  3.717307   -9.677  4.848163  8.064459  0.0000000E+00  9.9562088E-01  4.3677349E-03  1.5513351E-12  7.3449852E-06  2.2406289E-06  1.7837450E-10  2.7638757E-08  9.2048516E-07  2.3655089E-08  0.000E+00  0.000E+00  0.000E+00  1.000E+00  1.000E+00  1.32E+02  0.00E+00  0.00E+00  0.000000  0.001921  0.0000000E+00  0.0000000000E+00
195  6.262616596278163E+08    1.999209  2.151673  3.717708  7.4794740E-01  2.5178760E-01  9.4472462E-07  3.8164732E-08  4.7070135E-07  6.8207548E-06  7.7408865E-10  1.7160381E-09  9.2048308E-07  2.3543589E-08  0.000E+00  0.1140  3.717708   -9.682  4.815186  8.062085  0.0000000E+00  9.9529455E-01  4.6937417E-03  1.2386796E-12  7.3423150E-06  2.5933202E-06  1.7667903E-10  3.1100847E-08  9.2048529E-07  2.3683331E-08  0.000E+00  0.000E+00  0.000E+00  1.000E+00  1.000E+00  1.32E+02  0.00E+00  0.00E+00  0.000000  0.001905  0.0000000E+00  0.0000000000E+00
196  6.262744477798029E+08    1.999206  2.144591  3.718187  7.4794740E-01  2.5178760E-01  9.4472462E-07  3.8164732E-08  4.7070135E-07  6.8207548E-06  7.7408865E-10  1.7160381E-09  9.2048308E-07  2.3543589E-08  0.000E+00  0.1146  3.718187   -9.695  4.789285  8.059672  0.0000000E+00  9.9496822E-01  5.0196676E-03  4.2013589E-15  7.3397999E-06  2.9794523E-06  1.7620878E-10  3.4324313E-08  9.2048544E-07  2.3711202E-08  0.000E+00  0.000E+00  0.000E+00  1.000E+00  1.000E+00  1.33E+02  0.00E+00  0.00E+00  0.000000  0.001875  0.0000000E+00  0.0000000000E+00
197  6.263003554987262E+08    1.999201  2.127585  3.719448  7.4794740E-01  2.5178760E-01  9.4472462E-07  3.8164732E-08  4.7070135E-07  6.8207548E-06  7.7408865E-10  1.7160381E-09  9.2048308E-07  2.3543589E-08  0.000E+00  0.1159  3.719448   -9.724  4.753810  8.055586  0.0000000E+00  9.9464189E-01  5.3454332E-03  3.9143756E-16  7.3370043E-06  3.5693010E-06  1.7460110E-10  3.7943600E-08  9.2048563E-07  2.3750398E-08  0.000E+00  0.000E+00  0.000E+00  1.000E+00  1.000E+00  1.34E+02  0.00E+00  0.00E+00  0.000000  0.001803  0.0000000E+00  0.0000000000E+00
198  6.263287406250014E+08    1.999196  2.111903  3.720800  7.4794740E-01  2.5178760E-01  9.4472462E-07  3.8164732E-08  4.7070135E-07  6.8207548E-06  7.7408865E-10  1.7160381E-09  9.2048308E-07  2.3543589E-08  0.000E+00  0.1154  3.720800   -9.750  4.729077  8.052137  0.0000000E+00  9.9431556E-01  5.6710904E-03  2.7771235E-22  7.3344753E-06  4.1805431E-06  1.7442783E-10  4.1166068E-08  9.2048584E-07  2.3786026E-08  0.000E+00  0.000E+00  0.000E+00  1.000E+00  1.000E+00  1.36E+02  0.00E+00  0.00E+00  0.000000  0.001739  0.0000000E+00  0.0000000000E+00
199  6.263707965860054E+08    1.999189  2.095229  3.722936  7.4794740E-01  2.5178760E-01  9.4472462E-07  3.8164732E-08  4.7070135E-07  6.8207548E-06  7.7408865E-10  1.7160381E-09  9.2048308E-07  2.3543589E-08  0.000E+00  0.1091  3.722936   -9.780  4.705118  8.048176  0.0000000E+00  9.9398923E-01  5.9966411E-03  4.7779211E-32  7.3319444E-06  4.9659518E-06  1.7422847E-10  4.4386785E-08  9.2048607E-07  2.3826546E-08  0.000E+00  0.000E+00  0.000E+00  1.000E+00  1.000E+00  1.38E+02  0.00E+00  0.00E+00  0.000000  0.001674  0.0000000E+00  0.0000000000E+00
200  6.264314192697437E+08    1.999179  2.086730  3.725592  7.4794740E-01  2.5178760E-01  9.4472462E-07  3.8164732E-08  4.7070135E-07  6.8207548E-06  7.7408865E-10  1.7160381E-09  9.2048308E-07  2.3543589E-08  0.000E+00  0.0913  3.725592   -9.798  4.684012  8.043763  0.0000000E+00  9.9366290E-01  6.3219071E-03  1.1720927E-42  7.3294433E-06  5.9971512E-06  1.7399552E-10  4.7565021E-08  9.2048635E-07  2.3872402E-08  0.000E+00  0.000E+00  0.000E+00  1.000E+00  1.000E+00  1.40E+02  0.00E+00  0.00E+00  0.000000  0.001641  0.0000000E+00  0.0000000000E+00
201  6.265058595306629E+08    1.999168  2.086936  3.728696  7.4794740E-01  2.5178760E-01  9.4472462E-07  3.8164732E-08  4.7070135E-07  6.8207548E-06  7.7408865E-10  1.7160381E-09  9.2048308E-07  2.3543589E-08  0.000E+00  0.0665  3.728696   -9.804  4.669494  8.039293  0.0000000E+00  9.9333657E-01  6.6469207E-03  5.7564811E-52  7.3270093E-06  7.3563010E-06  1.7372293E-10  5.0652470E-08  9.2048667E-07  2.3923715E-08  0.000E+00  0.000E+00  0.000E+00  1.000E+00  1.000E+00  1.40E+02  0.00E+00  0.00E+00  0.000000  0.001642  0.0000000E+00  0.0000000000E+00
202  6.265950152722316E+08    1.999153  2.096065  3.733000  7.4794740E-01  2.5178760E-01  9.4472462E-07  3.8164732E-08  4.7070135E-07  6.8207548E-06  7.7408865E-10  1.7160381E-09  9.2048308E-07  2.3543589E-08  0.000E+00  0.0491  3.733000   -9.799  4.661543  8.034452  0.0000000E+00  9.9301024E-01  6.9714645E-03  1.6885143E-61  7.3246859E-06  9.1344219E-06  1.7340616E-10  5.3593536E-08  9.2048704E-07  2.3980108E-08  0.000E+00  0.000E+00  0.000E+00  1.000E+00  1.000E+00  1.41E+02  0.00E+00  0.00E+00  0.000000  0.001677  0.0000000E+00  0.0000000000E+00
203  6.267032225963522E+08    1.999136  2.112900  3.740788  7.4794740E-01  2.5178760E-01  9.4472462E-07  3.8164732E-08  4.7070135E-07  6.8207548E-06  7.7408865E-10  1.7160381E-09  9.2048308E-07  2.3543589E-08  0.000E+00  0.0355  3.740788   -9.789  4.660103  8.028898  0.0000000E+00  9.9268391E-01  7.2954838E-03  2.0525746E-71  7.3225123E-06  1.1466808E-05  1.7303829E-10  5.6338329E-08  9.2048747E-07  2.4041130E-08  0.000E+00  0.000E+00  0.000E+00  1.000E+00  1.000E+00  1.42E+02  0.00E+00  0.00E+00  0.000000  0.001743  0.0000000E+00  0.0000000000E+00
204  6.268389941226517E+08    1.999114  2.120660  3.751638  7.4794740E-01  2.5178760E-01  9.4472462E-07  3.8164732E-08  4.7070135E-07  6.8207548E-06  7.7408865E-10  1.7160381E-09  9.2048308E-07  2.3543589E-08  0.000E+00  0.0248  3.751638   -9.797  4.665721  8.022352  0.0000000E+00  9.9235758E-01  7.6186936E-03  0.0000000E+00  7.3205253E-06  1.4567629E-05  1.7260792E-10  5.8839508E-08  9.2048798E-07  2.4106454E-08  0.000E+00  0.000E+00  0.000E+00  1.000E+00  1.000E+00  1.45E+02  0.00E+00  0.00E+00  0.000000  0.001775  0.0000000E+00  0.0000000000E+00
205  6.270094159484626E+08    1.999087  2.116544  3.764481  7.4794740E-01  2.5178760E-01  9.4472462E-07  3.8164732E-08  4.7070135E-07  6.8207548E-06  7.7408865E-10  1.7160381E-09  9.2048308E-07  2.3543589E-08  0.000E+00  0.0164  3.764481   -9.829  4.679651  8.015095  0.0000000E+00  9.9203125E-01  7.9408450E-03  0.0000000E+00  7.3187489E-06  1.8741582E-05  1.7210098E-10  6.1066457E-08  9.2048859E-07  2.4176176E-08  0.000E+00  0.000E+00  0.000E+00  1.000E+00  1.000E+00  1.50E+02  0.00E+00  0.00E+00  0.000000  0.001758  0.0000000E+00  0.0000000000E+00
206  6.272112028726034E+08    1.999060  2.107917  3.775697  7.4794740E-01  2.5178760E-01  9.4472462E-07  3.8164732E-08  4.7070135E-07  6.8207548E-06  7.7408865E-10  1.7160381E-09  9.2048308E-07  2.3543589E-08  0.000E+00  0.0107  3.775697   -9.868  4.700822  8.008354  0.0000000E+00  9.9170492E-01  8.2618011E-03  0.0000000E+00  7.3171574E-06  2.4116322E-05  1.7151971E-10  6.3051967E-08  9.2048927E-07  2.4250448E-08  0.000E+00  0.000E+00  0.000E+00  1.000E+00  1.000E+00  1.55E+02  0.00E+00  0.00E+00  0.000000  0.001723  0.0000000E+00  0.0000000000E+00
207  6.274271903382288E+08    1.999031  2.099252  3.778958  7.4794740E-01  2.5178760E-01  9.4472462E-07  3.8164732E-08  4.7070135E-07  6.8207548E-06  7.7408865E-10  1.7160381E-09  9.2048308E-07  2.3543589E-08  0.000E+00  0.0075  3.778958   -9.888  4.725755  8.003407  0.0000000E+00  9.9137859E-01  8.5817299E-03  0.0000000E+00  7.3157052E-06  3.0508320E-05  1.7088730E-10  6.4854774E-08  9.2049001E-07  2.4328945E-08  0.000E+00  0.000E+00  0.000E+00  1.000E+00  1.000E+00  1.57E+02  0.00E+00  0.00E+00  0.000000  0.001689  0.0000000E+00  0.0000000000E+00
208  6.276506001818547E+08    1.999002  2.091306  3.774435  7.4794740E-01  2.5178760E-01  9.4472462E-07  3.8164732E-08  4.7070135E-07  6.8207548E-06  7.7408865E-10  1.7160381E-09  9.2048308E-07  2.3543589E-08  0.000E+00  0.0064  3.774435   -9.888  4.751742  8.000947  0.0000000E+00  9.9105226E-01  8.9010441E-03  0.0000000E+00  7.3143638E-06  3.7568009E-05  1.7023853E-10  6.6513469E-08  9.2049078E-07  2.4409580E-08  0.000E+00  0.000E+00  0.000E+00  1.000E+00  1.000E+00  1.56E+02  0.00E+00  0.00E+00  0.000000  0.001658  0.0000000E+00  0.0000000000E+00
209  6.278522940195618E+08    1.998976  2.084055  3.768065  7.4794740E-01  2.5178760E-01  9.4472462E-07  3.8164732E-08  4.7070135E-07  6.8207548E-06  7.7408865E-10  1.7160381E-09  9.2048308E-07  2.3543589E-08  0.000E+00  0.0067  3.768065   -9.887  4.774248  8.000744  0.0000000E+00  9.9072593E-01  9.2202823E-03  0.0000000E+00  7.3130963E-06  4.4635602E-05  1.6961546E-10  6.8078306E-08  9.2049151E-07  2.4488783E-08  0.000E+00  0.000E+00  0.000E+00  1.000E+00  1.000E+00  1.54E+02  0.00E+00  0.00E+00  0.000000  0.001631  0.0000000E+00  0.0000000000E+00
210  6.286875525133826E+08    1.998867  2.056604  3.744071  7.4794740E-01  2.5178760E-01  9.4472462E-07  3.8164732E-08  4.7070135E-07  6.8207548E-06  7.7408865E-10  1.7160381E-09  9.2048308E-07  2.3543589E-08  0.000E+00  0.0350  3.744071   -9.881  4.809523  8.028370  0.0000000E+00  9.9039960E-01  9.5508107E-03  0.0000000E+00  7.3121267E-06  4.0443179E-05  1.7007644E-10  6.9322306E-08  9.2049099E-07  2.4491971E-08  0.000E+00  0.000E+00  0.000E+00  1.000E+00  1.000E+00  1.48E+02  0.00E+00  0.00E+00  0.000000  0.001531  0.0000000E+00  0.0000000000E+00
211  6.317774636776304E+08    1.998428  2.115496  3.772763  7.4794740E-01  2.5178760E-01  9.4472462E-07  3.8164732E-08  4.7070135E-07  6.8207548E-06  7.7408865E-10  1.7160381E-09  9.2048308E-07  2.3543589E-08  0.000E+00  0.0444  3.772763   -9.848  4.679344  8.035061  0.0000000E+00  9.7949980E-01  2.0316744E-02  0.0000000E+00  7.2417203E-06  1.7428671E-04  1.6051991E-10  1.5660415E-07  9.2050277E-07  2.8452746E-08  0.000E+00  0.000E+00  0.000E+00  1.000E+00  1.000E+00  1.53E+02  0.00E+00  0.00E+00  0.000000  0.001754  0.0000000E+00  0.0000000000E+00
212  6.344477199120418E+08    1.998059  2.132579  3.797104  7.4794740E-01  2.5178760E-01  9.4472462E-07  3.8164732E-08  4.7070135E-07  6.8207548E-06  7.7408865E-10  1.7160381E-09  9.2048308E-07  2.3543589E-08  0.000E+00  0.0458  3.797104   -9.871  4.641580  8.038304  0.0000000E+00  9.6860000E-01  3.0980759E-02  0.0000000E+00  7.1611162E-06  4.1004268E-04  1.5068203E-10  2.5374059E-07  9.2051607E-07  3.6393982E-08  0.000E+00  0.000E+00  0.000E+00  1.000E+00  1.000E+00  1.60E+02  0.00E+00  0.00E+00  0.000000  0.001825  0.0000000E+00  0.0000000000E+00
213  6.370838879524837E+08    1.997715  2.147031  3.819926  7.4794740E-01  2.5178760E-01  9.4472462E-07  3.8164732E-08  4.7070135E-07  6.8207548E-06  7.7408865E-10  1.7160381E-09  9.2048308E-07  2.3543589E-08  0.000E+00  0.0489  3.819926   -9.895  4.606352  8.041927  0.0000000E+00  9.5770020E-01  4.1557313E-02  0.0000000E+00  7.0662876E-06  7.3324569E-04  1.4152348E-10  3.6457534E-07  9.2053051E-07  4.9945702E-08  0.000E+00  0.000E+00  0.000E+00  1.000E+00  1.000E+00  1.67E+02  0.00E+00  0.00E+00  0.000000  0.001886  0.0000000E+00  0.0000000000E+00
214  6.396512147640535E+08    1.997395  2.159743  3.838097  7.4794740E-01  2.5178760E-01  9.4472462E-07  3.8164732E-08  4.7070135E-07  6.8207548E-06  7.7408865E-10  1.7160381E-09  9.2048308E-07  2.3543589E-08  0.000E+00  0.0520  3.838097   -9.912  4.574183  8.045347  0.0000000E+00  9.4680039E-01  5.2050252E-02  0.0000000E+00  6.9559486E-06  1.1400972E-03  1.3297417E-10  4.8916707E-07  9.2054696E-07  7.1056756E-08  0.000E+00  0.000E+00  0.000E+00  1.000E+00  1.000E+00  1.73E+02  0.00E+00  0.00E+00  0.000000  0.001943  0.0000000E+00  0.0000000000E+00
215  6.421027570014868E+08    1.997100  2.171003  3.852697  7.4794740E-01  2.5178760E-01  9.4472462E-07  3.8164732E-08  4.7070135E-07  6.8207548E-06  7.7408865E-10  1.7160381E-09  9.2048308E-07  2.3543589E-08  0.000E+00  0.0551  3.852697   -9.925  4.545240  8.048475  0.0000000E+00  9.3590059E-01  6.2465991E-02  0.0000000E+00  6.8297211E-06  1.6240831E-03  1.2496617E-10  6.2640182E-07  9.2056622E-07  1.0168273E-07  0.000E+00  0.000E+00  0.000E+00  1.000E+00  1.000E+00  1.78E+02  0.00E+00  0.00E+00  0.000000  0.001995  0.0000000E+00  0.0000000000E+00
216  6.448497899180480E+08    1.996777  2.182909  3.866729  7.4794740E-01  2.5178760E-01  9.4472462E-07  3.8164732E-08  4.7070135E-07  6.8207548E-06  7.7408865E-10  1.7160381E-09  9.2048308E-07  2.3543589E-08  0.000E+00  0.0594  3.866729   -9.935  4.514398  8.051883  0.0000000E+00  9.2500079E-01  7.2776890E-02  0.0000000E+00  6.6791873E-06  2.2129525E-03  1.1767171E-10  7.8165241E-07  9.2059039E-07  1.4848484E-07  0.000E+00  0.000E+00  0.000E+00  1.000E+00  1.000E+00  1.83E+02  0.00E+00  0.00E+00  0.000000  0.002050  0.0000000E+00  0.0000000000E+00
217  6.477658250954719E+08    1.996441  2.195011  3.879722  7.4794740E-01  2.5178760E-01  9.4472462E-07  3.8164732E-08  4.7070135E-07  6.8207548E-06  7.7408865E-10  1.7160381E-09  9.2048308E-07  2.3543589E-08  0.000E+00  0.0653  3.879722   -9.942  4.483085  8.055378  0.0000000E+00  9.1410099E-01  8.2969611E-02  0.0000000E+00  6.5002650E-06  2.9200100E-03  1.1107817E-10  9.5429626E-07  9.2062176E-07  2.1863893E-07  0.000E+00  0.000E+00  0.000E+00  1.000E+00  1.000E+00  1.87E+02  0.00E+00  0.00E+00  0.000000  0.002109  0.0000000E+00  0.0000000000E+00
218  6.506836299793960E+08    1.996111  2.206529  3.891081  7.4794740E-01  2.5178760E-01  9.4472462E-07  3.8164732E-08  4.7070135E-07  6.8207548E-06  7.7408865E-10  1.7160381E-09  9.2048308E-07  2.3543589E-08  0.000E+00  0.0629  3.891081   -9.948  4.452635  8.058706  0.0000000E+00  9.0320119E-01  9.3067343E-02  1.4779515E-70  6.2904958E-06  3.7219715E-03  1.0498789E-10  1.1430665E-06  9.2066205E-07  3.1755638E-07  0.000E+00  0.000E+00  0.000E+00  1.000E+00  1.000E+00  1.91E+02  0.00E+00  0.00E+00  0.000000  0.002166  0.0000000E+00  0.0000000000E+00
219  6.520749414192387E+08    1.995954  2.211867  3.895670  7.4794740E-01  2.5178760E-01  9.4472462E-07  3.8164732E-08  4.7070135E-07  6.8207548E-06  7.7408865E-10  1.7160381E-09  9.2048308E-07  2.3543589E-08  0.000E+00  0.0564  3.895670   -9.949  4.442238  8.060424  0.0000000E+00  8.9230139E-01  1.0327643E-01  0.0000000E+00  6.1071423E-06  4.4126038E-03  9.8168241E-11  1.3082985E-06  9.2069847E-07  4.0373262E-07  0.000E+00  0.000E+00  0.000E+00  1.000E+00  1.000E+00  1.92E+02  0.00E+00  0.00E+00  0.000000  0.002193  0.0000000E+00  0.0000000000E+00
220  6.533175708193153E+08    1.995815  2.216639  3.899977  7.4794740E-01  2.5178760E-01  9.4472462E-07  3.8164732E-08  4.7070135E-07  6.8207548E-06  7.7408865E-10  1.7160381E-09  9.2048308E-07  2.3543589E-08  0.000E+00  0.0579  3.899977   -9.951  4.431948  8.062015  0.0000000E+00  8.8140159E-01  1.1342283E-01  0.0000000E+00  5.9163837E-06  5.1659513E-03  9.1724968E-11  1.4697050E-06  9.2073994E-07  5.0622078E-07  0.000E+00  0.000E+00  0.000E+00  1.000E+00  1.000E+00  1.93E+02  0.00E+00  0.00E+00  0.000000  0.002217  0.0000000E+00  0.0000000000E+00
221  6.546384927040694E+08    1.995667  2.221594  3.904396  7.4794740E-01  2.5178760E-01  9.4472462E-07  3.8164732E-08  4.7070135E-07  6.8207548E-06  7.7408865E-10  1.7160381E-09  9.2048308E-07  2.3543589E-08  0.000E+00  0.0596  3.904396   -9.952  4.421416  8.063624  0.0000000E+00  8.7050178E-01  1.2349884E-01  0.0000000E+00  5.7175272E-06  5.9896714E-03  8.5667928E-11  1.6256120E-06  9.2078788E-07  6.2815547E-07  0.000E+00  0.000E+00  0.000E+00  1.000E+00  1.000E+00  1.95E+02  0.00E+00  0.00E+00  0.000000  0.002242  0.0000000E+00  0.0000000000E+00
222  6.558389725214421E+08    1.995533  2.226079  3.908186  7.4794740E-01  2.5178760E-01  9.4472462E-07  3.8164732E-08  4.7070135E-07  6.8207548E-06  7.7408865E-10  1.7160381E-09  9.2048308E-07  2.3543589E-08  0.000E+00  0.0613  3.908186   -9.953  4.412199  8.065158  0.0000000E+00  8.5960198E-01  1.3351818E-01  0.0000000E+00  5.5122633E-06  6.8700376E-03  7.9923171E-11  1.7756008E-06  9.2084178E-07  7.6739199E-07  0.000E+00  0.000E+00  0.000E+00  1.000E+00  1.000E+00  1.96E+02  0.00E+00  0.00E+00  0.000000  0.002266  0.0000000E+00  0.0000000000E+00
223  6.572367860012478E+08    1.995378  2.231216  3.912506  7.4794740E-01  2.5178760E-01  9.4472462E-07  3.8164732E-08  4.7070135E-07  6.8207548E-06  7.7408865E-10  1.7160381E-09  9.2048308E-07  2.3543589E-08  0.000E+00  0.0630  3.912506   -9.954  4.401286  8.066853  0.0000000E+00  8.4870218E-01  1.4344873E-01  0.0000000E+00  5.2972305E-06  7.8391456E-03  7.4645011E-11  1.9151901E-06  9.2090596E-07  9.3468986E-07  0.000E+00  0.000E+00  0.000E+00  1.000E+00  1.000E+00  1.97E+02  0.00E+00  0.00E+00  0.000000  0.002293  0.0000000E+00  0.0000000000E+00
224  6.583415671998836E+08    1.995254  2.235265  3.915870  7.4794740E-01  2.5178760E-01  9.4472462E-07  3.8164732E-08  4.7070135E-07  6.8207548E-06  7.7408865E-10  1.7160381E-09  9.2048308E-07  2.3543589E-08  0.000E+00  0.0645  3.915870   -9.954  4.392965  8.068281  0.0000000E+00  8.3780238E-01  1.5335177E-01  0.0000000E+00  5.0792663E-06  8.8358532E-03  6.9496509E-11  2.0495985E-06  9.2097462E-07  1.1129262E-06  0.000E+00  0.000E+00  0.000E+00  1.000E+00  1.000E+00  1.98E+02  0.00E+00  0.00E+00  0.000000  0.002315  0.0000000E+00  0.0000000000E+00
225  6.595872795202061E+08    1.995116  2.239751  3.919505  7.4794740E-01  2.5178760E-01  9.4472462E-07  3.8164732E-08  4.7070135E-07  6.8207548E-06  7.7408865E-10  1.7160381E-09  9.2048308E-07  2.3543589E-08  0.000E+00  0.0663  3.919505   -9.955  4.383847  8.069812  0.0000000E+00  8.2690258E-01  1.6316294E-01  0.0000000E+00  4.8528045E-06  9.9243626E-03  6.4799850E-11  2.1694946E-06  9.2105580E-07  1.3222524E-06  0.000E+00  0.000E+00  0.000E+00  1.000E+00  1.000E+00  2.00E+02  0.00E+00  0.00E+00  0.000000  0.002339  0.0000000E+00  0.0000000000E+00
226  6.609501033086957E+08    1.994964  2.244592  3.923375  7.4794740E-01  2.5178760E-01  9.4472462E-07  3.8164732E-08  4.7070135E-07  6.8207548E-06  7.7408865E-10  1.7160381E-09  9.2048308E-07  2.3543589E-08  0.000E+00  0.0684  3.923375   -9.955  4.373896  8.071421  0.0000000E+00  8.1600278E-01  1.7287849E-01  0.0000000E+00  4.6174416E-06  1.1108540E-02  6.0555992E-11  2.2725080E-06  9.2115184E-07  1.5661996E-06  0.000E+00  0.000E+00  0.000E+00  1.000E+00  1.000E+00  2.01E+02  0.00E+00  0.00E+00  0.000000  0.002365  0.0000000E+00  0.0000000000E+00
227  6.622862407400624E+08    1.994817  2.249309  3.926986  7.4794740E-01  2.5178760E-01  9.4472462E-07  3.8164732E-08  4.7070135E-07  6.8207548E-06  7.7408865E-10  1.7160381E-09  9.2048308E-07  2.3543589E-08  0.000E+00  0.0712  3.926986   -9.955  4.364492  8.073027  0.0000000E+00  8.0510298E-01  1.8253263E-01  0.0000000E+00  4.3769848E-06  1.2354013E-02  5.6576135E-11  2.3617995E-06  9.2126035E-07  1.8349219E-06  0.000E+00  0.000E+00  0.000E+00  1.000E+00  1.000E+00  2.02E+02  0.00E+00  0.00E+00  0.000000  0.002391  0.0000000E+00  0.0000000000E+00
228  6.644421686511818E+08    1.994578  2.256877  3.932775  7.4794740E-01  2.5178760E-01  9.4472462E-07  3.8164732E-08  4.7070135E-07  6.8207548E-06  7.7408865E-10  1.7160381E-09  9.2048308E-07  2.3543589E-08  0.000E+00  0.0705  3.932775   -9.955  4.346447  8.075345  0.0000000E+00  7.9420317E-01  1.9167755E-01  0.0000000E+00  4.0716063E-06  1.4108806E-02  5.5104292E-11  2.3968567E-06  9.2144261E-07  2.2719460E-06  0.000E+00  0.000E+00  0.000E+00  1.000E+00  1.000E+00  2.04E+02  0.00E+00  0.00E+00  0.000000  0.002434  0.0000000E+00  0.0000000000E+00
229  6.653649408348938E+08    1.994476  2.260005  3.935335  7.4794740E-01  2.5178760E-01  9.4472462E-07  3.8164732E-08  4.7070135E-07  6.8207548E-06  7.7408865E-10  1.7160381E-09  9.2048308E-07  2.3543589E-08  0.000E+00  0.0721  3.935335   -9.956  4.340368  8.076549  0.0000000E+00  7.8330337E-01  2.0130787E-01  0.0000000E+00  3.8296112E-06  1.5378167E-02  5.1023065E-11  2.4731852E-06  9.2156736E-07  2.5589277E-06  0.000E+00  0.000E+00  0.000E+00  1.000E+00  1.000E+00  2.05E+02  0.00E+00  0.00E+00  0.000000  0.002451  0.0000000E+00  0.0000000000E+00
230  6.663330555626371E+08    1.994368  2.263285  3.937938  7.4794740E-01  2.5178760E-01  9.4472462E-07  3.8164732E-08  4.7070135E-07  6.8207548E-06  7.7408865E-10  1.7160381E-09  9.2048308E-07  2.3543589E-08  0.000E+00  0.0737  3.937938   -9.956  4.333919  8.077795  0.0000000E+00  7.7240357E-01  2.1087391E-01  0.0000000E+00  3.5885683E-06  1.6711798E-02  4.7207510E-11  2.5297361E-06  9.2170561E-07  2.8685849E-06  0.000E+00  0.000E+00  0.000E+00  1.000E+00  1.000E+00  2.05E+02  0.00E+00  0.00E+00  0.000000  0.002470  0.0000000E+00  0.0000000000E+00
231  6.672538910318688E+08    1.994266  2.266403  3.940361  7.4794740E-01  2.5178760E-01  9.4472462E-07  3.8164732E-08  4.7070135E-07  6.8207548E-06  7.7408865E-10  1.7160381E-09  9.2048308E-07  2.3543589E-08  0.000E+00  0.0755  3.940361   -9.956  4.327940  8.079006  0.0000000E+00  7.6150377E-01  2.2038282E-01  0.0000000E+00  3.3490921E-06  1.8102562E-02  4.3619508E-11  2.5682742E-06  9.2185681E-07  3.1977948E-06  0.000E+00  0.000E+00  0.000E+00  1.000E+00  1.000E+00  2.06E+02  0.00E+00  0.00E+00  0.000000  0.002488  0.0000000E+00  0.0000000000E+00
232  6.691908133429539E+08    1.994053  2.272900  3.945070  7.4794740E-01  2.5178760E-01  9.4472462E-07  3.8164732E-08  4.7070135E-07  6.8207548E-06  7.7408865E-10  1.7160381E-09  9.2048308E-07  2.3543589E-08  0.000E+00  0.0746  3.945070   -9.956  4.312643  8.081108  0.0000000E+00  7.5060397E-01  2.2915520E-01  0.0000000E+00  3.0572692E-06  2.0229790E-02  4.3213747E-11  2.4771569E-06  9.2214438E-07  3.7677219E-06  0.000E+00  0.000E+00  0.000E+00  1.000E+00  1.000E+00  2.08E+02  0.00E+00  0.00E+00  0.000000  0.002526  0.0000000E+00  0.0000000000E+00
233  6.700175804540992E+08    1.993961  2.275618  3.947234  7.4794740E-01  2.5178760E-01  9.4472462E-07  3.8164732E-08  4.7070135E-07  6.8207548E-06  7.7408865E-10  1.7160381E-09  9.2048308E-07  2.3543589E-08  0.000E+00  0.0760  3.947234   -9.956  4.307600  8.082222  0.0000000E+00  7.3970417E-01  2.3856073E-01  0.0000000E+00  2.8209892E-06  2.1723899E-02  3.9803580E-11  2.4882101E-06  9.2233130E-07  4.1254987E-06  0.000E+00  0.000E+00  0.000E+00  1.000E+00  1.000E+00  2.08E+02  0.00E+00  0.00E+00  0.000000  0.002542  0.0000000E+00  0.0000000000E+00
234  6.708353680042485E+08    1.993870  2.278294  3.949312  7.4794740E-01  2.5178760E-01  9.4472462E-07  3.8164732E-08  4.7070135E-07  6.8207548E-06  7.7408865E-10  1.7160381E-09  9.2048308E-07  2.3543589E-08  0.000E+00  0.0779  3.949312   -9.956  4.302638  8.083350  0.0000000E+00  7.2880437E-01  2.4790458E-01  0.0000000E+00  2.5907771E-06  2.3279770E-02  3.6613727E-11  2.4784693E-06  9.2253481E-07  4.4991537E-06  0.000E+00  0.000E+00  0.000E+00  1.000E+00  1.000E+00  2.09E+02  0.00E+00  0.00E+00  0.000000  0.002558  0.0000000E+00  0.0000000000E+00
235  6.716652372491326E+08    1.993779  2.280992  3.951376  7.4794740E-01  2.5178760E-01  9.4472462E-07  3.8164732E-08  4.7070135E-07  6.8207548E-06  7.7408865E-10  1.7160381E-09  9.2048308E-07  2.3543589E-08  0.000E+00  0.0791  3.951376   -9.956  4.297547  8.084505  0.0000000E+00  7.1790456E-01  2.5718437E-01  0.0000000E+00  2.3675800E-06  2.4899604E-02  3.3639691E-11  2.4482107E-06  9.2275652E-07  4.8868608E-06  0.000E+00  0.000E+00  0.000E+00  1.000E+00  1.000E+00  2.10E+02  0.00E+00  0.00E+00  0.000000  0.002574  0.0000000E+00  0.0000000000E+00
236  6.725311353281617E+08    1.993683  2.283775  3.953481  7.4794740E-01  2.5178760E-01  9.4472462E-07  3.8164732E-08  4.7070135E-07  6.8207548E-06  7.7408865E-10  1.7160381E-09  9.2048308E-07  2.3543589E-08  0.000E+00  0.0809  3.953481   -9.956  4.292290  8.085683  0.0000000E+00  7.0700476E-01  2.6636718E-01  0.0000000E+00  2.1516971E-06  2.6616462E-02  3.0989434E-11  2.3920095E-06  9.2300518E-07  5.2947794E-06  0.000E+00  0.000E+00  0.000E+00  1.000E+00  1.000E+00  2.10E+02  0.00E+00  0.00E+00  0.000000  0.002590  0.0000000E+00  0.0000000000E+00
237  6.735258291234326E+08    1.993573  2.286977  3.955781  7.4794740E-01  2.5178760E-01  9.4472462E-07  3.8164732E-08  4.7070135E-07  6.8207548E-06  7.7408865E-10  1.7160381E-09  9.2048308E-07  2.3543589E-08  0.000E+00  0.0822  3.955781   -9.956  4.286119  8.086997  0.0000000E+00  6.9610496E-01  2.7533745E-01  0.0000000E+00  1.9410115E-06  2.8545820E-02  2.9059923E-11  2.2908506E-06  9.2330990E-07  5.7494746E-06  0.000E+00  0.000E+00  0.000E+00  1.000E+00  1.000E+00  2.11E+02  0.00E+00  0.00E+00  0.000000  0.002610  0.0000000E+00  0.0000000000E+00
238  6.745277698051081E+08    1.993462  2.290180  3.958118  7.4794740E-01  2.5178760E-01  9.4472462E-07  3.8164732E-08  4.7070135E-07  6.8207548E-06  7.7408865E-10  1.7160381E-09  9.2048308E-07  2.3543589E-08  0.000E+00  0.0803  3.958118   -9.956  4.279471  8.088334  0.0000000E+00  6.8520516E-01  2.8418541E-01  0.0000000E+00  1.7397291E-06  3.0597573E-02  2.7429708E-11  2.1680245E-06  9.2365635E-07  6.2158719E-06  0.000E+00  0.000E+00  0.000E+00  1.000E+00  1.000E+00  2.12E+02  0.00E+00  0.00E+00  0.000000  0.002629  0.0000000E+00  0.0000000000E+00
239  6.752427118791131E+08    1.993383  2.292434  3.959761  7.4794740E-01  2.5178760E-01  9.4472462E-07  3.8164732E-08  4.7070135E-07  6.8207548E-06  7.7408865E-10  1.7160381E-09  9.2048308E-07  2.3543589E-08  0.000E+00  0.0810  3.959761   -9.956  4.275786  8.089435  0.0000000E+00  6.7430536E-01  2.9321993E-01  0.0000000E+00  1.5504945E-06  3.2462740E-02  2.5022226E-11  2.0824409E-06  9.2396624E-07  6.6178209E-06  0.000E+00  0.000E+00  0.000E+00  1.000E+00  1.000E+00  2.12E+02  0.00E+00  0.00E+00  0.000000  0.002643  0.0000000E+00  0.0000000000E+00
240  6.759509598375442E+08    1.993304  2.294653  3.961379  7.4794740E-01  2.5178760E-01  9.4472462E-07  3.8164732E-08  4.7070135E-07  6.8207548E-06  7.7408865E-10  1.7160381E-09  9.2048308E-07  2.3543589E-08  0.000E+00  0.0818  3.961379   -9.956  4.272148  8.090535  0.0000000E+00  6.6340556E-01  3.0218665E-01  0.0000000E+00  1.3729280E-06  3.4395679E-02  2.2786596E-11  1.9824417E-06  9.2430135E-07  7.0190513E-06  0.000E+00  0.000E+00  0.000E+00  1.000E+00  1.000E+00  2.13E+02  0.00E+00  0.00E+00  0.000000  0.002657  0.0000000E+00  0.0000000000E+00
241  6.774005911707121E+08    1.993144  2.299212  3.964504  7.4794740E-01  2.5178760E-01  9.4472462E-07  3.8164732E-08  4.7070135E-07  6.8207548E-06  7.7408865E-10  1.7160381E-09  9.2048308E-07  2.3543589E-08  0.000E+00  0.0809  3.964504   -9.955  4.261731  8.092293  0.0000000E+00  6.5250576E-01  3.1017791E-01  0.0000000E+00  1.2393345E-06  3.7304045E-02  2.3565202E-11  1.7083185E-06  9.2492297E-07  7.5639759E-06  0.000E+00  0.000E+00  0.000E+00  1.000E+00  1.000E+00  2.14E+02  0.00E+00  0.00E+00  0.000000  0.002685  0.0000000E+00  0.0000000000E+00
242  6.780595615380197E+08    1.993071  2.301229  3.966013  7.4794740E-01  2.5178760E-01  9.4472462E-07  3.8164732E-08  4.7070135E-07  6.8207548E-06  7.7408865E-10  1.7160381E-09  9.2048308E-07  2.3543589E-08  0.000E+00  0.0823  3.966013   -9.955  4.258498  8.093365  0.0000000E+00  6.4160595E-01  3.1901916E-01  0.0000000E+00  1.0779941E-06  3.9362543E-02  2.1365103E-11  1.6172988E-06  9.2532437E-07  7.9287278E-06  0.000E+00  0.000E+00  0.000E+00  1.000E+00  1.000E+00  2.14E+02  0.00E+00  0.00E+00  0.000000  0.002697  0.0000000E+00  0.0000000000E+00
243  6.810933179687068E+08    1.992734  2.310401  3.972442  7.4794740E-01  2.5178760E-01  9.4472462E-07  3.8164732E-08  4.7070135E-07  6.8207548E-06  7.7408865E-10  1.7160381E-09  9.2048308E-07  2.3543589E-08  0.000E+00  0.0787  3.972442   -9.954  4.236326  8.096487  0.0000000E+00  6.3070615E-01  3.2443637E-01  0.0000000E+00  1.1406822E-06  4.4844998E-02  2.8469905E-11  1.0351977E-06  9.2689236E-07  8.5415524E-06  0.000E+00  0.000E+00  0.000E+00  1.000E+00  1.000E+00  2.16E+02  0.00E+00  0.00E+00  0.000000  0.002756  0.0000000E+00  0.0000000000E+00
244  6.816668161674918E+08    1.992670  2.312321  3.973303  7.4794740E-01  2.5178760E-01  9.4472462E-07  3.8164732E-08  4.7070135E-07  6.8207548E-06  7.7408865E-10  1.7160381E-09  9.2048308E-07  2.3543589E-08  0.000E+00  0.0809  3.973303   -9.953  4.231834  8.097470  0.0000000E+00  6.1980635E-01  3.3317634E-01  0.0000000E+00  9.6411794E-07  4.7004732E-02  2.5662086E-11  1.0458236E-06  9.2740196E-07  8.8059869E-06  0.000E+00  0.000E+00  0.000E+00  1.000E+00  1.000E+00  2.16E+02  0.00E+00  0.00E+00  0.000000  0.002768  0.0000000E+00  0.0000000000E+00
245  6.822590193337828E+08    1.992604  2.314063  3.974584  7.4794740E-01  2.5178760E-01  9.4472462E-07  3.8164732E-08  4.7070135E-07  6.8207548E-06  7.7408865E-10  1.7160381E-09  9.2048308E-07  2.3543589E-08  0.000E+00  0.0820  3.974584   -9.953  4.229219  8.098531  0.0000000E+00  6.0890655E-01  3.4183587E-01  0.0000000E+00  8.0767984E-07  4.9244896E-02  2.3081085E-11  1.0223319E-06  9.2794893E-07  9.0804913E-06  0.000E+00  0.000E+00  0.000E+00  1.000E+00  1.000E+00  2.17E+02  0.00E+00  0.00E+00  0.000000  0.002779  0.0000000E+00  0.0000000000E+00
246  6.828307498536018E+08    1.992541  2.315752  3.975849  7.4794740E-01  2.5178760E-01  9.4472462E-07  3.8164732E-08  4.7070135E-07  6.8207548E-06  7.7408865E-10  1.7160381E-09  9.2048308E-07  2.3543589E-08  0.000E+00  0.0831  3.975849   -9.953  4.226586  8.099587  0.0000000E+00  5.9800675E-01  3.5042004E-01  0.0000000E+00  6.6954644E-07  5.1560445E-02  2.0705793E-11  9.7379150E-07  9.2853399E-07  9.3568436E-06  0.000E+00  0.000E+00  0.000E+00  1.000E+00  1.000E+00  2.17E+02  0.00E+00  0.00E+00  0.000000  0.002790  0.0000000E+00  0.0000000000E+00
247  6.834171150558857E+08    1.992476  2.317477  3.977067  7.4794740E-01  2.5178760E-01  9.4472462E-07  3.8164732E-08  4.7070135E-07  6.8207548E-06  7.7408865E-10  1.7160381E-09  9.2048308E-07  2.3543589E-08  0.000E+00  0.0844  3.977067   -9.953  4.224119  8.100670  0.0000000E+00  5.8710695E-01  3.5892074E-01  0.0000000E+00  5.5009663E-07  5.3959417E-02  1.8539137E-11  9.0513231E-07  9.2916268E-07  9.6284228E-06  0.000E+00  0.000E+00  0.000E+00  1.000E+00  1.000E+00  2.18E+02  0.00E+00  0.00E+00  0.000000  0.002801  0.0000000E+00  0.0000000000E+00
248  6.840418984121588E+08    1.992406  2.319302  3.978341  7.4794740E-01  2.5178760E-01  9.4472462E-07  3.8164732E-08  4.7070135E-07  6.8207548E-06  7.7408865E-10  1.7160381E-09  9.2048308E-07  2.3543589E-08  0.000E+00  0.0856  3.978341   -9.952  4.221367  8.101791  0.0000000E+00  5.7620715E-01  3.6732763E-01  0.0000000E+00  4.4969458E-07  5.6452328E-02  1.6590086E-11  8.2160431E-07  9.2984347E-07  9.8882393E-06  0.000E+00  0.000E+00  0.000E+00  1.000E+00  1.000E+00  2.18E+02  0.00E+00  0.00E+00  0.000000  0.002813  0.0000000E+00  0.0000000000E+00
249  6.846166765949277E+08    1.992341  2.320981  3.979505  7.4794740E-01  2.5178760E-01  9.4472462E-07  3.8164732E-08  4.7070135E-07  6.8207548E-06  7.7408865E-10  1.7160381E-09  9.2048308E-07  2.3543589E-08  0.000E+00  0.0867  3.979505   -9.952  4.219085  8.102884  0.0000000E+00  5.6530734E-01  3.7566721E-01  0.0000000E+00  3.6106245E-07  5.9012463E-02  1.4776732E-11  7.3466999E-07  9.3056470E-07  1.0133721E-05  0.000E+00  0.000E+00  0.000E+00  1.000E+00  1.000E+00  2.18E+02  0.00E+00  0.00E+00  0.000000  0.002824  0.0000000E+00  0.0000000000E+00
250  6.852824024468051E+08    1.992267  2.322932  3.980845  7.4794740E-01  2.5178760E-01  9.4472462E-07  3.8164732E-08  4.7070135E-07  6.8207548E-06  7.7408865E-10  1.7160381E-09  9.2048308E-07  2.3543589E-08  0.000E+00  0.0881  3.980845   -9.952  4.215874  8.104071  0.0000000E+00  5.5440754E-01  3.8387802E-01  0.0000000E+00  2.9436105E-07  6.1701354E-02  1.3221486E-11  6.3997031E-07  9.3136320E-07  1.0354227E-05  0.000E+00  0.000E+00  0.000E+00  1.000E+00  1.000E+00  2.19E+02  0.00E+00  0.00E+00  0.000000  0.002837  0.0000000E+00  0.0000000000E+00
251  6.879908208708160E+08    1.991964  2.330630  3.985535  7.4794740E-01  2.5178760E-01  9.4472462E-07  3.8164732E-08  4.7070135E-07  6.8207548E-06  7.7408865E-10  1.7160381E-09  9.2048308E-07  2.3543589E-08  0.000E+00  0.0838  3.985535   -9.950  4.196489  8.106977  0.0000000E+00  5.4350774E-01  3.8777797E-01  0.0000000E+00  5.8887503E-07  6.8701372E-02  1.9788885E-11  3.6698598E-07  9.3437470E-07  1.0224867E-05  0.000E+00  0.000E+00  0.000E+00  1.000E+00  1.000E+00  2.20E+02  0.00E+00  0.00E+00  0.000000  0.002888  0.0000000E+00  0.0000000000E+00
252  6.884709050668272E+08    1.991910  2.332180  3.986490  7.4794740E-01  2.5178760E-01  9.4472462E-07  3.8164732E-08  4.7070135E-07  6.8207548E-06  7.7408865E-10  1.7160381E-09  9.2048308E-07  2.3543589E-08  0.000E+00  0.0847  3.986490   -9.949  4.194710  8.108017  0.0000000E+00  5.3260794E-01  3.9592539E-01  0.0000000E+00  4.4296850E-07  7.1453629E-02  1.7418955E-11  4.2731044E-07  9.3532670E-07  1.0380359E-05  0.000E+00  0.000E+00  0.000E+00  1.000E+00  1.000E+00  2.21E+02  0.00E+00  0.00E+00  0.000000  0.002898  0.0000000E+00  0.0000000000E+00
253  6.889706753105052E+08    1.991854  2.333566  3.987483  7.4794740E-01  2.5178760E-01  9.4472462E-07  3.8164732E-08  4.7070135E-07  6.8207548E-06  7.7408865E-10  1.7160381E-09  9.2048308E-07  2.3543589E-08  0.000E+00  0.0858  3.987483   -9.949  4.193019  8.109081  0.0000000E+00  5.2170814E-01  4.0397874E-01  0.0000000E+00  3.2854320E-07  7.4300008E-02  1.5289217E-11  4.3104423E-07  9.3634508E-07  1.0555544E-05  0.000E+00  0.000E+00  0.000E+00  1.000E+00  1.000E+00  2.21E+02  0.00E+00  0.00E+00  0.000000  0.002908  0.0000000E+00  0.0000000000E+00
254  6.894530616550019E+08    1.991800  2.334914  3.988388  7.4794740E-01  2.5178760E-01  9.4472462E-07  3.8164732E-08  4.7070135E-07  6.8207548E-06  7.7408865E-10  1.7160381E-09  9.2048308E-07  2.3543589E-08  0.000E+00  0.0868  3.988388   -9.949  4.191628  8.110157  0.0000000E+00  5.1080834E-01  4.1194273E-01  0.0000000E+00  2.3888908E-07  7.7235809E-02  1.3368929E-11  4.0179673E-07  9.3742997E-07  1.0732110E-05  0.000E+00  0.000E+00  0.000E+00  1.000E+00  1.000E+00  2.21E+02  0.00E+00  0.00E+00  0.000000  0.002917  0.0000000E+00  0.0000000000E+00
255  6.913881073869101E+08    1.991582  2.340063  3.991757  7.4794740E-01  2.5178760E-01  9.4472462E-07  3.8164732E-08  4.7070135E-07  6.8207548E-06  7.7408865E-10  1.7160381E-09  9.2048308E-07  2.3543589E-08  0.000E+00  0.0852  3.991757   -9.948  4.178908  8.112410  0.0000000E+00  4.9990854E-01  4.1690880E-01  4.4360429E-74  3.9597532E-07  8.3169622E-02  1.5962032E-11  2.5086782E-07  9.4046508E-07  1.0669555E-05  0.000E+00  0.000E+00  0.000E+00  1.000E+00  1.000E+00  2.22E+02  0.00E+00  0.00E+00  0.000000  0.002952  0.0000000E+00  0.0000000000E+00
256  6.918387788459151E+08    1.991531  2.341601  3.992391  7.4794740E-01  2.5178760E-01  9.4472462E-07  3.8164732E-08  4.7070135E-07  6.8207548E-06  7.7408865E-10  1.7160381E-09  9.2048308E-07  2.3543589E-08  0.000E+00  0.0882  3.992391   -9.947  4.177497  8.113516  0.0000000E+00  4.8900873E-01  4.2472466E-01  0.0000000E+00  2.7161913E-07  8.6253448E-02  1.3833705E-11  2.9924782E-07  9.4175580E-07  1.0805767E-05  0.000E+00  0.000E+00  0.000E+00  1.000E+00  1.000E+00  2.22E+02  0.00E+00  0.00E+00  0.000000  0.002962  0.0000000E+00  0.0000000000E+00
257  6.937464181819183E+08    1.991315  2.346630  3.995516  7.4794740E-01  2.5178760E-01  9.4472462E-07  3.8164732E-08  4.7070135E-07  6.8207548E-06  7.7408865E-10  1.7160381E-09  9.2048308E-07  2.3543589E-08  0.000E+00  0.0871  3.995516   -9.946  4.164436  8.115783  0.0000000E+00  4.7810893E-01  4.2902741E-01  7.8120821E-60  3.7583967E-07  9.2850541E-02  1.6047316E-11  2.3891896E-07  9.4563543E-07  1.0715522E-05  0.000E+00  0.000E+00  0.000E+00  1.000E+00  1.000E+00  2.23E+02  0.00E+00  0.00E+00  0.000000  0.002998  0.0000000E+00  0.0000000000E+00
258  6.941820306822922E+08    1.991266  2.348051  3.996179  7.4794740E-01  2.5178760E-01  9.4472462E-07  3.8164732E-08  4.7070135E-07  6.8207548E-06  7.7408865E-10  1.7160381E-09  9.2048308E-07  2.3543589E-08  0.000E+00  0.0901  3.996179   -9.945  4.163251  8.116889  0.0000000E+00  4.6720913E-01  4.3667864E-01  3.6999843E-63  2.4091680E-07  9.6099032E-02  1.3769458E-11  2.8893661E-07  9.4717656E-07  1.0866329E-05  0.000E+00  0.000E+00  0.000E+00  1.000E+00  1.000E+00  2.23E+02  0.00E+00  0.00E+00  0.000000  0.003007  0.0000000E+00  0.0000000000E+00
259  6.946480634099709E+08    1.991213  2.349276  3.996981  7.4794740E-01  2.5178760E-01  9.4472462E-07  3.8164732E-08  4.7070135E-07  6.8207548E-06  7.7408865E-10  1.7160381E-09  9.2048308E-07  2.3543589E-08  0.000E+00  0.0934  3.996981   -9.945  4.161938  8.118036  0.0000000E+00  4.5630933E-01  4.4421605E-01  6.6495478E-66  1.5247335E-07  9.9461389E-02  1.1776051E-11  2.6810755E-07  9.4882612E-07  1.1030682E-05  0.000E+00  0.000E+00  0.000E+00  1.000E+00  1.000E+00  2.24E+02  0.00E+00  0.00E+00  0.000000  0.003016  0.0000000E+00  0.0000000000E+00
260  6.973258040720809E+08    1.990908  2.356446  4.000702  7.4794740E-01  2.5178760E-01  9.4472462E-07  3.8164732E-08  4.7070135E-07  6.8207548E-06  7.7408865E-10  1.7160381E-09  9.2048308E-07  2.3543589E-08  0.000E+00  0.0891  4.000702   -9.941  4.143315  8.120952  0.0000000E+00  4.4540953E-01  4.4568760E-01  2.0395743E-46  3.3881509E-07  1.0888971E-01  1.4426712E-11  2.3731544E-07  9.5582185E-07  1.0775227E-05  0.000E+00  0.000E+00  0.000E+00  1.000E+00  1.000E+00  2.25E+02  0.00E+00  0.00E+00  0.000000  0.003066  0.0000000E+00  0.0000000000E+00
261  6.977225455175496E+08    1.990862  2.357629  4.001243  7.4794740E-01  2.5178760E-01  9.4472462E-07  3.8164732E-08  4.7070135E-07  6.8207548E-06  7.7408865E-10  1.7160381E-09  9.2048308E-07  2.3543589E-08  0.000E+00  0.0917  4.001243   -9.940  4.142756  8.122098  0.0000000E+00  4.3450973E-01  4.5307583E-01  1.0551371E-36  1.9087439E-07  1.1240119E-01  1.2163723E-11  2.7774668E-07  9.5783388E-07  1.0958193E-05  0.000E+00  0.000E+00  0.000E+00  1.000E+00  1.000E+00  2.25E+02  0.00E+00  0.00E+00  0.000000  0.003075  0.0000000E+00  0.0000000000E+00
262  6.981447313863194E+08    1.990814  2.358717  4.001867  7.4794740E-01  2.5178760E-01  9.4472462E-07  3.8164732E-08  4.7070135E-07  6.8207548E-06  7.7408865E-10  1.7160381E-09  9.2048308E-07  2.3543589E-08  0.000E+00  0.0947  4.001867   -9.940  4.142048  8.123287  0.0000000E+00  4.2360993E-01  4.6033868E-01  1.3848940E-39  1.0568150E-07  1.1603810E-01  1.0210009E-11  2.3565765E-07  9.5998639E-07  1.1143407E-05  0.000E+00  0.000E+00  0.000E+00  1.000E+00  1.000E+00  2.25E+02  0.00E+00  0.00E+00  0.000000  0.003083  0.0000000E+00  0.0000000000E+00
263  6.985970807347072E+08    1.990762  2.359889  4.002517  7.4794740E-01  2.5178760E-01  9.4472462E-07  3.8164732E-08  4.7070135E-07  6.8207548E-06  7.7408865E-10  1.7160381E-09  9.2048308E-07  2.3543589E-08  0.000E+00  0.0983  4.002517   -9.940  4.141076  8.124518  0.0000000E+00  4.1271012E-01  4.6746415E-01  6.3585133E-41  5.9937778E-08  1.1981240E-01  8.5442305E-12  1.7194107E-07  9.6229946E-07  1.1293056E-05  0.000E+00  0.000E+00  0.000E+00  1.000E+00  1.000E+00  2.25E+02  0.00E+00  0.00E+00  0.000000  0.003091  0.0000000E+00  0.0000000000E+00
264  7.011600480334293E+08    1.990466  2.366702  4.005533  7.4794740E-01  2.5178760E-01  9.4472462E-07  3.8164732E-08  4.7070135E-07  6.8207548E-06  7.7408865E-10  1.7160381E-09  9.2048308E-07  2.3543589E-08  0.000E+00  0.0915  4.005533   -9.935  4.123690  8.127453  0.0000000E+00  4.0181032E-01  4.6798523E-01  6.3438822E-29  2.1832362E-07  1.3019121E-01  9.7802126E-12  2.2747926E-07  9.7185636E-07  1.0975985E-05  0.000E+00  0.000E+00  0.000E+00  1.000E+00  1.000E+00  2.26E+02  0.00E+00  0.00E+00  0.000000  0.003140  0.0000000E+00  0.0000000000E+00
265  7.015354180710307E+08    1.990422  2.367704  4.005958  7.4794740E-01  2.5178760E-01  9.4472462E-07  3.8164732E-08  4.7070135E-07  6.8207548E-06  7.7408865E-10  1.7160381E-09  9.2048308E-07  2.3543589E-08  0.000E+00  0.0941  4.005958   -9.935  4.123590  8.128678  0.0000000E+00  3.9091052E-01  4.7492516E-01  1.7755601E-34  1.0030203E-07  1.3415102E-01  8.0171503E-12  2.1225746E-07  9.7466929E-07  1.1179931E-05  0.000E+00  0.000E+00  0.000E+00  1.000E+00  1.000E+00  2.26E+02  0.00E+00  0.00E+00  0.000000  0.003148  0.0000000E+00  0.0000000000E+00
266  7.019400379706907E+08    1.990376  2.368770  4.006365  7.4794740E-01  2.5178760E-01  9.4472462E-07  3.8164732E-08  4.7070135E-07  6.8207548E-06  7.7408865E-10  1.7160381E-09  9.2048308E-07  2.3543589E-08  0.000E+00  0.0970  4.006365   -9.934  4.123372  8.129970  0.0000000E+00  3.8001072E-01  4.8171026E-01  1.9029839E-41  4.9242654E-08  1.3826567E-01  6.5471178E-12  1.4320304E-07  9.7769475E-07  1.1344436E-05  0.000E+00  0.000E+00  0.000E+00  1.000E+00  1.000E+00  2.26E+02  0.00E+00  0.00E+00  0.000000  0.003156  0.0000000E+00  0.0000000000E+00
267  7.042899066392262E+08    1.990101  2.374862  4.008825  7.4794740E-01  2.5178760E-01  9.4472462E-07  3.8164732E-08  4.7070135E-07  6.8207548E-06  7.7408865E-10  1.7160381E-09  9.2048308E-07  2.3543589E-08  0.000E+00  0.0918  4.008825   -9.930  4.108118  8.132801  0.0000000E+00  3.6911092E-01  4.8149449E-01  3.2752696E-34  2.0605434E-07  1.4938131E-01  8.3252723E-12  2.2009634E-07  9.8993411E-07  1.1003596E-05  0.000E+00  0.000E+00  0.000E+00  1.000E+00  1.000E+00  2.26E+02  0.00E+00  0.00E+00  0.000000  0.003201  0.0000000E+00  0.0000000000E+00
268  7.046342616420844E+08    1.990060  2.375796  4.009062  7.4794740E-01  2.5178760E-01  9.4472462E-07  3.8164732E-08  4.7070135E-07  6.8207548E-06  7.7408865E-10  1.7160381E-09  9.2048308E-07  2.3543589E-08  0.000E+00  0.0943  4.009062   -9.929  4.108563  8.134090  0.0000000E+00  3.5821112E-01  4.8806018E-01  1.1094612E-33  7.4052762E-08  1.5371538E-01  6.6322488E-12  1.9241793E-07  9.9361222E-07  1.1244711E-05  0.000E+00  0.000E+00  0.000E+00  1.000E+00  1.000E+00  2.26E+02  0.00E+00  0.00E+00  0.000000  0.003208  0.0000000E+00  0.0000000000E+00
269  7.049885379849653E+08    1.990018  2.376713  4.009297  7.4794740E-01  2.5178760E-01  9.4472462E-07  3.8164732E-08  4.7070135E-07  6.8207548E-06  7.7408865E-10  1.7160381E-09  9.2048308E-07  2.3543589E-08  0.000E+00  0.0970  4.009297   -9.928  4.109063  8.135416  0.0000000E+00  3.4731132E-01  4.9445846E-01  5.7201955E-40  2.7261322E-08  1.5821681E-01  5.2436206E-12  1.1109567E-07  9.9756189E-07  1.1417478E-05  0.000E+00  0.000E+00  0.000E+00  1.000E+00  1.000E+00  2.26E+02  0.00E+00  0.00E+00  0.000000  0.003214  0.0000000E+00  0.0000000000E+00
270  7.053664385242836E+08    1.989973  2.377692  4.009538  7.4794740E-01  2.5178760E-01  9.4472462E-07  3.8164732E-08  4.7070135E-07  6.8207548E-06  7.7408865E-10  1.7160381E-09  9.2048308E-07  2.3543589E-08  0.000E+00  0.1000  4.009538   -9.927  4.109363  8.136783  0.0000000E+00  3.3641151E-01  5.0067375E-01  2.9743008E-42  1.1987082E-08  1.6290135E-01  4.1230447E-12  5.6071173E-08  1.0018235E-06  1.1508566E-05  0.000E+00  0.000E+00  0.000E+00  1.000E+00  1.000E+00  2.26E+02  0.00E+00  0.00E+00  0.000000  0.003222  0.0000000E+00  0.0000000000E+00
271  7.076170505569481E+08    1.989705  2.384234  4.011279  7.4794740E-01  2.5178760E-01  9.4472462E-07  3.8164732E-08  4.7070135E-07  6.8207548E-06  7.7408865E-10  1.7160381E-09  9.2048308E-07  2.3543589E-08  0.000E+00  0.0931  4.011279   -9.920  4.095190  8.139675  0.0000000E+00  3.2551171E-01  4.9921309E-01  4.0800673E-36  1.6510452E-07  1.7526190E-01  6.4632710E-12  1.8782015E-07  1.0185956E-06  1.1106367E-05  0.000E+00  0.000E+00  0.000E+00  1.000E+00  1.000E+00  2.26E+02  0.00E+00  0.00E+00  0.000000  0.003272  0.0000000E+00  0.0000000000E+00
272  7.079314866631274E+08    1.989668  2.384315  4.011507  7.4794740E-01  2.5178760E-01  9.4472462E-07  3.8164732E-08  4.7070135E-07  6.8207548E-06  7.7408865E-10  1.7160381E-09  9.2048308E-07  2.3543589E-08  0.000E+00  0.0953  4.011507   -9.921  4.096603  8.141062  0.0000000E+00  3.1461191E-01  5.0515835E-01  6.0745450E-34  3.7681239E-08  1.8021637E-01  4.9092579E-12  1.3831700E-07  1.0237991E-06  1.1366921E-05  0.000E+00  0.000E+00  0.000E+00  1.000E+00  1.000E+00  2.27E+02  0.00E+00  0.00E+00  0.000000  0.003272  0.0000000E+00  0.0000000000E+00
273  7.082757104074534E+08    1.989626  2.385273  4.011532  7.4794740E-01  2.5178760E-01  9.4472462E-07  3.8164732E-08  4.7070135E-07  6.8207548E-06  7.7408865E-10  1.7160381E-09  9.2048308E-07  2.3543589E-08  0.000E+00  0.0979  4.011532   -9.919  4.097531  8.142511  0.0000000E+00  3.0371211E-01  5.1089286E-01  4.8891026E-38  1.2236780E-08  1.8538157E-01  3.7036594E-12  5.8047427E-08  1.0294310E-06  1.1504811E-05  0.000E+00  0.000E+00  0.000E+00  1.000E+00  1.000E+00  2.26E+02  0.00E+00  0.00E+00  0.000000  0.003279  0.0000000E+00  0.0000000000E+00
274  7.086176211929671E+08    1.989585  2.386177  4.011523  7.4794740E-01  2.5178760E-01  9.4472462E-07  3.8164732E-08  4.7070135E-07  6.8207548E-06  7.7408865E-10  1.7160381E-09  9.2048308E-07  2.3543589E-08  0.000E+00  0.1009  4.011523   -9.918  4.098674  8.144016  0.0000000E+00  2.9281231E-01  5.1642126E-01  1.8803336E-44  4.6056243E-09  1.9075295E-01  2.7566398E-12  2.1904440E-08  1.0355041E-06  1.1560763E-05  0.000E+00  0.000E+00  0.000E+00  1.000E+00  1.000E+00  2.26E+02  0.00E+00  0.00E+00  0.000000  0.003286  0.0000000E+00  0.0000000000E+00
275  7.109620021855677E+08    1.989298  2.393478  4.012617  7.4794740E-01  2.5178760E-01  9.4472462E-07  3.8164732E-08  4.7070135E-07  6.8207548E-06  7.7408865E-10  1.7160381E-09  9.2048308E-07  2.3543589E-08  0.000E+00  0.0940  4.012617   -9.909  4.084671  8.147107  0.0000000E+00  2.8191251E-01  5.1158745E-01  2.2105657E-30  1.3585647E-07  2.0648665E-01  5.6732398E-12  1.8701759E-07  1.0625335E-06  1.1151921E-05  0.000E+00  0.000E+00  0.000E+00  1.000E+00  1.000E+00  2.26E+02  0.00E+00  0.00E+00  0.000000  0.003342  0.0000000E+00  0.0000000000E+00
276  7.112582540038906E+08    1.989262  2.392902  4.012860  7.4794740E-01  2.5178760E-01  9.4472462E-07  3.8164732E-08  4.7070135E-07  6.8207548E-06  7.7408865E-10  1.7160381E-09  9.2048308E-07  2.3543589E-08  0.000E+00  0.0958  4.012860   -9.910  4.086918  8.148641  0.0000000E+00  2.7101271E-01  5.1679190E-01  3.4622346E-37  1.6799972E-08  2.1218191E-01  4.0403930E-12  9.1904587E-08  1.0701225E-06  1.1455016E-05  0.000E+00  0.000E+00  0.000E+00  1.000E+00  1.000E+00  2.26E+02  0.00E+00  0.00E+00  0.000000  0.003338  0.0000000E+00  0.0000000000E+00
277  7.115735787271086E+08    1.989224  2.393808  4.012530  7.4794740E-01  2.5178760E-01  9.4472462E-07  3.8164732E-08  4.7070135E-07  6.8207548E-06  7.7408865E-10  1.7160381E-09  9.2048308E-07  2.3543589E-08  0.000E+00  0.0968  4.012530   -9.908  4.088786  8.150878  0.0000000E+00  2.6011290E-01  5.2174505E-01  3.0480772E-48  5.7696480E-09  2.1812850E-01  2.8479692E-12  2.5038684E-08  1.0783770E-06  1.1553808E-05  0.000E+00  0.000E+00  0.000E+00  1.000E+00  1.000E+00  2.26E+02  0.00E+00  0.00E+00  0.000000  0.003345  0.0000000E+00  0.0000000000E+00
278  7.138960025184854E+08    1.988931  2.403486  4.010509  7.4794740E-01  2.5178760E-01  9.4472462E-07  3.8164732E-08  4.7070135E-07  6.8207548E-06  7.7408865E-10  1.7160381E-09  9.2048308E-07  2.3543589E-08  0.000E+00  0.0969  4.010509   -9.889  4.076097  8.154110  0.0000000E+00  2.4921310E-01  5.1303200E-01  2.7361558E-21  1.6666684E-07  2.3774147E-01  6.0470663E-12  2.1162530E-07  1.1219226E-06  1.1071732E-05  0.000E+00  0.000E+00  0.000E+00  1.000E+00  1.000E+00  2.24E+02  0.00E+00  0.00E+00  0.000000  0.003421  0.0000000E+00  0.0000000000E+00
279  7.141695010620253E+08    1.988896  2.400425  4.013064  7.4794740E-01  2.5178760E-01  9.4472462E-07  3.8164732E-08  4.7070135E-07  6.8207548E-06  7.7408865E-10  1.7160381E-09  9.2048308E-07  2.3543589E-08  0.000E+00  0.0947  4.013064   -9.900  4.078986  8.155221  0.0000000E+00  2.3831330E-01  5.1760882E-01  3.2785573E-40  8.3364632E-09  2.4406433E-01  4.0129276E-12  7.3999796E-08  1.1324513E-06  1.1488439E-05  0.000E+00  0.000E+00  0.000E+00  1.000E+00  1.000E+00  2.25E+02  0.00E+00  0.00E+00  0.000000  0.003397  0.0000000E+00  0.0000000000E+00
280  7.224893071732534E+08    1.987717  2.423384  4.015296  7.4794740E-01  2.5178760E-01  9.4472462E-07  3.8164732E-08  4.7070135E-07  6.8207548E-06  7.7408865E-10  1.7160381E-09  9.2048308E-07  2.3543589E-08  0.000E+00  0.0895  4.015296   -9.871  4.038654  8.163360  0.0000000E+00  2.2741350E-01  4.1680293E-01  0.0000000E+00  1.8556874E-08  3.5576951E-01  1.4431427E-11  2.2116070E-07  1.6837879E-06  1.1281838E-05  0.000E+00  0.000E+00  0.000E+00  1.000E+00  1.000E+00  2.23E+02  0.00E+00  0.00E+00  0.000000  0.003583  0.0000000E+00  0.0000000000E+00
281  7.225507138354207E+08    1.987709  2.419458  4.013933  7.4794740E-01  2.5178760E-01  9.4472462E-07  3.8164732E-08  4.7070135E-07  6.8207548E-06  7.7408865E-10  1.7160381E-09  9.2048308E-07  2.3543589E-08  0.000E+00  0.0911  4.013933   -9.873  4.040020  8.164188  0.0000000E+00  2.2416474E-01  4.1843390E-01  0.0000000E+00  5.3272930E-09  3.5738730E-01  1.2473410E-11  1.0602318E-07  1.6893334E-06  1.1443236E-05  0.000E+00  0.000E+00  0.000E+00  1.000E+00  1.000E+00  2.23E+02  0.00E+00  0.00E+00  0.000000  0.003551  0.0000000E+00  0.0000000000E+00
282  7.226134409714980E+08    1.987701  2.421602  4.012896  7.4794740E-01  2.5178760E-01  9.4472462E-07  3.8164732E-08  4.7070135E-07  6.8207548E-06  7.7408865E-10  1.7160381E-09  9.2048308E-07  2.3543589E-08  0.000E+00  0.0917  4.012896   -9.867  4.040751  8.164742  0.0000000E+00  2.2091597E-01  4.2003912E-01  0.0000000E+00  1.7588166E-09  3.5903081E-01  1.0756713E-11  4.9500237E-08  1.6950183E-06  1.1517808E-05  0.000E+00  0.000E+00  0.000E+00  1.000E+00  1.000E+00  2.22E+02  0.00E+00  0.00E+00  0.000000  0.003568  0.0000000E+00  0.0000000000E+00
283  7.226745402227511E+08    1.987692  2.422439  4.012561  7.4794740E-01  2.5178760E-01  9.4472462E-07  3.8164732E-08  4.7070135E-07  6.8207548E-06  7.7408865E-10  1.7160381E-09  9.2048308E-07  2.3543589E-08  0.000E+00  0.0919  4.012561   -9.865  4.041844  8.165267  0.0000000E+00  2.1766721E-01  4.2161595E-01  0.0000000E+00  4.7326931E-10  3.6070268E-01  9.2406227E-12  2.1443009E-08  1.7008428E-06  1.1553998E-05  0.000E+00  0.000E+00  0.000E+00  1.000E+00  1.000E+00  2.22E+02  0.00E+00  0.00E+00  0.000000  0.003576  0.0000000E+00  0.0000000000E+00
284  7.227359095975003E+08    1.987684  2.422626  4.012301  7.4794740E-01  2.5178760E-01  9.4472462E-07  3.8164732E-08  4.7070135E-07  6.8207548E-06  7.7408865E-10  1.7160381E-09  9.2048308E-07  2.3543589E-08  0.000E+00  0.0921  4.012301   -9.864  4.043061  8.165819  0.0000000E+00  2.1441844E-01  4.2316382E-01  0.0000000E+00  1.4372343E-10  3.6240361E-01  7.9147910E-12  9.0584056E-09  1.7068155E-06  1.1569528E-05  0.000E+00  0.000E+00  0.000E+00  1.000E+00  1.000E+00  2.22E+02  0.00E+00  0.00E+00  0.000000  0.003577  0.0000000E+00  0.0000000000E+00
285  7.227981544276625E+08    1.987675  2.422811  4.011984  7.4794740E-01  2.5178760E-01  9.4472462E-07  3.8164732E-08  4.7070135E-07  6.8207548E-06  7.7408865E-10  1.7160381E-09  9.2048308E-07  2.3543589E-08  0.000E+00  0.0924  4.011984   -9.863  4.044284  8.166383  0.0000000E+00  2.1116968E-01  4.2468199E-01  0.0000000E+00  9.1004721E-11  3.6413422E-01  6.7614732E-12  4.0793076E-09  1.7129437E-06  1.1575568E-05  0.000E+00  0.000E+00  0.000E+00  1.000E+00  1.000E+00  2.22E+02  0.00E+00  0.00E+00  0.000000  0.003579  0.0000000E+00  0.0000000000E+00
286  7.228602115283279E+08    1.987667  2.423055  4.011646  7.4794740E-01  2.5178760E-01  9.4472462E-07  3.8164732E-08  4.7070135E-07  6.8207548E-06  7.7408865E-10  1.7160381E-09  9.2048308E-07  2.3543589E-08  0.000E+00  0.0924  4.011646   -9.862  4.045532  8.166951  0.0000000E+00  2.0792091E-01  4.2617057E-01  0.0000000E+00  5.4508575E-11  3.6589437E-01  5.7562047E-12  1.8645889E-09  1.7192292E-06  1.1578201E-05  0.000E+00  0.000E+00  0.000E+00  1.000E+00  1.000E+00  2.22E+02  0.00E+00  0.00E+00  0.000000  0.003581  0.0000000E+00  0.0000000000E+00
287  7.229238110887074E+08    1.987658  2.423261  4.011265  7.4794740E-01  2.5178760E-01  9.4472462E-07  3.8164732E-08  4.7070135E-07  6.8207548E-06  7.7408865E-10  1.7160381E-09  9.2048308E-07  2.3543589E-08  0.000E+00  0.0927  4.011265   -9.861  4.047183  8.167472  0.0000000E+00  2.0467215E-01  4.2762450E-01  0.0000000E+00  2.1750150E-10  3.6768920E-01  4.8966362E-12  1.8426501E-09  1.7256921E-06  1.1577837E-05  0.000E+00  0.000E+00  0.000E+00  1.000E+00  1.000E+00  2.21E+02  0.00E+00  0.00E+00  0.000000  0.003583  0.0000000E+00  0.0000000000E+00
288  7.229871362079864E+08    1.987650  2.423553  4.010855  7.4794740E-01  2.5178760E-01  9.4472462E-07  3.8164732E-08  4.7070135E-07  6.8207548E-06  7.7408865E-10  1.7160381E-09  9.2048308E-07  2.3543589E-08  0.000E+00  0.0931  4.010855   -9.860  4.048446  8.168064  0.0000000E+00  2.0142339E-01  4.2904824E-01  0.0000000E+00  1.7556228E-10  3.6951419E-01  4.1500231E-12  1.5460231E-09  1.7323241E-06  1.1578127E-05  0.000E+00  0.000E+00  0.000E+00  1.000E+00  1.000E+00  2.21E+02  0.00E+00  0.00E+00  0.000000  0.003585  0.0000000E+00  0.0000000000E+00
289  7.230520746018791E+08    1.987641  2.423885  4.010465  7.4794740E-01  2.5178760E-01  9.4472462E-07  3.8164732E-08  4.7070135E-07  6.8207548E-06  7.7408865E-10  1.7160381E-09  9.2048308E-07  2.3543589E-08  0.000E+00  0.0934  4.010465   -9.859  4.049727  8.168661  0.0000000E+00  1.9817462E-01  4.3043663E-01  0.0000000E+00  1.9591407E-10  3.7137457E-01  3.5186996E-12  1.8287303E-09  1.7391528E-06  1.1577608E-05  0.000E+00  0.000E+00  0.000E+00  1.000E+00  1.000E+00  2.21E+02  0.00E+00  0.00E+00  0.000000  0.003588  0.0000000E+00  0.0000000000E+00
290  7.231250240070193E+08    1.987630  2.424203  4.010046  7.4794740E-01  2.5178760E-01  9.4472462E-07  3.8164732E-08  4.7070135E-07  6.8207548E-06  7.7408865E-10  1.7160381E-09  9.2048308E-07  2.3543589E-08  0.000E+00  0.0937  4.010046   -9.858  4.051017  8.169300  0.0000000E+00  1.9492586E-01  4.3176919E-01  0.0000000E+00  1.3881212E-09  3.7329081E-01  3.0701189E-12  7.4214111E-09  1.7462903E-06  1.1568751E-05  0.000E+00  0.000E+00  0.000E+00  1.000E+00  1.000E+00  2.21E+02  0.00E+00  0.00E+00  0.000000  0.003590  0.0000000E+00  0.0000000000E+00
291  7.231883907323226E+08    1.987621  2.424503  4.009694  7.4794740E-01  2.5178760E-01  9.4472462E-07  3.8164732E-08  4.7070135E-07  6.8207548E-06  7.7408865E-10  1.7160381E-09  9.2048308E-07  2.3543589E-08  0.000E+00  0.0941  4.009694   -9.856  4.052297  8.169886  0.0000000E+00  1.9167709E-01  4.3309508E-01  0.0000000E+00  2.7172787E-10  3.7521361E-01  2.5674715E-12  3.3260647E-09  1.7534799E-06  1.1575362E-05  0.000E+00  0.000E+00  0.000E+00  1.000E+00  1.000E+00  2.20E+02  0.00E+00  0.00E+00  0.000000  0.003593  0.0000000E+00  0.0000000000E+00
292  7.232527917745541E+08    1.987613  2.424731  4.009319  7.4794740E-01  2.5178760E-01  9.4472462E-07  3.8164732E-08  4.7070135E-07  6.8207548E-06  7.7408865E-10  1.7160381E-09  9.2048308E-07  2.3543589E-08  0.000E+00  0.0944  4.009319   -9.855  4.053709  8.170503  0.0000000E+00  1.8842833E-01  4.3438386E-01  0.0000000E+00  1.1877841E-10  3.7717359E-01  2.1445313E-12  1.5948050E-09  1.7608845E-06  1.1577566E-05  0.000E+00  0.000E+00  0.000E+00  1.000E+00  1.000E+00  2.20E+02  0.00E+00  0.00E+00  0.000000  0.003595  0.0000000E+00  0.0000000000E+00
293  7.233176760125561E+08    1.987603  2.424969  4.008899  7.4794740E-01  2.5178760E-01  9.4472462E-07  3.8164732E-08  4.7070135E-07  6.8207548E-06  7.7408865E-10  1.7160381E-09  9.2048308E-07  2.3543589E-08  0.000E+00  0.0947  4.008899   -9.854  4.055462  8.171069  0.0000000E+00  1.8517956E-01  4.3563515E-01  0.0000000E+00  8.6154054E-11  3.7917110E-01  1.7858513E-12  9.3681507E-10  1.7685056E-06  1.1578265E-05  0.000E+00  0.000E+00  0.000E+00  1.000E+00  1.000E+00  2.20E+02  0.00E+00  0.00E+00  0.000000  0.003597  0.0000000E+00  0.0000000000E+00
294  7.233846054683000E+08    1.987594  2.425243  4.008412  7.4794740E-01  2.5178760E-01  9.4472462E-07  3.8164732E-08  4.7070135E-07  6.8207548E-06  7.7408865E-10  1.7160381E-09  9.2048308E-07  2.3543589E-08  0.000E+00  0.0951  4.008412   -9.853  4.056943  8.171729  0.0000000E+00  1.8193080E-01  4.3684319E-01  0.0000000E+00  1.8532769E-10  3.8121176E-01  1.4994083E-12  1.3069874E-09  1.7763843E-06  1.1577495E-05  0.000E+00  0.000E+00  0.000E+00  1.000E+00  1.000E+00  2.20E+02  0.00E+00  0.00E+00  0.000000  0.003599  0.0000000E+00  0.0000000000E+00
295  7.234521014966326E+08    1.987585  2.425613  4.007940  7.4794740E-01  2.5178760E-01  9.4472462E-07  3.8164732E-08  4.7070135E-07  6.8207548E-06  7.7408865E-10  1.7160381E-09  9.2048308E-07  2.3543589E-08  0.000E+00  0.0955  4.007940   -9.851  4.058377  8.172377  0.0000000E+00  1.7868204E-01  4.3801156E-01  0.0000000E+00  2.0016728E-10  3.8329222E-01  1.2605184E-12  1.4872323E-09  1.7845092E-06  1.1577086E-05  0.000E+00  0.000E+00  0.000E+00  1.000E+00  1.000E+00  2.19E+02  0.00E+00  0.00E+00  0.000000  0.003602  0.0000000E+00  0.0000000000E+00
296  7.235204028963360E+08    1.987575  2.425943  4.007486  7.4794740E-01  2.5178760E-01  9.4472462E-07  3.8164732E-08  4.7070135E-07  6.8207548E-06  7.7408865E-10  1.7160381E-09  9.2048308E-07  2.3543589E-08  0.000E+00  0.0957  4.007486   -9.850  4.059851  8.173033  0.0000000E+00  1.7543327E-01  4.3913757E-01  0.0000000E+00  2.2764385E-10  3.8541494E-01  1.0648012E-12  1.6684676E-09  1.7928985E-06  1.1576650E-05  0.000E+00  0.000E+00  0.000E+00  1.000E+00  1.000E+00  2.19E+02  0.00E+00  0.00E+00  0.000000  0.003605  0.0000000E+00  0.0000000000E+00
297  7.236023501704258E+08    1.987563  2.426351  4.006947  7.4794740E-01  2.5178760E-01  9.4472462E-07  3.8164732E-08  4.7070135E-07  6.8207548E-06  7.7408865E-10  1.7160381E-09  9.2048308E-07  2.3543589E-08  0.000E+00  0.0961  4.006947   -9.848  4.061217  8.173742  0.0000000E+00  1.7218451E-01  4.4015648E-01  0.0000000E+00  1.4396888E-09  3.8764480E-01  1.0451691E-12  7.1098174E-09  1.8019336E-06  1.1567911E-05  0.000E+00  0.000E+00  0.000E+00  1.000E+00  1.000E+00  2.19E+02  0.00E+00  0.00E+00  0.000000  0.003608  0.0000000E+00  0.0000000000E+00
298  7.236680280037035E+08    1.987554  2.426672  4.006555  7.4794740E-01  2.5178760E-01  9.4472462E-07  3.8164732E-08  4.7070135E-07  6.8207548E-06  7.7408865E-10  1.7160381E-09  9.2048308E-07  2.3543589E-08  0.000E+00  0.0959  4.006555   -9.847  4.062967  8.174315  0.0000000E+00  1.6893574E-01  4.4121482E-01  0.0000000E+00  1.6463840E-10  3.8983521E-01  8.4590209E-13  2.5326988E-09  1.8107713E-06  1.1575330E-05  0.000E+00  0.000E+00  0.000E+00  1.000E+00  1.000E+00  2.19E+02  0.00E+00  0.00E+00  0.000000  0.003611  0.0000000E+00  0.0000000000E+00
299  7.237350301789852E+08    1.987544  2.426814  4.006061  7.4794740E-01  2.5178760E-01  9.4472462E-07  3.8164732E-08  4.7070135E-07  6.8207548E-06  7.7408865E-10  1.7160381E-09  9.2048308E-07  2.3543589E-08  0.000E+00  0.0965  4.006061   -9.846  4.064771  8.175033  0.0000000E+00  1.6568698E-01  4.4222549E-01  0.0000000E+00  6.9721466E-11  3.9207329E-01  6.8779934E-13  9.6893584E-10  1.8199123E-06  1.1577205E-05  0.000E+00  0.000E+00  0.000E+00  1.000E+00  1.000E+00  2.18E+02  0.00E+00  0.00E+00  0.000000  0.003612  0.0000000E+00  0.0000000000E+00
300  7.238741288982743E+08    1.987524  2.427563  4.004940  7.4794740E-01  2.5178760E-01  9.4472462E-07  3.8164732E-08  4.7070135E-07  6.8207548E-06  7.7408865E-10  1.7160381E-09  9.2048308E-07  2.3543589E-08  0.000E+00  0.0973  4.004940   -9.842  4.068071  8.176452  0.0000000E+00  1.5918945E-01  4.4409257E-01  0.0000000E+00  1.2666263E-10  3.9670370E-01  4.7972868E-13  9.5961130E-10  1.8392350E-06  1.1576738E-05  0.000E+00  0.000E+00  0.000E+00  1.000E+00  1.000E+00  2.18E+02  0.00E+00  0.00E+00  0.000000  0.003618  0.0000000E+00  0.0000000000E+00
301  7.239460855575639E+08    1.987514  2.427925  4.004384  7.4794740E-01  2.5178760E-01  9.4472462E-07  3.8164732E-08  4.7070135E-07  6.8207548E-06  7.7408865E-10  1.7160381E-09  9.2048308E-07  2.3543589E-08  0.000E+00  0.0977  4.004384   -9.841  4.069785  8.177184  0.0000000E+00  1.5594069E-01  4.4494320E-01  0.0000000E+00  1.7200267E-10  3.9910184E-01  4.1714537E-13  1.2630266E-09  1.8494661E-06  1.1576091E-05  0.000E+00  0.000E+00  0.000E+00  1.000E+00  1.000E+00  2.17E+02  0.00E+00  0.00E+00  0.000000  0.003621  0.0000000E+00  0.0000000000E+00
302  7.240177549099232E+08    1.987504  2.428230  4.003800  7.4794740E-01  2.5178760E-01  9.4472462E-07  3.8164732E-08  4.7070135E-07  6.8207548E-06  7.7408865E-10  1.7160381E-09  9.2048308E-07  2.3543589E-08  0.000E+00  0.0979  4.003800   -9.839  4.071913  8.177876  0.0000000E+00  1.5269192E-01  4.4574623E-01  0.0000000E+00  1.7596424E-10  4.0154755E-01  3.5972491E-13  1.2318018E-09  1.8600296E-06  1.1575912E-05  0.000E+00  0.000E+00  0.000E+00  1.000E+00  1.000E+00  2.17E+02  0.00E+00  0.00E+00  0.000000  0.003624  0.0000000E+00  0.0000000000E+00
303  7.241289737434331E+08    1.987488  2.429052  4.002978  7.4794740E-01  2.5178760E-01  9.4472462E-07  3.8164732E-08  4.7070135E-07  6.8207548E-06  7.7408865E-10  1.7160381E-09  9.2048308E-07  2.3543589E-08  0.000E+00  0.0981  4.002978   -9.836  4.073156  8.178726  0.0000000E+00  1.4944316E-01  4.4621280E-01  0.0000000E+00  8.4139426E-10  4.0432973E-01  6.1829167E-13  7.7178367E-09  1.8728035E-06  1.1566687E-05  0.000E+00  0.000E+00  0.000E+00  1.000E+00  1.000E+00  2.16E+02  0.00E+00  0.00E+00  0.000000  0.003631  0.0000000E+00  0.0000000000E+00
304  7.241973959728012E+08    1.987477  2.429274  4.002606  7.4794740E-01  2.5178760E-01  9.4472462E-07  3.8164732E-08  4.7070135E-07  6.8207548E-06  7.7408865E-10  1.7160381E-09  9.2048308E-07  2.3543589E-08  0.000E+00  0.0982  4.002606   -9.835  4.074979  8.179433  0.0000000E+00  1.4619439E-01  4.4694081E-01  0.0000000E+00  5.2291797E-11  4.0685051E-01  4.7834635E-13  1.7592858E-09  1.8839718E-06  1.1574988E-05  0.000E+00  0.000E+00  0.000E+00  1.000E+00  1.000E+00  2.16E+02  0.00E+00  0.00E+00  0.000000  0.003633  0.0000000E+00  0.0000000000E+00
305  7.242668972130840E+08    1.987467  2.429385  4.002051  7.4794740E-01  2.5178760E-01  9.4472462E-07  3.8164732E-08  4.7070135E-07  6.8207548E-06  7.7408865E-10  1.7160381E-09  9.2048308E-07  2.3543589E-08  0.000E+00  0.0985  4.002051   -9.834  4.076986  8.180209  0.0000000E+00  1.4294563E-01  4.4761233E-01  0.0000000E+00  1.5711036E-11  4.0942772E-01  3.6911945E-13  3.9844244E-10  1.8955607E-06  1.1576480E-05  0.000E+00  0.000E+00  0.000E+00  1.000E+00  1.000E+00  2.16E+02  0.00E+00  0.00E+00  0.000000  0.003634  0.0000000E+00  0.0000000000E+00
306  7.243380983618011E+08    1.987457  2.429725  4.001376  7.4794740E-01  2.5178760E-01  9.4472462E-07  3.8164732E-08  4.7070135E-07  6.8207548E-06  7.7408865E-10  1.7160381E-09  9.2048308E-07  2.3543589E-08  0.000E+00  0.0990  4.001376   -9.832  4.078986  8.181006  0.0000000E+00  1.3969686E-01  4.4822050E-01  0.0000000E+00  4.4010847E-11  4.1206831E-01  2.8906720E-13  3.1244829E-10  1.9076316E-06  1.1576302E-05  0.000E+00  0.000E+00  0.000E+00  1.000E+00  1.000E+00  2.16E+02  0.00E+00  0.00E+00  0.000000  0.003637  0.0000000E+00  0.0000000000E+00
307  7.244107045601016E+08    1.987447  2.430075  4.000651  7.4794740E-01  2.5178760E-01  9.4472462E-07  3.8164732E-08  4.7070135E-07  6.8207548E-06  7.7408865E-10  1.7160381E-09  9.2048308E-07  2.3543589E-08  0.000E+00  0.0993  4.000651   -9.830  4.081452  8.181783  0.0000000E+00  1.3644810E-01  4.4876145E-01  0.0000000E+00  7.7812852E-11  4.1477612E-01  2.3128069E-13  4.3802837E-10  1.9202110E-06  1.1575848E-05  0.000E+00  0.000E+00  0.000E+00  1.000E+00  1.000E+00  2.15E+02  0.00E+00  0.00E+00  0.000000  0.003640  0.0000000E+00  0.0000000000E+00
308  7.244854979272029E+08    1.987435  2.430535  3.999870  7.4794740E-01  2.5178760E-01  9.4472462E-07  3.8164732E-08  4.7070135E-07  6.8207548E-06  7.7408865E-10  1.7160381E-09  9.2048308E-07  2.3543589E-08  0.000E+00  0.0998  3.999870   -9.827  4.083522  8.182624  0.0000000E+00  1.3319934E-01  4.4922837E-01  0.0000000E+00  8.3802646E-11  4.1755791E-01  1.9484518E-13  6.0296186E-10  1.9333766E-06  1.1575379E-05  0.000E+00  0.000E+00  0.000E+00  1.000E+00  1.000E+00  2.15E+02  0.00E+00  0.00E+00  0.000000  0.003644  0.0000000E+00  0.0000000000E+00
309  7.245608778213416E+08    1.987424  2.431006  3.999118  7.4794740E-01  2.5178760E-01  9.4472462E-07  3.8164732E-08  4.7070135E-07  6.8207548E-06  7.7408865E-10  1.7160381E-09  9.2048308E-07  2.3543589E-08  0.000E+00  0.1001  3.999118   -9.825  4.085621  8.183468  0.0000000E+00  1.2995057E-01  4.4962909E-01  0.0000000E+00  9.1224950E-11  4.2040593E-01  1.6658151E-13  6.2671609E-10  1.9470854E-06  1.1575071E-05  0.000E+00  0.000E+00  0.000E+00  1.000E+00  1.000E+00  2.14E+02  0.00E+00  0.00E+00  0.000000  0.003648  0.0000000E+00  0.0000000000E+00
310  7.246352839085443E+08    1.987413  2.431365  3.998363  7.4794740E-01  2.5178760E-01  9.4472462E-07  3.8164732E-08  4.7070135E-07  6.8207548E-06  7.7408865E-10  1.7160381E-09  9.2048308E-07  2.3543589E-08  0.000E+00  0.1001  3.998363   -9.823  4.087880  8.184687  0.0000000E+00  1.2670181E-01  4.4997684E-01  0.0000000E+00  2.1692811E-11  4.2330694E-01  1.3621997E-13  3.2607042E-10  1.9612756E-06  1.1575271E-05  0.000E+00  0.000E+00  0.000E+00  1.000E+00  1.000E+00  2.14E+02  0.00E+00  0.00E+00  0.000000  0.003650  0.0000000E+00  0.0000000000E+00
311  7.247299403535970E+08    1.987398  2.431742  3.997058  7.4794740E-01  2.5178760E-01  9.4472462E-07  3.8164732E-08  4.7070135E-07  6.8207548E-06  7.7408865E-10  1.7160381E-09  9.2048308E-07  2.3543589E-08  0.000E+00  0.1017  3.997058   -9.820  4.090819  8.185417  0.0000000E+00  1.2345304E-01  4.5005843E-01  0.0000000E+00  6.1111254E-10  4.2647407E-01  2.3697715E-13  3.7120325E-09  1.9776225E-06  1.1569890E-05  0.000E+00  0.000E+00  0.000E+00  1.000E+00  1.000E+00  2.13E+02  0.00E+00  0.00E+00  0.000000  0.003654  0.0000000E+00  0.0000000000E+00
312  7.248021705629841E+08    1.987388  2.432580  3.996342  7.4794740E-01  2.5178760E-01  9.4472462E-07  3.8164732E-08  4.7070135E-07  6.8207548E-06  7.7408865E-10  1.7160381E-09  9.2048308E-07  2.3543589E-08  0.000E+00  0.1006  3.996342   -9.817  4.092927  8.186843  0.0000000E+00  1.2020428E-01  4.5030620E-01  0.0000000E+00  1.6042617E-11  4.2947511E-01  1.7084494E-13  5.7040247E-10  1.9928365E-06  1.1574371E-05  0.000E+00  0.000E+00  0.000E+00  1.000E+00  1.000E+00  2.13E+02  0.00E+00  0.00E+00  0.000000  0.003661  0.0000000E+00  0.0000000000E+00
313  7.248750353406920E+08    1.987377  2.432747  3.995484  7.4794740E-01  2.5178760E-01  9.4472462E-07  3.8164732E-08  4.7070135E-07  6.8207548E-06  7.7408865E-10  1.7160381E-09  9.2048308E-07  2.3543589E-08  0.000E+00  0.1014  3.995484   -9.816  4.095496  8.187747  0.0000000E+00  1.1695552E-01  4.5047810E-01  0.0000000E+00  2.9258573E-11  4.3255195E-01  1.2541610E-13  1.8745305E-10  2.0087604E-06  1.1574511E-05  0.000E+00  0.000E+00  0.000E+00  1.000E+00  1.000E+00  2.12E+02  0.00E+00  0.00E+00  0.000000  0.003662  0.0000000E+00  0.0000000000E+00
314  7.250828532251028E+08    1.987344  2.435007  3.991836  7.4794740E-01  2.5178760E-01  9.4472462E-07  3.8164732E-08  4.7070135E-07  6.8207548E-06  7.7408865E-10  1.7160381E-09  9.2048308E-07  2.3543589E-08  0.000E+00  0.1012  3.991836   -9.804  4.101071  8.191238  0.0000000E+00  1.1045799E-01  4.4979942E-01  0.0000000E+00  5.8744542E-10  4.3972811E-01  4.3430655E-13  5.9502557E-09  2.0504512E-06  1.1565796E-05  0.000E+00  0.000E+00  0.000E+00  1.000E+00  1.000E+00  2.10E+02  0.00E+00  0.00E+00  0.000000  0.003681  0.0000000E+00  0.0000000000E+00
315  7.251515595054476E+08    1.987334  2.435289  3.991486  7.4794740E-01  2.5178760E-01  9.4472462E-07  3.8164732E-08  4.7070135E-07  6.8207548E-06  7.7408865E-10  1.7160381E-09  9.2048308E-07  2.3543589E-08  0.000E+00  0.1009  3.991486   -9.804  4.103779  8.192131  0.0000000E+00  1.0720922E-01  4.4980799E-01  0.0000000E+00  9.2853855E-12  4.4296825E-01  2.9816487E-13  6.0631051E-10  2.0686059E-06  1.1572889E-05  0.000E+00  0.000E+00  0.000E+00  1.000E+00  1.000E+00  2.10E+02  0.00E+00  0.00E+00  0.000000  0.003684  0.0000000E+00  0.0000000000E+00
316  7.252206003827407E+08    1.987322  2.435044  3.990646  7.4794740E-01  2.5178760E-01  9.4472462E-07  3.8164732E-08  4.7070135E-07  6.8207548E-06  7.7408865E-10  1.7160381E-09  9.2048308E-07  2.3543589E-08  0.000E+00  0.1012  3.990646   -9.802  4.106900  8.193232  0.0000000E+00  1.0396046E-01  4.4972980E-01  0.0000000E+00  1.2135267E-13  4.4629519E-01  2.0160562E-13  4.7317033E-11  2.0876263E-06  1.1573224E-05  0.000E+00  0.000E+00  0.000E+00  1.000E+00  1.000E+00  2.10E+02  0.00E+00  0.00E+00  0.000000  0.003682  0.0000000E+00  0.0000000000E+00
317  7.252902400152591E+08    1.987311  2.435425  3.989499  7.4794740E-01  2.5178760E-01  9.4472462E-07  3.8164732E-08  4.7070135E-07  6.8207548E-06  7.7408865E-10  1.7160381E-09  9.2048308E-07  2.3543589E-08  0.000E+00  0.1022  3.989499   -9.799  4.109855  8.194300  0.0000000E+00  1.0071169E-01  4.4956152E-01  0.0000000E+00  3.2860869E-13  4.4971223E-01  1.3422207E-13  6.5572597E-12  2.1075931E-06  1.1572894E-05  0.000E+00  0.000E+00  0.000E+00  1.000E+00  1.000E+00  2.09E+02  0.00E+00  0.00E+00  0.000000  0.003685  0.0000000E+00  0.0000000000E+00
318  7.253618024056929E+08    1.987300  2.436009  3.988309  7.4794740E-01  2.5178760E-01  9.4472462E-07  3.8164732E-08  4.7070135E-07  6.8207548E-06  7.7408865E-10  1.7160381E-09  9.2048308E-07  2.3543589E-08  0.000E+00  0.1027  3.988309   -9.796  4.113021  8.195360  0.0000000E+00  9.7462929E-02  4.4929194E-01  0.0000000E+00  3.2216142E-12  4.5323056E-01  8.8743363E-14  2.6912989E-11  2.1286163E-06  1.1572467E-05  0.000E+00  0.000E+00  0.000E+00  1.000E+00  1.000E+00  2.08E+02  0.00E+00  0.00E+00  0.000000  0.003690  0.0000000E+00  0.0000000000E+00
319  7.254339518788338E+08    1.987288  2.436530  3.987088  7.4794740E-01  2.5178760E-01  9.4472462E-07  3.8164732E-08  4.7070135E-07  6.8207548E-06  7.7408865E-10  1.7160381E-09  9.2048308E-07  2.3543589E-08  0.000E+00  0.1028  3.987088   -9.793  4.116207  8.196507  0.0000000E+00  9.4214165E-02  4.4891491E-01  0.0000000E+00  6.1606972E-12  4.5685634E-01  5.9195816E-14  4.7736013E-11  2.1507827E-06  1.1572020E-05  0.000E+00  0.000E+00  0.000E+00  1.000E+00  1.000E+00  2.08E+02  0.00E+00  0.00E+00  0.000000  0.003694  0.0000000E+00  0.0000000000E+00
320  7.255107796184400E+08    1.987276  2.437150  3.985761  7.4794740E-01  2.5178760E-01  9.4472462E-07  3.8164732E-08  4.7070135E-07  6.8207548E-06  7.7408865E-10  1.7160381E-09  9.2048308E-07  2.3543589E-08  0.000E+00  0.1031  3.985761   -9.789  4.119603  8.197642  0.0000000E+00  9.0965401E-02  4.4838233E-01  0.0000000E+00  9.5693691E-12  4.6063765E-01  5.0014718E-14  1.4126925E-10  2.1746013E-06  1.1571454E-05  0.000E+00  0.000E+00  0.000E+00  1.000E+00  1.000E+00  2.07E+02  0.00E+00  0.00E+00  0.000000  0.003700  0.0000000E+00  0.0000000000E+00
321  7.255940113352427E+08    1.987262  2.437796  3.984302  7.4794740E-01  2.5178760E-01  9.4472462E-07  3.8164732E-08  4.7070135E-07  6.8207548E-06  7.7408865E-10  1.7160381E-09  9.2048308E-07  2.3543589E-08  0.000E+00  0.1040  3.984302   -9.785  4.123092  8.198865  0.0000000E+00  8.7716637E-02  4.4763587E-01  0.0000000E+00  1.0448671E-10  4.6463285E-01  6.8423282E-14  7.7149542E-10  2.2007083E-06  1.1570048E-05  0.000E+00  0.000E+00  0.000E+00  1.000E+00  1.000E+00  2.06E+02  0.00E+00  0.00E+00  0.000000  0.003705  0.0000000E+00  0.0000000000E+00
322  7.256682240537448E+08    1.987250  2.438398  3.983032  7.4794740E-01  2.5178760E-01  9.4472462E-07  3.8164732E-08  4.7070135E-07  6.8207548E-06  7.7408865E-10  1.7160381E-09  9.2048308E-07  2.3543589E-08  0.000E+00  0.1039  3.983032   -9.782  4.126789  8.199989  0.0000000E+00  8.4467872E-02  4.4692416E-01  0.0000000E+00  4.2472014E-13  4.6859331E-01  4.1332213E-14  3.6907436E-11  2.2267290E-06  1.1570626E-05  0.000E+00  0.000E+00  0.000E+00  1.000E+00  1.000E+00  2.06E+02  0.00E+00  0.00E+00  0.000000  0.003711  0.0000000E+00  0.0000000000E+00
323  7.257585466788131E+08    1.987235  2.439045  3.981343  7.4794740E-01  2.5178760E-01  9.4472462E-07  3.8164732E-08  4.7070135E-07  6.8207548E-06  7.7408865E-10  1.7160381E-09  9.2048308E-07  2.3543589E-08  0.000E+00  0.1050  3.981343   -9.777  4.130552  8.201370  0.0000000E+00  8.1219108E-02  4.4580728E-01  0.0000000E+00  7.8129993E-11  4.7295892E-01  7.7369247E-14  7.6127512E-10  2.2571227E-06  1.1569059E-05  0.000E+00  0.000E+00  0.000E+00  1.000E+00  1.000E+00  2.05E+02  0.00E+00  0.00E+00  0.000000  0.003716  0.0000000E+00  0.0000000000E+00
324  7.258408020632337E+08    1.987221  2.439763  3.979879  7.4794740E-01  2.5178760E-01  9.4472462E-07  3.8164732E-08  4.7070135E-07  6.8207548E-06  7.7408865E-10  1.7160381E-09  9.2048308E-07  2.3543589E-08  0.000E+00  0.1052  3.979879   -9.774  4.134508  8.202620  0.0000000E+00  7.7970344E-02  4.4471613E-01  0.0000000E+00  1.2458964E-10  4.7729878E-01  6.7986396E-14  6.7538854E-10  2.2876452E-06  1.1568531E-05  0.000E+00  0.000E+00  0.000E+00  1.000E+00  1.000E+00  2.04E+02  0.00E+00  0.00E+00  0.000000  0.003722  0.0000000E+00  0.0000000000E+00
325  7.259272046526413E+08    1.987207  2.440351  3.978230  7.4794740E-01  2.5178760E-01  9.4472462E-07  3.8164732E-08  4.7070135E-07  6.8207548E-06  7.7408865E-10  1.7160381E-09  9.2048308E-07  2.3543589E-08  0.000E+00  0.1052  3.978230   -9.769  4.138516  8.204009  0.0000000E+00  7.4721580E-02  4.4341014E-01  0.0000000E+00  9.7275784E-11  4.8185352E-01  7.0518120E-14  6.9019538E-10  2.3208347E-06  1.1567950E-05  0.000E+00  0.000E+00  0.000E+00  1.000E+00  1.000E+00  2.03E+02  0.00E+00  0.00E+00  0.000000  0.003727  0.0000000E+00  0.0000000000E+00
326  7.260057773020509E+08    1.987193  2.441023  3.976682  7.4794740E-01  2.5178760E-01  9.4472462E-07  3.8164732E-08  4.7070135E-07  6.8207548E-06  7.7408865E-10  1.7160381E-09  9.2048308E-07  2.3543589E-08  0.000E+00  0.1053  3.976682   -9.765  4.142331  8.205314  0.0000000E+00  7.1472815E-02  4.4214671E-01  0.0000000E+00  1.1712758E-13  4.8636568E-01  3.8097048E-14  1.6106411E-11  2.3540355E-06  1.1568321E-05  0.000E+00  0.000E+00  0.000E+00  1.000E+00  1.000E+00  2.02E+02  0.00E+00  0.00E+00  0.000000  0.003733  0.0000000E+00  0.0000000000E+00
327  7.260856881281438E+08    1.987180  2.441525  3.974971  7.4794740E-01  2.5178760E-01  9.4472462E-07  3.8164732E-08  4.7070135E-07  6.8207548E-06  7.7408865E-10  1.7160381E-09  9.2048308E-07  2.3543589E-08  0.000E+00  0.1054  3.974971   -9.761  4.146873  8.206711  0.0000000E+00  6.8224051E-02  4.4071823E-01  0.0000000E+00  8.5475110E-17  4.9104289E-01  1.9874345E-14  2.2627099E-13  2.3894816E-06  1.1567698E-05  0.000E+00  0.000E+00  0.000E+00  1.000E+00  1.000E+00  2.01E+02  0.00E+00  0.00E+00  0.000000  0.003737  0.0000000E+00  0.0000000000E+00
328  7.265137592100774E+08    1.987103  2.449504  3.970312  7.4794740E-01  2.5178760E-01  9.4472462E-07  3.8164732E-08  4.7070135E-07  6.8207548E-06  7.7408865E-10  1.7160381E-09  9.2048308E-07  2.3543589E-08  0.000E+00  0.1006  3.970312   -9.739  4.146918  8.208913  0.0000000E+00  6.4975287E-02  4.3008252E-01  0.0000000E+00  1.6369271E-12  5.0492721E-01  5.5381324E-13  2.7948038E-10  2.5355359E-06  1.1564819E-05  0.000E+00  0.000E+00  0.000E+00  1.000E+00  1.000E+00  1.98E+02  0.00E+00  0.00E+00  0.000000  0.003807  0.0000000E+00  0.0000000000E+00
329  7.265914845642043E+08    1.987090  2.445186  3.971649  7.4794740E-01  2.5178760E-01  9.4472462E-07  3.8164732E-08  4.7070135E-07  6.8207548E-06  7.7408865E-10  1.7160381E-09  9.2048308E-07  2.3543589E-08  0.000E+00  0.0990  3.971649   -9.750  4.152645  8.210271  0.0000000E+00  6.1726523E-02  4.2835302E-01  0.0000000E+00  8.0997820E-16  5.0990542E-01  2.6567522E-13  2.7633252E-12  2.5776610E-06  1.1564416E-05  0.000E+00  0.000E+00  0.000E+00  1.000E+00  1.000E+00  1.99E+02  0.00E+00  0.00E+00  0.000000  0.003769  0.0000000E+00  0.0000000000E+00
330  7.266698496180969E+08    1.987075  2.444043  3.969885  7.4794740E-01  2.5178760E-01  9.4472462E-07  3.8164732E-08  4.7070135E-07  6.8207548E-06  7.7408865E-10  1.7160381E-09  9.2048308E-07  2.3543589E-08  0.000E+00  0.0994  3.969885   -9.748  4.158367  8.211941  0.0000000E+00  5.8477758E-02  4.2642775E-01  0.0000000E+00  2.8669926E-19  5.1507943E-01  1.2192550E-13  2.1485310E-14  2.6229690E-06  1.1563622E-05  0.000E+00  0.000E+00  0.000E+00  1.000E+00  1.000E+00  1.99E+02  0.00E+00  0.00E+00  0.000000  0.003759  0.0000000E+00  0.0000000000E+00
331  7.267495490431765E+08    1.987061  2.444753  3.967397  7.4794740E-01  2.5178760E-01  9.4472462E-07  3.8164732E-08  4.7070135E-07  6.8207548E-06  7.7408865E-10  1.7160381E-09  9.2048308E-07  2.3543589E-08  0.000E+00  0.0998  3.967397   -9.742  4.164068  8.213678  0.0000000E+00  5.5228994E-02  4.2428991E-01  0.0000000E+00  8.1434854E-17  5.2046598E-01  5.3310878E-14  1.7079484E-14  2.6718844E-06  1.1562764E-05  0.000E+00  0.000E+00  0.000E+00  1.000E+00  1.000E+00  1.98E+02  0.00E+00  0.00E+00  0.000000  0.003765  0.0000000E+00  0.0000000000E+00
332  7.268306492054553E+08    1.987046  2.445654  3.964782  7.4794740E-01  2.5178760E-01  9.4472462E-07  3.8164732E-08  4.7070135E-07  6.8207548E-06  7.7408865E-10  1.7160381E-09  9.2048308E-07  2.3543589E-08  0.000E+00  0.0999  3.964782   -9.735  4.169912  8.215507  0.0000000E+00  5.1980230E-02  4.2192111E-01  0.0000000E+00  2.7440678E-18  5.2608349E-01  2.1973961E-14  5.9295474E-16  2.7248514E-06  1.1561839E-05  0.000E+00  0.000E+00  0.000E+00  1.000E+00  1.000E+00  1.96E+02  0.00E+00  0.00E+00  0.000000  0.003773  0.0000000E+00  0.0000000000E+00
333  7.269155852183013E+08    1.987030  2.446593  3.961963  7.4794740E-01  2.5178760E-01  9.4472462E-07  3.8164732E-08  4.7070135E-07  6.8207548E-06  7.7408865E-10  1.7160381E-09  9.2048308E-07  2.3543589E-08  0.000E+00  0.0998  3.961963   -9.728  4.176299  8.217410  0.0000000E+00  4.8731465E-02  4.1929285E-01  0.0000000E+00  1.2253719E-18  5.3196045E-01  9.1922604E-15  3.6708568E-15  2.7825740E-06  1.1560833E-05  0.000E+00  0.000E+00  0.000E+00  1.000E+00  1.000E+00  1.95E+02  0.00E+00  0.00E+00  0.000000  0.003781  0.0000000E+00  0.0000000000E+00
334  7.270006009924302E+08    1.987014  2.447462  3.958979  7.4794740E-01  2.5178760E-01  9.4472462E-07  3.8164732E-08  4.7070135E-07  6.8207548E-06  7.7408865E-10  1.7160381E-09  9.2048308E-07  2.3543589E-08  0.000E+00  0.0999  3.958979   -9.720  4.183181  8.219414  0.0000000E+00  4.5482701E-02  4.1640028E-01  0.0000000E+00  5.7358342E-23  5.3810173E-01  3.3147643E-15  7.5230303E-18  2.8453892E-06  1.1559742E-05  0.000E+00  0.000E+00  0.000E+00  1.000E+00  1.000E+00  1.93E+02  0.00E+00  0.00E+00  0.000000  0.003789  0.0000000E+00  0.0000000000E+00
335  7.270877047866402E+08    1.986997  2.448407  3.955692  7.4794740E-01  2.5178760E-01  9.4472462E-07  3.8164732E-08  4.7070135E-07  6.8207548E-06  7.7408865E-10  1.7160381E-09  9.2048308E-07  2.3543589E-08  0.000E+00  0.0998  3.955692   -9.712  4.190502  8.221546  0.0000000E+00  4.2233937E-02  4.1321083E-01  0.0000000E+00  3.8349866E-20  5.4453987E-01  1.1108618E-15  3.7218968E-17  2.9142333E-06  1.1558548E-05  0.000E+00  0.000E+00  0.000E+00  1.000E+00  1.000E+00  1.92E+02  0.00E+00  0.00E+00  0.000000  0.003797  0.0000000E+00  0.0000000000E+00
336  7.271771111932366E+08    1.986980  2.449419  3.952089  7.4794740E-01  2.5178760E-01  9.4472462E-07  3.8164732E-08  4.7070135E-07  6.8207548E-06  7.7408865E-10  1.7160381E-09  9.2048308E-07  2.3543589E-08  0.000E+00  0.0998  3.952089   -9.704  4.198333  8.223819  0.0000000E+00  3.8985173E-02  4.0970001E-01  0.0000000E+00  7.9519827E-19  5.5129938E-01  3.4636515E-16  3.7047419E-16  2.9900003E-06  1.1557237E-05  0.000E+00  0.000E+00  0.000E+00  1.000E+00  1.000E+00  1.90E+02  0.00E+00  0.00E+00  0.000000  0.003806  0.0000000E+00  0.0000000000E+00
337  7.272695286945500E+08    1.986962  2.450499  3.948108  7.4794740E-01  2.5178760E-01  9.4472462E-07  3.8164732E-08  4.7070135E-07  6.8207548E-06  7.7408865E-10  1.7160381E-09  9.2048308E-07  2.3543589E-08  0.000E+00  0.0995  3.948108   -9.694  4.206797  8.226269  0.0000000E+00  3.5736408E-02  4.0583382E-01  0.0000000E+00  9.4118353E-18  5.5841426E-01  1.7761430E-16  4.6064241E-15  3.0739109E-06  1.1555786E-05  0.000E+00  0.000E+00  0.000E+00  1.000E+00  1.000E+00  1.89E+02  0.00E+00  0.00E+00  0.000000  0.003815  0.0000000E+00  0.0000000000E+00
338  7.273641553864129E+08    1.986942  2.451636  3.943721  7.4794740E-01  2.5178760E-01  9.4472462E-07  3.8164732E-08  4.7070135E-07  6.8207548E-06  7.7408865E-10  1.7160381E-09  9.2048308E-07  2.3543589E-08  0.000E+00  0.0994  3.943721   -9.684  4.215946  8.228890  0.0000000E+00  3.2487644E-02  4.0158811E-01  0.0000000E+00  4.3198246E-23  5.6590863E-01  4.4133451E-17  1.8607832E-18  3.1671600E-06  1.1554174E-05  0.000E+00  0.000E+00  0.000E+00  1.000E+00  1.000E+00  1.86E+02  0.00E+00  0.00E+00  0.000000  0.003825  0.0000000E+00  0.0000000000E+00
339  7.274618354040475E+08    1.986921  2.452820  3.938808  7.4794740E-01  2.5178760E-01  9.4472462E-07  3.8164732E-08  4.7070135E-07  6.8207548E-06  7.7408865E-10  1.7160381E-09  9.2048308E-07  2.3543589E-08  0.000E+00  0.0990  3.938808   -9.672  4.225933  8.231742  0.0000000E+00  2.9238880E-02  3.9692429E-01  0.0000000E+00  1.2472662E-28  5.7382112E-01  9.6303242E-18  4.7011672E-22  3.2714813E-06  1.1552368E-05  0.000E+00  0.000E+00  0.000E+00  1.000E+00  1.000E+00  1.84E+02  0.00E+00  0.00E+00  0.000000  0.003836  0.0000000E+00  0.0000000000E+00
340  7.275623867991652E+08    1.986900  2.454095  3.933280  7.4794740E-01  2.5178760E-01  9.4472462E-07  3.8164732E-08  4.7070135E-07  6.8207548E-06  7.7408865E-10  1.7160381E-09  9.2048308E-07  2.3543589E-08  0.000E+00  0.0987  3.933280   -9.659  4.236891  8.234838  0.0000000E+00  2.5990116E-02  3.9180488E-01  0.0000000E+00  1.7360588E-34  5.8218916E-01  1.8141466E-18  6.8781254E-26  3.3889792E-06  1.1550329E-05  0.000E+00  0.000E+00  0.000E+00  1.000E+00  1.000E+00  1.82E+02  0.00E+00  0.00E+00  0.000000  0.003848  0.0000000E+00  0.0000000000E+00
341  7.276656410874317E+08    1.986877  2.455362  3.926965  7.4794740E-01  2.5178760E-01  9.4472462E-07  3.8164732E-08  4.7070135E-07  6.8207548E-06  7.7408865E-10  1.7160381E-09  9.2048308E-07  2.3543589E-08  0.000E+00  0.0978  3.926965   -9.645  4.249167  8.238238  0.0000000E+00  2.2741351E-02  3.8618471E-01  0.0000000E+00  1.5920136E-36  5.9105797E-01  2.9524103E-19  3.6258386E-28  3.5223977E-06  1.1548002E-05  0.000E+00  0.000E+00  0.000E+00  1.000E+00  1.000E+00  1.79E+02  0.00E+00  0.00E+00  0.000000  0.003859  0.0000000E+00  0.0000000000E+00
342  7.277725571155337E+08    1.986852  2.456744  3.919610  7.4794740E-01  2.5178760E-01  9.4472462E-07  3.8164732E-08  4.7070135E-07  6.8207548E-06  7.7408865E-10  1.7160381E-09  9.2048308E-07  2.3543589E-08  0.000E+00  0.0974  3.919610   -9.628  4.262976  8.242075  0.0000000E+00  1.9492587E-02  3.8002484E-01  0.0000000E+00  4.3520141E-42  6.0046645E-01  3.9615221E-20  5.3451898E-32  3.6750762E-06  1.1545323E-05  0.000E+00  0.000E+00  0.000E+00  1.000E+00  1.000E+00  1.76E+02  0.00E+00  0.00E+00  0.000000  0.003871  0.0000000E+00  0.0000000000E+00
343  7.280297744334837E+08    1.986787  2.462454  3.902534  7.4794740E-01  2.5178760E-01  9.4472462E-07  3.8164732E-08  4.7070135E-07  6.8207548E-06  7.7408865E-10  1.7160381E-09  9.2048308E-07  2.3543589E-08  0.000E+00  0.1049  3.902534   -9.585  4.283887  8.248815  0.0000000E+00  1.6243823E-02  3.6950557E-01  0.0000000E+00  2.0776177E-13  6.1423418E-01  2.1039062E-14  1.4132127E-11  3.9748237E-06  1.1539921E-05  0.000E+00  0.000E+00  0.000E+00  1.000E+00  1.000E+00  1.68E+02  0.00E+00  0.00E+00  0.000000  0.003923  0.0000000E+00  0.0000000000E+00
344  7.281542371521162E+08    1.986755  2.463392  3.898110  7.4794740E-01  2.5178760E-01  9.4472462E-07  3.8164732E-08  4.7070135E-07  6.8207548E-06  7.7408865E-10  1.7160381E-09  9.2048308E-07  2.3543589E-08  0.000E+00  0.1061  3.898110   -9.575  4.296363  8.252102  0.0000000E+00  1.2995059E-02  3.6215688E-01  0.0000000E+00  2.6911583E-14  6.2483143E-01  1.9613002E-15  8.9867511E-13  4.1867841E-06  1.1536122E-05  0.000E+00  0.000E+00  0.000E+00  1.000E+00  1.000E+00  1.67E+02  0.00E+00  0.00E+00  0.000000  0.003931  0.0000000E+00  0.0000000000E+00
345  7.283749691426376E+08    1.986694  2.466875  3.881847  7.4794740E-01  2.5178760E-01  9.4472462E-07  3.8164732E-08  4.7070135E-07  6.8207548E-06  7.7408865E-10  1.7160381E-09  9.2048308E-07  2.3543589E-08  0.000E+00  0.1099  3.881847   -9.536  4.318882  8.258790  0.0000000E+00  9.7462943E-03  3.5183579E-01  0.0000000E+00  6.0463724E-17  6.3840094E-01  2.7746615E-15  1.9131040E-14  4.5318349E-06  1.1529719E-05  0.000E+00  0.000E+00  0.000E+00  1.000E+00  1.000E+00  1.60E+02  0.00E+00  0.00E+00  0.000000  0.003963  0.0000000E+00  0.0000000000E+00
346  7.285107166408880E+08    1.986653  2.463616  3.866807  7.4794740E-01  2.5178760E-01  9.4472462E-07  3.8164732E-08  4.7070135E-07  6.8207548E-06  7.7408865E-10  1.7160381E-09  9.2048308E-07  2.3543589E-08  0.000E+00  0.0984  3.866807   -9.513  4.350284  8.266856  0.0000000E+00  6.4975300E-03  3.4320696E-01  0.0000000E+00  8.3157091E-24  6.5027822E-01  1.0095910E-16  9.0423417E-20  4.8380111E-06  1.1523870E-05  0.000E+00  0.000E+00  0.000E+00  1.000E+00  1.000E+00  1.55E+02  0.00E+00  0.00E+00  0.000000  0.003934  0.0000000E+00  0.0000000000E+00
347  7.286608019802570E+08    1.986603  2.463740  3.836033  7.4794740E-01  2.5178760E-01  9.4472462E-07  3.8164732E-08  4.7070135E-07  6.8207548E-06  7.7408865E-10  1.7160381E-09  9.2048308E-07  2.3543589E-08  0.000E+00  0.0888  3.836033   -9.450  4.398308  8.277222  0.0000000E+00  3.2487658E-03  3.3398340E-01  0.0000000E+00  4.5427556E-37  6.6275017E-01  1.4005994E-18  5.0609953E-28  5.2137147E-06  1.1516212E-05  0.000E+00  0.000E+00  0.000E+00  1.000E+00  1.000E+00  1.44E+02  0.00E+00  0.00E+00  0.000000  0.003935  0.0000000E+00  0.0000000000E+00
348  7.287573210160415E+08    1.986567  2.455212  3.801813  7.4794740E-01  2.5178760E-01  9.4472462E-07  3.8164732E-08  4.7070135E-07  6.8207548E-06  7.7408865E-10  1.7160381E-09  9.2048308E-07  2.3543589E-08  0.000E+00  0.0720  3.801813   -9.394  4.461395  8.291249  0.0000000E+00  1.2548580E-03  3.2809687E-01  0.0000000E+00  8.0471654E-59  6.7063031E-01  3.4343062E-20  8.5064208E-40  5.5014311E-06  1.1509583E-05  0.000E+00  0.000E+00  0.000E+00  1.000E+00  1.000E+00  1.34E+02  0.00E+00  0.00E+00  0.000000  0.003858  0.0000000E+00  0.0000000000E+00
349  7.288170559093786E+08    1.986541  2.441175  3.765961  7.4794740E-01  2.5178760E-01  9.4472462E-07  3.8164732E-08  4.7070135E-07  6.8207548E-06  7.7408865E-10  1.7160381E-09  9.2048308E-07  2.3543589E-08  0.000E+00  0.0423  3.765961   -9.344  4.541761  8.305119  0.0000000E+00  2.5260480E-04  3.2509754E-01  0.0000000E+00  2.7799011E-74  6.7463172E-01  3.4454636E-21  1.1435732E-47  5.6825302E-06  1.1504611E-05  0.000E+00  0.000E+00  0.000E+00  1.000E+00  1.000E+00  1.25E+02  0.00E+00  0.00E+00  0.000000  0.003735  0.0000000E+00  0.0000000000E+00
350  7.288780317143073E+08    1.986513  2.412167  3.736859  7.4794740E-01  2.5178760E-01  9.4472462E-07  3.8164732E-08  4.7070135E-07  6.8207548E-06  7.7408865E-10  1.7160381E-09  9.2048308E-07  2.3543589E-08  0.000E+00  0.0000  3.736859   -9.330  4.686094  8.302262  0.0000000E+00  1.5128530E-09  3.2433984E-01  0.0000000E+00  0.0000000E+00  6.7564196E-01  1.6382858E-21  6.7811803E-51  5.7417157E-06  1.1502660E-05  0.000E+00  0.000E+00  0.000E+00  1.000E+00  1.000E+00  1.18E+02  0.00E+00  0.00E+00  0.000000  0.003494  0.0000000E+00  0.0000000000E+00
351  7.291070755245163E+08    1.986375  2.477095  3.725700  7.4794740E-01  2.5178760E-01  9.4472462E-07  3.8164732E-08  4.7070135E-07  6.8207548E-06  7.7408865E-10  1.7160381E-09  9.2048308E-07  2.3543589E-08  0.000E+00  0.0000  3.725700   -9.210  4.848684  8.244147  0.0000000E+00  5.7295027E-19  3.2433984E-01  0.0000000E+00  0.0000000E+00  6.7564197E-01  1.6382858E-21  6.7811803E-51  5.7417160E-06  1.1502660E-05  0.000E+00  0.000E+00  0.000E+00  1.000E+00  1.000E+00  1.11E+02  0.00E+00  0.00E+00  0.000000  0.004057  0.0000000E+00  0.0000000000E+00
352  7.293361193347255E+08    1.986235  2.467654  3.721890  7.4794740E-01  2.5178760E-01  9.4472462E-07  3.8164732E-08  4.7070135E-07  6.8207548E-06  7.7408865E-10  1.7160381E-09  9.2048308E-07  2.3543589E-08  0.000E+00  0.0000  3.721890   -9.216  4.932710  8.228134  0.0000000E+00  1.9153125E-22  3.2433984E-01  0.0000000E+00  0.0000000E+00  6.7564197E-01  1.6382858E-21  6.7811803E-51  5.7417160E-06  1.1502660E-05  0.000E+00  0.000E+00  0.000E+00  1.000E+00  1.000E+00  1.11E+02  0.00E+00  0.00E+00  0.000000  0.003970  0.0000000E+00  0.0000000000E+00
353  7.295651631449345E+08    1.986094  2.469318  3.714992  7.4794740E-01  2.5178760E-01  9.4472462E-07  3.8164732E-08  4.7070135E-07  6.8207548E-06  7.7408865E-10  1.7160381E-09  9.2048308E-07  2.3543589E-08  0.000E+00  0.0000  3.714992   -9.202  4.993993  8.223429  0.0000000E+00  5.3145633E-25  3.2433984E-01  0.0000000E+00  0.0000000E+00  6.7564197E-01  1.6382858E-21  6.7811803E-51  5.7417160E-06  1.1502660E-05  0.000E+00  0.000E+00  0.000E+00  1.000E+00  1.000E+00  1.09E+02  0.00E+00  0.00E+00  0.000000  0.003986  0.0000000E+00  0.0000000000E+00
354  7.297942069551437E+08    1.985943  2.482301  3.710694  7.4794740E-01  2.5178760E-01  9.4472462E-07  3.8164732E-08  4.7070135E-07  6.8207548E-06  7.7408865E-10  1.7160381E-09  9.2048308E-07  2.3543589E-08  0.000E+00  0.0000  3.710694   -9.171  5.047364  8.224277  0.0000000E+00  1.9507900E-27  3.2433984E-01  0.0000000E+00  0.0000000E+00  6.7564197E-01  1.6382858E-21  6.7811803E-51  5.7417160E-06  1.1502660E-05  0.000E+00  0.000E+00  0.000E+00  1.000E+00  1.000E+00  1.07E+02  0.00E+00  0.00E+00  0.000000  0.004107  0.0000000E+00  0.0000000000E+00
355  7.300232507653527E+08    1.985782  2.498130  3.707957  7.4794740E-01  2.5178760E-01  9.4472462E-07  3.8164732E-08  4.7070135E-07  6.8207548E-06  7.7408865E-10  1.7160381E-09  9.2048308E-07  2.3543589E-08  0.000E+00  0.0000  3.707957   -9.142  5.099058  8.228687  0.0000000E+00  3.4852547E-30  3.2433984E-01  0.0000000E+00  0.0000000E+00  6.7564197E-01  1.6382858E-21  6.7811803E-51  5.7417160E-06  1.1502660E-05  0.000E+00  0.000E+00  0.000E+00  1.000E+00  1.000E+00  1.05E+02  0.00E+00  0.00E+00  0.000000  0.004260  0.0000000E+00  0.0000000000E+00
356  7.302522945755618E+08    1.985610  2.517683  3.705539  7.4794731E-01  2.5178760E-01  9.4472462E-07  3.8164732E-08  4.7070135E-07  6.8207548E-06  7.7408865E-10  1.7160381E-09  9.2048308E-07  2.3543589E-08  0.000E+00  0.0000  3.705539   -9.109  5.152527  8.235614  0.0000000E+00  2.3329319E-33  3.2433984E-01  0.0000000E+00  0.0000000E+00  6.7564197E-01  1.6382858E-21  6.7811803E-51  5.7417160E-06  1.1502660E-05  0.000E+00  0.000E+00  0.000E+00  1.000E+00  1.000E+00  1.04E+02  0.00E+00  0.00E+00  0.000000  0.004457  0.0000000E+00  0.0000000000E+00
357  7.304813383857709E+08    1.985420  2.542322  3.703513  7.4794720E-01  2.5178760E-01  9.4472462E-07  3.8164732E-08  4.7070135E-07  6.8207548E-06  7.7408865E-10  1.7160381E-09  9.2048308E-07  2.3543589E-08  0.000E+00  0.0000  3.703513   -9.068  5.210926  8.244790  0.0000000E+00  4.4142878E-37  3.2433984E-01  0.0000000E+00  0.0000000E+00  6.7564197E-01  1.6382858E-21  6.7811803E-51  5.7417160E-06  1.1502660E-05  0.000E+00  0.000E+00  0.000E+00  1.000E+00  1.000E+00  1.02E+02  0.00E+00  0.00E+00  0.000000  0.004718  0.0000000E+00  0.0000000000E+00
358  7.307103821959800E+08    1.985209  2.577402  3.701096  7.4794649E-01  2.5178760E-01  9.4472457E-07  3.8164774E-08  4.7070136E-07  6.8207548E-06  7.7408865E-10  1.7160381E-09  9.2048308E-07  2.3543589E-08  0.000E+00  0.0000  3.701096   -9.011  5.275211  8.255063  0.0000000E+00  4.2384447E-42  3.2433984E-01  0.0000000E+00  0.0000000E+00  6.7564197E-01  1.6382858E-21  6.7811803E-51  5.7417160E-06  1.1502660E-05  0.000E+00  0.000E+00  0.000E+00  1.000E+00  1.000E+00  9.91E+01  0.00E+00  0.00E+00  0.000000  0.005116  0.0000000E+00  0.0000000000E+00
359  7.309394260061891E+08    1.984951  2.652231  3.697651  7.4794158E-01  2.5178912E-01  9.4468654E-07  3.8199863E-08  4.7070831E-07  6.8207548E-06  7.7409035E-10  1.7160315E-09  9.2048308E-07  2.3543589E-08  0.000E+00  0.0000  3.697651   -8.889  5.339390  8.262001  0.0000000E+00  6.5832431E-53  3.2433984E-01  0.0000000E+00  0.0000000E+00  6.7564197E-01  1.6382858E-21  6.7811803E-51  5.7417160E-06  1.1502660E-05  0.000E+00  0.000E+00  0.000E+00  1.000E+00  1.000E+00  9.42E+01  0.00E+00  0.00E+00  0.000000  0.006078  0.0000000E+00  0.0000000000E+00
360  7.311684698163981E+08    1.984606  2.724662  3.693596  7.4733745E-01  2.5240846E-01  9.0900512E-07  3.7698670E-08  5.1293498E-07  6.8204173E-06  1.1387192E-09  1.6527725E-09  9.2048308E-07  2.3543589E-08  0.000E+00  0.0000  3.693596   -8.772  5.396099  8.261678  0.0000000E+00  1.5950592E-68  3.2433984E-01  0.0000000E+00  0.0000000E+00  6.7564197E-01  1.6382858E-21  6.7811803E-51  5.7417160E-06  1.1502660E-05  0.000E+00  0.000E+00  0.000E+00  1.000E+00  1.000E+00  8.94E+01  0.00E+00  0.00E+00  0.000000  0.007179  0.0000000E+00  0.0000000000E+00
361  7.313975136266072E+08    1.984175  2.779347  3.690548  7.4589906E-01  2.5386049E-01  8.4764805E-07  3.5202127E-08  5.8728884E-07  6.8187378E-06  2.9422008E-09  1.5412404E-09  9.2048308E-07  2.3543589E-08  0.000E+00  0.0000  3.690548   -8.685  5.450394  8.258339  0.0000000E+00  0.0000000E+00  3.2433984E-01  0.0000000E+00  0.0000000E+00  6.7564197E-01  1.6382858E-21  6.7811803E-51  5.7417160E-06  1.1502660E-05  0.000E+00  0.000E+00  0.000E+00  1.000E+00  1.000E+00  8.61E+01  0.00E+00  0.00E+00  0.000000  0.008138  0.0000000E+00  0.0000000000E+00
362  7.316265574368163E+08    1.983645  2.836937  3.687724  7.4431732E-01  2.5545352E-01  8.0123762E-07  3.3323333E-08  6.4354801E-07  6.8144369E-06  7.4911360E-09  1.4576668E-09  9.2048308E-07  2.3543589E-08  0.000E+00  0.0000  3.687724   -8.593  5.506295  8.254903  0.0000000E+00  0.0000000E+00  3.2433984E-01  0.0000000E+00  0.0000000E+00  6.7564197E-01  1.6382858E-21  6.7811803E-51  5.7417160E-06  1.1502660E-05  0.000E+00  0.000E+00  0.000E+00  1.000E+00  1.000E+00  8.27E+01  0.00E+00  0.00E+00  0.000000  0.009286  0.0000000E+00  0.0000000000E+00
363  7.318556012470254E+08    1.982984  2.900620  3.684917  7.4278600E-01  2.5699317E-01  7.6838692E-07  3.1998936E-08  6.8387511E-07  6.8045277E-06  1.7382682E-08  1.4003932E-09  9.2048308E-07  2.3543589E-08  0.000E+00  0.0000  3.684917   -8.492  5.565961  8.252013  0.0000000E+00  0.0000000E+00  3.2433984E-01  0.0000000E+00  0.0000000E+00  6.7564197E-01  1.6382858E-21  6.7811803E-51  5.7417160E-06  1.1502660E-05  0.000E+00  0.000E+00  0.000E+00  1.000E+00  1.000E+00  7.92E+01  0.00E+00  0.00E+00  0.000000  0.010747  0.0000000E+00  0.0000000000E+00
364  7.320846450572345E+08    1.982137  2.972453  3.681836  7.4119422E-01  2.5859165E-01  7.4245900E-07  3.0968820E-08  7.3081394E-07  6.7709458E-06  3.4190210E-08  1.3576911E-09  9.2048308E-07  2.3543589E-08  0.000E+00  0.0000  3.681836   -8.378  5.632056  8.249597  0.0000000E+00  0.0000000E+00  3.2433984E-01  0.0000000E+00  0.0000000E+00  6.7564197E-01  1.6382858E-21  6.7811803E-51  5.7417160E-06  1.1502660E-05  0.000E+00  0.000E+00  0.000E+00  1.000E+00  1.000E+00  7.54E+01  0.00E+00  0.00E+00  0.000000  0.012674  0.0000000E+00  0.0000000000E+00
365  7.323136888674436E+08    1.981009  3.058926  3.678176  7.3954089E-01  2.6025051E-01  7.2202860E-07  3.0234011E-08  8.5625755E-07  6.6527943E-06  3.7342653E-08  1.3206280E-09  9.2048308E-07  2.3543589E-08  0.000E+00  0.0000  3.678176   -8.240  5.709078  8.247474  0.0000000E+00  0.0000000E+00  3.2433984E-01  0.0000000E+00  0.0000000E+00  6.7564197E-01  1.6382858E-21  6.7811803E-51  5.7417160E-06  1.1502660E-05  0.000E+00  0.000E+00  0.000E+00  1.000E+00  1.000E+00  7.12E+01  0.00E+00  0.00E+00  0.000000  0.015460  0.0000000E+00  0.0000000000E+00
366  7.325427326776526E+08    1.979401  3.164345  3.672227  7.3782798E-01  2.6196767E-01  7.0594561E-07  2.9688125E-08  1.0057289E-06  6.5047812E-06  3.6632540E-08  1.2902570E-09  9.2048308E-07  2.3543589E-08  0.000E+00  0.0000  3.672227   -8.069  5.803100  8.243828  0.0000000E+00  0.0000000E+00  3.2433984E-01  0.0000000E+00  0.0000000E+00  6.7564197E-01  1.6382858E-21  6.7811803E-51  5.7417160E-06  1.1502660E-05  0.000E+00  0.000E+00  0.000E+00  1.000E+00  1.000E+00  6.60E+01  0.00E+00  0.00E+00  0.000000  0.019704  0.0000000E+00  0.0000000000E+00
367  7.327717764878618E+08    1.976937  3.288228  3.666008  7.3620970E-01  2.6358910E-01  6.9437649E-07  2.9295419E-08  1.1140844E-06  6.3973881E-06  3.6087077E-08  1.2683926E-09  9.2048308E-07  2.3543589E-08  0.000E+00  0.0000  3.666008   -7.871  5.923006  8.234659  0.0000000E+00  0.0000000E+00  3.2433984E-01  0.0000000E+00  0.0000000E+00  6.7564197E-01  1.6382858E-21  6.7811803E-51  5.7417160E-06  1.1502660E-05  0.000E+00  0.000E+00  0.000E+00  1.000E+00  1.000E+00  6.06E+01  0.00E+00  0.00E+00  0.000000  0.026216  0.0000000E+00  0.0000000000E+00
368  7.330008202980708E+08    1.972938  3.423226  3.660098  7.3479534E-01  2.6500556E-01  6.8672120E-07  2.9041759E-08  1.1860214E-06  6.3260441E-06  3.5728443E-08  1.2538760E-09  9.2048308E-07  2.3543589E-08  0.000E+00  0.0000  3.660098   -7.656  6.085093  8.209778  0.0000000E+00  0.0000000E+00  3.2433984E-01  0.0000000E+00  0.0000000E+00  6.7564197E-01  1.6382858E-21  6.7811803E-51  5.7417160E-06  1.1502660E-05  0.000E+00  0.000E+00  0.000E+00  1.000E+00  1.000E+00  5.52E+01  0.00E+00  0.00E+00  0.000000  0.035817  0.0000000E+00  0.0000000000E+00
369  7.332298641082799E+08    1.965750  3.606604  3.647613  7.3362209E-01  2.6618012E-01  6.8188602E-07  2.8883814E-08  1.2315145E-06  6.2809228E-06  3.5493258E-08  1.2446907E-09  9.2048308E-07  2.3543589E-08  0.000E+00  0.0000  3.647613   -7.354  6.295104  8.144710  0.0000000E+00  0.0000000E+00  3.2433984E-01  0.0000000E+00  0.0000000E+00  6.7564197E-01  1.6382858E-21  6.7811803E-51  5.7417160E-06  1.1502660E-05  0.000E+00  0.000E+00  0.000E+00  1.000E+00  1.000E+00  4.82E+01  0.00E+00  0.00E+00  0.000000  0.054798  0.0000000E+00  0.0000000000E+00
370  7.334589079184890E+08    1.953641  3.664644  3.644195  7.3261040E-01  2.6719280E-01  6.7868267E-07  2.8784749E-08  1.2618862E-06  6.2507636E-06  3.5330960E-08  1.2385599E-09  9.2048308E-07  2.3543589E-08  0.000E+00  0.0000  3.644195   -7.258  6.461148  8.040225  0.0000000E+00  0.0000000E+00  3.2433984E-01  0.0000000E+00  0.0000000E+00  6.7564197E-01  1.6382858E-21  6.7811803E-51  5.7417160E-06  1.1502660E-05  0.000E+00  0.000E+00  0.000E+00  1.000E+00  1.000E+00  4.61E+01  0.00E+00  0.00E+00  0.000000  0.062984  0.0000000E+00  0.0000000000E+00
371  7.334589079184890E+08    1.953641  3.664644  3.644195  7.3261040E-01  2.6719280E-01  6.7868267E-07  2.8784749E-08  1.2618862E-06  6.2507636E-06  3.5330960E-08  1.2385599E-09  9.2048308E-07  2.3543589E-08  0.000E+00  0.0000  3.644195   -7.258  6.461148  8.040225  0.0000000E+00  0.0000000E+00  3.2433984E-01  0.0000000E+00  0.0000000E+00  6.7564197E-01  1.6382858E-21  6.7811803E-51  5.7417160E-06  1.1502660E-05  0.000E+00  0.000E+00  0.000E+00  1.000E+00  1.000E+00  4.61E+01  0.00E+00  0.00E+00  0.000000  0.062984  0.0000000E+00  0.0000000000E+00
372  7.334589079184890E+08    1.953641  3.664644  3.644195  7.3261040E-01  2.6719280E-01  6.7868267E-07  2.8784749E-08  1.2618862E-06  6.2507636E-06  3.5330960E-08  1.2385599E-09  9.2048308E-07  2.3543589E-08  0.000E+00  0.0000  3.644195   -7.258  6.461148  8.040225  0.0000000E+00  0.0000000E+00  3.2433984E-01  0.0000000E+00  0.0000000E+00  6.7564197E-01  1.6382858E-21  6.7811803E-51  5.7417160E-06  1.1502660E-05  0.000E+00  0.000E+00  0.000E+00  1.000E+00  1.000E+00  4.61E+01  0.00E+00  0.00E+00  0.000000  0.062984  0.0000000E+00  0.0000000000E+00
373  7.334589079184890E+08    1.953641  3.664644  3.644195  7.3261040E-01  2.6719280E-01  6.7868267E-07  2.8784749E-08  1.2618862E-06  6.2507636E-06  3.5330960E-08  1.2385599E-09  9.2048308E-07  2.3543589E-08  0.000E+00  0.0000  3.644195   -7.258  6.461148  8.040225  0.0000000E+00  0.0000000E+00  3.2433984E-01  0.0000000E+00  0.0000000E+00  6.7564197E-01  1.6382858E-21  6.7811803E-51  5.7417160E-06  1.1502660E-05  0.000E+00  0.000E+00  0.000E+00  1.000E+00  1.000E+00  4.61E+01  0.00E+00  0.00E+00  0.000000  0.062984  0.0000000E+00  0.0000000000E+00
374  7.334589079184890E+08    1.953641  3.664644  3.644195  7.3261040E-01  2.6719280E-01  6.7868267E-07  2.8784749E-08  1.2618862E-06  6.2507636E-06  3.5330960E-08  1.2385599E-09  9.2048308E-07  2.3543589E-08  0.000E+00  0.0000  3.644195   -7.258  6.461148  8.040225  0.0000000E+00  0.0000000E+00  3.2433984E-01  0.0000000E+00  0.0000000E+00  6.7564197E-01  1.6382858E-21  6.7811803E-51  5.7417160E-06  1.1502660E-05  0.000E+00  0.000E+00  0.000E+00  1.000E+00  1.000E+00  4.61E+01  0.00E+00  0.00E+00  0.000000  0.062984  0.0000000E+00  0.0000000000E+00
375  7.334589079184890E+08    1.953641  3.664644  3.644195  7.3261040E-01  2.6719280E-01  6.7868267E-07  2.8784749E-08  1.2618862E-06  6.2507636E-06  3.5330960E-08  1.2385599E-09  9.2048308E-07  2.3543589E-08  0.000E+00  0.0000  3.644195   -7.258  6.461148  8.040225  0.0000000E+00  0.0000000E+00  3.2433984E-01  0.0000000E+00  0.0000000E+00  6.7564197E-01  1.6382858E-21  6.7811803E-51  5.7417160E-06  1.1502660E-05  0.000E+00  0.000E+00  0.000E+00  1.000E+00  1.000E+00  4.61E+01  0.00E+00  0.00E+00  0.000000  0.062984  0.0000000E+00  0.0000000000E+00
376  7.334589079184890E+08    1.953641  3.664644  3.644195  7.3261040E-01  2.6719280E-01  6.7868267E-07  2.8784749E-08  1.2618862E-06  6.2507636E-06  3.5330960E-08  1.2385599E-09  9.2048308E-07  2.3543589E-08  0.000E+00  0.0000  3.644195   -7.258  6.461148  8.040225  0.0000000E+00  0.0000000E+00  3.2433984E-01  0.0000000E+00  0.0000000E+00  6.7564197E-01  1.6382858E-21  6.7811803E-51  5.7417160E-06  1.1502660E-05  0.000E+00  0.000E+00  0.000E+00  1.000E+00  1.000E+00  4.61E+01  0.00E+00  0.00E+00  0.000000  0.062984  0.0000000E+00  0.0000000000E+00
377  7.334589079184890E+08    1.953641  3.664644  3.644195  7.3261040E-01  2.6719280E-01  6.7868267E-07  2.8784749E-08  1.2618862E-06  6.2507636E-06  3.5330960E-08  1.2385599E-09  9.2048308E-07  2.3543589E-08  0.000E+00  0.0000  3.644195   -7.258  6.461148  8.040225  0.0000000E+00  0.0000000E+00  3.2433984E-01  0.0000000E+00  0.0000000E+00  6.7564197E-01  1.6382858E-21  6.7811803E-51  5.7417160E-06  1.1502660E-05  0.000E+00  0.000E+00  0.000E+00  1.000E+00  1.000E+00  4.61E+01  0.00E+00  0.00E+00  0.000000  0.062984  0.0000000E+00  0.0000000000E+00
378  7.334589079184890E+08    1.953641  3.664644  3.644195  7.3261040E-01  2.6719280E-01  6.7868267E-07  2.8784749E-08  1.2618862E-06  6.2507636E-06  3.5330960E-08  1.2385599E-09  9.2048308E-07  2.3543589E-08  0.000E+00  0.0000  3.644195   -7.258  6.461148  8.040225  0.0000000E+00  0.0000000E+00  3.2433984E-01  0.0000000E+00  0.0000000E+00  6.7564197E-01  1.6382858E-21  6.7811803E-51  5.7417160E-06  1.1502660E-05  0.000E+00  0.000E+00  0.000E+00  1.000E+00  1.000E+00  4.61E+01  0.00E+00  0.00E+00  0.000000  0.062984  0.0000000E+00  0.0000000000E+00
379  7.334589079184890E+08    1.953641  3.664644  3.644195  7.3261040E-01  2.6719280E-01  6.7868267E-07  2.8784749E-08  1.2618862E-06  6.2507636E-06  3.5330960E-08  1.2385599E-09  9.2048308E-07  2.3543589E-08  0.000E+00  0.0000  3.644195   -7.258  6.461148  8.040225  0.0000000E+00  0.0000000E+00  3.2433984E-01  0.0000000E+00  0.0000000E+00  6.7564197E-01  1.6382858E-21  6.7811803E-51  5.7417160E-06  1.1502660E-05  0.000E+00  0.000E+00  0.000E+00  1.000E+00  1.000E+00  4.61E+01  0.00E+00  0.00E+00  0.000000  0.062984  0.0000000E+00  0.0000000000E+00
380  7.334589079184890E+08    1.953641  3.664644  3.644195  7.3261040E-01  2.6719280E-01  6.7868267E-07  2.8784749E-08  1.2618862E-06  6.2507636E-06  3.5330960E-08  1.2385599E-09  9.2048308E-07  2.3543589E-08  0.000E+00  0.0000  3.644195   -7.258  6.461148  8.040225  0.0000000E+00  0.0000000E+00  3.2433984E-01  0.0000000E+00  0.0000000E+00  6.7564197E-01  1.6382858E-21  6.7811803E-51  5.7417160E-06  1.1502660E-05  0.000E+00  0.000E+00  0.000E+00  1.000E+00  1.000E+00  4.61E+01  0.00E+00  0.00E+00  0.000000  0.062984  0.0000000E+00  0.0000000000E+00
381  7.334589079184890E+08    1.953641  3.664644  3.644195  7.3261040E-01  2.6719280E-01  6.7868267E-07  2.8784749E-08  1.2618862E-06  6.2507636E-06  3.5330960E-08  1.2385599E-09  9.2048308E-07  2.3543589E-08  0.000E+00  0.0000  3.644195   -7.258  6.461148  8.040225  0.0000000E+00  0.0000000E+00  3.2433984E-01  0.0000000E+00  0.0000000E+00  6.7564197E-01  1.6382858E-21  6.7811803E-51  5.7417160E-06  1.1502660E-05  0.000E+00  0.000E+00  0.000E+00  1.000E+00  1.000E+00  4.61E+01  0.00E+00  0.00E+00  0.000000  0.062984  0.0000000E+00  0.0000000000E+00
382  7.334589079184890E+08    1.953641  3.664644  3.644195  7.3261040E-01  2.6719280E-01  6.7868267E-07  2.8784749E-08  1.2618862E-06  6.2507636E-06  3.5330960E-08  1.2385599E-09  9.2048308E-07  2.3543589E-08  0.000E+00  0.0000  3.644195   -7.258  6.461148  8.040225  0.0000000E+00  0.0000000E+00  3.2433984E-01  0.0000000E+00  0.0000000E+00  6.7564197E-01  1.6382858E-21  6.7811803E-51  5.7417160E-06  1.1502660E-05  0.000E+00  0.000E+00  0.000E+00  1.000E+00  1.000E+00  4.61E+01  0.00E+00  0.00E+00  0.000000  0.062984  0.0000000E+00  0.0000000000E+00
383  7.334589079184890E+08    1.953641  3.664644  3.644195  7.3261040E-01  2.6719280E-01  6.7868267E-07  2.8784749E-08  1.2618862E-06  6.2507636E-06  3.5330960E-08  1.2385599E-09  9.2048308E-07  2.3543589E-08  0.000E+00  0.0000  3.644195   -7.258  6.461148  8.040225  0.0000000E+00  0.0000000E+00  3.2433984E-01  0.0000000E+00  0.0000000E+00  6.7564197E-01  1.6382858E-21  6.7811803E-51  5.7417160E-06  1.1502660E-05  0.000E+00  0.000E+00  0.000E+00  1.000E+00  1.000E+00  4.61E+01  0.00E+00  0.00E+00  0.000000  0.062984  0.0000000E+00  0.0000000000E+00
384  7.334589079184890E+08    1.953641  3.664644  3.644195  7.3261040E-01  2.6719280E-01  6.7868267E-07  2.8784749E-08  1.2618862E-06  6.2507636E-06  3.5330960E-08  1.2385599E-09  9.2048308E-07  2.3543589E-08  0.000E+00  0.0000  3.644195   -7.258  6.461148  8.040225  0.0000000E+00  0.0000000E+00  3.2433984E-01  0.0000000E+00  0.0000000E+00  6.7564197E-01  1.6382858E-21  6.7811803E-51  5.7417160E-06  1.1502660E-05  0.000E+00  0.000E+00  0.000E+00  1.000E+00  1.000E+00  4.61E+01  0.00E+00  0.00E+00  0.000000  0.062984  0.0000000E+00  0.0000000000E+00
385  7.334589079184890E+08    1.953641  3.664644  3.644195  7.3261040E-01  2.6719280E-01  6.7868267E-07  2.8784749E-08  1.2618862E-06  6.2507636E-06  3.5330960E-08  1.2385599E-09  9.2048308E-07  2.3543589E-08  0.000E+00  0.0000  3.644195   -7.258  6.461148  8.040225  0.0000000E+00  0.0000000E+00  3.2433984E-01  0.0000000E+00  0.0000000E+00  6.7564197E-01  1.6382858E-21  6.7811803E-51  5.7417160E-06  1.1502660E-05  0.000E+00  0.000E+00  0.000E+00  1.000E+00  1.000E+00  4.61E+01  0.00E+00  0.00E+00  0.000000  0.062984  0.0000000E+00  0.0000000000E+00
386  7.334589079184890E+08    1.953641  3.664644  3.644195  7.3261040E-01  2.6719280E-01  6.7868267E-07  2.8784749E-08  1.2618862E-06  6.2507636E-06  3.5330960E-08  1.2385599E-09  9.2048308E-07  2.3543589E-08  0.000E+00  0.0000  3.644195   -7.258  6.461148  8.040225  0.0000000E+00  0.0000000E+00  3.2433984E-01  0.0000000E+00  0.0000000E+00  6.7564197E-01  1.6382858E-21  6.7811803E-51  5.7417160E-06  1.1502660E-05  0.000E+00  0.000E+00  0.000E+00  1.000E+00  1.000E+00  4.61E+01  0.00E+00  0.00E+00  0.000000  0.062984  0.0000000E+00  0.0000000000E+00
387  7.334589079184890E+08    1.953641  3.664644  3.644195  7.3261040E-01  2.6719280E-01  6.7868267E-07  2.8784749E-08  1.2618862E-06  6.2507636E-06  3.5330960E-08  1.2385599E-09  9.2048308E-07  2.3543589E-08  0.000E+00  0.0000  3.644195   -7.258  6.461148  8.040225  0.0000000E+00  0.0000000E+00  3.2433984E-01  0.0000000E+00  0.0000000E+00  6.7564197E-01  1.6382858E-21  6.7811803E-51  5.7417160E-06  1.1502660E-05  0.000E+00  0.000E+00  0.000E+00  1.000E+00  1.000E+00  4.61E+01  0.00E+00  0.00E+00  0.000000  0.062984  0.0000000E+00  0.0000000000E+00
388  7.334589079184890E+08    1.953641  3.664644  3.644195  7.3261040E-01  2.6719280E-01  6.7868267E-07  2.8784749E-08  1.2618862E-06  6.2507636E-06  3.5330960E-08  1.2385599E-09  9.2048308E-07  2.3543589E-08  0.000E+00  0.0000  3.644195   -7.258  6.461148  8.040225  0.0000000E+00  0.0000000E+00  3.2433984E-01  0.0000000E+00  0.0000000E+00  6.7564197E-01  1.6382858E-21  6.7811803E-51  5.7417160E-06  1.1502660E-05  0.000E+00  0.000E+00  0.000E+00  1.000E+00  1.000E+00  4.61E+01  0.00E+00  0.00E+00  0.000000  0.062984  0.0000000E+00  0.0000000000E+00
389  7.334589079184890E+08    1.953641  3.664644  3.644195  7.3261040E-01  2.6719280E-01  6.7868267E-07  2.8784749E-08  1.2618862E-06  6.2507636E-06  3.5330960E-08  1.2385599E-09  9.2048308E-07  2.3543589E-08  0.000E+00  0.0000  3.644195   -7.258  6.461148  8.040225  0.0000000E+00  0.0000000E+00  3.2433984E-01  0.0000000E+00  0.0000000E+00  6.7564197E-01  1.6382858E-21  6.7811803E-51  5.7417160E-06  1.1502660E-05  0.000E+00  0.000E+00  0.000E+00  1.000E+00  1.000E+00  4.61E+01  0.00E+00  0.00E+00  0.000000  0.062984  0.0000000E+00  0.0000000000E+00
390  7.334589079184890E+08    1.953641  3.664644  3.644195  7.3261040E-01  2.6719280E-01  6.7868267E-07  2.8784749E-08  1.2618862E-06  6.2507636E-06  3.5330960E-08  1.2385599E-09  9.2048308E-07  2.3543589E-08  0.000E+00  0.0000  3.644195   -7.258  6.461148  8.040225  0.0000000E+00  0.0000000E+00  3.2433984E-01  0.0000000E+00  0.0000000E+00  6.7564197E-01  1.6382858E-21  6.7811803E-51  5.7417160E-06  1.1502660E-05  0.000E+00  0.000E+00  0.000E+00  1.000E+00  1.000E+00  4.61E+01  0.00E+00  0.00E+00  0.000000  0.062984  0.0000000E+00  0.0000000000E+00
391  7.334589079184890E+08    1.953641  3.664644  3.644195  7.3261040E-01  2.6719280E-01  6.7868267E-07  2.8784749E-08  1.2618862E-06  6.2507636E-06  3.5330960E-08  1.2385599E-09  9.2048308E-07  2.3543589E-08  0.000E+00  0.0000  3.644195   -7.258  6.461148  8.040225  0.0000000E+00  0.0000000E+00  3.2433984E-01  0.0000000E+00  0.0000000E+00  6.7564197E-01  1.6382858E-21  6.7811803E-51  5.7417160E-06  1.1502660E-05  0.000E+00  0.000E+00  0.000E+00  1.000E+00  1.000E+00  4.61E+01  0.00E+00  0.00E+00  0.000000  0.062984  0.0000000E+00  0.0000000000E+00
392  7.334589079184890E+08    1.953641  3.664644  3.644195  7.3261040E-01  2.6719280E-01  6.7868267E-07  2.8784749E-08  1.2618862E-06  6.2507636E-06  3.5330960E-08  1.2385599E-09  9.2048308E-07  2.3543589E-08  0.000E+00  0.0000  3.644195   -7.258  6.461148  8.040225  0.0000000E+00  0.0000000E+00  3.2433984E-01  0.0000000E+00  0.0000000E+00  6.7564197E-01  1.6382858E-21  6.7811803E-51  5.7417160E-06  1.1502660E-05  0.000E+00  0.000E+00  0.000E+00  1.000E+00  1.000E+00  4.61E+01  0.00E+00  0.00E+00  0.000000  0.062984  0.0000000E+00  0.0000000000E+00
393  7.334589079184890E+08    1.953641  3.664644  3.644195  7.3261040E-01  2.6719280E-01  6.7868267E-07  2.8784749E-08  1.2618862E-06  6.2507636E-06  3.5330960E-08  1.2385599E-09  9.2048308E-07  2.3543589E-08  0.000E+00  0.0000  3.644195   -7.258  6.461148  8.040225  0.0000000E+00  0.0000000E+00  3.2433984E-01  0.0000000E+00  0.0000000E+00  6.7564197E-01  1.6382858E-21  6.7811803E-51  5.7417160E-06  1.1502660E-05  0.000E+00  0.000E+00  0.000E+00  1.000E+00  1.000E+00  4.61E+01  0.00E+00  0.00E+00  0.000000  0.062984  0.0000000E+00  0.0000000000E+00
394  7.334589079184890E+08    1.953641  3.664644  3.644195  7.3261040E-01  2.6719280E-01  6.7868267E-07  2.8784749E-08  1.2618862E-06  6.2507636E-06  3.5330960E-08  1.2385599E-09  9.2048308E-07  2.3543589E-08  0.000E+00  0.0000  3.644195   -7.258  6.461148  8.040225  0.0000000E+00  0.0000000E+00  3.2433984E-01  0.0000000E+00  0.0000000E+00  6.7564197E-01  1.6382858E-21  6.7811803E-51  5.7417160E-06  1.1502660E-05  0.000E+00  0.000E+00  0.000E+00  1.000E+00  1.000E+00  4.61E+01  0.00E+00  0.00E+00  0.000000  0.062984  0.0000000E+00  0.0000000000E+00
395  7.334589079184890E+08    1.953641  3.664644  3.644195  7.3261040E-01  2.6719280E-01  6.7868267E-07  2.8784749E-08  1.2618862E-06  6.2507636E-06  3.5330960E-08  1.2385599E-09  9.2048308E-07  2.3543589E-08  0.000E+00  0.0000  3.644195   -7.258  6.461148  8.040225  0.0000000E+00  0.0000000E+00  3.2433984E-01  0.0000000E+00  0.0000000E+00  6.7564197E-01  1.6382858E-21  6.7811803E-51  5.7417160E-06  1.1502660E-05  0.000E+00  0.000E+00  0.000E+00  1.000E+00  1.000E+00  4.61E+01  0.00E+00  0.00E+00  0.000000  0.062984  0.0000000E+00  0.0000000000E+00
396  7.334589079184890E+08    1.953641  3.664644  3.644195  7.3261040E-01  2.6719280E-01  6.7868267E-07  2.8784749E-08  1.2618862E-06  6.2507636E-06  3.5330960E-08  1.2385599E-09  9.2048308E-07  2.3543589E-08  0.000E+00  0.0000  3.644195   -7.258  6.461148  8.040225  0.0000000E+00  0.0000000E+00  3.2433984E-01  0.0000000E+00  0.0000000E+00  6.7564197E-01  1.6382858E-21  6.7811803E-51  5.7417160E-06  1.1502660E-05  0.000E+00  0.000E+00  0.000E+00  1.000E+00  1.000E+00  4.61E+01  0.00E+00  0.00E+00  0.000000  0.062984  0.0000000E+00  0.0000000000E+00
397  7.334589079184890E+08    1.953641  3.664644  3.644195  7.3261040E-01  2.6719280E-01  6.7868267E-07  2.8784749E-08  1.2618862E-06  6.2507636E-06  3.5330960E-08  1.2385599E-09  9.2048308E-07  2.3543589E-08  0.000E+00  0.0000  3.644195   -7.258  6.461148  8.040225  0.0000000E+00  0.0000000E+00  3.2433984E-01  0.0000000E+00  0.0000000E+00  6.7564197E-01  1.6382858E-21  6.7811803E-51  5.7417160E-06  1.1502660E-05  0.000E+00  0.000E+00  0.000E+00  1.000E+00  1.000E+00  4.61E+01  0.00E+00  0.00E+00  0.000000  0.062984  0.0000000E+00  0.0000000000E+00
398  7.334589079184890E+08    1.953641  3.664644  3.644195  7.3261040E-01  2.6719280E-01  6.7868267E-07  2.8784749E-08  1.2618862E-06  6.2507636E-06  3.5330960E-08  1.2385599E-09  9.2048308E-07  2.3543589E-08  0.000E+00  0.0000  3.644195   -7.258  6.461148  8.040225  0.0000000E+00  0.0000000E+00  3.2433984E-01  0.0000000E+00  0.0000000E+00  6.7564197E-01  1.6382858E-21  6.7811803E-51  5.7417160E-06  1.1502660E-05  0.000E+00  0.000E+00  0.000E+00  1.000E+00  1.000E+00  4.61E+01  0.00E+00  0.00E+00  0.000000  0.062984  0.0000000E+00  0.0000000000E+00
399  7.334589079184890E+08    1.953641  3.664644  3.644195  7.3261040E-01  2.6719280E-01  6.7868267E-07  2.8784749E-08  1.2618862E-06  6.2507636E-06  3.5330960E-08  1.2385599E-09  9.2048308E-07  2.3543589E-08  0.000E+00  0.0000  3.644195   -7.258  6.461148  8.040225  0.0000000E+00  0.0000000E+00  3.2433984E-01  0.0000000E+00  0.0000000E+00  6.7564197E-01  1.6382858E-21  6.7811803E-51  5.7417160E-06  1.1502660E-05  0.000E+00  0.000E+00  0.000E+00  1.000E+00  1.000E+00  4.61E+01  0.00E+00  0.00E+00  0.000000  0.062984  0.0000000E+00  0.0000000000E+00
400  7.334589079184890E+08    1.953641  3.664644  3.644195  7.3261040E-01  2.6719280E-01  6.7868267E-07  2.8784749E-08  1.2618862E-06  6.2507636E-06  3.5330960E-08  1.2385599E-09  9.2048308E-07  2.3543589E-08  0.000E+00  0.0000  3.644195   -7.258  6.461148  8.040225  0.0000000E+00  0.0000000E+00  3.2433984E-01  0.0000000E+00  0.0000000E+00  6.7564197E-01  1.6382858E-21  6.7811803E-51  5.7417160E-06  1.1502660E-05  0.000E+00  0.000E+00  0.000E+00  1.000E+00  1.000E+00  4.61E+01  0.00E+00  0.00E+00  0.000000  0.062984  0.0000000E+00  0.0000000000E+00
