line                  time        mass     lg(L)  lg(Teff)        1H_surf       4He_surf       12C_surf       13C_surf       14N_surf       16O_surf       17O_surf       18O_surf      20Ne_surf      22Ne_surf  26Al_surf  Mcc/Mt   lg(Teff)  lg(Md)  lg(rhoc)    lg(Tc)         1H_cen        4He_cen        12C_cen        13C_cen        14N_cen        16O_cen        17O_cen        18O_cen       20Ne_cen       22Ne_cen   26Al_cen  Omeg_surf   Omeg_cen     Rp/Req   Md/Md(0)   v_crit1   v_crit2    v_equa  Om/Om_cr  Gamma_Ed  lg(Mdot_mech)             L_tot
   -                    yr        Msun      Lsun        K      mass frac.     mass frac.     mass frac.     mass frac.     mass frac.     mass frac.     mass frac.     mass frac.     mass frac.     mass frac. mass frac.       -          K   Ms/yr     g/cm3         K     mass frac.     mass frac.     mass frac.     mass frac.     mass frac.     mass frac.     mass frac.     mass frac.     mass frac.     mass frac. mass frac.        s-1        s-1          -          -      km/s      km/s      km/s         -         -        Msun/yr     10^53 g cm2/s

  1  1.975963903999997E+06    3.000000  2.106951  4.260435  7.5157740E-01  2.4837130E-01  1.2915521E-06  4.2970794E-09  1.0216519E-07  6.8211449E-06  3.5136664E-10  2.0005896E-09  9.2048308E-07  2.3543589E-08  0.000E+00  0.2123  4.260435  -30.000  1.999326  7.502911  7.4856070E-01  2.5142950E-01  4.4216411E-08  1.1872578E-08  6.9189273E-06  6.7972924E-07  7.4434047E-09  4.1298266E-12  9.2048308E-07  2.3543589E-08  0.000E+00  2.893E-04  2.929E-04  9.478E-01  1.101E+00  5.89E+02  0.00E+00  2.33E+02  0.562478  0.001148  0.0000000E+00  8.3822971524E-03
  2  6.895269246757438E+06    3.000000  2.115566  4.262779  7.5157740E-01  2.4837130E-01  1.2915521E-06  4.2970794E-09  1.0216519E-07  6.8211449E-06  3.5136664E-10  2.0005896E-09  9.2048308E-07  2.3543589E-08  0.000E+00  0.1993  4.262779  -30.000  2.004465  7.504939  7.4052698E-01  2.5946342E-01  4.7473776E-08  1.2748895E-08  7.3433950E-06  1.9486058E-07  1.4242737E-09  9.9368001E-13  9.2048308E-07  2.3543589E-08  0.000E+00  2.657E-04  3.231E-04  9.561E-01  1.083E+00  5.88E+02  0.00E+00  2.13E+02  0.520430  0.001171  0.0000000E+00  8.3822971524E-03
  3  1.146888148248519E+07    3.000000  2.122624  4.264849  7.5157740E-01  2.4837130E-01  1.2915521E-06  4.2970794E-09  1.0216519E-07  6.8211449E-06  3.5136664E-10  2.0005896E-09  9.2048308E-07  2.3543589E-08  0.000E+00  0.1916  4.264849  -30.000  2.012026  7.507920  7.3249327E-01  2.6749713E-01  4.8326157E-08  1.2980793E-08  7.3680966E-06  1.6575297E-07  8.4557090E-10  7.3118146E-13  9.2048308E-07  2.3543589E-08  0.000E+00  2.540E-04  3.395E-04  9.601E-01  1.075E+00  5.88E+02  0.00E+00  2.03E+02  0.498400  0.001190  0.0000000E+00  8.3822971524E-03
  4  1.571352439084070E+07    3.000000  2.127448  4.265863  7.5157740E-01  2.4837130E-01  1.2915521E-06  4.2970927E-09  1.0216519E-07  6.8211449E-06  3.5136664E-10  2.0005896E-09  9.2048308E-07  2.3543589E-08  0.000E+00  0.1933  4.265863  -30.000  2.016894  7.510497  7.2445955E-01  2.7553085E-01  4.8673307E-08  1.3075571E-08  7.3705592E-06  1.6235396E-07  8.5110319E-10  7.2319337E-13  9.2048308E-07  2.3543589E-08  0.000E+00  2.481E-04  3.475E-04  9.618E-01  1.072E+00  5.87E+02  0.00E+00  1.99E+02  0.488462  0.001204  0.0000000E+00  8.3822971524E-03
  5  1.973728195417241E+07    3.000000  2.132633  4.266736  7.5157720E-01  2.4837130E-01  1.2915500E-06  4.2988549E-09  1.0216586E-07  6.8211449E-06  3.5136725E-10  2.0005891E-09  9.2048308E-07  2.3543589E-08  0.000E+00  0.1892  4.266736  -30.000  2.022062  7.512858  7.1642584E-01  2.8356456E-01  4.9123857E-08  1.3198621E-08  7.3726088E-06  1.5932718E-07  7.7920725E-10  6.9210604E-13  9.2048308E-07  2.3543589E-08  0.000E+00  2.448E-04  3.525E-04  9.626E-01  1.070E+00  5.86E+02  0.00E+00  1.96E+02  0.483697  0.001218  0.0000000E+00  8.3822971524E-03
  6  2.349013609048570E+07    3.000000  2.137675  4.267392  7.5157670E-01  2.4837140E-01  1.2915123E-06  4.3221374E-09  1.0218491E-07  6.8211448E-06  3.5139661E-10  2.0005759E-09  9.2048308E-07  2.3543589E-08  0.000E+00  0.1863  4.267392  -30.000  2.025747  7.514801  7.0839212E-01  2.9159838E-01  4.9381052E-08  1.3268981E-08  7.3730837E-06  1.5836209E-07  7.7160060E-10  6.8589798E-13  9.2048308E-07  2.3543589E-08  0.000E+00  2.426E-04  3.551E-04  9.630E-01  1.069E+00  5.85E+02  0.00E+00  1.95E+02  0.481481  0.001232  0.0000000E+00  8.3822971524E-03
  7  2.710768222398867E+07    3.000000  2.141905  4.267821  7.5157537E-01  2.4837153E-01  1.2911953E-06  4.4708342E-09  1.0239680E-07  6.8211429E-06  3.5200450E-10  2.0004337E-09  9.2048308E-07  2.3543589E-08  0.000E+00  0.1828  4.267821  -30.000  2.030312  7.516941  7.0035841E-01  2.9963209E-01  4.9841703E-08  1.3394775E-08  7.3735348E-06  1.5712241E-07  7.2414257E-10  6.6935277E-13  9.2048308E-07  2.3543589E-08  0.000E+00  2.415E-04  3.572E-04  9.630E-01  1.069E+00  5.85E+02  0.00E+00  1.95E+02  0.481391  0.001244  0.0000000E+00  8.3822971524E-03
  8  3.065357865795116E+07    3.000000  2.146848  4.268432  7.5157310E-01  2.4837210E-01  1.2901921E-06  4.8431687E-09  1.0317831E-07  6.8211283E-06  3.5575291E-10  1.9998925E-09  9.2048308E-07  2.3543589E-08  0.000E+00  0.1804  4.268432  -30.000  2.035179  7.519142  6.9232469E-01  3.0766585E-01  5.0226048E-08  1.3499835E-08  7.3741136E-06  1.5584124E-07  7.0077443E-10  6.5860543E-13  9.2048308E-07  2.3543589E-08  0.000E+00  2.404E-04  3.592E-04  9.630E-01  1.069E+00  5.84E+02  0.00E+00  1.95E+02  0.481329  0.001259  0.0000000E+00  8.3822971524E-03
  9  3.410546074730983E+07    3.000000  2.151085  4.268730  7.5156930E-01  2.4837360E-01  1.2877993E-06  5.5663929E-09  1.0524182E-07  6.8210615E-06  3.7078079E-10  1.9984042E-09  9.2048308E-07  2.3543589E-08  0.000E+00  0.1788  4.268730  -30.000  2.038768  7.521058  6.8429097E-01  3.1569963E-01  5.0541083E-08  1.3585991E-08  7.3743103E-06  1.5510502E-07  6.8526626E-10  6.5174185E-13  9.2048308E-07  2.3543589E-08  0.000E+00  2.396E-04  3.603E-04  9.628E-01  1.070E+00  5.83E+02  0.00E+00  1.95E+02  0.482186  0.001271  0.0000000E+00  8.3822971524E-03
 10  3.758121761497165E+07    3.000000  2.155683  4.269246  7.5156369E-01  2.4837651E-01  1.2835850E-06  6.6246975E-09  1.0916302E-07  6.8208672E-06  4.1071887E-10  1.9954658E-09  9.2048308E-07  2.3543589E-08  0.000E+00  0.1771  4.269246  -30.000  2.042899  7.523080  6.7625726E-01  3.2373324E-01  5.0877401E-08  1.3677987E-08  7.3746595E-06  1.5415824E-07  6.7042443E-10  6.4451134E-13  9.2048308E-07  2.3543589E-08  0.000E+00  2.389E-04  3.612E-04  9.627E-01  1.070E+00  5.82E+02  0.00E+00  1.95E+02  0.482858  0.001284  0.0000000E+00  8.3822971524E-03
 11  4.117711438604333E+07    3.000000  2.160059  4.269501  7.5155504E-01  2.4838193E-01  1.2765228E-06  8.1196931E-09  1.1615357E-07  6.8203784E-06  5.0481675E-10  1.9900561E-09  9.2048308E-07  2.3543589E-08  0.000E+00  0.1765  4.269501  -30.000  2.045993  7.525006  6.6822354E-01  3.3176703E-01  5.1175704E-08  1.3759620E-08  7.3748013E-06  1.5350977E-07  6.5799272E-10  6.3884503E-13  9.2048308E-07  2.3543589E-08  0.000E+00  2.379E-04  3.611E-04  9.626E-01  1.070E+00  5.81E+02  0.00E+00  1.94E+02  0.483528  0.001297  0.0000000E+00  8.3822971524E-03
 12  4.457877016076900E+07    3.000000  2.164691  4.269892  7.5154253E-01  2.4839078E-01  1.2664536E-06  9.9324628E-09  1.2667689E-07  6.8193938E-06  6.8487914E-10  1.9817035E-09  9.2048308E-07  2.3543589E-08  0.000E+00  0.1739  4.269892  -30.000  2.050251  7.527060  6.6018983E-01  3.3980077E-01  5.1558887E-08  1.3864436E-08  7.3750683E-06  1.5258440E-07  6.3709952E-10  6.3005471E-13  9.2048308E-07  2.3543589E-08  0.000E+00  2.377E-04  3.622E-04  9.623E-01  1.071E+00  5.80E+02  0.00E+00  1.95E+02  0.485462  0.001311  0.0000000E+00  8.3822971524E-03
 13  4.835995962512890E+07    3.000000  2.169305  4.270101  7.5152507E-01  2.4840443E-01  1.2530070E-06  1.2014914E-08  1.4142410E-07  6.8176362E-06  9.9412024E-10  1.9697840E-09  9.2048308E-07  2.3543589E-08  0.000E+00  0.1744  4.270101  -30.000  2.052930  7.528924  6.5215611E-01  3.4783446E-01  5.1822988E-08  1.3936789E-08  7.3752087E-06  1.5198819E-07  6.3148249E-10  6.2644542E-13  9.2048308E-07  2.3543589E-08  0.000E+00  2.366E-04  3.616E-04  9.621E-01  1.071E+00  5.79E+02  0.00E+00  1.95E+02  0.486439  0.001325  0.0000000E+00  8.3822971524E-03
 14  5.186899256955904E+07    3.000000  2.174341  4.270639  7.5150642E-01  2.4841989E-01  1.2396438E-06  1.3822836E-08  1.5671010E-07  6.8154234E-06  1.3728032E-09  1.9572836E-09  9.2048308E-07  2.3543589E-08  0.000E+00  0.1726  4.270639  -30.000  2.057902  7.531221  6.4412240E-01  3.5586811E-01  5.2282281E-08  1.4062450E-08  7.3755608E-06  1.5084322E-07  6.0543937E-10  6.1563193E-13  9.2048308E-07  2.3543589E-08  0.000E+00  2.363E-04  3.625E-04  9.619E-01  1.072E+00  5.78E+02  0.00E+00  1.95E+02  0.488086  0.001341  0.0000000E+00  8.3822971524E-03
 15  5.513995665244615E+07    3.000000  2.178799  4.270806  7.5148270E-01  2.4844032E-01  1.2240511E-06  1.5697670E-08  1.7520409E-07  6.8123008E-06  1.8970138E-09  1.9420576E-09  9.2048308E-07  2.3543589E-08  0.000E+00  0.1697  4.270806  -30.000  2.061885  7.533108  6.3608868E-01  3.6390184E-01  5.2677414E-08  1.4170587E-08  7.3756944E-06  1.5005051E-07  5.8451971E-10  6.0718416E-13  9.2048308E-07  2.3543589E-08  0.000E+00  2.358E-04  3.632E-04  9.615E-01  1.072E+00  5.76E+02  0.00E+00  1.96E+02  0.490111  0.001355  0.0000000E+00  8.3822971524E-03
 16  5.834172643014839E+07    3.000000  2.182922  4.271038  7.5144948E-01  2.4846992E-01  1.2042354E-06  1.7808912E-08  1.9958104E-07  6.8075557E-06  2.6814440E-09  1.9219113E-09  9.2048308E-07  2.3543589E-08  0.000E+00  0.1690  4.271038  -30.000  2.064776  7.534899  6.2805496E-01  3.7193563E-01  5.2952075E-08  1.4245862E-08  7.3758466E-06  1.4942321E-07  5.7858200E-10  6.0357740E-13  9.2048308E-07  2.3543589E-08  0.000E+00  2.350E-04  3.635E-04  9.614E-01  1.073E+00  5.75E+02  0.00E+00  1.96E+02  0.490954  0.001367  0.0000000E+00  8.3822971524E-03
 17  6.176064483591485E+07    3.000000  2.187331  4.271210  7.5141297E-01  2.4850335E-01  1.1845523E-06  1.9668735E-08  2.2466409E-07  6.8020233E-06  3.5854294E-09  1.9011586E-09  9.2048308E-07  2.3543589E-08  0.000E+00  0.1689  4.271210  -30.000  2.067345  7.536680  6.2002125E-01  3.7996935E-01  5.3209259E-08  1.4316397E-08  7.3760097E-06  1.4881024E-07  5.7524294E-10  6.0071387E-13  9.2048308E-07  2.3543589E-08  0.000E+00  2.341E-04  3.631E-04  9.611E-01  1.073E+00  5.74E+02  0.00E+00  1.96E+02  0.492186  0.001381  0.0000000E+00  8.3822971524E-03
 18  6.538843137170978E+07    3.000000  2.192282  4.271507  7.5135390E-01  2.4855830E-01  1.1562122E-06  2.2021313E-08  2.6214181E-07  6.7927070E-06  5.0926313E-09  1.8702010E-09  9.2048308E-07  2.3543589E-08  0.000E+00  0.1683  4.271507  -30.000  2.071557  7.539141  6.1198753E-01  3.8800307E-01  5.3680043E-08  1.4445316E-08  7.3762119E-06  1.4781550E-07  5.5116065E-10  5.9065427E-13  9.2048308E-07  2.3543589E-08  0.000E+00  2.336E-04  3.633E-04  9.608E-01  1.074E+00  5.73E+02  0.00E+00  1.96E+02  0.494131  0.001397  0.0000000E+00  8.3822971524E-03
 19  6.910883631214519E+07    3.000000  2.196623  4.271593  7.5128546E-01  2.4862312E-01  1.1271248E-06  2.4121690E-08  3.0210949E-07  6.7815942E-06  6.8743478E-09  1.8373334E-09  9.2048308E-07  2.3543589E-08  0.000E+00  0.1695  4.271593  -30.000  2.073970  7.540884  6.0395382E-01  3.9603680E-01  5.3758648E-08  1.4467281E-08  7.3760875E-06  1.4780053E-07  5.7794205E-10  5.9783694E-13  9.2048308E-07  2.3543589E-08  0.000E+00  2.329E-04  3.622E-04  9.605E-01  1.074E+00  5.72E+02  0.00E+00  1.97E+02  0.495845  0.001411  0.0000000E+00  8.3822971524E-03
 20  7.228564980846338E+07    3.000000  2.202379  4.272066  7.5122267E-01  2.4868314E-01  1.1032310E-06  2.5641970E-08  3.3605680E-07  6.7712750E-06  8.5160319E-09  1.8095904E-09  9.2048308E-07  2.3543589E-08  0.000E+00  0.1661  4.272066  -30.000  2.079088  7.543338  5.9592010E-01  4.0407050E-01  5.4503223E-08  1.4670837E-08  7.3764931E-06  1.4615056E-07  5.1781385E-10  5.7594514E-13  9.2048308E-07  2.3543589E-08  0.000E+00  2.322E-04  3.633E-04  9.602E-01  1.075E+00  5.71E+02  0.00E+00  1.97E+02  0.497682  0.001430  0.0000000E+00  8.3822971524E-03
 21  7.533622668460788E+07    3.000000  2.206274  4.272374  7.5114822E-01  2.4875485E-01  1.0773963E-06  2.7112859E-08  3.7382730E-07  6.7589514E-06  1.0462221E-08  1.7789448E-09  9.2048308E-07  2.3543589E-08  0.000E+00  0.1650  4.272374  -30.000  2.082454  7.544975  5.8788639E-01  4.1210424E-01  5.4883120E-08  1.4774964E-08  7.3766257E-06  1.4537717E-07  5.0405128E-10  5.6951012E-13  9.2048308E-07  2.3543589E-08  0.000E+00  2.317E-04  3.634E-04  9.600E-01  1.075E+00  5.70E+02  0.00E+00  1.97E+02  0.498677  0.001443  0.0000000E+00  8.3822971524E-03
 22  7.839197730742083E+07    3.000000  2.210343  4.272371  7.5106272E-01  2.4883778E-01  1.0504946E-06  2.8473153E-08  4.1435043E-07  6.7447875E-06  1.2679306E-08  1.7463700E-09  9.2048308E-07  2.3543589E-08  0.000E+00  0.1645  4.272371  -30.000  2.085019  7.547005  5.7985267E-01  4.2013793E-01  5.5171749E-08  1.4854200E-08  7.3767231E-06  1.4478704E-07  5.0041918E-10  5.6667255E-13  9.2048308E-07  2.3543589E-08  0.000E+00  2.309E-04  3.632E-04  9.597E-01  1.076E+00  5.68E+02  0.00E+00  1.98E+02  0.500490  0.001456  0.0000000E+00  8.3822971524E-03
 23  8.167791860570227E+07    3.000000  2.214925  4.272551  7.5096668E-01  2.4893132E-01  1.0230684E-06  2.9701207E-08  4.5691644E-07  6.7289257E-06  1.5136631E-08  1.7125255E-09  9.2048308E-07  2.3543589E-08  0.000E+00  0.1647  4.272551  -30.000  2.088010  7.548950  5.7181895E-01  4.2817165E-01  5.5566463E-08  1.4962425E-08  7.3768412E-06  1.4400533E-07  4.8685491E-10  5.6028403E-13  9.2048308E-07  2.3543589E-08  0.000E+00  2.299E-04  3.627E-04  9.595E-01  1.076E+00  5.67E+02  0.00E+00  1.98E+02  0.501482  0.001472  0.0000000E+00  8.3822971524E-03
 24  8.523227982801162E+07    3.000000  2.220453  4.272950  7.5085836E-01  2.4903726E-01  9.9502843E-07  3.0803484E-08  5.0180534E-07  6.7111338E-06  1.7859010E-08  1.6772928E-09  9.2048308E-07  2.3543589E-08  0.000E+00  0.1621  4.272950  -30.000  2.092004  7.551023  5.6378524E-01  4.3620536E-01  5.6073422E-08  1.5101392E-08  7.3768987E-06  1.4311147E-07  4.6688026E-10  5.5158816E-13  9.2048308E-07  2.3543589E-08  0.000E+00  2.290E-04  3.626E-04  9.593E-01  1.077E+00  5.66E+02  0.00E+00  1.98E+02  0.502802  0.001491  0.0000000E+00  8.3822971524E-03
 25  8.813670809701270E+07    3.000000  2.224370  4.272930  7.5076105E-01  2.4913277E-01  9.7198322E-07  3.1602723E-08  5.3976888E-07  6.6952693E-06  2.0255348E-08  1.6478856E-09  9.2048308E-07  2.3543589E-08  0.000E+00  0.1623  4.272930  -30.000  2.094415  7.552625  5.5575152E-01  4.4423908E-01  5.6308112E-08  1.5165916E-08  7.3769847E-06  1.4261950E-07  4.6829222E-10  5.5061798E-13  9.2048308E-07  2.3543589E-08  0.000E+00  2.282E-04  3.623E-04  9.590E-01  1.077E+00  5.65E+02  0.00E+00  1.98E+02  0.504232  0.001504  0.0000000E+00  8.3822971524E-03
 26  9.112454227282099E+07    3.000000  2.228824  4.273188  7.5065415E-01  2.4923795E-01  9.4858048E-07  3.2323453E-08  5.7933784E-07  6.6779723E-06  2.2834073E-08  1.6176298E-09  9.2048308E-07  2.3543589E-08  0.000E+00  0.1605  4.273188  -30.000  2.098523  7.555223  5.4771781E-01  4.5227279E-01  5.6895773E-08  1.5327034E-08  7.3771063E-06  1.4152096E-07  4.4464408E-10  5.4007646E-13  9.2048308E-07  2.3543589E-08  0.000E+00  2.277E-04  3.627E-04  9.587E-01  1.078E+00  5.64E+02  0.00E+00  1.98E+02  0.505986  0.001519  0.0000000E+00  8.3822971524E-03
 27  9.419950804307985E+07    3.000000  2.233025  4.273259  7.5052182E-01  2.4936848E-01  9.2195286E-07  3.3039440E-08  6.2565232E-07  6.6567759E-06  2.5944940E-08  1.5827462E-09  9.2048308E-07  2.3543589E-08  0.000E+00  0.1608  4.273259  -30.000  2.101073  7.556878  5.3968409E-01  4.6030655E-01  5.7201081E-08  1.5410906E-08  7.3771616E-06  1.4095106E-07  4.4082320E-10  5.3723944E-13  9.2048308E-07  2.3543589E-08  0.000E+00  2.266E-04  3.618E-04  9.585E-01  1.078E+00  5.62E+02  0.00E+00  1.98E+02  0.507038  0.001534  0.0000000E+00  8.3822971524E-03
 28  9.717855221223074E+07    3.000000  2.237570  4.273304  7.5039357E-01  2.4949521E-01  8.9821341E-07  3.3590766E-08  6.6814754E-07  6.6364622E-06  2.8874958E-08  1.5512544E-09  9.2048308E-07  2.3543589E-08  0.000E+00  0.1600  4.273304  -30.000  2.103801  7.558339  5.3165038E-01  4.6834032E-01  5.7556510E-08  1.5508436E-08  7.3772267E-06  1.4029338E-07  4.2956281E-10  5.3177436E-13  9.2048308E-07  2.3543589E-08  0.000E+00  2.256E-04  3.614E-04  9.583E-01  1.079E+00  5.61E+02  0.00E+00  1.98E+02  0.508347  0.001550  0.0000000E+00  8.3822971524E-03
 29  1.000657990707139E+08    3.000000  2.241584  4.273113  7.5027577E-01  2.4961183E-01  8.7793402E-07  3.3999733E-08  7.0539885E-07  6.6179896E-06  3.1495090E-08  1.5240671E-09  9.2048308E-07  2.3543589E-08  0.000E+00  0.1581  4.273113  -30.000  2.105932  7.560071  5.2361666E-01  4.7637396E-01  5.7917689E-08  1.5607559E-08  7.3770472E-06  1.3990387E-07  4.2016635E-10  5.2769102E-13  9.2048308E-07  2.3543589E-08  0.000E+00  2.238E-04  3.605E-04  9.583E-01  1.079E+00  5.60E+02  0.00E+00  1.98E+02  0.508456  0.001564  0.0000000E+00  8.3822971524E-03
 30  1.030663456775857E+08    3.000000  2.246465  4.273312  7.5009947E-01  2.4978657E-01  8.4989208E-07  3.4477026E-08  7.5840257E-07  6.5906846E-06  3.5292044E-08  1.4860587E-09  9.2048308E-07  2.3543589E-08  0.000E+00  0.1589  4.273312  -30.000  2.109227  7.562454  5.1558294E-01  4.8440766E-01  5.8332413E-08  1.5721533E-08  7.3772063E-06  1.3903495E-07  4.1349223E-10  5.2296035E-13  9.2048308E-07  2.3543589E-08  0.000E+00  2.233E-04  3.604E-04  9.579E-01  1.080E+00  5.58E+02  0.00E+00  1.98E+02  0.510782  0.001582  0.0000000E+00  8.3822971524E-03
 31  1.060191832874146E+08    3.000000  2.250614  4.273366  7.4991415E-01  2.4997051E-01  8.2294956E-07  3.4843068E-08  8.1106263E-07  6.5624039E-06  3.9129269E-08  1.4490965E-09  9.2048308E-07  2.3543589E-08  0.000E+00  0.1586  4.273366  -30.000  2.111793  7.564062  5.0754923E-01  4.9244141E-01  5.8747683E-08  1.5835522E-08  7.3773502E-06  1.3818839E-07  4.0101221E-10  5.1652116E-13  9.2048308E-07  2.3543589E-08  0.000E+00  2.224E-04  3.596E-04  9.576E-01  1.080E+00  5.57E+02  0.00E+00  1.99E+02  0.512120  0.001597  0.0000000E+00  8.3822971524E-03
 32  1.091944120489809E+08    3.000000  2.255462  4.273366  7.4972332E-01  2.5016018E-01  7.9753320E-07  3.5106339E-08  8.6244616E-07  6.5337135E-06  4.2921838E-08  1.4138263E-09  9.2048308E-07  2.3543589E-08  0.000E+00  0.1582  4.273366  -30.000  2.114302  7.566000  4.9951551E-01  5.0047516E-01  5.9200895E-08  1.5959935E-08  7.3773446E-06  1.3744957E-07  3.8802738E-10  5.1016905E-13  9.2048308E-07  2.3543589E-08  0.000E+00  2.212E-04  3.584E-04  9.574E-01  1.081E+00  5.56E+02  0.00E+00  1.99E+02  0.513324  0.001615  0.0000000E+00  8.3822971524E-03
 33  1.122682495786417E+08    3.000000  2.259894  4.273217  7.4952370E-01  2.5035870E-01  7.7301786E-07  3.5290073E-08  9.1361452E-07  6.5041490E-06  4.6730577E-08  1.3794561E-09  9.2048308E-07  2.3543589E-08  0.000E+00  0.1577  4.273217  -30.000  2.116105  7.567429  4.9148180E-01  5.0850880E-01  5.9576588E-08  1.6063091E-08  7.3772849E-06  1.3689967E-07  3.7773949E-10  5.0521416E-13  9.2048308E-07  2.3543589E-08  0.000E+00  2.198E-04  3.568E-04  9.572E-01  1.081E+00  5.54E+02  0.00E+00  1.99E+02  0.514522  0.001631  0.0000000E+00  8.3822971524E-03
 34  1.153067736567325E+08    3.000000  2.264663  4.273161  7.4931527E-01  2.5056617E-01  7.4936200E-07  3.5403326E-08  9.6459174E-07  6.4737374E-06  5.0544623E-08  1.3459653E-09  9.2048308E-07  2.3543589E-08  0.000E+00  0.1571  4.273161  -30.000  2.118224  7.568918  4.8344808E-01  5.1654262E-01  5.9908627E-08  1.6154347E-08  7.3772924E-06  1.3634162E-07  3.7177459E-10  5.0161051E-13  9.2048308E-07  2.3543589E-08  0.000E+00  2.183E-04  3.552E-04  9.570E-01  1.081E+00  5.53E+02  0.00E+00  1.98E+02  0.515454  0.001649  0.0000000E+00  8.3822971524E-03
 35  1.182538930782299E+08    3.000000  2.268799  4.272961  7.4907551E-01  2.5080505E-01  7.2419353E-07  3.5458403E-08  1.0206152E-06  6.4392862E-06  5.4744817E-08  1.3099946E-09  9.2048308E-07  2.3543589E-08  0.000E+00  0.1577  4.272961  -30.000  2.120025  7.570725  4.7541437E-01  5.2457623E-01  6.0164426E-08  1.6224830E-08  7.3773877E-06  1.3580301E-07  3.7375375E-10  5.0063227E-13  9.2048308E-07  2.3543589E-08  0.000E+00  2.173E-04  3.540E-04  9.567E-01  1.082E+00  5.51E+02  0.00E+00  1.99E+02  0.517139  0.001664  0.0000000E+00  8.3822971524E-03
 36  1.210173726025797E+08    3.000000  2.273825  4.272966  7.4886185E-01  2.5101802E-01  7.0338996E-07  3.5453399E-08  1.0684186E-06  6.4090594E-06  5.8326002E-08  1.2799963E-09  9.2048308E-07  2.3543589E-08  0.000E+00  0.1562  4.272966  -30.000  2.123579  7.572825  4.6738065E-01  5.3260998E-01  6.0803310E-08  1.6400175E-08  7.3772916E-06  1.3486554E-07  3.5218474E-10  4.9075887E-13  9.2048308E-07  2.3543589E-08  0.000E+00  2.162E-04  3.537E-04  9.564E-01  1.083E+00  5.49E+02  0.00E+00  1.99E+02  0.518915  0.001683  0.0000000E+00  8.3822971524E-03
 37  1.236871952672856E+08    3.000000  2.277423  4.272669  7.4865829E-01  2.5122101E-01  6.8483541E-07  3.5410238E-08  1.1122870E-06  6.3806609E-06  6.1602869E-08  1.2530340E-09  9.2048308E-07  2.3543589E-08  0.000E+00  0.1566  4.272669  -30.000  2.124378  7.573541  4.5934693E-01  5.4064377E-01  6.0854867E-08  1.6414597E-08  7.3773924E-06  1.3465716E-07  3.5926202E-10  4.9242430E-13  9.2048308E-07  2.3543589E-08  0.000E+00  2.146E-04  3.518E-04  9.563E-01  1.083E+00  5.48E+02  0.00E+00  1.98E+02  0.519186  0.001697  0.0000000E+00  8.3822971524E-03
 38  1.262322554673361E+08    3.000000  2.281858  4.272592  7.4843411E-01  2.5144460E-01  6.6566679E-07  3.5327669E-08  1.1588997E-06  6.3498172E-06  6.5067935E-08  1.2249735E-09  9.2048308E-07  2.3543589E-08  0.000E+00  0.1549  4.272592  -30.000  2.127682  7.575839  4.5131322E-01  5.4867739E-01  6.1493627E-08  1.6589983E-08  7.3772964E-06  1.3371687E-07  3.4063186E-10  4.8347471E-13  9.2048308E-07  2.3543589E-08  0.000E+00  2.135E-04  3.519E-04  9.560E-01  1.083E+00  5.47E+02  0.00E+00  1.98E+02  0.520751  0.001714  0.0000000E+00  8.3822971524E-03
 39  1.291142020643956E+08    3.000000  2.285985  4.272372  7.4817436E-01  2.5170394E-01  6.4491766E-07  3.5195070E-08  1.2109219E-06  6.3146109E-06  6.8906964E-08  1.1943614E-09  9.2048308E-07  2.3543589E-08  0.000E+00  0.1547  4.272372  -30.000  2.129354  7.577247  4.4327950E-01  5.5671112E-01  6.1800298E-08  1.6674369E-08  7.3773148E-06  1.3318678E-07  3.3667708E-10  4.8051893E-13  9.2048308E-07  2.3543589E-08  0.000E+00  2.120E-04  3.504E-04  9.559E-01  1.084E+00  5.45E+02  0.00E+00  1.98E+02  0.521652  0.001730  0.0000000E+00  8.3822971524E-03
 40  1.317337894719028E+08    3.000000  2.290054  4.272105  7.4791496E-01  2.5196294E-01  6.2557427E-07  3.5031611E-08  1.2609545E-06  6.2800108E-06  7.2564226E-08  1.1656010E-09  9.2048308E-07  2.3543589E-08  0.000E+00  0.1541  4.272105  -30.000  2.131209  7.578670  4.3524579E-01  5.6474491E-01  6.2022101E-08  1.6735527E-08  7.3772537E-06  1.3288384E-07  3.3863247E-10  4.8020813E-13  9.2048308E-07  2.3543589E-08  0.000E+00  2.105E-04  3.490E-04  9.557E-01  1.084E+00  5.43E+02  0.00E+00  1.98E+02  0.522356  0.001747  0.0000000E+00  8.3822971524E-03
 41  1.343509235387784E+08    3.000000  2.294280  4.271859  7.4768735E-01  2.5219025E-01  6.0961608E-07  3.4867699E-08  1.3034149E-06  6.2500975E-06  7.5636071E-08  1.1417098E-09  9.2048308E-07  2.3543589E-08  0.000E+00  0.1535  4.271859  -30.000  2.132807  7.579802  4.2721207E-01  5.7277853E-01  6.2366230E-08  1.6830104E-08  7.3772085E-06  1.3236754E-07  3.3089383E-10  4.7611842E-13  9.2048308E-07  2.3543589E-08  0.000E+00  2.088E-04  3.475E-04  9.557E-01  1.084E+00  5.42E+02  0.00E+00  1.98E+02  0.522762  0.001764  0.0000000E+00  8.3822971524E-03
 42  1.370718158843882E+08    3.000000  2.298640  4.271572  7.4742601E-01  2.5245132E-01  5.9235321E-07  3.4659959E-08  1.3506541E-06  6.2162307E-06  7.9013346E-08  1.1156913E-09  9.2048308E-07  2.3543589E-08  0.000E+00  0.1529  4.271572  -30.000  2.134559  7.581321  4.1917836E-01  5.8081227E-01  6.2702395E-08  1.6922623E-08  7.3772277E-06  1.3178879E-07  3.2527612E-10  4.7231166E-13  9.2048308E-07  2.3543589E-08  0.000E+00  2.071E-04  3.459E-04  9.556E-01  1.084E+00  5.40E+02  0.00E+00  1.97E+02  0.523301  0.001781  0.0000000E+00  8.3822971524E-03
 43  1.397903138570255E+08    3.000000  2.303140  4.271275  7.4717968E-01  2.5269750E-01  5.7700906E-07  3.4449215E-08  1.3938220E-06  6.1847713E-06  8.2059231E-08  1.0924136E-09  9.2048308E-07  2.3543589E-08  0.000E+00  0.1519  4.271275  -30.000  2.136563  7.582859  4.1114464E-01  5.8884599E-01  6.3212112E-08  1.7062634E-08  7.3770467E-06  1.3115608E-07  3.1205587E-10  4.6600287E-13  9.2048308E-07  2.3543589E-08  0.000E+00  2.056E-04  3.441E-04  9.553E-01  1.085E+00  5.38E+02  0.00E+00  1.97E+02  0.524676  0.001799  0.0000000E+00  8.3822971524E-03
 44  1.425397584912089E+08    3.000000  2.307430  4.270938  7.4688587E-01  2.5299113E-01  5.5977860E-07  3.4182867E-08  1.4437111E-06  6.1478205E-06  8.5526369E-08  1.0661003E-09  9.2048308E-07  2.3543589E-08  0.000E+00  0.1515  4.270938  -30.000  2.138169  7.584421  4.0311092E-01  5.9687974E-01  6.3506391E-08  1.7143712E-08  7.3770742E-06  1.3063395E-07  3.1052376E-10  4.6383566E-13  9.2048308E-07  2.3543589E-08  0.000E+00  2.041E-04  3.423E-04  9.551E-01  1.085E+00  5.37E+02  0.00E+00  1.97E+02  0.525698  0.001817  0.0000000E+00  8.3822971524E-03
 45  1.449305587094449E+08    3.000000  2.311457  4.270634  7.4661937E-01  2.5325753E-01  5.4506033E-07  3.3930266E-08  1.4875836E-06  6.1148167E-06  8.8524742E-08  1.0434742E-09  9.2048308E-07  2.3543589E-08  0.000E+00  0.1509  4.270634  -30.000  2.140397  7.585887  3.9507721E-01  6.0491342E-01  6.3882071E-08  1.7247097E-08  7.3770247E-06  1.3006797E-07  3.0456598E-10  4.6001345E-13  9.2048308E-07  2.3543589E-08  0.000E+00  2.026E-04  3.412E-04  9.549E-01  1.086E+00  5.35E+02  0.00E+00  1.97E+02  0.526661  0.001834  0.0000000E+00  8.3822971524E-03
 46  1.473662622881543E+08    3.000000  2.315580  4.270298  7.4632022E-01  2.5355658E-01  5.2945191E-07  3.3637629E-08  1.5354156E-06  6.0783232E-06  9.1737708E-08  1.0193306E-09  9.2048308E-07  2.3543589E-08  0.000E+00  0.1499  4.270298  -30.000  2.142470  7.587337  3.8704349E-01  6.1294716E-01  6.4294312E-08  1.7360497E-08  7.3769275E-06  1.2949714E-07  2.9692573E-10  4.5560806E-13  9.2048308E-07  2.3543589E-08  0.000E+00  2.011E-04  3.400E-04  9.548E-01  1.086E+00  5.33E+02  0.00E+00  1.97E+02  0.527372  0.001851  0.0000000E+00  8.3822971524E-03
 47  1.496755465524014E+08    3.000000  2.319319  4.269922  7.4603866E-01  2.5383814E-01  5.1554432E-07  3.3355735E-08  1.5792031E-06  6.0444737E-06  9.4626461E-08  9.9768845E-10  9.2048308E-07  2.3543589E-08  0.000E+00  0.1493  4.269922  -30.000  2.144453  7.588846  3.7900978E-01  6.2098092E-01  6.4601803E-08  1.7445238E-08  7.3769275E-06  1.2898505E-07  2.9457275E-10  4.5312826E-13  9.2048308E-07  2.3543589E-08  0.000E+00  1.996E-04  3.389E-04  9.547E-01  1.086E+00  5.32E+02  0.00E+00  1.96E+02  0.528144  0.001866  0.0000000E+00  8.3822971524E-03
 48  1.520201827733154E+08    3.000000  2.323269  4.269568  7.4574481E-01  2.5413199E-01  5.0177502E-07  3.3056785E-08  1.6237003E-06  6.0096559E-06  9.7508352E-08  9.7613827E-10  9.2048308E-07  2.3543589E-08  0.000E+00  0.1481  4.269568  -30.000  2.146602  7.590367  3.7097606E-01  6.2901454E-01  6.5069268E-08  1.7573830E-08  7.3768619E-06  1.2828750E-07  2.8492421E-10  4.4761881E-13  9.2048308E-07  2.3543589E-08  0.000E+00  1.982E-04  3.377E-04  9.544E-01  1.087E+00  5.30E+02  0.00E+00  1.96E+02  0.529277  0.001883  0.0000000E+00  8.3822971524E-03
 49  1.545002815712627E+08    3.000000  2.327497  4.269134  7.4542008E-01  2.5445672E-01  4.8738129E-07  3.2722379E-08  1.6715315E-06  5.9717620E-06  1.0054220E-07  9.5347289E-10  9.2048308E-07  2.3543589E-08  0.000E+00  0.1470  4.269134  -30.000  2.148224  7.591772  3.6294235E-01  6.3704833E-01  6.5415109E-08  1.7669046E-08  7.3767364E-06  1.2785623E-07  2.8104648E-10  4.4491200E-13  9.2048308E-07  2.3543589E-08  0.000E+00  1.964E-04  3.360E-04  9.543E-01  1.087E+00  5.28E+02  0.00E+00  1.96E+02  0.530007  0.001901  0.0000000E+00  8.3822971524E-03
 50  1.569553283682781E+08    3.000000  2.331777  4.268776  7.4509939E-01  2.5477761E-01  4.7393175E-07  3.2389639E-08  1.7174947E-06  5.9349120E-06  1.0339381E-07  9.3216462E-10  9.2048308E-07  2.3543589E-08  0.000E+00  0.1459  4.268776  -30.000  2.150244  7.593378  3.5490863E-01  6.4508203E-01  6.5917889E-08  1.7807362E-08  7.3765742E-06  1.2720974E-07  2.7193353E-10  4.3974201E-13  9.2048308E-07  2.3543589E-08  0.000E+00  1.948E-04  3.343E-04  9.542E-01  1.087E+00  5.27E+02  0.00E+00  1.95E+02  0.530842  0.001919  0.0000000E+00  8.3822971524E-03
 51  1.592045848448413E+08    3.000000  2.335654  4.268306  7.4477481E-01  2.5510219E-01  4.6103343E-07  3.2051876E-08  1.7627904E-06  5.8981936E-06  1.0614114E-07  9.1160850E-10  9.2048308E-07  2.3543589E-08  0.000E+00  0.1452  4.268306  -30.000  2.152245  7.594758  3.4687491E-01  6.5311579E-01  6.6313137E-08  1.7916193E-08  7.3765055E-06  1.2663276E-07  2.6608612E-10  4.3586573E-13  9.2048308E-07  2.3543589E-08  0.000E+00  1.932E-04  3.330E-04  9.540E-01  1.088E+00  5.25E+02  0.00E+00  1.95E+02  0.531574  0.001936  0.0000000E+00  8.3822971524E-03
 52  1.614617824961713E+08    3.000000  2.339465  4.267837  7.4443602E-01  2.5544114E-01  4.4826731E-07  3.1699252E-08  1.8088632E-06  5.8604464E-06  1.0886977E-07  8.9114232E-10  9.2048308E-07  2.3543589E-08  0.000E+00  0.1444  4.267837  -30.000  2.154037  7.596192  3.3884120E-01  6.6114940E-01  6.6654748E-08  1.8010328E-08  7.3764236E-06  1.2615795E-07  2.6286280E-10  4.3315996E-13  9.2048308E-07  2.3543589E-08  0.000E+00  1.914E-04  3.315E-04  9.540E-01  1.088E+00  5.23E+02  0.00E+00  1.94E+02  0.531876  0.001953  0.0000000E+00  8.3822971524E-03
 53  1.638228877295169E+08    3.000000  2.343589  4.267320  7.4407269E-01  2.5580461E-01  4.3529088E-07  3.1322307E-08  1.8569985E-06  5.8206044E-06  1.1164983E-07  8.7021511E-10  9.2048308E-07  2.3543589E-08  0.000E+00  0.1434  4.267320  -30.000  2.155738  7.597640  3.3080748E-01  6.6918322E-01  6.7052042E-08  1.8119743E-08  7.3763749E-06  1.2555480E-07  2.5707048E-10  4.2918439E-13  9.2048308E-07  2.3543589E-08  0.000E+00  1.897E-04  3.295E-04  9.538E-01  1.088E+00  5.21E+02  0.00E+00  1.94E+02  0.532577  0.001971  0.0000000E+00  8.3822971524E-03
 54  1.659787210738782E+08    3.000000  2.347391  4.266819  7.4370484E-01  2.5617267E-01  4.2284713E-07  3.0942938E-08  1.9044690E-06  5.7809185E-06  1.1431888E-07  8.5002531E-10  9.2048308E-07  2.3543589E-08  0.000E+00  0.1421  4.266819  -30.000  2.157958  7.599088  3.2277377E-01  6.7721693E-01  6.7486224E-08  1.8239300E-08  7.3761582E-06  1.2508154E-07  2.5157131E-10  4.2570837E-13  9.2048308E-07  2.3543589E-08  0.000E+00  1.881E-04  3.283E-04  9.537E-01  1.088E+00  5.20E+02  0.00E+00  1.94E+02  0.533324  0.001988  0.0000000E+00  8.3822971524E-03
 55  1.681129658293668E+08    3.000000  2.351210  4.266303  7.4336726E-01  2.5651044E-01  4.1199297E-07  3.0597529E-08  1.9469797E-06  5.7450582E-06  1.1664695E-07  8.3231446E-10  9.2048308E-07  2.3543589E-08  0.000E+00  0.1411  4.266303  -30.000  2.160035  7.600532  3.1474005E-01  6.8525065E-01  6.7922910E-08  1.8359583E-08  7.3760527E-06  1.2447769E-07  2.4536429E-10  4.2155687E-13  9.2048308E-07  2.3543589E-08  0.000E+00  1.865E-04  3.271E-04  9.535E-01  1.089E+00  5.18E+02  0.00E+00  1.93E+02  0.534014  0.002006  0.0000000E+00  8.3822971524E-03
 56  1.702238437317559E+08    3.000000  2.355027  4.265820  7.4303570E-01  2.5684230E-01  4.0181976E-07  3.0261345E-08  1.9878067E-06  5.7103414E-06  1.1882675E-07  8.1562743E-10  9.2048308E-07  2.3543589E-08  0.000E+00  0.1401  4.265820  -30.000  2.162198  7.601978  3.0670634E-01  6.9328434E-01  6.8488752E-08  1.8515330E-08  7.3758595E-06  1.2376147E-07  2.3568179E-10  4.1592916E-13  9.2048308E-07  2.3543589E-08  0.000E+00  1.848E-04  3.255E-04  9.535E-01  1.089E+00  5.16E+02  0.00E+00  1.93E+02  0.534396  0.002023  0.0000000E+00  8.3822971524E-03
 57  1.723327655159140E+08    3.000000  2.358820  4.265242  7.4267117E-01  2.5720707E-01  3.9115056E-07  2.9895759E-08  2.0316891E-06  5.6727352E-06  1.2110829E-07  7.9803418E-10  9.2048308E-07  2.3543589E-08  0.000E+00  0.1393  4.265242  -30.000  2.164198  7.603364  2.9867262E-01  7.0131802E-01  6.8817143E-08  1.8605923E-08  7.3757957E-06  1.2328746E-07  2.3303285E-10  4.1334840E-13  9.2048308E-07  2.3543589E-08  0.000E+00  1.831E-04  3.239E-04  9.533E-01  1.089E+00  5.15E+02  0.00E+00  1.93E+02  0.535005  0.002040  0.0000000E+00  8.3822971524E-03
 58  1.745342728376488E+08    3.000000  2.362836  4.264696  7.4227995E-01  2.5759864E-01  3.8026492E-07  2.9508626E-08  2.0776610E-06  5.6330200E-06  1.2342852E-07  7.7998177E-10  9.2048308E-07  2.3543589E-08  0.000E+00  0.1380  4.264696  -30.000  2.166086  7.604897  2.9063890E-01  7.0935180E-01  6.9246688E-08  1.8724337E-08  7.3756348E-06  1.2275748E-07  2.2825850E-10  4.0983817E-13  9.2048308E-07  2.3543589E-08  0.000E+00  1.813E-04  3.221E-04  9.532E-01  1.089E+00  5.13E+02  0.00E+00  1.92E+02  0.535565  0.002059  0.0000000E+00  8.3822971524E-03
 59  1.764691189322807E+08    3.000000  2.366385  4.264140  7.4193424E-01  2.5794456E-01  3.7109673E-07  2.9171425E-08  2.1173602E-06  5.5984718E-06  1.2537457E-07  7.6469555E-10  9.2048308E-07  2.3543589E-08  0.000E+00  0.1369  4.264140  -30.000  2.168444  7.606314  2.8260519E-01  7.1738543E-01  6.9603933E-08  1.8822947E-08  7.3755115E-06  1.2230291E-07  2.2584780E-10  4.0738712E-13  9.2048308E-07  2.3543589E-08  0.000E+00  1.798E-04  3.210E-04  9.531E-01  1.089E+00  5.11E+02  0.00E+00  1.92E+02  0.536288  0.002075  0.0000000E+00  8.3822971524E-03
 60  1.784792808542203E+08    3.000000  2.370108  4.263509  7.4155527E-01  2.5832383E-01  3.6149180E-07  2.8807131E-08  2.1599540E-06  5.5611541E-06  1.2740315E-07  7.4859877E-10  9.2048308E-07  2.3543589E-08  0.000E+00  0.1358  4.263509  -30.000  2.170558  7.607740  2.7457147E-01  7.2541923E-01  6.9935511E-08  1.8914530E-08  7.3754294E-06  1.2184418E-07  2.2353459E-10  4.0494643E-13  9.2048308E-07  2.3543589E-08  0.000E+00  1.779E-04  3.195E-04  9.531E-01  1.090E+00  5.09E+02  0.00E+00  1.91E+02  0.536397  0.002093  0.0000000E+00  8.3822971524E-03
 61  1.804383775316881E+08    3.000000  2.373788  4.262931  7.4115984E-01  2.5871962E-01  3.5193719E-07  2.8433304E-08  2.2034011E-06  5.5228278E-06  1.2940828E-07  7.3249951E-10  9.2048308E-07  2.3543589E-08  0.000E+00  0.1347  4.262931  -30.000  2.172957  7.609227  2.6653776E-01  7.3345291E-01  7.0403244E-08  1.9043600E-08  7.3752860E-06  1.2123087E-07  2.1785063E-10  4.0088962E-13  9.2048308E-07  2.3543589E-08  0.000E+00  1.762E-04  3.180E-04  9.530E-01  1.090E+00  5.07E+02  0.00E+00  1.91E+02  0.536786  0.002110  0.0000000E+00  8.3822971524E-03
 62  1.822721325441194E+08    3.000000  2.377257  4.262330  7.4075057E-01  2.5912917E-01  3.4251028E-07  2.8053289E-08  2.2473558E-06  5.4837979E-06  1.3137174E-07  7.1652921E-10  9.2048308E-07  2.3543589E-08  0.000E+00  0.1334  4.262330  -30.000  2.175452  7.610745  2.5850404E-01  7.4148661E-01  7.0872490E-08  1.9173150E-08  7.3750966E-06  1.2066734E-07  2.1257342E-10  3.9709726E-13  9.2048308E-07  2.3543589E-08  0.000E+00  1.746E-04  3.168E-04  9.529E-01  1.090E+00  5.06E+02  0.00E+00  1.90E+02  0.537421  0.002126  0.0000000E+00  8.3822971524E-03
 63  1.841398272088483E+08    3.000000  2.380800  4.261698  7.4041623E-01  2.5946377E-01  3.3513144E-07  2.7748029E-08  2.2825443E-06  5.4523732E-06  1.3289666E-07  7.0396755E-10  9.2048308E-07  2.3543589E-08  0.000E+00  0.1321  4.261698  -30.000  2.177859  7.612229  2.5047033E-01  7.4952031E-01  7.1241562E-08  1.9275236E-08  7.3750059E-06  1.2015617E-07  2.0952610E-10  3.9419591E-13  9.2048308E-07  2.3543589E-08  0.000E+00  1.730E-04  3.154E-04  9.528E-01  1.090E+00  5.04E+02  0.00E+00  1.90E+02  0.537737  0.002143  0.0000000E+00  8.3822971524E-03
 64  1.860392046355025E+08    3.000000  2.384527  4.261095  7.4005083E-01  2.5982957E-01  3.2739302E-07  2.7420040E-08  2.3202598E-06  5.4185113E-06  1.3448229E-07  6.9073138E-10  9.2048308E-07  2.3543589E-08  0.000E+00  0.1310  4.261095  -30.000  2.180759  7.613776  2.4243661E-01  7.5755409E-01  7.1512147E-08  1.9350375E-08  7.3749577E-06  1.1975818E-07  2.0936923E-10  3.9251356E-13  9.2048308E-07  2.3543589E-08  0.000E+00  1.712E-04  3.140E-04  9.527E-01  1.090E+00  5.02E+02  0.00E+00  1.89E+02  0.538078  0.002161  0.0000000E+00  8.3822971524E-03
 65  1.878850140641596E+08    3.000000  2.388001  4.260460  7.3966456E-01  2.6021617E-01  3.1956381E-07  2.7079840E-08  2.3593083E-06  5.3832601E-06  1.3607032E-07  6.7727261E-10  9.2048308E-07  2.3543589E-08  0.000E+00  0.1296  4.260460  -30.000  2.183123  7.615377  2.3440289E-01  7.6558771E-01  7.2098402E-08  1.9512266E-08  7.3747073E-06  1.1907050E-07  2.0184612E-10  3.8768657E-13  9.2048308E-07  2.3543589E-08  0.000E+00  1.696E-04  3.125E-04  9.526E-01  1.090E+00  5.01E+02  0.00E+00  1.89E+02  0.538466  0.002178  0.0000000E+00  8.3822971524E-03
 66  1.896537333259797E+08    3.000000  2.391493  4.259841  7.3925313E-01  2.6062797E-01  3.1158712E-07  2.6724653E-08  2.4000343E-06  5.3462964E-06  1.3766973E-07  6.6349017E-10  9.2048308E-07  2.3543589E-08  0.000E+00  0.1284  4.259841  -30.000  2.186280  7.617026  2.2636918E-01  7.7362152E-01  7.2426726E-08  1.9603465E-08  7.3746780E-06  1.1855548E-07  2.0033547E-10  3.8515493E-13  9.2048308E-07  2.3543589E-08  0.000E+00  1.680E-04  3.114E-04  9.526E-01  1.091E+00  4.99E+02  0.00E+00  1.88E+02  0.538801  0.002195  0.0000000E+00  8.3822971524E-03
 67  1.914405041465399E+08    3.000000  2.395032  4.259223  7.3887475E-01  2.6100668E-01  3.0456449E-07  2.6404605E-08  2.4367199E-06  5.3128299E-06  1.3906033E-07  6.5129521E-10  9.2048308E-07  2.3543589E-08  0.000E+00  0.1270  4.259223  -30.000  2.189170  7.618687  2.1833546E-01  7.8165524E-01  7.3079348E-08  1.9783921E-08  7.3744389E-06  1.1774432E-07  1.9215129E-10  3.7965992E-13  9.2048308E-07  2.3543589E-08  0.000E+00  1.664E-04  3.100E-04  9.525E-01  1.091E+00  4.97E+02  0.00E+00  1.88E+02  0.539237  0.002213  0.0000000E+00  8.3822971524E-03
 68  1.931662044542248E+08    3.000000  2.398447  4.258576  7.3848730E-01  2.6139451E-01  2.9765523E-07  2.6083094E-08  2.4735854E-06  5.2790456E-06  1.4041118E-07  6.3924127E-10  9.2048308E-07  2.3543589E-08  0.000E+00  0.1258  4.258576  -30.000  2.192305  7.620307  2.1030175E-01  7.8968895E-01  7.3205607E-08  1.9819574E-08  7.3744039E-06  1.1756944E-07  1.9504886E-10  3.7957749E-13  9.2048308E-07  2.3543589E-08  0.000E+00  1.648E-04  3.086E-04  9.524E-01  1.091E+00  4.95E+02  0.00E+00  1.87E+02  0.539666  0.002230  0.0000000E+00  8.3822971524E-03
 69  1.948850842871121E+08    3.000000  2.402025  4.257964  7.3810793E-01  2.6177424E-01  2.9116298E-07  2.5774693E-08  2.5089798E-06  5.2464633E-06  1.4166266E-07  6.2786098E-10  9.2048308E-07  2.3543589E-08  0.000E+00  0.1246  4.257964  -30.000  2.195862  7.622048  2.0226803E-01  7.9772267E-01  7.3805477E-08  1.9985754E-08  7.3742606E-06  1.1673537E-07  1.8813021E-10  3.7439415E-13  9.2048308E-07  2.3543589E-08  0.000E+00  1.632E-04  3.075E-04  9.524E-01  1.091E+00  4.94E+02  0.00E+00  1.87E+02  0.539970  0.002248  0.0000000E+00  8.3822971524E-03
 70  1.965061415370319E+08    3.000000  2.405373  4.257350  7.3774182E-01  2.6214068E-01  2.8513694E-07  2.5482883E-08  2.5425167E-06  5.2154619E-06  1.4280724E-07  6.1724975E-10  9.2048308E-07  2.3543589E-08  0.000E+00  0.1232  4.257350  -30.000  2.199461  7.623791  1.9423432E-01  8.0575638E-01  7.4108178E-08  2.0070247E-08  7.3742706E-06  1.1621735E-07  1.8725765E-10  3.7206290E-13  9.2048308E-07  2.3543589E-08  0.000E+00  1.618E-04  3.066E-04  9.523E-01  1.091E+00  4.92E+02  0.00E+00  1.86E+02  0.540349  0.002264  0.0000000E+00  8.3822971524E-03
 71  1.981192001929880E+08    3.000000  2.408717  4.256684  7.3739021E-01  2.6249269E-01  2.7955685E-07  2.5207925E-08  2.5741714E-06  5.1860897E-06  1.4385152E-07  6.0738204E-10  9.2048308E-07  2.3543589E-08  0.000E+00  0.1218  4.256684  -30.000  2.203028  7.625603  1.8620060E-01  8.1379008E-01  7.4591158E-08  2.0204417E-08  7.3740885E-06  1.1561991E-07  1.8352480E-10  3.6859258E-13  9.2048308E-07  2.3543589E-08  0.000E+00  1.602E-04  3.056E-04  9.522E-01  1.091E+00  4.90E+02  0.00E+00  1.86E+02  0.540739  0.002282  0.0000000E+00  8.3822971524E-03
 72  1.997145306252719E+08    3.000000  2.412021  4.256009  7.3700714E-01  2.6287606E-01  2.7370105E-07  2.4914305E-08  2.6080489E-06  5.1545366E-06  1.4492954E-07  5.9698145E-10  9.2048308E-07  2.3543589E-08  0.000E+00  0.1203  4.256009  -30.000  2.206617  7.627400  1.7816688E-01  8.2182373E-01  7.4951911E-08  2.0305028E-08  7.3739995E-06  1.1511840E-07  1.8192940E-10  3.6607545E-13  9.2048308E-07  2.3543589E-08  0.000E+00  1.586E-04  3.043E-04  9.522E-01  1.091E+00  4.89E+02  0.00E+00  1.85E+02  0.541064  0.002298  0.0000000E+00  8.3822971524E-03
 73  2.012509942199385E+08    3.000000  2.415313  4.255423  7.3659785E-01  2.6328575E-01  2.6768803E-07  2.4607308E-08  2.6435685E-06  5.1213253E-06  1.4601584E-07  5.8625186E-10  9.2048308E-07  2.3543589E-08  0.000E+00  0.1191  4.255423  -30.000  2.210929  7.629383  1.7013317E-01  8.2985753E-01  7.5349807E-08  2.0416184E-08  7.3740953E-06  1.1434428E-07  1.7928285E-10  3.6233457E-13  9.2048308E-07  2.3543589E-08  0.000E+00  1.573E-04  3.037E-04  9.520E-01  1.092E+00  4.87E+02  0.00E+00  1.85E+02  0.541731  0.002315  0.0000000E+00  8.3822971524E-03
 74  2.027968631978040E+08    3.000000  2.418572  4.254791  7.3624594E-01  2.6363802E-01  2.6270199E-07  2.4348608E-08  2.6735877E-06  5.0931599E-06  1.4690003E-07  5.7731673E-10  9.2048308E-07  2.3543589E-08  0.000E+00  0.1176  4.254791  -30.000  2.215130  7.631318  1.6209945E-01  8.3789118E-01  7.5921676E-08  2.0575288E-08  7.3739350E-06  1.1357382E-07  1.7447489E-10  3.5793637E-13  9.2048308E-07  2.3543589E-08  0.000E+00  1.558E-04  3.028E-04  9.520E-01  1.092E+00  4.86E+02  0.00E+00  1.84E+02  0.542103  0.002333  0.0000000E+00  8.3822971524E-03
 75  2.042655265044107E+08    3.000000  2.421833  4.254196  7.3587780E-01  2.6400650E-01  2.5766274E-07  2.4083232E-08  2.7044768E-06  5.0640865E-06  1.4777702E-07  5.6824973E-10  9.2048308E-07  2.3543589E-08  0.000E+00  0.1163  4.254196  -30.000  2.219945  7.633276  1.5406574E-01  8.4592491E-01  7.6333687E-08  2.0690407E-08  7.3738038E-06  1.1303477E-07  1.7252399E-10  3.5512470E-13  9.2048308E-07  2.3543589E-08  0.000E+00  1.544E-04  3.021E-04  9.519E-01  1.092E+00  4.84E+02  0.00E+00  1.84E+02  0.542325  0.002350  0.0000000E+00  8.3822971524E-03
 76  2.056749853202974E+08    3.000000  2.424862  4.253593  7.3549639E-01  2.6438831E-01  2.5262208E-07  2.3813774E-08  2.7359506E-06  5.0343685E-06  1.4863626E-07  5.5914222E-10  9.2048308E-07  2.3543589E-08  0.000E+00  0.1150  4.253593  -30.000  2.224670  7.635354  1.4603202E-01  8.5395868E-01  7.6890843E-08  2.0845773E-08  7.3735887E-06  1.1235021E-07  1.6874054E-10  3.5122904E-13  9.2048308E-07  2.3543589E-08  0.000E+00  1.531E-04  3.016E-04  9.519E-01  1.092E+00  4.82E+02  0.00E+00  1.83E+02  0.542647  0.002365  0.0000000E+00  8.3822971524E-03
 77  2.071226373590460E+08    3.000000  2.428094  4.253023  7.3513599E-01  2.6474907E-01  2.4802164E-07  2.3564303E-08  2.7651977E-06  5.0066694E-06  1.4940368E-07  5.5079604E-10  9.2048308E-07  2.3543589E-08  0.000E+00  0.1135  4.253023  -30.000  2.229742  7.637526  1.3799831E-01  8.6199239E-01  7.7250915E-08  2.0947005E-08  7.3736331E-06  1.1169609E-07  1.6762879E-10  3.4830058E-13  9.2048308E-07  2.3543589E-08  0.000E+00  1.518E-04  3.010E-04  9.518E-01  1.092E+00  4.81E+02  0.00E+00  1.83E+02  0.543147  0.002382  0.0000000E+00  8.3822971524E-03
 78  2.086017166099379E+08    3.000000  2.431422  4.252484  7.3476135E-01  2.6512402E-01  2.4339839E-07  2.3310141E-08  2.7951100E-06  4.9782590E-06  1.5015766E-07  5.4237483E-10  9.2048308E-07  2.3543589E-08  0.000E+00  0.1124  4.252484  -30.000  2.235330  7.639827  1.2996459E-01  8.7002611E-01  7.7829323E-08  2.1108641E-08  7.3734948E-06  1.1088799E-07  1.6364177E-10  3.4390274E-13  9.2048308E-07  2.3543589E-08  0.000E+00  1.504E-04  3.003E-04  9.517E-01  1.092E+00  4.79E+02  0.00E+00  1.83E+02  0.543399  0.002400  0.0000000E+00  8.3822971524E-03
 79  2.099602805907467E+08    3.000000  2.434469  4.251945  7.3439931E-01  2.6548644E-01  2.3907881E-07  2.3069431E-08  2.8235569E-06  4.9511639E-06  1.5084514E-07  5.3447470E-10  9.2048308E-07  2.3543589E-08  0.000E+00  0.1106  4.251945  -30.000  2.240759  7.642159  1.2193087E-01  8.7805983E-01  7.8229143E-08  2.1221214E-08  7.3734953E-06  1.1021705E-07  1.6257813E-10  3.4089061E-13  9.2048308E-07  2.3543589E-08  0.000E+00  1.492E-04  3.001E-04  9.516E-01  1.093E+00  4.78E+02  0.00E+00  1.82E+02  0.543778  0.002416  0.0000000E+00  8.3822971524E-03
 80  2.113550875972049E+08    3.000000  2.437771  4.251463  7.3404124E-01  2.6584486E-01  2.3494253E-07  2.2836036E-08  2.8512539E-06  4.9247148E-06  1.5148748E-07  5.2688074E-10  9.2048308E-07  2.3543589E-08  0.000E+00  0.1092  4.251463  -30.000  2.246976  7.644643  1.1389716E-01  8.8609346E-01  7.8946783E-08  2.1421822E-08  7.3732993E-06  1.0924246E-07  1.5740915E-10  3.3549870E-13  9.2048308E-07  2.3543589E-08  0.000E+00  1.481E-04  2.998E-04  9.515E-01  1.093E+00  4.77E+02  0.00E+00  1.82E+02  0.544471  0.002435  0.0000000E+00  8.3822971524E-03
 81  2.126729346670594E+08    3.000000  2.440856  4.250982  7.3365630E-01  2.6623010E-01  2.3063678E-07  2.2590064E-08  2.8805714E-06  4.8966469E-06  1.5213876E-07  5.1894497E-10  9.2048308E-07  2.3543589E-08  0.000E+00  0.1078  4.250982  -30.000  2.253855  7.647177  1.0586344E-01  8.9412726E-01  7.9331829E-08  2.1530786E-08  7.3734489E-06  1.0842500E-07  1.5645578E-10  3.3207115E-13  9.2048308E-07  2.3543589E-08  0.000E+00  1.469E-04  2.999E-04  9.514E-01  1.093E+00  4.75E+02  0.00E+00  1.81E+02  0.544738  0.002451  0.0000000E+00  8.3822971524E-03
 82  2.139487730592239E+08    3.000000  2.443942  4.250609  7.3331115E-01  2.6657565E-01  2.2689770E-07  2.2373889E-08  2.9064538E-06  4.8718069E-06  1.5268880E-07  5.1202708E-10  9.2048308E-07  2.3543589E-08  0.000E+00  0.1060  4.250609  -30.000  2.260886  7.649951  9.7829727E-02  9.0216094E-01  7.9807079E-08  2.1664999E-08  7.3734268E-06  1.0765306E-07  1.5515519E-10  3.2857389E-13  9.2048308E-07  2.3543589E-08  0.000E+00  1.459E-04  3.001E-04  9.513E-01  1.093E+00  4.74E+02  0.00E+00  1.81E+02  0.545396  0.002469  0.0000000E+00  8.3822971524E-03
 83  2.152132859807042E+08    3.000000  2.447078  4.250296  7.3293851E-01  2.6694859E-01  2.2298356E-07  2.2145003E-08  2.9339835E-06  4.8453247E-06  1.5324828E-07  5.0475821E-10  9.2048308E-07  2.3543589E-08  0.000E+00  0.1044  4.250296  -30.000  2.268782  7.652875  8.9796011E-02  9.1019461E-01  8.0580693E-08  2.1882098E-08  7.3732069E-06  1.0661050E-07  1.5042540E-10  3.2291337E-13  9.2048308E-07  2.3543589E-08  0.000E+00  1.450E-04  3.006E-04  9.512E-01  1.094E+00  4.73E+02  0.00E+00  1.81E+02  0.545970  0.002486  0.0000000E+00  8.3822971524E-03
 84  2.164237770457797E+08    3.000000  2.450172  4.250068  7.3259661E-01  2.6729079E-01  2.1949982E-07  2.1939055E-08  2.9588690E-06  4.8213336E-06  1.5373158E-07  4.9826498E-10  9.2048308E-07  2.3543589E-08  0.000E+00  0.1025  4.250068  -30.000  2.277504  7.656039  8.1762296E-02  9.1822836E-01  8.1232416E-08  2.2065912E-08  7.3731751E-06  1.0555444E-07  1.4776741E-10  3.1803704E-13  9.2048308E-07  2.3543589E-08  0.000E+00  1.442E-04  3.016E-04  9.510E-01  1.094E+00  4.72E+02  0.00E+00  1.81E+02  0.546727  0.002503  0.0000000E+00  8.3822971524E-03
 85  2.176000553179544E+08    3.000000  2.453173  4.249955  7.3218100E-01  2.6770680E-01  2.1539545E-07  2.1693697E-08  2.9886647E-06  4.7925442E-06  1.5428232E-07  4.9058574E-10  9.2048308E-07  2.3543589E-08  0.000E+00  0.1004  4.249955  -30.000  2.286570  7.659424  7.3728580E-02  9.2626210E-01  8.1851645E-08  2.2241268E-08  7.3731979E-06  1.0448956E-07  1.4550013E-10  3.1312933E-13  9.2048308E-07  2.3543589E-08  0.000E+00  1.435E-04  3.028E-04  9.509E-01  1.094E+00  4.71E+02  0.00E+00  1.81E+02  0.547297  0.002520  0.0000000E+00  8.3822971524E-03
 86  2.179755842887873E+08    3.000000  2.454230  4.249969  7.3207833E-01  2.6780957E-01  2.1440241E-07  2.1633900E-08  2.9959509E-06  4.7854938E-06  1.5441250E-07  4.8872306E-10  9.2048308E-07  2.3543589E-08  0.000E+00  0.0998  4.249969  -30.000  2.290472  7.660675  7.0811418E-02  9.2917924E-01  8.2319580E-08  2.2372322E-08  7.3729497E-06  1.0399082E-07  1.4265908E-10  3.1023777E-13  9.2048308E-07  2.3543589E-08  0.000E+00  1.434E-04  3.035E-04  9.508E-01  1.094E+00  4.71E+02  0.00E+00  1.81E+02  0.547731  0.002526  0.0000000E+00  8.3822971524E-03
 87  2.183683435084703E+08    3.000000  2.455319  4.250014  7.3193810E-01  2.6794998E-01  2.1305965E-07  2.1552764E-08  3.0058535E-06  4.7759053E-06  1.5458651E-07  4.8620132E-10  9.2048308E-07  2.3543589E-08  0.000E+00  0.0991  4.250014  -30.000  2.294327  7.662025  6.7894257E-02  9.3209641E-01  8.2348171E-08  2.2381840E-08  7.3731086E-06  1.0375811E-07  1.4417368E-10  3.0984282E-13  9.2048308E-07  2.3543589E-08  0.000E+00  1.432E-04  3.044E-04  9.508E-01  1.094E+00  4.70E+02  0.00E+00  1.81E+02  0.547965  0.002532  0.0000000E+00  8.3822971524E-03
 88  2.188064618227912E+08    3.000000  2.456451  4.250033  7.3181036E-01  2.6807774E-01  2.1185034E-07  2.1479417E-08  3.0148221E-06  4.7672145E-06  1.5474118E-07  4.8392718E-10  9.2048308E-07  2.3543589E-08  0.000E+00  0.0983  4.250033  -30.000  2.298088  7.663419  6.4977095E-02  9.3501355E-01  8.2736250E-08  2.2491038E-08  7.3730333E-06  1.0319468E-07  1.4182422E-10  3.0689798E-13  9.2048308E-07  2.3543589E-08  0.000E+00  1.430E-04  3.048E-04  9.508E-01  1.094E+00  4.70E+02  0.00E+00  1.81E+02  0.548260  0.002538  0.0000000E+00  8.3822971524E-03
 89  2.191853712632858E+08    3.000000  2.457632  4.250118  7.3172484E-01  2.6816337E-01  2.1104757E-07  2.1430582E-08  3.0208021E-06  4.7614163E-06  1.5484278E-07  4.8241595E-10  9.2048308E-07  2.3543589E-08  0.000E+00  0.0977  4.250118  -30.000  2.302580  7.664814  6.2059933E-02  9.3793071E-01  8.3130035E-08  2.2601931E-08  7.3729296E-06  1.0265392E-07  1.3976600E-10  3.0414411E-13  9.2048308E-07  2.3543589E-08  0.000E+00  1.430E-04  3.057E-04  9.507E-01  1.095E+00  4.70E+02  0.00E+00  1.81E+02  0.548631  0.002545  0.0000000E+00  8.3822971524E-03
 90  2.195943243166449E+08    3.000000  2.458737  4.250210  7.3156549E-01  2.6832291E-01  2.0956621E-07  2.1340165E-08  3.0318930E-06  4.7506557E-06  1.5502799E-07  4.7962389E-10  9.2048308E-07  2.3543589E-08  0.000E+00  0.0969  4.250210  -30.000  2.306801  7.666318  5.9142772E-02  9.4084788E-01  8.3294912E-08  2.2649487E-08  7.3730457E-06  1.0224292E-07  1.3987751E-10  3.0264643E-13  9.2048308E-07  2.3543589E-08  0.000E+00  1.429E-04  3.066E-04  9.506E-01  1.095E+00  4.70E+02  0.00E+00  1.81E+02  0.548979  0.002552  0.0000000E+00  8.3822971524E-03
 91  2.200170694246475E+08    3.000000  2.459940  4.250312  7.3146307E-01  2.6842543E-01  2.0862434E-07  2.1282459E-08  3.0389849E-06  4.7437698E-06  1.5514408E-07  4.7784624E-10  9.2048308E-07  2.3543589E-08  0.000E+00  0.0960  4.250312  -30.000  2.311157  7.667865  5.6225610E-02  9.4376506E-01  8.3743798E-08  2.2775897E-08  7.3728741E-06  1.0168736E-07  1.3759271E-10  2.9969214E-13  9.2048308E-07  2.3543589E-08  0.000E+00  1.429E-04  3.074E-04  9.505E-01  1.095E+00  4.70E+02  0.00E+00  1.81E+02  0.549519  0.002558  0.0000000E+00  8.3822971524E-03
 92  2.203776646042803E+08    3.000000  2.461109  4.250470  7.3136481E-01  2.6852379E-01  2.0772870E-07  2.1227435E-08  3.0457568E-06  4.7371910E-06  1.5525331E-07  4.7615413E-10  9.2048308E-07  2.3543589E-08  0.000E+00  0.0953  4.250470  -30.000  2.316274  7.669432  5.3308448E-02  9.4668225E-01  8.4187616E-08  2.2901068E-08  7.3727629E-06  1.0107099E-07  1.3538991E-10  2.9660048E-13  9.2048308E-07  2.3543589E-08  0.000E+00  1.428E-04  3.087E-04  9.504E-01  1.095E+00  4.69E+02  0.00E+00  1.81E+02  0.549805  0.002565  0.0000000E+00  8.3822971524E-03
 93  2.207326865570149E+08    3.000000  2.462174  4.250683  7.3122354E-01  2.6866516E-01  2.0645303E-07  2.1148807E-08  3.0554506E-06  4.7277676E-06  1.5540686E-07  4.7374116E-10  9.2048308E-07  2.3543589E-08  0.000E+00  0.0943  4.250683  -30.000  2.321272  7.671173  5.0391287E-02  9.4959940E-01  8.4492177E-08  2.2987810E-08  7.3727531E-06  1.0057016E-07  1.3469276E-10  2.9444847E-13  9.2048308E-07  2.3543589E-08  0.000E+00  1.429E-04  3.102E-04  9.503E-01  1.095E+00  4.69E+02  0.00E+00  1.81E+02  0.550335  0.002571  0.0000000E+00  8.3822971524E-03
 94  2.211256850253064E+08    3.000000  2.463318  4.250922  7.3109199E-01  2.6879685E-01  2.0527791E-07  2.1076128E-08  3.0644274E-06  4.7190354E-06  1.5554633E-07  4.7151558E-10  9.2048308E-07  2.3543589E-08  0.000E+00  0.0936  4.250922  -30.000  2.326412  7.672959  4.7474125E-02  9.5251658E-01  8.4748452E-08  2.3061219E-08  7.3728198E-06  1.0006250E-07  1.3429027E-10  2.9241106E-13  9.2048308E-07  2.3543589E-08  0.000E+00  1.430E-04  3.113E-04  9.502E-01  1.095E+00  4.69E+02  0.00E+00  1.81E+02  0.550735  0.002578  0.0000000E+00  8.3822971524E-03
 95  2.214850282930758E+08    3.000000  2.464616  4.251217  7.3097878E-01  2.6891012E-01  2.0427702E-07  2.1014016E-08  3.0721130E-06  4.7115542E-06  1.5566344E-07  4.6961761E-10  9.2048308E-07  2.3543589E-08  0.000E+00  0.0927  4.251217  -30.000  2.332418  7.674772  4.4556963E-02  9.5543372E-01  8.5227693E-08  2.3196765E-08  7.3727047E-06  9.9390498E-08  1.3222089E-10  2.8915815E-13  9.2048308E-07  2.3543589E-08  0.000E+00  1.431E-04  3.131E-04  9.501E-01  1.096E+00  4.69E+02  0.00E+00  1.82E+02  0.551283  0.002585  0.0000000E+00  8.3822971524E-03
 96  2.218570025733889E+08    3.000000  2.465800  4.251558  7.3086165E-01  2.6902735E-01  2.0325000E-07  2.0950104E-08  3.0800337E-06  4.7038400E-06  1.5578216E-07  4.6766800E-10  9.2048308E-07  2.3543589E-08  0.000E+00  0.0917  4.251558  -30.000  2.338265  7.676734  4.1639802E-02  9.5835088E-01  8.5575401E-08  2.3295929E-08  7.3727166E-06  9.8792286E-08  1.3130191E-10  2.8662107E-13  9.2048308E-07  2.3543589E-08  0.000E+00  1.433E-04  3.147E-04  9.500E-01  1.096E+00  4.69E+02  0.00E+00  1.82E+02  0.551937  0.002592  0.0000000E+00  8.3822971524E-03
 97  2.222557021744812E+08    3.000000  2.467054  4.251921  7.3077326E-01  2.6911584E-01  2.0248180E-07  2.0902161E-08  3.0859848E-06  4.6980408E-06  1.5586982E-07  4.6620817E-10  9.2048308E-07  2.3543589E-08  0.000E+00  0.0912  4.251921  -30.000  2.344715  7.678738  3.8722640E-02  9.6126804E-01  8.6330257E-08  2.3508516E-08  7.3724425E-06  9.7841841E-08  1.2709113E-10  2.8149084E-13  9.2048308E-07  2.3543589E-08  0.000E+00  1.436E-04  3.163E-04  9.499E-01  1.096E+00  4.69E+02  0.00E+00  1.82E+02  0.552571  0.002599  0.0000000E+00  8.3822971524E-03
 98  2.225721123703049E+08    3.000000  2.468433  4.252434  7.3065271E-01  2.6923657E-01  2.0144266E-07  2.0837132E-08  3.0940694E-06  4.6901583E-06  1.5598691E-07  4.6423138E-10  9.2048308E-07  2.3543589E-08  0.000E+00  0.0900  4.252434  -30.000  2.351746  7.680969  3.5805478E-02  9.6418521E-01  8.6636943E-08  2.3596867E-08  7.3724649E-06  9.7298801E-08  1.2717100E-10  2.7952085E-13  9.2048308E-07  2.3543589E-08  0.000E+00  1.439E-04  3.189E-04  9.498E-01  1.096E+00  4.70E+02  0.00E+00  1.82E+02  0.553089  0.002608  0.0000000E+00  8.3822971524E-03
 99  2.229091951739195E+08    3.000000  2.469673  4.252994  7.3052779E-01  2.6936161E-01  2.0037615E-07  2.0770191E-08  3.1024059E-06  4.6820255E-06  1.5610539E-07  4.6220025E-10  9.2048308E-07  2.3543589E-08  0.000E+00  0.0887  4.252994  -30.000  2.358981  7.683315  3.2888317E-02  9.6710237E-01  8.7182814E-08  2.3751994E-08  7.3723745E-06  9.6485580E-08  1.2522307E-10  2.7580375E-13  9.2048308E-07  2.3543589E-08  0.000E+00  1.444E-04  3.213E-04  9.496E-01  1.097E+00  4.70E+02  0.00E+00  1.83E+02  0.554053  0.002615  0.0000000E+00  8.3822971524E-03
100  2.232346695498793E+08    3.000000  2.471147  4.253673  7.3041781E-01  2.6947168E-01  1.9944604E-07  2.0711636E-08  3.1097107E-06  4.6748950E-06  1.5620723E-07  4.6042683E-10  9.2048308E-07  2.3543589E-08  0.000E+00  0.0880  4.253673  -30.000  2.367468  7.685811  2.9971155E-02  9.7001949E-01  8.7768175E-08  2.3918520E-08  7.3722543E-06  9.5639656E-08  1.2336727E-10  2.7201781E-13  9.2048308E-07  2.3543589E-08  0.000E+00  1.450E-04  3.244E-04  9.494E-01  1.097E+00  4.70E+02  0.00E+00  1.83E+02  0.554888  0.002624  0.0000000E+00  8.3822971524E-03
101  2.235629371775513E+08    3.000000  2.472502  4.254456  7.3031126E-01  2.6957834E-01  1.9855205E-07  2.0655209E-08  3.1167610E-06  4.6680095E-06  1.5630382E-07  4.5872058E-10  9.2048308E-07  2.3543589E-08  0.000E+00  0.0866  4.254456  -30.000  2.376116  7.688555  2.7053993E-02  9.7293666E-01  8.8367456E-08  2.4089299E-08  7.3721736E-06  9.4724811E-08  1.2146778E-10  2.6797939E-13  9.2048308E-07  2.3543589E-08  0.000E+00  1.457E-04  3.276E-04  9.492E-01  1.097E+00  4.71E+02  0.00E+00  1.84E+02  0.555785  0.002631  0.0000000E+00  8.3822971524E-03
102  2.238815634250509E+08    3.000000  2.474164  4.255392  7.3020566E-01  2.6968400E-01  1.9767422E-07  2.0599651E-08  3.1237141E-06  4.6612154E-06  1.5639736E-07  4.5704336E-10  9.2048308E-07  2.3543589E-08  0.000E+00  0.0856  4.255392  -30.000  2.386345  7.691516  2.4136832E-02  9.7585383E-01  8.9094603E-08  2.4296310E-08  7.3720072E-06  9.3693447E-08  1.1913515E-10  2.6335512E-13  9.2048308E-07  2.3543589E-08  0.000E+00  1.465E-04  3.316E-04  9.490E-01  1.098E+00  4.71E+02  0.00E+00  1.84E+02  0.556855  0.002642  0.0000000E+00  8.3822971524E-03
103  2.242043349836736E+08    3.000000  2.475775  4.256501  7.3009031E-01  2.6979939E-01  1.9672331E-07  2.0539305E-08  3.1312788E-06  4.6538199E-06  1.5649723E-07  4.5522462E-10  9.2048308E-07  2.3543589E-08  0.000E+00  0.0841  4.256501  -30.000  2.397131  7.694828  2.1219670E-02  9.7877102E-01  8.9830196E-08  2.4506299E-08  7.3718837E-06  9.2597889E-08  1.1700172E-10  2.5862185E-13  9.2048308E-07  2.3543589E-08  0.000E+00  1.476E-04  3.360E-04  9.487E-01  1.098E+00  4.72E+02  0.00E+00  1.85E+02  0.558001  0.002651  0.0000000E+00  8.3822971524E-03
104  2.245180270056602E+08    3.000000  2.477774  4.257776  7.3000438E-01  2.6988545E-01  1.9602052E-07  2.0494595E-08  3.1368919E-06  4.6483295E-06  1.5657006E-07  4.5387913E-10  9.2048308E-07  2.3543589E-08  0.000E+00  0.0828  4.257776  -30.000  2.410099  7.698516  1.8302508E-02  9.8168817E-01  9.0779447E-08  2.4776868E-08  7.3716272E-06  9.1295711E-08  1.1409241E-10  2.5282599E-13  9.2048308E-07  2.3543589E-08  0.000E+00  1.489E-04  3.414E-04  9.484E-01  1.099E+00  4.73E+02  0.00E+00  1.86E+02  0.559593  0.002664  0.0000000E+00  8.3822971524E-03
105  2.248248295230871E+08    3.000000  2.479918  4.259354  7.2991390E-01  2.6997600E-01  1.9528587E-07  2.0447751E-08  3.1427814E-06  4.6425664E-06  1.5664520E-07  4.5247137E-10  9.2048308E-07  2.3543589E-08  0.000E+00  0.0811  4.259354  -30.000  2.425118  7.702689  1.5385347E-02  9.8460530E-01  9.1794347E-08  2.5066556E-08  7.3714384E-06  8.9805245E-08  1.1117662E-10  2.4634007E-13  9.2048308E-07  2.3543589E-08  0.000E+00  1.505E-04  3.481E-04  9.481E-01  1.100E+00  4.74E+02  0.00E+00  1.87E+02  0.561346  0.002677  0.0000000E+00  8.3822971524E-03
106  2.251488678868566E+08    3.000000  2.482513  4.261416  7.2979044E-01  2.7009956E-01  1.9429119E-07  2.0384174E-08  3.1507868E-06  4.6347290E-06  1.5674555E-07  4.5056349E-10  9.2048308E-07  2.3543589E-08  0.000E+00  0.0791  4.261416  -30.000  2.443388  7.707716  1.2468185E-02  9.8752245E-01  9.2905135E-08  2.5383369E-08  7.3710445E-06  8.8387361E-08  1.0886669E-10  2.3948467E-13  9.2048308E-07  2.3543589E-08  0.000E+00  1.525E-04  3.566E-04  9.476E-01  1.101E+00  4.76E+02  0.00E+00  1.89E+02  0.563499  0.002692  0.0000000E+00  8.3822971524E-03
107  2.254375322357643E+08    3.000000  2.486136  4.264084  7.2971029E-01  2.7017981E-01  1.9365063E-07  2.0343129E-08  3.1559634E-06  4.6296587E-06  1.5680922E-07  4.4933362E-10  9.2048308E-07  2.3543589E-08  0.000E+00  0.0761  4.264084  -30.000  2.466878  7.713720  9.5510235E-03  9.9043964E-01  9.4655337E-08  2.5879858E-08  7.3703333E-06  8.6260421E-08  1.0475769E-10  2.2796721E-13  9.2048308E-07  2.3543589E-08  0.000E+00  1.552E-04  3.684E-04  9.471E-01  1.102E+00  4.78E+02  0.00E+00  1.90E+02  0.566038  0.002715  0.0000000E+00  8.3822971524E-03
108  2.257207432240976E+08    3.000000  2.491223  4.267698  7.2960074E-01  2.7028946E-01  1.9278203E-07  2.0287347E-08  3.1630087E-06  4.6227550E-06  1.5689438E-07  4.4766439E-10  9.2048308E-07  2.3543589E-08  0.000E+00  0.0716  4.267698  -30.000  2.500467  7.721844  6.6338618E-03  9.9335680E-01  9.6823312E-08  2.6492701E-08  7.3692072E-06  8.3906806E-08  1.0143957E-10  2.1318895E-13  9.2048308E-07  2.3543589E-08  0.000E+00  1.592E-04  3.866E-04  9.461E-01  1.104E+00  4.81E+02  0.00E+00  1.93E+02  0.570621  0.002747  0.0000000E+00  8.3822971524E-03
109  2.260028337769527E+08    3.000000  2.499284  4.273058  7.2945241E-01  2.7043789E-01  1.9161644E-07  2.0212282E-08  3.1725070E-06  4.6134425E-06  1.5700665E-07  4.4542188E-10  9.2048308E-07  2.3543589E-08  0.000E+00  0.0626  4.273058  -30.000  2.555114  7.732769  3.7167002E-03  9.9627399E-01  9.9881170E-08  2.7352990E-08  7.3673020E-06  8.0952825E-08  9.8306593E-11  1.9241131E-13  9.2048308E-07  2.3543589E-08  0.000E+00  1.647E-04  4.191E-04  9.449E-01  1.106E+00  4.85E+02  0.00E+00  1.97E+02  0.576163  0.002798  0.0000000E+00  8.3822971524E-03
110  2.263209530217428E+08    3.000000  2.513067  4.280118  7.2927800E-01  2.7061250E-01  1.9026121E-07  2.0124713E-08  3.1836119E-06  4.6025480E-06  1.5713440E-07  4.4281096E-10  9.2048308E-07  2.3543589E-08  0.000E+00  0.0231  4.280118  -30.000  2.720764  7.738250  7.9953850E-04  9.9919110E-01  1.0400910E-07  2.8517736E-08  7.3644143E-06  7.7321561E-08  9.4082429E-11  1.7176178E-13  9.2048308E-07  2.3543589E-08  0.000E+00  1.709E-04  5.338E-04  9.436E-01  1.109E+00  4.89E+02  0.00E+00  2.01E+02  0.582259  0.002888  0.0000000E+00  8.3822971524E-03
111  2.264908843607694E+08    3.000000  2.514940  4.275521  7.2917547E-01  2.7071506E-01  1.8947270E-07  2.0073610E-08  3.1901057E-06  4.5961735E-06  1.5720722E-07  4.4128997E-10  9.2048308E-07  2.3543589E-08  0.000E+00  0.0000  4.275521  -30.000  2.922762  7.688639  9.3320202E-05  9.9989737E-01  9.8386065E-08  2.6947621E-08  7.3696002E-06  8.0820381E-08  9.5600102E-11  2.1282980E-13  9.2048308E-07  2.3543589E-08  0.000E+00  1.637E-04  7.250E-04  9.445E-01  1.108E+00  4.83E+02  0.00E+00  1.97E+02  0.578167  0.002900  0.0000000E+00  8.3822971524E-03
112  2.266608156997959E+08    3.000000  2.530691  4.272748  7.2916080E-01  2.7072970E-01  1.8936052E-07  2.0066331E-08  3.1910315E-06  4.5952645E-06  1.5721749E-07  4.4107346E-10  9.2048308E-07  2.3543589E-08  0.000E+00  0.0000  4.272748  -30.000  3.021008  7.664909  2.8622107E-05  9.9996203E-01  9.2986892E-08  2.5393498E-08  7.3726858E-06  8.6390622E-08  1.0696549E-10  2.3897818E-13  9.2048308E-07  2.3543589E-08  0.000E+00  1.546E-04  8.430E-04  9.457E-01  1.106E+00  4.75E+02  0.00E+00  1.92E+02  0.572706  0.003007  0.0000000E+00  8.3822971524E-03
113  2.268307470388225E+08    3.000000  2.537768  4.271612  7.2916020E-01  2.7073030E-01  1.8935591E-07  2.0066032E-08  3.1910695E-06  4.5952272E-06  1.5721791E-07  4.4106458E-10  9.2048308E-07  2.3543589E-08  0.000E+00  0.0000  4.271612  -30.000  3.070516  7.654251  1.2562406E-05  9.9997813E-01  9.0803758E-08  2.4765791E-08  7.3739530E-06  8.8619361E-08  1.1189979E-10  2.5036620E-13  9.2048308E-07  2.3543589E-08  0.000E+00  1.507E-04  9.095E-04  9.462E-01  1.105E+00  4.72E+02  0.00E+00  1.90E+02  0.570086  0.003057  0.0000000E+00  8.3822971524E-03
114  2.270006783778491E+08    3.000000  2.541640  4.270602  7.2916020E-01  2.7073040E-01  1.8935561E-07  2.0066012E-08  3.1910720E-06  4.5952247E-06  1.5721794E-07  4.4106399E-10  9.2048308E-07  2.3543589E-08  0.000E+00  0.0000  4.270602  -30.000  3.103166  7.648773  6.1685772E-06  9.9998451E-01  8.9743912E-08  2.4460932E-08  7.3745861E-06  8.9680909E-08  1.1437409E-10  2.5608770E-13  9.2048308E-07  2.3543589E-08  0.000E+00  1.483E-04  9.561E-04  9.466E-01  1.104E+00  4.70E+02  0.00E+00  1.88E+02  0.568528  0.003084  0.0000000E+00  8.3822971524E-03
115  2.271706097168756E+08    3.000000  2.544478  4.270092  7.2915930E-01  2.7073130E-01  1.8934862E-07  2.0065559E-08  3.1911297E-06  4.5951681E-06  1.5721858E-07  4.4105052E-10  9.2048308E-07  2.3543589E-08  0.000E+00  0.0000  4.270092  -30.000  3.128617  7.645616  3.1843648E-06  9.9998745E-01  8.9166476E-08  2.4294583E-08  7.3749620E-06  9.0224177E-08  1.1572416E-10  2.5921673E-13  9.2048308E-07  2.3543589E-08  0.000E+00  1.467E-04  9.941E-04  9.468E-01  1.103E+00  4.69E+02  0.00E+00  1.87E+02  0.567573  0.003104  0.0000000E+00  8.3822971524E-03
116  2.273405410559022E+08    3.000000  2.546755  4.269304  7.2915920E-01  2.7073140E-01  1.8934791E-07  2.0065512E-08  3.1911355E-06  4.5951623E-06  1.5721864E-07  4.4104914E-10  9.2048308E-07  2.3543589E-08  0.000E+00  0.0000  4.269304  -30.000  3.150464  7.643614  1.6746932E-06  9.9998898E-01  8.8819673E-08  2.4194465E-08  7.3752188E-06  9.0515218E-08  1.1651901E-10  2.6106436E-13  9.2048308E-07  2.3543589E-08  0.000E+00  1.451E-04  1.028E-03  9.470E-01  1.103E+00  4.67E+02  0.00E+00  1.86E+02  0.566669  0.003120  0.0000000E+00  8.3822971524E-03
117  2.275104723949288E+08    3.000000  2.548985  4.268655  7.2915898E-01  2.7073162E-01  1.8934626E-07  2.0065404E-08  3.1911492E-06  4.5951489E-06  1.5721880E-07  4.4104594E-10  9.2048308E-07  2.3543589E-08  0.000E+00  0.0000  4.268655  -30.000  3.170090  7.642347  8.8922792E-07  9.9998975E-01  8.8624795E-08  2.4137879E-08  7.3753688E-06  9.0672568E-08  1.1698121E-10  2.6214133E-13  9.2048308E-07  2.3543589E-08  0.000E+00  1.437E-04  1.059E-03  9.471E-01  1.103E+00  4.66E+02  0.00E+00  1.86E+02  0.565801  0.003136  0.0000000E+00  8.3822971524E-03
118  2.276804037339554E+08    3.000000  2.550934  4.267949  7.2915877E-01  2.7073175E-01  1.8934504E-07  2.0065326E-08  3.1911592E-06  4.5951391E-06  1.5721890E-07  4.4104360E-10  9.2048308E-07  2.3543589E-08  0.000E+00  0.0000  4.267949  -30.000  3.188238  7.641555  4.7288579E-07  9.9999023E-01  8.8514350E-08  2.4105523E-08  7.3754575E-06  9.0757875E-08  1.1726213E-10  2.6279739E-13  9.2048308E-07  2.3543589E-08  0.000E+00  1.421E-04  1.090E-03  9.474E-01  1.103E+00  4.65E+02  0.00E+00  1.85E+02  0.564680  0.003151  0.0000000E+00  8.3822971524E-03
119  2.278503350729819E+08    3.000000  2.552904  4.267652  7.2915624E-01  2.7073436E-01  1.8932527E-07  2.0064042E-08  3.1913225E-06  4.5949788E-06  1.5722071E-07  4.4100543E-10  9.2048308E-07  2.3543589E-08  0.000E+00  0.0000  4.267652  -30.000  3.205578  7.641082  2.4870182E-07  9.9999043E-01  8.8464398E-08  2.4090388E-08  7.3754913E-06  9.0804303E-08  1.1742760E-10  2.6318462E-13  9.2048308E-07  2.3543589E-08  0.000E+00  1.412E-04  1.119E-03  9.475E-01  1.102E+00  4.64E+02  0.00E+00  1.84E+02  0.563913  0.003165  0.0000000E+00  8.3822971524E-03
120  2.280202664120085E+08    3.000000  2.554796  4.267003  7.2915559E-01  2.7073500E-01  1.8932036E-07  2.0063724E-08  3.1913631E-06  4.5949389E-06  1.5722115E-07  4.4099595E-10  9.2048308E-07  2.3543589E-08  0.000E+00  0.0000  4.267003  -30.000  3.222315  7.640843  1.2821056E-07  9.9999050E-01  8.8457133E-08  2.4087345E-08  7.3754810E-06  9.0829296E-08  1.1751597E-10  2.6339170E-13  9.2048308E-07  2.3543589E-08  0.000E+00  1.398E-04  1.147E-03  9.477E-01  1.102E+00  4.62E+02  0.00E+00  1.83E+02  0.562931  0.003178  0.0000000E+00  8.3822971524E-03
121  2.281901977510351E+08    3.000000  2.556658  4.266332  7.2915532E-01  2.7073525E-01  1.8931850E-07  2.0063603E-08  3.1913785E-06  4.5949238E-06  1.5722133E-07  4.4099236E-10  9.2048308E-07  2.3543589E-08  0.000E+00  0.0000  4.266332  -30.000  3.238631  7.640815  6.6172887E-08  9.9999060E-01  8.8481300E-08  2.4092856E-08  7.3754357E-06  9.0842068E-08  1.1755367E-10  2.6348077E-13  9.2048308E-07  2.3543589E-08  0.000E+00  1.384E-04  1.176E-03  9.480E-01  1.101E+00  4.61E+02  0.00E+00  1.82E+02  0.561815  0.003192  0.0000000E+00  8.3822971524E-03
122  2.283601290900617E+08    3.000000  2.558499  4.265661  7.2915495E-01  2.7073565E-01  1.8931548E-07  2.0063407E-08  3.1914034E-06  4.5948993E-06  1.5722160E-07  4.4098653E-10  9.2048308E-07  2.3543589E-08  0.000E+00  0.0000  4.265661  -30.000  3.254733  7.640913  3.3103669E-08  9.9999060E-01  8.8522461E-08  2.4102706E-08  7.3753712E-06  9.0848779E-08  1.1756115E-10  2.6350018E-13  9.2048308E-07  2.3543589E-08  0.000E+00  1.370E-04  1.206E-03  9.482E-01  1.101E+00  4.60E+02  0.00E+00  1.81E+02  0.560659  0.003206  0.0000000E+00  8.3822971524E-03
123  2.285300604290882E+08    3.000000  2.560315  4.264986  7.2915413E-01  2.7073647E-01  1.8930916E-07  2.0062997E-08  3.1914557E-06  4.5948480E-06  1.5722218E-07  4.4097433E-10  9.2048308E-07  2.3543589E-08  0.000E+00  0.0000  4.264986  -30.000  3.270694  7.641114  1.5955649E-08  9.9999070E-01  8.8566354E-08  2.4112802E-08  7.3753062E-06  9.0852199E-08  1.1755505E-10  2.6348940E-13  9.2048308E-07  2.3543589E-08  0.000E+00  1.356E-04  1.235E-03  9.484E-01  1.100E+00  4.59E+02  0.00E+00  1.81E+02  0.559579  0.003219  0.0000000E+00  8.3822971524E-03
124  2.286999917681148E+08    3.000000  2.562126  4.264320  7.2915271E-01  2.7073789E-01  1.8929861E-07  2.0062311E-08  3.1915428E-06  4.5947625E-06  1.5722314E-07  4.4095395E-10  9.2048308E-07  2.3543589E-08  0.000E+00  0.0000  4.264320  -30.000  3.286554  7.641507  7.3893889E-09  9.9999070E-01  8.8610951E-08  2.4122207E-08  7.3752426E-06  9.0853859E-08  1.1753899E-10  2.6345917E-13  9.2048308E-07  2.3543589E-08  0.000E+00  1.343E-04  1.266E-03  9.486E-01  1.100E+00  4.57E+02  0.00E+00  1.80E+02  0.558672  0.003233  0.0000000E+00  8.3822971524E-03
125  2.288699231071414E+08    3.000000  2.563950  4.264114  7.2914715E-01  2.7074345E-01  1.8925593E-07  2.0059540E-08  3.1918954E-06  4.5944162E-06  1.5722703E-07  4.4087157E-10  9.2048308E-07  2.3543589E-08  0.000E+00  0.0000  4.264114  -30.000  3.302419  7.642046  3.4206545E-09  9.9999070E-01  8.8648278E-08  2.4129200E-08  7.3751910E-06  9.0854597E-08  1.1752129E-10  2.6342756E-13  9.2048308E-07  2.3543589E-08  0.000E+00  1.336E-04  1.297E-03  9.487E-01  1.099E+00  4.57E+02  0.00E+00  1.79E+02  0.558215  0.003246  0.0000000E+00  8.3822971524E-03
126  2.290398544461679E+08    3.000000  2.565763  4.263394  7.2914491E-01  2.7074569E-01  1.8923888E-07  2.0058432E-08  3.1920363E-06  4.5942779E-06  1.5722859E-07  4.4083865E-10  9.2048308E-07  2.3543589E-08  0.000E+00  0.0000  4.263394  -30.000  3.318359  7.642703  1.5032512E-09  9.9999070E-01  8.8675747E-08  2.4133725E-08  7.3751539E-06  9.0854939E-08  1.1750673E-10  2.6340330E-13  9.2048308E-07  2.3543589E-08  0.000E+00  1.322E-04  1.329E-03  9.489E-01  1.099E+00  4.56E+02  0.00E+00  1.79E+02  0.557106  0.003260  0.0000000E+00  8.3822971524E-03
127  2.292097857851945E+08    3.000000  2.567584  4.262658  7.2914452E-01  2.7074608E-01  1.8923597E-07  2.0058244E-08  3.1920603E-06  4.5942543E-06  1.5722885E-07  4.4083304E-10  9.2048308E-07  2.3543589E-08  0.000E+00  0.0000  4.262658  -30.000  3.334413  7.643466  0.0000000E+00  9.9999070E-01  8.8692312E-08  2.4136117E-08  7.3751319E-06  9.0855078E-08  1.1749736E-10  2.6338877E-13  9.2048308E-07  2.3543589E-08  0.000E+00  1.309E-04  1.362E-03  9.491E-01  1.099E+00  4.54E+02  0.00E+00  1.78E+02  0.556221  0.003274  0.0000000E+00  8.3822971524E-03
128  2.293797171242211E+08    3.000000  2.569416  4.261901  7.2914391E-01  2.7074669E-01  1.8923128E-07  2.0057940E-08  3.1920991E-06  4.5942162E-06  1.5722928E-07  4.4082398E-10  9.2048308E-07  2.3543589E-08  0.000E+00  0.0000  4.261901  -30.000  3.350617  7.644349  0.0000000E+00  9.9999070E-01  8.8692312E-08  2.4136117E-08  7.3751319E-06  9.0855078E-08  1.1749736E-10  2.6338877E-13  9.2048308E-07  2.3543589E-08  0.000E+00  1.295E-04  1.397E-03  9.493E-01  1.099E+00  4.53E+02  0.00E+00  1.77E+02  0.555150  0.003288  0.0000000E+00  8.3822971524E-03
129  2.295496484632477E+08    3.000000  2.571252  4.261116  7.2914298E-01  2.7074762E-01  1.8922397E-07  2.0057465E-08  3.1921595E-06  4.5941569E-06  1.5722994E-07  4.4080987E-10  9.2048308E-07  2.3543589E-08  0.000E+00  0.0000  4.261116  -30.000  3.367068  7.645362  0.0000000E+00  9.9999070E-01  8.8692312E-08  2.4136117E-08  7.3751319E-06  9.0855078E-08  1.1749736E-10  2.6338877E-13  9.2048308E-07  2.3543589E-08  0.000E+00  1.281E-04  1.433E-03  9.496E-01  1.098E+00  4.51E+02  0.00E+00  1.75E+02  0.553999  0.003302  0.0000000E+00  8.3822971524E-03
130  2.297195798022742E+08    3.000000  2.573103  4.260507  7.2914200E-01  2.7074860E-01  1.8921631E-07  2.0056967E-08  3.1922228E-06  4.5940947E-06  1.5723064E-07  4.4079509E-10  9.2048308E-07  2.3543589E-08  0.000E+00  0.0000  4.260507  -30.000  3.383723  7.646460  0.0000000E+00  9.9999070E-01  8.8692312E-08  2.4136117E-08  7.3751319E-06  9.0855078E-08  1.1749736E-10  2.6338877E-13  9.2048308E-07  2.3543589E-08  0.000E+00  1.270E-04  1.470E-03  9.498E-01  1.098E+00  4.51E+02  0.00E+00  1.75E+02  0.552964  0.003315  0.0000000E+00  8.3822971524E-03
131  2.298895111413008E+08    3.000000  2.574928  4.259898  7.2913834E-01  2.7075226E-01  1.8918864E-07  2.0055170E-08  3.1924514E-06  4.5938701E-06  1.5723315E-07  4.4074167E-10  9.2048308E-07  2.3543589E-08  0.000E+00  0.0000  4.259898  -30.000  3.400668  7.647699  0.0000000E+00  9.9999070E-01  8.8692312E-08  2.4136117E-08  7.3751319E-06  9.0855078E-08  1.1749736E-10  2.6338877E-13  9.2048308E-07  2.3543589E-08  0.000E+00  1.258E-04  1.508E-03  9.500E-01  1.097E+00  4.50E+02  0.00E+00  1.74E+02  0.551842  0.003329  0.0000000E+00  8.3822971524E-03
132  2.300594424803274E+08    3.000000  2.576836  4.259017  7.2913635E-01  2.7075425E-01  1.8917341E-07  2.0054181E-08  3.1925774E-06  4.5937465E-06  1.5723454E-07  4.4071225E-10  9.2048308E-07  2.3543589E-08  0.000E+00  0.0000  4.259017  -30.000  3.417957  7.649087  0.0000000E+00  9.9999070E-01  8.8692312E-08  2.4136117E-08  7.3751319E-06  9.0855078E-08  1.1749736E-10  2.6338877E-13  9.2048308E-07  2.3543589E-08  0.000E+00  1.243E-04  1.548E-03  9.502E-01  1.097E+00  4.48E+02  0.00E+00  1.73E+02  0.550775  0.003344  0.0000000E+00  8.3822971524E-03
133  2.302293738193539E+08    3.000000  2.578734  4.258092  7.2913575E-01  2.7075477E-01  1.8916907E-07  2.0053899E-08  3.1926133E-06  4.5937112E-06  1.5723493E-07  4.4070387E-10  9.2048308E-07  2.3543589E-08  0.000E+00  0.0000  4.258092  -30.000  3.435623  7.650624  0.0000000E+00  9.9999070E-01  8.8692312E-08  2.4136117E-08  7.3751319E-06  9.0855078E-08  1.1749736E-10  2.6338877E-13  9.2048308E-07  2.3543589E-08  0.000E+00  1.228E-04  1.591E-03  9.505E-01  1.096E+00  4.47E+02  0.00E+00  1.72E+02  0.549451  0.003358  0.0000000E+00  8.3822971524E-03
134  2.303993051583805E+08    3.000000  2.580664  4.257139  7.2913482E-01  2.7075578E-01  1.8916160E-07  2.0053414E-08  3.1926750E-06  4.5936506E-06  1.5723561E-07  4.4068946E-10  9.2048308E-07  2.3543589E-08  0.000E+00  0.0000  4.257139  -30.000  3.453690  7.652303  0.0000000E+00  9.9999070E-01  8.8692312E-08  2.4136117E-08  7.3751319E-06  9.0855078E-08  1.1749736E-10  2.6338877E-13  9.2048308E-07  2.3543589E-08  0.000E+00  1.212E-04  1.635E-03  9.508E-01  1.096E+00  4.45E+02  0.00E+00  1.71E+02  0.548062  0.003374  0.0000000E+00  8.3822971524E-03
135  2.305692364974071E+08    3.000000  2.582612  4.256184  7.2913309E-01  2.7075751E-01  1.8914839E-07  2.0052556E-08  3.1927842E-06  4.5935433E-06  1.5723681E-07  4.4066395E-10  9.2048308E-07  2.3543589E-08  0.000E+00  0.0000  4.256184  -30.000  3.472211  7.654150  0.0000000E+00  9.9999070E-01  8.8692312E-08  2.4136117E-08  7.3751319E-06  9.0855078E-08  1.1749736E-10  2.6338877E-13  9.2048308E-07  2.3543589E-08  0.000E+00  1.197E-04  1.683E-03  9.510E-01  1.095E+00  4.43E+02  0.00E+00  1.70E+02  0.546821  0.003389  0.0000000E+00  8.3822971524E-03
136  2.307391678364336E+08    3.000000  2.584553  4.255552  7.2912718E-01  2.7076342E-01  1.8910328E-07  2.0049625E-08  3.1931573E-06  4.5931769E-06  1.5724091E-07  4.4057684E-10  9.2048308E-07  2.3543589E-08  0.000E+00  0.0000  4.255552  -30.000  3.491235  7.656188  0.0000000E+00  9.9999070E-01  8.8692312E-08  2.4136117E-08  7.3751319E-06  9.0855078E-08  1.1749736E-10  2.6338877E-13  9.2048308E-07  2.3543589E-08  0.000E+00  1.186E-04  1.732E-03  9.512E-01  1.094E+00  4.42E+02  0.00E+00  1.69E+02  0.546053  0.003404  0.0000000E+00  8.3822971524E-03
137  2.309090991754602E+08    3.000000  2.586581  4.254421  7.2912499E-01  2.7076561E-01  1.8908648E-07  2.0048534E-08  3.1932962E-06  4.5930405E-06  1.5724244E-07  4.4054442E-10  9.2048308E-07  2.3543589E-08  0.000E+00  0.0000  4.254421  -30.000  3.510821  7.658434  0.0000000E+00  9.9999070E-01  8.8692312E-08  2.4136117E-08  7.3751319E-06  9.0855078E-08  1.1749736E-10  2.6338877E-13  9.2048308E-07  2.3543589E-08  0.000E+00  1.169E-04  1.785E-03  9.514E-01  1.094E+00  4.41E+02  0.00E+00  1.68E+02  0.544528  0.003420  0.0000000E+00  8.3822971524E-03
138  2.310790305144868E+08    3.000000  2.588614  4.253224  7.2912364E-01  2.7076696E-01  1.8907659E-07  2.0047891E-08  3.1933780E-06  4.5929601E-06  1.5724333E-07  4.4052531E-10  9.2048308E-07  2.3543589E-08  0.000E+00  0.0000  4.253224  -30.000  3.530968  7.660891  0.0000000E+00  9.9999070E-01  8.8692312E-08  2.4136117E-08  7.3751319E-06  9.0855078E-08  1.1749736E-10  2.6338877E-13  9.2048308E-07  2.3543589E-08  0.000E+00  1.152E-04  1.841E-03  9.517E-01  1.094E+00  4.39E+02  0.00E+00  1.67E+02  0.543069  0.003436  0.0000000E+00  8.3822971524E-03
139  2.312489618535134E+08    3.000000  2.590672  4.251956  7.2912177E-01  2.7076883E-01  1.8906212E-07  2.0046950E-08  3.1934978E-06  4.5928426E-06  1.5724464E-07  4.4049737E-10  9.2048308E-07  2.3543589E-08  0.000E+00  0.0000  4.251956  -30.000  3.551727  7.663559  0.0000000E+00  9.9999070E-01  8.8692312E-08  2.4136117E-08  7.3751319E-06  9.0855078E-08  1.1749736E-10  2.6338877E-13  9.2048308E-07  2.3543589E-08  0.000E+00  1.134E-04  1.901E-03  9.521E-01  1.093E+00  4.36E+02  0.00E+00  1.65E+02  0.541645  0.003452  0.0000000E+00  8.3822971524E-03
140  2.314188931925399E+08    3.000000  2.592773  4.251029  7.2911461E-01  2.7077599E-01  1.8900777E-07  2.0043419E-08  3.1939474E-06  4.5924010E-06  1.5724957E-07  4.4039241E-10  9.2048308E-07  2.3543589E-08  0.000E+00  0.0000  4.251029  -30.000  3.573160  7.666486  0.0000000E+00  9.9999070E-01  8.8692312E-08  2.4136117E-08  7.3751319E-06  9.0855078E-08  1.1749736E-10  2.6338877E-13  9.2048308E-07  2.3543589E-08  0.000E+00  1.120E-04  1.964E-03  9.523E-01  1.092E+00  4.35E+02  0.00E+00  1.65E+02  0.540345  0.003469  0.0000000E+00  8.3822971524E-03
141  2.315888245315665E+08    3.000000  2.594886  4.249788  7.2910979E-01  2.7078081E-01  1.8897078E-07  2.0041014E-08  3.1942534E-06  4.5921004E-06  1.5725292E-07  4.4032097E-10  9.2048308E-07  2.3543589E-08  0.000E+00  0.0000  4.249788  -30.000  3.595299  7.669698  0.0000000E+00  9.9999070E-01  8.8692312E-08  2.4136117E-08  7.3751319E-06  9.0855078E-08  1.1749736E-10  2.6338877E-13  9.2048308E-07  2.3543589E-08  0.000E+00  1.103E-04  2.032E-03  9.526E-01  1.092E+00  4.34E+02  0.00E+00  1.64E+02  0.538829  0.003486  0.0000000E+00  8.3822971524E-03
142  2.317587558705931E+08    3.000000  2.597077  4.248278  7.2910879E-01  2.7078181E-01  1.8896333E-07  2.0040530E-08  3.1943151E-06  4.5920398E-06  1.5725359E-07  4.4030658E-10  9.2048308E-07  2.3543589E-08  0.000E+00  0.0000  4.248278  -30.000  3.618273  7.673259  0.0000000E+00  9.9999070E-01  8.8692312E-08  2.4136117E-08  7.3751319E-06  9.0855078E-08  1.1749736E-10  2.6338877E-13  9.2048308E-07  2.3543589E-08  0.000E+00  1.084E-04  2.105E-03  9.529E-01  1.091E+00  4.32E+02  0.00E+00  1.62E+02  0.537257  0.003503  0.0000000E+00  8.3822971524E-03
143  2.319286872096197E+08    3.000000  2.599298  4.246664  7.2910724E-01  2.7078344E-01  1.8895131E-07  2.0039749E-08  3.1944145E-06  4.5919422E-06  1.5725468E-07  4.4028339E-10  9.2048308E-07  2.3543589E-08  0.000E+00  0.0000  4.246664  -30.000  3.642060  7.677160  0.0000000E+00  9.9999070E-01  8.8692312E-08  2.4136117E-08  7.3751319E-06  9.0855078E-08  1.1749736E-10  2.6338877E-13  9.2048308E-07  2.3543589E-08  0.000E+00  1.065E-04  2.183E-03  9.532E-01  1.091E+00  4.29E+02  0.00E+00  1.61E+02  0.535654  0.003521  0.0000000E+00  8.3822971524E-03
144  2.320986185486462E+08    3.000000  2.601577  4.245091  7.2910397E-01  2.7078663E-01  1.8892649E-07  2.0038136E-08  3.1946200E-06  4.5917403E-06  1.5725692E-07  4.4023544E-10  9.2048308E-07  2.3543589E-08  0.000E+00  0.0000  4.245091  -30.000  3.666683  7.681408  0.0000000E+00  9.9999070E-01  8.8692312E-08  2.4136117E-08  7.3751319E-06  9.0855078E-08  1.1749736E-10  2.6338877E-13  9.2048308E-07  2.3543589E-08  0.000E+00  1.044E-04  2.267E-03  9.536E-01  1.090E+00  4.27E+02  0.00E+00  1.59E+02  0.533854  0.003540  0.0000000E+00  8.3822971524E-03
145  2.322685498876728E+08    3.000000  2.603843  4.243711  7.2909938E-01  2.7079125E-01  1.8889167E-07  2.0035872E-08  3.1949082E-06  4.5914572E-06  1.5726007E-07  4.4016818E-10  9.2048308E-07  2.3543589E-08  0.000E+00  0.0000  4.243711  -30.000  3.692198  7.686042  0.0000000E+00  9.9999070E-01  8.8692312E-08  2.4136117E-08  7.3751319E-06  9.0855078E-08  1.1749736E-10  2.6338877E-13  9.2048308E-07  2.3543589E-08  0.000E+00  1.027E-04  2.357E-03  9.539E-01  1.089E+00  4.25E+02  0.00E+00  1.58E+02  0.531934  0.003558  0.0000000E+00  8.3822971524E-03
146  2.324384812266994E+08    3.000000  2.606216  4.241740  7.2909830E-01  2.7079230E-01  1.8888363E-07  2.0035349E-08  3.1949749E-06  4.5913918E-06  1.5726080E-07  4.4015265E-10  9.2048308E-07  2.3543589E-08  0.000E+00  0.0000  4.241740  -30.000  3.718752  7.691163  0.0000000E+00  9.9999070E-01  8.8692312E-08  2.4136117E-08  7.3751319E-06  9.0855078E-08  1.1749736E-10  2.6338877E-13  9.2048308E-07  2.3543589E-08  0.000E+00  1.005E-04  2.455E-03  9.543E-01  1.089E+00  4.23E+02  0.00E+00  1.57E+02  0.529946  0.003578  0.0000000E+00  8.3822971524E-03
147  2.326084125657260E+08    3.000000  2.608634  4.239619  7.2909655E-01  2.7079406E-01  1.8886999E-07  2.0034462E-08  3.1950878E-06  4.5912809E-06  1.5726203E-07  4.4012631E-10  9.2048308E-07  2.3543589E-08  0.000E+00  0.0000  4.239619  -30.000  3.746341  7.696776  0.0000000E+00  9.9999070E-01  8.8692312E-08  2.4136117E-08  7.3751319E-06  9.0855078E-08  1.1749736E-10  2.6338877E-13  9.2048308E-07  2.3543589E-08  0.000E+00  9.813E-05  2.561E-03  9.547E-01  1.088E+00  4.20E+02  0.00E+00  1.55E+02  0.527775  0.003598  0.0000000E+00  8.3822971524E-03
148  2.327783439047525E+08    3.000000  2.611108  4.237836  7.2909433E-01  2.7079630E-01  1.8885319E-07  2.0033370E-08  3.1952269E-06  4.5911443E-06  1.5726355E-07  4.4009386E-10  9.2048308E-07  2.3543589E-08  0.000E+00  0.0000  4.237836  -30.000  3.775058  7.702933  0.0000000E+00  9.9999070E-01  8.8692312E-08  2.4136117E-08  7.3751319E-06  9.0855078E-08  1.1749736E-10  2.6338877E-13  9.2048308E-07  2.3543589E-08  0.000E+00  9.613E-05  2.677E-03  9.551E-01  1.087E+00  4.17E+02  0.00E+00  1.53E+02  0.525814  0.003619  0.0000000E+00  8.3822971524E-03
149  2.329482752437791E+08    3.000000  2.613578  4.235509  7.2909282E-01  2.7079778E-01  1.8884176E-07  2.0032627E-08  3.1953215E-06  4.5910513E-06  1.5726458E-07  4.4007179E-10  9.2048308E-07  2.3543589E-08  0.000E+00  0.0000  4.235509  -30.000  3.804894  7.709640  0.0000000E+00  9.9999070E-01  8.8692312E-08  2.4136117E-08  7.3751319E-06  9.0855078E-08  1.1749736E-10  2.6338877E-13  9.2048308E-07  2.3543589E-08  0.000E+00  9.360E-05  2.802E-03  9.557E-01  1.086E+00  4.15E+02  0.00E+00  1.51E+02  0.522802  0.003639  0.0000000E+00  8.3822971524E-03
150  2.331182065828057E+08    3.000000  2.616170  4.232794  7.2909134E-01  2.7079929E-01  1.8883065E-07  2.0031904E-08  3.1954135E-06  4.5909609E-06  1.5726558E-07  4.4005032E-10  9.2048308E-07  2.3543589E-08  0.000E+00  0.0000  4.232794  -30.000  3.836032  7.717005  0.0000000E+00  9.9999070E-01  8.8692312E-08  2.4136117E-08  7.3751319E-06  9.0855078E-08  1.1749736E-10  2.6338877E-13  9.2048308E-07  2.3543589E-08  0.000E+00  9.091E-05  2.939E-03  9.562E-01  1.085E+00  4.12E+02  0.00E+00  1.49E+02  0.519965  0.003661  0.0000000E+00  8.3822971524E-03
151  2.332881379218322E+08    3.000000  2.618817  4.230259  7.2908707E-01  2.7080357E-01  1.8879797E-07  2.0029780E-08  3.1956842E-06  4.5906951E-06  1.5726853E-07  4.3998721E-10  9.2048308E-07  2.3543589E-08  0.000E+00  0.0000  4.230259  -30.000  3.868438  7.725015  0.0000000E+00  9.9999070E-01  8.8692312E-08  2.4136117E-08  7.3751319E-06  9.0855078E-08  1.1749736E-10  2.6338877E-13  9.2048308E-07  2.3543589E-08  0.000E+00  8.843E-05  3.089E-03  9.567E-01  1.084E+00  4.08E+02  0.00E+00  1.47E+02  0.517385  0.003683  0.0000000E+00  8.3822971524E-03
152  2.334580692608588E+08    3.000000  2.621497  4.227269  7.2908331E-01  2.7080731E-01  1.8876941E-07  2.0027922E-08  3.1959207E-06  4.5904627E-06  1.5727110E-07  4.3993203E-10  9.2048308E-07  2.3543589E-08  0.000E+00  0.0000  4.227269  -30.000  3.902191  7.733728  0.0000000E+00  9.9999070E-01  8.8692312E-08  2.4136117E-08  7.3751319E-06  9.0855078E-08  1.1749736E-10  2.6338877E-13  9.2048308E-07  2.3543589E-08  0.000E+00  8.562E-05  3.253E-03  9.572E-01  1.083E+00  4.05E+02  0.00E+00  1.45E+02  0.514099  0.003706  0.0000000E+00  8.3822971524E-03
153  2.336280005998854E+08    3.000000  2.624247  4.223752  7.2908108E-01  2.7080953E-01  1.8875259E-07  2.0026828E-08  3.1960602E-06  4.5903257E-06  1.5727262E-07  4.3989954E-10  9.2048308E-07  2.3543589E-08  0.000E+00  0.0000  4.223752  -30.000  3.937339  7.743180  0.0000000E+00  9.9999070E-01  8.8692312E-08  2.4136117E-08  7.3751319E-06  9.0855078E-08  1.1749736E-10  2.6338877E-13  9.2048308E-07  2.3543589E-08  0.000E+00  8.258E-05  3.433E-03  9.579E-01  1.081E+00  4.01E+02  0.00E+00  1.42E+02  0.510757  0.003729  0.0000000E+00  8.3822971524E-03
154  2.337979319389119E+08    3.000000  2.627055  4.220635  7.2907283E-01  2.7081777E-01  1.8868991E-07  2.0022751E-08  3.1965795E-06  4.5898157E-06  1.5727826E-07  4.3977845E-10  9.2048308E-07  2.3543589E-08  0.000E+00  0.0000  4.220635  -30.000  3.973947  7.753415  0.0000000E+00  9.9999070E-01  8.8692312E-08  2.4136117E-08  7.3751319E-06  9.0855078E-08  1.1749736E-10  2.6338877E-13  9.2048308E-07  2.3543589E-08  0.000E+00  7.985E-05  3.632E-03  9.585E-01  1.080E+00  3.97E+02  0.00E+00  1.40E+02  0.507372  0.003754  0.0000000E+00  8.3822971524E-03
155  2.339678632779385E+08    3.000000  2.629917  4.216429  7.2907070E-01  2.7081990E-01  1.8867367E-07  2.0021694E-08  3.1967140E-06  4.5896834E-06  1.5727972E-07  4.3974707E-10  9.2048308E-07  2.3543589E-08  0.000E+00  0.0000  4.216429  -30.000  4.012005  7.764405  0.0000000E+00  9.9999070E-01  8.8692312E-08  2.4136117E-08  7.3751319E-06  9.0855078E-08  1.1749736E-10  2.6338877E-13  9.2048308E-07  2.3543589E-08  0.000E+00  7.646E-05  3.850E-03  9.592E-01  1.079E+00  3.92E+02  0.00E+00  1.37E+02  0.503040  0.003778  0.0000000E+00  8.3822971524E-03
156  2.341377946169651E+08    3.000000  2.632837  4.211829  7.2906639E-01  2.7082429E-01  1.8864061E-07  2.0019544E-08  3.1969880E-06  4.5894143E-06  1.5728269E-07  4.3968321E-10  9.2048308E-07  2.3543589E-08  0.000E+00  0.0000  4.211829  -30.000  4.051640  7.776184  0.0000000E+00  9.9999070E-01  8.8692312E-08  2.4136117E-08  7.3751319E-06  9.0855078E-08  1.1749736E-10  2.6338877E-13  9.2048308E-07  2.3543589E-08  0.000E+00  7.301E-05  4.091E-03  9.600E-01  1.077E+00  3.88E+02  0.00E+00  1.34E+02  0.498719  0.003804  0.0000000E+00  8.3822971524E-03
157  2.343077259559917E+08    3.000000  2.635780  4.207353  7.2905740E-01  2.7083327E-01  1.8857256E-07  2.0015117E-08  3.1975520E-06  4.5888602E-06  1.5728881E-07  4.3955173E-10  9.2048308E-07  2.3543589E-08  0.000E+00  0.0000  4.207353  -30.000  4.092828  7.788808  0.0000000E+00  9.9999070E-01  8.8692312E-08  2.4136117E-08  7.3751319E-06  9.0855078E-08  1.1749736E-10  2.6338877E-13  9.2048308E-07  2.3543589E-08  0.000E+00  6.974E-05  4.359E-03  9.608E-01  1.075E+00  3.83E+02  0.00E+00  1.31E+02  0.494239  0.003830  0.0000000E+00  8.3822971524E-03
158  2.344776572950182E+08    3.000000  2.638795  4.201643  7.2905266E-01  2.7083802E-01  1.8853670E-07  2.0012784E-08  3.1978493E-06  4.5885683E-06  1.5729204E-07  4.3948245E-10  9.2048308E-07  2.3543589E-08  0.000E+00  0.0000  4.201643  -30.000  4.135629  7.802295  0.0000000E+00  9.9999070E-01  8.8692312E-08  2.4136117E-08  7.3751319E-06  9.0855078E-08  1.1749736E-10  2.6338877E-13  9.2048308E-07  2.3543589E-08  0.000E+00  6.595E-05  4.654E-03  9.617E-01  1.074E+00  3.77E+02  0.00E+00  1.28E+02  0.489139  0.003857  0.0000000E+00  8.3822971524E-03
159  2.346475886340448E+08    3.000000  2.641857  4.196095  7.2904427E-01  2.7084633E-01  1.8847316E-07  2.0008650E-08  3.1983760E-06  4.5880507E-06  1.5729774E-07  4.3935970E-10  9.2048308E-07  2.3543589E-08  0.000E+00  0.0000  4.196095  -30.000  4.180014  7.816627  0.0000000E+00  9.9999070E-01  8.8692312E-08  2.4136117E-08  7.3751319E-06  9.0855078E-08  1.1749736E-10  2.6338877E-13  9.2048308E-07  2.3543589E-08  0.000E+00  6.237E-05  4.982E-03  9.626E-01  1.072E+00  3.72E+02  0.00E+00  1.25E+02  0.483749  0.003884  0.0000000E+00  8.3822971524E-03
160  2.348175199730714E+08    3.000000  2.644970  4.189761  7.2903558E-01  2.7085512E-01  1.8840698E-07  2.0004343E-08  3.1989249E-06  4.5875115E-06  1.5730368E-07  4.3923181E-10  9.2048308E-07  2.3543589E-08  0.000E+00  0.0000  4.189761  -30.000  4.225921  7.831772  0.0000000E+00  9.9999070E-01  8.8692312E-08  2.4136117E-08  7.3751319E-06  9.0855078E-08  1.1749736E-10  2.6338877E-13  9.2048308E-07  2.3543589E-08  0.000E+00  5.867E-05  5.345E-03  9.635E-01  1.070E+00  3.66E+02  0.00E+00  1.21E+02  0.478434  0.003912  0.0000000E+00  8.3822971524E-03
161  2.349874513120980E+08    3.000000  2.648091  4.181954  7.2903011E-01  2.7086059E-01  1.8836567E-07  2.0001654E-08  3.1992676E-06  4.5871750E-06  1.5730738E-07  4.3915198E-10  9.2048308E-07  2.3543589E-08  0.000E+00  0.0000  4.181954  -30.000  4.273272  7.847675  0.0000000E+00  9.9999070E-01  8.8700456E-08  1.9434319E-08  7.3751319E-06  9.6641911E-08  1.1749735E-10  2.6467247E-13  9.2048308E-07  2.3543589E-08  0.000E+00  5.441E-05  5.749E-03  9.646E-01  1.068E+00  3.58E+02  0.00E+00  1.16E+02  0.471324  0.003940  0.0000000E+00  8.3822971524E-03
162  2.351573826511245E+08    3.000000  2.651162  4.173887  7.2902100E-01  2.7086970E-01  1.8829654E-07  1.9997154E-08  3.1998411E-06  4.5866115E-06  1.5731357E-07  4.3901839E-10  9.2048308E-07  2.3543589E-08  0.000E+00  0.0000  4.173887  -30.000  4.322052  7.864327  0.0000000E+00  9.9999070E-01  8.8794682E-08  5.1575662E-09  7.3751319E-06  1.1421333E-07  1.1749732E-10  2.7584251E-13  9.2048308E-07  2.3543589E-08  0.000E+00  5.033E-05  6.196E-03  9.658E-01  1.066E+00  3.51E+02  0.00E+00  1.12E+02  0.464005  0.003968  0.0000000E+00  8.3822971524E-03
163  2.353273139901511E+08    3.000000  2.654226  4.163897  7.2901595E-01  2.7087475E-01  1.8825848E-07  1.9994676E-08  3.2001570E-06  4.5863012E-06  1.5731697E-07  4.3894485E-10  9.2048308E-07  2.3543589E-08  0.000E+00  0.0000  4.163897  -30.000  4.372160  7.881662  0.0000000E+00  9.9999070E-01  8.9409913E-08  2.0735467E-10  7.3751319E-06  1.2030598E-07  1.1749722E-10  3.2466708E-13  9.2048308E-07  2.3543589E-08  0.000E+00  4.589E-05  6.691E-03  9.671E-01  1.063E+00  3.42E+02  0.00E+00  1.07E+02  0.456170  0.003996  0.0000000E+00  8.3822971524E-03
164  2.354972453291777E+08    3.000000  2.657163  4.153679  7.2900811E-01  2.7088259E-01  1.8819903E-07  1.9990807E-08  3.2006503E-06  4.5858165E-06  1.5732229E-07  4.3882996E-10  9.2048308E-07  2.3543589E-08  0.000E+00  0.0000  4.153679  -30.000  4.423446  7.899582  0.0000000E+00  9.9999070E-01  9.4057898E-08  1.5789127E-13  7.3751317E-06  1.2056126E-07  1.1749681E-10  5.6500174E-13  9.2048308E-07  2.3543589E-08  0.000E+00  4.166E-05  7.239E-03  9.684E-01  1.061E+00  3.33E+02  0.00E+00  1.02E+02  0.447374  0.004023  0.0000000E+00  8.3822971524E-03
165  2.356671766682042E+08    3.000000  2.659980  4.141688  7.2900118E-01  2.7088952E-01  1.8814642E-07  1.9987380E-08  3.2010871E-06  4.5853873E-06  1.5732699E-07  4.3872827E-10  9.2048308E-07  2.3543589E-08  0.000E+00  0.0000  4.141688  -30.000  4.475727  7.917977  0.0000000E+00  9.9999060E-01  1.3245902E-07  8.4288647E-20  7.3751308E-06  1.2056245E-07  1.1749518E-10  1.7379361E-12  9.2048308E-07  2.3543589E-08  0.000E+00  3.729E-05  7.844E-03  9.698E-01  1.057E+00  3.23E+02  0.00E+00  9.74E+01  0.437696  0.004049  0.0000000E+00  8.3822971524E-03
166  2.358371080072308E+08    3.000000  2.662514  4.128019  7.2899464E-01  2.7089606E-01  1.8809708E-07  1.9984167E-08  3.2014968E-06  4.5849847E-06  1.5733138E-07  4.3863290E-10  9.2048308E-07  2.3543589E-08  0.000E+00  0.0000  4.128019  -30.000  4.528773  7.936709  0.0000000E+00  9.9999029E-01  4.8713986E-07  0.0000000E+00  7.3751263E-06  1.2057023E-07  1.1748882E-10  7.4441168E-12  9.2048309E-07  2.3543589E-08  0.000E+00  3.289E-05  8.509E-03  9.714E-01  1.055E+00  3.13E+02  0.00E+00  9.17E+01  0.426915  0.004073  0.0000000E+00  8.3822971524E-03
167  2.360070393462574E+08    3.000000  2.664723  4.112431  7.2899300E-01  2.7089770E-01  1.8808437E-07  1.9983339E-08  3.2016024E-06  4.5848810E-06  1.5733252E-07  4.3860832E-10  9.2048308E-07  2.3543589E-08  0.000E+00  0.0000  4.112431  -30.000  4.582371  7.955683  0.0000000E+00  9.9998659E-01  4.1913278E-06  0.0000000E+00  7.3751026E-06  1.2074921E-07  1.1746212E-10  3.8022632E-11  9.2048312E-07  2.3543591E-08  0.000E+00  2.847E-05  9.238E-03  9.732E-01  1.051E+00  3.01E+02  0.00E+00  8.55E+01  0.413847  0.004094  0.0000000E+00  8.3822971524E-03
168  2.361769706852840E+08    3.000000  2.666422  4.094919  7.2899290E-01  2.7089780E-01  1.8808382E-07  1.9983304E-08  3.2016069E-06  4.5848766E-06  1.5733257E-07  4.3860727E-10  9.2048308E-07  2.3543589E-08  0.000E+00  0.0000  4.094919  -30.000  4.635691  7.974874  0.0000000E+00  9.9995486E-01  3.5869910E-05  0.0000000E+00  7.3749421E-06  1.2532031E-07  1.1735760E-10  2.4428582E-10  9.2048324E-07  2.3543625E-08  0.000E+00  2.439E-05  1.002E-02  9.748E-01  1.047E+00  2.89E+02  0.00E+00  7.95E+01  0.401980  0.004109  0.0000000E+00  8.3822971524E-03
169  2.363469020243105E+08    3.000000  2.667700  4.074366  7.2899277E-01  2.7089803E-01  1.8808239E-07  1.9983210E-08  3.2016188E-06  4.5848649E-06  1.5733270E-07  4.3860451E-10  9.2048308E-07  2.3543589E-08  0.000E+00  0.0000  4.074366  -30.000  4.685968  7.997318  0.0000000E+00  9.9963668E-01  3.5390684E-04  0.0000000E+00  7.3734738E-06  2.6052894E-07  1.1690773E-10  2.1308723E-09  9.2048377E-07  2.3545102E-08  0.000E+00  2.029E-05  1.083E-02  9.767E-01  1.044E+00  2.76E+02  0.00E+00  7.27E+01  0.387011  0.004122  0.0000000E+00  8.3822971524E-03
170  2.365168333633371E+08    3.000000  2.670030  4.052067  7.2899210E-01  2.7089860E-01  1.8807795E-07  1.9982921E-08  3.2016557E-06  4.5848287E-06  1.5733309E-07  4.3859592E-10  9.2048308E-07  2.3543589E-08  0.000E+00  0.0184  4.052067  -30.000  4.691234  8.049582  0.0000000E+00  9.9905490E-01  9.3548947E-04  0.0000000E+00  7.3632276E-06  5.2522495E-07  1.2480552E-10  8.2704621E-09  9.2048388E-07  2.3559410E-08  0.000E+00  1.659E-05  1.038E-02  9.787E-01  1.061E+00  2.61E+02  0.00E+00  6.60E+01  0.371356  0.004144  0.0000000E+00  8.3822971524E-03
171  2.365220831962103E+08    3.000000  2.670487  4.051577  7.2899190E-01  2.7089880E-01  1.8807648E-07  1.9982825E-08  3.2016679E-06  4.5848166E-06  1.5733323E-07  4.3859308E-10  9.2048308E-07  2.3543589E-08  0.000E+00  0.0203  4.051577  -30.000  4.687250  8.051983  0.0000000E+00  9.9896295E-01  1.0273941E-03  0.0000000E+00  7.3621723E-06  5.6080325E-07  1.2492385E-10  9.4119974E-09  9.2048391E-07  2.3562789E-08  0.000E+00  1.655E-05  1.029E-02  9.786E-01  1.061E+00  2.61E+02  0.00E+00  6.61E+01  0.372109  0.004148  0.0000000E+00  8.3822971524E-03
172  2.365273330290835E+08    3.000000  2.670898  4.051216  7.2899190E-01  2.7089880E-01  1.8807631E-07  1.9982814E-08  3.2016693E-06  4.5848153E-06  1.5733324E-07  4.3859276E-10  9.2048308E-07  2.3543589E-08  0.000E+00  0.0209  4.051216  -30.000  4.682502  8.054430  0.0000000E+00  9.9881702E-01  1.1732064E-03  0.0000000E+00  7.3607348E-06  6.2188470E-07  1.2493955E-10  1.1149457E-08  9.2048397E-07  2.3568143E-08  0.000E+00  1.648E-05  1.021E-02  9.786E-01  1.061E+00  2.60E+02  0.00E+00  6.59E+01  0.371774  0.004153  0.0000000E+00  8.3822971524E-03
173  2.365325828619568E+08    3.000000  2.671406  4.050652  7.2899190E-01  2.7089880E-01  1.8807623E-07  1.9982809E-08  3.2016700E-06  4.5848146E-06  1.5733324E-07  4.3859260E-10  9.2048308E-07  2.3543589E-08  0.000E+00  0.0250  4.050652  -30.000  4.677440  8.056477  0.0000000E+00  9.9882041E-01  1.1698607E-03  0.0000000E+00  7.3600482E-06  6.1746881E-07  1.2524589E-10  1.1539564E-08  9.2048392E-07  2.3570713E-08  0.000E+00  1.638E-05  1.005E-02  9.787E-01  1.061E+00  2.60E+02  0.00E+00  6.58E+01  0.371289  0.004157  0.0000000E+00  8.3822971524E-03
174  2.365378326948300E+08    3.000000  2.671998  4.050127  7.2899190E-01  2.7089880E-01  1.8807614E-07  1.9982802E-08  3.2016708E-06  4.5848138E-06  1.5733325E-07  4.3859241E-10  9.2048308E-07  2.3543589E-08  0.000E+00  0.0257  4.050127  -30.000  4.671094  8.058783  0.0000000E+00  9.9865208E-01  1.3380889E-03  0.0000000E+00  7.3582732E-06  6.8839373E-07  1.2523023E-10  1.3717936E-08  9.2048398E-07  2.3578433E-08  0.000E+00  1.629E-05  9.945E-03  9.787E-01  1.061E+00  2.60E+02  0.00E+00  6.56E+01  0.370950  0.004163  0.0000000E+00  8.3822971524E-03
175  2.365430825277033E+08    3.000000  2.672712  4.049655  7.2899190E-01  2.7089880E-01  1.8807603E-07  1.9982796E-08  3.2016716E-06  4.5848130E-06  1.5733326E-07  4.3859221E-10  9.2048308E-07  2.3543589E-08  0.000E+00  0.0278  4.049655  -30.000  4.664104  8.060818  0.0000000E+00  9.9852500E-01  1.4651624E-03  0.0000000E+00  7.3566079E-06  7.4562621E-07  1.2528364E-10  1.5630399E-08  9.2048402E-07  2.3586813E-08  0.000E+00  1.620E-05  9.807E-03  9.788E-01  1.061E+00  2.59E+02  0.00E+00  6.54E+01  0.370490  0.004170  0.0000000E+00  8.3822971524E-03
176  2.365483323605765E+08    3.000000  2.673552  4.049242  7.2899190E-01  2.7089884E-01  1.8807595E-07  1.9982790E-08  3.2016724E-06  4.5848123E-06  1.5733327E-07  4.3859205E-10  9.2048308E-07  2.3543589E-08  0.000E+00  0.0307  4.049242  -30.000  4.656445  8.062629  0.0000000E+00  9.9846052E-01  1.5295610E-03  1.0337959E-25  7.3552697E-06  7.7775640E-07  1.2537804E-10  1.6977455E-08  9.2048401E-07  2.3594518E-08  0.000E+00  1.611E-05  9.633E-03  9.788E-01  1.061E+00  2.59E+02  0.00E+00  6.53E+01  0.370116  0.004178  0.0000000E+00  8.3822971524E-03
177  2.365535821934497E+08    3.000000  2.674507  4.048955  7.2897639E-01  2.7091431E-01  1.8795921E-07  1.9975185E-08  3.2026423E-06  4.5838592E-06  1.5734366E-07  4.3836636E-10  9.2048308E-07  2.3543589E-08  0.000E+00  0.0336  4.048955  -30.000  4.648205  8.064263  0.0000000E+00  9.9838285E-01  1.6072376E-03  4.4377396E-23  7.3538262E-06  8.1706828E-07  1.2540588E-10  1.8502169E-08  9.2048402E-07  2.3603300E-08  0.000E+00  1.604E-05  9.459E-03  9.789E-01  1.060E+00  2.58E+02  0.00E+00  6.51E+01  0.369924  0.004187  0.0000000E+00  8.3822971524E-03
178  2.365588320263229E+08    3.000000  2.675615  4.048660  7.2894605E-01  2.7094473E-01  1.8772974E-07  1.9960235E-08  3.2045488E-06  4.5819858E-06  1.5736407E-07  4.3792278E-10  9.2048308E-07  2.3543589E-08  0.000E+00  0.0391  4.048660  -30.000  4.639176  8.065762  0.0000000E+00  9.9834908E-01  1.6409492E-03  2.6540510E-19  7.3526692E-06  8.3491410E-07  1.2540502E-10  1.9569561E-08  9.2048401E-07  2.3610649E-08  0.000E+00  1.607E-05  9.262E-03  9.786E-01  1.061E+00  2.58E+02  0.00E+00  6.54E+01  0.371849  0.004197  0.0000000E+00  8.3822971524E-03
179  2.365640818591962E+08    3.000000  2.676882  4.048453  7.2894485E-01  2.7094589E-01  1.8772081E-07  1.9959653E-08  3.2046231E-06  4.5819129E-06  1.5736486E-07  4.3790551E-10  9.2048308E-07  2.3543589E-08  0.000E+00  0.0381  4.048453  -30.000  4.629494  8.067103  0.0000000E+00  9.9821002E-01  1.7799305E-03  2.1381930E-17  7.3506158E-06  9.0192576E-07  1.2533785E-10  2.1997807E-08  9.2048405E-07  2.3623974E-08  0.000E+00  1.603E-05  9.105E-03  9.786E-01  1.061E+00  2.58E+02  0.00E+00  6.54E+01  0.372185  0.004210  0.0000000E+00  8.3822971524E-03
180  2.365693316920694E+08    3.000000  2.678299  4.048345  7.2894448E-01  2.7094630E-01  1.8771769E-07  1.9959450E-08  3.2046489E-06  4.5818874E-06  1.5736514E-07  4.3789948E-10  9.2048308E-07  2.3543589E-08  0.000E+00  0.0389  4.048345  -30.000  4.619807  8.068076  0.0000000E+00  9.9807864E-01  1.9112477E-03  2.8129853E-15  7.3485756E-06  9.7078190E-07  1.2525602E-10  2.4411089E-08  9.2048410E-07  2.3638663E-08  0.000E+00  1.598E-05  8.949E-03  9.786E-01  1.061E+00  2.58E+02  0.00E+00  6.53E+01  0.372223  0.004224  0.0000000E+00  8.3822971524E-03
181  2.365745815249426E+08    3.000000  2.679882  4.048326  7.2894427E-01  2.7094650E-01  1.8771623E-07  1.9959355E-08  3.2046611E-06  4.5818755E-06  1.5736527E-07  4.3789667E-10  9.2048308E-07  2.3543589E-08  0.000E+00  0.0432  4.048326  -30.000  4.610278  8.068743  0.0000000E+00  9.9796264E-01  2.0272322E-03  3.7307713E-16  7.3466574E-06  1.0376451E-06  1.2516182E-10  2.6669151E-08  9.2048414E-07  2.3653927E-08  0.000E+00  1.593E-05  8.798E-03  9.786E-01  1.061E+00  2.57E+02  0.00E+00  6.52E+01  0.372140  0.004239  0.0000000E+00  8.3822971524E-03
182  2.365798313578159E+08    3.000000  2.681599  4.048419  7.2894420E-01  2.7094660E-01  1.8771543E-07  1.9959303E-08  3.2046677E-06  4.5818690E-06  1.5736534E-07  4.3789512E-10  9.2048308E-07  2.3543589E-08  0.000E+00  0.0448  4.048419  -30.000  4.601005  8.069181  0.0000000E+00  9.9776749E-01  2.2222470E-03  3.9576323E-14  7.3440006E-06  1.1502942E-06  1.2507879E-10  3.0033065E-08  9.2048422E-07  2.3676165E-08  0.000E+00  1.590E-05  8.677E-03  9.786E-01  1.061E+00  2.57E+02  0.00E+00  6.52E+01  0.372187  0.004256  0.0000000E+00  8.3822971524E-03
183  2.365850811906891E+08    3.000000  2.683422  4.048619  7.2894410E-01  2.7094670E-01  1.8771498E-07  1.9959273E-08  3.2046715E-06  4.5818653E-06  1.5736538E-07  4.3789424E-10  9.2048308E-07  2.3543589E-08  0.000E+00  0.0470  4.048619  -30.000  4.591849  8.069502  0.0000000E+00  9.9769603E-01  2.2936344E-03  9.0951505E-16  7.3424718E-06  1.2106198E-06  1.2495482E-10  3.1756210E-08  9.2048424E-07  2.3692261E-08  0.000E+00  1.587E-05  8.526E-03  9.786E-01  1.061E+00  2.57E+02  0.00E+00  6.52E+01  0.372181  0.004274  0.0000000E+00  8.3822971524E-03
184  2.365903310235623E+08    3.000000  2.685321  4.048907  7.2894410E-01  2.7094670E-01  1.8771467E-07  1.9959253E-08  3.2046741E-06  4.5818627E-06  1.5736541E-07  4.3789363E-10  9.2048308E-07  2.3543589E-08  0.000E+00  0.0499  4.048907  -30.000  4.583242  8.069599  0.0000000E+00  9.9758182E-01  2.4077408E-03  1.9613922E-12  7.3405746E-06  1.2961835E-06  1.2484068E-10  3.4052998E-08  9.2048428E-07  2.3712079E-08  0.000E+00  1.585E-05  8.398E-03  9.786E-01  1.061E+00  2.57E+02  0.00E+00  6.52E+01  0.372291  0.004293  0.0000000E+00  8.3822971524E-03
185  2.365955808564355E+08    3.000000  2.687254  4.049312  7.2894400E-01  2.7094670E-01  1.8771446E-07  1.9959239E-08  3.2046758E-06  4.5818610E-06  1.5736543E-07  4.3789323E-10  9.2048308E-07  2.3543589E-08  0.000E+00  0.0454  4.049312  -30.000  4.574762  8.069704  0.0000000E+00  9.9741938E-01  2.5700584E-03  2.1144034E-17  7.3381177E-06  1.4139054E-06  1.2474428E-10  3.7131539E-08  9.2048435E-07  2.3737971E-08  0.000E+00  1.585E-05  8.286E-03  9.785E-01  1.061E+00  2.57E+02  0.00E+00  6.52E+01  0.372476  0.004311  0.0000000E+00  8.3822971524E-03
186  2.366008306893088E+08    3.000000  2.689167  4.049809  7.2894400E-01  2.7094670E-01  1.8771431E-07  1.9959230E-08  3.2046770E-06  4.5818598E-06  1.5736544E-07  4.3789295E-10  9.2048308E-07  2.3543589E-08  0.000E+00  0.0534  4.049809  -30.000  4.566848  8.069645  0.0000000E+00  9.9739336E-01  2.5960386E-03  2.8855285E-12  7.3371831E-06  1.4601217E-06  1.2458110E-10  3.8112750E-08  9.2048436E-07  2.3751807E-08  0.000E+00  1.586E-05  8.155E-03  9.785E-01  1.061E+00  2.57E+02  0.00E+00  6.52E+01  0.372725  0.004330  0.0000000E+00  8.3822971524E-03
187  2.366060805221820E+08    3.000000  2.691016  4.050393  7.2894400E-01  2.7094680E-01  1.8771420E-07  1.9959222E-08  3.2046780E-06  4.5818589E-06  1.5736545E-07  4.3789273E-10  9.2048308E-07  2.3543589E-08  0.000E+00  0.0540  4.050393  -30.000  4.559354  8.069519  0.0000000E+00  9.9729134E-01  2.6979948E-03  4.1959534E-12  7.3354405E-06  1.5512531E-06  1.2446208E-10  4.0243895E-08  9.2048441E-07  2.3773236E-08  0.000E+00  1.589E-05  8.050E-03  9.785E-01  1.061E+00  2.57E+02  0.00E+00  6.53E+01  0.372975  0.004349  0.0000000E+00  8.3822971524E-03
188  2.366113303550552E+08    3.000000  2.692763  4.051076  7.2894400E-01  2.7094680E-01  1.8771412E-07  1.9959217E-08  3.2046786E-06  4.5818583E-06  1.5736546E-07  4.3789258E-10  9.2048308E-07  2.3543589E-08  0.000E+00  0.0549  4.051076  -30.000  4.552373  8.069313  0.0000000E+00  9.9719328E-01  2.7959482E-03  1.7420326E-11  7.3337722E-06  1.6438778E-06  1.2435091E-10  4.2294566E-08  9.2048445E-07  2.3794867E-08  0.000E+00  1.593E-05  7.952E-03  9.784E-01  1.061E+00  2.57E+02  0.00E+00  6.54E+01  0.373358  0.004367  0.0000000E+00  8.3822971524E-03
189  2.366165801879285E+08    3.000000  2.694378  4.051823  7.2894400E-01  2.7094680E-01  1.8771404E-07  1.9959212E-08  3.2046793E-06  4.5818576E-06  1.5736547E-07  4.3789242E-10  9.2048308E-07  2.3543589E-08  0.000E+00  0.0560  4.051823  -30.000  4.545760  8.069085  0.0000000E+00  9.9710113E-01  2.8879977E-03  1.9966663E-11  7.3321851E-06  1.7369840E-06  1.2424162E-10  4.4246151E-08  9.2048450E-07  2.3816594E-08  0.000E+00  1.597E-05  7.863E-03  9.784E-01  1.061E+00  2.57E+02  0.00E+00  6.55E+01  0.373300  0.004383  0.0000000E+00  8.3822971524E-03
190  2.366218300208017E+08    3.000000  2.695844  4.052594  7.2894400E-01  2.7094680E-01  1.8771398E-07  1.9959208E-08  3.2046799E-06  4.5818571E-06  1.5736547E-07  4.3789230E-10  9.2048308E-07  2.3543589E-08  0.000E+00  0.0528  4.052594  -30.000  4.539540  8.068832  0.0000000E+00  9.9696840E-01  3.0206467E-03  1.1763469E-15  7.3301351E-06  1.8598341E-06  1.2417523E-10  4.6848907E-08  9.2048456E-07  2.3843787E-08  0.000E+00  1.603E-05  7.792E-03  9.784E-01  1.061E+00  2.58E+02  0.00E+00  6.56E+01  0.373810  0.004398  0.0000000E+00  8.3822971524E-03
191  2.366374106882314E+08    3.000000  2.699273  4.055259  7.2894400E-01  2.7094680E-01  1.8771384E-07  1.9959199E-08  3.2046810E-06  4.5818559E-06  1.5736549E-07  4.3789203E-10  9.2048308E-07  2.3543589E-08  0.000E+00  0.0551  4.055259  -30.000  4.523521  8.067874  0.0000000E+00  9.9669843E-01  3.2902254E-03  3.7477527E-12  7.3256301E-06  2.1666314E-06  1.2393524E-10  5.2474214E-08  9.2048470E-07  2.3912904E-08  0.000E+00  1.631E-05  7.592E-03  9.782E-01  1.040E+00  2.59E+02  0.00E+00  6.62E+01  0.375645  0.004432  0.0000000E+00  8.3822971524E-03
192  2.366514830045319E+08    3.000000  2.701227  4.057817  7.2894390E-01  2.7094680E-01  1.8771375E-07  1.9959193E-08  3.2046818E-06  4.5818552E-06  1.5736549E-07  4.3789185E-10  9.2048308E-07  2.3543589E-08  0.000E+00  0.0536  4.057817  -30.000  4.511499  8.066954  0.0000000E+00  9.9642847E-01  3.5599185E-03  2.3288990E-21  7.3213139E-06  2.4938302E-06  1.2378578E-10  5.7943190E-08  9.2048484E-07  2.3983948E-08  0.000E+00  1.664E-05  7.456E-03  9.779E-01  1.040E+00  2.60E+02  0.00E+00  6.68E+01  0.377419  0.004452  0.0000000E+00  8.3822971524E-03
193  2.366714364362724E+08    3.000000  2.702533  4.061465  7.2894390E-01  2.7094680E-01  1.8771366E-07  1.9959187E-08  3.2046825E-06  4.5818545E-06  1.5736550E-07  4.3789168E-10  9.2048308E-07  2.3543589E-08  0.000E+00  0.0561  4.061465  -30.000  4.497681  8.065605  0.0000000E+00  9.9615851E-01  3.8294727E-03  6.3876382E-13  7.3168275E-06  2.8954486E-06  1.2358247E-10  6.3584052E-08  9.2048500E-07  2.4069316E-08  0.000E+00  1.714E-05  7.296E-03  9.776E-01  1.041E+00  2.62E+02  0.00E+00  6.78E+01  0.379899  0.004466  0.0000000E+00  8.3822971524E-03
194  2.366904755209382E+08    3.000000  2.702712  4.064798  7.2894390E-01  2.7094680E-01  1.8771360E-07  1.9959184E-08  3.2046829E-06  4.5818540E-06  1.5736551E-07  4.3789158E-10  9.2048308E-07  2.3543589E-08  0.000E+00  0.0545  4.064798  -30.000  4.487188  8.064366  0.0000000E+00  9.9588854E-01  4.0989494E-03  1.0855653E-15  7.3124671E-06  3.3274674E-06  1.2343333E-10  6.9108272E-08  9.2048516E-07  2.4157708E-08  0.000E+00  1.765E-05  7.183E-03  9.773E-01  1.041E+00  2.64E+02  0.00E+00  6.88E+01  0.382227  0.004468  0.0000000E+00  8.3822971524E-03
195  2.367106264137225E+08    3.000000  2.702283  4.068236  7.2894390E-01  2.7094680E-01  1.8771357E-07  1.9959181E-08  3.2046832E-06  4.5818538E-06  1.5736551E-07  4.3789152E-10  9.2048308E-07  2.3543589E-08  0.000E+00  0.0521  4.068236  -30.000  4.478377  8.063119  0.0000000E+00  9.9561857E-01  4.3685133E-03  9.9918172E-23  7.3081245E-06  3.8126154E-06  1.2329056E-10  7.4613021E-08  9.2048533E-07  2.4253656E-08  0.000E+00  1.820E-05  7.089E-03  9.770E-01  1.042E+00  2.66E+02  0.00E+00  6.98E+01  0.384654  0.004464  0.0000000E+00  8.3822971524E-03
196  2.367328045416390E+08    3.000000  2.701483  4.071500  7.2894390E-01  2.7094680E-01  1.8771356E-07  1.9959181E-08  3.2046833E-06  4.5818537E-06  1.5736551E-07  4.3789150E-10  9.2048308E-07  2.3543589E-08  0.000E+00  0.0500  4.071500  -30.000  4.470770  8.061822  0.0000000E+00  9.9534861E-01  4.6379110E-03  0.0000000E+00  7.3037864E-06  4.3622506E-06  1.2314131E-10  8.0104868E-08  9.2048550E-07  2.4358525E-08  0.000E+00  1.877E-05  7.009E-03  9.767E-01  1.042E+00  2.68E+02  0.00E+00  7.09E+01  0.387092  0.004455  0.0000000E+00  8.3822971524E-03
197  2.367570445262868E+08    3.000000  2.700484  4.074680  7.2894390E-01  2.7094680E-01  1.8771355E-07  1.9959180E-08  3.2046834E-06  4.5818536E-06  1.5736551E-07  4.3789149E-10  9.2048308E-07  2.3543589E-08  0.000E+00  0.0472  4.074680  -30.000  4.464442  8.060506  0.0000000E+00  9.9507864E-01  4.9072054E-03  0.0000000E+00  7.2994655E-06  4.9819870E-06  1.2298554E-10  8.5567192E-08  9.2048569E-07  2.4472262E-08  0.000E+00  1.934E-05  6.942E-03  9.764E-01  1.043E+00  2.70E+02  0.00E+00  7.19E+01  0.389464  0.004445  0.0000000E+00  8.3822971524E-03
198  2.367832187993009E+08    3.000000  2.699452  4.077920  7.2894390E-01  2.7094680E-01  1.8771355E-07  1.9959180E-08  3.2046834E-06  4.5818536E-06  1.5736551E-07  4.3789148E-10  9.2048308E-07  2.3543589E-08  0.000E+00  0.0443  4.077920  -30.000  4.459490  8.059214  0.0000000E+00  9.9480868E-01  5.1765104E-03  0.0000000E+00  7.2951730E-06  5.6776901E-06  1.2282331E-10  9.0985792E-08  9.2048588E-07  2.4594849E-08  0.000E+00  1.996E-05  6.889E-03  9.761E-01  1.043E+00  2.72E+02  0.00E+00  7.30E+01  0.392217  0.004434  0.0000000E+00  8.3822971524E-03
199  2.368111376265375E+08    3.000000  2.698433  4.080675  7.2894371E-01  2.7094709E-01  1.8771195E-07  1.9959076E-08  3.2046967E-06  4.5818405E-06  1.5736565E-07  4.3788838E-10  9.2048308E-07  2.3543589E-08  0.000E+00  0.0413  4.080675  -30.000  4.455867  8.057975  0.0000000E+00  9.9453872E-01  5.4457067E-03  0.0000000E+00  7.2909207E-06  6.4517310E-06  1.2265514E-10  9.6345934E-08  9.2048608E-07  2.4725873E-08  0.000E+00  2.050E-05  6.851E-03  9.758E-01  1.044E+00  2.74E+02  0.00E+00  7.40E+01  0.394395  0.004424  0.0000000E+00  8.3822971524E-03
200  2.368405787242666E+08    3.000000  2.697454  4.083400  7.2894290E-01  2.7094783E-01  1.8770601E-07  1.9958688E-08  3.2047461E-06  4.5817920E-06  1.5736618E-07  4.3787689E-10  9.2048308E-07  2.3543589E-08  0.000E+00  0.0391  4.083400  -30.000  4.453521  8.056813  0.0000000E+00  9.9426875E-01  5.7147748E-03  0.0000000E+00  7.2867159E-06  7.3058970E-06  1.2248157E-10  1.0163826E-07  9.2048628E-07  2.4864985E-08  0.000E+00  2.103E-05  6.825E-03  9.756E-01  1.045E+00  2.76E+02  0.00E+00  7.49E+01  0.396199  0.004414  0.0000000E+00  8.3822971524E-03
201  2.368711481322329E+08    3.000000  2.696524  4.085605  7.2894250E-01  2.7094820E-01  1.8770314E-07  1.9958502E-08  3.2047699E-06  4.5817686E-06  1.5736643E-07  4.3787136E-10  9.2048308E-07  2.3543589E-08  0.000E+00  0.0365  4.085605  -30.000  4.452325  8.055787  0.0000000E+00  9.9399878E-01  5.9838575E-03  0.0000000E+00  7.2825608E-06  8.2405031E-06  1.2230327E-10  1.0686030E-07  9.2048649E-07  2.5011862E-08  0.000E+00  2.147E-05  6.810E-03  9.754E-01  1.045E+00  2.78E+02  0.00E+00  7.56E+01  0.397653  0.004404  0.0000000E+00  8.3822971524E-03
202  2.369025101515652E+08    3.000000  2.695697  4.087702  7.2894230E-01  2.7094843E-01  1.8770140E-07  1.9958388E-08  3.2047844E-06  4.5817543E-06  1.5736659E-07  4.3786798E-10  9.2048308E-07  2.3543589E-08  0.000E+00  0.0346  4.087702  -30.000  4.452130  8.054916  0.0000000E+00  9.9372882E-01  6.2527859E-03  0.0000000E+00  7.2784595E-06  9.2543631E-06  1.2212113E-10  1.1200716E-07  9.2048671E-07  2.5166189E-08  0.000E+00  2.191E-05  6.806E-03  9.752E-01  1.045E+00  2.79E+02  0.00E+00  7.63E+01  0.399367  0.004396  0.0000000E+00  8.3822971524E-03
203  2.369348054914342E+08    3.000000  2.694946  4.089488  7.2894200E-01  2.7094871E-01  1.8769930E-07  1.9958251E-08  3.2048018E-06  4.5817372E-06  1.5736677E-07  4.3786393E-10  9.2048308E-07  2.3543589E-08  0.000E+00  0.0335  4.089488  -30.000  4.452712  8.054214  0.0000000E+00  9.9345885E-01  6.5216197E-03  0.0000000E+00  7.2744071E-06  1.0341744E-05  1.2193617E-10  1.1708538E-07  9.2048693E-07  2.5327500E-08  0.000E+00  2.229E-05  6.810E-03  9.750E-01  1.046E+00  2.81E+02  0.00E+00  7.69E+01  0.400695  0.004389  0.0000000E+00  8.3822971524E-03
204  2.369670259201952E+08    3.000000  2.694283  4.090731  7.2894190E-01  2.7094890E-01  1.8769804E-07  1.9958169E-08  3.2048124E-06  4.5817268E-06  1.5736689E-07  4.3786148E-10  9.2048308E-07  2.3543589E-08  0.000E+00  0.0319  4.090731  -30.000  4.453819  8.053711  0.0000000E+00  9.9318889E-01  6.7904490E-03  0.0000000E+00  7.2703969E-06  1.1497291E-05  1.2174931E-10  1.2210381E-07  9.2048715E-07  2.5495606E-08  0.000E+00  2.256E-05  6.820E-03  9.748E-01  1.046E+00  2.82E+02  0.00E+00  7.74E+01  0.401670  0.004382  0.0000000E+00  8.3822971524E-03
205  2.369995919201879E+08    3.000000  2.693692  4.091891  7.2894165E-01  2.7094915E-01  1.8769642E-07  1.9958064E-08  3.2048259E-06  4.5817136E-06  1.5736703E-07  4.3785835E-10  9.2048308E-07  2.3543589E-08  0.000E+00  0.0312  4.091891  -30.000  4.455343  8.053400  0.0000000E+00  9.9291893E-01  7.0591958E-03  0.0000000E+00  7.2664222E-06  1.2712604E-05  1.2156160E-10  1.2707131E-07  9.2048737E-07  2.5670132E-08  0.000E+00  2.281E-05  6.835E-03  9.747E-01  1.046E+00  2.83E+02  0.00E+00  7.78E+01  0.402480  0.004376  0.0000000E+00  8.3822971524E-03
206  2.370318287086619E+08    3.000000  2.693209  4.092745  7.2894135E-01  2.7094943E-01  1.8769400E-07  1.9957906E-08  3.2048459E-06  4.5816939E-06  1.5736725E-07  4.3785369E-10  9.2048308E-07  2.3543589E-08  0.000E+00  0.0305  4.092745  -30.000  4.456972  8.053256  0.0000000E+00  9.9264896E-01  7.3279285E-03  0.0000000E+00  7.2624733E-06  1.3980040E-05  1.2137386E-10  1.3200049E-07  9.2048760E-07  2.5850959E-08  0.000E+00  2.302E-05  6.851E-03  9.746E-01  1.047E+00  2.83E+02  0.00E+00  7.81E+01  0.403232  0.004371  0.0000000E+00  8.3822971524E-03
207  2.370635136147598E+08    3.000000  2.692857  4.093319  7.2894113E-01  2.7094967E-01  1.8769250E-07  1.9957808E-08  3.2048585E-06  4.5816816E-06  1.5736738E-07  4.3785077E-10  9.2048308E-07  2.3543589E-08  0.000E+00  0.0307  4.093319  -30.000  4.458672  8.053272  0.0000000E+00  9.9237899E-01  7.5965368E-03  0.0000000E+00  7.2585433E-06  1.5292139E-05  1.2118693E-10  1.3690039E-07  9.2048782E-07  2.6038040E-08  0.000E+00  2.315E-05  6.868E-03  9.746E-01  1.047E+00  2.84E+02  0.00E+00  7.84E+01  0.403648  0.004367  0.0000000E+00  8.3822971524E-03
208  2.370947610925863E+08    3.000000  2.692581  4.093790  7.2894091E-01  2.7094989E-01  1.8769054E-07  1.9957681E-08  3.2048747E-06  4.5816656E-06  1.5736755E-07  4.3784700E-10  9.2048308E-07  2.3543589E-08  0.000E+00  0.0307  4.093790  -30.000  4.460199  8.053409  0.0000000E+00  9.9210903E-01  7.8652166E-03  0.0000000E+00  7.2546202E-06  1.6642303E-05  1.2100122E-10  1.4178613E-07  9.2048805E-07  2.6231357E-08  0.000E+00  2.326E-05  6.884E-03  9.745E-01  1.047E+00  2.84E+02  0.00E+00  7.85E+01  0.404025  0.004365  0.0000000E+00  8.3822971524E-03
209  2.371252675034061E+08    3.000000  2.692399  4.094095  7.2894049E-01  2.7095021E-01  1.8768802E-07  1.9957516E-08  3.2048957E-06  4.5816450E-06  1.5736777E-07  4.3784212E-10  9.2048308E-07  2.3543589E-08  0.000E+00  0.0309  4.094095  -30.000  4.461531  8.053658  0.0000000E+00  9.9183906E-01  8.1337433E-03  0.0000000E+00  7.2506996E-06  1.8024521E-05  1.2081726E-10  1.4666365E-07  9.2048826E-07  2.6430923E-08  0.000E+00  2.333E-05  6.898E-03  9.745E-01  1.047E+00  2.84E+02  0.00E+00  7.86E+01  0.404276  0.004363  0.0000000E+00  8.3822971524E-03
210  2.371592040017483E+08    3.000000  2.692296  4.094246  7.2894030E-01  2.7095050E-01  1.8768613E-07  1.9957393E-08  3.2049114E-06  4.5816295E-06  1.5736794E-07  4.3783846E-10  9.2048308E-07  2.3543589E-08  0.000E+00  0.0310  4.094246  -30.000  4.462651  8.054045  0.0000000E+00  9.9156910E-01  8.4023495E-03  0.0000000E+00  7.2467689E-06  1.9441271E-05  1.2063573E-10  1.5154768E-07  9.2048848E-07  2.6638420E-08  0.000E+00  2.336E-05  6.909E-03  9.745E-01  1.047E+00  2.84E+02  0.00E+00  7.87E+01  0.404405  0.004362  0.0000000E+00  8.3822971524E-03
211  2.380708002070755E+08    3.000000  2.701758  4.102644  7.2891770E-01  2.7097310E-01  1.8751559E-07  1.9946275E-08  3.2063298E-06  4.5802357E-06  1.5738305E-07  4.3750869E-10  9.2048308E-07  2.3543589E-08  0.000E+00  0.0371  4.102644  -30.000  4.425100  8.060329  0.0000000E+00  9.8272850E-01  1.7178737E-02  0.0000000E+00  7.1027544E-06  8.3592624E-05  1.1514208E-10  3.2719257E-07  9.2049518E-07  3.8269701E-08  0.000E+00  2.474E-05  6.554E-03  9.737E-01  1.049E+00  2.88E+02  0.00E+00  8.10E+01  0.410320  0.004458  0.0000000E+00  8.3822971524E-03
212  2.389315247108378E+08    3.000000  2.709551  4.110200  7.2890400E-01  2.7098679E-01  1.8741282E-07  1.9939576E-08  3.2071845E-06  4.5793957E-06  1.5739215E-07  4.3730997E-10  9.2048308E-07  2.3543589E-08  0.000E+00  0.0394  4.110200  -30.000  4.394288  8.063745  0.0000000E+00  9.7388790E-01  2.5911541E-02  0.0000000E+00  6.9381249E-06  1.9128487E-04  1.0980471E-10  5.1968454E-07  9.2050216E-07  6.1705261E-08  0.000E+00  2.610E-05  6.275E-03  9.729E-01  1.050E+00  2.92E+02  0.00E+00  8.33E+01  0.416085  0.004539  0.0000000E+00  8.3822971524E-03
213  2.397602240686712E+08    3.000000  2.716612  4.115619  7.2890380E-01  2.7098700E-01  1.8741104E-07  1.9939460E-08  3.2071993E-06  4.5793812E-06  1.5739231E-07  4.3730654E-10  9.2048308E-07  2.3543589E-08  0.000E+00  0.0414  4.115619  -30.000  4.368373  8.066597  0.0000000E+00  9.6504730E-01  3.4602558E-02  1.4354028E-22  6.7542226E-06  3.4079422E-04  1.0464357E-10  7.2484704E-07  9.2050967E-07  9.9939179E-08  0.000E+00  2.699E-05  6.051E-03  9.724E-01  1.051E+00  2.95E+02  0.00E+00  8.48E+01  0.419413  0.004613  0.0000000E+00  8.3822971524E-03
214  2.406320586389589E+08    3.000000  2.724226  4.121374  7.2890370E-01  2.7098710E-01  1.8741039E-07  1.9939418E-08  3.2072047E-06  4.5793759E-06  1.5739237E-07  4.3730528E-10  9.2048308E-07  2.3543589E-08  0.000E+00  0.0437  4.121374  -30.000  4.342402  8.069569  0.0000000E+00  9.5620671E-01  4.3244941E-02  1.1958353E-19  6.5477728E-06  5.3901817E-04  9.9668294E-11  9.4154857E-07  9.2051810E-07  1.5947088E-07  0.000E+00  2.796E-05  5.834E-03  9.720E-01  1.052E+00  2.97E+02  0.00E+00  8.63E+01  0.422910  0.004695  0.0000000E+00  8.3822971525E-03
215  2.415758020962582E+08    3.000000  2.732042  4.126600  7.2890370E-01  2.7098710E-01  1.8741015E-07  1.9939403E-08  3.2072067E-06  4.5793739E-06  1.5739239E-07  4.3730482E-10  9.2048308E-07  2.3543589E-08  0.000E+00  0.0457  4.126600  -30.000  4.315617  8.072516  0.0000000E+00  9.4736611E-01  5.1834598E-02  1.2261733E-18  6.3124805E-06  7.8985589E-04  9.4821029E-11  1.1711355E-06  9.2052805E-07  2.4850157E-07  0.000E+00  2.882E-05  5.611E-03  9.715E-01  1.053E+00  3.00E+02  0.00E+00  8.76E+01  0.426017  0.004780  0.0000000E+00  8.3822971525E-03
216  2.424642521696543E+08    3.000000  2.739156  4.130212  7.2890370E-01  2.7098710E-01  1.8741010E-07  1.9939399E-08  3.2072071E-06  4.5793735E-06  1.5739239E-07  4.3730472E-10  9.2048308E-07  2.3543589E-08  0.000E+00  0.0474  4.130212  -30.000  4.293151  8.075058  0.0000000E+00  9.3852551E-01  6.0386264E-02  1.1300282E-17  6.0584542E-06  1.0786388E-03  9.0092328E-11  1.4018571E-06  9.2053965E-07  3.6555428E-07  0.000E+00  2.935E-05  5.425E-03  9.712E-01  1.054E+00  3.01E+02  0.00E+00  8.85E+01  0.428209  0.004859  0.0000000E+00  8.3822971525E-03
217  2.433299832747178E+08    3.000000  2.746126  4.133326  7.2890370E-01  2.7098710E-01  1.8741004E-07  1.9939395E-08  3.2072076E-06  4.5793730E-06  1.5739240E-07  4.3730461E-10  9.2048308E-07  2.3543589E-08  0.000E+00  0.0495  4.133326  -30.000  4.272105  8.077456  0.0000000E+00  9.2968491E-01  6.8897381E-02  1.9678216E-17  5.7861995E-06  1.4080359E-03  8.5510080E-11  1.6287048E-06  9.2055333E-07  5.1596157E-07  0.000E+00  2.973E-05  5.253E-03  9.710E-01  1.054E+00  3.02E+02  0.00E+00  8.91E+01  0.429642  0.004938  0.0000000E+00  8.3822971525E-03
218  2.441302550951585E+08    3.000000  2.752636  4.135952  7.2890370E-01  2.7098710E-01  1.8741001E-07  1.9939393E-08  3.2072079E-06  4.5793727E-06  1.5739240E-07  4.3730455E-10  9.2048308E-07  2.3543589E-08  0.000E+00  0.0511  4.135952  -30.000  4.253676  8.079603  0.0000000E+00  9.2084431E-01  7.7376520E-02  4.4274687E-17  5.5026195E-06  1.7694093E-03  8.1098620E-11  1.8449382E-06  9.2056915E-07  6.9715144E-07  0.000E+00  3.005E-05  5.107E-03  9.708E-01  1.054E+00  3.03E+02  0.00E+00  8.96E+01  0.431111  0.005012  0.0000000E+00  8.3822971525E-03
219  2.448302150456348E+08    3.000000  2.758040  4.138390  7.2890370E-01  2.7098710E-01  1.8741000E-07  1.9939392E-08  3.2072080E-06  4.5793726E-06  1.5739240E-07  4.3730452E-10  9.2048308E-07  2.3543589E-08  0.000E+00  0.0520  4.138390  -30.000  4.238466  8.081495  0.0000000E+00  9.1200371E-01  8.5832096E-02  1.4739941E-17  5.2149705E-06  2.1542972E-03  7.6871799E-11  2.0459418E-06  9.2058694E-07  9.0338998E-07  0.000E+00  3.037E-05  4.990E-03  9.706E-01  1.055E+00  3.04E+02  0.00E+00  9.02E+01  0.432437  0.005075  0.0000000E+00  8.3822971525E-03
220  2.455290553211067E+08    3.000000  2.763700  4.140359  7.2890370E-01  2.7098710E-01  1.8740998E-07  1.9939391E-08  3.2072081E-06  4.5793725E-06  1.5739240E-07  4.3730449E-10  9.2048308E-07  2.3543589E-08  0.000E+00  0.0530  4.140359  -30.000  4.223204  8.083391  0.0000000E+00  9.0316311E-01  9.4244031E-02  1.6624769E-17  4.9184486E-06  2.5827975E-03  7.2829207E-11  2.2260118E-06  9.2060787E-07  1.1491468E-06  0.000E+00  3.055E-05  4.875E-03  9.705E-01  1.055E+00  3.04E+02  0.00E+00  9.05E+01  0.433250  0.005141  0.0000000E+00  8.3822971525E-03
221  2.460475894025706E+08    3.000000  2.767633  4.141365  7.2890370E-01  2.7098710E-01  1.8740997E-07  1.9939390E-08  3.2072082E-06  4.5793724E-06  1.5739240E-07  4.3730447E-10  9.2048308E-07  2.3543589E-08  0.000E+00  0.0491  4.141365  -30.000  4.213896  8.084711  0.0000000E+00  8.9432252E-01  1.0265694E-01  2.0375746E-25  4.6302945E-06  3.0104358E-03  6.8942650E-11  2.3918130E-06  9.2062977E-07  1.3992704E-06  0.000E+00  3.058E-05  4.808E-03  9.704E-01  1.055E+00  3.04E+02  0.00E+00  9.05E+01  0.433544  0.005188  0.0000000E+00  8.3822971525E-03
222  2.464845085384099E+08    3.000000  2.771024  4.142111  7.2890370E-01  2.7098710E-01  1.8740996E-07  1.9939390E-08  3.2072083E-06  4.5793724E-06  1.5739240E-07  4.3730446E-10  9.2048308E-07  2.3543589E-08  0.000E+00  0.0500  4.142111  -30.000  4.206219  8.085907  0.0000000E+00  8.8548192E-01  1.1105072E-01  1.0695650E-22  4.3495671E-06  3.4570866E-03  6.5226207E-11  2.5355103E-06  9.2065351E-07  1.6647725E-06  0.000E+00  3.058E-05  4.755E-03  9.704E-01  1.055E+00  3.04E+02  0.00E+00  9.06E+01  0.433832  0.005229  0.0000000E+00  8.3822971525E-03
223  2.469900770845489E+08    3.000000  2.775026  4.142778  7.2890370E-01  2.7098710E-01  1.8740996E-07  1.9939390E-08  3.2072083E-06  4.5793723E-06  1.5739241E-07  4.3730444E-10  9.2048308E-07  2.3543589E-08  0.000E+00  0.0508  4.142778  -30.000  4.197355  8.087251  0.0000000E+00  8.7664132E-01  1.1938524E-01  1.5859457E-21  4.0669852E-06  3.9630083E-03  6.1714663E-11  2.6443568E-06  9.2068193E-07  1.9757515E-06  0.000E+00  3.050E-05  4.693E-03  9.704E-01  1.055E+00  3.04E+02  0.00E+00  9.05E+01  0.433699  0.005277  0.0000000E+00  8.3822971525E-03
224  2.474795563196647E+08    3.000000  2.778999  4.143629  7.2890370E-01  2.7098710E-01  1.8740995E-07  1.9939389E-08  3.2072084E-06  4.5793722E-06  1.5739241E-07  4.3730443E-10  9.2048308E-07  2.3543589E-08  0.000E+00  0.0515  4.143629  -30.000  4.188638  8.088620  0.0000000E+00  8.6780072E-01  1.2768287E-01  2.3568299E-22  3.7872471E-06  4.5058311E-03  5.8362777E-11  2.7271754E-06  9.2071425E-07  2.3140713E-06  0.000E+00  3.048E-05  4.633E-03  9.704E-01  1.055E+00  3.04E+02  0.00E+00  9.05E+01  0.433804  0.005326  0.0000000E+00  8.3822971525E-03
225  2.480183384523722E+08    3.000000  2.783193  4.144680  7.2890370E-01  2.7098710E-01  1.8740994E-07  1.9939389E-08  3.2072084E-06  4.5793722E-06  1.5739241E-07  4.3730441E-10  9.2048308E-07  2.3543589E-08  0.000E+00  0.0518  4.144680  -30.000  4.178826  8.090077  0.0000000E+00  8.5896012E-01  1.3591905E-01  3.6548506E-22  3.5086005E-06  5.1101136E-03  5.5215838E-11  2.7725938E-06  9.2075293E-07  2.6963604E-06  0.000E+00  3.050E-05  4.565E-03  9.703E-01  1.055E+00  3.04E+02  0.00E+00  9.05E+01  0.434162  0.005377  0.0000000E+00  8.3822971525E-03
226  2.484759333200216E+08    3.000000  2.786782  4.144980  7.2890370E-01  2.7098710E-01  1.8740994E-07  1.9939388E-08  3.2072085E-06  4.5793721E-06  1.5739241E-07  4.3730440E-10  9.2048308E-07  2.3543589E-08  0.000E+00  0.0529  4.144980  -30.000  4.171144  8.091296  0.0000000E+00  8.5011952E-01  1.4414540E-01  1.5034480E-22  3.2394298E-06  5.7241830E-03  5.2154746E-11  2.8045059E-06  9.2079419E-07  3.0802939E-06  0.000E+00  3.034E-05  4.513E-03  9.704E-01  1.055E+00  3.03E+02  0.00E+00  9.03E+01  0.433649  0.005422  0.0000000E+00  8.3822971525E-03
227  2.490035499602993E+08    3.000000  2.791184  4.145918  7.2890370E-01  2.7098710E-01  1.8740993E-07  1.9939388E-08  3.2072085E-06  4.5793721E-06  1.5739241E-07  4.3730440E-10  9.2048308E-07  2.3543589E-08  0.000E+00  0.0546  4.145918  -30.000  4.161637  8.092749  0.0000000E+00  8.4127892E-01  1.5229276E-01  7.9288379E-22  2.9770599E-06  6.4173143E-03  4.9341577E-11  2.7881999E-06  9.2084470E-07  3.5124398E-06  0.000E+00  3.032E-05  4.448E-03  9.704E-01  1.055E+00  3.03E+02  0.00E+00  9.03E+01  0.433896  0.005477  0.0000000E+00  8.3822971525E-03
228  2.495194047175574E+08    3.000000  2.795359  4.147081  7.2890370E-01  2.7098710E-01  1.8740993E-07  1.9939388E-08  3.2072086E-06  4.5793721E-06  1.5739241E-07  4.3730439E-10  9.2048308E-07  2.3543589E-08  0.000E+00  0.0551  4.147081  -30.000  4.151979  8.094193  0.0000000E+00  8.3243833E-01  1.6040334E-01  2.9012871E-22  2.7218152E-06  7.1471814E-03  4.6651747E-11  2.7508640E-06  9.2090167E-07  3.9590911E-06  0.000E+00  3.036E-05  4.384E-03  9.704E-01  1.055E+00  3.03E+02  0.00E+00  9.04E+01  0.434080  0.005530  0.0000000E+00  8.3822971525E-03
229  2.499529621296628E+08    3.000000  2.798914  4.148013  7.2890370E-01  2.7098710E-01  1.8740992E-07  1.9939387E-08  3.2072086E-06  4.5793720E-06  1.5739241E-07  4.3730438E-10  9.2048308E-07  2.3543589E-08  0.000E+00  0.0558  4.148013  -30.000  4.144177  8.095468  0.0000000E+00  8.2359773E-01  1.6851604E-01  4.9560865E-23  2.4769275E-06  7.8748864E-03  4.3995216E-11  2.7110009E-06  9.2096096E-07  4.3925847E-06  0.000E+00  3.038E-05  4.334E-03  9.703E-01  1.055E+00  3.03E+02  0.00E+00  9.04E+01  0.434197  0.005576  0.0000000E+00  8.3822971525E-03
230  2.504010449990487E+08    3.000000  2.802414  4.148580  7.2890360E-01  2.7098720E-01  1.8740939E-07  1.9939353E-08  3.2072130E-06  4.5793677E-06  1.5739246E-07  4.3730336E-10  9.2048308E-07  2.3543589E-08  0.000E+00  0.0564  4.148580  -30.000  4.136873  8.096732  0.0000000E+00  8.1475713E-01  1.7657492E-01  3.6138034E-23  2.2449055E-06  8.6564824E-03  4.1510367E-11  2.6397631E-06  9.2102889E-07  4.8441973E-06  0.000E+00  3.032E-05  4.286E-03  9.703E-01  1.055E+00  3.03E+02  0.00E+00  9.04E+01  0.434286  0.005621  0.0000000E+00  8.3822971525E-03
231  2.508688196667613E+08    3.000000  2.806037  4.148872  7.2890350E-01  2.7098730E-01  1.8740891E-07  1.9939322E-08  3.2072170E-06  4.5793638E-06  1.5739250E-07  4.3730243E-10  9.2048308E-07  2.3543589E-08  0.000E+00  0.0568  4.148872  -30.000  4.129229  8.098011  0.0000000E+00  8.0591653E-01  1.8457519E-01  4.4041945E-23  2.0271397E-06  9.4966379E-03  3.9201376E-11  2.5391183E-06  9.2110715E-07  5.3093366E-06  0.000E+00  3.019E-05  4.237E-03  9.703E-01  1.055E+00  3.03E+02  0.00E+00  9.03E+01  0.434274  0.005668  0.0000000E+00  8.3822971525E-03
232  2.512970839504066E+08    3.000000  2.809411  4.148881  7.2890350E-01  2.7098730E-01  1.8740889E-07  1.9939320E-08  3.2072171E-06  4.5793636E-06  1.5739250E-07  4.3730239E-10  9.2048308E-07  2.3543589E-08  0.000E+00  0.0576  4.148881  -30.000  4.122805  8.099185  0.0000000E+00  7.9707593E-01  1.9256002E-01  2.6210956E-24  1.8207599E-06  1.0352303E-02  3.6947538E-11  2.4355987E-06  9.2119079E-07  5.7601091E-06  0.000E+00  2.998E-05  4.197E-03  9.704E-01  1.055E+00  3.02E+02  0.00E+00  8.99E+01  0.433658  0.005712  0.0000000E+00  8.3822971525E-03
233  2.517363816283537E+08    3.000000  2.813111  4.149334  7.2889620E-01  2.7099460E-01  1.8735389E-07  1.9935735E-08  3.2076746E-06  4.5789141E-06  1.5739737E-07  4.3719604E-10  9.2048308E-07  2.3543589E-08  0.000E+00  0.0583  4.149334  -30.000  4.116070  8.100428  0.0000000E+00  7.8823533E-01  2.0048949E-01  2.7103670E-24  1.6307799E-06  1.1263274E-02  3.4853883E-11  2.3100238E-06  9.2128568E-07  6.2120583E-06  0.000E+00  2.995E-05  4.154E-03  9.703E-01  1.055E+00  3.02E+02  0.00E+00  9.01E+01  0.434655  0.005761  0.0000000E+00  8.3822971525E-03
234  2.521171572169253E+08    3.000000  2.816179  4.150253  7.2889620E-01  2.7099460E-01  1.8735384E-07  1.9935731E-08  3.2076751E-06  4.5789136E-06  1.5739738E-07  4.3719593E-10  9.2048308E-07  2.3543589E-08  0.000E+00  0.0589  4.150253  -30.000  4.110038  8.101583  0.0000000E+00  7.7939473E-01  2.0841994E-01  9.7351260E-25  1.4506898E-06  1.2173328E-02  3.2775301E-11  2.1905643E-06  9.2138390E-07  6.6410101E-06  0.000E+00  3.000E-05  4.118E-03  9.702E-01  1.055E+00  3.02E+02  0.00E+00  9.02E+01  0.434951  0.005802  0.0000000E+00  8.3822971525E-03
235  2.525196421879643E+08    3.000000  2.819327  4.151285  7.2889620E-01  2.7099460E-01  1.8735383E-07  1.9935731E-08  3.2076751E-06  4.5789135E-06  1.5739738E-07  4.3719591E-10  9.2048308E-07  2.3543589E-08  0.000E+00  0.0595  4.151285  -30.000  4.103466  8.102808  0.0000000E+00  7.7055414E-01  2.1628466E-01  7.8233954E-25  1.2893513E-06  1.3149096E-02  3.0877411E-11  2.0491724E-06  9.2149637E-07  7.0672881E-06  0.000E+00  3.008E-05  4.078E-03  9.702E-01  1.056E+00  3.02E+02  0.00E+00  9.03E+01  0.435358  0.005844  0.0000000E+00  8.3822971525E-03
236  2.528989632979746E+08    3.000000  2.822159  4.151913  7.2889620E-01  2.7099460E-01  1.8735370E-07  1.9935722E-08  3.2076762E-06  4.5789125E-06  1.5739739E-07  4.3719565E-10  9.2048308E-07  2.3543589E-08  0.000E+00  0.0601  4.151913  -30.000  4.097625  8.103949  0.0000000E+00  7.6171354E-01  2.2412363E-01  4.7342280E-25  1.1403369E-06  1.4150548E-02  2.9048698E-11  1.9076850E-06  9.2161722E-07  7.4743216E-06  0.000E+00  3.008E-05  4.043E-03  9.701E-01  1.056E+00  3.02E+02  0.00E+00  9.03E+01  0.435585  0.005882  0.0000000E+00  8.3822971525E-03
237  2.533237170666865E+08    3.000000  2.825599  4.152463  7.2889190E-01  2.7099890E-01  1.8732137E-07  1.9933615E-08  3.2079451E-06  4.5786482E-06  1.5740025E-07  4.3713315E-10  9.2048308E-07  2.3543589E-08  0.000E+00  0.0607  4.152463  -30.000  4.091210  8.105139  0.0000000E+00  7.5287294E-01  2.3186880E-01  6.4844078E-25  1.0145840E-06  1.5245936E-02  2.7451152E-11  1.7454501E-06  9.2175963E-07  7.8701368E-06  0.000E+00  3.009E-05  4.004E-03  9.700E-01  1.056E+00  3.02E+02  0.00E+00  9.05E+01  0.436535  0.005929  0.0000000E+00  8.3822971525E-03
238  2.536668752143755E+08    3.000000  2.828266  4.153079  7.2889190E-01  2.7099890E-01  1.8732110E-07  1.9933597E-08  3.2079473E-06  4.5786461E-06  1.5740027E-07  4.3713263E-10  9.2048308E-07  2.3543589E-08  0.000E+00  0.0616  4.153079  -30.000  4.086098  8.106250  0.0000000E+00  7.4403234E-01  2.3965538E-01  8.3344951E-26  8.8567377E-07  1.6299813E-02  2.5741931E-11  1.6142811E-06  9.2189932E-07  8.2329723E-06  0.000E+00  3.010E-05  3.975E-03  9.700E-01  1.056E+00  3.02E+02  0.00E+00  9.05E+01  0.436812  0.005965  0.0000000E+00  8.3822971525E-03
239  2.540162967140340E+08    3.000000  2.830862  4.153570  7.2889190E-01  2.7099890E-01  1.8732108E-07  1.9933596E-08  3.2079475E-06  4.5786459E-06  1.5740028E-07  4.3713259E-10  9.2048308E-07  2.3543589E-08  0.000E+00  0.0622  4.153570  -30.000  4.080793  8.107355  0.0000000E+00  7.3519174E-01  2.4738670E-01  0.0000000E+00  7.7445289E-07  1.7409037E-02  2.4171831E-11  1.4752690E-06  9.2205446E-07  8.5775894E-06  0.000E+00  3.006E-05  3.944E-03  9.700E-01  1.056E+00  3.01E+02  0.00E+00  9.05E+01  0.436773  0.006001  0.0000000E+00  8.3822971525E-03
240  2.543531979705023E+08    3.000000  2.833590  4.153508  7.2888930E-01  2.7100150E-01  1.8730151E-07  1.9932320E-08  3.2081103E-06  4.5784859E-06  1.5740201E-07  4.3709474E-10  9.2048308E-07  2.3543589E-08  0.000E+00  0.0625  4.153508  -30.000  4.076198  8.108397  0.0000000E+00  7.2635114E-01  2.5508555E-01  0.0000000E+00  6.7414659E-07  1.8550674E-02  2.2672192E-11  1.3409759E-06  9.2222121E-07  8.8992883E-06  0.000E+00  2.992E-05  3.918E-03  9.699E-01  1.056E+00  3.01E+02  0.00E+00  9.04E+01  0.436929  0.006039  0.0000000E+00  8.3822971525E-03
241  2.547774605703945E+08    3.000000  2.837534  4.153749  7.2888900E-01  2.7100180E-01  1.8729962E-07  1.9932197E-08  3.2081260E-06  4.5784705E-06  1.5740218E-07  4.3709109E-10  9.2048308E-07  2.3543589E-08  0.000E+00  0.0632  4.153749  -30.000  4.069253  8.109685  0.0000000E+00  7.1751054E-01  2.6261552E-01  1.5128319E-25  6.1391514E-07  1.9861252E-02  2.1568709E-11  1.1804898E-06  9.2243190E-07  9.1899871E-06  0.000E+00  2.969E-05  3.878E-03  9.701E-01  1.056E+00  3.00E+02  0.00E+00  9.00E+01  0.435894  0.006094  0.0000000E+00  8.3822971526E-03
242  2.551264892618578E+08    3.000000  2.840532  4.154279  7.2888761E-01  2.7100319E-01  1.8728878E-07  1.9931490E-08  3.2082162E-06  4.5783819E-06  1.5740314E-07  4.3707013E-10  9.2048308E-07  2.3543589E-08  0.000E+00  0.0642  4.154279  -30.000  4.064168  8.110838  0.0000000E+00  7.0866995E-01  2.7020346E-01  0.0000000E+00  5.3682005E-07  2.1113843E-02  2.0285432E-11  1.0621281E-06  9.2263719E-07  9.4557268E-06  0.000E+00  2.967E-05  3.849E-03  9.700E-01  1.056E+00  3.00E+02  0.00E+00  9.00E+01  0.436282  0.006136  0.0000000E+00  8.3822971526E-03
243  2.554358735220123E+08    3.000000  2.843125  4.155031  7.2888410E-01  2.7100680E-01  1.8726211E-07  1.9929751E-08  3.2084381E-06  4.5781638E-06  1.5740550E-07  4.3701856E-10  9.2048308E-07  2.3543589E-08  0.000E+00  0.0648  4.155031  -30.000  4.059468  8.111873  0.0000000E+00  6.9982935E-01  2.7779824E-01  0.0000000E+00  4.5997564E-07  2.2359534E-02  1.8973441E-11  9.5765216E-07  9.2284727E-07  9.7041120E-06  0.000E+00  2.984E-05  3.823E-03  9.697E-01  1.056E+00  3.00E+02  0.00E+00  9.05E+01  0.438329  0.006173  0.0000000E+00  8.3822971526E-03
244  2.557599586221684E+08    3.000000  2.845862  4.156047  7.2888380E-01  2.7100700E-01  1.8726017E-07  1.9929625E-08  3.2084542E-06  4.5781479E-06  1.5740567E-07  4.3701481E-10  9.2048308E-07  2.3543589E-08  0.000E+00  0.0654  4.156047  -30.000  4.054308  8.113025  0.0000000E+00  6.9098875E-01  2.8531937E-01  0.0000000E+00  4.0135185E-07  2.3678991E-02  1.7818628E-11  8.5094419E-07  9.2308285E-07  9.9265827E-06  0.000E+00  2.996E-05  3.795E-03  9.696E-01  1.057E+00  3.01E+02  0.00E+00  9.07E+01  0.438994  0.006212  0.0000000E+00  8.3822971526E-03
245  2.560839075665745E+08    3.000000  2.848522  4.156757  7.2888370E-01  2.7100710E-01  1.8725942E-07  1.9929576E-08  3.2084604E-06  4.5781418E-06  1.5740573E-07  4.3701336E-10  9.2048308E-07  2.3543589E-08  0.000E+00  0.0660  4.156757  -30.000  4.049235  8.114146  0.0000000E+00  6.8214815E-01  2.9279059E-01  0.0000000E+00  3.5161235E-07  2.5048255E-02  1.6750187E-11  7.5314655E-07  9.2333956E-07  1.0124198E-05  0.000E+00  2.998E-05  3.767E-03  9.696E-01  1.057E+00  3.01E+02  0.00E+00  9.08E+01  0.439070  0.006250  0.0000000E+00  8.3822971526E-03
246  2.564388370315351E+08    3.000000  2.851356  4.157632  7.2888370E-01  2.7100720E-01  1.8725910E-07  1.9929555E-08  3.2084631E-06  4.5781392E-06  1.5740576E-07  4.3701273E-10  9.2048308E-07  2.3543589E-08  0.000E+00  0.0669  4.157632  -30.000  4.043758  8.115343  0.0000000E+00  6.7330755E-01  3.0015165E-01  0.0000000E+00  3.2247465E-07  2.6527804E-02  1.5890000E-11  6.5830657E-07  9.2363628E-07  1.0285807E-05  0.000E+00  3.007E-05  3.738E-03  9.695E-01  1.057E+00  3.01E+02  0.00E+00  9.10E+01  0.439865  0.006291  0.0000000E+00  8.3822971526E-03
247  2.567795720683363E+08    3.000000  2.853843  4.158117  7.2888360E-01  2.7100720E-01  1.8725897E-07  1.9929547E-08  3.2084641E-06  4.5781382E-06  1.5740577E-07  4.3701249E-10  9.2048308E-07  2.3543589E-08  0.000E+00  0.0676  4.158117  -30.000  4.038981  8.116483  0.0000000E+00  6.6446695E-01  3.0748509E-01  0.0000000E+00  2.9060651E-07  2.8034952E-02  1.5033920E-11  5.8287780E-07  9.2395168E-07  1.0427984E-05  0.000E+00  3.006E-05  3.712E-03  9.695E-01  1.057E+00  3.01E+02  0.00E+00  9.10E+01  0.440122  0.006327  0.0000000E+00  8.3822971526E-03
248  2.570535082989609E+08    3.000000  2.856013  4.158072  7.2888360E-01  2.7100720E-01  1.8725887E-07  1.9929540E-08  3.2084650E-06  4.5781373E-06  1.5740578E-07  4.3701229E-10  9.2048308E-07  2.3543589E-08  0.000E+00  0.0681  4.158072  -30.000  4.035792  8.117427  0.0000000E+00  6.5562635E-01  3.1489407E-01  0.0000000E+00  2.4293627E-07  2.9466487E-02  1.3993698E-11  5.2065682E-07  9.2425242E-07  1.0578873E-05  0.000E+00  2.989E-05  3.695E-03  9.696E-01  1.057E+00  3.00E+02  0.00E+00  9.07E+01  0.439500  0.006359  0.0000000E+00  8.3822971526E-03
249  2.573451658113424E+08    3.000000  2.858327  4.157975  7.2888360E-01  2.7100720E-01  1.8725881E-07  1.9929536E-08  3.2084655E-06  4.5781368E-06  1.5740579E-07  4.3701217E-10  9.2048308E-07  2.3543589E-08  0.000E+00  0.0686  4.157975  -30.000  4.032101  8.118436  0.0000000E+00  6.4678576E-01  3.2221318E-01  0.0000000E+00  2.1265687E-07  3.0987946E-02  1.3112907E-11  4.5757676E-07  9.2458987E-07  1.0703475E-05  0.000E+00  2.973E-05  3.675E-03  9.696E-01  1.057E+00  3.00E+02  0.00E+00  9.05E+01  0.439171  0.006393  0.0000000E+00  8.3822971526E-03
250  2.576629869521658E+08    3.000000  2.860903  4.157822  7.2888360E-01  2.7100720E-01  1.8725875E-07  1.9929532E-08  3.2084660E-06  4.5781363E-06  1.5740579E-07  4.3701206E-10  9.2048308E-07  2.3543589E-08  0.000E+00  0.0691  4.157822  -30.000  4.028297  8.119468  0.0000000E+00  6.3794516E-01  3.2941936E-01  0.0000000E+00  1.9851033E-07  3.2622355E-02  1.2414391E-11  4.0032595E-07  9.2497508E-07  1.0795585E-05  0.000E+00  2.952E-05  3.655E-03  9.697E-01  1.057E+00  2.99E+02  0.00E+00  9.02E+01  0.438584  0.006431  0.0000000E+00  8.3822971526E-03
251  2.579714129876474E+08    3.000000  2.863672  4.157621  7.2888360E-01  2.7100720E-01  1.8725870E-07  1.9929529E-08  3.2084664E-06  4.5781360E-06  1.5740580E-07  4.3701197E-10  9.2048308E-07  2.3543589E-08  0.000E+00  0.0697  4.157621  -30.000  4.024388  8.120572  0.0000000E+00  6.2910456E-01  3.3658952E-01  0.0000000E+00  1.8316230E-07  3.4292769E-02  1.1735236E-11  3.5445175E-07  9.2538487E-07  1.0875678E-05  0.000E+00  2.927E-05  3.634E-03  9.699E-01  1.056E+00  2.99E+02  0.00E+00  8.98E+01  0.437531  0.006472  0.0000000E+00  8.3822971526E-03
252  2.583108886083317E+08    3.000000  2.866887  4.157711  7.2888360E-01  2.7100720E-01  1.8725866E-07  1.9929526E-08  3.2084668E-06  4.5781356E-06  1.5740580E-07  4.3701188E-10  9.2048308E-07  2.3543589E-08  0.000E+00  0.0703  4.157711  -30.000  4.019629  8.121798  0.0000000E+00  6.2026396E-01  3.4362538E-01  0.0000000E+00  1.7922261E-07  3.6097486E-02  1.1239228E-11  3.1956059E-07  9.2585807E-07  1.0924404E-05  0.000E+00  2.906E-05  3.610E-03  9.700E-01  1.056E+00  2.98E+02  0.00E+00  8.95E+01  0.436684  0.006520  0.0000000E+00  8.3822971526E-03
253  2.585659586555962E+08    3.000000  2.869406  4.158060  7.2888360E-01  2.7100720E-01  1.8725864E-07  1.9929525E-08  3.2084669E-06  4.5781354E-06  1.5740580E-07  4.3701184E-10  9.2048308E-07  2.3543589E-08  0.000E+00  0.0710  4.158060  -30.000  4.016376  8.122877  0.0000000E+00  6.1142336E-01  3.5081207E-01  0.0000000E+00  1.4583877E-07  3.7751396E-02  1.0428843E-11  2.9068573E-07  9.2628730E-07  1.1012079E-05  0.000E+00  2.901E-05  3.593E-03  9.700E-01  1.056E+00  2.98E+02  0.00E+00  8.94E+01  0.436797  0.006558  0.0000000E+00  8.3822971526E-03
254  2.588259681198894E+08    3.000000  2.871877  4.158870  7.2888360E-01  2.7100720E-01  1.8725863E-07  1.9929524E-08  3.2084670E-06  4.5781354E-06  1.5740580E-07  4.3701183E-10  9.2048308E-07  2.3543589E-08  0.000E+00  0.0718  4.158870  -30.000  4.012708  8.123991  0.0000000E+00  6.0258276E-01  3.5792429E-01  0.0000000E+00  1.2570011E-07  3.9479759E-02  9.7256976E-12  2.5677377E-07  9.2675702E-07  1.1085089E-05  0.000E+00  2.908E-05  3.575E-03  9.699E-01  1.056E+00  2.98E+02  0.00E+00  8.96E+01  0.437128  0.006596  0.0000000E+00  8.3822971526E-03
255  2.591418255746706E+08    3.000000  2.874870  4.159692  7.2888360E-01  2.7100720E-01  1.8725862E-07  1.9929524E-08  3.2084671E-06  4.5781353E-06  1.5740581E-07  4.3701181E-10  9.2048308E-07  2.3543589E-08  0.000E+00  0.0723  4.159692  -30.000  4.007534  8.125371  0.0000000E+00  5.9374216E-01  3.6481393E-01  0.0000000E+00  1.3047290E-07  4.1430724E-02  9.3429981E-12  2.3001371E-07  9.2733446E-07  1.1110182E-05  0.000E+00  2.905E-05  3.549E-03  9.700E-01  1.056E+00  2.98E+02  0.00E+00  8.95E+01  0.436570  0.006641  0.0000000E+00  8.3822971526E-03
256  2.594249423278396E+08    3.000000  2.877453  4.160042  7.2888360E-01  2.7100720E-01  1.8725862E-07  1.9929523E-08  3.2084671E-06  4.5781352E-06  1.5740581E-07  4.3701180E-10  9.2048308E-07  2.3543589E-08  0.000E+00  0.0731  4.160042  -30.000  4.003762  8.126502  0.0000000E+00  5.8490157E-01  3.7173411E-01  0.0000000E+00  1.1881137E-07  4.3351119E-02  8.8384869E-12  2.1286606E-07  9.2791712E-07  1.1149362E-05  0.000E+00  2.897E-05  3.530E-03  9.700E-01  1.056E+00  2.98E+02  0.00E+00  8.93E+01  0.436234  0.006681  0.0000000E+00  8.3822971526E-03
257  2.597159586451946E+08    3.000000  2.879942  4.160658  7.2888360E-01  2.7100720E-01  1.8725858E-07  1.9929521E-08  3.2084674E-06  4.5781349E-06  1.5740581E-07  4.3701173E-10  9.2048308E-07  2.3543589E-08  0.000E+00  0.0738  4.160658  -30.000  4.000021  8.127655  0.0000000E+00  5.7606097E-01  3.7856176E-01  0.0000000E+00  1.1318642E-07  4.5364076E-02  8.4182681E-12  1.9658510E-07  9.2855918E-07  1.1177990E-05  0.000E+00  2.899E-05  3.512E-03  9.700E-01  1.056E+00  2.98E+02  0.00E+00  8.94E+01  0.436584  0.006719  0.0000000E+00  8.3822971526E-03
258  2.599717333512486E+08    3.000000  2.881751  4.160784  7.2888350E-01  2.7100730E-01  1.8725781E-07  1.9929471E-08  3.2084738E-06  4.5781286E-06  1.5740588E-07  4.3701024E-10  9.2048308E-07  2.3543589E-08  0.000E+00  0.0745  4.160784  -30.000  3.997158  8.128754  0.0000000E+00  5.6722037E-01  3.8543591E-01  0.0000000E+00  9.5024913E-08  4.7330498E-02  7.8711634E-12  1.8207339E-07  9.2919751E-07  1.1224168E-05  0.000E+00  2.889E-05  3.498E-03  9.701E-01  1.056E+00  2.98E+02  0.00E+00  8.92E+01  0.436077  0.006747  0.0000000E+00  8.3822971526E-03
259  2.602169009372791E+08    3.000000  2.884003  4.160669  7.2888340E-01  2.7100740E-01  1.8725727E-07  1.9929435E-08  3.2084784E-06  4.5781242E-06  1.5740592E-07  4.3700919E-10  9.2048308E-07  2.3543589E-08  0.000E+00  0.0751  4.160669  -30.000  3.994553  8.129795  0.0000000E+00  5.5837977E-01  3.9227403E-01  0.0000000E+00  8.2669345E-08  4.9332953E-02  7.3429384E-12  1.6128172E-07  9.2986895E-07  1.1268899E-05  0.000E+00  2.872E-05  3.485E-03  9.701E-01  1.056E+00  2.97E+02  0.00E+00  8.90E+01  0.435558  0.006782  0.0000000E+00  8.3822971526E-03
260  2.604682278461449E+08    3.000000  2.886236  4.160438  7.2888340E-01  2.7100740E-01  1.8725697E-07  1.9929416E-08  3.2084808E-06  4.5781218E-06  1.5740595E-07  4.3700862E-10  9.2048308E-07  2.3543589E-08  0.000E+00  0.0755  4.160438  -30.000  3.992014  8.130852  0.0000000E+00  5.4953917E-01  3.9902157E-01  0.0000000E+00  7.5901888E-08  5.1425961E-02  6.8951645E-12  1.4414367E-07  9.3060294E-07  1.1300375E-05  0.000E+00  2.850E-05  3.472E-03  9.703E-01  1.055E+00  2.97E+02  0.00E+00  8.86E+01  0.434688  0.006817  0.0000000E+00  8.3822971526E-03
261  2.607249020994743E+08    3.000000  2.888546  4.160268  7.2888340E-01  2.7100750E-01  1.8725682E-07  1.9929406E-08  3.2084821E-06  4.5781205E-06  1.5740596E-07  4.3700832E-10  9.2048308E-07  2.3543589E-08  0.000E+00  0.0761  4.160268  -30.000  3.989350  8.131933  0.0000000E+00  5.4069857E-01  4.0567690E-01  0.0000000E+00  7.2401831E-08  5.3611280E-02  6.5179666E-12  1.3159459E-07  9.3140482E-07  1.1321102E-05  0.000E+00  2.830E-05  3.459E-03  9.704E-01  1.055E+00  2.96E+02  0.00E+00  8.83E+01  0.433814  0.006854  0.0000000E+00  8.3822971526E-03
262  2.609761885764528E+08    3.000000  2.890844  4.160305  7.2888330E-01  2.7100750E-01  1.8725675E-07  1.9929402E-08  3.2084826E-06  4.5781200E-06  1.5740597E-07  4.3700820E-10  9.2048308E-07  2.3543589E-08  0.000E+00  0.0766  4.160305  -30.000  3.986740  8.133002  0.0000000E+00  5.3185797E-01  4.1227850E-01  0.0000000E+00  6.7335594E-08  5.5850252E-02  6.1525648E-12  1.2187914E-07  9.3225761E-07  1.1340825E-05  0.000E+00  2.816E-05  3.446E-03  9.704E-01  1.055E+00  2.96E+02  0.00E+00  8.81E+01  0.433430  0.006890  0.0000000E+00  8.3822971526E-03
263  2.612580440665323E+08    3.000000  2.893640  4.160395  7.2888330E-01  2.7100750E-01  1.8725671E-07  1.9929399E-08  3.2084830E-06  4.5781196E-06  1.5740597E-07  4.3700811E-10  9.2048308E-07  2.3543589E-08  0.000E+00  0.0774  4.160395  -30.000  3.983375  8.134212  0.0000000E+00  5.2301738E-01  4.1867239E-01  0.0000000E+00  7.2433990E-08  5.8296920E-02  5.9731165E-12  1.1819471E-07  9.3325387E-07  1.1337183E-05  0.000E+00  2.797E-05  3.430E-03  9.706E-01  1.055E+00  2.95E+02  0.00E+00  8.77E+01  0.432280  0.006934  0.0000000E+00  8.3822971526E-03
264  2.615044813967356E+08    3.000000  2.896379  4.160722  7.2888330E-01  2.7100750E-01  1.8725669E-07  1.9929398E-08  3.2084832E-06  4.5781194E-06  1.5740598E-07  4.3700807E-10  9.2048308E-07  2.3543589E-08  0.000E+00  0.0782  4.160722  -30.000  3.980336  8.135403  0.0000000E+00  5.1417678E-01  4.2514080E-01  0.0000000E+00  6.1614984E-08  6.0669136E-02  5.6328957E-12  1.1409676E-07  9.3423752E-07  1.1359072E-05  0.000E+00  2.787E-05  3.415E-03  9.707E-01  1.055E+00  2.95E+02  0.00E+00  8.75E+01  0.431809  0.006978  0.0000000E+00  8.3822971526E-03
265  2.617528372698846E+08    3.000000  2.898930  4.161713  7.2888330E-01  2.7100750E-01  1.8725666E-07  1.9929396E-08  3.2084834E-06  4.5781192E-06  1.5740598E-07  4.3700802E-10  9.2048308E-07  2.3543589E-08  0.000E+00  0.0789  4.161713  -30.000  3.976899  8.136638  0.0000000E+00  5.0533618E-01  4.3151017E-01  0.0000000E+00  5.7666925E-08  6.3140429E-02  5.3529750E-12  1.0558891E-07  9.3531114E-07  1.1375548E-05  0.000E+00  2.794E-05  3.399E-03  9.707E-01  1.055E+00  2.95E+02  0.00E+00  8.76E+01  0.431959  0.007019  0.0000000E+00  8.3822971526E-03
266  2.620188977285503E+08    3.000000  2.901621  4.162722  7.2888240E-01  2.7100840E-01  1.8724980E-07  1.9928948E-08  3.2085406E-06  4.5780630E-06  1.5740658E-07  4.3699474E-10  9.2048308E-07  2.3543589E-08  0.000E+00  0.0801  4.162722  -30.000  3.973179  8.137922  0.0000000E+00  4.9649558E-01  4.3769824E-01  0.0000000E+00  6.3079811E-08  6.5792851E-02  5.2056299E-12  9.8837124E-08  9.3653464E-07  1.1375149E-05  0.000E+00  2.802E-05  3.382E-03  9.706E-01  1.055E+00  2.96E+02  0.00E+00  8.77E+01  0.432075  0.007063  0.0000000E+00  8.3822971526E-03
267  2.623729320066653E+08    3.000000  2.904940  4.163815  7.2887600E-01  2.7101480E-01  1.8720165E-07  1.9925807E-08  3.2089417E-06  4.5776688E-06  1.5741081E-07  4.3690161E-10  9.2048308E-07  2.3543589E-08  0.000E+00  0.0819  4.163815  -30.000  3.967835  8.139407  0.0000000E+00  4.8765498E-01  4.4333312E-01  0.0000000E+00  7.1828035E-08  6.8998590E-02  5.4425898E-12  1.1967026E-07  9.3818355E-07  1.1335737E-05  0.000E+00  2.810E-05  3.357E-03  9.706E-01  1.055E+00  2.96E+02  0.00E+00  8.79E+01  0.432574  0.007117  0.0000000E+00  8.3822971527E-03
268  2.628298779889869E+08    3.000000  2.909175  4.165223  7.2885240E-01  2.7103840E-01  1.8702455E-07  1.9914250E-08  3.2104173E-06  4.5762184E-06  1.5742638E-07  4.3655901E-10  9.2048308E-07  2.3543589E-08  0.000E+00  0.0836  4.165223  -30.000  3.960404  8.141141  0.0000000E+00  4.7881438E-01  4.4825824E-01  0.0000000E+00  9.7050557E-08  7.2914082E-02  6.0677831E-12  1.3767166E-07  9.4043988E-07  1.1273821E-05  0.000E+00  2.825E-05  3.324E-03  9.704E-01  1.055E+00  2.96E+02  0.00E+00  8.82E+01  0.433677  0.007187  0.0000000E+00  8.3822971527E-03
269  2.631174784885378E+08    3.000000  2.911688  4.165691  7.2885086E-01  2.7103994E-01  1.8701267E-07  1.9913473E-08  3.2105163E-06  4.5761211E-06  1.5742742E-07  4.3653602E-10  9.2048308E-07  2.3543589E-08  0.000E+00  0.0858  4.165691  -30.000  3.956763  8.142463  0.0000000E+00  4.6997378E-01  4.5405573E-01  0.0000000E+00  7.0994669E-08  7.5957196E-02  5.7897625E-12  1.3067770E-07  9.4214517E-07  1.1323135E-05  0.000E+00  2.814E-05  3.307E-03  9.706E-01  1.055E+00  2.96E+02  0.00E+00  8.79E+01  0.432627  0.007228  0.0000000E+00  8.3822971527E-03
270  2.639736080238464E+08    3.000000  2.919396  4.165153  7.2881450E-01  2.7107640E-01  1.8673928E-07  1.9895633E-08  3.2127943E-06  4.5738820E-06  1.5745144E-07  4.3600715E-10  9.2048308E-07  2.3543589E-08  0.000E+00  0.0860  4.165153  -30.000  3.943426  8.144854  0.0000000E+00  4.6113319E-01  4.5622842E-01  0.0000000E+00  1.0450105E-07  8.2624900E-02  7.4642999E-12  2.0347141E-07  9.4703680E-07  1.1180929E-05  0.000E+00  2.769E-05  3.250E-03  9.705E-01  1.055E+00  2.94E+02  0.00E+00  8.75E+01  0.433013  0.007358  0.0000000E+00  8.3822971527E-03
271  2.641398975359600E+08    3.000000  2.920852  4.164961  7.2881370E-01  2.7107720E-01  1.8673333E-07  1.9895244E-08  3.2128439E-06  4.5738333E-06  1.5745197E-07  4.3599564E-10  9.2048308E-07  2.3543589E-08  0.000E+00  0.0881  4.164961  -30.000  3.942568  8.145858  0.0000000E+00  4.5229259E-01  4.6266527E-01  0.0000000E+00  4.2402155E-08  8.5028654E-02  6.4035288E-12  1.5128656E-07  9.4841277E-07  1.1342188E-05  0.000E+00  2.753E-05  3.246E-03  9.706E-01  1.055E+00  2.94E+02  0.00E+00  8.72E+01  0.432221  0.007383  0.0000000E+00  8.3822971527E-03
272  2.643068191692640E+08    3.000000  2.922450  4.164685  7.2881330E-01  2.7107760E-01  1.8673012E-07  1.9895035E-08  3.2128706E-06  4.5738069E-06  1.5745225E-07  4.3598942E-10  9.2048308E-07  2.3543589E-08  0.000E+00  0.0905  4.164685  -30.000  3.941675  8.146888  0.0000000E+00  4.4345199E-01  4.6902129E-01  0.0000000E+00  1.8700428E-08  8.7513136E-02  5.4794806E-12  9.2461616E-08  9.4987987E-07  1.1451217E-05  0.000E+00  2.740E-05  3.242E-03  9.706E-01  1.055E+00  2.93E+02  0.00E+00  8.71E+01  0.432136  0.007410  0.0000000E+00  8.3822971527E-03
273  2.645453035521211E+08    3.000000  2.924821  4.164319  7.2881280E-01  2.7107806E-01  1.8672688E-07  1.9894823E-08  3.2128977E-06  4.5737804E-06  1.5745253E-07  4.3598315E-10  9.2048308E-07  2.3543589E-08  0.000E+00  0.0927  4.164319  -30.000  3.939810  8.148057  0.0000000E+00  4.3461139E-01  4.7484721E-01  0.0000000E+00  3.3957211E-08  9.0527795E-02  4.9486889E-12  5.9559785E-08  9.5187641E-07  1.1467287E-05  0.000E+00  2.719E-05  3.234E-03  9.707E-01  1.055E+00  2.93E+02  0.00E+00  8.68E+01  0.431671  0.007450  0.0000000E+00  8.3822971527E-03
274  2.649668426001815E+08    3.000000  2.929231  4.164337  7.2881200E-01  2.7107890E-01  1.8672071E-07  1.9894420E-08  3.2129491E-06  4.5737298E-06  1.5745307E-07  4.3597122E-10  9.2048308E-07  2.3543589E-08  0.000E+00  0.0943  4.164337  -30.000  3.934059  8.149700  0.0000000E+00  4.2577079E-01  4.7919359E-01  0.0000000E+00  5.7368268E-08  9.5022073E-02  5.1892539E-12  9.4163031E-08  9.5543112E-07  1.1387880E-05  0.000E+00  2.687E-05  3.211E-03  9.710E-01  1.054E+00  2.92E+02  0.00E+00  8.62E+01  0.429949  0.007526  0.0000000E+00  8.3822971527E-03
275  2.664080713407650E+08    3.000000  2.943451  4.170924  7.2881040E-01  2.7108050E-01  1.8670854E-07  1.9893626E-08  3.2130505E-06  4.5736302E-06  1.5745414E-07  4.3594768E-10  9.2048308E-07  2.3543589E-08  0.000E+00  0.0904  4.170924  -30.000  3.904163  8.154289  0.0000000E+00  4.1693019E-01  4.7540359E-01  0.0000000E+00  2.9684497E-07  1.0765282E-01  8.7029227E-12  1.3405558E-07  9.6901026E-07  1.0961580E-05  0.000E+00  2.749E-05  3.097E-03  9.708E-01  1.054E+00  2.94E+02  0.00E+00  8.70E+01  0.430712  0.007777  0.0000000E+00  8.3822971527E-03
276  2.665366348786350E+08    3.000000  2.944308  4.171258  7.2881008E-01  2.7108080E-01  1.8670603E-07  1.9893462E-08  3.2130714E-06  4.5736096E-06  1.5745436E-07  4.3594281E-10  9.2048308E-07  2.3543589E-08  0.000E+00  0.0917  4.171258  -30.000  3.903373  8.155283  0.0000000E+00  4.0808959E-01  4.8157754E-01  0.0000000E+00  6.6113225E-08  1.1031937E-01  7.2190864E-12  2.1261214E-07  9.7115569E-07  1.1228011E-05  0.000E+00  2.735E-05  3.094E-03  9.712E-01  1.054E+00  2.94E+02  0.00E+00  8.64E+01  0.428216  0.007792  0.0000000E+00  8.3822971527E-03
277  2.666705827216640E+08    3.000000  2.945329  4.171479  7.2880970E-01  2.7108120E-01  1.8670356E-07  1.9893301E-08  3.2130920E-06  4.5735893E-06  1.5745458E-07  4.3593803E-10  9.2048308E-07  2.3543589E-08  0.000E+00  0.0935  4.171479  -30.000  3.903241  8.156344  0.0000000E+00  3.9924900E-01  4.8766540E-01  0.0000000E+00  1.6779124E-08  1.1307203E-01  5.9596012E-12  1.0864390E-07  9.7342884E-07  1.1432466E-05  0.000E+00  2.734E-05  3.094E-03  9.712E-01  1.054E+00  2.94E+02  0.00E+00  8.64E+01  0.428280  0.007811  0.0000000E+00  8.3822971527E-03
278  2.668139899440683E+08    3.000000  2.946564  4.171425  7.2880950E-01  2.7108140E-01  1.8670152E-07  1.9893168E-08  3.2131090E-06  4.5735726E-06  1.5745476E-07  4.3593409E-10  9.2048308E-07  2.3543589E-08  0.000E+00  0.0959  4.171425  -30.000  3.903136  8.157433  0.0000000E+00  3.9040840E-01  4.9365968E-01  0.0000000E+00  8.2896131E-09  1.1591830E-01  4.9062005E-12  4.7135213E-08  9.7584653E-07  1.1520833E-05  0.000E+00  2.726E-05  3.093E-03  9.712E-01  1.054E+00  2.94E+02  0.00E+00  8.63E+01  0.427997  0.007833  0.0000000E+00  8.3822971527E-03
279  2.669702796827801E+08    3.000000  2.948054  4.171467  7.2880920E-01  2.7108170E-01  1.8669967E-07  1.9893047E-08  3.2131244E-06  4.5735575E-06  1.5745492E-07  4.3593053E-10  9.2048308E-07  2.3543589E-08  0.000E+00  0.0987  4.171467  -30.000  3.902663  8.158595  0.0000000E+00  3.8156780E-01  4.9954573E-01  0.0000000E+00  7.2554820E-09  1.1887286E-01  4.0424166E-12  2.5362959E-08  9.7843971E-07  1.1548910E-05  0.000E+00  2.713E-05  3.092E-03  9.714E-01  1.053E+00  2.94E+02  0.00E+00  8.60E+01  0.427108  0.007860  0.0000000E+00  8.3822971527E-03
280  2.675891972243031E+08    3.000000  2.953523  4.171489  7.2880860E-01  2.7108230E-01  1.8669506E-07  1.9892746E-08  3.2131629E-06  4.5735197E-06  1.5745532E-07  4.3592159E-10  9.2048308E-07  2.3543589E-08  0.000E+00  0.0955  4.171489  -30.000  3.893481  8.160718  0.0000000E+00  3.7272720E-01  5.0118616E-01  0.0000000E+00  7.5364288E-08  1.2607312E-01  5.1628117E-12  1.4951989E-07  9.8742965E-07  1.1289509E-05  0.000E+00  2.682E-05  3.061E-03  9.715E-01  1.053E+00  2.93E+02  0.00E+00  8.56E+01  0.426231  0.007959  0.0000000E+00  8.3822971528E-03
281  2.676644910877712E+08    3.000000  2.953920  4.171393  7.2880850E-01  2.7108240E-01  1.8669422E-07  1.9892692E-08  3.2131699E-06  4.5735128E-06  1.5745540E-07  4.3591996E-10  9.2048308E-07  2.3543589E-08  0.000E+00  0.0969  4.171393  -30.000  3.893996  8.161373  0.0000000E+00  3.6740253E-01  5.0466255E-01  0.0000000E+00  2.2321641E-08  1.2792138E-01  4.5175268E-12  1.1143234E-07  9.8921523E-07  1.1419312E-05  0.000E+00  2.664E-05  3.064E-03  9.718E-01  1.053E+00  2.92E+02  0.00E+00  8.51E+01  0.423993  0.007967  0.0000000E+00  8.3822971528E-03
282  2.677443446247262E+08    3.000000  2.954731  4.171338  7.2880840E-01  2.7108250E-01  1.8669335E-07  1.9892635E-08  3.2131771E-06  4.5735057E-06  1.5745547E-07  4.3591828E-10  9.2048308E-07  2.3543589E-08  0.000E+00  0.0986  4.171338  -30.000  3.894248  8.162048  0.0000000E+00  3.6207785E-01  5.0810189E-01  0.0000000E+00  7.9803624E-09  1.2980663E-01  3.9455076E-12  6.2282099E-08  9.9106816E-07  1.1501816E-05  0.000E+00  2.654E-05  3.065E-03  9.719E-01  1.052E+00  2.92E+02  0.00E+00  8.48E+01  0.423160  0.007981  0.0000000E+00  8.3822971528E-03
283  2.678295614967187E+08    3.000000  2.955007  4.170936  7.2880820E-01  2.7108260E-01  1.8669242E-07  1.9892574E-08  3.2131848E-06  4.5734981E-06  1.5745555E-07  4.3591649E-10  9.2048308E-07  2.3543589E-08  0.000E+00  0.1003  4.170936  -30.000  3.894645  8.162727  0.0000000E+00  3.5675318E-01  5.1149899E-01  0.0000000E+00  5.4188866E-09  1.3173421E-01  3.4439076E-12  3.2509402E-08  9.9299759E-07  1.1542122E-05  0.000E+00  2.642E-05  3.067E-03  9.720E-01  1.052E+00  2.92E+02  0.00E+00  8.46E+01  0.422667  0.007987  0.0000000E+00  8.3822971528E-03
284  2.679353554910899E+08    3.000000  2.956470  4.170348  7.2880800E-01  2.7108280E-01  1.8669092E-07  1.9892476E-08  3.2131973E-06  4.5734858E-06  1.5745569E-07  4.3591358E-10  9.2048308E-07  2.3543589E-08  0.000E+00  0.1023  4.170348  -30.000  3.894695  8.163434  0.0000000E+00  3.5142850E-01  5.1481186E-01  0.0000000E+00  9.0397896E-09  1.3374603E-01  3.0359787E-12  2.1788587E-08  9.9507787E-07  1.1549419E-05  0.000E+00  2.622E-05  3.067E-03  9.720E-01  1.052E+00  2.91E+02  0.00E+00  8.44E+01  0.422408  0.008013  0.0000000E+00  8.3822971528E-03
285  2.684819547063642E+08    3.000000  2.961172  4.169141  7.2880610E-01  2.7108480E-01  1.8667651E-07  1.9891536E-08  3.2133175E-06  4.5733677E-06  1.5745695E-07  4.3588571E-10  9.2048308E-07  2.3543589E-08  0.000E+00  0.0963  4.169141  -30.000  3.887493  8.165176  0.0000000E+00  3.4610383E-01  5.1334832E-01  0.0000000E+00  1.6664514E-07  1.4053432E-01  4.6895582E-12  5.5367535E-08  1.0052396E-06  1.1260071E-05  0.000E+00  2.558E-05  3.046E-03  9.725E-01  1.051E+00  2.90E+02  0.00E+00  8.32E+01  0.419016  0.008101  0.0000000E+00  8.3822971528E-03
286  2.685540551152993E+08    3.000000  2.961810  4.169043  7.2880600E-01  2.7108490E-01  1.8667560E-07  1.9891476E-08  3.2133251E-06  4.5733603E-06  1.5745703E-07  4.3588396E-10  9.2048308E-07  2.3543589E-08  0.000E+00  0.0974  4.169043  -30.000  3.887258  8.165689  0.0000000E+00  3.4077915E-01  5.1665438E-01  0.0000000E+00  3.6368925E-08  1.4255284E-01  4.0337949E-12  1.1780832E-07  1.0074823E-06  1.1388358E-05  0.000E+00  2.553E-05  3.045E-03  9.725E-01  1.051E+00  2.89E+02  0.00E+00  8.31E+01  0.418929  0.008113  0.0000000E+00  8.3822971528E-03
287  2.686288927258930E+08    3.000000  2.962381  4.168770  7.2880590E-01  2.7108500E-01  1.8667477E-07  1.9891422E-08  3.2133320E-06  4.5733534E-06  1.5745710E-07  4.3588235E-10  9.2048308E-07  2.3543589E-08  0.000E+00  0.0994  4.168770  -30.000  3.887906  8.166389  0.0000000E+00  3.3545448E-01  5.1991758E-01  0.0000000E+00  8.9045654E-09  1.4461428E-01  3.4597807E-12  6.5058420E-08  1.0098112E-06  1.1495868E-05  0.000E+00  2.542E-05  3.047E-03  9.726E-01  1.051E+00  2.89E+02  0.00E+00  8.29E+01  0.418362  0.008123  0.0000000E+00  8.3822971528E-03
288  2.691151619701869E+08    3.000000  2.967842  4.166150  7.2880410E-01  2.7108680E-01  1.8666147E-07  1.9890554E-08  3.2134429E-06  4.5732445E-06  1.5745827E-07  4.3585662E-10  9.2048308E-07  2.3543589E-08  0.000E+00  0.0966  4.166150  -30.000  3.881408  8.167959  0.0000000E+00  3.3012981E-01  5.1879202E-01  0.0000000E+00  9.6693978E-08  1.5106449E-01  4.4570738E-12  1.2881085E-07  1.0203768E-06  1.1279382E-05  0.000E+00  2.455E-05  3.029E-03  9.730E-01  1.050E+00  2.87E+02  0.00E+00  8.16E+01  0.415537  0.008226  0.0000000E+00  8.3822971528E-03
289  2.691842240987878E+08    3.000000  2.968203  4.165994  7.2880380E-01  2.7108710E-01  1.8665917E-07  1.9890403E-08  3.2134621E-06  4.5732256E-06  1.5745847E-07  4.3585215E-10  9.2048308E-07  2.3543589E-08  0.000E+00  0.0975  4.165994  -30.000  3.882077  8.168611  0.0000000E+00  3.2480513E-01  5.2198806E-01  0.0000000E+00  1.6990507E-08  1.5319311E-01  3.7866250E-12  9.9408156E-08  1.0229855E-06  1.1440439E-05  0.000E+00  2.447E-05  3.032E-03  9.731E-01  1.050E+00  2.86E+02  0.00E+00  8.14E+01  0.414934  0.008233  0.0000000E+00  8.3822971528E-03
290  2.693316511784016E+08    3.000000  2.970036  4.165090  7.2880310E-01  2.7108770E-01  1.8665415E-07  1.9890076E-08  3.2135039E-06  4.5731845E-06  1.5745891E-07  4.3584244E-10  9.2048308E-07  2.3543589E-08  0.000E+00  0.1007  4.165090  -30.000  3.883152  8.170131  0.0000000E+00  3.1415578E-01  5.2824576E-01  0.0000000E+00  1.7005107E-09  1.5758473E-01  2.7095786E-12  1.7876748E-08  1.0285161E-06  1.1563844E-05  0.000E+00  2.416E-05  3.036E-03  9.733E-01  1.050E+00  2.85E+02  0.00E+00  8.09E+01  0.413554  0.008268  0.0000000E+00  8.3822971528E-03
291  2.694188054485732E+08    3.000000  2.971136  4.164567  7.2880270E-01  2.7108820E-01  1.8665073E-07  1.9889852E-08  3.2135324E-06  4.5731564E-06  1.5745921E-07  4.3583582E-10  9.2048308E-07  2.3543589E-08  0.000E+00  0.1024  4.164567  -30.000  3.883395  8.170934  0.0000000E+00  3.0883111E-01  5.3129120E-01  0.0000000E+00  4.6016592E-09  1.5986393E-01  2.3016470E-12  1.0565775E-08  1.0314815E-06  1.1568078E-05  0.000E+00  2.396E-05  3.038E-03  9.734E-01  1.049E+00  2.85E+02  0.00E+00  8.05E+01  0.412550  0.008289  0.0000000E+00  8.3822971528E-03
292  2.695005698589099E+08    3.000000  2.972179  4.164030  7.2880220E-01  2.7108870E-01  1.8664735E-07  1.9889632E-08  3.2135606E-06  4.5731287E-06  1.5745951E-07  4.3582928E-10  9.2048308E-07  2.3543589E-08  0.000E+00  0.1040  4.164030  -30.000  3.883745  8.171737  0.0000000E+00  3.0350643E-01  5.3429351E-01  0.0000000E+00  2.2423119E-09  1.6218633E-01  1.9417411E-12  8.0107702E-09  1.0345561E-06  1.1574762E-05  0.000E+00  2.380E-05  3.040E-03  9.735E-01  1.049E+00  2.84E+02  0.00E+00  8.02E+01  0.411973  0.008309  0.0000000E+00  8.3822971528E-03
293  2.695850835055996E+08    3.000000  2.973273  4.163597  7.2880180E-01  2.7108910E-01  1.8664385E-07  1.9889403E-08  3.2135898E-06  4.5731001E-06  1.5745981E-07  4.3582250E-10  9.2048308E-07  2.3543589E-08  0.000E+00  0.1059  4.163597  -30.000  3.883932  8.172558  0.0000000E+00  2.9818176E-01  5.3724009E-01  0.0000000E+00  2.3062198E-09  1.6456442E-01  1.6402983E-12  5.8661027E-09  1.0377733E-06  1.1577130E-05  0.000E+00  2.365E-05  3.041E-03  9.735E-01  1.049E+00  2.84E+02  0.00E+00  8.00E+01  0.411448  0.008330  0.0000000E+00  8.3822971528E-03
294  2.698047909649498E+08    3.000000  2.976238  4.162530  7.2880060E-01  2.7109021E-01  1.8663537E-07  1.9888850E-08  3.2136604E-06  4.5730306E-06  1.5746056E-07  4.3580611E-10  9.2048308E-07  2.3543589E-08  0.000E+00  0.1000  4.162530  -30.000  3.880140  8.173738  0.0000000E+00  2.9285709E-01  5.3861633E-01  0.0000000E+00  8.0896847E-09  1.6851283E-01  1.9328559E-12  4.1669607E-08  1.0444159E-06  1.1523958E-05  0.000E+00  2.323E-05  3.028E-03  9.738E-01  1.049E+00  2.83E+02  0.00E+00  7.92E+01  0.409406  0.008387  0.0000000E+00  8.3822971528E-03
295  2.698740915853899E+08    3.000000  2.977054  4.162117  7.2880030E-01  2.7109060E-01  1.8663282E-07  1.9888684E-08  3.2136817E-06  4.5730097E-06  1.5746078E-07  4.3580118E-10  9.2048308E-07  2.3543589E-08  0.000E+00  0.1012  4.162117  -30.000  3.880652  8.174576  0.0000000E+00  2.8753241E-01  5.4148350E-01  0.0000000E+00  8.9945391E-10  1.7097034E-01  1.5897953E-12  1.4859746E-08  1.0479071E-06  1.1567865E-05  0.000E+00  2.308E-05  3.031E-03  9.739E-01  1.048E+00  2.82E+02  0.00E+00  7.89E+01  0.408558  0.008403  0.0000000E+00  8.3822971528E-03
296  2.699536089168832E+08    3.000000  2.978155  4.161669  7.2880000E-01  2.7109090E-01  1.8663022E-07  1.9888514E-08  3.2137034E-06  4.5729884E-06  1.5746101E-07  4.3579614E-10  9.2048308E-07  2.3543589E-08  0.000E+00  0.1024  4.161669  -30.000  3.881174  8.175433  0.0000000E+00  2.8220774E-01  5.4428951E-01  0.0000000E+00  1.2917912E-09  1.7348902E-01  1.3090518E-12  5.7308896E-09  1.0515693E-06  1.1578240E-05  0.000E+00  2.293E-05  3.032E-03  9.740E-01  1.048E+00  2.82E+02  0.00E+00  7.87E+01  0.407890  0.008424  0.0000000E+00  8.3822971528E-03
297  2.700247811673408E+08    3.000000  2.979184  4.161220  7.2879970E-01  2.7109120E-01  1.8662797E-07  1.9888367E-08  3.2137221E-06  4.5729700E-06  1.5746121E-07  4.3579180E-10  9.2048308E-07  2.3543589E-08  0.000E+00  0.1039  4.161220  -30.000  3.881620  8.176281  0.0000000E+00  2.7688306E-01  5.4704920E-01  0.0000000E+00  2.9411891E-10  1.7605396E-01  1.0663993E-12  2.0788535E-09  1.0553672E-06  1.1584100E-05  0.000E+00  2.278E-05  3.035E-03  9.741E-01  1.048E+00  2.81E+02  0.00E+00  7.84E+01  0.407334  0.008444  0.0000000E+00  8.3822971528E-03
298  2.701075691966865E+08    3.000000  2.980384  4.160739  7.2879930E-01  2.7109160E-01  1.8662540E-07  1.9888199E-08  3.2137435E-06  4.5729489E-06  1.5746143E-07  4.3578683E-10  9.2048308E-07  2.3543589E-08  0.000E+00  0.1062  4.160739  -30.000  3.881969  8.177170  0.0000000E+00  2.7155839E-01  5.4973292E-01  0.0000000E+00  1.1899548E-09  1.7869490E-01  8.7805802E-13  1.8205807E-09  1.0593855E-06  1.1582829E-05  0.000E+00  2.263E-05  3.037E-03  9.742E-01  1.048E+00  2.81E+02  0.00E+00  7.82E+01  0.406864  0.008467  0.0000000E+00  8.3822971528E-03
299  2.706097429212875E+08    3.000000  2.987293  4.159384  7.2879760E-01  2.7109330E-01  1.8661235E-07  1.9887348E-08  3.2138523E-06  4.5728420E-06  1.5746258E-07  4.3576158E-10  9.2048308E-07  2.3543589E-08  0.000E+00  0.0983  4.159384  -30.000  3.873669  8.179905  0.0000000E+00  2.6090904E-01  5.4972543E-01  0.0000000E+00  4.6409976E-09  1.8934938E-01  2.0154296E-12  5.1532296E-08  1.0807779E-06  1.1515721E-05  0.000E+00  2.201E-05  3.009E-03  9.745E-01  1.047E+00  2.79E+02  0.00E+00  7.71E+01  0.404358  0.008603  0.0000000E+00  8.3822971528E-03
300  2.706735799295550E+08    3.000000  2.987655  4.159112  7.2879740E-01  2.7109350E-01  1.8661117E-07  1.9887270E-08  3.2138622E-06  4.5728322E-06  1.5746268E-07  4.3575928E-10  9.2048308E-07  2.3543589E-08  0.000E+00  0.0997  4.159112  -30.000  3.874689  8.180811  0.0000000E+00  2.5558437E-01  5.5226454E-01  0.0000000E+00  1.8446236E-10  1.9213500E-01  1.5925738E-12  1.0813025E-08  1.0854963E-06  1.1572294E-05  0.000E+00  2.194E-05  3.013E-03  9.745E-01  1.047E+00  2.79E+02  0.00E+00  7.70E+01  0.403992  0.008610  0.0000000E+00  8.3822971528E-03
301  2.707392362877646E+08    3.000000  2.988524  4.159013  7.2879730E-01  2.7109360E-01  1.8660996E-07  1.9887191E-08  3.2138723E-06  4.5728224E-06  1.5746279E-07  4.3575695E-10  9.2048308E-07  2.3543589E-08  0.000E+00  0.1009  4.159013  -30.000  3.875563  8.181723  0.0000000E+00  2.5025969E-01  5.5473762E-01  0.0000000E+00  1.9547074E-10  1.9498657E-01  1.2514809E-12  2.3434282E-09  1.0904352E-06  1.1582423E-05  0.000E+00  2.187E-05  3.017E-03  9.746E-01  1.047E+00  2.78E+02  0.00E+00  7.69E+01  0.403665  0.008627  0.0000000E+00  8.3822971528E-03
302  2.708109552962593E+08    3.000000  2.989350  4.159018  7.2879710E-01  2.7109380E-01  1.8660868E-07  1.9887107E-08  3.2138830E-06  4.5728118E-06  1.5746290E-07  4.3575446E-10  9.2048308E-07  2.3543589E-08  0.000E+00  0.1020  4.159018  -30.000  3.876395  8.182653  0.0000000E+00  2.4493502E-01  5.5713297E-01  0.0000000E+00  6.4596064E-10  1.9791588E-01  9.8596341E-13  2.2690837E-09  1.0956379E-06  1.1581592E-05  0.000E+00  2.183E-05  3.021E-03  9.746E-01  1.047E+00  2.78E+02  0.00E+00  7.68E+01  0.403458  0.008644  0.0000000E+00  8.3822971528E-03
303  2.708890561767886E+08    3.000000  2.990174  4.158882  7.2879690E-01  2.7109400E-01  1.8660746E-07  1.9887028E-08  3.2138931E-06  4.5728019E-06  1.5746300E-07  4.3575211E-10  9.2048308E-07  2.3543589E-08  0.000E+00  0.1035  4.158882  -30.000  3.877238  8.183627  0.0000000E+00  2.3961034E-01  5.5944022E-01  0.0000000E+00  1.5907951E-09  2.0093329E-01  7.8654736E-13  3.0240842E-09  1.1011477E-06  1.1578962E-05  0.000E+00  2.177E-05  3.025E-03  9.746E-01  1.047E+00  2.78E+02  0.00E+00  7.67E+01  0.403306  0.008660  0.0000000E+00  8.3822971528E-03
304  2.713911535873837E+08    3.000000  2.997007  4.160089  7.2879630E-01  2.7109460E-01  1.8660255E-07  1.9886707E-08  3.2139341E-06  4.5727616E-06  1.5746344E-07  4.3574261E-10  9.2048308E-07  2.3543589E-08  0.000E+00  0.0986  4.160089  -30.000  3.867214  8.185859  0.0000000E+00  2.3428567E-01  5.5408866E-01  0.0000000E+00  8.4987271E-09  2.1160673E-01  2.5200697E-12  8.2749768E-08  1.1290206E-06  1.1469653E-05  0.000E+00  2.160E-05  2.988E-03  9.748E-01  1.047E+00  2.78E+02  0.00E+00  7.63E+01  0.401727  0.008798  0.0000000E+00  8.3822971528E-03
305  2.714518087030892E+08    3.000000  2.995441  4.160611  7.2879620E-01  2.7109470E-01  1.8660208E-07  1.9886677E-08  3.2139380E-06  4.5727578E-06  1.5746348E-07  4.3574170E-10  9.2048308E-07  2.3543589E-08  0.000E+00  0.0995  4.160611  -30.000  3.868901  8.186816  0.0000000E+00  2.2896099E-01  5.5630856E-01  0.0000000E+00  1.1542054E-10  2.1471150E-01  1.9029120E-12  1.1307211E-08  1.1353096E-06  1.1569904E-05  0.000E+00  2.175E-05  2.996E-03  9.748E-01  1.047E+00  2.78E+02  0.00E+00  7.65E+01  0.401995  0.008766  0.0000000E+00  8.3822971528E-03
306  2.715129192682567E+08    3.000000  2.996187  4.160582  7.2879600E-01  2.7109490E-01  1.8660024E-07  1.9886556E-08  3.2139533E-06  4.5727427E-06  1.5746364E-07  4.3573814E-10  9.2048308E-07  2.3543589E-08  0.000E+00  0.1006  4.160582  -30.000  3.870252  8.187811  0.0000000E+00  2.2363632E-01  5.5845079E-01  0.0000000E+00  5.6632655E-11  2.1789394E-01  1.4245838E-12  1.4550496E-09  1.1419094E-06  1.1581787E-05  0.000E+00  2.173E-05  3.002E-03  9.748E-01  1.047E+00  2.78E+02  0.00E+00  7.65E+01  0.402116  0.008781  0.0000000E+00  8.3822971528E-03
307  2.715786754107085E+08    3.000000  2.996870  4.160646  7.2879560E-01  2.7109530E-01  1.8659777E-07  1.9886395E-08  3.2139739E-06  4.5727225E-06  1.5746385E-07  4.3573336E-10  9.2048308E-07  2.3543589E-08  0.000E+00  0.1016  4.160646  -30.000  3.871552  8.188826  0.0000000E+00  2.1831165E-01  5.6050363E-01  0.0000000E+00  1.6027284E-10  2.2116572E-01  1.0650988E-12  1.3671592E-09  1.1488707E-06  1.1581469E-05  0.000E+00  2.171E-05  3.008E-03  9.748E-01  1.047E+00  2.78E+02  0.00E+00  7.65E+01  0.402078  0.008795  0.0000000E+00  8.3822971528E-03
308  2.717167642404732E+08    3.000000  2.998077  4.160819  7.2879510E-01  2.7109570E-01  1.8659412E-07  1.9886157E-08  3.2140043E-06  4.5726925E-06  1.5746418E-07  4.3572629E-10  9.2048308E-07  2.3543589E-08  0.000E+00  0.1043  4.160819  -30.000  3.874296  8.190927  0.0000000E+00  2.0766230E-01  5.6432219E-01  0.0000000E+00  1.9754425E-10  2.2799654E-01  6.0021045E-13  1.5253913E-09  1.1639996E-06  1.1580659E-05  0.000E+00  2.169E-05  3.020E-03  9.748E-01  1.047E+00  2.78E+02  0.00E+00  7.64E+01  0.402056  0.008819  0.0000000E+00  8.3822971528E-03
309  2.717920622352265E+08    3.000000  2.998751  4.160819  7.2879240E-01  2.7109850E-01  1.8657351E-07  1.9884812E-08  3.2141761E-06  4.5725237E-06  1.5746598E-07  4.3568643E-10  9.2048308E-07  2.3543589E-08  0.000E+00  0.1050  4.160819  -30.000  3.875649  8.192002  0.0000000E+00  2.0233762E-01  5.6606807E-01  0.0000000E+00  3.7353397E-11  2.3157532E-01  4.6217289E-13  1.1932550E-09  1.1722835E-06  1.1581016E-05  0.000E+00  2.085E-05  3.025E-03  9.767E-01  1.043E+00  2.78E+02  0.00E+00  7.35E+01  0.387707  0.008833  0.0000000E+00  8.3822971529E-03
310  2.718591069153136E+08    3.000000  2.999745  4.160008  7.2879230E-01  2.7109860E-01  1.8657292E-07  1.9884773E-08  3.2141810E-06  4.5725188E-06  1.5746603E-07  4.3568528E-10  9.2048308E-07  2.3543589E-08  0.000E+00  0.1068  4.160008  -30.000  3.877386  8.193107  0.0000000E+00  1.9701295E-01  5.6775270E-01  0.0000000E+00  1.7008453E-10  2.3521535E-01  3.3142513E-13  3.4826857E-10  1.1808515E-06  1.1581533E-05  0.000E+00  2.043E-05  3.033E-03  9.773E-01  1.042E+00  2.77E+02  0.00E+00  7.23E+01  0.382877  0.008853  0.0000000E+00  8.3822971529E-03
311  2.747335971793827E+08    3.000000  3.068608  4.156992  7.2818300E-01  2.7170850E-01  1.8203934E-07  1.9588056E-08  3.2521432E-06  4.5351843E-06  1.5785566E-07  4.2690428E-10  9.2048308E-07  2.3543589E-08  0.000E+00  0.0967  4.156992  -30.000  3.815435  8.203009  0.0000000E+00  1.9168827E-01  4.6619125E-01  0.0000000E+00  9.4210267E-11  3.4209171E-01  7.8124987E-12  3.1018289E-08  1.8302458E-06  1.1527638E-05  0.000E+00  1.524E-05  2.833E-03  9.833E-01  1.031E+00  2.64E+02  0.00E+00  5.91E+01  0.330465  0.010370  0.0000000E+00  8.3822971529E-03
312  2.748220469950750E+08    3.000000  3.039898  4.160078  7.2818290E-01  2.7170850E-01  1.8203880E-07  1.9588021E-08  3.2521477E-06  4.5351798E-06  1.5785570E-07  4.2690325E-10  9.2048308E-07  2.3543589E-08  0.000E+00  0.0990  4.160078  -30.000  3.825364  8.205613  0.0000000E+00  1.8103893E-01  4.7032556E-01  0.0000000E+00  4.9626282E-14  3.4860671E-01  3.2598211E-12  2.3425717E-11  1.8619851E-06  1.1564870E-05  0.000E+00  1.592E-05  2.873E-03  9.842E-01  1.029E+00  2.70E+02  0.00E+00  5.89E+01  0.321762  0.009707  0.0000000E+00  8.3822971529E-03
313  2.748659163790886E+08    3.000000  3.041595  4.159004  7.2818290E-01  2.7170850E-01  1.8203880E-07  1.9588020E-08  3.2521478E-06  4.5351798E-06  1.5785570E-07  4.2690323E-10  9.2048308E-07  2.3543589E-08  0.000E+00  0.1003  4.159004  -30.000  3.827597  8.206773  0.0000000E+00  1.7571425E-01  4.7224308E-01  0.0000000E+00  1.0700928E-13  3.5201385E-01  2.0512509E-12  1.8909108E-11  1.8791161E-06  1.1564448E-05  0.000E+00  1.538E-05  2.883E-03  9.849E-01  1.028E+00  2.69E+02  0.00E+00  5.72E+01  0.314342  0.009745  0.0000000E+00  8.3822971529E-03
314  2.749099618614016E+08    3.000000  3.042969  4.157931  7.2818290E-01  2.7170850E-01  1.8203879E-07  1.9588020E-08  3.2521478E-06  4.5351797E-06  1.5785570E-07  4.2690322E-10  9.2048308E-07  2.3543589E-08  0.000E+00  0.1008  4.157931  -30.000  3.830081  8.207993  0.0000000E+00  1.7038958E-01  4.7404569E-01  0.0000000E+00  1.0847407E-13  3.5553591E-01  1.2676202E-12  1.8885066E-11  1.8972006E-06  1.1563999E-05  0.000E+00  1.486E-05  2.894E-03  9.856E-01  1.026E+00  2.68E+02  0.00E+00  5.57E+01  0.306916  0.009776  0.0000000E+00  8.3822971529E-03
315  2.749542075492043E+08    3.000000  3.044460  4.156724  7.2818180E-01  2.7170970E-01  1.8203054E-07  1.9587480E-08  3.2522170E-06  4.5351117E-06  1.5785641E-07  4.2688724E-10  9.2048308E-07  2.3543589E-08  0.000E+00  0.1013  4.156724  -30.000  3.832631  8.209239  0.0000000E+00  1.6506490E-01  4.7572728E-01  0.0000000E+00  1.1294046E-13  3.5917893E-01  7.6971590E-13  1.8830942E-11  1.9163237E-06  1.1563527E-05  0.000E+00  1.567E-05  2.905E-03  9.837E-01  1.030E+00  2.67E+02  0.00E+00  5.92E+01  0.326752  0.009810  0.0000000E+00  8.3822971529E-03
316  2.749986751480091E+08    3.000000  3.045617  4.155952  7.2818180E-01  2.7170970E-01  1.8203053E-07  1.9587478E-08  3.2522172E-06  4.5351115E-06  1.5785641E-07  4.2688721E-10  9.2048308E-07  2.3543589E-08  0.000E+00  0.1019  4.155952  -30.000  3.835301  8.210537  0.0000000E+00  1.5974023E-01  4.7728000E-01  0.0000000E+00  1.1383581E-13  3.6295087E-01  4.5999518E-13  1.8299728E-11  1.9365838E-06  1.1563031E-05  0.000E+00  1.525E-05  2.916E-03  9.843E-01  1.029E+00  2.67E+02  0.00E+00  5.79E+01  0.320500  0.009836  0.0000000E+00  8.3822971529E-03
317  2.750435299174042E+08    3.000000  3.046995  4.155184  7.2818180E-01  2.7170970E-01  1.8203051E-07  1.9587477E-08  3.2522173E-06  4.5351114E-06  1.5785641E-07  4.2688717E-10  9.2048308E-07  2.3543589E-08  0.000E+00  0.1022  4.155184  -30.000  3.838041  8.211881  0.0000000E+00  1.5441555E-01  4.7869499E-01  0.0000000E+00  1.8087156E-13  3.6686059E-01  2.7388014E-13  2.7415601E-11  1.9580996E-06  1.1562495E-05  0.000E+00  1.499E-05  2.928E-03  9.846E-01  1.028E+00  2.66E+02  0.00E+00  5.72E+01  0.317544  0.009867  0.0000000E+00  8.3822971529E-03
318  2.750906481155036E+08    3.000000  3.048126  4.154346  7.2818120E-01  2.7171030E-01  1.8202599E-07  1.9587181E-08  3.2522552E-06  4.5350741E-06  1.5785679E-07  4.2687842E-10  9.2048308E-07  2.3543589E-08  0.000E+00  0.1028  4.154346  -30.000  3.840836  8.213270  0.0000000E+00  1.4909088E-01  4.7994817E-01  0.0000000E+00  2.9565151E-13  3.7093202E-01  1.8317591E-13  4.5408245E-11  1.9811301E-06  1.1561915E-05  0.000E+00  1.616E-05  2.940E-03  9.818E-01  1.033E+00  2.65E+02  0.00E+00  6.20E+01  0.343923  0.009893  0.0000000E+00  8.3822971529E-03
319  2.751381015162977E+08    3.000000  3.049147  4.153764  7.2818120E-01  2.7171030E-01  1.8202599E-07  1.9587181E-08  3.2522552E-06  4.5350741E-06  1.5785679E-07  4.2687841E-10  9.2048308E-07  2.3543589E-08  0.000E+00  0.1033  4.153764  -30.000  3.843739  8.214722  0.0000000E+00  1.4376621E-01  4.8104161E-01  0.0000000E+00  5.6173118E-13  3.7516321E-01  1.3027002E-13  7.0130802E-11  2.0057181E-06  1.1561291E-05  0.000E+00  1.590E-05  2.953E-03  9.822E-01  1.033E+00  2.65E+02  0.00E+00  6.12E+01  0.340539  0.009916  0.0000000E+00  8.3822971529E-03
320  2.751865155461106E+08    3.000000  3.050465  4.153347  7.2818120E-01  2.7171030E-01  1.8202599E-07  1.9587181E-08  3.2522553E-06  4.5350741E-06  1.5785680E-07  4.2687841E-10  9.2048308E-07  2.3543589E-08  0.000E+00  0.1038  4.153347  -30.000  3.846730  8.216213  0.0000000E+00  1.3844153E-01  4.8195922E-01  0.0000000E+00  7.2935356E-13  3.7957032E-01  1.0262206E-13  8.0475923E-11  2.0320793E-06  1.1560647E-05  0.000E+00  1.533E-05  2.967E-03  9.833E-01  1.031E+00  2.64E+02  0.00E+00  5.92E+01  0.330357  0.009946  0.0000000E+00  8.3822971529E-03
321  2.752354662514575E+08    3.000000  3.051349  4.152847  7.2818120E-01  2.7171030E-01  1.8202598E-07  1.9587180E-08  3.2522554E-06  4.5350740E-06  1.5785680E-07  4.2687839E-10  9.2048308E-07  2.3543589E-08  0.000E+00  0.1043  4.152847  -30.000  3.849916  8.217755  0.0000000E+00  1.3311686E-01  4.8269371E-01  0.0000000E+00  9.2789149E-13  3.8416042E-01  8.4304796E-14  8.3453719E-11  2.0603511E-06  1.1559969E-05  0.000E+00  1.488E-05  2.981E-03  9.841E-01  1.029E+00  2.64E+02  0.00E+00  5.76E+01  0.322520  0.009967  0.0000000E+00  8.3822971529E-03
322  2.752851242575665E+08    3.000000  3.052481  4.151970  7.2818120E-01  2.7171030E-01  1.8202597E-07  1.9587180E-08  3.2522554E-06  4.5350739E-06  1.5785680E-07  4.2687837E-10  9.2048308E-07  2.3543589E-08  0.000E+00  0.1048  4.151970  -30.000  3.853278  8.219353  0.0000000E+00  1.2779218E-01  4.8322939E-01  0.0000000E+00  8.1448216E-13  3.8894941E-01  7.2277461E-14  7.6875297E-11  2.0907743E-06  1.1559257E-05  0.000E+00  1.419E-05  2.996E-03  9.853E-01  1.027E+00  2.63E+02  0.00E+00  5.53E+01  0.310468  0.009993  0.0000000E+00  8.3822971529E-03
323  2.753360719357967E+08    3.000000  3.054041  4.150851  7.2818120E-01  2.7171030E-01  1.8202593E-07  1.9587177E-08  3.2522557E-06  4.5350736E-06  1.5785680E-07  4.2687831E-10  9.2048308E-07  2.3543589E-08  0.000E+00  0.1053  4.150851  -30.000  3.856765  8.221007  0.0000000E+00  1.2246751E-01  4.8354071E-01  0.0000000E+00  1.1558285E-12  3.9396273E-01  6.9033870E-14  9.3074266E-11  2.1237159E-06  1.1558460E-05  0.000E+00  1.356E-05  3.012E-03  9.863E-01  1.025E+00  2.62E+02  0.00E+00  5.31E+01  0.300014  0.010029  0.0000000E+00  8.3822971530E-03
324  2.753873153540394E+08    3.000000  3.055702  4.149639  7.2817990E-01  2.7171150E-01  1.8201696E-07  1.9586590E-08  3.2523310E-06  4.5349996E-06  1.5785756E-07  4.2686092E-10  9.2048308E-07  2.3543589E-08  0.000E+00  0.1058  4.149639  -30.000  3.860492  8.222746  0.0000000E+00  1.1714283E-01  4.8363050E-01  0.0000000E+00  1.1327013E-12  3.9919758E-01  6.1157463E-14  8.3944417E-11  2.1592717E-06  1.1557637E-05  0.000E+00  1.421E-05  3.029E-03  9.846E-01  1.028E+00  2.61E+02  0.00E+00  5.62E+01  0.317503  0.010067  0.0000000E+00  8.3822971530E-03
325  2.754384374896532E+08    3.000000  3.057108  4.148689  7.2817990E-01  2.7171150E-01  1.8201696E-07  1.9586589E-08  3.2523310E-06  4.5349995E-06  1.5785756E-07  4.2686092E-10  9.2048308E-07  2.3543589E-08  0.000E+00  0.1060  4.148689  -30.000  3.864418  8.224520  0.0000000E+00  1.1181816E-01  4.8349311E-01  0.0000000E+00  8.7226165E-13  4.0465960E-01  4.8412515E-14  6.0477696E-11  2.1976369E-06  1.1556771E-05  0.000E+00  1.378E-05  3.047E-03  9.853E-01  1.027E+00  2.60E+02  0.00E+00  5.48E+01  0.310819  0.010100  0.0000000E+00  8.3822971530E-03
326  2.754928842388312E+08    3.000000  3.058648  4.147706  7.2817990E-01  2.7171150E-01  1.8201695E-07  1.9586589E-08  3.2523311E-06  4.5349994E-06  1.5785756E-07  4.2686090E-10  9.2048308E-07  2.3543589E-08  0.000E+00  0.1066  4.147706  -30.000  3.868535  8.226378  0.0000000E+00  1.0649349E-01  4.8302702E-01  0.0000000E+00  1.5749405E-12  4.1045031E-01  5.4766262E-14  9.4961473E-11  2.2401025E-06  1.1555742E-05  0.000E+00  1.304E-05  3.066E-03  9.865E-01  1.025E+00  2.59E+02  0.00E+00  5.21E+01  0.297228  0.010135  0.0000000E+00  8.3822971530E-03
327  2.755463272256687E+08    3.000000  3.060005  4.146357  7.2817990E-01  2.7171150E-01  1.8201692E-07  1.9586586E-08  3.2523314E-06  4.5349992E-06  1.5785757E-07  4.2686083E-10  9.2048308E-07  2.3543589E-08  0.000E+00  0.1070  4.146357  -30.000  3.872991  8.228299  0.0000000E+00  1.0116881E-01  4.8231723E-01  0.0000000E+00  1.2466955E-12  4.1648477E-01  4.4435138E-14  7.1839000E-11  2.2859313E-06  1.1554712E-05  0.000E+00  1.239E-05  3.086E-03  9.876E-01  1.023E+00  2.58E+02  0.00E+00  4.99E+01  0.286062  0.010167  0.0000000E+00  8.3822971530E-03
328  2.756020524108656E+08    3.000000  3.062103  4.145012  7.2817990E-01  2.7171150E-01  1.8201688E-07  1.9586584E-08  3.2523317E-06  4.5349988E-06  1.5785757E-07  4.2686076E-10  9.2048308E-07  2.3543589E-08  0.000E+00  0.1075  4.145012  -30.000  3.877614  8.230301  0.0000000E+00  9.5844137E-02  4.8125299E-01  0.0000000E+00  1.1605558E-12  4.2287360E-01  4.2734329E-14  6.2866036E-11  2.3366720E-06  1.1553557E-05  0.000E+00  1.206E-05  3.108E-03  9.879E-01  1.022E+00  2.57E+02  0.00E+00  4.90E+01  0.282161  0.010216  0.0000000E+00  8.3822971530E-03
329  2.756591570071251E+08    3.000000  3.063360  4.144241  7.2817990E-01  2.7171150E-01  1.8201687E-07  1.9586583E-08  3.2523318E-06  4.5349988E-06  1.5785757E-07  4.2686074E-10  9.2048308E-07  2.3543589E-08  0.000E+00  0.1079  4.144241  -30.000  3.882682  8.232397  0.0000000E+00  9.0519463E-02  4.7983187E-01  0.0000000E+00  1.8534957E-12  4.2961933E-01  4.2826629E-14  9.6760635E-11  2.3926887E-06  1.1552232E-05  0.000E+00  1.192E-05  3.131E-03  9.880E-01  1.022E+00  2.57E+02  0.00E+00  4.87E+01  0.281076  0.010246  0.0000000E+00  8.3822971530E-03
330  2.757168919584683E+08    3.000000  3.064395  4.143425  7.2817990E-01  2.7171150E-01  1.8201686E-07  1.9586583E-08  3.2523319E-06  4.5349987E-06  1.5785757E-07  4.2686072E-10  9.2048308E-07  2.3543589E-08  0.000E+00  0.1082  4.143425  -30.000  3.888049  8.234575  0.0000000E+00  8.5194789E-02  4.7805149E-01  0.0000000E+00  1.3876202E-12  4.3672432E-01  3.7596904E-14  7.6751333E-11  2.4544029E-06  1.1550850E-05  0.000E+00  1.180E-05  3.157E-03  9.881E-01  1.022E+00  2.56E+02  0.00E+00  4.84E+01  0.280374  0.010271  0.0000000E+00  8.3822971530E-03
331  2.757820475604998E+08    3.000000  3.065638  4.142236  7.2817960E-01  2.7171180E-01  1.8201448E-07  1.9586427E-08  3.2523519E-06  4.5349790E-06  1.5785777E-07  4.2685610E-10  9.2048308E-07  2.3543589E-08  0.000E+00  0.1086  4.142236  -30.000  3.893780  8.236926  0.0000000E+00  7.9870114E-02  4.7560416E-01  0.0000000E+00  4.4328074E-12  4.4449626E-01  5.7881286E-14  1.9765626E-10  2.5264871E-06  1.1549063E-05  0.000E+00  1.319E-05  3.184E-03  9.848E-01  1.028E+00  2.55E+02  0.00E+00  5.45E+01  0.315559  0.010300  0.0000000E+00  8.3822971530E-03
332  2.758464075821734E+08    3.000000  3.066673  4.141215  7.2817920E-01  2.7171220E-01  1.8201175E-07  1.9586247E-08  3.2523748E-06  4.5349565E-06  1.5785800E-07  4.2685081E-10  9.2048308E-07  2.3543589E-08  0.000E+00  0.1086  4.141215  -30.000  3.899723  8.239301  0.0000000E+00  7.4545440E-02  4.7278842E-01  0.0000000E+00  1.4887106E-12  4.5263659E-01  4.0184386E-14  5.7075576E-11  2.6056743E-06  1.1547449E-05  0.000E+00  1.387E-05  3.213E-03  9.829E-01  1.032E+00  2.55E+02  0.00E+00  5.77E+01  0.334154  0.010324  0.0000000E+00  8.3822971530E-03
333  2.759057524711158E+08    3.000000  3.067762  4.140133  7.2817920E-01  2.7171220E-01  1.8201175E-07  1.9586247E-08  3.2523748E-06  4.5349565E-06  1.5785800E-07  4.2685081E-10  9.2048308E-07  2.3543589E-08  0.000E+00  0.1088  4.140133  -30.000  3.906387  8.241819  0.0000000E+00  6.9220766E-02  4.6977392E-01  0.0000000E+00  1.1860613E-12  4.6097569E-01  2.1063491E-14  4.2224163E-11  2.6899735E-06  1.1545565E-05  0.000E+00  1.349E-05  3.245E-03  9.835E-01  1.030E+00  2.54E+02  0.00E+00  5.65E+01  0.328192  0.010351  0.0000000E+00  8.3822971530E-03
334  2.759659614810768E+08    3.000000  3.068988  4.138706  7.2817920E-01  2.7171220E-01  1.8201175E-07  1.9586247E-08  3.2523748E-06  4.5349565E-06  1.5785800E-07  4.2685081E-10  9.2048308E-07  2.3543589E-08  0.000E+00  0.1089  4.138706  -30.000  3.913580  8.244498  0.0000000E+00  6.3896091E-02  4.6625617E-01  0.0000000E+00  1.0728450E-12  4.6981801E-01  1.4792013E-14  3.5910116E-11  2.7845588E-06  1.1543442E-05  0.000E+00  1.326E-05  3.280E-03  9.837E-01  1.030E+00  2.53E+02  0.00E+00  5.60E+01  0.326537  0.010380  0.0000000E+00  8.3822971530E-03
335  2.760274711847354E+08    3.000000  3.070532  4.137176  7.2817920E-01  2.7171220E-01  1.8201175E-07  1.9586247E-08  3.2523748E-06  4.5349565E-06  1.5785800E-07  4.2685081E-10  9.2048308E-07  2.3543589E-08  0.000E+00  0.1090  4.137176  -30.000  3.921246  8.247342  0.0000000E+00  5.8571417E-02  4.6216334E-01  0.0000000E+00  1.0239635E-12  4.7923542E-01  1.1959467E-14  3.2076325E-11  2.8917379E-06  1.1541036E-05  0.000E+00  1.298E-05  3.318E-03  9.839E-01  1.029E+00  2.52E+02  0.00E+00  5.53E+01  0.324155  0.010417  0.0000000E+00  8.3822971530E-03
336  2.760948126160270E+08    3.000000  3.072253  4.135283  7.2817920E-01  2.7171220E-01  1.8201175E-07  1.9586247E-08  3.2523748E-06  4.5349565E-06  1.5785800E-07  4.2685081E-10  9.2048308E-07  2.3543589E-08  0.000E+00  0.1091  4.135283  -30.000  3.929774  8.250477  0.0000000E+00  5.3246743E-02  4.5716431E-01  0.0000000E+00  3.2955798E-12  4.8955899E-01  2.2929018E-14  1.1182032E-10  3.0189110E-06  1.1538077E-05  0.000E+00  1.270E-05  3.361E-03  9.841E-01  1.029E+00  2.50E+02  0.00E+00  5.47E+01  0.322254  0.010458  0.0000000E+00  8.3822971530E-03
337  2.761836404200404E+08    3.000000  3.074205  4.133128  7.2817890E-01  2.7171250E-01  1.8200943E-07  1.9586096E-08  3.2523943E-06  4.5349373E-06  1.5785820E-07  4.2684632E-10  9.2048308E-07  2.3543589E-08  0.000E+00  0.1090  4.133128  -30.000  3.938638  8.253874  0.0000000E+00  4.7922069E-02  4.5010831E-01  0.0000000E+00  3.7648711E-12  5.0193948E-01  3.8324762E-14  1.0480109E-10  3.1912655E-06  1.1534220E-05  0.000E+00  1.273E-05  3.406E-03  9.835E-01  1.030E+00  2.49E+02  0.00E+00  5.54E+01  0.328646  0.010505  0.0000000E+00  8.3822971530E-03
338  2.762617357392396E+08    3.000000  3.075934  4.130772  7.2817890E-01  2.7171250E-01  1.8200942E-07  1.9586095E-08  3.2523943E-06  4.5349373E-06  1.5785820E-07  4.2684631E-10  9.2048308E-07  2.3543589E-08  0.000E+00  0.1079  4.130772  -30.000  3.948453  8.257344  0.0000000E+00  4.2597394E-02  4.4308206E-01  0.0000000E+00  8.6439063E-15  5.1429023E-01  9.6420021E-15  1.9706521E-13  3.3729520E-06  1.1530275E-05  0.000E+00  1.238E-05  3.457E-03  9.837E-01  1.030E+00  2.47E+02  0.00E+00  5.47E+01  0.326149  0.010547  0.0000000E+00  8.3822971530E-03
339  2.763265012216702E+08    3.000000  3.077590  4.127496  7.2817890E-01  2.7171250E-01  1.8200942E-07  1.9586095E-08  3.2523943E-06  4.5349373E-06  1.5785820E-07  4.2684631E-10  9.2048308E-07  2.3543589E-08  0.000E+00  0.1077  4.127496  -30.000  3.960231  8.261250  0.0000000E+00  3.7272720E-02  4.3630350E-01  0.0000000E+00  1.1352808E-13  5.2639327E-01  9.4474183E-16  2.5642584E-12  3.5594587E-06  1.1526062E-05  0.000E+00  1.199E-05  3.519E-03  9.839E-01  1.029E+00  2.45E+02  0.00E+00  5.38E+01  0.324024  0.010587  0.0000000E+00  8.3822971530E-03
340  2.763961803510925E+08    3.000000  3.079875  4.123841  7.2817890E-01  2.7171250E-01  1.8200942E-07  1.9586095E-08  3.2523943E-06  4.5349373E-06  1.5785820E-07  4.2684631E-10  9.2048308E-07  2.3543589E-08  0.000E+00  0.1073  4.123841  -30.000  3.973589  8.265622  0.0000000E+00  3.1948046E-02  4.2836073E-01  0.0000000E+00  2.9938982E-14  5.3966050E-01  2.4683485E-15  1.2499818E-12  3.7853153E-06  1.1520913E-05  0.000E+00  1.131E-05  3.590E-03  9.848E-01  1.028E+00  2.43E+02  0.00E+00  5.18E+01  0.315031  0.010643  0.0000000E+00  8.3822971530E-03
341  2.764666533380836E+08    3.000000  3.082165  4.119470  7.2817890E-01  2.7171250E-01  1.8200942E-07  1.9586095E-08  3.2523943E-06  4.5349373E-06  1.5785820E-07  4.2684631E-10  9.2048308E-07  2.3543589E-08  0.000E+00  0.1059  4.119470  -30.000  3.989213  8.270631  0.0000000E+00  2.6623371E-02  4.1940101E-01  0.0000000E+00  1.7445448E-13  5.5394461E-01  7.3010530E-16  3.3674918E-12  4.0541299E-06  1.1514674E-05  0.000E+00  1.052E-05  3.676E-03  9.860E-01  1.026E+00  2.40E+02  0.00E+00  4.92E+01  0.303516  0.010700  0.0000000E+00  8.3822971530E-03
342  2.765470199739886E+08    3.000000  3.085380  4.113321  7.2817890E-01  2.7171250E-01  1.8200942E-07  1.9586095E-08  3.2523943E-06  4.5349373E-06  1.5785820E-07  4.2684631E-10  9.2048308E-07  2.3543589E-08  0.000E+00  0.1049  4.113321  -30.000  4.008250  8.276523  0.0000000E+00  2.1298697E-02  4.0864614E-01  0.0000000E+00  4.9313689E-14  5.7002382E-01  4.7132178E-15  4.5202670E-12  4.4010737E-06  1.1506384E-05  0.000E+00  9.915E-06  3.781E-03  9.863E-01  1.025E+00  2.36E+02  0.00E+00  4.79E+01  0.300129  0.010779  0.0000000E+00  8.3822971530E-03
343  2.766324080059839E+08    3.000000  3.088373  4.106332  7.2817870E-01  2.7171270E-01  1.8200797E-07  1.9586000E-08  3.2524065E-06  4.5349253E-06  1.5785832E-07  4.2684350E-10  9.2048308E-07  2.3543589E-08  0.000E+00  0.1024  4.106332  -30.000  4.032232  8.283356  0.0000000E+00  1.5974023E-02  3.9621384E-01  0.0000000E+00  1.8592411E-16  5.8778035E-01  1.0660111E-16  2.9271871E-15  4.8436132E-06  1.1495377E-05  0.000E+00  9.906E-06  3.918E-03  9.848E-01  1.028E+00  2.32E+02  0.00E+00  4.96E+01  0.315837  0.010853  0.0000000E+00  8.3822971530E-03
344  2.767115215588599E+08    3.000000  3.091756  4.095256  7.2817870E-01  2.7171270E-01  1.8200791E-07  1.9585996E-08  3.2524071E-06  4.5349247E-06  1.5785833E-07  4.2684337E-10  9.2048308E-07  2.3543589E-08  0.000E+00  0.0995  4.095256  -30.000  4.065716  8.292434  0.0000000E+00  1.0649349E-02  3.8310787E-01  0.0000000E+00  9.5552325E-17  6.0621045E-01  6.7847534E-19  1.4216224E-15  5.3761375E-06  1.1481236E-05  0.000E+00  8.973E-06  4.116E-03  9.853E-01  1.027E+00  2.26E+02  0.00E+00  4.75E+01  0.310801  0.010938  0.0000000E+00  8.3822971530E-03
345  2.767944884865056E+08    3.000000  3.095830  4.076780  7.2817870E-01  2.7171280E-01  1.8200763E-07  1.9585977E-08  3.2524094E-06  4.5349224E-06  1.5785835E-07  4.2684283E-10  9.2048308E-07  2.3543589E-08  0.000E+00  0.0919  4.076780  -30.000  4.119608  8.306609  0.0000000E+00  5.3246743E-03  3.6852974E-01  0.0000000E+00  3.9919191E-19  6.2611253E-01  2.8295240E-20  5.2067139E-18  6.0939205E-06  1.1459760E-05  0.000E+00  7.672E-06  4.458E-03  9.859E-01  1.026E+00  2.16E+02  0.00E+00  4.44E+01  0.304270  0.011041  0.0000000E+00  8.3822971530E-03
346  2.768904783504648E+08    3.000000  3.088959  4.018483  7.2817820E-01  2.7171320E-01  1.8200402E-07  1.9585741E-08  3.2524397E-06  4.5348926E-06  1.5785866E-07  4.2683583E-10  9.2048308E-07  2.3543589E-08  0.000E+00  0.0247  4.018483    0.000  4.338845  8.352132  0.0000000E+00  6.8628820E-05  3.5303653E-01  0.0000000E+00  0.0000000E+00  6.4686038E-01  0.0000000E+00  0.0000000E+00  7.4976326E-06  1.1414251E-05  0.000E+00  4.858E-06  6.185E-03  9.876E-01  1.035E+00  1.89E+02  0.00E+00  3.64E+01  0.285279  0.010868  0.0000000E+00  8.3822971530E-03
347  2.769125347762547E+08    3.000000  3.085650  3.978196  7.2817550E-01  2.7171590E-01  1.8198412E-07  1.9584436E-08  3.2526070E-06  4.5347281E-06  1.5786034E-07  4.2679725E-10  9.2048308E-07  2.3543589E-08  0.000E+00  0.0000  3.978196    0.000  4.465803  8.357115  0.0000000E+00  1.0956300E-11  3.5283069E-01  0.0000000E+00  0.0000000E+00  6.4713477E-01  0.0000000E+00  0.0000000E+00  7.5753893E-06  1.1412341E-05  0.000E+00  3.601E-06  7.508E-03  9.883E-01  1.034E+00  1.73E+02  0.00E+00  3.24E+01  0.277951  0.010786  0.0000000E+00  8.3822971530E-03
348  2.769883658608779E+08    3.000000  3.126586  3.930805  7.2813610E-01  2.7175540E-01  1.8169323E-07  1.9565354E-08  3.2550522E-06  4.5323222E-06  1.5788489E-07  4.2623330E-10  9.2048308E-07  2.3543589E-08  0.000E+00  0.0000  3.930805    0.000  4.641791  8.324198  0.0000000E+00  3.8094400E-24  3.5283069E-01  0.0000000E+00  0.0000000E+00  6.4713477E-01  0.0000000E+00  0.0000000E+00  7.5753893E-06  1.1412341E-05  0.000E+00  2.573E-06  9.837E-03  9.867E-01  1.038E+00  1.51E+02  0.00E+00  3.02E+01  0.295169  0.011851  0.0000000E+00  8.3822971530E-03
349  2.770744392709792E+08    3.000000  3.103102  3.823391  7.2809350E-01  2.7179800E-01  1.8138100E-07  1.9544836E-08  3.2576849E-06  4.5297310E-06  1.5791087E-07  4.2562750E-10  9.2048308E-07  2.3543589E-08  0.000E+00  0.0000  3.823391    0.000  4.769861  8.314252  0.0000000E+00  4.6538570E-43  3.5283069E-01  0.0000000E+00  0.0000000E+00  6.4713477E-01  0.0000000E+00  0.0000000E+00  7.5753893E-06  1.1412341E-05  0.000E+00  1.053E-06  1.197E-02  9.910E-01  1.028E+00  1.20E+02  0.00E+00  1.97E+01  0.244591  0.011227  0.0000000E+00  8.3822971530E-03
350  2.771846955230384E+08    2.999689  3.057895  3.703092  7.2512640E-01  2.7476720E-01  1.6184129E-07  1.8223147E-08  3.4314038E-06  4.3577915E-06  1.5909664E-07  3.8721444E-10  9.2048308E-07  2.3543589E-08  0.000E+00  0.0000  3.703092   -8.464  4.885954  8.313617  0.0000000E+00  4.0425520E-72  3.5283069E-01  0.0000000E+00  0.0000000E+00  6.4713477E-01  0.0000000E+00  0.0000000E+00  7.5753893E-06  1.1412341E-05  0.000E+00  1.866E-07  1.430E-02  9.987E-01  1.004E+00  9.29E+01  0.00E+00  5.75E+00  0.092788  0.010101  0.0000000E+00  8.3714401953E-03
351  2.772372068771442E+08    2.999402  3.207856  3.688687  7.1599807E-01  2.8390203E-01  1.1581537E-07  1.4952194E-08  3.8920208E-06  3.8973813E-06  1.5852439E-07  2.9447996E-10  9.2048308E-07  2.3543589E-08  0.000E+00  0.0000  3.688687   -8.217  4.932382  8.315976  0.0000000E+00  0.0000000E+00  3.5283069E-01  0.0000000E+00  0.0000000E+00  6.4713477E-01  0.0000000E+00  0.0000000E+00  7.5753893E-06  1.1412341E-05  0.000E+00  9.653E-08  1.535E-02  9.993E-01  1.002E+00  8.24E+01  0.00E+00  3.78E+00  0.068737  0.014193  0.0000000E+00  8.3658789976E-03
352  2.772897182312500E+08    2.999102  3.177892  3.692432  7.1599280E-01  2.8390720E-01  1.1579373E-07  1.4950458E-08  3.8922570E-06  3.8971442E-06  1.5852257E-07  2.9443504E-10  9.2048308E-07  2.3543589E-08  0.000E+00  0.0000  3.692432   -8.270  4.977840  8.320515  0.0000000E+00  9.1921207E-23  3.5283069E-01  0.0000000E+00  0.0000000E+00  6.4713477E-01  0.0000000E+00  0.0000000E+00  7.5753893E-06  1.1412341E-05  0.000E+00  1.120E-07  1.645E-02  9.992E-01  1.002E+00  8.45E+01  0.00E+00  4.16E+00  0.073789  0.013248  0.0000000E+00  8.3598964279E-03
353  2.773422295853558E+08    2.998820  3.184032  3.691714  7.1598508E-01  2.8391492E-01  1.1576199E-07  1.4947887E-08  3.8926051E-06  3.8967945E-06  1.5851981E-07  2.9436895E-10  9.2048308E-07  2.3543589E-08  0.000E+00  0.0000  3.691714   -8.259  5.026871  8.328530  0.0000000E+00  1.5501600E-22  3.5283069E-01  0.0000000E+00  0.0000000E+00  6.4713477E-01  0.0000000E+00  0.0000000E+00  7.5753893E-06  1.1412341E-05  0.000E+00  1.062E-07  1.773E-02  9.992E-01  1.002E+00  8.41E+01  0.00E+00  3.99E+00  0.071091  0.013437  0.0000000E+00  8.3541573647E-03
354  2.773947409394616E+08    2.998515  3.212580  3.689691  7.1542436E-01  2.8447654E-01  1.1349826E-07  1.4760960E-08  3.9177494E-06  3.8715113E-06  1.5830631E-07  2.8961723E-10  9.2048308E-07  2.3543589E-08  0.000E+00  0.0000  3.689691   -8.213  5.076469  8.337220  0.0000000E+00  2.7593488E-22  3.5283069E-01  0.0000000E+00  0.0000000E+00  6.4713477E-01  0.0000000E+00  0.0000000E+00  7.5753893E-06  1.1412341E-05  0.000E+00  9.279E-08  1.912E-02  9.994E-01  1.002E+00  8.23E+01  0.00E+00  3.64E+00  0.066204  0.014348  0.0000000E+00  8.3482670909E-03
355  2.774472522935674E+08    2.998168  3.242295  3.688050  7.1407630E-01  2.8582682E-01  1.0823899E-07  1.4313104E-08  3.9777218E-06  3.8110857E-06  1.5773080E-07  2.7840535E-10  9.2048307E-07  2.3543589E-08  0.000E+00  0.0000  3.688050   -8.164  5.127808  8.346505  0.0000000E+00  5.1683407E-22  3.5283069E-01  0.0000000E+00  0.0000000E+00  6.4713477E-01  0.0000000E+00  0.0000000E+00  7.5753893E-06  1.1412341E-05  0.000E+00  8.366E-08  2.068E-02  9.994E-01  1.002E+00  8.06E+01  0.00E+00  3.42E+00  0.063527  0.015353  0.0000000E+00  8.3418187672E-03
356  2.774997636476732E+08    2.997776  3.288600  3.685572  7.1147100E-01  2.8843700E-01  9.9220357E-08  1.3480224E-08  4.0930337E-06  3.6939303E-06  1.5606939E-07  2.5801391E-10  9.2048304E-07  2.3543588E-08  0.000E+00  0.0000  3.685572   -8.089  5.181346  8.356094  0.0000000E+00  1.0029666E-21  3.5283069E-01  0.0000000E+00  0.0000000E+00  6.4713477E-01  0.0000000E+00  0.0000000E+00  7.5753893E-06  1.1412341E-05  0.000E+00  7.269E-08  2.243E-02  9.995E-01  1.002E+00  7.80E+01  0.00E+00  3.17E+00  0.060870  0.017056  0.0000000E+00  8.3346261277E-03
357  2.775522750017791E+08    2.997330  3.317412  3.684190  7.1011950E-01  2.8979129E-01  9.5243422E-08  1.3087510E-08  4.1548510E-06  3.6303818E-06  1.5468132E-07  2.4821726E-10  9.2048301E-07  2.3543587E-08  0.000E+00  0.0000  3.684190   -8.044  5.235762  8.364955  0.0000000E+00  1.8790550E-21  3.5283069E-01  0.0000000E+00  0.0000000E+00  6.4713477E-01  0.0000000E+00  0.0000000E+00  7.5753893E-06  1.1412341E-05  0.000E+00  6.681E-08  2.437E-02  9.995E-01  1.001E+00  7.65E+01  0.00E+00  3.03E+00  0.059357  0.018215  0.0000000E+00  8.3264760506E-03
358  2.776047863558849E+08    2.996812  3.358887  3.682081  7.0824644E-01  2.9166809E-01  9.0466850E-08  1.2610209E-08  4.2463243E-06  3.5354320E-06  1.5189158E-07  2.3548544E-10  9.2048296E-07  2.3543586E-08  0.000E+00  0.0000  3.682081   -7.977  5.292690  8.373756  0.0000000E+00  3.5566264E-21  3.5283069E-01  0.0000000E+00  0.0000000E+00  6.4713477E-01  0.0000000E+00  0.0000000E+00  7.5753893E-06  1.1412341E-05  0.000E+00  5.938E-08  2.657E-02  9.995E-01  1.001E+00  7.43E+01  0.00E+00  2.85E+00  0.057503  0.020022  0.0000000E+00  8.3276244149E-03
359  2.776572977099907E+08    2.996214  3.403761  3.680484  7.0700301E-01  2.9291399E-01  8.7811006E-08  1.2352766E-08  4.3133262E-06  3.4652000E-06  1.4925861E-07  2.2763481E-10  9.2048293E-07  2.3543585E-08  0.000E+00  0.0000  3.680484   -7.910  5.352623  8.382431  0.0000000E+00  6.7703254E-21  3.5283069E-01  0.0000000E+00  0.0000000E+00  6.4713477E-01  0.0000000E+00  0.0000000E+00  7.5753893E-06  1.1412341E-05  0.000E+00  5.335E-08  2.910E-02  9.995E-01  1.001E+00  7.21E+01  0.00E+00  2.72E+00  0.056475  0.022190  0.0000000E+00  8.3149712362E-03
360  2.777098090640965E+08    2.995518  3.453094  3.678454  7.0577231E-01  2.9414701E-01  8.5524317E-08  1.2143596E-08  4.3850832E-06  3.3895157E-06  1.4605790E-07  2.2026671E-10  9.2048291E-07  2.3543585E-08  0.000E+00  0.0000  3.678454   -7.828  5.415685  8.390601  0.0000000E+00  1.2615051E-20  3.5283069E-01  0.0000000E+00  0.0000000E+00  6.4713477E-01  0.0000000E+00  0.0000000E+00  7.5753893E-06  1.1412341E-05  0.000E+00  4.679E-08  3.203E-02  9.996E-01  1.001E+00  6.98E+01  0.00E+00  2.55E+00  0.054723  0.024848  0.0000000E+00  8.3042234280E-03
361  2.777623204182023E+08    2.994667  3.493631  3.675644  7.0475620E-01  2.9516492E-01  8.3877948E-08  1.2004881E-08  4.4478338E-06  3.3229971E-06  1.4305453E-07  2.1451498E-10  9.2048290E-07  2.3543584E-08  0.000E+00  0.0000  3.675644   -7.762  5.484045  8.398825  0.0000000E+00  2.3589114E-20  3.5283069E-01  0.0000000E+00  0.0000000E+00  6.4713477E-01  0.0000000E+00  0.0000000E+00  7.5753893E-06  1.1412341E-05  0.000E+00  4.146E-08  3.553E-02  9.996E-01  1.001E+00  6.77E+01  0.00E+00  2.40E+00  0.053008  0.027269  0.0000000E+00  8.2858065114E-03
362  2.778148317723081E+08    2.993655  3.547919  3.673512  7.0412172E-01  2.9580047E-01  8.3001293E-08  1.1937626E-08  4.4867911E-06  3.2815308E-06  1.4113925E-07  2.1124499E-10  9.2048289E-07  2.3543584E-08  0.000E+00  0.0000  3.673512   -7.676  5.560258  8.407286  0.0000000E+00  3.9896303E-20  3.5283069E-01  0.0000000E+00  0.0000000E+00  6.4713477E-01  0.0000000E+00  0.0000000E+00  7.5753893E-06  1.1412341E-05  0.000E+00  3.447E-08  3.989E-02  9.996E-01  1.001E+00  6.53E+01  0.00E+00  2.14E+00  0.049183  0.030899  0.0000000E+00  8.2622198542E-03
363  2.778673431264139E+08    2.992383  3.612488  3.671176  7.0346063E-01  2.9646238E-01  8.2258164E-08  1.1884574E-08  4.5229191E-06  3.2429745E-06  1.3936001E-07  2.0836235E-10  9.2048289E-07  2.3543584E-08  0.000E+00  0.0000  3.671176   -7.575  5.644882  8.414796  0.0000000E+00  6.4957332E-20  3.5283069E-01  0.0000000E+00  0.0000000E+00  6.4713477E-01  0.0000000E+00  0.0000000E+00  7.5753894E-06  1.1412341E-05  0.000E+00  2.955E-08  4.537E-02  9.997E-01  1.001E+00  6.26E+01  0.00E+00  2.00E+00  0.047912  0.035853  0.0000000E+00  8.2396442480E-03
364  2.779198544805197E+08    2.990775  3.681460  3.666404  7.0277503E-01  2.9714867E-01  8.1716780E-08  1.1848881E-08  4.5513731E-06  3.2125521E-06  1.3796881E-07  2.0618722E-10  9.2048289E-07  2.3543584E-08  0.000E+00  0.0000  3.666404   -7.460  5.742179  8.421241  0.0000000E+00  1.0080260E-19  3.5283069E-01  0.0000000E+00  0.0000000E+00  6.4713477E-01  0.0000000E+00  0.0000000E+00  7.5753894E-06  1.1412341E-05  0.000E+00  2.495E-08  5.261E-02  9.997E-01  1.001E+00  5.95E+01  0.00E+00  1.87E+00  0.047107  0.042030  0.0000000E+00  8.2103260851E-03
365  2.779723658346255E+08    2.988646  3.758254  3.663413  7.0179048E-01  2.9813382E-01  8.1245635E-08  1.1820833E-08  4.5787884E-06  3.1843037E-06  1.3669040E-07  2.0422805E-10  9.2048289E-07  2.3543600E-08  0.000E+00  0.0000  3.663413   -7.343  5.855255  8.424265  0.0000000E+00  1.2932557E-19  3.5283069E-01  0.0000000E+00  0.0000000E+00  6.4713477E-01  0.0000000E+00  0.0000000E+00  7.5753894E-06  1.1412341E-05  0.000E+00  1.873E-08  6.248E-02  9.997E-01  1.001E+00  5.64E+01  0.00E+00  1.56E+00  0.041313  0.050167  0.0000000E+00  8.1463259951E-03
366  2.780248771887313E+08    2.985811  3.840018  3.660421  7.0029113E-01  2.9963367E-01  8.1025474E-08  1.1844313E-08  4.6331840E-06  3.1618328E-06  1.3562553E-07  2.0260892E-10  9.2048291E-07  2.3544077E-08  0.000E+00  0.0000  3.660421   -7.211  5.990812  8.420809  0.0000000E+00  1.1586980E-19  3.5283069E-01  0.0000000E+00  0.0000000E+00  6.4713477E-01  0.0000000E+00  0.0000000E+00  7.5753894E-06  1.1412341E-05  0.000E+00  1.488E-08  7.679E-02  9.998E-01  1.001E+00  5.35E+01  0.00E+00  1.38E+00  0.038586  0.060563  0.0000000E+00  8.0960481727E-03
367  2.780773885428371E+08    2.981795  3.945968  3.655589  6.9564770E-01  3.0427610E-01  9.0392739E-08  1.4579613E-08  6.3483626E-06  3.3742412E-06  1.3474671E-07  2.0059127E-10  9.2048412E-07  2.3576925E-08  0.000E+00  0.0000  3.655589   -7.042  6.157499  8.401644  0.0000000E+00  4.4229065E-20  3.5283069E-01  0.0000000E+00  0.0000000E+00  6.4713477E-01  0.0000000E+00  0.0000000E+00  7.5753894E-06  1.1412341E-05  0.000E+00  1.087E-08  9.898E-02  9.998E-01  1.001E+00  4.97E+01  0.00E+00  1.16E+00  0.035068  0.077189  0.0000000E+00  7.9564782396E-03
368  2.781298998969430E+08    2.975760  4.071916  3.641173  6.7912158E-01  3.2069211E-01  7.6922194E-07  2.0533767E-07  9.4903071E-05  2.6930049E-05  1.8406166E-07  2.5014271E-10  9.2056329E-07  5.1340426E-08  0.000E+00  0.0000  3.641173   -6.809  6.367804  8.347529  0.0000000E+00  1.4888577E-21  3.5283069E-01  0.0000000E+00  0.0000000E+00  6.4713477E-01  0.0000000E+00  0.0000000E+00  7.5753894E-06  1.1412341E-05  0.000E+00  7.319E-09  1.364E-01  9.998E-01  1.000E+00  4.46E+01  0.00E+00  9.69E-01  0.032611  0.102360  0.0000000E+00  7.8603522593E-03
369  2.781824112510487E+08    2.965309  4.207598  3.629375  6.6805620E-01  3.3151030E-01  2.5705644E-06  7.1334805E-07  2.9145213E-04  7.6727623E-05  2.7012904E-07  3.6753185E-10  9.2081171E-07  6.5867719E-07  0.000E+00  0.0000  3.629375   -6.594  6.634838  8.247764  0.0000000E+00  1.3909627E-38  3.5283069E-01  0.0000000E+00  0.0000000E+00  6.4713477E-01  0.0000000E+00  0.0000000E+00  7.5753894E-06  1.1412341E-05  0.000E+00  4.390E-09  2.053E-01  9.999E-01  1.000E+00  4.01E+01  0.00E+00  7.15E-01  0.026720  0.139466  0.0000000E+00  7.6756456970E-03
370  2.782349226051546E+08    2.951825  4.245347  3.630901  6.6795660E-01  3.3160620E-01  2.6024800E-06  7.2235347E-07  2.9441431E-04  7.7363590E-05  2.7104609E-07  3.6915795E-10  9.2092280E-07  7.2880766E-07  0.000E+00  0.0000  3.630901   -6.539  6.870558  8.130875  0.0000000E+00  0.0000000E+00  3.5283069E-01  0.0000000E+00  0.0000000E+00  6.4713477E-01  0.0000000E+00  0.0000000E+00  7.5753894E-06  1.1412341E-05  0.000E+00  3.978E-09  2.957E-01  9.999E-01  1.000E+00  3.94E+01  0.00E+00  6.71E-01  0.025562  0.152816  0.0000000E+00  7.4822029109E-03
371  2.782349226051546E+08    2.951825  4.245347  3.630901  6.6795660E-01  3.3160620E-01  2.6024800E-06  7.2235347E-07  2.9441431E-04  7.7363590E-05  2.7104609E-07  3.6915795E-10  9.2092280E-07  7.2880766E-07  0.000E+00  0.0000  3.630901   -6.539  6.870558  8.130875  0.0000000E+00  0.0000000E+00  3.5283069E-01  0.0000000E+00  0.0000000E+00  6.4713477E-01  0.0000000E+00  0.0000000E+00  7.5753894E-06  1.1412341E-05  0.000E+00  3.978E-09  2.957E-01  9.999E-01  1.000E+00  3.94E+01  0.00E+00  6.71E-01  0.025562  0.152816  0.0000000E+00  7.4822029109E-03
372  2.782349226051546E+08    2.951825  4.245347  3.630901  6.6795660E-01  3.3160620E-01  2.6024800E-06  7.2235347E-07  2.9441431E-04  7.7363590E-05  2.7104609E-07  3.6915795E-10  9.2092280E-07  7.2880766E-07  0.000E+00  0.0000  3.630901   -6.539  6.870558  8.130875  0.0000000E+00  0.0000000E+00  3.5283069E-01  0.0000000E+00  0.0000000E+00  6.4713477E-01  0.0000000E+00  0.0000000E+00  7.5753894E-06  1.1412341E-05  0.000E+00  3.978E-09  2.957E-01  9.999E-01  1.000E+00  3.94E+01  0.00E+00  6.71E-01  0.025562  0.152816  0.0000000E+00  7.4822029109E-03
373  2.782349226051546E+08    2.951825  4.245347  3.630901  6.6795660E-01  3.3160620E-01  2.6024800E-06  7.2235347E-07  2.9441431E-04  7.7363590E-05  2.7104609E-07  3.6915795E-10  9.2092280E-07  7.2880766E-07  0.000E+00  0.0000  3.630901   -6.539  6.870558  8.130875  0.0000000E+00  0.0000000E+00  3.5283069E-01  0.0000000E+00  0.0000000E+00  6.4713477E-01  0.0000000E+00  0.0000000E+00  7.5753894E-06  1.1412341E-05  0.000E+00  3.978E-09  2.957E-01  9.999E-01  1.000E+00  3.94E+01  0.00E+00  6.71E-01  0.025562  0.152816  0.0000000E+00  7.4822029109E-03
374  2.782349226051546E+08    2.951825  4.245347  3.630901  6.6795660E-01  3.3160620E-01  2.6024800E-06  7.2235347E-07  2.9441431E-04  7.7363590E-05  2.7104609E-07  3.6915795E-10  9.2092280E-07  7.2880766E-07  0.000E+00  0.0000  3.630901   -6.539  6.870558  8.130875  0.0000000E+00  0.0000000E+00  3.5283069E-01  0.0000000E+00  0.0000000E+00  6.4713477E-01  0.0000000E+00  0.0000000E+00  7.5753894E-06  1.1412341E-05  0.000E+00  3.978E-09  2.957E-01  9.999E-01  1.000E+00  3.94E+01  0.00E+00  6.71E-01  0.025562  0.152816  0.0000000E+00  7.4822029109E-03
375  2.782349226051546E+08    2.951825  4.245347  3.630901  6.6795660E-01  3.3160620E-01  2.6024800E-06  7.2235347E-07  2.9441431E-04  7.7363590E-05  2.7104609E-07  3.6915795E-10  9.2092280E-07  7.2880766E-07  0.000E+00  0.0000  3.630901   -6.539  6.870558  8.130875  0.0000000E+00  0.0000000E+00  3.5283069E-01  0.0000000E+00  0.0000000E+00  6.4713477E-01  0.0000000E+00  0.0000000E+00  7.5753894E-06  1.1412341E-05  0.000E+00  3.978E-09  2.957E-01  9.999E-01  1.000E+00  3.94E+01  0.00E+00  6.71E-01  0.025562  0.152816  0.0000000E+00  7.4822029109E-03
376  2.782349226051546E+08    2.951825  4.245347  3.630901  6.6795660E-01  3.3160620E-01  2.6024800E-06  7.2235347E-07  2.9441431E-04  7.7363590E-05  2.7104609E-07  3.6915795E-10  9.2092280E-07  7.2880766E-07  0.000E+00  0.0000  3.630901   -6.539  6.870558  8.130875  0.0000000E+00  0.0000000E+00  3.5283069E-01  0.0000000E+00  0.0000000E+00  6.4713477E-01  0.0000000E+00  0.0000000E+00  7.5753894E-06  1.1412341E-05  0.000E+00  3.978E-09  2.957E-01  9.999E-01  1.000E+00  3.94E+01  0.00E+00  6.71E-01  0.025562  0.152816  0.0000000E+00  7.4822029109E-03
377  2.782349226051546E+08    2.951825  4.245347  3.630901  6.6795660E-01  3.3160620E-01  2.6024800E-06  7.2235347E-07  2.9441431E-04  7.7363590E-05  2.7104609E-07  3.6915795E-10  9.2092280E-07  7.2880766E-07  0.000E+00  0.0000  3.630901   -6.539  6.870558  8.130875  0.0000000E+00  0.0000000E+00  3.5283069E-01  0.0000000E+00  0.0000000E+00  6.4713477E-01  0.0000000E+00  0.0000000E+00  7.5753894E-06  1.1412341E-05  0.000E+00  3.978E-09  2.957E-01  9.999E-01  1.000E+00  3.94E+01  0.00E+00  6.71E-01  0.025562  0.152816  0.0000000E+00  7.4822029109E-03
378  2.782349226051546E+08    2.951825  4.245347  3.630901  6.6795660E-01  3.3160620E-01  2.6024800E-06  7.2235347E-07  2.9441431E-04  7.7363590E-05  2.7104609E-07  3.6915795E-10  9.2092280E-07  7.2880766E-07  0.000E+00  0.0000  3.630901   -6.539  6.870558  8.130875  0.0000000E+00  0.0000000E+00  3.5283069E-01  0.0000000E+00  0.0000000E+00  6.4713477E-01  0.0000000E+00  0.0000000E+00  7.5753894E-06  1.1412341E-05  0.000E+00  3.978E-09  2.957E-01  9.999E-01  1.000E+00  3.94E+01  0.00E+00  6.71E-01  0.025562  0.152816  0.0000000E+00  7.4822029109E-03
379  2.782349226051546E+08    2.951825  4.245347  3.630901  6.6795660E-01  3.3160620E-01  2.6024800E-06  7.2235347E-07  2.9441431E-04  7.7363590E-05  2.7104609E-07  3.6915795E-10  9.2092280E-07  7.2880766E-07  0.000E+00  0.0000  3.630901   -6.539  6.870558  8.130875  0.0000000E+00  0.0000000E+00  3.5283069E-01  0.0000000E+00  0.0000000E+00  6.4713477E-01  0.0000000E+00  0.0000000E+00  7.5753894E-06  1.1412341E-05  0.000E+00  3.978E-09  2.957E-01  9.999E-01  1.000E+00  3.94E+01  0.00E+00  6.71E-01  0.025562  0.152816  0.0000000E+00  7.4822029109E-03
380  2.782349226051546E+08    2.951825  4.245347  3.630901  6.6795660E-01  3.3160620E-01  2.6024800E-06  7.2235347E-07  2.9441431E-04  7.7363590E-05  2.7104609E-07  3.6915795E-10  9.2092280E-07  7.2880766E-07  0.000E+00  0.0000  3.630901   -6.539  6.870558  8.130875  0.0000000E+00  0.0000000E+00  3.5283069E-01  0.0000000E+00  0.0000000E+00  6.4713477E-01  0.0000000E+00  0.0000000E+00  7.5753894E-06  1.1412341E-05  0.000E+00  3.978E-09  2.957E-01  9.999E-01  1.000E+00  3.94E+01  0.00E+00  6.71E-01  0.025562  0.152816  0.0000000E+00  7.4822029109E-03
381  2.782349226051546E+08    2.951825  4.245347  3.630901  6.6795660E-01  3.3160620E-01  2.6024800E-06  7.2235347E-07  2.9441431E-04  7.7363590E-05  2.7104609E-07  3.6915795E-10  9.2092280E-07  7.2880766E-07  0.000E+00  0.0000  3.630901   -6.539  6.870558  8.130875  0.0000000E+00  0.0000000E+00  3.5283069E-01  0.0000000E+00  0.0000000E+00  6.4713477E-01  0.0000000E+00  0.0000000E+00  7.5753894E-06  1.1412341E-05  0.000E+00  3.978E-09  2.957E-01  9.999E-01  1.000E+00  3.94E+01  0.00E+00  6.71E-01  0.025562  0.152816  0.0000000E+00  7.4822029109E-03
382  2.782349226051546E+08    2.951825  4.245347  3.630901  6.6795660E-01  3.3160620E-01  2.6024800E-06  7.2235347E-07  2.9441431E-04  7.7363590E-05  2.7104609E-07  3.6915795E-10  9.2092280E-07  7.2880766E-07  0.000E+00  0.0000  3.630901   -6.539  6.870558  8.130875  0.0000000E+00  0.0000000E+00  3.5283069E-01  0.0000000E+00  0.0000000E+00  6.4713477E-01  0.0000000E+00  0.0000000E+00  7.5753894E-06  1.1412341E-05  0.000E+00  3.978E-09  2.957E-01  9.999E-01  1.000E+00  3.94E+01  0.00E+00  6.71E-01  0.025562  0.152816  0.0000000E+00  7.4822029109E-03
383  2.782349226051546E+08    2.951825  4.245347  3.630901  6.6795660E-01  3.3160620E-01  2.6024800E-06  7.2235347E-07  2.9441431E-04  7.7363590E-05  2.7104609E-07  3.6915795E-10  9.2092280E-07  7.2880766E-07  0.000E+00  0.0000  3.630901   -6.539  6.870558  8.130875  0.0000000E+00  0.0000000E+00  3.5283069E-01  0.0000000E+00  0.0000000E+00  6.4713477E-01  0.0000000E+00  0.0000000E+00  7.5753894E-06  1.1412341E-05  0.000E+00  3.978E-09  2.957E-01  9.999E-01  1.000E+00  3.94E+01  0.00E+00  6.71E-01  0.025562  0.152816  0.0000000E+00  7.4822029109E-03
384  2.782349226051546E+08    2.951825  4.245347  3.630901  6.6795660E-01  3.3160620E-01  2.6024800E-06  7.2235347E-07  2.9441431E-04  7.7363590E-05  2.7104609E-07  3.6915795E-10  9.2092280E-07  7.2880766E-07  0.000E+00  0.0000  3.630901   -6.539  6.870558  8.130875  0.0000000E+00  0.0000000E+00  3.5283069E-01  0.0000000E+00  0.0000000E+00  6.4713477E-01  0.0000000E+00  0.0000000E+00  7.5753894E-06  1.1412341E-05  0.000E+00  3.978E-09  2.957E-01  9.999E-01  1.000E+00  3.94E+01  0.00E+00  6.71E-01  0.025562  0.152816  0.0000000E+00  7.4822029109E-03
385  2.782349226051546E+08    2.951825  4.245347  3.630901  6.6795660E-01  3.3160620E-01  2.6024800E-06  7.2235347E-07  2.9441431E-04  7.7363590E-05  2.7104609E-07  3.6915795E-10  9.2092280E-07  7.2880766E-07  0.000E+00  0.0000  3.630901   -6.539  6.870558  8.130875  0.0000000E+00  0.0000000E+00  3.5283069E-01  0.0000000E+00  0.0000000E+00  6.4713477E-01  0.0000000E+00  0.0000000E+00  7.5753894E-06  1.1412341E-05  0.000E+00  3.978E-09  2.957E-01  9.999E-01  1.000E+00  3.94E+01  0.00E+00  6.71E-01  0.025562  0.152816  0.0000000E+00  7.4822029109E-03
386  2.782349226051546E+08    2.951825  4.245347  3.630901  6.6795660E-01  3.3160620E-01  2.6024800E-06  7.2235347E-07  2.9441431E-04  7.7363590E-05  2.7104609E-07  3.6915795E-10  9.2092280E-07  7.2880766E-07  0.000E+00  0.0000  3.630901   -6.539  6.870558  8.130875  0.0000000E+00  0.0000000E+00  3.5283069E-01  0.0000000E+00  0.0000000E+00  6.4713477E-01  0.0000000E+00  0.0000000E+00  7.5753894E-06  1.1412341E-05  0.000E+00  3.978E-09  2.957E-01  9.999E-01  1.000E+00  3.94E+01  0.00E+00  6.71E-01  0.025562  0.152816  0.0000000E+00  7.4822029109E-03
387  2.782349226051546E+08    2.951825  4.245347  3.630901  6.6795660E-01  3.3160620E-01  2.6024800E-06  7.2235347E-07  2.9441431E-04  7.7363590E-05  2.7104609E-07  3.6915795E-10  9.2092280E-07  7.2880766E-07  0.000E+00  0.0000  3.630901   -6.539  6.870558  8.130875  0.0000000E+00  0.0000000E+00  3.5283069E-01  0.0000000E+00  0.0000000E+00  6.4713477E-01  0.0000000E+00  0.0000000E+00  7.5753894E-06  1.1412341E-05  0.000E+00  3.978E-09  2.957E-01  9.999E-01  1.000E+00  3.94E+01  0.00E+00  6.71E-01  0.025562  0.152816  0.0000000E+00  7.4822029109E-03
388  2.782349226051546E+08    2.951825  4.245347  3.630901  6.6795660E-01  3.3160620E-01  2.6024800E-06  7.2235347E-07  2.9441431E-04  7.7363590E-05  2.7104609E-07  3.6915795E-10  9.2092280E-07  7.2880766E-07  0.000E+00  0.0000  3.630901   -6.539  6.870558  8.130875  0.0000000E+00  0.0000000E+00  3.5283069E-01  0.0000000E+00  0.0000000E+00  6.4713477E-01  0.0000000E+00  0.0000000E+00  7.5753894E-06  1.1412341E-05  0.000E+00  3.978E-09  2.957E-01  9.999E-01  1.000E+00  3.94E+01  0.00E+00  6.71E-01  0.025562  0.152816  0.0000000E+00  7.4822029109E-03
389  2.782349226051546E+08    2.951825  4.245347  3.630901  6.6795660E-01  3.3160620E-01  2.6024800E-06  7.2235347E-07  2.9441431E-04  7.7363590E-05  2.7104609E-07  3.6915795E-10  9.2092280E-07  7.2880766E-07  0.000E+00  0.0000  3.630901   -6.539  6.870558  8.130875  0.0000000E+00  0.0000000E+00  3.5283069E-01  0.0000000E+00  0.0000000E+00  6.4713477E-01  0.0000000E+00  0.0000000E+00  7.5753894E-06  1.1412341E-05  0.000E+00  3.978E-09  2.957E-01  9.999E-01  1.000E+00  3.94E+01  0.00E+00  6.71E-01  0.025562  0.152816  0.0000000E+00  7.4822029109E-03
390  2.782349226051546E+08    2.951825  4.245347  3.630901  6.6795660E-01  3.3160620E-01  2.6024800E-06  7.2235347E-07  2.9441431E-04  7.7363590E-05  2.7104609E-07  3.6915795E-10  9.2092280E-07  7.2880766E-07  0.000E+00  0.0000  3.630901   -6.539  6.870558  8.130875  0.0000000E+00  0.0000000E+00  3.5283069E-01  0.0000000E+00  0.0000000E+00  6.4713477E-01  0.0000000E+00  0.0000000E+00  7.5753894E-06  1.1412341E-05  0.000E+00  3.978E-09  2.957E-01  9.999E-01  1.000E+00  3.94E+01  0.00E+00  6.71E-01  0.025562  0.152816  0.0000000E+00  7.4822029109E-03
391  2.782349226051546E+08    2.951825  4.245347  3.630901  6.6795660E-01  3.3160620E-01  2.6024800E-06  7.2235347E-07  2.9441431E-04  7.7363590E-05  2.7104609E-07  3.6915795E-10  9.2092280E-07  7.2880766E-07  0.000E+00  0.0000  3.630901   -6.539  6.870558  8.130875  0.0000000E+00  0.0000000E+00  3.5283069E-01  0.0000000E+00  0.0000000E+00  6.4713477E-01  0.0000000E+00  0.0000000E+00  7.5753894E-06  1.1412341E-05  0.000E+00  3.978E-09  2.957E-01  9.999E-01  1.000E+00  3.94E+01  0.00E+00  6.71E-01  0.025562  0.152816  0.0000000E+00  7.4822029109E-03
392  2.782349226051546E+08    2.951825  4.245347  3.630901  6.6795660E-01  3.3160620E-01  2.6024800E-06  7.2235347E-07  2.9441431E-04  7.7363590E-05  2.7104609E-07  3.6915795E-10  9.2092280E-07  7.2880766E-07  0.000E+00  0.0000  3.630901   -6.539  6.870558  8.130875  0.0000000E+00  0.0000000E+00  3.5283069E-01  0.0000000E+00  0.0000000E+00  6.4713477E-01  0.0000000E+00  0.0000000E+00  7.5753894E-06  1.1412341E-05  0.000E+00  3.978E-09  2.957E-01  9.999E-01  1.000E+00  3.94E+01  0.00E+00  6.71E-01  0.025562  0.152816  0.0000000E+00  7.4822029109E-03
393  2.782349226051546E+08    2.951825  4.245347  3.630901  6.6795660E-01  3.3160620E-01  2.6024800E-06  7.2235347E-07  2.9441431E-04  7.7363590E-05  2.7104609E-07  3.6915795E-10  9.2092280E-07  7.2880766E-07  0.000E+00  0.0000  3.630901   -6.539  6.870558  8.130875  0.0000000E+00  0.0000000E+00  3.5283069E-01  0.0000000E+00  0.0000000E+00  6.4713477E-01  0.0000000E+00  0.0000000E+00  7.5753894E-06  1.1412341E-05  0.000E+00  3.978E-09  2.957E-01  9.999E-01  1.000E+00  3.94E+01  0.00E+00  6.71E-01  0.025562  0.152816  0.0000000E+00  7.4822029109E-03
394  2.782349226051546E+08    2.951825  4.245347  3.630901  6.6795660E-01  3.3160620E-01  2.6024800E-06  7.2235347E-07  2.9441431E-04  7.7363590E-05  2.7104609E-07  3.6915795E-10  9.2092280E-07  7.2880766E-07  0.000E+00  0.0000  3.630901   -6.539  6.870558  8.130875  0.0000000E+00  0.0000000E+00  3.5283069E-01  0.0000000E+00  0.0000000E+00  6.4713477E-01  0.0000000E+00  0.0000000E+00  7.5753894E-06  1.1412341E-05  0.000E+00  3.978E-09  2.957E-01  9.999E-01  1.000E+00  3.94E+01  0.00E+00  6.71E-01  0.025562  0.152816  0.0000000E+00  7.4822029109E-03
395  2.782349226051546E+08    2.951825  4.245347  3.630901  6.6795660E-01  3.3160620E-01  2.6024800E-06  7.2235347E-07  2.9441431E-04  7.7363590E-05  2.7104609E-07  3.6915795E-10  9.2092280E-07  7.2880766E-07  0.000E+00  0.0000  3.630901   -6.539  6.870558  8.130875  0.0000000E+00  0.0000000E+00  3.5283069E-01  0.0000000E+00  0.0000000E+00  6.4713477E-01  0.0000000E+00  0.0000000E+00  7.5753894E-06  1.1412341E-05  0.000E+00  3.978E-09  2.957E-01  9.999E-01  1.000E+00  3.94E+01  0.00E+00  6.71E-01  0.025562  0.152816  0.0000000E+00  7.4822029109E-03
396  2.782349226051546E+08    2.951825  4.245347  3.630901  6.6795660E-01  3.3160620E-01  2.6024800E-06  7.2235347E-07  2.9441431E-04  7.7363590E-05  2.7104609E-07  3.6915795E-10  9.2092280E-07  7.2880766E-07  0.000E+00  0.0000  3.630901   -6.539  6.870558  8.130875  0.0000000E+00  0.0000000E+00  3.5283069E-01  0.0000000E+00  0.0000000E+00  6.4713477E-01  0.0000000E+00  0.0000000E+00  7.5753894E-06  1.1412341E-05  0.000E+00  3.978E-09  2.957E-01  9.999E-01  1.000E+00  3.94E+01  0.00E+00  6.71E-01  0.025562  0.152816  0.0000000E+00  7.4822029109E-03
397  2.782349226051546E+08    2.951825  4.245347  3.630901  6.6795660E-01  3.3160620E-01  2.6024800E-06  7.2235347E-07  2.9441431E-04  7.7363590E-05  2.7104609E-07  3.6915795E-10  9.2092280E-07  7.2880766E-07  0.000E+00  0.0000  3.630901   -6.539  6.870558  8.130875  0.0000000E+00  0.0000000E+00  3.5283069E-01  0.0000000E+00  0.0000000E+00  6.4713477E-01  0.0000000E+00  0.0000000E+00  7.5753894E-06  1.1412341E-05  0.000E+00  3.978E-09  2.957E-01  9.999E-01  1.000E+00  3.94E+01  0.00E+00  6.71E-01  0.025562  0.152816  0.0000000E+00  7.4822029109E-03
398  2.782349226051546E+08    2.951825  4.245347  3.630901  6.6795660E-01  3.3160620E-01  2.6024800E-06  7.2235347E-07  2.9441431E-04  7.7363590E-05  2.7104609E-07  3.6915795E-10  9.2092280E-07  7.2880766E-07  0.000E+00  0.0000  3.630901   -6.539  6.870558  8.130875  0.0000000E+00  0.0000000E+00  3.5283069E-01  0.0000000E+00  0.0000000E+00  6.4713477E-01  0.0000000E+00  0.0000000E+00  7.5753894E-06  1.1412341E-05  0.000E+00  3.978E-09  2.957E-01  9.999E-01  1.000E+00  3.94E+01  0.00E+00  6.71E-01  0.025562  0.152816  0.0000000E+00  7.4822029109E-03
399  2.782349226051546E+08    2.951825  4.245347  3.630901  6.6795660E-01  3.3160620E-01  2.6024800E-06  7.2235347E-07  2.9441431E-04  7.7363590E-05  2.7104609E-07  3.6915795E-10  9.2092280E-07  7.2880766E-07  0.000E+00  0.0000  3.630901   -6.539  6.870558  8.130875  0.0000000E+00  0.0000000E+00  3.5283069E-01  0.0000000E+00  0.0000000E+00  6.4713477E-01  0.0000000E+00  0.0000000E+00  7.5753894E-06  1.1412341E-05  0.000E+00  3.978E-09  2.957E-01  9.999E-01  1.000E+00  3.94E+01  0.00E+00  6.71E-01  0.025562  0.152816  0.0000000E+00  7.4822029109E-03
400  2.782349226051546E+08    2.951825  4.245347  3.630901  6.6795660E-01  3.3160620E-01  2.6024800E-06  7.2235347E-07  2.9441431E-04  7.7363590E-05  2.7104609E-07  3.6915795E-10  9.2092280E-07  7.2880766E-07  0.000E+00  0.0000  3.630901   -6.539  6.870558  8.130875  0.0000000E+00  0.0000000E+00  3.5283069E-01  0.0000000E+00  0.0000000E+00  6.4713477E-01  0.0000000E+00  0.0000000E+00  7.5753894E-06  1.1412341E-05  0.000E+00  3.978E-09  2.957E-01  9.999E-01  1.000E+00  3.94E+01  0.00E+00  6.71E-01  0.025562  0.152816  0.0000000E+00  7.4822029109E-03
