line                  time        mass     lg(L)  lg(Teff)        1H_surf       4He_surf       12C_surf       13C_surf       14N_surf       16O_surf       17O_surf       18O_surf      20Ne_surf      22Ne_surf  26Al_surf  Mcc/Mt   lg(Teff)  lg(Md)  lg(rhoc)    lg(Tc)         1H_cen        4He_cen        12C_cen        13C_cen        14N_cen        16O_cen        17O_cen        18O_cen       20Ne_cen       22Ne_cen   26Al_cen  Omeg_surf   Omeg_cen     Rp/Req   Md/Md(0)   v_crit1   v_crit2    v_equa  Om/Om_cr  Gamma_Ed  lg(Mdot_mech)             L_tot
   -                    yr        Msun      Lsun        K      mass frac.     mass frac.     mass frac.     mass frac.     mass frac.     mass frac.     mass frac.     mass frac.     mass frac.     mass frac. mass frac.       -          K   Ms/yr     g/cm3         K     mass frac.     mass frac.     mass frac.     mass frac.     mass frac.     mass frac.     mass frac.     mass frac.     mass frac.     mass frac. mass frac.        s-1        s-1          -          -      km/s      km/s      km/s         -         -        Msun/yr     10^53 g cm2/s

  1  4.033201131104449E+05    7.000000  3.328052  4.474125  7.5157740E-01  2.4837130E-01  1.2915521E-06  4.2970794E-09  1.0216519E-07  6.8211449E-06  3.5136664E-10  2.0005896E-09  9.2048308E-07  2.3543589E-08  0.000E+00  0.3314  4.474125  -12.265  1.677845  7.637766  7.4846310E-01  2.5152750E-01  7.7019788E-08  2.0884708E-08  7.3736779E-06  1.1203277E-07  1.6436863E-10  3.4791664E-13  9.2048308E-07  2.3543589E-08  0.000E+00  0.000E+00  0.000E+00  1.000E+00  1.000E+00  7.16E+02  0.00E+00  0.00E+00  0.000000  0.008187  0.0000000E+00  0.0000000000E+00
  2  1.271193000785629E+06    6.999999  3.333029  4.474023  7.5157740E-01  2.4837130E-01  1.2915521E-06  4.2970794E-09  1.0216519E-07  6.8211449E-06  3.5136664E-10  2.0005896E-09  9.2048308E-07  2.3543589E-08  0.000E+00  0.3286  4.474023  -12.245  1.677877  7.638786  7.4010962E-01  2.5988098E-01  7.7240933E-08  2.0946649E-08  7.3736469E-06  1.1169831E-07  1.6320584E-10  3.4623329E-13  9.2048308E-07  2.3543589E-08  0.000E+00  0.000E+00  0.000E+00  1.000E+00  1.000E+00  7.14E+02  0.00E+00  0.00E+00  0.000000  0.008281  0.0000000E+00  0.0000000000E+00
  3  2.121587637206341E+06    6.999999  3.337867  4.473891  7.5157740E-01  2.4837130E-01  1.2915521E-06  4.2970795E-09  1.0216519E-07  6.8211449E-06  3.5136664E-10  2.0005896E-09  9.2048308E-07  2.3543589E-08  0.000E+00  0.3255  4.473891  -12.226  1.677820  7.639783  7.3175614E-01  2.6823456E-01  7.7456349E-08  2.1007020E-08  7.3736194E-06  1.1136943E-07  1.6208400E-10  3.4458257E-13  9.2048308E-07  2.3543589E-08  0.000E+00  0.000E+00  0.000E+00  1.000E+00  1.000E+00  7.12E+02  0.00E+00  0.00E+00  0.000000  0.008374  0.0000000E+00  0.0000000000E+00
  4  2.956235267761472E+06    6.999998  3.342858  4.473780  7.5157740E-01  2.4837130E-01  1.2915521E-06  4.2970795E-09  1.0216519E-07  6.8211449E-06  3.5136664E-10  2.0005896E-09  9.2048308E-07  2.3543589E-08  0.000E+00  0.3226  4.473780  -12.206  1.677965  7.640846  7.2340267E-01  2.7658793E-01  7.7680622E-08  2.1069909E-08  7.3735917E-06  1.1102575E-07  1.6094204E-10  3.4286660E-13  9.2048308E-07  2.3543589E-08  0.000E+00  0.000E+00  0.000E+00  1.000E+00  1.000E+00  7.10E+02  0.00E+00  0.00E+00  0.000000  0.008471  0.0000000E+00  0.0000000000E+00
  5  3.774489330112595E+06    6.999998  3.347819  4.473675  7.5157740E-01  2.4837130E-01  1.2915521E-06  4.2970795E-09  1.0216519E-07  6.8211449E-06  3.5136664E-10  2.0005896E-09  9.2048308E-07  2.3543589E-08  0.000E+00  0.3201  4.473675  -12.186  1.678179  7.641993  7.1504919E-01  2.8494145E-01  7.7916642E-08  2.1136109E-08  7.3735642E-06  1.1066234E-07  1.5974257E-10  3.4105347E-13  9.2048308E-07  2.3543589E-08  0.000E+00  0.000E+00  0.000E+00  1.000E+00  1.000E+00  7.07E+02  0.00E+00  0.00E+00  0.000000  0.008568  0.0000000E+00  0.0000000000E+00
  6  4.575484338588901E+06    6.999997  3.352633  4.473531  7.5157740E-01  2.4837130E-01  1.2915521E-06  4.2970795E-09  1.0216519E-07  6.8211449E-06  3.5136664E-10  2.0005896E-09  9.2048308E-07  2.3543589E-08  0.000E+00  0.3169  4.473531  -12.168  1.678284  7.643085  7.0669571E-01  2.9329489E-01  7.8149345E-08  2.1201402E-08  7.3735346E-06  1.1030668E-07  1.5858620E-10  3.3928513E-13  9.2048308E-07  2.3543589E-08  0.000E+00  0.000E+00  0.000E+00  1.000E+00  1.000E+00  7.05E+02  0.00E+00  0.00E+00  0.000000  0.008664  0.0000000E+00  0.0000000000E+00
  7  5.358631754075162E+06    6.999997  3.357483  4.473415  7.5157740E-01  2.4837130E-01  1.2915521E-06  4.2970796E-09  1.0216519E-07  6.8211449E-06  3.5136664E-10  2.0005896E-09  9.2048308E-07  2.3543589E-08  0.000E+00  0.3143  4.473415  -12.149  1.678638  7.644270  6.9834223E-01  3.0164847E-01  7.8393921E-08  2.1270106E-08  7.3735136E-06  1.0992127E-07  1.5738532E-10  3.3738171E-13  9.2048308E-07  2.3543589E-08  0.000E+00  0.000E+00  0.000E+00  1.000E+00  1.000E+00  7.03E+02  0.00E+00  0.00E+00  0.000000  0.008761  0.0000000E+00  0.0000000000E+00
  8  6.125211133940829E+06    6.999996  3.362374  4.473278  7.5157740E-01  2.4837130E-01  1.2915521E-06  4.2970796E-09  1.0216519E-07  6.8211449E-06  3.5136664E-10  2.0005896E-09  9.2048308E-07  2.3543589E-08  0.000E+00  0.3117  4.473278  -12.130  1.679014  7.645412  6.8998876E-01  3.1000184E-01  7.8637029E-08  2.1338398E-08  7.3734869E-06  1.0954488E-07  1.5621115E-10  3.3552415E-13  9.2048308E-07  2.3543589E-08  0.000E+00  0.000E+00  0.000E+00  1.000E+00  1.000E+00  7.01E+02  0.00E+00  0.00E+00  0.000000  0.008860  0.0000000E+00  0.0000000000E+00
  9  6.873990244855775E+06    6.999995  3.367111  4.473170  7.5157730E-01  2.4837130E-01  1.2915521E-06  4.2970796E-09  1.0216519E-07  6.8211449E-06  3.5136664E-10  2.0005896E-09  9.2048308E-07  2.3543589E-08  0.000E+00  0.3088  4.473170  -12.112  1.679527  7.646699  6.8163528E-01  3.1835532E-01  7.8909823E-08  2.1415094E-08  7.3734633E-06  1.0911513E-07  1.5490830E-10  3.3341365E-13  9.2048308E-07  2.3543589E-08  0.000E+00  0.000E+00  0.000E+00  1.000E+00  1.000E+00  6.99E+02  0.00E+00  0.00E+00  0.000000  0.008957  0.0000000E+00  0.0000000000E+00
 10  7.602905214233872E+06    6.999995  3.371824  4.473009  7.5157730E-01  2.4837130E-01  1.2915521E-06  4.2970796E-09  1.0216519E-07  6.8211449E-06  3.5136664E-10  2.0005896E-09  9.2048308E-07  2.3543589E-08  0.000E+00  0.3061  4.473009  -12.094  1.679945  7.647875  6.7328180E-01  3.2670880E-01  7.9161563E-08  2.1485897E-08  7.3734393E-06  1.0872092E-07  1.5373158E-10  3.3148677E-13  9.2048308E-07  2.3543589E-08  0.000E+00  0.000E+00  0.000E+00  1.000E+00  1.000E+00  6.97E+02  0.00E+00  0.00E+00  0.000000  0.009055  0.0000000E+00  0.0000000000E+00
 11  8.316754438845788E+06    6.999994  3.376600  4.472813  7.5157730E-01  2.4837130E-01  1.2915521E-06  4.2970796E-09  1.0216519E-07  6.8211449E-06  3.5136664E-10  2.0005896E-09  9.2048308E-07  2.3543589E-08  0.000E+00  0.3035  4.472813  -12.076  1.680351  7.648967  6.6492832E-01  3.3506235E-01  7.9395588E-08  2.1551723E-08  7.3734148E-06  1.0835711E-07  1.5264611E-10  3.2971079E-13  9.2048308E-07  2.3543589E-08  0.000E+00  0.000E+00  0.000E+00  1.000E+00  1.000E+00  6.94E+02  0.00E+00  0.00E+00  0.000000  0.009155  0.0000000E+00  0.0000000000E+00
 12  9.015147545875994E+06    6.999994  3.381161  4.472571  7.5157730E-01  2.4837130E-01  1.2915521E-06  4.2970797E-09  1.0216519E-07  6.8211449E-06  3.5136664E-10  2.0005896E-09  9.2048308E-07  2.3543589E-08  0.000E+00  0.3006  4.472571  -12.059  1.680549  7.650037  6.5657484E-01  3.4341583E-01  7.9623348E-08  2.1615833E-08  7.3733929E-06  1.0800059E-07  1.5160961E-10  3.2797780E-13  9.2048308E-07  2.3543589E-08  0.000E+00  0.000E+00  0.000E+00  1.000E+00  1.000E+00  6.92E+02  0.00E+00  0.00E+00  0.000000  0.009252  0.0000000E+00  0.0000000000E+00
 13  9.700351941326562E+06    6.999993  3.385903  4.472323  7.5157730E-01  2.4837130E-01  1.2915521E-06  4.2970797E-09  1.0216519E-07  6.8211449E-06  3.5136664E-10  2.0005896E-09  9.2048308E-07  2.3543589E-08  0.000E+00  0.2980  4.472323  -12.042  1.680955  7.651076  6.4822137E-01  3.5176925E-01  7.9846170E-08  2.1678577E-08  7.3733702E-06  1.0765328E-07  1.5061739E-10  3.2629770E-13  9.2048308E-07  2.3543589E-08  0.000E+00  0.000E+00  0.000E+00  1.000E+00  1.000E+00  6.90E+02  0.00E+00  0.00E+00  0.000000  0.009353  0.0000000E+00  0.0000000000E+00
 14  1.037307617156108E+07    6.999992  3.390572  4.472063  7.5157730E-01  2.4837130E-01  1.2915521E-06  4.2970797E-09  1.0216519E-07  6.8211449E-06  3.5136664E-10  2.0005896E-09  9.2048308E-07  2.3543589E-08  0.000E+00  0.2957  4.472063  -12.025  1.681356  7.652164  6.3986789E-01  3.6012273E-01  8.0072015E-08  2.1742189E-08  7.3733475E-06  1.0730082E-07  1.4961485E-10  3.2459300E-13  9.2048308E-07  2.3543589E-08  0.000E+00  0.000E+00  0.000E+00  1.000E+00  1.000E+00  6.88E+02  0.00E+00  0.00E+00  0.000000  0.009454  0.0000000E+00  0.0000000000E+00
 15  1.103168820819970E+07    6.999992  3.395111  4.471756  7.5157730E-01  2.4837130E-01  1.2915521E-06  4.2970797E-09  1.0216519E-07  6.8211449E-06  3.5136664E-10  2.0005896E-09  9.2048308E-07  2.3543589E-08  0.000E+00  0.2928  4.471756  -12.008  1.681611  7.653132  6.3151441E-01  3.6847619E-01  8.0283025E-08  2.1801656E-08  7.3733276E-06  1.0697005E-07  1.4869037E-10  3.2299960E-13  9.2048308E-07  2.3543589E-08  0.000E+00  0.000E+00  0.000E+00  1.000E+00  1.000E+00  6.85E+02  0.00E+00  0.00E+00  0.000000  0.009554  0.0000000E+00  0.0000000000E+00
 16  1.167945104559576E+07    6.999991  3.399777  4.471464  7.5157730E-01  2.4837130E-01  1.2915521E-06  4.2970797E-09  1.0216519E-07  6.8211449E-06  3.5136664E-10  2.0005896E-09  9.2048308E-07  2.3543589E-08  0.000E+00  0.2903  4.471464  -11.992  1.682089  7.654168  6.2316093E-01  3.7682971E-01  8.0503900E-08  2.1863934E-08  7.3733067E-06  1.0662389E-07  1.4774279E-10  3.2133915E-13  9.2048308E-07  2.3543589E-08  0.000E+00  0.000E+00  0.000E+00  1.000E+00  1.000E+00  6.83E+02  0.00E+00  0.00E+00  0.000000  0.009657  0.0000000E+00  0.0000000000E+00
 17  1.231403185770171E+07    6.999991  3.404196  4.471125  7.5157730E-01  2.4837130E-01  1.2915521E-06  4.2970797E-09  1.0216519E-07  6.8211449E-06  3.5136664E-10  2.0005896E-09  9.2048308E-07  2.3543589E-08  0.000E+00  0.2876  4.471125  -11.976  1.682356  7.655192  6.1480746E-01  3.8518322E-01  8.0718268E-08  2.1924401E-08  7.3732890E-06  1.0628488E-07  1.4682000E-10  3.1971341E-13  9.2048308E-07  2.3543589E-08  0.000E+00  0.000E+00  0.000E+00  1.000E+00  1.000E+00  6.81E+02  0.00E+00  0.00E+00  0.000000  0.009756  0.0000000E+00  0.0000000000E+00
 18  1.293732297607506E+07    6.999990  3.408809  4.470797  7.5157730E-01  2.4837130E-01  1.2915521E-06  4.2970797E-09  1.0216519E-07  6.8211449E-06  3.5136664E-10  2.0005896E-09  9.2048308E-07  2.3543589E-08  0.000E+00  0.2851  4.470797  -11.960  1.682896  7.656220  6.0645398E-01  3.9353662E-01  8.0939755E-08  2.1986876E-08  7.3732653E-06  1.0594074E-07  1.4588862E-10  3.1806940E-13  9.2048308E-07  2.3543589E-08  0.000E+00  0.000E+00  0.000E+00  1.000E+00  1.000E+00  6.79E+02  0.00E+00  0.00E+00  0.000000  0.009859  0.0000000E+00  0.0000000000E+00
 19  1.354969983551036E+07    6.999989  3.413308  4.470442  7.5157730E-01  2.4837130E-01  1.2915521E-06  4.2970797E-09  1.0216519E-07  6.8211449E-06  3.5136664E-10  2.0005896E-09  9.2048308E-07  2.3543589E-08  0.000E+00  0.2828  4.470442  -11.944  1.683383  7.657246  5.9810050E-01  4.0189018E-01  8.1152664E-08  2.2047000E-08  7.3732500E-06  1.0560127E-07  1.4499735E-10  3.1645096E-13  9.2048308E-07  2.3543589E-08  0.000E+00  0.000E+00  0.000E+00  1.000E+00  1.000E+00  6.76E+02  0.00E+00  0.00E+00  0.000000  0.009962  0.0000000E+00  0.0000000000E+00
 20  1.414901613268108E+07    6.999988  3.417749  4.470072  7.5157730E-01  2.4837130E-01  1.2915521E-06  4.2970797E-09  1.0216519E-07  6.8211449E-06  3.5136664E-10  2.0005896E-09  9.2048308E-07  2.3543589E-08  0.000E+00  0.2798  4.470072  -11.929  1.683852  7.658274  5.8974702E-01  4.1024368E-01  8.1374021E-08  2.2109498E-08  7.3732285E-06  1.0525480E-07  1.4408922E-10  3.1480770E-13  9.2048308E-07  2.3543589E-08  0.000E+00  0.000E+00  0.000E+00  1.000E+00  1.000E+00  6.74E+02  0.00E+00  0.00E+00  0.000000  0.010065  0.0000000E+00  0.0000000000E+00
 21  1.473841765088295E+07    6.999988  3.422289  4.469707  7.5157730E-01  2.4837130E-01  1.2915521E-06  4.2970797E-09  1.0216519E-07  6.8211449E-06  3.5136664E-10  2.0005896E-09  9.2048308E-07  2.3543589E-08  0.000E+00  0.2776  4.469707  -11.913  1.684504  7.659362  5.8139355E-01  4.1859715E-01  8.1598553E-08  2.2172915E-08  7.3732082E-06  1.0490153E-07  1.4316857E-10  3.1313139E-13  9.2048308E-07  2.3543589E-08  0.000E+00  0.000E+00  0.000E+00  1.000E+00  1.000E+00  6.72E+02  0.00E+00  0.00E+00  0.000000  0.010171  0.0000000E+00  0.0000000000E+00
 22  1.531583840162341E+07    6.999987  3.426626  4.469283  7.5157730E-01  2.4837130E-01  1.2915521E-06  4.2970797E-09  1.0216519E-07  6.8211449E-06  3.5136664E-10  2.0005896E-09  9.2048308E-07  2.3543589E-08  0.000E+00  0.2747  4.469283  -11.898  1.684980  7.660331  5.7304007E-01  4.2695062E-01  8.1809469E-08  2.2232531E-08  7.3731905E-06  1.0456814E-07  1.4231900E-10  3.1155668E-13  9.2048308E-07  2.3543589E-08  0.000E+00  0.000E+00  0.000E+00  1.000E+00  1.000E+00  6.69E+02  0.00E+00  0.00E+00  0.000000  0.010272  0.0000000E+00  0.0000000000E+00
 23  1.588442636072255E+07    6.999986  3.431148  4.468878  7.5157730E-01  2.4837130E-01  1.2915521E-06  4.2970797E-09  1.0216519E-07  6.8211449E-06  3.5136664E-10  2.0005896E-09  9.2048308E-07  2.3543589E-08  0.000E+00  0.2725  4.468878  -11.883  1.685722  7.661365  5.6468659E-01  4.3530409E-01  8.2031465E-08  2.2295287E-08  7.3731699E-06  1.0421945E-07  1.4143764E-10  3.0991462E-13  9.2048308E-07  2.3543589E-08  0.000E+00  0.000E+00  0.000E+00  1.000E+00  1.000E+00  6.67E+02  0.00E+00  0.00E+00  0.000000  0.010380  0.0000000E+00  0.0000000000E+00
 24  1.644173172325050E+07    6.999986  3.435490  4.468440  7.5157730E-01  2.4837130E-01  1.2915521E-06  4.2970797E-09  1.0216519E-07  6.8211449E-06  3.5136664E-10  2.0005896E-09  9.2048308E-07  2.3543589E-08  0.000E+00  0.2702  4.468440  -11.868  1.686405  7.662393  5.5633311E-01  4.4365757E-01  8.2246736E-08  2.2356172E-08  7.3731530E-06  1.0387770E-07  1.4057992E-10  3.0830532E-13  9.2048308E-07  2.3543589E-08  0.000E+00  0.000E+00  0.000E+00  1.000E+00  1.000E+00  6.65E+02  0.00E+00  0.00E+00  0.000000  0.010484  0.0000000E+00  0.0000000000E+00
 25  1.698930481133632E+07    6.999985  3.439901  4.468004  7.5157730E-01  2.4837130E-01  1.2915521E-06  4.2970797E-09  1.0216519E-07  6.8211449E-06  3.5136664E-10  2.0005896E-09  9.2048308E-07  2.3543589E-08  0.000E+00  0.2675  4.468004  -11.854  1.687088  7.663440  5.4797963E-01  4.5201100E-01  8.2472746E-08  2.2420096E-08  7.3731300E-06  1.0352494E-07  1.3970050E-10  3.0665105E-13  9.2048308E-07  2.3543589E-08  0.000E+00  0.000E+00  0.000E+00  1.000E+00  1.000E+00  6.62E+02  0.00E+00  0.00E+00  0.000000  0.010591  0.0000000E+00  0.0000000000E+00
 26  1.752666178238568E+07    6.999984  3.444240  4.467542  7.5157730E-01  2.4837130E-01  1.2915521E-06  4.2970797E-09  1.0216519E-07  6.8211449E-06  3.5136664E-10  2.0005896E-09  9.2048308E-07  2.3543589E-08  0.000E+00  0.2651  4.467542  -11.839  1.687868  7.664496  5.3962616E-01  4.6036449E-01  8.2694878E-08  2.2482974E-08  7.3731113E-06  1.0317374E-07  1.3884300E-10  3.0500751E-13  9.2048308E-07  2.3543589E-08  0.000E+00  0.000E+00  0.000E+00  1.000E+00  1.000E+00  6.60E+02  0.00E+00  0.00E+00  0.000000  0.010698  0.0000000E+00  0.0000000000E+00
 27  1.805320244238288E+07    6.999983  3.448490  4.467060  7.5157730E-01  2.4837130E-01  1.2915521E-06  4.2970797E-09  1.0216519E-07  6.8211449E-06  3.5136664E-10  2.0005896E-09  9.2048308E-07  2.3543589E-08  0.000E+00  0.2624  4.467060  -11.825  1.688542  7.665545  5.3127268E-01  4.6871800E-01  8.2918060E-08  2.2546162E-08  7.3730925E-06  1.0282082E-07  1.3798622E-10  3.0336129E-13  9.2048308E-07  2.3543589E-08  0.000E+00  0.000E+00  0.000E+00  1.000E+00  1.000E+00  6.58E+02  0.00E+00  0.00E+00  0.000000  0.010804  0.0000000E+00  0.0000000000E+00
 28  1.857158553273633E+07    6.999983  3.452918  4.466578  7.5157720E-01  2.4837130E-01  1.2915521E-06  4.2970797E-09  1.0216519E-07  6.8211449E-06  3.5136664E-10  2.0005896E-09  9.2048308E-07  2.3543589E-08  0.000E+00  0.2601  4.466578  -11.811  1.689532  7.666598  5.2291920E-01  4.7707147E-01  8.3144510E-08  2.2610280E-08  7.3730698E-06  1.0246675E-07  1.3712873E-10  3.0171247E-13  9.2048308E-07  2.3543589E-08  0.000E+00  0.000E+00  0.000E+00  1.000E+00  1.000E+00  6.55E+02  0.00E+00  0.00E+00  0.000000  0.010914  0.0000000E+00  0.0000000000E+00
 29  1.907952086699655E+07    6.999982  3.457100  4.466058  7.5157720E-01  2.4837130E-01  1.2915521E-06  4.2970797E-09  1.0216519E-07  6.8211449E-06  3.5136664E-10  2.0005896E-09  9.2048308E-07  2.3543589E-08  0.000E+00  0.2575  4.466058  -11.797  1.690283  7.667638  5.1456572E-01  4.8542490E-01  8.3369455E-08  2.2674011E-08  7.3730486E-06  1.0211362E-07  1.3628819E-10  3.0007365E-13  9.2048308E-07  2.3543589E-08  0.000E+00  0.000E+00  0.000E+00  1.000E+00  1.000E+00  6.53E+02  0.00E+00  0.00E+00  0.000000  0.011019  0.0000000E+00  0.0000000000E+00
 30  1.957825708131002E+07    6.999981  3.461425  4.465540  7.5157720E-01  2.4837130E-01  1.2915521E-06  4.2970797E-09  1.0216519E-07  6.8211449E-06  3.5136664E-10  2.0005896E-09  9.2048308E-07  2.3543589E-08  0.000E+00  0.2552  4.465540  -11.783  1.691308  7.668698  5.0621225E-01  4.9377841E-01  8.3596892E-08  2.2738471E-08  7.3730277E-06  1.0175592E-07  1.3544546E-10  2.9841750E-13  9.2048308E-07  2.3543589E-08  0.000E+00  0.000E+00  0.000E+00  1.000E+00  1.000E+00  6.50E+02  0.00E+00  0.00E+00  0.000000  0.011130  0.0000000E+00  0.0000000000E+00
 31  2.006771604177275E+07    6.999980  3.465487  4.464982  7.5157720E-01  2.4837130E-01  1.2915521E-06  4.2970797E-09  1.0216519E-07  6.8211449E-06  3.5136664E-10  2.0005896E-09  9.2048308E-07  2.3543589E-08  0.000E+00  0.2526  4.464982  -11.771  1.692037  7.669759  4.9785877E-01  5.0213192E-01  8.3821827E-08  2.2802248E-08  7.3730082E-06  1.0140072E-07  1.3461362E-10  2.9677439E-13  9.2048308E-07  2.3543589E-08  0.000E+00  0.000E+00  0.000E+00  1.000E+00  1.000E+00  6.48E+02  0.00E+00  0.00E+00  0.000000  0.011234  0.0000000E+00  0.0000000000E+00
 32  2.054970742818452E+07    6.999979  3.469811  4.464433  7.5157720E-01  2.4837130E-01  1.2915521E-06  4.2970797E-09  1.0216519E-07  6.8211449E-06  3.5136664E-10  2.0005896E-09  9.2048308E-07  2.3543589E-08  0.000E+00  0.2505  4.464433  -11.757  1.693227  7.670843  4.8950529E-01  5.1048541E-01  8.4060138E-08  2.2869800E-08  7.3729794E-06  1.0103373E-07  1.3375414E-10  2.9508383E-13  9.2048308E-07  2.3543589E-08  0.000E+00  0.000E+00  0.000E+00  1.000E+00  1.000E+00  6.46E+02  0.00E+00  0.00E+00  0.000000  0.011347  0.0000000E+00  0.0000000000E+00
 33  2.101980372837469E+07    6.999978  3.473896  4.463852  7.5157720E-01  2.4837130E-01  1.2915521E-06  4.2970797E-09  1.0216519E-07  6.8211449E-06  3.5136664E-10  2.0005896E-09  9.2048308E-07  2.3543589E-08  0.000E+00  0.2479  4.463852  -11.744  1.694114  7.671915  4.8115181E-01  5.1883889E-01  8.4289607E-08  2.2934918E-08  7.3729595E-06  1.0067125E-07  1.3292587E-10  2.9341744E-13  9.2048308E-07  2.3543589E-08  0.000E+00  0.000E+00  0.000E+00  1.000E+00  1.000E+00  6.43E+02  0.00E+00  0.00E+00  0.000000  0.011454  0.0000000E+00  0.0000000000E+00
 34  2.148249795953524E+07    6.999978  3.478126  4.463269  7.5157720E-01  2.4837130E-01  1.2915521E-06  4.2970797E-09  1.0216519E-07  6.8211449E-06  3.5136664E-10  2.0005896E-09  9.2048308E-07  2.3543589E-08  0.000E+00  0.2457  4.463269  -11.731  1.695336  7.672995  4.7279833E-01  5.2719231E-01  8.4527307E-08  2.3002362E-08  7.3729324E-06  1.0030335E-07  1.3208529E-10  2.9173176E-13  9.2048308E-07  2.3543589E-08  0.000E+00  0.000E+00  0.000E+00  1.000E+00  1.000E+00  6.41E+02  0.00E+00  0.00E+00  0.000000  0.011566  0.0000000E+00  0.0000000000E+00
 35  2.193705340001428E+07    6.999977  3.482082  4.462646  7.5157720E-01  2.4837130E-01  1.2915521E-06  4.2970797E-09  1.0216519E-07  6.8211449E-06  3.5136664E-10  2.0005896E-09  9.2048308E-07  2.3543589E-08  0.000E+00  0.2431  4.462646  -11.719  1.696208  7.674077  4.6444486E-01  5.3554583E-01  8.4755543E-08  2.3067170E-08  7.3729130E-06  9.9942330E-08  1.3126973E-10  2.9007720E-13  9.2048308E-07  2.3543589E-08  0.000E+00  0.000E+00  0.000E+00  1.000E+00  1.000E+00  6.38E+02  0.00E+00  0.00E+00  0.000000  0.011672  0.0000000E+00  0.0000000000E+00
 36  2.238419738814279E+07    6.999976  3.486336  4.462027  7.5157720E-01  2.4837130E-01  1.2915521E-06  4.2970797E-09  1.0216519E-07  6.8211449E-06  3.5136664E-10  2.0005896E-09  9.2048308E-07  2.3543589E-08  0.000E+00  0.2410  4.462027  -11.706  1.697611  7.675154  4.5609138E-01  5.4389927E-01  8.4998404E-08  2.3136103E-08  7.3728809E-06  9.9571342E-08  1.3043036E-10  2.8838609E-13  9.2048308E-07  2.3543589E-08  0.000E+00  0.000E+00  0.000E+00  1.000E+00  1.000E+00  6.36E+02  0.00E+00  0.00E+00  0.000000  0.011787  0.0000000E+00  0.0000000000E+00
 37  2.282059612040713E+07    6.999975  3.490284  4.461375  7.5157720E-01  2.4837130E-01  1.2915521E-06  4.2970797E-09  1.0216519E-07  6.8211449E-06  3.5136664E-10  2.0005896E-09  9.2048308E-07  2.3543589E-08  0.000E+00  0.2386  4.461375  -11.694  1.698670  7.676250  4.4773790E-01  5.5225275E-01  8.5234915E-08  2.3203301E-08  7.3728570E-06  9.9201436E-08  1.2961057E-10  2.8670207E-13  9.2048308E-07  2.3543589E-08  0.000E+00  0.000E+00  0.000E+00  1.000E+00  1.000E+00  6.34E+02  0.00E+00  0.00E+00  0.000000  0.011895  0.0000000E+00  0.0000000000E+00
 38  2.324967408208882E+07    6.999974  3.494402  4.460728  7.5157720E-01  2.4837130E-01  1.2915521E-06  4.2970797E-09  1.0216519E-07  6.8211449E-06  3.5136664E-10  2.0005896E-09  9.2048308E-07  2.3543589E-08  0.000E+00  0.2364  4.460728  -11.682  1.700085  7.677390  4.3938442E-01  5.6060628E-01  8.5484445E-08  2.3274192E-08  7.3728262E-06  9.8817700E-08  1.2876119E-10  2.8496088E-13  9.2048308E-07  2.3543589E-08  0.000E+00  0.000E+00  0.000E+00  1.000E+00  1.000E+00  6.31E+02  0.00E+00  0.00E+00  0.000000  0.012008  0.0000000E+00  0.0000000000E+00
 39  2.367184890821605E+07    6.999973  3.498351  4.460039  7.5157720E-01  2.4837130E-01  1.2915521E-06  4.2970797E-09  1.0216519E-07  6.8211449E-06  3.5136664E-10  2.0005896E-09  9.2048308E-07  2.3543589E-08  0.000E+00  0.2343  4.460039  -11.671  1.701335  7.678476  4.3103095E-01  5.6895965E-01  8.5721344E-08  2.3341534E-08  7.3727952E-06  9.8455330E-08  1.2796202E-10  2.8330870E-13  9.2048308E-07  2.3543589E-08  0.000E+00  0.000E+00  0.000E+00  1.000E+00  1.000E+00  6.29E+02  0.00E+00  0.00E+00  0.000000  0.012117  0.0000000E+00  0.0000000000E+00
 40  2.408629701966098E+07    6.999972  3.502393  4.459348  7.5157720E-01  2.4837130E-01  1.2915521E-06  4.2970797E-09  1.0216519E-07  6.8211449E-06  3.5136664E-10  2.0005896E-09  9.2048308E-07  2.3543589E-08  0.000E+00  0.2319  4.459348  -11.659  1.702726  7.679599  4.2267747E-01  5.7731323E-01  8.5972293E-08  2.3412864E-08  7.3727666E-06  9.8066635E-08  1.2711498E-10  2.8156211E-13  9.2048308E-07  2.3543589E-08  0.000E+00  0.000E+00  0.000E+00  1.000E+00  1.000E+00  6.26E+02  0.00E+00  0.00E+00  0.000000  0.012231  0.0000000E+00  0.0000000000E+00
 41  2.449157843277878E+07    6.999971  3.506236  4.458626  7.5157720E-01  2.4837130E-01  1.2915521E-06  4.2970797E-09  1.0216519E-07  6.8211449E-06  3.5136664E-10  2.0005896E-09  9.2048308E-07  2.3543589E-08  0.000E+00  0.2295  4.458626  -11.648  1.703966  7.680721  4.1432399E-01  5.8566661E-01  8.6218096E-08  2.3482788E-08  7.3727379E-06  9.7686493E-08  1.2629653E-10  2.7984863E-13  9.2048308E-07  2.3543589E-08  0.000E+00  0.000E+00  0.000E+00  1.000E+00  1.000E+00  6.24E+02  0.00E+00  0.00E+00  0.000000  0.012339  0.0000000E+00  0.0000000000E+00
 42  2.489038663642172E+07    6.999971  3.510267  4.457900  7.5157720E-01  2.4837130E-01  1.2915521E-06  4.2970797E-09  1.0216519E-07  6.8211449E-06  3.5136664E-10  2.0005896E-09  9.2048308E-07  2.3543589E-08  0.000E+00  0.2274  4.457900  -11.636  1.705600  7.681857  4.0597051E-01  5.9402019E-01  8.6474162E-08  2.3555622E-08  7.3727017E-06  9.7297820E-08  1.2546035E-10  2.7810311E-13  9.2048308E-07  2.3543589E-08  0.000E+00  0.000E+00  0.000E+00  1.000E+00  1.000E+00  6.21E+02  0.00E+00  0.00E+00  0.000000  0.012454  0.0000000E+00  0.0000000000E+00
 43  2.528097780231296E+07    6.999970  3.514062  4.457147  7.5157720E-01  2.4837130E-01  1.2915521E-06  4.2970797E-09  1.0216519E-07  6.8211449E-06  3.5136664E-10  2.0005896E-09  9.2048308E-07  2.3543589E-08  0.000E+00  0.2250  4.457147  -11.626  1.706929  7.683012  3.9761704E-01  6.0237356E-01  8.6727236E-08  2.3627648E-08  7.3726697E-06  9.6909323E-08  1.2463221E-10  2.7635957E-13  9.2048308E-07  2.3543589E-08  0.000E+00  0.000E+00  0.000E+00  1.000E+00  1.000E+00  6.19E+02  0.00E+00  0.00E+00  0.000000  0.012564  0.0000000E+00  0.0000000000E+00
 44  2.566457017221557E+07    6.999969  3.518034  4.456377  7.5157720E-01  2.4837130E-01  1.2915521E-06  4.2970797E-09  1.0216519E-07  6.8211449E-06  3.5136664E-10  2.0005896E-09  9.2048308E-07  2.3543589E-08  0.000E+00  0.2229  4.456377  -11.614  1.708657  7.684134  3.8926356E-01  6.1072713E-01  8.6987561E-08  2.3701722E-08  7.3726276E-06  9.6520058E-08  1.2380154E-10  2.7462051E-13  9.2048308E-07  2.3543589E-08  0.000E+00  0.000E+00  0.000E+00  1.000E+00  1.000E+00  6.16E+02  0.00E+00  0.00E+00  0.000000  0.012679  0.0000000E+00  0.0000000000E+00
 45  2.604097388952832E+07    6.999968  3.521779  4.455583  7.5157720E-01  2.4837130E-01  1.2915521E-06  4.2970797E-09  1.0216519E-07  6.8211449E-06  3.5136664E-10  2.0005896E-09  9.2048308E-07  2.3543589E-08  0.000E+00  0.2202  4.455583  -11.604  1.710106  7.685291  3.8091008E-01  6.1908061E-01  8.7242894E-08  2.3774446E-08  7.3725943E-06  9.6129092E-08  1.2298224E-10  2.7287514E-13  9.2048308E-07  2.3543589E-08  0.000E+00  0.000E+00  0.000E+00  1.000E+00  1.000E+00  6.14E+02  0.00E+00  0.00E+00  0.000000  0.012789  0.0000000E+00  0.0000000000E+00
 46  2.641071638813463E+07    6.999967  3.525707  4.454777  7.5157720E-01  2.4837130E-01  1.2915521E-06  4.2970797E-09  1.0216519E-07  6.8211449E-06  3.5136664E-10  2.0005896E-09  9.2048308E-07  2.3543589E-08  0.000E+00  0.2184  4.454777  -11.593  1.711983  7.686444  3.7255660E-01  6.2743404E-01  8.7510899E-08  2.3850761E-08  7.3725497E-06  9.5729737E-08  1.2214476E-10  2.7110075E-13  9.2048308E-07  2.3543589E-08  0.000E+00  0.000E+00  0.000E+00  1.000E+00  1.000E+00  6.11E+02  0.00E+00  0.00E+00  0.000000  0.012905  0.0000000E+00  0.0000000000E+00
 47  2.677337708406427E+07    6.999966  3.529398  4.453946  7.5157720E-01  2.4837130E-01  1.2915521E-06  4.2970797E-09  1.0216519E-07  6.8211449E-06  3.5136664E-10  2.0005896E-09  9.2048308E-07  2.3543589E-08  0.000E+00  0.2158  4.453946  -11.583  1.713541  7.687622  3.6420312E-01  6.3578755E-01  8.7772564E-08  2.3925327E-08  7.3725128E-06  9.5332293E-08  1.2132106E-10  2.6933527E-13  9.2048308E-07  2.3543589E-08  0.000E+00  0.000E+00  0.000E+00  1.000E+00  1.000E+00  6.09E+02  0.00E+00  0.00E+00  0.000000  0.013016  0.0000000E+00  0.0000000000E+00
 48  2.712903334194556E+07    6.999965  3.533277  4.453113  7.5157720E-01  2.4837130E-01  1.2915521E-06  4.2970797E-09  1.0216519E-07  6.8211449E-06  3.5136664E-10  2.0005896E-09  9.2048308E-07  2.3543589E-08  0.000E+00  0.2139  4.453113  -11.573  1.715569  7.688833  3.5584965E-01  6.4414105E-01  8.8053534E-08  2.4005369E-08  7.3724622E-06  9.4917953E-08  1.2046034E-10  2.6750327E-13  9.2048308E-07  2.3543589E-08  0.000E+00  0.000E+00  0.000E+00  1.000E+00  1.000E+00  6.06E+02  0.00E+00  0.00E+00  0.000000  0.013133  0.0000000E+00  0.0000000000E+00
 49  2.747805224004550E+07    6.999964  3.536912  4.452248  7.5157720E-01  2.4837130E-01  1.2915521E-06  4.2970797E-09  1.0216519E-07  6.8211449E-06  3.5136664E-10  2.0005896E-09  9.2048308E-07  2.3543589E-08  0.000E+00  0.2113  4.452248  -11.563  1.717249  7.690033  3.4749617E-01  6.5249452E-01  8.8322860E-08  2.4082158E-08  7.3724206E-06  9.4512959E-08  1.1963019E-10  2.6571350E-13  9.2048308E-07  2.3543589E-08  0.000E+00  0.000E+00  0.000E+00  1.000E+00  1.000E+00  6.04E+02  0.00E+00  0.00E+00  0.000000  0.013243  0.0000000E+00  0.0000000000E+00
 50  2.782063587505196E+07    6.999963  3.540742  4.451361  7.5157720E-01  2.4837130E-01  1.2915521E-06  4.2970797E-09  1.0216519E-07  6.8211449E-06  3.5136664E-10  2.0005896E-09  9.2048308E-07  2.3543589E-08  0.000E+00  0.2095  4.451361  -11.553  1.719376  7.691211  3.3914269E-01  6.6084791E-01  8.8600505E-08  2.4161305E-08  7.3723673E-06  9.4107098E-08  1.1879930E-10  2.6392963E-13  9.2048308E-07  2.3543589E-08  0.000E+00  0.000E+00  0.000E+00  1.000E+00  1.000E+00  6.01E+02  0.00E+00  0.00E+00  0.000000  0.013360  0.0000000E+00  0.0000000000E+00
 51  2.815705908787991E+07    6.999962  3.544330  4.450456  7.5157720E-01  2.4837130E-01  1.2915521E-06  4.2970797E-09  1.0216519E-07  6.8211449E-06  3.5136664E-10  2.0005896E-09  9.2048308E-07  2.3543589E-08  0.000E+00  0.2069  4.450456  -11.544  1.721194  7.692437  3.3078921E-01  6.6920139E-01  8.8878260E-08  2.4240546E-08  7.3723214E-06  9.3692750E-08  1.1796160E-10  2.6210877E-13  9.2048308E-07  2.3543589E-08  0.000E+00  0.000E+00  0.000E+00  1.000E+00  1.000E+00  5.99E+02  0.00E+00  0.00E+00  0.000000  0.013471  0.0000000E+00  0.0000000000E+00
 52  2.848709838334982E+07    6.999961  3.548106  4.449541  7.5157720E-01  2.4837130E-01  1.2915521E-06  4.2970797E-09  1.0216519E-07  6.8211449E-06  3.5136664E-10  2.0005896E-09  9.2048308E-07  2.3543589E-08  0.000E+00  0.2048  4.449541  -11.534  1.723517  7.693679  3.2243574E-01  6.7755486E-01  8.9174428E-08  2.4325016E-08  7.3722609E-06  9.3264136E-08  1.1709288E-10  2.6023453E-13  9.2048308E-07  2.3543589E-08  0.000E+00  0.000E+00  0.000E+00  1.000E+00  1.000E+00  5.96E+02  0.00E+00  0.00E+00  0.000000  0.013588  0.0000000E+00  0.0000000000E+00
 53  2.881083484424581E+07    6.999960  3.551658  4.448590  7.5157720E-01  2.4837130E-01  1.2915521E-06  4.2970797E-09  1.0216519E-07  6.8211449E-06  3.5136664E-10  2.0005896E-09  9.2048308E-07  2.3543589E-08  0.000E+00  0.2025  4.448590  -11.525  1.725503  7.694899  3.1408226E-01  6.8590838E-01  8.9462667E-08  2.4407257E-08  7.3722020E-06  9.2846881E-08  1.1625247E-10  2.5841293E-13  9.2048308E-07  2.3543589E-08  0.000E+00  0.000E+00  0.000E+00  1.000E+00  1.000E+00  5.94E+02  0.00E+00  0.00E+00  0.000000  0.013700  0.0000000E+00  0.0000000000E+00
 54  2.912917416339948E+07    6.999959  3.555376  4.447638  7.5157720E-01  2.4837130E-01  1.2915521E-06  4.2970797E-09  1.0216519E-07  6.8211449E-06  3.5136664E-10  2.0005896E-09  9.2048308E-07  2.3543589E-08  0.000E+00  0.2004  4.447638  -11.515  1.727933  7.696188  3.0572878E-01  6.9426192E-01  8.9761889E-08  2.4492672E-08  7.3721433E-06  9.2410957E-08  1.1538282E-10  2.5651425E-13  9.2048308E-07  2.3543589E-08  0.000E+00  0.000E+00  0.000E+00  1.000E+00  1.000E+00  5.91E+02  0.00E+00  0.00E+00  0.000000  0.013818  0.0000000E+00  0.0000000000E+00
 55  2.944082407539311E+07    6.999958  3.558862  4.446662  7.5157720E-01  2.4837130E-01  1.2915521E-06  4.2970797E-09  1.0216519E-07  6.8211449E-06  3.5136664E-10  2.0005896E-09  9.2048308E-07  2.3543589E-08  0.000E+00  0.1982  4.446662  -11.507  1.730055  7.697473  2.9737530E-01  7.0261535E-01  9.0060099E-08  2.4577841E-08  7.3720853E-06  9.1975753E-08  1.1452293E-10  2.5462362E-13  9.2048308E-07  2.3543589E-08  0.000E+00  0.000E+00  0.000E+00  1.000E+00  1.000E+00  5.89E+02  0.00E+00  0.00E+00  0.000000  0.013929  0.0000000E+00  0.0000000000E+00
 56  2.974752163668253E+07    6.999957  3.562546  4.445654  7.5157720E-01  2.4837130E-01  1.2915521E-06  4.2970797E-09  1.0216519E-07  6.8211449E-06  3.5136664E-10  2.0005896E-09  9.2048308E-07  2.3543589E-08  0.000E+00  0.1961  4.445654  -11.497  1.732689  7.698737  2.8902182E-01  7.1096888E-01  9.0367442E-08  2.4665602E-08  7.3720153E-06  9.1538991E-08  1.1365874E-10  2.5273488E-13  9.2048308E-07  2.3543589E-08  0.000E+00  0.000E+00  0.000E+00  1.000E+00  1.000E+00  5.86E+02  0.00E+00  0.00E+00  0.000000  0.014048  0.0000000E+00  0.0000000000E+00
 57  3.004763504432293E+07    6.999956  3.565982  4.444637  7.5157720E-01  2.4837130E-01  1.2915521E-06  4.2970797E-09  1.0216519E-07  6.8211449E-06  3.5136664E-10  2.0005896E-09  9.2048308E-07  2.3543589E-08  0.000E+00  0.1939  4.444637  -11.489  1.734991  7.700059  2.8066835E-01  7.1932234E-01  9.0679330E-08  2.4754682E-08  7.3719465E-06  9.1093145E-08  1.1279127E-10  2.5078329E-13  9.2048308E-07  2.3543589E-08  0.000E+00  0.000E+00  0.000E+00  1.000E+00  1.000E+00  5.84E+02  0.00E+00  0.00E+00  0.000000  0.014159  0.0000000E+00  0.0000000000E+00
 58  3.034335805348662E+07    6.999955  3.569614  4.443588  7.5157720E-01  2.4837130E-01  1.2915521E-06  4.2970797E-09  1.0216519E-07  6.8211449E-06  3.5136664E-10  2.0005896E-09  9.2048308E-07  2.3543589E-08  0.000E+00  0.1919  4.443588  -11.480  1.737808  7.701357  2.7231487E-01  7.2767573E-01  9.0998189E-08  2.4845732E-08  7.3718664E-06  9.0648561E-08  1.1192859E-10  2.4883602E-13  9.2048308E-07  2.3543589E-08  0.000E+00  0.000E+00  0.000E+00  1.000E+00  1.000E+00  5.81E+02  0.00E+00  0.00E+00  0.000000  0.014278  0.0000000E+00  0.0000000000E+00
 59  3.063228492030906E+07    6.999954  3.573004  4.442540  7.5157720E-01  2.4837130E-01  1.2915521E-06  4.2970797E-09  1.0216519E-07  6.8211449E-06  3.5136664E-10  2.0005896E-09  9.2048308E-07  2.3543589E-08  0.000E+00  0.1894  4.442540  -11.472  1.740318  7.702725  2.6396139E-01  7.3602921E-01  9.1323529E-08  2.4938604E-08  7.3717846E-06  9.0194971E-08  1.1107197E-10  2.4678832E-13  9.2048308E-07  2.3543589E-08  0.000E+00  0.000E+00  0.000E+00  1.000E+00  1.000E+00  5.79E+02  0.00E+00  0.00E+00  0.000000  0.014390  0.0000000E+00  0.0000000000E+00
 60  3.091728885272702E+07    6.999953  3.576547  4.441470  7.5157720E-01  2.4837130E-01  1.2915521E-06  4.2970797E-09  1.0216519E-07  6.8211449E-06  3.5136664E-10  2.0005896E-09  9.2048308E-07  2.3543589E-08  0.000E+00  0.1877  4.441470  -11.463  1.743374  7.704123  2.5560791E-01  7.4438276E-01  9.1664474E-08  2.5035840E-08  7.3716859E-06  8.9734584E-08  1.1022080E-10  2.4465002E-13  9.2048308E-07  2.3543589E-08  0.000E+00  0.000E+00  0.000E+00  1.000E+00  1.000E+00  5.76E+02  0.00E+00  0.00E+00  0.000000  0.014508  0.0000000E+00  0.0000000000E+00
 61  3.119510664214529E+07    6.999952  3.579985  4.440386  7.5157720E-01  2.4837130E-01  1.2915521E-06  4.2970797E-09  1.0216519E-07  6.8211449E-06  3.5136664E-10  2.0005896E-09  9.2048308E-07  2.3543589E-08  0.000E+00  0.1854  4.440386  -11.455  1.746373  7.705535  2.4725444E-01  7.5273626E-01  9.2006527E-08  2.5133337E-08  7.3715831E-06  8.9277063E-08  1.0939838E-10  2.4245980E-13  9.2048308E-07  2.3543589E-08  0.000E+00  0.000E+00  0.000E+00  1.000E+00  1.000E+00  5.73E+02  0.00E+00  0.00E+00  0.000000  0.014624  0.0000000E+00  0.0000000000E+00
 62  3.146762477262176E+07    6.999951  3.583356  4.439284  7.5157720E-01  2.4837130E-01  1.2915521E-06  4.2970797E-09  1.0216519E-07  6.8211449E-06  3.5136664E-10  2.0005896E-09  9.2048308E-07  2.3543589E-08  0.000E+00  0.1830  4.439284  -11.448  1.749312  7.706963  2.3890096E-01  7.6108964E-01  9.2354711E-08  2.5232496E-08  7.3714699E-06  8.8820968E-08  1.0860119E-10  2.4020180E-13  9.2048308E-07  2.3543589E-08  0.000E+00  0.000E+00  0.000E+00  1.000E+00  1.000E+00  5.71E+02  0.00E+00  0.00E+00  0.000000  0.014737  0.0000000E+00  0.0000000000E+00
 63  3.173528189425790E+07    6.999951  3.586737  4.438171  7.5157720E-01  2.4837130E-01  1.2915521E-06  4.2970797E-09  1.0216519E-07  6.8211449E-06  3.5136664E-10  2.0005896E-09  9.2048308E-07  2.3543589E-08  0.000E+00  0.1810  4.438171  -11.440  1.752529  7.708450  2.3054748E-01  7.6944319E-01  9.2710614E-08  2.5333759E-08  7.3713496E-06  8.8360352E-08  1.0782351E-10  2.3783370E-13  9.2048308E-07  2.3543589E-08  0.000E+00  0.000E+00  0.000E+00  1.000E+00  1.000E+00  5.68E+02  0.00E+00  0.00E+00  0.000000  0.014852  0.0000000E+00  0.0000000000E+00
 64  3.199777999020533E+07    6.999950  3.590106  4.437046  7.5157720E-01  2.4837130E-01  1.2915521E-06  4.2970797E-09  1.0216519E-07  6.8211449E-06  3.5136664E-10  2.0005896E-09  9.2048308E-07  2.3543589E-08  0.000E+00  0.1787  4.437046  -11.432  1.755962  7.709976  2.2219400E-01  7.7779664E-01  9.3082883E-08  2.5439555E-08  7.3712115E-06  8.7892570E-08  1.0705760E-10  2.3534107E-13  9.2048308E-07  2.3543589E-08  0.000E+00  0.000E+00  0.000E+00  1.000E+00  1.000E+00  5.66E+02  0.00E+00  0.00E+00  0.000000  0.014968  0.0000000E+00  0.0000000000E+00
 65  3.225495783109580E+07    6.999949  3.593445  4.435903  7.5157720E-01  2.4837130E-01  1.2915521E-06  4.2970797E-09  1.0216519E-07  6.8211449E-06  3.5136664E-10  2.0005896E-09  9.2048308E-07  2.3543589E-08  0.000E+00  0.1767  4.435903  -11.424  1.759555  7.711526  2.1384052E-01  7.8615016E-01  9.3464623E-08  2.5547931E-08  7.3710606E-06  8.7423560E-08  1.0631543E-10  2.3275403E-13  9.2048308E-07  2.3543589E-08  0.000E+00  0.000E+00  0.000E+00  1.000E+00  1.000E+00  5.63E+02  0.00E+00  0.00E+00  0.000000  0.015083  0.0000000E+00  0.0000000000E+00
 66  3.250745582513810E+07    6.999948  3.596765  4.434755  7.5157720E-01  2.4837130E-01  1.2915521E-06  4.2970797E-09  1.0216519E-07  6.8211449E-06  3.5136664E-10  2.0005896E-09  9.2048308E-07  2.3543589E-08  0.000E+00  0.1745  4.434755  -11.417  1.763330  7.713142  2.0548705E-01  7.9450355E-01  9.3861415E-08  2.5660462E-08  7.3708950E-06  8.6946153E-08  1.0558902E-10  2.3002593E-13  9.2048308E-07  2.3543589E-08  0.000E+00  0.000E+00  0.000E+00  1.000E+00  1.000E+00  5.61E+02  0.00E+00  0.00E+00  0.000000  0.015199  0.0000000E+00  0.0000000000E+00
 67  3.275488757980034E+07    6.999947  3.600060  4.433595  7.5157720E-01  2.4837130E-01  1.2915521E-06  4.2970797E-09  1.0216519E-07  6.8211449E-06  3.5136664E-10  2.0005896E-09  9.2048308E-07  2.3543589E-08  0.000E+00  0.1724  4.433595  -11.409  1.767294  7.714801  1.9713357E-01  8.0285713E-01  9.4270703E-08  2.5776394E-08  7.3707141E-06  8.6465479E-08  1.0488695E-10  2.2717640E-13  9.2048308E-07  2.3543589E-08  0.000E+00  0.000E+00  0.000E+00  1.000E+00  1.000E+00  5.58E+02  0.00E+00  0.00E+00  0.000000  0.015315  0.0000000E+00  0.0000000000E+00
 68  3.299756926753497E+07    6.999946  3.603336  4.432417  7.5157720E-01  2.4837130E-01  1.2915521E-06  4.2970797E-09  1.0216519E-07  6.8211449E-06  3.5136664E-10  2.0005896E-09  9.2048308E-07  2.3543589E-08  0.000E+00  0.1702  4.432417  -11.402  1.771436  7.716495  1.8878009E-01  8.1121061E-01  9.4692540E-08  2.5895744E-08  7.3705172E-06  8.5982066E-08  1.0420872E-10  2.2421531E-13  9.2048308E-07  2.3543589E-08  0.000E+00  0.000E+00  0.000E+00  1.000E+00  1.000E+00  5.55E+02  0.00E+00  0.00E+00  0.000000  0.015431  0.0000000E+00  0.0000000000E+00
 69  3.323578719254300E+07    6.999945  3.606588  4.431241  7.5157720E-01  2.4837130E-01  1.2915521E-06  4.2970797E-09  1.0216519E-07  6.8211449E-06  3.5136664E-10  2.0005896E-09  9.2048308E-07  2.3543589E-08  0.000E+00  0.1682  4.431241  -11.395  1.775819  7.718271  1.8042661E-01  8.1956400E-01  9.5133752E-08  2.6020395E-08  7.3703005E-06  8.5488932E-08  1.0355222E-10  2.2107115E-13  9.2048308E-07  2.3543589E-08  0.000E+00  0.000E+00  0.000E+00  1.000E+00  1.000E+00  5.53E+02  0.00E+00  0.00E+00  0.000000  0.015548  0.0000000E+00  0.0000000000E+00
 70  3.346968179008691E+07    6.999944  3.609782  4.430061  7.5157720E-01  2.4837130E-01  1.2915521E-06  4.2970797E-09  1.0216519E-07  6.8211449E-06  3.5136664E-10  2.0005896E-09  9.2048308E-07  2.3543589E-08  0.000E+00  0.1661  4.430061  -11.388  1.780474  7.720130  1.7207314E-01  8.2791755E-01  9.5597422E-08  2.6151244E-08  7.3700618E-06  8.4983288E-08  1.0290837E-10  2.1775110E-13  9.2048308E-07  2.3543589E-08  0.000E+00  0.000E+00  0.000E+00  1.000E+00  1.000E+00  5.50E+02  0.00E+00  0.00E+00  0.000000  0.015662  0.0000000E+00  0.0000000000E+00
 71  3.369891831640530E+07    6.999943  3.612986  4.428886  7.5157720E-01  2.4837130E-01  1.2915521E-06  4.2970797E-09  1.0216519E-07  6.8211449E-06  3.5136664E-10  2.0005896E-09  9.2048308E-07  2.3543589E-08  0.000E+00  0.1640  4.428886  -11.381  1.785136  7.722048  1.6371966E-01  8.3627104E-01  9.6077637E-08  2.6286589E-08  7.3698049E-06  8.4470837E-08  1.0229058E-10  2.1427809E-13  9.2048308E-07  2.3543589E-08  0.000E+00  0.000E+00  0.000E+00  1.000E+00  1.000E+00  5.48E+02  0.00E+00  0.00E+00  0.000000  0.015778  0.0000000E+00  0.0000000000E+00
 72  3.392374108156832E+07    6.999942  3.616217  4.427700  7.5157720E-01  2.4837130E-01  1.2915521E-06  4.2970797E-09  1.0216519E-07  6.8211449E-06  3.5136664E-10  2.0005896E-09  9.2048308E-07  2.3543589E-08  0.000E+00  0.1620  4.427700  -11.374  1.790387  7.724041  1.5536618E-01  8.4462442E-01  9.6587069E-08  2.6430006E-08  7.3695177E-06  8.3944118E-08  1.0168375E-10  2.1061635E-13  9.2048308E-07  2.3543589E-08  0.000E+00  0.000E+00  0.000E+00  1.000E+00  1.000E+00  5.45E+02  0.00E+00  0.00E+00  0.000000  0.015895  0.0000000E+00  0.0000000000E+00
 73  3.414392796224038E+07    6.999941  3.619300  4.426531  7.5157720E-01  2.4837130E-01  1.2915521E-06  4.2970797E-09  1.0216519E-07  6.8211449E-06  3.5136664E-10  2.0005896E-09  9.2048308E-07  2.3543589E-08  0.000E+00  0.1599  4.426531  -11.367  1.795522  7.726118  1.4701270E-01  8.5297792E-01  9.7111269E-08  2.6577337E-08  7.3692130E-06  8.3412980E-08  1.0111674E-10  2.0678670E-13  9.2048308E-07  2.3543589E-08  0.000E+00  0.000E+00  0.000E+00  1.000E+00  1.000E+00  5.43E+02  0.00E+00  0.00E+00  0.000000  0.016009  0.0000000E+00  0.0000000000E+00
 74  3.435982560937446E+07    6.999940  3.622501  4.425347  7.5157720E-01  2.4837130E-01  1.2915521E-06  4.2970797E-09  1.0216519E-07  6.8211449E-06  3.5136664E-10  2.0005896E-09  9.2048308E-07  2.3543589E-08  0.000E+00  0.1579  4.425347  -11.360  1.801413  7.728272  1.3865923E-01  8.6133147E-01  9.7674952E-08  2.6735613E-08  7.3688683E-06  8.2861352E-08  1.0055399E-10  2.0273859E-13  9.2048308E-07  2.3543589E-08  0.000E+00  0.000E+00  0.000E+00  1.000E+00  1.000E+00  5.40E+02  0.00E+00  0.00E+00  0.000000  0.016128  0.0000000E+00  0.0000000000E+00
 75  3.457174879645882E+07    6.999939  3.625589  4.424182  7.5157720E-01  2.4837130E-01  1.2915521E-06  4.2970797E-09  1.0216519E-07  6.8211449E-06  3.5136664E-10  2.0005896E-09  9.2048308E-07  2.3543589E-08  0.000E+00  0.1562  4.424182  -11.353  1.807501  7.730547  1.3030575E-01  8.6968490E-01  9.8263240E-08  2.6900552E-08  7.3684938E-06  8.2302720E-08  1.0003013E-10  1.9849376E-13  9.2048308E-07  2.3543589E-08  0.000E+00  0.000E+00  0.000E+00  1.000E+00  1.000E+00  5.38E+02  0.00E+00  0.00E+00  0.000000  0.016243  0.0000000E+00  0.0000000000E+00
 76  3.477869411826362E+07    6.999938  3.628727  4.423053  7.5157720E-01  2.4837130E-01  1.2915521E-06  4.2970797E-09  1.0216519E-07  6.8211449E-06  3.5136664E-10  2.0005896E-09  9.2048308E-07  2.3543589E-08  0.000E+00  0.1539  4.423053  -11.346  1.813879  7.732982  1.2195227E-01  8.7803833E-01  9.8904512E-08  2.7080117E-08  7.3680772E-06  8.1703652E-08  9.9501587E-11  1.9389923E-13  9.2048308E-07  2.3543589E-08  0.000E+00  0.000E+00  0.000E+00  1.000E+00  1.000E+00  5.36E+02  0.00E+00  0.00E+00  0.000000  0.016360  0.0000000E+00  0.0000000000E+00
 77  3.498223350109857E+07    6.999937  3.631866  4.421922  7.5157720E-01  2.4837130E-01  1.2915521E-06  4.2970797E-09  1.0216519E-07  6.8211449E-06  3.5136664E-10  2.0005896E-09  9.2048308E-07  2.3543589E-08  0.000E+00  0.1519  4.421922  -11.339  1.820954  7.735492  1.1359879E-01  8.8639191E-01  9.9576125E-08  2.7267894E-08  7.3676212E-06  8.1099041E-08  9.9017821E-11  1.8912877E-13  9.2048308E-07  2.3543589E-08  0.000E+00  0.000E+00  0.000E+00  1.000E+00  1.000E+00  5.33E+02  0.00E+00  0.00E+00  0.000000  0.016479  0.0000000E+00  0.0000000000E+00
 78  3.518108227239286E+07    6.999936  3.634882  4.420847  7.5157720E-01  2.4837130E-01  1.2915521E-06  4.2970797E-09  1.0216519E-07  6.8211449E-06  3.5136664E-10  2.0005896E-09  9.2048308E-07  2.3543589E-08  0.000E+00  0.1495  4.420847  -11.333  1.828109  7.738168  1.0524531E-01  8.9474529E-01  1.0030005E-07  2.7470080E-08  7.3671145E-06  8.0464748E-08  9.8547795E-11  1.8406354E-13  9.2048308E-07  2.3543589E-08  0.000E+00  0.000E+00  0.000E+00  1.000E+00  1.000E+00  5.31E+02  0.00E+00  0.00E+00  0.000000  0.016594  0.0000000E+00  0.0000000000E+00
 79  3.537568150452536E+07    6.999935  3.638025  4.419797  7.5157720E-01  2.4837130E-01  1.2915521E-06  4.2970797E-09  1.0216519E-07  6.8211449E-06  3.5136664E-10  2.0005896E-09  9.2048308E-07  2.3543589E-08  0.000E+00  0.1472  4.419797  -11.325  1.836321  7.741023  9.6891836E-02  9.0309882E-01  1.0109387E-07  2.7691570E-08  7.3665393E-06  7.9791833E-08  9.8085309E-11  1.7865182E-13  9.2048308E-07  2.3543589E-08  0.000E+00  0.000E+00  0.000E+00  1.000E+00  1.000E+00  5.29E+02  0.00E+00  0.00E+00  0.000000  0.016715  0.0000000E+00  0.0000000000E+00
 80  3.556637694253848E+07    6.999935  3.641152  4.418805  7.5157720E-01  2.4837130E-01  1.2915521E-06  4.2970797E-09  1.0216519E-07  6.8211449E-06  3.5136664E-10  2.0005896E-09  9.2048308E-07  2.3543589E-08  0.000E+00  0.1450  4.418805  -11.318  1.845189  7.744084  8.8538359E-02  9.1145232E-01  1.0195052E-07  2.7930223E-08  7.3659007E-06  7.9086582E-08  9.7656963E-11  1.7289778E-13  9.2048308E-07  2.3543589E-08  0.000E+00  0.000E+00  0.000E+00  1.000E+00  1.000E+00  5.27E+02  0.00E+00  0.00E+00  0.000000  0.016835  0.0000000E+00  0.0000000000E+00
 81  3.575242904953397E+07    6.999934  3.644155  4.417898  7.5157720E-01  2.4837130E-01  1.2915521E-06  4.2970797E-09  1.0216519E-07  6.8211449E-06  3.5136664E-10  2.0005896E-09  9.2048308E-07  2.3543589E-08  0.000E+00  0.1424  4.417898  -11.311  1.854592  7.747377  8.0184881E-02  9.1980574E-01  1.0289542E-07  2.8193187E-08  7.3651744E-06  7.8333831E-08  9.7245715E-11  1.6674424E-13  9.2048308E-07  2.3543589E-08  0.000E+00  0.000E+00  0.000E+00  1.000E+00  1.000E+00  5.25E+02  0.00E+00  0.00E+00  0.000000  0.016952  0.0000000E+00  0.0000000000E+00
 82  3.593401123140901E+07    6.999933  3.647304  4.417103  7.5157720E-01  2.4837130E-01  1.2915521E-06  4.2970797E-09  1.0216519E-07  6.8211449E-06  3.5136664E-10  2.0005896E-09  9.2048308E-07  2.3543589E-08  0.000E+00  0.1398  4.417103  -11.303  1.865060  7.751003  7.1831403E-02  9.2815926E-01  1.0395954E-07  2.8489010E-08  7.3643320E-06  7.7514509E-08  9.6849973E-11  1.6005480E-13  9.2048308E-07  2.3543589E-08  0.000E+00  0.000E+00  0.000E+00  1.000E+00  1.000E+00  5.23E+02  0.00E+00  0.00E+00  0.000000  0.017075  0.0000000E+00  0.0000000000E+00
 83  3.611110277556198E+07    6.999932  3.650456  4.416431  7.5157720E-01  2.4837130E-01  1.2915521E-06  4.2970797E-09  1.0216519E-07  6.8211449E-06  3.5136664E-10  2.0005896E-09  9.2048308E-07  2.3543589E-08  0.000E+00  0.1373  4.416431  -11.295  1.876934  7.754969  6.3477925E-02  9.3651276E-01  1.0514584E-07  2.8818353E-08  7.3633670E-06  7.6631118E-08  9.6488545E-11  1.5286194E-13  9.2048308E-07  2.3543589E-08  0.000E+00  0.000E+00  0.000E+00  1.000E+00  1.000E+00  5.21E+02  0.00E+00  0.00E+00  0.000000  0.017200  0.0000000E+00  0.0000000000E+00
 84  3.628394094823338E+07    6.999931  3.653579  4.415961  7.5157720E-01  2.4837130E-01  1.2915521E-06  4.2970797E-09  1.0216519E-07  6.8211449E-06  3.5136664E-10  2.0005896E-09  9.2048308E-07  2.3543589E-08  0.000E+00  0.1346  4.415961  -11.286  1.890188  7.759400  5.5124448E-02  9.4486622E-01  1.0650948E-07  2.9196465E-08  7.3622208E-06  7.5658243E-08  9.6166379E-11  1.4499663E-13  9.2048308E-07  2.3543589E-08  0.000E+00  0.000E+00  0.000E+00  1.000E+00  1.000E+00  5.19E+02  0.00E+00  0.00E+00  0.000000  0.017324  0.0000000E+00  0.0000000000E+00
 85  3.645233581302930E+07    6.999930  3.656852  4.415752  7.5157720E-01  2.4837130E-01  1.2915521E-06  4.2970797E-09  1.0216519E-07  6.8211449E-06  3.5136664E-10  2.0005896E-09  9.2048308E-07  2.3543589E-08  0.000E+00  0.1317  4.415752  -11.277  1.905393  7.764438  4.6770970E-02  9.5321970E-01  1.0811412E-07  2.9640972E-08  7.3608402E-06  7.4550370E-08  9.5857209E-11  1.3628209E-13  9.2048308E-07  2.3543589E-08  0.000E+00  0.000E+00  0.000E+00  1.000E+00  1.000E+00  5.18E+02  0.00E+00  0.00E+00  0.000000  0.017455  0.0000000E+00  0.0000000000E+00
 86  3.648930352645065E+07    6.999930  3.657570  4.415760  7.5157720E-01  2.4837130E-01  1.2915521E-06  4.2970797E-09  1.0216519E-07  6.8211449E-06  3.5136664E-10  2.0005896E-09  9.2048308E-07  2.3543589E-08  0.000E+00  0.1310  4.415760  -11.274  1.909065  7.765688  4.4909848E-02  9.5508076E-01  1.0852395E-07  2.9754479E-08  7.3604787E-06  7.4277673E-08  9.5790314E-11  1.3417337E-13  9.2048308E-07  2.3543589E-08  0.000E+00  0.000E+00  0.000E+00  1.000E+00  1.000E+00  5.18E+02  0.00E+00  0.00E+00  0.000000  0.017484  0.0000000E+00  0.0000000000E+00
 87  3.652596238542296E+07    6.999930  3.658328  4.415773  7.5157720E-01  2.4837130E-01  1.2915521E-06  4.2970797E-09  1.0216519E-07  6.8211449E-06  3.5136664E-10  2.0005896E-09  9.2048308E-07  2.3543589E-08  0.000E+00  0.1304  4.415773  -11.272  1.913075  7.766961  4.3048727E-02  9.5694195E-01  1.0893781E-07  2.9868989E-08  7.3601145E-06  7.4001331E-08  9.5729221E-11  1.3204490E-13  9.2048308E-07  2.3543589E-08  0.000E+00  0.000E+00  0.000E+00  1.000E+00  1.000E+00  5.18E+02  0.00E+00  0.00E+00  0.000000  0.017514  0.0000000E+00  0.0000000000E+00
 88  3.656248752609757E+07    6.999929  3.659078  4.415823  7.5157720E-01  2.4837130E-01  1.2915521E-06  4.2970797E-09  1.0216519E-07  6.8211449E-06  3.5136664E-10  2.0005896E-09  9.2048308E-07  2.3543589E-08  0.000E+00  0.1297  4.415823  -11.269  1.917008  7.768280  4.1187605E-02  9.5880301E-01  1.0937221E-07  2.9989148E-08  7.3597275E-06  7.3716747E-08  9.5674742E-11  1.2985755E-13  9.2048308E-07  2.3543589E-08  0.000E+00  0.000E+00  0.000E+00  1.000E+00  1.000E+00  5.18E+02  0.00E+00  0.00E+00  0.000000  0.017544  0.0000000E+00  0.0000000000E+00
 89  3.659870322449203E+07    6.999929  3.659802  4.415886  7.5157720E-01  2.4837130E-01  1.2915521E-06  4.2970797E-09  1.0216519E-07  6.8211449E-06  3.5136664E-10  2.0005896E-09  9.2048308E-07  2.3543589E-08  0.000E+00  0.1292  4.415886  -11.267  1.921326  7.769647  3.9326483E-02  9.6066417E-01  1.0983421E-07  3.0117005E-08  7.3593135E-06  7.3416716E-08  9.5611284E-11  1.2760123E-13  9.2048308E-07  2.3543589E-08  0.000E+00  0.000E+00  0.000E+00  1.000E+00  1.000E+00  5.18E+02  0.00E+00  0.00E+00  0.000000  0.017574  0.0000000E+00  0.0000000000E+00
 90  3.663471425941303E+07    6.999929  3.660612  4.415978  7.5157720E-01  2.4837130E-01  1.2915521E-06  4.2970797E-09  1.0216519E-07  6.8211449E-06  3.5136664E-10  2.0005896E-09  9.2048308E-07  2.3543589E-08  0.000E+00  0.1285  4.415978  -11.264  1.925662  7.771077  3.7465362E-02  9.6252525E-01  1.1030891E-07  3.0248203E-08  7.3588847E-06  7.3112508E-08  9.5566164E-11  1.2529037E-13  9.2048308E-07  2.3543589E-08  0.000E+00  0.000E+00  0.000E+00  1.000E+00  1.000E+00  5.17E+02  0.00E+00  0.00E+00  0.000000  0.017607  0.0000000E+00  0.0000000000E+00
 91  3.667058346062849E+07    6.999929  3.661376  4.416108  7.5157720E-01  2.4837130E-01  1.2915521E-06  4.2970797E-09  1.0216519E-07  6.8211449E-06  3.5136664E-10  2.0005896E-09  9.2048308E-07  2.3543589E-08  0.000E+00  0.1276  4.416108  -11.262  1.930135  7.772566  3.5604240E-02  9.6438641E-01  1.1081443E-07  3.0387974E-08  7.3584254E-06  7.2791734E-08  9.5514107E-11  1.2290211E-13  9.2048308E-07  2.3543589E-08  0.000E+00  0.000E+00  0.000E+00  1.000E+00  1.000E+00  5.17E+02  0.00E+00  0.00E+00  0.000000  0.017637  0.0000000E+00  0.0000000000E+00
 92  3.670606948668405E+07    6.999929  3.662162  4.416253  7.5157720E-01  2.4837130E-01  1.2915521E-06  4.2970797E-09  1.0216519E-07  6.8211449E-06  3.5136664E-10  2.0005896E-09  9.2048308E-07  2.3543589E-08  0.000E+00  0.1271  4.416253  -11.259  1.935118  7.774123  3.3743119E-02  9.6624756E-01  1.1135377E-07  3.0537061E-08  7.3579311E-06  7.2454203E-08  9.5464579E-11  1.2042238E-13  9.2048308E-07  2.3543589E-08  0.000E+00  0.000E+00  0.000E+00  1.000E+00  1.000E+00  5.17E+02  0.00E+00  0.00E+00  0.000000  0.017669  0.0000000E+00  0.0000000000E+00
 93  3.674146842072514E+07    6.999929  3.662987  4.416451  7.5157720E-01  2.4837130E-01  1.2915521E-06  4.2970797E-09  1.0216519E-07  6.8211449E-06  3.5136664E-10  2.0005896E-09  9.2048308E-07  2.3543589E-08  0.000E+00  0.1263  4.416451  -11.256  1.940075  7.775757  3.1881997E-02  9.6810863E-01  1.1191826E-07  3.0693032E-08  7.3574105E-06  7.2104768E-08  9.5421038E-11  1.1787171E-13  9.2048308E-07  2.3543589E-08  0.000E+00  0.000E+00  0.000E+00  1.000E+00  1.000E+00  5.17E+02  0.00E+00  0.00E+00  0.000000  0.017703  0.0000000E+00  0.0000000000E+00
 94  3.677667573935498E+07    6.999928  3.663777  4.416683  7.5157720E-01  2.4837130E-01  1.2915521E-06  4.2970797E-09  1.0216519E-07  6.8211449E-06  3.5136664E-10  2.0005896E-09  9.2048308E-07  2.3543589E-08  0.000E+00  0.1257  4.416683  -11.253  1.945506  7.777476  3.0020875E-02  9.6996976E-01  1.1252760E-07  3.0861408E-08  7.3568436E-06  7.1733239E-08  9.5375969E-11  1.1521155E-13  9.2048308E-07  2.3543589E-08  0.000E+00  0.000E+00  0.000E+00  1.000E+00  1.000E+00  5.17E+02  0.00E+00  0.00E+00  0.000000  0.017735  0.0000000E+00  0.0000000000E+00
 95  3.681161712265780E+07    6.999928  3.664662  4.416959  7.5157720E-01  2.4837130E-01  1.2915521E-06  4.2970797E-09  1.0216519E-07  6.8211449E-06  3.5136664E-10  2.0005896E-09  9.2048308E-07  2.3543589E-08  0.000E+00  0.1248  4.416959  -11.249  1.951128  7.779294  2.8159754E-02  9.7183092E-01  1.1316121E-07  3.1036396E-08  7.3562523E-06  7.1349000E-08  9.5347489E-11  1.1245489E-13  9.2048308E-07  2.3543589E-08  0.000E+00  0.000E+00  0.000E+00  1.000E+00  1.000E+00  5.17E+02  0.00E+00  0.00E+00  0.000000  0.017771  0.0000000E+00  0.0000000000E+00
 96  3.684645016680819E+07    6.999928  3.665524  4.417301  7.5157720E-01  2.4837130E-01  1.2915521E-06  4.2970797E-09  1.0216519E-07  6.8211449E-06  3.5136664E-10  2.0005896E-09  9.2048308E-07  2.3543589E-08  0.000E+00  0.1241  4.417301  -11.246  1.957023  7.781223  2.6298632E-02  9.7369201E-01  1.1384814E-07  3.1226196E-08  7.3556072E-06  7.0936946E-08  9.5316935E-11  1.0955662E-13  9.2048308E-07  2.3543589E-08  0.000E+00  0.000E+00  0.000E+00  1.000E+00  1.000E+00  5.18E+02  0.00E+00  0.00E+00  0.000000  0.017807  0.0000000E+00  0.0000000000E+00
 97  3.688101727927039E+07    6.999928  3.666425  4.417687  7.5157720E-01  2.4837130E-01  1.2915521E-06  4.2970797E-09  1.0216519E-07  6.8211449E-06  3.5136664E-10  2.0005896E-09  9.2048308E-07  2.3543589E-08  0.000E+00  0.1233  4.417687  -11.242  1.963660  7.783284  2.4437510E-02  9.7555316E-01  1.1457458E-07  3.1427036E-08  7.3549266E-06  7.0499312E-08  9.5304925E-11  1.0647878E-13  9.2048308E-07  2.3543589E-08  0.000E+00  0.000E+00  0.000E+00  1.000E+00  1.000E+00  5.18E+02  0.00E+00  0.00E+00  0.000000  0.017844  0.0000000E+00  0.0000000000E+00
 98  3.691546101531570E+07    6.999928  3.667395  4.418168  7.5157720E-01  2.4837130E-01  1.2915521E-06  4.2970797E-09  1.0216519E-07  6.8211449E-06  3.5136664E-10  2.0005896E-09  9.2048308E-07  2.3543589E-08  0.000E+00  0.1224  4.418168  -11.238  1.970549  7.785504  2.2576389E-02  9.7741425E-01  1.1534344E-07  3.1639790E-08  7.3542090E-06  7.0032818E-08  9.5315652E-11  1.0319343E-13  9.2048308E-07  2.3543589E-08  0.000E+00  0.000E+00  0.000E+00  1.000E+00  1.000E+00  5.18E+02  0.00E+00  0.00E+00  0.000000  0.017884  0.0000000E+00  0.0000000000E+00
 99  3.694957425247493E+07    6.999927  3.668394  4.418721  7.5157720E-01  2.4837130E-01  1.2915521E-06  4.2970797E-09  1.0216519E-07  6.8211449E-06  3.5136664E-10  2.0005896E-09  9.2048308E-07  2.3543589E-08  0.000E+00  0.1217  4.418721  -11.234  1.978292  7.787908  2.0715267E-02  9.7927541E-01  1.1617269E-07  3.1869609E-08  7.3534390E-06  6.9524464E-08  9.5344239E-11  9.9646878E-14  9.2048308E-07  2.3543589E-08  0.000E+00  0.000E+00  0.000E+00  1.000E+00  1.000E+00  5.18E+02  0.00E+00  0.00E+00  0.000000  0.017925  0.0000000E+00  0.0000000000E+00
100  3.698360363072578E+07    6.999927  3.669482  4.419400  7.5157720E-01  2.4837130E-01  1.2915521E-06  4.2970797E-09  1.0216519E-07  6.8211449E-06  3.5136664E-10  2.0005896E-09  9.2048308E-07  2.3543589E-08  0.000E+00  0.1207  4.419400  -11.228  1.986495  7.790533  1.8854146E-02  9.8113652E-01  1.1704981E-07  3.2113001E-08  7.3526316E-06  6.8978390E-08  9.5413552E-11  9.5825988E-14  9.2048308E-07  2.3543589E-08  0.000E+00  0.000E+00  0.000E+00  1.000E+00  1.000E+00  5.19E+02  0.00E+00  0.00E+00  0.000000  0.017970  0.0000000E+00  0.0000000000E+00
101  3.701735810237702E+07    6.999927  3.670614  4.420187  7.5157720E-01  2.4837130E-01  1.2915521E-06  4.2970797E-09  1.0216519E-07  6.8211449E-06  3.5136664E-10  2.0005896E-09  9.2048308E-07  2.3543589E-08  0.000E+00  0.1198  4.420187  -11.223  1.995865  7.793418  1.6993024E-02  9.8299761E-01  1.1800712E-07  3.2379193E-08  7.3517576E-06  6.8373581E-08  9.5515083E-11  9.1657489E-14  9.2048308E-07  2.3543589E-08  0.000E+00  0.000E+00  0.000E+00  1.000E+00  1.000E+00  5.19E+02  0.00E+00  0.00E+00  0.000000  0.018017  0.0000000E+00  0.0000000000E+00
102  3.705105466837211E+07    6.999927  3.671888  4.421152  7.5157720E-01  2.4837130E-01  1.2915521E-06  4.2970797E-09  1.0216519E-07  6.8211449E-06  3.5136664E-10  2.0005896E-09  9.2048308E-07  2.3543589E-08  0.000E+00  0.1188  4.421152  -11.217  2.006046  7.796634  1.5131902E-02  9.8485874E-01  1.1903508E-07  3.2665610E-08  7.3508318E-06  6.7708840E-08  9.5679660E-11  8.7099494E-14  9.2048308E-07  2.3543589E-08  0.000E+00  0.000E+00  0.000E+00  1.000E+00  1.000E+00  5.20E+02  0.00E+00  0.00E+00  0.000000  0.018070  0.0000000E+00  0.0000000000E+00
103  3.708441617121518E+07    6.999927  3.673281  4.422291  7.5157720E-01  2.4837130E-01  1.2915521E-06  4.2970797E-09  1.0216519E-07  6.8211449E-06  3.5136664E-10  2.0005896E-09  9.2048308E-07  2.3543589E-08  0.000E+00  0.1176  4.422291  -11.210  2.017929  7.800254  1.3270781E-02  9.8671989E-01  1.2017574E-07  3.2984288E-08  7.3498169E-06  6.6955925E-08  9.5906160E-11  8.2061218E-14  9.2048308E-07  2.3543589E-08  0.000E+00  0.000E+00  0.000E+00  1.000E+00  1.000E+00  5.21E+02  0.00E+00  0.00E+00  0.000000  0.018128  0.0000000E+00  0.0000000000E+00
104  3.711781797640751E+07    6.999926  3.674852  4.423691  7.5157720E-01  2.4837130E-01  1.2915521E-06  4.2970797E-09  1.0216519E-07  6.8211449E-06  3.5136664E-10  2.0005896E-09  9.2048308E-07  2.3543589E-08  0.000E+00  0.1165  4.423691  -11.201  2.031545  7.804397  1.1409659E-02  9.8858098E-01  1.2145014E-07  3.3341436E-08  7.3487003E-06  6.6093655E-08  9.6227443E-11  7.6450275E-14  9.2048308E-07  2.3543589E-08  0.000E+00  0.000E+00  0.000E+00  1.000E+00  1.000E+00  5.22E+02  0.00E+00  0.00E+00  0.000000  0.018193  0.0000000E+00  0.0000000000E+00
105  3.715104510301595E+07    6.999926  3.676722  4.425405  7.5157720E-01  2.4837130E-01  1.2915521E-06  4.2970797E-09  1.0216519E-07  6.8211449E-06  3.5136664E-10  2.0005896E-09  9.2048308E-07  2.3543589E-08  0.000E+00  0.1150  4.425405  -11.191  2.047515  7.809209  9.5485374E-03  9.9044214E-01  1.2289144E-07  3.3746776E-08  7.3474592E-06  6.5091784E-08  9.6679742E-11  7.0184396E-14  9.2048308E-07  2.3543589E-08  0.000E+00  0.000E+00  0.000E+00  1.000E+00  1.000E+00  5.24E+02  0.00E+00  0.00E+00  0.000000  0.018272  0.0000000E+00  0.0000000000E+00
106  3.718416434070377E+07    6.999926  3.679008  4.427546  7.5157720E-01  2.4837130E-01  1.2915521E-06  4.2970797E-09  1.0216519E-07  6.8211449E-06  3.5136664E-10  2.0005896E-09  9.2048308E-07  2.3543589E-08  0.000E+00  0.1130  4.427546  -11.178  2.067334  7.815012  7.6874157E-03  9.9230325E-01  1.2457527E-07  3.4222338E-08  7.3460385E-06  6.3885497E-08  9.7329143E-11  6.3044835E-14  9.2048308E-07  2.3543589E-08  0.000E+00  0.000E+00  0.000E+00  1.000E+00  1.000E+00  5.26E+02  0.00E+00  0.00E+00  0.000000  0.018368  0.0000000E+00  0.0000000000E+00
107  3.721736156508191E+07    6.999926  3.682068  4.430340  7.5157720E-01  2.4837130E-01  1.2915521E-06  4.2970797E-09  1.0216519E-07  6.8211449E-06  3.5136664E-10  2.0005896E-09  9.2048308E-07  2.3543589E-08  0.000E+00  0.1103  4.430340  -11.162  2.092580  7.822499  5.8262941E-03  9.9416435E-01  1.2666349E-07  3.4815215E-08  7.3443149E-06  6.2341775E-08  9.8316277E-11  5.4608299E-14  9.2048308E-07  2.3543589E-08  0.000E+00  0.000E+00  0.000E+00  1.000E+00  1.000E+00  5.28E+02  0.00E+00  0.00E+00  0.000000  0.018498  0.0000000E+00  0.0000000000E+00
108  3.725143444076686E+07    6.999925  3.685367  4.433776  7.5157720E-01  2.4837130E-01  1.2915521E-06  4.2970797E-09  1.0216519E-07  6.8211449E-06  3.5136664E-10  2.0005896E-09  9.2048308E-07  2.3543589E-08  0.000E+00  0.1064  4.433776  -11.143  2.126336  7.830796  3.9651725E-03  9.9602544E-01  1.2909305E-07  3.5508607E-08  7.3423192E-06  6.0530208E-08  9.9649764E-11  4.5906099E-14  9.2048308E-07  2.3543589E-08  0.000E+00  0.000E+00  0.000E+00  1.000E+00  1.000E+00  5.31E+02  0.00E+00  0.00E+00  0.000000  0.018639  0.0000000E+00  0.0000000000E+00
109  3.728689409441561E+07    6.999925  3.692857  4.438895  7.5157720E-01  2.4837130E-01  1.2915521E-06  4.2970797E-09  1.0216519E-07  6.8211449E-06  3.5136664E-10  2.0005896E-09  9.2048308E-07  2.3543589E-08  0.000E+00  0.0965  4.438895  -11.106  2.185166  7.845130  2.1040508E-03  9.9788659E-01  1.3317199E-07  3.6681409E-08  7.3389931E-06  5.7449842E-08  1.0240445E-10  3.3593082E-14  9.2048308E-07  2.3543589E-08  0.000E+00  0.000E+00  0.000E+00  1.000E+00  1.000E+00  5.35E+02  0.00E+00  0.00E+00  0.000000  0.018964  0.0000000E+00  0.0000000000E+00
110  3.732787958757763E+07    6.999925  3.704542  4.445922  7.5157720E-01  2.4837130E-01  1.2915521E-06  4.2970797E-09  1.0216519E-07  6.8211449E-06  3.5136664E-10  2.0005896E-09  9.2048308E-07  2.3543589E-08  0.000E+00  0.0419  4.445922  -11.052  2.372545  7.871577  2.4292920E-04  9.9974770E-01  1.4303379E-07  3.9523702E-08  7.3298125E-06  5.1292603E-08  1.1169943E-10  1.7923784E-14  9.2048308E-07  2.3543589E-08  0.000E+00  0.000E+00  0.000E+00  1.000E+00  1.000E+00  5.40E+02  0.00E+00  0.00E+00  0.000000  0.019481  0.0000000E+00  0.0000000000E+00
111  3.733326622273327E+07    6.999925  3.703502  4.445394  7.5157720E-01  2.4837130E-01  1.2915521E-06  4.2970797E-09  1.0216519E-07  6.8211449E-06  3.5136664E-10  2.0005896E-09  9.2048308E-07  2.3543589E-08  0.000E+00  0.0172  4.445394  -11.057  2.434167  7.872121  9.5850776E-05  9.9989480E-01  1.4613607E-07  4.0427032E-08  7.3266741E-06  4.9629333E-08  1.1573972E-10  1.5295628E-14  9.2048308E-07  2.3543589E-08  0.000E+00  0.000E+00  0.000E+00  1.000E+00  1.000E+00  5.40E+02  0.00E+00  0.00E+00  0.000000  0.019435  0.0000000E+00  0.0000000000E+00
112  3.733865285788891E+07    6.999925  3.699930  4.443506  7.5157720E-01  2.4837130E-01  1.2915521E-06  4.2970797E-09  1.0216519E-07  6.8211449E-06  3.5136664E-10  2.0005896E-09  9.2048308E-07  2.3543589E-08  0.000E+00  0.0000  4.443506  -11.073  2.508450  7.863682  1.5131071E-05  9.9997555E-01  1.5170262E-07  4.2006148E-08  7.3203341E-06  4.7503895E-08  1.2415818E-10  1.1938611E-14  9.2048308E-07  2.3543589E-08  0.000E+00  0.000E+00  0.000E+00  1.000E+00  1.000E+00  5.39E+02  0.00E+00  0.00E+00  0.000000  0.019275  0.0000000E+00  0.0000000000E+00
113  3.734403949304456E+07    6.999925  3.695379  4.440490  7.5157720E-01  2.4837130E-01  1.2915521E-06  4.2970797E-09  1.0216519E-07  6.8211449E-06  3.5136664E-10  2.0005896E-09  9.2048308E-07  2.3543589E-08  0.000E+00  0.0000  4.440490  -11.095  2.576805  7.854524  2.3198257E-06  9.9998836E-01  1.4882522E-07  4.1199303E-08  7.3244020E-06  4.7689808E-08  1.1743784E-10  1.3451882E-14  9.2048308E-07  2.3543589E-08  0.000E+00  0.000E+00  0.000E+00  1.000E+00  1.000E+00  5.36E+02  0.00E+00  0.00E+00  0.000000  0.019074  0.0000000E+00  0.0000000000E+00
114  3.734942612820020E+07    6.999925  3.692340  4.436942  7.5157720E-01  2.4837130E-01  1.2915521E-06  4.2970797E-09  1.0216519E-07  6.8211449E-06  3.5136664E-10  2.0005896E-09  9.2048308E-07  2.3543589E-08  0.000E+00  0.0000  4.436942  -11.115  2.634731  7.849177  3.6275872E-07  9.9999032E-01  1.4661246E-07  4.0581548E-08  7.3275491E-06  4.7807767E-08  1.1228500E-10  1.4786142E-14  9.2048308E-07  2.3543589E-08  0.000E+00  0.000E+00  0.000E+00  1.000E+00  1.000E+00  5.33E+02  0.00E+00  0.00E+00  0.000000  0.018941  0.0000000E+00  0.0000000000E+00
115  3.735481276335584E+07    6.999925  3.692323  4.433298  7.5157720E-01  2.4837130E-01  1.2915521E-06  4.2970797E-09  1.0216519E-07  6.8211449E-06  3.5136664E-10  2.0005896E-09  9.2048308E-07  2.3543589E-08  0.000E+00  0.0000  4.433298  -11.124  2.685554  7.846463  5.2806020E-08  9.9999060E-01  1.4556746E-07  4.0296165E-08  7.3290534E-06  4.7835182E-08  1.0972308E-10  1.5568705E-14  9.2048308E-07  2.3543589E-08  0.000E+00  0.000E+00  0.000E+00  1.000E+00  1.000E+00  5.29E+02  0.00E+00  0.00E+00  0.000000  0.018941  0.0000000E+00  0.0000000000E+00
116  3.736019939851148E+07    6.999925  3.695446  4.429835  7.5157720E-01  2.4837130E-01  1.2915521E-06  4.2970797E-09  1.0216519E-07  6.8211449E-06  3.5136664E-10  2.0005896E-09  9.2048308E-07  2.3543589E-08  0.000E+00  0.0000  4.429835  -11.124  2.731114  7.845374  7.0999637E-09  9.9999070E-01  1.4524668E-07  4.0214365E-08  7.3295122E-06  4.7839822E-08  1.0885727E-10  1.5959801E-14  9.2048308E-07  2.3543589E-08  0.000E+00  0.000E+00  0.000E+00  1.000E+00  1.000E+00  5.24E+02  0.00E+00  0.00E+00  0.000000  0.019077  0.0000000E+00  0.0000000000E+00
117  3.736558603366712E+07    6.999925  3.700720  4.426646  7.5157720E-01  2.4837130E-01  1.2915521E-06  4.2970797E-09  1.0216519E-07  6.8211449E-06  3.5136664E-10  2.0005896E-09  9.2048308E-07  2.3543589E-08  0.000E+00  0.0000  4.426646  -11.116  2.772510  7.845232  8.6884508E-10  9.9999070E-01  1.4519259E-07  4.0201116E-08  7.3295891E-06  4.7840474E-08  1.0869229E-10  1.6069461E-14  9.2048308E-07  2.3543589E-08  0.000E+00  0.000E+00  0.000E+00  1.000E+00  1.000E+00  5.18E+02  0.00E+00  0.00E+00  0.000000  0.019310  0.0000000E+00  0.0000000000E+00
118  3.737097266882277E+07    6.999924  3.706920  4.423710  7.5157720E-01  2.4837130E-01  1.2915521E-06  4.2970797E-09  1.0216519E-07  6.8211449E-06  3.5136664E-10  2.0005896E-09  9.2048308E-07  2.3543589E-08  0.000E+00  0.0000  4.423710  -11.104  2.810475  7.845654  1.0072375E-10  9.9999070E-01  1.4518803E-07  4.0199538E-08  7.3295961E-06  4.7840552E-08  1.0867541E-10  1.6030772E-14  9.2048308E-07  2.3543589E-08  0.000E+00  0.000E+00  0.000E+00  1.000E+00  1.000E+00  5.12E+02  0.00E+00  0.00E+00  0.000000  0.019588  0.0000000E+00  0.0000000000E+00
119  3.737635930397841E+07    6.999924  3.713127  4.420982  7.5157720E-01  2.4837130E-01  1.2915521E-06  4.2970797E-09  1.0216519E-07  6.8211449E-06  3.5136664E-10  2.0005896E-09  9.2048308E-07  2.3543589E-08  0.000E+00  0.0000  4.420982  -11.092  2.845679  7.846447  9.9236964E-12  9.9999070E-01  1.4518806E-07  4.0199361E-08  7.3295963E-06  4.7840560E-08  1.0867472E-10  1.5987643E-14  9.2048308E-07  2.3543589E-08  0.000E+00  0.000E+00  0.000E+00  1.000E+00  1.000E+00  5.08E+02  0.00E+00  0.00E+00  0.000000  0.019870  0.0000000E+00  0.0000000000E+00
120  3.738174593913405E+07    6.999924  3.718875  4.418413  7.5157720E-01  2.4837130E-01  1.2915521E-06  4.2970797E-09  1.0216519E-07  6.8211449E-06  3.5136664E-10  2.0005896E-09  9.2048308E-07  2.3543589E-08  0.000E+00  0.0000  4.418413  -11.081  2.878617  7.847507  7.6602449E-13  9.9999070E-01  1.4518815E-07  4.0199344E-08  7.3295962E-06  4.7840561E-08  1.0867485E-10  1.5975148E-14  9.2048308E-07  2.3543589E-08  0.000E+00  0.000E+00  0.000E+00  1.000E+00  1.000E+00  5.03E+02  0.00E+00  0.00E+00  0.000000  0.020135  0.0000000E+00  0.0000000000E+00
121  3.738713257428969E+07    6.999924  3.723949  4.415961  7.5157720E-01  2.4837130E-01  1.2915521E-06  4.2970797E-09  1.0216519E-07  6.8211449E-06  3.5136664E-10  2.0005896E-09  9.2048308E-07  2.3543589E-08  0.000E+00  0.0000  4.415961  -11.071  2.909498  7.848790  6.9284635E-14  9.9999070E-01  1.4518817E-07  4.0199343E-08  7.3295962E-06  4.7840561E-08  1.0867489E-10  1.5973297E-14  9.2048308E-07  2.3543589E-08  0.000E+00  0.000E+00  0.000E+00  1.000E+00  1.000E+00  4.99E+02  0.00E+00  0.00E+00  0.000000  0.020371  0.0000000E+00  0.0000000000E+00
122  3.739251920944533E+07    6.999924  3.728409  4.413599  7.5157720E-01  2.4837130E-01  1.2915521E-06  4.2970797E-09  1.0216519E-07  6.8211449E-06  3.5136664E-10  2.0005896E-09  9.2048308E-07  2.3543589E-08  0.000E+00  0.0000  4.413599  -11.064  2.938789  7.850269  5.3918915E-15  9.9999070E-01  1.4518817E-07  4.0199343E-08  7.3295962E-06  4.7840561E-08  1.0867489E-10  1.5973035E-14  9.2048308E-07  2.3543589E-08  0.000E+00  0.000E+00  0.000E+00  1.000E+00  1.000E+00  4.95E+02  0.00E+00  0.00E+00  0.000000  0.020581  0.0000000E+00  0.0000000000E+00
123  3.739790584460097E+07    6.999924  3.732321  4.411317  7.5157720E-01  2.4837130E-01  1.2915521E-06  4.2970797E-09  1.0216519E-07  6.8211449E-06  3.5136664E-10  2.0005896E-09  9.2048308E-07  2.3543589E-08  0.000E+00  0.0000  4.411317  -11.058  2.966676  7.851928  3.9923097E-16  9.9999070E-01  1.4518818E-07  4.0199343E-08  7.3295962E-06  4.7840561E-08  1.0867489E-10  1.5973006E-14  9.2048308E-07  2.3543589E-08  0.000E+00  0.000E+00  0.000E+00  1.000E+00  1.000E+00  4.91E+02  0.00E+00  0.00E+00  0.000000  0.020768  0.0000000E+00  0.0000000000E+00
124  3.740329247975661E+07    6.999924  3.735806  4.409099  7.5157720E-01  2.4837130E-01  1.2915521E-06  4.2970797E-09  1.0216519E-07  6.8211449E-06  3.5136664E-10  2.0005896E-09  9.2048308E-07  2.3543589E-08  0.000E+00  0.0000  4.409099  -11.052  2.993417  7.853754  2.4974175E-17  9.9999070E-01  1.4518818E-07  4.0199343E-08  7.3295962E-06  4.7840561E-08  1.0867489E-10  1.5973004E-14  9.2048308E-07  2.3543589E-08  0.000E+00  0.000E+00  0.000E+00  1.000E+00  1.000E+00  4.88E+02  0.00E+00  0.00E+00  0.000000  0.020935  0.0000000E+00  0.0000000000E+00
125  3.740867911491225E+07    6.999924  3.738911  4.406938  7.5157720E-01  2.4837130E-01  1.2915521E-06  4.2970797E-09  1.0216519E-07  6.8211449E-06  3.5136664E-10  2.0005896E-09  9.2048308E-07  2.3543589E-08  0.000E+00  0.0000  4.406938  -11.048  3.019105  7.855765  2.2631733E-18  9.9999070E-01  1.4518818E-07  4.0199343E-08  7.3295962E-06  4.7840561E-08  1.0867489E-10  1.5973003E-14  9.2048308E-07  2.3543589E-08  0.000E+00  0.000E+00  0.000E+00  1.000E+00  1.000E+00  4.85E+02  0.00E+00  0.00E+00  0.000000  0.021085  0.0000000E+00  0.0000000000E+00
126  3.741406575006789E+07    6.999924  3.741747  4.404812  7.5157720E-01  2.4837130E-01  1.2915521E-06  4.2970797E-09  1.0216519E-07  6.8211449E-06  3.5136664E-10  2.0005896E-09  9.2048308E-07  2.3543589E-08  0.000E+00  0.0000  4.404812  -11.045  3.043999  7.857918  1.0581367E-19  9.9999070E-01  1.4518818E-07  4.0199343E-08  7.3295962E-06  4.7840561E-08  1.0867489E-10  1.5973003E-14  9.2048308E-07  2.3543589E-08  0.000E+00  0.000E+00  0.000E+00  1.000E+00  1.000E+00  4.82E+02  0.00E+00  0.00E+00  0.000000  0.021223  0.0000000E+00  0.0000000000E+00
127  3.741945238522353E+07    6.999924  3.744333  4.402724  7.5157720E-01  2.4837130E-01  1.2915521E-06  4.2970797E-09  1.0216519E-07  6.8211449E-06  3.5136664E-10  2.0005896E-09  9.2048308E-07  2.3543589E-08  0.000E+00  0.0000  4.402724  -11.042  3.068111  7.860242  8.4418157E-21  9.9999070E-01  1.4518818E-07  4.0199343E-08  7.3295962E-06  4.7840561E-08  1.0867489E-10  1.5973003E-14  9.2048308E-07  2.3543589E-08  0.000E+00  0.000E+00  0.000E+00  1.000E+00  1.000E+00  4.78E+02  0.00E+00  0.00E+00  0.000000  0.021350  0.0000000E+00  0.0000000000E+00
128  3.742483902037917E+07    6.999924  3.746742  4.400658  7.5157720E-01  2.4837130E-01  1.2915521E-06  4.2970797E-09  1.0216519E-07  6.8211449E-06  3.5136664E-10  2.0005896E-09  9.2048308E-07  2.3543589E-08  0.000E+00  0.0000  4.400658  -11.039  3.091652  7.862705  2.6615576E-22  9.9999070E-01  1.4518818E-07  4.0199343E-08  7.3295962E-06  4.7840561E-08  1.0867489E-10  1.5973003E-14  9.2048308E-07  2.3543589E-08  0.000E+00  0.000E+00  0.000E+00  1.000E+00  1.000E+00  4.75E+02  0.00E+00  0.00E+00  0.000000  0.021469  0.0000000E+00  0.0000000000E+00
129  3.743022565553482E+07    6.999924  3.748967  4.398614  7.5157720E-01  2.4837130E-01  1.2915521E-06  4.2970797E-09  1.0216519E-07  6.8211449E-06  3.5136664E-10  2.0005896E-09  9.2048308E-07  2.3543589E-08  0.000E+00  0.0000  4.398614  -11.037  3.114584  7.865333  1.8210837E-23  9.9999070E-01  1.4518818E-07  4.0199343E-08  7.3295962E-06  4.7840561E-08  1.0867489E-10  1.5973003E-14  9.2048308E-07  2.3543589E-08  0.000E+00  0.000E+00  0.000E+00  1.000E+00  1.000E+00  4.72E+02  0.00E+00  0.00E+00  0.000000  0.021579  0.0000000E+00  0.0000000000E+00
130  3.743561229069046E+07    6.999924  3.751065  4.396581  7.5157720E-01  2.4837130E-01  1.2915521E-06  4.2970797E-09  1.0216519E-07  6.8211449E-06  3.5136664E-10  2.0005896E-09  9.2048308E-07  2.3543589E-08  0.000E+00  0.0000  4.396581  -11.035  3.137087  7.868093  6.3298348E-25  9.9999070E-01  1.4518818E-07  4.0199343E-08  7.3295962E-06  4.7840561E-08  1.0867489E-10  1.5973003E-14  9.2048308E-07  2.3543589E-08  0.000E+00  0.000E+00  0.000E+00  1.000E+00  1.000E+00  4.69E+02  0.00E+00  0.00E+00  0.000000  0.021683  0.0000000E+00  0.0000000000E+00
131  3.744099892584610E+07    6.999924  3.753030  4.394551  7.5157720E-01  2.4837130E-01  1.2915521E-06  4.2970797E-09  1.0216519E-07  6.8211449E-06  3.5136664E-10  2.0005896E-09  9.2048308E-07  2.3543589E-08  0.000E+00  0.0000  4.394551  -11.034  3.159154  7.871008  1.9669325E-26  9.9999070E-01  1.4518818E-07  4.0199343E-08  7.3295962E-06  4.7840561E-08  1.0867489E-10  1.5973003E-14  9.2048308E-07  2.3543589E-08  0.000E+00  0.000E+00  0.000E+00  1.000E+00  1.000E+00  4.67E+02  0.00E+00  0.00E+00  0.000000  0.021782  0.0000000E+00  0.0000000000E+00
132  3.744638556100174E+07    6.999924  3.754897  4.392524  7.5157720E-01  2.4837130E-01  1.2915521E-06  4.2970797E-09  1.0216519E-07  6.8211449E-06  3.5136664E-10  2.0005896E-09  9.2048308E-07  2.3543589E-08  0.000E+00  0.0000  4.392524  -11.032  3.180879  7.874059  6.7998185E-28  9.9999070E-01  1.4518818E-07  4.0199343E-08  7.3295962E-06  4.7840561E-08  1.0867489E-10  1.5973003E-14  9.2048308E-07  2.3543589E-08  0.000E+00  0.000E+00  0.000E+00  1.000E+00  1.000E+00  4.64E+02  0.00E+00  0.00E+00  0.000000  0.021876  0.0000000E+00  0.0000000000E+00
133  3.745177219615738E+07    6.999924  3.756673  4.390494  7.5157720E-01  2.4837130E-01  1.2915521E-06  4.2970797E-09  1.0216519E-07  6.8211449E-06  3.5136664E-10  2.0005896E-09  9.2048308E-07  2.3543589E-08  0.000E+00  0.0000  4.390494  -11.031  3.202285  7.877252  1.0457049E-29  9.9999070E-01  1.4518818E-07  4.0199343E-08  7.3295962E-06  4.7840561E-08  1.0867489E-10  1.5973003E-14  9.2048308E-07  2.3543589E-08  0.000E+00  0.000E+00  0.000E+00  1.000E+00  1.000E+00  4.62E+02  0.00E+00  0.00E+00  0.000000  0.021965  0.0000000E+00  0.0000000000E+00
134  3.745715883131302E+07    6.999924  3.758368  4.388457  7.5157720E-01  2.4837130E-01  1.2915521E-06  4.2970797E-09  1.0216519E-07  6.8211449E-06  3.5136664E-10  2.0005896E-09  9.2048308E-07  2.3543589E-08  0.000E+00  0.0000  4.388457  -11.030  3.223395  7.880590  4.2887152E-31  9.9999070E-01  1.4518818E-07  4.0199343E-08  7.3295962E-06  4.7840561E-08  1.0867489E-10  1.5973003E-14  9.2048308E-07  2.3543589E-08  0.000E+00  0.000E+00  0.000E+00  1.000E+00  1.000E+00  4.59E+02  0.00E+00  0.00E+00  0.000000  0.022051  0.0000000E+00  0.0000000000E+00
135  3.746254546646866E+07    6.999924  3.760000  4.386408  7.5157720E-01  2.4837130E-01  1.2915521E-06  4.2970797E-09  1.0216519E-07  6.8211449E-06  3.5136664E-10  2.0005896E-09  9.2048308E-07  2.3543589E-08  0.000E+00  0.0000  4.386408  -11.029  3.244284  7.884059  1.4330534E-32  9.9999070E-01  1.4518818E-07  4.0199343E-08  7.3295962E-06  4.7840561E-08  1.0867489E-10  1.5973003E-14  9.2048308E-07  2.3543589E-08  0.000E+00  0.000E+00  0.000E+00  1.000E+00  1.000E+00  4.57E+02  0.00E+00  0.00E+00  0.000000  0.022134  0.0000000E+00  0.0000000000E+00
136  3.746793210162430E+07    6.999924  3.761575  4.384341  7.5157720E-01  2.4837130E-01  1.2915521E-06  4.2970797E-09  1.0216519E-07  6.8211449E-06  3.5136664E-10  2.0005896E-09  9.2048308E-07  2.3543589E-08  0.000E+00  0.0000  4.384341  -11.028  3.264989  7.887664  3.4848395E-34  9.9999070E-01  1.4518818E-07  4.0199343E-08  7.3295962E-06  4.7840561E-08  1.0867489E-10  1.5973003E-14  9.2048308E-07  2.3543589E-08  0.000E+00  0.000E+00  0.000E+00  1.000E+00  1.000E+00  4.54E+02  0.00E+00  0.00E+00  0.000000  0.022215  0.0000000E+00  0.0000000000E+00
137  3.747331873677994E+07    6.999924  3.763097  4.382256  7.5157720E-01  2.4837130E-01  1.2915521E-06  4.2970797E-09  1.0216519E-07  6.8211449E-06  3.5136664E-10  2.0005896E-09  9.2048308E-07  2.3543589E-08  0.000E+00  0.0000  4.382256  -11.028  3.285538  7.891404  3.2494301E-36  9.9999070E-01  1.4518818E-07  4.0199343E-08  7.3295962E-06  4.7840561E-08  1.0867489E-10  1.5973003E-14  9.2048308E-07  2.3543589E-08  0.000E+00  0.000E+00  0.000E+00  1.000E+00  1.000E+00  4.51E+02  0.00E+00  0.00E+00  0.000000  0.022293  0.0000000E+00  0.0000000000E+00
138  3.747870537193558E+07    6.999924  3.764570  4.380143  7.5157720E-01  2.4837130E-01  1.2915521E-06  4.2970797E-09  1.0216519E-07  6.8211449E-06  3.5136664E-10  2.0005896E-09  9.2048308E-07  2.3543589E-08  0.000E+00  0.0000  4.380143  -11.027  3.305943  7.895293  4.2373213E-38  9.9999070E-01  1.4518818E-07  4.0199343E-08  7.3295962E-06  4.7840561E-08  1.0867489E-10  1.5973003E-14  9.2048308E-07  2.3543589E-08  0.000E+00  0.000E+00  0.000E+00  1.000E+00  1.000E+00  4.49E+02  0.00E+00  0.00E+00  0.000000  0.022368  0.0000000E+00  0.0000000000E+00
139  3.748409200709122E+07    6.999923  3.766001  4.378001  7.5157720E-01  2.4837130E-01  1.2915521E-06  4.2970797E-09  1.0216519E-07  6.8211449E-06  3.5136664E-10  2.0005896E-09  9.2048308E-07  2.3543589E-08  0.000E+00  0.0000  4.378001  -11.027  3.326242  7.899322  8.5043905E-40  9.9999070E-01  1.4518818E-07  4.0199343E-08  7.3295962E-06  4.7840561E-08  1.0867489E-10  1.5973003E-14  9.2048308E-07  2.3543589E-08  0.000E+00  0.000E+00  0.000E+00  1.000E+00  1.000E+00  4.46E+02  0.00E+00  0.00E+00  0.000000  0.022442  0.0000000E+00  0.0000000000E+00
140  3.748947864224687E+07    6.999923  3.767395  4.375823  7.5157720E-01  2.4837130E-01  1.2915521E-06  4.2970797E-09  1.0216519E-07  6.8211449E-06  3.5136664E-10  2.0005896E-09  9.2048308E-07  2.3543589E-08  0.000E+00  0.0000  4.375823  -11.027  3.346455  7.903488  1.3572317E-41  9.9999070E-01  1.4518818E-07  4.0199343E-08  7.3295962E-06  4.7840561E-08  1.0867489E-10  1.5973003E-14  9.2048308E-07  2.3543589E-08  0.000E+00  0.000E+00  0.000E+00  1.000E+00  1.000E+00  4.44E+02  0.00E+00  0.00E+00  0.000000  0.022514  0.0000000E+00  0.0000000000E+00
141  3.749486527740251E+07    6.999923  3.768758  4.373607  7.5157720E-01  2.4837130E-01  1.2915521E-06  4.2970797E-09  1.0216519E-07  6.8211449E-06  3.5136664E-10  2.0005896E-09  9.2048308E-07  2.3543589E-08  0.000E+00  0.0000  4.373607  -11.027  3.366613  7.907794  1.5355736E-43  9.9999070E-01  1.4518818E-07  4.0199343E-08  7.3295962E-06  4.7840561E-08  1.0867489E-10  1.5973003E-14  9.2048308E-07  2.3543589E-08  0.000E+00  0.000E+00  0.000E+00  1.000E+00  1.000E+00  4.41E+02  0.00E+00  0.00E+00  0.000000  0.022585  0.0000000E+00  0.0000000000E+00
142  3.750025191255815E+07    6.999923  3.770091  4.371350  7.5157720E-01  2.4837130E-01  1.2915521E-06  4.2970797E-09  1.0216519E-07  6.8211449E-06  3.5136664E-10  2.0005896E-09  9.2048308E-07  2.3543589E-08  0.000E+00  0.0000  4.371350  -11.027  3.386725  7.912241  1.5062297E-45  9.9999070E-01  1.4518818E-07  4.0199343E-08  7.3295962E-06  4.7840561E-08  1.0867489E-10  1.5973003E-14  9.2048308E-07  2.3543589E-08  0.000E+00  0.000E+00  0.000E+00  1.000E+00  1.000E+00  4.38E+02  0.00E+00  0.00E+00  0.000000  0.022654  0.0000000E+00  0.0000000000E+00
143  3.750563854771379E+07    6.999923  3.771400  4.369049  7.5157720E-01  2.4837130E-01  1.2915521E-06  4.2970797E-09  1.0216519E-07  6.8211449E-06  3.5136664E-10  2.0005896E-09  9.2048308E-07  2.3543589E-08  0.000E+00  0.0000  4.369049  -11.027  3.406809  7.916823  7.1386927E-48  9.9999070E-01  1.4518818E-07  4.0199343E-08  7.3295962E-06  4.7840561E-08  1.0867489E-10  1.5973003E-14  9.2048308E-07  2.3543589E-08  0.000E+00  0.000E+00  0.000E+00  1.000E+00  1.000E+00  4.36E+02  0.00E+00  0.00E+00  0.000000  0.022723  0.0000000E+00  0.0000000000E+00
144  3.751102518286943E+07    6.999923  3.772687  4.366700  7.5157720E-01  2.4837130E-01  1.2915521E-06  4.2970797E-09  1.0216519E-07  6.8211449E-06  3.5136664E-10  2.0005896E-09  9.2048308E-07  2.3543589E-08  0.000E+00  0.0000  4.366700  -11.027  3.426887  7.921554  1.9615961E-50  9.9999070E-01  1.4518818E-07  4.0199343E-08  7.3295962E-06  4.7840561E-08  1.0867489E-10  1.5973003E-14  9.2048308E-07  2.3543589E-08  0.000E+00  0.000E+00  0.000E+00  1.000E+00  1.000E+00  4.33E+02  0.00E+00  0.00E+00  0.000000  0.022790  0.0000000E+00  0.0000000000E+00
145  3.751641181802507E+07    6.999923  3.773949  4.364296  7.5157720E-01  2.4837130E-01  1.2915521E-06  4.2970797E-09  1.0216519E-07  6.8211449E-06  3.5136664E-10  2.0005896E-09  9.2048308E-07  2.3543589E-08  0.000E+00  0.0000  4.364296  -11.027  3.446973  7.926427  1.6305538E-52  9.9999070E-01  1.4518818E-07  4.0199343E-08  7.3295962E-06  4.7840561E-08  1.0867489E-10  1.5973003E-14  9.2048308E-07  2.3543589E-08  0.000E+00  0.000E+00  0.000E+00  1.000E+00  1.000E+00  4.31E+02  0.00E+00  0.00E+00  0.000000  0.022857  0.0000000E+00  0.0000000000E+00
146  3.752179845318072E+07    6.999923  3.775191  4.361835  7.5157720E-01  2.4837130E-01  1.2915521E-06  4.2970797E-09  1.0216519E-07  6.8211449E-06  3.5136664E-10  2.0005896E-09  9.2048308E-07  2.3543589E-08  0.000E+00  0.0000  4.361835  -11.027  3.467086  7.931446  1.1482227E-54  9.9999070E-01  1.4518818E-07  4.0199343E-08  7.3295962E-06  4.7840561E-08  1.0867489E-10  1.5973003E-14  9.2048308E-07  2.3543589E-08  0.000E+00  0.000E+00  0.000E+00  1.000E+00  1.000E+00  4.28E+02  0.00E+00  0.00E+00  0.000000  0.022922  0.0000000E+00  0.0000000000E+00
147  3.752718508833636E+07    6.999923  3.776414  4.359312  7.5157720E-01  2.4837130E-01  1.2915521E-06  4.2970797E-09  1.0216519E-07  6.8211449E-06  3.5136664E-10  2.0005896E-09  9.2048308E-07  2.3543589E-08  0.000E+00  0.0000  4.359312  -11.028  3.487243  7.936612  6.7992649E-57  9.9999070E-01  1.4518818E-07  4.0199343E-08  7.3295962E-06  4.7840561E-08  1.0867489E-10  1.5973003E-14  9.2048308E-07  2.3543589E-08  0.000E+00  0.000E+00  0.000E+00  1.000E+00  1.000E+00  4.25E+02  0.00E+00  0.00E+00  0.000000  0.022987  0.0000000E+00  0.0000000000E+00
148  3.753257172349200E+07    6.999923  3.777619  4.356721  7.5157720E-01  2.4837130E-01  1.2915521E-06  4.2970797E-09  1.0216519E-07  6.8211449E-06  3.5136664E-10  2.0005896E-09  9.2048308E-07  2.3543589E-08  0.000E+00  0.0000  4.356721  -11.028  3.507456  7.941927  3.3562496E-59  9.9999070E-01  1.4518818E-07  4.0199343E-08  7.3295962E-06  4.7840561E-08  1.0867489E-10  1.5973003E-14  9.2048308E-07  2.3543589E-08  0.000E+00  0.000E+00  0.000E+00  1.000E+00  1.000E+00  4.22E+02  0.00E+00  0.00E+00  0.000000  0.023051  0.0000000E+00  0.0000000000E+00
149  3.753795835864764E+07    6.999923  3.778808  4.354051  7.5157720E-01  2.4837130E-01  1.2915521E-06  4.2970797E-09  1.0216519E-07  6.8211449E-06  3.5136664E-10  2.0005896E-09  9.2048308E-07  2.3543589E-08  0.000E+00  0.0000  4.354051  -11.029  3.527739  7.947392  1.3659058E-61  9.9999070E-01  1.4518818E-07  4.0199343E-08  7.3295962E-06  4.7840561E-08  1.0867489E-10  1.5973003E-14  9.2048308E-07  2.3543589E-08  0.000E+00  0.000E+00  0.000E+00  1.000E+00  1.000E+00  4.19E+02  0.00E+00  0.00E+00  0.000000  0.023114  0.0000000E+00  0.0000000000E+00
150  3.754334499380328E+07    6.999923  3.779981  4.351298  7.5157720E-01  2.4837130E-01  1.2915521E-06  4.2970797E-09  1.0216519E-07  6.8211449E-06  3.5136664E-10  2.0005896E-09  9.2048308E-07  2.3543589E-08  0.000E+00  0.0000  4.351298  -11.029  3.548102  7.953010  4.5158305E-64  9.9999070E-01  1.4518818E-07  4.0199343E-08  7.3295962E-06  4.7840561E-08  1.0867489E-10  1.5973003E-14  9.2048308E-07  2.3543589E-08  0.000E+00  0.000E+00  0.000E+00  1.000E+00  1.000E+00  4.16E+02  0.00E+00  0.00E+00  0.000000  0.023176  0.0000000E+00  0.0000000000E+00
151  3.754873162895892E+07    6.999923  3.781140  4.348460  7.5157720E-01  2.4837130E-01  1.2915521E-06  4.2970797E-09  1.0216519E-07  6.8211449E-06  3.5136664E-10  2.0005896E-09  9.2048308E-07  2.3543589E-08  0.000E+00  0.0000  4.348460  -11.030  3.568559  7.958782  1.1897080E-66  9.9999070E-01  1.4518818E-07  4.0199343E-08  7.3295962E-06  4.7840561E-08  1.0867489E-10  1.5973003E-14  9.2048308E-07  2.3543589E-08  0.000E+00  0.000E+00  0.000E+00  1.000E+00  1.000E+00  4.13E+02  0.00E+00  0.00E+00  0.000000  0.023238  0.0000000E+00  0.0000000000E+00
152  3.755411826411456E+07    6.999923  3.782284  4.345530  7.5157720E-01  2.4837130E-01  1.2915521E-06  4.2970797E-09  1.0216519E-07  6.8211449E-06  3.5136664E-10  2.0005896E-09  9.2048308E-07  2.3543589E-08  0.000E+00  0.0000  4.345530  -11.030  3.589119  7.964710  2.4387198E-69  9.9999070E-01  1.4518818E-07  4.0199343E-08  7.3295962E-06  4.7840561E-08  1.0867489E-10  1.5973003E-14  9.2048308E-07  2.3543589E-08  0.000E+00  0.000E+00  0.000E+00  1.000E+00  1.000E+00  4.10E+02  0.00E+00  0.00E+00  0.000000  0.023300  0.0000000E+00  0.0000000000E+00
153  3.755950489927021E+07    6.999923  3.783415  4.342501  7.5157720E-01  2.4837130E-01  1.2915521E-06  4.2970797E-09  1.0216519E-07  6.8211449E-06  3.5136664E-10  2.0005896E-09  9.2048308E-07  2.3543589E-08  0.000E+00  0.0000  4.342501  -11.031  3.609791  7.970794  3.5340563E-72  9.9999070E-01  1.4518818E-07  4.0199343E-08  7.3295962E-06  4.7840561E-08  1.0867489E-10  1.5973003E-14  9.2048308E-07  2.3543589E-08  0.000E+00  0.000E+00  0.000E+00  1.000E+00  1.000E+00  4.07E+02  0.00E+00  0.00E+00  0.000000  0.023361  0.0000000E+00  0.0000000000E+00
154  3.756489153442585E+07    6.999923  3.784535  4.339369  7.5157720E-01  2.4837130E-01  1.2915521E-06  4.2970797E-09  1.0216519E-07  6.8211449E-06  3.5136664E-10  2.0005896E-09  9.2048308E-07  2.3543589E-08  0.000E+00  0.0000  4.339369  -11.032  3.630582  7.977034  2.2570293E-75  9.9999070E-01  1.4518818E-07  4.0199343E-08  7.3295962E-06  4.7840561E-08  1.0867489E-10  1.5973003E-14  9.2048308E-07  2.3543589E-08  0.000E+00  0.000E+00  0.000E+00  1.000E+00  1.000E+00  4.04E+02  0.00E+00  0.00E+00  0.000000  0.023421  0.0000000E+00  0.0000000000E+00
155  3.757027816958149E+07    6.999923  3.785643  4.336114  7.5157720E-01  2.4837130E-01  1.2915521E-06  4.2970797E-09  1.0216519E-07  6.8211449E-06  3.5136664E-10  2.0005896E-09  9.2048308E-07  2.3543589E-08  0.000E+00  0.0000  4.336114  -11.032  3.651505  7.983436  0.0000000E+00  9.9999060E-01  1.8899063E-07  5.7145831E-09  7.3295941E-06  9.0283627E-08  1.0867419E-10  2.6426613E-12  9.2048308E-07  2.3543589E-08  0.000E+00  0.000E+00  0.000E+00  1.000E+00  1.000E+00  4.01E+02  0.00E+00  0.00E+00  0.000000  0.023481  0.0000000E+00  0.0000000000E+00
156  3.757566480473713E+07    6.999923  3.786740  4.332726  7.5157720E-01  2.4837130E-01  1.2915521E-06  4.2970797E-09  1.0216519E-07  6.8211449E-06  3.5136664E-10  2.0005896E-09  9.2048308E-07  2.3543589E-08  0.000E+00  0.0000  4.332726  -11.033  3.672562  7.989997  0.0000000E+00  9.9999049E-01  2.8832473E-07  5.6886594E-10  7.3295897E-06  9.6617494E-08  1.0867299E-10  8.3586477E-12  9.2048308E-07  2.3543589E-08  0.000E+00  0.000E+00  0.000E+00  1.000E+00  1.000E+00  3.98E+02  0.00E+00  0.00E+00  0.000000  0.023539  0.0000000E+00  0.0000000000E+00
157  3.758105143989277E+07    6.999923  3.787825  4.329207  7.5157720E-01  2.4837130E-01  1.2915521E-06  4.2970797E-09  1.0216519E-07  6.8211449E-06  3.5136664E-10  2.0005896E-09  9.2048308E-07  2.3543589E-08  0.000E+00  0.0000  4.329207  -11.034  3.693751  7.996710  0.0000000E+00  9.9999031E-01  5.0790631E-07  4.0131216E-11  7.3295802E-06  9.7270045E-08  1.0867100E-10  2.0577788E-11  9.2048309E-07  2.3543589E-08  0.000E+00  0.000E+00  0.000E+00  1.000E+00  1.000E+00  3.94E+02  0.00E+00  0.00E+00  0.000000  0.023598  0.0000000E+00  0.0000000000E+00
158  3.758643807504841E+07    6.999923  3.788902  4.325548  7.5157720E-01  2.4837130E-01  1.2915521E-06  4.2970797E-09  1.0216519E-07  6.8211449E-06  3.5136664E-10  2.0005896E-09  9.2048308E-07  2.3543589E-08  0.000E+00  0.0000  4.325548  -11.035  3.715075  8.003574  0.0000000E+00  9.9998981E-01  9.7299766E-07  1.9819880E-12  7.3295598E-06  9.7322116E-08  1.0866774E-10  4.6756444E-11  9.2048309E-07  2.3543590E-08  0.000E+00  0.000E+00  0.000E+00  1.000E+00  1.000E+00  3.90E+02  0.00E+00  0.00E+00  0.000000  0.023657  0.0000000E+00  0.0000000000E+00
159  3.759182471020405E+07    6.999922  3.789972  4.321739  7.5157720E-01  2.4837130E-01  1.2915521E-06  4.2970797E-09  1.0216519E-07  6.8211449E-06  3.5136664E-10  2.0005896E-09  9.2048308E-07  2.3543589E-08  0.000E+00  0.0000  4.321739  -11.035  3.736536  8.010592  0.0000000E+00  9.9998887E-01  1.9194584E-06  6.9153802E-14  7.3295160E-06  9.7339284E-08  1.0866248E-10  1.0305704E-10  9.2048309E-07  2.3543593E-08  0.000E+00  0.000E+00  0.000E+00  1.000E+00  1.000E+00  3.87E+02  0.00E+00  0.00E+00  0.000000  0.023716  0.0000000E+00  0.0000000000E+00
160  3.759721134535969E+07    6.999922  3.791034  4.317769  7.5157720E-01  2.4837130E-01  1.2915521E-06  4.2970797E-09  1.0216519E-07  6.8211449E-06  3.5136664E-10  2.0005896E-09  9.2048308E-07  2.3543589E-08  0.000E+00  0.0000  4.317769  -11.036  3.758128  8.017762  0.0000000E+00  9.9998690E-01  3.8858071E-06  1.6700789E-15  7.3294196E-06  9.7383751E-08  1.0865384E-10  2.2706130E-10  9.2048310E-07  2.3543603E-08  0.000E+00  0.000E+00  0.000E+00  1.000E+00  1.000E+00  3.83E+02  0.00E+00  0.00E+00  0.000000  0.023773  0.0000000E+00  0.0000000000E+00
161  3.760259798051533E+07    6.999922  3.792087  4.313623  7.5157720E-01  2.4837130E-01  1.2915521E-06  4.2970797E-09  1.0216519E-07  6.8211449E-06  3.5136664E-10  2.0005896E-09  9.2048308E-07  2.3543589E-08  0.000E+00  0.0000  4.313623  -11.037  3.779834  8.025087  0.0000000E+00  9.9998276E-01  8.0605532E-06  2.7275012E-17  7.3292018E-06  9.7521320E-08  1.0863945E-10  5.0709920E-10  9.2048312E-07  2.3543653E-08  0.000E+00  0.000E+00  0.000E+00  1.000E+00  1.000E+00  3.79E+02  0.00E+00  0.00E+00  0.000000  0.023831  0.0000000E+00  0.0000000000E+00
162  3.760798461567097E+07    6.999922  3.793128  4.309292  7.5157720E-01  2.4837130E-01  1.2915521E-06  4.2970797E-09  1.0216519E-07  6.8211449E-06  3.5136664E-10  2.0005896E-09  9.2048308E-07  2.3543589E-08  0.000E+00  0.0000  4.309292  -11.038  3.801627  8.032584  0.0000000E+00  9.9997364E-01  1.7135290E-05  2.9230598E-19  7.3286962E-06  9.7963048E-08  1.0861504E-10  1.1569772E-09  9.2048315E-07  2.3543884E-08  0.000E+00  0.000E+00  0.000E+00  1.000E+00  1.000E+00  3.75E+02  0.00E+00  0.00E+00  0.000000  0.023888  0.0000000E+00  0.0000000000E+00
163  3.761337125082661E+07    6.999922  3.794160  4.304770  7.5157720E-01  2.4837130E-01  1.2915521E-06  4.2970797E-09  1.0216519E-07  6.8211449E-06  3.5136664E-10  2.0005896E-09  9.2048308E-07  2.3543589E-08  0.000E+00  0.0000  4.304770  -11.038  3.823437  8.040287  0.0000000E+00  9.9995353E-01  3.7263840E-05  1.9627036E-21  7.3274939E-06  9.9429126E-08  1.0857294E-10  2.7018257E-09  9.2048320E-07  2.3544997E-08  0.000E+00  0.000E+00  0.000E+00  1.000E+00  1.000E+00  3.71E+02  0.00E+00  0.00E+00  0.000000  0.023946  0.0000000E+00  0.0000000000E+00
164  3.761875788598226E+07    6.999922  3.795183  4.300046  7.5157720E-01  2.4837130E-01  1.2915521E-06  4.2970797E-09  1.0216519E-07  6.8211449E-06  3.5136664E-10  2.0005896E-09  9.2048308E-07  2.3543589E-08  0.000E+00  0.0000  4.300046  -11.038  3.845140  8.048265  0.0000000E+00  9.9991164E-01  7.9134144E-05  7.5335172E-24  7.3248173E-06  1.0408646E-07  1.0850187E-10  6.1389904E-09  9.2048329E-07  2.3549989E-08  0.000E+00  0.000E+00  0.000E+00  1.000E+00  1.000E+00  3.67E+02  0.00E+00  0.00E+00  0.000000  0.024002  0.0000000E+00  0.0000000000E+00
165  3.762414452113790E+07    6.999922  3.796200  4.295099  7.5157720E-01  2.4837130E-01  1.2915521E-06  4.2970797E-09  1.0216519E-07  6.8211449E-06  3.5136664E-10  2.0005896E-09  9.2048308E-07  2.3543589E-08  0.000E+00  0.0000  4.295099  -11.039  3.866472  8.056670  0.0000000E+00  9.9982262E-01  1.6816253E-04  1.2007785E-26  7.3186771E-06  1.1915681E-07  1.0837937E-10  1.4014504E-08  9.2048343E-07  2.3573252E-08  0.000E+00  0.000E+00  0.000E+00  1.000E+00  1.000E+00  3.62E+02  0.00E+00  0.00E+00  0.000000  0.024058  0.0000000E+00  0.0000000000E+00
166  3.762953115629354E+07    6.999922  3.797214  4.289903  7.5157720E-01  2.4837130E-01  1.2915521E-06  4.2970797E-09  1.0216519E-07  6.8211449E-06  3.5136664E-10  2.0005896E-09  9.2048308E-07  2.3543589E-08  0.000E+00  0.0000  4.289903  -11.039  3.886686  8.065979  0.0000000E+00  9.9960802E-01  3.8270246E-04  1.2826761E-30  7.3022749E-06  1.7771029E-07  1.0814868E-10  3.4981730E-08  9.2048370E-07  2.3721672E-08  0.000E+00  0.000E+00  0.000E+00  1.000E+00  1.000E+00  3.58E+02  0.00E+00  0.00E+00  0.000000  0.024114  0.0000000E+00  0.0000000000E+00
167  3.763491779144918E+07    6.999922  3.798245  4.284458  7.5157720E-01  2.4837130E-01  1.2915521E-06  4.2970797E-09  1.0216519E-07  6.8211449E-06  3.5136664E-10  2.0005896E-09  9.2048308E-07  2.3543589E-08  0.000E+00  0.0002  4.284458  -11.038  3.903359  8.077768  0.0000000E+00  9.9912766E-01  8.6279866E-04  1.3087882E-31  7.2607364E-06  3.7611501E-07  1.0741946E-10  8.8052068E-08  9.2048417E-07  2.4520741E-08  0.000E+00  0.000E+00  0.000E+00  1.000E+00  1.000E+00  3.53E+02  0.00E+00  0.00E+00  0.000000  0.024172  0.0000000E+00  0.0000000000E+00
168  3.764030442660482E+07    6.999922  3.799341  4.278786  7.5157720E-01  2.4837130E-01  1.2915521E-06  4.2970797E-09  1.0216519E-07  6.8211449E-06  3.5136664E-10  2.0005896E-09  9.2048308E-07  2.3543589E-08  0.000E+00  0.0027  4.278786  -11.038  3.912784  8.093161  0.0000000E+00  9.9899375E-01  9.9663262E-04  5.4003386E-24  7.2434326E-06  4.4480360E-07  1.0480034E-10  1.1228890E-07  9.2048421E-07  2.5175852E-08  0.000E+00  0.000E+00  0.000E+00  1.000E+00  1.000E+00  3.48E+02  0.00E+00  0.00E+00  0.000000  0.024233  0.0000000E+00  0.0000000000E+00
169  3.764569106176046E+07    6.999922  3.800578  4.272937  7.5157720E-01  2.4837130E-01  1.2915521E-06  4.2970797E-09  1.0216519E-07  6.8211449E-06  3.5136664E-10  2.0005896E-09  9.2048308E-07  2.3543589E-08  0.000E+00  0.0080  4.272937  -11.036  3.915789  8.108147  0.0000000E+00  9.9874333E-01  1.2469212E-03  1.0711091E-23  7.2062467E-06  5.7213574E-07  1.0309855E-10  1.6071146E-07  9.2048431E-07  2.6673259E-08  0.000E+00  0.000E+00  0.000E+00  1.000E+00  1.000E+00  3.44E+02  0.00E+00  0.00E+00  0.000000  0.024302  0.0000000E+00  0.0000000000E+00
170  3.765107769691610E+07    6.999922  3.802105  4.266985  7.5157720E-01  2.4837130E-01  1.2915521E-06  4.2970797E-09  1.0216519E-07  6.8211449E-06  3.5136664E-10  2.0005896E-09  9.2048308E-07  2.3543589E-08  0.000E+00  0.0163  4.266985  -11.033  3.907988  8.121519  0.0000000E+00  9.9847950E-01  1.5106820E-03  7.7012709E-21  7.1543433E-06  6.8506375E-07  1.0240651E-10  2.2672977E-07  9.2048435E-07  2.9097316E-08  0.000E+00  0.000E+00  0.000E+00  1.000E+00  1.000E+00  3.38E+02  0.00E+00  0.00E+00  0.000000  0.024388  0.0000000E+00  0.0000000000E+00
171  3.765165405121812E+07    6.999922  3.802304  4.266348  7.5157720E-01  2.4837130E-01  1.2915521E-06  4.2970797E-09  1.0216519E-07  6.8211449E-06  3.5136664E-10  2.0005896E-09  9.2048308E-07  2.3543589E-08  0.000E+00  0.0176  4.266348  -11.032  3.906195  8.122749  0.0000000E+00  9.9842701E-01  1.5631071E-03  4.3676472E-21  7.1447451E-06  7.0560694E-07  1.0237952E-10  2.3878538E-07  9.2048437E-07  2.9541002E-08  0.000E+00  0.000E+00  0.000E+00  1.000E+00  1.000E+00  3.38E+02  0.00E+00  0.00E+00  0.000000  0.024399  0.0000000E+00  0.0000000000E+00
172  3.765223040552014E+07    6.999922  3.802508  4.265712  7.5157720E-01  2.4837130E-01  1.2915521E-06  4.2970797E-09  1.0216519E-07  6.8211449E-06  3.5136664E-10  2.0005896E-09  9.2048308E-07  2.3543589E-08  0.000E+00  0.0188  4.265712  -11.032  3.904312  8.123953  0.0000000E+00  9.9837209E-01  1.6179851E-03  8.5758074E-20  7.1346867E-06  7.2751363E-07  1.0235361E-10  2.5140294E-07  9.2048439E-07  3.0017021E-08  0.000E+00  0.000E+00  0.000E+00  1.000E+00  1.000E+00  3.38E+02  0.00E+00  0.00E+00  0.000000  0.024410  0.0000000E+00  0.0000000000E+00
173  3.765280675982216E+07    6.999922  3.802724  4.265077  7.5157720E-01  2.4837130E-01  1.2915521E-06  4.2970797E-09  1.0216519E-07  6.8211449E-06  3.5136664E-10  2.0005896E-09  9.2048308E-07  2.3543589E-08  0.000E+00  0.0198  4.265077  -11.031  3.902204  8.125093  0.0000000E+00  9.9831109E-01  1.6790071E-03  3.7936596E-19  7.1234756E-06  7.5283562E-07  1.0233042E-10  2.6542804E-07  9.2048442E-07  3.0574030E-08  0.000E+00  0.000E+00  0.000E+00  1.000E+00  1.000E+00  3.37E+02  0.00E+00  0.00E+00  0.000000  0.024423  0.0000000E+00  0.0000000000E+00
174  3.765338311412418E+07    6.999922  3.802952  4.264444  7.5157720E-01  2.4837130E-01  1.2915521E-06  4.2970797E-09  1.0216519E-07  6.8211449E-06  3.5136664E-10  2.0005896E-09  9.2048308E-07  2.3543589E-08  0.000E+00  0.0208  4.264444  -11.031  3.899928  8.126175  0.0000000E+00  9.9824620E-01  1.7438888E-03  4.0387352E-19  7.1114672E-06  7.8072946E-07  1.0230773E-10  2.8041655E-07  9.2048445E-07  3.1200216E-08  0.000E+00  0.000E+00  0.000E+00  1.000E+00  1.000E+00  3.37E+02  0.00E+00  0.00E+00  0.000000  0.024435  0.0000000E+00  0.0000000000E+00
175  3.765395946842620E+07    6.999922  3.803189  4.263813  7.5157720E-01  2.4837130E-01  1.2915521E-06  4.2970797E-09  1.0216519E-07  6.8211449E-06  3.5136664E-10  2.0005896E-09  9.2048308E-07  2.3543589E-08  0.000E+00  0.0218  4.263813  -11.030  3.897525  8.127215  0.0000000E+00  9.9817837E-01  1.8116745E-03  2.2590896E-19  7.0988590E-06  8.1055838E-07  1.0228542E-10  2.9612994E-07  9.2048448E-07  3.1878450E-08  0.000E+00  0.000E+00  0.000E+00  1.000E+00  1.000E+00  3.36E+02  0.00E+00  0.00E+00  0.000000  0.024448  0.0000000E+00  0.0000000000E+00
176  3.765453582272822E+07    6.999922  3.803447  4.263186  7.5157720E-01  2.4837130E-01  1.2915521E-06  4.2970797E-09  1.0216519E-07  6.8211449E-06  3.5136664E-10  2.0005896E-09  9.2048308E-07  2.3543589E-08  0.000E+00  0.0228  4.263186  -11.030  3.894900  8.128169  0.0000000E+00  9.9810635E-01  1.8836570E-03  1.0122906E-15  7.0852571E-06  8.4396387E-07  1.0226415E-10  3.1302600E-07  9.2048452E-07  3.2664877E-08  0.000E+00  0.000E+00  0.000E+00  1.000E+00  1.000E+00  3.36E+02  0.00E+00  0.00E+00  0.000000  0.024463  0.0000000E+00  0.0000000000E+00
177  3.765511217703024E+07    6.999922  3.803709  4.262561  7.5157720E-01  2.4837130E-01  1.2915521E-06  4.2970797E-09  1.0216519E-07  6.8211449E-06  3.5136664E-10  2.0005896E-09  9.2048308E-07  2.3543589E-08  0.000E+00  0.0237  4.262561  -11.029  3.892211  8.129106  0.0000000E+00  9.9804141E-01  1.9485676E-03  2.0864845E-15  7.0725353E-06  8.7480264E-07  1.0225094E-10  3.2880986E-07  9.2048455E-07  3.3429261E-08  0.000E+00  0.000E+00  0.000E+00  1.000E+00  1.000E+00  3.35E+02  0.00E+00  0.00E+00  0.000000  0.024478  0.0000000E+00  0.0000000000E+00
178  3.765568853133225E+07    6.999922  3.803983  4.261938  7.5157720E-01  2.4837130E-01  1.2915521E-06  4.2970797E-09  1.0216519E-07  6.8211449E-06  3.5136664E-10  2.0005896E-09  9.2048308E-07  2.3543589E-08  0.000E+00  0.0244  4.261938  -11.028  3.889327  8.130007  0.0000000E+00  9.9799229E-01  1.9976104E-03  1.2164943E-15  7.0618359E-06  8.9938092E-07  1.0226001E-10  3.4204175E-07  9.2048457E-07  3.4132124E-08  0.000E+00  0.000E+00  0.000E+00  1.000E+00  1.000E+00  3.34E+02  0.00E+00  0.00E+00  0.000000  0.024493  0.0000000E+00  0.0000000000E+00
179  3.765626488563427E+07    6.999922  3.804274  4.261319  7.5157720E-01  2.4837130E-01  1.2915521E-06  4.2970797E-09  1.0216519E-07  6.8211449E-06  3.5136664E-10  2.0005896E-09  9.2048308E-07  2.3543589E-08  0.000E+00  0.0223  4.261319  -11.027  3.885877  8.131005  0.0000000E+00  9.9783802E-01  2.1518237E-03  1.6344515E-17  7.0358599E-06  9.7006863E-07  1.0218457E-10  3.7426937E-07  9.2048466E-07  3.5572141E-08  0.000E+00  0.000E+00  0.000E+00  1.000E+00  1.000E+00  3.34E+02  0.00E+00  0.00E+00  0.000000  0.024509  0.0000000E+00  0.0000000000E+00
180  3.765684123993629E+07    6.999922  3.804583  4.260704  7.5157720E-01  2.4837130E-01  1.2915521E-06  4.2970797E-09  1.0216519E-07  6.8211449E-06  3.5136664E-10  2.0005896E-09  9.2048308E-07  2.3543589E-08  0.000E+00  0.0261  4.260704  -11.027  3.883087  8.131647  0.0000000E+00  9.9782822E-01  2.1615899E-03  3.4865578E-16  7.0303287E-06  9.8155744E-07  1.0223118E-10  3.8095541E-07  9.2048466E-07  3.6159279E-08  0.000E+00  0.000E+00  0.000E+00  1.000E+00  1.000E+00  3.33E+02  0.00E+00  0.00E+00  0.000000  0.024527  0.0000000E+00  0.0000000000E+00
181  3.765741759423832E+07    6.999922  3.804909  4.260094  7.5157720E-01  2.4837130E-01  1.2915521E-06  4.2970797E-09  1.0216519E-07  6.8211449E-06  3.5136664E-10  2.0005896E-09  9.2048308E-07  2.3543589E-08  0.000E+00  0.0269  4.260094  -11.025  3.879912  8.132345  0.0000000E+00  9.9773240E-01  2.2573343E-03  1.2084021E-16  7.0123007E-06  1.0305573E-06  1.0220524E-10  4.0318089E-07  9.2048471E-07  3.7350821E-08  0.000E+00  0.000E+00  0.000E+00  1.000E+00  1.000E+00  3.32E+02  0.00E+00  0.00E+00  0.000000  0.024545  0.0000000E+00  0.0000000000E+00
182  3.765799394854034E+07    6.999922  3.805251  4.259489  7.5157720E-01  2.4837130E-01  1.2915521E-06  4.2970797E-09  1.0216519E-07  6.8211449E-06  3.5136664E-10  2.0005896E-09  9.2048308E-07  2.3543589E-08  0.000E+00  0.0259  4.259489  -11.024  3.876489  8.133046  0.0000000E+00  9.9759618E-01  2.3935093E-03  2.2941277E-18  6.9878630E-06  1.0998101E-06  1.0214508E-10  4.3330736E-07  9.2048479E-07  3.8944535E-08  0.000E+00  0.000E+00  0.000E+00  1.000E+00  1.000E+00  3.32E+02  0.00E+00  0.00E+00  0.000000  0.024565  0.0000000E+00  0.0000000000E+00
183  3.765857030284236E+07    6.999922  3.805614  4.258891  7.5157720E-01  2.4837130E-01  1.2915521E-06  4.2970797E-09  1.0216519E-07  6.8211449E-06  3.5136664E-10  2.0005896E-09  9.2048308E-07  2.3543589E-08  0.000E+00  0.0293  4.258891  -11.024  3.873471  8.133526  0.0000000E+00  9.9758552E-01  2.4041267E-03  2.7354271E-16  6.9818578E-06  1.1158867E-06  1.0220499E-10  4.4044783E-07  9.2048479E-07  3.9698476E-08  0.000E+00  0.000E+00  0.000E+00  1.000E+00  1.000E+00  3.32E+02  0.00E+00  0.00E+00  0.000000  0.024585  0.0000000E+00  0.0000000000E+00
184  3.765914665714438E+07    6.999922  3.805995  4.258300  7.5157720E-01  2.4837130E-01  1.2915521E-06  4.2970797E-09  1.0216519E-07  6.8211449E-06  3.5136664E-10  2.0005896E-09  9.2048308E-07  2.3543589E-08  0.000E+00  0.0296  4.258300  -11.022  3.870110  8.134067  0.0000000E+00  9.9748820E-01  2.5013818E-03  9.5909442E-17  6.9628730E-06  1.1710470E-06  1.0218279E-10  4.6369589E-07  9.2048484E-07  4.1132908E-08  0.000E+00  0.000E+00  0.000E+00  1.000E+00  1.000E+00  3.31E+02  0.00E+00  0.00E+00  0.000000  0.024607  0.0000000E+00  0.0000000000E+00
185  3.765972301144639E+07    6.999922  3.806396  4.257715  7.5157720E-01  2.4837130E-01  1.2915521E-06  4.2970797E-09  1.0216519E-07  6.8211449E-06  3.5136664E-10  2.0005896E-09  9.2048308E-07  2.3543589E-08  0.000E+00  0.0286  4.257715  -11.021  3.866587  8.134599  0.0000000E+00  9.9735800E-01  2.6315159E-03  5.3575477E-18  6.9384989E-06  1.2438384E-06  1.0212938E-10  4.9355561E-07  9.2048492E-07  4.2948179E-08  0.000E+00  0.000E+00  0.000E+00  1.000E+00  1.000E+00  3.30E+02  0.00E+00  0.00E+00  0.000000  0.024630  0.0000000E+00  0.0000000000E+00
186  3.766029936574841E+07    6.999922  3.806817  4.257138  7.5157720E-01  2.4837130E-01  1.2915521E-06  4.2970797E-09  1.0216519E-07  6.8211449E-06  3.5136664E-10  2.0005896E-09  9.2048308E-07  2.3543589E-08  0.000E+00  0.0313  4.257138  -11.020  3.863423  8.134963  0.0000000E+00  9.9734863E-01  2.6408627E-03  1.1508469E-15  6.9325330E-06  1.2630951E-06  1.0219791E-10  5.0052518E-07  9.2048492E-07  4.3831230E-08  0.000E+00  0.000E+00  0.000E+00  1.000E+00  1.000E+00  3.30E+02  0.00E+00  0.00E+00  0.000000  0.024654  0.0000000E+00  0.0000000000E+00
187  3.766087572005043E+07    6.999922  3.807253  4.256566  7.5157720E-01  2.4837130E-01  1.2915521E-06  4.2970797E-09  1.0216519E-07  6.8211449E-06  3.5136664E-10  2.0005896E-09  9.2048308E-07  2.3543589E-08  0.000E+00  0.0336  4.256566  -11.019  3.860148  8.135323  0.0000000E+00  9.9729235E-01  2.6971395E-03  2.9536305E-15  6.9194562E-06  1.3039899E-06  1.0221977E-10  5.1630391E-07  9.2048495E-07  4.5106940E-08  0.000E+00  0.000E+00  0.000E+00  1.000E+00  1.000E+00  3.29E+02  0.00E+00  0.00E+00  0.000000  0.024678  0.0000000E+00  0.0000000000E+00
188  3.766145207435245E+07    6.999922  3.807712  4.256004  7.5157720E-01  2.4837130E-01  1.2915521E-06  4.2970797E-09  1.0216519E-07  6.8211449E-06  3.5136664E-10  2.0005896E-09  9.2048308E-07  2.3543589E-08  0.000E+00  0.0307  4.256004  -11.017  3.856518  8.135754  0.0000000E+00  9.9712627E-01  2.8630882E-03  1.2266615E-17  6.8886690E-06  1.3997062E-06  1.0213017E-10  5.5391848E-07  9.2048505E-07  4.7513273E-08  0.000E+00  0.000E+00  0.000E+00  1.000E+00  1.000E+00  3.29E+02  0.00E+00  0.00E+00  0.000000  0.024705  0.0000000E+00  0.0000000000E+00
189  3.766202842865447E+07    6.999922  3.808190  4.255450  7.5157720E-01  2.4837130E-01  1.2915521E-06  4.2970797E-09  1.0216519E-07  6.8211449E-06  3.5136664E-10  2.0005896E-09  9.2048308E-07  2.3543589E-08  0.000E+00  0.0338  4.255450  -11.016  3.853331  8.136017  0.0000000E+00  9.9708429E-01  2.9050347E-03  4.6361255E-15  6.8778807E-06  1.4375282E-06  1.0216006E-10  5.6676450E-07  9.2048508E-07  4.8774258E-08  0.000E+00  0.000E+00  0.000E+00  1.000E+00  1.000E+00  3.29E+02  0.00E+00  0.00E+00  0.000000  0.024732  0.0000000E+00  0.0000000000E+00
190  3.766260478295649E+07    6.999922  3.808685  4.254906  7.5157720E-01  2.4837130E-01  1.2915521E-06  4.2970797E-09  1.0216519E-07  6.8211449E-06  3.5136664E-10  2.0005896E-09  9.2048308E-07  2.3543589E-08  0.000E+00  0.0328  4.254906  -11.014  3.849924  8.136322  0.0000000E+00  9.9692510E-01  3.0641507E-03  1.1521299E-18  6.8478456E-06  1.5356228E-06  1.0207344E-10  6.0329672E-07  9.2048518E-07  5.1321658E-08  0.000E+00  0.000E+00  0.000E+00  1.000E+00  1.000E+00  3.28E+02  0.00E+00  0.00E+00  0.000000  0.024760  0.0000000E+00  0.0000000000E+00
191  3.766660917842460E+07    6.999922  3.812578  4.251433  7.5157720E-01  2.4837130E-01  1.2915521E-06  4.2970797E-09  1.0216519E-07  6.8211449E-06  3.5136664E-10  2.0005896E-09  9.2048308E-07  2.3543589E-08  0.000E+00  0.0398  4.251433  -11.002  3.828869  8.137365  0.0000000E+00  9.9637080E-01  3.6178902E-03  3.7843970E-14  6.7276080E-06  2.0007523E-06  1.0199386E-10  7.4642521E-07  9.2048553E-07  6.5329097E-08  0.000E+00  0.000E+00  0.000E+00  1.000E+00  1.000E+00  3.24E+02  0.00E+00  0.00E+00  0.000000  0.024983  0.0000000E+00  0.0000000000E+00
192  3.767014014261013E+07    6.999922  3.816387  4.248860  7.5157720E-01  2.4837130E-01  1.2915521E-06  4.2970797E-09  1.0216519E-07  6.8211449E-06  3.5136664E-10  2.0005896E-09  9.2048308E-07  2.3543589E-08  0.000E+00  0.0422  4.248860  -10.991  3.812661  8.137674  0.0000000E+00  9.9581650E-01  4.1716724E-03  2.3664055E-14  6.6097695E-06  2.5255528E-06  1.0179348E-10  8.8501431E-07  9.2048591E-07  8.1097886E-08  0.000E+00  0.000E+00  0.000E+00  1.000E+00  1.000E+00  3.22E+02  0.00E+00  0.00E+00  0.000000  0.025203  0.0000000E+00  0.0000000000E+00
193  3.767378452514449E+07    6.999922  3.820303  4.246707  7.5157720E-01  2.4837130E-01  1.2915521E-06  4.2970797E-09  1.0216519E-07  6.8211449E-06  3.5136664E-10  2.0005896E-09  9.2048308E-07  2.3543589E-08  0.000E+00  0.0437  4.246707  -10.979  3.798428  8.137664  0.0000000E+00  9.9526220E-01  4.7252659E-03  2.6789139E-14  6.4913498E-06  3.1352922E-06  1.0155114E-10  1.0221205E-06  9.2048630E-07  9.9590700E-08  0.000E+00  0.000E+00  0.000E+00  1.000E+00  1.000E+00  3.20E+02  0.00E+00  0.00E+00  0.000000  0.025431  0.0000000E+00  0.0000000000E+00
194  3.767721457989974E+07    6.999922  3.823723  4.245115  7.5157720E-01  2.4837130E-01  1.2915521E-06  4.2970797E-09  1.0216519E-07  6.8211449E-06  3.5136664E-10  2.0005896E-09  9.2048308E-07  2.3543589E-08  0.000E+00  0.0445  4.245115  -10.969  3.787207  8.137478  0.0000000E+00  9.9470790E-01  5.2788644E-03  9.8618641E-15  6.3746579E-06  3.8049551E-06  1.0124692E-10  1.1556396E-06  9.2048670E-07  1.1976366E-07  0.000E+00  0.000E+00  0.000E+00  1.000E+00  1.000E+00  3.18E+02  0.00E+00  0.00E+00  0.000000  0.025632  0.0000000E+00  0.0000000000E+00
195  3.768116885045166E+07    6.999922  3.827200  4.243762  7.5157720E-01  2.4837130E-01  1.2915521E-06  4.2970797E-09  1.0216519E-07  6.8211449E-06  3.5136664E-10  2.0005896E-09  9.2048308E-07  2.3543589E-08  0.000E+00  0.0452  4.243762  -10.958  3.776413  8.137199  0.0000000E+00  9.9415360E-01  5.8323660E-03  1.5521194E-14  6.2565799E-06  4.6013730E-06  1.0094825E-10  1.2877163E-06  9.2048712E-07  1.4387184E-07  0.000E+00  0.000E+00  0.000E+00  1.000E+00  1.000E+00  3.16E+02  0.00E+00  0.00E+00  0.000000  0.025838  0.0000000E+00  0.0000000000E+00
196  3.768488750381933E+07    6.999922  3.829997  4.242895  7.5157720E-01  2.4837130E-01  1.2915521E-06  4.2970797E-09  1.0216519E-07  6.8211449E-06  3.5136664E-10  2.0005896E-09  9.2048308E-07  2.3543589E-08  0.000E+00  0.0447  4.242895  -10.950  3.767965  8.136918  0.0000000E+00  9.9359930E-01  6.3857802E-03  2.2133768E-17  6.1405663E-06  5.4501602E-06  1.0060645E-10  1.4160987E-06  9.2048754E-07  1.6926209E-07  0.000E+00  0.000E+00  0.000E+00  1.000E+00  1.000E+00  3.15E+02  0.00E+00  0.00E+00  0.000000  0.026005  0.0000000E+00  0.0000000000E+00
197  3.768885854679725E+07    6.999922  3.832520  4.242343  7.5157720E-01  2.4837130E-01  1.2915521E-06  4.2970797E-09  1.0216519E-07  6.8211449E-06  3.5136664E-10  2.0005896E-09  9.2048308E-07  2.3543589E-08  0.000E+00  0.0452  4.242343  -10.942  3.760641  8.136599  0.0000000E+00  9.9304500E-01  6.9390582E-03  2.8219365E-22  6.0249599E-06  6.4080172E-06  1.0025912E-10  1.5414382E-06  9.2048798E-07  1.9773088E-07  0.000E+00  0.000E+00  0.000E+00  1.000E+00  1.000E+00  3.14E+02  0.00E+00  0.00E+00  0.000000  0.026157  0.0000000E+00  0.0000000000E+00
198  3.769266639839897E+07    6.999921  3.834544  4.242115  7.5157720E-01  2.4837130E-01  1.2915521E-06  4.2970797E-09  1.0216519E-07  6.8211449E-06  3.5136664E-10  2.0005896E-09  9.2048308E-07  2.3543589E-08  0.000E+00  0.0447  4.242115  -10.936  3.754806  8.136338  0.0000000E+00  9.9249070E-01  7.4922791E-03  2.9380869E-36  5.9110901E-06  7.4293988E-06  9.9890660E-11  1.6632805E-06  9.2048841E-07  2.2775077E-07  0.000E+00  0.000E+00  0.000E+00  1.000E+00  1.000E+00  3.14E+02  0.00E+00  0.00E+00  0.000000  0.026279  0.0000000E+00  0.0000000000E+00
199  3.769662278353909E+07    6.999921  3.836287  4.242135  7.5157720E-01  2.4837130E-01  1.2915521E-06  4.2970797E-09  1.0216519E-07  6.8211449E-06  3.5136664E-10  2.0005896E-09  9.2048308E-07  2.3543589E-08  0.000E+00  0.0449  4.242135  -10.931  3.749776  8.136110  0.0000000E+00  9.9193640E-01  8.0454902E-03  1.2510153E-50  5.7982435E-06  8.5504670E-06  9.9517517E-11  1.7816463E-06  9.2048885E-07  2.6041181E-07  0.000E+00  0.000E+00  0.000E+00  1.000E+00  1.000E+00  3.13E+02  0.00E+00  0.00E+00  0.000000  0.026384  0.0000000E+00  0.0000000000E+00
200  3.770064817407528E+07    6.999921  3.837727  4.242369  7.5157720E-01  2.4837130E-01  1.2915521E-06  4.2970797E-09  1.0216519E-07  6.8211449E-06  3.5136664E-10  2.0005896E-09  9.2048308E-07  2.3543589E-08  0.000E+00  0.0439  4.242369  -10.926  3.745518  8.135935  0.0000000E+00  9.9138210E-01  8.5985291E-03  6.2694731E-65  5.6866024E-06  9.7710545E-06  9.9140617E-11  1.8963589E-06  9.2048930E-07  2.9564342E-07  0.000E+00  0.000E+00  0.000E+00  1.000E+00  1.000E+00  3.13E+02  0.00E+00  0.00E+00  0.000000  0.026472  0.0000000E+00  0.0000000000E+00
201  3.770476612579758E+07    6.999921  3.838892  4.242779  7.5157720E-01  2.4837130E-01  1.2915521E-06  4.2970797E-09  1.0216519E-07  6.8211449E-06  3.5136664E-10  2.0005896E-09  9.2048308E-07  2.3543589E-08  0.000E+00  0.0437  4.242779  -10.923  3.741930  8.135806  0.0000000E+00  9.9082780E-01  9.1514514E-03  0.0000000E+00  5.5762771E-06  1.1090586E-05  9.8760762E-11  2.0073343E-06  9.2048975E-07  3.3337512E-07  0.000E+00  0.000E+00  0.000E+00  1.000E+00  1.000E+00  3.13E+02  0.00E+00  0.00E+00  0.000000  0.026543  0.0000000E+00  0.0000000000E+00
202  3.770915711483588E+07    6.999921  3.839845  4.243350  7.5157720E-01  2.4837130E-01  1.2915521E-06  4.2970797E-09  1.0216519E-07  6.8211449E-06  3.5136664E-10  2.0005896E-09  9.2048308E-07  2.3543589E-08  0.000E+00  0.0436  4.243350  -10.920  3.738678  8.135737  0.0000000E+00  9.9027350E-01  9.7042640E-03  6.8450983E-66  5.4673475E-06  1.2512342E-05  9.8378508E-11  2.1144324E-06  9.2049021E-07  3.7365262E-07  0.000E+00  0.000E+00  0.000E+00  1.000E+00  1.000E+00  3.14E+02  0.00E+00  0.00E+00  0.000000  0.026602  0.0000000E+00  0.0000000000E+00
203  3.771339537888739E+07    6.999921  3.840525  4.243988  7.5157720E-01  2.4837130E-01  1.2915521E-06  4.2970797E-09  1.0216519E-07  6.8211449E-06  3.5136664E-10  2.0005896E-09  9.2048308E-07  2.3543589E-08  0.000E+00  0.0429  4.243988  -10.918  3.736039  8.135725  0.0000000E+00  9.8971920E-01  1.0257045E-02  0.0000000E+00  5.3597132E-06  1.4025750E-05  9.7994672E-11  2.2180186E-06  9.2049067E-07  4.1618657E-07  0.000E+00  0.000E+00  0.000E+00  1.000E+00  1.000E+00  3.14E+02  0.00E+00  0.00E+00  0.000000  0.026644  0.0000000E+00  0.0000000000E+00
204  3.771765969527829E+07    6.999921  3.841020  4.244679  7.5157720E-01  2.4837130E-01  1.2915521E-06  4.2970797E-09  1.0216519E-07  6.8211449E-06  3.5136664E-10  2.0005896E-09  9.2048308E-07  2.3543589E-08  0.000E+00  0.0431  4.244679  -10.917  3.733758  8.135755  0.0000000E+00  9.8916490E-01  1.0809641E-02  0.0000000E+00  5.2534960E-06  1.5632864E-05  9.7609906E-11  2.3179104E-06  9.2049112E-07  4.6100921E-07  0.000E+00  0.000E+00  0.000E+00  1.000E+00  1.000E+00  3.14E+02  0.00E+00  0.00E+00  0.000000  0.026674  0.0000000E+00  0.0000000000E+00
205  3.772188102142624E+07    6.999921  3.841365  4.245383  7.5157720E-01  2.4837130E-01  1.2915521E-06  4.2970797E-09  1.0216519E-07  6.8211449E-06  3.5136664E-10  2.0005896E-09  9.2048308E-07  2.3543589E-08  0.000E+00  0.0430  4.245383  -10.916  3.731743  8.135833  0.0000000E+00  9.8861060E-01  1.1362223E-02  0.0000000E+00  5.1486718E-06  1.7331570E-05  9.7224570E-11  2.4142012E-06  9.2049158E-07  5.0804412E-07  0.000E+00  0.000E+00  0.000E+00  1.000E+00  1.000E+00  3.15E+02  0.00E+00  0.00E+00  0.000000  0.026695  0.0000000E+00  0.0000000000E+00
206  3.772610674968585E+07    6.999921  3.841604  4.246089  7.5157720E-01  2.4837130E-01  1.2915521E-06  4.2970797E-09  1.0216519E-07  6.8211449E-06  3.5136664E-10  2.0005896E-09  9.2048308E-07  2.3543589E-08  0.000E+00  0.0429  4.246089  -10.915  3.729893  8.135948  0.0000000E+00  9.8805630E-01  1.1914715E-02  0.0000000E+00  5.0452355E-06  1.9120088E-05  9.6839085E-11  2.5069432E-06  9.2049204E-07  5.5723536E-07  0.000E+00  0.000E+00  0.000E+00  1.000E+00  1.000E+00  3.15E+02  0.00E+00  0.00E+00  0.000000  0.026710  0.0000000E+00  0.0000000000E+00
207  3.773032551889724E+07    6.999921  3.841770  4.246780  7.5157720E-01  2.4837130E-01  1.2915521E-06  4.2970797E-09  1.0216519E-07  6.8211449E-06  3.5136664E-10  2.0005896E-09  9.2048308E-07  2.3543589E-08  0.000E+00  0.0429  4.246780  -10.915  3.728165  8.136089  0.0000000E+00  9.8750200E-01  1.2467137E-02  0.0000000E+00  4.9431681E-06  2.0997035E-05  9.6453697E-11  2.5962047E-06  9.2049251E-07  6.0852954E-07  0.000E+00  0.000E+00  0.000E+00  1.000E+00  1.000E+00  3.16E+02  0.00E+00  0.00E+00  0.000000  0.026720  0.0000000E+00  0.0000000000E+00
208  3.773452845449649E+07    6.999921  3.841888  4.247445  7.5157720E-01  2.4837130E-01  1.2915521E-06  4.2970797E-09  1.0216519E-07  6.8211449E-06  3.5136664E-10  2.0005896E-09  9.2048308E-07  2.3543589E-08  0.000E+00  0.0430  4.247445  -10.915  3.726524  8.136250  0.0000000E+00  9.8694770E-01  1.3019439E-02  0.0000000E+00  4.8424666E-06  2.2961016E-05  9.6068640E-11  2.6820378E-06  9.2049297E-07  6.6186753E-07  0.000E+00  0.000E+00  0.000E+00  1.000E+00  1.000E+00  3.16E+02  0.00E+00  0.00E+00  0.000000  0.026727  0.0000000E+00  0.0000000000E+00
209  3.773870227935155E+07    6.999921  3.841979  4.248079  7.5157720E-01  2.4837130E-01  1.2915521E-06  4.2970797E-09  1.0216519E-07  6.8211449E-06  3.5136664E-10  2.0005896E-09  9.2048308E-07  2.3543589E-08  0.000E+00  0.0431  4.248079  -10.914  3.724948  8.136424  0.0000000E+00  9.8639340E-01  1.3571589E-02  0.0000000E+00  4.7431270E-06  2.5010924E-05  9.5684072E-11  2.7644942E-06  9.2049343E-07  7.1719222E-07  0.000E+00  0.000E+00  0.000E+00  1.000E+00  1.000E+00  3.17E+02  0.00E+00  0.00E+00  0.000000  0.026733  0.0000000E+00  0.0000000000E+00
210  3.774300046117970E+07    6.999921  3.842063  4.248703  7.5157720E-01  2.4837130E-01  1.2915521E-06  4.2970797E-09  1.0216519E-07  6.8211449E-06  3.5136664E-10  2.0005896E-09  9.2048308E-07  2.3543589E-08  0.000E+00  0.0430  4.248703  -10.914  3.723333  8.136617  0.0000000E+00  9.8583910E-01  1.4123736E-02  0.0000000E+00  4.6452408E-06  2.7156035E-05  9.5299998E-11  2.8433064E-06  9.2049389E-07  7.7468736E-07  0.000E+00  0.000E+00  0.000E+00  1.000E+00  1.000E+00  3.17E+02  0.00E+00  0.00E+00  0.000000  0.026738  0.0000000E+00  0.0000000000E+00
211  3.782287800298024E+07    6.999920  3.845014  4.257365  7.5157720E-01  2.4837130E-01  1.2915521E-06  4.2970797E-09  1.0216519E-07  6.8211449E-06  3.5136664E-10  2.0005896E-09  9.2048308E-07  2.3543589E-08  0.000E+00  0.0457  4.257365  -10.906  3.695794  8.139941  0.0000000E+00  9.7573571E-01  2.4170647E-02  2.9591690E-33  3.1115577E-06  8.2912280E-05  8.8438632E-11  3.7021894E-06  9.2050245E-07  2.1349976E-06  0.000E+00  0.000E+00  0.000E+00  1.000E+00  1.000E+00  3.23E+02  0.00E+00  0.00E+00  0.000000  0.026920  0.0000000E+00  0.0000000000E+00
212  3.790098201222076E+07    6.999919  3.848102  4.264115  7.5157720E-01  2.4837130E-01  1.2915521E-06  4.2970797E-09  1.0216519E-07  6.8211449E-06  3.5136664E-10  2.0005896E-09  9.2048308E-07  2.3543589E-08  0.000E+00  0.0478  4.264115  -10.896  3.674718  8.142660  0.0000000E+00  9.6563232E-01  3.4186278E-02  1.2455092E-40  2.0175837E-06  1.7008860E-04  8.1881619E-11  3.7273913E-06  9.2051139E-07  3.8232459E-06  0.000E+00  0.000E+00  0.000E+00  1.000E+00  1.000E+00  3.27E+02  0.00E+00  0.00E+00  0.000000  0.027112  0.0000000E+00  0.0000000000E+00
213  3.797706676181822E+07    6.999918  3.850905  4.269846  7.5157720E-01  2.4837130E-01  1.2915521E-06  4.2970797E-09  1.0216519E-07  6.8211449E-06  3.5136664E-10  2.0005896E-09  9.2048308E-07  2.3543589E-08  0.000E+00  0.0502  4.269846  -10.887  3.657536  8.145038  0.0000000E+00  9.5552893E-01  4.4171292E-02  0.0000000E+00  1.2771386E-06  2.8795293E-04  7.5621277E-11  3.2988043E-06  9.2052100E-07  5.5105666E-06  0.000E+00  0.000E+00  0.000E+00  1.000E+00  1.000E+00  3.31E+02  0.00E+00  0.00E+00  0.000000  0.027288  0.0000000E+00  0.0000000000E+00
214  3.805711699517819E+07    6.999917  3.853680  4.275296  7.5157720E-01  2.4837130E-01  1.2915521E-06  4.2970797E-09  1.0216519E-07  6.8211449E-06  3.5136664E-10  2.0005896E-09  9.2048308E-07  2.3543589E-08  0.000E+00  0.0522  4.275296  -10.877  3.641467  8.147341  0.0000000E+00  9.4542555E-01  5.4119304E-02  2.2558714E-70  8.5514578E-07  4.4289678E-04  6.9780268E-11  2.6146501E-06  9.2053179E-07  7.0097841E-06  0.000E+00  0.000E+00  0.000E+00  1.000E+00  1.000E+00  3.35E+02  0.00E+00  0.00E+00  0.000000  0.027463  0.0000000E+00  0.0000000000E+00
215  3.812792714326019E+07    6.999916  3.856034  4.279707  7.5157720E-01  2.4837130E-01  1.2915521E-06  4.2970797E-09  1.0216519E-07  6.8211449E-06  3.5136664E-10  2.0005896E-09  9.2048308E-07  2.3543589E-08  0.000E+00  0.0538  4.279707  -10.869  3.628965  8.149292  0.0000000E+00  9.3532216E-01  6.4043475E-02  2.9255026E-58  5.3588961E-07  6.2178610E-04  6.4147823E-11  2.0375624E-06  9.2054378E-07  8.2167220E-06  0.000E+00  0.000E+00  0.000E+00  1.000E+00  1.000E+00  3.38E+02  0.00E+00  0.00E+00  0.000000  0.027612  0.0000000E+00  0.0000000000E+00
216  3.820774979251518E+07    6.999915  3.858567  4.284342  7.5157720E-01  2.4837130E-01  1.2915521E-06  4.2970797E-09  1.0216519E-07  6.8211449E-06  3.5136664E-10  2.0005896E-09  9.2048308E-07  2.3543589E-08  0.000E+00  0.0561  4.284342  -10.859  3.615714  8.151318  0.0000000E+00  9.2521877E-01  7.3919807E-02  2.1192086E-58  4.4205678E-07  8.4868554E-04  5.9084077E-11  1.4487406E-06  9.2055831E-07  9.0837073E-06  0.000E+00  0.000E+00  0.000E+00  1.000E+00  1.000E+00  3.41E+02  0.00E+00  0.00E+00  0.000000  0.027773  0.0000000E+00  0.0000000000E+00
217  3.828421075184607E+07    6.999914  3.860876  4.288473  7.5157720E-01  2.4837130E-01  1.2915521E-06  4.2970797E-09  1.0216519E-07  6.8211449E-06  3.5136664E-10  2.0005896E-09  9.2048308E-07  2.3543589E-08  0.000E+00  0.0576  4.288473  -10.851  3.604060  8.153207  0.0000000E+00  9.1511538E-01  8.3763505E-02  0.0000000E+00  3.7162006E-07  1.1082315E-03  5.4339621E-11  1.0546519E-06  9.2057547E-07  9.6759191E-06  0.000E+00  0.000E+00  0.000E+00  1.000E+00  1.000E+00  3.44E+02  0.00E+00  0.00E+00  0.000000  0.027921  0.0000000E+00  0.0000000000E+00
218  3.834678028206089E+07    6.999913  3.862749  4.291664  7.5157720E-01  2.4837130E-01  1.2915521E-06  4.2970797E-09  1.0216519E-07  6.8211449E-06  3.5136664E-10  2.0005896E-09  9.2048308E-07  2.3543589E-08  0.000E+00  0.0594  4.291664  -10.844  3.595580  8.154774  0.0000000E+00  9.0501199E-01  9.3599633E-02  1.8955433E-70  2.1322054E-07  1.3753651E-03  4.9580378E-11  8.2233269E-07  9.2059424E-07  1.0208693E-05  0.000E+00  0.000E+00  0.000E+00  1.000E+00  1.000E+00  3.46E+02  0.00E+00  0.00E+00  0.000000  0.028042  0.0000000E+00  0.0000000000E+00
219  3.841438534316809E+07    6.999912  3.864701  4.294939  7.5157720E-01  2.4837130E-01  1.2915521E-06  4.2970797E-09  1.0216519E-07  6.8211449E-06  3.5136664E-10  2.0005896E-09  9.2048308E-07  2.3543589E-08  0.000E+00  0.0583  4.294939  -10.836  3.587181  8.156390  0.0000000E+00  8.9490860E-01  1.0338807E-01  0.0000000E+00  1.6125809E-07  1.6902630E-03  4.5334740E-11  6.2165387E-07  9.2061729E-07  1.0535499E-05  0.000E+00  0.000E+00  0.000E+00  1.000E+00  1.000E+00  3.48E+02  0.00E+00  0.00E+00  0.000000  0.028169  0.0000000E+00  0.0000000000E+00
220  3.846702016044696E+07    6.999911  3.866171  4.297384  7.5157720E-01  2.4837130E-01  1.2915521E-06  4.2970797E-09  1.0216519E-07  6.8211449E-06  3.5136664E-10  2.0005896E-09  9.2048308E-07  2.3543589E-08  0.000E+00  0.0593  4.297384  -10.831  3.581208  8.157733  0.0000000E+00  8.8480521E-01  1.1317522E-01  0.0000000E+00  6.9280684E-08  2.0063783E-03  4.1044955E-11  4.4318481E-07  9.2064171E-07  1.0898095E-05  0.000E+00  0.000E+00  0.000E+00  1.000E+00  1.000E+00  3.50E+02  0.00E+00  0.00E+00  0.000000  0.028264  0.0000000E+00  0.0000000000E+00
221  3.851879838931501E+07    6.999910  3.867593  4.299686  7.5157720E-01  2.4837130E-01  1.2915521E-06  4.2970797E-09  1.0216519E-07  6.8211449E-06  3.5136664E-10  2.0005896E-09  9.2048308E-07  2.3543589E-08  0.000E+00  0.0606  4.299686  -10.825  3.575624  8.159023  0.0000000E+00  8.7470183E-01  1.2293131E-01  0.0000000E+00  2.8741948E-08  2.3536398E-03  3.7074076E-11  2.8656774E-07  9.2066980E-07  1.1153147E-05  0.000E+00  0.000E+00  0.000E+00  1.000E+00  1.000E+00  3.51E+02  0.00E+00  0.00E+00  0.000000  0.028357  0.0000000E+00  0.0000000000E+00
222  3.858334194196666E+07    6.999909  3.869315  4.302410  7.5157720E-01  2.4837130E-01  1.2915521E-06  4.2970797E-09  1.0216519E-07  6.8211449E-06  3.5136664E-10  2.0005896E-09  9.2048308E-07  2.3543589E-08  0.000E+00  0.0622  4.302410  -10.819  3.568460  8.160501  0.0000000E+00  8.6459844E-01  1.3260560E-01  0.0000000E+00  1.0407067E-07  2.7827436E-03  3.3953310E-11  2.0828753E-07  9.2070712E-07  1.1130315E-05  0.000E+00  0.000E+00  0.000E+00  1.000E+00  1.000E+00  3.53E+02  0.00E+00  0.00E+00  0.000000  0.028469  0.0000000E+00  0.0000000000E+00
223  3.864014947385707E+07    6.999909  3.870832  4.304720  7.5157720E-01  2.4837130E-01  1.2915521E-06  4.2970797E-09  1.0216519E-07  6.8211449E-06  3.5136664E-10  2.0005896E-09  9.2048308E-07  2.3543589E-08  0.000E+00  0.0622  4.304720  -10.813  3.562675  8.161818  0.0000000E+00  8.5449505E-01  1.4226410E-01  0.0000000E+00  1.1375026E-07  3.2276223E-03  3.0881407E-11  1.6383718E-07  9.2074866E-07  1.1169319E-05  0.000E+00  0.000E+00  0.000E+00  1.000E+00  1.000E+00  3.55E+02  0.00E+00  0.00E+00  0.000000  0.028569  0.0000000E+00  0.0000000000E+00
224  3.869984847012736E+07    6.999908  3.872379  4.307012  7.5157720E-01  2.4837130E-01  1.2915521E-06  4.2970797E-09  1.0216519E-07  6.8211449E-06  3.5136664E-10  2.0005896E-09  9.2048308E-07  2.3543589E-08  0.000E+00  0.0635  4.307012  -10.806  3.556671  8.163192  0.0000000E+00  8.4439166E-01  1.5187249E-01  0.0000000E+00  8.5530731E-08  3.7226292E-03  2.8179230E-11  2.0379808E-07  9.2079889E-07  1.1164691E-05  0.000E+00  0.000E+00  0.000E+00  1.000E+00  1.000E+00  3.56E+02  0.00E+00  0.00E+00  0.000000  0.028671  0.0000000E+00  0.0000000000E+00
225  3.876031171630771E+07    6.999907  3.873910  4.309285  7.5157720E-01  2.4837130E-01  1.2915521E-06  4.2970797E-09  1.0216519E-07  6.8211449E-06  3.5136664E-10  2.0005896E-09  9.2048308E-07  2.3543589E-08  0.000E+00  0.0644  4.309285  -10.800  3.550902  8.164540  0.0000000E+00  8.3428827E-01  1.6143380E-01  0.0000000E+00  1.0921836E-07  4.2647008E-03  2.5815064E-11  1.7678276E-07  9.2085850E-07  1.1160346E-05  0.000E+00  0.000E+00  0.000E+00  1.000E+00  1.000E+00  3.58E+02  0.00E+00  0.00E+00  0.000000  0.028772  0.0000000E+00  0.0000000000E+00
226  3.880655911879026E+07    6.999906  3.875100  4.310954  7.5157720E-01  2.4837130E-01  1.2915521E-06  4.2970797E-09  1.0216519E-07  6.8211449E-06  3.5136664E-10  2.0005896E-09  9.2048308E-07  2.3543589E-08  0.000E+00  0.0653  4.310954  -10.796  3.547088  8.165670  0.0000000E+00  8.2418488E-01  1.7102506E-01  0.0000000E+00  3.5367822E-08  4.7768274E-03  2.3033632E-11  1.5430851E-07  9.2091733E-07  1.1303775E-05  0.000E+00  0.000E+00  0.000E+00  1.000E+00  1.000E+00  3.59E+02  0.00E+00  0.00E+00  0.000000  0.028851  0.0000000E+00  0.0000000000E+00
227  3.886839295820119E+07    6.999905  3.876619  4.313105  7.5157720E-01  2.4837130E-01  1.2915521E-06  4.2970797E-09  1.0216519E-07  6.8211449E-06  3.5136664E-10  2.0005896E-09  9.2048308E-07  2.3543589E-08  0.000E+00  0.0662  4.313105  -10.790  3.541507  8.167014  0.0000000E+00  8.1408149E-01  1.8049071E-01  0.0000000E+00  6.5577234E-08  5.4145859E-03  2.1262871E-11  1.5907736E-07  9.2099881E-07  1.1250315E-05  0.000E+00  0.000E+00  0.000E+00  1.000E+00  1.000E+00  3.61E+02  0.00E+00  0.00E+00  0.000000  0.028952  0.0000000E+00  0.0000000000E+00
228  3.892212654725268E+07    6.999904  3.877940  4.314941  7.5157720E-01  2.4837130E-01  1.2915521E-06  4.2970797E-09  1.0216519E-07  6.8211449E-06  3.5136664E-10  2.0005896E-09  9.2048308E-07  2.3543589E-08  0.000E+00  0.0674  4.314941  -10.784  3.537095  8.168215  0.0000000E+00  8.0397811E-01  1.8995316E-01  0.0000000E+00  8.6996810E-08  6.0554902E-03  1.9371228E-11  1.1207246E-07  9.2108575E-07  1.1273972E-05  0.000E+00  0.000E+00  0.000E+00  1.000E+00  1.000E+00  3.62E+02  0.00E+00  0.00E+00  0.000000  0.029041  0.0000000E+00  0.0000000000E+00
229  3.897775449178059E+07    6.999903  3.879288  4.316729  7.5157720E-01  2.4837130E-01  1.2915521E-06  4.2970797E-09  1.0216519E-07  6.8211449E-06  3.5136664E-10  2.0005896E-09  9.2048308E-07  2.3543589E-08  0.000E+00  0.0681  4.316729  -10.779  3.532539  8.169458  0.0000000E+00  7.9387472E-01  1.9936231E-01  0.0000000E+00  4.6134173E-08  6.7497406E-03  1.7709632E-11  1.5197696E-07  9.2118777E-07  1.1289265E-05  0.000E+00  0.000E+00  0.000E+00  1.000E+00  1.000E+00  3.63E+02  0.00E+00  0.00E+00  0.000000  0.029131  0.0000000E+00  0.0000000000E+00
230  3.903496089545073E+07    6.999902  3.880637  4.318562  7.5157720E-01  2.4837130E-01  1.2915521E-06  4.2970797E-09  1.0216519E-07  6.8211449E-06  3.5136664E-10  2.0005896E-09  9.2048308E-07  2.3543589E-08  0.000E+00  0.0693  4.318562  -10.774  3.528057  8.170679  0.0000000E+00  7.8377133E-01  2.0870863E-01  0.0000000E+00  1.0319232E-07  7.5068243E-03  1.6407778E-11  9.6267950E-08  9.2130787E-07  1.1267532E-05  0.000E+00  0.000E+00  0.000E+00  1.000E+00  1.000E+00  3.64E+02  0.00E+00  0.00E+00  0.000000  0.029222  0.0000000E+00  0.0000000000E+00
231  3.907686116124696E+07    6.999901  3.881629  4.319830  7.5157720E-01  2.4837130E-01  1.2915521E-06  4.2970797E-09  1.0216519E-07  6.8211449E-06  3.5136664E-10  2.0005896E-09  9.2048308E-07  2.3543589E-08  0.000E+00  0.0696  4.319830  -10.770  3.525347  8.171742  0.0000000E+00  7.7366794E-01  2.1812598E-01  0.0000000E+00  2.2892520E-08  8.1928386E-03  1.4410086E-11  1.0308627E-07  9.2141879E-07  1.1385280E-05  0.000E+00  0.000E+00  0.000E+00  1.000E+00  1.000E+00  3.65E+02  0.00E+00  0.00E+00  0.000000  0.029288  0.0000000E+00  0.0000000000E+00
232  3.913534441680355E+07    6.999900  3.882958  4.321578  7.5157720E-01  2.4837130E-01  1.2915521E-06  4.2970797E-09  1.0216519E-07  6.8211449E-06  3.5136664E-10  2.0005896E-09  9.2048308E-07  2.3543589E-08  0.000E+00  0.0707  4.321578  -10.764  3.520933  8.172988  0.0000000E+00  7.6356455E-01  2.2736214E-01  0.0000000E+00  6.1608130E-08  9.0600679E-03  1.3556938E-11  1.0693097E-07  9.2157645E-07  1.1319564E-05  0.000E+00  0.000E+00  0.000E+00  1.000E+00  1.000E+00  3.66E+02  0.00E+00  0.00E+00  0.000000  0.029378  0.0000000E+00  0.0000000000E+00
233  3.918754565945485E+07    6.999900  3.884199  4.323089  7.5157720E-01  2.4837130E-01  1.2915521E-06  4.2970797E-09  1.0216519E-07  6.8211449E-06  3.5136664E-10  2.0005896E-09  9.2048308E-07  2.3543589E-08  0.000E+00  0.0712  4.323089  -10.760  3.517229  8.174117  0.0000000E+00  7.5346116E-01  2.3660338E-01  0.0000000E+00  2.5204504E-08  9.9221711E-03  1.2414479E-11  1.1732382E-07  9.2174186E-07  1.1363909E-05  0.000E+00  0.000E+00  0.000E+00  1.000E+00  1.000E+00  3.67E+02  0.00E+00  0.00E+00  0.000000  0.029462  0.0000000E+00  0.0000000000E+00
234  3.924309034813758E+07    6.999899  3.885435  4.324679  7.5157720E-01  2.4837130E-01  1.2915521E-06  4.2970797E-09  1.0216519E-07  6.8211449E-06  3.5136664E-10  2.0005896E-09  9.2048308E-07  2.3543589E-08  0.000E+00  0.0717  4.324679  -10.755  3.513380  8.175287  0.0000000E+00  7.4335777E-01  2.4575835E-01  0.0000000E+00  8.6592096E-08  1.0870623E-02  1.1689168E-11  6.8907385E-08  9.2193811E-07  1.1326441E-05  0.000E+00  0.000E+00  0.000E+00  1.000E+00  1.000E+00  3.68E+02  0.00E+00  0.00E+00  0.000000  0.029546  0.0000000E+00  0.0000000000E+00
235  3.928379085377502E+07    6.999898  3.886361  4.325778  7.5157720E-01  2.4837130E-01  1.2915521E-06  4.2970797E-09  1.0216519E-07  6.8211449E-06  3.5136664E-10  2.0005896E-09  9.2048308E-07  2.3543589E-08  0.000E+00  0.0726  4.325778  -10.751  3.511160  8.176326  0.0000000E+00  7.3325439E-01  2.5501094E-01  0.0000000E+00  1.4996909E-08  1.1721392E-02  1.0190740E-11  7.9853130E-08  9.2211582E-07  1.1425448E-05  0.000E+00  0.000E+00  0.000E+00  1.000E+00  1.000E+00  3.69E+02  0.00E+00  0.00E+00  0.000000  0.029609  0.0000000E+00  0.0000000000E+00
236  3.933681346042224E+07    6.999897  3.887526  4.327217  7.5157720E-01  2.4837130E-01  1.2915521E-06  4.2970797E-09  1.0216519E-07  6.8211449E-06  3.5136664E-10  2.0005896E-09  9.2048308E-07  2.3543589E-08  0.000E+00  0.0734  4.327217  -10.746  3.507763  8.177466  0.0000000E+00  7.2315100E-01  2.6407827E-01  0.0000000E+00  6.3336073E-08  1.2757479E-02  9.6427029E-12  6.2880971E-08  9.2235601E-07  1.1370048E-05  0.000E+00  0.000E+00  0.000E+00  1.000E+00  1.000E+00  3.70E+02  0.00E+00  0.00E+00  0.000000  0.029689  0.0000000E+00  0.0000000000E+00
237  3.938021809682231E+07    6.999896  3.888484  4.328360  7.5157720E-01  2.4837130E-01  1.2915521E-06  4.2970797E-09  1.0216519E-07  6.8211449E-06  3.5136664E-10  2.0005896E-09  9.2048308E-07  2.3543589E-08  0.000E+00  0.0740  4.328360  -10.742  3.505352  8.178505  0.0000000E+00  7.1304761E-01  2.7320499E-01  0.0000000E+00  1.4496698E-08  1.3734160E-02  8.5597235E-12  7.2280797E-08  9.2258784E-07  1.1435161E-05  0.000E+00  0.000E+00  0.000E+00  1.000E+00  1.000E+00  3.71E+02  0.00E+00  0.00E+00  0.000000  0.029754  0.0000000E+00  0.0000000000E+00
238  3.942876770533705E+07    6.999895  3.889541  4.329618  7.5157720E-01  2.4837130E-01  1.2915521E-06  4.2970797E-09  1.0216519E-07  6.8211449E-06  3.5136664E-10  2.0005896E-09  9.2048308E-07  2.3543589E-08  0.000E+00  0.0747  4.329618  -10.738  3.502600  8.179584  0.0000000E+00  7.0294422E-01  2.8220750E-01  0.0000000E+00  6.5413876E-08  1.4834988E-02  8.0174941E-12  3.2342922E-08  9.2287022E-07  1.1403787E-05  0.000E+00  0.000E+00  0.000E+00  1.000E+00  1.000E+00  3.72E+02  0.00E+00  0.00E+00  0.000000  0.029827  0.0000000E+00  0.0000000000E+00
239  3.948298186939290E+07    6.999894  3.890693  4.330970  7.5157720E-01  2.4837130E-01  1.2915521E-06  4.2970797E-09  1.0216519E-07  6.8211449E-06  3.5136664E-10  2.0005896E-09  9.2048308E-07  2.3543589E-08  0.000E+00  0.0754  4.330970  -10.734  3.499204  8.180742  0.0000000E+00  6.9284083E-01  2.9108359E-01  0.0000000E+00  3.7887599E-08  1.6062318E-02  7.7978396E-12  9.3009528E-08  9.2321133E-07  1.1372687E-05  0.000E+00  0.000E+00  0.000E+00  1.000E+00  1.000E+00  3.73E+02  0.00E+00  0.00E+00  0.000000  0.029906  0.0000000E+00  0.0000000000E+00
240  3.951949175136032E+07    6.999894  3.891490  4.331858  7.5157720E-01  2.4837130E-01  1.2915521E-06  4.2970797E-09  1.0216519E-07  6.8211449E-06  3.5136664E-10  2.0005896E-09  9.2048308E-07  2.3543589E-08  0.000E+00  0.0760  4.331858  -10.730  3.497811  8.181720  0.0000000E+00  6.8273744E-01  3.0013939E-01  0.0000000E+00  3.6472306E-09  1.7109867E-02  6.6189467E-12  4.7229247E-08  9.2349801E-07  1.1482312E-05  0.000E+00  0.000E+00  0.000E+00  1.000E+00  1.000E+00  3.73E+02  0.00E+00  0.00E+00  0.000000  0.029961  0.0000000E+00  0.0000000000E+00
241  3.957236823925921E+07    6.999893  3.892593  4.333113  7.5157720E-01  2.4837130E-01  1.2915521E-06  4.2970797E-09  1.0216519E-07  6.8211449E-06  3.5136664E-10  2.0005896E-09  9.2048308E-07  2.3543589E-08  0.000E+00  0.0768  4.333113  -10.726  3.494880  8.182871  0.0000000E+00  6.7263405E-01  3.0890296E-01  0.0000000E+00  4.5134920E-08  1.8449691E-02  6.5780385E-12  6.3788658E-08  9.2391153E-07  1.1396663E-05  0.000E+00  0.000E+00  0.000E+00  1.000E+00  1.000E+00  3.74E+02  0.00E+00  0.00E+00  0.000000  0.030037  0.0000000E+00  0.0000000000E+00
242  3.961212443012887E+07    6.999892  3.893445  4.334017  7.5157720E-01  2.4837130E-01  1.2915521E-06  4.2970797E-09  1.0216519E-07  6.8211449E-06  3.5136664E-10  2.0005896E-09  9.2048308E-07  2.3543589E-08  0.000E+00  0.0773  4.334017  -10.723  3.493266  8.183899  0.0000000E+00  6.6253067E-01  3.1780740E-01  0.0000000E+00  5.0320002E-09  1.9648636E-02  5.7337235E-12  4.8243940E-08  9.2428315E-07  1.1478520E-05  0.000E+00  0.000E+00  0.000E+00  1.000E+00  1.000E+00  3.75E+02  0.00E+00  0.00E+00  0.000000  0.030096  0.0000000E+00  0.0000000000E+00
243  3.966015228103386E+07    6.999891  3.894453  4.335101  7.5157720E-01  2.4837130E-01  1.2915521E-06  4.2970797E-09  1.0216519E-07  6.8211449E-06  3.5136664E-10  2.0005896E-09  9.2048308E-07  2.3543589E-08  0.000E+00  0.0780  4.335101  -10.719  3.490970  8.185004  0.0000000E+00  6.5242728E-01  3.2651037E-01  0.0000000E+00  3.2552192E-08  2.1049040E-02  5.5559459E-12  5.2291127E-08  9.2475718E-07  1.1430119E-05  0.000E+00  0.000E+00  0.000E+00  1.000E+00  1.000E+00  3.75E+02  0.00E+00  0.00E+00  0.000000  0.030166  0.0000000E+00  0.0000000000E+00
244  3.971229372936971E+07    6.999890  3.895516  4.336224  7.5157720E-01  2.4837130E-01  1.2915521E-06  4.2970797E-09  1.0216519E-07  6.8211449E-06  3.5136664E-10  2.0005896E-09  9.2048308E-07  2.3543589E-08  0.000E+00  0.0785  4.336224  -10.715  3.488383  8.186182  0.0000000E+00  6.4232389E-01  3.3507766E-01  0.0000000E+00  2.4463878E-08  2.2585191E-02  5.5711209E-12  7.2841369E-08  9.2531640E-07  1.1417478E-05  0.000E+00  0.000E+00  0.000E+00  1.000E+00  1.000E+00  3.76E+02  0.00E+00  0.00E+00  0.000000  0.030240  0.0000000E+00  0.0000000000E+00
245  3.974673581833406E+07    6.999889  3.896260  4.336942  7.5157720E-01  2.4837130E-01  1.2915521E-06  4.2970797E-09  1.0216519E-07  6.8211449E-06  3.5136664E-10  2.0005896E-09  9.2048308E-07  2.3543589E-08  0.000E+00  0.0792  4.336942  -10.712  3.487502  8.187171  0.0000000E+00  6.3222050E-01  3.4389369E-01  0.0000000E+00  1.2592041E-09  2.3872538E-02  4.6185981E-12  2.7393505E-08  9.2577443E-07  1.1509332E-05  0.000E+00  0.000E+00  0.000E+00  1.000E+00  1.000E+00  3.77E+02  0.00E+00  0.00E+00  0.000000  0.030292  0.0000000E+00  0.0000000000E+00
246  3.979885200684741E+07    6.999888  3.897322  4.338013  7.5157720E-01  2.4837130E-01  1.2915521E-06  4.2970797E-09  1.0216519E-07  6.8211449E-06  3.5136664E-10  2.0005896E-09  9.2048308E-07  2.3543589E-08  0.000E+00  0.0793  4.338013  -10.707  3.485080  8.188333  0.0000000E+00  6.2211711E-01  3.5230520E-01  0.0000000E+00  6.1393900E-08  2.5564408E-02  4.8677780E-12  3.7433399E-08  9.2645815E-07  1.1402311E-05  0.000E+00  0.000E+00  0.000E+00  1.000E+00  1.000E+00  3.77E+02  0.00E+00  0.00E+00  0.000000  0.030366  0.0000000E+00  0.0000000000E+00
247  3.983623971354083E+07    6.999887  3.898094  4.338756  7.5157720E-01  2.4837130E-01  1.2915521E-06  4.2970797E-09  1.0216519E-07  6.8211449E-06  3.5136664E-10  2.0005896E-09  9.2048308E-07  2.3543589E-08  0.000E+00  0.0804  4.338756  -10.705  3.484006  8.189377  0.0000000E+00  6.1201372E-01  3.6094653E-01  0.0000000E+00  4.3972146E-09  2.7026445E-02  4.1646217E-12  3.9397927E-08  9.2704392E-07  1.1489291E-05  0.000E+00  0.000E+00  0.000E+00  1.000E+00  1.000E+00  3.78E+02  0.00E+00  0.00E+00  0.000000  0.030420  0.0000000E+00  0.0000000000E+00
248  3.986972502895908E+07    6.999887  3.898776  4.339410  7.5157720E-01  2.4837130E-01  1.2915521E-06  4.2970797E-09  1.0216519E-07  6.8211449E-06  3.5136664E-10  2.0005896E-09  9.2048308E-07  2.3543589E-08  0.000E+00  0.0809  4.339410  -10.702  3.483439  8.190384  0.0000000E+00  6.0191033E-01  3.6960127E-01  0.0000000E+00  1.5205873E-10  2.8475077E-02  3.3963756E-12  9.1571772E-09  9.2763850E-07  1.1532749E-05  0.000E+00  0.000E+00  0.000E+00  1.000E+00  1.000E+00  3.78E+02  0.00E+00  0.00E+00  0.000000  0.030468  0.0000000E+00  0.0000000000E+00
249  3.996093247810554E+07    6.999885  3.900616  4.341079  7.5157720E-01  2.4837130E-01  1.2915521E-06  4.2970797E-09  1.0216519E-07  6.8211449E-06  3.5136664E-10  2.0005896E-09  9.2048308E-07  2.3543589E-08  0.000E+00  0.0818  4.341079  -10.695  3.478291  8.191957  0.0000000E+00  5.9180695E-01  3.7686377E-01  0.0000000E+00  1.4197418E-08  3.1315977E-02  5.6791103E-12  1.1998318E-07  9.2911923E-07  1.1374732E-05  0.000E+00  0.000E+00  0.000E+00  1.000E+00  1.000E+00  3.79E+02  0.00E+00  0.00E+00  0.000000  0.030597  0.0000000E+00  0.0000000000E+00
250  3.999330308605381E+07    6.999884  3.901292  4.341665  7.5157720E-01  2.4837130E-01  1.2915521E-06  4.2970797E-09  1.0216519E-07  6.8211449E-06  3.5136664E-10  2.0005896E-09  9.2048308E-07  2.3543589E-08  0.000E+00  0.0823  4.341665  -10.692  3.477927  8.192962  0.0000000E+00  5.8170356E-01  3.8540739E-01  0.0000000E+00  3.1640654E-10  3.2875739E-02  4.5717802E-12  2.4326867E-08  9.2985057E-07  1.1513272E-05  0.000E+00  0.000E+00  0.000E+00  1.000E+00  1.000E+00  3.80E+02  0.00E+00  0.00E+00  0.000000  0.030645  0.0000000E+00  0.0000000000E+00
251  4.002552059813937E+07    6.999884  3.901938  4.342234  7.5157720E-01  2.4837130E-01  1.2915521E-06  4.2970797E-09  1.0216519E-07  6.8211449E-06  3.5136664E-10  2.0005896E-09  9.2048308E-07  2.3543589E-08  0.000E+00  0.0828  4.342234  -10.690  3.477650  8.193984  0.0000000E+00  5.7160017E-01  3.9389000E-01  0.0000000E+00  4.7410678E-11  3.4496512E-02  3.6580491E-12  4.0403699E-09  9.3064063E-07  1.1538295E-05  0.000E+00  0.000E+00  0.000E+00  1.000E+00  1.000E+00  3.80E+02  0.00E+00  0.00E+00  0.000000  0.030691  0.0000000E+00  0.0000000000E+00
252  4.005798464503895E+07    6.999883  3.902586  4.342792  7.5157720E-01  2.4837130E-01  1.2915521E-06  4.2970797E-09  1.0216519E-07  6.8211449E-06  3.5136664E-10  2.0005896E-09  9.2048308E-07  2.3543589E-08  0.000E+00  0.0833  4.342792  -10.687  3.477370  8.195017  0.0000000E+00  5.6149678E-01  4.0230835E-01  0.0000000E+00  1.1165866E-10  3.6181534E-02  2.9111000E-12  1.2177175E-09  9.3149542E-07  1.1541444E-05  0.000E+00  0.000E+00  0.000E+00  1.000E+00  1.000E+00  3.80E+02  0.00E+00  0.00E+00  0.000000  0.030736  0.0000000E+00  0.0000000000E+00
253  4.009027568780759E+07    6.999882  3.903230  4.343325  7.5157720E-01  2.4837130E-01  1.2915521E-06  4.2970797E-09  1.0216519E-07  6.8211449E-06  3.5136664E-10  2.0005896E-09  9.2048308E-07  2.3543589E-08  0.000E+00  0.0838  4.343325  -10.685  3.477150  8.196055  0.0000000E+00  5.5139339E-01  4.1066110E-01  0.0000000E+00  1.8947602E-10  3.7932221E-02  2.3030326E-12  7.4408885E-10  9.3241967E-07  1.1541693E-05  0.000E+00  0.000E+00  0.000E+00  1.000E+00  1.000E+00  3.81E+02  0.00E+00  0.00E+00  0.000000  0.030782  0.0000000E+00  0.0000000000E+00
254  4.013852317000678E+07    6.999881  3.904202  4.344108  7.5157720E-01  2.4837130E-01  1.2915521E-06  4.2970797E-09  1.0216519E-07  6.8211449E-06  3.5136664E-10  2.0005896E-09  9.2048308E-07  2.3543589E-08  0.000E+00  0.0845  4.344108  -10.681  3.475764  8.197269  0.0000000E+00  5.4129000E-01  4.1851100E-01  0.0000000E+00  3.2164479E-09  4.0185687E-02  2.5696517E-12  3.0484882E-08  9.3376294E-07  1.1500283E-05  0.000E+00  0.000E+00  0.000E+00  1.000E+00  1.000E+00  3.81E+02  0.00E+00  0.00E+00  0.000000  0.030851  0.0000000E+00  0.0000000000E+00
255  4.016981072766436E+07    6.999881  3.904807  4.344590  7.5157720E-01  2.4837130E-01  1.2915521E-06  4.2970797E-09  1.0216519E-07  6.8211449E-06  3.5136664E-10  2.0005896E-09  9.2048308E-07  2.3543589E-08  0.000E+00  0.0850  4.344590  -10.679  3.475732  8.198321  0.0000000E+00  5.3118661E-01  4.2673196E-01  0.0000000E+00  3.4744403E-11  4.2068141E-02  1.9962556E-12  4.1159494E-09  9.3485287E-07  1.1537289E-05  0.000E+00  0.000E+00  0.000E+00  1.000E+00  1.000E+00  3.81E+02  0.00E+00  0.00E+00  0.000000  0.030894  0.0000000E+00  0.0000000000E+00
256  4.020113168684575E+07    6.999880  3.905423  4.345066  7.5157720E-01  2.4837130E-01  1.2915521E-06  4.2970797E-09  1.0216519E-07  6.8211449E-06  3.5136664E-10  2.0005896E-09  9.2048308E-07  2.3543589E-08  0.000E+00  0.0854  4.345066  -10.677  3.475880  8.199406  0.0000000E+00  5.2108323E-01  4.3488113E-01  0.0000000E+00  6.0162886E-12  4.4022299E-02  1.5387359E-12  4.7498311E-10  9.3603082E-07  1.1541554E-05  0.000E+00  0.000E+00  0.000E+00  1.000E+00  1.000E+00  3.82E+02  0.00E+00  0.00E+00  0.000000  0.030938  0.0000000E+00  0.0000000000E+00
257  4.025520057388458E+07    6.999879  3.906540  4.345851  7.5157720E-01  2.4837130E-01  1.2915521E-06  4.2970797E-09  1.0216519E-07  6.8211449E-06  3.5136664E-10  2.0005896E-09  9.2048308E-07  2.3543589E-08  0.000E+00  0.0859  4.345851  -10.673  3.474016  8.200688  0.0000000E+00  5.1097984E-01  4.4214980E-01  0.0000000E+00  4.5653996E-09  4.6857056E-02  2.4126444E-12  4.6714319E-08  9.3802488E-07  1.1477482E-05  0.000E+00  0.000E+00  0.000E+00  1.000E+00  1.000E+00  3.82E+02  0.00E+00  0.00E+00  0.000000  0.031017  0.0000000E+00  0.0000000000E+00
258  4.032353787568234E+07    6.999877  3.907852  4.346820  7.5157720E-01  2.4837130E-01  1.2915521E-06  4.2970797E-09  1.0216519E-07  6.8211449E-06  3.5136664E-10  2.0005896E-09  9.2048308E-07  2.3543589E-08  0.000E+00  0.0867  4.346820  -10.668  3.471344  8.202123  0.0000000E+00  5.0087645E-01  4.4875439E-01  0.0000000E+00  8.5519541E-08  5.0355921E-02  3.7634236E-12  4.6455475E-08  9.4076318E-07  1.1350074E-05  0.000E+00  0.000E+00  0.000E+00  1.000E+00  1.000E+00  3.83E+02  0.00E+00  0.00E+00  0.000000  0.031111  0.0000000E+00  0.0000000000E+00
259  4.035372726919699E+07    6.999877  3.908433  4.347256  7.5157720E-01  2.4837130E-01  1.2915521E-06  4.2970797E-09  1.0216519E-07  6.8211449E-06  3.5136664E-10  2.0005896E-09  9.2048308E-07  2.3543589E-08  0.000E+00  0.0874  4.347256  -10.666  3.471485  8.203195  0.0000000E+00  4.9077306E-01  4.5668101E-01  0.0000000E+00  2.7784114E-10  5.2532619E-02  2.8178956E-12  1.6645578E-08  9.4232516E-07  1.1520202E-05  0.000E+00  0.000E+00  0.000E+00  1.000E+00  1.000E+00  3.83E+02  0.00E+00  0.00E+00  0.000000  0.031153  0.0000000E+00  0.0000000000E+00
260  4.038407509351201E+07    6.999876  3.908996  4.347629  7.5157720E-01  2.4837130E-01  1.2915521E-06  4.2970797E-09  1.0216519E-07  6.8211449E-06  3.5136664E-10  2.0005896E-09  9.2048308E-07  2.3543589E-08  0.000E+00  0.0882  4.347629  -10.664  3.471944  8.204326  0.0000000E+00  4.8066967E-01  4.6452540E-01  0.0000000E+00  8.4972412E-11  5.4791625E-02  2.0895465E-12  1.3620034E-09  9.4401315E-07  1.1538917E-05  0.000E+00  0.000E+00  0.000E+00  1.000E+00  1.000E+00  3.83E+02  0.00E+00  0.00E+00  0.000000  0.031193  0.0000000E+00  0.0000000000E+00
261  4.042456529252522E+07    6.999875  3.909801  4.348150  7.5157720E-01  2.4837130E-01  1.2915521E-06  4.2970797E-09  1.0216519E-07  6.8211449E-06  3.5136664E-10  2.0005896E-09  9.2048308E-07  2.3543589E-08  0.000E+00  0.0890  4.348150  -10.661  3.471596  8.205540  0.0000000E+00  4.7056628E-01  4.7188802E-01  0.0000000E+00  8.2496113E-11  5.7532403E-02  1.9025549E-12  5.6689855E-09  9.4626981E-07  1.1533303E-05  0.000E+00  0.000E+00  0.000E+00  1.000E+00  1.000E+00  3.83E+02  0.00E+00  0.00E+00  0.000000  0.031251  0.0000000E+00  0.0000000000E+00
262  4.048324038586481E+07    6.999874  3.911032  4.348860  7.5157720E-01  2.4837130E-01  1.2915521E-06  4.2970797E-09  1.0216519E-07  6.8211449E-06  3.5136664E-10  2.0005896E-09  9.2048308E-07  2.3543589E-08  0.000E+00  0.0899  4.348860  -10.657  3.469815  8.206928  0.0000000E+00  4.6046289E-01  4.7830309E-01  0.0000000E+00  1.1397788E-09  6.1220689E-02  2.6084919E-12  3.2723979E-08  9.4971209E-07  1.1498056E-05  0.000E+00  0.000E+00  0.000E+00  1.000E+00  1.000E+00  3.84E+02  0.00E+00  0.00E+00  0.000000  0.031340  0.0000000E+00  0.0000000000E+00
263  4.055163828011233E+07    6.999872  3.912369  4.349662  7.5157720E-01  2.4837130E-01  1.2915521E-06  4.2970797E-09  1.0216519E-07  6.8211449E-06  3.5136664E-10  2.0005896E-09  9.2048308E-07  2.3543589E-08  0.000E+00  0.0914  4.349662  -10.652  3.467466  8.208419  0.0000000E+00  4.5035951E-01  4.8412818E-01  0.0000000E+00  6.0954384E-09  6.5499033E-02  3.3526608E-12  6.1395160E-08  9.5409815E-07  1.1454602E-05  0.000E+00  0.000E+00  0.000E+00  1.000E+00  1.000E+00  3.84E+02  0.00E+00  0.00E+00  0.000000  0.031437  0.0000000E+00  0.0000000000E+00
264  4.058285457436673E+07    6.999872  3.912881  4.350019  7.5157720E-01  2.4837130E-01  1.2915521E-06  4.2970797E-09  1.0216519E-07  6.8211449E-06  3.5136664E-10  2.0005896E-09  9.2048308E-07  2.3543589E-08  0.000E+00  0.0915  4.350019  -10.650  3.468029  8.209594  0.0000000E+00  4.4025612E-01  4.9155749E-01  0.0000000E+00  1.3398509E-10  6.8173049E-02  2.4058486E-12  4.4488334E-09  9.5662244E-07  1.1533243E-05  0.000E+00  0.000E+00  0.000E+00  1.000E+00  1.000E+00  3.84E+02  0.00E+00  0.00E+00  0.000000  0.031474  0.0000000E+00  0.0000000000E+00
265  4.061227823326353E+07    6.999871  3.913425  4.350280  7.5157720E-01  2.4837130E-01  1.2915521E-06  4.2970797E-09  1.0216519E-07  6.8211449E-06  3.5136664E-10  2.0005896E-09  9.2048308E-07  2.3543589E-08  0.000E+00  0.0924  4.350280  -10.649  3.469037  8.210805  0.0000000E+00  4.3015273E-01  4.9894920E-01  0.0000000E+00  2.8719095E-14  7.0884702E-02  1.6744834E-12  1.4050109E-10  9.5926434E-07  1.1538387E-05  0.000E+00  0.000E+00  0.000E+00  1.000E+00  1.000E+00  3.85E+02  0.00E+00  0.00E+00  0.000000  0.031513  0.0000000E+00  0.0000000000E+00
266  4.067986833215728E+07    6.999870  3.914758  4.350905  7.5157720E-01  2.4837130E-01  1.2915521E-06  4.2970797E-09  1.0216519E-07  6.8211449E-06  3.5136664E-10  2.0005896E-09  9.2048308E-07  2.3543589E-08  0.000E+00  0.0933  4.350905  -10.644  3.467352  8.212412  0.0000000E+00  4.2004934E-01  5.0427621E-01  0.0000000E+00  4.2218878E-08  7.5661113E-02  2.6302737E-12  4.7937538E-08  9.6495567E-07  1.1412925E-05  0.000E+00  0.000E+00  0.000E+00  1.000E+00  1.000E+00  3.85E+02  0.00E+00  0.00E+00  0.000000  0.031610  0.0000000E+00  0.0000000000E+00
267  4.070895573020083E+07    6.999869  3.915362  4.351205  7.5157720E-01  2.4837130E-01  1.2915521E-06  4.2970797E-09  1.0216519E-07  6.8211449E-06  3.5136664E-10  2.0005896E-09  9.2048308E-07  2.3543589E-08  0.000E+00  0.0940  4.351205  -10.642  3.468182  8.213590  0.0000000E+00  4.0994595E-01  5.1145842E-01  0.0000000E+00  3.0704681E-11  7.8582262E-02  1.7747845E-12  2.8980731E-09  9.6813844E-07  1.1533905E-05  0.000E+00  0.000E+00  0.000E+00  1.000E+00  1.000E+00  3.85E+02  0.00E+00  0.00E+00  0.000000  0.031654  0.0000000E+00  0.0000000000E+00
268  4.074937158411429E+07    6.999868  3.916173  4.351483  7.5157720E-01  2.4837130E-01  1.2915521E-06  4.2970797E-09  1.0216519E-07  6.8211449E-06  3.5136664E-10  2.0005896E-09  9.2048308E-07  2.3543589E-08  0.000E+00  0.0948  4.351483  -10.639  3.468512  8.214966  0.0000000E+00  3.9984256E-01  5.1790723E-01  0.0000000E+00  3.7651072E-09  8.2236835E-02  1.6444586E-12  2.7088145E-08  9.7256294E-07  1.1497979E-05  0.000E+00  0.000E+00  0.000E+00  1.000E+00  1.000E+00  3.85E+02  0.00E+00  0.00E+00  0.000000  0.031713  0.0000000E+00  0.0000000000E+00
269  4.077846922762960E+07    6.999867  3.916725  4.351709  7.5157720E-01  2.4837130E-01  1.2915521E-06  4.2970797E-09  1.0216519E-07  6.8211449E-06  3.5136664E-10  2.0005896E-09  9.2048308E-07  2.3543589E-08  0.000E+00  0.0956  4.351709  -10.638  3.469782  8.216231  0.0000000E+00  3.8973917E-01  5.2485221E-01  0.0000000E+00  7.3798855E-12  8.5395216E-02  1.0720910E-12  5.1027977E-10  9.7632445E-07  1.1535967E-05  0.000E+00  0.000E+00  0.000E+00  1.000E+00  1.000E+00  3.85E+02  0.00E+00  0.00E+00  0.000000  0.031753  0.0000000E+00  0.0000000000E+00
270  4.083653375434779E+07    6.999866  3.917948  4.352152  7.5157720E-01  2.4837130E-01  1.2915521E-06  4.2970797E-09  1.0216519E-07  6.8211449E-06  3.5136664E-10  2.0005896E-09  9.2048308E-07  2.3543589E-08  0.000E+00  0.0967  4.352152  -10.634  3.469114  8.217822  0.0000000E+00  3.7963579E-01  5.2984827E-01  0.0000000E+00  7.4629096E-11  9.0502584E-02  1.6655010E-12  4.3472707E-09  9.8359238E-07  1.1530426E-05  0.000E+00  0.000E+00  0.000E+00  1.000E+00  1.000E+00  3.85E+02  0.00E+00  0.00E+00  0.000000  0.031843  0.0000000E+00  0.0000000000E+00
271  4.090498306638797E+07    6.999864  3.919408  4.352637  7.5157720E-01  2.4837130E-01  1.2915521E-06  4.2970797E-09  1.0216519E-07  6.8211449E-06  3.5136664E-10  2.0005896E-09  9.2048308E-07  2.3543589E-08  0.000E+00  0.0972  4.352637  -10.629  3.467745  8.219520  0.0000000E+00  3.6953240E-01  5.3393252E-01  0.0000000E+00  1.0774694E-10  9.6521704E-02  2.2079261E-12  1.2126705E-08  9.9303304E-07  1.1519949E-05  0.000E+00  0.000E+00  0.000E+00  1.000E+00  1.000E+00  3.85E+02  0.00E+00  0.00E+00  0.000000  0.031950  0.0000000E+00  0.0000000000E+00
272  4.093363112770474E+07    6.999864  3.919748  4.352787  7.5157720E-01  2.4837130E-01  1.2915521E-06  4.2970797E-09  1.0216519E-07  6.8211449E-06  3.5136664E-10  2.0005896E-09  9.2048308E-07  2.3543589E-08  0.000E+00  0.0980  4.352787  -10.628  3.469505  8.220896  0.0000000E+00  3.5942901E-01  5.4048832E-01  0.0000000E+00  1.5834261E-11  1.0006931E-01  1.3497585E-12  1.5144938E-10  9.9811437E-07  1.1534259E-05  0.000E+00  0.000E+00  0.000E+00  1.000E+00  1.000E+00  3.85E+02  0.00E+00  0.00E+00  0.000000  0.031975  0.0000000E+00  0.0000000000E+00
273  4.100340844423362E+07    6.999862  3.921241  4.352964  7.5157720E-01  2.4837130E-01  1.2915521E-06  4.2970797E-09  1.0216519E-07  6.8211449E-06  3.5136664E-10  2.0005896E-09  9.2048308E-07  2.3543589E-08  0.000E+00  0.0991  4.352964  -10.624  3.468952  8.222833  0.0000000E+00  3.4932562E-01  5.4386122E-01  0.0000000E+00  3.7725704E-08  1.0679984E-01  2.6032101E-12  9.3211289E-08  1.0100732E-06  1.1360206E-05  0.000E+00  0.000E+00  0.000E+00  1.000E+00  1.000E+00  3.85E+02  0.00E+00  0.00E+00  0.000000  0.032085  0.0000000E+00  0.0000000000E+00
274  4.103178842959529E+07    6.999861  3.921788  4.353278  7.5157720E-01  2.4837130E-01  1.2915521E-06  4.2970797E-09  1.0216519E-07  6.8211449E-06  3.5136664E-10  2.0005896E-09  9.2048308E-07  2.3543589E-08  0.000E+00  0.0996  4.353278  -10.622  3.470259  8.224081  0.0000000E+00  3.3922223E-01  5.5012326E-01  0.0000000E+00  1.1046150E-11  1.1064106E-01  1.5105698E-12  6.1695874E-10  1.0162827E-06  1.1532117E-05  0.000E+00  0.000E+00  0.000E+00  1.000E+00  1.000E+00  3.85E+02  0.00E+00  0.00E+00  0.000000  0.032126  0.0000000E+00  0.0000000000E+00
275  4.106064115129809E+07    6.999861  3.922322  4.353293  7.5157720E-01  2.4837130E-01  1.2915521E-06  4.2970797E-09  1.0216519E-07  6.8211449E-06  3.5136664E-10  2.0005896E-09  9.2048308E-07  2.3543589E-08  0.000E+00  0.1003  4.353293  -10.620  3.472296  8.225544  0.0000000E+00  3.2911884E-01  5.5621421E-01  0.0000000E+00  1.2253216E-11  1.1465352E-01  8.5697124E-13  2.3058243E-10  1.0230455E-06  1.1532027E-05  0.000E+00  0.000E+00  0.000E+00  1.000E+00  1.000E+00  3.85E+02  0.00E+00  0.00E+00  0.000000  0.032166  0.0000000E+00  0.0000000000E+00
276  4.110065040008917E+07    6.999860  3.923228  4.353276  7.5157720E-01  2.4837130E-01  1.2915521E-06  4.2970797E-09  1.0216519E-07  6.8211449E-06  3.5136664E-10  2.0005896E-09  9.2048308E-07  2.3543589E-08  0.000E+00  0.1012  4.353276  -10.618  3.473770  8.227193  0.0000000E+00  3.1901545E-01  5.6123462E-01  0.0000000E+00  1.1193386E-09  1.1973649E-01  9.3056772E-13  1.8580573E-08  1.0326157E-06  1.1507097E-05  0.000E+00  0.000E+00  0.000E+00  1.000E+00  1.000E+00  3.85E+02  0.00E+00  0.00E+00  0.000000  0.032233  0.0000000E+00  0.0000000000E+00
277  4.116001789300614E+07    6.999858  3.924724  4.353367  7.5157720E-01  2.4837130E-01  1.2915521E-06  4.2970797E-09  1.0216519E-07  6.8211449E-06  3.5136664E-10  2.0005896E-09  9.2048308E-07  2.3543589E-08  0.000E+00  0.1021  4.353367  -10.614  3.473854  8.228990  0.0000000E+00  3.0891207E-01  5.6415552E-01  0.0000000E+00  1.3067106E-10  1.2691902E-01  1.6605218E-12  1.7948516E-08  1.0480368E-06  1.1508256E-05  0.000E+00  0.000E+00  0.000E+00  1.000E+00  1.000E+00  3.85E+02  0.00E+00  0.00E+00  0.000000  0.032343  0.0000000E+00  0.0000000000E+00
278  4.118852474893871E+07    6.999858  3.924963  4.353544  7.5157720E-01  2.4837130E-01  1.2915521E-06  4.2970797E-09  1.0216519E-07  6.8211449E-06  3.5136664E-10  2.0005896E-09  9.2048308E-07  2.3543589E-08  0.000E+00  0.1027  4.353544  -10.613  3.476352  8.230522  0.0000000E+00  2.9880868E-01  5.6970298E-01  0.0000000E+00  5.6383977E-12  1.3147490E-01  8.4834719E-13  6.0220292E-11  1.0571546E-06  1.1529642E-05  0.000E+00  0.000E+00  0.000E+00  1.000E+00  1.000E+00  3.85E+02  0.00E+00  0.00E+00  0.000000  0.032362  0.0000000E+00  0.0000000000E+00
279  4.122650069547113E+07    6.999857  3.925885  4.353421  7.5157720E-01  2.4837130E-01  1.2915521E-06  4.2970797E-09  1.0216519E-07  6.8211449E-06  3.5136664E-10  2.0005896E-09  9.2048308E-07  2.3543589E-08  0.000E+00  0.1031  4.353421  -10.610  3.478423  8.232263  0.0000000E+00  2.8870529E-01  5.7417550E-01  0.0000000E+00  3.1324407E-09  1.3710579E-01  7.3926618E-13  8.8032009E-09  1.0696429E-06  1.1513151E-05  0.000E+00  0.000E+00  0.000E+00  1.000E+00  1.000E+00  3.85E+02  0.00E+00  0.00E+00  0.000000  0.032430  0.0000000E+00  0.0000000000E+00
280  4.128807050227275E+07    6.999855  3.927192  4.353620  7.5157720E-01  2.4837130E-01  1.2915521E-06  4.2970797E-09  1.0216519E-07  6.8211449E-06  3.5136664E-10  2.0005896E-09  9.2048308E-07  2.3543589E-08  0.000E+00  0.1046  4.353620  -10.607  3.478850  8.234165  0.0000000E+00  2.7860190E-01  5.7592903E-01  0.0000000E+00  1.0483296E-16  1.4545559E-01  9.7334273E-13  9.4214517E-11  1.0909949E-06  1.1527271E-05  0.000E+00  0.000E+00  0.000E+00  1.000E+00  1.000E+00  3.84E+02  0.00E+00  0.00E+00  0.000000  0.032528  0.0000000E+00  0.0000000000E+00
281  4.130042724491037E+07    6.999855  3.927298  4.353583  7.5157720E-01  2.4837130E-01  1.2915521E-06  4.2970797E-09  1.0216519E-07  6.8211449E-06  3.5136664E-10  2.0005896E-09  9.2048308E-07  2.3543589E-08  0.000E+00  0.1053  4.353583  -10.606  3.479931  8.234843  0.0000000E+00  2.7462187E-01  5.7778913E-01  0.0000000E+00  5.1227685E-10  1.4757554E-01  7.4346317E-13  1.6422980E-09  1.0960824E-06  1.1524234E-05  0.000E+00  0.000E+00  0.000E+00  1.000E+00  1.000E+00  3.84E+02  0.00E+00  0.00E+00  0.000000  0.032536  0.0000000E+00  0.0000000000E+00
282  4.131187278297789E+07    6.999855  3.927559  4.353525  7.5157720E-01  2.4837130E-01  1.2915521E-06  4.2970797E-09  1.0216519E-07  6.8211449E-06  3.5136664E-10  2.0005896E-09  9.2048308E-07  2.3543589E-08  0.000E+00  0.1048  4.353525  -10.606  3.481018  8.235501  0.0000000E+00  2.7064185E-01  5.7969742E-01  0.0000000E+00  5.3242352E-14  1.4964728E-01  5.4395792E-13  1.0074253E-10  1.1010818E-06  1.1526592E-05  0.000E+00  0.000E+00  0.000E+00  1.000E+00  1.000E+00  3.84E+02  0.00E+00  0.00E+00  0.000000  0.032556  0.0000000E+00  0.0000000000E+00
283  4.132318866695041E+07    6.999854  3.927802  4.353459  7.5157720E-01  2.4837130E-01  1.2915521E-06  4.2970797E-09  1.0216519E-07  6.8211449E-06  3.5136664E-10  2.0005896E-09  9.2048308E-07  2.3543589E-08  0.000E+00  0.1052  4.353459  -10.605  3.482302  8.236198  0.0000000E+00  2.6666182E-01  5.8157924E-01  0.0000000E+00  2.2988724E-18  1.5174543E-01  3.9266600E-13  2.7460457E-12  1.1062409E-06  1.1526372E-05  0.000E+00  0.000E+00  0.000E+00  1.000E+00  1.000E+00  3.84E+02  0.00E+00  0.00E+00  0.000000  0.032574  0.0000000E+00  0.0000000000E+00
284  4.134878638473583E+07    6.999854  3.928417  4.353288  7.5157720E-01  2.4837130E-01  1.2915521E-06  4.2970797E-09  1.0216519E-07  6.8211449E-06  3.5136664E-10  2.0005896E-09  9.2048308E-07  2.3543589E-08  0.000E+00  0.1058  4.353288  -10.604  3.482862  8.237113  0.0000000E+00  2.6268179E-01  5.8180211E-01  0.0000000E+00  3.0880479E-09  1.5550256E-01  8.8938006E-13  2.8919313E-08  1.1170681E-06  1.1485491E-05  0.000E+00  0.000E+00  0.000E+00  1.000E+00  1.000E+00  3.84E+02  0.00E+00  0.00E+00  0.000000  0.032620  0.0000000E+00  0.0000000000E+00
285  4.136008538709841E+07    6.999853  3.928886  4.353303  7.5157720E-01  2.4837130E-01  1.2915521E-06  4.2970797E-09  1.0216519E-07  6.8211449E-06  3.5136664E-10  2.0005896E-09  9.2048308E-07  2.3543589E-08  0.000E+00  0.1057  4.353303  -10.602  3.483750  8.237705  0.0000000E+00  2.5870176E-01  5.8360749E-01  0.0000000E+00  6.8693073E-14  1.5767722E-01  6.3132610E-13  7.7128120E-10  1.1227065E-06  1.1524387E-05  0.000E+00  0.000E+00  0.000E+00  1.000E+00  1.000E+00  3.84E+02  0.00E+00  0.00E+00  0.000000  0.032655  0.0000000E+00  0.0000000000E+00
286  4.140637128959853E+07    6.999852  3.929728  4.353049  7.5157720E-01  2.4837130E-01  1.2915521E-06  4.2970797E-09  1.0216519E-07  6.8211449E-06  3.5136664E-10  2.0005896E-09  9.2048308E-07  2.3543589E-08  0.000E+00  0.1067  4.353049  -10.600  3.483799  8.239032  0.0000000E+00  2.5472174E-01  5.8105629E-01  0.0000000E+00  1.2994596E-08  1.6420845E-01  1.8748779E-12  7.0314820E-08  1.1441289E-06  1.1417676E-05  0.000E+00  0.000E+00  0.000E+00  1.000E+00  1.000E+00  3.83E+02  0.00E+00  0.00E+00  0.000000  0.032719  0.0000000E+00  0.0000000000E+00
287  4.141766219460495E+07    6.999852  3.930526  4.353205  7.5157720E-01  2.4837130E-01  1.2915521E-06  4.2970797E-09  1.0216519E-07  6.8211449E-06  3.5136664E-10  2.0005896E-09  9.2048308E-07  2.3543589E-08  0.000E+00  0.1061  4.353205  -10.598  3.483950  8.239429  0.0000000E+00  2.5074171E-01  5.8278906E-01  0.0000000E+00  1.3785428E-13  1.6645571E-01  1.3055801E-12  1.6618892E-09  1.1504179E-06  1.1521622E-05  0.000E+00  0.000E+00  0.000E+00  1.000E+00  1.000E+00  3.83E+02  0.00E+00  0.00E+00  0.000000  0.032779  0.0000000E+00  0.0000000000E+00
288  4.142899156960981E+07    6.999852  3.930365  4.353349  7.5157720E-01  2.4837130E-01  1.2915521E-06  4.2970797E-09  1.0216519E-07  6.8211449E-06  3.5136664E-10  2.0005896E-09  9.2048308E-07  2.3543589E-08  0.000E+00  0.1063  4.353349  -10.598  3.485326  8.240123  0.0000000E+00  2.4676168E-01  5.8447344E-01  0.0000000E+00  4.7392391E-16  1.6875129E-01  9.0102151E-13  3.3058671E-11  1.1569596E-06  1.1523217E-05  0.000E+00  0.000E+00  0.000E+00  1.000E+00  1.000E+00  3.83E+02  0.00E+00  0.00E+00  0.000000  0.032767  0.0000000E+00  0.0000000000E+00
289  4.144034150713628E+07    6.999851  3.930308  4.353295  7.5157720E-01  2.4837130E-01  1.2915521E-06  4.2970797E-09  1.0216519E-07  6.8211449E-06  3.5136664E-10  2.0005896E-09  9.2048308E-07  2.3543589E-08  0.000E+00  0.1070  4.353295  -10.598  3.486693  8.240845  0.0000000E+00  2.4278166E-01  5.8611191E-01  0.0000000E+00  4.4800595E-15  1.7109291E-01  6.1606629E-13  5.3833451E-12  1.1637649E-06  1.1522843E-05  0.000E+00  0.000E+00  0.000E+00  1.000E+00  1.000E+00  3.83E+02  0.00E+00  0.00E+00  0.000000  0.032763  0.0000000E+00  0.0000000000E+00
290  4.146356660139138E+07    6.999851  3.930844  4.353059  7.5157720E-01  2.4837130E-01  1.2915521E-06  4.2970797E-09  1.0216519E-07  6.8211449E-06  3.5136664E-10  2.0005896E-09  9.2048308E-07  2.3543589E-08  0.000E+00  0.1064  4.353059  -10.597  3.489493  8.242334  0.0000000E+00  2.3482160E-01  5.8924539E-01  0.0000000E+00  1.0146222E-13  1.7591943E-01  2.8250575E-13  1.5728958E-11  1.1782573E-06  1.1521974E-05  0.000E+00  0.000E+00  0.000E+00  1.000E+00  1.000E+00  3.83E+02  0.00E+00  0.00E+00  0.000000  0.032803  0.0000000E+00  0.0000000000E+00
291  4.147693983678697E+07    6.999850  3.931209  4.352934  7.5157720E-01  2.4837130E-01  1.2915521E-06  4.2970797E-09  1.0216519E-07  6.8211449E-06  3.5136664E-10  2.0005896E-09  9.2048308E-07  2.3543589E-08  0.000E+00  0.1084  4.352934  -10.596  3.490829  8.243108  0.0000000E+00  2.3084157E-01  5.9051380E-01  0.0000000E+00  5.4771134E-10  1.7863104E-01  2.4610308E-13  4.8646717E-10  1.1868765E-06  1.1520038E-05  0.000E+00  0.000E+00  0.000E+00  1.000E+00  1.000E+00  3.83E+02  0.00E+00  0.00E+00  0.000000  0.032830  0.0000000E+00  0.0000000000E+00
292  4.148982855861961E+07    6.999850  3.931542  4.352829  7.5157720E-01  2.4837130E-01  1.2915521E-06  4.2970797E-09  1.0216519E-07  6.8211449E-06  3.5136664E-10  2.0005896E-09  9.2048308E-07  2.3543589E-08  0.000E+00  0.1080  4.352829  -10.596  3.492130  8.243860  0.0000000E+00  2.2686155E-01  5.9176964E-01  0.0000000E+00  5.1920677E-15  1.8135524E-01  2.0004872E-13  7.5679026E-11  1.1956875E-06  1.1520895E-05  0.000E+00  0.000E+00  0.000E+00  1.000E+00  1.000E+00  3.83E+02  0.00E+00  0.00E+00  0.000000  0.032856  0.0000000E+00  0.0000000000E+00
293  4.153484551381671E+07    6.999849  3.932891  4.352429  7.5157720E-01  2.4837130E-01  1.2915521E-06  4.2970797E-09  1.0216519E-07  6.8211449E-06  3.5136664E-10  2.0005896E-09  9.2048308E-07  2.3543589E-08  0.000E+00  0.1089  4.352429  -10.592  3.491725  8.245045  0.0000000E+00  2.2288152E-01  5.8825145E-01  0.0000000E+00  6.4140543E-11  1.8885346E-01  1.3601092E-12  1.3847934E-08  1.2254626E-06  1.1502339E-05  0.000E+00  0.000E+00  0.000E+00  1.000E+00  1.000E+00  3.82E+02  0.00E+00  0.00E+00  0.000000  0.032958  0.0000000E+00  0.0000000000E+00
294  4.155767725666291E+07    6.999848  3.933076  4.352650  7.5157720E-01  2.4837130E-01  1.2915521E-06  4.2970797E-09  1.0216519E-07  6.8211449E-06  3.5136664E-10  2.0005896E-09  9.2048308E-07  2.3543589E-08  0.000E+00  0.1087  4.352650  -10.592  3.494737  8.246503  0.0000000E+00  2.1492147E-01  5.9089868E-01  0.0000000E+00  3.5926533E-24  1.9416624E-01  5.4412450E-13  3.9554315E-13  1.2439254E-06  1.1518350E-05  0.000E+00  0.000E+00  0.000E+00  1.000E+00  1.000E+00  3.82E+02  0.00E+00  0.00E+00  0.000000  0.032972  0.0000000E+00  0.0000000000E+00
295  4.156918614776374E+07    6.999848  3.933203  4.352513  7.5157720E-01  2.4837130E-01  1.2915521E-06  4.2970797E-09  1.0216519E-07  6.8211449E-06  3.5136664E-10  2.0005896E-09  9.2048308E-07  2.3543589E-08  0.000E+00  0.1090  4.352513  -10.591  3.496352  8.247298  0.0000000E+00  2.1094144E-01  5.9213565E-01  0.0000000E+00  9.2021572E-14  1.9690925E-01  3.3801747E-13  9.6034518E-12  1.2537703E-06  1.1517804E-05  0.000E+00  0.000E+00  0.000E+00  1.000E+00  1.000E+00  3.82E+02  0.00E+00  0.00E+00  0.000000  0.032982  0.0000000E+00  0.0000000000E+00
296  4.160089771899337E+07    6.999847  3.934169  4.352121  7.5157720E-01  2.4837130E-01  1.2915521E-06  4.2970797E-09  1.0216519E-07  6.8211449E-06  3.5136664E-10  2.0005896E-09  9.2048308E-07  2.3543589E-08  0.000E+00  0.1096  4.352121  -10.589  3.496892  8.248386  0.0000000E+00  2.0696141E-01  5.9021891E-01  0.0000000E+00  3.8731665E-12  2.0280603E-01  8.4095942E-13  4.3766015E-09  1.2791768E-06  1.1511142E-05  0.000E+00  0.000E+00  0.000E+00  1.000E+00  1.000E+00  3.82E+02  0.00E+00  0.00E+00  0.000000  0.033055  0.0000000E+00  0.0000000000E+00
297  4.161239683404706E+07    6.999847  3.934685  4.352188  7.5157720E-01  2.4837130E-01  1.2915521E-06  4.2970797E-09  1.0216519E-07  6.8211449E-06  3.5136664E-10  2.0005896E-09  9.2048308E-07  2.3543589E-08  0.000E+00  0.1092  4.352188  -10.588  3.498350  8.249111  0.0000000E+00  2.0298138E-01  5.9134567E-01  0.0000000E+00  3.3755556E-14  2.0565924E-01  5.0544919E-13  2.4991773E-11  1.2901325E-06  1.1515890E-05  0.000E+00  0.000E+00  0.000E+00  1.000E+00  1.000E+00  3.82E+02  0.00E+00  0.00E+00  0.000000  0.033094  0.0000000E+00  0.0000000000E+00
298  4.169695013214554E+07    6.999845  3.937842  4.351615  7.5157720E-01  2.4837130E-01  1.2915521E-06  4.2970797E-09  1.0216519E-07  6.8211449E-06  3.5136664E-10  2.0005896E-09  9.2048308E-07  2.3543589E-08  0.000E+00  0.1095  4.351615  -10.580  3.498018  8.251382  0.0000000E+00  1.9502133E-01  5.8290641E-01  0.0000000E+00  1.3229523E-17  2.2205848E-01  1.5178568E-12  1.3303371E-10  1.3715723E-06  1.1511759E-05  0.000E+00  0.000E+00  0.000E+00  1.000E+00  1.000E+00  3.80E+02  0.00E+00  0.00E+00  0.000000  0.033336  0.0000000E+00  0.0000000000E+00
299  4.170832360274743E+07    6.999844  3.936949  4.352040  7.5157720E-01  2.4837130E-01  1.2915521E-06  4.2970797E-09  1.0216519E-07  6.8211449E-06  3.5136664E-10  2.0005896E-09  9.2048308E-07  2.3543589E-08  0.000E+00  0.1092  4.352040  -10.582  3.500007  8.252199  0.0000000E+00  1.9104130E-01  5.8387359E-01  0.0000000E+00  2.1869443E-19  2.2507135E-01  8.6333789E-13  6.8772286E-13  1.3848762E-06  1.1511268E-05  0.000E+00  0.000E+00  0.000E+00  1.000E+00  1.000E+00  3.81E+02  0.00E+00  0.00E+00  0.000000  0.033267  0.0000000E+00  0.0000000000E+00
300  4.171966240494516E+07    6.999844  3.936455  4.351949  7.5157720E-01  2.4837130E-01  1.2915521E-06  4.2970797E-09  1.0216519E-07  6.8211449E-06  3.5136664E-10  2.0005896E-09  9.2048308E-07  2.3543589E-08  0.000E+00  0.1094  4.351949  -10.583  3.501975  8.253079  0.0000000E+00  1.8706128E-01  5.8477154E-01  0.0000000E+00  3.5854825E-28  2.2815345E-01  4.8188534E-13  7.7483111E-16  1.3988031E-06  1.1510591E-05  0.000E+00  0.000E+00  0.000E+00  1.000E+00  1.000E+00  3.81E+02  0.00E+00  0.00E+00  0.000000  0.033230  0.0000000E+00  0.0000000000E+00
301  4.173104599865334E+07    6.999844  3.936671  4.351721  7.5157720E-01  2.4837130E-01  1.2915521E-06  4.2970797E-09  1.0216519E-07  6.8211449E-06  3.5136664E-10  2.0005896E-09  9.2048308E-07  2.3543589E-08  0.000E+00  0.1098  4.351721  -10.583  3.503915  8.253964  0.0000000E+00  1.8308125E-01  5.8559840E-01  0.0000000E+00  1.0297023E-20  2.3130658E-01  2.6387786E-13  1.7355256E-14  1.4134098E-06  1.1509885E-05  0.000E+00  0.000E+00  0.000E+00  1.000E+00  1.000E+00  3.81E+02  0.00E+00  0.00E+00  0.000000  0.033246  0.0000000E+00  0.0000000000E+00
302  4.195225169127016E+07    6.999838  3.949172  4.349659  7.5157720E-01  2.4837130E-01  1.2915521E-06  4.2970797E-09  1.0216519E-07  6.8211449E-06  3.5136664E-10  2.0005896E-09  9.2048308E-07  2.3543589E-08  0.000E+00  0.1094  4.349659  -10.551  3.496432  8.257751  0.0000000E+00  1.7512119E-01  5.4456179E-01  0.0000000E+00  6.4754945E-21  2.8030286E-01  2.9201460E-12  1.1630578E-11  1.7765010E-06  1.1494445E-05  0.000E+00  0.000E+00  0.000E+00  1.000E+00  1.000E+00  3.76E+02  0.00E+00  0.00E+00  0.000000  0.034217  0.0000000E+00  0.0000000000E+00
303  4.196292384817209E+07    6.999838  3.944070  4.351660  7.5157720E-01  2.4837130E-01  1.2915521E-06  4.2970797E-09  1.0216519E-07  6.8211449E-06  3.5136664E-10  2.0005896E-09  9.2048308E-07  2.3543589E-08  0.000E+00  0.1083  4.351660  -10.563  3.499359  8.258634  0.0000000E+00  1.7114117E-01  5.4534186E-01  0.0000000E+00  1.1990397E-31  2.8350277E-01  1.4609305E-12  3.3024379E-15  1.7971121E-06  1.1493621E-05  0.000E+00  0.000E+00  0.000E+00  1.000E+00  1.000E+00  3.79E+02  0.00E+00  0.00E+00  0.000000  0.033818  0.0000000E+00  0.0000000000E+00
304  4.197355919596731E+07    6.999837  3.941450  4.351750  7.5157720E-01  2.4837130E-01  1.2915521E-06  4.2970797E-09  1.0216519E-07  6.8211449E-06  3.5136664E-10  2.0005896E-09  9.2048308E-07  2.3543589E-08  0.000E+00  0.1086  4.351750  -10.570  3.501775  8.259602  0.0000000E+00  1.6716114E-01  5.4604497E-01  0.0000000E+00  8.6515790E-43  2.8677965E-01  7.1293472E-13  6.9174175E-19  1.8187167E-06  1.1492744E-05  0.000E+00  0.000E+00  0.000E+00  1.000E+00  1.000E+00  3.80E+02  0.00E+00  0.00E+00  0.000000  0.033614  0.0000000E+00  0.0000000000E+00
305  4.198422284212619E+07    6.999837  3.941524  4.351419  7.5157720E-01  2.4837130E-01  1.2915521E-06  4.2970797E-09  1.0216519E-07  6.8211449E-06  3.5136664E-10  2.0005896E-09  9.2048308E-07  2.3543589E-08  0.000E+00  0.1089  4.351419  -10.570  3.504038  8.260562  0.0000000E+00  1.6318111E-01  5.4666350E-01  0.0000000E+00  6.5639346E-26  2.9014113E-01  3.3898058E-13  1.3347974E-16  1.8413854E-06  1.1491829E-05  0.000E+00  0.000E+00  0.000E+00  1.000E+00  1.000E+00  3.79E+02  0.00E+00  0.00E+00  0.000000  0.033620  0.0000000E+00  0.0000000000E+00
306  4.200591303786530E+07    6.999837  3.942287  4.350790  7.5157720E-01  2.4837130E-01  1.2915521E-06  4.2970797E-09  1.0216519E-07  6.8211449E-06  3.5136664E-10  2.0005896E-09  9.2048308E-07  2.3543589E-08  0.000E+00  0.1092  4.350790  -10.569  3.508806  8.262552  0.0000000E+00  1.5522106E-01  5.4762674E-01  0.0000000E+00  9.9067978E-25  2.9713796E-01  7.4433340E-14  3.5789547E-15  1.8903041E-06  1.1489864E-05  0.000E+00  0.000E+00  0.000E+00  1.000E+00  1.000E+00  3.79E+02  0.00E+00  0.00E+00  0.000000  0.033679  0.0000000E+00  0.0000000000E+00
307  4.201680320417403E+07    6.999836  3.942627  4.350470  7.5157720E-01  2.4837130E-01  1.2915521E-06  4.2970797E-09  1.0216519E-07  6.8211449E-06  3.5136664E-10  2.0005896E-09  9.2048308E-07  2.3543589E-08  0.000E+00  0.1094  4.350470  -10.568  3.511251  8.263567  0.0000000E+00  1.5124103E-01  5.4796537E-01  0.0000000E+00  3.6705506E-25  3.0077929E-01  3.2959353E-14  5.5066507E-16  1.9167028E-06  1.1488809E-05  0.000E+00  0.000E+00  0.000E+00  1.000E+00  1.000E+00  3.78E+02  0.00E+00  0.00E+00  0.000000  0.033705  0.0000000E+00  0.0000000000E+00
308  4.202782907435987E+07    6.999836  3.942976  4.350139  7.5157720E-01  2.4837130E-01  1.2915521E-06  4.2970797E-09  1.0216519E-07  6.8211449E-06  3.5136664E-10  2.0005896E-09  9.2048308E-07  2.3543589E-08  0.000E+00  0.1096  4.350139  -10.568  3.513787  8.264609  0.0000000E+00  1.4726100E-01  5.4819965E-01  0.0000000E+00  2.5004151E-24  3.0452498E-01  1.5713515E-14  2.2975909E-15  1.9445505E-06  1.1487700E-05  0.000E+00  0.000E+00  0.000E+00  1.000E+00  1.000E+00  3.78E+02  0.00E+00  0.00E+00  0.000000  0.033732  0.0000000E+00  0.0000000000E+00
309  4.203915480260996E+07    6.999836  3.943327  4.349788  7.5157720E-01  2.4837130E-01  1.2915521E-06  4.2970797E-09  1.0216519E-07  6.8211449E-06  3.5136664E-10  2.0005896E-09  9.2048308E-07  2.3543589E-08  0.000E+00  0.1097  4.349788  -10.567  3.516439  8.265694  0.0000000E+00  1.4328098E-01  5.4831981E-01  0.0000000E+00  3.1487842E-31  3.0838485E-01  1.1112982E-14  1.7344658E-17  1.9740507E-06  1.1486529E-05  0.000E+00  0.000E+00  0.000E+00  1.000E+00  1.000E+00  3.78E+02  0.00E+00  0.00E+00  0.000000  0.033760  0.0000000E+00  0.0000000000E+00
310  4.206152316642503E+07    6.999835  3.944034  4.349039  7.5157720E-01  2.4837130E-01  1.2915521E-06  4.2970797E-09  1.0216519E-07  6.8211449E-06  3.5136664E-10  2.0005896E-09  9.2048308E-07  2.3543589E-08  0.000E+00  0.1099  4.349039  -10.566  3.521957  8.267913  0.0000000E+00  1.3532092E-01  5.4823523E-01  0.0000000E+00  1.2228209E-24  3.1642942E-01  2.4959952E-15  1.2565675E-15  2.0380175E-06  1.1484000E-05  0.000E+00  0.000E+00  0.000E+00  1.000E+00  1.000E+00  3.77E+02  0.00E+00  0.00E+00  0.000000  0.033814  0.0000000E+00  0.0000000000E+00
311  4.207292031583205E+07    6.999835  3.944413  4.348641  7.5157720E-01  2.4837130E-01  1.2915521E-06  4.2970797E-09  1.0216519E-07  6.8211449E-06  3.5136664E-10  2.0005896E-09  9.2048308E-07  2.3543589E-08  0.000E+00  0.1101  4.348641  -10.565  3.524843  8.269065  0.0000000E+00  1.3134090E-01  5.4800554E-01  0.0000000E+00  3.0911047E-25  3.2063911E-01  2.3685045E-15  1.2341389E-15  2.0729163E-06  1.1482625E-05  0.000E+00  0.000E+00  0.000E+00  1.000E+00  1.000E+00  3.76E+02  0.00E+00  0.00E+00  0.000000  0.033844  0.0000000E+00  0.0000000000E+00
312  4.208441005916765E+07    6.999834  3.944786  4.348221  7.5157720E-01  2.4837130E-01  1.2915521E-06  4.2970797E-09  1.0216519E-07  6.8211449E-06  3.5136664E-10  2.0005896E-09  9.2048308E-07  2.3543589E-08  0.000E+00  0.1102  4.348221  -10.565  3.527911  8.270269  0.0000000E+00  1.2736087E-01  5.4764598E-01  0.0000000E+00  5.2429604E-25  3.2497866E-01  2.2966132E-15  1.4493237E-15  2.1099991E-06  1.1481167E-05  0.000E+00  0.000E+00  0.000E+00  1.000E+00  1.000E+00  3.76E+02  0.00E+00  0.00E+00  0.000000  0.033873  0.0000000E+00  0.0000000000E+00
313  4.209606230413211E+07    6.999834  3.945185  4.347777  7.5157720E-01  2.4837130E-01  1.2915521E-06  4.2970797E-09  1.0216519E-07  6.8211449E-06  3.5136664E-10  2.0005896E-09  9.2048308E-07  2.3543589E-08  0.000E+00  0.1103  4.347777  -10.564  3.530979  8.271482  0.0000000E+00  1.2338084E-01  5.4714562E-01  0.0000000E+00  3.9326165E-25  3.2945902E-01  2.5624662E-15  8.4802824E-16  2.1494830E-06  1.1479617E-05  0.000E+00  0.000E+00  0.000E+00  1.000E+00  1.000E+00  3.75E+02  0.00E+00  0.00E+00  0.000000  0.033904  0.0000000E+00  0.0000000000E+00
314  4.210886531167328E+07    6.999834  3.945658  4.347286  7.5157720E-01  2.4837130E-01  1.2915521E-06  4.2970797E-09  1.0216519E-07  6.8211449E-06  3.5136664E-10  2.0005896E-09  9.2048308E-07  2.3543589E-08  0.000E+00  0.1105  4.347286  -10.563  3.534094  8.272744  0.0000000E+00  1.1940081E-01  5.4642736E-01  0.0000000E+00  2.6060541E-28  3.3415725E-01  1.2379718E-14  7.9725108E-17  2.1926798E-06  1.1477924E-05  0.000E+00  0.000E+00  0.000E+00  1.000E+00  1.000E+00  3.75E+02  0.00E+00  0.00E+00  0.000000  0.033941  0.0000000E+00  0.0000000000E+00
315  4.212057289024558E+07    6.999833  3.946081  4.346842  7.5157720E-01  2.4837130E-01  1.2915521E-06  4.2970797E-09  1.0216519E-07  6.8211449E-06  3.5136664E-10  2.0005896E-09  9.2048308E-07  2.3543589E-08  0.000E+00  0.1104  4.346842  -10.563  3.537435  8.274025  0.0000000E+00  1.1542079E-01  5.4564015E-01  0.0000000E+00  4.2362329E-47  3.3892443E-01  3.5798227E-15  3.9699914E-23  2.2373396E-06  1.1476175E-05  0.000E+00  0.000E+00  0.000E+00  1.000E+00  1.000E+00  3.74E+02  0.00E+00  0.00E+00  0.000000  0.033974  0.0000000E+00  0.0000000000E+00
316  4.213242702589405E+07    6.999833  3.946429  4.346347  7.5157720E-01  2.4837130E-01  1.2915521E-06  4.2970797E-09  1.0216519E-07  6.8211449E-06  3.5136664E-10  2.0005896E-09  9.2048308E-07  2.3543589E-08  0.000E+00  0.1106  4.346347  -10.562  3.540922  8.275360  0.0000000E+00  1.1144076E-01  5.4469231E-01  0.0000000E+00  2.4968310E-22  3.4385229E-01  1.1432331E-15  1.8535765E-15  2.2851295E-06  1.1474304E-05  0.000E+00  0.000E+00  0.000E+00  1.000E+00  1.000E+00  3.74E+02  0.00E+00  0.00E+00  0.000000  0.034001  0.0000000E+00  0.0000000000E+00
317  4.214443111951846E+07    6.999833  3.946877  4.345814  7.5157720E-01  2.4837130E-01  1.2915521E-06  4.2970797E-09  1.0216519E-07  6.8211449E-06  3.5136664E-10  2.0005896E-09  9.2048308E-07  2.3543589E-08  0.000E+00  0.1107  4.345814  -10.562  3.544447  8.276711  0.0000000E+00  1.0746073E-01  5.4357334E-01  0.0000000E+00  7.7775595E-24  3.4895117E-01  5.4307906E-16  7.5116784E-16  2.3362831E-06  1.1472301E-05  0.000E+00  0.000E+00  0.000E+00  1.000E+00  1.000E+00  3.73E+02  0.00E+00  0.00E+00  0.000000  0.034037  0.0000000E+00  0.0000000000E+00
318  4.215671634083498E+07    6.999832  3.947346  4.345262  7.5157720E-01  2.4837130E-01  1.2915521E-06  4.2970797E-09  1.0216519E-07  6.8211449E-06  3.5136664E-10  2.0005896E-09  9.2048308E-07  2.3543589E-08  0.000E+00  0.1107  4.345262  -10.561  3.548164  8.278121  0.0000000E+00  1.0348071E-01  5.4226415E-01  0.0000000E+00  6.0501993E-28  3.5424037E-01  1.0812536E-15  1.7193847E-16  2.3913150E-06  1.1470146E-05  0.000E+00  0.000E+00  0.000E+00  1.000E+00  1.000E+00  3.73E+02  0.00E+00  0.00E+00  0.000000  0.034073  0.0000000E+00  0.0000000000E+00
319  4.216896186567895E+07    6.999832  3.947782  4.344684  7.5157720E-01  2.4837130E-01  1.2915521E-06  4.2970797E-09  1.0216519E-07  6.8211449E-06  3.5136664E-10  2.0005896E-09  9.2048308E-07  2.3543589E-08  0.000E+00  0.1108  4.344684  -10.561  3.552047  8.279579  0.0000000E+00  9.9500679E-02  5.4078058E-01  0.0000000E+00  1.1396004E-42  3.5970391E-01  2.3364981E-16  2.7979370E-23  2.4502642E-06  1.1467834E-05  0.000E+00  0.000E+00  0.000E+00  1.000E+00  1.000E+00  3.72E+02  0.00E+00  0.00E+00  0.000000  0.034108  0.0000000E+00  0.0000000000E+00
320  4.218134789538595E+07    6.999832  3.948261  4.344069  7.5157720E-01  2.4837130E-01  1.2915521E-06  4.2970797E-09  1.0216519E-07  6.8211449E-06  3.5136664E-10  2.0005896E-09  9.2048308E-07  2.3543589E-08  0.000E+00  0.1108  4.344069  -10.560  3.556008  8.281065  0.0000000E+00  9.5520651E-02  5.3909632E-01  0.0000000E+00  1.4341636E-66  3.6536811E-01  4.6217234E-17  2.1600055E-31  2.5137040E-06  1.1465343E-05  0.000E+00  0.000E+00  0.000E+00  1.000E+00  1.000E+00  3.72E+02  0.00E+00  0.00E+00  0.000000  0.034145  0.0000000E+00  0.0000000000E+00
321  4.219389409836546E+07    6.999831  3.948764  4.343431  7.5157720E-01  2.4837130E-01  1.2915521E-06  4.2970797E-09  1.0216519E-07  6.8211449E-06  3.5136664E-10  2.0005896E-09  9.2048308E-07  2.3543589E-08  0.000E+00  0.1107  4.343431  -10.559  3.560231  8.282625  0.0000000E+00  9.1540624E-02  5.3719946E-01  0.0000000E+00  0.0000000E+00  3.7124493E-01  8.2957087E-18  5.8690102E-40  2.5821777E-06  1.1462650E-05  0.000E+00  0.000E+00  0.000E+00  1.000E+00  1.000E+00  3.71E+02  0.00E+00  0.00E+00  0.000000  0.034185  0.0000000E+00  0.0000000000E+00
322  4.220660288459481E+07    6.999831  3.949249  4.342749  7.5157720E-01  2.4837130E-01  1.2915521E-06  4.2970797E-09  1.0216519E-07  6.8211449E-06  3.5136664E-10  2.0005896E-09  9.2048308E-07  2.3543589E-08  0.000E+00  0.1108  4.342749  -10.559  3.564552  8.284224  0.0000000E+00  8.7560597E-02  5.3507854E-01  0.0000000E+00  0.0000000E+00  3.7734581E-01  1.3375910E-18  5.2542770E-49  2.6563100E-06  1.1459726E-05  0.000E+00  0.000E+00  0.000E+00  1.000E+00  1.000E+00  3.70E+02  0.00E+00  0.00E+00  0.000000  0.034223  0.0000000E+00  0.0000000000E+00
323  4.221948756977540E+07    6.999831  3.949800  4.342039  7.5157720E-01  2.4837130E-01  1.2915521E-06  4.2970797E-09  1.0216519E-07  6.8211449E-06  3.5136664E-10  2.0005896E-09  9.2048308E-07  2.3543589E-08  0.000E+00  0.1107  4.342039  -10.558  3.569010  8.285865  0.0000000E+00  8.3580570E-02  5.3271805E-01  0.0000000E+00  0.0000000E+00  3.8368624E-01  1.9222144E-19  1.3938779E-58  2.7366423E-06  1.1456548E-05  0.000E+00  0.000E+00  0.000E+00  1.000E+00  1.000E+00  3.69E+02  0.00E+00  0.00E+00  0.000000  0.034267  0.0000000E+00  0.0000000000E+00
324  4.223256865430697E+07    6.999830  3.950327  4.341293  7.5157720E-01  2.4837130E-01  1.2915521E-06  4.2970797E-09  1.0216519E-07  6.8211449E-06  3.5136664E-10  2.0005896E-09  9.2048308E-07  2.3543589E-08  0.000E+00  0.1106  4.341293  -10.557  3.573786  8.287600  0.0000000E+00  7.9600543E-02  5.3010329E-01  0.0000000E+00  0.0000000E+00  3.9028093E-01  2.4287686E-20  9.8504186E-69  2.8240229E-06  1.1453077E-05  0.000E+00  0.000E+00  0.000E+00  1.000E+00  1.000E+00  3.69E+02  0.00E+00  0.00E+00  0.000000  0.034308  0.0000000E+00  0.0000000000E+00
325  4.224585148648617E+07    6.999830  3.950888  4.340491  7.5157720E-01  2.4837130E-01  1.2915521E-06  4.2970797E-09  1.0216519E-07  6.8211449E-06  3.5136664E-10  2.0005896E-09  9.2048308E-07  2.3543589E-08  0.000E+00  0.1104  4.340491  -10.556  3.578713  8.289386  0.0000000E+00  7.5620516E-02  5.2721865E-01  0.0000000E+00  0.0000000E+00  3.9714551E-01  2.6638127E-21  0.0000000E+00  2.9193159E-06  1.1449274E-05  0.000E+00  0.000E+00  0.000E+00  1.000E+00  1.000E+00  3.68E+02  0.00E+00  0.00E+00  0.000000  0.034352  0.0000000E+00  0.0000000000E+00
326  4.225935402184342E+07    6.999830  3.951471  4.339646  7.5157720E-01  2.4837130E-01  1.2915521E-06  4.2970797E-09  1.0216519E-07  6.8211449E-06  3.5136664E-10  2.0005896E-09  9.2048308E-07  2.3543589E-08  0.000E+00  0.1104  4.339646  -10.556  3.583865  8.291244  0.0000000E+00  7.1640489E-02  5.2404617E-01  0.0000000E+00  0.0000000E+00  4.0429791E-01  2.4961554E-22  0.0000000E+00  3.0235731E-06  1.1445088E-05  0.000E+00  0.000E+00  0.000E+00  1.000E+00  1.000E+00  3.67E+02  0.00E+00  0.00E+00  0.000000  0.034399  0.0000000E+00  0.0000000000E+00
327  4.227309226789900E+07    6.999829  3.952088  4.338755  7.5157720E-01  2.4837130E-01  1.2915521E-06  4.2970797E-09  1.0216519E-07  6.8211449E-06  3.5136664E-10  2.0005896E-09  9.2048308E-07  2.3543589E-08  0.000E+00  0.1102  4.338755  -10.555  3.589271  8.293180  0.0000000E+00  6.7660461E-02  5.2056694E-01  0.0000000E+00  0.0000000E+00  4.1175706E-01  1.9670322E-23  0.0000000E+00  3.1379244E-06  1.1440468E-05  0.000E+00  0.000E+00  0.000E+00  1.000E+00  1.000E+00  3.66E+02  0.00E+00  0.00E+00  0.000000  0.034447  0.0000000E+00  0.0000000000E+00
328  4.228761209810080E+07    6.999829  3.952732  4.337765  7.5157720E-01  2.4837130E-01  1.2915521E-06  4.2970797E-09  1.0216519E-07  6.8211449E-06  3.5136664E-10  2.0005896E-09  9.2048308E-07  2.3543589E-08  0.000E+00  0.1100  4.337765  -10.554  3.595049  8.295245  0.0000000E+00  6.3680434E-02  5.1666938E-01  0.0000000E+00  1.0363052E-23  4.1963451E-01  1.9987059E-15  8.1100965E-15  3.2663445E-06  1.1435237E-05  0.000E+00  0.000E+00  0.000E+00  1.000E+00  1.000E+00  3.65E+02  0.00E+00  0.00E+00  0.000000  0.034499  0.0000000E+00  0.0000000000E+00
329  4.230188969120102E+07    6.999828  3.953435  4.336772  7.5157720E-01  2.4837130E-01  1.2915521E-06  4.2970797E-09  1.0216519E-07  6.8211449E-06  3.5136664E-10  2.0005896E-09  9.2048308E-07  2.3543589E-08  0.000E+00  0.1096  4.336772  -10.553  3.600942  8.297333  0.0000000E+00  5.9700407E-02  5.1251573E-01  0.0000000E+00  1.0611154E-62  4.2776806E-01  1.0446368E-16  1.0138583E-28  3.4054586E-06  1.1429523E-05  0.000E+00  0.000E+00  0.000E+00  1.000E+00  1.000E+00  3.64E+02  0.00E+00  0.00E+00  0.000000  0.034555  0.0000000E+00  0.0000000000E+00
330  4.231641989637329E+07    6.999828  3.954070  4.335705  7.5157720E-01  2.4837130E-01  1.2915521E-06  4.2970797E-09  1.0216519E-07  6.8211449E-06  3.5136664E-10  2.0005896E-09  9.2048308E-07  2.3543589E-08  0.000E+00  0.1095  4.335705  -10.552  3.607353  8.299572  0.0000000E+00  5.5720380E-02  5.0798906E-01  0.0000000E+00  0.0000000E+00  4.3627459E-01  4.2882821E-18  2.9621928E-43  3.5597459E-06  1.1423121E-05  0.000E+00  0.000E+00  0.000E+00  1.000E+00  1.000E+00  3.63E+02  0.00E+00  0.00E+00  0.000000  0.034605  0.0000000E+00  0.0000000000E+00
331  4.233114904663071E+07    6.999828  3.954754  4.334537  7.5157720E-01  2.4837130E-01  1.2915521E-06  4.2970797E-09  1.0216519E-07  6.8211449E-06  3.5136664E-10  2.0005896E-09  9.2048308E-07  2.3543589E-08  0.000E+00  0.1092  4.334537  -10.552  3.614034  8.301906  0.0000000E+00  5.1740353E-02  5.0306446E-01  0.0000000E+00  0.0000000E+00  4.4517905E-01  1.4149712E-19  4.6649140E-44  3.7315133E-06  1.1415910E-05  0.000E+00  0.000E+00  0.000E+00  1.000E+00  1.000E+00  3.62E+02  0.00E+00  0.00E+00  0.000000  0.034660  0.0000000E+00  0.0000000000E+00
332  4.234616374121298E+07    6.999827  3.955505  4.333286  7.5157720E-01  2.4837130E-01  1.2915521E-06  4.2970797E-09  1.0216519E-07  6.8211449E-06  3.5136664E-10  2.0005896E-09  9.2048308E-07  2.3543589E-08  0.000E+00  0.1088  4.333286  -10.551  3.621176  8.304382  0.0000000E+00  4.7760326E-02  4.9771240E-01  0.0000000E+00  0.0000000E+00  4.5451094E-01  3.2504391E-21  3.1171444E-61  3.9237556E-06  1.1407755E-05  0.000E+00  0.000E+00  0.000E+00  1.000E+00  1.000E+00  3.61E+02  0.00E+00  0.00E+00  0.000000  0.034719  0.0000000E+00  0.0000000000E+00
333  4.236154853438650E+07    6.999827  3.956262  4.331916  7.5157720E-01  2.4837130E-01  1.2915521E-06  4.2970797E-09  1.0216519E-07  6.8211449E-06  3.5136664E-10  2.0005896E-09  9.2048308E-07  2.3543589E-08  0.000E+00  0.1082  4.331916  -10.550  3.628960  8.307048  0.0000000E+00  4.3780299E-02  4.9190230E-01  0.0000000E+00  0.0000000E+00  4.6430085E-01  1.2506432E-22  1.8972603E-47  4.1405645E-06  1.1398460E-05  0.000E+00  0.000E+00  0.000E+00  1.000E+00  1.000E+00  3.60E+02  0.00E+00  0.00E+00  0.000000  0.034780  0.0000000E+00  0.0000000000E+00
334  4.237729391964909E+07    6.999826  3.957065  4.330399  7.5157720E-01  2.4837130E-01  1.2915521E-06  4.2970797E-09  1.0216519E-07  6.8211449E-06  3.5136664E-10  2.0005896E-09  9.2048308E-07  2.3543589E-08  0.000E+00  0.1079  4.330399  -10.549  3.637417  8.309917  0.0000000E+00  3.9800271E-02  4.8560043E-01  0.0000000E+00  0.0000000E+00  4.7458250E-01  1.3803616E-24  2.5320195E-66  4.3875664E-06  1.1387803E-05  0.000E+00  0.000E+00  0.000E+00  1.000E+00  1.000E+00  3.58E+02  0.00E+00  0.00E+00  0.000000  0.034844  0.0000000E+00  0.0000000000E+00
335  4.239329890147164E+07    6.999826  3.957896  4.328721  7.5157720E-01  2.4837130E-01  1.2915521E-06  4.2970797E-09  1.0216519E-07  6.8211449E-06  3.5136664E-10  2.0005896E-09  9.2048308E-07  2.3543589E-08  0.000E+00  0.1070  4.328721  -10.548  3.646715  8.313041  0.0000000E+00  3.5820244E-02  4.7877101E-01  0.0000000E+00  0.0000000E+00  4.8539166E-01  9.6409588E-27  0.0000000E+00  4.6725501E-06  1.1375502E-05  0.000E+00  0.000E+00  0.000E+00  1.000E+00  1.000E+00  3.57E+02  0.00E+00  0.00E+00  0.000000  0.034911  0.0000000E+00  0.0000000000E+00
336  4.240969020662837E+07    6.999825  3.958772  4.326815  7.5157720E-01  2.4837130E-01  1.2915521E-06  4.2970797E-09  1.0216519E-07  6.8211449E-06  3.5136664E-10  2.0005896E-09  9.2048308E-07  2.3543589E-08  0.000E+00  0.1063  4.326815  -10.548  3.657059  8.316484  0.0000000E+00  3.1840217E-02  4.7137760E-01  0.0000000E+00  0.0000000E+00  4.9676477E-01  1.1192797E-28  1.7697228E-73  5.0066253E-06  1.1361181E-05  0.000E+00  0.000E+00  0.000E+00  1.000E+00  1.000E+00  3.55E+02  0.00E+00  0.00E+00  0.000000  0.034981  0.0000000E+00  0.0000000000E+00
337  4.242643862431952E+07    6.999825  3.959718  4.324639  7.5157720E-01  2.4837130E-01  1.2915521E-06  4.2970797E-09  1.0216519E-07  6.8211449E-06  3.5136664E-10  2.0005896E-09  9.2048308E-07  2.3543589E-08  0.000E+00  0.1054  4.324639  -10.547  3.668693  8.320308  0.0000000E+00  2.7860190E-02  4.6338799E-01  0.0000000E+00  0.0000000E+00  5.0873399E-01  2.5920726E-31  0.0000000E+00  5.4053090E-06  1.1344345E-05  0.000E+00  0.000E+00  0.000E+00  1.000E+00  1.000E+00  3.53E+02  0.00E+00  0.00E+00  0.000000  0.035058  0.0000000E+00  0.0000000000E+00
338  4.244358412915471E+07    6.999824  3.960711  4.322112  7.5157720E-01  2.4837130E-01  1.2915521E-06  4.2970797E-09  1.0216519E-07  6.8211449E-06  3.5136664E-10  2.0005896E-09  9.2048308E-07  2.3543589E-08  0.000E+00  0.1045  4.322112  -10.546  3.681962  8.324625  0.0000000E+00  2.3880163E-02  4.5477358E-01  0.0000000E+00  0.0000000E+00  5.2132793E-01  2.9615720E-34  0.0000000E+00  5.8919330E-06  1.1324312E-05  0.000E+00  0.000E+00  0.000E+00  1.000E+00  1.000E+00  3.51E+02  0.00E+00  0.00E+00  0.000000  0.035138  0.0000000E+00  0.0000000000E+00
339  4.246111856384304E+07    6.999824  3.961772  4.319125  7.5157720E-01  2.4837130E-01  1.2915521E-06  4.2970797E-09  1.0216519E-07  6.8211449E-06  3.5136664E-10  2.0005896E-09  9.2048308E-07  2.3543589E-08  0.000E+00  0.1028  4.319125  -10.545  3.697415  8.329591  0.0000000E+00  1.9900136E-02  4.4551544E-01  0.0000000E+00  0.0000000E+00  5.3456549E-01  1.4729720E-37  0.0000000E+00  6.5024292E-06  1.1300108E-05  0.000E+00  0.000E+00  0.000E+00  1.000E+00  1.000E+00  3.48E+02  0.00E+00  0.00E+00  0.000000  0.035224  0.0000000E+00  0.0000000000E+00
340  4.247903109778876E+07    6.999823  3.962857  4.315492  7.5157720E-01  2.4837130E-01  1.2915521E-06  4.2970797E-09  1.0216519E-07  6.8211449E-06  3.5136664E-10  2.0005896E-09  9.2048308E-07  2.3543589E-08  0.000E+00  0.1015  4.315492  -10.545  3.715948  8.335464  0.0000000E+00  1.5920109E-02  4.3560940E-01  0.0000000E+00  0.0000000E+00  5.4845076E-01  2.7164493E-41  0.0000000E+00  7.2963999E-06  1.1270264E-05  0.000E+00  0.000E+00  0.000E+00  1.000E+00  1.000E+00  3.45E+02  0.00E+00  0.00E+00  0.000000  0.035313  0.0000000E+00  0.0000000000E+00
341  4.249728992531785E+07    6.999823  3.963938  4.310901  7.5157720E-01  2.4837130E-01  1.2915521E-06  4.2970797E-09  1.0216519E-07  6.8211449E-06  3.5136664E-10  2.0005896E-09  9.2048308E-07  2.3543589E-08  0.000E+00  0.0992  4.310901  -10.545  3.739157  8.342697  0.0000000E+00  1.1940081E-02  4.2507462E-01  0.0000000E+00  0.0000000E+00  5.6296448E-01  1.4771481E-45  0.0000000E+00  8.3825622E-06  1.1232345E-05  0.000E+00  0.000E+00  0.000E+00  1.000E+00  1.000E+00  3.41E+02  0.00E+00  0.00E+00  0.000000  0.035400  0.0000000E+00  0.0000000000E+00
342  4.251587035220380E+07    6.999822  3.964837  4.304753  7.5157720E-01  2.4837130E-01  1.2915521E-06  4.2970797E-09  1.0216519E-07  6.8211449E-06  3.5136664E-10  2.0005896E-09  9.2048308E-07  2.3543589E-08  0.000E+00  0.0958  4.304753  -10.546  3.770572  8.352291  0.0000000E+00  7.9600543E-03  4.1396496E-01  0.0000000E+00  0.0000000E+00  5.7805255E-01  1.7927953E-50  0.0000000E+00  9.9900223E-06  1.1181692E-05  0.000E+00  0.000E+00  0.000E+00  1.000E+00  1.000E+00  3.36E+02  0.00E+00  0.00E+00  0.000000  0.035474  0.0000000E+00  0.0000000000E+00
343  4.253488329615392E+07    6.999822  3.964875  4.295450  7.5157720E-01  2.4837130E-01  1.2915521E-06  4.2970797E-09  1.0216519E-07  6.8211449E-06  3.5136664E-10  2.0005896E-09  9.2048308E-07  2.3543589E-08  0.000E+00  0.0895  4.295450  -10.551  3.820739  8.367142  0.0000000E+00  3.9800271E-03  4.0238429E-01  0.0000000E+00  0.0000000E+00  5.9361044E-01  2.3723553E-56  0.0000000E+00  1.2774944E-05  1.1106507E-05  0.000E+00  0.000E+00  0.000E+00  1.000E+00  1.000E+00  3.29E+02  0.00E+00  0.00E+00  0.000000  0.035477  0.0000000E+00  0.0000000000E+00
344  4.256176450929895E+07    6.999821  3.950807  4.262327  7.5157720E-01  2.4837130E-01  1.2915521E-06  4.2970797E-09  1.0216519E-07  6.8211449E-06  3.5136664E-10  2.0005896E-09  9.2048308E-07  2.3543589E-08  0.000E+00  0.0000  4.262327  -10.598  4.089677  8.425257  0.0000000E+00  2.3138320E-09  3.9051166E-01  0.0000000E+00  0.0000000E+00  6.0945325E-01  1.8615441E-64  0.0000000E+00  2.2586528E-05  1.0927298E-05  0.000E+00  0.000E+00  0.000E+00  1.000E+00  1.000E+00  3.07E+02  0.00E+00  0.00E+00  0.000000  0.034346  0.0000000E+00  0.0000000000E+00
345  4.258191490447623E+07    6.999820  3.994631  4.248038  7.5157720E-01  2.4837130E-01  1.2915521E-06  4.2970797E-09  1.0216519E-07  6.8211449E-06  3.5136664E-10  2.0005896E-09  9.2048308E-07  2.3543589E-08  0.000E+00  0.0000  4.248038  -10.473  4.304813  8.420182  0.0000000E+00  5.8608670E-20  3.9051165E-01  0.0000000E+00  0.0000000E+00  6.0945326E-01  1.8615441E-64  0.0000000E+00  2.2586605E-05  1.0927298E-05  0.000E+00  0.000E+00  0.000E+00  1.000E+00  1.000E+00  2.90E+02  0.00E+00  0.00E+00  0.000000  0.037993  0.0000000E+00  0.0000000000E+00
346  4.262294187465946E+07    6.999819  3.955583  4.235646  7.5157720E-01  2.4837130E-01  1.2915521E-06  4.2970797E-09  1.0216519E-07  6.8211449E-06  3.5136664E-10  2.0005896E-09  9.2048308E-07  2.3543589E-08  0.000E+00  0.0000  4.235646  -10.580  4.606853  8.443887  0.0000000E+00  2.6624230E-19  3.9051165E-01  0.0000000E+00  0.0000000E+00  6.0945326E-01  1.8615441E-64  0.0000000E+00  2.2586605E-05  1.0927298E-05  0.000E+00  0.000E+00  0.000E+00  1.000E+00  1.000E+00  2.88E+02  0.00E+00  0.00E+00  0.000000  0.034726  0.0000000E+00  0.0000000000E+00
347  4.266791515583143E+07    6.999818  3.935283  4.095809  7.5157720E-01  2.4837130E-01  1.2915521E-06  4.2970797E-09  1.0216519E-07  6.8211449E-06  3.5136664E-10  2.0005896E-09  9.2048308E-07  2.3543589E-08  0.000E+00  0.0000  4.095809  -10.471  4.854691  8.476424  0.0000000E+00  2.2472260E-18  3.9051165E-01  0.0000000E+00  0.0000000E+00  6.0945326E-01  1.8615441E-64  0.0000000E+00  2.2586605E-05  1.0927298E-05  0.000E+00  0.000E+00  0.000E+00  1.000E+00  1.000E+00  2.11E+02  0.00E+00  0.00E+00  0.000000  0.033140  0.0000000E+00  0.0000000000E+00
348  4.268664972212180E+07    6.999817  3.918833  3.927777  7.5157720E-01  2.4837130E-01  1.2915521E-06  4.2970797E-09  1.0216519E-07  6.8211449E-06  3.5136664E-10  2.0005896E-09  9.2048308E-07  2.3543589E-08  0.000E+00  0.0000  3.927777   -9.979  4.957813  8.490336  0.0000000E+00  4.7726240E-18  3.9051165E-01  0.0000000E+00  0.0000000E+00  6.0945326E-01  1.8615441E-64  0.0000000E+00  2.2586605E-05  1.0927298E-05  0.000E+00  0.000E+00  0.000E+00  1.000E+00  1.000E+00  1.45E+02  0.00E+00  0.00E+00  0.000000  0.031908  0.0000000E+00  0.0000000000E+00
349  4.269539251972398E+07    6.999773  3.873161  3.738783  7.5157720E-01  2.4837130E-01  1.2915521E-06  4.2970797E-09  1.0216519E-07  6.8211449E-06  3.5136664E-10  2.0005896E-09  9.2048308E-07  2.3543589E-08  0.000E+00  0.0000  3.738783   -7.610  5.008131  8.498024  0.0000000E+00  7.1777220E-18  3.9051165E-01  0.0000000E+00  0.0000000E+00  6.0945326E-01  1.8615441E-64  0.0000000E+00  2.2586606E-05  1.0927298E-05  0.000E+00  0.000E+00  0.000E+00  1.000E+00  1.000E+00  9.63E+01  0.00E+00  0.00E+00  0.000000  0.028723  0.0000000E+00  0.0000000000E+00
350  4.269851494743904E+07    6.999694  3.813683  3.692934  7.5157650E-01  2.4837130E-01  1.2915520E-06  4.2972616E-09  1.0216519E-07  6.8211449E-06  3.5136664E-10  2.0005896E-09  9.2048308E-07  2.3543589E-08  0.000E+00  0.0000  3.692934   -7.604  5.026637  8.500967  0.0000000E+00  8.3814580E-18  3.9051165E-01  0.0000000E+00  0.0000000E+00  6.0945326E-01  1.8615441E-64  0.0000000E+00  2.2586606E-05  1.0927298E-05  0.000E+00  0.000E+00  0.000E+00  1.000E+00  1.000E+00  8.96E+01  0.00E+00  0.00E+00  0.000000  0.025047  0.0000000E+00  0.0000000000E+00
351  4.270422868334722E+07    6.999445  4.057192  3.673432  7.5025899E-01  2.4969343E-01  4.9923774E-07  2.6230579E-08  1.4728071E-06  6.1913363E-06  1.0023928E-07  9.4290360E-10  9.2048308E-07  2.3543589E-08  0.000E+00  0.0000  3.673432   -7.201  5.061426  8.506643  0.0000000E+00  1.1273535E-17  3.9051165E-01  0.0000000E+00  0.0000000E+00  6.0945326E-01  1.8615441E-64  0.0000000E+00  2.2586606E-05  1.0927298E-05  0.000E+00  0.000E+00  0.000E+00  1.000E+00  1.000E+00  7.45E+01  0.00E+00  0.00E+00  0.000000  0.043849  0.0000000E+00  0.0000000000E+00
352  4.270994241925541E+07    6.999070  4.075529  3.672828  7.4995080E-01  2.5000320E-01  4.7784993E-07  2.5389352E-08  1.7292654E-06  5.9311982E-06  9.6660487E-08  9.0038168E-10  9.2048308E-07  2.3543589E-08  0.000E+00  0.0000  3.672828   -7.174  5.097173  8.512469  0.0000000E+00  1.5218272E-17  3.9051165E-01  0.0000000E+00  0.0000000E+00  6.0945326E-01  1.8615441E-64  0.0000000E+00  2.2586608E-05  1.0927298E-05  0.000E+00  0.000E+00  0.000E+00  1.000E+00  1.000E+00  7.36E+01  0.00E+00  0.00E+00  0.000000  0.045734  0.0000000E+00  0.0000000000E+00
353  4.271565615516359E+07    6.998680  4.085228  3.672358  7.4973796E-01  2.5021698E-01  4.6584396E-07  2.4933343E-08  1.8794765E-06  5.7783812E-06  9.4255929E-08  8.7625770E-10  9.2048308E-07  2.3543589E-08  0.000E+00  0.0000  3.672358   -7.158  5.134172  8.518511  0.0000000E+00  2.0647010E-17  3.9051165E-01  0.0000000E+00  0.0000000E+00  6.0945326E-01  1.8615441E-64  0.0000000E+00  2.2586610E-05  1.0927298E-05  0.000E+00  0.000E+00  0.000E+00  1.000E+00  1.000E+00  7.31E+01  0.00E+00  0.00E+00  0.000000  0.046764  0.0000000E+00  0.0000000000E+00
354  4.272136989107177E+07    6.998275  4.095923  3.671747  7.4957951E-01  2.5037599E-01  4.5797048E-07  2.4639953E-08  1.9787259E-06  5.6773621E-06  9.2623657E-08  8.6037771E-10  9.2048308E-07  2.3543589E-08  0.000E+00  0.0000  3.671747   -7.141  5.172990  8.524939  0.0000000E+00  2.8320438E-17  3.9051165E-01  0.0000000E+00  0.0000000E+00  6.0945326E-01  1.8615441E-64  0.0000000E+00  2.2586614E-05  1.0927298E-05  0.000E+00  0.000E+00  0.000E+00  1.000E+00  1.000E+00  7.26E+01  0.00E+00  0.00E+00  0.000000  0.047929  0.0000000E+00  0.0000000000E+00
355  4.272708362697995E+07    6.997853  4.107017  3.671454  7.4937780E-01  2.5057840E-01  4.4904103E-07  2.4312709E-08  2.0916750E-06  5.5623704E-06  9.0744185E-08  8.4232097E-10  9.2048308E-07  2.3543589E-08  0.000E+00  0.0000  3.671454   -7.124  5.213954  8.531753  0.0000000E+00  3.9136763E-17  3.9051165E-01  0.0000000E+00  0.0000000E+00  6.0945326E-01  1.8615441E-64  0.0000000E+00  2.2586625E-05  1.0927298E-05  0.000E+00  0.000E+00  0.000E+00  1.000E+00  1.000E+00  7.21E+01  0.00E+00  0.00E+00  0.000000  0.049166  0.0000000E+00  0.0000000000E+00
356  4.273279736288814E+07    6.997413  4.118604  3.670867  7.4916460E-01  2.5079230E-01  4.4071389E-07  2.4011409E-08  2.1973082E-06  5.4548007E-06  8.8974154E-08  8.2545080E-10  9.2048308E-07  2.3543589E-08  0.000E+00  0.0000  3.670867   -7.105  5.257381  8.538922  0.0000000E+00  5.4209601E-17  3.9051165E-01  0.0000000E+00  0.0000000E+00  6.0945326E-01  1.8615441E-64  0.0000000E+00  2.2586648E-05  1.0927298E-05  0.000E+00  0.000E+00  0.000E+00  1.000E+00  1.000E+00  7.15E+01  0.00E+00  0.00E+00  0.000000  0.050493  0.0000000E+00  0.0000000000E+00
357  4.273851109879632E+07    6.996955  4.130658  3.670098  7.4901530E-01  2.5094190E-01  4.3545540E-07  2.3821209E-08  2.2641800E-06  5.3866889E-06  8.7849265E-08  8.1479082E-10  9.2048308E-07  2.3543589E-08  0.000E+00  0.0000  3.670098   -7.085  5.303749  8.546463  0.0000000E+00  7.4343556E-17  3.9051165E-01  0.0000000E+00  0.0000000E+00  6.0945326E-01  1.8615441E-64  0.0000000E+00  2.2586705E-05  1.0927298E-05  0.000E+00  0.000E+00  0.000E+00  1.000E+00  1.000E+00  7.08E+01  0.00E+00  0.00E+00  0.000000  0.051912  0.0000000E+00  0.0000000000E+00
358  4.274993857061268E+07    6.995970  4.156438  3.669325  7.4862160E-01  2.5133660E-01  4.2395360E-07  2.3410390E-08  2.4113437E-06  5.2366992E-06  8.5366934E-08  7.9141410E-10  9.2048308E-07  2.3543589E-08  0.000E+00  0.0000  3.669325   -7.045  5.407728  8.562695  0.0000000E+00  1.3633745E-16  3.9051165E-01  0.0000000E+00  0.0000000E+00  6.0945326E-01  1.8615441E-64  0.0000000E+00  2.2587135E-05  1.0927298E-05  0.000E+00  0.000E+00  0.000E+00  1.000E+00  1.000E+00  6.97E+01  0.00E+00  0.00E+00  0.000000  0.055082  0.0000000E+00  0.0000000000E+00
359  4.275565230652086E+07    6.995442  4.170198  3.668699  7.4844051E-01  2.5151809E-01  4.2006147E-07  2.3275526E-08  2.4614556E-06  5.1855871E-06  8.4520871E-08  7.8347099E-10  9.2048308E-07  2.3543589E-08  0.000E+00  0.0000  3.668699   -7.023  5.466961  8.571421  0.0000000E+00  1.8671733E-16  3.9051165E-01  0.0000000E+00  0.0000000E+00  6.0945326E-01  1.8615441E-64  0.0000000E+00  2.2587883E-05  1.0927298E-05  0.000E+00  0.000E+00  0.000E+00  1.000E+00  1.000E+00  6.90E+01  0.00E+00  0.00E+00  0.000000  0.056854  0.0000000E+00  0.0000000000E+00
360  4.276136604242905E+07    6.994887  4.184360  3.668263  7.4810297E-01  2.5185583E-01  4.1608997E-07  2.3139764E-08  2.5127163E-06  5.1332869E-06  8.3655751E-08  7.7535157E-10  9.2048308E-07  2.3543589E-08  0.000E+00  0.0000  3.668263   -7.001  5.532580  8.580621  0.0000000E+00  2.5822927E-16  3.9051165E-01  0.0000000E+00  0.0000000E+00  6.0945326E-01  1.8615441E-64  0.0000000E+00  2.2589873E-05  1.0927298E-05  0.000E+00  0.000E+00  0.000E+00  1.000E+00  1.000E+00  6.84E+01  0.00E+00  0.00E+00  0.000000  0.058732  0.0000000E+00  0.0000000000E+00
361  4.276707977833723E+07    6.994300  4.199457  3.667785  7.4759896E-01  2.5236024E-01  4.1242633E-07  2.3016090E-08  2.5601143E-06  5.0849148E-06  8.2855023E-08  7.6784862E-10  9.2048308E-07  2.3543589E-08  0.000E+00  0.0000  3.667785   -6.977  5.606151  8.590314  0.0000000E+00  3.6113641E-16  3.9051165E-01  0.0000000E+00  0.0000000E+00  6.0945326E-01  1.8615441E-64  0.0000000E+00  2.2595606E-05  1.0927298E-05  0.000E+00  0.000E+00  0.000E+00  1.000E+00  1.000E+00  6.77E+01  0.00E+00  0.00E+00  0.000000  0.060797  0.0000000E+00  0.0000000000E+00
362  4.277279351424542E+07    6.993680  4.215102  3.667091  7.4701048E-01  2.5294892E-01  4.0923695E-07  2.2909635E-08  2.6014633E-06  5.0427059E-06  8.2155768E-08  7.6130684E-10  9.2048308E-07  2.3543589E-08  0.000E+00  0.0000  3.667091   -6.952  5.689830  8.600529  0.0000000E+00  5.1218858E-16  3.9051163E-01  0.0000000E+00  0.0000000E+00  6.0945325E-01  1.8615441E-64  0.0000000E+00  2.2613647E-05  1.0927298E-05  0.000E+00  0.000E+00  0.000E+00  1.000E+00  1.000E+00  6.70E+01  0.00E+00  0.00E+00  0.000000  0.063012  0.0000000E+00  0.0000000000E+00
363  4.277850725015360E+07    6.993023  4.232086  3.666742  7.4627976E-01  2.5367984E-01  4.0615396E-07  2.2807820E-08  2.6415087E-06  5.0018188E-06  8.1478286E-08  7.5497425E-10  9.2048308E-07  2.3543589E-08  0.000E+00  0.0000  3.666742   -6.926  5.786653  8.611263  0.0000000E+00  7.3163523E-16  3.9051160E-01  0.0000000E+00  0.0000000E+00  6.0945323E-01  1.8615441E-64  0.0000000E+00  2.2672022E-05  1.0927298E-05  0.000E+00  0.000E+00  0.000E+00  1.000E+00  1.000E+00  6.63E+01  0.00E+00  0.00E+00  0.000000  0.065504  0.0000000E+00  0.0000000000E+00
364  4.278422098606178E+07    6.992324  4.249431  3.666008  7.4545244E-01  2.5450746E-01  4.0332783E-07  2.2715457E-08  2.6782788E-06  4.9642682E-06  8.0856015E-08  7.4916128E-10  9.2048308E-07  2.3543589E-08  0.000E+00  0.0000  3.666008   -6.899  5.901296  8.622482  0.0000000E+00  1.0699094E-15  3.9051147E-01  0.0000000E+00  0.0000000E+00  6.0945317E-01  1.8615441E-64  0.0000000E+00  2.2866085E-05  1.0927298E-05  0.000E+00  0.000E+00  0.000E+00  1.000E+00  1.000E+00  6.55E+01  0.00E+00  0.00E+00  0.000000  0.068147  0.0000000E+00  0.0000000000E+00
365  4.278993472196997E+07    6.991578  4.267812  3.665424  7.4458784E-01  2.5537226E-01  4.0086787E-07  2.2635860E-08  2.7103324E-06  4.9315284E-06  8.0313415E-08  7.4409490E-10  9.2048308E-07  2.3543589E-08  0.000E+00  0.0000  3.665424   -6.870  6.041029  8.633734  0.0000000E+00  1.5939052E-15  3.9051101E-01  0.0000000E+00  0.0000000E+00  6.0945291E-01  1.8615441E-64  0.0000000E+00  2.3589267E-05  1.0927298E-05  0.000E+00  0.000E+00  0.000E+00  1.000E+00  1.000E+00  6.47E+01  0.00E+00  0.00E+00  0.000000  0.071065  0.0000000E+00  0.0000000000E+00
366  4.279564845787815E+07    6.990778  4.287652  3.664774  7.4332180E-01  2.5663856E-01  3.9791722E-07  2.2541461E-08  2.7488508E-06  4.8921768E-06  7.9661304E-08  7.3800901E-10  9.2048308E-07  2.3543589E-08  0.000E+00  0.0000  3.664774   -6.839  6.218031  8.643046  0.0000000E+00  2.3053270E-15  3.9050921E-01  0.0000000E+00  0.0000000E+00  6.0945185E-01  1.8615441E-64  0.0000000E+00  2.6433922E-05  1.0927298E-05  0.000E+00  0.000E+00  0.000E+00  1.000E+00  1.000E+00  6.39E+01  0.00E+00  0.00E+00  0.000000  0.074341  0.0000000E+00  0.0000000000E+00
367  4.280136219378633E+07    6.989921  4.307114  3.664050  7.4152865E-01  2.5843195E-01  3.9479359E-07  2.2443010E-08  2.7897194E-06  4.8504125E-06  7.8969283E-08  7.3155408E-10  9.2048308E-07  2.3543589E-08  0.000E+00  0.0000  3.664050   -6.808  6.453588  8.641986  0.0000000E+00  2.5370260E-15  3.9050402E-01  0.0000000E+00  0.0000000E+00  6.0944876E-01  1.8615441E-64  0.0000000E+00  3.4720791E-05  1.0927298E-05  0.000E+00  0.000E+00  0.000E+00  1.000E+00  1.000E+00  6.31E+01  0.00E+00  0.00E+00  0.000000  0.077679  0.0000000E+00  0.0000000000E+00
368  4.280707592969452E+07    6.989004  4.311489  3.664323  7.2495061E-01  2.7501089E-01  3.8404735E-07  2.2145785E-08  2.9325153E-06  4.7042090E-06  7.6548283E-08  7.0902022E-10  9.2048308E-07  2.3543589E-08  0.000E+00  0.0000  3.664323   -6.802  6.780468  8.592725  0.0000000E+00  7.2149753E-16  3.9050059E-01  0.0000000E+00  0.0000000E+00  6.0944679E-01  1.8615441E-64  0.0000000E+00  4.0116627E-05  1.0927298E-05  0.000E+00  0.000E+00  0.000E+00  1.000E+00  1.000E+00  6.30E+01  0.00E+00  0.00E+00  0.000000  0.077728  0.0000000E+00  0.0000000000E+00
369  4.281264399082961E+07    6.987863  4.446537  3.660613  6.3426640E-01  3.6561190E-01  8.6594798E-05  2.1150600E-08  3.4320259E-06  4.7891680E-06  6.6984709E-08  2.7193217E-08  9.2048343E-07  7.3252839E-08  0.000E+00  0.0000  3.660613   -6.591  7.157195  8.440214  0.0000000E+00  1.5958510E-18  3.9050054E-01  0.0000000E+00  0.0000000E+00  6.0944677E-01  1.8615441E-64  0.0000000E+00  4.0188705E-05  1.0927298E-05  0.000E+00  0.000E+00  0.000E+00  1.000E+00  1.000E+00  5.78E+01  0.00E+00  0.00E+00  0.000000  0.100518  0.0000000E+00  0.0000000000E+00
370  4.281278966560270E+07    6.987826  4.444722  3.660724  6.3425190E-01  3.6562540E-01  8.7484320E-05  2.1150596E-08  3.4319478E-06  4.8010544E-06  6.6983185E-08  2.7192604E-08  9.2048343E-07  7.3514122E-08  0.000E+00  0.0000  3.660724   -6.595  7.082836  8.394552  0.0000000E+00  1.0954200E-19  3.9050054E-01  0.0000000E+00  0.0000000E+00  6.0944677E-01  1.8615441E-64  0.0000000E+00  4.0188705E-05  1.0927298E-05  0.000E+00  0.000E+00  0.000E+00  1.000E+00  1.000E+00  5.78E+01  0.00E+00  0.00E+00  0.000000  0.100098  0.0000000E+00  0.0000000000E+00
371  4.281278966560270E+07    6.987826  4.444722  3.660724  6.3425190E-01  3.6562540E-01  8.7484320E-05  2.1150596E-08  3.4319478E-06  4.8010544E-06  6.6983185E-08  2.7192604E-08  9.2048343E-07  7.3514122E-08  0.000E+00  0.0000  3.660724   -6.595  7.082836  8.394552  0.0000000E+00  1.0954200E-19  3.9050054E-01  0.0000000E+00  0.0000000E+00  6.0944677E-01  1.8615441E-64  0.0000000E+00  4.0188705E-05  1.0927298E-05  0.000E+00  0.000E+00  0.000E+00  1.000E+00  1.000E+00  5.78E+01  0.00E+00  0.00E+00  0.000000  0.100098  0.0000000E+00  0.0000000000E+00
372  4.281278966560270E+07    6.987826  4.444722  3.660724  6.3425190E-01  3.6562540E-01  8.7484320E-05  2.1150596E-08  3.4319478E-06  4.8010544E-06  6.6983185E-08  2.7192604E-08  9.2048343E-07  7.3514122E-08  0.000E+00  0.0000  3.660724   -6.595  7.082836  8.394552  0.0000000E+00  1.0954200E-19  3.9050054E-01  0.0000000E+00  0.0000000E+00  6.0944677E-01  1.8615441E-64  0.0000000E+00  4.0188705E-05  1.0927298E-05  0.000E+00  0.000E+00  0.000E+00  1.000E+00  1.000E+00  5.78E+01  0.00E+00  0.00E+00  0.000000  0.100098  0.0000000E+00  0.0000000000E+00
373  4.281278966560270E+07    6.987826  4.444722  3.660724  6.3425190E-01  3.6562540E-01  8.7484320E-05  2.1150596E-08  3.4319478E-06  4.8010544E-06  6.6983185E-08  2.7192604E-08  9.2048343E-07  7.3514122E-08  0.000E+00  0.0000  3.660724   -6.595  7.082836  8.394552  0.0000000E+00  1.0954200E-19  3.9050054E-01  0.0000000E+00  0.0000000E+00  6.0944677E-01  1.8615441E-64  0.0000000E+00  4.0188705E-05  1.0927298E-05  0.000E+00  0.000E+00  0.000E+00  1.000E+00  1.000E+00  5.78E+01  0.00E+00  0.00E+00  0.000000  0.100098  0.0000000E+00  0.0000000000E+00
374  4.281278966560270E+07    6.987826  4.444722  3.660724  6.3425190E-01  3.6562540E-01  8.7484320E-05  2.1150596E-08  3.4319478E-06  4.8010544E-06  6.6983185E-08  2.7192604E-08  9.2048343E-07  7.3514122E-08  0.000E+00  0.0000  3.660724   -6.595  7.082836  8.394552  0.0000000E+00  1.0954200E-19  3.9050054E-01  0.0000000E+00  0.0000000E+00  6.0944677E-01  1.8615441E-64  0.0000000E+00  4.0188705E-05  1.0927298E-05  0.000E+00  0.000E+00  0.000E+00  1.000E+00  1.000E+00  5.78E+01  0.00E+00  0.00E+00  0.000000  0.100098  0.0000000E+00  0.0000000000E+00
375  4.281278966560270E+07    6.987826  4.444722  3.660724  6.3425190E-01  3.6562540E-01  8.7484320E-05  2.1150596E-08  3.4319478E-06  4.8010544E-06  6.6983185E-08  2.7192604E-08  9.2048343E-07  7.3514122E-08  0.000E+00  0.0000  3.660724   -6.595  7.082836  8.394552  0.0000000E+00  1.0954200E-19  3.9050054E-01  0.0000000E+00  0.0000000E+00  6.0944677E-01  1.8615441E-64  0.0000000E+00  4.0188705E-05  1.0927298E-05  0.000E+00  0.000E+00  0.000E+00  1.000E+00  1.000E+00  5.78E+01  0.00E+00  0.00E+00  0.000000  0.100098  0.0000000E+00  0.0000000000E+00
376  4.281278966560270E+07    6.987826  4.444722  3.660724  6.3425190E-01  3.6562540E-01  8.7484320E-05  2.1150596E-08  3.4319478E-06  4.8010544E-06  6.6983185E-08  2.7192604E-08  9.2048343E-07  7.3514122E-08  0.000E+00  0.0000  3.660724   -6.595  7.082836  8.394552  0.0000000E+00  1.0954200E-19  3.9050054E-01  0.0000000E+00  0.0000000E+00  6.0944677E-01  1.8615441E-64  0.0000000E+00  4.0188705E-05  1.0927298E-05  0.000E+00  0.000E+00  0.000E+00  1.000E+00  1.000E+00  5.78E+01  0.00E+00  0.00E+00  0.000000  0.100098  0.0000000E+00  0.0000000000E+00
377  4.281278966560270E+07    6.987826  4.444722  3.660724  6.3425190E-01  3.6562540E-01  8.7484320E-05  2.1150596E-08  3.4319478E-06  4.8010544E-06  6.6983185E-08  2.7192604E-08  9.2048343E-07  7.3514122E-08  0.000E+00  0.0000  3.660724   -6.595  7.082836  8.394552  0.0000000E+00  1.0954200E-19  3.9050054E-01  0.0000000E+00  0.0000000E+00  6.0944677E-01  1.8615441E-64  0.0000000E+00  4.0188705E-05  1.0927298E-05  0.000E+00  0.000E+00  0.000E+00  1.000E+00  1.000E+00  5.78E+01  0.00E+00  0.00E+00  0.000000  0.100098  0.0000000E+00  0.0000000000E+00
378  4.281278966560270E+07    6.987826  4.444722  3.660724  6.3425190E-01  3.6562540E-01  8.7484320E-05  2.1150596E-08  3.4319478E-06  4.8010544E-06  6.6983185E-08  2.7192604E-08  9.2048343E-07  7.3514122E-08  0.000E+00  0.0000  3.660724   -6.595  7.082836  8.394552  0.0000000E+00  1.0954200E-19  3.9050054E-01  0.0000000E+00  0.0000000E+00  6.0944677E-01  1.8615441E-64  0.0000000E+00  4.0188705E-05  1.0927298E-05  0.000E+00  0.000E+00  0.000E+00  1.000E+00  1.000E+00  5.78E+01  0.00E+00  0.00E+00  0.000000  0.100098  0.0000000E+00  0.0000000000E+00
379  4.281278966560270E+07    6.987826  4.444722  3.660724  6.3425190E-01  3.6562540E-01  8.7484320E-05  2.1150596E-08  3.4319478E-06  4.8010544E-06  6.6983185E-08  2.7192604E-08  9.2048343E-07  7.3514122E-08  0.000E+00  0.0000  3.660724   -6.595  7.082836  8.394552  0.0000000E+00  1.0954200E-19  3.9050054E-01  0.0000000E+00  0.0000000E+00  6.0944677E-01  1.8615441E-64  0.0000000E+00  4.0188705E-05  1.0927298E-05  0.000E+00  0.000E+00  0.000E+00  1.000E+00  1.000E+00  5.78E+01  0.00E+00  0.00E+00  0.000000  0.100098  0.0000000E+00  0.0000000000E+00
380  4.281278966560270E+07    6.987826  4.444722  3.660724  6.3425190E-01  3.6562540E-01  8.7484320E-05  2.1150596E-08  3.4319478E-06  4.8010544E-06  6.6983185E-08  2.7192604E-08  9.2048343E-07  7.3514122E-08  0.000E+00  0.0000  3.660724   -6.595  7.082836  8.394552  0.0000000E+00  1.0954200E-19  3.9050054E-01  0.0000000E+00  0.0000000E+00  6.0944677E-01  1.8615441E-64  0.0000000E+00  4.0188705E-05  1.0927298E-05  0.000E+00  0.000E+00  0.000E+00  1.000E+00  1.000E+00  5.78E+01  0.00E+00  0.00E+00  0.000000  0.100098  0.0000000E+00  0.0000000000E+00
381  4.281278966560270E+07    6.987826  4.444722  3.660724  6.3425190E-01  3.6562540E-01  8.7484320E-05  2.1150596E-08  3.4319478E-06  4.8010544E-06  6.6983185E-08  2.7192604E-08  9.2048343E-07  7.3514122E-08  0.000E+00  0.0000  3.660724   -6.595  7.082836  8.394552  0.0000000E+00  1.0954200E-19  3.9050054E-01  0.0000000E+00  0.0000000E+00  6.0944677E-01  1.8615441E-64  0.0000000E+00  4.0188705E-05  1.0927298E-05  0.000E+00  0.000E+00  0.000E+00  1.000E+00  1.000E+00  5.78E+01  0.00E+00  0.00E+00  0.000000  0.100098  0.0000000E+00  0.0000000000E+00
382  4.281278966560270E+07    6.987826  4.444722  3.660724  6.3425190E-01  3.6562540E-01  8.7484320E-05  2.1150596E-08  3.4319478E-06  4.8010544E-06  6.6983185E-08  2.7192604E-08  9.2048343E-07  7.3514122E-08  0.000E+00  0.0000  3.660724   -6.595  7.082836  8.394552  0.0000000E+00  1.0954200E-19  3.9050054E-01  0.0000000E+00  0.0000000E+00  6.0944677E-01  1.8615441E-64  0.0000000E+00  4.0188705E-05  1.0927298E-05  0.000E+00  0.000E+00  0.000E+00  1.000E+00  1.000E+00  5.78E+01  0.00E+00  0.00E+00  0.000000  0.100098  0.0000000E+00  0.0000000000E+00
383  4.281278966560270E+07    6.987826  4.444722  3.660724  6.3425190E-01  3.6562540E-01  8.7484320E-05  2.1150596E-08  3.4319478E-06  4.8010544E-06  6.6983185E-08  2.7192604E-08  9.2048343E-07  7.3514122E-08  0.000E+00  0.0000  3.660724   -6.595  7.082836  8.394552  0.0000000E+00  1.0954200E-19  3.9050054E-01  0.0000000E+00  0.0000000E+00  6.0944677E-01  1.8615441E-64  0.0000000E+00  4.0188705E-05  1.0927298E-05  0.000E+00  0.000E+00  0.000E+00  1.000E+00  1.000E+00  5.78E+01  0.00E+00  0.00E+00  0.000000  0.100098  0.0000000E+00  0.0000000000E+00
384  4.281278966560270E+07    6.987826  4.444722  3.660724  6.3425190E-01  3.6562540E-01  8.7484320E-05  2.1150596E-08  3.4319478E-06  4.8010544E-06  6.6983185E-08  2.7192604E-08  9.2048343E-07  7.3514122E-08  0.000E+00  0.0000  3.660724   -6.595  7.082836  8.394552  0.0000000E+00  1.0954200E-19  3.9050054E-01  0.0000000E+00  0.0000000E+00  6.0944677E-01  1.8615441E-64  0.0000000E+00  4.0188705E-05  1.0927298E-05  0.000E+00  0.000E+00  0.000E+00  1.000E+00  1.000E+00  5.78E+01  0.00E+00  0.00E+00  0.000000  0.100098  0.0000000E+00  0.0000000000E+00
385  4.281278966560270E+07    6.987826  4.444722  3.660724  6.3425190E-01  3.6562540E-01  8.7484320E-05  2.1150596E-08  3.4319478E-06  4.8010544E-06  6.6983185E-08  2.7192604E-08  9.2048343E-07  7.3514122E-08  0.000E+00  0.0000  3.660724   -6.595  7.082836  8.394552  0.0000000E+00  1.0954200E-19  3.9050054E-01  0.0000000E+00  0.0000000E+00  6.0944677E-01  1.8615441E-64  0.0000000E+00  4.0188705E-05  1.0927298E-05  0.000E+00  0.000E+00  0.000E+00  1.000E+00  1.000E+00  5.78E+01  0.00E+00  0.00E+00  0.000000  0.100098  0.0000000E+00  0.0000000000E+00
386  4.281278966560270E+07    6.987826  4.444722  3.660724  6.3425190E-01  3.6562540E-01  8.7484320E-05  2.1150596E-08  3.4319478E-06  4.8010544E-06  6.6983185E-08  2.7192604E-08  9.2048343E-07  7.3514122E-08  0.000E+00  0.0000  3.660724   -6.595  7.082836  8.394552  0.0000000E+00  1.0954200E-19  3.9050054E-01  0.0000000E+00  0.0000000E+00  6.0944677E-01  1.8615441E-64  0.0000000E+00  4.0188705E-05  1.0927298E-05  0.000E+00  0.000E+00  0.000E+00  1.000E+00  1.000E+00  5.78E+01  0.00E+00  0.00E+00  0.000000  0.100098  0.0000000E+00  0.0000000000E+00
387  4.281278966560270E+07    6.987826  4.444722  3.660724  6.3425190E-01  3.6562540E-01  8.7484320E-05  2.1150596E-08  3.4319478E-06  4.8010544E-06  6.6983185E-08  2.7192604E-08  9.2048343E-07  7.3514122E-08  0.000E+00  0.0000  3.660724   -6.595  7.082836  8.394552  0.0000000E+00  1.0954200E-19  3.9050054E-01  0.0000000E+00  0.0000000E+00  6.0944677E-01  1.8615441E-64  0.0000000E+00  4.0188705E-05  1.0927298E-05  0.000E+00  0.000E+00  0.000E+00  1.000E+00  1.000E+00  5.78E+01  0.00E+00  0.00E+00  0.000000  0.100098  0.0000000E+00  0.0000000000E+00
388  4.281278966560270E+07    6.987826  4.444722  3.660724  6.3425190E-01  3.6562540E-01  8.7484320E-05  2.1150596E-08  3.4319478E-06  4.8010544E-06  6.6983185E-08  2.7192604E-08  9.2048343E-07  7.3514122E-08  0.000E+00  0.0000  3.660724   -6.595  7.082836  8.394552  0.0000000E+00  1.0954200E-19  3.9050054E-01  0.0000000E+00  0.0000000E+00  6.0944677E-01  1.8615441E-64  0.0000000E+00  4.0188705E-05  1.0927298E-05  0.000E+00  0.000E+00  0.000E+00  1.000E+00  1.000E+00  5.78E+01  0.00E+00  0.00E+00  0.000000  0.100098  0.0000000E+00  0.0000000000E+00
389  4.281278966560270E+07    6.987826  4.444722  3.660724  6.3425190E-01  3.6562540E-01  8.7484320E-05  2.1150596E-08  3.4319478E-06  4.8010544E-06  6.6983185E-08  2.7192604E-08  9.2048343E-07  7.3514122E-08  0.000E+00  0.0000  3.660724   -6.595  7.082836  8.394552  0.0000000E+00  1.0954200E-19  3.9050054E-01  0.0000000E+00  0.0000000E+00  6.0944677E-01  1.8615441E-64  0.0000000E+00  4.0188705E-05  1.0927298E-05  0.000E+00  0.000E+00  0.000E+00  1.000E+00  1.000E+00  5.78E+01  0.00E+00  0.00E+00  0.000000  0.100098  0.0000000E+00  0.0000000000E+00
390  4.281278966560270E+07    6.987826  4.444722  3.660724  6.3425190E-01  3.6562540E-01  8.7484320E-05  2.1150596E-08  3.4319478E-06  4.8010544E-06  6.6983185E-08  2.7192604E-08  9.2048343E-07  7.3514122E-08  0.000E+00  0.0000  3.660724   -6.595  7.082836  8.394552  0.0000000E+00  1.0954200E-19  3.9050054E-01  0.0000000E+00  0.0000000E+00  6.0944677E-01  1.8615441E-64  0.0000000E+00  4.0188705E-05  1.0927298E-05  0.000E+00  0.000E+00  0.000E+00  1.000E+00  1.000E+00  5.78E+01  0.00E+00  0.00E+00  0.000000  0.100098  0.0000000E+00  0.0000000000E+00
391  4.281278966560270E+07    6.987826  4.444722  3.660724  6.3425190E-01  3.6562540E-01  8.7484320E-05  2.1150596E-08  3.4319478E-06  4.8010544E-06  6.6983185E-08  2.7192604E-08  9.2048343E-07  7.3514122E-08  0.000E+00  0.0000  3.660724   -6.595  7.082836  8.394552  0.0000000E+00  1.0954200E-19  3.9050054E-01  0.0000000E+00  0.0000000E+00  6.0944677E-01  1.8615441E-64  0.0000000E+00  4.0188705E-05  1.0927298E-05  0.000E+00  0.000E+00  0.000E+00  1.000E+00  1.000E+00  5.78E+01  0.00E+00  0.00E+00  0.000000  0.100098  0.0000000E+00  0.0000000000E+00
392  4.281278966560270E+07    6.987826  4.444722  3.660724  6.3425190E-01  3.6562540E-01  8.7484320E-05  2.1150596E-08  3.4319478E-06  4.8010544E-06  6.6983185E-08  2.7192604E-08  9.2048343E-07  7.3514122E-08  0.000E+00  0.0000  3.660724   -6.595  7.082836  8.394552  0.0000000E+00  1.0954200E-19  3.9050054E-01  0.0000000E+00  0.0000000E+00  6.0944677E-01  1.8615441E-64  0.0000000E+00  4.0188705E-05  1.0927298E-05  0.000E+00  0.000E+00  0.000E+00  1.000E+00  1.000E+00  5.78E+01  0.00E+00  0.00E+00  0.000000  0.100098  0.0000000E+00  0.0000000000E+00
393  4.281278966560270E+07    6.987826  4.444722  3.660724  6.3425190E-01  3.6562540E-01  8.7484320E-05  2.1150596E-08  3.4319478E-06  4.8010544E-06  6.6983185E-08  2.7192604E-08  9.2048343E-07  7.3514122E-08  0.000E+00  0.0000  3.660724   -6.595  7.082836  8.394552  0.0000000E+00  1.0954200E-19  3.9050054E-01  0.0000000E+00  0.0000000E+00  6.0944677E-01  1.8615441E-64  0.0000000E+00  4.0188705E-05  1.0927298E-05  0.000E+00  0.000E+00  0.000E+00  1.000E+00  1.000E+00  5.78E+01  0.00E+00  0.00E+00  0.000000  0.100098  0.0000000E+00  0.0000000000E+00
394  4.281278966560270E+07    6.987826  4.444722  3.660724  6.3425190E-01  3.6562540E-01  8.7484320E-05  2.1150596E-08  3.4319478E-06  4.8010544E-06  6.6983185E-08  2.7192604E-08  9.2048343E-07  7.3514122E-08  0.000E+00  0.0000  3.660724   -6.595  7.082836  8.394552  0.0000000E+00  1.0954200E-19  3.9050054E-01  0.0000000E+00  0.0000000E+00  6.0944677E-01  1.8615441E-64  0.0000000E+00  4.0188705E-05  1.0927298E-05  0.000E+00  0.000E+00  0.000E+00  1.000E+00  1.000E+00  5.78E+01  0.00E+00  0.00E+00  0.000000  0.100098  0.0000000E+00  0.0000000000E+00
395  4.281278966560270E+07    6.987826  4.444722  3.660724  6.3425190E-01  3.6562540E-01  8.7484320E-05  2.1150596E-08  3.4319478E-06  4.8010544E-06  6.6983185E-08  2.7192604E-08  9.2048343E-07  7.3514122E-08  0.000E+00  0.0000  3.660724   -6.595  7.082836  8.394552  0.0000000E+00  1.0954200E-19  3.9050054E-01  0.0000000E+00  0.0000000E+00  6.0944677E-01  1.8615441E-64  0.0000000E+00  4.0188705E-05  1.0927298E-05  0.000E+00  0.000E+00  0.000E+00  1.000E+00  1.000E+00  5.78E+01  0.00E+00  0.00E+00  0.000000  0.100098  0.0000000E+00  0.0000000000E+00
396  4.281278966560270E+07    6.987826  4.444722  3.660724  6.3425190E-01  3.6562540E-01  8.7484320E-05  2.1150596E-08  3.4319478E-06  4.8010544E-06  6.6983185E-08  2.7192604E-08  9.2048343E-07  7.3514122E-08  0.000E+00  0.0000  3.660724   -6.595  7.082836  8.394552  0.0000000E+00  1.0954200E-19  3.9050054E-01  0.0000000E+00  0.0000000E+00  6.0944677E-01  1.8615441E-64  0.0000000E+00  4.0188705E-05  1.0927298E-05  0.000E+00  0.000E+00  0.000E+00  1.000E+00  1.000E+00  5.78E+01  0.00E+00  0.00E+00  0.000000  0.100098  0.0000000E+00  0.0000000000E+00
397  4.281278966560270E+07    6.987826  4.444722  3.660724  6.3425190E-01  3.6562540E-01  8.7484320E-05  2.1150596E-08  3.4319478E-06  4.8010544E-06  6.6983185E-08  2.7192604E-08  9.2048343E-07  7.3514122E-08  0.000E+00  0.0000  3.660724   -6.595  7.082836  8.394552  0.0000000E+00  1.0954200E-19  3.9050054E-01  0.0000000E+00  0.0000000E+00  6.0944677E-01  1.8615441E-64  0.0000000E+00  4.0188705E-05  1.0927298E-05  0.000E+00  0.000E+00  0.000E+00  1.000E+00  1.000E+00  5.78E+01  0.00E+00  0.00E+00  0.000000  0.100098  0.0000000E+00  0.0000000000E+00
398  4.281278966560270E+07    6.987826  4.444722  3.660724  6.3425190E-01  3.6562540E-01  8.7484320E-05  2.1150596E-08  3.4319478E-06  4.8010544E-06  6.6983185E-08  2.7192604E-08  9.2048343E-07  7.3514122E-08  0.000E+00  0.0000  3.660724   -6.595  7.082836  8.394552  0.0000000E+00  1.0954200E-19  3.9050054E-01  0.0000000E+00  0.0000000E+00  6.0944677E-01  1.8615441E-64  0.0000000E+00  4.0188705E-05  1.0927298E-05  0.000E+00  0.000E+00  0.000E+00  1.000E+00  1.000E+00  5.78E+01  0.00E+00  0.00E+00  0.000000  0.100098  0.0000000E+00  0.0000000000E+00
399  4.281278966560270E+07    6.987826  4.444722  3.660724  6.3425190E-01  3.6562540E-01  8.7484320E-05  2.1150596E-08  3.4319478E-06  4.8010544E-06  6.6983185E-08  2.7192604E-08  9.2048343E-07  7.3514122E-08  0.000E+00  0.0000  3.660724   -6.595  7.082836  8.394552  0.0000000E+00  1.0954200E-19  3.9050054E-01  0.0000000E+00  0.0000000E+00  6.0944677E-01  1.8615441E-64  0.0000000E+00  4.0188705E-05  1.0927298E-05  0.000E+00  0.000E+00  0.000E+00  1.000E+00  1.000E+00  5.78E+01  0.00E+00  0.00E+00  0.000000  0.100098  0.0000000E+00  0.0000000000E+00
400  4.281278966560270E+07    6.987826  4.444722  3.660724  6.3425190E-01  3.6562540E-01  8.7484320E-05  2.1150596E-08  3.4319478E-06  4.8010544E-06  6.6983185E-08  2.7192604E-08  9.2048343E-07  7.3514122E-08  0.000E+00  0.0000  3.660724   -6.595  7.082836  8.394552  0.0000000E+00  1.0954200E-19  3.9050054E-01  0.0000000E+00  0.0000000E+00  6.0944677E-01  1.8615441E-64  0.0000000E+00  4.0188705E-05  1.0927298E-05  0.000E+00  0.000E+00  0.000E+00  1.000E+00  1.000E+00  5.78E+01  0.00E+00  0.00E+00  0.000000  0.100098  0.0000000E+00  0.0000000000E+00
