line                  time        mass     lg(L)  lg(Teff)        1H_surf       4He_surf       12C_surf       13C_surf       14N_surf       16O_surf       17O_surf       18O_surf      20Ne_surf      22Ne_surf  26Al_surf  Mcc/Mt   lg(Teff)  lg(Md)  lg(rhoc)    lg(Tc)         1H_cen        4He_cen        12C_cen        13C_cen        14N_cen        16O_cen        17O_cen        18O_cen       20Ne_cen       22Ne_cen   26Al_cen  Omeg_surf   Omeg_cen     Rp/Req   Md/Md(0)   v_crit1   v_crit2    v_equa  Om/Om_cr  Gamma_Ed  lg(Mdot_mech)             L_tot
   -                    yr        Msun      Lsun        K      mass frac.     mass frac.     mass frac.     mass frac.     mass frac.     mass frac.     mass frac.     mass frac.     mass frac.     mass frac. mass frac.       -          K   Ms/yr     g/cm3         K     mass frac.     mass frac.     mass frac.     mass frac.     mass frac.     mass frac.     mass frac.     mass frac.     mass frac.     mass frac. mass frac.        s-1        s-1          -          -      km/s      km/s      km/s         -         -        Msun/yr     10^53 g cm2/s

  1  4.169225000000000E+05    7.000000  3.311420  4.463644  7.5157740E-01  2.4837130E-01  1.2915521E-06  4.2970794E-09  1.0216519E-07  6.8211449E-06  3.5136664E-10  2.0005896E-09  9.2048308E-07  2.3543589E-08  0.000E+00  0.3262  4.463644  -12.346  1.681391  7.636086  7.4856580E-01  2.5142480E-01  7.5811594E-08  2.0550735E-08  7.3221223E-06  1.7270305E-07  4.5455083E-10  6.1366146E-13  9.2048308E-07  2.3543589E-08  0.000E+00  2.257E-04  2.282E-04  9.473E-01  1.050E+00  7.19E+02  0.00E+00  2.86E+02  0.564802  0.007879  0.0000000E+00  4.2315861879E-02
  2  1.538807817104891E+06    6.999999  3.318260  4.465497  7.5157740E-01  2.4837130E-01  1.2915521E-06  4.2970794E-09  1.0216519E-07  6.8211449E-06  3.5136664E-10  2.0005896E-09  9.2048308E-07  2.3543589E-08  0.000E+00  0.3225  4.465497  -12.319  1.679857  7.636817  7.4037182E-01  2.5961886E-01  7.6268958E-08  2.0676556E-08  7.3672466E-06  1.2055125E-07  2.5871937E-10  4.0641074E-13  9.2048308E-07  2.3543589E-08  0.000E+00  1.993E-04  2.479E-04  9.590E-01  1.039E+00  7.16E+02  0.00E+00  2.51E+02  0.504403  0.008004  0.0000000E+00  4.2315838814E-02
  3  2.527154063858595E+06    6.999999  3.323889  4.466119  7.5157740E-01  2.4837130E-01  1.2915519E-06  4.2972879E-09  1.0216522E-07  6.8211449E-06  3.5136668E-10  2.0005896E-09  9.2048308E-07  2.3543589E-08  0.000E+00  0.3204  4.466119  -12.292  1.681221  7.638366  7.3217783E-01  2.6781277E-01  7.6572037E-08  2.0762425E-08  7.3729939E-06  1.1353793E-07  1.8997751E-10  3.6028772E-13  9.2048308E-07  2.3543589E-08  0.000E+00  1.920E-04  2.521E-04  9.616E-01  1.036E+00  7.14E+02  0.00E+00  2.43E+02  0.489792  0.008109  0.0000000E+00  4.2315818802E-02
  4  3.428836061102507E+06    6.999998  3.328968  4.466149  7.5157730E-01  2.4837140E-01  1.2914932E-06  4.3361355E-09  1.0219227E-07  6.8211448E-06  3.5141621E-10  2.0005643E-09  9.2048308E-07  2.3543589E-08  0.000E+00  0.3181  4.466149  -12.272  1.681401  7.639454  7.2398385E-01  2.7600675E-01  7.7339921E-08  2.0974617E-08  7.3736042E-06  1.1157981E-07  1.6422993E-10  3.4603113E-13  9.2048308E-07  2.3543589E-08  0.000E+00  1.888E-04  2.522E-04  9.622E-01  1.035E+00  7.12E+02  0.00E+00  2.40E+02  0.486124  0.008204  0.0000000E+00  4.2315799883E-02
  5  4.275129343743967E+06    6.999998  3.333869  4.466001  7.5157710E-01  2.4837150E-01  1.2906559E-06  4.7225944E-09  1.0275971E-07  6.8211388E-06  3.5328197E-10  2.0000737E-09  9.2048308E-07  2.3543589E-08  0.000E+00  0.3154  4.466001  -12.254  1.681392  7.640432  7.1578986E-01  2.8420074E-01  7.7533333E-08  2.1028939E-08  7.3736230E-06  1.1123464E-07  1.6325189E-10  3.4438408E-13  9.2048308E-07  2.3543589E-08  0.000E+00  1.869E-04  2.516E-04  9.623E-01  1.035E+00  7.10E+02  0.00E+00  2.39E+02  0.485688  0.008297  0.0000000E+00  4.2315781286E-02
  6  5.140880359885158E+06    6.999997  3.339072  4.465871  7.5157640E-01  2.4837197E-01  1.2867453E-06  6.0310652E-09  1.0598835E-07  6.8210467E-06  3.7092124E-10  1.9972666E-09  9.2048308E-07  2.3543589E-08  0.000E+00  0.3129  4.465871  -12.233  1.681448  7.641442  7.0759588E-01  2.9239472E-01  7.7741086E-08  2.1087252E-08  7.3736211E-06  1.1088911E-07  1.6222905E-10  3.4272468E-13  9.2048308E-07  2.3543589E-08  0.000E+00  1.852E-04  2.507E-04  9.622E-01  1.035E+00  7.07E+02  0.00E+00  2.38E+02  0.486125  0.008397  0.0000000E+00  4.2315761314E-02
  7  5.982470241333773E+06    6.999997  3.344155  4.465712  7.5157490E-01  2.4837340E-01  1.2760446E-06  8.7118615E-09  1.1606321E-07  6.8204458E-06  4.5362382E-10  1.9883740E-09  9.2048308E-07  2.3543589E-08  0.000E+00  0.3107  4.465712  -12.212  1.681514  7.642446  6.9940189E-01  3.0058871E-01  7.7914085E-08  2.1136016E-08  7.3736253E-06  1.1059373E-07  1.6218450E-10  3.4153276E-13  9.2048308E-07  2.3543589E-08  0.000E+00  1.838E-04  2.497E-04  9.620E-01  1.036E+00  7.05E+02  0.00E+00  2.38E+02  0.487039  0.008496  0.0000000E+00  4.2315740867E-02
  8  6.811999644261965E+06    6.999996  3.349210  4.465547  7.5157211E-01  2.4837619E-01  1.2603431E-06  1.1774272E-08  1.3239545E-07  6.8188056E-06  6.3480040E-10  1.9738718E-09  9.2048308E-07  2.3543589E-08  0.000E+00  0.3081  4.465547  -12.192  1.681596  7.643464  6.9120791E-01  3.0878269E-01  7.8119512E-08  2.1193730E-08  7.3736509E-06  1.1022084E-07  1.6097898E-10  3.3973207E-13  9.2048308E-07  2.3543589E-08  0.000E+00  1.823E-04  2.487E-04  9.619E-01  1.036E+00  7.03E+02  0.00E+00  2.38E+02  0.487742  0.008595  0.0000000E+00  4.2315719669E-02
  9  7.638136413724439E+06    6.999996  3.354431  4.465455  7.5156706E-01  2.4838137E-01  1.2378603E-06  1.5305338E-08  1.5777702E-07  6.8151388E-06  9.8503386E-10  1.9514170E-09  9.2048308E-07  2.3543589E-08  0.000E+00  0.3056  4.465455  -12.172  1.681925  7.644648  6.8301392E-01  3.1697668E-01  7.8488609E-08  2.1296713E-08  7.3735035E-06  1.0977414E-07  1.5713787E-10  3.3674072E-13  9.2048308E-07  2.3543589E-08  0.000E+00  1.807E-04  2.477E-04  9.618E-01  1.036E+00  7.01E+02  0.00E+00  2.37E+02  0.488300  0.008699  0.0000000E+00  4.2315697474E-02
 10  8.441042167641010E+06    6.999995  3.359371  4.465217  7.5155940E-01  2.4838930E-01  1.2113673E-06  1.8699000E-08  1.8993756E-07  6.8090822E-06  1.5087295E-09  1.9232470E-09  9.2048308E-07  2.3543589E-08  0.000E+00  0.3033  4.465217  -12.153  1.681748  7.645553  6.7481994E-01  3.2517075E-01  7.8484995E-08  2.1296816E-08  7.3736639E-06  1.0959288E-07  1.6006858E-10  3.3689151E-13  9.2048308E-07  2.3543589E-08  0.000E+00  1.792E-04  2.466E-04  9.617E-01  1.036E+00  6.98E+02  0.00E+00  2.37E+02  0.488920  0.008799  0.0000000E+00  4.2315674765E-02
 11  9.248591440688200E+06    6.999995  3.364671  4.465131  7.5154780E-01  2.4840119E-01  1.1795619E-06  2.2066057E-08  2.3109392E-07  6.7996446E-06  2.2696706E-09  1.8877012E-09  9.2048308E-07  2.3543589E-08  0.000E+00  0.3012  4.465131  -12.132  1.682370  7.646872  6.6662595E-01  3.3336473E-01  7.8842776E-08  2.1396838E-08  7.3735466E-06  1.0912987E-07  1.5687715E-10  3.3406358E-13  9.2048308E-07  2.3543589E-08  0.000E+00  1.779E-04  2.456E-04  9.615E-01  1.036E+00  6.96E+02  0.00E+00  2.36E+02  0.490044  0.008907  0.0000000E+00  4.2315650752E-02
 12  1.001369937284119E+07    6.999994  3.369489  4.464882  7.5152960E-01  2.4841970E-01  1.1398413E-06  2.5518913E-08  2.8579065E-07  6.7848464E-06  3.3975956E-09  1.8413259E-09  9.2048308E-07  2.3543589E-08  0.000E+00  0.2985  4.464882  -12.114  1.682272  7.647845  6.5843197E-01  3.4155873E-01  7.8977525E-08  2.1435152E-08  7.3736021E-06  1.0883958E-07  1.5712149E-10  3.3298955E-13  9.2048308E-07  2.3543589E-08  0.000E+00  1.764E-04  2.446E-04  9.614E-01  1.036E+00  6.94E+02  0.00E+00  2.36E+02  0.490814  0.009006  0.0000000E+00  4.2315626808E-02
 13  1.080369026072823E+07    6.999993  3.374764  4.464765  7.5150760E-01  2.4844218E-01  1.1001915E-06  2.8366938E-08  3.4357135E-07  6.7670101E-06  4.6982361E-09  1.7933451E-09  9.2048308E-07  2.3543589E-08  0.000E+00  0.2962  4.464765  -12.094  1.682781  7.649153  6.5023799E-01  3.4975263E-01  7.9314595E-08  2.1529583E-08  7.3735028E-06  1.0838975E-07  1.5469979E-10  3.3046918E-13  9.2048308E-07  2.3543589E-08  0.000E+00  1.750E-04  2.436E-04  9.612E-01  1.036E+00  6.91E+02  0.00E+00  2.36E+02  0.491811  0.009116  0.0000000E+00  4.2315600828E-02
 14  1.157511930648192E+07    6.999993  3.379914  4.464578  7.5148224E-01  2.4846796E-01  1.0618592E-06  3.0666612E-08  4.0233862E-07  6.7468525E-06  6.1152214E-09  1.7455989E-09  9.2048308E-07  2.3543589E-08  0.000E+00  0.2938  4.464578  -12.075  1.683003  7.650288  6.4204400E-01  3.5794665E-01  7.9518203E-08  2.1587088E-08  7.3735107E-06  1.0803916E-07  1.5416052E-10  3.2890831E-13  9.2048308E-07  2.3543589E-08  0.000E+00  1.735E-04  2.426E-04  9.611E-01  1.037E+00  6.89E+02  0.00E+00  2.35E+02  0.492637  0.009225  0.0000000E+00  4.2315574120E-02
 15  1.231902488793424E+07    6.999992  3.385071  4.464430  7.5144970E-01  2.4850090E-01  1.0198479E-06  3.2769330E-08  4.6995283E-07  6.7214470E-06  7.8405770E-09  1.6919456E-09  9.2048308E-07  2.3543589E-08  0.000E+00  0.2915  4.464430  -12.056  1.683649  7.651566  6.3385002E-01  3.6614068E-01  7.9917737E-08  2.1698876E-08  7.3733723E-06  1.0753049E-07  1.5067251E-10  3.2581863E-13  9.2048308E-07  2.3543589E-08  0.000E+00  1.723E-04  2.417E-04  9.609E-01  1.037E+00  6.87E+02  0.00E+00  2.35E+02  0.493803  0.009335  0.0000000E+00  4.2315547030E-02
 16  1.303028314134256E+07    6.999991  3.389920  4.464177  7.5141491E-01  2.4853609E-01  9.8132346E-07  3.4364043E-08  5.3499525E-07  6.6949384E-06  9.5798114E-09  1.6416298E-09  9.2048308E-07  2.3543589E-08  0.000E+00  0.2891  4.464177  -12.037  1.683901  7.652680  6.2565603E-01  3.7433460E-01  8.0002676E-08  2.1723720E-08  7.3735019E-06  1.0723749E-07  1.5189234E-10  3.2499659E-13  9.2048308E-07  2.3543589E-08  0.000E+00  1.708E-04  2.407E-04  9.607E-01  1.037E+00  6.85E+02  0.00E+00  2.35E+02  0.494460  0.009439  0.0000000E+00  4.2315519834E-02
 17  1.377251064729320E+07    6.999991  3.395183  4.463949  7.5136533E-01  2.4858617E-01  9.3417062E-07  3.5936459E-08  6.1871967E-07  6.6580688E-06  1.1908884E-08  1.5787064E-09  9.2048308E-07  2.3543589E-08  0.000E+00  0.2871  4.463949  -12.017  1.684230  7.653764  6.1746205E-01  3.8252863E-01  8.0246366E-08  2.1792308E-08  7.3734771E-06  1.0685788E-07  1.5052150E-10  3.2308310E-13  9.2048308E-07  2.3543589E-08  0.000E+00  1.694E-04  2.396E-04  9.606E-01  1.037E+00  6.82E+02  0.00E+00  2.35E+02  0.495551  0.009554  0.0000000E+00  4.2315490044E-02
 18  1.448115732536648E+07    6.999990  3.400205  4.463696  7.5131236E-01  2.4863974E-01  8.9085927E-07  3.7057535E-08  6.9974726E-07  6.6197118E-06  1.4234843E-08  1.5197125E-09  9.2048308E-07  2.3543589E-08  0.000E+00  0.2847  4.463696  -11.999  1.684462  7.654814  6.0926806E-01  3.9072261E-01  8.0434800E-08  2.1845652E-08  7.3734812E-06  1.0653701E-07  1.5000686E-10  3.2162672E-13  9.2048308E-07  2.3543589E-08  0.000E+00  1.679E-04  2.385E-04  9.604E-01  1.037E+00  6.80E+02  0.00E+00  2.34E+02  0.496261  0.009665  0.0000000E+00  4.2315460155E-02
 19  1.516118983117330E+07    6.999989  3.405170  4.463510  7.5125739E-01  2.4869509E-01  8.5168167E-07  3.7832190E-08  7.7662298E-07  6.5810774E-06  1.6487438E-08  1.4654179E-09  9.2048308E-07  2.3543589E-08  0.000E+00  0.2825  4.463510  -11.981  1.685166  7.656088  6.0107408E-01  3.9891662E-01  8.0842051E-08  2.1959666E-08  7.3733103E-06  1.0605183E-07  1.4707250E-10  3.1886634E-13  9.2048308E-07  2.3543589E-08  0.000E+00  1.666E-04  2.377E-04  9.603E-01  1.037E+00  6.78E+02  0.00E+00  2.34E+02  0.497296  0.009776  0.0000000E+00  4.2315430075E-02
 20  1.583723443426905E+07    6.999989  3.410106  4.463212  7.5120825E-01  2.4874465E-01  8.2051555E-07  3.8294254E-08  8.4042727E-07  6.5474111E-06  1.8379888E-08  1.4215994E-09  9.2048308E-07  2.3543589E-08  0.000E+00  0.2802  4.463212  -11.963  1.685390  7.657131  5.9288009E-01  4.0711051E-01  8.0884019E-08  2.1972718E-08  7.3734929E-06  1.0577020E-07  1.4822651E-10  3.1800722E-13  9.2048308E-07  2.3543589E-08  0.000E+00  1.651E-04  2.366E-04  9.602E-01  1.037E+00  6.75E+02  0.00E+00  2.33E+02  0.497878  0.009887  0.0000000E+00  4.2315398746E-02
 21  1.649735478972761E+07    6.999988  3.415078  4.462924  7.5113564E-01  2.4881766E-01  7.7983925E-07  3.8703405E-08  9.2749195E-07  6.4992553E-06  2.0980275E-08  1.3635883E-09  9.2048308E-07  2.3543589E-08  0.000E+00  0.2780  4.462924  -11.945  1.685910  7.658315  5.8468611E-01  4.1530455E-01  8.1217445E-08  2.2066221E-08  7.3733688E-06  1.0535452E-07  1.4619932E-10  3.1582496E-13  9.2048308E-07  2.3543589E-08  0.000E+00  1.637E-04  2.356E-04  9.600E-01  1.038E+00  6.73E+02  0.00E+00  2.33E+02  0.498887  0.010001  0.0000000E+00  4.2315366695E-02
 22  1.721840341065501E+07    6.999987  3.420642  4.462651  7.5106382E-01  2.4888998E-01  7.4457062E-07  3.8885257E-08  1.0067893E-06  6.4532520E-06  2.3353034E-08  1.3125292E-09  9.2048308E-07  2.3543589E-08  0.000E+00  0.2759  4.462651  -11.925  1.686214  7.659371  5.7649212E-01  4.2349848E-01  8.1474618E-08  2.2138670E-08  7.3733525E-06  1.0494261E-07  1.4469871E-10  3.1379003E-13  9.2048308E-07  2.3543589E-08  0.000E+00  1.622E-04  2.342E-04  9.598E-01  1.038E+00  6.70E+02  0.00E+00  2.33E+02  0.499809  0.010129  0.0000000E+00  4.2315329942E-02
 23  1.785425015604015E+07    6.999986  3.425501  4.462301  7.5098159E-01  2.4897270E-01  7.0894437E-07  3.8913984E-08  1.0907317E-06  6.4024839E-06  2.5855512E-08  1.2602460E-09  9.2048308E-07  2.3543589E-08  0.000E+00  0.2737  4.462301  -11.908  1.686677  7.660445  5.6829814E-01  4.3169256E-01  8.1665723E-08  2.2192924E-08  7.3733492E-06  1.0462525E-07  1.4432898E-10  3.1239676E-13  9.2048308E-07  2.3543589E-08  0.000E+00  1.609E-04  2.332E-04  9.596E-01  1.038E+00  6.68E+02  0.00E+00  2.33E+02  0.500995  0.010242  0.0000000E+00  4.2315295891E-02
 24  1.847559127759947E+07    6.999985  3.430315  4.461950  7.5088910E-01  2.4906560E-01  6.7365941E-07  3.8797646E-08  1.1778558E-06  6.3477345E-06  2.8430578E-08  1.2077835E-09  9.2048308E-07  2.3543589E-08  0.000E+00  0.2715  4.461950  -11.891  1.687044  7.661503  5.6010416E-01  4.3988651E-01  8.1863160E-08  2.2248936E-08  7.3733510E-06  1.0429171E-07  1.4371618E-10  3.1086656E-13  9.2048308E-07  2.3543589E-08  0.000E+00  1.594E-04  2.321E-04  9.595E-01  1.038E+00  6.66E+02  0.00E+00  2.32E+02  0.501850  0.010356  0.0000000E+00  4.2315261090E-02
 25  1.912036693889824E+07    6.999985  3.435581  4.461639  7.5080336E-01  2.4915179E-01  6.4458862E-07  3.8593513E-08  1.2529077E-06  6.2989561E-06  3.0621634E-08  1.1640380E-09  9.2048308E-07  2.3543589E-08  0.000E+00  0.2696  4.461639  -11.873  1.687747  7.662618  5.5191017E-01  4.4808048E-01  8.2184313E-08  2.2339193E-08  7.3732598E-06  1.0385865E-07  1.4174432E-10  3.0861477E-13  9.2048308E-07  2.3543589E-08  0.000E+00  1.580E-04  2.310E-04  9.593E-01  1.038E+00  6.63E+02  0.00E+00  2.32E+02  0.502754  0.010482  0.0000000E+00  4.2315223295E-02
 26  1.970656962343170E+07    6.999984  3.440176  4.461270  7.5070393E-01  2.4925157E-01  6.1458675E-07  3.8280519E-08  1.3337466E-06  6.2448164E-06  3.2945313E-08  1.1183848E-09  9.2048308E-07  2.3543589E-08  0.000E+00  0.2672  4.461270  -11.857  1.688147  7.663666  5.4371619E-01  4.5627451E-01  8.2332497E-08  2.2381595E-08  7.3732879E-06  1.0357692E-07  1.4182269E-10  3.0749134E-13  9.2048308E-07  2.3543589E-08  0.000E+00  1.566E-04  2.300E-04  9.592E-01  1.038E+00  6.61E+02  0.00E+00  2.31E+02  0.503492  0.010593  0.0000000E+00  4.2315187360E-02
 27  2.033129054159698E+07    6.999983  3.445305  4.460910  7.5060770E-01  2.4934820E-01  5.8860059E-07  3.7927702E-08  1.4067133E-06  6.1946102E-06  3.5005003E-08  1.0784268E-09  9.2048308E-07  2.3543589E-08  0.000E+00  0.2651  4.460910  -11.839  1.688801  7.664801  5.3552220E-01  4.6446840E-01  8.2592570E-08  2.2455041E-08  7.3732205E-06  1.0321792E-07  1.4071197E-10  3.0572376E-13  9.2048308E-07  2.3543589E-08  0.000E+00  1.550E-04  2.288E-04  9.591E-01  1.039E+00  6.59E+02  0.00E+00  2.31E+02  0.504073  0.010719  0.0000000E+00  4.2315147370E-02
 28  2.089789978833168E+07    6.999982  3.449939  4.460502  7.5049650E-01  2.4945980E-01  5.6173555E-07  3.7482626E-08  1.4852992E-06  6.1391634E-06  3.7176935E-08  1.0366981E-09  9.2048308E-07  2.3543589E-08  0.000E+00  0.2628  4.460502  -11.824  1.689338  7.665846  5.2732822E-01  4.7266243E-01  8.2817857E-08  2.2518826E-08  7.3732262E-06  1.0283363E-07  1.3969922E-10  3.0393841E-13  9.2048308E-07  2.3543589E-08  0.000E+00  1.536E-04  2.279E-04  9.589E-01  1.039E+00  6.56E+02  0.00E+00  2.30E+02  0.504991  0.010832  0.0000000E+00  4.2315109449E-02
 29  2.151857643648649E+07    6.999981  3.455134  4.460135  7.5037840E-01  2.4957830E-01  5.3627407E-07  3.6986208E-08  1.5629315E-06  6.0830696E-06  3.9270891E-08  9.9675095E-10  9.2048308E-07  2.3543589E-08  0.000E+00  0.2603  4.460135  -11.806  1.689856  7.666962  5.1913423E-01  4.8085645E-01  8.3210324E-08  2.2629004E-08  7.3730726E-06  1.0235304E-07  1.3696843E-10  3.0121584E-13  9.2048308E-07  2.3543589E-08  0.000E+00  1.521E-04  2.266E-04  9.588E-01  1.039E+00  6.54E+02  0.00E+00  2.30E+02  0.505838  0.010963  0.0000000E+00  4.2315066070E-02
 30  2.207244863969814E+07    6.999980  3.459846  4.459705  7.5025605E-01  2.4970105E-01  5.1270054E-07  3.6460145E-08  1.6378194E-06  6.0277487E-06  4.1237064E-08  9.5940300E-10  9.2048308E-07  2.3543589E-08  0.000E+00  0.2585  4.459705  -11.791  1.690602  7.668026  5.1094025E-01  4.8905036E-01  8.3300805E-08  2.2655513E-08  7.3731656E-06  1.0209297E-07  1.3772301E-10  3.0044493E-13  9.2048308E-07  2.3543589E-08  0.000E+00  1.508E-04  2.257E-04  9.586E-01  1.039E+00  6.51E+02  0.00E+00  2.30E+02  0.506778  0.011081  0.0000000E+00  4.2315025592E-02
 31  2.269505560763616E+07    6.999979  3.465156  4.459289  7.5011779E-01  2.4983961E-01  4.8890430E-07  3.5864565E-08  1.7165426E-06  5.9683891E-06  4.3244105E-08  9.2134203E-10  9.2048308E-07  2.3543589E-08  0.000E+00  0.2562  4.459289  -11.773  1.690990  7.669137  5.0274626E-01  4.9724439E-01  8.3321043E-08  2.2662650E-08  7.3733332E-06  1.0186426E-07  1.3927902E-10  3.0002720E-13  9.2048308E-07  2.3543589E-08  0.000E+00  1.492E-04  2.242E-04  9.585E-01  1.039E+00  6.49E+02  0.00E+00  2.29E+02  0.507498  0.011216  0.0000000E+00  4.2314978056E-02
 32  2.322619146621681E+07    6.999978  3.469847  4.458852  7.4998447E-01  2.4997333E-01  4.6837326E-07  3.5296547E-08  1.7872622E-06  5.9140293E-06  4.4990567E-08  8.8819463E-10  9.2048308E-07  2.3543589E-08  0.000E+00  0.2543  4.458852  -11.757  1.691995  7.670263  4.9455228E-01  5.0543837E-01  8.3784510E-08  2.2792591E-08  7.3731211E-06  1.0133220E-07  1.3581795E-10  2.9690020E-13  9.2048308E-07  2.3543589E-08  0.000E+00  1.479E-04  2.234E-04  9.583E-01  1.039E+00  6.46E+02  0.00E+00  2.29E+02  0.508643  0.011338  0.0000000E+00  4.2314935652E-02
 33  2.381417533731800E+07    6.999977  3.474980  4.458412  7.4983119E-01  2.5012691E-01  4.4719818E-07  3.4658130E-08  1.8630963E-06  5.8547095E-06  4.6802055E-08  8.5370054E-10  9.2048308E-07  2.3543589E-08  0.000E+00  0.2521  4.458412  -11.741  1.692430  7.671358  4.8635830E-01  5.1363240E-01  8.3854371E-08  2.2813491E-08  7.3732520E-06  1.0106317E-07  1.3665744E-10  2.9611637E-13  9.2048308E-07  2.3543589E-08  0.000E+00  1.464E-04  2.219E-04  9.581E-01  1.039E+00  6.44E+02  0.00E+00  2.28E+02  0.509525  0.011471  0.0000000E+00  4.2314886663E-02
 34  2.433837297576695E+07    6.999976  3.479754  4.457974  7.4968781E-01  2.5027069E-01  4.2939542E-07  3.4078630E-08  1.9293552E-06  5.8020255E-06  4.8329918E-08  8.2444485E-10  9.2048308E-07  2.3543589E-08  0.000E+00  0.2500  4.457974  -11.725  1.693534  7.672504  4.7816431E-01  5.2182639E-01  8.4308419E-08  2.2940939E-08  7.3730369E-06  1.0054975E-07  1.3362776E-10  2.9319388E-13  9.2048308E-07  2.3543589E-08  0.000E+00  1.451E-04  2.211E-04  9.579E-01  1.040E+00  6.42E+02  0.00E+00  2.28E+02  0.510389  0.011597  0.0000000E+00  4.2314841056E-02
 35  2.488327055793644E+07    6.999975  3.484629  4.457511  7.4950879E-01  2.5045011E-01  4.0939598E-07  3.3381368E-08  2.0066642E-06  5.7396117E-06  5.0047461E-08  7.9129716E-10  9.2048308E-07  2.3543589E-08  0.000E+00  0.2479  4.457511  -11.710  1.694197  7.673625  4.6997033E-01  5.3002027E-01  8.4499955E-08  2.2995642E-08  7.3730832E-06  1.0017472E-07  1.3311296E-10  2.9159962E-13  9.2048308E-07  2.3543589E-08  0.000E+00  1.436E-04  2.199E-04  9.578E-01  1.040E+00  6.39E+02  0.00E+00  2.27E+02  0.511050  0.011727  0.0000000E+00  4.2314791632E-02
 36  2.540486440701555E+07    6.999974  3.489437  4.457031  7.4933938E-01  2.5061982E-01  3.9239021E-07  3.2749532E-08  2.0749623E-06  5.6836637E-06  5.1505353E-08  7.6286881E-10  9.2048308E-07  2.3543589E-08  0.000E+00  0.2457  4.457031  -11.694  1.695084  7.674730  4.6177634E-01  5.3821436E-01  8.4871255E-08  2.3100215E-08  7.3729169E-06  9.9743194E-08  1.3103195E-10  2.8922901E-13  9.2048308E-07  2.3543589E-08  0.000E+00  1.422E-04  2.188E-04  9.577E-01  1.040E+00  6.37E+02  0.00E+00  2.27E+02  0.511913  0.011856  0.0000000E+00  4.2314742316E-02
 37  2.592698932892841E+07    6.999973  3.494300  4.456527  7.4916178E-01  2.5079772E-01  3.7623731E-07  3.2115771E-08  2.1421713E-06  5.6278982E-06  5.2884681E-08  7.3565268E-10  9.2048308E-07  2.3543589E-08  0.000E+00  0.2438  4.456527  -11.679  1.695960  7.675859  4.5358236E-01  5.4640834E-01  8.4967706E-08  2.3128506E-08  7.3730178E-06  9.9463962E-08  1.3173746E-10  2.8845754E-13  9.2048308E-07  2.3543589E-08  0.000E+00  1.408E-04  2.176E-04  9.575E-01  1.040E+00  6.34E+02  0.00E+00  2.26E+02  0.512703  0.011988  0.0000000E+00  4.2314690871E-02
 38  2.645734384644930E+07    6.999972  3.499375  4.456024  7.4898139E-01  2.5097841E-01  3.6136970E-07  3.1502105E-08  2.2062553E-06  5.5740743E-06  5.4146386E-08  7.1040562E-10  9.2048308E-07  2.3543589E-08  0.000E+00  0.2420  4.456024  -11.662  1.697049  7.677045  4.4538837E-01  5.5460231E-01  8.5281082E-08  2.3217254E-08  7.3729728E-06  9.8990038E-08  1.3010523E-10  2.8609428E-13  9.2048308E-07  2.3543589E-08  0.000E+00  1.393E-04  2.164E-04  9.573E-01  1.040E+00  6.32E+02  0.00E+00  2.26E+02  0.513703  0.012128  0.0000000E+00  4.2314636393E-02
 39  2.693326306582255E+07    6.999971  3.503850  4.455478  7.4876335E-01  2.5119685E-01  3.4516266E-07  3.0799002E-08  2.2787557E-06  5.5124349E-06  5.5509250E-08  6.8265816E-10  9.2048308E-07  2.3543589E-08  0.000E+00  0.2397  4.455478  -11.649  1.697957  7.678163  4.3719439E-01  5.6279621E-01  8.5466354E-08  2.3270267E-08  7.3729668E-06  9.8684905E-08  1.2994539E-10  2.8486636E-13  9.2048308E-07  2.3543589E-08  0.000E+00  1.380E-04  2.154E-04  9.572E-01  1.040E+00  6.29E+02  0.00E+00  2.26E+02  0.514680  0.012252  0.0000000E+00  4.2314585464E-02
 40  2.744128506069497E+07    6.999970  3.508740  4.454960  7.4855817E-01  2.5140233E-01  3.3134664E-07  3.0172174E-08  2.3427942E-06  5.4573818E-06  5.6658062E-08  6.5881902E-10  9.2048308E-07  2.3543589E-08  0.000E+00  0.2376  4.454960  -11.633  1.698978  7.679335  4.2900040E-01  5.7099020E-01  8.5804112E-08  2.3365751E-08  7.3728579E-06  9.8243266E-08  1.2831973E-10  2.8263494E-13  9.2048308E-07  2.3543589E-08  0.000E+00  1.366E-04  2.142E-04  9.570E-01  1.041E+00  6.27E+02  0.00E+00  2.25E+02  0.515400  0.012390  0.0000000E+00  4.2314528929E-02
 41  2.791025388061989E+07    6.999969  3.513335  4.454410  7.4834155E-01  2.5161925E-01  3.1808340E-07  2.9545333E-08  2.4064115E-06  5.4021291E-06  5.7746304E-08  6.3576108E-10  9.2048308E-07  2.3543589E-08  0.000E+00  0.2354  4.454410  -11.619  1.700079  7.680475  4.2080642E-01  5.7918425E-01  8.5966694E-08  2.3412582E-08  7.3729119E-06  9.7907305E-08  1.2827429E-10  2.8137219E-13  9.2048308E-07  2.3543589E-08  0.000E+00  1.353E-04  2.132E-04  9.568E-01  1.041E+00  6.24E+02  0.00E+00  2.25E+02  0.516429  0.012520  0.0000000E+00  4.2314474618E-02
 42  2.841371044981988E+07    6.999968  3.518302  4.453864  7.4812120E-01  2.5183990E-01  3.0576184E-07  2.8940889E-08  2.4674823E-06  5.3485894E-06  5.8742058E-08  6.1418543E-10  9.2048308E-07  2.3543589E-08  0.000E+00  0.2339  4.453864  -11.604  1.701169  7.681658  4.1261243E-01  5.8737825E-01  8.6288583E-08  2.3503738E-08  7.3728477E-06  9.7441028E-08  1.2670596E-10  2.7908655E-13  9.2048308E-07  2.3543589E-08  0.000E+00  1.338E-04  2.119E-04  9.567E-01  1.041E+00  6.22E+02  0.00E+00  2.24E+02  0.516953  0.012662  0.0000000E+00  4.2314413976E-02
 43  2.886778011761598E+07    6.999966  3.522895  4.453253  7.4790340E-01  2.5205797E-01  2.9461285E-07  2.8374614E-08  2.5245428E-06  5.2981241E-06  5.9627591E-08  5.9452506E-10  9.2048308E-07  2.3543589E-08  0.000E+00  0.2315  4.453253  -11.590  1.702360  7.682848  4.0441845E-01  5.9557215E-01  8.6502866E-08  2.3565029E-08  7.3728606E-06  9.7065689E-08  1.2628778E-10  2.7757122E-13  9.2048308E-07  2.3543589E-08  0.000E+00  1.325E-04  2.109E-04  9.566E-01  1.041E+00  6.19E+02  0.00E+00  2.24E+02  0.518002  0.012795  0.0000000E+00  4.2314357067E-02
 44  2.935641424964554E+07    6.999965  3.527805  4.452667  7.4765287E-01  2.5230873E-01  2.8288105E-07  2.7758455E-08  2.5865619E-06  5.2428054E-06  6.0540813E-08  5.7368959E-10  9.2048308E-07  2.3543589E-08  0.000E+00  0.2294  4.452667  -11.575  1.703325  7.684038  3.9622447E-01  6.0376613E-01  8.6642935E-08  2.3605723E-08  7.3729093E-06  9.6773059E-08  1.2658510E-10  2.7655963E-13  9.2048308E-07  2.3543589E-08  0.000E+00  1.311E-04  2.095E-04  9.564E-01  1.041E+00  6.17E+02  0.00E+00  2.23E+02  0.518989  0.012939  0.0000000E+00  4.2314293382E-02
 45  2.980198350708096E+07    6.999964  3.532470  4.452081  7.4737101E-01  2.5259089E-01  2.7087366E-07  2.7105888E-08  2.6522770E-06  5.1836768E-06  6.1452605E-08  5.5220202E-10  9.2048308E-07  2.3543589E-08  0.000E+00  0.2275  4.452081  -11.561  1.704808  7.685236  3.8803048E-01  6.1196015E-01  8.7061312E-08  2.3723838E-08  7.3727371E-06  9.6268901E-08  1.2442441E-10  2.7392284E-13  9.2048308E-07  2.3543589E-08  0.000E+00  1.297E-04  2.086E-04  9.563E-01  1.041E+00  6.14E+02  0.00E+00  2.23E+02  0.519626  0.013077  0.0000000E+00  4.2314232970E-02
 46  3.027230765700967E+07    6.999963  3.537325  4.451467  7.4710767E-01  2.5285453E-01  2.6062531E-07  2.6531216E-08  2.7102605E-06  5.1310855E-06  6.2210010E-08  5.3372808E-10  9.2048308E-07  2.3543589E-08  0.000E+00  0.2252  4.451467  -11.547  1.705871  7.686399  3.7983650E-01  6.2015416E-01  8.7189391E-08  2.3761237E-08  7.3728690E-06  9.5901457E-08  1.2450465E-10  2.7264891E-13  9.2048308E-07  2.3543589E-08  0.000E+00  1.283E-04  2.072E-04  9.561E-01  1.042E+00  6.12E+02  0.00E+00  2.22E+02  0.520541  0.013221  0.0000000E+00  4.2314166718E-02
 47  3.068760989249199E+07    6.999961  3.541761  4.450849  7.4685789E-01  2.5310451E-01  2.5168041E-07  2.6015537E-08  2.7624497E-06  5.0834117E-06  6.2852620E-08  5.1749460E-10  9.2048308E-07  2.3543589E-08  0.000E+00  0.2235  4.450849  -11.534  1.707490  7.687599  3.7164251E-01  6.2834817E-01  8.7606411E-08  2.3879043E-08  7.3726498E-06  9.5452965E-08  1.2264000E-10  2.7028326E-13  9.2048308E-07  2.3543589E-08  0.000E+00  1.269E-04  2.064E-04  9.560E-01  1.042E+00  6.09E+02  0.00E+00  2.21E+02  0.521089  0.013355  0.0000000E+00  4.2314105987E-02
 48  3.112480452585830E+07    6.999960  3.546363  4.450196  7.4656251E-01  2.5340029E-01  2.4194399E-07  2.5439035E-08  2.8210383E-06  5.0295230E-06  6.3530119E-08  4.9970444E-10  9.2048308E-07  2.3543589E-08  0.000E+00  0.2211  4.450196  -11.521  1.708741  7.688833  3.6344853E-01  6.3654210E-01  8.7764411E-08  2.3924816E-08  7.3726941E-06  9.5135292E-08  1.2278885E-10  2.6917789E-13  9.2048308E-07  2.3543589E-08  0.000E+00  1.256E-04  2.052E-04  9.558E-01  1.042E+00  6.07E+02  0.00E+00  2.21E+02  0.522013  0.013495  0.0000000E+00  4.2314039708E-02
 49  3.154384111485652E+07    6.999959  3.550880  4.449554  7.4629101E-01  2.5367199E-01  2.3370736E-07  2.4938624E-08  2.8721571E-06  4.9821924E-06  6.4083113E-08  4.8455201E-10  9.2048308E-07  2.3543589E-08  0.000E+00  0.2193  4.449554  -11.507  1.710370  7.690066  3.5525454E-01  6.4473606E-01  8.8218998E-08  2.4053257E-08  7.3724999E-06  9.4595489E-08  1.2048743E-10  2.6633657E-13  9.2048308E-07  2.3543589E-08  0.000E+00  1.242E-04  2.042E-04  9.557E-01  1.042E+00  6.04E+02  0.00E+00  2.20E+02  0.522633  0.013634  0.0000000E+00  4.2313973823E-02
 50  3.197199338562458E+07    6.999957  3.555587  4.448897  7.4598329E-01  2.5397994E-01  2.2509035E-07  2.4402328E-08  2.9272687E-06  4.9308477E-06  6.4639508E-08  4.6859455E-10  9.2048308E-07  2.3543589E-08  0.000E+00  0.2170  4.448897  -11.494  1.711794  7.691313  3.4706056E-01  6.5293014E-01  8.8240110E-08  2.4061073E-08  7.3727602E-06  9.4259576E-08  1.2139990E-10  2.6556756E-13  9.2048308E-07  2.3543589E-08  0.000E+00  1.229E-04  2.030E-04  9.555E-01  1.042E+00  6.02E+02  0.00E+00  2.20E+02  0.523453  0.013781  0.0000000E+00  4.2313904001E-02
 51  3.238058207503769E+07    6.999956  3.560144  4.448217  7.4571491E-01  2.5424851E-01  2.1813335E-07  2.3959450E-08  2.9730795E-06  4.8879197E-06  6.5070116E-08  4.5562804E-10  9.2048308E-07  2.3543589E-08  0.000E+00  0.2150  4.448217  -11.481  1.713508  7.692565  3.3886657E-01  6.6112403E-01  8.8765327E-08  2.4209261E-08  7.3724282E-06  9.3758854E-08  1.1892754E-10  2.6271586E-13  9.2048308E-07  2.3543589E-08  0.000E+00  1.215E-04  2.019E-04  9.554E-01  1.042E+00  5.99E+02  0.00E+00  2.19E+02  0.524160  0.013923  0.0000000E+00  4.2313834929E-02
 52  3.278626704719720E+07    6.999955  3.564649  4.447504  7.4538613E-01  2.5457757E-01  2.1022453E-07  2.3445173E-08  3.0266577E-06  4.8374385E-06  6.5537597E-08  4.4079488E-10  9.2048308E-07  2.3543589E-08  0.000E+00  0.2130  4.447504  -11.468  1.715035  7.693792  3.3067259E-01  6.6931801E-01  8.8993717E-08  2.4274838E-08  7.3724614E-06  9.3336482E-08  1.1834762E-10  2.6100572E-13  9.2048308E-07  2.3543589E-08  0.000E+00  1.201E-04  2.008E-04  9.553E-01  1.042E+00  5.97E+02  0.00E+00  2.19E+02  0.524600  0.014066  0.0000000E+00  4.2313763843E-02
 53  3.317514248761974E+07    6.999953  3.569065  4.446776  7.4502917E-01  2.5493475E-01  2.0232412E-07  2.2919566E-08  3.0819013E-06  4.7850819E-06  6.5978334E-08  4.2587334E-10  9.2048308E-07  2.3543589E-08  0.000E+00  0.2109  4.446776  -11.456  1.716875  7.695081  3.2247860E-01  6.7751208E-01  8.9280262E-08  2.4356655E-08  7.3723900E-06  9.2936132E-08  1.1764155E-10  2.5929961E-13  9.2048308E-07  2.3543589E-08  0.000E+00  1.188E-04  1.998E-04  9.552E-01  1.043E+00  5.94E+02  0.00E+00  2.18E+02  0.525487  0.014207  0.0000000E+00  4.2313693309E-02
 54  3.356271584479108E+07    6.999952  3.573494  4.446069  7.4466320E-01  2.5530100E-01  1.9485875E-07  2.2411973E-08  3.1357629E-06  4.7337495E-06  6.6368608E-08  4.1167527E-10  9.2048308E-07  2.3543589E-08  0.000E+00  0.2089  4.446069  -11.443  1.718651  7.696371  3.1428462E-01  6.8570599E-01  8.9572249E-08  2.4440024E-08  7.3723520E-06  9.2488635E-08  1.1677908E-10  2.5739373E-13  9.2048308E-07  2.3543589E-08  0.000E+00  1.175E-04  1.987E-04  9.550E-01  1.043E+00  5.92E+02  0.00E+00  2.17E+02  0.526217  0.014350  0.0000000E+00  4.2313620545E-02
 55  3.395537886217046E+07    6.999951  3.578033  4.445351  7.4433868E-01  2.5562581E-01  1.8871044E-07  2.1985814E-08  3.1814092E-06  4.6900318E-06  6.6669081E-08  3.9990743E-10  9.2048308E-07  2.3543589E-08  0.000E+00  0.2070  4.445351  -11.431  1.720533  7.697665  3.0609064E-01  6.9389996E-01  8.9967729E-08  2.4552345E-08  7.3721432E-06  9.2063278E-08  1.1544591E-10  2.5526188E-13  9.2048308E-07  2.3543589E-08  0.000E+00  1.161E-04  1.975E-04  9.549E-01  1.043E+00  5.89E+02  0.00E+00  2.17E+02  0.526631  0.014497  0.0000000E+00  4.2313544269E-02
 56  3.430542928586975E+07    6.999949  3.582166  4.444616  7.4400701E-01  2.5595762E-01  1.8286039E-07  2.1572954E-08  3.2260603E-06  4.6470701E-06  6.6934565E-08  3.8864114E-10  9.2048308E-07  2.3543589E-08  0.000E+00  0.2045  4.444616  -11.419  1.722543  7.698932  2.9789665E-01  7.0209398E-01  9.0178274E-08  2.4613088E-08  7.3722042E-06  9.1638569E-08  1.1506525E-10  2.5368421E-13  9.2048308E-07  2.3543589E-08  0.000E+00  1.149E-04  1.967E-04  9.548E-01  1.043E+00  5.87E+02  0.00E+00  2.16E+02  0.527317  0.014633  0.0000000E+00  4.2313473986E-02
 57  3.467971507730787E+07    6.999948  3.586557  4.443878  7.4367611E-01  2.5628869E-01  1.7740526E-07  2.1181500E-08  3.2688085E-06  4.6057644E-06  6.7163028E-08  3.7807334E-10  9.2048308E-07  2.3543589E-08  0.000E+00  0.2030  4.443878  -11.407  1.724689  7.700270  2.8970267E-01  7.1028803E-01  9.0575381E-08  2.4725952E-08  7.3720639E-06  9.1132191E-08  1.1359810E-10  2.5126245E-13  9.2048308E-07  2.3543589E-08  0.000E+00  1.135E-04  1.956E-04  9.547E-01  1.043E+00  5.85E+02  0.00E+00  2.15E+02  0.527689  0.014780  0.0000000E+00  4.2313396390E-02
 58  3.502033577679756E+07    6.999946  3.590664  4.443110  7.4331889E-01  2.5664621E-01  1.7190501E-07  2.0780243E-08  3.3130838E-06  4.5628033E-06  6.7372698E-08  3.6735381E-10  9.2048308E-07  2.3543589E-08  0.000E+00  0.2005  4.443110  -11.396  1.726794  7.701588  2.8150868E-01  7.1848202E-01  9.0855807E-08  2.4806279E-08  7.3720144E-06  9.0716759E-08  1.1300608E-10  2.4953239E-13  9.2048308E-07  2.3543589E-08  0.000E+00  1.123E-04  1.947E-04  9.546E-01  1.043E+00  5.82E+02  0.00E+00  2.15E+02  0.528275  0.014916  0.0000000E+00  4.2313323482E-02
 59  3.538626293801433E+07    6.999945  3.595047  4.442335  7.4292627E-01  2.5703903E-01  1.6626614E-07  2.0362093E-08  3.3597357E-06  4.5173485E-06  6.7564881E-08  3.5629634E-10  9.2048308E-07  2.3543589E-08  0.000E+00  0.1984  4.442335  -11.385  1.728831  7.702972  2.7331470E-01  7.2667592E-01  9.1041745E-08  2.4860283E-08  7.3721074E-06  9.0296367E-08  1.1282464E-10  2.4792410E-13  9.2048308E-07  2.3543589E-08  0.000E+00  1.109E-04  1.936E-04  9.546E-01  1.043E+00  5.80E+02  0.00E+00  2.14E+02  0.528647  0.015065  0.0000000E+00  4.2313242632E-02
 60  3.571774481817093E+07    6.999944  3.599191  4.441535  7.4253081E-01  2.5743469E-01  1.6098114E-07  1.9963636E-08  3.4047274E-06  4.4733278E-06  6.7721552E-08  3.4586591E-10  9.2048308E-07  2.3543589E-08  0.000E+00  0.1964  4.441535  -11.373  1.731446  7.704349  2.6512071E-01  7.3486994E-01  9.1382196E-08  2.4957214E-08  7.3719818E-06  8.9867759E-08  1.1201876E-10  2.4593585E-13  9.2048308E-07  2.3543589E-08  0.000E+00  1.096E-04  1.928E-04  9.545E-01  1.043E+00  5.77E+02  0.00E+00  2.13E+02  0.529220  0.015206  0.0000000E+00  4.2313167058E-02
 61  3.606730798665208E+07    6.999942  3.603447  4.440736  7.4214792E-01  2.5781778E-01  1.5619454E-07  1.9597307E-08  3.4465740E-06  4.4322302E-06  6.7842675E-08  3.3636232E-10  9.2048308E-07  2.3543589E-08  0.000E+00  0.1940  4.440736  -11.362  1.733694  7.705765  2.5692673E-01  7.4306387E-01  9.1723692E-08  2.5054458E-08  7.3719038E-06  8.9383023E-08  1.1108810E-10  2.4362486E-13  9.2048308E-07  2.3543589E-08  0.000E+00  1.083E-04  1.917E-04  9.544E-01  1.043E+00  5.75E+02  0.00E+00  2.13E+02  0.529731  0.015352  0.0000000E+00  4.2313084847E-02
 62  3.640510440450166E+07    6.999941  3.607675  4.439925  7.4177610E-01  2.5818980E-01  1.5184168E-07  1.9259331E-08  3.4856437E-06  4.3937209E-06  6.7933206E-08  3.2766831E-10  9.2048308E-07  2.3543589E-08  0.000E+00  0.1925  4.439925  -11.351  1.736346  7.707184  2.4873274E-01  7.5125790E-01  9.2216937E-08  2.5194175E-08  7.3716227E-06  8.8876497E-08  1.0949693E-10  2.4076070E-13  9.2048308E-07  2.3543589E-08  0.000E+00  1.071E-04  1.906E-04  9.543E-01  1.044E+00  5.72E+02  0.00E+00  2.12E+02  0.530146  0.015499  0.0000000E+00  4.2313002863E-02
 63  3.673098762216303E+07    6.999939  3.611847  4.439131  7.4134124E-01  2.5862486E-01  1.4707606E-07  1.8884034E-08  3.5295703E-06  4.3502713E-06  6.8009613E-08  3.1809239E-10  9.2048308E-07  2.3543589E-08  0.000E+00  0.1900  4.439131  -11.340  1.738999  7.708646  2.4053876E-01  7.5945186E-01  9.2414584E-08  2.5251152E-08  7.3716767E-06  8.8481258E-08  1.0947895E-10  2.3902674E-13  9.2048308E-07  2.3543589E-08  0.000E+00  1.059E-04  1.897E-04  9.541E-01  1.044E+00  5.70E+02  0.00E+00  2.11E+02  0.530793  0.015645  0.0000000E+00  4.2312921288E-02
 64  3.704885190037067E+07    6.999938  3.615929  4.438310  7.4098018E-01  2.5898612E-01  1.4335994E-07  1.8587523E-08  3.5647022E-06  4.3154071E-06  6.8051554E-08  3.1058216E-10  9.2048308E-07  2.3543589E-08  0.000E+00  0.1884  4.438310  -11.329  1.742000  7.710165  2.3234477E-01  7.6764584E-01  9.2859896E-08  2.5377283E-08  7.3713642E-06  8.8090479E-08  1.0858024E-10  2.3662623E-13  9.2048308E-07  2.3543589E-08  0.000E+00  1.046E-04  1.889E-04  9.541E-01  1.044E+00  5.68E+02  0.00E+00  2.11E+02  0.531192  0.015789  0.0000000E+00  4.2312839299E-02
 65  3.737503970835384E+07    6.999936  3.620172  4.437511  7.4058379E-01  2.5938271E-01  1.3951721E-07  1.8277127E-08  3.6019274E-06  4.2783524E-06  6.8076619E-08  3.0277284E-10  9.2048308E-07  2.3543589E-08  0.000E+00  0.1860  4.437511  -11.318  1.744954  7.711703  2.2415079E-01  7.7583981E-01  9.3242517E-08  2.5485935E-08  7.3713467E-06  8.7468017E-08  1.0740344E-10  2.3347096E-13  9.2048308E-07  2.3543589E-08  0.000E+00  1.034E-04  1.880E-04  9.540E-01  1.044E+00  5.65E+02  0.00E+00  2.10E+02  0.531544  0.015940  0.0000000E+00  4.2312752571E-02
 66  3.767267474801312E+07    6.999935  3.624068  4.436681  7.4013423E-01  2.5983247E-01  1.3542540E-07  1.7942451E-08  3.6425935E-06  4.2377464E-06  6.8081980E-08  2.9440854E-10  9.2048308E-07  2.3543589E-08  0.000E+00  0.1840  4.436681  -11.308  1.748152  7.713282  2.1595681E-01  7.8403385E-01  9.3632929E-08  2.5596552E-08  7.3710954E-06  8.7099244E-08  1.0687278E-10  2.3112109E-13  9.2048308E-07  2.3543589E-08  0.000E+00  1.022E-04  1.873E-04  9.539E-01  1.044E+00  5.63E+02  0.00E+00  2.09E+02  0.532001  0.016080  0.0000000E+00  4.2312671066E-02
 67  3.797816594565470E+07    6.999933  3.628135  4.435840  7.3976021E-01  2.6020659E-01  1.3221753E-07  1.7677024E-08  3.6752589E-06  4.2050354E-06  6.8069657E-08  2.8781450E-10  9.2048308E-07  2.3543589E-08  0.000E+00  0.1818  4.435840  -11.298  1.751528  7.714918  2.0776282E-01  7.9222785E-01  9.3960673E-08  2.5689553E-08  7.3709874E-06  8.6671824E-08  1.0651028E-10  2.2866211E-13  9.2048308E-07  2.3543589E-08  0.000E+00  1.009E-04  1.864E-04  9.538E-01  1.044E+00  5.61E+02  0.00E+00  2.09E+02  0.532438  0.016228  0.0000000E+00  4.2312584980E-02
 68  3.828047540318462E+07    6.999932  3.632112  4.434983  7.3933091E-01  2.6063609E-01  1.2874259E-07  1.7386321E-08  3.7114949E-06  4.1686494E-06  6.8038103E-08  2.8063232E-10  9.2048308E-07  2.3543589E-08  0.000E+00  0.1797  4.434983  -11.288  1.754872  7.716605  1.9956884E-01  8.0042186E-01  9.4512823E-08  2.5845395E-08  7.3706985E-06  8.6075505E-08  1.0503424E-10  2.2491845E-13  9.2048308E-07  2.3543589E-08  0.000E+00  9.978E-05  1.856E-04  9.537E-01  1.044E+00  5.58E+02  0.00E+00  2.08E+02  0.533037  0.016373  0.0000000E+00  4.2312497285E-02
 69  3.856212068355644E+07    6.999930  3.635985  4.434165  7.3888507E-01  2.6108213E-01  1.2534402E-07  1.7098829E-08  3.7478197E-06  4.1320736E-06  6.7988030E-08  2.7356782E-10  9.2048308E-07  2.3543589E-08  0.000E+00  0.1777  4.434165  -11.278  1.758829  7.718326  1.9137485E-01  8.0861584E-01  9.4901442E-08  2.5955274E-08  7.3704977E-06  8.5652292E-08  1.0464612E-10  2.2220715E-13  9.2048308E-07  2.3543589E-08  0.000E+00  9.863E-05  1.850E-04  9.537E-01  1.044E+00  5.56E+02  0.00E+00  2.07E+02  0.533384  0.016515  0.0000000E+00  4.2312413237E-02
 70  3.884360600617558E+07    6.999929  3.639849  4.433335  7.3845395E-01  2.6151342E-01  1.2224084E-07  1.6833584E-08  3.7817809E-06  4.0977895E-06  6.7924838E-08  2.6708184E-10  9.2048308E-07  2.3543589E-08  0.000E+00  0.1757  4.433335  -11.268  1.762798  7.720101  1.8318087E-01  8.1680983E-01  9.5354847E-08  2.6083179E-08  7.3702677E-06  8.5154055E-08  1.0393725E-10  2.1896342E-13  9.2048308E-07  2.3543589E-08  0.000E+00  9.749E-05  1.843E-04  9.536E-01  1.044E+00  5.54E+02  0.00E+00  2.07E+02  0.533763  0.016659  0.0000000E+00  4.2312326906E-02
 71  3.912367702638359E+07    6.999927  3.643731  4.432503  7.3803117E-01  2.6193633E-01  1.1935829E-07  1.6584809E-08  3.8140458E-06  4.0651403E-06  6.7850110E-08  2.6102529E-10  9.2048308E-07  2.3543589E-08  0.000E+00  0.1736  4.432503  -11.258  1.766949  7.721923  1.7498688E-01  8.2500372E-01  9.5809814E-08  2.6211424E-08  7.3700686E-06  8.4618108E-08  1.0321852E-10  2.1549531E-13  9.2048308E-07  2.3543589E-08  0.000E+00  9.635E-05  1.837E-04  9.535E-01  1.044E+00  5.51E+02  0.00E+00  2.06E+02  0.534114  0.016804  0.0000000E+00  4.2312238608E-02
 72  3.939939693431901E+07    6.999926  3.647588  4.431695  7.3761616E-01  2.6235154E-01  1.1667617E-07  1.6351173E-08  3.8447398E-06  4.0340093E-06  6.7765363E-08  2.5536057E-10  9.2048308E-07  2.3543589E-08  0.000E+00  0.1715  4.431695  -11.249  1.771205  7.723806  1.6679290E-01  8.3319770E-01  9.6320135E-08  2.6355048E-08  7.3697784E-06  8.4093509E-08  1.0246189E-10  2.1185639E-13  9.2048308E-07  2.3543589E-08  0.000E+00  9.526E-05  1.830E-04  9.534E-01  1.044E+00  5.49E+02  0.00E+00  2.05E+02  0.534531  0.016950  0.0000000E+00  4.2312149251E-02
 73  3.965475179330096E+07    6.999924  3.651201  4.430895  7.3721901E-01  2.6274879E-01  1.1423789E-07  1.6136911E-08  3.8732468E-06  4.0050343E-06  6.7674503E-08  2.5018489E-10  9.2048308E-07  2.3543589E-08  0.000E+00  0.1694  4.430895  -11.239  1.775859  7.725773  1.5859891E-01  8.4139173E-01  9.6868291E-08  2.6509135E-08  7.3693891E-06  8.3618827E-08  1.0184889E-10  2.0823383E-13  9.2048308E-07  2.3543589E-08  0.000E+00  9.420E-05  1.826E-04  9.534E-01  1.044E+00  5.47E+02  0.00E+00  2.05E+02  0.534810  0.017088  0.0000000E+00  4.2312064284E-02
 74  3.991749270848785E+07    6.999923  3.654943  4.430076  7.3681408E-01  2.6315390E-01  1.1187267E-07  1.5927339E-08  3.9014789E-06  3.9762803E-06  6.7572932E-08  2.4513968E-10  9.2048308E-07  2.3543589E-08  0.000E+00  0.1674  4.430076  -11.230  1.780804  7.727844  1.5040493E-01  8.4958569E-01  9.7202081E-08  2.6602962E-08  7.3692794E-06  8.3183698E-08  1.0192568E-10  2.0516944E-13  9.2048308E-07  2.3543589E-08  0.000E+00  9.316E-05  1.821E-04  9.533E-01  1.045E+00  5.45E+02  0.00E+00  2.04E+02  0.535289  0.017232  0.0000000E+00  4.2311974556E-02
 75  4.018009218570092E+07    6.999921  3.658743  4.429255  7.3630805E-01  2.6366005E-01  1.0907118E-07  1.5676935E-08  3.9356751E-06  3.9413771E-06  6.7434861E-08  2.3913210E-10  9.2048308E-07  2.3543589E-08  0.000E+00  0.1654  4.429255  -11.221  1.785959  7.729989  1.4221095E-01  8.5777968E-01  9.8056907E-08  2.6842759E-08  7.3686494E-06  8.2470733E-08  1.0032904E-10  1.9977674E-13  9.2048308E-07  2.3543589E-08  0.000E+00  9.211E-05  1.816E-04  9.532E-01  1.045E+00  5.43E+02  0.00E+00  2.03E+02  0.535715  0.017378  0.0000000E+00  4.2311882439E-02
 76  4.043560189789427E+07    6.999919  3.662469  4.428482  7.3585215E-01  2.6411615E-01  1.0667643E-07  1.5461072E-08  3.9655603E-06  3.9108111E-06  6.7301301E-08  2.3396964E-10  9.2048308E-07  2.3543589E-08  0.000E+00  0.1635  4.428482  -11.211  1.791458  7.732247  1.3401696E-01  8.6597367E-01  9.8398444E-08  2.6938094E-08  7.3684874E-06  8.2083103E-08  1.0068706E-10  1.9676022E-13  9.2048308E-07  2.3543589E-08  0.000E+00  9.110E-05  1.812E-04  9.532E-01  1.045E+00  5.40E+02  0.00E+00  2.03E+02  0.536102  0.017523  0.0000000E+00  4.2311790365E-02
 77  4.068232512665156E+07    6.999918  3.666193  4.427726  7.3541825E-01  2.6455017E-01  1.0450958E-07  1.5264208E-08  3.9931794E-06  3.8825084E-06  6.7166550E-08  2.2927482E-10  9.2048308E-07  2.3543589E-08  0.000E+00  0.1615  4.427726  -11.202  1.797534  7.734587  1.2582298E-01  8.7416763E-01  9.9052138E-08  2.7120982E-08  7.3680038E-06  8.1539900E-08  1.0014350E-10  1.9234220E-13  9.2048308E-07  2.3543589E-08  0.000E+00  9.016E-05  1.811E-04  9.530E-01  1.045E+00  5.38E+02  0.00E+00  2.02E+02  0.536695  0.017669  0.0000000E+00  4.2311699073E-02
 78  4.093361245024498E+07    6.999916  3.669925  4.427006  7.3498239E-01  2.6498621E-01  1.0243342E-07  1.5074208E-08  4.0201751E-06  3.8547955E-06  6.7024486E-08  2.2475491E-10  9.2048308E-07  2.3543589E-08  0.000E+00  0.1595  4.427006  -11.192  1.803732  7.737065  1.1762899E-01  8.8236166E-01  9.9820660E-08  2.7335906E-08  7.3674745E-06  8.0856714E-08  9.9293310E-11  1.8705857E-13  9.2048308E-07  2.3543589E-08  0.000E+00  8.924E-05  1.807E-04  9.529E-01  1.045E+00  5.36E+02  0.00E+00  2.02E+02  0.537257  0.017818  0.0000000E+00  4.2311603552E-02
 79  4.117731654577239E+07    6.999915  3.673682  4.426328  7.3451107E-01  2.6545763E-01  1.0029755E-07  1.4877278E-08  4.0485372E-06  3.8256267E-06  6.6863830E-08  2.2008137E-10  9.2048308E-07  2.3543589E-08  0.000E+00  0.1574  4.426328  -11.182  1.810469  7.739658  1.0943501E-01  8.9055561E-01  1.0044215E-07  2.7509137E-08  7.3670691E-06  8.0278650E-08  9.9040312E-11  1.8249224E-13  9.2048308E-07  2.3543589E-08  0.000E+00  8.831E-05  1.805E-04  9.528E-01  1.045E+00  5.34E+02  0.00E+00  2.01E+02  0.537636  0.017967  0.0000000E+00  4.2311508362E-02
 80  4.140957617886484E+07    6.999913  3.677263  4.425696  7.3403878E-01  2.6593012E-01  9.8259358E-08  1.4688003E-08  4.0761665E-06  3.7971619E-06  6.6696496E-08  2.1559924E-10  9.2048308E-07  2.3543589E-08  0.000E+00  0.1551  4.425696  -11.173  1.817901  7.742424  1.0124102E-01  8.9874966E-01  1.0136963E-07  2.7768150E-08  7.3663194E-06  7.9581324E-08  9.8226004E-11  1.7667453E-13  9.2048308E-07  2.3543589E-08  0.000E+00  8.750E-05  1.807E-04  9.527E-01  1.045E+00  5.33E+02  0.00E+00  2.01E+02  0.538226  0.018112  0.0000000E+00  4.2311415234E-02
 81  4.163704383383399E+07    6.999912  3.680803  4.425135  7.3354167E-01  2.6642733E-01  9.6215915E-08  1.4496911E-08  4.1044449E-06  3.7679786E-06  6.6514210E-08  2.1108290E-10  9.2048308E-07  2.3543589E-08  0.000E+00  0.1526  4.425135  -11.164  1.825618  7.745343  9.3047038E-02  9.0694360E-01  1.0226094E-07  2.8016597E-08  7.3656584E-06  7.8843414E-08  9.7615999E-11  1.7077838E-13  9.2048308E-07  2.3543589E-08  0.000E+00  8.672E-05  1.808E-04  9.526E-01  1.045E+00  5.31E+02  0.00E+00  2.00E+02  0.538770  0.018254  0.0000000E+00  4.2311321606E-02
 82  4.186051522656740E+07    6.999910  3.684455  4.424643  7.3309698E-01  2.6687212E-01  9.4471649E-08  1.4332722E-08  4.1290673E-06  3.7425274E-06  6.6346321E-08  2.0720901E-10  9.2048308E-07  2.3543589E-08  0.000E+00  0.1501  4.424643  -11.154  1.834413  7.748509  8.4853054E-02  9.1513759E-01  1.0288027E-07  2.8187724E-08  7.3652527E-06  7.8270747E-08  9.7783654E-11  1.6623672E-13  9.2048308E-07  2.3543589E-08  0.000E+00  8.599E-05  1.812E-04  9.525E-01  1.045E+00  5.29E+02  0.00E+00  2.00E+02  0.539368  0.018404  0.0000000E+00  4.2311227119E-02
 83  4.206741161316703E+07    6.999909  3.687866  4.424255  7.3265813E-01  2.6731108E-01  9.2824142E-08  1.4176707E-08  4.1527626E-06  3.7179985E-06  6.6176501E-08  2.0353317E-10  9.2048308E-07  2.3543589E-08  0.000E+00  0.1477  4.424255  -11.145  1.844034  7.751880  7.6659069E-02  9.2333162E-01  1.0400666E-07  2.8501279E-08  7.3642804E-06  7.7495146E-08  9.7219997E-11  1.5960579E-13  9.2048308E-07  2.3543589E-08  0.000E+00  8.537E-05  1.819E-04  9.524E-01  1.046E+00  5.28E+02  0.00E+00  1.99E+02  0.540025  0.018544  0.0000000E+00  4.2311137319E-02
 84  4.227684563649698E+07    6.999907  3.691373  4.423963  7.3216053E-01  2.6780887E-01  9.1036831E-08  1.4006449E-08  4.1789567E-06  3.6908433E-06  6.5979641E-08  1.9952684E-10  9.2048308E-07  2.3543589E-08  0.000E+00  0.1451  4.423963  -11.135  1.854469  7.755565  6.8465085E-02  9.3152556E-01  1.0504957E-07  2.8790386E-08  7.3634212E-06  7.6731385E-08  9.6991285E-11  1.5329799E-13  9.2048308E-07  2.3543589E-08  0.000E+00  8.486E-05  1.828E-04  9.522E-01  1.046E+00  5.26E+02  0.00E+00  1.99E+02  0.540995  0.018689  0.0000000E+00  4.2311043987E-02
 85  4.247492040371817E+07    6.999906  3.694709  4.423787  7.3169000E-01  2.6827950E-01  8.9421316E-08  1.3851643E-08  4.2030948E-06  3.6657832E-06  6.5789645E-08  1.9588820E-10  9.2048308E-07  2.3543589E-08  0.000E+00  0.1423  4.423787  -11.125  1.866368  7.759636  6.0271100E-02  9.3971960E-01  1.0634907E-07  2.9150920E-08  7.3623701E-06  7.5757172E-08  9.6464745E-11  1.4576884E-13  9.2048308E-07  2.3543589E-08  0.000E+00  8.446E-05  1.842E-04  9.520E-01  1.046E+00  5.25E+02  0.00E+00  1.99E+02  0.542104  0.018828  0.0000000E+00  4.2310953282E-02
 86  4.252862326931275E+07    6.999905  3.695674  4.423803  7.3158985E-01  2.6837966E-01  8.9086641E-08  1.3819462E-08  4.2081532E-06  3.6605270E-06  6.5748762E-08  1.9513224E-10  9.2048308E-07  2.3543589E-08  0.000E+00  0.1415  4.423803  -11.122  1.869944  7.760886  5.7873830E-02  9.4211682E-01  1.0695300E-07  2.9319398E-08  7.3618316E-06  7.5360629E-08  9.6117191E-11  1.4253613E-13  9.2048308E-07  2.3543589E-08  0.000E+00  8.434E-05  1.847E-04  9.519E-01  1.046E+00  5.25E+02  0.00E+00  1.99E+02  0.542227  0.018870  0.0000000E+00  4.2310928247E-02
 87  4.258103785193217E+07    6.999905  3.696637  4.423832  7.3144163E-01  2.6852793E-01  8.8596722E-08  1.3772285E-08  4.2155936E-06  3.6527930E-06  6.5687976E-08  1.9402429E-10  9.2048308E-07  2.3543589E-08  0.000E+00  0.1406  4.423832  -11.119  1.874041  7.762228  5.5476559E-02  9.4451407E-01  1.0719568E-07  2.9385611E-08  7.3615995E-06  7.5220695E-08  9.6304232E-11  1.4127474E-13  9.2048308E-07  2.3543589E-08  0.000E+00  8.431E-05  1.853E-04  9.518E-01  1.046E+00  5.25E+02  0.00E+00  1.99E+02  0.542711  0.018910  0.0000000E+00  4.2310903621E-02
 88  4.263743062519418E+07    6.999904  3.697593  4.423871  7.3132646E-01  2.6864314E-01  8.8220640E-08  1.3736016E-08  4.2213345E-06  3.6468234E-06  6.5640535E-08  1.9317269E-10  9.2048308E-07  2.3543589E-08  0.000E+00  0.1398  4.423871  -11.116  1.877953  7.763561  5.3079289E-02  9.4691132E-01  1.0760671E-07  2.9499348E-08  7.3612521E-06  7.4929862E-08  9.6228214E-11  1.3902486E-13  9.2048308E-07  2.3543589E-08  0.000E+00  8.426E-05  1.858E-04  9.518E-01  1.046E+00  5.24E+02  0.00E+00  1.99E+02  0.543098  0.018950  0.0000000E+00  4.2310876913E-02
 89  4.268938137560251E+07    6.999904  3.698579  4.423941  7.3119924E-01  2.6877036E-01  8.7809925E-08  1.3696350E-08  4.2276343E-06  3.6402703E-06  6.5587926E-08  1.9224155E-10  9.2048308E-07  2.3543589E-08  0.000E+00  0.1390  4.423941  -11.113  1.882323  7.764990  5.0682018E-02  9.4930863E-01  1.0808494E-07  2.9631862E-08  7.3608299E-06  7.4611962E-08  9.6131310E-11  1.3654467E-13  9.2048308E-07  2.3543589E-08  0.000E+00  8.423E-05  1.864E-04  9.517E-01  1.046E+00  5.24E+02  0.00E+00  2.00E+02  0.543549  0.018992  0.0000000E+00  4.2310852103E-02
 90  4.274431307138671E+07    6.999904  3.699533  4.424039  7.3107938E-01  2.6889032E-01  8.7427131E-08  1.3659329E-08  4.2335347E-06  3.6341305E-06  6.5538124E-08  1.9137264E-10  9.2048308E-07  2.3543589E-08  0.000E+00  0.1380  4.424039  -11.110  1.886565  7.766458  4.8284748E-02  9.5170591E-01  1.0867860E-07  2.9796818E-08  7.3603184E-06  7.4202385E-08  9.5905357E-11  1.3342048E-13  9.2048308E-07  2.3543589E-08  0.000E+00  8.419E-05  1.871E-04  9.516E-01  1.046E+00  5.24E+02  0.00E+00  2.00E+02  0.543762  0.019032  0.0000000E+00  4.2310825645E-02
 91  4.279512549622747E+07    6.999903  3.700527  4.424166  7.3095050E-01  2.6901929E-01  8.7020223E-08  1.3619921E-08  4.2398370E-06  3.6275701E-06  6.5484378E-08  1.9044788E-10  9.2048308E-07  2.3543589E-08  0.000E+00  0.1372  4.424166  -11.106  1.891364  7.768007  4.5887477E-02  9.5410314E-01  1.0909056E-07  2.9910273E-08  7.3599379E-06  7.3948430E-08  9.5963896E-11  1.3141937E-13  9.2048308E-07  2.3543589E-08  0.000E+00  8.420E-05  1.879E-04  9.515E-01  1.046E+00  5.24E+02  0.00E+00  2.00E+02  0.544246  0.019074  0.0000000E+00  4.2310800958E-02
 92  4.285023060398468E+07    6.999903  3.701497  4.424317  7.3082265E-01  2.6914715E-01  8.6621259E-08  1.3581227E-08  4.2460470E-06  3.6211037E-06  6.5430861E-08  1.8954004E-10  9.2048308E-07  2.3543589E-08  0.000E+00  0.1364  4.424317  -11.103  1.896226  7.769643  4.3490207E-02  9.5650046E-01  1.0957265E-07  3.0043284E-08  7.3595011E-06  7.3641320E-08  9.5965336E-11  1.2905461E-13  9.2048308E-07  2.3543589E-08  0.000E+00  8.423E-05  1.886E-04  9.514E-01  1.046E+00  5.24E+02  0.00E+00  2.00E+02  0.544746  0.019115  0.0000000E+00  4.2310773949E-02
 93  4.289957047609335E+07    6.999902  3.702506  4.424502  7.3072301E-01  2.6924679E-01  8.6313656E-08  1.3551356E-08  4.2508560E-06  3.6160944E-06  6.5389033E-08  1.8883931E-10  9.2048308E-07  2.3543589E-08  0.000E+00  0.1354  4.424502  -11.100  1.901319  7.771303  4.1092937E-02  9.5889774E-01  1.1021357E-07  3.0220999E-08  7.3589390E-06  7.3210823E-08  9.5787063E-11  1.2589941E-13  9.2048308E-07  2.3543589E-08  0.000E+00  8.426E-05  1.897E-04  9.514E-01  1.047E+00  5.24E+02  0.00E+00  2.00E+02  0.545097  0.019158  0.0000000E+00  4.2310749542E-02
 94  4.295227569158173E+07    6.999902  3.703475  4.424731  7.3061661E-01  2.6935319E-01  8.5988138E-08  1.3519710E-08  4.2559653E-06  3.6107709E-06  6.5344229E-08  1.8809703E-10  9.2048308E-07  2.3543589E-08  0.000E+00  0.1345  4.424731  -11.096  1.906731  7.773074  3.8695666E-02  9.6129501E-01  1.1082551E-07  3.0390248E-08  7.3583966E-06  7.2806789E-08  9.5694149E-11  1.2298417E-13  9.2048308E-07  2.3543589E-08  0.000E+00  8.438E-05  1.907E-04  9.512E-01  1.047E+00  5.24E+02  0.00E+00  2.00E+02  0.545896  0.019200  0.0000000E+00  4.2310723220E-02
 95  4.300687901348535E+07    6.999902  3.704516  4.425014  7.3052151E-01  2.6944837E-01  8.5699647E-08  1.3491631E-08  4.2605116E-06  3.6060327E-06  6.5304029E-08  1.8743852E-10  9.2048308E-07  2.3543589E-08  0.000E+00  0.1336  4.425014  -11.092  1.912432  7.774985  3.6298396E-02  9.6369227E-01  1.1136023E-07  3.0537372E-08  7.3578997E-06  7.2480759E-08  9.5757539E-11  1.2058694E-13  9.2048308E-07  2.3543589E-08  0.000E+00  8.451E-05  1.917E-04  9.511E-01  1.047E+00  5.24E+02  0.00E+00  2.01E+02  0.546575  0.019246  0.0000000E+00  4.2310695676E-02
 96  4.305698053202175E+07    6.999901  3.705648  4.425330  7.3041650E-01  2.6955330E-01  8.5384624E-08  1.3460935E-08  4.2654969E-06  3.6008354E-06  6.5259572E-08  1.8671868E-10  9.2048308E-07  2.3543589E-08  0.000E+00  0.1325  4.425330  -11.088  1.918559  7.776929  3.3901125E-02  9.6608956E-01  1.1207514E-07  3.0735201E-08  7.3572615E-06  7.2013859E-08  9.5625646E-11  1.1735814E-13  9.2048308E-07  2.3543589E-08  0.000E+00  8.465E-05  1.928E-04  9.509E-01  1.047E+00  5.24E+02  0.00E+00  2.01E+02  0.547289  0.019294  0.0000000E+00  4.2310670142E-02
 97  4.310612838452970E+07    6.999901  3.706620  4.425704  7.3025315E-01  2.6971675E-01  8.4899808E-08  1.3413627E-08  4.2732082E-06  3.5927934E-06  6.5190097E-08  1.8560944E-10  9.2048308E-07  2.3543589E-08  0.000E+00  0.1315  4.425704  -11.084  1.924884  7.779058  3.1503855E-02  9.6848681E-01  1.1285105E-07  3.0949665E-08  7.3565058E-06  7.1579211E-08  9.5602069E-11  1.1405659E-13  9.2048308E-07  2.3543589E-08  0.000E+00  8.485E-05  1.941E-04  9.508E-01  1.047E+00  5.24E+02  0.00E+00  2.01E+02  0.547986  0.019336  0.0000000E+00  4.2310644820E-02
 98  4.315399898924299E+07    6.999900  3.707725  4.426180  7.3012114E-01  2.6984885E-01  8.4512782E-08  1.3375807E-08  4.2793958E-06  3.5863381E-06  6.5133776E-08  1.8472278E-10  9.2048308E-07  2.3543589E-08  0.000E+00  0.1306  4.426180  -11.080  1.931970  7.781285  2.9106585E-02  9.7088410E-01  1.1363906E-07  3.1167410E-08  7.3557701E-06  7.1101683E-08  9.5559544E-11  1.1074163E-13  9.2048308E-07  2.3543589E-08  0.000E+00  8.509E-05  1.957E-04  9.506E-01  1.047E+00  5.24E+02  0.00E+00  2.02E+02  0.548699  0.019383  0.0000000E+00  4.2310619892E-02
 99  4.320359931427448E+07    6.999900  3.708788  4.426733  7.3001086E-01  2.6995914E-01  8.4192705E-08  1.3344493E-08  4.2845352E-06  3.5809746E-06  6.5086594E-08  1.8398870E-10  9.2048308E-07  2.3543589E-08  0.000E+00  0.1294  4.426733  -11.075  1.939345  7.783716  2.6709314E-02  9.7328135E-01  1.1453159E-07  3.1414360E-08  7.3549272E-06  7.0571251E-08  9.5523351E-11  1.0691208E-13  9.2048308E-07  2.3543589E-08  0.000E+00  8.544E-05  1.972E-04  9.504E-01  1.047E+00  5.25E+02  0.00E+00  2.02E+02  0.549714  0.019430  0.0000000E+00  4.2310593755E-02
100  4.324981561573263E+07    6.999899  3.709967  4.427377  7.2989417E-01  2.7007583E-01  8.3857632E-08  1.3311670E-08  4.2899398E-06  3.5753329E-06  6.5036541E-08  1.8321934E-10  9.2048308E-07  2.3543589E-08  0.000E+00  0.1284  4.427377  -11.069  1.947774  7.786365  2.4312044E-02  9.7567863E-01  1.1541537E-07  3.1658957E-08  7.3541045E-06  7.0032359E-08  9.5552818E-11  1.0318609E-13  9.2048308E-07  2.3543589E-08  0.000E+00  8.580E-05  1.992E-04  9.503E-01  1.048E+00  5.25E+02  0.00E+00  2.03E+02  0.550621  0.019482  0.0000000E+00  4.2310569092E-02
101  4.329676907432593E+07    6.999899  3.711132  4.428150  7.2978338E-01  2.7018662E-01  8.3542477E-08  1.3280766E-08  4.2950431E-06  3.5700042E-06  6.4988917E-08  1.8249499E-10  9.2048308E-07  2.3543589E-08  0.000E+00  0.1272  4.428150  -11.064  1.956996  7.789262  2.1914773E-02  9.7807588E-01  1.1648918E-07  3.1957043E-08  7.3531232E-06  6.9355766E-08  9.5516360E-11  9.8467860E-14  9.2048308E-07  2.3543589E-08  0.000E+00  8.628E-05  2.015E-04  9.501E-01  1.048E+00  5.26E+02  0.00E+00  2.03E+02  0.551746  0.019532  0.0000000E+00  4.2310543704E-02
102  4.334390599505181E+07    6.999899  3.712422  4.429114  7.2966347E-01  2.7030661E-01  8.3204594E-08  1.3247595E-08  4.3005378E-06  3.5642651E-06  6.4937217E-08  1.8171756E-10  9.2048308E-07  2.3543589E-08  0.000E+00  0.1259  4.429114  -11.058  1.967072  7.792512  1.9517503E-02  9.8047319E-01  1.1753637E-07  3.2247917E-08  7.3521609E-06  6.8701572E-08  9.5642868E-11  9.3901644E-14  9.2048308E-07  2.3543589E-08  0.000E+00  8.692E-05  2.039E-04  9.497E-01  1.048E+00  5.27E+02  0.00E+00  2.04E+02  0.553192  0.019589  0.0000000E+00  4.2310517821E-02
103  4.338873588536790E+07    6.999898  3.713852  4.430248  7.2954870E-01  2.7042140E-01  8.2884586E-08  1.3216142E-08  4.3057650E-06  3.5588038E-06  6.4887621E-08  1.8098042E-10  9.2048308E-07  2.3543589E-08  0.000E+00  0.1245  4.430248  -11.050  1.978879  7.796173  1.7120232E-02  9.8287044E-01  1.1866886E-07  3.2563298E-08  7.3511373E-06  6.7973590E-08  9.5833338E-11  8.8966147E-14  9.2048308E-07  2.3543589E-08  0.000E+00  8.762E-05  2.070E-04  9.495E-01  1.048E+00  5.28E+02  0.00E+00  2.05E+02  0.554500  0.019653  0.0000000E+00  4.2310492790E-02
104  4.343425470025349E+07    6.999898  3.715385  4.431631  7.2943074E-01  2.7053936E-01  8.2558932E-08  1.3184098E-08  4.3111064E-06  3.5532216E-06  6.4836545E-08  1.8022948E-10  9.2048308E-07  2.3543589E-08  0.000E+00  0.1230  4.431631  -11.042  1.992400  7.800340  1.4722962E-02  9.8526766E-01  1.1999104E-07  3.2932688E-08  7.3499588E-06  6.7103195E-08  9.6074742E-11  8.3126161E-14  9.2048308E-07  2.3543589E-08  0.000E+00  8.855E-05  2.107E-04  9.491E-01  1.049E+00  5.29E+02  0.00E+00  2.07E+02  0.556281  0.019721  0.0000000E+00  4.2310466898E-02
105  4.347814563583617E+07    6.999897  3.717200  4.433355  7.2932610E-01  2.7064401E-01  8.2272636E-08  1.3155897E-08  4.3158214E-06  3.5482928E-06  6.4791113E-08  1.7956862E-10  9.2048308E-07  2.3543589E-08  0.000E+00  0.1213  4.433355  -11.033  2.008404  7.805242  1.2325692E-02  9.8766502E-01  1.2148703E-07  3.3352131E-08  7.3486541E-06  6.6083831E-08  9.6443219E-11  7.6517793E-14  9.2048308E-07  2.3543589E-08  0.000E+00  8.968E-05  2.153E-04  9.487E-01  1.049E+00  5.30E+02  0.00E+00  2.08E+02  0.558321  0.019802  0.0000000E+00  4.2310441369E-02
106  4.352159569117165E+07    6.999897  3.719337  4.435528  7.2920954E-01  2.7076056E-01  8.1956852E-08  1.3124758E-08  4.3210429E-06  3.5428329E-06  6.4740426E-08  1.7883893E-10  9.2048308E-07  2.3543589E-08  0.000E+00  0.1191  4.435528  -11.021  2.027916  7.811110  9.9284212E-03  9.9006228E-01  1.2322006E-07  3.3840104E-08  7.3471765E-06  6.4861797E-08  9.6997758E-11  6.8987367E-14  9.2048308E-07  2.3543589E-08  0.000E+00  9.118E-05  2.211E-04  9.482E-01  1.050E+00  5.32E+02  0.00E+00  2.10E+02  0.560898  0.019899  0.0000000E+00  4.2310415411E-02
107  4.356518589615881E+07    6.999897  3.722051  4.438248  7.2911378E-01  2.7085633E-01  8.1699702E-08  1.3099375E-08  4.3253117E-06  3.5383681E-06  6.4698686E-08  1.7824414E-10  9.2048308E-07  2.3543589E-08  0.000E+00  0.1162  4.438248  -11.005  2.053076  7.818485  7.5311508E-03  9.9245948E-01  1.2537738E-07  3.4450698E-08  7.3454334E-06  6.3226593E-08  9.7752670E-11  5.9826999E-14  9.2048308E-07  2.3543589E-08  0.000E+00  9.314E-05  2.291E-04  9.474E-01  1.050E+00  5.35E+02  0.00E+00  2.13E+02  0.564494  0.020022  0.0000000E+00  4.2310388496E-02
108  4.360630973235141E+07    6.999896  3.726163  4.441739  7.2900261E-01  2.7096759E-01  8.1403585E-08  1.3070118E-08  4.3302452E-06  3.5332069E-06  6.4650128E-08  1.7755858E-10  9.2048308E-07  2.3543589E-08  0.000E+00  0.1114  4.441739  -10.983  2.087946  7.828408  5.1338803E-03  9.9485674E-01  1.2836480E-07  3.5300447E-08  7.3429076E-06  6.1084831E-08  9.9240640E-11  4.8420353E-14  9.2048308E-07  2.3543589E-08  0.000E+00  9.572E-05  2.409E-04  9.463E-01  1.052E+00  5.38E+02  0.00E+00  2.16E+02  0.569710  0.020211  0.0000000E+00  4.2310361881E-02
109  4.364914138054712E+07    6.999896  3.732387  4.446752  7.2882123E-01  2.7114898E-01  8.0925985E-08  1.3022872E-08  4.3382404E-06  3.5248399E-06  6.4570751E-08  1.7645149E-10  9.2048308E-07  2.3543589E-08  0.000E+00  0.1020  4.446752  -10.951  2.145067  7.841644  2.7366099E-03  9.9725406E-01  1.3222638E-07  3.6408379E-08  7.3397567E-06  5.8173920E-08  1.0170822E-10  3.6269751E-14  9.2048308E-07  2.3543589E-08  0.000E+00  9.915E-05  2.614E-04  9.451E-01  1.053E+00  5.43E+02  0.00E+00  2.20E+02  0.575448  0.020501  0.0000000E+00  4.2310332396E-02
110  4.369722751516730E+07    6.999895  3.745672  4.454562  7.2877200E-01  2.7119820E-01  8.0797458E-08  1.3010146E-08  4.3404000E-06  3.5225795E-06  6.4549169E-08  1.7615328E-10  9.2048308E-07  2.3543589E-08  0.000E+00  0.0474  4.454562  -10.891  2.332624  7.869309  3.3933950E-04  9.9965130E-01  1.4211135E-07  3.9257924E-08  7.3307409E-06  5.1789059E-08  1.1056744E-10  1.8920962E-14  9.2048308E-07  2.3543589E-08  0.000E+00  1.037E-04  3.438E-04  9.436E-01  1.055E+00  5.49E+02  0.00E+00  2.26E+02  0.582375  0.021137  0.0000000E+00  4.2310295058E-02
111  4.370310027697088E+07    6.999895  3.745416  4.454189  7.2877197E-01  2.7119830E-01  8.0797288E-08  1.3010129E-08  4.3404028E-06  3.5225765E-06  6.4549141E-08  1.7615288E-10  9.2048308E-07  2.3543589E-08  0.000E+00  0.0238  4.454189  -10.892  2.392838  7.870196  1.4995082E-04  9.9984067E-01  1.4462645E-07  3.9991964E-08  7.3282826E-06  5.0340506E-08  1.1365966E-10  1.6606042E-14  9.2048308E-07  2.3543589E-08  0.000E+00  1.034E-04  3.750E-04  9.437E-01  1.055E+00  5.48E+02  0.00E+00  2.26E+02  0.581972  0.021125  0.0000000E+00  4.2310290180E-02
112  4.370897303877446E+07    6.999895  3.742918  4.452481  7.2877190E-01  2.7119830E-01  8.0797239E-08  1.3010124E-08  4.3404037E-06  3.5225756E-06  6.4549133E-08  1.7615277E-10  9.2048308E-07  2.3543589E-08  0.000E+00  0.0000  4.452481  -10.904  2.470517  7.863387  2.8282719E-05  9.9996240E-01  1.5117251E-07  4.1857450E-08  7.3208932E-06  4.7755108E-08  1.2359689E-10  1.2217425E-14  9.2048308E-07  2.3543589E-08  0.000E+00  1.023E-04  4.220E-04  9.440E-01  1.054E+00  5.47E+02  0.00E+00  2.24E+02  0.580480  0.021004  0.0000000E+00  4.2310285377E-02
113  4.371484580057804E+07    6.999895  3.739377  4.449497  7.2877185E-01  2.7119843E-01  8.0797020E-08  1.3010103E-08  4.3404074E-06  3.5225718E-06  6.4549096E-08  1.7615227E-10  9.2048308E-07  2.3543589E-08  0.000E+00  0.0000  4.449497  -10.923  2.547289  7.852079  3.7520360E-06  9.9998690E-01  1.4747870E-07  4.0821047E-08  7.3261089E-06  4.8001702E-08  1.1504893E-10  1.4239887E-14  9.2048308E-07  2.3543589E-08  0.000E+00  1.003E-04  4.748E-04  9.446E-01  1.054E+00  5.44E+02  0.00E+00  2.22E+02  0.577799  0.020833  0.0000000E+00  4.2310280754E-02
114  4.372071856238161E+07    6.999895  3.738032  4.446017  7.2877123E-01  2.7119898E-01  8.0795457E-08  1.3009948E-08  4.3404337E-06  3.5225442E-06  6.4548832E-08  1.7614863E-10  9.2048308E-07  2.3543589E-08  0.000E+00  0.0000  4.446017  -10.937  2.610735  7.845616  5.5378972E-07  9.9999015E-01  1.4499767E-07  4.0127183E-08  7.3295793E-06  4.8201858E-08  1.0952711E-10  1.5856751E-14  9.2048308E-07  2.3543589E-08  0.000E+00  9.746E-05  5.233E-04  9.454E-01  1.054E+00  5.40E+02  0.00E+00  2.19E+02  0.574245  0.020769  0.0000000E+00  4.2310276298E-02
115  4.372659132418519E+07    6.999895  3.740523  4.442636  7.2876939E-01  2.7120088E-01  8.0790601E-08  1.3009466E-08  4.3405156E-06  3.5224585E-06  6.4548009E-08  1.7613736E-10  9.2048308E-07  2.3543589E-08  0.000E+00  0.0000  4.442636  -10.940  2.665107  7.842252  8.1576527E-08  9.9999060E-01  1.4403320E-07  3.9850813E-08  7.3309622E-06  4.8249087E-08  1.0704316E-10  1.6978653E-14  9.2048308E-07  2.3543589E-08  0.000E+00  9.402E-05  5.689E-04  9.463E-01  1.053E+00  5.35E+02  0.00E+00  2.15E+02  0.570038  0.020888  0.0000000E+00  4.2310271905E-02
116  4.373246408598876E+07    6.999895  3.746173  4.439601  7.2876379E-01  2.7120643E-01  8.0776190E-08  1.3008038E-08  4.3407587E-06  3.5222039E-06  6.4545562E-08  1.7610389E-10  9.2048308E-07  2.3543589E-08  0.000E+00  0.0000  4.439601  -10.931  2.712886  7.840561  1.1855098E-08  9.9999068E-01  1.4373903E-07  3.9768391E-08  7.3313868E-06  4.8258001E-08  1.0614658E-10  1.7625021E-14  9.2048308E-07  2.3543589E-08  0.000E+00  9.041E-05  6.122E-04  9.472E-01  1.052E+00  5.29E+02  0.00E+00  2.11E+02  0.565810  0.021162  0.0000000E+00  4.2310267443E-02
117  4.373833684779234E+07    6.999895  3.753250  4.436920  7.2875837E-01  2.7121191E-01  8.0762116E-08  1.3006643E-08  4.3409962E-06  3.5219553E-06  6.4543169E-08  1.7607119E-10  9.2048308E-07  2.3543589E-08  0.000E+00  0.0000  4.436920  -10.917  2.755414  7.839711  1.7269698E-09  9.9999070E-01  1.4366444E-07  3.9749279E-08  7.3314932E-06  4.8259429E-08  1.0588554E-10  1.7983563E-14  9.2048308E-07  2.3543589E-08  0.000E+00  8.700E-05  6.535E-04  9.479E-01  1.052E+00  5.24E+02  0.00E+00  2.07E+02  0.561927  0.021509  0.0000000E+00  4.2310262830E-02
118  4.374420960959592E+07    6.999895  3.760231  4.434449  7.2875067E-01  2.7121958E-01  8.0742328E-08  1.3004681E-08  4.3413302E-06  3.5216055E-06  6.4539802E-08  1.7602523E-10  9.2048308E-07  2.3543589E-08  0.000E+00  0.0000  4.434449  -10.904  2.793818  7.839303  0.0000000E+00  9.9999070E-01  1.4365504E-07  3.9747020E-08  7.3315064E-06  4.8259580E-08  1.0584938E-10  1.8088318E-14  9.2048308E-07  2.3543589E-08  0.000E+00  8.385E-05  6.932E-04  9.488E-01  1.051E+00  5.19E+02  0.00E+00  2.03E+02  0.558065  0.021858  0.0000000E+00  4.2310258055E-02
119  4.375008237139949E+07    6.999895  3.766589  4.432240  7.2873995E-01  2.7123035E-01  8.0714541E-08  1.3001926E-08  4.3417994E-06  3.5211141E-06  6.4535070E-08  1.7596066E-10  9.2048308E-07  2.3543589E-08  0.000E+00  0.0000  4.432240  -10.891  2.829154  7.839355  0.0000000E+00  9.9999070E-01  1.4365504E-07  3.9747020E-08  7.3315064E-06  4.8259580E-08  1.0584938E-10  1.8088318E-14  9.2048308E-07  2.3543589E-08  0.000E+00  8.115E-05  7.317E-04  9.494E-01  1.050E+00  5.14E+02  0.00E+00  2.00E+02  0.554809  0.022180  0.0000000E+00  4.2310253118E-02
120  4.375595513320307E+07    6.999894  3.772125  4.430189  7.2872911E-01  2.7124119E-01  8.0686614E-08  1.2999157E-08  4.3422712E-06  3.5206203E-06  6.4530313E-08  1.7589579E-10  9.2048308E-07  2.3543589E-08  0.000E+00  0.0000  4.430189  -10.881  2.862094  7.839826  0.0000000E+00  9.9999070E-01  1.4365504E-07  3.9747020E-08  7.3315064E-06  4.8259580E-08  1.0584938E-10  1.8088318E-14  9.2048308E-07  2.3543589E-08  0.000E+00  7.877E-05  7.697E-04  9.500E-01  1.050E+00  5.10E+02  0.00E+00  1.98E+02  0.551822  0.022464  0.0000000E+00  4.2310248049E-02
121  4.376182789500665E+07    6.999894  3.776907  4.428257  7.2872008E-01  2.7125022E-01  8.0663327E-08  1.2996849E-08  4.3426645E-06  3.5202085E-06  6.4526346E-08  1.7584168E-10  9.2048308E-07  2.3543589E-08  0.000E+00  0.0000  4.428257  -10.873  2.893008  7.840630  0.0000000E+00  9.9999070E-01  1.4365504E-07  3.9747020E-08  7.3315064E-06  4.8259580E-08  1.0584938E-10  1.8088318E-14  9.2048308E-07  2.3543589E-08  0.000E+00  7.666E-05  8.072E-04  9.506E-01  1.049E+00  5.06E+02  0.00E+00  1.95E+02  0.549048  0.022713  0.0000000E+00  4.2310242872E-02
122  4.376770065681022E+07    6.999894  3.781045  4.426429  7.2871196E-01  2.7125834E-01  8.0642340E-08  1.2994768E-08  4.3430189E-06  3.5198373E-06  6.4522771E-08  1.7579292E-10  9.2048308E-07  2.3543589E-08  0.000E+00  0.0000  4.426429  -10.865  2.922256  7.841700  0.0000000E+00  9.9999070E-01  1.4365504E-07  3.9747020E-08  7.3315064E-06  4.8259580E-08  1.0584938E-10  1.8088318E-14  9.2048308E-07  2.3543589E-08  0.000E+00  7.477E-05  8.442E-04  9.511E-01  1.048E+00  5.03E+02  0.00E+00  1.92E+02  0.546501  0.022930  0.0000000E+00  4.2310237607E-02
123  4.377357341861380E+07    6.999894  3.784676  4.424718  7.2870352E-01  2.7126678E-01  8.0620656E-08  1.2992618E-08  4.3433852E-06  3.5194538E-06  6.4519076E-08  1.7574255E-10  9.2048308E-07  2.3543589E-08  0.000E+00  0.0000  4.424718  -10.859  2.950013  7.843008  0.0000000E+00  9.9999070E-01  1.4365504E-07  3.9747020E-08  7.3315064E-06  4.8259580E-08  1.0584938E-10  1.8088318E-14  9.2048308E-07  2.3543589E-08  0.000E+00  7.308E-05  8.809E-04  9.515E-01  1.048E+00  5.00E+02  0.00E+00  1.90E+02  0.544214  0.023123  0.0000000E+00  4.2310232256E-02
124  4.377944618041737E+07    6.999894  3.787800  4.423049  7.2869303E-01  2.7127727E-01  8.0593575E-08  1.2989933E-08  4.3438426E-06  3.5189748E-06  6.4514461E-08  1.7567963E-10  9.2048308E-07  2.3543589E-08  0.000E+00  0.0000  4.423049  -10.854  2.976530  7.844530  0.0000000E+00  9.9999070E-01  1.4365504E-07  3.9747020E-08  7.3315064E-06  4.8259580E-08  1.0584938E-10  1.8088318E-14  9.2048308E-07  2.3543589E-08  0.000E+00  7.154E-05  9.175E-04  9.520E-01  1.048E+00  4.97E+02  0.00E+00  1.89E+02  0.542028  0.023289  0.0000000E+00  4.2310226824E-02
125  4.378531894222096E+07    6.999894  3.790629  4.421433  7.2868365E-01  2.7128663E-01  8.0569384E-08  1.2987535E-08  4.3442513E-06  3.5185469E-06  6.4510340E-08  1.7562342E-10  9.2048308E-07  2.3543589E-08  0.000E+00  0.0000  4.421433  -10.851  3.002055  7.846245  0.0000000E+00  9.9999070E-01  1.4365504E-07  3.9718399E-08  7.3315064E-06  4.8294807E-08  1.0584938E-10  1.8092040E-14  9.2048308E-07  2.3543589E-08  0.000E+00  7.012E-05  9.541E-04  9.523E-01  1.047E+00  4.94E+02  0.00E+00  1.87E+02  0.540051  0.023441  0.0000000E+00  4.2310221345E-02
126  4.379119170402453E+07    6.999894  3.793230  4.419893  7.2867636E-01  2.7129391E-01  8.0550654E-08  1.2985677E-08  4.3445676E-06  3.5182156E-06  6.4507148E-08  1.7557990E-10  9.2048308E-07  2.3543589E-08  0.000E+00  0.0000  4.419893  -10.847  3.026630  7.848163  0.0000000E+00  9.9999070E-01  1.4365505E-07  3.9668868E-08  7.3315064E-06  4.8355767E-08  1.0584938E-10  1.8098776E-14  9.2048308E-07  2.3543589E-08  0.000E+00  6.879E-05  9.909E-04  9.527E-01  1.047E+00  4.92E+02  0.00E+00  1.85E+02  0.538141  0.023582  0.0000000E+00  4.2310215801E-02
127  4.379706446582811E+07    6.999894  3.795554  4.418357  7.2867043E-01  2.7129977E-01  8.0535422E-08  1.2984167E-08  4.3448249E-06  3.5179463E-06  6.4504553E-08  1.7554451E-10  9.2048308E-07  2.3543589E-08  0.000E+00  0.0000  4.418357  -10.843  3.050505  7.850242  0.0000000E+00  9.9999070E-01  1.4365505E-07  3.9611151E-08  7.3315064E-06  4.8426805E-08  1.0584938E-10  1.8107034E-14  9.2048308E-07  2.3543589E-08  0.000E+00  6.752E-05  1.027E-03  9.531E-01  1.046E+00  4.89E+02  0.00E+00  1.83E+02  0.536209  0.023709  0.0000000E+00  4.2310210204E-02
128  4.380293722763169E+07    6.999894  3.797711  4.416838  7.2866516E-01  2.7130511E-01  8.0521710E-08  1.2982807E-08  4.3450565E-06  3.5177038E-06  6.4502217E-08  1.7551266E-10  9.2048308E-07  2.3543589E-08  0.000E+00  0.0000  4.416838  -10.841  3.073703  7.852522  0.0000000E+00  9.9999070E-01  1.4365505E-07  3.9541346E-08  7.3315064E-06  4.8512718E-08  1.0584938E-10  1.8117701E-14  9.2048308E-07  2.3543589E-08  0.000E+00  6.631E-05  1.065E-03  9.535E-01  1.046E+00  4.87E+02  0.00E+00  1.82E+02  0.534332  0.023826  0.0000000E+00  4.2310204574E-02
129  4.380880998943526E+07    6.999894  3.799745  4.415303  7.2866029E-01  2.7130998E-01  8.0509186E-08  1.2981566E-08  4.3452680E-06  3.5174823E-06  6.4500082E-08  1.7548356E-10  9.2048308E-07  2.3543589E-08  0.000E+00  0.0000  4.415303  -10.839  3.096418  7.854964  0.0000000E+00  9.9999070E-01  1.4365506E-07  3.9458765E-08  7.3315064E-06  4.8614355E-08  1.0584938E-10  1.8131112E-14  9.2048308E-07  2.3543589E-08  0.000E+00  6.513E-05  1.103E-03  9.538E-01  1.046E+00  4.85E+02  0.00E+00  1.80E+02  0.532510  0.023938  0.0000000E+00  4.2310198914E-02
130  4.381468275123884E+07    6.999894  3.801688  4.413781  7.2865529E-01  2.7131491E-01  8.0496390E-08  1.2980297E-08  4.3454842E-06  3.5172559E-06  6.4497901E-08  1.7545383E-10  9.2048308E-07  2.3543589E-08  0.000E+00  0.0000  4.413781  -10.837  3.118688  7.857572  0.0000000E+00  9.9999070E-01  1.4365507E-07  3.9359381E-08  7.3315064E-06  4.8736675E-08  1.0584938E-10  1.8148397E-14  9.2048308E-07  2.3543589E-08  0.000E+00  6.400E-05  1.141E-03  9.542E-01  1.045E+00  4.82E+02  0.00E+00  1.79E+02  0.530719  0.024046  0.0000000E+00  4.2310193220E-02
131  4.382055551304241E+07    6.999894  3.803484  4.412249  7.2864997E-01  2.7132033E-01  8.0482557E-08  1.2978926E-08  4.3457178E-06  3.5170113E-06  6.4495544E-08  1.7542169E-10  9.2048308E-07  2.3543589E-08  0.000E+00  0.0000  4.412249  -10.836  3.140546  7.860349  0.0000000E+00  9.9999070E-01  1.4365508E-07  3.9237042E-08  7.3315064E-06  4.8887245E-08  1.0584938E-10  1.8171443E-14  9.2048308E-07  2.3543589E-08  0.000E+00  6.288E-05  1.180E-03  9.545E-01  1.045E+00  4.80E+02  0.00E+00  1.77E+02  0.528783  0.024145  0.0000000E+00  4.2310187496E-02
132  4.382642827484599E+07    6.999893  3.805212  4.410723  7.2864459E-01  2.7132571E-01  8.0468588E-08  1.2977540E-08  4.3459538E-06  3.5167642E-06  6.4493164E-08  1.7538923E-10  9.2048308E-07  2.3543589E-08  0.000E+00  0.0000  4.410723  -10.834  3.162089  7.863297  0.0000000E+00  9.9999070E-01  1.4365511E-07  3.9086491E-08  7.3315064E-06  4.9072539E-08  1.0584938E-10  1.8202240E-14  9.2048308E-07  2.3543589E-08  0.000E+00  6.182E-05  1.220E-03  9.549E-01  1.045E+00  4.77E+02  0.00E+00  1.76E+02  0.527154  0.024242  0.0000000E+00  4.2310181755E-02
133  4.383230103664957E+07    6.999893  3.806878  4.409191  7.2863924E-01  2.7133106E-01  8.0454802E-08  1.2976174E-08  4.3461867E-06  3.5165203E-06  6.4490814E-08  1.7535721E-10  9.2048308E-07  2.3543589E-08  0.000E+00  0.0000  4.409191  -10.833  3.183375  7.866400  0.0000000E+00  9.9999070E-01  1.4365514E-07  3.8901559E-08  7.3315064E-06  4.9300149E-08  1.0584938E-10  1.8243386E-14  9.2048308E-07  2.3543589E-08  0.000E+00  6.077E-05  1.260E-03  9.552E-01  1.044E+00  4.75E+02  0.00E+00  1.74E+02  0.525407  0.024334  0.0000000E+00  4.2310175991E-02
134  4.383817379845314E+07    6.999893  3.808485  4.407655  7.2863410E-01  2.7133620E-01  8.0441526E-08  1.2974858E-08  4.3464109E-06  3.5162855E-06  6.4488551E-08  1.7532636E-10  9.2048308E-07  2.3543589E-08  0.000E+00  0.0000  4.407655  -10.832  3.204448  7.869660  0.0000000E+00  9.9999070E-01  1.4365518E-07  3.8672891E-08  7.3315064E-06  4.9581585E-08  1.0584938E-10  1.8298975E-14  9.2048308E-07  2.3543589E-08  0.000E+00  5.976E-05  1.302E-03  9.555E-01  1.044E+00  4.73E+02  0.00E+00  1.73E+02  0.523741  0.024424  0.0000000E+00  4.2310170211E-02
135  4.384404656025672E+07    6.999893  3.810041  4.406102  7.2862911E-01  2.7134119E-01  8.0428681E-08  1.2973584E-08  4.3466280E-06  3.5160582E-06  6.4486361E-08  1.7529651E-10  9.2048308E-07  2.3543589E-08  0.000E+00  0.0000  4.406102  -10.831  3.225338  7.873071  0.0000000E+00  9.9999070E-01  1.4365525E-07  3.8388417E-08  7.3315064E-06  4.9931707E-08  1.0584938E-10  1.8374892E-14  9.2048308E-07  2.3543589E-08  0.000E+00  5.873E-05  1.344E-03  9.558E-01  1.044E+00  4.71E+02  0.00E+00  1.71E+02  0.521945  0.024512  0.0000000E+00  4.2310164414E-02
136  4.384991932206030E+07    6.999893  3.811543  4.404535  7.2862425E-01  2.7134605E-01  8.0416204E-08  1.2972346E-08  4.3468388E-06  3.5158375E-06  6.4484234E-08  1.7526752E-10  9.2048308E-07  2.3543589E-08  0.000E+00  0.0000  4.404535  -10.830  3.246071  7.876664  0.0000000E+00  9.9999070E-01  1.4365536E-07  3.8018625E-08  7.3315064E-06  5.0386836E-08  1.0584938E-10  1.8485935E-14  9.2048308E-07  2.3543589E-08  0.000E+00  5.774E-05  1.388E-03  9.561E-01  1.043E+00  4.69E+02  0.00E+00  1.70E+02  0.520181  0.024597  0.0000000E+00  4.2310158600E-02
137  4.385579208386388E+07    6.999893  3.813007  4.402943  7.2861944E-01  2.7135086E-01  8.0403809E-08  1.2971118E-08  4.3470482E-06  3.5156183E-06  6.4482121E-08  1.7523872E-10  9.2048308E-07  2.3543589E-08  0.000E+00  0.0000  4.402943  -10.829  3.266693  7.880409  0.0000000E+00  9.9999070E-01  1.4365554E-07  3.7549659E-08  7.3315064E-06  5.0964025E-08  1.0584938E-10  1.8643496E-14  9.2048308E-07  2.3543589E-08  0.000E+00  5.676E-05  1.432E-03  9.564E-01  1.043E+00  4.67E+02  0.00E+00  1.69E+02  0.518500  0.024680  0.0000000E+00  4.2310152773E-02
138  4.386166484566745E+07    6.999893  3.814453  4.401333  7.2861482E-01  2.7135548E-01  8.0391948E-08  1.2969941E-08  4.3472486E-06  3.5154084E-06  6.4480098E-08  1.7521117E-10  9.2048308E-07  2.3543589E-08  0.000E+00  0.0000  4.401333  -10.828  3.287221  7.884312  0.0000000E+00  9.9999070E-01  1.4365583E-07  3.6944842E-08  7.3315064E-06  5.1708417E-08  1.0584938E-10  1.8874022E-14  9.2048308E-07  2.3543589E-08  0.000E+00  5.578E-05  1.478E-03  9.568E-01  1.043E+00  4.65E+02  0.00E+00  1.67E+02  0.516734  0.024763  0.0000000E+00  4.2310146929E-02
139  4.386753760747103E+07    6.999893  3.815854  4.399690  7.2861125E-01  2.7135905E-01  8.0382849E-08  1.2969039E-08  4.3474023E-06  3.5152474E-06  6.4478547E-08  1.7519003E-10  9.2048308E-07  2.3543589E-08  0.000E+00  0.0000  4.399690  -10.828  3.307675  7.888368  0.0000000E+00  9.9999070E-01  1.4365630E-07  3.6166328E-08  7.3315064E-06  5.2666589E-08  1.0584938E-10  1.9212458E-14  9.2048308E-07  2.3543589E-08  0.000E+00  5.481E-05  1.525E-03  9.571E-01  1.042E+00  4.63E+02  0.00E+00  1.66E+02  0.514964  0.024842  0.0000000E+00  4.2310141066E-02
140  4.387341036927460E+07    6.999893  3.817222  4.398009  7.2860772E-01  2.7136266E-01  8.0373572E-08  1.2968119E-08  4.3475590E-06  3.5150833E-06  6.4476964E-08  1.7516847E-10  9.2048308E-07  2.3543589E-08  0.000E+00  0.0000  4.398009  -10.828  3.328091  7.892578  0.0000000E+00  9.9999070E-01  1.4365711E-07  3.5160810E-08  7.3315064E-06  5.3904150E-08  1.0584938E-10  1.9716673E-14  9.2048308E-07  2.3543589E-08  0.000E+00  5.384E-05  1.574E-03  9.574E-01  1.042E+00  4.60E+02  0.00E+00  1.64E+02  0.513135  0.024920  0.0000000E+00  4.2310135194E-02
141  4.387928313107818E+07    6.999893  3.818577  4.396275  7.2860397E-01  2.7136634E-01  8.0364023E-08  1.2967172E-08  4.3477204E-06  3.5149143E-06  6.4475335E-08  1.7514628E-10  9.2048308E-07  2.3543589E-08  0.000E+00  0.0000  4.396275  -10.827  3.348486  7.896940  0.0000000E+00  9.9999070E-01  1.4365848E-07  3.3860726E-08  7.3315064E-06  5.5504255E-08  1.0584938E-10  2.0478987E-14  9.2048308E-07  2.3543589E-08  0.000E+00  5.287E-05  1.623E-03  9.578E-01  1.042E+00  4.58E+02  0.00E+00  1.63E+02  0.511283  0.024998  0.0000000E+00  4.2310129313E-02
142  4.388515589288176E+07    6.999893  3.819922  4.394479  7.2860181E-01  2.7136849E-01  8.0358343E-08  1.2966610E-08  4.3478165E-06  3.5148139E-06  6.4474365E-08  1.7513308E-10  9.2048308E-07  2.3543589E-08  0.000E+00  0.0000  4.394479  -10.827  3.368880  7.901456  0.0000000E+00  9.9999070E-01  1.4366087E-07  3.2183088E-08  7.3315064E-06  5.7569042E-08  1.0584938E-10  2.1649038E-14  9.2048308E-07  2.3543589E-08  0.000E+00  5.187E-05  1.675E-03  9.581E-01  1.041E+00  4.56E+02  0.00E+00  1.61E+02  0.509374  0.025076  0.0000000E+00  4.2310123424E-02
143  4.389102865468533E+07    6.999893  3.821255  4.392633  7.2859881E-01  2.7137149E-01  8.0350735E-08  1.2965855E-08  4.3479450E-06  3.5146791E-06  6.4473067E-08  1.7511540E-10  9.2048308E-07  2.3543589E-08  0.000E+00  0.0000  4.392633  -10.827  3.389291  7.906137  0.0000000E+00  9.9999070E-01  1.4366533E-07  3.0042849E-08  7.3315064E-06  6.0203184E-08  1.0584937E-10  2.3491358E-14  9.2048308E-07  2.3543589E-08  0.000E+00  5.089E-05  1.729E-03  9.584E-01  1.041E+00  4.54E+02  0.00E+00  1.60E+02  0.507410  0.025153  0.0000000E+00  4.2310117526E-02
144  4.389690141648892E+07    6.999892  3.822584  4.390749  7.2859668E-01  2.7137362E-01  8.0345298E-08  1.2965316E-08  4.3480369E-06  3.5145829E-06  6.4472139E-08  1.7510276E-10  9.2048308E-07  2.3543589E-08  0.000E+00  0.0000  4.390749  -10.827  3.409743  7.910980  0.0000000E+00  9.9999070E-01  1.4367350E-07  2.7432385E-08  7.3315064E-06  6.3416067E-08  1.0584937E-10  2.6304196E-14  9.2048308E-07  2.3543589E-08  0.000E+00  4.990E-05  1.783E-03  9.589E-01  1.041E+00  4.51E+02  0.00E+00  1.59E+02  0.505408  0.025230  0.0000000E+00  4.2310111623E-02
145  4.390277417829249E+07    6.999892  3.823909  4.388821  7.2859436E-01  2.7137594E-01  8.0339305E-08  1.2964722E-08  4.3481382E-06  3.5144769E-06  6.4471116E-08  1.7508884E-10  9.2048308E-07  2.3543589E-08  0.000E+00  0.0000  4.388821  -10.827  3.430250  7.915984  0.0000000E+00  9.9999070E-01  1.4368876E-07  2.4313049E-08  7.3315064E-06  6.7255254E-08  1.0584937E-10  3.0659159E-14  9.2048308E-07  2.3543589E-08  0.000E+00  4.891E-05  1.841E-03  9.592E-01  1.041E+00  4.48E+02  0.00E+00  1.57E+02  0.503400  0.025307  0.0000000E+00  4.2310105713E-02
146  4.390864694009607E+07    6.999892  3.825230  4.386845  7.2859221E-01  2.7137809E-01  8.0333630E-08  1.2964158E-08  4.3482341E-06  3.5143764E-06  6.4470147E-08  1.7507565E-10  9.2048308E-07  2.3543589E-08  0.000E+00  0.0000  4.386845  -10.827  3.450825  7.921150  0.0000000E+00  9.9999070E-01  1.4371785E-07  2.0694541E-08  7.3315064E-06  7.1708809E-08  1.0584936E-10  3.7510436E-14  9.2048308E-07  2.3543589E-08  0.000E+00  4.791E-05  1.899E-03  9.596E-01  1.040E+00  4.46E+02  0.00E+00  1.56E+02  0.501190  0.025384  0.0000000E+00  4.2310099798E-02
147  4.391451970189964E+07    6.999892  3.826545  4.384821  7.2859048E-01  2.7137987E-01  8.0329153E-08  1.2963714E-08  4.3483098E-06  3.5142972E-06  6.4469383E-08  1.7506525E-10  9.2048308E-07  2.3543589E-08  0.000E+00  0.0000  4.384821  -10.827  3.471494  7.926488  0.0000000E+00  9.9999070E-01  1.4377455E-07  1.6673174E-08  7.3315064E-06  7.6658191E-08  1.0584934E-10  4.8474007E-14  9.2048308E-07  2.3543589E-08  0.000E+00  4.692E-05  1.961E-03  9.600E-01  1.040E+00  4.44E+02  0.00E+00  1.54E+02  0.499108  0.025461  0.0000000E+00  4.2310093881E-02
148  4.392039246370322E+07    6.999892  3.827853  4.382737  7.2858826E-01  2.7138207E-01  8.0323466E-08  1.2963151E-08  4.3484059E-06  3.5141966E-06  6.4468412E-08  1.7505203E-10  9.2048308E-07  2.3543589E-08  0.000E+00  0.0000  4.382737  -10.827  3.492267  7.931997  0.0000000E+00  9.9999070E-01  1.4388757E-07  1.2469280E-08  7.3315063E-06  8.1832226E-08  1.0584933E-10  6.6324605E-14  9.2048308E-07  2.3543589E-08  0.000E+00  4.593E-05  2.024E-03  9.603E-01  1.039E+00  4.41E+02  0.00E+00  1.52E+02  0.496926  0.025537  0.0000000E+00  4.2310087958E-02
149  4.392626522550680E+07    6.999892  3.829154  4.380593  7.2858543E-01  2.7138487E-01  8.0316257E-08  1.2962436E-08  4.3485278E-06  3.5140689E-06  6.4467181E-08  1.7503528E-10  9.2048308E-07  2.3543589E-08  0.000E+00  0.0000  4.380593  -10.828  3.513151  7.937678  0.0000000E+00  9.9999070E-01  1.4411807E-07  8.4329857E-09  7.3315063E-06  8.6799989E-08  1.0584931E-10  9.5905417E-14  9.2048308E-07  2.3543589E-08  0.000E+00  4.493E-05  2.090E-03  9.607E-01  1.039E+00  4.39E+02  0.00E+00  1.51E+02  0.494699  0.025614  0.0000000E+00  4.2310082033E-02
150  4.393213798731037E+07    6.999892  3.830453  4.378386  7.2858330E-01  2.7138700E-01  8.0310746E-08  1.2961889E-08  4.3486210E-06  3.5139713E-06  6.4466239E-08  1.7502247E-10  9.2048308E-07  2.3543589E-08  0.000E+00  0.0000  4.378386  -10.828  3.534157  7.943529  0.0000000E+00  9.9999070E-01  1.4459930E-07  4.9810500E-09  7.3315063E-06  9.1048549E-08  1.0584926E-10  1.4581472E-13  9.2048308E-07  2.3543589E-08  0.000E+00  4.394E-05  2.159E-03  9.611E-01  1.039E+00  4.36E+02  0.00E+00  1.49E+02  0.492515  0.025691  0.0000000E+00  4.2310076105E-02
151  4.393801074911395E+07    6.999892  3.831742  4.376085  7.2858087E-01  2.7138943E-01  8.0304446E-08  1.2961265E-08  4.3487274E-06  3.5138598E-06  6.4465163E-08  1.7500783E-10  9.2048308E-07  2.3543589E-08  0.000E+00  0.0000  4.376085  -10.828  3.555289  7.949549  0.0000000E+00  9.9999070E-01  1.4562829E-07  2.4512518E-09  7.3315062E-06  9.4162182E-08  1.0584919E-10  2.3157680E-13  9.2048308E-07  2.3543589E-08  0.000E+00  4.292E-05  2.230E-03  9.615E-01  1.038E+00  4.33E+02  0.00E+00  1.47E+02  0.490096  0.025767  0.0000000E+00  4.2310070172E-02
152  4.394388351091753E+07    6.999892  3.833039  4.373697  7.2857832E-01  2.7139198E-01  8.0297875E-08  1.2960612E-08  4.3488386E-06  3.5137435E-06  6.4464040E-08  1.7499256E-10  9.2048308E-07  2.3543589E-08  0.000E+00  0.0000  4.373697  -10.829  3.576581  7.955755  0.0000000E+00  9.9999070E-01  1.4787767E-07  9.6266007E-10  7.3315061E-06  9.5994346E-08  1.0584909E-10  3.8724912E-13  9.2048308E-07  2.3543589E-08  0.000E+00  4.190E-05  2.304E-03  9.619E-01  1.038E+00  4.31E+02  0.00E+00  1.46E+02  0.487729  0.025844  0.0000000E+00  4.2310064241E-02
153  4.394975627272110E+07    6.999892  3.834332  4.371220  7.2857525E-01  2.7139505E-01  8.0290051E-08  1.2959837E-08  4.3489709E-06  3.5136050E-06  6.4462704E-08  1.7497438E-10  9.2048308E-07  2.3543589E-08  0.000E+00  0.0000  4.371220  -10.829  3.598036  7.962148  0.0000000E+00  9.9999060E-01  1.5268166E-07  3.1219917E-10  7.3315058E-06  9.6794993E-08  1.0584892E-10  7.0367281E-13  9.2048308E-07  2.3543589E-08  0.000E+00  4.088E-05  2.381E-03  9.624E-01  1.038E+00  4.28E+02  0.00E+00  1.44E+02  0.485282  0.025921  0.0000000E+00  4.2310058306E-02
154  4.395562903452468E+07    6.999892  3.835631  4.368649  7.2857285E-01  2.7139745E-01  8.0283819E-08  1.2959219E-08  4.3490762E-06  3.5134946E-06  6.4461638E-08  1.7495990E-10  9.2048308E-07  2.3543589E-08  0.000E+00  0.0000  4.368649  -10.830  3.619650  7.968717  0.0000000E+00  9.9999060E-01  1.6282101E-07  7.8679995E-11  7.3315053E-06  9.7082523E-08  1.0584864E-10  1.3437099E-12  9.2048308E-07  2.3543589E-08  0.000E+00  3.983E-05  2.462E-03  9.628E-01  1.037E+00  4.25E+02  0.00E+00  1.42E+02  0.482590  0.025999  0.0000000E+00  4.2310052370E-02
155  4.396150179632825E+07    6.999891  3.836927  4.365990  7.2857152E-01  2.7139878E-01  8.0280446E-08  1.2958884E-08  4.3491333E-06  3.5134349E-06  6.4461062E-08  1.7495205E-10  9.2048308E-07  2.3543589E-08  0.000E+00  0.0000  4.365990  -10.830  3.641434  7.975463  0.0000000E+00  9.9999060E-01  1.8472811E-07  1.4887323E-11  7.3315043E-06  9.7161243E-08  1.0584818E-10  2.6697814E-12  9.2048308E-07  2.3543589E-08  0.000E+00  3.879E-05  2.545E-03  9.632E-01  1.037E+00  4.22E+02  0.00E+00  1.40E+02  0.479956  0.026077  0.0000000E+00  4.2310046436E-02
156  4.396737455813183E+07    6.999891  3.838221  4.363234  7.2856788E-01  2.7140242E-01  8.0271088E-08  1.2957956E-08  4.3492915E-06  3.5132691E-06  6.4459462E-08  1.7493031E-10  9.2048308E-07  2.3543589E-08  0.000E+00  0.0000  4.363234  -10.831  3.663395  7.982385  0.0000000E+00  9.9999056E-01  2.3321389E-07  2.0427934E-12  7.3315021E-06  9.7177442E-08  1.0584743E-10  5.4856810E-12  9.2048308E-07  2.3543589E-08  0.000E+00  3.775E-05  2.633E-03  9.637E-01  1.037E+00  4.19E+02  0.00E+00  1.38E+02  0.477286  0.026154  0.0000000E+00  4.2310040502E-02
157  4.397324731993541E+07    6.999891  3.839510  4.360374  7.2856446E-01  2.7140584E-01  8.0262340E-08  1.2957088E-08  4.3494395E-06  3.5131142E-06  6.4457967E-08  1.7490998E-10  9.2048308E-07  2.3543589E-08  0.000E+00  0.0000  4.360374  -10.832  3.685535  7.989485  0.0000000E+00  9.9999045E-01  3.4322408E-07  1.9608651E-13  7.3314973E-06  9.7180590E-08  1.0584617E-10  1.1618576E-11  9.2048309E-07  2.3543589E-08  0.000E+00  3.670E-05  2.724E-03  9.641E-01  1.036E+00  4.15E+02  0.00E+00  1.36E+02  0.474636  0.026232  0.0000000E+00  4.2310034568E-02
158  4.397912008173899E+07    6.999891  3.840796  4.357393  7.2856106E-01  2.7140931E-01  8.0253508E-08  1.2956212E-08  4.3495888E-06  3.5129578E-06  6.4456456E-08  1.7488945E-10  9.2048308E-07  2.3543589E-08  0.000E+00  0.0000  4.357393  -10.833  3.707859  7.996760  0.0000000E+00  9.9999021E-01  5.9921679E-07  1.2637709E-14  7.3314867E-06  9.7183163E-08  1.0584399E-10  2.5323766E-11  9.2048309E-07  2.3543590E-08  0.000E+00  3.564E-05  2.818E-03  9.646E-01  1.035E+00  4.12E+02  0.00E+00  1.35E+02  0.471815  0.026310  0.0000000E+00  4.2310028634E-02
159  4.398499284354256E+07    6.999891  3.842084  4.354267  7.2855782E-01  2.7141258E-01  8.0245118E-08  1.2955380E-08  4.3497308E-06  3.5128092E-06  6.4455021E-08  1.7486995E-10  9.2048308E-07  2.3543589E-08  0.000E+00  0.0000  4.354267  -10.834  3.730358  8.004206  0.0000000E+00  9.9998965E-01  1.1550587E-06  5.1939200E-16  7.3314630E-06  9.7189930E-08  1.0584034E-10  5.5799816E-11  9.2048309E-07  2.3543590E-08  0.000E+00  3.457E-05  2.917E-03  9.650E-01  1.035E+00  4.09E+02  0.00E+00  1.32E+02  0.468877  0.026388  0.0000000E+00  4.2310022699E-02
160  4.399086560534614E+07    6.999891  3.843368  4.351006  7.2855445E-01  2.7141586E-01  8.0236489E-08  1.2954524E-08  4.3498767E-06  3.5126564E-06  6.4453545E-08  1.7484990E-10  9.2048308E-07  2.3543589E-08  0.000E+00  0.0000  4.351006  -10.834  3.753025  8.011818  0.0000000E+00  9.9998847E-01  2.3359416E-06  1.2710087E-17  7.3314097E-06  9.7210214E-08  1.0583425E-10  1.2430165E-10  9.2048310E-07  2.3543593E-08  0.000E+00  3.350E-05  3.020E-03  9.655E-01  1.035E+00  4.05E+02  0.00E+00  1.30E+02  0.465931  0.026466  0.0000000E+00  4.2310016764E-02
161  4.399673836714972E+07    6.999891  3.844658  4.347618  7.2855093E-01  2.7141937E-01  8.0227532E-08  1.2953636E-08  4.3500282E-06  3.5124978E-06  6.4452013E-08  1.7482908E-10  9.2048308E-07  2.3543589E-08  0.000E+00  0.0000  4.347618  -10.835  3.775849  8.019595  0.0000000E+00  9.9998591E-01  4.8929379E-06  1.2718978E-19  7.3312869E-06  9.7273904E-08  1.0582392E-10  2.8212328E-10  9.2048311E-07  2.3543609E-08  0.000E+00  3.241E-05  3.128E-03  9.660E-01  1.034E+00  4.02E+02  0.00E+00  1.28E+02  0.462769  0.026545  0.0000000E+00  4.2310010829E-02
162  4.400261112895329E+07    6.999891  3.845945  4.344085  7.2854730E-01  2.7142300E-01  8.0218308E-08  1.2952721E-08  4.3501842E-06  3.5123343E-06  6.4450435E-08  1.7480764E-10  9.2048308E-07  2.3543589E-08  0.000E+00  0.0000  4.344085  -10.836  3.798804  8.027552  0.0000000E+00  9.9997990E-01  1.0933140E-05  4.9132677E-22  7.3309748E-06  9.7508379E-08  1.0580546E-10  6.8339686E-10  9.2048313E-07  2.3543701E-08  0.000E+00  3.133E-05  3.240E-03  9.665E-01  1.034E+00  3.99E+02  0.00E+00  1.26E+02  0.459578  0.026623  0.0000000E+00  4.2310004895E-02
163  4.400848389075687E+07    6.999891  3.847221  4.340380  7.2854379E-01  2.7142651E-01  8.0209203E-08  1.2951818E-08  4.3503383E-06  3.5121730E-06  6.4448876E-08  1.7478648E-10  9.2048308E-07  2.3543589E-08  0.000E+00  0.0000  4.340380  -10.837  3.821827  8.035712  0.0000000E+00  9.9996508E-01  2.5694901E-05  3.7566111E-24  7.3301479E-06  9.8429075E-08  1.0577169E-10  1.7461001E-09  9.2048317E-07  2.3544269E-08  0.000E+00  3.024E-05  3.357E-03  9.670E-01  1.033E+00  3.95E+02  0.00E+00  1.25E+02  0.456312  0.026702  0.0000000E+00  4.2309998960E-02
164  4.401435665256044E+07    6.999891  3.848497  4.336500  7.2854045E-01  2.7142985E-01  8.0200617E-08  1.2950967E-08  4.3504835E-06  3.5120209E-06  6.4447407E-08  1.7476652E-10  9.2048308E-07  2.3543589E-08  0.000E+00  0.0000  4.336500  -10.838  3.844783  8.044140  0.0000000E+00  9.9993048E-01  6.0316384E-05  0.0000000E+00  7.3280482E-06  1.0189009E-07  1.0571076E-10  4.4430937E-09  9.2048324E-07  2.3547517E-08  0.000E+00  2.913E-05  3.477E-03  9.675E-01  1.033E+00  3.91E+02  0.00E+00  1.22E+02  0.452827  0.026780  0.0000000E+00  4.2309993024E-02
165  4.402022941436402E+07    6.999891  3.849739  4.332419  7.2853752E-01  2.7143278E-01  8.0193050E-08  1.2950216E-08  4.3506115E-06  3.5118868E-06  6.4446112E-08  1.7474893E-10  9.2048308E-07  2.3543589E-08  0.000E+00  0.0000  4.332419  -10.839  3.867471  8.052949  0.0000000E+00  9.9985824E-01  1.3255699E-04  0.0000000E+00  7.3233370E-06  1.1267001E-07  1.0560709E-10  1.0488692E-08  9.2048337E-07  2.3561692E-08  0.000E+00  2.802E-05  3.600E-03  9.681E-01  1.033E+00  3.87E+02  0.00E+00  1.20E+02  0.449288  0.026857  0.0000000E+00  4.2309987100E-02
166  4.402610217616760E+07    6.999891  3.851017  4.328183  7.2853507E-01  2.7143523E-01  8.0186757E-08  1.2949592E-08  4.3507180E-06  3.5117753E-06  6.4445034E-08  1.7473431E-10  9.2048308E-07  2.3543589E-08  0.000E+00  0.0000  4.328183  -10.841  3.889405  8.062489  0.0000000E+00  9.9969666E-01  2.9405233E-04  0.0000000E+00  7.3118379E-06  1.4877924E-07  1.0542190E-10  2.5215440E-08  9.2048358E-07  2.3632294E-08  0.000E+00  2.692E-05  3.723E-03  9.686E-01  1.031E+00  3.82E+02  0.00E+00  1.17E+02  0.445566  0.026936  0.0000000E+00  4.2309981207E-02
167  4.403197493797117E+07    6.999890  3.852342  4.323777  7.2853310E-01  2.7143730E-01  8.0181604E-08  1.2949081E-08  4.3508052E-06  3.5116840E-06  6.4444152E-08  1.7472233E-10  9.2048308E-07  2.3543589E-08  0.000E+00  0.0000  4.323777  -10.841  3.908379  8.074246  0.0000000E+00  9.9920090E-01  7.8962713E-04  0.0000000E+00  7.2704807E-06  3.4700106E-07  1.0500689E-10  7.7741806E-08  9.2048407E-07  2.4423361E-08  0.000E+00  2.580E-05  3.834E-03  9.692E-01  1.031E+00  3.78E+02  0.00E+00  1.15E+02  0.441690  0.027018  0.0000000E+00  4.2309975307E-02
168  4.403784769977476E+07    6.999890  3.853716  4.319212  7.2853304E-01  2.7143730E-01  8.0181483E-08  1.2949069E-08  4.3508072E-06  3.5116818E-06  6.4444132E-08  1.7472205E-10  9.2048308E-07  2.3543589E-08  0.000E+00  0.0018  4.319212  -10.842  3.920258  8.090131  0.0000000E+00  9.9881093E-01  1.1793999E-03  0.0000000E+00  7.2323600E-06  5.3961914E-07  1.0316845E-10  1.2739085E-07  9.2048437E-07  2.5528136E-08  0.000E+00  2.471E-05  3.876E-03  9.698E-01  1.030E+00  3.74E+02  0.00E+00  1.13E+02  0.437727  0.027104  0.0000000E+00  4.2309969402E-02
169  4.404372046157833E+07    6.999890  3.855251  4.314504  7.2853251E-01  2.7143779E-01  8.0180255E-08  1.2948947E-08  4.3508280E-06  3.5116601E-06  6.4443921E-08  1.7471919E-10  9.2048308E-07  2.3543589E-08  0.000E+00  0.0072  4.314504  -10.842  3.923506  8.106797  0.0000000E+00  9.9875505E-01  1.2352746E-03  0.0000000E+00  7.2127982E-06  5.5956268E-07  1.0099915E-10  1.5422142E-07  9.2048428E-07  2.6453762E-08  0.000E+00  2.362E-05  3.833E-03  9.704E-01  1.030E+00  3.70E+02  0.00E+00  1.10E+02  0.433694  0.027200  0.0000000E+00  4.2309963485E-02
170  4.404959322338191E+07    6.999890  3.856835  4.309583  7.2853230E-01  2.7143800E-01  8.0179669E-08  1.2948889E-08  4.3508380E-06  3.5116497E-06  6.4443821E-08  1.7471783E-10  9.2048308E-07  2.3543589E-08  0.000E+00  0.0162  4.309583  -10.842  3.914424  8.121524  0.0000000E+00  9.9847340E-01  1.5167650E-03  0.0000000E+00  7.1584285E-06  6.6766286E-07  1.0026556E-10  2.2354523E-07  9.2048432E-07  2.8770034E-08  0.000E+00  2.250E-05  3.716E-03  9.711E-01  1.028E+00  3.65E+02  0.00E+00  1.08E+02  0.428961  0.027299  0.0000000E+00  4.2309957682E-02
171  4.405022343406325E+07    6.999890  3.857220  4.309102  7.2853230E-01  2.7143800E-01  8.0179658E-08  1.2948887E-08  4.3508382E-06  3.5116495E-06  6.4443819E-08  1.7471780E-10  9.2048308E-07  2.3543589E-08  0.000E+00  0.0172  4.309102  -10.843  3.912314  8.122940  0.0000000E+00  9.9841328E-01  1.5768295E-03  0.0000000E+00  7.1478418E-06  6.9152448E-07  1.0023642E-10  2.3684589E-07  9.2048435E-07  2.9243987E-08  0.000E+00  2.239E-05  3.698E-03  9.712E-01  1.028E+00  3.65E+02  0.00E+00  1.07E+02  0.428589  0.027323  0.0000000E+00  4.2309957063E-02
172  4.405085364474458E+07    6.999890  3.857500  4.308602  7.2853230E-01  2.7143800E-01  8.0179647E-08  1.2948886E-08  4.3508384E-06  3.5116493E-06  6.4443817E-08  1.7471777E-10  9.2048308E-07  2.3543589E-08  0.000E+00  0.0174  4.308602  -10.841  3.909733  8.124386  0.0000000E+00  9.9824971E-01  1.7403981E-03  0.0000000E+00  7.1239746E-06  7.5917532E-07  1.0014938E-10  2.6671900E-07  9.2048445E-07  3.0245636E-08  0.000E+00  2.228E-05  3.686E-03  9.712E-01  1.027E+00  3.64E+02  0.00E+00  1.07E+02  0.428100  0.027341  0.0000000E+00  4.2309956443E-02
173  4.405148385542592E+07    6.999890  3.857772  4.308103  7.2853230E-01  2.7143800E-01  8.0179636E-08  1.2948885E-08  4.3508385E-06  3.5116491E-06  6.4443815E-08  1.7471775E-10  9.2048308E-07  2.3543589E-08  0.000E+00  0.0198  4.308103  -10.841  3.907541  8.125518  0.0000000E+00  9.9830222E-01  1.6878870E-03  3.2161168E-24  7.1265727E-06  7.4139934E-07  1.0022331E-10  2.6341626E-07  9.2048439E-07  3.0362042E-08  0.000E+00  2.217E-05  3.656E-03  9.713E-01  1.027E+00  3.64E+02  0.00E+00  1.07E+02  0.427731  0.027358  0.0000000E+00  4.2309955821E-02
174  4.405211406610726E+07    6.999890  3.858053  4.307607  7.2853230E-01  2.7143800E-01  8.0179627E-08  1.2948884E-08  4.3508386E-06  3.5116490E-06  6.4443814E-08  1.7471773E-10  9.2048308E-07  2.3543589E-08  0.000E+00  0.0213  4.307607  -10.840  3.904945  8.126649  0.0000000E+00  9.9826883E-01  1.7212790E-03  3.6094304E-24  7.1182285E-06  7.5672239E-07  1.0024637E-10  2.7380391E-07  9.2048439E-07  3.0864029E-08  0.000E+00  2.206E-05  3.632E-03  9.714E-01  1.027E+00  3.63E+02  0.00E+00  1.06E+02  0.427278  0.027376  0.0000000E+00  4.2309955200E-02
175  4.405274427678860E+07    6.999890  3.858346  4.307114  7.2853230E-01  2.7143800E-01  8.0179618E-08  1.2948883E-08  4.3508388E-06  3.5116488E-06  6.4443812E-08  1.7471771E-10  9.2048308E-07  2.3543589E-08  0.000E+00  0.0226  4.307114  -10.840  3.902109  8.127736  0.0000000E+00  9.9818988E-01  1.8001749E-03  4.6022506E-24  7.1038827E-06  7.9092647E-07  1.0024510E-10  2.9166823E-07  9.2048443E-07  3.1616304E-08  0.000E+00  2.195E-05  3.611E-03  9.714E-01  1.027E+00  3.63E+02  0.00E+00  1.06E+02  0.426786  0.027394  0.0000000E+00  4.2309954577E-02
176  4.405337448746993E+07    6.999890  3.858653  4.306627  7.2853230E-01  2.7143800E-01  8.0179609E-08  1.2948882E-08  4.3508390E-06  3.5116487E-06  6.4443810E-08  1.7471769E-10  9.2048308E-07  2.3543589E-08  0.000E+00  0.0234  4.306627  -10.839  3.899001  8.128780  0.0000000E+00  9.9806756E-01  1.9224126E-03  2.4016059E-24  7.0834422E-06  8.4446410E-07  1.0020471E-10  3.1710570E-07  9.2048450E-07  3.2667306E-08  0.000E+00  2.184E-05  3.592E-03  9.715E-01  1.027E+00  3.62E+02  0.00E+00  1.06E+02  0.426391  0.027414  0.0000000E+00  4.2309953954E-02
177  4.405400469815128E+07    6.999890  3.858977  4.306146  7.2853230E-01  2.7143800E-01  8.0179601E-08  1.2948882E-08  4.3508391E-06  3.5116485E-06  6.4443809E-08  1.7471767E-10  9.2048308E-07  2.3543589E-08  0.000E+00  0.0241  4.306146  -10.839  3.895730  8.129749  0.0000000E+00  9.9794633E-01  2.0435980E-03  0.0000000E+00  7.0626992E-06  9.0028964E-07  1.0016977E-10  3.4284989E-07  9.2048456E-07  3.3815487E-08  0.000E+00  2.173E-05  3.573E-03  9.715E-01  1.027E+00  3.62E+02  0.00E+00  1.06E+02  0.425985  0.027434  0.0000000E+00  4.2309953330E-02
178  4.405463490883261E+07    6.999890  3.859319  4.305670  7.2853230E-01  2.7143800E-01  8.0179594E-08  1.2948881E-08  4.3508392E-06  3.5116484E-06  6.4443808E-08  1.7471765E-10  9.2048308E-07  2.3543589E-08  0.000E+00  0.0252  4.305670  -10.838  3.892393  8.130623  0.0000000E+00  9.9785458E-01  2.1352921E-03  0.0000000E+00  7.0454277E-06  9.4693351E-07  1.0017082E-10  3.6417407E-07  9.2048461E-07  3.4917032E-08  0.000E+00  2.163E-05  3.550E-03  9.716E-01  1.027E+00  3.62E+02  0.00E+00  1.06E+02  0.425571  0.027456  0.0000000E+00  4.2309952705E-02
179  4.405526511951395E+07    6.999890  3.859679  4.305200  7.2853230E-01  2.7143800E-01  8.0179586E-08  1.2948881E-08  4.3508393E-06  3.5116483E-06  6.4443807E-08  1.7471763E-10  9.2048308E-07  2.3543589E-08  0.000E+00  0.0264  4.305200  -10.838  3.888970  8.131416  0.0000000E+00  9.9778217E-01  2.2076391E-03  6.0211967E-24  7.0305150E-06  9.8727058E-07  1.0020129E-10  3.8249170E-07  9.2048465E-07  3.5981671E-08  0.000E+00  2.152E-05  3.524E-03  9.716E-01  1.027E+00  3.61E+02  0.00E+00  1.05E+02  0.425194  0.027478  0.0000000E+00  4.2309952079E-02
180  4.405589533019529E+07    6.999890  3.860059  4.304737  7.2853230E-01  2.7143800E-01  8.0179579E-08  1.2948880E-08  4.3508394E-06  3.5116481E-06  6.4443806E-08  1.7471762E-10  9.2048308E-07  2.3543589E-08  0.000E+00  0.0278  4.304737  -10.834  3.885480  8.132131  0.0000000E+00  9.9772830E-01  2.2614733E-03  3.8542206E-23  7.0179379E-06  1.0210370E-06  1.0025984E-10  3.9784338E-07  9.2048467E-07  3.6994838E-08  0.000E+00  2.141E-05  3.498E-03  9.717E-01  1.034E+00  3.61E+02  0.00E+00  1.05E+02  0.424723  0.027503  0.0000000E+00  4.2309951447E-02
181  4.405652554087663E+07    6.999890  3.860430  4.304265  7.2853230E-01  2.7143804E-01  8.0179565E-08  1.2948878E-08  4.3508397E-06  3.5116479E-06  6.4443803E-08  1.7471759E-10  9.2048308E-07  2.3543589E-08  0.000E+00  0.0287  4.304265  -10.825  3.881848  8.132813  0.0000000E+00  9.9763353E-01  2.3562099E-03  3.0940137E-22  6.9994736E-06  1.0732778E-06  1.0027263E-10  4.2050108E-07  9.2048472E-07  3.8318702E-08  0.000E+00  2.131E-05  3.474E-03  9.717E-01  1.054E+00  3.60E+02  0.00E+00  1.05E+02  0.424275  0.027526  0.0000000E+00  4.2309950801E-02
182  4.405715575155797E+07    6.999890  3.860856  4.303798  7.2853228E-01  2.7143810E-01  8.0179522E-08  1.2948874E-08  4.3508404E-06  3.5116471E-06  6.4443796E-08  1.7471749E-10  9.2048308E-07  2.3543589E-08  0.000E+00  0.0294  4.303798  -10.824  3.878186  8.133438  0.0000000E+00  9.9753590E-01  2.4537500E-03  5.9823296E-22  6.9804554E-06  1.1293383E-06  1.0028424E-10  4.4378005E-07  9.2048477E-07  3.9747967E-08  0.000E+00  2.120E-05  3.450E-03  9.718E-01  1.054E+00  3.60E+02  0.00E+00  1.05E+02  0.423789  0.027553  0.0000000E+00  4.2309950156E-02
183  4.405778596223930E+07    6.999890  3.861301  4.303360  7.2853220E-01  2.7143810E-01  8.0179498E-08  1.2948872E-08  4.3508408E-06  3.5116467E-06  6.4443792E-08  1.7471743E-10  9.2048308E-07  2.3543589E-08  0.000E+00  0.0307  4.303360  -10.823  3.874498  8.133987  0.0000000E+00  9.9749686E-01  2.4927456E-03  5.0044476E-21  6.9697663E-06  1.1618533E-06  1.0037581E-10  4.5661849E-07  9.2048478E-07  4.0839110E-08  0.000E+00  2.110E-05  3.423E-03  9.719E-01  1.054E+00  3.59E+02  0.00E+00  1.04E+02  0.423333  0.027582  0.0000000E+00  4.2309949510E-02
184  4.405841617292064E+07    6.999890  3.861762  4.302929  7.2853220E-01  2.7143810E-01  8.0179471E-08  1.2948869E-08  4.3508413E-06  3.5116462E-06  6.4443787E-08  1.7471736E-10  9.2048308E-07  2.3543589E-08  0.000E+00  0.0292  4.302929  -10.822  3.870493  8.134567  0.0000000E+00  9.9731595E-01  2.6735307E-03  8.3594164E-24  6.9376534E-06  1.2584270E-06  1.0028173E-10  4.9606980E-07  9.2048489E-07  4.3083807E-08  0.000E+00  2.100E-05  3.404E-03  9.719E-01  1.054E+00  3.59E+02  0.00E+00  1.04E+02  0.423012  0.027610  0.0000000E+00  4.2309948863E-02
185  4.405904638360198E+07    6.999890  3.862240  4.302510  7.2853220E-01  2.7143810E-01  8.0179450E-08  1.2948867E-08  4.3508417E-06  3.5116459E-06  6.4443784E-08  1.7471732E-10  9.2048308E-07  2.3543589E-08  0.000E+00  0.0320  4.302510  -10.821  3.866760  8.134992  0.0000000E+00  9.9728055E-01  2.7089445E-03  7.2668236E-20  6.9273935E-06  1.2940250E-06  1.0037973E-10  5.0824062E-07  9.2048491E-07  4.4303261E-08  0.000E+00  2.090E-05  3.377E-03  9.720E-01  1.054E+00  3.58E+02  0.00E+00  1.04E+02  0.422558  0.027641  0.0000000E+00  4.2309948214E-02
186  4.405967659428332E+07    6.999890  3.862756  4.302107  7.2851288E-01  2.7145742E-01  8.0129840E-08  1.2943945E-08  4.3516814E-06  3.5107664E-06  6.4435280E-08  1.7460199E-10  9.2048308E-07  2.3543589E-08  0.000E+00  0.0341  4.302107  -10.819  3.863220  8.135300  0.0000000E+00  9.9733200E-01  2.6575041E-03  3.5898970E-18  6.9303344E-06  1.2881804E-06  1.0061695E-10  5.0402464E-07  9.2048487E-07  4.4769282E-08  0.000E+00  2.078E-05  3.342E-03  9.721E-01  1.053E+00  3.58E+02  0.00E+00  1.03E+02  0.421813  0.027673  0.0000000E+00  4.2309947563E-02
187  4.406030680496465E+07    6.999890  3.863293  4.301712  7.2849511E-01  2.7147524E-01  8.0084200E-08  1.2939417E-08  4.3524542E-06  3.5099572E-06  6.4427452E-08  1.7449589E-10  9.2048308E-07  2.3543589E-08  0.000E+00  0.0328  4.301712  -10.819  3.859325  8.135674  0.0000000E+00  9.9723544E-01  2.7540115E-03  7.5220712E-20  6.9103501E-06  1.3485505E-06  1.0063766E-10  5.2830221E-07  9.2048493E-07  4.6475696E-08  0.000E+00  2.078E-05  3.318E-03  9.719E-01  1.053E+00  3.57E+02  0.00E+00  1.04E+02  0.423145  0.027708  0.0000000E+00  4.2309946909E-02
188  4.406093701564600E+07    6.999890  3.863838  4.301310  7.2848408E-01  2.7148625E-01  8.0056045E-08  1.2936624E-08  4.3529314E-06  3.5094574E-06  6.4422609E-08  1.7443042E-10  9.2048308E-07  2.3543589E-08  0.000E+00  0.0339  4.301310  -10.817  3.855623  8.135975  0.0000000E+00  9.9707989E-01  2.9094433E-03  1.8993421E-18  6.8811692E-06  1.4402204E-06  1.0056324E-10  5.6389920E-07  9.2048503E-07  4.8820763E-08  0.000E+00  2.071E-05  3.301E-03  9.719E-01  1.054E+00  3.57E+02  0.00E+00  1.04E+02  0.423359  0.027742  0.0000000E+00  4.2309946251E-02
189  4.406156722632733E+07    6.999890  3.864401  4.300931  7.2846577E-01  2.7150453E-01  8.0009257E-08  1.2931981E-08  4.3537246E-06  3.5086266E-06  6.4414554E-08  1.7432161E-10  9.2048308E-07  2.3543589E-08  0.000E+00  0.0367  4.300931  -10.816  3.852150  8.136185  0.0000000E+00  9.9711454E-01  2.8747886E-03  6.1522697E-17  6.8823143E-06  1.4425453E-06  1.0076884E-10  5.6189166E-07  9.2048500E-07  4.9397955E-08  0.000E+00  2.064E-05  3.271E-03  9.719E-01  1.054E+00  3.56E+02  0.00E+00  1.04E+02  0.423480  0.027778  0.0000000E+00  4.2309945590E-02
190  4.406219743700867E+07    6.999890  3.864981  4.300565  7.2844690E-01  2.7152350E-01  7.9960895E-08  1.2927180E-08  4.3545447E-06  3.5077676E-06  6.4406222E-08  1.7420913E-10  9.2048308E-07  2.3543589E-08  0.000E+00  0.0377  4.300565  -10.814  3.848539  8.136415  0.0000000E+00  9.9696320E-01  3.0259708E-03  4.0506925E-18  6.8535579E-06  1.5349096E-06  1.0068967E-10  5.9688573E-07  9.2048509E-07  5.1815009E-08  0.000E+00  2.057E-05  3.255E-03  9.719E-01  1.054E+00  3.56E+02  0.00E+00  1.03E+02  0.423548  0.027815  0.0000000E+00  4.2309944926E-02
191  4.406398901218214E+07    6.999890  3.866698  4.299588  7.2841466E-01  2.7155564E-01  7.9878733E-08  1.2919025E-08  4.3559388E-06  3.5063075E-06  6.4392048E-08  1.7401802E-10  9.2048308E-07  2.3543589E-08  0.000E+00  0.0357  4.299588  -10.810  3.838661  8.136916  0.0000000E+00  9.9658486E-01  3.4041089E-03  5.4694319E-19  6.7793178E-06  1.7972772E-06  1.0053328E-10  6.8644476E-07  9.2048533E-07  5.8994778E-08  0.000E+00  2.040E-05  3.208E-03  9.718E-01  1.054E+00  3.55E+02  0.00E+00  1.03E+02  0.424028  0.027924  0.0000000E+00  4.2309943019E-02
192  4.406662716412607E+07    6.999890  3.869337  4.298345  7.2838509E-01  2.7158521E-01  7.9803386E-08  1.2911544E-08  4.3572179E-06  3.5049675E-06  6.4379027E-08  1.7384273E-10  9.2048308E-07  2.3543589E-08  0.000E+00  0.0411  4.298345  -10.803  3.825690  8.137222  0.0000000E+00  9.9620651E-01  3.7820641E-03  4.8665295E-16  6.6989416E-06  2.1330254E-06  1.0051516E-10  7.8159754E-07  9.2048558E-07  6.8910774E-08  0.000E+00  2.013E-05  3.139E-03  9.718E-01  1.054E+00  3.53E+02  0.00E+00  1.03E+02  0.424126  0.028094  0.0000000E+00  4.2309940162E-02
193  4.406982728146075E+07    6.999890  3.872529  4.297147  7.2836188E-01  2.7160846E-01  7.9744272E-08  1.2905675E-08  4.3582220E-06  3.5039160E-06  6.4368801E-08  1.7370519E-10  9.2048308E-07  2.3543589E-08  0.000E+00  0.0411  4.297147  -10.794  3.811536  8.137336  0.0000000E+00  9.9582817E-01  4.1599725E-03  1.8200622E-18  6.6146415E-06  2.5453598E-06  1.0055366E-10  8.7957564E-07  9.2048584E-07  8.1499040E-08  0.000E+00  1.985E-05  3.064E-03  9.718E-01  1.054E+00  3.52E+02  0.00E+00  1.02E+02  0.423916  0.028301  0.0000000E+00  4.2309936618E-02
194  4.407231347037494E+07    6.999890  3.874868  4.296427  7.2834926E-01  2.7162113E-01  7.9712127E-08  1.2902484E-08  4.3587680E-06  3.5033440E-06  6.4363238E-08  1.7363040E-10  9.2048308E-07  2.3543589E-08  0.000E+00  0.0436  4.296427  -10.788  3.802161  8.137249  0.0000000E+00  9.9544982E-01  4.5379164E-03  1.0075008E-14  6.5353670E-06  2.9422047E-06  1.0039832E-10  9.7188518E-07  9.2048610E-07  9.3213448E-08  0.000E+00  1.967E-05  3.020E-03  9.718E-01  1.054E+00  3.51E+02  0.00E+00  1.02E+02  0.423920  0.028454  0.0000000E+00  4.2309933808E-02
195  4.407467954992078E+07    6.999890  3.876920  4.295912  7.2833974E-01  2.7163066E-01  7.9687935E-08  1.2900082E-08  4.3591790E-06  3.5029135E-06  6.4359049E-08  1.7357411E-10  9.2048308E-07  2.3543589E-08  0.000E+00  0.0439  4.295912  -10.782  3.794181  8.137124  0.0000000E+00  9.9507148E-01  4.9157957E-03  1.1829487E-14  6.4565286E-06  3.3700790E-06  1.0020751E-10  1.0629162E-06  9.2048637E-07  1.0582184E-07  0.000E+00  1.952E-05  2.985E-03  9.718E-01  1.054E+00  3.50E+02  0.00E+00  1.02E+02  0.423782  0.028588  0.0000000E+00  4.2309931089E-02
196  4.407718871342412E+07    6.999890  3.878871  4.295515  7.2833178E-01  2.7163860E-01  7.9667672E-08  1.2898070E-08  4.3595232E-06  3.5025529E-06  6.4355540E-08  1.7352696E-10  9.2048308E-07  2.3543589E-08  0.000E+00  0.0446  4.295515  -10.777  3.786735  8.136936  0.0000000E+00  9.9469313E-01  5.2936089E-03  9.1813185E-15  6.3773526E-06  3.8457640E-06  1.0001304E-10  1.1531987E-06  9.2048664E-07  1.1987478E-07  0.000E+00  1.940E-05  2.952E-03  9.718E-01  1.054E+00  3.49E+02  0.00E+00  1.01E+02  0.423799  0.028716  0.0000000E+00  4.2309928165E-02
197  4.408018052283724E+07    6.999890  3.880892  4.295223  7.2832448E-01  2.7164592E-01  7.9649047E-08  1.2896221E-08  4.3598396E-06  3.5022214E-06  6.4352315E-08  1.7348363E-10  9.2048308E-07  2.3543589E-08  0.000E+00  0.0441  4.295223  -10.771  3.778911  8.136700  0.0000000E+00  9.9431479E-01  5.6713809E-03  8.6570441E-16  6.2969206E-06  4.3977770E-06  9.9843564E-11  1.2431718E-06  9.2048693E-07  1.3626171E-07  0.000E+00  1.931E-05  2.917E-03  9.718E-01  1.054E+00  3.48E+02  0.00E+00  1.01E+02  0.424104  0.028850  0.0000000E+00  4.2309924625E-02
198  4.408262638361129E+07    6.999890  3.882308  4.295105  7.2831966E-01  2.7165074E-01  7.9636784E-08  1.2895003E-08  4.3600480E-06  3.5020031E-06  6.4350192E-08  1.7345509E-10  9.2048308E-07  2.3543589E-08  0.000E+00  0.0443  4.295105  -10.767  3.773390  8.136494  0.0000000E+00  9.9393644E-01  6.0491623E-03  6.1921722E-15  6.2186254E-06  4.9439908E-06  9.9609882E-11  1.3307572E-06  9.2048721E-07  1.5224457E-07  0.000E+00  1.926E-05  2.894E-03  9.718E-01  1.054E+00  3.48E+02  0.00E+00  1.01E+02  0.424289  0.028945  0.0000000E+00  4.2309921693E-02
199  4.408522890433583E+07    6.999890  3.883607  4.295091  7.2831528E-01  2.7165512E-01  7.9625631E-08  1.2893896E-08  4.3602375E-06  3.5018047E-06  6.4348260E-08  1.7342914E-10  9.2048308E-07  2.3543589E-08  0.000E+00  0.0440  4.295091  -10.763  3.768182  8.136286  0.0000000E+00  9.9355810E-01  6.4268877E-03  5.8551447E-15  6.1403975E-06  5.5420453E-06  9.9377197E-11  1.4170535E-06  9.2048750E-07  1.6969488E-07  0.000E+00  1.922E-05  2.873E-03  9.717E-01  1.054E+00  3.48E+02  0.00E+00  1.01E+02  0.424488  0.029031  0.0000000E+00  4.2309918542E-02
200  4.408820281868498E+07    6.999890  3.884871  4.295179  7.2831101E-01  2.7165934E-01  7.9614891E-08  1.2892829E-08  4.3604200E-06  3.5016135E-06  6.4346400E-08  1.7340415E-10  9.2048308E-07  2.3543589E-08  0.000E+00  0.0443  4.295179  -10.759  3.763002  8.136053  0.0000000E+00  9.9317975E-01  6.8045475E-03  2.4161753E-14  6.0619935E-06  6.2127072E-06  9.9156005E-11  1.5018851E-06  9.2048780E-07  1.8920268E-07  0.000E+00  1.921E-05  2.850E-03  9.717E-01  1.054E+00  3.48E+02  0.00E+00  1.01E+02  0.424816  0.029116  0.0000000E+00  4.2309914906E-02
201  4.409158517797187E+07    6.999890  3.886064  4.295393  7.2830703E-01  2.7166327E-01  7.9604813E-08  1.2891829E-08  4.3605913E-06  3.5014341E-06  6.4344654E-08  1.7338070E-10  9.2048308E-07  2.3543589E-08  0.000E+00  0.0446  4.295393  -10.756  3.757936  8.135818  0.0000000E+00  9.9280141E-01  7.1821366E-03  7.4448957E-16  5.9833701E-06  6.9617121E-06  9.8946683E-11  1.5852271E-06  9.2048810E-07  2.1086606E-07  0.000E+00  1.922E-05  2.828E-03  9.716E-01  1.054E+00  3.48E+02  0.00E+00  1.01E+02  0.425247  0.029196  0.0000000E+00  4.2309910732E-02
202  4.409437229179277E+07    6.999889  3.886884  4.295659  7.2830431E-01  2.7166609E-01  7.9597804E-08  1.2891133E-08  4.3607104E-06  3.5013094E-06  6.4343440E-08  1.7336439E-10  9.2048308E-07  2.3543589E-08  0.000E+00  0.0439  4.295659  -10.753  3.754359  8.135641  0.0000000E+00  9.9242306E-01  7.5596550E-03  3.0477376E-15  5.9063829E-06  7.6955196E-06  9.8698464E-11  1.6670283E-06  9.2048839E-07  2.3186460E-07  0.000E+00  1.925E-05  2.813E-03  9.716E-01  1.054E+00  3.48E+02  0.00E+00  1.02E+02  0.425590  0.029251  0.0000000E+00  4.2309907265E-02
203  4.409722613866170E+07    6.999889  3.887591  4.295971  7.2830191E-01  2.7166841E-01  7.9591757E-08  1.2890532E-08  4.3608131E-06  3.5012017E-06  6.4342392E-08  1.7335031E-10  9.2048308E-07  2.3543589E-08  0.000E+00  0.0436  4.295971  -10.751  3.751142  8.135491  0.0000000E+00  9.9204472E-01  7.9372136E-03  5.0586575E-17  5.8298868E-06  8.4785586E-06  9.8448834E-11  1.7471577E-06  9.2048870E-07  2.5413421E-07  0.000E+00  1.928E-05  2.800E-03  9.715E-01  1.054E+00  3.48E+02  0.00E+00  1.02E+02  0.425941  0.029299  0.0000000E+00  4.2309903694E-02
204  4.410023435768095E+07    6.999889  3.888215  4.296359  7.2829975E-01  2.7167065E-01  7.9586162E-08  1.2889976E-08  4.3609082E-06  3.5011021E-06  6.4341424E-08  1.7333730E-10  9.2048308E-07  2.3543589E-08  0.000E+00  0.0435  4.296359  -10.749  3.748221  8.135368  0.0000000E+00  9.9166637E-01  8.3147111E-03  3.9144345E-15  5.7539551E-06  9.3146930E-06  9.8198948E-11  1.8254526E-06  9.2048900E-07  2.7775834E-07  0.000E+00  1.933E-05  2.788E-03  9.715E-01  1.054E+00  3.48E+02  0.00E+00  1.02E+02  0.426423  0.029341  0.0000000E+00  4.2309899910E-02
205  4.410346461221880E+07    6.999889  3.888763  4.296806  7.2829763E-01  2.7167277E-01  7.9580789E-08  1.2889443E-08  4.3609995E-06  3.5010065E-06  6.4340493E-08  1.7332479E-10  9.2048308E-07  2.3543589E-08  0.000E+00  0.0435  4.296806  -10.747  3.745430  8.135284  0.0000000E+00  9.9128803E-01  8.6920995E-03  3.0238262E-15  5.6785289E-06  1.0216474E-05  9.7952928E-11  1.9017075E-06  9.2048930E-07  3.0307742E-07  0.000E+00  1.940E-05  2.777E-03  9.714E-01  1.054E+00  3.48E+02  0.00E+00  1.02E+02  0.426941  0.029377  0.0000000E+00  4.2309895825E-02
206  4.410639075093778E+07    6.999889  3.889162  4.297234  7.2829598E-01  2.7167442E-01  7.9576613E-08  1.2889028E-08  4.3610705E-06  3.5009322E-06  6.4339769E-08  1.7331508E-10  9.2048308E-07  2.3543589E-08  0.000E+00  0.0430  4.297234  -10.746  3.743242  8.135231  0.0000000E+00  9.9090968E-01  9.0695681E-03  1.5070609E-16  5.6037960E-06  1.1134970E-05  9.7696843E-11  1.9768062E-06  9.2048961E-07  3.2872646E-07  0.000E+00  1.947E-05  2.769E-03  9.713E-01  1.055E+00  3.48E+02  0.00E+00  1.02E+02  0.427406  0.029404  0.0000000E+00  4.2309892111E-02
207  4.410934253017677E+07    6.999889  3.889485  4.297671  7.2829451E-01  2.7167579E-01  7.9572934E-08  1.2888662E-08  4.3611330E-06  3.5008667E-06  6.4339132E-08  1.7330652E-10  9.2048308E-07  2.3543589E-08  0.000E+00  0.0427  4.297671  -10.744  3.741245  8.135199  0.0000000E+00  9.9053134E-01  9.4469299E-03  2.4956957E-16  5.5297220E-06  1.2097275E-05  9.7439436E-11  2.0501758E-06  9.2048992E-07  3.5545374E-07  0.000E+00  1.954E-05  2.761E-03  9.712E-01  1.055E+00  3.49E+02  0.00E+00  1.02E+02  0.427968  0.029427  0.0000000E+00  4.2309888352E-02
208  4.411236958012254E+07    6.999889  3.889755  4.298129  7.2829321E-01  2.7167710E-01  7.9569636E-08  1.2888335E-08  4.3611890E-06  3.5008080E-06  6.4338561E-08  1.7329884E-10  9.2048308E-07  2.3543589E-08  0.000E+00  0.0425  4.298129  -10.743  3.739403  8.135200  0.0000000E+00  9.9015299E-01  9.8242121E-03  2.4997574E-16  5.4562927E-06  1.3108858E-05  9.7182247E-11  2.1217167E-06  9.2049023E-07  3.8340234E-07  0.000E+00  1.961E-05  2.753E-03  9.712E-01  1.055E+00  3.49E+02  0.00E+00  1.03E+02  0.428368  0.029445  0.0000000E+00  4.2309884484E-02
209  4.411536155871393E+07    6.999889  3.889974  4.298587  7.2829201E-01  2.7167838E-01  7.9566569E-08  1.2888030E-08  4.3612411E-06  3.5007534E-06  6.4338029E-08  1.7329171E-10  9.2048308E-07  2.3543589E-08  0.000E+00  0.0420  4.298587  -10.742  3.737755  8.135217  0.0000000E+00  9.8977465E-01  1.0201487E-02  1.9873457E-17  5.3834889E-06  1.4161667E-05  9.6923867E-11  2.1916356E-06  9.2049054E-07  4.1235089E-07  0.000E+00  1.969E-05  2.747E-03  9.711E-01  1.055E+00  3.49E+02  0.00E+00  1.03E+02  0.428791  0.029460  0.0000000E+00  4.2309880652E-02
210  4.411841569560213E+07    6.999889  3.890155  4.299052  7.2829100E-01  2.7167940E-01  7.9563807E-08  1.2887756E-08  4.3612881E-06  3.5007042E-06  6.4337551E-08  1.7328528E-10  9.2048308E-07  2.3543589E-08  0.000E+00  0.0418  4.299052  -10.742  3.736217  8.135267  0.0000000E+00  9.8939630E-01  1.0578688E-02  3.8204217E-18  5.3113392E-06  1.5261784E-05  9.6665786E-11  2.2597653E-06  9.2049085E-07  4.4245792E-07  0.000E+00  1.978E-05  2.741E-03  9.710E-01  1.055E+00  3.50E+02  0.00E+00  1.03E+02  0.429391  0.029472  0.0000000E+00  4.2309876731E-02
211  4.418759393333475E+07    6.999888  3.892616  4.306524  7.2827996E-01  2.7169044E-01  7.9535839E-08  1.2884979E-08  4.3617633E-06  3.5002064E-06  6.4332705E-08  1.7322019E-10  9.2048308E-07  2.3543589E-08  0.000E+00  0.0442  4.306524  -10.741  3.709078  8.138294  0.0000000E+00  9.8114953E-01  1.8789692E-02  1.0105001E-17  3.8961541E-06  5.0464273E-05  9.1141753E-11  3.3324861E-06  9.2049771E-07  1.3551386E-06  0.000E+00  2.111E-05  2.637E-03  9.700E-01  1.028E+00  3.55E+02  0.00E+00  1.07E+02  0.436710  0.029639  0.0000000E+00  4.2309787141E-02
212  4.425975639779333E+07    6.999886  3.896085  4.312175  7.2827560E-01  2.7169480E-01  7.9524765E-08  1.2883880E-08  4.3619516E-06  3.5000092E-06  6.4330785E-08  1.7319443E-10  9.2048308E-07  2.3543589E-08  0.000E+00  0.0463  4.312175  -10.727  3.685727  8.141019  0.0000000E+00  9.7290277E-01  2.6978779E-02  3.3306486E-18  2.7833148E-06  1.0757421E-04  8.5814903E-11  3.7184576E-06  9.2050482E-07  2.6320025E-06  0.000E+00  2.208E-05  2.546E-03  9.693E-01  1.029E+00  3.59E+02  0.00E+00  1.09E+02  0.441567  0.029877  0.0000000E+00  4.2309692325E-02
213  4.433303264678147E+07    6.999885  3.899216  4.316909  7.2827309E-01  2.7169730E-01  7.9518326E-08  1.2883240E-08  4.3620610E-06  3.4998946E-06  6.4329669E-08  1.7317944E-10  9.2048308E-07  2.3543589E-08  0.000E+00  0.0470  4.316909  -10.714  3.666505  8.143490  0.0000000E+00  9.6465600E-01  3.5145263E-02  1.5370018E-19  1.9715820E-06  1.8738517E-04  8.0677393E-11  3.5928777E-06  9.2051231E-07  4.0609079E-06  0.000E+00  2.290E-05  2.472E-03  9.687E-01  1.030E+00  3.63E+02  0.00E+00  1.11E+02  0.445342  0.030093  0.0000000E+00  4.2309592913E-02
214  4.440074152716471E+07    6.999884  3.902100  4.320472  7.2827140E-01  2.7169900E-01  7.9514051E-08  1.2882816E-08  4.3621337E-06  3.4998184E-06  6.4328928E-08  1.7316949E-10  9.2048308E-07  2.3543589E-08  0.000E+00  0.0501  4.320472  -10.703  3.651371  8.145564  0.0000000E+00  9.5640924E-01  4.3292552E-02  1.3239138E-18  1.3679254E-06  2.8636803E-04  7.5662934E-11  3.2420139E-06  9.2052030E-07  5.4382140E-06  0.000E+00  2.350E-05  2.416E-03  9.683E-01  1.030E+00  3.65E+02  0.00E+00  1.13E+02  0.448096  0.030293  0.0000000E+00  4.2309498431E-02
215  4.446884574227304E+07    6.999882  3.904727  4.323566  7.2827010E-01  2.7170030E-01  7.9510823E-08  1.2882495E-08  4.3621885E-06  3.4997610E-06  6.4328368E-08  1.7316198E-10  9.2048308E-07  2.3543589E-08  0.000E+00  0.0515  4.323566  -10.692  3.637923  8.147443  0.0000000E+00  9.4816247E-01  5.1416864E-02  3.7225422E-18  9.7322247E-07  4.0854045E-04  7.0891666E-11  2.7283999E-06  9.2052907E-07  6.6860660E-06  0.000E+00  2.406E-05  2.366E-03  9.679E-01  1.031E+00  3.67E+02  0.00E+00  1.14E+02  0.450844  0.030478  0.0000000E+00  4.2309400909E-02
216  4.453463136613542E+07    6.999881  3.907226  4.325986  7.2826920E-01  2.7170120E-01  7.9508419E-08  1.2882256E-08  4.3622294E-06  3.4997182E-06  6.4327952E-08  1.7315639E-10  9.2048308E-07  2.3543589E-08  0.000E+00  0.0533  4.325986  -10.683  3.626523  8.149138  0.0000000E+00  9.3991571E-01  5.9520036E-02  1.8140176E-18  7.0027601E-07  5.5182595E-04  6.6320763E-11  2.2213338E-06  9.2053879E-07  7.7345874E-06  0.000E+00  2.448E-05  2.324E-03  9.676E-01  1.031E+00  3.69E+02  0.00E+00  1.15E+02  0.452806  0.030653  0.0000000E+00  4.2309304482E-02
217  4.459991513183651E+07    6.999880  3.909739  4.327918  7.2826830E-01  2.7170200E-01  7.9506324E-08  1.2882048E-08  4.3622650E-06  3.4996808E-06  6.4327588E-08  1.7315151E-10  9.2048308E-07  2.3543589E-08  0.000E+00  0.0545  4.327918  -10.674  3.616283  8.150691  0.0000000E+00  9.3166894E-01  6.7600411E-02  1.8222238E-18  5.2491180E-07  7.1805824E-04  6.1991536E-11  1.7595473E-06  9.2054978E-07  8.5744156E-06  0.000E+00  2.478E-05  2.287E-03  9.673E-01  1.031E+00  3.70E+02  0.00E+00  1.16E+02  0.454184  0.030831  0.0000000E+00  4.2309206724E-02
218  4.466621307483920E+07    6.999878  3.912228  4.329682  7.2826780E-01  2.7170260E-01  7.9504879E-08  1.2881904E-08  4.3622896E-06  3.4996551E-06  6.4327337E-08  1.7314815E-10  9.2048308E-07  2.3543589E-08  0.000E+00  0.0560  4.329682  -10.665  3.606843  8.152197  0.0000000E+00  9.2342217E-01  7.5655991E-02  2.2141175E-18  4.1601563E-07  9.0904706E-04  5.7925972E-11  1.3782289E-06  9.2056242E-07  9.2114282E-06  0.000E+00  2.508E-05  2.252E-03  9.671E-01  1.031E+00  3.71E+02  0.00E+00  1.17E+02  0.455927  0.031008  0.0000000E+00  4.2309105308E-02
219  4.473006263322204E+07    6.999877  3.914590  4.331355  7.2826730E-01  2.7170310E-01  7.9503635E-08  1.2881781E-08  4.3623107E-06  3.4996329E-06  6.4327121E-08  1.7314525E-10  9.2048308E-07  2.3543589E-08  0.000E+00  0.0570  4.331355  -10.657  3.598392  8.153637  0.0000000E+00  9.1517541E-01  8.3690437E-02  2.2107010E-18  3.3566658E-07  1.1212871E-03  5.4062065E-11  1.0832076E-06  9.2057685E-07  9.6981141E-06  0.000E+00  2.533E-05  2.221E-03  9.669E-01  1.032E+00  3.72E+02  0.00E+00  1.17E+02  0.457143  0.031177  0.0000000E+00  4.2309005610E-02
220  4.479425595841483E+07    6.999875  3.916983  4.332888  7.2826680E-01  2.7170360E-01  7.9502326E-08  1.2881651E-08  4.3623330E-06  3.4996096E-06  6.4326894E-08  1.7314221E-10  9.2048308E-07  2.3543589E-08  0.000E+00  0.0586  4.332888  -10.649  3.590059  8.155042  0.0000000E+00  9.0692864E-01  9.1699808E-02  1.3107752E-18  2.8335159E-07  1.3585700E-03  5.0445272E-11  8.6159061E-07  9.2059362E-07  1.0051020E-05  0.000E+00  2.557E-05  2.191E-03  9.667E-01  1.032E+00  3.73E+02  0.00E+00  1.18E+02  0.458228  0.031350  0.0000000E+00  4.2308903429E-02
221  4.485459568492391E+07    6.999874  3.919127  4.334290  7.2826640E-01  2.7170400E-01  7.9501348E-08  1.2881554E-08  4.3623497E-06  3.4995922E-06  6.4326724E-08  1.7313993E-10  9.2048308E-07  2.3543589E-08  0.000E+00  0.0574  4.334290  -10.641  3.582919  8.156370  0.0000000E+00  8.9868188E-01  9.9690696E-02  1.5786575E-19  2.2568914E-07  1.6143830E-03  4.6971889E-11  7.0270219E-07  9.2061264E-07  1.0335678E-05  0.000E+00  2.578E-05  2.166E-03  9.666E-01  1.032E+00  3.74E+02  0.00E+00  1.18E+02  0.459238  0.031505  0.0000000E+00  4.2308805552E-02
222  4.490450024676231E+07    6.999873  3.920878  4.335371  7.2826610E-01  2.7170430E-01  7.9500668E-08  1.2881487E-08  4.3623612E-06  3.4995801E-06  6.4326607E-08  1.7313835E-10  9.2048308E-07  2.3543589E-08  0.000E+00  0.0584  4.335371  -10.635  3.577650  8.157518  0.0000000E+00  8.9043511E-01  1.0767524E-01  2.4770264E-20  1.5266410E-07  1.8765441E-03  4.3503030E-11  5.6114997E-07  9.2063303E-07  1.0623342E-05  0.000E+00  2.595E-05  2.149E-03  9.664E-01  1.032E+00  3.74E+02  0.00E+00  1.19E+02  0.460175  0.031632  0.0000000E+00  4.2308723274E-02
223  4.495669062232364E+07    6.999872  3.922704  4.336425  7.2826580E-01  2.7170450E-01  7.9499997E-08  1.2881420E-08  4.3623726E-06  3.4995681E-06  6.4326490E-08  1.7313678E-10  9.2048308E-07  2.3543589E-08  0.000E+00  0.0592  4.336425  -10.629  3.572028  8.158698  0.0000000E+00  8.8218835E-01  1.1563008E-01  3.0399331E-20  1.3192389E-07  2.1684525E-03  4.0346467E-11  4.3490877E-07  9.2065682E-07  1.0810110E-05  0.000E+00  2.610E-05  2.130E-03  9.663E-01  1.032E+00  3.75E+02  0.00E+00  1.19E+02  0.460790  0.031766  0.0000000E+00  4.2308635956E-02
224  4.501037414607411E+07    6.999870  3.924649  4.337297  7.2826560E-01  2.7170480E-01  7.9499375E-08  1.2881358E-08  4.3623832E-06  3.4995571E-06  6.4326382E-08  1.7313534E-10  9.2048308E-07  2.3543589E-08  0.000E+00  0.0599  4.337297  -10.623  3.566497  8.159845  0.0000000E+00  8.7394158E-01  1.2355591E-01  9.3922983E-21  1.2200587E-07  2.4893361E-03  3.7456587E-11  3.5671021E-07  9.2068452E-07  1.0921140E-05  0.000E+00  2.621E-05  2.112E-03  9.662E-01  1.032E+00  3.75E+02  0.00E+00  1.19E+02  0.461472  0.031908  0.0000000E+00  4.2308544816E-02
225  4.506489430696378E+07    6.999869  3.926552  4.338116  7.2826540E-01  2.7170500E-01  7.9498887E-08  1.2881310E-08  4.3623915E-06  3.4995484E-06  6.4326297E-08  1.7313420E-10  9.2048308E-07  2.3543589E-08  0.000E+00  0.0607  4.338116  -10.617  3.561146  8.160988  0.0000000E+00  8.6569481E-01  1.3145344E-01  6.5175232E-21  1.1693642E-07  2.8385721E-03  3.4802903E-11  3.0696632E-07  9.2071659E-07  1.0989765E-05  0.000E+00  2.632E-05  2.093E-03  9.661E-01  1.032E+00  3.75E+02  0.00E+00  1.20E+02  0.462332  0.032048  0.0000000E+00  4.2308450840E-02
226  4.511670457640122E+07    6.999868  3.928311  4.338906  7.2826520E-01  2.7170520E-01  7.9498425E-08  1.2881264E-08  4.3623993E-06  3.4995402E-06  6.4326217E-08  1.7313313E-10  9.2048308E-07  2.3543589E-08  0.000E+00  0.0615  4.338906  -10.611  3.556371  8.162074  0.0000000E+00  8.5744805E-01  1.3933134E-01  3.5689481E-21  1.0237534E-07  3.2074773E-03  3.2274689E-11  2.6915737E-07  9.2075253E-07  1.1058727E-05  0.000E+00  2.641E-05  2.077E-03  9.660E-01  1.032E+00  3.76E+02  0.00E+00  1.20E+02  0.462760  0.032178  0.0000000E+00  4.2308360228E-02
227  4.516725490616210E+07    6.999867  3.930061  4.339667  7.2826510E-01  2.7170530E-01  7.9498059E-08  1.2881227E-08  4.3624055E-06  3.4995336E-06  6.4326154E-08  1.7313228E-10  9.2048308E-07  2.3543589E-08  0.000E+00  0.0622  4.339667  -10.605  3.551872  8.163118  0.0000000E+00  8.4920128E-01  1.4718576E-01  1.9483347E-21  9.0527322E-08  3.5997795E-03  2.9907700E-11  2.3604271E-07  9.2079307E-07  1.1117691E-05  0.000E+00  2.651E-05  2.062E-03  9.659E-01  1.033E+00  3.76E+02  0.00E+00  1.20E+02  0.463366  0.032308  0.0000000E+00  4.2308270608E-02
228  4.522019700201636E+07    6.999865  3.931833  4.340431  7.2826500E-01  2.7170540E-01  7.9497784E-08  1.2881200E-08  4.3624102E-06  3.4995287E-06  6.4326106E-08  1.7313164E-10  9.2048308E-07  2.3543589E-08  0.000E+00  0.0634  4.340431  -10.599  3.547166  8.164238  0.0000000E+00  8.4095452E-01  1.5500541E-01  4.8801441E-23  8.9445405E-08  4.0268241E-03  2.7799138E-11  2.1651901E-07  9.2084024E-07  1.1143112E-05  0.000E+00  2.662E-05  2.046E-03  9.658E-01  1.033E+00  3.76E+02  0.00E+00  1.21E+02  0.464159  0.032440  0.0000000E+00  4.2308175404E-02
229  4.527388462318250E+07    6.999864  3.933716  4.341222  7.2826480E-01  2.7170560E-01  7.9497413E-08  1.2881163E-08  4.3624166E-06  3.4995221E-06  6.4326041E-08  1.7313077E-10  9.2048308E-07  2.3543589E-08  0.000E+00  0.0637  4.341222  -10.593  3.542284  8.165359  0.0000000E+00  8.3270775E-01  1.6279302E-01  2.7664365E-21  9.4961655E-08  4.4859869E-03  2.5897773E-11  1.9905492E-07  9.2089453E-07  1.1155641E-05  0.000E+00  2.668E-05  2.030E-03  9.658E-01  1.033E+00  3.77E+02  0.00E+00  1.21E+02  0.464311  0.032581  0.0000000E+00  4.2308077515E-02
230  4.532183011506575E+07    6.999863  3.935509  4.342113  7.2826470E-01  2.7170570E-01  7.9497132E-08  1.2881135E-08  4.3624213E-06  3.4995171E-06  6.4325993E-08  1.7313012E-10  9.2048308E-07  2.3543589E-08  0.000E+00  0.0646  4.342113  -10.587  3.538084  8.166426  0.0000000E+00  8.2446099E-01  1.7057373E-01  3.3114074E-22  7.0261481E-08  4.9519963E-03  2.3952413E-11  1.8728510E-07  9.2095256E-07  1.1208714E-05  0.000E+00  2.681E-05  2.017E-03  9.657E-01  1.033E+00  3.77E+02  0.00E+00  1.21E+02  0.464971  0.032716  0.0000000E+00  4.2307988847E-02
231  4.536860609047323E+07    6.999861  3.936971  4.342993  7.2826460E-01  2.7170580E-01  7.9496905E-08  1.2881113E-08  4.3624252E-06  3.4995131E-06  6.4325953E-08  1.7312959E-10  9.2048308E-07  2.3543589E-08  0.000E+00  0.0649  4.342993  -10.582  3.534114  8.167466  0.0000000E+00  8.1621422E-01  1.7833023E-01  0.0000000E+00  6.0409637E-08  5.4422734E-03  2.2139239E-11  1.6189765E-07  9.2101714E-07  1.1255100E-05  0.000E+00  2.695E-05  2.004E-03  9.655E-01  1.033E+00  3.77E+02  0.00E+00  1.21E+02  0.465674  0.032826  0.0000000E+00  4.2307901200E-02
232  4.541740274488553E+07    6.999860  3.938784  4.343770  7.2826450E-01  2.7170581E-01  7.9496659E-08  1.2881088E-08  4.3624294E-06  3.4995087E-06  6.4325910E-08  1.7312902E-10  9.2048308E-07  2.3543589E-08  0.000E+00  0.0660  4.343770  -10.577  3.529974  8.168527  0.0000000E+00  8.0796745E-01  1.8604744E-01  1.1658781E-22  6.7991440E-08  5.9718635E-03  2.0572448E-11  1.4337274E-07  9.2109159E-07  1.1265691E-05  0.000E+00  2.703E-05  1.991E-03  9.655E-01  1.033E+00  3.78E+02  0.00E+00  1.22E+02  0.465985  0.032963  0.0000000E+00  4.2307808659E-02
233  4.546687696019459E+07    6.999859  3.940399  4.344660  7.2826450E-01  2.7170590E-01  7.9496481E-08  1.2881071E-08  4.3624324E-06  3.4995055E-06  6.4325880E-08  1.7312860E-10  9.2048308E-07  2.3543589E-08  0.000E+00  0.0668  4.344660  -10.571  3.525707  8.169583  0.0000000E+00  7.9972069E-01  1.9373177E-01  9.0184998E-23  5.7890489E-08  6.5342429E-03  1.9149508E-11  1.4669670E-07  9.2117590E-07  1.1277359E-05  0.000E+00  2.717E-05  1.978E-03  9.654E-01  1.033E+00  3.78E+02  0.00E+00  1.22E+02  0.466826  0.033086  0.0000000E+00  4.2307713474E-02
234  4.551607299221388E+07    6.999858  3.942087  4.345414  7.2826440E-01  2.7170600E-01  7.9496303E-08  1.2881053E-08  4.3624354E-06  3.4995024E-06  6.4325849E-08  1.7312819E-10  9.2048308E-07  2.3543589E-08  0.000E+00  0.0675  4.345414  -10.566  3.521527  8.170639  0.0000000E+00  7.9147392E-01  2.0138659E-01  4.1612901E-23  5.2850905E-08  7.1262298E-03  1.7845723E-11  1.3970518E-07  9.2126999E-07  1.1293679E-05  0.000E+00  2.725E-05  1.965E-03  9.653E-01  1.033E+00  3.78E+02  0.00E+00  1.22E+02  0.467082  0.033215  0.0000000E+00  4.2307617635E-02
235  4.555788649062258E+07    6.999856  3.943469  4.346044  7.2826430E-01  2.7170600E-01  7.9496175E-08  1.2881040E-08  4.3624376E-06  3.4995001E-06  6.4325827E-08  1.7312789E-10  9.2048308E-07  2.3543589E-08  0.000E+00  0.0679  4.346044  -10.561  3.518295  8.171599  0.0000000E+00  7.8322716E-01  2.0904914E-01  0.0000000E+00  3.6612013E-08  7.7104044E-03  1.6394199E-11  1.1779232E-07  9.2136607E-07  1.1345861E-05  0.000E+00  2.734E-05  1.955E-03  9.652E-01  1.033E+00  3.79E+02  0.00E+00  1.22E+02  0.467688  0.033321  0.0000000E+00  4.2307535193E-02
236  4.560393726278005E+07    6.999855  3.944891  4.346535  7.2826430E-01  2.7170610E-01  7.9496051E-08  1.2881028E-08  4.3624397E-06  3.4994979E-06  6.4325805E-08  1.7312760E-10  9.2048308E-07  2.3543589E-08  0.000E+00  0.0687  4.346535  -10.557  3.514832  8.172522  0.0000000E+00  7.7498039E-01  2.1665592E-01  8.0727213E-24  4.1502749E-08  8.3503962E-03  1.5250608E-11  1.0627104E-07  9.2147850E-07  1.1352119E-05  0.000E+00  2.739E-05  1.944E-03  9.652E-01  1.033E+00  3.79E+02  0.00E+00  1.22E+02  0.468034  0.033431  0.0000000E+00  4.2307443422E-02
237  4.565367198925878E+07    6.999854  3.946511  4.347035  7.2826420E-01  2.7170610E-01  7.9495934E-08  1.2881016E-08  4.3624417E-06  3.4994958E-06  6.4325785E-08  1.7312733E-10  9.2048308E-07  2.3543589E-08  0.000E+00  0.0693  4.347035  -10.552  3.511044  8.173504  0.0000000E+00  7.6673363E-01  2.2420697E-01  2.1266070E-23  5.0531983E-08  9.0461554E-03  1.4363512E-11  1.0869491E-07  9.2160917E-07  1.1334813E-05  0.000E+00  2.742E-05  1.932E-03  9.651E-01  1.033E+00  3.79E+02  0.00E+00  1.23E+02  0.468310  0.033555  0.0000000E+00  4.2307343157E-02
238  4.570045593871248E+07    6.999852  3.947993  4.347469  7.2826420E-01  2.7170620E-01  7.9495847E-08  1.2881008E-08  4.3624432E-06  3.4994942E-06  6.4325769E-08  1.7312713E-10  9.2048308E-07  2.3543589E-08  0.000E+00  0.0700  4.347469  -10.547  3.507833  8.174433  0.0000000E+00  7.5848686E-01  2.3174422E-01  9.9751249E-24  3.9969777E-08  9.7556471E-03  1.3425222E-11  1.0909064E-07  9.2174861E-07  1.1350781E-05  0.000E+00  2.747E-05  1.922E-03  9.650E-01  1.033E+00  3.79E+02  0.00E+00  1.23E+02  0.468794  0.033670  0.0000000E+00  4.2307247742E-02
239  4.574032800560983E+07    6.999851  3.949222  4.347838  7.2826420E-01  2.7170620E-01  7.9495786E-08  1.2881002E-08  4.3624442E-06  3.4994931E-06  6.4325759E-08  1.7312699E-10  9.2048308E-07  2.3543589E-08  0.000E+00  0.0706  4.347838  -10.543  3.505549  8.175299  0.0000000E+00  7.5024009E-01  2.3929530E-01  1.6262711E-24  2.8086158E-08  1.0451311E-02  1.2316110E-11  8.7611767E-08  9.2188894E-07  1.1395584E-05  0.000E+00  2.750E-05  1.915E-03  9.650E-01  1.034E+00  3.79E+02  0.00E+00  1.23E+02  0.469128  0.033765  0.0000000E+00  4.2307165557E-02
240  4.577937695090012E+07    6.999850  3.950362  4.348141  7.2826420E-01  2.7170620E-01  7.9495716E-08  1.2880995E-08  4.3624454E-06  3.4994919E-06  6.4325747E-08  1.7312682E-10  9.2048308E-07  2.3543589E-08  0.000E+00  0.0711  4.348141  -10.540  3.503355  8.176172  0.0000000E+00  7.4199333E-01  2.4681952E-01  7.1211586E-25  2.5261326E-08  1.1173831E-02  1.1295738E-11  6.9593391E-08  9.2204138E-07  1.1421922E-05  0.000E+00  2.746E-05  1.909E-03  9.651E-01  1.033E+00  3.79E+02  0.00E+00  1.23E+02  0.468439  0.033854  0.0000000E+00  4.2307084386E-02
241  4.582056408424099E+07    6.999849  3.952106  4.348283  7.2826410E-01  2.7170630E-01  7.9495625E-08  1.2880986E-08  4.3624469E-06  3.4994903E-06  6.4325731E-08  1.7312661E-10  9.2048308E-07  2.3543589E-08  0.000E+00  0.0717  4.348283  -10.535  3.500664  8.177103  0.0000000E+00  7.3374656E-01  2.5429356E-01  4.0113403E-25  2.6870112E-08  1.1946602E-02  1.0473679E-11  6.6117028E-08  9.2221370E-07  1.1423509E-05  0.000E+00  2.736E-05  1.901E-03  9.652E-01  1.033E+00  3.79E+02  0.00E+00  1.22E+02  0.467844  0.033990  0.0000000E+00  4.2306998210E-02
242  4.586262654320792E+07    6.999848  3.953647  4.348877  7.2826410E-01  2.7170630E-01  7.9495561E-08  1.2880979E-08  4.3624480E-06  3.4994891E-06  6.4325720E-08  1.7312646E-10  9.2048308E-07  2.3543589E-08  0.000E+00  0.0722  4.348877  -10.530  3.497723  8.178047  0.0000000E+00  7.2549980E-01  2.6172442E-01  3.1660391E-25  2.7721336E-08  1.2762457E-02  9.7785132E-12  6.7129262E-08  9.2240554E-07  1.1420793E-05  0.000E+00  2.744E-05  1.892E-03  9.651E-01  1.033E+00  3.79E+02  0.00E+00  1.23E+02  0.468371  0.034112  0.0000000E+00  4.2306909097E-02
243  4.590547674236559E+07    6.999846  3.955136  4.349638  7.2826410E-01  2.7170630E-01  7.9495512E-08  1.2880974E-08  4.3624489E-06  3.4994883E-06  6.4325711E-08  1.7312635E-10  9.2048308E-07  2.3543589E-08  0.000E+00  0.0728  4.349638  -10.525  3.494726  8.178989  0.0000000E+00  7.1725303E-01  2.6911119E-01  4.5904103E-25  3.1093126E-08  1.3622469E-02  9.1941617E-12  6.6157784E-08  9.2261859E-07  1.1416535E-05  0.000E+00  2.755E-05  1.883E-03  9.650E-01  1.034E+00  3.79E+02  0.00E+00  1.23E+02  0.468915  0.034229  0.0000000E+00  4.2306817214E-02
244  4.594969704957498E+07    6.999845  3.956614  4.350281  7.2826410E-01  2.7170630E-01  7.9495467E-08  1.2880970E-08  4.3624496E-06  3.4994875E-06  6.4325704E-08  1.7312624E-10  9.2048308E-07  2.3543589E-08  0.000E+00  0.0736  4.350281  -10.520  3.491715  8.180004  0.0000000E+00  7.0900627E-01  2.7644874E-01  1.8186481E-25  2.4179004E-08  1.4531677E-02  8.7023380E-12  7.1799853E-08  9.2285682E-07  1.1420349E-05  0.000E+00  2.761E-05  1.874E-03  9.650E-01  1.034E+00  3.80E+02  0.00E+00  1.23E+02  0.469173  0.034345  0.0000000E+00  4.2306721386E-02
245  4.598623459224448E+07    6.999844  3.957944  4.351021  7.2826410E-01  2.7170630E-01  7.9495439E-08  1.2880967E-08  4.3624501E-06  3.4994870E-06  6.4325699E-08  1.7312618E-10  9.2048308E-07  2.3543589E-08  0.000E+00  0.0743  4.351021  -10.516  3.489281  8.180911  0.0000000E+00  7.0075950E-01  2.8382033E-01  0.0000000E+00  1.7630115E-08  1.5406899E-02  7.9684235E-12  5.4450480E-08  9.2309001E-07  1.1451712E-05  0.000E+00  2.773E-05  1.868E-03  9.649E-01  1.034E+00  3.80E+02  0.00E+00  1.23E+02  0.469719  0.034451  0.0000000E+00  4.2306641246E-02
246  4.602530216933060E+07    6.999843  3.959372  4.351718  7.2826400E-01  2.7170630E-01  7.9495409E-08  1.2880964E-08  4.3624506E-06  3.4994864E-06  6.4325693E-08  1.7312611E-10  9.2048308E-07  2.3543589E-08  0.000E+00  0.0750  4.351718  -10.511  3.486669  8.181902  0.0000000E+00  6.9251273E-01  2.9112780E-01  0.0000000E+00  2.0137648E-08  1.6346127E-02  7.4314350E-12  5.0421421E-08  9.2335509E-07  1.1452550E-05  0.000E+00  2.781E-05  1.860E-03  9.648E-01  1.034E+00  3.80E+02  0.00E+00  1.23E+02  0.469990  0.034564  0.0000000E+00  4.2306554739E-02
247  4.606629164957441E+07    6.999842  3.960805  4.352606  7.2826400E-01  2.7170640E-01  7.9495382E-08  1.2880962E-08  4.3624511E-06  3.4994859E-06  6.4325689E-08  1.7312605E-10  9.2048308E-07  2.3543589E-08  0.000E+00  0.0756  4.352606  -10.506  3.483718  8.182900  0.0000000E+00  6.8426597E-01  2.9837321E-01  0.0000000E+00  2.1924694E-08  1.7347532E-02  7.0414030E-12  5.4502312E-08  9.2365389E-07  1.1444597E-05  0.000E+00  2.795E-05  1.852E-03  9.647E-01  1.034E+00  3.81E+02  0.00E+00  1.24E+02  0.470640  0.034678  0.0000000E+00  4.2306462906E-02
248  4.611012838542253E+07    6.999840  3.962410  4.353556  7.2826400E-01  2.7170640E-01  7.9495354E-08  1.2880959E-08  4.3624516E-06  3.4994854E-06  6.4325684E-08  1.7312598E-10  9.2048308E-07  2.3543589E-08  0.000E+00  0.0763  4.353556  -10.501  3.480315  8.183962  0.0000000E+00  6.7601920E-01  3.0554244E-01  0.0000000E+00  2.7101141E-08  1.8425087E-02  6.8150584E-12  5.8956829E-08  9.2399593E-07  1.1430848E-05  0.000E+00  2.807E-05  1.842E-03  9.647E-01  1.034E+00  3.81E+02  0.00E+00  1.24E+02  0.470871  0.034806  0.0000000E+00  4.2306363572E-02
249  4.615004091605341E+07    6.999839  3.963817  4.354289  7.2826400E-01  2.7170640E-01  7.9495327E-08  1.2880956E-08  4.3624520E-06  3.4994850E-06  6.4325679E-08  1.7312592E-10  9.2048308E-07  2.3543589E-08  0.000E+00  0.0773  4.354289  -10.496  3.477595  8.185020  0.0000000E+00  6.6777244E-01  3.1271527E-01  0.0000000E+00  1.6449405E-08  1.9498954E-02  6.4240435E-12  5.5056616E-08  9.2434838E-07  1.1452191E-05  0.000E+00  2.815E-05  1.835E-03  9.647E-01  1.034E+00  3.82E+02  0.00E+00  1.24E+02  0.470935  0.034920  0.0000000E+00  4.2306272148E-02
250  4.618541931441809E+07    6.999838  3.965132  4.354991  7.2826400E-01  2.7170640E-01  7.9495302E-08  1.2880954E-08  4.3624524E-06  3.4994845E-06  6.4325675E-08  1.7312586E-10  9.2048308E-07  2.3543589E-08  0.000E+00  0.0779  4.354991  -10.492  3.475347  8.185948  0.0000000E+00  6.5952567E-01  3.1990069E-01  0.0000000E+00  1.5064821E-08  2.0560283E-02  5.9127938E-12  4.0640904E-08  9.2470587E-07  1.1471834E-05  0.000E+00  2.823E-05  1.829E-03  9.647E-01  1.034E+00  3.82E+02  0.00E+00  1.24E+02  0.471045  0.035025  0.0000000E+00  4.2306190283E-02
251  4.622330987400756E+07    6.999837  3.966395  4.355528  7.2826400E-01  2.7170640E-01  7.9495271E-08  1.2880950E-08  4.3624530E-06  3.4994840E-06  6.4325669E-08  1.7312579E-10  9.2048308E-07  2.3543589E-08  0.000E+00  0.0783  4.355528  -10.488  3.473205  8.186812  0.0000000E+00  6.5127891E-01  3.2700901E-01  0.0000000E+00  1.3776649E-08  2.1698749E-02  5.5642129E-12  4.2685726E-08  9.2511113E-07  1.1471195E-05  0.000E+00  2.826E-05  1.823E-03  9.647E-01  1.034E+00  3.82E+02  0.00E+00  1.24E+02  0.470812  0.035127  0.0000000E+00  4.2306101921E-02
252  4.626066979123745E+07    6.999835  3.967585  4.356255  7.2826400E-01  2.7170640E-01  7.9495247E-08  1.2880948E-08  4.3624534E-06  3.4994835E-06  6.4325665E-08  1.7312573E-10  9.2048308E-07  2.3543589E-08  0.000E+00  0.0788  4.356255  -10.484  3.471505  8.187838  0.0000000E+00  6.4303214E-01  3.3408106E-01  0.0000000E+00  1.5862497E-08  2.2873502E-02  5.2380095E-12  3.9638863E-08  9.2554712E-07  1.1471475E-05  0.000E+00  2.841E-05  1.818E-03  9.645E-01  1.034E+00  3.82E+02  0.00E+00  1.25E+02  0.471861  0.035224  0.0000000E+00  4.2306013849E-02
253  4.630881597027722E+07    6.999834  3.969030  4.356957  7.2826400E-01  2.7170640E-01  7.9495217E-08  1.2880945E-08  4.3624539E-06  3.4994830E-06  6.4325660E-08  1.7312566E-10  9.2048308E-07  2.3543589E-08  0.000E+00  0.0808  4.356957  -10.479  3.468163  8.188977  0.0000000E+00  6.3478537E-01  3.4094284E-01  0.0000000E+00  1.9296170E-08  2.4258484E-02  5.3667735E-12  5.5794479E-08  9.2611146E-07  1.1446122E-05  0.000E+00  2.849E-05  1.809E-03  9.645E-01  1.034E+00  3.83E+02  0.00E+00  1.25E+02  0.471993  0.035341  0.0000000E+00  4.2305899101E-02
254  4.634079422895301E+07    6.999833  3.970249  4.357282  7.2826400E-01  2.7170640E-01  7.9495199E-08  1.2880943E-08  4.3624542E-06  3.4994827E-06  6.4325657E-08  1.7312562E-10  9.2048308E-07  2.3543589E-08  0.000E+00  0.0806  4.357282  -10.475  3.466603  8.189914  0.0000000E+00  6.2653861E-01  3.4800645E-01  0.0000000E+00  1.1080892E-08  2.5441628E-02  4.8288143E-12  3.4752490E-08  9.2658255E-07  1.1484592E-05  0.000E+00  2.850E-05  1.805E-03  9.645E-01  1.034E+00  3.83E+02  0.00E+00  1.25E+02  0.472064  0.035441  0.0000000E+00  4.2305822177E-02
255  4.637555430813786E+07    6.999831  3.971453  4.357710  7.2826390E-01  2.7170640E-01  7.9495181E-08  1.2880941E-08  4.3624545E-06  3.4994824E-06  6.4325654E-08  1.7312558E-10  9.2048308E-07  2.3543589E-08  0.000E+00  0.0812  4.357710  -10.472  3.464951  8.190849  0.0000000E+00  6.1829184E-01  3.5497810E-01  0.0000000E+00  1.0192848E-08  2.6716744E-02  4.4718987E-12  3.0308295E-08  9.2711931E-07  1.1491246E-05  0.000E+00  2.855E-05  1.801E-03  9.644E-01  1.034E+00  3.83E+02  0.00E+00  1.25E+02  0.472507  0.035539  0.0000000E+00  4.2305737818E-02
256  4.641167986822227E+07    6.999830  3.972574  4.358006  7.2826390E-01  2.7170640E-01  7.9495163E-08  1.2880940E-08  4.3624548E-06  3.4994820E-06  6.4325651E-08  1.7312554E-10  9.2048308E-07  2.3543589E-08  0.000E+00  0.0817  4.358006  -10.468  3.463409  8.191798  0.0000000E+00  6.1004508E-01  3.6187578E-01  0.0000000E+00  1.2766884E-08  2.8065822E-02  4.2296675E-12  3.1789439E-08  9.2771632E-07  1.1485208E-05  0.000E+00  2.855E-05  1.796E-03  9.644E-01  1.034E+00  3.83E+02  0.00E+00  1.25E+02  0.472477  0.035631  0.0000000E+00  4.2305649472E-02
257  4.644936026087524E+07    6.999829  3.973833  4.358393  7.2826390E-01  2.7170640E-01  7.9495147E-08  1.2880938E-08  4.3624551E-06  3.4994818E-06  6.4325648E-08  1.7312550E-10  9.2048308E-07  2.3543589E-08  0.000E+00  0.0822  4.358393  -10.465  3.461654  8.192772  0.0000000E+00  6.0179831E-01  3.6869452E-01  0.0000000E+00  1.3123641E-08  2.9493871E-02  4.0738886E-12  3.4059629E-08  9.2838119E-07  1.1481677E-05  0.000E+00  2.857E-05  1.792E-03  9.644E-01  1.034E+00  3.83E+02  0.00E+00  1.25E+02  0.472597  0.035734  0.0000000E+00  4.2305556512E-02
258  4.649285202010337E+07    6.999827  3.975215  4.358816  7.2826390E-01  2.7170650E-01  7.9495132E-08  1.2880937E-08  4.3624553E-06  3.4994815E-06  6.4325645E-08  1.7312546E-10  9.2048308E-07  2.3543589E-08  0.000E+00  0.0839  4.358816  -10.460  3.459645  8.193791  0.0000000E+00  5.9355155E-01  3.7534675E-01  0.0000000E+00  1.9633066E-08  3.1088398E-02  4.1576193E-12  4.0978176E-08  9.2917855E-07  1.1462769E-05  0.000E+00  2.860E-05  1.786E-03  9.644E-01  1.034E+00  3.83E+02  0.00E+00  1.25E+02  0.472857  0.035848  0.0000000E+00  4.2305448184E-02
259  4.652348220798045E+07    6.999826  3.976129  4.358993  7.2826390E-01  2.7170650E-01  7.9495122E-08  1.2880936E-08  4.3624555E-06  3.4994813E-06  6.4325644E-08  1.7312544E-10  9.2048308E-07  2.3543589E-08  0.000E+00  0.0834  4.358993  -10.458  3.458835  8.194687  0.0000000E+00  5.8530478E-01  3.8220220E-01  0.0000000E+00  4.4070819E-09  3.2479641E-02  3.6913540E-12  2.4657473E-08  9.2986221E-07  1.1506464E-05  0.000E+00  2.858E-05  1.784E-03  9.644E-01  1.034E+00  3.83E+02  0.00E+00  1.25E+02  0.472659  0.035924  0.0000000E+00  4.2305371324E-02
260  4.655616090326379E+07    6.999825  3.977354  4.359229  7.2826390E-01  2.7170650E-01  7.9495113E-08  1.2880935E-08  4.3624556E-06  3.4994811E-06  6.4325642E-08  1.7312542E-10  9.2048308E-07  2.3543589E-08  0.000E+00  0.0839  4.359229  -10.454  3.457835  8.195594  0.0000000E+00  5.7705801E-01  3.8896456E-01  0.0000000E+00  9.7850945E-09  3.3964106E-02  3.3966652E-12  2.1724820E-08  9.3062857E-07  1.1501404E-05  0.000E+00  2.858E-05  1.781E-03  9.644E-01  1.034E+00  3.83E+02  0.00E+00  1.25E+02  0.472777  0.036025  0.0000000E+00  4.2305288739E-02
261  4.658839774105068E+07    6.999824  3.978293  4.359538  7.2826390E-01  2.7170650E-01  7.9495105E-08  1.2880934E-08  4.3624558E-06  3.4994810E-06  6.4325641E-08  1.7312540E-10  9.2048308E-07  2.3543589E-08  0.000E+00  0.0845  4.359538  -10.451  3.456911  8.196543  0.0000000E+00  5.6881125E-01  3.9568287E-01  0.0000000E+00  5.8108686E-09  3.5492510E-02  3.1192518E-12  2.0943844E-08  9.3144733E-07  1.1508408E-05  0.000E+00  2.859E-05  1.779E-03  9.644E-01  1.034E+00  3.83E+02  0.00E+00  1.25E+02  0.472729  0.036103  0.0000000E+00  4.2305206646E-02
262  4.662034829131821E+07    6.999823  3.979373  4.359867  7.2826390E-01  2.7170650E-01  7.9495098E-08  1.2880933E-08  4.3624559E-06  3.4994809E-06  6.4325639E-08  1.7312538E-10  9.2048308E-07  2.3543589E-08  0.000E+00  0.0850  4.359867  -10.448  3.455923  8.197480  0.0000000E+00  5.6056448E-01  4.0234850E-01  0.0000000E+00  7.0145612E-09  3.7073639E-02  2.8889768E-12  1.9605614E-08  9.3232876E-07  1.1507948E-05  0.000E+00  2.859E-05  1.776E-03  9.644E-01  1.034E+00  3.83E+02  0.00E+00  1.25E+02  0.472633  0.036193  0.0000000E+00  4.2305124672E-02
263  4.665322205402652E+07    6.999822  3.980444  4.360027  7.2826390E-01  2.7170650E-01  7.9495092E-08  1.2880933E-08  4.3624560E-06  3.4994808E-06  6.4325638E-08  1.7312537E-10  9.2048308E-07  2.3543589E-08  0.000E+00  0.0854  4.360027  -10.445  3.455051  8.198427  0.0000000E+00  5.5231772E-01  4.0893647E-01  0.0000000E+00  6.9650290E-09  3.8732498E-02  2.7276618E-12  2.0382716E-08  9.3329635E-07  1.1506864E-05  0.000E+00  2.854E-05  1.774E-03  9.645E-01  1.034E+00  3.83E+02  0.00E+00  1.25E+02  0.472214  0.036283  0.0000000E+00  4.2305039841E-02
264  4.668792111655541E+07    6.999821  3.981626  4.360322  7.2826390E-01  2.7170650E-01  7.9495086E-08  1.2880932E-08  4.3624561E-06  3.4994807E-06  6.4325637E-08  1.7312536E-10  9.2048308E-07  2.3543589E-08  0.000E+00  0.0860  4.360322  -10.441  3.453983  8.199427  0.0000000E+00  5.4407095E-01  4.1541749E-01  0.0000000E+00  7.0729274E-09  4.0498212E-02  2.6629513E-12  2.3897162E-08  9.3438148E-07  1.1502171E-05  0.000E+00  2.855E-05  1.771E-03  9.645E-01  1.034E+00  3.83E+02  0.00E+00  1.25E+02  0.472319  0.036381  0.0000000E+00  4.2304949580E-02
265  4.672336947948281E+07    6.999819  3.982848  4.360737  7.2826390E-01  2.7170650E-01  7.9495081E-08  1.2880932E-08  4.3624562E-06  3.4994806E-06  6.4325636E-08  1.7312534E-10  9.2048308E-07  2.3543589E-08  0.000E+00  0.0866  4.360737  -10.438  3.452728  8.200437  0.0000000E+00  5.3582419E-01  4.2181650E-01  0.0000000E+00  8.3765193E-09  4.2345967E-02  2.6268558E-12  2.4019936E-08  9.3557170E-07  1.1499733E-05  0.000E+00  2.858E-05  1.768E-03  9.644E-01  1.034E+00  3.83E+02  0.00E+00  1.25E+02  0.472451  0.036483  0.0000000E+00  4.2304856569E-02
266  4.676062148918001E+07    6.999818  3.984096  4.361177  7.2826390E-01  2.7170650E-01  7.9495076E-08  1.2880931E-08  4.3624563E-06  3.4994805E-06  6.4325636E-08  1.7312533E-10  9.2048308E-07  2.3543589E-08  0.000E+00  0.0872  4.361177  -10.434  3.451448  8.201473  0.0000000E+00  5.2757742E-01  4.2810099E-01  0.0000000E+00  7.1681121E-09  4.4308275E-02  2.6322013E-12  2.3645542E-08  9.3690449E-07  1.1501834E-05  0.000E+00  2.863E-05  1.764E-03  9.644E-01  1.034E+00  3.83E+02  0.00E+00  1.25E+02  0.472741  0.036589  0.0000000E+00  4.2304757969E-02
267  4.679007197206523E+07    6.999817  3.985105  4.361518  7.2826390E-01  2.7170650E-01  7.9495073E-08  1.2880931E-08  4.3624563E-06  3.4994804E-06  6.4325635E-08  1.7312532E-10  9.2048308E-07  2.3543589E-08  0.000E+00  0.0879  4.361518  -10.431  3.450690  8.202457  0.0000000E+00  5.1933065E-01  4.3453930E-01  0.0000000E+00  4.1734174E-09  4.6116691E-02  2.3447199E-12  1.4161656E-08  9.3813233E-07  1.1517903E-05  0.000E+00  2.860E-05  1.762E-03  9.645E-01  1.034E+00  3.83E+02  0.00E+00  1.25E+02  0.472132  0.036674  0.0000000E+00  4.2304679468E-02
268  4.682014692965201E+07    6.999816  3.986161  4.361973  7.2826390E-01  2.7170650E-01  7.9495069E-08  1.2880930E-08  4.3624564E-06  3.4994804E-06  6.4325634E-08  1.7312532E-10  9.2048308E-07  2.3543589E-08  0.000E+00  0.0885  4.361973  -10.427  3.449894  8.203458  0.0000000E+00  5.1108389E-01  4.4089156E-01  0.0000000E+00  5.8472176E-09  4.8011231E-02  2.1475655E-12  1.3857494E-08  9.3947565E-07  1.1515406E-05  0.000E+00  2.865E-05  1.760E-03  9.645E-01  1.034E+00  3.83E+02  0.00E+00  1.25E+02  0.472234  0.036763  0.0000000E+00  4.2304598682E-02
269  4.685360703678538E+07    6.999814  3.987300  4.362346  7.2826390E-01  2.7170650E-01  7.9495065E-08  1.2880930E-08  4.3624565E-06  3.4994803E-06  6.4325634E-08  1.7312531E-10  9.2048308E-07  2.3543589E-08  0.000E+00  0.0888  4.362346  -10.424  3.448926  8.204467  0.0000000E+00  5.0283712E-01  4.4706909E-01  0.0000000E+00  6.4711453E-09  5.0080497E-02  2.1087562E-12  1.7265235E-08  9.4103378E-07  1.1509996E-05  0.000E+00  2.867E-05  1.758E-03  9.645E-01  1.034E+00  3.83E+02  0.00E+00  1.25E+02  0.472369  0.036859  0.0000000E+00  4.2304508169E-02
270  4.688591207870726E+07    6.999813  3.988342  4.362643  7.2826390E-01  2.7170650E-01  7.9495060E-08  1.2880930E-08  4.3624565E-06  3.4994802E-06  6.4325633E-08  1.7312530E-10  9.2048308E-07  2.3543589E-08  0.000E+00  0.0896  4.362643  -10.421  3.448235  8.205495  0.0000000E+00  4.9459036E-01  4.5321450E-01  0.0000000E+00  5.0134739E-09  5.2181813E-02  2.0171292E-12  1.5684005E-08  9.4267310E-07  1.1513950E-05  0.000E+00  2.869E-05  1.756E-03  9.644E-01  1.034E+00  3.84E+02  0.00E+00  1.25E+02  0.472567  0.036948  0.0000000E+00  4.2304420133E-02
271  4.692032064041381E+07    6.999812  3.989384  4.362890  7.2826390E-01  2.7170650E-01  7.9495055E-08  1.2880929E-08  4.3624566E-06  3.4994801E-06  6.4325632E-08  1.7312528E-10  9.2048308E-07  2.3543589E-08  0.000E+00  0.0904  4.362890  -10.418  3.447426  8.206532  0.0000000E+00  4.8634359E-01  4.5921246E-01  0.0000000E+00  6.6561956E-09  5.4430637E-02  2.0126826E-12  1.7148311E-08  9.4452446E-07  1.1509290E-05  0.000E+00  2.867E-05  1.754E-03  9.645E-01  1.034E+00  3.83E+02  0.00E+00  1.25E+02  0.472260  0.037037  0.0000000E+00  4.2304325709E-02
272  4.695621160854468E+07    6.999811  3.990619  4.363205  7.2826390E-01  2.7170650E-01  7.9495050E-08  1.2880928E-08  4.3624567E-06  3.4994800E-06  6.4325631E-08  1.7312527E-10  9.2048308E-07  2.3543589E-08  0.000E+00  0.0912  4.363205  -10.414  3.446596  8.207602  0.0000000E+00  4.7809683E-01  4.6507987E-01  0.0000000E+00  5.9317232E-09  5.6810029E-02  2.0306199E-12  1.7215141E-08  9.4658661E-07  1.1510038E-05  0.000E+00  2.869E-05  1.752E-03  9.644E-01  1.034E+00  3.83E+02  0.00E+00  1.25E+02  0.472463  0.037142  0.0000000E+00  4.2304226396E-02
273  4.698868097348927E+07    6.999809  3.991703  4.363474  7.2826390E-01  2.7170650E-01  7.9495045E-08  1.2880928E-08  4.3624568E-06  3.4994799E-06  6.4325630E-08  1.7312526E-10  9.2048308E-07  2.3543589E-08  0.000E+00  0.0920  4.363474  -10.411  3.445955  8.208630  0.0000000E+00  4.6985006E-01  4.7098798E-01  0.0000000E+00  4.6430576E-09  5.9148689E-02  1.9224238E-12  1.5492917E-08  9.4866759E-07  1.1513867E-05  0.000E+00  2.870E-05  1.750E-03  9.644E-01  1.034E+00  3.84E+02  0.00E+00  1.25E+02  0.472648  0.037235  0.0000000E+00  4.2304135886E-02
274  4.702202504399437E+07    6.999808  3.992671  4.363737  7.2826390E-01  2.7170650E-01  7.9495041E-08  1.2880928E-08  4.3624569E-06  3.4994799E-06  6.4325630E-08  1.7312525E-10  9.2048308E-07  2.3543589E-08  0.000E+00  0.0927  4.363737  -10.408  3.445526  8.209697  0.0000000E+00  4.6160329E-01  4.7678076E-01  0.0000000E+00  4.0586842E-09  6.1602668E-02  1.8451689E-12  1.3358941E-08  9.5095256E-07  1.1517076E-05  0.000E+00  2.871E-05  1.749E-03  9.644E-01  1.034E+00  3.84E+02  0.00E+00  1.25E+02  0.472789  0.037318  0.0000000E+00  4.2304042249E-02
275  4.705588467013222E+07    6.999807  3.993607  4.363793  7.2826390E-01  2.7170650E-01  7.9495038E-08  1.2880927E-08  4.3624569E-06  3.4994798E-06  6.4325629E-08  1.7312524E-10  9.2048308E-07  2.3543589E-08  0.000E+00  0.0935  4.363793  -10.406  3.445078  8.210783  0.0000000E+00  4.5335653E-01  4.8246587E-01  0.0000000E+00  4.9944911E-09  6.4164289E-02  1.7981988E-12  1.4408636E-08  9.5344967E-07  1.1513989E-05  0.000E+00  2.864E-05  1.748E-03  9.645E-01  1.034E+00  3.83E+02  0.00E+00  1.25E+02  0.472237  0.037399  0.0000000E+00  4.2303946583E-02
276  4.709115728293311E+07    6.999805  3.994905  4.363776  7.2826390E-01  2.7170650E-01  7.9495034E-08  1.2880927E-08  4.3624570E-06  3.4994797E-06  6.4325628E-08  1.7312523E-10  9.2048308E-07  2.3543589E-08  0.000E+00  0.0943  4.363776  -10.402  3.444578  8.211888  0.0000000E+00  4.4510976E-01  4.8800044E-01  0.0000000E+00  5.3189626E-09  6.6876520E-02  1.7926668E-12  1.5712071E-08  9.5623206E-07  1.1511531E-05  0.000E+00  2.853E-05  1.747E-03  9.646E-01  1.034E+00  3.83E+02  0.00E+00  1.25E+02  0.471630  0.037511  0.0000000E+00  4.2303846286E-02
277  4.712557628397558E+07    6.999804  3.996183  4.363812  7.2826390E-01  2.7170650E-01  7.9495030E-08  1.2880927E-08  4.3624571E-06  3.4994797E-06  6.4325628E-08  1.7312523E-10  9.2048308E-07  2.3543589E-08  0.000E+00  0.0951  4.363812  -10.399  3.444223  8.213007  0.0000000E+00  4.3686300E-01  4.9348174E-01  0.0000000E+00  3.1396736E-09  6.9641950E-02  1.7219010E-12  1.2053213E-08  9.5918459E-07  1.1519063E-05  0.000E+00  2.847E-05  1.746E-03  9.646E-01  1.034E+00  3.83E+02  0.00E+00  1.25E+02  0.471511  0.037621  0.0000000E+00  4.2303747673E-02
278  4.715871962570204E+07    6.999803  3.997326  4.363887  7.2826390E-01  2.7170650E-01  7.9495027E-08  1.2880926E-08  4.3624571E-06  3.4994796E-06  6.4325627E-08  1.7312522E-10  9.2048308E-07  2.3543589E-08  0.000E+00  0.0957  4.363887  -10.396  3.443942  8.214091  0.0000000E+00  4.2861623E-01  4.9891857E-01  0.0000000E+00  3.4462556E-09  7.2451833E-02  1.6322708E-12  1.2345056E-08  9.6229990E-07  1.1517852E-05  0.000E+00  2.840E-05  1.746E-03  9.647E-01  1.034E+00  3.83E+02  0.00E+00  1.25E+02  0.471138  0.037720  0.0000000E+00  4.2303652038E-02
279  4.718955766866440E+07    6.999801  3.998319  4.363973  7.2826390E-01  2.7170650E-01  7.9495023E-08  1.2880926E-08  4.3624572E-06  3.4994795E-06  6.4325626E-08  1.7312521E-10  9.2048308E-07  2.3543589E-08  0.000E+00  0.0963  4.363973  -10.393  3.444183  8.215195  0.0000000E+00  4.2036947E-01  5.0437610E-01  0.0000000E+00  3.2773966E-09  7.5241087E-02  1.4818216E-12  1.0104680E-08  9.6548048E-07  1.1520487E-05  0.000E+00  2.838E-05  1.746E-03  9.646E-01  1.034E+00  3.82E+02  0.00E+00  1.25E+02  0.471264  0.037807  0.0000000E+00  4.2303562454E-02
280  4.722381578865030E+07    6.999800  3.999352  4.364068  7.2826390E-01  2.7170650E-01  7.9495019E-08  1.2880925E-08  4.3624572E-06  3.4994795E-06  6.4325626E-08  1.7312520E-10  9.2048308E-07  2.3543589E-08  0.000E+00  0.0971  4.364068  -10.390  3.444107  8.216359  0.0000000E+00  4.1212270E-01  5.0955743E-01  0.0000000E+00  4.0076053E-09  7.8306477E-02  1.4689740E-12  1.1717435E-08  9.6919688E-07  1.1516957E-05  0.000E+00  2.833E-05  1.746E-03  9.647E-01  1.034E+00  3.82E+02  0.00E+00  1.24E+02  0.471054  0.037897  0.0000000E+00  4.2303462265E-02
281  4.725085074653812E+07    6.999799  4.000294  4.364008  7.2826390E-01  2.7170650E-01  7.9495017E-08  1.2880925E-08  4.3624573E-06  3.4994794E-06  6.4325625E-08  1.7312519E-10  9.2048308E-07  2.3543589E-08  0.000E+00  0.0977  4.364008  -10.388  3.443854  8.217200  0.0000000E+00  4.0623523E-01  5.1304847E-01  0.0000000E+00  5.7546329E-09  8.0702922E-02  1.5348785E-12  1.4517764E-08  9.7227040E-07  1.1510463E-05  0.000E+00  2.825E-05  1.746E-03  9.647E-01  1.034E+00  3.82E+02  0.00E+00  1.24E+02  0.470647  0.037979  0.0000000E+00  4.2303382765E-02
282  4.727568087700634E+07    6.999798  4.001046  4.363955  7.2826390E-01  2.7170650E-01  7.9495014E-08  1.2880925E-08  4.3624573E-06  3.4994794E-06  6.4325625E-08  1.7312519E-10  9.2048308E-07  2.3543589E-08  0.000E+00  0.0983  4.363955  -10.386  3.443903  8.218045  0.0000000E+00  4.0034777E-01  5.1660537E-01  0.0000000E+00  3.2776709E-09  8.3033507E-02  1.4875991E-12  1.1504092E-08  9.7531179E-07  1.1517722E-05  0.000E+00  2.817E-05  1.746E-03  9.648E-01  1.034E+00  3.82E+02  0.00E+00  1.24E+02  0.470156  0.038045  0.0000000E+00  4.2303309393E-02
283  4.729865588001741E+07    6.999797  4.001860  4.363794  7.2826390E-01  2.7170650E-01  7.9495013E-08  1.2880925E-08  4.3624574E-06  3.4994794E-06  6.4325625E-08  1.7312519E-10  9.2048308E-07  2.3543589E-08  0.000E+00  0.0988  4.363794  -10.384  3.444078  8.218874  0.0000000E+00  3.9446030E-01  5.2020539E-01  0.0000000E+00  3.5519330E-09  8.5320923E-02  1.3899200E-12  9.2476994E-09  9.7835276E-07  1.1519737E-05  0.000E+00  2.820E-05  1.746E-03  9.646E-01  1.034E+00  3.82E+02  0.00E+00  1.24E+02  0.471667  0.038116  0.0000000E+00  4.2303241052E-02
284  4.732106919213095E+07    6.999796  4.002643  4.363634  7.2826390E-01  2.7170650E-01  7.9495011E-08  1.2880925E-08  4.3624574E-06  3.4994793E-06  6.4325624E-08  1.7312518E-10  9.2048308E-07  2.3543589E-08  0.000E+00  0.0993  4.363634  -10.382  3.444359  8.219715  0.0000000E+00  3.8857283E-01  5.2377857E-01  0.0000000E+00  2.7616352E-09  8.7635212E-02  1.2963888E-12  8.9585325E-09  9.8151142E-07  1.1521015E-05  0.000E+00  2.804E-05  1.747E-03  9.648E-01  1.034E+00  3.81E+02  0.00E+00  1.24E+02  0.470341  0.038185  0.0000000E+00  4.2303174034E-02
285  4.734839842001188E+07    6.999795  4.003758  4.363589  7.2826390E-01  2.7170650E-01  7.9495008E-08  1.2880924E-08  4.3624574E-06  3.4994793E-06  6.4325624E-08  1.7312518E-10  9.2048308E-07  2.3543589E-08  0.000E+00  0.0992  4.363589  -10.379  3.444266  8.220652  0.0000000E+00  3.8268536E-01  5.2698234E-01  0.0000000E+00  1.0384466E-08  9.0318954E-02  1.3968323E-12  1.3057852E-08  9.8542989E-07  1.1503651E-05  0.000E+00  2.796E-05  1.747E-03  9.648E-01  1.034E+00  3.81E+02  0.00E+00  1.24E+02  0.470000  0.038283  0.0000000E+00  4.2303091942E-02
286  4.736919194507333E+07    6.999794  4.004426  4.363568  7.2826390E-01  2.7170650E-01  7.9495006E-08  1.2880924E-08  4.3624575E-06  3.4994792E-06  6.4325623E-08  1.7312517E-10  9.2048308E-07  2.3543589E-08  0.000E+00  0.1002  4.363568  -10.378  3.444703  8.221448  0.0000000E+00  3.7679790E-01  5.3054228E-01  0.0000000E+00  3.3811217E-09  9.2646505E-02  1.2332354E-12  7.9211911E-09  9.8877409E-07  1.1520612E-05  0.000E+00  2.792E-05  1.748E-03  9.648E-01  1.034E+00  3.81E+02  0.00E+00  1.24E+02  0.469988  0.038342  0.0000000E+00  4.2303029179E-02
287  4.739344893274067E+07    6.999793  4.005114  4.363550  7.2826390E-01  2.7170650E-01  7.9495002E-08  1.2880924E-08  4.3624575E-06  3.4994792E-06  6.4325623E-08  1.7312516E-10  9.2048308E-07  2.3543589E-08  0.000E+00  0.1008  4.363550  -10.376  3.444995  8.222323  0.0000000E+00  3.7091043E-01  5.3381854E-01  0.0000000E+00  2.8484658E-09  9.5257667E-02  1.2043330E-12  8.9767303E-09  9.9274773E-07  1.1519791E-05  0.000E+00  2.786E-05  1.749E-03  9.649E-01  1.034E+00  3.81E+02  0.00E+00  1.23E+02  0.469632  0.038403  0.0000000E+00  4.2302955636E-02
288  4.741709332501476E+07    6.999792  4.005894  4.363393  7.2826390E-01  2.7170650E-01  7.9494997E-08  1.2880923E-08  4.3624576E-06  3.4994791E-06  6.4325622E-08  1.7312515E-10  9.2048308E-07  2.3543589E-08  0.000E+00  0.1013  4.363393  -10.374  3.445362  8.223201  0.0000000E+00  3.6502296E-01  5.3706768E-01  0.0000000E+00  3.0697936E-09  9.7896068E-02  1.1574928E-12  8.6770958E-09  9.9687666E-07  1.1519434E-05  0.000E+00  2.775E-05  1.750E-03  9.650E-01  1.034E+00  3.80E+02  0.00E+00  1.23E+02  0.468894  0.038472  0.0000000E+00  4.2302883734E-02
289  4.744360187193688E+07    6.999791  4.006921  4.363251  7.2826390E-01  2.7170650E-01  7.9494990E-08  1.2880923E-08  4.3624577E-06  3.4994789E-06  6.4325621E-08  1.7312513E-10  9.2048308E-07  2.3543589E-08  0.000E+00  0.1018  4.363251  -10.372  3.445593  8.224111  0.0000000E+00  3.5913550E-01  5.4005418E-01  0.0000000E+00  3.1785822E-09  1.0079699E-01  1.1859846E-12  9.0262100E-09  1.0016598E-06  1.1518418E-05  0.000E+00  2.765E-05  1.751E-03  9.651E-01  1.034E+00  3.80E+02  0.00E+00  1.23E+02  0.468636  0.038564  0.0000000E+00  4.2302802743E-02
290  4.748749989507990E+07    6.999789  4.008347  4.363176  7.2826390E-01  2.7170650E-01  7.9494979E-08  1.2880921E-08  4.3624579E-06  3.4994788E-06  6.4325619E-08  1.7312511E-10  9.2048308E-07  2.3543589E-08  0.000E+00  0.1028  4.363176  -10.368  3.446775  8.225896  0.0000000E+00  3.4736056E-01  5.4644383E-01  0.0000000E+00  1.8871014E-09  1.0618229E-01  9.9010315E-13  6.8480116E-09  1.0106951E-06  1.1522330E-05  0.000E+00  2.760E-05  1.754E-03  9.650E-01  1.034E+00  3.80E+02  0.00E+00  1.23E+02  0.469043  0.038690  0.0000000E+00  4.2302667550E-02
291  4.751056752474648E+07    6.999788  4.008947  4.363202  7.2826390E-01  2.7170650E-01  7.9494973E-08  1.2880921E-08  4.3624580E-06  3.4994787E-06  6.4325618E-08  1.7312509E-10  9.2048308E-07  2.3543589E-08  0.000E+00  0.1032  4.363202  -10.366  3.447321  8.226810  0.0000000E+00  3.4147309E-01  5.4944781E-01  0.0000000E+00  2.1463209E-09  1.0906579E-01  9.5380469E-13  6.9947886E-09  1.0158083E-06  1.1521318E-05  0.000E+00  2.757E-05  1.755E-03  9.650E-01  1.034E+00  3.79E+02  0.00E+00  1.23E+02  0.468993  0.038744  0.0000000E+00  4.2302595957E-02
292  4.753411523455139E+07    6.999787  4.009765  4.363140  7.2826390E-01  2.7170650E-01  7.9494965E-08  1.2880920E-08  4.3624582E-06  3.4994785E-06  6.4325616E-08  1.7312507E-10  9.2048308E-07  2.3543589E-08  0.000E+00  0.1038  4.363140  -10.364  3.447793  8.227783  0.0000000E+00  3.3558563E-01  5.5233640E-01  0.0000000E+00  2.6156563E-09  1.1206472E-01  9.3534958E-13  7.0590165E-09  1.0213251E-06  1.1520055E-05  0.000E+00  2.746E-05  1.757E-03  9.652E-01  1.034E+00  3.79E+02  0.00E+00  1.23E+02  0.468098  0.038816  0.0000000E+00  4.2302522649E-02
293  4.756272959809032E+07    6.999786  4.010840  4.362903  7.2826390E-01  2.7170650E-01  7.9494955E-08  1.2880919E-08  4.3624583E-06  3.4994783E-06  6.4325614E-08  1.7312505E-10  9.2048308E-07  2.3543589E-08  0.000E+00  0.1044  4.362903  -10.362  3.447990  8.228766  0.0000000E+00  3.2969816E-01  5.5472459E-01  0.0000000E+00  1.0524814E-09  1.1556393E-01  1.0506269E-12  1.1008818E-08  1.0282147E-06  1.1517148E-05  0.000E+00  2.749E-05  1.758E-03  9.648E-01  1.034E+00  3.79E+02  0.00E+00  1.23E+02  0.469986  0.038912  0.0000000E+00  4.2302433164E-02
294  4.758514615739375E+07    6.999785  4.011558  4.362866  7.2826390E-01  2.7170650E-01  7.9494955E-08  1.2880919E-08  4.3624583E-06  3.4994783E-06  6.4325614E-08  1.7312505E-10  9.2048308E-07  2.3543589E-08  0.000E+00  0.1049  4.362866  -10.360  3.448775  8.229702  0.0000000E+00  3.2381069E-01  5.5755332E-01  0.0000000E+00  2.4062281E-09  1.1862262E-01  9.4176370E-13  7.5153001E-09  1.0342054E-06  1.1518824E-05  0.000E+00  2.739E-05  1.760E-03  9.650E-01  1.034E+00  3.79E+02  0.00E+00  1.23E+02  0.469060  0.038977  0.0000000E+00  4.2302362307E-02
295  4.760885037909723E+07    6.999784  4.012333  4.362788  7.2826390E-01  2.7170650E-01  7.9494949E-08  1.2880918E-08  4.3624584E-06  3.4994782E-06  6.4325613E-08  1.7312504E-10  9.2048308E-07  2.3543589E-08  0.000E+00  0.1054  4.362788  -10.358  3.449511  8.230665  0.0000000E+00  3.1792323E-01  5.6019239E-01  0.0000000E+00  1.8108280E-09  1.2187098E-01  8.8109076E-13  5.7298174E-09  1.0408426E-06  1.1521439E-05  0.000E+00  2.732E-05  1.762E-03  9.650E-01  1.034E+00  3.78E+02  0.00E+00  1.23E+02  0.468792  0.039047  0.0000000E+00  4.2302287164E-02
296  4.763206072225414E+07    6.999783  4.013017  4.362637  7.2826390E-01  2.7170650E-01  7.9494941E-08  1.2880918E-08  4.3624586E-06  3.4994781E-06  6.4325612E-08  1.7312502E-10  9.2048308E-07  2.3543589E-08  0.000E+00  0.1059  4.362637  -10.356  3.450276  8.231650  0.0000000E+00  3.1203576E-01  5.6277996E-01  0.0000000E+00  1.6498661E-09  1.2517087E-01  8.2306352E-13  5.6035876E-09  1.0477977E-06  1.1521329E-05  0.000E+00  2.721E-05  1.764E-03  9.652E-01  1.034E+00  3.78E+02  0.00E+00  1.22E+02  0.468058  0.039109  0.0000000E+00  4.2302213367E-02
297  4.765513292074174E+07    6.999782  4.013868  4.362492  7.2826390E-01  2.7170650E-01  7.9494933E-08  1.2880917E-08  4.3624587E-06  3.4994779E-06  6.4325611E-08  1.7312500E-10  9.2048308E-07  2.3543589E-08  0.000E+00  0.1062  4.362492  -10.354  3.451065  8.232633  0.0000000E+00  3.0614829E-01  5.6528912E-01  0.0000000E+00  1.4003478E-09  1.2854927E-01  7.7444731E-13  4.8261572E-09  1.0551577E-06  1.1522136E-05  0.000E+00  2.713E-05  1.766E-03  9.652E-01  1.033E+00  3.78E+02  0.00E+00  1.22E+02  0.467787  0.039185  0.0000000E+00  4.2302139711E-02
298  4.767711968463897E+07    6.999781  4.014697  4.362441  7.2826380E-01  2.7170650E-01  7.9494927E-08  1.2880916E-08  4.3624588E-06  3.4994778E-06  6.4325610E-08  1.7312499E-10  9.2048308E-07  2.3543589E-08  0.000E+00  0.1069  4.362441  -10.352  3.451958  8.233641  0.0000000E+00  3.0026082E-01  5.6781183E-01  0.0000000E+00  1.1753804E-09  1.3191399E-01  7.0829505E-13  4.6788791E-09  1.0626764E-06  1.1522130E-05  0.000E+00  2.706E-05  1.769E-03  9.652E-01  1.033E+00  3.77E+02  0.00E+00  1.22E+02  0.467492  0.039260  0.0000000E+00  4.2302069183E-02
299  4.772601210386471E+07    6.999778  4.016269  4.362072  7.2826380E-01  2.7170650E-01  7.9494908E-08  1.2880914E-08  4.3624591E-06  3.4994775E-06  6.4325606E-08  1.7312494E-10  9.2048308E-07  2.3543589E-08  0.000E+00  0.1079  4.362072  -10.349  3.453650  8.235698  0.0000000E+00  2.8848589E-01  5.7208112E-01  0.0000000E+00  1.7417725E-09  1.3941965E-01  7.1818277E-13  5.6658291E-09  1.0806609E-06  1.1518796E-05  0.000E+00  2.682E-05  1.773E-03  9.655E-01  1.033E+00  3.77E+02  0.00E+00  1.21E+02  0.465938  0.039402  0.0000000E+00  4.2301911500E-02
300  4.775817396560875E+07    6.999777  4.017558  4.361711  7.2826380E-01  2.7170650E-01  7.9494892E-08  1.2880913E-08  4.3624594E-06  3.4994772E-06  6.4325604E-08  1.7312491E-10  9.2048308E-07  2.3543589E-08  0.000E+00  0.1084  4.361711  -10.346  3.454042  8.236838  0.0000000E+00  2.8259842E-01  5.7324574E-01  0.0000000E+00  1.2256374E-09  1.4414249E-01  8.5804480E-13  5.3562216E-09  1.0931681E-06  1.1519173E-05  0.000E+00  2.665E-05  1.775E-03  9.656E-01  1.033E+00  3.76E+02  0.00E+00  1.21E+02  0.465113  0.039519  0.0000000E+00  4.2301807098E-02
301  4.777780646861582E+07    6.999776  4.018263  4.361469  7.2826380E-01  2.7170660E-01  7.9494881E-08  1.2880912E-08  4.3624596E-06  3.4994770E-06  6.4325602E-08  1.7312488E-10  9.2048308E-07  2.3543589E-08  0.000E+00  0.1089  4.361469  -10.344  3.455334  8.237860  0.0000000E+00  2.7671096E-01  5.7564801E-01  0.0000000E+00  7.5078436E-10  1.4762768E-01  6.4147289E-13  2.5379785E-09  1.1020350E-06  1.1522774E-05  0.000E+00  2.653E-05  1.778E-03  9.657E-01  1.033E+00  3.76E+02  0.00E+00  1.20E+02  0.464415  0.039583  0.0000000E+00  4.2301743067E-02
302  4.779874064384486E+07    6.999775  4.019187  4.361148  7.2826380E-01  2.7170660E-01  7.9494855E-08  1.2880909E-08  4.3624600E-06  3.4994765E-06  6.4325597E-08  1.7312482E-10  9.2048308E-07  2.3543589E-08  0.000E+00  0.1094  4.361148  -10.342  3.456553  8.238929  0.0000000E+00  2.7082349E-01  5.7779564E-01  0.0000000E+00  1.3663170E-09  1.5136743E-01  5.6193551E-13  4.5311103E-09  1.1119863E-06  1.1518724E-05  0.000E+00  2.621E-05  1.782E-03  9.663E-01  1.032E+00  3.75E+02  0.00E+00  1.19E+02  0.460884  0.039668  0.0000000E+00  4.2301674878E-02
303  4.782072869323526E+07    6.999774  4.020370  4.360733  7.2826380E-01  2.7170660E-01  7.9494811E-08  1.2880905E-08  4.3624608E-06  3.4994758E-06  6.4325589E-08  1.7312472E-10  9.2048308E-07  2.3543589E-08  0.000E+00  0.1098  4.360733  -10.340  3.457663  8.240016  0.0000000E+00  2.6493602E-01  5.7971460E-01  0.0000000E+00  1.0988793E-09  1.5533590E-01  5.2782038E-13  3.6731471E-09  1.1230110E-06  1.1519493E-05  0.000E+00  2.601E-05  1.785E-03  9.665E-01  1.032E+00  3.75E+02  0.00E+00  1.19E+02  0.459630  0.039777  0.0000000E+00  4.2301603307E-02
304  4.784404142202009E+07    6.999773  4.021456  4.360485  7.2826380E-01  2.7170660E-01  7.9494760E-08  1.2880900E-08  4.3624617E-06  3.4994749E-06  6.4325581E-08  1.7312460E-10  9.2048308E-07  2.3543589E-08  0.000E+00  0.1104  4.360485  -10.337  3.458795  8.241154  0.0000000E+00  2.5904855E-01  5.8135767E-01  0.0000000E+00  1.1634163E-09  1.5958034E-01  5.3538916E-13  4.2961701E-09  1.1353608E-06  1.1517865E-05  0.000E+00  2.591E-05  1.788E-03  9.665E-01  1.032E+00  3.74E+02  0.00E+00  1.19E+02  0.459567  0.039876  0.0000000E+00  4.2301526767E-02
305  4.788128510216404E+07    6.999771  4.023094  4.360052  7.2826380E-01  2.7170660E-01  7.9494679E-08  1.2880892E-08  4.3624630E-06  3.4994734E-06  6.4325567E-08  1.7312441E-10  9.2048308E-07  2.3543589E-08  0.000E+00  0.1110  4.360052  -10.334  3.459080  8.242468  0.0000000E+00  2.5316109E-01  5.8108675E-01  0.0000000E+00  6.2628162E-09  1.6573863E-01  8.9449899E-13  1.8368543E-08  1.1554603E-06  1.1491478E-05  0.000E+00  2.571E-05  1.790E-03  9.666E-01  1.032E+00  3.73E+02  0.00E+00  1.18E+02  0.458820  0.040026  0.0000000E+00  4.2301403582E-02
306  4.790358692645075E+07    6.999770  4.024101  4.359893  7.2826370E-01  2.7170660E-01  7.9494640E-08  1.2880888E-08  4.3624637E-06  3.4994727E-06  6.4325560E-08  1.7312432E-10  9.2048308E-07  2.3543589E-08  0.000E+00  0.1115  4.359893  -10.331  3.460395  8.243624  0.0000000E+00  2.4727362E-01  5.8261305E-01  0.0000000E+00  2.8326949E-09  1.7009977E-01  6.9638193E-13  9.8600889E-09  1.1692885E-06  1.1506447E-05  0.000E+00  2.561E-05  1.793E-03  9.667E-01  1.032E+00  3.73E+02  0.00E+00  1.18E+02  0.458366  0.040119  0.0000000E+00  4.2301329254E-02
307  4.792882688645770E+07    6.999769  4.025230  4.359747  7.2826370E-01  2.7170670E-01  7.9494600E-08  1.2880884E-08  4.3624644E-06  3.4994720E-06  6.4325553E-08  1.7312422E-10  9.2048308E-07  2.3543589E-08  0.000E+00  0.1121  4.359747  -10.329  3.461424  8.244776  0.0000000E+00  2.4138615E-01  5.8364871E-01  0.0000000E+00  7.0332308E-10  1.7495147E-01  5.6480644E-13  2.5266274E-09  1.1855753E-06  1.1517818E-05  0.000E+00  2.551E-05  1.796E-03  9.668E-01  1.032E+00  3.73E+02  0.00E+00  1.18E+02  0.457864  0.040224  0.0000000E+00  4.2301244672E-02
308  4.797258514171801E+07    6.999767  4.027284  4.358987  7.2826370E-01  2.7170670E-01  7.9494530E-08  1.2880877E-08  4.3624656E-06  3.4994707E-06  6.4325541E-08  1.7312406E-10  9.2048308E-07  2.3543589E-08  0.000E+00  0.1133  4.358987  -10.324  3.464487  8.247168  0.0000000E+00  2.2961122E-01  5.8618521E-01  0.0000000E+00  7.6638185E-10  1.8418983E-01  4.1533178E-13  2.6968221E-09  1.2177379E-06  1.1515685E-05  0.000E+00  2.518E-05  1.805E-03  9.670E-01  1.032E+00  3.72E+02  0.00E+00  1.17E+02  0.456077  0.040415  0.0000000E+00  4.2301097326E-02
309  4.799461926728543E+07    6.999766  4.028246  4.358849  7.2826370E-01  2.7170670E-01  7.9494494E-08  1.2880873E-08  4.3624662E-06  3.4994701E-06  6.4325534E-08  1.7312398E-10  9.2048308E-07  2.3543589E-08  0.000E+00  0.1138  4.358849  -10.322  3.466012  8.248388  0.0000000E+00  2.2372375E-01  5.8720988E-01  0.0000000E+00  9.4816491E-10  1.8905253E-01  3.8637636E-13  2.9588279E-09  1.2356922E-06  1.1514086E-05  0.000E+00  2.510E-05  1.809E-03  9.671E-01  1.032E+00  3.71E+02  0.00E+00  1.17E+02  0.455847  0.040505  0.0000000E+00  4.2301022436E-02
310  4.802771109393625E+07    6.999764  4.029529  4.358755  7.2826360E-01  2.7170670E-01  7.9494416E-08  1.2880866E-08  4.3624675E-06  3.4994687E-06  6.4325521E-08  1.7312380E-10  9.2048308E-07  2.3543589E-08  0.000E+00  0.1145  4.358755  -10.319  3.466969  8.249793  0.0000000E+00  2.1783628E-01  5.8635325E-01  0.0000000E+00  1.4512496E-09  1.9579633E-01  6.1201547E-13  6.3138631E-09  1.2633962E-06  1.1507733E-05  0.000E+00  2.491E-05  1.813E-03  9.674E-01  1.031E+00  3.71E+02  0.00E+00  1.16E+02  0.453878  0.040624  0.0000000E+00  4.2300909663E-02
311  4.805838812604935E+07    6.999763  4.030960  4.358601  7.2826360E-01  2.7170680E-01  7.9494359E-08  1.2880860E-08  4.3624685E-06  3.4994677E-06  6.4325511E-08  1.7312366E-10  9.2048308E-07  2.3543589E-08  0.000E+00  0.1151  4.358601  -10.315  3.468032  8.251138  0.0000000E+00  2.1194882E-01  5.8569091E-01  0.0000000E+00  1.1455835E-09  2.0234600E-01  6.1093130E-13  5.7578170E-09  1.2914652E-06  1.1507441E-05  0.000E+00  2.476E-05  1.816E-03  9.675E-01  1.031E+00  3.70E+02  0.00E+00  1.16E+02  0.452866  0.040758  0.0000000E+00  4.2300804432E-02
312  4.810501341347907E+07    6.999761  4.032788  4.358663  7.2826360E-01  2.7170680E-01  7.9494306E-08  1.2880855E-08  4.3624694E-06  3.4994668E-06  6.4325502E-08  1.7312354E-10  9.2048308E-07  2.3543589E-08  0.000E+00  0.1162  4.358663  -10.310  3.471410  8.253739  0.0000000E+00  2.0017388E-01  5.8627799E-01  0.0000000E+00  4.3948828E-11  2.1353384E-01  3.0221962E-13  7.2877251E-11  1.3406875E-06  1.1513601E-05  0.000E+00  2.474E-05  1.826E-03  9.674E-01  1.031E+00  3.70E+02  0.00E+00  1.16E+02  0.453639  0.040930  0.0000000E+00  4.2300642811E-02
313  4.812347959293186E+07    6.999760  4.033174  4.358473  7.2826360E-01  2.7170680E-01  7.9494289E-08  1.2880853E-08  4.3624697E-06  3.4994665E-06  6.4325499E-08  1.7312350E-10  9.2048308E-07  2.3543589E-08  0.000E+00  0.1168  4.358473  -10.310  3.473723  8.255054  0.0000000E+00  1.9428642E-01  5.8715742E-01  0.0000000E+00  4.9233516E-10  2.1854180E-01  2.2039973E-13  1.7715934E-09  1.3632035E-06  1.1509674E-05  0.000E+00  2.466E-05  1.832E-03  9.675E-01  1.031E+00  3.70E+02  0.00E+00  1.15E+02  0.453044  0.040966  0.0000000E+00  4.2300578384E-02
314  4.815185580253927E+07    6.999758  4.034513  4.358255  7.2826360E-01  2.7170680E-01  7.9494258E-08  1.2880850E-08  4.3624702E-06  3.4994659E-06  6.4325493E-08  1.7312343E-10  9.2048308E-07  2.3543589E-08  0.000E+00  0.1173  4.358255  -10.307  3.475527  8.256549  0.0000000E+00  1.8839895E-01  5.8602037E-01  0.0000000E+00  1.3693107E-09  2.2556621E-01  3.9764034E-13  5.7002430E-09  1.3985600E-06  1.1501772E-05  0.000E+00  2.440E-05  1.838E-03  9.680E-01  1.031E+00  3.69E+02  0.00E+00  1.14E+02  0.450165  0.041093  0.0000000E+00  4.2300479294E-02
315  4.874443707118382E+07    6.999726  4.081399  4.343050  7.2801600E-01  2.7195440E-01  7.8869613E-08  1.2818769E-08  4.3731214E-06  3.4883063E-06  6.4216251E-08  1.7166861E-10  9.2048308E-07  2.3543589E-08  0.000E+00  0.1387  4.343050  -10.201  3.436658  8.268916  0.0000000E+00  1.8251148E-01  4.4824269E-01  0.0000000E+00  1.4613589E-12  3.6923152E-01  6.2898989E-12  6.9799869E-09  3.0936643E-06  1.1436493E-05  0.000E+00  1.939E-05  1.759E-03  9.706E-01  1.028E+00  3.47E+02  0.00E+00  1.03E+02  0.432094  0.045771  0.0000000E+00  4.2298110277E-02
316  4.875651311920029E+07    6.999725  4.081751  4.351737  7.2801589E-01  2.7195460E-01  7.8869261E-08  1.2818735E-08  4.3731274E-06  3.4883000E-06  6.4216190E-08  1.7166779E-10  9.2048308E-07  2.3543589E-08  0.000E+00  0.1266  4.351737  -10.192  3.436053  8.268346  0.0000000E+00  1.7662401E-01  4.5018587E-01  0.0000000E+00  8.1482135E-20  3.7317569E-01  1.9726552E-12  6.5967904E-15  3.1393598E-06  1.1443495E-05  0.000E+00  2.096E-05  1.756E-03  9.695E-01  1.029E+00  3.54E+02  0.00E+00  1.07E+02  0.439679  0.045809  0.0000000E+00  4.2298053685E-02
317  4.876840780630111E+07    6.999724  4.072276  4.353460  7.2801560E-01  2.7195490E-01  7.8868576E-08  1.2818666E-08  4.3731391E-06  3.4882877E-06  6.4216069E-08  1.7166619E-10  9.2048308E-07  2.3543589E-08  0.000E+00  0.1270  4.353460  -10.215  3.440333  8.269896  0.0000000E+00  1.7073655E-01  4.5195693E-01  0.0000000E+00  1.2069195E-18  3.7729209E-01  5.8326351E-13  7.4212257E-17  3.1879991E-06  1.1441867E-05  0.000E+00  2.161E-05  1.767E-03  9.694E-01  1.030E+00  3.57E+02  0.00E+00  1.08E+02  0.440670  0.044820  0.0000000E+00  4.2298000746E-02
318  4.878034076044017E+07    6.999724  4.073164  4.352642  7.2801480E-01  2.7195562E-01  7.8866592E-08  1.2818469E-08  4.3731729E-06  3.4882523E-06  6.4215721E-08  1.7166157E-10  9.2048308E-07  2.3543589E-08  0.000E+00  0.1276  4.352642  -10.213  3.443736  8.271390  0.0000000E+00  1.6484908E-01  4.5355754E-01  0.0000000E+00  1.6467898E-16  3.8157890E-01  1.6318748E-13  5.3436257E-16  3.2400395E-06  1.1440117E-05  0.000E+00  2.135E-05  1.775E-03  9.697E-01  1.029E+00  3.56E+02  0.00E+00  1.07E+02  0.438548  0.044911  0.0000000E+00  4.2297948725E-02
319  4.879263380188171E+07    6.999723  4.074323  4.351884  7.2801370E-01  2.7195670E-01  7.8863956E-08  1.2818207E-08  4.3732180E-06  3.4882051E-06  6.4215257E-08  1.7165543E-10  9.2048308E-07  2.3543589E-08  0.000E+00  0.1279  4.351884  -10.211  3.447353  8.272917  0.0000000E+00  1.5896161E-01  4.5496614E-01  0.0000000E+00  4.7454066E-13  3.8605766E-01  5.1801940E-14  1.5573122E-12  3.2959490E-06  1.1438227E-05  0.000E+00  2.118E-05  1.785E-03  9.698E-01  1.029E+00  3.55E+02  0.00E+00  1.07E+02  0.438192  0.045032  0.0000000E+00  4.2297894866E-02
320  4.880517126203551E+07    6.999722  4.075568  4.351150  7.2801270E-01  2.7195770E-01  7.8861443E-08  1.2817957E-08  4.3732609E-06  3.4881601E-06  6.4214815E-08  1.7164957E-10  9.2048308E-07  2.3543589E-08  0.000E+00  0.1285  4.351150  -10.209  3.451054  8.274544  0.0000000E+00  1.5307415E-01  4.5616255E-01  0.0000000E+00  2.2240861E-11  3.9074868E-01  2.6710716E-14  4.8743703E-11  3.3563565E-06  1.1436089E-05  0.000E+00  2.100E-05  1.795E-03  9.698E-01  1.029E+00  3.55E+02  0.00E+00  1.07E+02  0.437676  0.045161  0.0000000E+00  4.2297839602E-02
321  4.881963503323455E+07    6.999721  4.077071  4.350529  7.2801160E-01  2.7195884E-01  7.8858563E-08  1.2817671E-08  4.3733101E-06  3.4881085E-06  6.4214309E-08  1.7164286E-10  9.2048308E-07  2.3543589E-08  0.000E+00  0.1290  4.350529  -10.206  3.454655  8.276239  0.0000000E+00  1.4718668E-01  4.5694698E-01  0.0000000E+00  1.4258502E-10  3.9585168E-01  7.1278429E-14  3.9998652E-10  3.4258893E-06  1.1433119E-05  0.000E+00  2.072E-05  1.804E-03  9.702E-01  1.029E+00  3.54E+02  0.00E+00  1.06E+02  0.434992  0.045317  0.0000000E+00  4.2297775549E-02
322  4.883555774002155E+07    6.999720  4.078453  4.349927  7.2801056E-01  2.7195990E-01  7.8855946E-08  1.2817410E-08  4.3733549E-06  3.4880616E-06  6.4213848E-08  1.7163676E-10  9.2048308E-07  2.3543589E-08  0.000E+00  0.1294  4.349927  -10.203  3.458333  8.277997  0.0000000E+00  1.4129921E-01  4.5724685E-01  0.0000000E+00  2.2063437E-10  4.0143921E-01  9.1093843E-14  5.9477066E-10  3.5066176E-06  1.1430036E-05  0.000E+00  2.047E-05  1.814E-03  9.705E-01  1.028E+00  3.53E+02  0.00E+00  1.05E+02  0.432754  0.045462  0.0000000E+00  4.2297704747E-02
323  4.885520298099045E+07    6.999719  4.080110  4.349110  7.2800960E-01  2.7196080E-01  7.8853563E-08  1.2817174E-08  4.3733956E-06  3.4880190E-06  6.4213429E-08  1.7163121E-10  9.2048308E-07  2.3543589E-08  0.000E+00  0.1299  4.349110  -10.199  3.461950  8.279918  0.0000000E+00  1.3541174E-01  4.5663274E-01  0.0000000E+00  3.3742857E-10  4.0794071E-01  1.4951466E-13  9.3478053E-10  3.6090237E-06  1.1426004E-05  0.000E+00  2.028E-05  1.823E-03  9.706E-01  1.028E+00  3.52E+02  0.00E+00  1.04E+02  0.432348  0.045636  0.0000000E+00  4.2297616925E-02
324  4.887104833145686E+07    6.999718  4.081457  4.348482  7.2800900E-01  2.7196150E-01  7.8852002E-08  1.2817019E-08  4.3734222E-06  3.4879910E-06  6.4213155E-08  1.7162757E-10  9.2048308E-07  2.3543589E-08  0.000E+00  0.1301  4.348482  -10.196  3.465989  8.281761  0.0000000E+00  1.2952428E-01  4.5634209E-01  0.0000000E+00  1.6681996E-10  4.1411864E-01  6.8119105E-14  3.6402987E-10  3.7055689E-06  1.1423667E-05  0.000E+00  1.998E-05  1.834E-03  9.711E-01  1.028E+00  3.51E+02  0.00E+00  1.03E+02  0.429170  0.045777  0.0000000E+00  4.2297545716E-02
325  4.888826094428731E+07    6.999717  4.083145  4.347458  7.2800840E-01  2.7196200E-01  7.8850588E-08  1.2816878E-08  4.3734464E-06  3.4879657E-06  6.4212906E-08  1.7162427E-10  9.2048308E-07  2.3543589E-08  0.000E+00  0.1307  4.347458  -10.193  3.470220  8.283755  0.0000000E+00  1.2363681E-01  4.5546344E-01  0.0000000E+00  2.3140614E-10  4.2088468E-01  8.7254187E-14  5.2877136E-10  3.8176154E-06  1.1419513E-05  0.000E+00  1.962E-05  1.845E-03  9.715E-01  1.027E+00  3.50E+02  0.00E+00  1.02E+02  0.425773  0.045956  0.0000000E+00  4.2297468372E-02
326  4.891201158882979E+07    6.999715  4.085766  4.346574  7.2800790E-01  2.7196260E-01  7.8849178E-08  1.2816738E-08  4.3734705E-06  3.4879405E-06  6.4212658E-08  1.7162099E-10  9.2048308E-07  2.3543589E-08  0.000E+00  0.1313  4.346574  -10.187  3.474086  8.285947  0.0000000E+00  1.1774934E-01  4.5286341E-01  0.0000000E+00  3.9435894E-10  4.2937201E-01  1.2350215E-13  5.9877142E-10  3.9747882E-06  1.1413784E-05  0.000E+00  1.929E-05  1.856E-03  9.719E-01  1.027E+00  3.49E+02  0.00E+00  1.01E+02  0.423133  0.046234  0.0000000E+00  4.2297361046E-02
327  4.893458564680543E+07    6.999714  4.087504  4.345780  7.2800750E-01  2.7196290E-01  7.8848383E-08  1.2816659E-08  4.3734841E-06  3.4879263E-06  6.4212519E-08  1.7161914E-10  9.2048308E-07  2.3543589E-08  0.000E+00  0.1317  4.345780  -10.184  3.478359  8.288156  0.0000000E+00  1.1186188E-01  4.5007685E-01  0.0000000E+00  2.8333050E-10  4.3804591E-01  9.5222361E-14  5.7286745E-10  4.1421512E-06  1.1408189E-05  0.000E+00  1.908E-05  1.867E-03  9.720E-01  1.027E+00  3.48E+02  0.00E+00  1.01E+02  0.422240  0.046419  0.0000000E+00  4.2297257824E-02
328  4.895400643265080E+07    6.999713  4.089165  4.344884  7.2800730E-01  2.7196310E-01  7.8847815E-08  1.2816602E-08  4.3734938E-06  3.4879160E-06  6.4212418E-08  1.7161781E-10  9.2048308E-07  2.3543589E-08  0.000E+00  0.1320  4.344884  -10.180  3.483103  8.290384  0.0000000E+00  1.0597441E-01  4.4757485E-01  0.0000000E+00  2.3809728E-10  4.4643516E-01  7.3791080E-14  4.5355746E-10  4.3077013E-06  1.1402570E-05  0.000E+00  1.869E-05  1.880E-03  9.727E-01  1.026E+00  3.46E+02  0.00E+00  9.92E+01  0.417706  0.046597  0.0000000E+00  4.2297168996E-02
329  4.897316813087208E+07    6.999711  4.091032  4.343686  7.2800720E-01  2.7196330E-01  7.8847420E-08  1.2816563E-08  4.3735005E-06  3.4879090E-06  6.4212349E-08  1.7161690E-10  9.2048308E-07  2.3543589E-08  0.000E+00  0.1323  4.343686  -10.177  3.488314  8.292724  0.0000000E+00  1.0008694E-01  4.4469671E-01  0.0000000E+00  2.1105473E-10  4.5520060E-01  6.3122826E-14  3.9149038E-10  4.4893381E-06  1.1396202E-05  0.000E+00  1.825E-05  1.894E-03  9.734E-01  1.026E+00  3.45E+02  0.00E+00  9.75E+01  0.412759  0.046797  0.0000000E+00  4.2297081089E-02
330  4.899232505197713E+07    6.999710  4.092935  4.342416  7.2800700E-01  2.7196340E-01  7.8847101E-08  1.2816531E-08  4.3735060E-06  3.4879033E-06  6.4212293E-08  1.7161615E-10  9.2048308E-07  2.3543589E-08  0.000E+00  0.1325  4.342416  -10.173  3.493832  8.295128  0.0000000E+00  9.4199474E-02  4.4134884E-01  0.0000000E+00  2.0180803E-10  4.6443573E-01  5.5376578E-14  3.4371006E-10  4.6914759E-06  1.1388958E-05  0.000E+00  1.798E-05  1.910E-03  9.735E-01  1.026E+00  3.44E+02  0.00E+00  9.69E+01  0.411777  0.047003  0.0000000E+00  4.2296992833E-02
331  4.901160959777413E+07    6.999709  4.094835  4.340989  7.2800690E-01  2.7196350E-01  7.8846783E-08  1.2816500E-08  4.3735114E-06  3.4878976E-06  6.4212237E-08  1.7161541E-10  9.2048308E-07  2.3543589E-08  0.000E+00  0.1327  4.340989  -10.170  3.499763  8.297656  0.0000000E+00  8.8312007E-02  4.3746414E-01  0.0000000E+00  1.8699520E-10  4.7420767E-01  4.8845926E-14  3.0724081E-10  4.9184242E-06  1.1380691E-05  0.000E+00  1.757E-05  1.926E-03  9.740E-01  1.025E+00  3.42E+02  0.00E+00  9.55E+01  0.407912  0.047210  0.0000000E+00  4.2296903665E-02
332  4.903110856928892E+07    6.999707  4.096871  4.339561  7.2800680E-01  2.7196370E-01  7.8846449E-08  1.2816466E-08  4.3735172E-06  3.4878916E-06  6.4212178E-08  1.7161463E-10  9.2048308E-07  2.3543589E-08  0.000E+00  0.1328  4.339561  -10.165  3.506166  8.300310  0.0000000E+00  8.2424540E-02  4.3298006E-01  0.0000000E+00  1.8069590E-10  4.8457897E-01  4.3113885E-14  2.6982764E-10  5.1751417E-06  1.1371170E-05  0.000E+00  1.721E-05  1.945E-03  9.744E-01  1.025E+00  3.40E+02  0.00E+00  9.44E+01  0.405115  0.047431  0.0000000E+00  4.2296813310E-02
333  4.905094809614830E+07    6.999706  4.098703  4.338358  7.2800660E-01  2.7196380E-01  7.8846139E-08  1.2816435E-08  4.3735225E-06  3.4878860E-06  6.4212124E-08  1.7161391E-10  9.2048308E-07  2.3543589E-08  0.000E+00  0.1329  4.338358  -10.162  3.513032  8.303114  0.0000000E+00  7.6537073E-02  4.2780792E-01  0.0000000E+00  1.6055541E-10  4.9563828E-01  3.8059718E-14  2.4091285E-10  5.4687986E-06  1.1360104E-05  0.000E+00  1.701E-05  1.964E-03  9.744E-01  1.025E+00  3.39E+02  0.00E+00  9.40E+01  0.404930  0.047632  0.0000000E+00  4.2296720111E-02
334  4.907113373344611E+07    6.999705  4.100344  4.337089  7.2800650E-01  2.7196390E-01  7.8845789E-08  1.2816400E-08  4.3735284E-06  3.4878798E-06  6.4212062E-08  1.7161309E-10  9.2048308E-07  2.3543589E-08  0.000E+00  0.1329  4.337089  -10.159  3.520467  8.306100  0.0000000E+00  7.0649606E-02  4.2188848E-01  0.0000000E+00  1.5047849E-10  5.0744483E-01  3.3710890E-14  2.1396958E-10  5.8075583E-06  1.1347116E-05  0.000E+00  1.670E-05  1.986E-03  9.747E-01  1.024E+00  3.38E+02  0.00E+00  9.30E+01  0.402489  0.047812  0.0000000E+00  4.2296624561E-02
335  4.909181110754394E+07    6.999703  4.102219  4.335359  7.2800630E-01  2.7196410E-01  7.8845386E-08  1.2816360E-08  4.3735353E-06  3.4878726E-06  6.4211991E-08  1.7161215E-10  9.2048308E-07  2.3543589E-08  0.000E+00  0.1327  4.335359  -10.155  3.528701  8.309317  0.0000000E+00  6.4762139E-02  4.1510478E-01  0.0000000E+00  1.5308355E-10  5.2011561E-01  2.9756825E-14  1.8767509E-10  6.2052150E-06  1.1331686E-05  0.000E+00  1.632E-05  2.010E-03  9.751E-01  1.024E+00  3.36E+02  0.00E+00  9.18E+01  0.399437  0.048019  0.0000000E+00  4.2296526108E-02
336  4.911306907891674E+07    6.999702  4.104498  4.333600  7.2800610E-01  2.7196430E-01  7.8844854E-08  1.2816308E-08  4.3735444E-06  3.4878631E-06  6.4211898E-08  1.7161091E-10  9.2048308E-07  2.3543589E-08  0.000E+00  0.1324  4.333600  -10.151  3.537825  8.312802  0.0000000E+00  5.8874671E-02  4.0734306E-01  0.0000000E+00  1.5345738E-10  5.3376431E-01  2.6321414E-14  1.6623113E-10  6.6811529E-06  1.1313185E-05  0.000E+00  1.596E-05  2.037E-03  9.755E-01  1.024E+00  3.34E+02  0.00E+00  9.07E+01  0.397066  0.048272  0.0000000E+00  4.2296424153E-02
337  4.913507091987464E+07    6.999700  4.106206  4.331879  7.2800580E-01  2.7196460E-01  7.8844110E-08  1.2816234E-08  4.3735571E-06  3.4878497E-06  6.4211767E-08  1.7160918E-10  9.2048308E-07  2.3543589E-08  0.000E+00  0.1319  4.331879  -10.147  3.548082  8.316627  0.0000000E+00  5.2987204E-02  3.9844503E-01  0.0000000E+00  1.4994961E-10  5.4854922E-01  2.3488780E-14  1.3937485E-10  7.2658261E-06  1.1290662E-05  0.000E+00  1.558E-05  2.068E-03  9.759E-01  1.023E+00  3.33E+02  0.00E+00  8.94E+01  0.393507  0.048462  0.0000000E+00  4.2296317893E-02
338  4.915792701288673E+07    6.999699  4.108542  4.329065  7.2800540E-01  2.7196500E-01  7.8843081E-08  1.2816131E-08  4.3735747E-06  3.4878313E-06  6.4211586E-08  1.7160679E-10  9.2048308E-07  2.3543589E-08  0.000E+00  0.1312  4.329065  -10.143  3.559608  8.320830  0.0000000E+00  4.7099737E-02  3.8826137E-01  0.0000000E+00  1.4128942E-10  5.6461961E-01  2.0366959E-14  1.2907726E-10  8.0033327E-06  1.1262813E-05  0.000E+00  1.501E-05  2.104E-03  9.766E-01  1.023E+00  3.30E+02  0.00E+00  8.75E+01  0.388453  0.048723  0.0000000E+00  4.2296207612E-02
339  4.918001024102802E+07    6.999697  4.111047  4.326402  7.2800490E-01  2.7196560E-01  7.8841711E-08  1.2815995E-08  4.3735981E-06  3.4878067E-06  6.4211345E-08  1.7160359E-10  9.2048308E-07  2.3543589E-08  0.000E+00  0.1300  4.326402  -10.139  3.572479  8.325377  0.0000000E+00  4.1212270E-02  3.7752990E-01  0.0000000E+00  4.6728235E-11  5.8123763E-01  5.2331061E-15  3.6113801E-11  8.8972659E-06  1.1230379E-05  0.000E+00  1.455E-05  2.145E-03  9.770E-01  1.022E+00  3.27E+02  0.00E+00  8.60E+01  0.385313  0.049005  0.0000000E+00  4.2296100110E-02
340  4.920041438510104E+07    6.999696  4.112969  4.322958  7.2800430E-01  2.7196610E-01  7.8840261E-08  1.2815851E-08  4.3736229E-06  3.4877808E-06  6.4211090E-08  1.7160021E-10  9.2048308E-07  2.3543589E-08  0.000E+00  0.1293  4.322958  -10.136  3.587542  8.330454  0.0000000E+00  3.5324803E-02  3.6668846E-01  0.0000000E+00  6.2236153E-12  5.9796546E-01  1.5541388E-15  3.8076578E-12  9.9737353E-06  1.1192875E-05  0.000E+00  1.409E-05  2.193E-03  9.772E-01  1.022E+00  3.24E+02  0.00E+00  8.49E+01  0.383496  0.049222  0.0000000E+00  4.2295999900E-02
341  4.922017909070158E+07    6.999694  4.115347  4.319266  7.2800370E-01  2.7196670E-01  7.8838750E-08  1.2815701E-08  4.3736487E-06  3.4877538E-06  6.4210824E-08  1.7159669E-10  9.2048308E-07  2.3543589E-08  0.000E+00  0.1282  4.319266  -10.132  3.605246  8.336332  0.0000000E+00  2.9437336E-02  3.5517512E-01  0.0000000E+00  5.8671253E-11  6.1536486E-01  5.9566996E-15  3.9812626E-11  1.1369374E-05  1.1146845E-05  0.000E+00  1.362E-05  2.252E-03  9.774E-01  1.022E+00  3.21E+02  0.00E+00  8.37E+01  0.382017  0.049492  0.0000000E+00  4.2295901471E-02
342  4.924411729351582E+07    6.999692  4.118364  4.314498  7.2800290E-01  2.7196760E-01  7.8836672E-08  1.2815494E-08  4.3736842E-06  3.4877165E-06  6.4210459E-08  1.7159185E-10  9.2048308E-07  2.3543589E-08  0.000E+00  0.1261  4.314498  -10.126  3.626610  8.343440  0.0000000E+00  2.3549869E-02  3.4012731E-01  0.0000000E+00  2.6221017E-11  6.3629781E-01  9.7261647E-15  8.3231183E-11  1.3679092E-05  1.1077117E-05  0.000E+00  1.302E-05  2.325E-03  9.777E-01  1.021E+00  3.17E+02  0.00E+00  8.20E+01  0.379273  0.049838  0.0000000E+00  4.2295780259E-02
343  4.926361365232218E+07    6.999691  4.120143  4.309941  7.2800200E-01  2.7196843E-01  7.8834470E-08  1.2815275E-08  4.3737218E-06  3.4876771E-06  6.4210071E-08  1.7158672E-10  9.2048308E-07  2.3543589E-08  0.000E+00  0.1241  4.309941  -10.124  3.651712  8.351383  0.0000000E+00  1.7662401E-02  3.2653446E-01  0.0000000E+00  1.1371468E-12  6.5577524E-01  7.5615898E-17  5.6524834E-13  1.6555662E-05  1.0998456E-05  0.000E+00  1.235E-05  2.413E-03  9.785E-01  1.021E+00  3.13E+02  0.00E+00  7.96E+01  0.372931  0.050042  0.0000000E+00  4.2295680365E-02
344  4.928380817582181E+07    6.999689  4.122889  4.302703  7.2800140E-01  2.7196910E-01  7.8832877E-08  1.2815117E-08  4.3737490E-06  3.4876486E-06  6.4209791E-08  1.7158301E-10  9.2048308E-07  2.3543589E-08  0.000E+00  0.1207  4.302703  -10.110  3.685815  8.362077  0.0000000E+00  1.1774934E-02  3.1144772E-01  0.0000000E+00  6.0270785E-13  6.7674464E-01  4.8843776E-17  4.3846113E-13  2.1339480E-05  1.0883828E-05  0.000E+00  1.176E-05  2.540E-03  9.783E-01  1.042E+00  3.08E+02  0.00E+00  7.86E+01  0.374781  0.050360  0.0000000E+00  4.2295575321E-02
345  4.930496262636112E+07    6.999688  4.125748  4.291847  7.2800010E-01  2.7197035E-01  7.8829677E-08  1.2814799E-08  4.3738038E-06  3.4875913E-06  6.4209228E-08  1.7157555E-10  9.2048308E-07  2.3543589E-08  0.000E+00  0.1146  4.291847  -10.106  3.738946  8.378297  0.0000000E+00  5.8874671E-03  2.9493957E-01  0.0000000E+00  1.2968339E-13  6.9913070E-01  5.5335557E-18  7.8474255E-14  3.0865979E-05  1.0695339E-05  0.000E+00  1.061E-05  2.752E-03  9.792E-01  1.040E+00  2.99E+02  0.00E+00  7.48E+01  0.366895  0.050693  0.0000000E+00  4.2295460402E-02
346  4.933554989211434E+07    6.999685  4.119076  4.242452  7.2799580E-01  2.7197460E-01  7.8818997E-08  1.2813736E-08  4.3739862E-06  3.4874000E-06  6.4207349E-08  1.7155066E-10  9.2048308E-07  2.3543589E-08  0.000E+00  0.0000  4.242452  -10.120  4.079191  8.448668  0.0000000E+00  8.8984750E-15  2.7753262E-01  0.0000000E+00  0.0000000E+00  7.2238126E-01  0.0000000E+00  0.0000000E+00  7.4606327E-05  1.0183389E-05  0.000E+00  7.032E-06  4.591E-03  9.823E-01  1.035E+00  2.68E+02  0.00E+00  6.17E+01  0.339075  0.049919  0.0000000E+00  4.2295292935E-02
347  4.935655245765557E+07    6.999683  4.138706  4.227321  7.2792700E-01  2.7204350E-01  7.8646640E-08  1.2796593E-08  4.3769349E-06  3.4843100E-06  6.4176935E-08  1.7114889E-10  9.2048308E-07  2.3543589E-08  0.000E+00  0.0000  4.227321  -10.060  4.343756  8.455806  0.0000000E+00  3.7510970E-19  2.7753262E-01  0.0000000E+00  0.0000000E+00  7.2238126E-01  0.0000000E+00  0.0000000E+00  7.4606327E-05  1.0183389E-05  0.000E+00  6.099E-06  6.891E-03  9.825E-01  1.034E+00  2.56E+02  0.00E+00  5.87E+01  0.337768  0.052225  0.0000000E+00  4.2295155064E-02
348  4.939461762684254E+07    6.999680  4.114537  4.081860  7.2774700E-01  2.7222350E-01  7.8202164E-08  1.2752317E-08  4.3845847E-06  3.4762903E-06  6.4097210E-08  1.7011120E-10  9.2048308E-07  2.3543589E-08  0.000E+00  0.0000  4.081860   -9.930  4.687954  8.497298  0.0000000E+00  4.1194540E-18  2.7753262E-01  0.0000000E+00  0.0000000E+00  7.2238126E-01  0.0000000E+00  0.0000000E+00  7.4606327E-05  1.0183389E-05  0.000E+00  1.916E-06  1.169E-02  9.881E-01  1.024E+00  1.85E+02  0.00E+00  3.50E+01  0.279624  0.049393  0.0000000E+00  4.2294889033E-02
349  4.940727100749622E+07    6.999677  4.112673  3.914134  7.2766070E-01  2.7230980E-01  7.7993280E-08  1.2731469E-08  4.3882093E-06  3.4724885E-06  6.4058908E-08  1.6962251E-10  9.2048308E-07  2.3543589E-08  0.000E+00  0.0000  3.914134   -9.411  4.785590  8.513052  0.0000000E+00  8.8081990E-18  2.7753262E-01  0.0000000E+00  0.0000000E+00  7.2238126E-01  0.0000000E+00  0.0000000E+00  7.4606327E-05  1.0183389E-05  0.000E+00  4.666E-07  1.358E-02  9.929E-01  1.023E+00  1.26E+02  0.00E+00  1.84E+01  0.217241  0.049179  0.0000000E+00  4.2294639062E-02
350  4.941696849316645E+07    6.999400  4.055058  3.688396  7.2458290E-01  2.7538830E-01  7.1308062E-08  1.2057690E-08  4.5097351E-06  3.3446607E-06  6.2673067E-08  1.5379505E-10  9.2048308E-07  2.3543589E-08  0.000E+00  0.0000  3.688396   -7.237  4.860807  8.526677  0.0000000E+00  1.6184600E-17  2.7753262E-01  0.0000000E+00  0.0000000E+00  7.2238126E-01  0.0000000E+00  0.0000000E+00  7.4606329E-05  1.0183389E-05  0.000E+00  3.439E-08  1.523E-02  9.993E-01  1.002E+00  7.72E+01  0.00E+00  3.57E+00  0.069385  0.042994  0.0000000E+00  4.2275435935E-02
351  4.942108660449723E+07    6.999062  4.221028  3.670572  7.0830948E-01  2.9166586E-01  4.8478666E-08  9.5935232E-09  5.0368984E-06  2.7833794E-06  5.4515399E-08  9.5550016E-11  9.2048308E-07  2.3543589E-08  0.000E+00  0.0000  3.670572   -6.950  4.894617  8.533550  0.0000000E+00  2.1531906E-17  2.7753262E-01  0.0000000E+00  0.0000000E+00  7.2238126E-01  0.0000000E+00  0.0000000E+00  7.4606331E-05  1.0183389E-05  0.000E+00  1.649E-08  1.604E-02  9.996E-01  1.001E+00  6.73E+01  0.00E+00  2.25E+00  0.050183  0.062406  0.0000000E+00  4.2261456786E-02
352  4.942932282715881E+07    6.998016  4.264106  3.668963  7.0489977E-01  2.9507663E-01  4.6519786E-08  9.4209582E-09  5.1586297E-06  2.6495924E-06  5.1852753E-08  8.7735615E-11  9.2048307E-07  2.3543589E-08  0.000E+00  0.0000  3.668963   -6.883  4.966998  8.543486  0.0000000E+00  3.1859357E-17  2.7753262E-01  0.0000000E+00  0.0000000E+00  7.2238126E-01  0.0000000E+00  0.0000000E+00  7.4606342E-05  1.0183389E-05  0.000E+00  1.492E-08  1.791E-02  9.996E-01  1.001E+00  6.54E+01  0.00E+00  2.16E+00  0.049484  0.068795  0.0000000E+00  4.2218183969E-02
353  4.943344093848959E+07    6.997468  4.272683  3.668723  7.0447728E-01  2.9549922E-01  4.6349332E-08  9.4114375E-09  5.1745552E-06  2.6319750E-06  5.1487469E-08  8.6869738E-11  9.2048307E-07  2.3543589E-08  0.000E+00  0.0000  3.668723   -6.869  5.006342  8.549387  0.0000000E+00  3.9168771E-17  2.7753262E-01  0.0000000E+00  0.0000000E+00  7.2238126E-01  0.0000000E+00  0.0000000E+00  7.4606357E-05  1.0183389E-05  0.000E+00  1.457E-08  1.901E-02  9.996E-01  1.001E+00  6.50E+01  0.00E+00  2.13E+00  0.049124  0.070156  0.0000000E+00  4.2195547775E-02
354  4.943755904982038E+07    6.996901  4.282255  3.668401  7.0380901E-01  2.9616778E-01  4.6105194E-08  9.4007730E-09  5.1999988E-06  2.6037896E-06  5.0899240E-08  8.5538363E-11  9.2048307E-07  2.3543589E-08  0.000E+00  0.0000  3.668401   -6.854  5.047800  8.555852  0.0000000E+00  4.8816229E-17  2.7753262E-01  0.0000000E+00  0.0000000E+00  7.2238126E-01  0.0000000E+00  0.0000000E+00  7.4606383E-05  1.0183389E-05  0.000E+00  1.427E-08  2.026E-02  9.996E-01  1.001E+00  6.46E+01  0.00E+00  2.11E+00  0.049036  0.071696  0.0000000E+00  4.2172078275E-02
355  4.944167716115117E+07    6.996314  4.292010  3.668168  7.0323521E-01  2.9674169E-01  4.5914720E-08  9.3949456E-09  5.2219947E-06  2.5793944E-06  5.0387731E-08  8.4425265E-11  9.2048307E-07  2.3543589E-08  0.000E+00  0.0000  3.668168   -6.839  5.091802  8.562887  0.0000000E+00  6.1749226E-17  2.7753262E-01  0.0000000E+00  0.0000000E+00  7.2238126E-01  0.0000000E+00  0.0000000E+00  7.4606435E-05  1.0183389E-05  0.000E+00  1.395E-08  2.166E-02  9.996E-01  1.001E+00  6.43E+01  0.00E+00  2.09E+00  0.048833  0.073307  0.0000000E+00  4.2147655077E-02
356  4.944579527248196E+07    6.995705  4.303837  3.667884  7.0249884E-01  2.9747826E-01  4.5705499E-08  9.3935929E-09  5.2503677E-06  2.5478745E-06  4.9723581E-08  8.3056109E-11  9.2048307E-07  2.3543589E-08  0.000E+00  0.0000  3.667884   -6.820  5.138971  8.570575  0.0000000E+00  7.9452352E-17  2.7753262E-01  0.0000000E+00  0.0000000E+00  7.2238126E-01  0.0000000E+00  0.0000000E+00  7.4606549E-05  1.0183389E-05  0.000E+00  1.344E-08  2.327E-02  9.997E-01  1.001E+00  6.38E+01  0.00E+00  2.04E+00  0.048108  0.075305  0.0000000E+00  4.2122428117E-02
357  4.945403149514353E+07    6.994412  4.323291  3.667185  7.0161711E-01  2.9836019E-01  4.5505494E-08  9.4005843E-09  5.2841793E-06  2.5102402E-06  4.8928070E-08  8.1513347E-11  9.2048306E-07  2.3543589E-08  0.000E+00  0.0000  3.667185   -6.790  5.244258  8.587358  0.0000000E+00  1.3611345E-16  2.7753262E-01  0.0000000E+00  0.0000000E+00  7.2238126E-01  0.0000000E+00  0.0000000E+00  7.4607449E-05  1.0183389E-05  0.000E+00  1.284E-08  2.733E-02  9.997E-01  1.001E+00  6.29E+01  0.00E+00  2.01E+00  0.047784  0.078728  0.0000000E+00  4.2068959955E-02
358  4.945814960647432E+07    6.993734  4.332099  3.666897  7.0127581E-01  2.9870166E-01  4.5443239E-08  9.4056961E-09  5.2969868E-06  2.4959637E-06  4.8626421E-08  8.0952593E-11  9.2048306E-07  2.3543589E-08  0.000E+00  0.0000  3.666897   -6.776  5.304313  8.596630  0.0000000E+00  1.8251335E-16  2.7753262E-01  0.0000000E+00  0.0000000E+00  7.2238126E-01  0.0000000E+00  0.0000000E+00  7.4609148E-05  1.0183389E-05  0.000E+00  1.258E-08  2.995E-02  9.997E-01  1.001E+00  6.26E+01  0.00E+00  1.99E+00  0.047625  0.080333  0.0000000E+00  4.2040718554E-02
359  4.946226771780510E+07    6.993030  4.343314  3.666528  7.0085709E-01  2.9912041E-01  4.5376165E-08  9.4132694E-09  5.3123474E-06  2.4788293E-06  4.8264919E-08  8.0292905E-11  9.2048306E-07  2.3543589E-08  0.000E+00  0.0000  3.666528   -6.759  5.370900  8.606556  0.0000000E+00  2.4872273E-16  2.7753261E-01  0.0000000E+00  0.0000000E+00  7.2238126E-01  0.0000000E+00  0.0000000E+00  7.4613968E-05  1.0183389E-05  0.000E+00  1.216E-08  3.316E-02  9.997E-01  1.001E+00  6.21E+01  0.00E+00  1.95E+00  0.047039  0.082423  0.0000000E+00  4.2011489840E-02
360  4.947050394046668E+07    6.991526  4.367925  3.665633  7.0014849E-01  2.9982921E-01  4.5287643E-08  9.4289659E-09  5.3368424E-06  2.4514751E-06  4.7690054E-08  7.9271059E-11  9.2048306E-07  2.3543589E-08  0.000E+00  0.0000  3.665633   -6.720  5.532108  8.628983  0.0000000E+00  5.0267088E-16  2.7753258E-01  0.0000000E+00  0.0000000E+00  7.2238124E-01  0.0000000E+00  0.0000000E+00  7.4670113E-05  1.0183389E-05  0.000E+00  1.146E-08  4.243E-02  9.997E-01  1.001E+00  6.11E+01  0.00E+00  1.90E+00  0.046542  0.087211  0.0000000E+00  4.1949196657E-02
361  4.947874016312826E+07    6.989876  4.396391  3.664549  6.9927972E-01  3.0069808E-01  4.5219489E-08  9.4503401E-09  5.3623813E-06  2.4229127E-06  4.7095036E-08  7.8242388E-11  9.2048305E-07  2.3543589E-08  0.000E+00  0.0000  3.664549   -6.675  5.755086  8.656336  0.0000000E+00  1.2329306E-15  2.7753205E-01  0.0000000E+00  0.0000000E+00  7.2238091E-01  0.0000000E+00  0.0000000E+00  7.5519816E-05  1.0183389E-05  0.000E+00  1.045E-08  5.967E-02  9.997E-01  1.001E+00  6.00E+01  0.00E+00  1.80E+00  0.044881  0.093092  0.0000000E+00  4.1881301096E-02
362  4.948285827445904E+07    6.988982  4.411955  3.664182  6.9881186E-01  3.0116604E-01  4.5196095E-08  9.4614903E-09  5.3738355E-06  2.4100891E-06  4.6830057E-08  7.7791071E-11  9.2048305E-07  2.3543588E-08  0.000E+00  0.0000  3.664182   -6.651  5.908310  8.672871  0.0000000E+00  2.1460773E-15  2.7752988E-01  0.0000000E+00  0.0000000E+00  7.2237953E-01  0.0000000E+00  0.0000000E+00  7.9078368E-05  1.0183389E-05  0.000E+00  1.011E-08  7.545E-02  9.997E-01  1.001E+00  5.94E+01  0.00E+00  1.77E+00  0.044731  0.096474  0.0000000E+00  4.1844546206E-02
363  4.948697638578983E+07    6.988031  4.428888  3.663576  6.9814811E-01  3.0182989E-01  4.5172882E-08  9.4760393E-09  5.3876269E-06  2.3946396E-06  4.6512555E-08  7.7253939E-11  9.2048305E-07  2.3543588E-08  0.000E+00  0.0000  3.663576   -6.623  6.112204  8.691643  0.0000000E+00  4.1874423E-15  2.7751450E-01  0.0000000E+00  0.0000000E+00  7.2236956E-01  0.0000000E+00  0.0000000E+00  1.0442633E-04  1.0183389E-05  0.000E+00  9.464E-09  1.031E-01  9.997E-01  1.001E+00  5.87E+01  0.00E+00  1.70E+00  0.043361  0.100285  0.0000000E+00  4.1805755791E-02
364  4.949109449712061E+07    6.987025  4.442909  3.663058  6.9734378E-01  3.0263432E-01  4.5155702E-08  9.4910661E-09  5.4007691E-06  2.3799085E-06  4.6211573E-08  7.6747503E-11  9.2048305E-07  2.3543588E-08  0.000E+00  0.0000  3.663058   -6.601  6.405773  8.707875  0.0000000E+00  7.9498584E-15  2.7737626E-01  0.0000000E+00  0.0000000E+00  7.2227922E-01  0.0000000E+00  0.0000000E+00  3.3296120E-04  1.0183389E-05  0.000E+00  9.207E-09  1.618E-01  9.997E-01  1.001E+00  5.82E+01  0.00E+00  1.68E+00  0.043378  0.103541  0.0000000E+00  4.1765095219E-02
365  4.949486305727794E+07    6.986071  4.448576  3.662784  6.9603650E-01  3.0394170E-01  4.5142614E-08  9.5099599E-09  5.4158837E-06  2.3629908E-06  4.5867844E-08  7.6171426E-11  9.2048304E-07  2.3543589E-08  0.000E+00  0.0000  3.662784   -6.593  6.770500  8.664297  0.0000000E+00  2.5169630E-15  2.7703836E-01  0.0000000E+00  0.0000000E+00  7.2205841E-01  0.0000000E+00  0.0000000E+00  8.9144072E-04  1.0183389E-05  0.000E+00  8.980E-09  2.830E-01  9.997E-01  1.001E+00  5.79E+01  0.00E+00  1.65E+00  0.042825  0.104835  0.0000000E+00  4.1726302486E-02
366  4.949521260845140E+07    6.985982  4.448365  3.662798  6.9577211E-01  3.0420609E-01  4.5141549E-08  9.5131474E-09  5.4182610E-06  2.3603668E-06  4.5814659E-08  7.6082444E-11  9.2048304E-07  2.3543589E-08  0.000E+00  0.0000  3.662798   -6.593  6.747102  8.634794  0.0000000E+00  1.0409476E-15  2.7703812E-01  0.0000000E+00  0.0000000E+00  7.2205826E-01  0.0000000E+00  0.0000000E+00  8.9182734E-04  1.0183389E-05  0.000E+00  8.973E-09  2.730E-01  9.997E-01  1.001E+00  5.79E+01  0.00E+00  1.65E+00  0.042778  0.104769  0.0000000E+00  4.1722698327E-02
367  4.949732871467677E+07    6.985432  4.458264  3.662776  6.8389620E-01  3.1607960E-01  8.6823293E-08  2.1586465E-08  7.3715504E-06  3.0608042E-06  4.5819589E-08  7.5927400E-11  9.2049033E-07  2.3609045E-08  0.000E+00  0.0000  3.662776   -6.578  7.037762  8.599635  0.0000000E+00  5.1488180E-16  2.7703642E-01  0.0000000E+00  0.0000000E+00  7.2205723E-01  0.0000000E+00  0.0000000E+00  8.9455302E-04  1.0183389E-05  0.000E+00  8.450E-09  4.265E-01  9.998E-01  1.001E+00  5.76E+01  0.00E+00  1.58E+00  0.041019  0.106442  0.0000000E+00  4.1700797732E-02
368  4.949859123935363E+07    6.985122  4.389387  3.664901  6.6542230E-01  3.3451070E-01  3.0272696E-06  7.6531191E-07  3.2028165E-05  1.8113951E-05  6.3641299E-08  1.3048508E-10  9.2060671E-07  2.4978582E-08  0.000E+00  0.0000  3.664901   -6.686  7.234553  8.544603  0.0000000E+00  1.4116030E-16  2.7703638E-01  0.0000000E+00  0.0000000E+00  7.2205721E-01  0.0000000E+00  0.0000000E+00  8.9461192E-04  1.0183389E-05  0.000E+00  9.421E-09  5.769E-01  9.998E-01  1.001E+00  6.02E+01  0.00E+00  1.61E+00  0.040013  0.089840  0.0000000E+00  4.1689143985E-02
369  4.949916763213051E+07    6.985022  4.101235  3.618296  5.9077060E-01  4.0231890E-01  4.2466672E-03  3.3058780E-05  2.2457752E-04  2.3946826E-03  2.3694574E-07  5.4931185E-08  1.2810579E-06  3.0650702E-07  0.000E+00  0.0000  3.618296   -7.023  7.309632  8.505638  0.0000000E+00  3.9703440E-17  2.7703638E-01  0.0000000E+00  0.0000000E+00  7.2205721E-01  0.0000000E+00  0.0000000E+00  8.9461310E-04  1.0183389E-05  0.000E+00  1.012E-08  6.475E-01  9.998E-01  1.001E+00  6.39E+01  0.00E+00  1.53E+00  0.036015  0.044198  0.0000000E+00  4.1689610031E-02
370  4.949933071978219E+07    6.984997  4.337837  3.578647  5.8090520E-01  4.0420930E-01  8.8092859E-03  3.8426492E-05  2.2205491E-04  5.8018710E-03  2.4095200E-07  6.6377206E-08  3.5145038E-06  4.7669062E-07  0.000E+00  0.0000  3.578647   -6.591  7.334077  8.496882  0.0000000E+00  2.8919660E-17  2.7703638E-01  0.0000000E+00  0.0000000E+00  7.2205721E-01  0.0000000E+00  0.0000000E+00  8.9461314E-04  1.0183389E-05  0.000E+00  4.115E-09  6.723E-01  9.999E-01  1.000E+00  5.08E+01  0.00E+00  9.87E-01  0.029179  0.075736  0.0000000E+00  4.1485692885E-02
371  4.949933071978219E+07    6.984997  4.337837  3.578647  5.8090520E-01  4.0420930E-01  8.8092859E-03  3.8426492E-05  2.2205491E-04  5.8018710E-03  2.4095200E-07  6.6377206E-08  3.5145038E-06  4.7669062E-07  0.000E+00  0.0000  3.578647   -6.591  7.334077  8.496882  0.0000000E+00  2.8919660E-17  2.7703638E-01  0.0000000E+00  0.0000000E+00  7.2205721E-01  0.0000000E+00  0.0000000E+00  8.9461314E-04  1.0183389E-05  0.000E+00  4.115E-09  6.723E-01  9.999E-01  1.000E+00  5.08E+01  0.00E+00  9.87E-01  0.029179  0.075736  0.0000000E+00  4.1485692885E-02
372  4.949933071978219E+07    6.984997  4.337837  3.578647  5.8090520E-01  4.0420930E-01  8.8092859E-03  3.8426492E-05  2.2205491E-04  5.8018710E-03  2.4095200E-07  6.6377206E-08  3.5145038E-06  4.7669062E-07  0.000E+00  0.0000  3.578647   -6.591  7.334077  8.496882  0.0000000E+00  2.8919660E-17  2.7703638E-01  0.0000000E+00  0.0000000E+00  7.2205721E-01  0.0000000E+00  0.0000000E+00  8.9461314E-04  1.0183389E-05  0.000E+00  4.115E-09  6.723E-01  9.999E-01  1.000E+00  5.08E+01  0.00E+00  9.87E-01  0.029179  0.075736  0.0000000E+00  4.1485692885E-02
373  4.949933071978219E+07    6.984997  4.337837  3.578647  5.8090520E-01  4.0420930E-01  8.8092859E-03  3.8426492E-05  2.2205491E-04  5.8018710E-03  2.4095200E-07  6.6377206E-08  3.5145038E-06  4.7669062E-07  0.000E+00  0.0000  3.578647   -6.591  7.334077  8.496882  0.0000000E+00  2.8919660E-17  2.7703638E-01  0.0000000E+00  0.0000000E+00  7.2205721E-01  0.0000000E+00  0.0000000E+00  8.9461314E-04  1.0183389E-05  0.000E+00  4.115E-09  6.723E-01  9.999E-01  1.000E+00  5.08E+01  0.00E+00  9.87E-01  0.029179  0.075736  0.0000000E+00  4.1485692885E-02
374  4.949933071978219E+07    6.984997  4.337837  3.578647  5.8090520E-01  4.0420930E-01  8.8092859E-03  3.8426492E-05  2.2205491E-04  5.8018710E-03  2.4095200E-07  6.6377206E-08  3.5145038E-06  4.7669062E-07  0.000E+00  0.0000  3.578647   -6.591  7.334077  8.496882  0.0000000E+00  2.8919660E-17  2.7703638E-01  0.0000000E+00  0.0000000E+00  7.2205721E-01  0.0000000E+00  0.0000000E+00  8.9461314E-04  1.0183389E-05  0.000E+00  4.115E-09  6.723E-01  9.999E-01  1.000E+00  5.08E+01  0.00E+00  9.87E-01  0.029179  0.075736  0.0000000E+00  4.1485692885E-02
375  4.949933071978219E+07    6.984997  4.337837  3.578647  5.8090520E-01  4.0420930E-01  8.8092859E-03  3.8426492E-05  2.2205491E-04  5.8018710E-03  2.4095200E-07  6.6377206E-08  3.5145038E-06  4.7669062E-07  0.000E+00  0.0000  3.578647   -6.591  7.334077  8.496882  0.0000000E+00  2.8919660E-17  2.7703638E-01  0.0000000E+00  0.0000000E+00  7.2205721E-01  0.0000000E+00  0.0000000E+00  8.9461314E-04  1.0183389E-05  0.000E+00  4.115E-09  6.723E-01  9.999E-01  1.000E+00  5.08E+01  0.00E+00  9.87E-01  0.029179  0.075736  0.0000000E+00  4.1485692885E-02
376  4.949933071978219E+07    6.984997  4.337837  3.578647  5.8090520E-01  4.0420930E-01  8.8092859E-03  3.8426492E-05  2.2205491E-04  5.8018710E-03  2.4095200E-07  6.6377206E-08  3.5145038E-06  4.7669062E-07  0.000E+00  0.0000  3.578647   -6.591  7.334077  8.496882  0.0000000E+00  2.8919660E-17  2.7703638E-01  0.0000000E+00  0.0000000E+00  7.2205721E-01  0.0000000E+00  0.0000000E+00  8.9461314E-04  1.0183389E-05  0.000E+00  4.115E-09  6.723E-01  9.999E-01  1.000E+00  5.08E+01  0.00E+00  9.87E-01  0.029179  0.075736  0.0000000E+00  4.1485692885E-02
377  4.949933071978219E+07    6.984997  4.337837  3.578647  5.8090520E-01  4.0420930E-01  8.8092859E-03  3.8426492E-05  2.2205491E-04  5.8018710E-03  2.4095200E-07  6.6377206E-08  3.5145038E-06  4.7669062E-07  0.000E+00  0.0000  3.578647   -6.591  7.334077  8.496882  0.0000000E+00  2.8919660E-17  2.7703638E-01  0.0000000E+00  0.0000000E+00  7.2205721E-01  0.0000000E+00  0.0000000E+00  8.9461314E-04  1.0183389E-05  0.000E+00  4.115E-09  6.723E-01  9.999E-01  1.000E+00  5.08E+01  0.00E+00  9.87E-01  0.029179  0.075736  0.0000000E+00  4.1485692885E-02
378  4.949933071978219E+07    6.984997  4.337837  3.578647  5.8090520E-01  4.0420930E-01  8.8092859E-03  3.8426492E-05  2.2205491E-04  5.8018710E-03  2.4095200E-07  6.6377206E-08  3.5145038E-06  4.7669062E-07  0.000E+00  0.0000  3.578647   -6.591  7.334077  8.496882  0.0000000E+00  2.8919660E-17  2.7703638E-01  0.0000000E+00  0.0000000E+00  7.2205721E-01  0.0000000E+00  0.0000000E+00  8.9461314E-04  1.0183389E-05  0.000E+00  4.115E-09  6.723E-01  9.999E-01  1.000E+00  5.08E+01  0.00E+00  9.87E-01  0.029179  0.075736  0.0000000E+00  4.1485692885E-02
379  4.949933071978219E+07    6.984997  4.337837  3.578647  5.8090520E-01  4.0420930E-01  8.8092859E-03  3.8426492E-05  2.2205491E-04  5.8018710E-03  2.4095200E-07  6.6377206E-08  3.5145038E-06  4.7669062E-07  0.000E+00  0.0000  3.578647   -6.591  7.334077  8.496882  0.0000000E+00  2.8919660E-17  2.7703638E-01  0.0000000E+00  0.0000000E+00  7.2205721E-01  0.0000000E+00  0.0000000E+00  8.9461314E-04  1.0183389E-05  0.000E+00  4.115E-09  6.723E-01  9.999E-01  1.000E+00  5.08E+01  0.00E+00  9.87E-01  0.029179  0.075736  0.0000000E+00  4.1485692885E-02
380  4.949933071978219E+07    6.984997  4.337837  3.578647  5.8090520E-01  4.0420930E-01  8.8092859E-03  3.8426492E-05  2.2205491E-04  5.8018710E-03  2.4095200E-07  6.6377206E-08  3.5145038E-06  4.7669062E-07  0.000E+00  0.0000  3.578647   -6.591  7.334077  8.496882  0.0000000E+00  2.8919660E-17  2.7703638E-01  0.0000000E+00  0.0000000E+00  7.2205721E-01  0.0000000E+00  0.0000000E+00  8.9461314E-04  1.0183389E-05  0.000E+00  4.115E-09  6.723E-01  9.999E-01  1.000E+00  5.08E+01  0.00E+00  9.87E-01  0.029179  0.075736  0.0000000E+00  4.1485692885E-02
381  4.949933071978219E+07    6.984997  4.337837  3.578647  5.8090520E-01  4.0420930E-01  8.8092859E-03  3.8426492E-05  2.2205491E-04  5.8018710E-03  2.4095200E-07  6.6377206E-08  3.5145038E-06  4.7669062E-07  0.000E+00  0.0000  3.578647   -6.591  7.334077  8.496882  0.0000000E+00  2.8919660E-17  2.7703638E-01  0.0000000E+00  0.0000000E+00  7.2205721E-01  0.0000000E+00  0.0000000E+00  8.9461314E-04  1.0183389E-05  0.000E+00  4.115E-09  6.723E-01  9.999E-01  1.000E+00  5.08E+01  0.00E+00  9.87E-01  0.029179  0.075736  0.0000000E+00  4.1485692885E-02
382  4.949933071978219E+07    6.984997  4.337837  3.578647  5.8090520E-01  4.0420930E-01  8.8092859E-03  3.8426492E-05  2.2205491E-04  5.8018710E-03  2.4095200E-07  6.6377206E-08  3.5145038E-06  4.7669062E-07  0.000E+00  0.0000  3.578647   -6.591  7.334077  8.496882  0.0000000E+00  2.8919660E-17  2.7703638E-01  0.0000000E+00  0.0000000E+00  7.2205721E-01  0.0000000E+00  0.0000000E+00  8.9461314E-04  1.0183389E-05  0.000E+00  4.115E-09  6.723E-01  9.999E-01  1.000E+00  5.08E+01  0.00E+00  9.87E-01  0.029179  0.075736  0.0000000E+00  4.1485692885E-02
383  4.949933071978219E+07    6.984997  4.337837  3.578647  5.8090520E-01  4.0420930E-01  8.8092859E-03  3.8426492E-05  2.2205491E-04  5.8018710E-03  2.4095200E-07  6.6377206E-08  3.5145038E-06  4.7669062E-07  0.000E+00  0.0000  3.578647   -6.591  7.334077  8.496882  0.0000000E+00  2.8919660E-17  2.7703638E-01  0.0000000E+00  0.0000000E+00  7.2205721E-01  0.0000000E+00  0.0000000E+00  8.9461314E-04  1.0183389E-05  0.000E+00  4.115E-09  6.723E-01  9.999E-01  1.000E+00  5.08E+01  0.00E+00  9.87E-01  0.029179  0.075736  0.0000000E+00  4.1485692885E-02
384  4.949933071978219E+07    6.984997  4.337837  3.578647  5.8090520E-01  4.0420930E-01  8.8092859E-03  3.8426492E-05  2.2205491E-04  5.8018710E-03  2.4095200E-07  6.6377206E-08  3.5145038E-06  4.7669062E-07  0.000E+00  0.0000  3.578647   -6.591  7.334077  8.496882  0.0000000E+00  2.8919660E-17  2.7703638E-01  0.0000000E+00  0.0000000E+00  7.2205721E-01  0.0000000E+00  0.0000000E+00  8.9461314E-04  1.0183389E-05  0.000E+00  4.115E-09  6.723E-01  9.999E-01  1.000E+00  5.08E+01  0.00E+00  9.87E-01  0.029179  0.075736  0.0000000E+00  4.1485692885E-02
385  4.949933071978219E+07    6.984997  4.337837  3.578647  5.8090520E-01  4.0420930E-01  8.8092859E-03  3.8426492E-05  2.2205491E-04  5.8018710E-03  2.4095200E-07  6.6377206E-08  3.5145038E-06  4.7669062E-07  0.000E+00  0.0000  3.578647   -6.591  7.334077  8.496882  0.0000000E+00  2.8919660E-17  2.7703638E-01  0.0000000E+00  0.0000000E+00  7.2205721E-01  0.0000000E+00  0.0000000E+00  8.9461314E-04  1.0183389E-05  0.000E+00  4.115E-09  6.723E-01  9.999E-01  1.000E+00  5.08E+01  0.00E+00  9.87E-01  0.029179  0.075736  0.0000000E+00  4.1485692885E-02
386  4.949933071978219E+07    6.984997  4.337837  3.578647  5.8090520E-01  4.0420930E-01  8.8092859E-03  3.8426492E-05  2.2205491E-04  5.8018710E-03  2.4095200E-07  6.6377206E-08  3.5145038E-06  4.7669062E-07  0.000E+00  0.0000  3.578647   -6.591  7.334077  8.496882  0.0000000E+00  2.8919660E-17  2.7703638E-01  0.0000000E+00  0.0000000E+00  7.2205721E-01  0.0000000E+00  0.0000000E+00  8.9461314E-04  1.0183389E-05  0.000E+00  4.115E-09  6.723E-01  9.999E-01  1.000E+00  5.08E+01  0.00E+00  9.87E-01  0.029179  0.075736  0.0000000E+00  4.1485692885E-02
387  4.949933071978219E+07    6.984997  4.337837  3.578647  5.8090520E-01  4.0420930E-01  8.8092859E-03  3.8426492E-05  2.2205491E-04  5.8018710E-03  2.4095200E-07  6.6377206E-08  3.5145038E-06  4.7669062E-07  0.000E+00  0.0000  3.578647   -6.591  7.334077  8.496882  0.0000000E+00  2.8919660E-17  2.7703638E-01  0.0000000E+00  0.0000000E+00  7.2205721E-01  0.0000000E+00  0.0000000E+00  8.9461314E-04  1.0183389E-05  0.000E+00  4.115E-09  6.723E-01  9.999E-01  1.000E+00  5.08E+01  0.00E+00  9.87E-01  0.029179  0.075736  0.0000000E+00  4.1485692885E-02
388  4.949933071978219E+07    6.984997  4.337837  3.578647  5.8090520E-01  4.0420930E-01  8.8092859E-03  3.8426492E-05  2.2205491E-04  5.8018710E-03  2.4095200E-07  6.6377206E-08  3.5145038E-06  4.7669062E-07  0.000E+00  0.0000  3.578647   -6.591  7.334077  8.496882  0.0000000E+00  2.8919660E-17  2.7703638E-01  0.0000000E+00  0.0000000E+00  7.2205721E-01  0.0000000E+00  0.0000000E+00  8.9461314E-04  1.0183389E-05  0.000E+00  4.115E-09  6.723E-01  9.999E-01  1.000E+00  5.08E+01  0.00E+00  9.87E-01  0.029179  0.075736  0.0000000E+00  4.1485692885E-02
389  4.949933071978219E+07    6.984997  4.337837  3.578647  5.8090520E-01  4.0420930E-01  8.8092859E-03  3.8426492E-05  2.2205491E-04  5.8018710E-03  2.4095200E-07  6.6377206E-08  3.5145038E-06  4.7669062E-07  0.000E+00  0.0000  3.578647   -6.591  7.334077  8.496882  0.0000000E+00  2.8919660E-17  2.7703638E-01  0.0000000E+00  0.0000000E+00  7.2205721E-01  0.0000000E+00  0.0000000E+00  8.9461314E-04  1.0183389E-05  0.000E+00  4.115E-09  6.723E-01  9.999E-01  1.000E+00  5.08E+01  0.00E+00  9.87E-01  0.029179  0.075736  0.0000000E+00  4.1485692885E-02
390  4.949933071978219E+07    6.984997  4.337837  3.578647  5.8090520E-01  4.0420930E-01  8.8092859E-03  3.8426492E-05  2.2205491E-04  5.8018710E-03  2.4095200E-07  6.6377206E-08  3.5145038E-06  4.7669062E-07  0.000E+00  0.0000  3.578647   -6.591  7.334077  8.496882  0.0000000E+00  2.8919660E-17  2.7703638E-01  0.0000000E+00  0.0000000E+00  7.2205721E-01  0.0000000E+00  0.0000000E+00  8.9461314E-04  1.0183389E-05  0.000E+00  4.115E-09  6.723E-01  9.999E-01  1.000E+00  5.08E+01  0.00E+00  9.87E-01  0.029179  0.075736  0.0000000E+00  4.1485692885E-02
391  4.949933071978219E+07    6.984997  4.337837  3.578647  5.8090520E-01  4.0420930E-01  8.8092859E-03  3.8426492E-05  2.2205491E-04  5.8018710E-03  2.4095200E-07  6.6377206E-08  3.5145038E-06  4.7669062E-07  0.000E+00  0.0000  3.578647   -6.591  7.334077  8.496882  0.0000000E+00  2.8919660E-17  2.7703638E-01  0.0000000E+00  0.0000000E+00  7.2205721E-01  0.0000000E+00  0.0000000E+00  8.9461314E-04  1.0183389E-05  0.000E+00  4.115E-09  6.723E-01  9.999E-01  1.000E+00  5.08E+01  0.00E+00  9.87E-01  0.029179  0.075736  0.0000000E+00  4.1485692885E-02
392  4.949933071978219E+07    6.984997  4.337837  3.578647  5.8090520E-01  4.0420930E-01  8.8092859E-03  3.8426492E-05  2.2205491E-04  5.8018710E-03  2.4095200E-07  6.6377206E-08  3.5145038E-06  4.7669062E-07  0.000E+00  0.0000  3.578647   -6.591  7.334077  8.496882  0.0000000E+00  2.8919660E-17  2.7703638E-01  0.0000000E+00  0.0000000E+00  7.2205721E-01  0.0000000E+00  0.0000000E+00  8.9461314E-04  1.0183389E-05  0.000E+00  4.115E-09  6.723E-01  9.999E-01  1.000E+00  5.08E+01  0.00E+00  9.87E-01  0.029179  0.075736  0.0000000E+00  4.1485692885E-02
393  4.949933071978219E+07    6.984997  4.337837  3.578647  5.8090520E-01  4.0420930E-01  8.8092859E-03  3.8426492E-05  2.2205491E-04  5.8018710E-03  2.4095200E-07  6.6377206E-08  3.5145038E-06  4.7669062E-07  0.000E+00  0.0000  3.578647   -6.591  7.334077  8.496882  0.0000000E+00  2.8919660E-17  2.7703638E-01  0.0000000E+00  0.0000000E+00  7.2205721E-01  0.0000000E+00  0.0000000E+00  8.9461314E-04  1.0183389E-05  0.000E+00  4.115E-09  6.723E-01  9.999E-01  1.000E+00  5.08E+01  0.00E+00  9.87E-01  0.029179  0.075736  0.0000000E+00  4.1485692885E-02
394  4.949933071978219E+07    6.984997  4.337837  3.578647  5.8090520E-01  4.0420930E-01  8.8092859E-03  3.8426492E-05  2.2205491E-04  5.8018710E-03  2.4095200E-07  6.6377206E-08  3.5145038E-06  4.7669062E-07  0.000E+00  0.0000  3.578647   -6.591  7.334077  8.496882  0.0000000E+00  2.8919660E-17  2.7703638E-01  0.0000000E+00  0.0000000E+00  7.2205721E-01  0.0000000E+00  0.0000000E+00  8.9461314E-04  1.0183389E-05  0.000E+00  4.115E-09  6.723E-01  9.999E-01  1.000E+00  5.08E+01  0.00E+00  9.87E-01  0.029179  0.075736  0.0000000E+00  4.1485692885E-02
395  4.949933071978219E+07    6.984997  4.337837  3.578647  5.8090520E-01  4.0420930E-01  8.8092859E-03  3.8426492E-05  2.2205491E-04  5.8018710E-03  2.4095200E-07  6.6377206E-08  3.5145038E-06  4.7669062E-07  0.000E+00  0.0000  3.578647   -6.591  7.334077  8.496882  0.0000000E+00  2.8919660E-17  2.7703638E-01  0.0000000E+00  0.0000000E+00  7.2205721E-01  0.0000000E+00  0.0000000E+00  8.9461314E-04  1.0183389E-05  0.000E+00  4.115E-09  6.723E-01  9.999E-01  1.000E+00  5.08E+01  0.00E+00  9.87E-01  0.029179  0.075736  0.0000000E+00  4.1485692885E-02
396  4.949933071978219E+07    6.984997  4.337837  3.578647  5.8090520E-01  4.0420930E-01  8.8092859E-03  3.8426492E-05  2.2205491E-04  5.8018710E-03  2.4095200E-07  6.6377206E-08  3.5145038E-06  4.7669062E-07  0.000E+00  0.0000  3.578647   -6.591  7.334077  8.496882  0.0000000E+00  2.8919660E-17  2.7703638E-01  0.0000000E+00  0.0000000E+00  7.2205721E-01  0.0000000E+00  0.0000000E+00  8.9461314E-04  1.0183389E-05  0.000E+00  4.115E-09  6.723E-01  9.999E-01  1.000E+00  5.08E+01  0.00E+00  9.87E-01  0.029179  0.075736  0.0000000E+00  4.1485692885E-02
397  4.949933071978219E+07    6.984997  4.337837  3.578647  5.8090520E-01  4.0420930E-01  8.8092859E-03  3.8426492E-05  2.2205491E-04  5.8018710E-03  2.4095200E-07  6.6377206E-08  3.5145038E-06  4.7669062E-07  0.000E+00  0.0000  3.578647   -6.591  7.334077  8.496882  0.0000000E+00  2.8919660E-17  2.7703638E-01  0.0000000E+00  0.0000000E+00  7.2205721E-01  0.0000000E+00  0.0000000E+00  8.9461314E-04  1.0183389E-05  0.000E+00  4.115E-09  6.723E-01  9.999E-01  1.000E+00  5.08E+01  0.00E+00  9.87E-01  0.029179  0.075736  0.0000000E+00  4.1485692885E-02
398  4.949933071978219E+07    6.984997  4.337837  3.578647  5.8090520E-01  4.0420930E-01  8.8092859E-03  3.8426492E-05  2.2205491E-04  5.8018710E-03  2.4095200E-07  6.6377206E-08  3.5145038E-06  4.7669062E-07  0.000E+00  0.0000  3.578647   -6.591  7.334077  8.496882  0.0000000E+00  2.8919660E-17  2.7703638E-01  0.0000000E+00  0.0000000E+00  7.2205721E-01  0.0000000E+00  0.0000000E+00  8.9461314E-04  1.0183389E-05  0.000E+00  4.115E-09  6.723E-01  9.999E-01  1.000E+00  5.08E+01  0.00E+00  9.87E-01  0.029179  0.075736  0.0000000E+00  4.1485692885E-02
399  4.949933071978219E+07    6.984997  4.337837  3.578647  5.8090520E-01  4.0420930E-01  8.8092859E-03  3.8426492E-05  2.2205491E-04  5.8018710E-03  2.4095200E-07  6.6377206E-08  3.5145038E-06  4.7669062E-07  0.000E+00  0.0000  3.578647   -6.591  7.334077  8.496882  0.0000000E+00  2.8919660E-17  2.7703638E-01  0.0000000E+00  0.0000000E+00  7.2205721E-01  0.0000000E+00  0.0000000E+00  8.9461314E-04  1.0183389E-05  0.000E+00  4.115E-09  6.723E-01  9.999E-01  1.000E+00  5.08E+01  0.00E+00  9.87E-01  0.029179  0.075736  0.0000000E+00  4.1485692885E-02
400  4.949933071978219E+07    6.984997  4.337837  3.578647  5.8090520E-01  4.0420930E-01  8.8092859E-03  3.8426492E-05  2.2205491E-04  5.8018710E-03  2.4095200E-07  6.6377206E-08  3.5145038E-06  4.7669062E-07  0.000E+00  0.0000  3.578647   -6.591  7.334077  8.496882  0.0000000E+00  2.8919660E-17  2.7703638E-01  0.0000000E+00  0.0000000E+00  7.2205721E-01  0.0000000E+00  0.0000000E+00  8.9461314E-04  1.0183389E-05  0.000E+00  4.115E-09  6.723E-01  9.999E-01  1.000E+00  5.08E+01  0.00E+00  9.87E-01  0.029179  0.075736  0.0000000E+00  4.1485692885E-02
