line                  time        mass     lg(L)  lg(Teff)        1H_surf       4He_surf       12C_surf       13C_surf       14N_surf       16O_surf       17O_surf       18O_surf      20Ne_surf      22Ne_surf  26Al_surf  Mcc/Mt   lg(Teff)  lg(Md)  lg(rhoc)    lg(Tc)         1H_cen        4He_cen        12C_cen        13C_cen        14N_cen        16O_cen        17O_cen        18O_cen       20Ne_cen       22Ne_cen   26Al_cen  Omeg_surf   Omeg_cen     Rp/Req   Md/Md(0)   v_crit1   v_crit2    v_equa  Om/Om_cr  Gamma_Ed  lg(Mdot_mech)             L_tot
   -                    yr        Msun      Lsun        K      mass frac.     mass frac.     mass frac.     mass frac.     mass frac.     mass frac.     mass frac.     mass frac.     mass frac.     mass frac. mass frac.       -          K   Ms/yr     g/cm3         K     mass frac.     mass frac.     mass frac.     mass frac.     mass frac.     mass frac.     mass frac.     mass frac.     mass frac.     mass frac. mass frac.        s-1        s-1          -          -      km/s      km/s      km/s         -         -        Msun/yr     10^53 g cm2/s

  1  8.142987749438145E+04   19.999993  4.634999  4.660123  7.5157740E-01  2.4837130E-01  1.2915521E-06  4.2970802E-09  1.0216519E-07  6.8211449E-06  3.5136664E-10  2.0005896E-09  9.2048308E-07  2.3543589E-08  0.000E+00  0.4894  4.660123  -10.134  1.239672  7.732632  7.4857280E-01  2.5141770E-01  7.8802572E-08  2.1438017E-08  7.3862128E-06  9.3368941E-08  1.6513988E-10  2.8634138E-13  6.2664368E-07  2.4798177E-09  5.960E-09  0.000E+00  0.000E+00  1.000E+00  1.000E+00  8.76E+02  0.00E+00  0.00E+00  0.000000  0.058093  0.0000000E+00  0.0000000000E+00
  2  2.688370133713290E+05   19.999979  4.640178  4.660053  7.5157740E-01  2.4837130E-01  1.2915521E-06  4.2970826E-09  1.0216519E-07  6.8211449E-06  3.5136664E-10  2.0005896E-09  9.2048308E-07  2.3543589E-08  0.000E+00  0.4859  4.660053  -10.122  1.239946  7.733592  7.4002483E-01  2.5996567E-01  7.9019116E-08  2.1495604E-08  7.3842777E-06  9.4363244E-08  1.6750651E-10  2.9079865E-13  3.1798815E-07  1.2136867E-09  3.128E-09  0.000E+00  0.000E+00  1.000E+00  1.000E+00  8.73E+02  0.00E+00  0.00E+00  0.000000  0.058790  0.0000000E+00  0.0000000000E+00
  3  4.524090280635174E+05   19.999965  4.645465  4.659971  7.5157740E-01  2.4837130E-01  1.2915521E-06  4.2970847E-09  1.0216519E-07  6.8211449E-06  3.5136664E-10  2.0005896E-09  9.2048308E-07  2.3543589E-08  0.000E+00  0.4830  4.659971  -10.111  1.240207  7.734643  7.3147686E-01  2.6851363E-01  7.9387435E-08  2.1597976E-08  7.3831834E-06  9.4123063E-08  1.6533492E-10  2.8930346E-13  1.6431579E-07  6.3967555E-10  2.795E-09  0.000E+00  0.000E+00  1.000E+00  1.000E+00  8.70E+02  0.00E+00  0.00E+00  0.000000  0.059510  0.0000000E+00  0.0000000000E+00
  4  6.317776024355353E+05   19.999951  4.650656  4.659902  7.5157740E-01  2.4837130E-01  1.2915521E-06  4.2970866E-09  1.0216519E-07  6.8211449E-06  3.5136664E-10  2.0005896E-09  9.2048308E-07  2.3543589E-08  0.000E+00  0.4802  4.659902  -10.099  1.240378  7.735900  7.2292889E-01  2.7706159E-01  7.9636297E-08  2.1667575E-08  7.3822829E-06  9.3843985E-08  1.6381020E-10  2.8774343E-13  8.3774388E-08  3.3324312E-10  3.054E-09  0.000E+00  0.000E+00  1.000E+00  1.000E+00  8.67E+02  0.00E+00  0.00E+00  0.000000  0.060226  0.0000000E+00  0.0000000000E+00
  5  8.067350303122783E+05   19.999937  4.655791  4.659806  7.5157740E-01  2.4837130E-01  1.2915521E-06  4.2970884E-09  1.0216519E-07  6.8211449E-06  3.5136664E-10  2.0005896E-09  9.2048308E-07  2.3543589E-08  0.000E+00  0.4766  4.659806  -10.088  1.240728  7.736992  7.1438092E-01  2.8560953E-01  8.0073905E-08  2.1789837E-08  7.3813751E-06  9.3247261E-08  1.6038138E-10  2.8454725E-13  4.1958248E-08  1.7360880E-10  3.402E-09  0.000E+00  0.000E+00  1.000E+00  1.000E+00  8.65E+02  0.00E+00  0.00E+00  0.000000  0.060942  0.0000000E+00  0.0000000000E+00
  6  9.778521926378818E+05   19.999923  4.661003  4.659697  7.5157740E-01  2.4837130E-01  1.2915521E-06  4.2970900E-09  1.0216519E-07  6.8211449E-06  3.5136664E-10  2.0005896E-09  9.2048308E-07  2.3543589E-08  0.000E+00  0.4738  4.659697  -10.077  1.241218  7.738058  7.0583295E-01  2.9415745E-01  8.0449474E-08  2.1894307E-08  7.3802343E-06  9.3000782E-08  1.5831230E-10  2.8297774E-13  2.0692207E-08  8.7388346E-11  3.714E-09  0.000E+00  0.000E+00  1.000E+00  1.000E+00  8.62E+02  0.00E+00  0.00E+00  0.000000  0.061678  0.0000000E+00  0.0000000000E+00
  7  1.145058748756791E+06   19.999909  4.666095  4.659551  7.5157740E-01  2.4837130E-01  1.2915521E-06  4.2970915E-09  1.0216519E-07  6.8211449E-06  3.5136664E-10  2.0005896E-09  9.2048308E-07  2.3543589E-08  0.000E+00  0.4710  4.659551  -10.065  1.241705  7.739110  6.9728497E-01  3.0270550E-01  8.0720813E-08  2.1970035E-08  7.3792223E-06  9.2760193E-08  1.5684892E-10  2.8155243E-13  1.0076206E-08  4.3396693E-11  3.982E-09  0.000E+00  0.000E+00  1.000E+00  1.000E+00  8.59E+02  0.00E+00  0.00E+00  0.000000  0.062405  0.0000000E+00  0.0000000000E+00
  8  1.308259128133992E+06   19.999894  4.671119  4.659414  7.5157740E-01  2.4837130E-01  1.2915521E-06  4.2970929E-09  1.0216519E-07  6.8211449E-06  3.5136664E-10  2.0005896E-09  9.2048308E-07  2.3543589E-08  0.000E+00  0.4675  4.659414  -10.054  1.242219  7.740213  6.8873700E-01  3.1125346E-01  8.1101593E-08  2.2076038E-08  7.3780429E-06  9.2506870E-08  1.5481308E-10  2.7990009E-13  4.8439914E-09  2.1310226E-11  4.231E-09  0.000E+00  0.000E+00  1.000E+00  1.000E+00  8.56E+02  0.00E+00  0.00E+00  0.000000  0.063132  0.0000000E+00  0.0000000000E+00
  9  1.467673405592180E+06   19.999880  4.676220  4.659256  7.5157740E-01  2.4837130E-01  1.2915521E-06  4.2970941E-09  1.0216519E-07  6.8211449E-06  3.5136664E-10  2.0005896E-09  9.2048308E-07  2.3543589E-08  0.000E+00  0.4647  4.659256  -10.043  1.242852  7.741280  6.8018903E-01  3.1980137E-01  8.1495653E-08  2.2185724E-08  7.3768204E-06  9.2256816E-08  1.5274747E-10  2.7821754E-13  2.2977729E-09  1.0323451E-11  4.475E-09  0.000E+00  0.000E+00  1.000E+00  1.000E+00  8.53E+02  0.00E+00  0.00E+00  0.000000  0.063878  0.0000000E+00  0.0000000000E+00
 10  1.623516277285882E+06   19.999866  4.681277  4.659063  7.5157740E-01  2.4837130E-01  1.2915521E-06  4.2970952E-09  1.0216519E-07  6.8211449E-06  3.5136664E-10  2.0005896E-09  9.2048308E-07  2.3543589E-08  0.000E+00  0.4618  4.659063  -10.032  1.243441  7.742324  6.7164106E-01  3.2834934E-01  8.1832068E-08  2.2280091E-08  7.3759553E-06  9.1673897E-08  1.5022934E-10  2.7525975E-13  1.0754406E-09  5.0251154E-12  4.719E-09  0.000E+00  0.000E+00  1.000E+00  1.000E+00  8.51E+02  0.00E+00  0.00E+00  0.000000  0.064626  0.0000000E+00  0.0000000000E+00
 11  1.775870706010284E+06   19.999852  4.686147  4.658826  7.5157740E-01  2.4837130E-01  1.2915521E-06  4.2970962E-09  1.0216519E-07  6.8211449E-06  3.5136664E-10  2.0005896E-09  9.2048308E-07  2.3543589E-08  0.000E+00  0.4585  4.658826  -10.021  1.243925  7.743329  6.6309309E-01  3.3689731E-01  8.2117934E-08  2.2359892E-08  7.3748593E-06  9.1430316E-08  1.4879057E-10  2.7377407E-13  4.9263929E-10  2.3471847E-12  4.981E-09  0.000E+00  0.000E+00  1.000E+00  1.000E+00  8.48E+02  0.00E+00  0.00E+00  0.000000  0.065355  0.0000000E+00  0.0000000000E+00
 12  1.924930783842174E+06   19.999837  4.691146  4.658591  7.5157740E-01  2.4837130E-01  1.2915521E-06  4.2970971E-09  1.0216519E-07  6.8211449E-06  3.5136664E-10  2.0005896E-09  9.2048308E-07  2.3543589E-08  0.000E+00  0.4557  4.658591  -10.010  1.244559  7.744368  6.5454512E-01  3.4544528E-01  8.2521089E-08  2.2472151E-08  7.3735762E-06  9.1182436E-08  1.4680232E-10  2.7206519E-13  2.2270176E-10  1.0835748E-12  5.234E-09  0.000E+00  0.000E+00  1.000E+00  1.000E+00  8.45E+02  0.00E+00  0.00E+00  0.000000  0.066111  0.0000000E+00  0.0000000000E+00
 13  2.070915360368379E+06   19.999823  4.696109  4.658318  7.5157740E-01  2.4837130E-01  1.2915521E-06  4.2970979E-09  1.0216519E-07  6.8211449E-06  3.5136664E-10  2.0005896E-09  9.2048308E-07  2.3543589E-08  0.000E+00  0.4529  4.658318   -9.999  1.245160  7.745360  6.4599715E-01  3.5399333E-01  8.2822356E-08  2.2556241E-08  7.3724150E-06  9.0943001E-08  1.4534515E-10  2.7055850E-13  9.9541185E-11  4.9400686E-13  5.490E-09  0.000E+00  0.000E+00  1.000E+00  1.000E+00  8.42E+02  0.00E+00  0.00E+00  0.000000  0.066871  0.0000000E+00  0.0000000000E+00
 14  2.213834382232240E+06   19.999808  4.700879  4.658016  7.5157740E-01  2.4837130E-01  1.2915521E-06  4.2970987E-09  1.0216519E-07  6.8211449E-06  3.5136664E-10  2.0005896E-09  9.2048308E-07  2.3543589E-08  0.000E+00  0.4497  4.658016   -9.989  1.245658  7.746338  6.3744918E-01  3.6254122E-01  8.3105844E-08  2.2635422E-08  7.3712585E-06  9.0706677E-08  1.4399992E-10  2.6907749E-13  4.4096038E-11  2.2318410E-13  5.748E-09  0.000E+00  0.000E+00  1.000E+00  1.000E+00  8.39E+02  0.00E+00  0.00E+00  0.000000  0.067610  0.0000000E+00  0.0000000000E+00
 15  2.353963656837832E+06   19.999794  4.705789  4.657693  7.5157740E-01  2.4837130E-01  1.2915521E-06  4.2970994E-09  1.0216519E-07  6.8211449E-06  3.5136664E-10  2.0005896E-09  9.2048308E-07  2.3543589E-08  0.000E+00  0.4468  4.657693   -9.978  1.246303  7.747323  6.2890121E-01  3.7108919E-01  8.3500793E-08  2.2745499E-08  7.3699264E-06  9.0463164E-08  1.4213802E-10  2.6736088E-13  1.9454239E-11  1.0055448E-13  6.014E-09  0.000E+00  0.000E+00  1.000E+00  1.000E+00  8.36E+02  0.00E+00  0.00E+00  0.000000  0.068378  0.0000000E+00  0.0000000000E+00
 16  2.491445761909009E+06   19.999779  4.710667  4.657345  7.5157740E-01  2.4837130E-01  1.2915521E-06  4.2971000E-09  1.0216519E-07  6.8211449E-06  3.5136664E-10  2.0005896E-09  9.2048308E-07  2.3543589E-08  0.000E+00  0.4441  4.657345   -9.967  1.246959  7.748296  6.2035324E-01  3.7963716E-01  8.3799331E-08  2.2828877E-08  7.3687104E-06  9.0225906E-08  1.4077048E-10  2.6584152E-13  8.6420367E-12  4.5615464E-14  6.289E-09  0.000E+00  0.000E+00  1.000E+00  1.000E+00  8.33E+02  0.00E+00  0.00E+00  0.000000  0.069151  0.0000000E+00  0.0000000000E+00
 17  2.626127293577668E+06   19.999764  4.715321  4.656974  7.5157740E-01  2.4837130E-01  1.2915521E-06  4.2971005E-09  1.0216519E-07  6.8211449E-06  3.5136664E-10  2.0005896E-09  9.2048308E-07  2.3543589E-08  0.000E+00  0.4409  4.656974   -9.956  1.247475  7.749270  6.1180526E-01  3.8818521E-01  8.4092621E-08  2.2911307E-08  7.3677862E-06  8.9652386E-08  1.3879134E-10  2.6306962E-13  3.9278684E-12  2.1609574E-14  6.611E-09  0.000E+00  0.000E+00  1.000E+00  1.000E+00  8.30E+02  0.00E+00  0.00E+00  0.000000  0.069897  0.0000000E+00  0.0000000000E+00
 18  2.758333251822582E+06   19.999750  4.720157  4.656584  7.5157740E-01  2.4837130E-01  1.2915521E-06  4.2971010E-09  1.0216519E-07  6.8211449E-06  3.5136664E-10  2.0005896E-09  9.2048308E-07  2.3543589E-08  0.000E+00  0.4381  4.656584   -9.946  1.248208  7.750238  6.0325729E-01  3.9673312E-01  8.4473580E-08  2.3017554E-08  7.3664254E-06  8.9412999E-08  1.3711450E-10  2.6138212E-13  1.9179686E-12  1.0831483E-14  6.926E-09  0.000E+00  0.000E+00  1.000E+00  1.000E+00  8.27E+02  0.00E+00  0.00E+00  0.000000  0.070678  0.0000000E+00  0.0000000000E+00
 19  2.888093494803550E+06   19.999734  4.724953  4.656160  7.5157740E-01  2.4837130E-01  1.2915521E-06  4.2971014E-09  1.0216519E-07  6.8211449E-06  3.5136664E-10  2.0005896E-09  9.2048308E-07  2.3543589E-08  0.000E+00  0.4353  4.656160   -9.935  1.248960  7.751202  5.9470932E-01  4.0528108E-01  8.4765018E-08  2.3098990E-08  7.3651704E-06  8.9179917E-08  1.3587116E-10  2.5988489E-13  1.0773164E-12  6.2613637E-15  7.239E-09  0.000E+00  0.000E+00  1.000E+00  1.000E+00  8.24E+02  0.00E+00  0.00E+00  0.000000  0.071464  0.0000000E+00  0.0000000000E+00
 20  3.015498032595417E+06   19.999719  4.729583  4.655707  7.5157740E-01  2.4837130E-01  1.2915521E-06  4.2971018E-09  1.0216519E-07  6.8211449E-06  3.5136664E-10  2.0005896E-09  9.2048308E-07  2.3543589E-08  0.000E+00  0.4321  4.655707   -9.925  1.249638  7.752107  5.8616135E-01  4.1382905E-01  8.5090286E-08  2.3189817E-08  7.3638448E-06  8.8948690E-08  1.3450452E-10  2.5832490E-13  7.2868842E-13  4.3627863E-15  7.556E-09  0.000E+00  0.000E+00  1.000E+00  1.000E+00  8.21E+02  0.00E+00  0.00E+00  0.000000  0.072230  0.0000000E+00  0.0000000000E+00
 21  3.140543905931896E+06   19.999704  4.734300  4.655245  7.5157740E-01  2.4837130E-01  1.2915521E-06  4.2971021E-09  1.0216519E-07  6.8211449E-06  3.5136664E-10  2.0005896E-09  9.2048308E-07  2.3543589E-08  0.000E+00  0.4293  4.655245   -9.914  1.250452  7.753075  5.7761338E-01  4.2237704E-01  8.5389195E-08  2.3273382E-08  7.3625428E-06  8.8711706E-08  1.3327407E-10  2.5678003E-13  5.8434559E-13  3.5983611E-15  7.890E-09  0.000E+00  0.000E+00  1.000E+00  1.000E+00  8.18E+02  0.00E+00  0.00E+00  0.000000  0.073019  0.0000000E+00  0.0000000000E+00
 22  3.263373538993274E+06   19.999689  4.739012  4.654765  7.5157740E-01  2.4837130E-01  1.2915521E-06  4.2971024E-09  1.0216519E-07  6.8211449E-06  3.5136664E-10  2.0005896E-09  9.2048308E-07  2.3543589E-08  0.000E+00  0.4266  4.654765   -9.904  1.251311  7.754046  5.6906541E-01  4.3092507E-01  8.5742642E-08  2.3372096E-08  7.3611414E-06  8.8473332E-08  1.3184284E-10  2.5511893E-13  5.2376816E-13  3.3079616E-15  8.237E-09  0.000E+00  0.000E+00  1.000E+00  1.000E+00  8.15E+02  0.00E+00  0.00E+00  0.000000  0.073815  0.0000000E+00  0.0000000000E+00
 23  3.384019450926820E+06   19.999674  4.743705  4.654254  7.5157740E-01  2.4837130E-01  1.2915521E-06  4.2971027E-09  1.0216519E-07  6.8211449E-06  3.5136664E-10  2.0005896E-09  9.2048308E-07  2.3543589E-08  0.000E+00  0.4239  4.654254   -9.894  1.252215  7.755021  5.6051744E-01  4.3947296E-01  8.6033816E-08  2.3453513E-08  7.3598065E-06  8.8238958E-08  1.3070156E-10  2.5359802E-13  4.9711072E-13  3.2115937E-15  8.597E-09  0.000E+00  0.000E+00  1.000E+00  1.000E+00  8.12E+02  0.00E+00  0.00E+00  0.000000  0.074617  0.0000000E+00  0.0000000000E+00
 24  3.502403410869937E+06   19.999659  4.748243  4.653715  7.5157740E-01  2.4837130E-01  1.2915521E-06  4.2971029E-09  1.0216519E-07  6.8211449E-06  3.5136664E-10  2.0005896E-09  9.2048308E-07  2.3543589E-08  0.000E+00  0.4212  4.653715   -9.884  1.253080  7.756000  5.5196947E-01  4.4802093E-01  8.6422157E-08  2.3562332E-08  7.3586073E-06  8.7672405E-08  1.2862919E-10  2.5071417E-13  4.8366837E-13  3.2424370E-15  9.025E-09  0.000E+00  0.000E+00  1.000E+00  1.000E+00  8.08E+02  0.00E+00  0.00E+00  0.000000  0.075401  0.0000000E+00  0.0000000000E+00
 25  3.618613764602995E+06   19.999644  4.752869  4.653168  7.5157740E-01  2.4837130E-01  1.2915521E-06  4.2971031E-09  1.0216519E-07  6.8211449E-06  3.5136664E-10  2.0005896E-09  9.2048308E-07  2.3543589E-08  0.000E+00  0.4181  4.653168   -9.873  1.254014  7.756980  5.4342150E-01  4.5656890E-01  8.6678618E-08  2.3634132E-08  7.3572932E-06  8.7437977E-08  1.2768688E-10  2.4926798E-13  4.7546257E-13  3.2554556E-15  9.445E-09  0.000E+00  0.000E+00  1.000E+00  1.000E+00  8.05E+02  0.00E+00  0.00E+00  0.000000  0.076209  0.0000000E+00  0.0000000000E+00
 26  3.732810668787472E+06   19.999628  4.757498  4.652594  7.5157740E-01  2.4837130E-01  1.2915521E-06  4.2971033E-09  1.0216519E-07  6.8211449E-06  3.5136664E-10  2.0005896E-09  9.2048308E-07  2.3543589E-08  0.000E+00  0.4154  4.652594   -9.863  1.255050  7.757965  5.3487353E-01  4.6511687E-01  8.7007507E-08  2.3726075E-08  7.3558538E-06  8.7199630E-08  1.2648597E-10  2.4765085E-13  4.6971149E-13  3.2860564E-15  9.862E-09  0.000E+00  0.000E+00  1.000E+00  1.000E+00  8.02E+02  0.00E+00  0.00E+00  0.000000  0.077025  0.0000000E+00  0.0000000000E+00
 27  3.844991918013119E+06   19.999612  4.762062  4.651990  7.5157740E-01  2.4837130E-01  1.2915521E-06  4.2971035E-09  1.0216519E-07  6.8211449E-06  3.5136664E-10  2.0005896E-09  9.2048308E-07  2.3543589E-08  0.000E+00  0.4126  4.651990   -9.853  1.256110  7.758953  5.2632556E-01  4.7366484E-01  8.7330596E-08  2.3816417E-08  7.3543994E-06  8.6962224E-08  1.2533528E-10  2.4604621E-13  4.6492513E-13  3.3229365E-15  1.029E-08  0.000E+00  0.000E+00  1.000E+00  1.000E+00  7.99E+02  0.00E+00  0.00E+00  0.000000  0.077839  0.0000000E+00  0.0000000000E+00
 28  3.955089390596870E+06   19.999597  4.766514  4.651367  7.5157740E-01  2.4837130E-01  1.2915521E-06  4.2971036E-09  1.0216519E-07  6.8211449E-06  3.5136664E-10  2.0005896E-09  9.2048308E-07  2.3543589E-08  0.000E+00  0.4096  4.651367   -9.843  1.257124  7.759943  5.1777758E-01  4.8221282E-01  8.7593252E-08  2.3889956E-08  7.3530090E-06  8.6726379E-08  1.2443242E-10  2.4457535E-13  4.6052253E-13  3.3614429E-15  1.073E-08  0.000E+00  0.000E+00  1.000E+00  1.000E+00  7.96E+02  0.00E+00  0.00E+00  0.000000  0.078641  0.0000000E+00  0.0000000000E+00
 29  4.063336796427956E+06   19.999581  4.771067  4.650717  7.5157740E-01  2.4837130E-01  1.2915521E-06  4.2971037E-09  1.0216519E-07  6.8211449E-06  3.5136664E-10  2.0005896E-09  9.2048308E-07  2.3543589E-08  0.000E+00  0.4070  4.650717   -9.833  1.258291  7.760941  5.0922961E-01  4.9076079E-01  8.7951934E-08  2.3990234E-08  7.3514596E-06  8.6483951E-08  1.2320475E-10  2.4286477E-13  4.5629279E-13  3.4046127E-15  1.119E-08  0.000E+00  0.000E+00  1.000E+00  1.000E+00  7.92E+02  0.00E+00  0.00E+00  0.000000  0.079470  0.0000000E+00  0.0000000000E+00
 30  4.169728486867616E+06   19.999565  4.775588  4.650046  7.5157740E-01  2.4837130E-01  1.2915521E-06  4.2971038E-09  1.0216519E-07  6.8211449E-06  3.5136664E-10  2.0005896E-09  9.2048308E-07  2.3543589E-08  0.000E+00  0.4042  4.650046   -9.823  1.259493  7.761945  5.0068164E-01  4.9930876E-01  8.8255733E-08  2.4075589E-08  7.3501188E-06  8.6066836E-08  1.2191748E-10  2.4067200E-13  4.5219426E-13  3.4835581E-15  1.166E-08  0.000E+00  0.000E+00  1.000E+00  1.000E+00  7.89E+02  0.00E+00  0.00E+00  0.000000  0.080302  0.0000000E+00  0.0000000000E+00
 31  4.274165142009054E+06   19.999550  4.779934  4.649361  7.5157740E-01  2.4837130E-01  1.2915521E-06  4.2971039E-09  1.0216519E-07  6.8211449E-06  3.5136664E-10  2.0005896E-09  9.2048308E-07  2.3543589E-08  0.000E+00  0.4013  4.649361   -9.813  1.260624  7.762947  4.9213367E-01  5.0785679E-01  8.8520755E-08  2.4149797E-08  7.3487899E-06  8.5688040E-08  1.2085575E-10  2.3875647E-13  4.4751939E-13  3.5376016E-15  1.224E-08  0.000E+00  0.000E+00  1.000E+00  1.000E+00  7.86E+02  0.00E+00  0.00E+00  0.000000  0.081110  0.0000000E+00  0.0000000000E+00
 32  4.376819305888196E+06   19.999533  4.784422  4.648634  7.5157740E-01  2.4837130E-01  1.2915521E-06  4.2971040E-09  1.0216519E-07  6.8211449E-06  3.5136664E-10  2.0005896E-09  9.2048308E-07  2.3543589E-08  0.000E+00  0.3987  4.648634   -9.803  1.261932  7.763960  4.8358570E-01  5.1640470E-01  8.8899032E-08  2.4255575E-08  7.3471529E-06  8.5442590E-08  1.1966232E-10  2.3699177E-13  4.4316823E-13  3.5831633E-15  1.277E-08  0.000E+00  0.000E+00  1.000E+00  1.000E+00  7.83E+02  0.00E+00  0.00E+00  0.000000  0.081952  0.0000000E+00  0.0000000000E+00
 33  4.477754590749309E+06   19.999517  4.788879  4.647886  7.5157740E-01  2.4837130E-01  1.2915521E-06  4.2971041E-09  1.0216519E-07  6.8211449E-06  3.5136664E-10  2.0005896E-09  9.2048308E-07  2.3543589E-08  0.000E+00  0.3960  4.647886   -9.794  1.263284  7.764984  4.7503773E-01  5.2495267E-01  8.9183199E-08  2.4335143E-08  7.3456232E-06  8.5201861E-08  1.1880098E-10  2.3546257E-13  4.3907958E-13  3.6287151E-15  1.330E-08  0.000E+00  0.000E+00  1.000E+00  1.000E+00  7.79E+02  0.00E+00  0.00E+00  0.000000  0.082798  0.0000000E+00  0.0000000000E+00
 34  4.576849525722299E+06   19.999501  4.793169  4.647126  7.5157740E-01  2.4837130E-01  1.2915521E-06  4.2971041E-09  1.0216519E-07  6.8211449E-06  3.5136664E-10  2.0005896E-09  9.2048308E-07  2.3543589E-08  0.000E+00  0.3930  4.647126   -9.784  1.264552  7.766007  4.6648976E-01  5.3350064E-01  8.9453154E-08  2.4410752E-08  7.3440878E-06  8.4961405E-08  1.1800781E-10  2.3395773E-13  4.3510571E-13  3.6754106E-15  1.384E-08  0.000E+00  0.000E+00  1.000E+00  1.000E+00  7.76E+02  0.00E+00  0.00E+00  0.000000  0.083619  0.0000000E+00  0.0000000000E+00
 35  4.674293082214272E+06   19.999485  4.797621  4.646330  7.5157740E-01  2.4837130E-01  1.2915521E-06  4.2971042E-09  1.0216519E-07  6.8211449E-06  3.5136664E-10  2.0005896E-09  9.2048308E-07  2.3543589E-08  0.000E+00  0.3905  4.646330   -9.774  1.266010  7.767044  4.5794179E-01  5.4204861E-01  8.9836130E-08  2.4517895E-08  7.3423679E-06  8.4710775E-08  1.1688815E-10  2.3215736E-13  4.3118617E-13  3.7276016E-15  1.439E-08  0.000E+00  0.000E+00  1.000E+00  1.000E+00  7.72E+02  0.00E+00  0.00E+00  0.000000  0.084481  0.0000000E+00  0.0000000000E+00
 36  4.770127030841667E+06   19.999469  4.802020  4.645510  7.5157740E-01  2.4837130E-01  1.2915521E-06  4.2971042E-09  1.0216519E-07  6.8211449E-06  3.5136664E-10  2.0005896E-09  9.2048308E-07  2.3543589E-08  0.000E+00  0.3879  4.645510   -9.765  1.267506  7.768091  4.4939382E-01  5.5059658E-01  9.0124795E-08  2.4598747E-08  7.3407535E-06  8.4464534E-08  1.1607958E-10  2.3059706E-13  4.2731814E-13  3.7783316E-15  1.495E-08  0.000E+00  0.000E+00  1.000E+00  1.000E+00  7.69E+02  0.00E+00  0.00E+00  0.000000  0.085341  0.0000000E+00  0.0000000000E+00
 37  4.864181026900699E+06   19.999452  4.806233  4.644672  7.5157740E-01  2.4837130E-01  1.2915521E-06  4.2971043E-09  1.0216519E-07  6.8211449E-06  3.5136664E-10  2.0005896E-09  9.2048308E-07  2.3543589E-08  0.000E+00  0.3849  4.644672   -9.755  1.268889  7.769154  4.4084585E-01  5.5914455E-01  9.0405611E-08  2.4677687E-08  7.3394035E-06  8.3909232E-08  1.1486722E-10  2.2806370E-13  4.2297206E-13  3.8830474E-15  1.565E-08  0.000E+00  0.000E+00  1.000E+00  1.000E+00  7.66E+02  0.00E+00  0.00E+00  0.000000  0.086173  0.0000000E+00  0.0000000000E+00
 38  4.956676101147412E+06   19.999436  4.810632  4.643798  7.5157740E-01  2.4837130E-01  1.2915521E-06  4.2971043E-09  1.0216519E-07  6.8211449E-06  3.5136664E-10  2.0005896E-09  9.2048308E-07  2.3543589E-08  0.000E+00  0.3825  4.643798   -9.746  1.270489  7.770218  4.3229787E-01  5.6769253E-01  9.0782695E-08  2.4783226E-08  7.3376222E-06  8.3654545E-08  1.1386503E-10  2.2626587E-13  4.1878405E-13  3.9372924E-15  1.628E-08  0.000E+00  0.000E+00  1.000E+00  1.000E+00  7.62E+02  0.00E+00  0.00E+00  0.000000  0.087051  0.0000000E+00  0.0000000000E+00
 39  5.047633594252683E+06   19.999420  4.814960  4.642892  7.5157740E-01  2.4837130E-01  1.2915521E-06  4.2971044E-09  1.0216519E-07  6.8211449E-06  3.5136664E-10  2.0005896E-09  9.2048308E-07  2.3543589E-08  0.000E+00  0.3799  4.642892   -9.736  1.272136  7.771257  4.2374990E-01  5.7624050E-01  9.1089714E-08  2.4869218E-08  7.3359085E-06  8.3405289E-08  1.1307580E-10  2.2465594E-13  4.1491813E-13  3.9922333E-15  1.689E-08  0.000E+00  0.000E+00  1.000E+00  1.000E+00  7.59E+02  0.00E+00  0.00E+00  0.000000  0.087923  0.0000000E+00  0.0000000000E+00
 40  5.137056622879377E+06   19.999403  4.819123  4.641987  7.5157740E-01  2.4837130E-01  1.2915521E-06  4.2971044E-09  1.0216519E-07  6.8211449E-06  3.5136664E-10  2.0005896E-09  9.2048308E-07  2.3543589E-08  0.000E+00  0.3770  4.641987   -9.727  1.273719  7.772332  4.1520193E-01  5.8478847E-01  9.1361913E-08  2.4945481E-08  7.3342150E-06  8.3156373E-08  1.1240679E-10  2.2311915E-13  4.1115946E-13  4.0486865E-15  1.749E-08  0.000E+00  0.000E+00  1.000E+00  1.000E+00  7.55E+02  0.00E+00  0.00E+00  0.000000  0.088770  0.0000000E+00  0.0000000000E+00
 41  5.224964534113748E+06   19.999386  4.823436  4.641029  7.5157740E-01  2.4837130E-01  1.2915521E-06  4.2971044E-09  1.0216519E-07  6.8211449E-06  3.5136664E-10  2.0005896E-09  9.2048308E-07  2.3543589E-08  0.000E+00  0.3744  4.641029   -9.718  1.275496  7.773424  4.0665396E-01  5.9333639E-01  9.1734002E-08  2.5049666E-08  7.3323508E-06  8.2897064E-08  1.1150211E-10  2.2131462E-13  4.0743874E-13  4.1110626E-15  1.811E-08  0.000E+00  0.000E+00  1.000E+00  1.000E+00  7.52E+02  0.00E+00  0.00E+00  0.000000  0.089656  0.0000000E+00  0.0000000000E+00
 42  5.311262211801623E+06   19.999369  4.827651  4.640048  7.5157740E-01  2.4837130E-01  1.2915521E-06  4.2971044E-09  1.0216519E-07  6.8211449E-06  3.5136664E-10  2.0005896E-09  9.2048308E-07  2.3543589E-08  0.000E+00  0.3717  4.640048   -9.709  1.277285  7.774523  3.9810599E-01  6.0188441E-01  9.2021246E-08  2.5130153E-08  7.3305755E-06  8.2642006E-08  1.1082823E-10  2.1973235E-13  4.0376075E-13  4.1722406E-15  1.872E-08  0.000E+00  0.000E+00  1.000E+00  1.000E+00  7.48E+02  0.00E+00  0.00E+00  0.000000  0.090530  0.0000000E+00  0.0000000000E+00
 43  5.396099554578621E+06   19.999353  4.831880  4.639044  7.5157740E-01  2.4837130E-01  1.2915521E-06  4.2971045E-09  1.0216519E-07  6.8211449E-06  3.5136664E-10  2.0005896E-09  9.2048308E-07  2.3543589E-08  0.000E+00  0.3691  4.639044   -9.700  1.279129  7.775633  3.8955802E-01  6.1043238E-01  9.2358029E-08  2.5224722E-08  7.3289665E-06  8.2083279E-08  1.0964804E-10  2.1708615E-13  3.9971347E-13  4.2978041E-15  1.946E-08  0.000E+00  0.000E+00  1.000E+00  1.000E+00  7.45E+02  0.00E+00  0.00E+00  0.000000  0.091416  0.0000000E+00  0.0000000000E+00
 44  5.479475786811092E+06   19.999336  4.836050  4.638013  7.5157740E-01  2.4837130E-01  1.2915521E-06  4.2971045E-09  1.0216519E-07  6.8211449E-06  3.5136664E-10  2.0005896E-09  9.2048308E-07  2.3543589E-08  0.000E+00  0.3664  4.638013   -9.691  1.281042  7.776755  3.8101005E-01  6.1898035E-01  9.2688186E-08  2.5317203E-08  7.3270779E-06  8.1822835E-08  1.0892613E-10  2.1538261E-13  3.9563244E-13  4.3608388E-15  2.014E-08  0.000E+00  0.000E+00  1.000E+00  1.000E+00  7.41E+02  0.00E+00  0.00E+00  0.000000  0.092298  0.0000000E+00  0.0000000000E+00
 45  5.561425376086893E+06   19.999319  4.840170  4.636955  7.5157740E-01  2.4837130E-01  1.2915521E-06  4.2971045E-09  1.0216519E-07  6.8211449E-06  3.5136664E-10  2.0005896E-09  9.2048308E-07  2.3543589E-08  0.000E+00  0.3637  4.636955   -9.682  1.283017  7.777886  3.7246208E-01  6.2752832E-01  9.3020274E-08  2.5410247E-08  7.3251529E-06  8.1559615E-08  1.0822149E-10  2.1367069E-13  3.9191397E-13  4.4295348E-15  2.075E-08  0.000E+00  0.000E+00  1.000E+00  1.000E+00  7.38E+02  0.00E+00  0.00E+00  0.000000  0.093178  0.0000000E+00  0.0000000000E+00
 46  5.641979507721034E+06   19.999302  4.844334  4.635857  7.5157740E-01  2.4837130E-01  1.2915521E-06  4.2971045E-09  1.0216519E-07  6.8211449E-06  3.5136664E-10  2.0005896E-09  9.2048308E-07  2.3543589E-08  0.000E+00  0.3610  4.635857   -9.673  1.285063  7.779034  3.6391411E-01  6.3607623E-01  9.3357138E-08  2.5504614E-08  7.3231849E-06  8.1294648E-08  1.0753597E-10  2.1193133E-13  3.8830498E-13  4.5016553E-15  2.133E-08  0.000E+00  0.000E+00  1.000E+00  1.000E+00  7.34E+02  0.00E+00  0.00E+00  0.000000  0.094076  0.0000000E+00  0.0000000000E+00
 47  5.721140028120752E+06   19.999285  4.848432  4.634744  7.5157740E-01  2.4837130E-01  1.2915521E-06  4.2971045E-09  1.0216519E-07  6.8211449E-06  3.5136664E-10  2.0005896E-09  9.2048308E-07  2.3543589E-08  0.000E+00  0.3579  4.634744   -9.664  1.287130  7.780195  3.5536614E-01  6.4462423E-01  9.3699189E-08  2.5600443E-08  7.3211728E-06  8.1027583E-08  1.0686345E-10  2.1017702E-13  3.8474690E-13  4.5761504E-15  2.188E-08  0.000E+00  0.000E+00  1.000E+00  1.000E+00  7.30E+02  0.00E+00  0.00E+00  0.000000  0.094967  0.0000000E+00  0.0000000000E+00
 48  5.798922387134108E+06   19.999268  4.852523  4.633593  7.5157740E-01  2.4837130E-01  1.2915521E-06  4.2971045E-09  1.0216519E-07  6.8211449E-06  3.5136664E-10  2.0005896E-09  9.2048308E-07  2.3543589E-08  0.000E+00  0.3556  4.633593   -9.655  1.289351  7.781374  3.4681817E-01  6.5317218E-01  9.3997104E-08  2.5683950E-08  7.3191888E-06  8.0757235E-08  1.0629038E-10  2.0852556E-13  3.8123333E-13  4.6532196E-15  2.238E-08  0.000E+00  0.000E+00  1.000E+00  1.000E+00  7.27E+02  0.00E+00  0.00E+00  0.000000  0.095866  0.0000000E+00  0.0000000000E+00
 49  5.875392194551507E+06   19.999251  4.856577  4.632422  7.5157740E-01  2.4837130E-01  1.2915521E-06  4.2971046E-09  1.0216519E-07  6.8211449E-06  3.5136664E-10  2.0005896E-09  9.2048308E-07  2.3543589E-08  0.000E+00  0.3528  4.632422   -9.647  1.291596  7.782563  3.3827019E-01  6.6172011E-01  9.4287062E-08  2.5765201E-08  7.3171751E-06  8.0487057E-08  1.0575198E-10  2.0688422E-13  3.7776020E-13  4.7320142E-15  2.283E-08  0.000E+00  0.000E+00  1.000E+00  1.000E+00  7.23E+02  0.00E+00  0.00E+00  0.000000  0.096765  0.0000000E+00  0.0000000000E+00
 50  5.950571954731387E+06   19.999234  4.860648  4.631213  7.5157740E-01  2.4837130E-01  1.2915521E-06  4.2971046E-09  1.0216519E-07  6.8211449E-06  3.5136664E-10  2.0005896E-09  9.2048308E-07  2.3543589E-08  0.000E+00  0.3501  4.631213   -9.638  1.293982  7.783774  3.2972222E-01  6.7026810E-01  9.4634471E-08  2.5862573E-08  7.3150415E-06  8.0208474E-08  1.0512752E-10  2.0507861E-13  3.7432178E-13  4.8165370E-15  2.320E-08  0.000E+00  0.000E+00  1.000E+00  1.000E+00  7.19E+02  0.00E+00  0.00E+00  0.000000  0.097677  0.0000000E+00  0.0000000000E+00
 51  6.024456367819395E+06   19.999217  4.864697  4.629962  7.5157730E-01  2.4837130E-01  1.2915521E-06  4.2971046E-09  1.0216519E-07  6.8211449E-06  3.5136664E-10  2.0005896E-09  9.2048308E-07  2.3543589E-08  0.000E+00  0.3475  4.629962   -9.630  1.296461  7.785006  3.2117425E-01  6.7881605E-01  9.4990329E-08  2.5962553E-08  7.3131095E-06  7.9641196E-08  1.0413614E-10  2.0239646E-13  3.7064981E-13  4.9777396E-15  2.364E-08  0.000E+00  0.000E+00  1.000E+00  1.000E+00  7.16E+02  0.00E+00  0.00E+00  0.000000  0.098592  0.0000000E+00  0.0000000000E+00
 52  6.097080382480825E+06   19.999199  4.868709  4.628684  7.5157730E-01  2.4837130E-01  1.2915521E-06  4.2971046E-09  1.0216519E-07  6.8211449E-06  3.5136664E-10  2.0005896E-09  9.2048308E-07  2.3543589E-08  0.000E+00  0.3449  4.628684   -9.621  1.299052  7.786261  3.1262628E-01  6.8736412E-01  9.5347708E-08  2.6062738E-08  7.3108930E-06  7.9356369E-08  1.0354960E-10  2.0054223E-13  3.6675416E-13  5.0645399E-15  2.401E-08  0.000E+00  0.000E+00  1.000E+00  1.000E+00  7.12E+02  0.00E+00  0.00E+00  0.000000  0.099507  0.0000000E+00  0.0000000000E+00
 53  6.168537055950110E+06   19.999182  4.872718  4.627378  7.5157730E-01  2.4837130E-01  1.2915521E-06  4.2971046E-09  1.0216519E-07  6.8211449E-06  3.5136664E-10  2.0005896E-09  9.2048308E-07  2.3543589E-08  0.000E+00  0.3422  4.627378   -9.613  1.301731  7.787513  3.0407831E-01  6.9591199E-01  9.5695394E-08  2.6160232E-08  7.3086458E-06  7.9068526E-08  1.0299701E-10  1.9870596E-13  3.6331651E-13  5.1595255E-15  2.416E-08  0.000E+00  0.000E+00  1.000E+00  1.000E+00  7.08E+02  0.00E+00  0.00E+00  0.000000  0.100430  0.0000000E+00  0.0000000000E+00
 54  6.238790313024078E+06   19.999165  4.876693  4.626050  7.5157730E-01  2.4837130E-01  1.2915521E-06  4.2971046E-09  1.0216519E-07  6.8211449E-06  3.5136664E-10  2.0005896E-09  9.2048308E-07  2.3543589E-08  0.000E+00  0.3397  4.626050   -9.605  1.304532  7.788821  2.9553034E-01  7.0445997E-01  9.6041102E-08  2.6257199E-08  7.3063571E-06  7.8774277E-08  1.0246708E-10  1.9685858E-13  3.5998361E-13  5.2607134E-15  2.421E-08  0.000E+00  0.000E+00  1.000E+00  1.000E+00  7.04E+02  0.00E+00  0.00E+00  0.000000  0.101354  0.0000000E+00  0.0000000000E+00
 55  6.307844993681817E+06   19.999147  4.880687  4.624699  7.5157730E-01  2.4837130E-01  1.2915521E-06  4.2971046E-09  1.0216519E-07  6.8211449E-06  3.5136664E-10  2.0005896E-09  9.2048308E-07  2.3543589E-08  0.000E+00  0.3370  4.624699   -9.596  1.307438  7.790159  2.8698237E-01  7.1300796E-01  9.6415396E-08  2.6362192E-08  7.3039805E-06  7.8472764E-08  1.0192502E-10  1.9490349E-13  3.5668679E-13  5.3683460E-15  2.416E-08  0.000E+00  0.000E+00  1.000E+00  1.000E+00  7.01E+02  0.00E+00  0.00E+00  0.000000  0.102290  0.0000000E+00  0.0000000000E+00
 56  6.375753060109326E+06   19.999130  4.884618  4.623294  7.5157730E-01  2.4837130E-01  1.2915521E-06  4.2971046E-09  1.0216519E-07  6.8211449E-06  3.5136664E-10  2.0005896E-09  9.2048308E-07  2.3543589E-08  0.000E+00  0.3345  4.623294   -9.588  1.310446  7.791497  2.7843440E-01  7.2155590E-01  9.6742188E-08  2.6453869E-08  7.3016176E-06  7.8172904E-08  1.0145881E-10  1.9307864E-13  3.5342611E-13  5.4767910E-15  2.400E-08  0.000E+00  0.000E+00  1.000E+00  1.000E+00  6.97E+02  0.00E+00  0.00E+00  0.000000  0.103220  0.0000000E+00  0.0000000000E+00
 57  6.442553192174547E+06   19.999113  4.888535  4.621867  7.5157730E-01  2.4837130E-01  1.2915521E-06  4.2971046E-09  1.0216519E-07  6.8211449E-06  3.5136664E-10  2.0005896E-09  9.2048308E-07  2.3543589E-08  0.000E+00  0.3318  4.621867   -9.581  1.313599  7.792890  2.6988643E-01  7.3010387E-01  9.7128285E-08  2.6562245E-08  7.2991239E-06  7.7858734E-08  1.0094066E-10  1.9106226E-13  3.5020250E-13  5.5955625E-15  2.374E-08  0.000E+00  0.000E+00  1.000E+00  1.000E+00  6.93E+02  0.00E+00  0.00E+00  0.000000  0.104155  0.0000000E+00  0.0000000000E+00
 58  6.508228746713724E+06   19.999095  4.892375  4.620426  7.5157730E-01  2.4837130E-01  1.2915521E-06  4.2971046E-09  1.0216519E-07  6.8211449E-06  3.5136664E-10  2.0005896E-09  9.2048308E-07  2.3543589E-08  0.000E+00  0.3294  4.620426   -9.573  1.316850  7.794316  2.6133846E-01  7.3865184E-01  9.7430828E-08  2.6647130E-08  7.2966847E-06  7.7553994E-08  1.0054763E-10  1.8927441E-13  3.4696804E-13  5.7126278E-15  2.338E-08  0.000E+00  0.000E+00  1.000E+00  1.000E+00  6.89E+02  0.00E+00  0.00E+00  0.000000  0.105080  0.0000000E+00  0.0000000000E+00
 59  6.572784180099661E+06   19.999078  4.896228  4.618960  7.5157730E-01  2.4837130E-01  1.2915521E-06  4.2971047E-09  1.0216519E-07  6.8211449E-06  3.5136664E-10  2.0005896E-09  9.2048308E-07  2.3543589E-08  0.000E+00  0.3265  4.618960   -9.565  1.320195  7.795772  2.5279048E-01  7.4719982E-01  9.7816004E-08  2.6755281E-08  7.2940824E-06  7.7224835E-08  1.0006644E-10  1.8720867E-13  3.4374013E-13  5.8436498E-15  2.293E-08  0.000E+00  0.000E+00  1.000E+00  1.000E+00  6.85E+02  0.00E+00  0.00E+00  0.000000  0.106016  0.0000000E+00  0.0000000000E+00
 60  6.636341966153594E+06   19.999061  4.900176  4.617433  7.5157730E-01  2.4837130E-01  1.2915521E-06  4.2971047E-09  1.0216519E-07  6.8211449E-06  3.5136664E-10  2.0005896E-09  9.2048308E-07  2.3543589E-08  0.000E+00  0.3240  4.617433   -9.557  1.323826  7.797274  2.4424251E-01  7.5574770E-01  9.8270756E-08  2.6883065E-08  7.2913466E-06  7.6859160E-08  9.9519502E-11  1.8485353E-13  3.4027411E-13  5.9892337E-15  2.245E-08  0.000E+00  0.000E+00  1.000E+00  1.000E+00  6.81E+02  0.00E+00  0.00E+00  0.000000  0.106985  0.0000000E+00  0.0000000000E+00
 61  6.698813286498427E+06   19.999043  4.903934  4.615882  7.5157730E-01  2.4837130E-01  1.2915521E-06  4.2971047E-09  1.0216519E-07  6.8211449E-06  3.5136664E-10  2.0005896E-09  9.2048308E-07  2.3543589E-08  0.000E+00  0.3217  4.615882   -9.550  1.327536  7.798818  2.3569454E-01  7.6429576E-01  9.8526410E-08  2.6954990E-08  7.2890330E-06  7.6275880E-08  9.8868399E-11  1.8238850E-13  3.3665325E-13  6.2134575E-15  2.196E-08  0.000E+00  0.000E+00  1.000E+00  1.000E+00  6.77E+02  0.00E+00  0.00E+00  0.000000  0.107915  0.0000000E+00  0.0000000000E+00
 62  6.760220330637153E+06   19.999026  4.907786  4.614303  7.5157730E-01  2.4837130E-01  1.2915521E-06  4.2971047E-09  1.0216519E-07  6.8211449E-06  3.5136664E-10  2.0005896E-09  9.2048308E-07  2.3543589E-08  0.000E+00  0.3187  4.614303   -9.543  1.331364  7.800393  2.2714657E-01  7.7284373E-01  9.9017316E-08  2.7092993E-08  7.2861105E-06  7.5917439E-08  9.8374672E-11  1.7995822E-13  3.3320847E-13  6.3702137E-15  2.124E-08  0.000E+00  0.000E+00  1.000E+00  1.000E+00  6.74E+02  0.00E+00  0.00E+00  0.000000  0.108876  0.0000000E+00  0.0000000000E+00
 63  6.820636882706898E+06   19.999008  4.911659  4.612675  7.5157730E-01  2.4837130E-01  1.2915521E-06  4.2971047E-09  1.0216519E-07  6.8211449E-06  3.5136664E-10  2.0005896E-09  9.2048308E-07  2.3543589E-08  0.000E+00  0.3163  4.612675   -9.535  1.335488  7.802025  2.1859860E-01  7.8139160E-01  9.9433899E-08  2.7210091E-08  7.2832137E-06  7.5563257E-08  9.7967945E-11  1.7772899E-13  3.2993775E-13  6.5324187E-15  2.037E-08  0.000E+00  0.000E+00  1.000E+00  1.000E+00  6.69E+02  0.00E+00  0.00E+00  0.000000  0.109851  0.0000000E+00  0.0000000000E+00
 64  6.879933204654871E+06   19.998991  4.915334  4.611071  7.5157730E-01  2.4837130E-01  1.2915521E-06  4.2971047E-09  1.0216519E-07  6.8211449E-06  3.5136664E-10  2.0005896E-09  9.2048308E-07  2.3543589E-08  0.000E+00  0.3132  4.611071   -9.528  1.339594  7.803692  2.1005063E-01  7.8993967E-01  9.9785945E-08  2.7309058E-08  7.2803343E-06  7.5206713E-08  9.7619247E-11  1.7565971E-13  3.2668872E-13  6.7001156E-15  1.940E-08  0.000E+00  0.000E+00  1.000E+00  1.000E+00  6.66E+02  0.00E+00  0.00E+00  0.000000  0.110786  0.0000000E+00  0.0000000000E+00
 65  6.938343104989110E+06   19.998974  4.919140  4.609362  7.5157730E-01  2.4837130E-01  1.2915521E-06  4.2971047E-09  1.0216519E-07  6.8211449E-06  3.5136664E-10  2.0005896E-09  9.2048308E-07  2.3543589E-08  0.000E+00  0.3107  4.609362   -9.521  1.344133  7.805416  2.0150266E-01  7.9848764E-01  1.0028428E-07  2.7449291E-08  7.2771733E-06  7.4824053E-08  9.7206799E-11  1.7313215E-13  3.2342046E-13  6.8875461E-15  1.836E-08  0.000E+00  0.000E+00  1.000E+00  1.000E+00  6.62E+02  0.00E+00  0.00E+00  0.000000  0.111761  0.0000000E+00  0.0000000000E+00
 66  6.995730578649472E+06   19.998956  4.922885  4.607655  7.5157730E-01  2.4837130E-01  1.2915521E-06  4.2971047E-09  1.0216519E-07  6.8211449E-06  3.5136664E-10  2.0005896E-09  9.2048308E-07  2.3543589E-08  0.000E+00  0.3079  4.607655   -9.514  1.348735  7.807191  1.9295469E-01  8.0703556E-01  1.0068707E-07  2.7562593E-08  7.2740576E-06  7.4444035E-08  9.6857068E-11  1.7085876E-13  3.2013165E-13  7.0785843E-15  1.724E-08  0.000E+00  0.000E+00  1.000E+00  1.000E+00  6.57E+02  0.00E+00  0.00E+00  0.000000  0.112729  0.0000000E+00  0.0000000000E+00
 67  7.052072539024257E+06   19.998939  4.926597  4.605896  7.5157730E-01  2.4837130E-01  1.2915521E-06  4.2971047E-09  1.0216519E-07  6.8211449E-06  3.5136664E-10  2.0005896E-09  9.2048308E-07  2.3543589E-08  0.000E+00  0.3055  4.605896   -9.508  1.353650  7.809027  1.8440672E-01  8.1558349E-01  1.0121646E-07  2.7711601E-08  7.2706844E-06  7.4036387E-08  9.6459683E-11  1.6817444E-13  3.1680941E-13  7.2916410E-15  1.608E-08  0.000E+00  0.000E+00  1.000E+00  1.000E+00  6.53E+02  0.00E+00  0.00E+00  0.000000  0.113696  0.0000000E+00  0.0000000000E+00
 68  7.108035916373104E+06   19.998921  4.930473  4.603471  7.5157730E-01  2.4837130E-01  1.2915521E-06  4.2971047E-09  1.0216519E-07  6.8211449E-06  3.5136664E-10  2.0005896E-09  9.2048308E-07  2.3543589E-08  0.000E+00  0.3028  4.603471   -9.502  1.359017  7.809474  1.7585875E-01  8.2413145E-01  1.0137590E-07  2.7756746E-08  7.2678293E-06  7.3569742E-08  9.5948391E-11  1.6633141E-13  3.1391978E-13  7.4813556E-15  1.476E-08  0.000E+00  0.000E+00  1.000E+00  1.000E+00  6.48E+02  0.00E+00  0.00E+00  0.000000  0.114716  0.0000000E+00  0.0000000000E+00
 69  7.164452338744673E+06   19.998903  4.934248  4.601651  7.5157730E-01  2.4837130E-01  1.2915521E-06  4.2971048E-09  1.0216519E-07  6.8211449E-06  3.5136664E-10  2.0005896E-09  9.2048308E-07  2.3543589E-08  0.000E+00  0.3001  4.601651   -9.495  1.364427  7.811449  1.6731078E-01  8.3267942E-01  1.0184377E-07  2.7888293E-08  7.2642701E-06  7.3328303E-08  9.5814410E-11  1.6427578E-13  3.1151742E-13  7.6492181E-15  1.340E-08  0.000E+00  0.000E+00  1.000E+00  1.000E+00  6.44E+02  0.00E+00  0.00E+00  0.000000  0.115718  0.0000000E+00  0.0000000000E+00
 70  7.219911654837995E+06   19.998885  4.937810  4.599824  7.5157730E-01  2.4837130E-01  1.2915521E-06  4.2971048E-09  1.0216519E-07  6.8211449E-06  3.5136664E-10  2.0005896E-09  9.2048308E-07  2.3543589E-08  0.000E+00  0.2974  4.599824   -9.489  1.370081  7.813499  1.5876280E-01  8.4122740E-01  1.0235870E-07  2.8033236E-08  7.2606952E-06  7.2890622E-08  9.5450772E-11  1.6155374E-13  3.0816934E-13  7.9035257E-15  1.234E-08  0.000E+00  0.000E+00  1.000E+00  1.000E+00  6.40E+02  0.00E+00  0.00E+00  0.000000  0.116671  0.0000000E+00  0.0000000000E+00
 71  7.274458212824201E+06   19.998868  4.941450  4.597982  7.5157730E-01  2.4837130E-01  1.2915521E-06  4.2971048E-09  1.0216519E-07  6.8211449E-06  3.5136664E-10  2.0005896E-09  9.2048308E-07  2.3543589E-08  0.000E+00  0.2947  4.597982   -9.483  1.376024  7.815646  1.5021483E-01  8.4977537E-01  1.0286780E-07  2.8176803E-08  7.2572295E-06  7.2197577E-08  9.4800824E-11  1.5815758E-13  3.0432411E-13  8.2984499E-15  1.137E-08  0.000E+00  0.000E+00  1.000E+00  1.000E+00  6.36E+02  0.00E+00  0.00E+00  0.000000  0.117652  0.0000000E+00  0.0000000000E+00
 72  7.328108827240608E+06   19.998850  4.945011  4.596100  7.5157730E-01  2.4837130E-01  1.2915521E-06  4.2971048E-09  1.0216519E-07  6.8211449E-06  3.5136664E-10  2.0005896E-09  9.2048308E-07  2.3543589E-08  0.000E+00  0.2921  4.596100   -9.477  1.382332  7.817892  1.4166686E-01  8.5832337E-01  1.0338429E-07  2.8322253E-08  7.2534327E-06  7.1730972E-08  9.4462680E-11  1.5536314E-13  3.0026708E-13  8.5826878E-15  1.032E-08  0.000E+00  0.000E+00  1.000E+00  1.000E+00  6.32E+02  0.00E+00  0.00E+00  0.000000  0.118622  0.0000000E+00  0.0000000000E+00
 73  7.380840081905821E+06   19.998832  4.948718  4.594157  7.5157730E-01  2.4837130E-01  1.2915521E-06  4.2971048E-09  1.0216519E-07  6.8211449E-06  3.5136664E-10  2.0005896E-09  9.2048308E-07  2.3543589E-08  0.000E+00  0.2896  4.594157   -9.471  1.389051  7.820242  1.3311889E-01  8.6687136E-01  1.0400599E-07  2.8497391E-08  7.2493587E-06  7.1232603E-08  9.4102183E-11  1.5221890E-13  2.9640409E-13  8.9070966E-15  9.179E-09  0.000E+00  0.000E+00  1.000E+00  1.000E+00  6.28E+02  0.00E+00  0.00E+00  0.000000  0.119638  0.0000000E+00  0.0000000000E+00
 74  7.432708876502522E+06   19.998814  4.952353  4.592245  7.5157730E-01  2.4837130E-01  1.2915521E-06  4.2971048E-09  1.0216519E-07  6.8211449E-06  3.5136664E-10  2.0005896E-09  9.2048308E-07  2.3543589E-08  0.000E+00  0.2869  4.592245   -9.465  1.395656  7.823034  1.2457092E-01  8.7541928E-01  1.0463917E-07  2.8675794E-08  7.2451196E-06  7.0707317E-08  9.3761162E-11  1.4897339E-13  2.9239054E-13  9.2675696E-15  8.064E-09  0.000E+00  0.000E+00  1.000E+00  1.000E+00  6.24E+02  0.00E+00  0.00E+00  0.000000  0.120644  0.0000000E+00  0.0000000000E+00
 75  7.483575996005012E+06   19.998797  4.955889  4.590412  7.5157730E-01  2.4837130E-01  1.2915521E-06  4.2971048E-09  1.0216519E-07  6.8211449E-06  3.5136664E-10  2.0005896E-09  9.2048308E-07  2.3543589E-08  0.000E+00  0.2844  4.590412   -9.459  1.403208  7.825923  1.1602295E-01  8.8396725E-01  1.0531697E-07  2.8866842E-08  7.2406620E-06  7.0139290E-08  9.3421358E-11  1.4550872E-13  2.8813936E-13  9.6823105E-15  6.993E-09  0.000E+00  0.000E+00  1.000E+00  1.000E+00  6.20E+02  0.00E+00  0.00E+00  0.000000  0.121631  0.0000000E+00  0.0000000000E+00
 76  7.533563782876567E+06   19.998779  4.959409  4.588358  7.5157730E-01  2.4837130E-01  1.2915521E-06  4.2971048E-09  1.0216519E-07  6.8211449E-06  3.5136664E-10  2.0005896E-09  9.2048308E-07  2.3543589E-08  0.000E+00  0.2817  4.588358   -9.454  1.411891  7.828120  1.0747498E-01  8.9251522E-01  1.0592853E-07  2.9039352E-08  7.2361048E-06  6.9579338E-08  9.3085311E-11  1.4225160E-13  2.8376709E-13  1.0076626E-14  5.978E-09  0.000E+00  0.000E+00  1.000E+00  1.000E+00  6.16E+02  0.00E+00  0.00E+00  0.000000  0.122620  0.0000000E+00  0.0000000000E+00
 77  7.582866651869744E+06   19.998762  4.963033  4.586413  7.5157730E-01  2.4837130E-01  1.2915521E-06  4.2971048E-09  1.0216519E-07  6.8211449E-06  3.5136664E-10  2.0005896E-09  9.2048308E-07  2.3543589E-08  0.000E+00  0.2782  4.586413   -9.449  1.420550  7.831079  9.8927008E-02  9.0106318E-01  1.0665223E-07  2.9243772E-08  7.2314246E-06  6.8739049E-08  9.2494019E-11  1.3799080E-13  2.7928564E-13  1.0731260E-14  5.050E-09  0.000E+00  0.000E+00  1.000E+00  1.000E+00  6.12E+02  0.00E+00  0.00E+00  0.000000  0.123648  0.0000000E+00  0.0000000000E+00
 78  7.631322547475271E+06   19.998744  4.966615  4.584441  7.5157730E-01  2.4837130E-01  1.2915521E-06  4.2971048E-09  1.0216519E-07  6.8211449E-06  3.5136664E-10  2.0005896E-09  9.2048308E-07  2.3543589E-08  0.000E+00  0.2751  4.584441   -9.443  1.430046  7.834251  9.0379037E-02  9.0961115E-01  1.0748812E-07  2.9479626E-08  7.2261944E-06  6.8082744E-08  9.2194043E-11  1.3393367E-13  2.7424026E-13  1.1271857E-14  4.198E-09  0.000E+00  0.000E+00  1.000E+00  1.000E+00  6.08E+02  0.00E+00  0.00E+00  0.000000  0.124672  0.0000000E+00  0.0000000000E+00
 79  7.678893362876830E+06   19.998727  4.970205  4.582512  7.5157730E-01  2.4837130E-01  1.2915521E-06  4.2971048E-09  1.0216519E-07  6.8211449E-06  3.5136664E-10  2.0005896E-09  9.2048308E-07  2.3543589E-08  0.000E+00  0.2718  4.582512   -9.438  1.440380  7.837687  8.1831066E-02  9.1815914E-01  1.0840023E-07  2.9737086E-08  7.2206262E-06  6.7374734E-08  9.1916495E-11  1.2957205E-13  2.6917867E-13  1.1901158E-14  3.400E-09  0.000E+00  0.000E+00  1.000E+00  1.000E+00  6.04E+02  0.00E+00  0.00E+00  0.000000  0.125707  0.0000000E+00  0.0000000000E+00
 80  7.725612366894864E+06   19.998710  4.973737  4.580632  7.5157730E-01  2.4837130E-01  1.2915521E-06  4.2971049E-09  1.0216519E-07  6.8211449E-06  3.5136664E-10  2.0005896E-09  9.2048308E-07  2.3543589E-08  0.000E+00  0.2684  4.580632   -9.433  1.451730  7.841430  7.3283095E-02  9.2670709E-01  1.0938332E-07  3.0014777E-08  7.2146958E-06  6.6606120E-08  9.1667291E-11  1.2490480E-13  2.6378581E-13  1.2628327E-14  2.700E-09  0.000E+00  0.000E+00  1.000E+00  1.000E+00  6.00E+02  0.00E+00  0.00E+00  0.000000  0.126733  0.0000000E+00  0.0000000000E+00
 81  7.771472806156877E+06   19.998693  4.977363  4.578860  7.5157730E-01  2.4837130E-01  1.2915521E-06  4.2971049E-09  1.0216519E-07  6.8211449E-06  3.5136664E-10  2.0005896E-09  9.2048308E-07  2.3543589E-08  0.000E+00  0.2650  4.578860   -9.427  1.464288  7.845568  6.4735124E-02  9.3525504E-01  1.1049148E-07  3.0327922E-08  7.2082923E-06  6.5759347E-08  9.1457691E-11  1.1976942E-13  2.5793981E-13  1.3487272E-14  2.095E-09  0.000E+00  0.000E+00  1.000E+00  1.000E+00  5.96E+02  0.00E+00  0.00E+00  0.000000  0.127797  0.0000000E+00  0.0000000000E+00
 82  7.816525924503493E+06   19.998676  4.980925  4.577222  7.5157730E-01  2.4837130E-01  1.2915521E-06  4.2971049E-09  1.0216519E-07  6.8211449E-06  3.5136664E-10  2.0005896E-09  9.2048308E-07  2.3543589E-08  0.000E+00  0.2613  4.577222   -9.422  1.478437  7.850203  5.6187153E-02  9.4380300E-01  1.1170681E-07  3.0671867E-08  7.2015879E-06  6.4601662E-08  9.1045250E-11  1.1368543E-13  2.5137251E-13  1.4748083E-14  1.590E-09  0.000E+00  0.000E+00  1.000E+00  1.000E+00  5.93E+02  0.00E+00  0.00E+00  0.000000  0.128849  0.0000000E+00  0.0000000000E+00
 83  7.860767330672771E+06   19.998659  4.984464  4.575782  7.5157730E-01  2.4837130E-01  1.2915521E-06  4.2971049E-09  1.0216519E-07  6.8211449E-06  3.5136664E-10  2.0005896E-09  9.2048308E-07  2.3543589E-08  0.000E+00  0.2578  4.575782   -9.416  1.494894  7.855542  4.7639182E-02  9.5235102E-01  1.1313839E-07  3.1076492E-08  7.1938526E-06  6.3731336E-08  9.1228106E-11  1.0782821E-13  2.4452922E-13  1.5802959E-14  1.140E-09  0.000E+00  0.000E+00  1.000E+00  1.000E+00  5.90E+02  0.00E+00  0.00E+00  0.000000  0.129904  0.0000000E+00  0.0000000000E+00
 84  7.904173536978433E+06   19.998643  4.988155  4.574670  7.5157730E-01  2.4837130E-01  1.2915521E-06  4.2971049E-09  1.0216519E-07  6.8211449E-06  3.5136664E-10  2.0005896E-09  9.2048308E-07  2.3543589E-08  0.000E+00  0.2537  4.574670   -9.410  1.514458  7.861872  3.9091211E-02  9.6089898E-01  1.1493912E-07  3.1585600E-08  7.1854197E-06  6.2455389E-08  9.1347358E-11  1.0022852E-13  2.3683751E-13  1.7469586E-14  7.794E-10  0.000E+00  0.000E+00  1.000E+00  1.000E+00  5.87E+02  0.00E+00  0.00E+00  0.000000  0.131012  0.0000000E+00  0.0000000000E+00
 85  7.946806742547275E+06   19.998626  4.992010  4.574137  7.5157730E-01  2.4837130E-01  1.2915521E-06  4.2971049E-09  1.0216519E-07  6.8211449E-06  3.5136664E-10  2.0005896E-09  9.2048308E-07  2.3543589E-08  0.000E+00  0.2494  4.574137   -9.402  1.538566  7.869677  3.0543240E-02  9.6944690E-01  1.1711574E-07  3.2200986E-08  7.1760745E-06  6.0936899E-08  9.1766109E-11  9.1441757E-14  2.2846105E-13  1.9712198E-14  4.883E-10  0.000E+00  0.000E+00  1.000E+00  1.000E+00  5.85E+02  0.00E+00  0.00E+00  0.000000  0.132180  0.0000000E+00  0.0000000000E+00
 86  7.952844120559026E+06   19.998623  4.992568  4.574147  7.5157730E-01  2.4837130E-01  1.2915521E-06  4.2971049E-09  1.0216519E-07  6.8211449E-06  3.5136664E-10  2.0005896E-09  9.2048308E-07  2.3543589E-08  0.000E+00  0.2487  4.574147   -9.401  1.542483  7.870956  2.9321511E-02  9.7066870E-01  1.1748205E-07  3.2304823E-08  7.1747837E-06  6.0514493E-08  9.1661671E-11  8.9662088E-14  2.2712666E-13  2.0324649E-14  4.537E-10  0.000E+00  0.000E+00  1.000E+00  1.000E+00  5.85E+02  0.00E+00  0.00E+00  0.000000  0.132350  0.0000000E+00  0.0000000000E+00
 87  7.958867320556933E+06   19.998621  4.993116  4.574189  7.5157730E-01  2.4837130E-01  1.2915521E-06  4.2971049E-09  1.0216519E-07  6.8211449E-06  3.5136664E-10  2.0005896E-09  9.2048308E-07  2.3543589E-08  0.000E+00  0.2482  4.574189   -9.400  1.546562  7.872292  2.8099782E-02  9.7189042E-01  1.1782189E-07  3.2400962E-08  7.1733995E-06  6.0233662E-08  9.1714443E-11  8.8262326E-14  2.2564428E-13  2.0839351E-14  4.207E-10  0.000E+00  0.000E+00  1.000E+00  1.000E+00  5.85E+02  0.00E+00  0.00E+00  0.000000  0.132517  0.0000000E+00  0.0000000000E+00
 88  7.964884404560218E+06   19.998619  4.993621  4.574224  7.5157730E-01  2.4837130E-01  1.2915521E-06  4.2971049E-09  1.0216519E-07  6.8211449E-06  3.5136664E-10  2.0005896E-09  9.2048308E-07  2.3543589E-08  0.000E+00  0.2480  4.574224   -9.399  1.550967  7.873687  2.6878053E-02  9.7311219E-01  1.1831632E-07  3.2540134E-08  7.1716083E-06  6.0139183E-08  9.2103404E-11  8.6808997E-14  2.2430045E-13  2.1050370E-14  3.863E-10  0.000E+00  0.000E+00  1.000E+00  1.000E+00  5.84E+02  0.00E+00  0.00E+00  0.000000  0.132671  0.0000000E+00  0.0000000000E+00
 89  7.970877035940950E+06   19.998616  4.994205  4.574250  7.5157730E-01  2.4837130E-01  1.2915521E-06  4.2971049E-09  1.0216519E-07  6.8211449E-06  3.5136664E-10  2.0005896E-09  9.2048308E-07  2.3543589E-08  0.000E+00  0.2471  4.574250   -9.397  1.555514  7.875140  2.5656324E-02  9.7433390E-01  1.1866678E-07  3.2639361E-08  7.1701461E-06  5.9893551E-08  9.2237904E-11  8.5495524E-14  2.2305977E-13  2.1427324E-14  3.529E-10  0.000E+00  0.000E+00  1.000E+00  1.000E+00  5.84E+02  0.00E+00  0.00E+00  0.000000  0.132850  0.0000000E+00  0.0000000000E+00
 90  7.976872459525822E+06   19.998614  4.994856  4.574338  7.5157730E-01  2.4837130E-01  1.2915521E-06  4.2971049E-09  1.0216519E-07  6.8211449E-06  3.5136664E-10  2.0005896E-09  9.2048308E-07  2.3543589E-08  0.000E+00  0.2464  4.574338   -9.396  1.560211  7.876665  2.4434595E-02  9.7555561E-01  1.1903682E-07  3.2744092E-08  7.1686601E-06  5.9620669E-08  9.2367350E-11  8.4088431E-14  2.2174181E-13  2.1907674E-14  3.221E-10  0.000E+00  0.000E+00  1.000E+00  1.000E+00  5.84E+02  0.00E+00  0.00E+00  0.000000  0.133050  0.0000000E+00  0.0000000000E+00
 91  7.982855953932452E+06   19.998611  4.995462  4.574475  7.5157730E-01  2.4837130E-01  1.2915521E-06  4.2971049E-09  1.0216519E-07  6.8211449E-06  3.5136664E-10  2.0005896E-09  9.2048308E-07  2.3543589E-08  0.000E+00  0.2457  4.574475   -9.394  1.565094  7.878256  2.3212866E-02  9.7677732E-01  1.1951586E-07  3.2879376E-08  7.1670177E-06  5.9325118E-08  9.2563980E-11  8.2350066E-14  2.2037227E-13  2.2436964E-14  2.931E-10  0.000E+00  0.000E+00  1.000E+00  1.000E+00  5.84E+02  0.00E+00  0.00E+00  0.000000  0.133235  0.0000000E+00  0.0000000000E+00
 92  7.988834212283967E+06   19.998609  4.996051  4.574658  7.5157730E-01  2.4837130E-01  1.2915521E-06  4.2971049E-09  1.0216519E-07  6.8211449E-06  3.5136664E-10  2.0005896E-09  9.2048308E-07  2.3543589E-08  0.000E+00  0.2451  4.574658   -9.393  1.570231  7.879932  2.1991137E-02  9.7799908E-01  1.1999748E-07  3.3015671E-08  7.1654520E-06  5.8917476E-08  9.2659833E-11  8.0422536E-14  2.1891789E-13  2.3122995E-14  2.659E-10  0.000E+00  0.000E+00  1.000E+00  1.000E+00  5.84E+02  0.00E+00  0.00E+00  0.000000  0.133416  0.0000000E+00  0.0000000000E+00
 93  7.994798213176380E+06   19.998606  4.996607  4.574855  7.5157730E-01  2.4837130E-01  1.2915521E-06  4.2971049E-09  1.0216519E-07  6.8211449E-06  3.5136664E-10  2.0005896E-09  9.2048308E-07  2.3543589E-08  0.000E+00  0.2449  4.574855   -9.391  1.575784  7.881701  2.0769408E-02  9.7922075E-01  1.2046453E-07  3.3147832E-08  7.1639131E-06  5.8490585E-08  9.2726963E-11  7.8541492E-14  2.1722433E-13  2.3978889E-14  2.403E-10  0.000E+00  0.000E+00  1.000E+00  1.000E+00  5.84E+02  0.00E+00  0.00E+00  0.000000  0.133587  0.0000000E+00  0.0000000000E+00
 94  8.000723836283201E+06   19.998604  4.997223  4.575056  7.5157730E-01  2.4837130E-01  1.2915521E-06  4.2971049E-09  1.0216519E-07  6.8211449E-06  3.5136664E-10  2.0005896E-09  9.2048308E-07  2.3543589E-08  0.000E+00  0.2440  4.575056   -9.390  1.581617  7.883568  1.9547679E-02  9.8044246E-01  1.2113744E-07  3.3337502E-08  7.1619960E-06  5.8139253E-08  9.3081662E-11  7.6241039E-14  2.1558860E-13  2.4667630E-14  2.147E-10  0.000E+00  0.000E+00  1.000E+00  1.000E+00  5.84E+02  0.00E+00  0.00E+00  0.000000  0.133777  0.0000000E+00  0.0000000000E+00
 95  8.006656739305068E+06   19.998602  4.997930  4.575329  7.5157730E-01  2.4837130E-01  1.2915521E-06  4.2971049E-09  1.0216519E-07  6.8211449E-06  3.5136664E-10  2.0005896E-09  9.2048308E-07  2.3543589E-08  0.000E+00  0.2433  4.575329   -9.388  1.587762  7.885556  1.8325951E-02  9.8166425E-01  1.2164540E-07  3.3481158E-08  7.1602964E-06  5.7793514E-08  9.3336036E-11  7.4480376E-14  2.1395031E-13  2.5371232E-14  1.902E-10  0.000E+00  0.000E+00  1.000E+00  1.000E+00  5.85E+02  0.00E+00  0.00E+00  0.000000  0.133995  0.0000000E+00  0.0000000000E+00
 96  8.012587296259818E+06   19.998599  4.998615  4.575684  7.5157730E-01  2.4837130E-01  1.2915521E-06  4.2971049E-09  1.0216519E-07  6.8211449E-06  3.5136664E-10  2.0005896E-09  9.2048308E-07  2.3543589E-08  0.000E+00  0.2426  4.575684   -9.386  1.594261  7.887668  1.7104222E-02  9.8288597E-01  1.2228453E-07  3.3661544E-08  7.1584105E-06  5.7417058E-08  9.3697464E-11  7.2330864E-14  2.1228707E-13  2.6152797E-14  1.672E-10  0.000E+00  0.000E+00  1.000E+00  1.000E+00  5.85E+02  0.00E+00  0.00E+00  0.000000  0.134206  0.0000000E+00  0.0000000000E+00
 97  8.018519044144873E+06   19.998597  4.999295  4.576113  7.5157730E-01  2.4837130E-01  1.2915521E-06  4.2971049E-09  1.0216519E-07  6.8211449E-06  3.5136664E-10  2.0005896E-09  9.2048308E-07  2.3543589E-08  0.000E+00  0.2419  4.576113   -9.384  1.601216  7.889932  1.5882493E-02  9.8410768E-01  1.2292433E-07  3.3842228E-08  7.1565189E-06  5.7023222E-08  9.4073670E-11  7.0207122E-14  2.1058559E-13  2.7007062E-14  1.459E-10  0.000E+00  0.000E+00  1.000E+00  1.000E+00  5.85E+02  0.00E+00  0.00E+00  0.000000  0.134417  0.0000000E+00  0.0000000000E+00
 98  8.024460334124093E+06   19.998594  4.999974  4.576604  7.5157730E-01  2.4837130E-01  1.2915521E-06  4.2971049E-09  1.0216519E-07  6.8211449E-06  3.5136664E-10  2.0005896E-09  9.2048308E-07  2.3543589E-08  0.000E+00  0.2416  4.576604   -9.381  1.608790  7.892370  1.4660764E-02  9.8532944E-01  1.2357964E-07  3.4027375E-08  7.1546008E-06  5.6610668E-08  9.4477690E-11  6.8083230E-14  2.0883597E-13  2.7942986E-14  1.260E-10  0.000E+00  0.000E+00  1.000E+00  1.000E+00  5.86E+02  0.00E+00  0.00E+00  0.000000  0.134627  0.0000000E+00  0.0000000000E+00
 99  8.030375592725042E+06   19.998592  5.000680  4.577121  7.5157730E-01  2.4837130E-01  1.2915521E-06  4.2971049E-09  1.0216519E-07  6.8211449E-06  3.5136664E-10  2.0005896E-09  9.2048308E-07  2.3543589E-08  0.000E+00  0.2409  4.577121   -9.379  1.617035  7.895000  1.3439035E-02  9.8655115E-01  1.2449760E-07  3.4285991E-08  7.1523301E-06  5.6140235E-08  9.5112918E-11  6.5178664E-14  2.0702878E-13  2.9026415E-14  1.077E-10  0.000E+00  0.000E+00  1.000E+00  1.000E+00  5.86E+02  0.00E+00  0.00E+00  0.000000  0.134845  0.0000000E+00  0.0000000000E+00
100  8.036310865105134E+06   19.998589  5.001531  4.577750  7.5157730E-01  2.4837130E-01  1.2915521E-06  4.2971049E-09  1.0216519E-07  6.8211449E-06  3.5136664E-10  2.0005896E-09  9.2048308E-07  2.3543589E-08  0.000E+00  0.2402  4.577750   -9.376  1.625941  7.897873  1.2217306E-02  9.8777287E-01  1.2527234E-07  3.4504797E-08  7.1502516E-06  5.5662950E-08  9.5652769E-11  6.2781644E-14  2.0514276E-13  3.0202032E-14  9.093E-11  0.000E+00  0.000E+00  1.000E+00  1.000E+00  5.87E+02  0.00E+00  0.00E+00  0.000000  0.135111  0.0000000E+00  0.0000000000E+00
101  8.042263859277604E+06   19.998587  5.002407  4.578525  7.5157730E-01  2.4837130E-01  1.2915521E-06  4.2971049E-09  1.0216519E-07  6.8211449E-06  3.5136664E-10  2.0005896E-09  9.2048308E-07  2.3543589E-08  0.000E+00  0.2395  4.578525   -9.373  1.635679  7.901026  1.0995577E-02  9.8899461E-01  1.2623028E-07  3.4774933E-08  7.1479229E-06  5.5133057E-08  9.6381332E-11  5.9896141E-14  2.0316151E-13  3.1548976E-14  7.562E-11  0.000E+00  0.000E+00  1.000E+00  1.000E+00  5.87E+02  0.00E+00  0.00E+00  0.000000  0.135383  0.0000000E+00  0.0000000000E+00
102  8.048242456508229E+06   19.998584  5.003318  4.579456  7.5157730E-01  2.4837130E-01  1.2915521E-06  4.2971049E-09  1.0216519E-07  6.8211449E-06  3.5136664E-10  2.0005896E-09  9.2048308E-07  2.3543589E-08  0.000E+00  0.2388  4.579456   -9.370  1.646510  7.904532  9.7738479E-03  9.9021633E-01  1.2724760E-07  3.5062057E-08  7.1455185E-06  5.4559463E-08  9.7181864E-11  5.6970997E-14  2.0106882E-13  3.3091026E-14  6.177E-11  0.000E+00  0.000E+00  1.000E+00  1.000E+00  5.88E+02  0.00E+00  0.00E+00  0.000000  0.135668  0.0000000E+00  0.0000000000E+00
103  8.054253307735953E+06   19.998582  5.004273  4.580541  7.5157730E-01  2.4837130E-01  1.2915521E-06  4.2971049E-09  1.0216519E-07  6.8211449E-06  3.5136664E-10  2.0005896E-09  9.2048308E-07  2.3543589E-08  0.000E+00  0.2383  4.580541   -9.366  1.658886  7.908491  8.5521189E-03  9.9143803E-01  1.2854338E-07  3.5427485E-08  7.1427378E-06  5.3912692E-08  9.8289476E-11  5.3420567E-14  1.9884384E-13  3.4892983E-14  4.936E-11  0.000E+00  0.000E+00  1.000E+00  1.000E+00  5.89E+02  0.00E+00  0.00E+00  0.000000  0.135966  0.0000000E+00  0.0000000000E+00
104  8.060291898814809E+06   19.998579  5.005425  4.581840  7.5157730E-01  2.4837130E-01  1.2915521E-06  4.2971049E-09  1.0216519E-07  6.8211449E-06  3.5136664E-10  2.0005896E-09  9.2048308E-07  2.3543589E-08  0.000E+00  0.2376  4.581840   -9.362  1.673006  7.913036  7.3303900E-03  9.9265982E-01  1.2983057E-07  3.5791901E-08  7.1401868E-06  5.2992816E-08  9.9159812E-11  4.9907707E-14  1.9630899E-13  3.7449053E-14  3.815E-11  0.000E+00  0.000E+00  1.000E+00  1.000E+00  5.91E+02  0.00E+00  0.00E+00  0.000000  0.136327  0.0000000E+00  0.0000000000E+00
105  8.066360533406996E+06   19.998576  5.006759  4.583431  7.5157730E-01  2.4837130E-01  1.2915521E-06  4.2971049E-09  1.0216519E-07  6.8211449E-06  3.5136664E-10  2.0005896E-09  9.2048308E-07  2.3543589E-08  0.000E+00  0.2368  4.583431   -9.356  1.689892  7.918422  6.1086610E-03  9.9388150E-01  1.3154838E-07  3.6277350E-08  7.1369254E-06  5.2145448E-08  1.0078299E-10  4.5773050E-14  1.9359906E-13  4.0196349E-14  2.819E-11  0.000E+00  0.000E+00  1.000E+00  1.000E+00  5.93E+02  0.00E+00  0.00E+00  0.000000  0.136747  0.0000000E+00  0.0000000000E+00
106  8.072369227594782E+06   19.998574  5.008416  4.585418  7.5157730E-01  2.4837130E-01  1.2915521E-06  4.2971049E-09  1.0216519E-07  6.8211449E-06  3.5136664E-10  2.0005896E-09  9.2048308E-07  2.3543589E-08  0.000E+00  0.2361  4.585418   -9.350  1.710407  7.924950  4.8869321E-03  9.9510326E-01  1.3396750E-07  3.6964268E-08  7.1337025E-06  5.0089999E-08  1.0203366E-10  3.9565794E-14  1.8957516E-13  4.6302581E-14  1.827E-11  0.000E+00  0.000E+00  1.000E+00  1.000E+00  5.95E+02  0.00E+00  0.00E+00  0.000000  0.137269  0.0000000E+00  0.0000000000E+00
107  8.078361437921791E+06   19.998571  5.010568  4.587990  7.5157730E-01  2.4837130E-01  1.2915521E-06  4.2971049E-09  1.0216519E-07  6.8211449E-06  3.5136664E-10  2.0005896E-09  9.2048308E-07  2.3543589E-08  0.000E+00  0.2346  4.587990   -9.343  1.736911  7.933331  3.6652031E-03  9.9632501E-01  1.3676930E-07  3.7761682E-08  7.1298772E-06  4.8122840E-08  1.0427855E-10  3.3770928E-14  1.8535837E-13  5.2825188E-14  9.735E-12  0.000E+00  0.000E+00  1.000E+00  1.000E+00  5.97E+02  0.00E+00  0.00E+00  0.000000  0.137951  0.0000000E+00  0.0000000000E+00
108  8.084440873321778E+06   19.998568  5.013630  4.591519  7.5157730E-01  2.4837130E-01  1.2915521E-06  4.2971049E-09  1.0216519E-07  6.8211449E-06  3.5136664E-10  2.0005896E-09  9.2048308E-07  2.3543589E-08  0.000E+00  0.2320  4.591519   -9.331  1.774128  7.944969  2.4434742E-03  9.9754672E-01  1.4066781E-07  3.8871780E-08  7.1244670E-06  4.6165651E-08  1.0886663E-10  2.7330526E-14  1.8153290E-13  5.9873380E-14  4.259E-12  0.000E+00  0.000E+00  1.000E+00  1.000E+00  6.01E+02  0.00E+00  0.00E+00  0.000000  0.138928  0.0000000E+00  0.0000000000E+00
109  8.090865779003943E+06   19.998565  5.018775  4.596956  7.5157730E-01  2.4837130E-01  1.2915521E-06  4.2971049E-09  1.0216519E-07  6.8211449E-06  3.5136664E-10  2.0005896E-09  9.2048308E-07  2.3543589E-08  0.000E+00  0.2254  4.596956   -9.314  1.836444  7.964096  1.2217452E-03  9.9876846E-01  1.4705699E-07  4.0697990E-08  7.1158649E-06  4.3723815E-08  1.1889715E-10  1.9079341E-14  1.7821558E-13  6.9104183E-14  1.398E-12  0.000E+00  0.000E+00  1.000E+00  1.000E+00  6.07E+02  0.00E+00  0.00E+00  0.000000  0.140582  0.0000000E+00  0.0000000000E+00
110  8.101377366683427E+06   19.998560  5.036488  4.611275  7.5157730E-01  2.4837130E-01  1.2915521E-06  4.2971049E-09  1.0216519E-07  6.8211449E-06  3.5136664E-10  2.0005896E-09  9.2048308E-07  2.3543589E-08  0.000E+00  0.0023  4.611275   -9.262  2.227266  8.064895  1.6290010E-08  9.9999020E-01  2.0694141E-07  5.7923557E-08  7.0358161E-06  3.2945394E-08  3.1058308E-10  2.9064618E-15  1.8078918E-13  8.6638844E-14  5.682E-14  0.000E+00  0.000E+00  1.000E+00  1.000E+00  6.21E+02  0.00E+00  0.00E+00  0.000000  0.146435  0.0000000E+00  0.0000000000E+00
111  8.101540310178863E+06   19.998560  5.036266  4.611057  7.5157730E-01  2.4837130E-01  1.2915521E-06  4.2971049E-09  1.0216519E-07  6.8211449E-06  3.5136664E-10  2.0005896E-09  9.2048308E-07  2.3543589E-08  0.000E+00  0.0014  4.611057   -9.263  2.231736  8.064257  5.9381650E-10  9.9999020E-01  2.1525663E-07  5.8289144E-08  7.0237845E-06  3.4247802E-08  3.2908776E-10  5.0906525E-13  1.8086545E-13  8.6636077E-14  5.440E-14  0.000E+00  0.000E+00  1.000E+00  1.000E+00  6.21E+02  0.00E+00  0.00E+00  0.000000  0.146361  0.0000000E+00  0.0000000000E+00
112  8.101703253674299E+06   19.998560  5.036279  4.610974  7.5157730E-01  2.4837130E-01  1.2915521E-06  4.2971049E-09  1.0216519E-07  6.8211449E-06  3.5136664E-10  2.0005896E-09  9.2048308E-07  2.3543589E-08  0.000E+00  0.0010  4.610974   -9.263  2.239210  8.064874  0.0000000E+00  9.9999020E-01  2.1847860E-07  4.4175815E-08  7.0102294E-06  5.2107905E-08  3.3085763E-10  1.9328456E-13  1.8235405E-13  8.6625010E-14  3.157E-14  0.000E+00  0.000E+00  1.000E+00  1.000E+00  6.21E+02  0.00E+00  0.00E+00  0.000000  0.146365  0.0000000E+00  0.0000000000E+00
113  8.101866197169735E+06   19.998560  5.036461  4.610967  7.5157730E-01  2.4837130E-01  1.2915521E-06  4.2971049E-09  1.0216519E-07  6.8211449E-06  3.5136664E-10  2.0005896E-09  9.2048308E-07  2.3543589E-08  0.000E+00  0.0007  4.610967   -9.263  2.251483  8.067514  0.0000000E+00  9.9999020E-01  2.2261089E-07  3.2418080E-08  6.9980024E-06  6.7678702E-08  3.3388900E-10  2.9618234E-13  1.8460875E-13  8.6615810E-14  2.004E-14  0.000E+00  0.000E+00  1.000E+00  1.000E+00  6.21E+02  0.00E+00  0.00E+00  0.000000  0.146426  0.0000000E+00  0.0000000000E+00
114  8.102029140665172E+06   19.998559  5.036534  4.610856  7.5157730E-01  2.4837130E-01  1.2915521E-06  4.2971049E-09  1.0216519E-07  6.8211449E-06  3.5136664E-10  2.0005896E-09  9.2048308E-07  2.3543589E-08  0.000E+00  0.0000  4.610856   -9.263  2.261097  8.069052  0.0000000E+00  9.9999020E-01  2.2761424E-07  2.2890411E-08  6.9876865E-06  8.0718792E-08  3.3724412E-10  4.6238931E-13  1.8761297E-13  8.6609291E-14  1.370E-14  0.000E+00  0.000E+00  1.000E+00  1.000E+00  6.20E+02  0.00E+00  0.00E+00  0.000000  0.146451  0.0000000E+00  0.0000000000E+00
115  8.102192084160607E+06   19.998559  5.036794  4.610831  7.5157730E-01  2.4837130E-01  1.2915521E-06  4.2971049E-09  1.0216519E-07  6.8211449E-06  3.5136664E-10  2.0005896E-09  9.2048308E-07  2.3543589E-08  0.000E+00  0.0000  4.610831   -9.262  2.274144  8.072048  0.0000000E+00  9.9999020E-01  2.3347679E-07  1.5582520E-08  6.9796289E-06  9.0987197E-08  3.4037459E-10  7.7227104E-13  1.9118977E-13  8.6606119E-14  1.014E-14  0.000E+00  0.000E+00  1.000E+00  1.000E+00  6.20E+02  0.00E+00  0.00E+00  0.000000  0.146539  0.0000000E+00  0.0000000000E+00
116  8.102355027656044E+06   19.998559  5.037062  4.610772  7.5157730E-01  2.4837130E-01  1.2915521E-06  4.2971049E-09  1.0216519E-07  6.8211449E-06  3.5136664E-10  2.0005896E-09  9.2048308E-07  2.3543589E-08  0.000E+00  0.0000  4.610772   -9.262  2.288020  8.075413  0.0000000E+00  9.9999020E-01  2.4192386E-07  9.6410985E-09  6.9730949E-06  9.9496812E-08  3.4326324E-10  1.5293343E-12  1.9575783E-13  8.6609192E-14  7.884E-15  0.000E+00  0.000E+00  1.000E+00  1.000E+00  6.20E+02  0.00E+00  0.00E+00  0.000000  0.146629  0.0000000E+00  0.0000000000E+00
117  8.102517971151480E+06   19.998559  5.037289  4.610645  7.5157730E-01  2.4837130E-01  1.2915521E-06  4.2971049E-09  1.0216519E-07  6.8211449E-06  3.5136664E-10  2.0005896E-09  9.2048308E-07  2.3543589E-08  0.000E+00  0.0000  4.610645   -9.261  2.301487  8.078627  0.0000000E+00  9.9999020E-01  2.5358240E-07  5.6231339E-09  6.9688331E-06  1.0537460E-07  3.4543286E-10  2.9758766E-12  2.0107233E-13  8.6628513E-14  6.637E-15  0.000E+00  0.000E+00  1.000E+00  1.000E+00  6.20E+02  0.00E+00  0.00E+00  0.000000  0.146705  0.0000000E+00  0.0000000000E+00
118  8.102680914646916E+06   19.998559  5.037477  4.610460  7.5157730E-01  2.4837130E-01  1.2915521E-06  4.2971049E-09  1.0216519E-07  6.8211449E-06  3.5136664E-10  2.0005896E-09  9.2048308E-07  2.3543589E-08  0.000E+00  0.0000  4.610460   -9.261  2.314454  8.081649  0.0000000E+00  9.9999010E-01  2.6859419E-07  3.0080529E-09  6.9663262E-06  1.0924831E-07  3.4689451E-10  6.1328310E-12  2.0649750E-13  8.6684833E-14  5.905E-15  0.000E+00  0.000E+00  1.000E+00  1.000E+00  6.20E+02  0.00E+00  0.00E+00  0.000000  0.146770  0.0000000E+00  0.0000000000E+00
119  8.102843858142352E+06   19.998559  5.037632  4.610221  7.5157730E-01  2.4837130E-01  1.2915521E-06  4.2971049E-09  1.0216519E-07  6.8211449E-06  3.5136664E-10  2.0005896E-09  9.2048308E-07  2.3543589E-08  0.000E+00  0.0000  4.610221   -9.261  2.326925  8.084482  0.0000000E+00  9.9999010E-01  2.8754612E-07  1.4631478E-09  6.9651945E-06  1.1155402E-07  3.4774558E-10  1.3160861E-11  2.1163090E-13  8.6834296E-14  5.501E-15  0.000E+00  0.000E+00  1.000E+00  1.000E+00  6.19E+02  0.00E+00  0.00E+00  0.000000  0.146822  0.0000000E+00  0.0000000000E+00
120  8.103006801637787E+06   19.998559  5.037754  4.609919  7.5157730E-01  2.4837130E-01  1.2915521E-06  4.2971049E-09  1.0216519E-07  6.8211449E-06  3.5136664E-10  2.0005896E-09  9.2048308E-07  2.3543589E-08  0.000E+00  0.0000  4.609919   -9.261  2.338628  8.087008  0.0000000E+00  9.9999010E-01  3.1258452E-07  7.0550568E-10  6.9650816E-06  1.1268253E-07  3.4811296E-10  2.9945063E-11  2.1638900E-13  8.7340723E-14  5.313E-15  0.000E+00  0.000E+00  1.000E+00  1.000E+00  6.19E+02  0.00E+00  0.00E+00  0.000000  0.146863  0.0000000E+00  0.0000000000E+00
121  8.103169745133224E+06   19.998559  5.037868  4.609580  7.5157730E-01  2.4837130E-01  1.2915521E-06  4.2971049E-09  1.0216519E-07  6.8211449E-06  3.5136664E-10  2.0005896E-09  9.2048308E-07  2.3543589E-08  0.000E+00  0.0000  4.609580   -9.261  2.350884  8.089786  0.0000000E+00  9.9999010E-01  3.4458218E-07  3.0291249E-10  6.9654118E-06  1.1326797E-07  3.4826243E-10  7.3673682E-11  2.2082061E-13  8.8865495E-14  5.215E-15  0.000E+00  0.000E+00  1.000E+00  1.000E+00  6.18E+02  0.00E+00  0.00E+00  0.000000  0.146901  0.0000000E+00  0.0000000000E+00
122  8.103332688628660E+06   19.998559  5.037957  4.609194  7.5157730E-01  2.4837130E-01  1.2915521E-06  4.2971049E-09  1.0216519E-07  6.8211449E-06  3.5136664E-10  2.0005896E-09  9.2048308E-07  2.3543589E-08  0.000E+00  0.0000  4.609194   -9.261  2.362876  8.092470  0.0000000E+00  9.9999001E-01  3.8514520E-07  1.1015477E-10  6.9659659E-06  1.1353763E-07  3.4830638E-10  1.7576099E-10  2.2509945E-13  9.3273946E-14  5.171E-15  0.000E+00  0.000E+00  1.000E+00  1.000E+00  6.17E+02  0.00E+00  0.00E+00  0.000000  0.146931  0.0000000E+00  0.0000000000E+00
123  8.103495632124096E+06   19.998559  5.038017  4.608756  7.5157730E-01  2.4837130E-01  1.2915521E-06  4.2971049E-09  1.0216519E-07  6.8211449E-06  3.5136664E-10  2.0005896E-09  9.2048308E-07  2.3543589E-08  0.000E+00  0.0000  4.608756   -9.261  2.374352  8.094952  0.0000000E+00  9.9998999E-01  4.3742666E-07  3.6490672E-11  6.9665946E-06  1.1363740E-07  3.4831317E-10  3.7487133E-10  2.2958104E-13  1.0606506E-13  5.153E-15  0.000E+00  0.000E+00  1.000E+00  1.000E+00  6.17E+02  0.00E+00  0.00E+00  0.000000  0.146952  0.0000000E+00  0.0000000000E+00
124  8.103658575619532E+06   19.998559  5.038054  4.608271  7.5157730E-01  2.4837130E-01  1.2915521E-06  4.2971049E-09  1.0216519E-07  6.8211449E-06  3.5136664E-10  2.0005896E-09  9.2048308E-07  2.3543589E-08  0.000E+00  0.0000  4.608271   -9.261  2.384679  8.096963  0.0000000E+00  9.9998989E-01  5.0219873E-07  1.1844008E-11  6.9672096E-06  1.1366984E-07  3.4830931E-10  6.6118643E-10  2.3454834E-13  1.3445801E-13  5.148E-15  0.000E+00  0.000E+00  1.000E+00  1.000E+00  6.16E+02  0.00E+00  0.00E+00  0.000000  0.146964  0.0000000E+00  0.0000000000E+00
125  8.103821519114968E+06   19.998558  5.038087  4.607756  7.5157730E-01  2.4837130E-01  1.2915521E-06  4.2971049E-09  1.0216519E-07  6.8211449E-06  3.5136664E-10  2.0005896E-09  9.2048308E-07  2.3543589E-08  0.000E+00  0.0000  4.607756   -9.262  2.395191  8.099067  0.0000000E+00  9.9998979E-01  5.8153768E-07  3.5508635E-12  6.9677668E-06  1.1368115E-07  3.4830421E-10  1.0358427E-09  2.4022013E-13  1.8767175E-13  5.145E-15  0.000E+00  0.000E+00  1.000E+00  1.000E+00  6.16E+02  0.00E+00  0.00E+00  0.000000  0.146976  0.0000000E+00  0.0000000000E+00
126  8.103984462610404E+06   19.998558  5.038137  4.607223  7.5157730E-01  2.4837130E-01  1.2915521E-06  4.2971049E-09  1.0216519E-07  6.8211449E-06  3.5136664E-10  2.0005896E-09  9.2048308E-07  2.3543589E-08  0.000E+00  0.0000  4.607223   -9.262  2.403110  8.100075  0.0000000E+00  9.9998969E-01  6.7046773E-07  1.0036864E-12  6.9682781E-06  1.1368489E-07  3.4829793E-10  1.4596827E-09  2.4633607E-13  2.7094387E-13  5.144E-15  0.000E+00  0.000E+00  1.000E+00  1.000E+00  6.15E+02  0.00E+00  0.00E+00  0.000000  0.146993  0.0000000E+00  0.0000000000E+00
127  8.104147406105841E+06   19.998558  5.038230  4.606691  7.5157730E-01  2.4837130E-01  1.2915521E-06  4.2971049E-09  1.0216519E-07  6.8211449E-06  3.5136664E-10  2.0005896E-09  9.2048308E-07  2.3543589E-08  0.000E+00  0.0000  4.606691   -9.262  2.414256  8.102480  0.0000000E+00  9.9998959E-01  7.8261249E-07  2.5939097E-13  6.9686834E-06  1.1368647E-07  3.4829048E-10  2.0030633E-09  2.5358036E-13  4.1293335E-13  5.143E-15  0.000E+00  0.000E+00  1.000E+00  1.000E+00  6.14E+02  0.00E+00  0.00E+00  0.000000  0.147024  0.0000000E+00  0.0000000000E+00
128  8.104310349601276E+06   19.998558  5.038325  4.606130  7.5157730E-01  2.4837130E-01  1.2915521E-06  4.2971049E-09  1.0216519E-07  6.8211449E-06  3.5136664E-10  2.0005896E-09  9.2048308E-07  2.3543589E-08  0.000E+00  0.0000  4.606130   -9.262  2.425594  8.104986  0.0000000E+00  9.9998949E-01  9.2600876E-07  5.9720156E-14  6.9689480E-06  1.1368757E-07  3.4828149E-10  2.7074595E-09  2.6226136E-13  6.5704015E-13  5.142E-15  0.000E+00  0.000E+00  1.000E+00  1.000E+00  6.13E+02  0.00E+00  0.00E+00  0.000000  0.147056  0.0000000E+00  0.0000000000E+00
129  8.104473293096713E+06   19.998558  5.038389  4.605519  7.5157730E-01  2.4837130E-01  1.2915521E-06  4.2971049E-09  1.0216519E-07  6.8211449E-06  3.5136664E-10  2.0005896E-09  9.2048308E-07  2.3543589E-08  0.000E+00  0.0000  4.605519   -9.263  2.435362  8.106837  0.0000000E+00  9.9998933E-01  1.1043728E-06  1.9408064E-14  6.9690555E-06  1.1368880E-07  3.4827096E-10  3.5903775E-09  2.7244507E-13  1.0674160E-12  5.141E-15  0.000E+00  0.000E+00  1.000E+00  1.000E+00  6.12E+02  0.00E+00  0.00E+00  0.000000  0.147078  0.0000000E+00  0.0000000000E+00
130  8.104636236592148E+06   19.998558  5.038524  4.604922  7.5157730E-01  2.4837130E-01  1.2915521E-06  4.2971049E-09  1.0216519E-07  6.8211449E-06  3.5136664E-10  2.0005896E-09  9.2048308E-07  2.3543589E-08  0.000E+00  0.0000  4.604922   -9.264  2.446286  8.109201  0.0000000E+00  9.9998906E-01  1.3349403E-06  5.1615366E-15  6.9689332E-06  1.1369049E-07  3.4825824E-10  4.7486219E-09  2.8473595E-13  1.7746810E-12  5.140E-15  0.000E+00  0.000E+00  1.000E+00  1.000E+00  6.11E+02  0.00E+00  0.00E+00  0.000000  0.147124  0.0000000E+00  0.0000000000E+00
131  8.104799180087584E+06   19.998558  5.038646  4.604290  7.5157730E-01  2.4837130E-01  1.2915521E-06  4.2971049E-09  1.0216519E-07  6.8211449E-06  3.5136664E-10  2.0005896E-09  9.2048308E-07  2.3543589E-08  0.000E+00  0.0000  4.604290   -9.264  2.457432  8.111679  0.0000000E+00  9.9998876E-01  1.6226145E-06  1.0516505E-15  6.9685601E-06  1.1369279E-07  3.4824328E-10  6.2119203E-09  2.9919637E-13  2.9016424E-12  5.140E-15  0.000E+00  0.000E+00  1.000E+00  1.000E+00  6.11E+02  0.00E+00  0.00E+00  0.000000  0.147165  0.0000000E+00  0.0000000000E+00
132  8.104962123583021E+06   19.998558  5.038735  4.603607  7.5157730E-01  2.4837130E-01  1.2915521E-06  4.2971049E-09  1.0216519E-07  6.8211449E-06  3.5136664E-10  2.0005896E-09  9.2048308E-07  2.3543589E-08  0.000E+00  0.0000  4.603607   -9.263  2.468350  8.114075  0.0000000E+00  9.9998842E-01  1.9734064E-06  2.3478995E-16  6.9679107E-06  1.1369588E-07  3.4822593E-10  8.0130393E-09  3.1597941E-13  4.5872353E-12  5.139E-15  0.000E+00  0.000E+00  1.000E+00  1.000E+00  6.10E+02  0.00E+00  0.00E+00  0.000000  0.147195  0.0000000E+00  0.0000000000E+00
133  8.105125067078456E+06   19.998558  5.038835  4.602896  7.5157730E-01  2.4837130E-01  1.2915521E-06  4.2971049E-09  1.0216519E-07  6.8211449E-06  3.5136664E-10  2.0005896E-09  9.2048308E-07  2.3543589E-08  0.000E+00  0.0000  4.602896   -9.264  2.478677  8.116236  0.0000000E+00  9.9998797E-01  2.4042288E-06  1.1416914E-16  6.9669142E-06  1.1370018E-07  3.4820563E-10  1.0239382E-08  3.3561710E-13  7.2048868E-12  5.138E-15  0.000E+00  0.000E+00  1.000E+00  1.000E+00  6.08E+02  0.00E+00  0.00E+00  0.000000  0.147229  0.0000000E+00  0.0000000000E+00
134  8.105288010573893E+06   19.998558  5.038949  4.602155  7.5157730E-01  2.4837130E-01  1.2915521E-06  4.2971049E-09  1.0216519E-07  6.8211449E-06  3.5136664E-10  2.0005896E-09  9.2048308E-07  2.3543589E-08  0.000E+00  0.0000  4.602155   -9.265  2.488130  8.118035  0.0000000E+00  9.9998744E-01  2.9199579E-06  8.9744662E-17  6.9655544E-06  1.1370616E-07  3.4818240E-10  1.2911800E-08  3.5810247E-13  1.1210110E-11  5.137E-15  0.000E+00  0.000E+00  1.000E+00  1.000E+00  6.07E+02  0.00E+00  0.00E+00  0.000000  0.147267  0.0000000E+00  0.0000000000E+00
135  8.105450954069328E+06   19.998558  5.039136  4.601423  7.5157730E-01  2.4837130E-01  1.2915521E-06  4.2971049E-09  1.0216519E-07  6.8211449E-06  3.5136664E-10  2.0005896E-09  9.2048308E-07  2.3543589E-08  0.000E+00  0.0000  4.601423   -9.265  2.498277  8.120154  0.0000000E+00  9.9998682E-01  3.5649377E-06  8.7421667E-17  6.9636350E-06  1.1371475E-07  3.4815489E-10  1.6283563E-08  3.8473827E-13  1.7661820E-11  5.136E-15  0.000E+00  0.000E+00  1.000E+00  1.000E+00  6.06E+02  0.00E+00  0.00E+00  0.000000  0.147331  0.0000000E+00  0.0000000000E+00
136  8.105613897564765E+06   19.998557  5.039382  4.600703  7.5157730E-01  2.4837130E-01  1.2915521E-06  4.2971049E-09  1.0216519E-07  6.8211449E-06  3.5136664E-10  2.0005896E-09  9.2048308E-07  2.3543589E-08  0.000E+00  0.0000  4.600703   -9.266  2.509119  8.122585  0.0000000E+00  9.9998612E-01  4.3048918E-06  8.9984462E-17  6.9613037E-06  1.1372527E-07  3.4812426E-10  2.0171065E-08  4.1440700E-13  2.5941751E-11  5.135E-15  0.000E+00  0.000E+00  1.000E+00  1.000E+00  6.05E+02  0.00E+00  0.00E+00  0.000000  0.147415  0.0000000E+00  0.0000000000E+00
137  8.105776841060201E+06   19.998557  5.039605  4.599912  7.5157730E-01  2.4837130E-01  1.2915521E-06  4.2971049E-09  1.0216519E-07  6.8211449E-06  3.5136664E-10  2.0005896E-09  9.2048308E-07  2.3543589E-08  0.000E+00  0.0000  4.599912   -9.265  2.519937  8.125037  0.0000000E+00  9.9998510E-01  5.3355888E-06  9.7040067E-17  6.9577013E-06  1.1374298E-07  3.4808477E-10  2.5660925E-08  4.5267672E-13  4.1978796E-11  5.134E-15  0.000E+00  0.000E+00  1.000E+00  1.000E+00  6.04E+02  0.00E+00  0.00E+00  0.000000  0.147490  0.0000000E+00  0.0000000000E+00
138  8.105939784555637E+06   19.998557  5.039833  4.599102  7.5157730E-01  2.4837130E-01  1.2915521E-06  4.2971049E-09  1.0216519E-07  6.8211449E-06  3.5136664E-10  2.0005896E-09  9.2048308E-07  2.3543589E-08  0.000E+00  0.0000  4.599102   -9.265  2.530541  8.127407  0.0000000E+00  9.9998390E-01  6.5294429E-06  1.0540286E-16  6.9533824E-06  1.1376574E-07  3.4804068E-10  3.2056131E-08  4.9542595E-13  6.4128397E-11  5.134E-15  0.000E+00  0.000E+00  1.000E+00  1.000E+00  6.02E+02  0.00E+00  0.00E+00  0.000000  0.147567  0.0000000E+00  0.0000000000E+00
139  8.106102728051073E+06   19.998557  5.040068  4.598264  7.5157730E-01  2.4837130E-01  1.2915521E-06  4.2971049E-09  1.0216519E-07  6.8211449E-06  3.5136664E-10  2.0005896E-09  9.2048308E-07  2.3543589E-08  0.000E+00  0.0000  4.598264   -9.266  2.540835  8.129658  0.0000000E+00  9.9998244E-01  7.9507829E-06  1.1551610E-16  6.9480644E-06  1.1379561E-07  3.4799018E-10  3.9714001E-08  5.4440021E-13  9.4905127E-11  5.133E-15  0.000E+00  0.000E+00  1.000E+00  1.000E+00  6.01E+02  0.00E+00  0.00E+00  0.000000  0.147647  0.0000000E+00  0.0000000000E+00
140  8.106265671546509E+06   19.998557  5.040399  4.597440  7.5157730E-01  2.4837130E-01  1.2915521E-06  4.2971049E-09  1.0216519E-07  6.8211449E-06  3.5136664E-10  2.0005896E-09  9.2048308E-07  2.3543589E-08  0.000E+00  0.0000  4.597440   -9.267  2.551428  8.132064  0.0000000E+00  9.9998055E-01  9.8531612E-06  1.2980081E-16  6.9406028E-06  1.1384317E-07  3.4792707E-10  5.0087522E-08  6.0562418E-13  1.5013065E-10  5.132E-15  0.000E+00  0.000E+00  1.000E+00  1.000E+00  6.00E+02  0.00E+00  0.00E+00  0.000000  0.147760  0.0000000E+00  0.0000000000E+00
141  8.106428615041945E+06   19.998557  5.040739  4.596599  7.5157730E-01  2.4837130E-01  1.2915521E-06  4.2971049E-09  1.0216519E-07  6.8211449E-06  3.5136664E-10  2.0005896E-09  9.2048308E-07  2.3543589E-08  0.000E+00  0.0000  4.596599   -9.267  2.562030  8.134487  0.0000000E+00  9.9997835E-01  1.2061296E-05  1.4680152E-16  6.9317687E-06  1.1390382E-07  3.4785638E-10  6.2199252E-08  6.7423150E-13  2.2517673E-10  5.131E-15  0.000E+00  0.000E+00  1.000E+00  1.000E+00  5.99E+02  0.00E+00  0.00E+00  0.000000  0.147876  0.0000000E+00  0.0000000000E+00
142  8.106591558537381E+06   19.998557  5.041051  4.595702  7.5157730E-01  2.4837130E-01  1.2915521E-06  4.2971049E-09  1.0216519E-07  6.8211449E-06  3.5136664E-10  2.0005896E-09  9.2048308E-07  2.3543589E-08  0.000E+00  0.0000  4.595702   -9.266  2.572496  8.136874  0.0000000E+00  9.9997555E-01  1.4851169E-05  1.6902370E-16  6.9203151E-06  1.1399093E-07  3.4777161E-10  7.7628231E-08  7.5654989E-13  3.4151135E-10  5.130E-15  0.000E+00  0.000E+00  1.000E+00  1.000E+00  5.97E+02  0.00E+00  0.00E+00  0.000000  0.147982  0.0000000E+00  0.0000000000E+00
143  8.106754502032817E+06   19.998557  5.041377  4.594781  7.5157730E-01  2.4837130E-01  1.2915521E-06  4.2971049E-09  1.0216519E-07  6.8211449E-06  3.5136664E-10  2.0005896E-09  9.2048308E-07  2.3543589E-08  0.000E+00  0.0000  4.594781   -9.266  2.582865  8.139239  0.0000000E+00  9.9997199E-01  1.8409548E-05  1.9847617E-16  6.9053664E-06  1.1412108E-07  3.4766960E-10  9.7473061E-08  8.5564868E-13  5.3362157E-10  5.130E-15  0.000E+00  0.000E+00  1.000E+00  1.000E+00  5.96E+02  0.00E+00  0.00E+00  0.000000  0.148093  0.0000000E+00  0.0000000000E+00
144  8.106917445528253E+06   19.998557  5.041717  4.593848  7.5157730E-01  2.4837130E-01  1.2915521E-06  4.2971049E-09  1.0216519E-07  6.8211449E-06  3.5136664E-10  2.0005896E-09  9.2048308E-07  2.3543589E-08  0.000E+00  0.0000  4.593848   -9.267  2.592896  8.141469  0.0000000E+00  9.9996798E-01  2.2416547E-05  2.3243404E-16  6.8883990E-06  1.1427996E-07  3.4755774E-10  1.1986182E-07  9.6432892E-13  7.7706872E-10  5.129E-15  0.000E+00  0.000E+00  1.000E+00  1.000E+00  5.95E+02  0.00E+00  0.00E+00  0.000000  0.148209  0.0000000E+00  0.0000000000E+00
145  8.107080389023690E+06   19.998557  5.042106  4.592908  7.5157730E-01  2.4837130E-01  1.2915521E-06  4.2971049E-09  1.0216519E-07  6.8211449E-06  3.5136664E-10  2.0005896E-09  9.2048308E-07  2.3543589E-08  0.000E+00  0.0000  4.592908   -9.268  2.600912  8.142837  0.0000000E+00  9.9996314E-01  2.7212803E-05  2.7576660E-16  6.8679890E-06  1.1450756E-07  3.4742970E-10  1.4655384E-07  1.0887758E-12  1.1469686E-09  5.128E-15  0.000E+00  0.000E+00  1.000E+00  1.000E+00  5.94E+02  0.00E+00  0.00E+00  0.000000  0.148342  0.0000000E+00  0.0000000000E+00
146  8.107243332519125E+06   19.998557  5.042541  4.591972  7.5157730E-01  2.4837130E-01  1.2915521E-06  4.2971049E-09  1.0216519E-07  6.8211449E-06  3.5136664E-10  2.0005896E-09  9.2048308E-07  2.3543589E-08  0.000E+00  0.0000  4.591972   -9.268  2.611530  8.145373  0.0000000E+00  9.9995681E-01  3.3527509E-05  3.3105264E-16  6.8405046E-06  1.1484531E-07  3.4727112E-10  1.8213130E-07  1.2429920E-12  1.7605726E-09  5.127E-15  0.000E+00  0.000E+00  1.000E+00  1.000E+00  5.92E+02  0.00E+00  0.00E+00  0.000000  0.148491  0.0000000E+00  0.0000000000E+00
147  8.107406276014562E+06   19.998557  5.043011  4.591039  7.5157730E-01  2.4837130E-01  1.2915521E-06  4.2971049E-09  1.0216519E-07  6.8211449E-06  3.5136664E-10  2.0005896E-09  9.2048308E-07  2.3543589E-08  0.000E+00  0.0000  4.591039   -9.268  2.624215  8.148835  0.0000000E+00  9.9994929E-01  4.1047897E-05  3.9583001E-16  6.8074030E-06  1.1527052E-07  3.4708828E-10  2.2476400E-07  1.4208457E-12  2.5676830E-09  5.126E-15  0.000E+00  0.000E+00  1.000E+00  1.000E+00  5.91E+02  0.00E+00  0.00E+00  0.000000  0.148652  0.0000000E+00  0.0000000000E+00
148  8.107569219509997E+06   19.998556  5.043455  4.590047  7.5157730E-01  2.4837130E-01  1.2915521E-06  4.2971049E-09  1.0216519E-07  6.8211449E-06  3.5136664E-10  2.0005896E-09  9.2048308E-07  2.3543589E-08  0.000E+00  0.0000  4.590047   -9.268  2.633120  8.150664  0.0000000E+00  9.9993977E-01  5.0573135E-05  4.9591416E-16  6.7654868E-06  1.1594339E-07  3.4686822E-10  2.7824692E-07  1.6349735E-12  3.9405517E-09  5.125E-15  0.000E+00  0.000E+00  1.000E+00  1.000E+00  5.89E+02  0.00E+00  0.00E+00  0.000000  0.148804  0.0000000E+00  0.0000000000E+00
149  8.107732163005434E+06   19.998556  5.043923  4.589052  7.5157730E-01  2.4837130E-01  1.2915521E-06  4.2971049E-09  1.0216519E-07  6.8211449E-06  3.5136664E-10  2.0005896E-09  9.2048308E-07  2.3543589E-08  0.000E+00  0.0000  4.589052   -9.268  2.642596  8.152763  0.0000000E+00  9.9992870E-01  6.1620781E-05  6.0997515E-16  6.7167452E-06  1.1681132E-07  3.4662104E-10  3.4009176E-07  1.8755421E-12  5.8093552E-09  5.125E-15  0.000E+00  0.000E+00  1.000E+00  1.000E+00  5.87E+02  0.00E+00  0.00E+00  0.000000  0.148965  0.0000000E+00  0.0000000000E+00
150  8.107895106500870E+06   19.998556  5.044424  4.588055  7.5157730E-01  2.4837130E-01  1.2915521E-06  4.2971049E-09  1.0216519E-07  6.8211449E-06  3.5136664E-10  2.0005896E-09  9.2048308E-07  2.3543589E-08  0.000E+00  0.0000  4.588055   -9.268  2.652937  8.155266  0.0000000E+00  9.9991551E-01  7.4758037E-05  7.4291870E-16  6.6586321E-06  1.1794714E-07  3.4633668E-10  4.1341680E-07  2.1523765E-12  8.3604220E-09  5.124E-15  0.000E+00  0.000E+00  1.000E+00  1.000E+00  5.86E+02  0.00E+00  0.00E+00  0.000000  0.149136  0.0000000E+00  0.0000000000E+00
151  8.108058049996305E+06   19.998556  5.044947  4.587036  7.5157730E-01  2.4837130E-01  1.2915521E-06  4.2971049E-09  1.0216519E-07  6.8211449E-06  3.5136664E-10  2.0005896E-09  9.2048308E-07  2.3543589E-08  0.000E+00  0.0000  4.587036   -9.268  2.662853  8.157624  0.0000000E+00  9.9989753E-01  9.2731972E-05  9.3167896E-16  6.5794316E-06  1.1989737E-07  3.4597226E-10  5.1199446E-07  2.5073004E-12  1.3163143E-08  5.123E-15  0.000E+00  0.000E+00  1.000E+00  1.000E+00  5.85E+02  0.00E+00  0.00E+00  0.000000  0.149316  0.0000000E+00  0.0000000000E+00
152  8.108220993491742E+06   19.998556  5.045475  4.586014  7.5157730E-01  2.4837130E-01  1.2915521E-06  4.2971049E-09  1.0216519E-07  6.8211449E-06  3.5136664E-10  2.0005896E-09  9.2048308E-07  2.3543589E-08  0.000E+00  0.0000  4.586014   -9.268  2.672693  8.159956  0.0000000E+00  9.9987869E-01  1.1157743E-04  1.1304968E-15  6.4964313E-06  1.2199434E-07  3.4559343E-10  6.1512238E-07  2.8762953E-12  1.8371589E-08  5.122E-15  0.000E+00  0.000E+00  1.000E+00  1.000E+00  5.83E+02  0.00E+00  0.00E+00  0.000000  0.149497  0.0000000E+00  0.0000000000E+00
153  8.108383936987177E+06   19.998556  5.045973  4.584939  7.5157730E-01  2.4837130E-01  1.2915521E-06  4.2971049E-09  1.0216519E-07  6.8211449E-06  3.5136664E-10  2.0005896E-09  9.2048308E-07  2.3543589E-08  0.000E+00  0.0000  4.584939   -9.269  2.683123  8.162616  0.0000000E+00  9.9985059E-01  1.3961359E-04  1.4590050E-15  6.3742895E-06  1.2596110E-07  3.4507315E-10  7.6385661E-07  3.3833605E-12  2.9325847E-08  5.121E-15  0.000E+00  0.000E+00  1.000E+00  1.000E+00  5.81E+02  0.00E+00  0.00E+00  0.000000  0.149669  0.0000000E+00  0.0000000000E+00
154  8.108546880482614E+06   19.998556  5.046479  4.583865  7.5157730E-01  2.4837130E-01  1.2915521E-06  4.2971049E-09  1.0216519E-07  6.8211449E-06  3.5136664E-10  2.0005896E-09  9.2048308E-07  2.3543589E-08  0.000E+00  0.0000  4.583865   -9.269  2.693251  8.165146  0.0000000E+00  9.9982175E-01  1.6839196E-04  1.8045021E-15  6.2494741E-06  1.3016704E-07  3.4454223E-10  9.1545093E-07  3.9008196E-12  4.0982915E-08  5.120E-15  0.000E+00  0.000E+00  1.000E+00  1.000E+00  5.80E+02  0.00E+00  0.00E+00  0.000000  0.149843  0.0000000E+00  0.0000000000E+00
155  8.108709823978050E+06   19.998556  5.047101  4.582831  7.5157730E-01  2.4837130E-01  1.2915521E-06  4.2971049E-09  1.0216519E-07  6.8211449E-06  3.5136664E-10  2.0005896E-09  9.2048308E-07  2.3543589E-08  0.000E+00  0.0000  4.582831   -9.270  2.699595  8.166023  0.0000000E+00  9.9978837E-01  2.0172381E-04  2.2899492E-15  6.1109280E-06  1.3632402E-07  3.4395025E-10  1.0800799E-06  4.4778993E-12  5.8260985E-08  5.119E-15  0.000E+00  0.000E+00  1.000E+00  1.000E+00  5.78E+02  0.00E+00  0.00E+00  0.000000  0.150058  0.0000000E+00  0.0000000000E+00
156  8.108872767473486E+06   19.998556  5.047770  4.581818  7.5157730E-01  2.4837130E-01  1.2915521E-06  4.2971049E-09  1.0216519E-07  6.8211449E-06  3.5136664E-10  2.0005896E-09  9.2048308E-07  2.3543589E-08  0.000E+00  0.0002  4.581818   -9.270  2.706779  8.167285  0.0000000E+00  9.9976782E-01  2.2223810E-04  1.6478596E-11  6.0269321E-06  1.4110977E-07  3.4288100E-10  1.1758372E-06  4.8033863E-12  6.9711964E-08  4.660E-15  0.000E+00  0.000E+00  1.000E+00  1.000E+00  5.77E+02  0.00E+00  0.00E+00  0.000000  0.150289  0.0000000E+00  0.0000000000E+00
157  8.109035710968922E+06   19.998556  5.048630  4.580896  7.5157730E-01  2.4837130E-01  1.2915521E-06  4.2971049E-09  1.0216519E-07  6.8211449E-06  3.5136664E-10  2.0005896E-09  9.2048308E-07  2.3543589E-08  0.000E+00  0.0013  4.580896   -9.269  2.717423  8.170136  0.0000000E+00  9.9980020E-01  1.8991272E-04  1.0087558E-10  6.1678165E-06  1.4024276E-07  3.3984424E-10  9.8767448E-07  4.0916955E-12  5.7141081E-08  2.306E-15  0.000E+00  0.000E+00  1.000E+00  1.000E+00  5.75E+02  0.00E+00  0.00E+00  0.000000  0.150588  0.0000000E+00  0.0000000000E+00
158  8.109198654464358E+06   19.998556  5.049489  4.579961  7.5157730E-01  2.4837130E-01  1.2915521E-06  4.2971049E-09  1.0216519E-07  6.8211449E-06  3.5136664E-10  2.0005896E-09  9.2048308E-07  2.3543589E-08  0.000E+00  0.0020  4.579961   -9.269  2.727908  8.172963  0.0000000E+00  9.9981864E-01  1.7150871E-04  1.5692990E-10  6.2484568E-06  1.4221006E-07  3.3719611E-10  8.7418053E-07  4.6142700E-12  5.1249503E-08  1.829E-15  0.000E+00  0.000E+00  1.000E+00  1.000E+00  5.74E+02  0.00E+00  0.00E+00  0.000000  0.150886  0.0000000E+00  0.0000000000E+00
159  8.109361597959794E+06   19.998555  5.050346  4.578996  7.5157730E-01  2.4837130E-01  1.2915521E-06  4.2971049E-09  1.0216519E-07  6.8211449E-06  3.5136664E-10  2.0005896E-09  9.2048308E-07  2.3543589E-08  0.000E+00  0.0021  4.578996   -9.268  2.738040  8.175739  0.0000000E+00  9.9980621E-01  1.8391996E-04  1.5024716E-10  6.1957456E-06  1.5045116E-07  3.3540822E-10  9.2596749E-07  7.8689167E-12  6.0142705E-08  5.506E-15  0.000E+00  0.000E+00  1.000E+00  1.000E+00  5.72E+02  0.00E+00  0.00E+00  0.000000  0.151184  0.0000000E+00  0.0000000000E+00
160  8.109524541455231E+06   19.998555  5.051202  4.578016  7.5157730E-01  2.4837130E-01  1.2915521E-06  4.2971049E-09  1.0216519E-07  6.8211449E-06  3.5136664E-10  2.0005896E-09  9.2048308E-07  2.3543589E-08  0.000E+00  0.0028  4.578016   -9.267  2.748021  8.178480  0.0000000E+00  9.9979062E-01  1.9948734E-04  1.4429558E-10  6.1318343E-06  1.5927690E-07  3.3394669E-10  9.9163019E-07  1.1229027E-11  7.1420351E-08  7.971E-15  0.000E+00  0.000E+00  1.000E+00  1.000E+00  5.70E+02  0.00E+00  0.00E+00  0.000000  0.151482  0.0000000E+00  0.0000000000E+00
161  8.109687484950666E+06   19.998555  5.052055  4.577015  7.5157730E-01  2.4837130E-01  1.2915521E-06  4.2971049E-09  1.0216519E-07  6.8211449E-06  3.5136664E-10  2.0005896E-09  9.2048308E-07  2.3543589E-08  0.000E+00  0.0044  4.577015   -9.266  2.757799  8.181173  0.0000000E+00  9.9977077E-01  2.1928739E-04  1.3932456E-10  6.0529024E-06  1.6888667E-07  3.3292283E-10  1.0759015E-06  1.4730572E-11  8.5895755E-08  8.812E-15  0.000E+00  0.000E+00  1.000E+00  1.000E+00  5.69E+02  0.00E+00  0.00E+00  0.000000  0.151780  0.0000000E+00  0.0000000000E+00
162  8.109850428446102E+06   19.998555  5.052902  4.575995  7.5157730E-01  2.4837130E-01  1.2915521E-06  4.2971049E-09  1.0216519E-07  6.8211449E-06  3.5136664E-10  2.0005896E-09  9.2048308E-07  2.3543589E-08  0.000E+00  0.0054  4.575995   -9.266  2.767318  8.183845  0.0000000E+00  9.9975354E-01  2.3647029E-04  1.4227486E-10  5.9879323E-06  1.7824656E-07  3.3247921E-10  1.1426188E-06  1.8126050E-11  1.0048562E-07  8.709E-15  0.000E+00  0.000E+00  1.000E+00  1.000E+00  5.67E+02  0.00E+00  0.00E+00  0.000000  0.152076  0.0000000E+00  0.0000000000E+00
163  8.110013371941539E+06   19.998555  5.053745  4.574959  7.5157730E-01  2.4837130E-01  1.2915521E-06  4.2971049E-09  1.0216519E-07  6.8211449E-06  3.5136664E-10  2.0005896E-09  9.2048308E-07  2.3543589E-08  0.000E+00  0.0059  4.574959   -9.265  2.776618  8.186497  0.0000000E+00  9.9973852E-01  2.5145158E-04  1.5188876E-10  5.9347070E-06  1.8739624E-07  3.3252372E-10  1.1945691E-06  2.1432301E-11  1.1517176E-07  7.812E-15  0.000E+00  0.000E+00  1.000E+00  1.000E+00  5.66E+02  0.00E+00  0.00E+00  0.000000  0.152371  0.0000000E+00  0.0000000000E+00
164  8.110176315436974E+06   19.998555  5.054574  4.573906  7.5157730E-01  2.4837130E-01  1.2915521E-06  4.2971049E-09  1.0216519E-07  6.8211449E-06  3.5136664E-10  2.0005896E-09  9.2048308E-07  2.3543589E-08  0.000E+00  0.0078  4.573906   -9.265  2.785695  8.189097  0.0000000E+00  9.9968999E-01  2.9990634E-04  1.2887609E-10  5.7588156E-06  2.0831377E-07  3.3224339E-10  1.3860031E-06  2.5607034E-11  1.5569227E-07  8.546E-15  0.000E+00  0.000E+00  1.000E+00  1.000E+00  5.64E+02  0.00E+00  0.00E+00  0.000000  0.152663  0.0000000E+00  0.0000000000E+00
165  8.110339258932411E+06   19.998555  5.055397  4.572845  7.5157730E-01  2.4837130E-01  1.2915521E-06  4.2971049E-09  1.0216519E-07  6.8211449E-06  3.5136664E-10  2.0005896E-09  9.2048308E-07  2.3543589E-08  0.000E+00  0.0103  4.572845   -9.265  2.794657  8.191671  0.0000000E+00  9.9962412E-01  3.6567560E-04  8.8987001E-11  5.5194739E-06  2.3531835E-07  3.3179503E-10  1.6495865E-06  3.0230998E-11  2.0957587E-07  1.012E-14  0.000E+00  0.000E+00  1.000E+00  1.000E+00  5.62E+02  0.00E+00  0.00E+00  0.000000  0.152952  0.0000000E+00  0.0000000000E+00
166  8.110502202427846E+06   19.998555  5.056199  4.571767  7.5157730E-01  2.4837130E-01  1.2915521E-06  4.2971049E-09  1.0216519E-07  6.8211449E-06  3.5136664E-10  2.0005896E-09  9.2048308E-07  2.3543589E-08  0.000E+00  0.0122  4.571767   -9.265  2.803897  8.194243  0.0000000E+00  9.9958075E-01  4.0897794E-04  9.9988581E-11  5.3840662E-06  2.5742307E-07  3.3245297E-10  1.7820980E-06  3.3412373E-11  2.5827670E-07  9.598E-15  0.000E+00  0.000E+00  1.000E+00  1.000E+00  5.61E+02  0.00E+00  0.00E+00  0.000000  0.153235  0.0000000E+00  0.0000000000E+00
167  8.110665145923283E+06   19.998555  5.056995  4.570684  7.5157730E-01  2.4837130E-01  1.2915521E-06  4.2971049E-09  1.0216519E-07  6.8211449E-06  3.5136664E-10  2.0005896E-09  9.2048308E-07  2.3543589E-08  0.000E+00  0.0139  4.570684   -9.265  2.813217  8.196815  0.0000000E+00  9.9954391E-01  4.4575944E-04  1.2576075E-10  5.2788244E-06  2.7810563E-07  3.3343200E-10  1.8765670E-06  3.6175049E-11  3.0547328E-07  8.459E-15  0.000E+00  0.000E+00  1.000E+00  1.000E+00  5.59E+02  0.00E+00  0.00E+00  0.000000  0.153516  0.0000000E+00  0.0000000000E+00
168  8.110828089418719E+06   19.998555  5.057762  4.569586  7.5157730E-01  2.4837130E-01  1.2915521E-06  4.2971049E-09  1.0216519E-07  6.8211449E-06  3.5136664E-10  2.0005896E-09  9.2048308E-07  2.3543589E-08  0.000E+00  0.0164  4.569586   -9.265  2.821538  8.199347  0.0000000E+00  9.9949218E-01  4.9741694E-04  1.3424259E-10  5.1396161E-06  3.1240017E-07  3.3411273E-10  1.9999665E-06  4.0989039E-11  3.7218325E-07  9.193E-15  0.000E+00  0.000E+00  1.000E+00  1.000E+00  5.58E+02  0.00E+00  0.00E+00  0.000000  0.153788  0.0000000E+00  0.0000000000E+00
169  8.110991032914155E+06   19.998555  5.058525  4.568485  7.5157730E-01  2.4837130E-01  1.2915521E-06  4.2971049E-09  1.0216519E-07  6.8211449E-06  3.5136664E-10  2.0005896E-09  9.2048308E-07  2.3543589E-08  0.000E+00  0.0189  4.568485   -9.265  2.829730  8.201871  0.0000000E+00  9.9943856E-01  5.5096096E-04  1.4060713E-10  4.9962271E-06  3.4843304E-07  3.3475451E-10  2.1268414E-06  4.6054848E-11  4.4140564E-07  1.015E-14  0.000E+00  0.000E+00  1.000E+00  1.000E+00  5.56E+02  0.00E+00  0.00E+00  0.000000  0.154058  0.0000000E+00  0.0000000000E+00
170  8.111153976409591E+06   19.998554  5.059293  4.567396  7.5157730E-01  2.4837130E-01  1.2915521E-06  4.2971049E-09  1.0216519E-07  6.8211449E-06  3.5136664E-10  2.0005896E-09  9.2048308E-07  2.3543589E-08  0.000E+00  0.0219  4.567396   -9.266  2.836970  8.204087  0.0000000E+00  9.9937540E-01  6.1402676E-04  1.4662867E-10  4.8491438E-06  3.9490445E-07  3.3504470E-10  2.2447143E-06  5.1250103E-11  5.2849910E-07  1.053E-14  0.000E+00  0.000E+00  1.000E+00  1.000E+00  5.54E+02  0.00E+00  0.00E+00  0.000000  0.154331  0.0000000E+00  0.0000000000E+00
171  8.111316919905026E+06   19.998554  5.060056  4.566305  7.5157730E-01  2.4837130E-01  1.2915521E-06  4.2971049E-09  1.0216519E-07  6.8211449E-06  3.5136664E-10  2.0005896E-09  9.2048308E-07  2.3543589E-08  0.000E+00  0.0250  4.566305   -9.266  2.844216  8.206327  0.0000000E+00  9.9931342E-01  6.7590943E-04  2.0504010E-10  4.7095264E-06  4.4172811E-07  3.3530954E-10  2.3534290E-06  5.6364392E-11  6.1527434E-07  1.087E-14  0.000E+00  0.000E+00  1.000E+00  1.000E+00  5.53E+02  0.00E+00  0.00E+00  0.000000  0.154602  0.0000000E+00  0.0000000000E+00
172  8.111479863400463E+06   19.998554  5.060790  4.565200  7.5157730E-01  2.4837130E-01  1.2915521E-06  4.2971049E-09  1.0216519E-07  6.8211449E-06  3.5136664E-10  2.0005896E-09  9.2048308E-07  2.3543589E-08  0.000E+00  0.0282  4.565200   -9.266  2.851497  8.208736  0.0000000E+00  9.9925986E-01  7.2935205E-04  6.3718171E-10  4.6231674E-06  4.9106457E-07  3.3539352E-10  2.3968133E-06  6.0901107E-11  6.9977955E-07  1.099E-14  0.000E+00  0.000E+00  1.000E+00  1.000E+00  5.51E+02  0.00E+00  0.00E+00  0.000000  0.154864  0.0000000E+00  0.0000000000E+00
173  8.111642806895899E+06   19.998554  5.061516  4.564092  7.5157730E-01  2.4837130E-01  1.2915521E-06  4.2971049E-09  1.0216519E-07  6.8211449E-06  3.5136664E-10  2.0005896E-09  9.2048308E-07  2.3543589E-08  0.000E+00  0.0314  4.564092   -9.266  2.858605  8.211110  0.0000000E+00  9.9919568E-01  7.9341207E-04  8.6870100E-10  4.5141733E-06  5.4906488E-07  3.3515569E-10  2.4588206E-06  6.5977612E-11  7.9697543E-07  1.108E-14  0.000E+00  0.000E+00  1.000E+00  1.000E+00  5.49E+02  0.00E+00  0.00E+00  0.000000  0.155123  0.0000000E+00  0.0000000000E+00
174  8.111805750391335E+06   19.998554  5.062213  4.562975  7.5157730E-01  2.4837130E-01  1.2915521E-06  4.2971049E-09  1.0216519E-07  6.8211449E-06  3.5136664E-10  2.0005896E-09  9.2048308E-07  2.3543589E-08  0.000E+00  0.0346  4.562975   -9.267  2.865160  8.213376  0.0000000E+00  9.9909764E-01  8.9129534E-04  4.6111014E-10  4.3330722E-06  6.3466513E-07  3.3389270E-10  2.5801537E-06  7.2773692E-11  9.3459919E-07  1.111E-14  0.000E+00  0.000E+00  1.000E+00  1.000E+00  5.47E+02  0.00E+00  0.00E+00  0.000000  0.155372  0.0000000E+00  0.0000000000E+00
175  8.111968693886771E+06   19.998554  5.062942  4.561882  7.5157730E-01  2.4837130E-01  1.2915521E-06  4.2971049E-09  1.0216519E-07  6.8211449E-06  3.5136664E-10  2.0005896E-09  9.2048308E-07  2.3543589E-08  0.000E+00  0.0379  4.561882   -9.267  2.871059  8.215367  0.0000000E+00  9.9899697E-01  9.9181332E-04  2.0134922E-10  4.1583326E-06  7.2548919E-07  3.3242615E-10  2.6905000E-06  7.9291845E-11  1.0762207E-06  1.118E-14  0.000E+00  0.000E+00  1.000E+00  1.000E+00  5.45E+02  0.00E+00  0.00E+00  0.000000  0.155633  0.0000000E+00  0.0000000000E+00
176  8.112131637382207E+06   19.998554  5.063727  4.560833  7.5157730E-01  2.4837130E-01  1.2915521E-06  4.2971049E-09  1.0216519E-07  6.8211449E-06  3.5136664E-10  2.0005896E-09  9.2048308E-07  2.3543589E-08  0.000E+00  0.0414  4.560833   -9.268  2.875766  8.216857  0.0000000E+00  9.9889151E-01  1.0971209E-03  2.1032381E-10  3.9951572E-06  8.2580943E-07  3.3058956E-10  2.7808738E-06  8.5304765E-11  1.2251094E-06  1.131E-14  0.000E+00  0.000E+00  1.000E+00  1.000E+00  5.44E+02  0.00E+00  0.00E+00  0.000000  0.155915  0.0000000E+00  0.0000000000E+00
177  8.112294580877643E+06   19.998554  5.064509  4.559784  7.5157730E-01  2.4837130E-01  1.2915521E-06  4.2971049E-09  1.0216519E-07  6.8211449E-06  3.5136664E-10  2.0005896E-09  9.2048308E-07  2.3543589E-08  0.000E+00  0.0447  4.559784   -9.268  2.880818  8.218585  0.0000000E+00  9.9878472E-01  1.2037448E-03  2.3554660E-10  3.8503364E-06  9.3554377E-07  3.2840896E-10  2.8468967E-06  9.1261337E-11  1.3753117E-06  1.134E-14  0.000E+00  0.000E+00  1.000E+00  1.000E+00  5.43E+02  0.00E+00  0.00E+00  0.000000  0.156196  0.0000000E+00  0.0000000000E+00
178  8.112457524373080E+06   19.998554  5.065287  4.558737  7.5157730E-01  2.4837130E-01  1.2915521E-06  4.2971049E-09  1.0216519E-07  6.8211449E-06  3.5136664E-10  2.0005896E-09  9.2048308E-07  2.3543589E-08  0.000E+00  0.0477  4.558737   -9.268  2.886258  8.220580  0.0000000E+00  9.9867644E-01  1.3118482E-03  2.7902986E-10  3.7261434E-06  1.0558581E-06  3.2584174E-10  2.8855529E-06  9.7154582E-11  1.5269902E-06  1.126E-14  0.000E+00  0.000E+00  1.000E+00  1.000E+00  5.41E+02  0.00E+00  0.00E+00  0.000000  0.156475  0.0000000E+00  0.0000000000E+00
179  8.112620467868515E+06   19.998554  5.066052  4.557688  7.5157730E-01  2.4837130E-01  1.2915521E-06  4.2971049E-09  1.0216519E-07  6.8211449E-06  3.5136664E-10  2.0005896E-09  9.2048308E-07  2.3543589E-08  0.000E+00  0.0509  4.557688   -9.268  2.891325  8.222507  0.0000000E+00  9.9855611E-01  1.4319659E-03  3.1709915E-10  3.5997732E-06  1.1979632E-06  3.2286570E-10  2.9181571E-06  1.0351926E-10  1.6895950E-06  1.123E-14  0.000E+00  0.000E+00  1.000E+00  1.000E+00  5.40E+02  0.00E+00  0.00E+00  0.000000  0.156751  0.0000000E+00  0.0000000000E+00
180  8.112783411363952E+06   19.998554  5.066807  4.556637  7.5157730E-01  2.4837130E-01  1.2915521E-06  4.2971049E-09  1.0216519E-07  6.8211449E-06  3.5136664E-10  2.0005896E-09  9.2048308E-07  2.3543589E-08  0.000E+00  0.0543  4.556637   -9.269  2.896128  8.224385  0.0000000E+00  9.9842729E-01  1.5605430E-03  3.5135629E-10  3.4718702E-06  1.3554118E-06  3.1960180E-10  2.9464999E-06  1.1021589E-10  1.8598934E-06  1.125E-14  0.000E+00  0.000E+00  1.000E+00  1.000E+00  5.38E+02  0.00E+00  0.00E+00  0.000000  0.157024  0.0000000E+00  0.0000000000E+00
181  8.112946354859388E+06   19.998553  5.067549  4.555581  7.5157730E-01  2.4837130E-01  1.2915521E-06  4.2971049E-09  1.0216519E-07  6.8211449E-06  3.5136664E-10  2.0005896E-09  9.2048308E-07  2.3543589E-08  0.000E+00  0.0571  4.555581   -9.269  2.900508  8.226146  0.0000000E+00  9.9833081E-01  1.6568433E-03  5.4347640E-10  3.3673306E-06  1.4688939E-06  3.1558950E-10  2.9754139E-06  1.1612075E-10  1.9936020E-06  1.132E-14  0.000E+00  0.000E+00  1.000E+00  1.000E+00  5.37E+02  0.00E+00  0.00E+00  0.000000  0.157292  0.0000000E+00  0.0000000000E+00
182  8.113109298354823E+06   19.998553  5.068280  4.554524  7.5157730E-01  2.4837130E-01  1.2915521E-06  4.2971049E-09  1.0216519E-07  6.8211449E-06  3.5136664E-10  2.0005896E-09  9.2048308E-07  2.3543589E-08  0.000E+00  0.0625  4.554524   -9.270  2.904545  8.227784  0.0000000E+00  9.9820464E-01  1.7828249E-03  5.5292760E-10  3.1999415E-06  1.5995471E-06  3.1162550E-10  3.0535842E-06  1.2254291E-10  2.1649578E-06  1.139E-14  0.000E+00  0.000E+00  1.000E+00  1.000E+00  5.35E+02  0.00E+00  0.00E+00  0.000000  0.157557  0.0000000E+00  0.0000000000E+00
183  8.113272241850260E+06   19.998553  5.069000  4.553465  7.5157730E-01  2.4837130E-01  1.2915521E-06  4.2971049E-09  1.0216519E-07  6.8211449E-06  3.5136664E-10  2.0005896E-09  9.2048308E-07  2.3543589E-08  0.000E+00  0.0645  4.553465   -9.270  2.907989  8.229272  0.0000000E+00  9.9805849E-01  1.9287087E-03  5.3073718E-10  3.0199834E-06  1.7533570E-06  3.0768505E-10  3.1279021E-06  1.2902037E-10  2.3603919E-06  1.135E-14  0.000E+00  0.000E+00  1.000E+00  1.000E+00  5.33E+02  0.00E+00  0.00E+00  0.000000  0.157819  0.0000000E+00  0.0000000000E+00
184  8.113435185345695E+06   19.998553  5.069848  4.552496  7.5157730E-01  2.4837130E-01  1.2915521E-06  4.2971049E-09  1.0216519E-07  6.8211449E-06  3.5136664E-10  2.0005896E-09  9.2048308E-07  2.3543589E-08  0.000E+00  0.0668  4.552496   -9.271  2.908122  8.229222  0.0000000E+00  9.9792564E-01  2.0613229E-03  5.9807944E-10  2.8753273E-06  1.9044758E-06  3.0383935E-10  3.1720983E-06  1.3505909E-10  2.5372300E-06  1.134E-14  0.000E+00  0.000E+00  1.000E+00  1.000E+00  5.32E+02  0.00E+00  0.00E+00  0.000000  0.158127  0.0000000E+00  0.0000000000E+00
185  8.113598128841132E+06   19.998553  5.070774  4.551586  7.5157730E-01  2.4837130E-01  1.2915521E-06  4.2971049E-09  1.0216519E-07  6.8211449E-06  3.5136664E-10  2.0005896E-09  9.2048308E-07  2.3543589E-08  0.000E+00  0.0713  4.551586   -9.270  2.910259  8.230028  0.0000000E+00  9.9776864E-01  2.2180519E-03  4.8948987E-10  2.6710437E-06  2.0657028E-06  3.0045842E-10  3.2661897E-06  1.4102344E-10  2.7458465E-06  1.118E-14  0.000E+00  0.000E+00  1.000E+00  1.000E+00  5.31E+02  0.00E+00  0.00E+00  0.000000  0.158465  0.0000000E+00  0.0000000000E+00
186  8.113761072336568E+06   19.998553  5.071687  4.550670  7.5157730E-01  2.4837130E-01  1.2915521E-06  4.2971049E-09  1.0216519E-07  6.8211449E-06  3.5136664E-10  2.0005896E-09  9.2048308E-07  2.3543589E-08  0.000E+00  0.0738  4.550670   -9.270  2.913675  8.231520  0.0000000E+00  9.9759863E-01  2.3878284E-03  4.8321352E-10  2.4729875E-06  2.2452400E-06  2.9720222E-10  3.3387346E-06  1.4687169E-10  2.9711103E-06  1.109E-14  0.000E+00  0.000E+00  1.000E+00  1.000E+00  5.29E+02  0.00E+00  0.00E+00  0.000000  0.158799  0.0000000E+00  0.0000000000E+00
187  8.113924015832004E+06   19.998553  5.072585  4.549753  7.5157730E-01  2.4837130E-01  1.2915521E-06  4.2971049E-09  1.0216519E-07  6.8211449E-06  3.5136664E-10  2.0005896E-09  9.2048308E-07  2.3543589E-08  0.000E+00  0.0764  4.549753   -9.270  2.916588  8.232873  0.0000000E+00  9.9743948E-01  2.5466592E-03  6.6709898E-10  2.3293589E-06  2.4326723E-06  2.9374462E-10  3.3554174E-06  1.5309976E-10  3.1797818E-06  1.113E-14  0.000E+00  0.000E+00  1.000E+00  1.000E+00  5.28E+02  0.00E+00  0.00E+00  0.000000  0.159127  0.0000000E+00  0.0000000000E+00
188  8.114086959327440E+06   19.998553  5.073472  4.548836  7.5157730E-01  2.4837130E-01  1.2915521E-06  4.2971049E-09  1.0216519E-07  6.8211449E-06  3.5136664E-10  2.0005896E-09  9.2048308E-07  2.3543589E-08  0.000E+00  0.0798  4.548836   -9.270  2.918920  8.234042  0.0000000E+00  9.9727856E-01  2.7072952E-03  6.7071553E-10  2.2020881E-06  2.6391798E-06  2.9023399E-10  3.3529861E-06  1.6098982E-10  3.3858289E-06  1.100E-14  0.000E+00  0.000E+00  1.000E+00  1.000E+00  5.26E+02  0.00E+00  0.00E+00  0.000000  0.159452  0.0000000E+00  0.0000000000E+00
189  8.114249902822876E+06   19.998553  5.074348  4.547925  7.5157730E-01  2.4837130E-01  1.2915521E-06  4.2971049E-09  1.0216519E-07  6.8211449E-06  3.5136664E-10  2.0005896E-09  9.2048308E-07  2.3543589E-08  0.000E+00  0.0839  4.547925   -9.270  2.920865  8.235077  0.0000000E+00  9.9713511E-01  2.8504996E-03  8.6398654E-10  2.1226105E-06  2.8455001E-06  2.8652158E-10  3.3132365E-06  1.6899418E-10  3.5629907E-06  1.101E-14  0.000E+00  0.000E+00  1.000E+00  1.000E+00  5.26E+02  0.00E+00  0.00E+00  0.000000  0.159775  0.0000000E+00  0.0000000000E+00
190  8.114412846318312E+06   19.998553  5.075219  4.547020  7.5157730E-01  2.4837130E-01  1.2915521E-06  4.2971049E-09  1.0216519E-07  6.8211449E-06  3.5136664E-10  2.0005896E-09  9.2048308E-07  2.3543589E-08  0.000E+00  0.0858  4.547020   -9.270  2.922423  8.235997  0.0000000E+00  9.9689350E-01  3.0916608E-03  3.9265364E-10  1.9043465E-06  3.1406718E-06  2.8371593E-10  3.3535965E-06  1.7765667E-10  3.8577987E-06  1.049E-14  0.000E+00  0.000E+00  1.000E+00  1.000E+00  5.24E+02  0.00E+00  0.00E+00  0.000000  0.160095  0.0000000E+00  0.0000000000E+00
191  8.115518711806184E+06   19.998552  5.081020  4.541203  7.5157730E-01  2.4837130E-01  1.2915521E-06  4.2971049E-09  1.0216519E-07  6.8211449E-06  3.5136664E-10  2.0005896E-09  9.2048308E-07  2.3543589E-08  0.000E+00  0.1021  4.541203   -9.270  2.925688  8.239644  0.0000000E+00  9.9554478E-01  4.4379222E-03  6.8472600E-10  1.1769955E-06  5.1633977E-06  2.6320897E-10  3.0657325E-06  2.3362499E-10  5.3698828E-06  1.002E-14  0.000E+00  0.000E+00  1.000E+00  1.000E+00  5.15E+02  0.00E+00  0.00E+00  0.000000  0.162248  0.0000000E+00  0.0000000000E+00
192  8.116574234539337E+06   19.998552  5.086468  4.536408  7.5157730E-01  2.4837130E-01  1.2915521E-06  4.2971049E-09  1.0216519E-07  6.8211449E-06  3.5136664E-10  2.0005896E-09  9.2048308E-07  2.3543589E-08  0.000E+00  0.1129  4.536408   -9.269  2.923988  8.241042  0.0000000E+00  9.9419606E-01  5.7837280E-03  3.0222846E-10  7.4679431E-07  7.6818527E-06  2.4738801E-10  2.6133028E-06  2.9358308E-10  6.6108882E-06  9.190E-15  0.000E+00  0.000E+00  1.000E+00  1.000E+00  5.08E+02  0.00E+00  0.00E+00  0.000000  0.164295  0.0000000E+00  0.0000000000E+00
193  8.117535510535371E+06   19.998551  5.091311  4.532820  7.5157730E-01  2.4837130E-01  1.2915521E-06  4.2971049E-09  1.0216519E-07  6.8211449E-06  3.5136664E-10  2.0005896E-09  9.2048308E-07  2.3543589E-08  0.000E+00  0.1176  4.532820   -9.267  2.921558  8.241645  0.0000000E+00  9.9284734E-01  7.1293598E-03  5.1782390E-10  4.7791704E-07  1.0515634E-05  2.3540116E-10  2.1385785E-06  3.2834251E-10  7.6214804E-06  9.501E-15  0.000E+00  0.000E+00  1.000E+00  1.000E+00  5.02E+02  0.00E+00  0.00E+00  0.000000  0.166138  0.0000000E+00  0.0000000000E+00
194  8.118429706160940E+06   19.998551  5.095553  4.530124  7.5157730E-01  2.4837130E-01  1.2915521E-06  4.2971049E-09  1.0216519E-07  6.8211449E-06  3.5136664E-10  2.0005896E-09  9.2048308E-07  2.3543589E-08  0.000E+00  0.1233  4.530124   -9.264  2.919457  8.241962  0.0000000E+00  9.9149862E-01  8.4746676E-03  1.6625899E-10  2.8260924E-07  1.3766670E-05  2.2499826E-10  1.7259251E-06  3.6107000E-10  8.4374953E-06  8.985E-15  0.000E+00  0.000E+00  1.000E+00  1.000E+00  4.98E+02  0.00E+00  0.00E+00  0.000000  0.167769  0.0000000E+00  0.0000000000E+00
195  8.119271669344191E+06   19.998550  5.099192  4.528107  7.5157730E-01  2.4837130E-01  1.2915521E-06  4.2971049E-09  1.0216519E-07  6.8211449E-06  3.5136664E-10  2.0005896E-09  9.2048308E-07  2.3543589E-08  0.000E+00  0.1250  4.528107   -9.261  2.917657  8.242130  0.0000000E+00  9.9014990E-01  9.8196471E-03  1.2205050E-10  1.6223835E-07  1.7364841E-05  2.1555457E-10  1.3455026E-06  3.7866676E-10  9.0949212E-06  8.904E-15  0.000E+00  0.000E+00  1.000E+00  1.000E+00  4.95E+02  0.00E+00  0.00E+00  0.000000  0.169181  0.0000000E+00  0.0000000000E+00
196  8.120190142754748E+06   19.998550  5.102673  4.526392  7.5157730E-01  2.4837130E-01  1.2915521E-06  4.2971049E-09  1.0216519E-07  6.8211449E-06  3.5136664E-10  2.0005896E-09  9.2048308E-07  2.3543589E-08  0.000E+00  0.1270  4.526392   -9.258  2.915975  8.242245  0.0000000E+00  9.8880118E-01  1.1163947E-02  1.5274019E-10  1.3778916E-07  2.1661581E-05  2.0611762E-10  1.0198921E-06  4.0487582E-10  9.5351376E-06  8.914E-15  0.000E+00  0.000E+00  1.000E+00  1.000E+00  4.92E+02  0.00E+00  0.00E+00  0.000000  0.170542  0.0000000E+00  0.0000000000E+00
197  8.121079758020722E+06   19.998549  5.105528  4.525168  7.5157730E-01  2.4837130E-01  1.2915521E-06  4.2971049E-09  1.0216519E-07  6.8211449E-06  3.5136664E-10  2.0005896E-09  9.2048308E-07  2.3543589E-08  0.000E+00  0.1283  4.525168   -9.255  2.914693  8.242352  0.0000000E+00  9.8745246E-01  1.2507932E-02  6.5991576E-11  9.9381873E-08  2.6354816E-05  1.9734570E-10  7.8517820E-07  4.2319298E-10  9.8849365E-06  8.663E-15  0.000E+00  0.000E+00  1.000E+00  1.000E+00  4.90E+02  0.00E+00  0.00E+00  0.000000  0.171667  0.0000000E+00  0.0000000000E+00
198  8.121981289144137E+06   19.998549  5.107907  4.524296  7.5157730E-01  2.4837130E-01  1.2915521E-06  4.2971049E-09  1.0216519E-07  6.8211449E-06  3.5136664E-10  2.0005896E-09  9.2048308E-07  2.3543589E-08  0.000E+00  0.1295  4.524296   -9.252  2.913622  8.242448  0.0000000E+00  9.8610374E-01  1.3851382E-02  3.4183098E-11  7.9114709E-08  3.1551803E-05  1.8897022E-10  6.0500897E-07  4.3635738E-10  1.0139149E-05  8.486E-15  0.000E+00  0.000E+00  1.000E+00  1.000E+00  4.88E+02  0.00E+00  0.00E+00  0.000000  0.172610  0.0000000E+00  0.0000000000E+00
199  8.122892646863527E+06   19.998548  5.109824  4.523714  7.5157730E-01  2.4837130E-01  1.2915521E-06  4.2971049E-09  1.0216519E-07  6.8211449E-06  3.5136664E-10  2.0005896E-09  9.2048308E-07  2.3543589E-08  0.000E+00  0.1304  4.523714   -9.249  2.912779  8.242563  0.0000000E+00  9.8475502E-01  1.5194314E-02  3.1344627E-11  7.4323352E-08  3.7267404E-05  1.8101277E-10  4.6437220E-07  4.4541998E-10  1.0320387E-05  8.399E-15  0.000E+00  0.000E+00  1.000E+00  1.000E+00  4.87E+02  0.00E+00  0.00E+00  0.000000  0.173374  0.0000000E+00  0.0000000000E+00
200  8.123753260729880E+06   19.998548  5.111239  4.523384  7.5157730E-01  2.4837130E-01  1.2915521E-06  4.2971049E-09  1.0216519E-07  6.8211449E-06  3.5136664E-10  2.0005896E-09  9.2048308E-07  2.3543589E-08  0.000E+00  0.1309  4.523384   -9.247  2.912116  8.242663  0.0000000E+00  9.8340630E-01  1.6536956E-02  9.7959357E-12  4.1856755E-08  4.3325420E-05  1.7344308E-10  3.6384804E-07  4.5420151E-10  1.0495634E-05  8.342E-15  0.000E+00  0.000E+00  1.000E+00  1.000E+00  4.86E+02  0.00E+00  0.00E+00  0.000000  0.173939  0.0000000E+00  0.0000000000E+00
201  8.124804816517883E+06   19.998547  5.112528  4.523196  7.5157730E-01  2.4837130E-01  1.2915521E-06  4.2971049E-09  1.0216519E-07  6.8211449E-06  3.5136664E-10  2.0005896E-09  9.2048308E-07  2.3543589E-08  0.000E+00  0.1334  4.523196   -9.245  2.911326  8.242764  0.0000000E+00  9.8205758E-01  1.7878474E-02  1.7273964E-11  8.7684292E-08  5.0510439E-05  1.6616003E-10  3.0585981E-07  4.5895723E-10  1.0496285E-05  8.289E-15  0.000E+00  0.000E+00  1.000E+00  1.000E+00  4.85E+02  0.00E+00  0.00E+00  0.000000  0.174456  0.0000000E+00  0.0000000000E+00
202  8.125657748715797E+06   19.998547  5.113290  4.523172  7.5157730E-01  2.4837130E-01  1.2915521E-06  4.2971049E-09  1.0216519E-07  6.8211449E-06  3.5136664E-10  2.0005896E-09  9.2048308E-07  2.3543589E-08  0.000E+00  0.1328  4.523172   -9.243  2.910976  8.242897  0.0000000E+00  9.8070886E-01  1.9220175E-02  2.0657440E-12  3.8289446E-08  5.7519387E-05  1.5916656E-10  2.5828966E-07  4.6702088E-10  1.0633050E-05  8.252E-15  0.000E+00  0.000E+00  1.000E+00  1.000E+00  4.85E+02  0.00E+00  0.00E+00  0.000000  0.174763  0.0000000E+00  0.0000000000E+00
203  8.126514105393333E+06   19.998546  5.113852  4.523223  7.5157730E-01  2.4837130E-01  1.2915521E-06  4.2971049E-09  1.0216519E-07  6.8211449E-06  3.5136664E-10  2.0005896E-09  9.2048308E-07  2.3543589E-08  0.000E+00  0.1323  4.523223   -9.242  2.910602  8.243019  0.0000000E+00  9.7936014E-01  2.0561353E-02  1.2739771E-12  1.6891853E-08  6.5033003E-05  1.5244593E-10  1.9967080E-07  4.7429379E-10  1.0739227E-05  8.233E-15  0.000E+00  0.000E+00  1.000E+00  1.000E+00  4.85E+02  0.00E+00  0.00E+00  0.000000  0.174989  0.0000000E+00  0.0000000000E+00
204  8.127407249770562E+06   19.998546  5.114275  4.523334  7.5157730E-01  2.4837130E-01  1.2915521E-06  4.2971049E-09  1.0216519E-07  6.8211449E-06  3.5136664E-10  2.0005896E-09  9.2048308E-07  2.3543589E-08  0.000E+00  0.1330  4.523334   -9.241  2.910233  8.243135  0.0000000E+00  9.7801142E-01  2.1901845E-02  5.1613593E-12  2.6036432E-08  7.3231848E-05  1.4602885E-10  1.4634501E-07  4.8032986E-10  1.0790921E-05  8.221E-15  0.000E+00  0.000E+00  1.000E+00  1.000E+00  4.85E+02  0.00E+00  0.00E+00  0.000000  0.175160  0.0000000E+00  0.0000000000E+00
205  8.128436791980878E+06   19.998545  5.114609  4.523505  7.5157730E-01  2.4837130E-01  1.2915521E-06  4.2971049E-09  1.0216519E-07  6.8211449E-06  3.5136664E-10  2.0005896E-09  9.2048308E-07  2.3543589E-08  0.000E+00  0.1325  4.523505   -9.239  2.909786  8.243263  0.0000000E+00  9.7666270E-01  2.3241340E-02  2.8570237E-12  4.6489661E-08  8.2522161E-05  1.3999315E-10  1.5000123E-07  4.8363109E-10  1.0755435E-05  8.210E-15  0.000E+00  0.000E+00  1.000E+00  1.000E+00  4.85E+02  0.00E+00  0.00E+00  0.000000  0.175294  0.0000000E+00  0.0000000000E+00
206  8.129295714070933E+06   19.998544  5.114799  4.523666  7.5157730E-01  2.4837130E-01  1.2915521E-06  4.2971049E-09  1.0216519E-07  6.8211449E-06  3.5136664E-10  2.0005896E-09  9.2048308E-07  2.3543589E-08  0.000E+00  0.1337  4.523666   -9.239  2.909534  8.243390  0.0000000E+00  9.7531398E-01  2.4580945E-02  1.6137079E-12  2.0132903E-08  9.1568603E-05  1.3402126E-10  1.2804380E-07  4.9037301E-10  1.0824305E-05  8.190E-15  0.000E+00  0.000E+00  1.000E+00  1.000E+00  4.85E+02  0.00E+00  0.00E+00  0.000000  0.175371  0.0000000E+00  0.0000000000E+00
207  8.130150484566775E+06   19.998544  5.114933  4.523834  7.5157730E-01  2.4837130E-01  1.2915521E-06  4.2971049E-09  1.0216519E-07  6.8211449E-06  3.5136664E-10  2.0005896E-09  9.2048308E-07  2.3543589E-08  0.000E+00  0.1342  4.523834   -9.238  2.909287  8.243502  0.0000000E+00  9.7396526E-01  2.5920111E-02  1.6027173E-12  8.7938525E-09  1.0113010E-04  1.2828535E-10  9.9188313E-08  4.9688658E-10  1.0877919E-05  8.172E-15  0.000E+00  0.000E+00  1.000E+00  1.000E+00  4.85E+02  0.00E+00  0.00E+00  0.000000  0.175425  0.0000000E+00  0.0000000000E+00
208  8.131006211661564E+06   19.998543  5.115030  4.524004  7.5157730E-01  2.4837130E-01  1.2915521E-06  4.2971049E-09  1.0216519E-07  6.8211449E-06  3.5136664E-10  2.0005896E-09  9.2048308E-07  2.3543589E-08  0.000E+00  0.1344  4.524004   -9.237  2.909089  8.243629  0.0000000E+00  9.7261654E-01  2.7258775E-02  1.6960512E-12  3.9528525E-09  1.1120621E-04  1.2277956E-10  7.3309138E-08  5.0323461E-10  1.0917630E-05  8.154E-15  0.000E+00  0.000E+00  1.000E+00  1.000E+00  4.86E+02  0.00E+00  0.00E+00  0.000000  0.175464  0.0000000E+00  0.0000000000E+00
209  8.132067898469311E+06   19.998543  5.115119  4.524208  7.5157730E-01  2.4837130E-01  1.2915521E-06  4.2971049E-09  1.0216519E-07  6.8211449E-06  3.5136664E-10  2.0005896E-09  9.2048308E-07  2.3543589E-08  0.000E+00  0.1343  4.524208   -9.236  2.908708  8.243756  0.0000000E+00  9.7126782E-01  2.8595818E-02  2.8305109E-12  3.9519688E-08  1.2290178E-04  1.1783614E-10  8.3328673E-08  5.0576734E-10  1.0850408E-05  8.150E-15  0.000E+00  0.000E+00  1.000E+00  1.000E+00  4.86E+02  0.00E+00  0.00E+00  0.000000  0.175500  0.0000000E+00  0.0000000000E+00
210  8.132932391709412E+06   19.998542  5.115174  4.524368  7.5157730E-01  2.4837130E-01  1.2915521E-06  4.2971049E-09  1.0216519E-07  6.8211449E-06  3.5136664E-10  2.0005896E-09  9.2048308E-07  2.3543589E-08  0.000E+00  0.1342  4.524368   -9.236  2.908518  8.243869  0.0000000E+00  9.6991910E-01  2.9933347E-02  2.0089534E-12  1.6927420E-08  1.3401248E-04  1.1274587E-10  7.7924796E-08  5.1189618E-10  1.0892902E-05  8.130E-15  0.000E+00  0.000E+00  1.000E+00  1.000E+00  4.86E+02  0.00E+00  0.00E+00  0.000000  0.175523  0.0000000E+00  0.0000000000E+00
211  8.139077524249232E+06   19.998539  5.115497  4.525264  7.5157730E-01  2.4837130E-01  1.2915521E-06  4.2971049E-09  1.0216519E-07  6.8211449E-06  3.5136664E-10  2.0005896E-09  9.2048308E-07  2.3543589E-08  0.000E+00  0.1380  4.525264   -9.233  2.907402  8.244676  0.0000000E+00  9.6077659E-01  3.8984412E-02  2.6363175E-12  6.9042801E-09  2.2545120E-04  8.3994899E-11  5.4452069E-08  5.4480344E-10  1.0939624E-05  8.026E-15  0.000E+00  0.000E+00  1.000E+00  1.000E+00  4.87E+02  0.00E+00  0.00E+00  0.000000  0.175653  0.0000000E+00  0.0000000000E+00
212  8.145244238946347E+06   19.998535  5.115877  4.525823  7.5157730E-01  2.4837130E-01  1.2915521E-06  4.2971049E-09  1.0216519E-07  6.8211449E-06  3.5136664E-10  2.0005896E-09  9.2048308E-07  2.3543589E-08  0.000E+00  0.1399  4.525823   -9.231  2.906618  8.245419  0.0000000E+00  9.5163407E-01  4.8010525E-02  3.4520447E-12  4.0449578E-09  3.4190100E-04  6.2516922E-11  3.8980893E-08  5.7572488E-10  1.0964303E-05  7.914E-15  0.000E+00  0.000E+00  1.000E+00  1.000E+00  4.87E+02  0.00E+00  0.00E+00  0.000000  0.175807  0.0000000E+00  0.0000000000E+00
213  8.151541713164645E+06   19.998531  5.116274  4.526144  7.5157730E-01  2.4837130E-01  1.2915521E-06  4.2971049E-09  1.0216519E-07  6.8211449E-06  3.5136664E-10  2.0005896E-09  9.2048308E-07  2.3543589E-08  0.000E+00  0.1400  4.526144   -9.229  2.906079  8.246131  0.0000000E+00  9.4249156E-01  5.7009443E-02  4.3376703E-12  1.2143561E-08  4.8548939E-04  4.6971186E-11  4.4529455E-08  6.0544945E-10  1.0945750E-05  7.800E-15  0.000E+00  0.000E+00  1.000E+00  1.000E+00  4.88E+02  0.00E+00  0.00E+00  0.000000  0.175968  0.0000000E+00  0.0000000000E+00
214  8.157376323266208E+06   19.998528  5.116670  4.526275  7.5157730E-01  2.4837130E-01  1.2915521E-06  4.2971049E-09  1.0216519E-07  6.8211449E-06  3.5136664E-10  2.0005896E-09  9.2048308E-07  2.3543589E-08  0.000E+00  0.1413  4.526275   -9.228  2.905977  8.246806  0.0000000E+00  9.3334904E-01  6.5988348E-02  5.3009952E-12  3.2986253E-09  6.4907729E-04  3.4148507E-11  4.8880461E-09  6.4195807E-10  1.1008134E-05  7.662E-15  0.000E+00  0.000E+00  1.000E+00  1.000E+00  4.88E+02  0.00E+00  0.00E+00  0.000000  0.176128  0.0000000E+00  0.0000000000E+00
215  8.163830235697988E+06   19.998524  5.117106  4.526291  7.5157730E-01  2.4837130E-01  1.2915521E-06  4.2971049E-09  1.0216519E-07  6.8211449E-06  3.5136664E-10  2.0005896E-09  9.2048308E-07  2.3543589E-08  0.000E+00  0.1435  4.526291   -9.227  2.905850  8.247478  0.0000000E+00  9.2420653E-01  7.4932417E-02  6.2963481E-12  2.2878567E-10  8.4748651E-04  2.6206015E-11  1.3271870E-08  6.7736146E-10  1.1003413E-05  7.546E-15  0.000E+00  0.000E+00  1.000E+00  1.000E+00  4.87E+02  0.00E+00  0.00E+00  0.000000  0.176306  0.0000000E+00  0.0000000000E+00
216  8.170077222208252E+06   19.998520  5.117517  4.526217  7.5157730E-01  2.4837130E-01  1.2915521E-06  4.2971049E-09  1.0216519E-07  6.8211449E-06  3.5136664E-10  2.0005896E-09  9.2048308E-07  2.3543589E-08  0.000E+00  0.1429  4.526217   -9.226  2.905843  8.248118  0.0000000E+00  9.1506401E-01  8.3851875E-02  7.3423620E-12  6.6331825E-09  1.0705489E-03  2.0083217E-11  2.9925368E-08  7.2085457E-10  1.0973277E-05  7.421E-15  0.000E+00  0.000E+00  1.000E+00  1.000E+00  4.87E+02  0.00E+00  0.00E+00  0.000000  0.176472  0.0000000E+00  0.0000000000E+00
217  8.175921496664153E+06   19.998517  5.117911  4.526070  7.5157730E-01  2.4837130E-01  1.2915521E-06  4.2971050E-09  1.0216519E-07  6.8211449E-06  3.5136664E-10  2.0005896E-09  9.2048308E-07  2.3543589E-08  0.000E+00  0.1432  4.526070   -9.225  2.906152  8.248749  0.0000000E+00  9.0592150E-01  9.2751808E-02  8.4622549E-12  3.6863224E-11  1.3131846E-03  1.4422838E-11  3.4086783E-09  7.7326455E-10  1.1015923E-05  7.276E-15  0.000E+00  0.000E+00  1.000E+00  1.000E+00  4.87E+02  0.00E+00  0.00E+00  0.000000  0.176633  0.0000000E+00  0.0000000000E+00
218  8.182632271963807E+06   19.998513  5.118346  4.525842  7.5157730E-01  2.4837130E-01  1.2915521E-06  4.2971050E-09  1.0216519E-07  6.8211449E-06  3.5136664E-10  2.0005896E-09  9.2048308E-07  2.3543589E-08  0.000E+00  0.1431  4.525842   -9.225  2.906325  8.249387  0.0000000E+00  8.9677899E-01  1.0160353E-01  9.5356400E-12  3.6598067E-09  1.6039610E-03  1.2774519E-11  3.7462782E-08  8.3254329E-10  1.0969216E-05  7.163E-15  0.000E+00  0.000E+00  1.000E+00  1.000E+00  4.87E+02  0.00E+00  0.00E+00  0.000000  0.176809  0.0000000E+00  0.0000000000E+00
219  8.188352547570136E+06   19.998510  5.118739  4.525611  7.5157730E-01  2.4837130E-01  1.2915521E-06  4.2971050E-09  1.0216519E-07  6.8211449E-06  3.5136664E-10  2.0005896E-09  9.2048308E-07  2.3543589E-08  0.000E+00  0.1443  4.525611   -9.225  2.906811  8.250005  0.0000000E+00  8.8763647E-01  1.1044945E-01  1.0684954E-11  9.3548703E-12  1.9005125E-03  8.9944259E-12  2.3784026E-09  9.0390040E-10  1.1017640E-05  7.014E-15  0.000E+00  0.000E+00  1.000E+00  1.000E+00  4.86E+02  0.00E+00  0.00E+00  0.000000  0.176969  0.0000000E+00  0.0000000000E+00
220  8.194011043861322E+06   19.998506  5.119098  4.525359  7.5157730E-01  2.4837130E-01  1.2915521E-06  4.2971050E-09  1.0216519E-07  6.8211449E-06  3.5136664E-10  2.0005896E-09  9.2048308E-07  2.3543589E-08  0.000E+00  0.1450  4.525359   -9.225  2.907356  8.250611  0.0000000E+00  8.7849396E-01  1.1926721E-01  1.1860748E-11  1.8611380E-13  2.2253202E-03  6.2976871E-12  1.2116040E-10  9.8604853E-10  1.1020214E-05  6.864E-15  0.000E+00  0.000E+00  1.000E+00  1.000E+00  4.86E+02  0.00E+00  0.00E+00  0.000000  0.177116  0.0000000E+00  0.0000000000E+00
221  8.199928629134911E+06   19.998503  5.119492  4.525079  7.5157730E-01  2.4837130E-01  1.2915521E-06  4.2971050E-09  1.0216519E-07  6.8211449E-06  3.5136664E-10  2.0005896E-09  9.2048308E-07  2.3543589E-08  0.000E+00  0.1467  4.525079   -9.225  2.907809  8.251220  0.0000000E+00  8.6935144E-01  1.2805429E-01  1.3030563E-11  7.2769945E-11  2.5807147E-03  4.4398856E-12  5.3489713E-10  1.0813525E-09  1.1019396E-05  6.712E-15  0.000E+00  0.000E+00  1.000E+00  1.000E+00  4.85E+02  0.00E+00  0.00E+00  0.000000  0.177277  0.0000000E+00  0.0000000000E+00
222  8.205609059609322E+06   19.998499  5.119847  4.524790  7.5157730E-01  2.4837130E-01  1.2915521E-06  4.2971050E-09  1.0216519E-07  6.8211449E-06  3.5136664E-10  2.0005896E-09  9.2048308E-07  2.3543589E-08  0.000E+00  0.1470  4.524790   -9.225  2.908423  8.251828  0.0000000E+00  8.6020893E-01  1.3681385E-01  1.4237950E-11  1.1306778E-13  2.9636866E-03  3.0804685E-12  3.0441354E-11  1.1899976E-09  1.1019921E-05  6.561E-15  0.000E+00  0.000E+00  1.000E+00  1.000E+00  4.85E+02  0.00E+00  0.00E+00  0.000000  0.177421  0.0000000E+00  0.0000000000E+00
223  8.211248106301161E+06   19.998496  5.120206  4.524483  7.5157730E-01  2.4837130E-01  1.2915521E-06  4.2971050E-09  1.0216519E-07  6.8211449E-06  3.5136664E-10  2.0005896E-09  9.2048308E-07  2.3543589E-08  0.000E+00  0.1466  4.524483   -9.225  2.909037  8.252432  0.0000000E+00  8.5106641E-01  1.4554336E-01  1.5455392E-11  2.3342639E-14  3.3766861E-03  2.1317213E-12  1.3764480E-12  1.3143268E-09  1.1019747E-05  6.410E-15  0.000E+00  0.000E+00  1.000E+00  1.000E+00  4.85E+02  0.00E+00  0.00E+00  0.000000  0.177568  0.0000000E+00  0.0000000000E+00
224  8.216962854428808E+06   19.998492  5.120585  4.524172  7.5157730E-01  2.4837130E-01  1.2915521E-06  4.2971050E-09  1.0216519E-07  6.8211449E-06  3.5136664E-10  2.0005896E-09  9.2048308E-07  2.3543589E-08  0.000E+00  0.1468  4.524172   -9.225  2.909638  8.253038  0.0000000E+00  8.4192390E-01  1.5424095E-01  1.6678189E-11  6.3840366E-10  3.8215921E-03  1.5155231E-12  2.6833019E-10  1.4566597E-09  1.1018210E-05  6.260E-15  0.000E+00  0.000E+00  1.000E+00  1.000E+00  4.84E+02  0.00E+00  0.00E+00  0.000000  0.177723  0.0000000E+00  0.0000000000E+00
225  8.223709127176705E+06   19.998488  5.120980  4.523766  7.5157730E-01  2.4837130E-01  1.2915521E-06  4.2971050E-09  1.0216519E-07  6.8211449E-06  3.5136664E-10  2.0005896E-09  9.2048308E-07  2.3543589E-08  0.000E+00  0.1470  4.523766   -9.225  2.910103  8.253670  0.0000000E+00  8.3278139E-01  1.6286432E-01  1.7844357E-11  3.0863029E-10  4.3407495E-03  2.9287836E-12  1.0734957E-08  1.6328847E-09  1.1006245E-05  6.128E-15  0.000E+00  0.000E+00  1.000E+00  1.000E+00  4.84E+02  0.00E+00  0.00E+00  0.000000  0.177885  0.0000000E+00  0.0000000000E+00
226  8.229346694771850E+06   19.998485  5.121374  4.523422  7.5157730E-01  2.4837130E-01  1.2915521E-06  4.2971050E-09  1.0216519E-07  6.8211449E-06  3.5136664E-10  2.0005896E-09  9.2048308E-07  2.3543589E-08  0.000E+00  0.1480  4.523422   -9.225  2.910814  8.254280  0.0000000E+00  8.2363887E-01  1.7150014E-01  1.9038788E-11  1.7588799E-13  4.8474539E-03  1.9910538E-12  4.0580173E-10  1.8170798E-09  1.1019129E-05  5.979E-15  0.000E+00  0.000E+00  1.000E+00  1.000E+00  4.83E+02  0.00E+00  0.00E+00  0.000000  0.178047  0.0000000E+00  0.0000000000E+00
227  8.234944575742150E+06   19.998482  5.121723  4.523089  7.5157730E-01  2.4837130E-01  1.2915521E-06  4.2971050E-09  1.0216519E-07  6.8211449E-06  3.5136664E-10  2.0005896E-09  9.2048308E-07  2.3543589E-08  0.000E+00  0.1486  4.523089   -9.225  2.911537  8.254899  0.0000000E+00  8.1449636E-01  1.8010343E-01  2.0258959E-11  3.1647115E-15  5.3867161E-03  1.3561526E-12  1.3617966E-11  2.0242065E-09  1.1019378E-05  5.831E-15  0.000E+00  0.000E+00  1.000E+00  1.000E+00  4.83E+02  0.00E+00  0.00E+00  0.000000  0.178190  0.0000000E+00  0.0000000000E+00
228  8.242110518419640E+06   19.998478  5.122173  4.522675  7.5157730E-01  2.4837130E-01  1.2915521E-06  4.2971050E-09  1.0216519E-07  6.8211449E-06  3.5136664E-10  2.0005896E-09  9.2048308E-07  2.3543589E-08  0.000E+00  0.1487  4.522675   -9.225  2.912008  8.255546  0.0000000E+00  8.0535384E-01  1.8859165E-01  2.1359008E-11  2.2953119E-09  6.0409960E-03  3.5943053E-12  2.8693280E-08  2.2944336E-09  1.0981154E-05  5.706E-15  0.000E+00  0.000E+00  1.000E+00  1.000E+00  4.82E+02  0.00E+00  0.00E+00  0.000000  0.178375  0.0000000E+00  0.0000000000E+00
229  8.247808158654535E+06   19.998474  5.122528  4.522316  7.5157730E-01  2.4837130E-01  1.2915521E-06  4.2971050E-09  1.0216519E-07  6.8211449E-06  3.5136664E-10  2.0005896E-09  9.2048308E-07  2.3543589E-08  0.000E+00  0.1508  4.522316   -9.225  2.912738  8.256177  0.0000000E+00  7.9621133E-01  1.9712531E-01  2.2519273E-11  2.6206727E-11  6.6498275E-03  2.4446907E-12  1.5415665E-09  2.5593729E-09  1.1017674E-05  5.561E-15  0.000E+00  0.000E+00  1.000E+00  1.000E+00  4.82E+02  0.00E+00  0.00E+00  0.000000  0.178521  0.0000000E+00  0.0000000000E+00
230  8.253409551445169E+06   19.998471  5.122908  4.521997  7.5157730E-01  2.4837130E-01  1.2915521E-06  4.2971050E-09  1.0216519E-07  6.8211449E-06  3.5136664E-10  2.0005896E-09  9.2048308E-07  2.3543589E-08  0.000E+00  0.1506  4.521997   -9.225  2.913563  8.256809  0.0000000E+00  7.8706881E-01  2.0562637E-01  2.3699557E-11  1.1393200E-14  7.2912412E-03  1.6254502E-12  4.4571557E-11  2.8529902E-09  1.1019292E-05  5.416E-15  0.000E+00  0.000E+00  1.000E+00  1.000E+00  4.81E+02  0.00E+00  0.00E+00  0.000000  0.178677  0.0000000E+00  0.0000000000E+00
231  8.258984494647007E+06   19.998467  5.123245  4.521691  7.5157730E-01  2.4837130E-01  1.2915521E-06  4.2971050E-09  1.0216519E-07  6.8211449E-06  3.5136664E-10  2.0005896E-09  9.2048308E-07  2.3543589E-08  0.000E+00  0.1505  4.521691   -9.225  2.914318  8.257441  0.0000000E+00  7.7792630E-01  2.1409184E-01  2.4893558E-11  1.6700362E-15  7.9682975E-03  1.0895131E-12  1.3720052E-12  3.1791536E-09  1.1019083E-05  5.273E-15  0.000E+00  0.000E+00  1.000E+00  1.000E+00  4.81E+02  0.00E+00  0.00E+00  0.000000  0.178815  0.0000000E+00  0.0000000000E+00
232  8.266677857332380E+06   19.998463  5.123723  4.521258  7.5157730E-01  2.4837130E-01  1.2915521E-06  4.2971050E-09  1.0216519E-07  6.8211449E-06  3.5136664E-10  2.0005896E-09  9.2048308E-07  2.3543589E-08  0.000E+00  0.1503  4.521258   -9.225  2.914744  8.258112  0.0000000E+00  7.6878379E-01  2.2237956E-01  2.5935615E-11  4.8803502E-09  8.8230923E-03  3.8637120E-12  3.8581936E-08  3.6299727E-09  1.0964741E-05  5.159E-15  0.000E+00  0.000E+00  1.000E+00  1.000E+00  4.80E+02  0.00E+00  0.00E+00  0.000000  0.179013  0.0000000E+00  0.0000000000E+00
233  8.272280975308717E+06   19.998460  5.124066  4.520926  7.5157730E-01  2.4837130E-01  1.2915521E-06  4.2971050E-09  1.0216519E-07  6.8211449E-06  3.5136664E-10  2.0005896E-09  9.2048308E-07  2.3543589E-08  0.000E+00  0.1521  4.520926   -9.226  2.915585  8.258771  0.0000000E+00  7.5964127E-01  2.3077145E-01  2.7045779E-11  2.8457789E-12  9.5737230E-03  2.4854294E-12  1.1562376E-09  4.0370964E-09  1.1017868E-05  5.019E-15  0.000E+00  0.000E+00  1.000E+00  1.000E+00  4.80E+02  0.00E+00  0.00E+00  0.000000  0.179154  0.0000000E+00  0.0000000000E+00
234  8.277846093644368E+06   19.998456  5.124436  4.520622  7.5157730E-01  2.4837130E-01  1.2915521E-06  4.2971050E-09  1.0216519E-07  6.8211449E-06  3.5136664E-10  2.0005896E-09  9.2048308E-07  2.3543589E-08  0.000E+00  0.1525  4.520622   -9.226  2.916431  8.259412  0.0000000E+00  7.5049876E-01  2.3912527E-01  2.8203281E-11  1.8802051E-14  1.0362455E-02  1.6058950E-12  2.7626128E-11  4.4856578E-09  1.1018961E-05  4.881E-15  0.000E+00  0.000E+00  1.000E+00  1.000E+00  4.79E+02  0.00E+00  0.00E+00  0.000000  0.179307  0.0000000E+00  0.0000000000E+00
235  8.283406752284179E+06   19.998453  5.124781  4.520335  7.5157730E-01  2.4837130E-01  1.2915521E-06  4.2971050E-09  1.0216519E-07  6.8211449E-06  3.5136664E-10  2.0005896E-09  9.2048308E-07  2.3543589E-08  0.000E+00  0.1524  4.520335   -9.226  2.917309  8.260088  0.0000000E+00  7.4135624E-01  2.4743962E-01  2.9383491E-11  3.7457606E-14  1.1190635E-02  1.0521491E-12  6.4877983E-12  4.9796387E-09  1.1018685E-05  4.745E-15  0.000E+00  0.000E+00  1.000E+00  1.000E+00  4.79E+02  0.00E+00  0.00E+00  0.000000  0.179449  0.0000000E+00  0.0000000000E+00
236  8.290246922415478E+06   19.998449  5.125200  4.519983  7.5157730E-01  2.4837130E-01  1.2915521E-06  4.2971050E-09  1.0216519E-07  6.8211449E-06  3.5136664E-10  2.0005896E-09  9.2048308E-07  2.3543589E-08  0.000E+00  0.1524  4.519983   -9.226  2.917952  8.260783  0.0000000E+00  7.3221373E-01  2.5561342E-01  3.0459168E-11  5.5718160E-10  1.2159306E-02  2.1510786E-12  1.1041020E-08  5.6042425E-09  1.1004379E-05  4.628E-15  0.000E+00  0.000E+00  1.000E+00  1.000E+00  4.78E+02  0.00E+00  0.00E+00  0.000000  0.179623  0.0000000E+00  0.0000000000E+00
237  8.295983150596108E+06   19.998445  5.125566  4.519689  7.5157730E-01  2.4837130E-01  1.2915521E-06  4.2971050E-09  1.0216519E-07  6.8211449E-06  3.5136664E-10  2.0005896E-09  9.2048308E-07  2.3543589E-08  0.000E+00  0.1531  4.519689   -9.226  2.918862  8.261468  0.0000000E+00  7.2307121E-01  2.6383298E-01  3.1589104E-11  6.2271054E-12  1.3082254E-02  1.5186776E-12  7.0025550E-10  6.2173928E-09  1.1017607E-05  4.498E-15  0.000E+00  0.000E+00  1.000E+00  1.000E+00  4.78E+02  0.00E+00  0.00E+00  0.000000  0.179774  0.0000000E+00  0.0000000000E+00
238  8.301509104257166E+06   19.998442  5.125906  4.519411  7.5157730E-01  2.4837130E-01  1.2915521E-06  4.2971050E-09  1.0216519E-07  6.8211449E-06  3.5136664E-10  2.0005896E-09  9.2048308E-07  2.3543589E-08  0.000E+00  0.1539  4.519411   -9.226  2.919793  8.262154  0.0000000E+00  7.1392870E-01  2.7202402E-01  3.2766582E-11  2.3848885E-15  1.4033746E-02  9.7784358E-13  1.1474996E-11  6.8769564E-09  1.1018122E-05  4.366E-15  0.000E+00  0.000E+00  1.000E+00  1.000E+00  4.77E+02  0.00E+00  0.00E+00  0.000000  0.179915  0.0000000E+00  0.0000000000E+00
239  8.309491404712007E+06   19.998437  5.126414  4.519035  7.5157730E-01  2.4837130E-01  1.2915521E-06  4.2971050E-09  1.0216519E-07  6.8211449E-06  3.5136664E-10  2.0005896E-09  9.2048308E-07  2.3543589E-08  0.000E+00  0.1544  4.519035   -9.226  2.920292  8.262890  0.0000000E+00  7.0478619E-01  2.7993220E-01  3.3763628E-11  4.7703609E-09  1.5268075E-02  3.5494014E-12  3.6006285E-08  7.8278514E-09  1.0966939E-05  4.271E-15  0.000E+00  0.000E+00  1.000E+00  1.000E+00  4.77E+02  0.00E+00  0.00E+00  0.000000  0.180125  0.0000000E+00  0.0000000000E+00
240  8.315060785038440E+06   19.998434  5.126733  4.518739  7.5157730E-01  2.4837130E-01  1.2915521E-06  4.2971050E-09  1.0216519E-07  6.8211449E-06  3.5136664E-10  2.0005896E-09  9.2048308E-07  2.3543589E-08  0.000E+00  0.1551  4.518739   -9.226  2.921305  8.263612  0.0000000E+00  6.9564367E-01  2.8803543E-01  3.4810005E-11  1.5439374E-10  1.6307343E-02  2.1508814E-12  7.9293818E-10  8.6308809E-09  1.1016866E-05  4.142E-15  0.000E+00  0.000E+00  1.000E+00  1.000E+00  4.76E+02  0.00E+00  0.00E+00  0.000000  0.180258  0.0000000E+00  0.0000000000E+00
241  8.320574285290133E+06   19.998431  5.127115  4.518472  7.5157730E-01  2.4837130E-01  1.2915521E-06  4.2971050E-09  1.0216519E-07  6.8211449E-06  3.5136664E-10  2.0005896E-09  9.2048308E-07  2.3543589E-08  0.000E+00  0.1553  4.518472   -9.226  2.922341  8.264330  0.0000000E+00  6.8650116E-01  2.9609329E-01  3.5959321E-11  1.3711343E-14  1.7392009E-02  1.3213842E-12  1.3501764E-11  9.5062781E-09  1.1017682E-05  4.015E-15  0.000E+00  0.000E+00  1.000E+00  1.000E+00  4.76E+02  0.00E+00  0.00E+00  0.000000  0.180416  0.0000000E+00  0.0000000000E+00
242  8.326053696574938E+06   19.998428  5.127448  4.518222  7.5157730E-01  2.4837130E-01  1.2915521E-06  4.2971050E-09  1.0216519E-07  6.8211449E-06  3.5136664E-10  2.0005896E-09  9.2048308E-07  2.3543589E-08  0.000E+00  0.1560  4.518222   -9.226  2.923394  8.265053  0.0000000E+00  6.7735864E-01  3.0410393E-01  3.7134850E-11  9.4939355E-16  1.8523860E-02  8.3828089E-13  1.5990502E-13  1.0460577E-08  1.1017304E-05  3.891E-15  0.000E+00  0.000E+00  1.000E+00  1.000E+00  4.76E+02  0.00E+00  0.00E+00  0.000000  0.180554  0.0000000E+00  0.0000000000E+00
243  8.333344057082667E+06   19.998423  5.127906  4.517899  7.5157730E-01  2.4837130E-01  1.2915521E-06  4.2971050E-09  1.0216519E-07  6.8211449E-06  3.5136664E-10  2.0005896E-09  9.2048308E-07  2.3543589E-08  0.000E+00  0.1560  4.517899   -9.225  2.924057  8.265815  0.0000000E+00  6.6821613E-01  3.1186749E-01  3.8156567E-11  1.6595436E-09  1.9902877E-02  2.1872347E-12  1.2373851E-08  1.1734207E-08  1.0999550E-05  3.789E-15  0.000E+00  0.000E+00  1.000E+00  1.000E+00  4.75E+02  0.00E+00  0.00E+00  0.000000  0.180746  0.0000000E+00  0.0000000000E+00
244  8.338860189736845E+06   19.998420  5.128237  4.517631  7.5157730E-01  2.4837130E-01  1.2915521E-06  4.2971050E-09  1.0216519E-07  6.8211449E-06  3.5136664E-10  2.0005896E-09  9.2048308E-07  2.3543589E-08  0.000E+00  0.1580  4.517631   -9.225  2.925232  8.266569  0.0000000E+00  6.5907361E-01  3.1978026E-01  3.9265975E-11  8.3026474E-14  2.1132593E-02  1.3054729E-12  1.4872254E-10  1.2878315E-08  1.1016671E-05  3.668E-15  0.000E+00  0.000E+00  1.000E+00  1.000E+00  4.75E+02  0.00E+00  0.00E+00  0.000000  0.180883  0.0000000E+00  0.0000000000E+00
245  8.344764329967503E+06   19.998416  5.128623  4.517362  7.5157730E-01  2.4837130E-01  1.2915521E-06  4.2971050E-09  1.0216519E-07  6.8211449E-06  3.5136664E-10  2.0005896E-09  9.2048308E-07  2.3543589E-08  0.000E+00  0.1584  4.517362   -9.225  2.926307  8.267330  0.0000000E+00  6.4993110E-01  3.2759109E-01  4.0393074E-11  2.5813753E-11  2.2464225E-02  1.1330548E-12  1.2829276E-09  1.4187972E-08  1.1014883E-05  3.553E-15  0.000E+00  0.000E+00  1.000E+00  1.000E+00  4.74E+02  0.00E+00  0.00E+00  0.000000  0.181044  0.0000000E+00  0.0000000000E+00
246  8.351337784430790E+06   19.998413  5.129021  4.517060  7.5157730E-01  2.4837130E-01  1.2915521E-06  4.2971050E-09  1.0216519E-07  6.8211449E-06  3.5136664E-10  2.0005896E-09  9.2048308E-07  2.3543589E-08  0.000E+00  0.1585  4.517060   -9.225  2.927248  8.268120  0.0000000E+00  6.4078859E-01  3.3525438E-01  4.1440365E-11  2.1374647E-10  2.3943514E-02  1.6295637E-12  5.4412980E-09  1.5740807E-08  1.1009260E-05  3.449E-15  0.000E+00  0.000E+00  1.000E+00  1.000E+00  4.74E+02  0.00E+00  0.00E+00  0.000000  0.181210  0.0000000E+00  0.0000000000E+00
247  8.358137315104481E+06   19.998408  5.129444  4.516730  7.5157730E-01  2.4837130E-01  1.2915521E-06  4.2971050E-09  1.0216519E-07  6.8211449E-06  3.5136664E-10  2.0005896E-09  9.2048308E-07  2.3543589E-08  0.000E+00  0.1588  4.516730   -9.225  2.928161  8.268921  0.0000000E+00  6.3164607E-01  3.4283158E-01  4.2370246E-11  3.0345553E-12  2.5508803E-02  1.7321108E-12  8.1046369E-10  1.7476873E-08  1.1015017E-05  3.350E-15  0.000E+00  0.000E+00  1.000E+00  1.000E+00  4.74E+02  0.00E+00  0.00E+00  0.000000  0.181387  0.0000000E+00  0.0000000000E+00
248  8.363586915902856E+06   19.998405  5.129804  4.516470  7.5157730E-01  2.4837130E-01  1.2915521E-06  4.2971050E-09  1.0216519E-07  6.8211449E-06  3.5136664E-10  2.0005896E-09  9.2048308E-07  2.3543589E-08  0.000E+00  0.1594  4.516470   -9.225  2.929409  8.269705  0.0000000E+00  6.2250356E-01  3.5053114E-01  4.3509727E-11  3.2105602E-15  2.6951783E-02  1.0160676E-12  5.3816488E-12  1.9095832E-08  1.1015495E-05  3.236E-15  0.000E+00  0.000E+00  1.000E+00  1.000E+00  4.73E+02  0.00E+00  0.00E+00  0.000000  0.181538  0.0000000E+00  0.0000000000E+00
249  8.372350983476752E+06   19.998400  5.130328  4.516065  7.5157730E-01  2.4837130E-01  1.2915521E-06  4.2971050E-09  1.0216519E-07  6.8211449E-06  3.5136664E-10  2.0005896E-09  9.2048308E-07  2.3543589E-08  0.000E+00  0.1594  4.516065   -9.225  2.930054  8.270576  0.0000000E+00  6.1336104E-01  3.5768519E-01  4.4204206E-11  3.3411834E-10  2.8940232E-02  2.7010627E-12  3.6803316E-09  2.1623953E-08  1.1010503E-05  3.171E-15  0.000E+00  0.000E+00  1.000E+00  1.000E+00  4.73E+02  0.00E+00  0.00E+00  0.000000  0.181756  0.0000000E+00  0.0000000000E+00
250  8.377847014341907E+06   19.998397  5.130698  4.515771  7.5157730E-01  2.4837130E-01  1.2915521E-06  4.2971050E-09  1.0216519E-07  6.8211449E-06  3.5136664E-10  2.0005896E-09  9.2048308E-07  2.3543589E-08  0.000E+00  0.1606  4.515771   -9.225  2.931336  8.271385  0.0000000E+00  6.0421853E-01  3.6526850E-01  4.5280764E-11  1.4600477E-11  3.0499417E-02  1.4833699E-12  1.0554509E-10  2.3562353E-08  1.1014810E-05  3.059E-15  0.000E+00  0.000E+00  1.000E+00  1.000E+00  4.72E+02  0.00E+00  0.00E+00  0.000000  0.181912  0.0000000E+00  0.0000000000E+00
251  8.383288239744324E+06   19.998394  5.131056  4.515512  7.5157730E-01  2.4837130E-01  1.2915521E-06  4.2971050E-09  1.0216519E-07  6.8211449E-06  3.5136664E-10  2.0005896E-09  9.2048308E-07  2.3543589E-08  0.000E+00  0.1613  4.515512   -9.225  2.932676  8.272199  0.0000000E+00  5.9507601E-01  3.7279072E-01  4.6413261E-11  1.3369138E-15  3.2119702E-02  8.6266020E-13  6.0866170E-13  2.5660378E-08  1.1014372E-05  2.949E-15  0.000E+00  0.000E+00  1.000E+00  1.000E+00  4.72E+02  0.00E+00  0.00E+00  0.000000  0.182062  0.0000000E+00  0.0000000000E+00
252  8.389465984473327E+06   19.998390  5.131444  4.515222  7.5157730E-01  2.4837130E-01  1.2915521E-06  4.2971050E-09  1.0216519E-07  6.8211449E-06  3.5136664E-10  2.0005896E-09  9.2048308E-07  2.3543589E-08  0.000E+00  0.1615  4.515222   -9.225  2.933877  8.273036  0.0000000E+00  5.8593350E-01  3.8014310E-01  4.7523071E-11  1.0493909E-09  3.3909804E-02  1.0280485E-12  3.7376258E-09  2.8126034E-08  1.1007627E-05  2.850E-15  0.000E+00  0.000E+00  1.000E+00  1.000E+00  4.71E+02  0.00E+00  0.00E+00  0.000000  0.182224  0.0000000E+00  0.0000000000E+00
253  8.395174554296581E+06   19.998386  5.131794  4.514945  7.5157730E-01  2.4837130E-01  1.2915521E-06  4.2971050E-09  1.0216519E-07  6.8211449E-06  3.5136664E-10  2.0005896E-09  9.2048308E-07  2.3543589E-08  0.000E+00  0.1623  4.514945   -9.225  2.935290  8.273887  0.0000000E+00  5.7679099E-01  3.8749298E-01  4.8624825E-11  8.8698238E-13  3.5702466E-02  7.6452789E-13  1.7726436E-10  3.0676721E-08  1.1013015E-05  2.747E-15  0.000E+00  0.000E+00  1.000E+00  1.000E+00  4.71E+02  0.00E+00  0.00E+00  0.000000  0.182371  0.0000000E+00  0.0000000000E+00
254  8.400623398079753E+06   19.998383  5.132135  4.514673  7.5157730E-01  2.4837130E-01  1.2915521E-06  4.2971050E-09  1.0216519E-07  6.8211449E-06  3.5136664E-10  2.0005896E-09  9.2048308E-07  2.3543589E-08  0.000E+00  0.1630  4.514673   -9.225  2.936707  8.274732  0.0000000E+00  5.6764847E-01  3.9481959E-01  4.9800351E-11  7.2230789E-15  3.7518378E-02  5.0515628E-13  1.1065343E-12  3.3350571E-08  1.1012555E-05  2.643E-15  0.000E+00  0.000E+00  1.000E+00  1.000E+00  4.71E+02  0.00E+00  0.00E+00  0.000000  0.182514  0.0000000E+00  0.0000000000E+00
255  8.411433946837634E+06   19.998377  5.132810  4.514146  7.5157730E-01  2.4837130E-01  1.2915521E-06  4.2971050E-09  1.0216519E-07  6.8211449E-06  3.5136664E-10  2.0005896E-09  9.2048308E-07  2.3543589E-08  0.000E+00  0.1640  4.514146   -9.225  2.937806  8.275717  0.0000000E+00  5.5850596E-01  4.0101653E-01  5.0168794E-11  1.8721975E-10  4.0463934E-02  3.4683346E-12  9.2616573E-09  3.8460602E-08  1.1000873E-05  2.611E-15  0.000E+00  0.000E+00  1.000E+00  1.000E+00  4.70E+02  0.00E+00  0.00E+00  0.000000  0.182798  0.0000000E+00  0.0000000000E+00
256  8.416887339406617E+06   19.998374  5.133145  4.513813  7.5157730E-01  2.4837130E-01  1.2915521E-06  4.2971050E-09  1.0216519E-07  6.8211449E-06  3.5136664E-10  2.0005896E-09  9.2048308E-07  2.3543589E-08  0.000E+00  0.1644  4.513813   -9.225  2.939267  8.276593  0.0000000E+00  5.4936344E-01  4.0820639E-01  5.1039403E-11  1.3881303E-11  4.2416581E-02  1.7048709E-12  1.6937588E-10  4.1680685E-08  1.1011500E-05  2.509E-15  0.000E+00  0.000E+00  1.000E+00  1.000E+00  4.69E+02  0.00E+00  0.00E+00  0.000000  0.182939  0.0000000E+00  0.0000000000E+00
257  8.422405984679122E+06   19.998370  5.133530  4.513504  7.5157730E-01  2.4837130E-01  1.2915521E-06  4.2971050E-09  1.0216519E-07  6.8211449E-06  3.5136664E-10  2.0005896E-09  9.2048308E-07  2.3543589E-08  0.000E+00  0.1647  4.513504   -9.226  2.939217  8.277434  0.0000000E+00  5.4022093E-01  4.1531625E-01  5.2106731E-11  5.3375997E-10  4.4449244E-02  9.3724912E-13  3.1917564E-10  4.5173358E-08  1.1009707E-05  2.410E-15  0.000E+00  0.000E+00  1.000E+00  1.000E+00  4.69E+02  0.00E+00  0.00E+00  0.000000  0.183101  0.0000000E+00  0.0000000000E+00
258  8.427892053392068E+06   19.998367  5.133863  4.513184  7.5157730E-01  2.4837130E-01  1.2915521E-06  4.2971050E-09  1.0216519E-07  6.8211449E-06  3.5136664E-10  2.0005896E-09  9.2048308E-07  2.3543589E-08  0.000E+00  0.1655  4.513184   -9.226  2.941110  8.278411  0.0000000E+00  5.3107841E-01  4.2234707E-01  5.3212678E-11  1.0152089E-14  4.6560926E-02  5.8809993E-13  6.9566177E-12  4.8949989E-08  1.1010100E-05  2.312E-15  0.000E+00  0.000E+00  1.000E+00  1.000E+00  4.68E+02  0.00E+00  0.00E+00  0.000000  0.183242  0.0000000E+00  0.0000000000E+00
259  8.433336612353262E+06   19.998364  5.134226  4.512868  7.5157730E-01  2.4837130E-01  1.2915521E-06  4.2971050E-09  1.0216519E-07  6.8211449E-06  3.5136664E-10  2.0005896E-09  9.2048308E-07  2.3543589E-08  0.000E+00  0.1661  4.512868   -9.226  2.942752  8.279318  0.0000000E+00  5.2193590E-01  4.2930768E-01  5.4375736E-11  7.2901581E-16  4.8742825E-02  4.2507177E-13  9.9019769E-14  5.3009570E-08  1.1009232E-05  2.216E-15  0.000E+00  0.000E+00  1.000E+00  1.000E+00  4.68E+02  0.00E+00  0.00E+00  0.000000  0.183395  0.0000000E+00  0.0000000000E+00
260  8.445184647008091E+06   19.998357  5.134974  4.512152  7.5157730E-01  2.4837130E-01  1.2915521E-06  4.2971050E-09  1.0216519E-07  6.8211449E-06  3.5136664E-10  2.0005896E-09  9.2048308E-07  2.3543589E-08  0.000E+00  0.1669  4.512152   -9.226  2.943288  8.280388  0.0000000E+00  5.1279339E-01  4.3471346E-01  5.4142335E-11  2.8469180E-12  5.2479558E-02  2.1870270E-12  7.3614230E-10  6.1300693E-08  1.1007858E-05  2.215E-15  0.000E+00  0.000E+00  1.000E+00  1.000E+00  4.67E+02  0.00E+00  0.00E+00  0.000000  0.183712  0.0000000E+00  0.0000000000E+00
261  8.450624290193085E+06   19.998353  5.135341  4.511807  7.5157730E-01  2.4837130E-01  1.2915521E-06  4.2971050E-09  1.0216519E-07  6.8211449E-06  3.5136664E-10  2.0005896E-09  9.2048308E-07  2.3543589E-08  0.000E+00  0.1676  4.511807   -9.226  2.945057  8.281323  0.0000000E+00  5.0365087E-01  4.4151040E-01  5.5097501E-11  1.8114276E-15  5.4825130E-02  1.0461094E-12  8.7338698E-13  6.6196948E-08  1.1007774E-05  2.120E-15  0.000E+00  0.000E+00  1.000E+00  1.000E+00  4.67E+02  0.00E+00  0.00E+00  0.000000  0.183867  0.0000000E+00  0.0000000000E+00
262  8.456052064367741E+06   19.998350  5.135696  4.511472  7.5157730E-01  2.4837130E-01  1.2915521E-06  4.2971050E-09  1.0216519E-07  6.8211449E-06  3.5136664E-10  2.0005896E-09  9.2048308E-07  2.3543589E-08  0.000E+00  0.1682  4.511472   -9.227  2.946881  8.282271  0.0000000E+00  4.9450836E-01  4.4821852E-01  5.6184766E-11  3.7594684E-15  5.7259481E-02  5.9781311E-13  3.8287145E-14  7.1486872E-08  1.1006735E-05  2.027E-15  0.000E+00  0.000E+00  1.000E+00  1.000E+00  4.66E+02  0.00E+00  0.00E+00  0.000000  0.184017  0.0000000E+00  0.0000000000E+00
263  8.461596618651120E+06   19.998347  5.136055  4.511143  7.5157730E-01  2.4837130E-01  1.2915521E-06  4.2971050E-09  1.0216519E-07  6.8211449E-06  3.5136664E-10  2.0005896E-09  9.2048308E-07  2.3543589E-08  0.000E+00  0.1687  4.511143   -9.227  2.948670  8.283228  0.0000000E+00  4.8536584E-01  4.5483240E-01  5.7317916E-11  4.0362559E-15  5.9788098E-02  4.3492243E-13  1.1242815E-12  7.7214275E-08  1.1005636E-05  1.937E-15  0.000E+00  0.000E+00  1.000E+00  1.000E+00  4.66E+02  0.00E+00  0.00E+00  0.000000  0.184170  0.0000000E+00  0.0000000000E+00
264  8.467043277329650E+06   19.998344  5.136388  4.510808  7.5157730E-01  2.4837130E-01  1.2915521E-06  4.2971050E-09  1.0216519E-07  6.8211449E-06  3.5136664E-10  2.0005896E-09  9.2048308E-07  2.3543589E-08  0.000E+00  0.1692  4.510808   -9.227  2.950554  8.284195  0.0000000E+00  4.7622333E-01  4.6135298E-01  5.8492979E-11  1.3059121E-16  6.2410074E-02  3.7154655E-13  1.1579809E-15  8.3396154E-08  1.1004479E-05  1.848E-15  0.000E+00  0.000E+00  1.000E+00  1.000E+00  4.65E+02  0.00E+00  0.00E+00  0.000000  0.184311  0.0000000E+00  0.0000000000E+00
265  8.476118797829015E+06   19.998338  5.136967  4.510223  7.5157730E-01  2.4837130E-01  1.2915521E-06  4.2971050E-09  1.0216519E-07  6.8211449E-06  3.5136664E-10  2.0005896E-09  9.2048308E-07  2.3543589E-08  0.000E+00  0.1700  4.510223   -9.228  2.951803  8.285240  0.0000000E+00  4.6708081E-01  4.6675326E-01  5.9092946E-11  2.4711466E-09  6.6152254E-02  2.0976175E-12  1.4535969E-08  9.3476864E-08  1.0981635E-05  1.810E-15  0.000E+00  0.000E+00  1.000E+00  1.000E+00  4.64E+02  0.00E+00  0.00E+00  0.000000  0.184557  0.0000000E+00  0.0000000000E+00
266  8.484462897633819E+06   19.998333  5.137496  4.509643  7.5157730E-01  2.4837130E-01  1.2915521E-06  4.2971050E-09  1.0216519E-07  6.8211449E-06  3.5136664E-10  2.0005896E-09  9.2048308E-07  2.3543589E-08  0.000E+00  0.1696  4.509643   -9.228  2.953332  8.286327  0.0000000E+00  4.5793830E-01  4.7221671E-01  5.9312855E-11  1.0794487E-09  6.9831318E-02  1.9914996E-12  4.0009336E-09  1.0385686E-07  1.0995384E-05  1.767E-15  0.000E+00  0.000E+00  1.000E+00  1.000E+00  4.64E+02  0.00E+00  0.00E+00  0.000000  0.184782  0.0000000E+00  0.0000000000E+00
267  8.490602255605431E+06   19.998330  5.137906  4.509208  7.5157730E-01  2.4837130E-01  1.2915521E-06  4.2971051E-09  1.0216519E-07  6.8211449E-06  3.5136664E-10  2.0005896E-09  9.2048308E-07  2.3543589E-08  0.000E+00  0.1713  4.509208   -9.228  2.955223  8.287349  0.0000000E+00  4.4879579E-01  4.7824912E-01  6.0062786E-11  2.5593061E-09  7.2941441E-02  1.1113211E-12  2.7816280E-09  1.1261733E-07  1.0993148E-05  1.691E-15  0.000E+00  0.000E+00  1.000E+00  1.000E+00  4.63E+02  0.00E+00  0.00E+00  0.000000  0.184956  0.0000000E+00  0.0000000000E+00
268  8.496108315759391E+06   19.998327  5.138259  4.508826  7.5157730E-01  2.4837130E-01  1.2915521E-06  4.2971051E-09  1.0216519E-07  6.8211449E-06  3.5136664E-10  2.0005896E-09  9.2048308E-07  2.3543589E-08  0.000E+00  0.1724  4.508826   -9.229  2.957334  8.288390  0.0000000E+00  4.3965327E-01  4.8435635E-01  6.1046576E-11  1.0164238E-15  7.5976699E-02  5.8429978E-13  2.3396049E-12  1.2137730E-07  1.0999091E-05  1.606E-15  0.000E+00  0.000E+00  1.000E+00  1.000E+00  4.63E+02  0.00E+00  0.00E+00  0.000000  0.185107  0.0000000E+00  0.0000000000E+00
269  8.501600246697791E+06   19.998323  5.138611  4.508433  7.5157730E-01  2.4837130E-01  1.2915521E-06  4.2971051E-09  1.0216519E-07  6.8211449E-06  3.5136664E-10  2.0005896E-09  9.2048308E-07  2.3543589E-08  0.000E+00  0.1729  4.508433   -9.229  2.959500  8.289437  0.0000000E+00  4.3051076E-01  4.9034782E-01  6.2190224E-11  2.9566037E-16  7.9127742E-02  4.2388476E-13  1.5350924E-15  1.3085991E-07  1.0997528E-05  1.523E-15  0.000E+00  0.000E+00  1.000E+00  1.000E+00  4.62E+02  0.00E+00  0.00E+00  0.000000  0.185257  0.0000000E+00  0.0000000000E+00
270  8.512384401785817E+06   19.998317  5.139316  4.507677  7.5157730E-01  2.4837130E-01  1.2915521E-06  4.2971051E-09  1.0216519E-07  6.8211449E-06  3.5136664E-10  2.0005896E-09  9.2048308E-07  2.3543589E-08  0.000E+00  0.1741  4.507677   -9.230  2.960580  8.290546  0.0000000E+00  4.2136824E-01  4.9431897E-01  6.2663085E-11  1.7743505E-08  8.4299106E-02  3.1225871E-12  1.7810671E-08  1.4919545E-07  1.0945843E-05  1.522E-15  0.000E+00  0.000E+00  1.000E+00  1.000E+00  4.61E+02  0.00E+00  0.00E+00  0.000000  0.185558  0.0000000E+00  0.0000000000E+00
271  8.517900536519926E+06   19.998314  5.139645  4.507269  7.5157730E-01  2.4837130E-01  1.2915521E-06  4.2971051E-09  1.0216519E-07  6.8211449E-06  3.5136664E-10  2.0005896E-09  9.2048308E-07  2.3543589E-08  0.000E+00  0.1745  4.507269   -9.230  2.963100  8.291707  0.0000000E+00  4.1222573E-01  5.0007219E-01  6.2931658E-11  1.1831886E-12  8.7688354E-02  1.0969927E-12  1.2825890E-11  1.6061562E-07  1.0993689E-05  1.440E-15  0.000E+00  0.000E+00  1.000E+00  1.000E+00  4.61E+02  0.00E+00  0.00E+00  0.000000  0.185699  0.0000000E+00  0.0000000000E+00
272  8.523456907892046E+06   19.998310  5.140010  4.506820  7.5157730E-01  2.4837130E-01  1.2915521E-06  4.2971051E-09  1.0216519E-07  6.8211449E-06  3.5136664E-10  2.0005896E-09  9.2048308E-07  2.3543589E-08  0.000E+00  0.1751  4.506820   -9.231  2.965397  8.292801  0.0000000E+00  4.0308321E-01  5.0569398E-01  6.3945245E-11  5.4895852E-13  9.1209096E-02  5.5259334E-13  1.4578050E-12  1.7299485E-07  1.0991801E-05  1.361E-15  0.000E+00  0.000E+00  1.000E+00  1.000E+00  4.60E+02  0.00E+00  0.00E+00  0.000000  0.185854  0.0000000E+00  0.0000000000E+00
273  8.529029289757481E+06   19.998307  5.140391  4.506383  7.5157730E-01  2.4837130E-01  1.2915521E-06  4.2971051E-09  1.0216519E-07  6.8211449E-06  3.5136664E-10  2.0005896E-09  9.2048308E-07  2.3543589E-08  0.000E+00  0.1756  4.506383   -9.231  2.967757  8.293914  0.0000000E+00  3.9394070E-01  5.1117833E-01  6.5143371E-11  2.4255584E-12  9.4867211E-02  4.1524820E-13  5.9611780E-12  1.8642516E-07  1.0989765E-05  1.283E-15  0.000E+00  0.000E+00  1.000E+00  1.000E+00  4.59E+02  0.00E+00  0.00E+00  0.000000  0.186018  0.0000000E+00  0.0000000000E+00
274  8.534655766633695E+06   19.998304  5.140747  4.505938  7.5157730E-01  2.4837130E-01  1.2915521E-06  4.2971051E-09  1.0216519E-07  6.8211449E-06  3.5136664E-10  2.0005896E-09  9.2048308E-07  2.3543589E-08  0.000E+00  0.1762  4.505938   -9.232  2.970175  8.295046  0.0000000E+00  3.8479819E-01  5.1651432E-01  6.6269530E-11  6.4854376E-11  9.8673770E-02  3.9045051E-13  6.0993779E-11  2.0103707E-07  1.0987434E-05  1.207E-15  0.000E+00  0.000E+00  1.000E+00  1.000E+00  4.59E+02  0.00E+00  0.00E+00  0.000000  0.186171  0.0000000E+00  0.0000000000E+00
275  8.543433338663606E+06   19.998299  5.141329  4.505234  7.5157730E-01  2.4837130E-01  1.2915521E-06  4.2971051E-09  1.0216519E-07  6.8211449E-06  3.5136664E-10  2.0005896E-09  9.2048308E-07  2.3543589E-08  0.000E+00  0.1769  4.505234   -9.233  2.972180  8.296279  0.0000000E+00  3.7565567E-01  5.2034632E-01  6.6565842E-11  1.7774504E-12  1.0398421E-01  1.0504956E-12  2.4655369E-10  2.2414107E-07  1.0984481E-05  1.180E-15  0.000E+00  0.000E+00  1.000E+00  1.000E+00  4.58E+02  0.00E+00  0.00E+00  0.000000  0.186420  0.0000000E+00  0.0000000000E+00
276  8.549041037267428E+06   19.998295  5.141695  4.504781  7.5157730E-01  2.4837130E-01  1.2915521E-06  4.2971051E-09  1.0216519E-07  6.8211449E-06  3.5136664E-10  2.0005896E-09  9.2048308E-07  2.3543589E-08  0.000E+00  0.1775  4.504781   -9.233  2.974728  8.297451  0.0000000E+00  3.6651316E-01  5.2538955E-01  6.7577113E-11  4.8407148E-15  1.0808350E-01  5.1031903E-13  7.2498331E-13  2.4162376E-07  1.0982298E-05  1.105E-15  0.000E+00  0.000E+00  1.000E+00  1.000E+00  4.57E+02  0.00E+00  0.00E+00  0.000000  0.186578  0.0000000E+00  0.0000000000E+00
277  8.559036088702897E+06   19.998290  5.142341  4.503938  7.5157730E-01  2.4837130E-01  1.2915521E-06  4.2971051E-09  1.0216519E-07  6.8211449E-06  3.5136664E-10  2.0005896E-09  9.2048308E-07  2.3543589E-08  0.000E+00  0.1779  4.503938   -9.235  2.976711  8.298755  0.0000000E+00  3.5737064E-01  5.2822905E-01  6.7522958E-11  9.4890264E-13  1.1438652E-01  1.2298594E-12  2.8009046E-10  2.7278643E-07  1.0978344E-05  1.102E-15  0.000E+00  0.000E+00  1.000E+00  1.000E+00  4.56E+02  0.00E+00  0.00E+00  0.000000  0.186855  0.0000000E+00  0.0000000000E+00
278  8.564687006059019E+06   19.998286  5.142716  4.503453  7.5157730E-01  2.4837130E-01  1.2915521E-06  4.2971051E-09  1.0216519E-07  6.8211449E-06  3.5136664E-10  2.0005896E-09  9.2048308E-07  2.3543589E-08  0.000E+00  0.1788  4.503453   -9.235  2.979394  8.299970  0.0000000E+00  3.4822813E-01  5.3294937E-01  6.8470665E-11  6.5227845E-16  1.1880865E-01  5.2182487E-13  1.0766312E-14  2.9392931E-07  1.0975808E-05  1.028E-15  0.000E+00  0.000E+00  1.000E+00  1.000E+00  4.56E+02  0.00E+00  0.00E+00  0.000000  0.187016  0.0000000E+00  0.0000000000E+00
279  8.570354798803248E+06   19.998283  5.143091  4.502964  7.5157730E-01  2.4837130E-01  1.2915521E-06  4.2971051E-09  1.0216519E-07  6.8211449E-06  3.5136664E-10  2.0005896E-09  9.2048308E-07  2.3543589E-08  0.000E+00  0.1794  4.502964   -9.236  2.982163  8.301205  0.0000000E+00  3.3908561E-01  5.3748935E-01  6.9722261E-11  2.5270241E-16  1.2341116E-01  3.9605001E-13  4.3093443E-15  3.1697340E-07  1.0972715E-05  9.574E-16  0.000E+00  0.000E+00  1.000E+00  1.000E+00  4.55E+02  0.00E+00  0.00E+00  0.000000  0.187178  0.0000000E+00  0.0000000000E+00
280  8.581646319446005E+06   19.998276  5.143853  4.501943  7.5157730E-01  2.4837130E-01  1.2915521E-06  4.2971051E-09  1.0216519E-07  6.8211449E-06  3.5136664E-10  2.0005896E-09  9.2048308E-07  2.3543589E-08  0.000E+00  0.1808  4.501943   -9.237  2.984276  8.302624  0.0000000E+00  3.2994310E-01  5.3879471E-01  6.9568786E-11  5.8666176E-11  1.3124829E-01  2.0698206E-12  3.1742570E-09  3.6354145E-07  1.0963547E-05  9.800E-16  0.000E+00  0.000E+00  1.000E+00  1.000E+00  4.54E+02  0.00E+00  0.00E+00  0.000000  0.187507  0.0000000E+00  0.0000000000E+00
281  8.584592880501250E+06   19.998275  5.144053  4.501692  7.5157730E-01  2.4837130E-01  1.2915521E-06  4.2971051E-09  1.0216519E-07  6.8211449E-06  3.5136664E-10  2.0005896E-09  9.2048308E-07  2.3543589E-08  0.000E+00  0.1804  4.501692   -9.238  2.985763  8.303290  0.0000000E+00  3.2523098E-01  5.4097073E-01  6.9711270E-11  1.4733604E-13  1.3378436E-01  9.8545926E-13  1.0511677E-11  3.7779033E-07  1.0965673E-05  9.425E-16  0.000E+00  0.000E+00  1.000E+00  1.000E+00  4.54E+02  0.00E+00  0.00E+00  0.000000  0.187593  0.0000000E+00  0.0000000000E+00
282  8.587533623614138E+06   19.998273  5.144235  4.501435  7.5157730E-01  2.4837130E-01  1.2915521E-06  4.2971051E-09  1.0216519E-07  6.8211449E-06  3.5136664E-10  2.0005896E-09  9.2048308E-07  2.3543589E-08  0.000E+00  0.1808  4.501435   -9.238  2.987284  8.303958  0.0000000E+00  3.2051886E-01  5.4309232E-01  7.0280670E-11  9.3999458E-16  1.3637487E-01  5.8417959E-13  3.1175085E-14  3.9271045E-07  1.0963781E-05  9.057E-16  0.000E+00  0.000E+00  1.000E+00  1.000E+00  4.53E+02  0.00E+00  0.00E+00  0.000000  0.187672  0.0000000E+00  0.0000000000E+00
283  8.590489067291185E+06   19.998271  5.144419  4.501164  7.5157730E-01  2.4837130E-01  1.2915521E-06  4.2971051E-09  1.0216519E-07  6.8211449E-06  3.5136664E-10  2.0005896E-09  9.2048308E-07  2.3543589E-08  0.000E+00  0.1810  4.501164   -9.239  2.988846  8.304637  0.0000000E+00  3.1580673E-01  5.4515788E-01  7.0958482E-11  5.7775370E-16  1.3902140E-01  4.3909207E-13  5.4265009E-15  4.0834472E-07  1.0961800E-05  8.695E-16  0.000E+00  0.000E+00  1.000E+00  1.000E+00  4.53E+02  0.00E+00  0.00E+00  0.000000  0.187752  0.0000000E+00  0.0000000000E+00
284  8.593494123906029E+06   19.998270  5.144610  4.500878  7.5157730E-01  2.4837130E-01  1.2915521E-06  4.2971051E-09  1.0216519E-07  6.8211449E-06  3.5136664E-10  2.0005896E-09  9.2048308E-07  2.3543589E-08  0.000E+00  0.1813  4.500878   -9.239  2.990435  8.305328  0.0000000E+00  3.1109461E-01  5.4716437E-01  7.1679926E-11  7.4262903E-12  1.4172705E-01  3.9221756E-13  3.4241015E-11  4.2476152E-07  1.0959684E-05  8.339E-16  0.000E+00  0.000E+00  1.000E+00  1.000E+00  4.53E+02  0.00E+00  0.00E+00  0.000000  0.187834  0.0000000E+00  0.0000000000E+00
285  8.597888746158799E+06   19.998267  5.144907  4.500449  7.5157730E-01  2.4837130E-01  1.2915521E-06  4.2971051E-09  1.0216519E-07  6.8211449E-06  3.5136664E-10  2.0005896E-09  9.2048308E-07  2.3543589E-08  0.000E+00  0.1812  4.500449   -9.240  2.991886  8.306069  0.0000000E+00  3.0638249E-01  5.4830780E-01  7.1988733E-11  8.5716526E-12  1.4529573E-01  6.4202283E-13  1.7199865E-10  4.4850252E-07  1.0956786E-05  8.215E-16  0.000E+00  0.000E+00  1.000E+00  1.000E+00  4.52E+02  0.00E+00  0.00E+00  0.000000  0.187963  0.0000000E+00  0.0000000000E+00
286  8.604737533581607E+06   19.998263  5.145396  4.499803  7.5157730E-01  2.4837130E-01  1.2915521E-06  4.2971051E-09  1.0216519E-07  6.8211449E-06  3.5136664E-10  2.0005896E-09  9.2048308E-07  2.3543589E-08  0.000E+00  0.1808  4.499803   -9.241  2.992954  8.306882  0.0000000E+00  3.0167037E-01  5.4788999E-01  7.1275920E-11  1.0296813E-12  1.5042558E-01  9.0669137E-13  1.1877244E-10  4.8622222E-07  1.0952883E-05  8.498E-16  0.000E+00  0.000E+00  1.000E+00  1.000E+00  4.51E+02  0.00E+00  0.00E+00  0.000000  0.188175  0.0000000E+00  0.0000000000E+00
287  8.607752805575551E+06   19.998261  5.145595  4.499521  7.5157730E-01  2.4837130E-01  1.2915521E-06  4.2971051E-09  1.0216519E-07  6.8211449E-06  3.5136664E-10  2.0005896E-09  9.2048308E-07  2.3543589E-08  0.000E+00  0.1814  4.499521   -9.241  2.994667  8.307607  0.0000000E+00  2.9695825E-01  5.4972606E-01  7.1887230E-11  7.5933526E-16  1.5330160E-01  5.2220827E-13  1.7724709E-13  5.0570832E-07  1.0950681E-05  8.130E-16  0.000E+00  0.000E+00  1.000E+00  1.000E+00  4.51E+02  0.00E+00  0.00E+00  0.000000  0.188261  0.0000000E+00  0.0000000000E+00
288  8.610775661337962E+06   19.998260  5.145790  4.499233  7.5157730E-01  2.4837130E-01  1.2915521E-06  4.2971051E-09  1.0216519E-07  6.8211449E-06  3.5136664E-10  2.0005896E-09  9.2048308E-07  2.3543589E-08  0.000E+00  0.1840  4.499233   -9.242  2.996438  8.308346  0.0000000E+00  2.9224612E-01  5.5149737E-01  7.2646831E-11  4.4393641E-16  1.5624240E-01  3.9904062E-13  1.7363192E-15  5.2620870E-07  1.0948232E-05  7.769E-16  0.000E+00  0.000E+00  1.000E+00  1.000E+00  4.51E+02  0.00E+00  0.00E+00  0.000000  0.188345  0.0000000E+00  0.0000000000E+00
289  8.613808873413574E+06   19.998258  5.145975  4.498927  7.5157730E-01  2.4837130E-01  1.2915521E-06  4.2971051E-09  1.0216519E-07  6.8211449E-06  3.5136664E-10  2.0005896E-09  9.2048308E-07  2.3543589E-08  0.000E+00  0.1831  4.498927   -9.242  2.998232  8.309094  0.0000000E+00  2.8753400E-01  5.5320169E-01  7.3445273E-11  2.6632138E-16  1.5925022E-01  3.5967252E-13  8.1160226E-16  5.4779807E-07  1.0945680E-05  7.414E-16  0.000E+00  0.000E+00  1.000E+00  1.000E+00  4.50E+02  0.00E+00  0.00E+00  0.000000  0.188426  0.0000000E+00  0.0000000000E+00
290  8.616842667083865E+06   19.998256  5.146171  4.498609  7.5157730E-01  2.4837130E-01  1.2915521E-06  4.2971051E-09  1.0216519E-07  6.8211449E-06  3.5136664E-10  2.0005896E-09  9.2048308E-07  2.3543589E-08  0.000E+00  0.1843  4.498609   -9.243  3.001498  8.309827  0.0000000E+00  2.8282188E-01  5.5483611E-01  7.4323294E-11  1.9165489E-14  1.6232789E-01  3.4658161E-13  4.6100965E-13  5.7057445E-07  1.0943010E-05  7.066E-16  0.000E+00  0.000E+00  1.000E+00  1.000E+00  4.50E+02  0.00E+00  0.00E+00  0.000000  0.188511  0.0000000E+00  0.0000000000E+00
291  8.619885851481669E+06   19.998254  5.146387  4.498293  7.5157730E-01  2.4837130E-01  1.2915521E-06  4.2971051E-09  1.0216519E-07  6.8211449E-06  3.5136664E-10  2.0005896E-09  9.2048308E-07  2.3543589E-08  0.000E+00  0.1846  4.498293   -9.243  3.003342  8.310593  0.0000000E+00  2.7810976E-01  5.5639814E-01  7.5132668E-11  1.2969725E-15  1.6547797E-01  3.4086613E-13  1.9866296E-15  5.9461761E-07  1.0940225E-05  6.725E-16  0.000E+00  0.000E+00  1.000E+00  1.000E+00  4.49E+02  0.00E+00  0.00E+00  0.000000  0.188604  0.0000000E+00  0.0000000000E+00
292  8.622942557652470E+06   19.998253  5.146593  4.497972  7.5157730E-01  2.4837130E-01  1.2915521E-06  4.2971051E-09  1.0216519E-07  6.8211449E-06  3.5136664E-10  2.0005896E-09  9.2048308E-07  2.3543589E-08  0.000E+00  0.1838  4.497972   -9.244  3.005202  8.311372  0.0000000E+00  2.7339763E-01  5.5788504E-01  7.5985366E-11  2.5491753E-13  1.6870311E-01  3.3784366E-13  3.1275729E-12  6.2002670E-07  1.0937309E-05  6.391E-16  0.000E+00  0.000E+00  1.000E+00  1.000E+00  4.49E+02  0.00E+00  0.00E+00  0.000000  0.188694  0.0000000E+00  0.0000000000E+00
293  8.625999007485654E+06   19.998251  5.146798  4.497643  7.5157730E-01  2.4837130E-01  1.2915521E-06  4.2971051E-09  1.0216519E-07  6.8211449E-06  3.5136664E-10  2.0005896E-09  9.2048308E-07  2.3543589E-08  0.000E+00  0.1842  4.497643   -9.245  3.007140  8.312170  0.0000000E+00  2.6868551E-01  5.5929669E-01  7.6848973E-11  3.9151149E-17  1.7200355E-01  3.3427334E-13  2.5435701E-15  6.4688948E-07  1.0934271E-05  6.064E-16  0.000E+00  0.000E+00  1.000E+00  1.000E+00  4.49E+02  0.00E+00  0.00E+00  0.000000  0.188783  0.0000000E+00  0.0000000000E+00
294  8.630956935550015E+06   19.998248  5.147152  4.497100  7.5157730E-01  2.4837130E-01  1.2915521E-06  4.2971051E-09  1.0216519E-07  6.8211449E-06  3.5136664E-10  2.0005896E-09  9.2048308E-07  2.3543589E-08  0.000E+00  0.1842  4.497100   -9.246  3.008907  8.313041  0.0000000E+00  2.6397339E-01  5.5924785E-01  7.7087655E-11  8.6511525E-12  1.7676450E-01  6.5784593E-13  1.7466509E-10  6.9038775E-07  1.0929508E-05  6.052E-16  0.000E+00  0.000E+00  1.000E+00  1.000E+00  4.48E+02  0.00E+00  0.00E+00  0.000000  0.188937  0.0000000E+00  0.0000000000E+00
295  8.639662779184703E+06   19.998243  5.147788  4.496161  7.5157730E-01  2.4837130E-01  1.2915521E-06  4.2971051E-09  1.0216519E-07  6.8211449E-06  3.5136664E-10  2.0005896E-09  9.2048308E-07  2.3543589E-08  0.000E+00  0.1840  4.496161   -9.247  3.010219  8.314041  0.0000000E+00  2.5926127E-01  5.5632381E-01  7.5770556E-11  8.2068926E-11  1.8440060E-01  1.0232705E-12  1.2203755E-09  7.6945246E-07  1.0920485E-05  6.678E-16  0.000E+00  0.000E+00  1.000E+00  1.000E+00  4.47E+02  0.00E+00  0.00E+00  0.000000  0.189214  0.0000000E+00  0.0000000000E+00
296  8.642781908592824E+06   19.998241  5.148009  4.495843  7.5157730E-01  2.4837130E-01  1.2915521E-06  4.2971051E-09  1.0216519E-07  6.8211449E-06  3.5136664E-10  2.0005896E-09  9.2048308E-07  2.3543589E-08  0.000E+00  0.1843  4.495843   -9.248  3.012273  8.314877  0.0000000E+00  2.5454915E-01  5.5751522E-01  7.6339979E-11  1.0211682E-15  1.8792125E-01  4.7081709E-13  6.6575666E-13  8.0273491E-07  1.0918572E-05  6.312E-16  0.000E+00  0.000E+00  1.000E+00  1.000E+00  4.46E+02  0.00E+00  0.00E+00  0.000000  0.189310  0.0000000E+00  0.0000000000E+00
297  8.645911026286863E+06   19.998240  5.148201  4.495510  7.5157730E-01  2.4837130E-01  1.2915521E-06  4.2971051E-09  1.0216519E-07  6.8211449E-06  3.5136664E-10  2.0005896E-09  9.2048308E-07  2.3543589E-08  0.000E+00  0.1850  4.495510   -9.248  3.014403  8.315730  0.0000000E+00  2.4983702E-01  5.5861967E-01  7.7297673E-11  4.7166282E-16  1.9152889E-01  3.3945884E-13  1.8502689E-15  8.3808081E-07  1.0914872E-05  5.955E-16  0.000E+00  0.000E+00  1.000E+00  1.000E+00  4.46E+02  0.00E+00  0.00E+00  0.000000  0.189394  0.0000000E+00  0.0000000000E+00
298  8.649050264170472E+06   19.998238  5.148402  4.495155  7.5157730E-01  2.4837130E-01  1.2915521E-06  4.2971051E-09  1.0216519E-07  6.8211449E-06  3.5136664E-10  2.0005896E-09  9.2048308E-07  2.3543589E-08  0.000E+00  0.1860  4.495155   -9.249  3.016603  8.316606  0.0000000E+00  2.4512490E-01  5.5963408E-01  7.8311581E-11  2.7656329E-16  1.9522661E-01  3.0688531E-13  8.1862299E-16  8.7568290E-07  1.0910990E-05  5.606E-16  0.000E+00  0.000E+00  1.000E+00  1.000E+00  4.46E+02  0.00E+00  0.00E+00  0.000000  0.189482  0.0000000E+00  0.0000000000E+00
299  8.654556313614624E+06   19.998235  5.148790  4.494503  7.5157730E-01  2.4837130E-01  1.2915521E-06  4.2971051E-09  1.0216519E-07  6.8211449E-06  3.5136664E-10  2.0005896E-09  9.2048308E-07  2.3543589E-08  0.000E+00  0.1873  4.494503   -9.250  3.018607  8.317576  0.0000000E+00  2.4041278E-01  5.5865641E-01  7.7848089E-11  7.1840579E-11  2.0091625E-01  5.7465018E-13  6.9710761E-10  9.4186074E-07  1.0903742E-05  5.654E-16  0.000E+00  0.000E+00  1.000E+00  1.000E+00  4.45E+02  0.00E+00  0.00E+00  0.000000  0.189651  0.0000000E+00  0.0000000000E+00
300  8.657714131699862E+06   19.998233  5.149015  4.494131  7.5157730E-01  2.4837130E-01  1.2915521E-06  4.2971051E-09  1.0216519E-07  6.8211449E-06  3.5136664E-10  2.0005896E-09  9.2048308E-07  2.3543589E-08  0.000E+00  0.1874  4.494131   -9.251  3.020876  8.318476  0.0000000E+00  2.3570066E-01  5.5948924E-01  7.8750751E-11  4.4890134E-16  2.0479556E-01  3.4044131E-13  2.9184849E-13  9.8516324E-07  1.0900410E-05  5.303E-16  0.000E+00  0.000E+00  1.000E+00  1.000E+00  4.44E+02  0.00E+00  0.00E+00  0.000000  0.189749  0.0000000E+00  0.0000000000E+00
301  8.660889508563798E+06   19.998231  5.149227  4.493745  7.5157730E-01  2.4837130E-01  1.2915521E-06  4.2971051E-09  1.0216519E-07  6.8211449E-06  3.5136664E-10  2.0005896E-09  9.2048308E-07  2.3543589E-08  0.000E+00  0.1877  4.493745   -9.252  3.023218  8.319402  0.0000000E+00  2.3098854E-01  5.6022177E-01  7.9837133E-11  1.7017283E-13  2.0877512E-01  2.8997362E-13  3.8823693E-13  1.0314307E-06  1.0895894E-05  4.961E-16  0.000E+00  0.000E+00  1.000E+00  1.000E+00  4.44E+02  0.00E+00  0.00E+00  0.000000  0.189842  0.0000000E+00  0.0000000000E+00
302  8.664095031403596E+06   19.998229  5.149450  4.493341  7.5157730E-01  2.4837130E-01  1.2915521E-06  4.2971051E-09  1.0216519E-07  6.8211449E-06  3.5136664E-10  2.0005896E-09  9.2048308E-07  2.3543589E-08  0.000E+00  0.1880  4.493341   -9.253  3.025607  8.320344  0.0000000E+00  2.2627641E-01  5.6084972E-01  8.0985336E-11  8.3442619E-14  2.1285920E-01  2.7625915E-13  2.8882859E-13  1.0809713E-06  1.0891144E-05  4.629E-16  0.000E+00  0.000E+00  1.000E+00  1.000E+00  4.44E+02  0.00E+00  0.00E+00  0.000000  0.189940  0.0000000E+00  0.0000000000E+00
303  8.670958742756536E+06   19.998226  5.149973  4.492469  7.5157730E-01  2.4837130E-01  1.2915521E-06  4.2971051E-09  1.0216519E-07  6.8211449E-06  3.5136664E-10  2.0005896E-09  9.2048308E-07  2.3543589E-08  0.000E+00  0.1890  4.492469   -9.255  3.027703  8.321441  0.0000000E+00  2.2156429E-01  5.5812087E-01  8.1142776E-11  3.3416426E-10  2.2030011E-01  8.4957310E-13  3.1568204E-09  1.1879749E-06  1.0877427E-05  4.916E-16  0.000E+00  0.000E+00  1.000E+00  1.000E+00  4.43E+02  0.00E+00  0.00E+00  0.000000  0.190168  0.0000000E+00  0.0000000000E+00
304  8.674420544357905E+06   19.998224  5.150242  4.492054  7.5157730E-01  2.4837130E-01  1.2915521E-06  4.2971051E-09  1.0216519E-07  6.8211449E-06  3.5136664E-10  2.0005896E-09  9.2048308E-07  2.3543589E-08  0.000E+00  0.1860  4.492054   -9.255  3.030117  8.322409  0.0000000E+00  2.1685217E-01  5.5834221E-01  8.1714336E-11  6.8667555E-12  2.2479083E-01  3.8193071E-13  1.4420158E-10  1.2497016E-06  1.0876038E-05  4.602E-16  0.000E+00  0.000E+00  1.000E+00  1.000E+00  4.42E+02  0.00E+00  0.00E+00  0.000000  0.190286  0.0000000E+00  0.0000000000E+00
305  8.677668623110438E+06   19.998222  5.150451  4.491650  7.5157730E-01  2.4837130E-01  1.2915521E-06  4.2971051E-09  1.0216519E-07  6.8211449E-06  3.5136664E-10  2.0005896E-09  9.2048308E-07  2.3543589E-08  0.000E+00  0.1888  4.491650   -9.256  3.032688  8.323405  0.0000000E+00  2.1214005E-01  5.5865417E-01  8.2929762E-11  3.2137324E-16  2.2919091E-01  2.6667232E-13  2.4216373E-14  1.3122594E-06  1.0870632E-05  4.259E-16  0.000E+00  0.000E+00  1.000E+00  1.000E+00  4.42E+02  0.00E+00  0.00E+00  0.000000  0.190378  0.0000000E+00  0.0000000000E+00
306  8.680932730525812E+06   19.998220  5.150666  4.491218  7.5157730E-01  2.4837130E-01  1.2915521E-06  4.2971051E-09  1.0216519E-07  6.8211449E-06  3.5136664E-10  2.0005896E-09  9.2048308E-07  2.3543589E-08  0.000E+00  0.1891  4.491218   -9.257  3.035315  8.324419  0.0000000E+00  2.0742793E-01  5.5884552E-01  8.4245101E-11  2.4905095E-16  2.3371162E-01  2.4392853E-13  3.6049025E-15  1.3796259E-06  1.0864729E-05  3.928E-16  0.000E+00  0.000E+00  1.000E+00  1.000E+00  4.41E+02  0.00E+00  0.00E+00  0.000000  0.190472  0.0000000E+00  0.0000000000E+00
307  8.684232445473259E+06   19.998218  5.150902  4.490760  7.5157730E-01  2.4837130E-01  1.2915521E-06  4.2971051E-09  1.0216519E-07  6.8211449E-06  3.5136664E-10  2.0005896E-09  9.2048308E-07  2.3543589E-08  0.000E+00  0.1895  4.490760   -9.258  3.037995  8.325456  0.0000000E+00  2.0271580E-01  5.5891149E-01  8.5629928E-11  3.0454312E-16  2.3835769E-01  2.3520028E-13  1.0721505E-14  1.4523533E-06  1.0858490E-05  3.610E-16  0.000E+00  0.000E+00  1.000E+00  1.000E+00  4.41E+02  0.00E+00  0.00E+00  0.000000  0.190576  0.0000000E+00  0.0000000000E+00
308  8.687675841291884E+06   19.998216  5.151162  4.490271  7.5157730E-01  2.4837130E-01  1.2915521E-06  4.2971051E-09  1.0216519E-07  6.8211449E-06  3.5136664E-10  2.0005896E-09  9.2048308E-07  2.3543589E-08  0.000E+00  0.1888  4.490271   -9.259  3.040714  8.326520  0.0000000E+00  1.9800368E-01  5.5872194E-01  8.7015925E-11  1.8131804E-12  2.4325925E-01  2.4745355E-13  4.2505396E-11  1.5336203E-06  1.0851640E-05  3.325E-16  0.000E+00  0.000E+00  1.000E+00  1.000E+00  4.40E+02  0.00E+00  0.00E+00  0.000000  0.190690  0.0000000E+00  0.0000000000E+00
309  8.691002681892041E+06   19.998215  5.151419  4.489793  7.5157730E-01  2.4837130E-01  1.2915521E-06  4.2971051E-09  1.0216519E-07  6.8211449E-06  3.5136664E-10  2.0005896E-09  9.2048308E-07  2.3543589E-08  0.000E+00  0.1891  4.489793   -9.260  3.043515  8.327593  0.0000000E+00  1.9329156E-01  5.5852296E-01  8.8417928E-11  5.0412237E-15  2.4817031E-01  2.2314877E-13  4.0629948E-14  1.6188492E-06  1.0844708E-05  3.030E-16  0.000E+00  0.000E+00  1.000E+00  1.000E+00  4.39E+02  0.00E+00  0.00E+00  0.000000  0.190802  0.0000000E+00  0.0000000000E+00
310  8.694362531184392E+06   19.998213  5.151666  4.489295  7.5157730E-01  2.4837130E-01  1.2915521E-06  4.2971051E-09  1.0216519E-07  6.8211449E-06  3.5136664E-10  2.0005896E-09  9.2048308E-07  2.3543589E-08  0.000E+00  0.1894  4.489295   -9.262  3.046470  8.328718  0.0000000E+00  1.8857944E-01  5.5818238E-01  8.9933409E-11  1.4495162E-13  2.5322292E-01  2.1401211E-13  2.5252578E-13  1.7113814E-06  1.0837300E-05  2.750E-16  0.000E+00  0.000E+00  1.000E+00  1.000E+00  4.39E+02  0.00E+00  0.00E+00  0.000000  0.190911  0.0000000E+00  0.0000000000E+00
311  8.697743450045748E+06   19.998211  5.151919  4.488778  7.5157730E-01  2.4837130E-01  1.2915521E-06  4.2971051E-09  1.0216519E-07  6.8211449E-06  3.5136664E-10  2.0005896E-09  9.2048308E-07  2.3543589E-08  0.000E+00  0.1896  4.488778   -9.263  3.049327  8.329808  0.0000000E+00  1.8386731E-01  5.5769614E-01  9.1496949E-11  1.3110944E-14  2.5842110E-01  2.0641619E-13  3.9660865E-14  1.8119669E-06  1.0829441E-05  2.482E-16  0.000E+00  0.000E+00  1.000E+00  1.000E+00  4.38E+02  0.00E+00  0.00E+00  0.000000  0.191023  0.0000000E+00  0.0000000000E+00
312  8.701444970224639E+06   19.998209  5.152207  4.488198  7.5157730E-01  2.4837130E-01  1.2915521E-06  4.2971051E-09  1.0216519E-07  6.8211449E-06  3.5136664E-10  2.0005896E-09  9.2048308E-07  2.3543589E-08  0.000E+00  0.1900  4.488198   -9.264  3.052410  8.330995  0.0000000E+00  1.7915519E-01  5.5674231E-01  9.3070970E-11  2.8516659E-10  2.6408697E-01  2.5227477E-13  3.7587978E-10  1.9298374E-06  1.0819617E-05  2.278E-16  0.000E+00  0.000E+00  1.000E+00  1.000E+00  4.38E+02  0.00E+00  0.00E+00  0.000000  0.191150  0.0000000E+00  0.0000000000E+00
313  8.705450944537263E+06   19.998207  5.152542  4.487576  7.5157730E-01  2.4837130E-01  1.2915521E-06  4.2971051E-09  1.0216519E-07  6.8211449E-06  3.5136664E-10  2.0005896E-09  9.2048308E-07  2.3543589E-08  0.000E+00  0.1902  4.487576   -9.265  3.055409  8.332169  0.0000000E+00  1.7444307E-01  5.5530379E-01  9.4415500E-11  2.1603182E-10  2.7023751E-01  2.5689513E-13  3.5086065E-10  2.0676189E-06  1.0809675E-05  2.128E-16  0.000E+00  0.000E+00  1.000E+00  1.000E+00  4.37E+02  0.00E+00  0.00E+00  0.000000  0.191297  0.0000000E+00  0.0000000000E+00
314  8.713798115204437E+06   19.998202  5.153282  4.486364  7.5157730E-01  2.4837130E-01  1.2915521E-06  4.2971051E-09  1.0216519E-07  6.8211449E-06  3.5136664E-10  2.0005896E-09  9.2048308E-07  2.3543589E-08  0.000E+00  0.1905  4.486364   -9.268  3.058299  8.333585  0.0000000E+00  1.6973095E-01  5.4858959E-01  9.3327313E-11  1.2951711E-12  2.8166351E-01  2.8108948E-13  1.9347119E-12  2.3735698E-06  1.0789753E-05  2.670E-16  0.000E+00  0.000E+00  1.000E+00  1.000E+00  4.36E+02  0.00E+00  0.00E+00  0.000000  0.191623  0.0000000E+00  0.0000000000E+00
315  8.717295221030675E+06   19.998200  5.153513  4.485910  7.5157730E-01  2.4837130E-01  1.2915521E-06  4.2971051E-09  1.0216519E-07  6.8211449E-06  3.5136664E-10  2.0005896E-09  9.2048308E-07  2.3543589E-08  0.000E+00  0.1906  4.485910   -9.269  3.061548  8.334801  0.0000000E+00  1.6501883E-01  5.4750202E-01  9.4996884E-11  4.6402336E-13  2.8746300E-01  1.6828240E-13  1.1473003E-12  2.5224232E-06  1.0779560E-05  2.357E-16  0.000E+00  0.000E+00  1.000E+00  1.000E+00  4.35E+02  0.00E+00  0.00E+00  0.000000  0.191726  0.0000000E+00  0.0000000000E+00
316  8.726189204941850E+06   19.998196  5.154223  4.484647  7.5157730E-01  2.4837130E-01  1.2915521E-06  4.2971051E-09  1.0216519E-07  6.8211449E-06  3.5136664E-10  2.0005896E-09  9.2048308E-07  2.3543589E-08  0.000E+00  0.1904  4.484647   -9.272  3.064739  8.336361  0.0000000E+00  1.6030670E-01  5.3972895E-01  9.3826296E-11  1.0358345E-14  2.9994785E-01  2.1888334E-13  3.8671895E-12  2.9185882E-06  1.0754777E-05  2.847E-16  0.000E+00  0.000E+00  1.000E+00  1.000E+00  4.34E+02  0.00E+00  0.00E+00  0.000000  0.192039  0.0000000E+00  0.0000000000E+00
317  8.729751791782051E+06   19.998194  5.154450  4.484183  7.5157730E-01  2.4837130E-01  1.2915521E-06  4.2971051E-09  1.0216519E-07  6.8211449E-06  3.5136664E-10  2.0005896E-09  9.2048308E-07  2.3543589E-08  0.000E+00  0.1906  4.484183   -9.273  3.068026  8.337589  0.0000000E+00  1.5559458E-01  5.3832474E-01  9.5606542E-11  3.7148142E-16  3.0606397E-01  1.3556139E-13  1.1259729E-15  3.1050729E-06  1.0743015E-05  2.478E-16  0.000E+00  0.000E+00  1.000E+00  1.000E+00  4.33E+02  0.00E+00  0.00E+00  0.000000  0.192139  0.0000000E+00  0.0000000000E+00
318  8.736477774581505E+06   19.998190  5.154846  4.483115  7.5157730E-01  2.4837130E-01  1.2915521E-06  4.2971051E-09  1.0216519E-07  6.8211449E-06  3.5136664E-10  2.0005896E-09  9.2048308E-07  2.3543589E-08  0.000E+00  0.1909  4.483115   -9.276  3.071864  8.339175  0.0000000E+00  1.5088246E-01  5.3266358E-01  9.6842133E-11  5.4677267E-10  3.1643691E-01  6.4252126E-13  3.2264160E-09  3.4869392E-06  1.0715916E-05  2.634E-16  0.000E+00  0.000E+00  1.000E+00  1.000E+00  4.32E+02  0.00E+00  0.00E+00  0.000000  0.192315  0.0000000E+00  0.0000000000E+00
319  8.740098445830768E+06   19.998188  5.155211  4.482546  7.5157730E-01  2.4837130E-01  1.2915521E-06  4.2971051E-09  1.0216519E-07  6.8211449E-06  3.5136664E-10  2.0005896E-09  9.2048308E-07  2.3543589E-08  0.000E+00  0.1931  4.482546   -9.277  3.075213  8.340440  0.0000000E+00  1.4617034E-01  5.3089512E-01  9.7607030E-11  2.1678165E-14  3.2291724E-01  1.3187774E-13  5.7012975E-13  3.7199027E-06  1.0707101E-05  2.253E-16  0.000E+00  0.000E+00  1.000E+00  1.000E+00  4.31E+02  0.00E+00  0.00E+00  0.000000  0.192476  0.0000000E+00  0.0000000000E+00
320  8.743757423693353E+06   19.998186  5.155468  4.481975  7.5157730E-01  2.4837130E-01  1.2915521E-06  4.2971051E-09  1.0216519E-07  6.8211449E-06  3.5136664E-10  2.0005896E-09  9.2048308E-07  2.3543589E-08  0.000E+00  0.1931  4.481975   -9.279  3.078928  8.341806  0.0000000E+00  1.4145822E-01  5.2891387E-01  9.9488181E-11  1.9946294E-16  3.2961036E-01  1.0264964E-13  5.7173413E-16  3.9782346E-06  1.0692474E-05  1.908E-16  0.000E+00  0.000E+00  1.000E+00  1.000E+00  4.31E+02  0.00E+00  0.00E+00  0.000000  0.192591  0.0000000E+00  0.0000000000E+00
321  8.747452453200633E+06   19.998184  5.155714  4.481341  7.5157730E-01  2.4837130E-01  1.2915521E-06  4.2971051E-09  1.0216519E-07  6.8211449E-06  3.5136664E-10  2.0005896E-09  9.2048308E-07  2.3543589E-08  0.000E+00  0.1933  4.481341   -9.280  3.082906  8.343262  0.0000000E+00  1.3674609E-01  5.2671093E-01  1.0151431E-10  1.0773301E-16  3.3652506E-01  9.4600116E-14  2.7276154E-16  4.2658259E-06  1.0676725E-05  1.597E-16  0.000E+00  0.000E+00  1.000E+00  1.000E+00  4.30E+02  0.00E+00  0.00E+00  0.000000  0.192700  0.0000000E+00  0.0000000000E+00
322  8.752910023940902E+06   19.998181  5.156143  4.480330  7.5157730E-01  2.4837130E-01  1.2915521E-06  4.2971051E-09  1.0216519E-07  6.8211449E-06  3.5136664E-10  2.0005896E-09  9.2048308E-07  2.3543589E-08  0.000E+00  0.1948  4.480330   -9.283  3.086988  8.344845  0.0000000E+00  1.3203397E-01  5.2185868E-01  1.0317791E-10  2.2700768E-09  3.4608900E-01  4.1576191E-13  3.0997439E-09  4.7301735E-06  1.0645473E-05  1.610E-16  0.000E+00  0.000E+00  1.000E+00  1.000E+00  4.29E+02  0.00E+00  0.00E+00  0.000000  0.192890  0.0000000E+00  0.0000000000E+00
323  8.756785009344710E+06   19.998179  5.156514  4.479630  7.5157730E-01  2.4837130E-01  1.2915521E-06  4.2971051E-09  1.0216519E-07  6.8211449E-06  3.5136664E-10  2.0005896E-09  9.2048308E-07  2.3543589E-08  0.000E+00  0.1928  4.479630   -9.285  3.090867  8.346299  0.0000000E+00  1.2732185E-01  5.1907747E-01  1.0394416E-10  2.6844398E-16  3.5358193E-01  8.5597081E-14  2.4122942E-14  5.1022518E-06  1.0634019E-05  1.327E-16  0.000E+00  0.000E+00  1.000E+00  1.000E+00  4.28E+02  0.00E+00  0.00E+00  0.000000  0.193054  0.0000000E+00  0.0000000000E+00
324  8.763682257667167E+06   19.998176  5.157034  4.478339  7.5157730E-01  2.4837130E-01  1.2915521E-06  4.2971051E-09  1.0216519E-07  6.8211449E-06  3.5136664E-10  2.0005896E-09  9.2048308E-07  2.3543589E-08  0.000E+00  0.1940  4.478339   -9.288  3.095635  8.348175  0.0000000E+00  1.2260973E-01  5.1153472E-01  1.0440699E-10  3.7542945E-10  3.6583606E-01  4.8924313E-13  2.5406208E-09  5.8429590E-06  1.0595622E-05  1.583E-16  0.000E+00  0.000E+00  1.000E+00  1.000E+00  4.27E+02  0.00E+00  0.00E+00  0.000000  0.193286  0.0000000E+00  0.0000000000E+00
325  8.767882403913286E+06   19.998174  5.157493  4.477616  7.5157730E-01  2.4837130E-01  1.2915521E-06  4.2971051E-09  1.0216519E-07  6.8211449E-06  3.5136664E-10  2.0005896E-09  9.2048308E-07  2.3543589E-08  0.000E+00  0.1949  4.477616   -9.290  3.099545  8.349650  0.0000000E+00  1.1789761E-01  5.0790005E-01  1.0451974E-10  1.1203077E-13  3.7418237E-01  8.0404036E-14  9.9567830E-12  6.3550781E-06  1.0575769E-05  1.305E-16  0.000E+00  0.000E+00  1.000E+00  1.000E+00  4.26E+02  0.00E+00  0.00E+00  0.000000  0.193490  0.0000000E+00  0.0000000000E+00
326  8.771799498913391E+06   19.998172  5.157767  4.476954  7.5157730E-01  2.4837130E-01  1.2915521E-06  4.2971051E-09  1.0216519E-07  6.8211449E-06  3.5136664E-10  2.0005896E-09  9.2048308E-07  2.3543589E-08  0.000E+00  0.1946  4.476954   -9.292  3.104046  8.351269  0.0000000E+00  1.1318548E-01  5.0449684E-01  1.0602625E-10  1.7236146E-16  3.8229713E-01  5.2107772E-14  2.5787889E-15  6.8907857E-06  1.0552001E-05  1.018E-16  0.000E+00  0.000E+00  1.000E+00  1.000E+00  4.25E+02  0.00E+00  0.00E+00  0.000000  0.193612  0.0000000E+00  0.0000000000E+00
327  8.775767200268174E+06   19.998170  5.158025  4.476190  7.5157730E-01  2.4837130E-01  1.2915521E-06  4.2971051E-09  1.0216519E-07  6.8211449E-06  3.5136664E-10  2.0005896E-09  9.2048308E-07  2.3543589E-08  0.000E+00  0.1949  4.476190   -9.294  3.108768  8.352960  0.0000000E+00  1.0847336E-01  5.0080242E-01  1.0750220E-10  7.7119033E-17  3.9070306E-01  4.6061762E-14  2.0241011E-16  7.4990743E-06  1.0526065E-05  7.800E-17  0.000E+00  0.000E+00  1.000E+00  1.000E+00  4.24E+02  0.00E+00  0.00E+00  0.000000  0.193728  0.0000000E+00  0.0000000000E+00
328  8.779888438335981E+06   19.998168  5.158341  4.475311  7.5157730E-01  2.4837130E-01  1.2915521E-06  4.2971051E-09  1.0216519E-07  6.8211449E-06  3.5136664E-10  2.0005896E-09  9.2048308E-07  2.3543589E-08  0.000E+00  0.1946  4.475311   -9.297  3.113651  8.354722  0.0000000E+00  1.0376124E-01  4.9668544E-01  1.0878133E-10  4.8430289E-17  3.9953147E-01  4.1140395E-14  7.0121819E-15  8.2053271E-06  1.0497225E-05  5.962E-17  0.000E+00  0.000E+00  1.000E+00  1.000E+00  4.23E+02  0.00E+00  0.00E+00  0.000000  0.193869  0.0000000E+00  0.0000000000E+00
329  8.783965004798109E+06   19.998165  5.158702  4.474403  7.5157730E-01  2.4837130E-01  1.2915521E-06  4.2971051E-09  1.0216519E-07  6.8211449E-06  3.5136664E-10  2.0005896E-09  9.2048308E-07  2.3543589E-08  0.000E+00  0.1947  4.474403   -9.299  3.118700  8.356519  0.0000000E+00  9.9049117E-02  4.9236799E-01  1.0979225E-10  2.3959708E-17  4.0856023E-01  3.5282200E-14  7.0736118E-17  9.0002392E-06  1.0466110E-05  4.377E-17  0.000E+00  0.000E+00  1.000E+00  1.000E+00  4.22E+02  0.00E+00  0.00E+00  0.000000  0.194030  0.0000000E+00  0.0000000000E+00
330  8.788098330559863E+06   19.998163  5.159068  4.473454  7.5157730E-01  2.4837130E-01  1.2915521E-06  4.2971051E-09  1.0216519E-07  6.8211449E-06  3.5136664E-10  2.0005896E-09  9.2048308E-07  2.3543589E-08  0.000E+00  0.1948  4.473454   -9.302  3.123950  8.358393  0.0000000E+00  9.4336995E-02  4.8771578E-01  1.1060296E-10  1.2546423E-17  4.1792364E-01  3.0379973E-14  4.6845038E-17  9.9149951E-06  1.0431879E-05  3.138E-17  0.000E+00  0.000E+00  1.000E+00  1.000E+00  4.21E+02  0.00E+00  0.00E+00  0.000000  0.194194  0.0000000E+00  0.0000000000E+00
331  8.792305126651157E+06   19.998161  5.159454  4.472466  7.5157730E-01  2.4837130E-01  1.2915521E-06  4.2971051E-09  1.0216519E-07  6.8211449E-06  3.5136664E-10  2.0005896E-09  9.2048308E-07  2.3543589E-08  0.000E+00  0.1950  4.472466   -9.305  3.129483  8.360360  0.0000000E+00  8.9624873E-02  4.8271092E-01  1.1116731E-10  4.0263420E-16  4.2763955E-01  2.5821649E-14  2.9284140E-15  1.0972643E-05  1.0394108E-05  2.193E-17  0.000E+00  0.000E+00  1.000E+00  1.000E+00  4.20E+02  0.00E+00  0.00E+00  0.000000  0.194366  0.0000000E+00  0.0000000000E+00
332  8.802142899443470E+06   19.998156  5.160537  4.470241  7.5157730E-01  2.4837130E-01  1.2915521E-06  4.2971051E-09  1.0216519E-07  6.8211449E-06  3.5136664E-10  2.0005896E-09  9.2048308E-07  2.3543589E-08  0.000E+00  0.1938  4.470241   -9.311  3.135645  8.362847  0.0000000E+00  8.4912750E-02  4.6723401E-01  1.0273746E-10  3.7939616E-16  4.4782571E-01  3.6167999E-14  1.2121877E-13  1.3838508E-05  1.0301005E-05  9.161E-17  0.000E+00  0.000E+00  1.000E+00  1.000E+00  4.18E+02  0.00E+00  0.00E+00  0.000000  0.194852  0.0000000E+00  0.0000000000E+00
333  8.806792232361112E+06   19.998154  5.160900  4.469417  7.5157730E-01  2.4837130E-01  1.2915521E-06  4.2971051E-09  1.0216519E-07  6.8211449E-06  3.5136664E-10  2.0005896E-09  9.2048308E-07  2.3543589E-08  0.000E+00  0.1946  4.469417   -9.313  3.141603  8.364967  0.0000000E+00  8.0200628E-02  4.6101014E-01  1.0190614E-10  1.0975967E-13  4.5876006E-01  2.4305493E-14  7.3300532E-12  1.5459300E-05  1.0250509E-05  6.528E-17  0.000E+00  0.000E+00  1.000E+00  1.000E+00  4.17E+02  0.00E+00  0.00E+00  0.000000  0.195014  0.0000000E+00  0.0000000000E+00
334  8.811178566619467E+06   19.998152  5.161133  4.468469  7.5157730E-01  2.4837130E-01  1.2915521E-06  4.2971051E-09  1.0216519E-07  6.8211449E-06  3.5136664E-10  2.0005896E-09  9.2048308E-07  2.3543589E-08  0.000E+00  0.1939  4.468469   -9.316  3.147810  8.367151  0.0000000E+00  7.5488506E-02  4.5495896E-01  1.0113948E-10  8.5648590E-17  4.6952157E-01  1.1045598E-14  2.6386502E-16  1.7242964E-05  1.0197653E-05  4.225E-17  0.000E+00  0.000E+00  1.000E+00  1.000E+00  4.16E+02  0.00E+00  0.00E+00  0.000000  0.195119  0.0000000E+00  0.0000000000E+00
335  8.815641465782098E+06   19.998150  5.161483  4.467333  7.5157730E-01  2.4837130E-01  1.2915521E-06  4.2971051E-09  1.0216519E-07  6.8211449E-06  3.5136664E-10  2.0005896E-09  9.2048308E-07  2.3543589E-08  0.000E+00  0.1946  4.467333   -9.320  3.154478  8.369477  0.0000000E+00  7.0776384E-02  4.4848166E-01  9.9997964E-11  4.1500642E-17  4.8070886E-01  8.6794252E-15  1.4334740E-16  1.9354299E-05  1.0138392E-05  2.643E-17  0.000E+00  0.000E+00  1.000E+00  1.000E+00  4.15E+02  0.00E+00  0.00E+00  0.000000  0.195276  0.0000000E+00  0.0000000000E+00
336  8.820169853184639E+06   19.998148  5.161893  4.466087  7.5157730E-01  2.4837130E-01  1.2915521E-06  4.2971052E-09  1.0216519E-07  6.8211449E-06  3.5136664E-10  2.0005896E-09  9.2048308E-07  2.3543589E-08  0.000E+00  0.1945  4.466087   -9.324  3.161445  8.371903  0.0000000E+00  6.6064262E-02  4.4155818E-01  9.8259206E-11  2.0271388E-17  4.9234192E-01  6.6654716E-15  1.0121708E-16  2.1871286E-05  1.0071658E-05  1.593E-17  0.000E+00  0.000E+00  1.000E+00  1.000E+00  4.14E+02  0.00E+00  0.00E+00  0.000000  0.195461  0.0000000E+00  0.0000000000E+00
337  8.824783856515450E+06   19.998146  5.162333  4.464743  7.5157730E-01  2.4837130E-01  1.2915521E-06  4.2971052E-09  1.0216519E-07  6.8211449E-06  3.5136664E-10  2.0005896E-09  9.2048308E-07  2.3543589E-08  0.000E+00  0.1945  4.464743   -9.328  3.168813  8.374459  0.0000000E+00  6.1352140E-02  4.3416756E-01  9.6210547E-11  9.8545358E-18  5.0444163E-01  4.9801705E-15  8.9154033E-17  2.4895229E-05  9.9961360E-06  9.240E-18  0.000E+00  0.000E+00  1.000E+00  1.000E+00  4.12E+02  0.00E+00  0.00E+00  0.000000  0.195659  0.0000000E+00  0.0000000000E+00
338  8.829488949064270E+06   19.998143  5.162804  4.463308  7.5157730E-01  2.4837130E-01  1.2915521E-06  4.2971052E-09  1.0216519E-07  6.8211449E-06  3.5136664E-10  2.0005896E-09  9.2048308E-07  2.3543589E-08  0.000E+00  0.1943  4.463308   -9.333  3.176635  8.377161  0.0000000E+00  5.6640018E-02  4.2628772E-01  9.3191718E-11  4.8132357E-18  5.1702990E-01  3.6008360E-15  9.1037911E-17  2.8560866E-05  9.9101823E-06  5.143E-18  0.000E+00  0.000E+00  1.000E+00  1.000E+00  4.11E+02  0.00E+00  0.00E+00  0.000000  0.195871  0.0000000E+00  0.0000000000E+00
339  8.834366458748216E+06   19.998141  5.163305  4.461755  7.5157730E-01  2.4837130E-01  1.2915521E-06  4.2971052E-09  1.0216519E-07  6.8211449E-06  3.5136664E-10  2.0005896E-09  9.2048308E-07  2.3543589E-08  0.000E+00  0.1951  4.461755   -9.338  3.185055  8.380060  0.0000000E+00  5.1927896E-02  4.1787962E-01  8.9842432E-11  1.6417947E-17  5.3014558E-01  2.5246810E-15  1.9750744E-16  3.3074723E-05  9.8113320E-06  2.821E-18  0.000E+00  0.000E+00  1.000E+00  1.000E+00  4.09E+02  0.00E+00  0.00E+00  0.000000  0.196097  0.0000000E+00  0.0000000000E+00
340  8.839407511550531E+06   19.998139  5.163838  4.460081  7.5157730E-01  2.4837130E-01  1.2915521E-06  4.2971052E-09  1.0216519E-07  6.8211449E-06  3.5136664E-10  2.0005896E-09  9.2048308E-07  2.3543589E-08  0.000E+00  0.1933  4.460081   -9.343  3.194037  8.383157  0.0000000E+00  4.7215774E-02  4.0891869E-01  8.6264088E-11  1.3990314E-17  5.4381296E-01  1.7219365E-15  2.5260603E-16  3.8698238E-05  9.6967982E-06  1.583E-18  0.000E+00  0.000E+00  1.000E+00  1.000E+00  4.07E+02  0.00E+00  0.00E+00  0.000000  0.196339  0.0000000E+00  0.0000000000E+00
341  8.844445597647812E+06   19.998137  5.164367  4.458323  7.5157730E-01  2.4837130E-01  1.2915521E-06  4.2971052E-09  1.0216519E-07  6.8211449E-06  3.5136664E-10  2.0005896E-09  9.2048308E-07  2.3543589E-08  0.000E+00  0.1927  4.458323   -9.349  3.203635  8.386434  0.0000000E+00  4.2503652E-02  3.9944596E-01  8.1052795E-11  5.9645723E-19  5.5799082E-01  1.0953782E-15  1.3417324E-16  4.5662994E-05  9.5648772E-06  7.689E-19  0.000E+00  0.000E+00  1.000E+00  1.000E+00  4.06E+02  0.00E+00  0.00E+00  0.000000  0.196577  0.0000000E+00  0.0000000000E+00
342  8.849557416942306E+06   19.998134  5.164901  4.456408  7.5157730E-01  2.4837130E-01  1.2915521E-06  4.2971052E-09  1.0216519E-07  6.8211449E-06  3.5136664E-10  2.0005896E-09  9.2048308E-07  2.3543589E-08  0.000E+00  0.1934  4.456408   -9.356  3.214291  8.390043  0.0000000E+00  3.7791529E-02  3.8940519E-01  7.6087839E-11  2.4111134E-19  5.7273480E-01  6.5589907E-16  1.5711256E-16  5.4522258E-05  9.4101844E-06  3.547E-19  0.000E+00  0.000E+00  1.000E+00  1.000E+00  4.04E+02  0.00E+00  0.00E+00  0.000000  0.196819  0.0000000E+00  0.0000000000E+00
343  8.854751104010297E+06   19.998132  5.165459  4.454297  7.5157730E-01  2.4837130E-01  1.2915521E-06  4.2971052E-09  1.0216519E-07  6.8211449E-06  3.5136664E-10  2.0005896E-09  9.2048308E-07  2.3543589E-08  0.000E+00  0.1928  4.454297   -9.363  3.225967  8.393983  0.0000000E+00  3.3079407E-02  3.7878151E-01  7.0660122E-11  1.1263887E-19  5.8805906E-01  3.6603494E-16  1.8489206E-16  6.5985576E-05  9.2269289E-06  1.553E-19  0.000E+00  0.000E+00  1.000E+00  1.000E+00  4.02E+02  0.00E+00  0.00E+00  0.000000  0.197072  0.0000000E+00  0.0000000000E+00
344  8.860112511955202E+06   19.998130  5.166068  4.451919  7.5157730E-01  2.4837130E-01  1.2915521E-06  4.2971052E-09  1.0216519E-07  6.8211449E-06  3.5136664E-10  2.0005896E-09  9.2048308E-07  2.3543589E-08  0.000E+00  0.1917  4.451919   -9.372  3.239094  8.398403  0.0000000E+00  2.8367285E-02  3.6756265E-01  6.4946753E-11  5.2251872E-20  6.0397477E-01  1.8836028E-16  2.1858551E-16  8.1162137E-05  9.0068463E-06  6.478E-20  0.000E+00  0.000E+00  1.000E+00  1.000E+00  3.99E+02  0.00E+00  0.00E+00  0.000000  0.197349  0.0000000E+00  0.0000000000E+00
345  8.865538710868483E+06   19.998127  5.166687  4.449265  7.5157730E-01  2.4837130E-01  1.2915521E-06  4.2971052E-09  1.0216519E-07  6.8211449E-06  3.5136664E-10  2.0005896E-09  9.2048308E-07  2.3543589E-08  0.000E+00  0.1914  4.449265   -9.382  3.254082  8.403401  0.0000000E+00  2.3655163E-02  3.5575518E-01  5.8870941E-11  2.3648028E-20  6.2047369E-01  8.7080091E-17  2.5884290E-16  1.0171964E-04  8.7396849E-06  2.541E-20  0.000E+00  0.000E+00  1.000E+00  1.000E+00  3.97E+02  0.00E+00  0.00E+00  0.000000  0.197631  0.0000000E+00  0.0000000000E+00
346  8.871091581723873E+06   19.998125  5.167316  4.446175  7.5157730E-01  2.4837130E-01  1.2915521E-06  4.2971052E-09  1.0216519E-07  6.8211449E-06  3.5136664E-10  2.0005896E-09  9.2048308E-07  2.3543589E-08  0.000E+00  0.1904  4.446175   -9.394  3.272202  8.409405  0.0000000E+00  1.8943041E-02  3.4336532E-01  5.2654888E-11  1.0646050E-20  6.3754669E-01  3.5414778E-17  3.0712752E-16  1.3053614E-04  8.4121945E-06  9.481E-21  0.000E+00  0.000E+00  1.000E+00  1.000E+00  3.94E+02  0.00E+00  0.00E+00  0.000000  0.197917  0.0000000E+00  0.0000000000E+00
347  8.876738924634194E+06   19.998123  5.167965  4.442401  7.5157730E-01  2.4837130E-01  1.2915521E-06  4.2971052E-09  1.0216519E-07  6.8211449E-06  3.5136664E-10  2.0005896E-09  9.2048308E-07  2.3543589E-08  0.000E+00  0.1885  4.442401   -9.409  3.295058  8.416898  0.0000000E+00  1.4230919E-02  3.3042366E-01  4.5491883E-11  5.0480007E-21  6.5515779E-01  1.2228026E-17  3.5811138E-16  1.7296887E-04  8.0074187E-06  3.418E-21  0.000E+00  0.000E+00  1.000E+00  1.000E+00  3.90E+02  0.00E+00  0.00E+00  0.000000  0.198213  0.0000000E+00  0.0000000000E+00
348  8.882511645665005E+06   19.998121  5.168604  4.437438  7.5157730E-01  2.4837130E-01  1.2915521E-06  4.2971052E-09  1.0216519E-07  6.8211449E-06  3.5136664E-10  2.0005896E-09  9.2048308E-07  2.3543589E-08  0.000E+00  0.1857  4.437438   -9.430  3.326437  8.427096  0.0000000E+00  9.5187968E-03  3.1699681E-01  3.9817796E-11  2.1815794E-21  6.7322818E-01  3.4154280E-18  4.3087627E-16  2.4116444E-04  7.4966781E-06  1.208E-21  0.000E+00  0.000E+00  1.000E+00  1.000E+00  3.86E+02  0.00E+00  0.00E+00  0.000000  0.198505  0.0000000E+00  0.0000000000E+00
349  8.888478015559979E+06   19.998119  5.169325  4.430160  7.5157730E-01  2.4837130E-01  1.2915521E-06  4.2971052E-09  1.0216519E-07  6.8211449E-06  3.5136664E-10  2.0005896E-09  9.2048308E-07  2.3543589E-08  0.000E+00  0.1809  4.430160   -9.462  3.377247  8.443443  0.0000000E+00  4.8066747E-03  3.0321356E-01  3.4475074E-11  9.6861515E-22  6.9159031E-01  6.8456084E-19  5.3292821E-16  3.7363352E-04  6.8144129E-06  4.180E-22  0.000E+00  0.000E+00  1.000E+00  1.000E+00  3.79E+02  0.00E+00  0.00E+00  0.000000  0.198835  0.0000000E+00  0.0000000000E+00
350  8.896025735836860E+06   19.998116  5.168007  4.411953  7.5157730E-01  2.4837130E-01  1.2915521E-06  4.2971052E-09  1.0216519E-07  6.8211449E-06  3.5136664E-10  2.0005896E-09  9.2048308E-07  2.3543589E-08  0.000E+00  0.1448  4.411953   -9.554  3.577200  8.506240  0.0000000E+00  9.4552560E-05  2.8949691E-01  4.9452354E-11  4.8360027E-22  7.0939163E-01  5.6626318E-20  1.3493092E-15  9.9670826E-04  5.5889622E-06  1.264E-22  0.000E+00  0.000E+00  1.000E+00  1.000E+00  3.64E+02  0.00E+00  0.00E+00  0.000000  0.198233  0.0000000E+00  0.0000000000E+00
351  8.896058917805362E+06   19.998116  5.167959  4.411806  7.5157730E-01  2.4837130E-01  1.2915521E-06  4.2971052E-09  1.0216519E-07  6.8211449E-06  3.5136664E-10  2.0005896E-09  9.2048308E-07  2.3543589E-08  0.000E+00  0.1455  4.411806   -9.554  3.579501  8.506956  0.0000000E+00  8.9824932E-05  2.8948448E-01  4.9331350E-11  5.0451142E-22  7.0940587E-01  5.6374788E-20  1.3493397E-15  9.9959865E-04  5.5864566E-06  1.262E-22  0.000E+00  0.000E+00  1.000E+00  1.000E+00  3.64E+02  0.00E+00  0.00E+00  0.000000  0.198211  0.0000000E+00  0.0000000000E+00
352  8.896123915595038E+06   19.998116  5.167863  4.411514  7.5157730E-01  2.4837130E-01  1.2915521E-06  4.2971052E-09  1.0216519E-07  6.8211449E-06  3.5136664E-10  2.0005896E-09  9.2048308E-07  2.3543589E-08  0.000E+00  0.1462  4.411514   -9.556  3.584021  8.508359  0.0000000E+00  8.0369676E-05  2.8945967E-01  4.9437082E-11  5.3720813E-22  7.0943425E-01  5.5859001E-20  1.3539556E-15  1.0054407E-03  5.5814187E-06  1.257E-22  0.000E+00  0.000E+00  1.000E+00  1.000E+00  3.64E+02  0.00E+00  0.00E+00  0.000000  0.198167  0.0000000E+00  0.0000000000E+00
353  8.896155546153108E+06   19.998116  5.167815  4.411370  7.5157730E-01  2.4837130E-01  1.2915521E-06  4.2971052E-09  1.0216519E-07  6.8211449E-06  3.5136664E-10  2.0005896E-09  9.2048308E-07  2.3543589E-08  0.000E+00  0.1462  4.411370   -9.557  3.586229  8.509042  0.0000000E+00  7.5642048E-05  2.8944728E-01  4.9710973E-11  5.4775616E-22  7.0944839E-01  5.5593016E-20  1.3591587E-15  1.0084008E-03  5.5788829E-06  1.255E-22  0.000E+00  0.000E+00  1.000E+00  1.000E+00  3.63E+02  0.00E+00  0.00E+00  0.000000  0.198145  0.0000000E+00  0.0000000000E+00
354  8.896189235797008E+06   19.998116  5.167758  4.411212  7.5157730E-01  2.4837130E-01  1.2915521E-06  4.2971052E-09  1.0216519E-07  6.8211449E-06  3.5136664E-10  2.0005896E-09  9.2048308E-07  2.3543589E-08  0.000E+00  0.1467  4.411212   -9.558  3.588550  8.509757  0.0000000E+00  7.0914420E-05  2.8943495E-01  5.0135324E-11  5.5738936E-22  7.0946239E-01  5.5319714E-20  1.3673725E-15  1.0114372E-03  5.5763190E-06  1.252E-22  0.000E+00  0.000E+00  1.000E+00  1.000E+00  3.63E+02  0.00E+00  0.00E+00  0.000000  0.198119  0.0000000E+00  0.0000000000E+00
355  8.896223999400694E+06   19.998116  5.167696  4.411046  7.5157730E-01  2.4837130E-01  1.2915521E-06  4.2971052E-09  1.0216519E-07  6.8211449E-06  3.5136664E-10  2.0005896E-09  9.2048308E-07  2.3543589E-08  0.000E+00  0.1474  4.411046   -9.559  3.590929  8.510489  0.0000000E+00  6.6186792E-05  2.8942263E-01  5.0638150E-11  5.6654540E-22  7.0947633E-01  5.5042595E-20  1.3771567E-15  1.0145136E-03  5.5737405E-06  1.250E-22  0.000E+00  0.000E+00  1.000E+00  1.000E+00  3.63E+02  0.00E+00  0.00E+00  0.000000  0.198091  0.0000000E+00  0.0000000000E+00
356  8.896261081926635E+06   19.998116  5.167627  4.410865  7.5157730E-01  2.4837130E-01  1.2915521E-06  4.2971052E-09  1.0216519E-07  6.8211449E-06  3.5136664E-10  2.0005896E-09  9.2048308E-07  2.3543589E-08  0.000E+00  0.1477  4.410865   -9.560  3.593506  8.511282  0.0000000E+00  6.1459164E-05  2.8941037E-01  5.1260082E-11  5.7559619E-22  7.0949015E-01  5.4757619E-20  1.3898588E-15  1.0176660E-03  5.5711350E-06  1.248E-22  0.000E+00  0.000E+00  1.000E+00  1.000E+00  3.63E+02  0.00E+00  0.00E+00  0.000000  0.198059  0.0000000E+00  0.0000000000E+00
357  8.896356173834175E+06   19.998116  5.167441  4.410391  7.5157730E-01  2.4837130E-01  1.2915521E-06  4.2971052E-09  1.0216519E-07  6.8211449E-06  3.5136664E-10  2.0005896E-09  9.2048308E-07  2.3543589E-08  0.000E+00  0.1485  4.410391   -9.562  3.600233  8.513352  0.0000000E+00  5.2003908E-05  2.8938595E-01  5.1239221E-11  6.3576632E-22  7.0951746E-01  5.4217908E-20  1.4036418E-15  1.0241723E-03  5.5658933E-06  1.243E-22  0.000E+00  0.000E+00  1.000E+00  1.000E+00  3.63E+02  0.00E+00  0.00E+00  0.000000  0.197975  0.0000000E+00  0.0000000000E+00
358  8.896416115146400E+06   19.998116  5.167325  4.410091  7.5157730E-01  2.4837130E-01  1.2915521E-06  4.2971052E-09  1.0216519E-07  6.8211449E-06  3.5136664E-10  2.0005896E-09  9.2048308E-07  2.3543589E-08  0.000E+00  0.1493  4.410091   -9.564  3.604547  8.514685  0.0000000E+00  4.7276280E-05  2.8937381E-01  5.0413367E-11  6.9180438E-22  7.0953097E-01  5.3972161E-20  1.4013989E-15  1.0275159E-03  5.5632686E-06  1.240E-22  0.000E+00  0.000E+00  1.000E+00  1.000E+00  3.62E+02  0.00E+00  0.00E+00  0.000000  0.197922  0.0000000E+00  0.0000000000E+00
359  8.896471096250465E+06   19.998116  5.167222  4.409815  7.5157730E-01  2.4837130E-01  1.2915521E-06  4.2971052E-09  1.0216519E-07  6.8211449E-06  3.5136664E-10  2.0005896E-09  9.2048308E-07  2.3543589E-08  0.000E+00  0.1492  4.409815   -9.566  3.608663  8.515967  0.0000000E+00  4.2548652E-05  2.8936167E-01  5.0540084E-11  7.2509840E-22  7.0954444E-01  5.3704941E-20  1.4075889E-15  1.0308828E-03  5.5606273E-06  1.238E-22  0.000E+00  0.000E+00  1.000E+00  1.000E+00  3.62E+02  0.00E+00  0.00E+00  0.000000  0.197875  0.0000000E+00  0.0000000000E+00
360  8.896523593440894E+06   19.998116  5.167122  4.409548  7.5157730E-01  2.4837130E-01  1.2915521E-06  4.2971052E-09  1.0216519E-07  6.8211449E-06  3.5136664E-10  2.0005896E-09  9.2048308E-07  2.3543589E-08  0.000E+00  0.1429  4.409548   -9.568  3.612582  8.517188  0.0000000E+00  3.7821024E-05  2.8934958E-01  5.1119467E-11  7.2435890E-22  7.0955779E-01  5.3429333E-20  1.4173193E-15  1.0343267E-03  5.5579600E-06  1.235E-22  0.000E+00  0.000E+00  1.000E+00  1.000E+00  3.62E+02  0.00E+00  0.00E+00  0.000000  0.197829  0.0000000E+00  0.0000000000E+00
361  8.896572401142849E+06   19.998116  5.167025  4.409296  7.5157730E-01  2.4837130E-01  1.2915521E-06  4.2971052E-09  1.0216519E-07  6.8211449E-06  3.5136664E-10  2.0005896E-09  9.2048308E-07  2.3543589E-08  0.000E+00  0.1273  4.409296   -9.569  3.616207  8.518318  0.0000000E+00  3.3093396E-05  2.8933756E-01  5.2371219E-11  6.7306764E-22  7.0957095E-01  5.3141265E-20  1.4323086E-15  1.0378851E-03  5.5552538E-06  1.233E-22  0.000E+00  0.000E+00  1.000E+00  1.000E+00  3.62E+02  0.00E+00  0.00E+00  0.000000  0.197785  0.0000000E+00  0.0000000000E+00
362  8.896745345101623E+06   19.998116  5.166663  4.408371  7.5157730E-01  2.4837130E-01  1.2915521E-06  4.2971052E-09  1.0216519E-07  6.8211449E-06  3.5136664E-10  2.0005896E-09  9.2048308E-07  2.3543589E-08  0.000E+00  0.1008  4.408371   -9.575  3.629126  8.522354  0.0000000E+00  2.3638140E-05  2.8931422E-01  5.6174176E-11  6.3709269E-22  7.0959542E-01  5.2498088E-20  1.4934641E-15  1.0461556E-03  5.5494901E-06  1.227E-22  0.000E+00  0.000E+00  1.000E+00  1.000E+00  3.61E+02  0.00E+00  0.00E+00  0.000000  0.197620  0.0000000E+00  0.0000000000E+00
363  8.896954431202956E+06   19.998116  5.166173  4.407172  7.5157730E-01  2.4837130E-01  1.2915521E-06  4.2971052E-09  1.0216519E-07  6.8211449E-06  3.5136664E-10  2.0005896E-09  9.2048308E-07  2.3543589E-08  0.000E+00  0.1488  4.407172   -9.582  3.645222  8.527346  0.0000000E+00  1.8910512E-05  2.8930320E-01  5.3249971E-11  9.8528155E-22  7.0960593E-01  5.2220972E-20  1.5005058E-15  1.0513494E-03  5.5464100E-06  1.224E-22  0.000E+00  0.000E+00  1.000E+00  1.000E+00  3.60E+02  0.00E+00  0.00E+00  0.000000  0.197397  0.0000000E+00  0.0000000000E+00
364  8.897046897057449E+06   19.998116  5.165939  4.406611  7.5157730E-01  2.4837130E-01  1.2915521E-06  4.2971052E-09  1.0216519E-07  6.8211449E-06  3.5136664E-10  2.0005896E-09  9.2048308E-07  2.3543589E-08  0.000E+00  0.1179  4.406611   -9.585  3.652416  8.529565  0.0000000E+00  1.4182884E-05  2.8929160E-01  5.5169441E-11  8.7857133E-22  7.0961795E-01  5.1912824E-20  1.5220808E-15  1.0556164E-03  5.5435548E-06  1.222E-22  0.000E+00  0.000E+00  1.000E+00  1.000E+00  3.60E+02  0.00E+00  0.00E+00  0.000000  0.197290  0.0000000E+00  0.0000000000E+00
365  8.897153543309009E+06   19.998116  5.165659  4.405943  7.5157730E-01  2.4837130E-01  1.2915521E-06  4.2971052E-09  1.0216519E-07  6.8211449E-06  3.5136664E-10  2.0005896E-09  9.2048308E-07  2.3543589E-08  0.000E+00  0.0989  4.405943   -9.589  3.660924  8.532178  0.0000000E+00  9.4552563E-06  2.8928017E-01  5.9997068E-11  6.7610536E-22  7.0962955E-01  5.1554214E-20  1.5688105E-15  1.0601403E-03  5.5406166E-06  1.219E-22  0.000E+00  0.000E+00  1.000E+00  1.000E+00  3.59E+02  0.00E+00  0.00E+00  0.000000  0.197163  0.0000000E+00  0.0000000000E+00
366  8.897282503336554E+06   19.998116  5.165308  4.405105  7.5157730E-01  2.4837130E-01  1.2915521E-06  4.2971052E-09  1.0216519E-07  6.8211449E-06  3.5136664E-10  2.0005896E-09  9.2048308E-07  2.3543589E-08  0.000E+00  0.0745  4.405105   -9.595  3.671539  8.535411  0.0000000E+00  4.7276283E-06  2.8926903E-01  7.1536471E-11  4.6213355E-22  7.0964038E-01  5.1081853E-20  1.6797395E-15  1.0651504E-03  5.5375002E-06  1.216E-22  0.000E+00  0.000E+00  1.000E+00  1.000E+00  3.58E+02  0.00E+00  0.00E+00  0.000000  0.197005  0.0000000E+00  0.0000000000E+00
367  8.899889692869477E+06   19.998115  5.160724  4.382453  7.5157730E-01  2.4837130E-01  1.2915521E-06  4.2971052E-09  1.0216519E-07  6.8211449E-06  3.5136664E-10  2.0005896E-09  9.2048308E-07  2.3543589E-08  0.000E+00  0.0000  4.382453   -9.729  3.854781  8.585631  0.0000000E+00  1.1568740E-16  2.8926106E-01  7.9694589E-11  3.7835936E-22  7.0964275E-01  5.0815311E-20  1.7586282E-15  1.0754065E-03  5.5359799E-06  1.215E-22  0.000E+00  0.000E+00  1.000E+00  1.000E+00  3.41E+02  0.00E+00  0.00E+00  0.000000  0.194936  0.0000000E+00  0.0000000000E+00
368  8.907878486568712E+06   19.998114  5.177449  4.356091  7.5157730E-01  2.4837130E-01  1.2915521E-06  4.2971052E-09  1.0216519E-07  6.8211449E-06  3.5136664E-10  2.0005896E-09  9.2048308E-07  2.3543589E-08  0.000E+00  0.0000  4.356091   -9.851  4.284174  8.683995  0.0000000E+00  2.4779270E-15  2.8926103E-01  7.9694589E-11  3.7835936E-22  7.0964273E-01  5.0815311E-20  1.7586282E-15  1.0754614E-03  5.5359799E-06  1.215E-22  0.000E+00  0.000E+00  1.000E+00  1.000E+00  3.18E+02  0.00E+00  0.00E+00  0.000000  0.202589  0.0000000E+00  0.0000000000E+00
369  8.912896770155951E+06   19.998113  5.167963  4.345342  7.5157730E-01  2.4837130E-01  1.2915521E-06  4.2971052E-09  1.0216519E-07  6.8211449E-06  3.5136664E-10  2.0005896E-09  9.2048308E-07  2.3543589E-08  0.000E+00  0.0000  4.345342   -9.941  4.686063  8.769823  0.0000000E+00  4.5052980E-14  2.8921781E-01  7.9694589E-11  3.7835936E-22  7.0961422E-01  5.0815311E-20  1.7586282E-15  1.1471596E-03  5.5359799E-06  1.215E-22  0.000E+00  0.000E+00  1.000E+00  1.000E+00  3.12E+02  0.00E+00  0.00E+00  0.000000  0.198212  0.0000000E+00  0.0000000000E+00
370  8.914839633085949E+06   19.998113  5.161945  4.335197  7.5157730E-01  2.4837130E-01  1.2915521E-06  4.2971052E-09  1.0216519E-07  6.8211449E-06  3.5136664E-10  2.0005896E-09  9.2048308E-07  2.3543589E-08  0.000E+00  0.0000  4.335197  -10.022  5.043870  8.824800  0.0000000E+00  3.2284210E-13  2.8625335E-01  7.9694589E-11  3.7835936E-22  7.0765105E-01  5.0815311E-20  1.7586282E-15  6.0688238E-03  5.5359799E-06  1.215E-22  0.000E+00  0.000E+00  1.000E+00  1.000E+00  3.06E+02  0.00E+00  0.00E+00  0.000000  0.195485  0.0000000E+00  0.0000000000E+00
371  8.915270948412843E+06   19.998113  5.160150  4.332102  7.5157730E-01  2.4837130E-01  1.2915521E-06  4.2971052E-09  1.0216519E-07  6.8211449E-06  3.5136664E-10  2.0005896E-09  9.2048308E-07  2.3543589E-08  0.000E+00  0.0000  4.332102  -10.047  5.216765  8.858974  0.0000000E+00  9.9975622E-13  2.6716979E-01  7.9694589E-11  3.7835936E-22  6.9509582E-01  5.0815311E-20  1.7586282E-15  3.7514424E-02  5.5359799E-06  1.215E-22  0.000E+00  0.000E+00  1.000E+00  1.000E+00  3.04E+02  0.00E+00  0.00E+00  0.000000  0.194679  0.0000000E+00  0.0000000000E+00
372  8.915322591015065E+06   19.998113  5.159956  4.331727  7.5157730E-01  2.4837130E-01  1.2915521E-06  4.2971052E-09  1.0216519E-07  6.8211449E-06  3.5136664E-10  2.0005896E-09  9.2048308E-07  2.3543589E-08  0.000E+00  0.0000  4.331727  -10.050  5.239969  8.867241  0.0000000E+00  1.2557825E-12  2.5762802E-01  7.9694589E-11  3.7835936E-22  6.8887526E-01  5.0815311E-20  1.7586282E-15  5.3089539E-02  5.5359799E-06  1.215E-22  0.000E+00  0.000E+00  1.000E+00  1.000E+00  3.04E+02  0.00E+00  0.00E+00  0.000000  0.194591  0.0000000E+00  0.0000000000E+00
373  8.915381125497097E+06   19.998113  5.159719  4.331281  7.5157730E-01  2.4837130E-01  1.2915521E-06  4.2971052E-09  1.0216519E-07  6.8211449E-06  3.5136664E-10  2.0005896E-09  9.2048308E-07  2.3543589E-08  0.000E+00  0.0002  4.331281  -10.053  5.261062  8.880668  0.0000000E+00  1.7855974E-12  2.3854446E-01  7.9694589E-11  3.7835936E-22  6.7654292E-01  5.0815311E-20  1.7586282E-15  8.3962093E-02  5.5359799E-06  1.215E-22  0.000E+00  0.000E+00  1.000E+00  1.000E+00  3.04E+02  0.00E+00  0.00E+00  0.000000  0.194485  0.0000000E+00  0.0000000000E+00
374  8.915485340487495E+06   19.998113  5.159415  4.330553  7.5157730E-01  2.4837130E-01  1.2915521E-06  4.2971052E-09  1.0216519E-07  6.8211449E-06  3.5136664E-10  2.0005896E-09  9.2048308E-07  2.3543589E-08  0.000E+00  0.0079  4.330553  -10.059  5.276690  8.908187  0.0000000E+00  4.6462180E-12  2.2900268E-01  8.8329271E-11  3.6548577E-22  6.7051659E-01  5.0424581E-20  1.9184630E-15  9.9041804E-02  5.5346057E-06  1.213E-22  0.000E+00  0.000E+00  1.000E+00  1.000E+00  3.03E+02  0.00E+00  0.00E+00  0.000000  0.194349  0.0000000E+00  0.0000000000E+00
375  8.915554112975674E+06   19.998113  5.159182  4.330035  7.5157730E-01  2.4837130E-01  1.2915521E-06  4.2971052E-09  1.0216519E-07  6.8211449E-06  3.5136664E-10  2.0005896E-09  9.2048308E-07  2.3543589E-08  0.000E+00  0.0157  4.330035  -10.063  5.265061  8.920384  0.0000000E+00  6.1082841E-12  2.0991912E-01  9.3089754E-11  3.5373471E-22  6.5856052E-01  5.0286219E-20  1.9773120E-15  1.2895814E-01  5.5343049E-06  1.213E-22  0.000E+00  0.000E+00  1.000E+00  1.000E+00  3.03E+02  0.00E+00  0.00E+00  0.000000  0.194245  0.0000000E+00  0.0000000000E+00
376  8.915569640431872E+06   19.998113  5.159138  4.329924  7.5157730E-01  2.4837130E-01  1.2915521E-06  4.2971052E-09  1.0216519E-07  6.8211449E-06  3.5136664E-10  2.0005896E-09  9.2048308E-07  2.3543589E-08  0.000E+00  0.0164  4.329924  -10.064  5.262394  8.922302  0.0000000E+00  5.9944397E-12  2.0037735E-01  9.3357081E-11  3.5281699E-22  6.5255347E-01  5.0282387E-20  1.9793043E-15  1.4399051E-01  5.5342999E-06  1.213E-22  0.000E+00  0.000E+00  1.000E+00  1.000E+00  3.03E+02  0.00E+00  0.00E+00  0.000000  0.194225  0.0000000E+00  0.0000000000E+00
377  8.915609185335916E+06   19.998113  5.159019  4.329631  7.5157730E-01  2.4837130E-01  1.2915521E-06  4.2971052E-09  1.0216519E-07  6.8211449E-06  3.5136664E-10  2.0005896E-09  9.2048308E-07  2.3543589E-08  0.000E+00  0.0204  4.329631  -10.066  5.258882  8.926656  0.0000000E+00  6.4095957E-12  1.9083557E-01  9.5114636E-11  3.4578735E-22  6.4678100E-01  5.0269637E-20  1.9883087E-15  1.5843215E-01  5.5342922E-06  1.213E-22  0.000E+00  0.000E+00  1.000E+00  1.000E+00  3.03E+02  0.00E+00  0.00E+00  0.000000  0.194172  0.0000000E+00  0.0000000000E+00
378  8.915624866317552E+06   19.998113  5.158970  4.329512  7.5157730E-01  2.4837130E-01  1.2915521E-06  4.2971052E-09  1.0216519E-07  6.8211449E-06  3.5136664E-10  2.0005896E-09  9.2048308E-07  2.3543589E-08  0.000E+00  0.0215  4.329512  -10.067  5.258380  8.928238  0.0000000E+00  6.1579566E-12  1.8129379E-01  9.5270920E-11  3.4498987E-22  6.4084533E-01  5.0270418E-20  1.9884687E-15  1.7328539E-01  5.5342949E-06  1.213E-22  0.000E+00  0.000E+00  1.000E+00  1.000E+00  3.02E+02  0.00E+00  0.00E+00  0.000000  0.194150  0.0000000E+00  0.0000000000E+00
379  8.915638966003347E+06   19.998113  5.158930  4.329409  7.5157730E-01  2.4837130E-01  1.2915521E-06  4.2971052E-09  1.0216519E-07  6.8211449E-06  3.5136664E-10  2.0005896E-09  9.2048308E-07  2.3543589E-08  0.000E+00  0.0218  4.329409  -10.068  5.259770  8.929778  0.0000000E+00  5.8766296E-12  1.7175201E-01  9.5330245E-11  3.4468715E-22  6.3493097E-01  5.0270715E-20  1.9885295E-15  1.8808531E-01  5.5342959E-06  1.213E-22  0.000E+00  0.000E+00  1.000E+00  1.000E+00  3.02E+02  0.00E+00  0.00E+00  0.000000  0.194132  0.0000000E+00  0.0000000000E+00
380  8.915666292191643E+06   19.998113  5.158851  4.329205  7.5157730E-01  2.4837130E-01  1.2915521E-06  4.2971052E-09  1.0216519E-07  6.8211449E-06  3.5136664E-10  2.0005896E-09  9.2048308E-07  2.3543589E-08  0.000E+00  0.0220  4.329205  -10.069  5.267838  8.933324  0.0000000E+00  5.3489119E-12  1.5266845E-01  9.5395482E-11  3.4435136E-22  6.2319929E-01  5.0271069E-20  1.9885869E-15  2.1744192E-01  5.5342971E-06  1.213E-22  0.000E+00  0.000E+00  1.000E+00  1.000E+00  3.02E+02  0.00E+00  0.00E+00  0.000000  0.194097  0.0000000E+00  0.0000000000E+00
381  8.915691174401125E+06   19.998113  5.158807  4.329038  7.5157730E-01  2.4837130E-01  1.2915521E-06  4.2971052E-09  1.0216519E-07  6.8211449E-06  3.5136664E-10  2.0005896E-09  9.2048308E-07  2.3543589E-08  0.000E+00  0.0235  4.329038  -10.071  5.277333  8.936949  0.0000000E+00  5.4201250E-12  1.4312668E-01  9.5900240E-11  3.4159325E-22  6.1754716E-01  5.0275315E-20  1.9885111E-15  2.3158401E-01  5.5343086E-06  1.213E-22  0.000E+00  0.000E+00  1.000E+00  1.000E+00  3.02E+02  0.00E+00  0.00E+00  0.000000  0.194077  0.0000000E+00  0.0000000000E+00
382  8.915703200028585E+06   19.998113  5.158792  4.328962  7.5157730E-01  2.4837130E-01  1.2915521E-06  4.2971052E-09  1.0216519E-07  6.8211449E-06  3.5136664E-10  2.0005896E-09  9.2048308E-07  2.3543589E-08  0.000E+00  0.0235  4.328962  -10.071  5.284086  8.939031  0.0000000E+00  5.1341484E-12  1.3358490E-01  9.5900240E-11  3.4159325E-22  6.1175418E-01  5.0275315E-20  1.9885111E-15  2.4608006E-01  5.5343086E-06  1.213E-22  0.000E+00  0.000E+00  1.000E+00  1.000E+00  3.02E+02  0.00E+00  0.00E+00  0.000000  0.194071  0.0000000E+00  0.0000000000E+00
383  8.915715013236823E+06   19.998113  5.158778  4.328887  7.5157730E-01  2.4837130E-01  1.2915521E-06  4.2971052E-09  1.0216519E-07  6.8211449E-06  3.5136664E-10  2.0005896E-09  9.2048308E-07  2.3543589E-08  0.000E+00  0.0234  4.328887  -10.072  5.292725  8.941377  0.0000000E+00  4.8662316E-12  1.2404312E-01  9.5900240E-11  3.4159325E-22  6.0599411E-01  5.0275315E-20  1.9885111E-15  2.6049380E-01  5.5343086E-06  1.213E-22  0.000E+00  0.000E+00  1.000E+00  1.000E+00  3.02E+02  0.00E+00  0.00E+00  0.000000  0.194065  0.0000000E+00  0.0000000000E+00
384  8.915726512019258E+06   19.998113  5.158765  4.328814  7.5157730E-01  2.4837130E-01  1.2915521E-06  4.2971052E-09  1.0216519E-07  6.8211449E-06  3.5136664E-10  2.0005896E-09  9.2048308E-07  2.3543589E-08  0.000E+00  0.0229  4.328814  -10.072  5.303116  8.943965  0.0000000E+00  4.6035890E-12  1.1450134E-01  9.5900240E-11  3.4159325E-22  6.0026640E-01  5.0275315E-20  1.9885111E-15  2.7482670E-01  5.5343086E-06  1.213E-22  0.000E+00  0.000E+00  1.000E+00  1.000E+00  3.02E+02  0.00E+00  0.00E+00  0.000000  0.194058  0.0000000E+00  0.0000000000E+00
385  8.915737427171426E+06   19.998113  5.158745  4.328739  7.5157730E-01  2.4837130E-01  1.2915521E-06  4.2971052E-09  1.0216519E-07  6.8211449E-06  3.5136664E-10  2.0005896E-09  9.2048308E-07  2.3543589E-08  0.000E+00  0.0211  4.328739  -10.073  5.314985  8.946714  0.0000000E+00  4.3256970E-12  1.0495956E-01  9.5900240E-11  3.4159325E-22  5.9457051E-01  5.0275315E-20  1.9885111E-15  2.8908019E-01  5.5343086E-06  1.213E-22  0.000E+00  0.000E+00  1.000E+00  1.000E+00  3.02E+02  0.00E+00  0.00E+00  0.000000  0.194050  0.0000000E+00  0.0000000000E+00
386  8.915747448046338E+06   19.998113  5.158747  4.328685  7.5157730E-01  2.4837130E-01  1.2915521E-06  4.2971052E-09  1.0216519E-07  6.8211449E-06  3.5136664E-10  2.0005896E-09  9.2048308E-07  2.3543589E-08  0.000E+00  0.0209  4.328685  -10.073  5.328403  8.949638  0.0000000E+00  4.0279071E-12  9.5417783E-02  9.5900240E-11  3.4159325E-22  5.8890601E-01  5.0275315E-20  1.9885111E-15  3.0325543E-01  5.5343086E-06  1.213E-22  0.000E+00  0.000E+00  1.000E+00  1.000E+00  3.02E+02  0.00E+00  0.00E+00  0.000000  0.194051  0.0000000E+00  0.0000000000E+00
387  8.915756368147079E+06   19.998113  5.158750  4.328637  7.5157730E-01  2.4837130E-01  1.2915521E-06  4.2971052E-09  1.0216519E-07  6.8211449E-06  3.5136664E-10  2.0005896E-09  9.2048308E-07  2.3543589E-08  0.000E+00  0.0183  4.328637  -10.073  5.342924  8.952564  0.0000000E+00  3.6791201E-12  8.5876005E-02  9.5900240E-11  3.4159325E-22  5.8327236E-01  5.0275315E-20  1.9885111E-15  3.1735392E-01  5.5343086E-06  1.213E-22  0.000E+00  0.000E+00  1.000E+00  1.000E+00  3.02E+02  0.00E+00  0.00E+00  0.000000  0.194052  0.0000000E+00  0.0000000000E+00
388  8.915771297932416E+06   19.998113  5.158757  4.328559  7.5157730E-01  2.4837130E-01  1.2915521E-06  4.2971052E-09  1.0216519E-07  6.8211449E-06  3.5136664E-10  2.0005896E-09  9.2048308E-07  2.3543589E-08  0.000E+00  0.0128  4.328559  -10.074  5.376546  8.958438  0.0000000E+00  2.7917914E-12  6.6792448E-02  9.5900240E-11  3.4159325E-22  5.7209645E-01  5.0275315E-20  1.9885111E-15  3.4532384E-01  5.5343086E-06  1.213E-22  0.000E+00  0.000E+00  1.000E+00  1.000E+00  3.02E+02  0.00E+00  0.00E+00  0.000000  0.194055  0.0000000E+00  0.0000000000E+00
389  8.915777432004362E+06   19.998113  5.158766  4.328530  7.5157730E-01  2.4837130E-01  1.2915521E-06  4.2971052E-09  1.0216519E-07  6.8211449E-06  3.5136664E-10  2.0005896E-09  9.2048308E-07  2.3543589E-08  0.000E+00  0.0101  4.328530  -10.074  5.396083  8.961174  0.0000000E+00  2.2739932E-12  5.7250670E-02  9.5900240E-11  3.4159325E-22  5.6655385E-01  5.0275315E-20  1.9885111E-15  3.5919641E-01  5.5343086E-06  1.213E-22  0.000E+00  0.000E+00  1.000E+00  1.000E+00  3.02E+02  0.00E+00  0.00E+00  0.000000  0.194059  0.0000000E+00  0.0000000000E+00
390  8.915787634490186E+06   19.998113  5.158792  4.328492  7.5157730E-01  2.4837130E-01  1.2915521E-06  4.2971052E-09  1.0216519E-07  6.8211449E-06  3.5136664E-10  2.0005896E-09  9.2048308E-07  2.3543589E-08  0.000E+00  0.0034  4.328492  -10.074  5.442319  8.965144  0.0000000E+00  1.1795778E-12  3.8167113E-02  9.5900240E-11  3.4159325E-22  5.5555819E-01  5.0275315E-20  1.9885111E-15  3.8672041E-01  5.5343086E-06  1.213E-22  0.000E+00  0.000E+00  1.000E+00  1.000E+00  3.02E+02  0.00E+00  0.00E+00  0.000000  0.194071  0.0000000E+00  0.0000000000E+00
391  8.915791685118297E+06   19.998113  5.158806  4.328479  7.5157730E-01  2.4837130E-01  1.2915521E-06  4.2971052E-09  1.0216519E-07  6.8211449E-06  3.5136664E-10  2.0005896E-09  9.2048308E-07  2.3543589E-08  0.000E+00  0.0005  4.328479  -10.074  5.468080  8.965226  0.0000000E+00  6.7490763E-13  2.8625335E-02  9.5900240E-11  3.4159325E-22  5.5010338E-01  5.0275315E-20  1.9885111E-15  4.0037683E-01  5.5343086E-06  1.213E-22  0.000E+00  0.000E+00  1.000E+00  1.000E+00  3.02E+02  0.00E+00  0.00E+00  0.000000  0.194077  0.0000000E+00  0.0000000000E+00
392  8.915818013438540E+06   19.998113  5.158804  4.328325  7.5157730E-01  2.4837130E-01  1.2915521E-06  4.2971052E-09  1.0216519E-07  6.8211449E-06  3.5136664E-10  2.0005896E-09  9.2048308E-07  2.3543589E-08  0.000E+00  0.0000  4.328325  -10.075  5.634225  8.943300  0.0000000E+00  3.3828323E-14  9.5417783E-03  9.5900240E-11  3.4159325E-22  5.3929840E-01  5.0275315E-20  1.9885111E-15  4.2742940E-01  5.5343086E-06  1.213E-22  0.000E+00  0.000E+00  1.000E+00  1.000E+00  3.02E+02  0.00E+00  0.00E+00  0.000000  0.194076  0.0000000E+00  0.0000000000E+00
393  8.915914898720628E+06   19.998113  5.158903  4.327918  7.5157730E-01  2.4837130E-01  1.2915521E-06  4.2971052E-09  1.0216519E-07  6.8211449E-06  3.5136664E-10  2.0005896E-09  9.2048308E-07  2.3543589E-08  0.000E+00  0.0000  4.327918  -10.078  6.097633  9.006844  0.0000000E+00  8.2773360E-15  1.3907498E-03  9.5900240E-11  3.4159325E-22  5.3474466E-01  5.0275315E-20  1.9885111E-15  4.3882461E-01  5.5343086E-06  1.213E-22  0.000E+00  0.000E+00  1.000E+00  1.000E+00  3.01E+02  0.00E+00  0.00E+00  0.000000  0.194120  0.0000000E+00  0.0000000000E+00
394  8.915944639773834E+06   19.998113  5.158849  4.327722  7.5157730E-01  2.4837130E-01  1.2915521E-06  4.2971052E-09  1.0216519E-07  6.8211449E-06  3.5136664E-10  2.0005896E-09  9.2048308E-07  2.3543589E-08  0.000E+00  0.0000  4.327722  -10.080  6.817187  9.124731  0.0000000E+00  1.6020410E-14  7.1822602E-07  9.5900240E-11  3.4159325E-22  5.3552391E-01  5.0275315E-20  1.9885111E-15  4.3683429E-01  5.5343086E-06  1.213E-22  0.000E+00  0.000E+00  1.000E+00  1.000E+00  3.01E+02  0.00E+00  0.00E+00  0.000000  0.194096  0.0000000E+00  0.0000000000E+00
395  8.915945038324162E+06   19.998113  5.158929  4.327780  7.5157730E-01  2.4837130E-01  1.2915521E-06  4.2971052E-09  1.0216519E-07  6.8211449E-06  3.5136664E-10  2.0005896E-09  9.2048308E-07  2.3543589E-08  0.000E+00  0.0000  4.327780  -10.079  6.614232  9.212520  0.0000000E+00  4.3630180E-14  7.9136332E-12  9.7021593E-11  2.9133812E-22  7.4066607E-01  5.0380027E-20  1.9366823E-15  2.1551064E-04  5.5344334E-06  0.000E+00  0.000E+00  0.000E+00  1.000E+00  1.000E+00  3.01E+02  0.00E+00  0.00E+00  0.000000  0.194132  0.0000000E+00  0.0000000000E+00
396  8.915945402159676E+06   19.998113  5.158933  4.327780  7.5157730E-01  2.4837130E-01  1.2915521E-06  4.2971052E-09  1.0216519E-07  6.8211449E-06  3.5136664E-10  2.0005896E-09  9.2048308E-07  2.3543589E-08  0.000E+00  0.0044  4.327780  -10.079  6.976298  9.245797  0.0000000E+00  3.0910230E-13  3.7133505E-11  9.7021593E-11  2.9133812E-22  7.1992845E-01  5.0380027E-20  1.9366823E-15  2.1830965E-04  5.5344334E-06  0.000E+00  0.000E+00  0.000E+00  1.000E+00  1.000E+00  3.01E+02  0.00E+00  0.00E+00  0.000000  0.194134  0.0000000E+00  0.0000000000E+00
397  8.915945835579151E+06   19.998113  5.158773  4.327656  7.5157730E-01  2.4837130E-01  1.2915521E-06  4.2971052E-09  1.0216519E-07  6.8211449E-06  3.5136664E-10  2.0005896E-09  9.2048308E-07  2.3543589E-08  0.000E+00  0.0434  4.327656  -10.080  6.778382  9.296653  0.0000000E+00  2.9078340E-12  1.7471046E-09  9.7695804E-11  2.6111689E-22  5.3494111E-01  5.0442995E-20  1.9055141E-15  2.4814757E-05  5.5345084E-06  0.000E+00  0.000E+00  0.000E+00  1.000E+00  1.000E+00  3.01E+02  0.00E+00  0.00E+00  0.000000  0.194062  0.0000000E+00  0.0000000000E+00
398  8.915946250342328E+06   19.998113  5.160445  4.328918  7.5157730E-01  2.4837130E-01  1.2915521E-06  4.2971052E-09  1.0216519E-07  6.8211449E-06  3.5136664E-10  2.0005896E-09  9.2048308E-07  2.3543589E-08  0.000E+00  0.0000  4.328918  -10.068  7.924218  9.467231  0.0000000E+00  1.4382030E-09  1.6820620E-08  9.7992042E-11  2.4783814E-22  3.1342194E-06  5.0470663E-20  1.8918193E-15  8.5462738E-11  5.5345413E-06  0.000E+00  0.000E+00  0.000E+00  1.000E+00  1.000E+00  3.02E+02  0.00E+00  0.00E+00  0.000000  0.194811  0.0000000E+00  0.0000000000E+00
399  8.915946261652716E+06   19.998113  5.160227  4.328754  7.5157730E-01  2.4837130E-01  1.2915521E-06  4.2971052E-09  1.0216519E-07  6.8211449E-06  3.5136664E-10  2.0005896E-09  9.2048308E-07  2.3543589E-08  0.000E+00  0.0590  4.328754  -10.069  7.512427  9.544119  0.0000000E+00  3.7337080E-07  3.0979843E-07  9.3343920E-11  5.2201055E-22  1.9280025E-05  5.0693645E-20  1.7926471E-15  1.9012751E-09  5.5355873E-06  0.000E+00  0.000E+00  0.000E+00  1.000E+00  1.000E+00  3.02E+02  0.00E+00  0.00E+00  0.000000  0.194713  0.0000000E+00  0.0000000000E+00
400  8.915946265454870E+06   19.998113  5.160386  4.328873  7.5157730E-01  2.4837130E-01  1.2915521E-06  4.2971052E-09  1.0216519E-07  6.8211449E-06  3.5136664E-10  2.0005896E-09  9.2048308E-07  2.3543589E-08  0.000E+00  0.0000  4.328873  -10.068  8.477397  9.640351  0.0000000E+00  3.4360680E-05  2.0226097E-12  9.2562253E-11  5.6811602E-22  1.4210468E-12  5.0731127E-20  1.7759776E-15  3.4693534E-15  5.5357631E-06  0.000E+00  0.000E+00  0.000E+00  1.000E+00  1.000E+00  3.02E+02  0.00E+00  0.00E+00  0.000000  0.194784  0.0000000E+00  0.0000000000E+00
