line                  time        mass     lg(L)  lg(Teff)        1H_surf       4He_surf       12C_surf       13C_surf       14N_surf       16O_surf       17O_surf       18O_surf      20Ne_surf      22Ne_surf  26Al_surf  Mcc/Mt   lg(Teff)  lg(Md)  lg(rhoc)    lg(Tc)         1H_cen        4He_cen        12C_cen        13C_cen        14N_cen        16O_cen        17O_cen        18O_cen       20Ne_cen       22Ne_cen   26Al_cen  Omeg_surf   Omeg_cen     Rp/Req   Md/Md(0)   v_crit1   v_crit2    v_equa  Om/Om_cr  Gamma_Ed  lg(Mdot_mech)             L_tot
   -                    yr        Msun      Lsun        K      mass frac.     mass frac.     mass frac.     mass frac.     mass frac.     mass frac.     mass frac.     mass frac.     mass frac.     mass frac. mass frac.       -          K   Ms/yr     g/cm3         K     mass frac.     mass frac.     mass frac.     mass frac.     mass frac.     mass frac.     mass frac.     mass frac.     mass frac.     mass frac. mass frac.        s-1        s-1          -          -      km/s      km/s      km/s         -         -        Msun/yr     10^53 g cm2/s

  1  6.496015397596486E+04   24.999998  4.862474  4.682813  7.5157740E-01  2.4837130E-01  1.2915521E-06  4.2970794E-09  1.0216519E-07  6.8211449E-06  3.5136664E-10  2.0005896E-09  9.2048308E-07  2.3543589E-08  0.000E+00  0.5214  4.682813  -10.478  1.170162  7.748556  7.4857400E-01  2.5141650E-01  8.1930355E-08  2.2396010E-08  7.3114947E-06  1.7307395E-07  3.3332864E-10  5.2952908E-13  5.9202278E-07  4.7670905E-09  6.001E-09  1.333E-04  1.344E-04  9.472E-01  1.055E+00  9.21E+02  0.00E+00  3.67E+02  0.565670  0.078468  0.0000000E+00  4.6379494240E-01
  2  2.241952673669860E+05   24.999992  4.868094  4.684325  7.5157740E-01  2.4837130E-01  1.2915521E-06  4.2970858E-09  1.0216519E-07  6.8211449E-06  3.5136664E-10  2.0005896E-09  9.2048308E-07  2.3543589E-08  0.000E+00  0.5201  4.684325  -10.472  1.169139  7.749109  7.4004833E-01  2.5994207E-01  8.1513572E-08  2.2199452E-08  7.3810065E-06  9.2989972E-08  1.6078610E-10  2.7874907E-13  2.4207924E-07  1.2924490E-09  5.195E-09  1.194E-04  1.397E-04  9.577E-01  1.043E+00  9.18E+02  0.00E+00  3.27E+02  0.511871  0.079490  0.0000000E+00  4.6379429286E-01
  3  3.714906819045846E+05   24.999987  4.873380  4.684241  7.5157740E-01  2.4837130E-01  1.2915372E-06  4.3108724E-09  1.0216796E-07  6.8211449E-06  3.5137404E-10  2.0005827E-09  9.2048308E-07  2.3543588E-08  3.628E-19  0.5174  4.684241  -10.460  1.169576  7.750047  7.3152266E-01  2.6846782E-01  8.1959923E-08  2.2323268E-08  7.3815458E-06  9.0391976E-08  1.5187614E-10  2.6855742E-13  1.0256090E-07  5.5883958E-10  6.054E-09  1.180E-04  1.395E-04  9.579E-01  1.043E+00  9.15E+02  0.00E+00  3.25E+02  0.510866  0.080463  0.0000000E+00  4.6379369797E-01
  4  5.169127261362224E+05   24.999982  4.878695  4.684051  7.5157740E-01  2.4837140E-01  1.2912306E-06  4.5270006E-09  1.0229578E-07  6.8211444E-06  3.5169197E-10  2.0003802E-09  9.2048307E-07  2.3543532E-08  1.118E-16  0.5148  4.684051  -10.448  1.170035  7.750982  7.2299699E-01  2.7699343E-01  8.2377678E-08  2.2440242E-08  7.3806493E-06  8.9478973E-08  1.4800943E-10  2.6430745E-13  4.3877341E-08  2.4896111E-10  6.916E-09  1.173E-04  1.391E-04  9.575E-01  1.043E+00  9.12E+02  0.00E+00  3.26E+02  0.512603  0.081454  0.0000000E+00  4.6379309140E-01
  5  6.606252933897503E+05   24.999977  4.883925  4.683836  7.5157740E-01  2.4837160E-01  1.2891180E-06  5.6286032E-09  1.0359058E-07  6.8211329E-06  3.5563351E-10  1.9986720E-09  9.2048272E-07  2.3542872E-08  3.914E-15  0.5120  4.683836  -10.436  1.170332  7.751905  7.1447132E-01  2.8551918E-01  8.2581325E-08  2.2497131E-08  7.3793499E-06  8.9377132E-08  1.4738839E-10  2.6355200E-13  1.9520937E-08  1.1220426E-10  7.588E-09  1.164E-04  1.385E-04  9.572E-01  1.044E+00  9.09E+02  0.00E+00  3.26E+02  0.514245  0.082441  0.0000000E+00  4.6379247090E-01
  6  8.023673589068607E+05   24.999972  4.889280  4.683631  7.5157750E-01  2.4837200E-01  1.2828364E-06  8.1009302E-09  1.0833828E-07  6.8210440E-06  3.7402655E-10  1.9929067E-09  9.2047927E-07  2.3539745E-08  3.399E-14  0.5093  4.683631  -10.424  1.170756  7.752860  7.0594565E-01  2.9404475E-01  8.2944045E-08  2.2597759E-08  7.3778591E-06  8.9202990E-08  1.4587873E-10  2.6238377E-13  9.6295945E-09  5.5930176E-11  8.086E-09  1.156E-04  1.380E-04  9.569E-01  1.044E+00  9.06E+02  0.00E+00  3.26E+02  0.515872  0.083464  0.0000000E+00  4.6379183715E-01
  7  9.441361361368709E+05   24.999966  4.894707  4.683409  7.5157740E-01  2.4837280E-01  1.2709706E-06  1.1729470E-08  1.1856125E-07  6.8207006E-06  4.2354680E-10  1.9810310E-09  9.2046434E-07  2.3531016E-08  1.397E-13  0.5071  4.683409  -10.412  1.171070  7.753891  6.9741998E-01  3.0257042E-01  8.3148410E-08  2.2654820E-08  7.3766209E-06  8.8972824E-08  1.4511656E-10  2.6124253E-13  6.0669693E-09  3.5550187E-11  8.494E-09  1.149E-04  1.374E-04  9.565E-01  1.044E+00  9.03E+02  0.00E+00  3.26E+02  0.518204  0.084513  0.0000000E+00  4.6379118021E-01
  8  1.079256141022074E+06   24.999961  4.899880  4.683210  7.5157710E-01  2.4837414E-01  1.2529639E-06  1.6098949E-08  1.3561039E-07  6.8197919E-06  5.2469588E-10  1.9617934E-09  9.2042202E-07  2.3512407E-08  3.857E-13  0.5041  4.683210  -10.400  1.171311  7.754987  6.8889431E-01  3.1109613E-01  8.3559335E-08  2.2768905E-08  7.3751579E-06  8.8639274E-08  1.4281694E-10  2.5927902E-13  3.4205649E-09  2.0277914E-11  8.914E-09  1.141E-04  1.370E-04  9.563E-01  1.045E+00  9.00E+02  0.00E+00  3.26E+02  0.519507  0.085526  0.0000000E+00  4.6379053157E-01
  9  1.215642931489664E+06   24.999955  4.905269  4.682984  7.5157623E-01  2.4837607E-01  1.2297848E-06  2.0650057E-08  1.5923868E-07  6.8179804E-06  6.9240141E-10  1.9357300E-09  9.2033378E-07  2.3480238E-08  8.040E-13  0.5018  4.682984  -10.388  1.171764  7.756057  6.8036864E-01  3.1962176E-01  8.3853689E-08  2.2850804E-08  7.3737664E-06  8.8380535E-08  1.4156531E-10  2.5786859E-13  2.9423233E-09  1.7707602E-11  9.324E-09  1.133E-04  1.364E-04  9.559E-01  1.045E+00  8.97E+02  0.00E+00  3.26E+02  0.521513  0.086594  0.0000000E+00  4.6378985380E-01
 10  1.349102682282367E+06   24.999950  4.910576  4.682708  7.5157440E-01  2.4837920E-01  1.1994372E-06  2.5496136E-08  1.9225490E-07  6.8145422E-06  9.6859644E-10  1.9000899E-09  9.2016070E-07  2.3425049E-08  1.488E-12  0.4991  4.682708  -10.376  1.172186  7.757005  6.7184297E-01  3.2814753E-01  8.4119048E-08  2.2924840E-08  7.3722628E-06  8.8271692E-08  1.4064360E-10  2.5690773E-13  2.6698692E-09  1.6125725E-11  9.728E-09  1.125E-04  1.359E-04  9.556E-01  1.046E+00  8.93E+02  0.00E+00  3.26E+02  0.523286  0.087658  0.0000000E+00  4.6378916638E-01
 11  1.480420768152456E+06   24.999944  4.915951  4.682397  7.5157161E-01  2.4838333E-01  1.1675783E-06  2.9683886E-08  2.2895559E-07  6.8096459E-06  1.3216215E-09  1.8613115E-09  9.1990820E-07  2.3351793E-08  2.292E-12  0.4969  4.682397  -10.364  1.172756  7.758024  6.6331730E-01  3.3667310E-01  8.4568188E-08  2.3050449E-08  7.3710806E-06  8.7476660E-08  1.3734153E-10  2.5307625E-13  2.2605687E-09  1.4549880E-11  1.023E-08  1.117E-04  1.354E-04  9.551E-01  1.046E+00  8.90E+02  0.00E+00  3.27E+02  0.525590  0.088750  0.0000000E+00  4.6378846475E-01
 12  1.609060967446606E+06   24.999939  4.921192  4.682102  7.5156702E-01  2.4838937E-01  1.1296377E-06  3.3815860E-08  2.7504458E-07  6.8020674E-06  1.8210199E-09  1.8137042E-09  9.1950967E-07  2.3244329E-08  3.364E-12  0.4942  4.682102  -10.352  1.173244  7.759049  6.5479163E-01  3.4519877E-01  8.4764090E-08  2.3105449E-08  7.3696307E-06  8.7382327E-08  1.3690409E-10  2.5229517E-13  2.0577213E-09  1.3163507E-11  1.070E-08  1.109E-04  1.348E-04  9.548E-01  1.047E+00  8.87E+02  0.00E+00  3.27E+02  0.527290  0.089827  0.0000000E+00  4.6378775257E-01
 13  1.735039728981454E+06   24.999933  4.926520  4.681778  7.5156076E-01  2.4839694E-01  1.0911075E-06  3.7284804E-08  3.2433827E-07  6.7923412E-06  2.4124338E-09  1.7640369E-09  9.1898930E-07  2.3112412E-08  4.504E-12  0.4918  4.681778  -10.340  1.173880  7.760068  6.4626596E-01  3.5372447E-01  8.5192750E-08  2.3224333E-08  7.3680311E-06  8.7039744E-08  1.3488388E-10  2.5032748E-13  1.8062732E-09  1.1929533E-11  1.117E-08  1.101E-04  1.343E-04  9.544E-01  1.047E+00  8.84E+02  0.00E+00  3.27E+02  0.529429  0.090936  0.0000000E+00  4.6378702961E-01
 14  1.862298543401328E+06   24.999927  4.931912  4.681474  7.5155232E-01  2.4840678E-01  1.0509473E-06  4.0278614E-08  3.7832815E-07  6.7799013E-06  3.1159314E-09  1.7110512E-09  9.1831319E-07  2.2949988E-08  5.711E-12  0.4893  4.681474  -10.327  1.174475  7.761174  6.3774029E-01  3.6225014E-01  8.5377318E-08  2.3276113E-08  7.3665452E-06  8.6934893E-08  1.3451099E-10  2.4950110E-13  2.1776232E-09  1.4484902E-11  1.165E-08  1.093E-04  1.338E-04  9.540E-01  1.048E+00  8.80E+02  0.00E+00  3.27E+02  0.531541  0.092071  0.0000000E+00  4.6378627232E-01
 15  1.982462945491424E+06   24.999921  4.937126  4.681159  7.5154190E-01  2.4841840E-01  1.0122622E-06  4.2661224E-08  4.3289367E-07  6.7655327E-06  3.8753543E-09  1.6589628E-09  9.1752046E-07  2.2768710E-08  6.876E-12  0.4869  4.681159  -10.315  1.175241  7.762285  6.2921462E-01  3.7077578E-01  8.5828728E-08  2.3401577E-08  7.3648881E-06  8.6549104E-08  1.3240557E-10  2.4729101E-13  1.6065091E-09  1.1010693E-11  1.225E-08  1.086E-04  1.333E-04  9.536E-01  1.048E+00  8.77E+02  0.00E+00  3.27E+02  0.533602  0.093183  0.0000000E+00  4.6378553037E-01
 16  2.104595172790447E+06   24.999915  4.942502  4.680801  7.5152816E-01  2.4843342E-01  9.7189140E-07  4.4702136E-08  4.9257277E-07  6.7478809E-06  4.7500159E-09  1.6036156E-09  9.1653210E-07  2.2553043E-08  8.088E-12  0.4845  4.680801  -10.303  1.175858  7.763295  6.2068895E-01  3.7930147E-01  8.6246902E-08  2.3518102E-08  7.3632284E-06  8.6184302E-08  1.3037543E-10  2.4506906E-13  1.8609172E-09  1.3447706E-11  1.279E-08  1.078E-04  1.327E-04  9.532E-01  1.049E+00  8.74E+02  0.00E+00  3.28E+02  0.535951  0.094342  0.0000000E+00  4.6378474890E-01
 17  2.220869385371640E+06   24.999909  4.947709  4.680374  7.5151102E-01  2.4845178E-01  9.3181342E-07  4.6333940E-08  5.5470152E-07  6.7274714E-06  5.6984718E-09  1.5477465E-09  9.1537177E-07  2.2311433E-08  9.309E-12  0.4821  4.680374  -10.291  1.176570  7.764318  6.1216328E-01  3.8782722E-01  8.6454950E-08  2.3577004E-08  7.3619470E-06  8.5727341E-08  1.2933963E-10  2.4297178E-13  1.4753386E-09  1.0713231E-11  1.343E-08  1.070E-04  1.322E-04  9.528E-01  1.049E+00  8.71E+02  0.00E+00  3.28E+02  0.537991  0.095480  0.0000000E+00  4.6378397686E-01
 18  2.339115603975280E+06   24.999903  4.953121  4.679946  7.5149100E-01  2.4847289E-01  8.9444126E-07  4.7539048E-08  6.1535850E-07  6.7056513E-06  6.6522469E-09  1.4948715E-09  9.1411251E-07  2.2060742E-08  1.034E-11  0.4796  4.679946  -10.279  1.177214  7.765315  6.0363761E-01  3.9635279E-01  8.6914554E-08  2.3704926E-08  7.3601993E-06  8.5342115E-08  1.2720697E-10  2.4063954E-13  1.6692893E-09  1.2913307E-11  1.397E-08  1.062E-04  1.316E-04  9.523E-01  1.050E+00  8.67E+02  0.00E+00  3.28E+02  0.540149  0.096675  0.0000000E+00  4.6378316265E-01
 19  2.451977348789570E+06   24.999897  4.958298  4.679486  7.5146578E-01  2.4849922E-01  8.5641649E-07  4.8477706E-08  6.7995636E-07  6.6804465E-06  7.6892575E-09  1.4403350E-09  9.1263561E-07  2.1779567E-08  1.144E-11  0.4774  4.679486  -10.267  1.177962  7.766296  5.9511194E-01  4.0487846E-01  8.7058040E-08  2.3745139E-08  7.3586182E-06  8.5267477E-08  1.2715824E-10  2.4007648E-13  1.4046260E-09  1.0569456E-11  1.453E-08  1.054E-04  1.310E-04  9.519E-01  1.050E+00  8.64E+02  0.00E+00  3.28E+02  0.542291  0.097834  0.0000000E+00  4.6378235614E-01
 20  2.566937696104973E+06   24.999891  4.963712  4.679036  7.5143726E-01  2.4852866E-01  8.2171536E-07  4.9101743E-08  7.4158198E-07  6.6546212E-06  8.6914267E-09  1.3899449E-09  9.1109958E-07  2.1499511E-08  1.231E-11  0.4748  4.679036  -10.254  1.178666  7.767326  5.8658627E-01  4.1340413E-01  8.7530475E-08  2.3876684E-08  7.3567934E-06  8.4876743E-08  1.2507036E-10  2.3768920E-13  1.5844401E-09  1.2761251E-11  1.505E-08  1.045E-04  1.304E-04  9.515E-01  1.051E+00  8.60E+02  0.00E+00  3.28E+02  0.544607  0.099060  0.0000000E+00  4.6378150390E-01
 21  2.675967193250328E+06   24.999885  4.968848  4.678522  7.5140560E-01  2.4856123E-01  7.9000573E-07  4.9488130E-08  8.0028794E-07  6.6284703E-06  9.6521388E-09  1.3433914E-09  9.0952205E-07  2.1223302E-08  1.306E-11  0.4728  4.678522  -10.242  1.179464  7.768302  5.7806060E-01  4.2192980E-01  8.7669364E-08  2.3915627E-08  7.3551536E-06  8.4805837E-08  1.2504300E-10  2.3713265E-13  1.3215423E-09  1.0302719E-11  1.562E-08  1.037E-04  1.299E-04  9.511E-01  1.051E+00  8.57E+02  0.00E+00  3.28E+02  0.546597  0.100236  0.0000000E+00  4.6378066489E-01
 22  2.785633768974024E+06   24.999878  4.974095  4.677997  7.5136597E-01  2.4860182E-01  7.5730906E-07  4.9710407E-08  8.6338719E-07  6.5987476E-06  1.0685952E-08  1.2948876E-09  9.0770354E-07  2.0917468E-08  1.388E-11  0.4704  4.677997  -10.230  1.180234  7.769346  5.6953493E-01  4.3045547E-01  8.7958048E-08  2.3996816E-08  7.3535774E-06  8.4368074E-08  1.2377351E-10  2.3492565E-13  1.3488801E-09  1.0762281E-11  1.619E-08  1.029E-04  1.293E-04  9.506E-01  1.052E+00  8.53E+02  0.00E+00  3.29E+02  0.549055  0.101453  0.0000000E+00  4.6377978982E-01
 23  2.892609793321536E+06   24.999872  4.979285  4.677474  7.5131245E-01  2.4865626E-01  7.2141291E-07  4.9761241E-08  9.3579750E-07  6.5627235E-06  1.1867776E-08  1.2410716E-09  9.0546617E-07  2.0556923E-08  1.500E-11  0.4682  4.677474  -10.218  1.181042  7.770374  5.6100926E-01  4.3898114E-01  8.8299306E-08  2.4092094E-08  7.3518563E-06  8.3993379E-08  1.2234438E-10  2.3286032E-13  1.2640687E-09  1.0524459E-11  1.692E-08  1.020E-04  1.287E-04  9.501E-01  1.053E+00  8.50E+02  0.00E+00  3.29E+02  0.551246  0.102669  0.0000000E+00  4.6377890387E-01
 24  3.000822666257069E+06   24.999865  4.984703  4.676915  7.5125461E-01  2.4871499E-01  6.8958649E-07  4.9647137E-08  1.0028589E-06  6.5276729E-06  1.2953226E-08  1.1928780E-09  9.0325730E-07  2.0215473E-08  1.585E-11  0.4661  4.676915  -10.206  1.181839  7.771387  5.5248359E-01  4.4750681E-01  8.8519243E-08  2.4153688E-08  7.3501117E-06  8.3799984E-08  1.2177943E-10  2.3168919E-13  1.4396544E-09  1.2121924E-11  1.751E-08  1.012E-04  1.281E-04  9.496E-01  1.053E+00  8.46E+02  0.00E+00  3.29E+02  0.553868  0.103954  0.0000000E+00  4.6377797370E-01
 25  3.104438331739512E+06   24.999859  4.989872  4.676305  7.5118999E-01  2.4878041E-01  6.6009727E-07  4.9407215E-08  1.0676463E-06  6.4923014E-06  1.3989384E-08  1.1478097E-09  9.0099731E-07  1.9879648E-08  1.664E-11  0.4638  4.676305  -10.194  1.182683  7.772344  5.4395792E-01  4.5603243E-01  8.8867421E-08  2.4250678E-08  7.3482070E-06  8.3546478E-08  1.2058190E-10  2.3003181E-13  1.2970257E-09  1.1187184E-11  1.807E-08  1.003E-04  1.275E-04  9.492E-01  1.054E+00  8.43E+02  0.00E+00  3.29E+02  0.555978  0.105195  0.0000000E+00  4.6377704841E-01
 26  3.208899607259386E+06   24.999852  4.995217  4.675674  7.5111904E-01  2.4885206E-01  6.3292471E-07  4.9073720E-08  1.1297599E-06  6.4570614E-06  1.4968251E-08  1.1059276E-09  8.9871658E-07  1.9553090E-08  1.730E-11  0.4617  4.675674  -10.181  1.183571  7.773345  5.3543225E-01  4.6455809E-01  8.9185363E-08  2.4339409E-08  7.3463246E-06  8.3269619E-08  1.1949708E-10  2.2835279E-13  1.2912529E-09  1.1545058E-11  1.860E-08  9.954E-05  1.268E-04  9.486E-01  1.055E+00  8.39E+02  0.00E+00  3.30E+02  0.558770  0.106493  0.0000000E+00  4.6377607955E-01
 27  3.309187620944894E+06   24.999845  5.000370  4.675044  7.5104093E-01  2.4893084E-01  6.0764413E-07  4.8665663E-08  1.1898201E-06  6.4217790E-06  1.5898515E-08  1.0666471E-09  8.9640493E-07  1.9233718E-08  1.793E-11  0.4593  4.675044  -10.169  1.184464  7.774350  5.2690658E-01  4.7308382E-01  8.9468957E-08  2.4418602E-08  7.3443998E-06  8.3069306E-08  1.1871760E-10  2.2701214E-13  1.1723514E-09  1.0518848E-11  1.913E-08  9.867E-05  1.262E-04  9.481E-01  1.055E+00  8.36E+02  0.00E+00  3.30E+02  0.561022  0.107760  0.0000000E+00  4.6377511326E-01
 28  3.411441343594701E+06   24.999838  5.006061  4.673900  7.5094038E-01  2.4903212E-01  5.8015538E-07  4.8116517E-08  1.2577671E-06  6.3805056E-06  1.6929308E-08  1.0235895E-09  8.9366709E-07  1.8868983E-08  1.884E-11  0.4573  4.673900  -10.156  1.185697  7.773971  5.1838091E-01  4.8160949E-01  8.9548928E-08  2.4441415E-08  7.3428437E-06  8.2752607E-08  1.1796248E-10  2.2575528E-13  1.2596518E-09  1.1556604E-11  1.935E-08  9.733E-05  1.251E-04  9.477E-01  1.056E+00  8.31E+02  0.00E+00  3.29E+02  0.563012  0.109175  0.0000000E+00  4.6377409013E-01
 29  3.513446979211191E+06   24.999831  5.011285  4.673211  7.5082376E-01  2.4914943E-01  5.5330511E-07  4.7477337E-08  1.3269007E-06  6.3371387E-06  1.7952931E-08  9.8118828E-10  8.9075434E-07  1.8495041E-08  1.981E-11  0.4551  4.673211  -10.144  1.186655  7.775007  5.0985524E-01  4.9013516E-01  8.9843793E-08  2.4523557E-08  7.3407519E-06  8.2701394E-08  1.1739736E-10  2.2486122E-13  1.2395923E-09  1.1429734E-11  1.914E-08  9.650E-05  1.244E-04  9.472E-01  1.056E+00  8.27E+02  0.00E+00  3.29E+02  0.565645  0.110489  0.0000000E+00  4.6377302713E-01
 30  3.615506400507871E+06   24.999824  5.016629  4.672491  7.5069377E-01  2.4928008E-01  5.2792621E-07  4.6779994E-08  1.3949326E-06  6.2931768E-06  1.8933589E-08  9.4079333E-10  8.8776597E-07  1.8124990E-08  2.075E-11  0.4531  4.672491  -10.131  1.187604  7.776082  5.0132957E-01  4.9866078E-01  9.0212384E-08  2.4626375E-08  7.3387236E-06  8.2403083E-08  1.1621652E-10  2.2300803E-13  1.1963751E-09  1.1506949E-11  1.955E-08  9.570E-05  1.237E-04  9.465E-01  1.057E+00  8.23E+02  0.00E+00  3.30E+02  0.568609  0.111848  0.0000000E+00  4.6377192163E-01
 31  3.713240412300400E+06   24.999816  5.021748  4.671710  7.5055268E-01  2.4942172E-01  5.0444007E-07  4.6052113E-08  1.4604232E-06  6.2496882E-06  1.9850792E-08  9.0312543E-10  8.8477567E-07  1.7767390E-08  2.170E-11  0.4507  4.671710  -10.119  1.188812  7.777025  4.9280390E-01  5.0718650E-01  9.0463627E-08  2.4696605E-08  7.3367801E-06  8.2177032E-08  1.1554329E-10  2.2163695E-13  1.0578202E-09  1.0197515E-11  2.009E-08  9.483E-05  1.231E-04  9.460E-01  1.058E+00  8.20E+02  0.00E+00  3.30E+02  0.571212  0.113166  0.0000000E+00  4.6377082098E-01
 32  3.811262258291808E+06   24.999809  5.026980  4.670864  7.5038612E-01  2.4958888E-01  4.8073637E-07  4.5234653E-08  1.5292131E-06  6.2028100E-06  2.0784151E-08  8.6481761E-10  8.8151560E-07  1.7390877E-08  2.284E-11  0.4487  4.670864  -10.107  1.189926  7.778053  4.8427823E-01  5.1571207E-01  9.0759579E-08  2.4779977E-08  7.3350127E-06  8.1630137E-08  1.1424172E-10  2.1907944E-13  1.0633993E-09  1.0744688E-11  2.063E-08  9.392E-05  1.224E-04  9.454E-01  1.059E+00  8.16E+02  0.00E+00  3.30E+02  0.573855  0.114526  0.0000000E+00  4.6376967439E-01
 33  3.906133489663652E+06   24.999801  5.032073  4.670071  7.5022171E-01  2.4975383E-01  4.6056142E-07  4.4472156E-08  1.5900620E-06  6.1603566E-06  2.1583071E-08  8.3197421E-10  8.7853160E-07  1.7057481E-08  2.372E-11  0.4464  4.670071  -10.095  1.191089  7.779084  4.7575256E-01  5.2423774E-01  9.1052747E-08  2.4861915E-08  7.3329616E-06  8.1390243E-08  1.1346432E-10  2.1757849E-13  9.7422885E-10  1.0000056E-11  2.118E-08  9.304E-05  1.218E-04  9.448E-01  1.059E+00  8.12E+02  0.00E+00  3.30E+02  0.576340  0.115866  0.0000000E+00  4.6376852099E-01
 34  4.003715021615653E+06   24.999793  5.037467  4.669255  7.5002315E-01  2.4995289E-01  4.3945715E-07  4.3607435E-08  1.6561763E-06  6.1132086E-06  2.2421545E-08  7.9737373E-10  8.7518327E-07  1.6695281E-08  2.486E-11  0.4447  4.669255  -10.082  1.192308  7.780142  4.6722689E-01  5.3276351E-01  9.1434476E-08  2.4968434E-08  7.3307630E-06  8.1104491E-08  1.1237126E-10  2.1571245E-13  1.1360320E-09  1.2322932E-11  2.159E-08  9.218E-05  1.211E-04  9.442E-01  1.060E+00  8.08E+02  0.00E+00  3.31E+02  0.579257  0.117301  0.0000000E+00  4.6376728844E-01
 35  4.095112086638677E+06   24.999786  5.042474  4.668426  7.4982548E-01  2.5015102E-01  4.2117010E-07  4.2802122E-08  1.7156495E-06  6.0699218E-06  2.3148865E-08  7.6718456E-10  8.7207827E-07  1.6369841E-08  2.588E-11  0.4422  4.668426  -10.071  1.193525  7.781184  4.5870122E-01  5.4128908E-01  9.1656809E-08  2.5030653E-08  7.3286889E-06  8.0918364E-08  1.1193420E-10  2.1454450E-13  9.3290350E-10  9.9621147E-12  2.198E-08  9.133E-05  1.204E-04  9.437E-01  1.061E+00  8.05E+02  0.00E+00  3.31E+02  0.581843  0.118648  0.0000000E+00  4.6376608827E-01
 36  4.188343244417957E+06   24.999778  5.047724  4.667563  7.4960172E-01  2.5037528E-01  4.0302589E-07  4.1950400E-08  1.7768364E-06  6.0245447E-06  2.3869726E-08  7.3703256E-10  8.6879202E-07  1.6035715E-08  2.700E-11  0.4400  4.667563  -10.058  1.194819  7.782255  4.5017555E-01  5.4981482E-01  9.1963391E-08  2.5116368E-08  7.3264959E-06  8.0661908E-08  1.1115384E-10  2.1294262E-13  9.7240668E-10  1.0713188E-11  2.228E-08  9.042E-05  1.197E-04  9.431E-01  1.062E+00  8.01E+02  0.00E+00  3.31E+02  0.584456  0.120076  0.0000000E+00  4.6376481730E-01
 37  4.277622308771114E+06   24.999770  5.052750  4.666664  7.4936911E-01  2.5060829E-01  3.8643594E-07  4.1125068E-08  1.8348123E-06  5.9807885E-06  2.4526839E-08  7.0928505E-10  8.6559346E-07  1.5720027E-08  2.812E-11  0.4378  4.666664  -10.047  1.196173  7.783321  4.4164988E-01  5.5834042E-01  9.2257699E-08  2.5198608E-08  7.3242624E-06  8.0436960E-08  1.1048251E-10  2.1147471E-13  8.8935315E-10  9.8642672E-12  2.252E-08  8.951E-05  1.191E-04  9.426E-01  1.063E+00  7.97E+02  0.00E+00  3.31E+02  0.586919  0.121457  0.0000000E+00  4.6376355248E-01
 38  4.368020944483084E+06   24.999761  5.057942  4.665725  7.4910758E-01  2.5087025E-01  3.6996393E-07  4.0260567E-08  1.8944442E-06  5.9350332E-06  2.5176037E-08  6.8155944E-10  8.6221796E-07  1.5396483E-08  2.939E-11  0.4357  4.665725  -10.034  1.197572  7.784414  4.3312421E-01  5.6686615E-01  9.2561792E-08  2.5283615E-08  7.3219844E-06  8.0180705E-08  1.0975044E-10  2.0988160E-13  9.1738038E-10  1.0488412E-11  2.268E-08  8.860E-05  1.184E-04  9.419E-01  1.063E+00  7.93E+02  0.00E+00  3.31E+02  0.589595  0.122900  0.0000000E+00  4.6376222236E-01
 39  4.455118738174818E+06   24.999753  5.062957  4.664775  7.4883644E-01  2.5114176E-01  3.5484300E-07  3.9426610E-08  1.9511323E-06  5.8908535E-06  2.5767882E-08  6.5594822E-10  8.5892924E-07  1.5090203E-08  3.065E-11  0.4334  4.664775  -10.023  1.198878  7.785575  4.2459854E-01  5.7539184E-01  9.2847075E-08  2.5363407E-08  7.3196818E-06  7.9944433E-08  1.0912319E-10  2.0838377E-13  8.7707582E-10  1.0157885E-11  2.278E-08  8.773E-05  1.178E-04  9.413E-01  1.064E+00  7.89E+02  0.00E+00  3.31E+02  0.592375  0.124308  0.0000000E+00  4.6376089068E-01
 40  4.541422247277901E+06   24.999745  5.068057  4.663810  7.4854395E-01  2.5143465E-01  3.4032047E-07  3.8588405E-08  2.0074633E-06  5.8463113E-06  2.6331364E-08  6.3120072E-10  8.5558460E-07  1.4787276E-08  3.200E-11  0.4312  4.663810  -10.011  1.200055  7.786937  4.1607287E-01  5.8391745E-01  9.3268732E-08  2.5481285E-08  7.3171688E-06  7.9657853E-08  1.0814044E-10  2.0640857E-13  7.9158535E-10  9.4929452E-12  2.285E-08  8.682E-05  1.171E-04  9.407E-01  1.065E+00  7.85E+02  0.00E+00  3.31E+02  0.595024  0.125756  0.0000000E+00  4.6375952039E-01
 41  4.627744721740764E+06   24.999736  5.073115  4.662779  7.4823310E-01  2.5174580E-01  3.2653932E-07  3.7758379E-08  2.0627539E-06  5.8019876E-06  2.6860396E-08  6.0757512E-10  8.5222794E-07  1.4491473E-08  3.336E-11  0.4290  4.662779   -9.999  1.202127  7.787748  4.0754720E-01  5.9244310E-01  9.3417511E-08  2.5523125E-08  7.3149614E-06  7.9423540E-08  1.0784609E-10  2.0523328E-13  8.9578818E-10  1.0825458E-11  2.279E-08  8.588E-05  1.164E-04  9.401E-01  1.066E+00  7.81E+02  0.00E+00  3.31E+02  0.597646  0.127206  0.0000000E+00  4.6375809623E-01
 42  4.710605706105828E+06   24.999728  5.078111  4.661769  7.4790019E-01  2.5207911E-01  3.1332688E-07  3.6930029E-08  2.1175715E-06  5.7574662E-06  2.7361181E-08  5.8478911E-10  8.4882811E-07  1.4199830E-08  3.488E-11  0.4267  4.661769   -9.987  1.203823  7.788878  3.9902153E-01  6.0096877E-01  9.3844250E-08  2.5642418E-08  7.3123735E-06  7.9117735E-08  1.0685931E-10  2.0319058E-13  7.4754918E-10  9.3123509E-12  2.271E-08  8.501E-05  1.158E-04  9.395E-01  1.067E+00  7.77E+02  0.00E+00  3.31E+02  0.600474  0.128653  0.0000000E+00  4.6375667636E-01
 43  4.795160024191459E+06   24.999719  5.083225  4.660741  7.4753619E-01  2.5244341E-01  3.0037819E-07  3.6086463E-08  2.1731402E-06  5.7117637E-06  2.7844628E-08  5.6232366E-10  8.4530922E-07  1.3905962E-08  3.650E-11  0.4248  4.660741   -9.975  1.205531  7.790041  3.9049586E-01  6.0949444E-01  9.4089414E-08  2.5710954E-08  7.3099550E-06  7.8843751E-08  1.0635891E-10  2.0169109E-13  8.4427130E-10  1.0748279E-11  2.249E-08  8.409E-05  1.151E-04  9.389E-01  1.068E+00  7.73E+02  0.00E+00  3.31E+02  0.603136  0.130150  0.0000000E+00  4.6375517227E-01
 44  4.876120584605983E+06   24.999710  5.088179  4.659662  7.4716952E-01  2.5281038E-01  2.8863935E-07  3.5293719E-08  2.2252217E-06  5.6684180E-06  2.8275422E-08  5.4183665E-10  8.4194515E-07  1.3632255E-08  3.805E-11  0.4222  4.659662   -9.963  1.207321  7.791203  3.8197019E-01  6.1802011E-01  9.4432779E-08  2.5807266E-08  7.3073672E-06  7.8556448E-08  1.0562854E-10  1.9986528E-13  7.6605378E-10  9.9685860E-12  2.222E-08  8.316E-05  1.144E-04  9.383E-01  1.069E+00  7.69E+02  0.00E+00  3.31E+02  0.605711  0.131615  0.0000000E+00  4.6375367593E-01
 45  4.957301879722686E+06   24.999702  5.093211  4.658504  7.4676400E-01  2.5321620E-01  2.7693189E-07  3.4475673E-08  2.2789150E-06  5.6232216E-06  2.8696670E-08  5.2128393E-10  8.3841012E-07  1.3351921E-08  3.982E-11  0.4200  4.658504   -9.952  1.209163  7.792387  3.7344452E-01  6.2654578E-01  9.4867114E-08  2.5929418E-08  7.3048888E-06  7.7921090E-08  1.0423988E-10  1.9675498E-13  7.3304857E-10  1.0548102E-11  2.197E-08  8.220E-05  1.137E-04  9.376E-01  1.069E+00  7.65E+02  0.00E+00  3.31E+02  0.608407  0.133119  0.0000000E+00  4.6375211778E-01
 46  5.036251655106037E+06   24.999693  5.098137  4.657433  7.4635476E-01  2.5362566E-01  2.6624607E-07  3.3704539E-08  2.3295608E-06  5.5801283E-06  2.9072677E-08  5.0241506E-10  8.3501408E-07  1.3089279E-08  4.150E-11  0.4175  4.657433   -9.940  1.211119  7.793594  3.6491885E-01  6.3507145E-01  9.5046692E-08  2.5979330E-08  7.3021709E-06  7.7933056E-08  1.0433496E-10  1.9628531E-13  7.4875247E-10  1.0286512E-11  2.152E-08  8.133E-05  1.131E-04  9.369E-01  1.070E+00  7.61E+02  0.00E+00  3.31E+02  0.611191  0.134605  0.0000000E+00  4.6375054412E-01
 47  5.113509434616740E+06   24.999684  5.103057  4.656181  7.4592608E-01  2.5405462E-01  2.5608623E-07  3.2948821E-08  2.3792952E-06  5.5373776E-06  2.9421405E-08  4.8437191E-10  8.3162051E-07  1.2833137E-08  4.325E-11  0.4153  4.656181   -9.929  1.213169  7.794806  3.5639318E-01  6.4359712E-01  9.5483005E-08  2.6102049E-08  7.2995286E-06  7.7366775E-08  1.0314267E-10  1.9340661E-13  6.3882718E-10  9.3337407E-12  2.111E-08  8.034E-05  1.124E-04  9.363E-01  1.071E+00  7.57E+02  0.00E+00  3.31E+02  0.613775  0.136106  0.0000000E+00  4.6374894582E-01
 48  5.191462833845010E+06   24.999674  5.107997  4.654980  7.4546581E-01  2.5451523E-01  2.4617188E-07  3.2189604E-08  2.4294286E-06  5.4938585E-06  2.9752262E-08  4.6666321E-10  8.2814114E-07  1.2576782E-08  4.510E-11  0.4131  4.654980   -9.917  1.215253  7.796049  3.4786751E-01  6.5212279E-01  9.5784765E-08  2.6186585E-08  7.2967742E-06  7.7084605E-08  1.0260302E-10  1.9171147E-13  7.1240069E-10  1.0848282E-11  2.059E-08  7.945E-05  1.118E-04  9.356E-01  1.072E+00  7.53E+02  0.00E+00  3.31E+02  0.616779  0.137626  0.0000000E+00  4.6374727072E-01
 49  5.266049365406067E+06   24.999665  5.112839  4.653766  7.4499536E-01  2.5498587E-01  2.3694144E-07  3.1462999E-08  2.4776277E-06  5.4516252E-06  3.0050794E-08  4.5008189E-10  8.2474101E-07  1.2332107E-08  4.700E-11  0.4106  4.653766   -9.906  1.217450  7.797301  3.3934184E-01  6.6064839E-01  9.6112717E-08  2.6278385E-08  7.2939084E-06  7.6833353E-08  1.0210248E-10  1.9006213E-13  6.2645263E-10  9.5181419E-12  1.995E-08  7.853E-05  1.111E-04  9.349E-01  1.073E+00  7.49E+02  0.00E+00  3.31E+02  0.619507  0.139132  0.0000000E+00  4.6374560660E-01
 50  5.341419555682735E+06   24.999656  5.117764  4.652503  7.4449935E-01  2.5548215E-01  2.2805286E-07  3.0744749E-08  2.5255415E-06  5.4092663E-06  3.0328441E-08  4.3402435E-10  8.2130756E-07  1.2090676E-08  4.892E-11  0.4082  4.652503   -9.894  1.219724  7.798585  3.3081617E-01  6.6917403E-01  9.6422975E-08  2.6365438E-08  7.2910062E-06  7.6554936E-08  1.0160166E-10  1.8835896E-13  6.4083040E-10  9.9928358E-12  1.921E-08  7.757E-05  1.105E-04  9.343E-01  1.074E+00  7.45E+02  0.00E+00  3.31E+02  0.622181  0.140679  0.0000000E+00  4.6374386181E-01
 51  5.414688134178937E+06   24.999646  5.122581  4.651184  7.4398512E-01  2.5599667E-01  2.1962397E-07  3.0046328E-08  2.5724436E-06  5.3674448E-06  3.0581677E-08  4.1871113E-10  8.1789496E-07  1.1856125E-08  5.091E-11  0.4059  4.651184   -9.883  1.222088  7.799883  3.2229050E-01  6.7769980E-01  9.6744673E-08  2.6455634E-08  7.2880278E-06  7.6276717E-08  1.0110362E-10  1.8663062E-13  6.3952369E-10  1.0193288E-11  1.843E-08  7.663E-05  1.098E-04  9.336E-01  1.075E+00  7.41E+02  0.00E+00  3.31E+02  0.625011  0.142206  0.0000000E+00  4.6374210044E-01
 52  5.486791028377500E+06   24.999637  5.127417  4.649813  7.4345558E-01  2.5652641E-01  2.1166629E-07  2.9371049E-08  2.6181337E-06  5.3263707E-06  3.0810692E-08  4.0417315E-10  8.1452143E-07  1.1629371E-08  5.291E-11  0.4036  4.649813   -9.872  1.224599  7.801203  3.1376483E-01  6.8622538E-01  9.7175703E-08  2.6576613E-08  7.2848431E-06  7.5965470E-08  1.0043014E-10  1.8451816E-13  5.6403502E-10  9.3406235E-12  1.762E-08  7.568E-05  1.092E-04  9.329E-01  1.076E+00  7.37E+02  0.00E+00  3.31E+02  0.627886  0.143755  0.0000000E+00  4.6374030145E-01
 53  5.559212800044389E+06   24.999627  5.132252  4.648511  7.4289149E-01  2.5709071E-01  2.0389036E-07  2.8695749E-08  2.6642152E-06  5.2846149E-06  3.1023839E-08  3.8988689E-10  8.1106951E-07  1.1402460E-08  5.506E-11  0.4011  4.648511   -9.861  1.227105  7.802557  3.0523916E-01  6.9475113E-01  9.7395933E-08  2.6638329E-08  7.2818365E-06  7.5702569E-08  1.0014283E-10  1.8308427E-13  6.5375941E-10  1.0961870E-11  1.674E-08  7.475E-05  1.085E-04  9.322E-01  1.077E+00  7.33E+02  0.00E+00  3.30E+02  0.630537  0.145317  0.0000000E+00  4.6373842602E-01
 54  5.627704821077082E+06   24.999617  5.136928  4.647163  7.4232184E-01  2.5766051E-01  1.9667829E-07  2.8055341E-08  2.7083263E-06  5.2443384E-06  3.1211001E-08  3.7656166E-10  8.0771835E-07  1.1186974E-08  5.725E-11  0.3988  4.647163   -9.850  1.229832  7.803916  2.9671349E-01  7.0327671E-01  9.7837225E-08  2.6762233E-08  7.2784988E-06  7.5392389E-08  9.9516392E-11  1.8095819E-13  5.3425308E-10  9.1730374E-12  1.587E-08  7.382E-05  1.079E-04  9.316E-01  1.078E+00  7.29E+02  0.00E+00  3.30E+02  0.633215  0.146843  0.0000000E+00  4.6373658704E-01
 55  5.697403431464494E+06   24.999607  5.141695  4.645732  7.4168748E-01  2.5829508E-01  1.8929877E-07  2.7385763E-08  2.7549237E-06  5.2014744E-06  3.1390898E-08  3.6284901E-10  8.0412878E-07  1.0961194E-08  5.984E-11  0.3965  4.645732   -9.839  1.232634  7.805316  2.8818782E-01  7.1180238E-01  9.8232174E-08  2.6873586E-08  7.2753882E-06  7.4782864E-08  9.8596750E-11  1.7807216E-13  5.2927468E-10  9.9085196E-12  1.503E-08  7.284E-05  1.073E-04  9.309E-01  1.079E+00  7.24E+02  0.00E+00  3.30E+02  0.635799  0.148409  0.0000000E+00  4.6373464785E-01
 56  5.765264360341772E+06   24.999597  5.146396  4.644410  7.4103789E-01  2.5894491E-01  1.8235709E-07  2.6742469E-08  2.8001999E-06  5.1595212E-06  3.1548286E-08  3.4987477E-10  8.0059245E-07  1.0743654E-08  6.246E-11  0.3941  4.644410   -9.829  1.235495  7.806740  2.7966215E-01  7.2032814E-01  9.8514093E-08  2.6952468E-08  7.2719088E-06  7.4709167E-08  9.8528012E-11  1.7702130E-13  5.4404309E-10  9.9423023E-12  1.412E-08  7.191E-05  1.066E-04  9.303E-01  1.080E+00  7.20E+02  0.00E+00  3.29E+02  0.638182  0.149968  0.0000000E+00  4.6373269017E-01
 57  5.834096128194675E+06   24.999587  5.151236  4.642871  7.4036452E-01  2.5961838E-01  1.7573754E-07  2.6116507E-08  2.8447885E-06  5.1179157E-06  3.1686425E-08  3.3743070E-10  7.9706269E-07  1.0531232E-08  6.503E-11  0.3918  4.642871   -9.818  1.238493  7.808203  2.7113648E-01  7.2885382E-01  9.8864868E-08  2.7051570E-08  7.2686553E-06  7.4125098E-08  9.7748885E-11  1.7432674E-13  5.4870155E-10  1.0670868E-11  1.328E-08  7.095E-05  1.060E-04  9.295E-01  1.081E+00  7.16E+02  0.00E+00  3.29E+02  0.641182  0.151590  0.0000000E+00  4.6373063137E-01
 58  5.900346791005542E+06   24.999577  5.155907  4.641403  7.3966572E-01  2.6031738E-01  1.6940979E-07  2.5506406E-08  2.8888052E-06  5.0765665E-06  3.1806350E-08  3.2546595E-10  7.9353198E-07  1.0323331E-08  6.780E-11  0.3893  4.641403   -9.807  1.241621  7.809689  2.6261081E-01  7.3737939E-01  9.9216682E-08  2.7150431E-08  7.2651058E-06  7.3812855E-08  9.7340689E-11  1.7240929E-13  5.4820144E-10  1.0925912E-11  1.236E-08  7.000E-05  1.053E-04  9.288E-01  1.082E+00  7.12E+02  0.00E+00  3.29E+02  0.643840  0.153168  0.0000000E+00  4.6372857497E-01
 59  5.965619485299777E+06   24.999567  5.160622  4.639877  7.3895772E-01  2.6102558E-01  1.6348649E-07  2.4924783E-08  2.9313218E-06  5.0363725E-06  3.1906873E-08  3.1420219E-10  7.9007828E-07  1.0124215E-08  7.049E-11  0.3871  4.639877   -9.797  1.244939  7.811206  2.5408514E-01  7.4590513E-01  9.9706808E-08  2.7288191E-08  7.2612757E-06  7.3468092E-08  9.6800155E-11  1.7004645E-13  4.5218117E-10  9.3579136E-12  1.143E-08  6.904E-05  1.047E-04  9.281E-01  1.083E+00  7.08E+02  0.00E+00  3.29E+02  0.646475  0.154777  0.0000000E+00  4.6372647556E-01
 60  6.031971165542303E+06   24.999556  5.165380  4.638345  7.3823788E-01  2.6174552E-01  1.5792278E-07  2.4368699E-08  2.9725415E-06  4.9971631E-06  3.1989524E-08  3.0356132E-10  7.8668777E-07  9.9328418E-09  7.300E-11  0.3847  4.638345   -9.786  1.248255  7.812780  2.4555947E-01  7.5443078E-01  9.9809825E-08  2.7317447E-08  7.2578169E-06  7.3194227E-08  9.6698653E-11  1.6887041E-13  6.0663577E-10  1.2486900E-11  1.046E-08  6.810E-05  1.041E-04  9.274E-01  1.084E+00  7.03E+02  0.00E+00  3.28E+02  0.649227  0.156418  0.0000000E+00  4.6372426317E-01
 61  6.093632134756658E+06   24.999546  5.169900  4.636781  7.3753952E-01  2.6244408E-01  1.5291479E-07  2.3859882E-08  3.0107874E-06  4.9605732E-06  3.2053192E-08  2.9393018E-10  7.8350446E-07  9.7567658E-09  7.541E-11  0.3822  4.636781   -9.776  1.251850  7.814355  2.3703380E-01  7.6295640E-01  1.0041353E-07  2.7487200E-08  7.2536678E-06  7.2808665E-08  9.6075300E-11  1.6609712E-13  4.3765498E-10  9.4938072E-12  9.588E-09  6.714E-05  1.035E-04  9.268E-01  1.085E+00  6.99E+02  0.00E+00  3.28E+02  0.651761  0.157990  0.0000000E+00  4.6372213307E-01
 62  6.156268761511126E+06   24.999535  5.174501  4.635175  7.3680087E-01  2.6318283E-01  1.4799205E-07  2.3351874E-08  3.0495231E-06  4.9233119E-06  3.2104838E-08  2.8441113E-10  7.8024316E-07  9.5799274E-09  7.792E-11  0.3797  4.635175   -9.766  1.255549  7.815987  2.2850813E-01  7.7148207E-01  1.0079448E-07  2.7594542E-08  7.2496669E-06  7.2457733E-08  9.5701009E-11  1.6398810E-13  4.4951036E-10  1.0150514E-11  8.709E-09  6.619E-05  1.029E-04  9.260E-01  1.086E+00  6.95E+02  0.00E+00  3.27E+02  0.654358  0.159605  0.0000000E+00  4.6371989347E-01
 63  6.217329569427228E+06   24.999524  5.178997  4.633525  7.3607093E-01  2.6391287E-01  1.4347166E-07  2.2878223E-08  3.0861858E-06  4.8878550E-06  3.2141561E-08  2.7562140E-10  7.7712077E-07  9.4139852E-09  8.025E-11  0.3771  4.633525   -9.756  1.259411  7.817658  2.1998246E-01  7.8000774E-01  1.0114556E-07  2.7693486E-08  7.2455944E-06  7.2115247E-08  9.5384994E-11  1.6198250E-13  4.6372954E-10  1.0681544E-11  7.861E-09  6.523E-05  1.024E-04  9.254E-01  1.088E+00  6.91E+02  0.00E+00  3.27E+02  0.656858  0.161198  0.0000000E+00  4.6371763353E-01
 64  6.275684771766870E+06   24.999514  5.183364  4.631789  7.3533633E-01  2.6464767E-01  1.3923081E-07  2.2427500E-08  3.1216014E-06  4.8534321E-06  3.2165831E-08  2.6733068E-10  7.7407141E-07  9.2550281E-09  8.263E-11  0.3745  4.631789   -9.746  1.263498  7.819356  2.1145679E-01  7.8853341E-01  1.0175830E-07  2.7866493E-08  7.2413636E-06  7.1439151E-08  9.4555409E-11  1.5836803E-13  3.6814247E-10  9.5563853E-12  7.163E-09  6.421E-05  1.021E-04  9.248E-01  1.088E+00  6.86E+02  0.00E+00  3.26E+02  0.658953  0.162759  0.0000000E+00  4.6371539849E-01
 65  6.333151940585557E+06   24.999503  5.187758  4.630178  7.3455331E-01  2.6543079E-01  1.3502103E-07  2.1973764E-08  3.1578216E-06  4.8180519E-06  3.2179104E-08  2.5905511E-10  7.7091813E-07  9.0938604E-09  8.533E-11  0.3716  4.630178   -9.736  1.267705  7.821122  2.0293112E-01  7.9705908E-01  1.0209031E-07  2.7960108E-08  7.2371308E-06  7.1091655E-08  9.4305306E-11  1.5640380E-13  2.9234328E-10  7.5983379E-12  6.393E-09  6.327E-05  1.019E-04  9.242E-01  1.089E+00  6.82E+02  0.00E+00  3.25E+02  0.661188  0.164340  0.0000000E+00  4.6371312730E-01
 66  6.393906230350286E+06   24.999492  5.192332  4.628523  7.3372131E-01  2.6626291E-01  1.3085426E-07  2.1518502E-08  3.1947631E-06  4.7817921E-06  3.2180943E-08  2.5081822E-10  7.6766649E-07  8.9309212E-09  8.798E-11  0.3693  4.628523   -9.727  1.272103  7.822941  1.9440545E-01  8.0558475E-01  1.0258143E-07  2.8098742E-08  7.2324569E-06  7.0702799E-08  9.3983140E-11  1.5390433E-13  3.7705565E-10  1.0229283E-11  5.691E-09  6.222E-05  1.012E-04  9.238E-01  1.090E+00  6.78E+02  0.00E+00  3.24E+02  0.662545  0.166000  0.0000000E+00  4.6371064723E-01
 67  6.448833180976397E+06   24.999482  5.196328  4.626992  7.3291417E-01  2.6707020E-01  1.2708294E-07  2.1101058E-08  3.2292015E-06  4.7478325E-06  3.2172048E-08  2.4332163E-10  7.6460248E-07  8.7803440E-09  9.066E-11  0.3660  4.626992   -9.718  1.276692  7.824783  1.8587978E-01  8.1411042E-01  1.0287915E-07  2.8183027E-08  7.2279820E-06  7.0378986E-08  9.3802710E-11  1.5211647E-13  2.9161838E-10  7.3650531E-12  5.000E-09  6.141E-05  1.011E-04  9.231E-01  1.091E+00  6.74E+02  0.00E+00  3.24E+02  0.665008  0.167457  0.0000000E+00  4.6370833246E-01
 68  6.505684272390630E+06   24.999471  5.200681  4.625490  7.3203971E-01  2.6794479E-01  1.2327408E-07  2.0674020E-08  3.2650469E-06  4.7123231E-06  3.2151676E-08  2.3570720E-10  7.6137847E-07  8.6250166E-09  9.356E-11  0.3634  4.625490   -9.709  1.281628  7.826710  1.7735411E-01  8.2263609E-01  1.0347632E-07  2.8351508E-08  7.2229782E-06  6.9883755E-08  9.3370193E-11  1.4903513E-13  2.6477249E-10  7.8926321E-12  4.412E-09  6.041E-05  1.008E-04  9.229E-01  1.092E+00  6.70E+02  0.00E+00  3.22E+02  0.665815  0.169058  0.0000000E+00  4.6370586692E-01
 69  6.561583368758066E+06   24.999460  5.204916  4.623344  7.3103343E-01  2.6895117E-01  1.1921020E-07  2.0212227E-08  3.3045634E-06  4.6729882E-06  3.2116134E-08  2.2753215E-10  7.5778255E-07  8.4554566E-09  9.747E-11  0.3605  4.623344   -9.700  1.286585  7.828678  1.6882844E-01  8.3116176E-01  1.0417323E-07  2.8555599E-08  7.2199334E-06  6.6974524E-08  9.0026840E-11  1.3962255E-13  2.7912630E-10  1.1337295E-11  4.346E-09  5.938E-05  1.006E-04  9.221E-01  1.093E+00  6.65E+02  0.00E+00  3.22E+02  0.668595  0.170616  0.0000000E+00  4.6370336749E-01
 70  6.616775830556439E+06   24.999449  5.209212  4.621697  7.2994564E-01  2.7003916E-01  1.1515301E-07  1.9744832E-08  3.3454064E-06  4.6321314E-06  3.2065340E-08  2.1931586E-10  7.5401994E-07  8.2820442E-09  1.019E-10  0.3579  4.621697   -9.691  1.291734  7.830698  1.6030277E-01  8.3968743E-01  1.0511634E-07  2.8845428E-08  7.2165599E-06  6.4056501E-08  8.6769147E-11  1.3070177E-13  2.6696487E-10  1.3478503E-11  3.733E-09  5.845E-05  1.000E-04  9.216E-01  1.094E+00  6.61E+02  0.00E+00  3.21E+02  0.670309  0.172203  0.0000000E+00  4.6370082058E-01
 71  6.671692519938080E+06   24.999437  5.213399  4.620127  7.2881855E-01  2.7116635E-01  1.1126094E-07  1.9290665E-08  3.3859334E-06  4.5914014E-06  3.2001663E-08  2.1138198E-10  7.5024152E-07  8.1117714E-09  1.063E-10  0.3551  4.620127   -9.682  1.297242  7.832865  1.5177710E-01  8.4821310E-01  1.0562060E-07  2.8988273E-08  7.2118673E-06  6.3586831E-08  8.6504130E-11  1.2816492E-13  2.9648934E-10  1.6062328E-11  3.278E-09  5.776E-05  9.957E-05  9.206E-01  1.095E+00  6.58E+02  0.00E+00  3.21E+02  0.673800  0.173758  0.0000000E+00  4.6369820620E-01
 72  6.724179859798559E+06   24.999426  5.217438  4.618459  7.2776195E-01  2.7222305E-01  1.0787095E-07  1.8890385E-08  3.4223906E-06  4.5546030E-06  3.1933269E-08  2.0442759E-10  7.4680322E-07  7.9601752E-09  1.101E-10  0.3520  4.618459   -9.674  1.303064  7.835088  1.4325143E-01  8.5673877E-01  1.0620104E-07  2.9152725E-08  7.2069192E-06  6.3092795E-08  8.6234800E-11  1.2539617E-13  2.4061954E-10  1.3791488E-11  2.744E-09  5.693E-05  9.911E-05  9.200E-01  1.096E+00  6.54E+02  0.00E+00  3.20E+02  0.676029  0.175275  0.0000000E+00  4.6369562604E-01
 73  6.778853028080030E+06   24.999415  5.221299  4.617301  7.2664115E-01  2.7334395E-01  1.0452540E-07  1.8490905E-08  3.4595283E-06  4.5169630E-06  3.1852800E-08  1.9752116E-10  7.4326061E-07  7.8073685E-09  1.138E-10  0.3496  4.617301   -9.666  1.308834  7.837399  1.3472576E-01  8.6526444E-01  1.0680674E-07  2.9324286E-08  7.2016619E-06  6.2579715E-08  8.5975330E-11  1.2252554E-13  3.8513274E-10  2.2639667E-11  2.351E-09  5.647E-05  9.864E-05  9.189E-01  1.098E+00  6.51E+02  0.00E+00  3.21E+02  0.679733  0.176725  0.0000000E+00  4.6369285299E-01
 74  6.829288241413394E+06   24.999404  5.225570  4.615498  7.2557923E-01  2.7440597E-01  1.0157155E-07  1.8134452E-08  3.4933505E-06  4.4825484E-06  3.1770166E-08  1.9138555E-10  7.3999763E-07  7.6696887E-09  1.172E-10  0.3461  4.615498   -9.657  1.315605  7.839851  1.2620009E-01  8.7379005E-01  1.0744013E-07  2.9503130E-08  7.1962379E-06  6.2049003E-08  8.5737485E-11  1.1954767E-13  2.6631978E-10  1.6323716E-11  1.994E-09  5.561E-05  9.843E-05  9.182E-01  1.099E+00  6.47E+02  0.00E+00  3.20E+02  0.682261  0.178362  0.0000000E+00  4.6369021567E-01
 75  6.879412232399009E+06   24.999393  5.230040  4.614136  7.2449748E-01  2.7548785E-01  9.8758184E-08  1.7791656E-08  3.5265287E-06  4.4486660E-06  3.1680630E-08  1.8550716E-10  7.3676174E-07  7.5360617E-09  1.205E-10  0.3425  4.614136   -9.648  1.322995  7.842446  1.1767442E-01  8.8231578E-01  1.0761789E-07  2.9531480E-08  7.1893594E-06  6.3642895E-08  8.8017733E-11  1.2166656E-13  2.5169655E-10  1.3901303E-11  1.609E-09  5.489E-05  9.835E-05  9.175E-01  1.100E+00  6.43E+02  0.00E+00  3.20E+02  0.684583  0.180095  0.0000000E+00  4.6368751218E-01
 76  6.930268282567234E+06   24.999381  5.233061  4.613051  7.2340768E-01  2.7657772E-01  9.6107210E-08  1.7465647E-08  3.5587195E-06  4.4156756E-06  3.1585841E-08  1.7993548E-10  7.3358744E-07  7.4078322E-09  1.234E-10  0.3392  4.613051   -9.641  1.329800  7.845170  1.0914875E-01  8.9084145E-01  1.0833177E-07  2.9733416E-08  7.1827713E-06  6.3162020E-08  8.7924425E-11  1.1851679E-13  2.8812655E-10  1.6284348E-11  1.379E-09  5.450E-05  9.831E-05  9.166E-01  1.102E+00  6.41E+02  0.00E+00  3.20E+02  0.687745  0.181237  0.0000000E+00  4.6368468692E-01
 77  6.980865518505016E+06   24.999369  5.237747  4.611151  7.2226223E-01  2.7772332E-01  9.3501628E-08  1.7142349E-08  3.5912975E-06  4.3821733E-06  3.1482151E-08  1.7442699E-10  7.3033886E-07  7.2795446E-09  1.264E-10  0.3354  4.611151   -9.632  1.338399  7.847996  1.0062308E-01  8.9936712E-01  1.0917084E-07  2.9970467E-08  7.1757528E-06  6.2558503E-08  8.7741378E-11  1.1476608E-13  3.2781865E-10  2.0927278E-11  1.215E-09  5.348E-05  9.824E-05  9.162E-01  1.102E+00  6.36E+02  0.00E+00  3.19E+02  0.688950  0.183081  0.0000000E+00  4.6368180087E-01
 78  7.034099663949719E+06   24.999357  5.240677  4.610571  7.2102441E-01  2.7896119E-01  9.0874479E-08  1.6813471E-08  3.6251488E-06  4.3472406E-06  3.1366366E-08  1.6883930E-10  7.2692349E-07  7.1478798E-09  1.295E-10  0.3319  4.610571   -9.625  1.346288  7.851173  9.2097410E-02  9.0789273E-01  1.0994446E-07  3.0189627E-08  7.1682678E-06  6.1916699E-08  8.7591408E-11  1.1115231E-13  4.7150465E-10  3.1672570E-11  1.196E-09  5.330E-05  9.825E-05  9.153E-01  1.104E+00  6.34E+02  0.00E+00  3.20E+02  0.692220  0.184188  0.0000000E+00  4.6367867702E-01
 79  7.090295680790173E+06   24.999343  5.244698  4.609522  7.1966453E-01  2.8032127E-01  8.8193747E-08  1.6474817E-08  3.6608126E-06  4.3103045E-06  3.1235714E-08  1.6310106E-10  7.2327934E-07  7.0110483E-09  1.327E-10  0.3280  4.609522   -9.617  1.355618  7.854556  8.3571740E-02  9.1641844E-01  1.1077419E-07  3.0424745E-08  7.1600949E-06  6.1230111E-08  8.7467060E-11  1.0731741E-13  5.8755680E-10  4.1335540E-11  1.182E-09  5.281E-05  9.857E-05  9.144E-01  1.105E+00  6.32E+02  0.00E+00  3.20E+02  0.695127  0.185755  0.0000000E+00  4.6367528299E-01
 80  7.197753521386315E+06   24.999317  5.253601  4.607945  7.1690658E-01  2.8307939E-01  8.3332479E-08  1.5852579E-08  3.7286725E-06  4.2396511E-06  3.0963585E-08  1.5259495E-10  7.1620870E-07  6.7562529E-09  1.386E-10  0.3267  4.607945   -9.597  1.365618  7.858586  7.5046070E-02  9.2494410E-01  1.1187435E-07  3.0736443E-08  7.1471341E-06  6.0362964E-08  8.7356322E-11  1.0229393E-13  1.2636251E-09  1.0352318E-10  2.187E-09  5.206E-05  9.876E-05  9.123E-01  1.109E+00  6.27E+02  0.00E+00  3.21E+02  0.701959  0.189298  0.0000000E+00  4.6366847283E-01
 81  7.514096368242399E+06   24.999230  5.285613  4.600583  7.0752636E-01  2.9246014E-01  7.0933943E-08  1.4218037E-08  3.9243501E-06  4.0332807E-06  3.0024720E-08  1.2513850E-10  6.9475414E-07  6.0640130E-09  1.522E-10  0.3417  4.600583   -9.525  1.374998  7.864612  6.6520400E-02  9.3346977E-01  1.1267843E-07  3.0999258E-08  7.1162643E-06  5.6667713E-08  8.4130747E-11  9.3402790E-14  1.2790444E-09  1.4070270E-10  3.600E-09  5.017E-05  9.522E-05  8.992E-01  1.130E+00  6.08E+02  0.00E+00  3.34E+02  0.741736  0.202667  0.0000000E+00  4.6364502928E-01
 82  7.551299795899646E+06   24.999219  5.288879  4.598688  7.0639432E-01  2.9359218E-01  6.9749739E-08  1.4058459E-08  3.9450895E-06  4.0111856E-06  2.9912876E-08  1.2245944E-10  6.9238595E-07  5.9943318E-09  1.527E-10  0.3367  4.598688   -9.517  1.388561  7.869180  5.7994730E-02  9.4199548E-01  1.1391960E-07  3.1349984E-08  7.1078045E-06  5.5788871E-08  8.4247881E-11  8.8632692E-14  1.6529285E-10  1.8483527E-11  7.996E-10  5.015E-05  9.608E-05  8.954E-01  1.136E+00  6.05E+02  0.00E+00  3.39E+02  0.752457  0.204061  0.0000000E+00  4.6364173334E-01
 83  7.588903768926837E+06   24.999208  5.292427  4.597261  7.0528354E-01  2.9470296E-01  6.8638648E-08  1.3908207E-08  3.9649385E-06  3.9899993E-06  2.9803616E-08  1.1993546E-10  6.9010244E-07  5.9283043E-09  1.529E-10  0.3319  4.597261   -9.510  1.404316  7.874432  4.9469060E-02  9.5052107E-01  1.1535432E-07  3.1755572E-08  7.0986834E-06  5.4798088E-08  8.4503224E-11  8.3346278E-14  1.3095247E-10  1.5524313E-11  4.413E-10  4.979E-05  9.720E-05  8.935E-01  1.139E+00  6.02E+02  0.00E+00  3.40E+02  0.757608  0.205601  0.0000000E+00  4.6363827726E-01
 84  7.626503162588133E+06   24.999196  5.296091  4.596464  7.0416325E-01  2.9582345E-01  6.7565079E-08  1.3762554E-08  3.9844880E-06  3.9690950E-06  2.9693906E-08  1.1748699E-10  6.8783744E-07  5.8638943E-09  1.529E-10  0.3270  4.596464   -9.502  1.422980  7.880601  4.0943390E-02  9.5904681E-01  1.1714440E-07  3.2260911E-08  7.0886725E-06  5.3647210E-08  8.5002877E-11  7.7121962E-14  1.1535880E-10  1.5576477E-11  2.559E-10  4.945E-05  9.871E-05  8.924E-01  1.141E+00  6.00E+02  0.00E+00  3.41E+02  0.760510  0.207207  0.0000000E+00  4.6363471398E-01
 85  7.663471260112703E+06   24.999184  5.299829  4.595845  7.0302430E-01  2.9696240E-01  6.6518972E-08  1.3620180E-08  4.0039023E-06  3.9482984E-06  2.9582902E-08  1.1509164E-10  6.8557266E-07  5.8005308E-09  1.528E-10  0.3218  4.595845   -9.493  1.445679  7.888006  3.2417720E-02  9.6757240E-01  1.1936345E-07  3.2887098E-08  7.0776831E-06  5.2302733E-08  8.5889206E-11  6.9892065E-14  1.0221076E-10  1.7224590E-11  1.459E-10  4.929E-05  1.008E-04  8.908E-01  1.144E+00  5.98E+02  0.00E+00  3.42E+02  0.764865  0.208858  0.0000000E+00  4.6363110990E-01
 86  7.669030869273856E+06   24.999183  5.300629  4.596058  7.0284420E-01  2.9714250E-01  6.6357516E-08  1.3598166E-08  4.0069319E-06  3.9450497E-06  2.9565395E-08  1.1472107E-10  6.8521786E-07  5.7906965E-09  1.528E-10  0.3209  4.596058   -9.491  1.449672  7.889385  3.1121088E-02  9.6886905E-01  1.1969667E-07  3.2982015E-08  7.0759984E-06  5.2066572E-08  8.6039406E-11  6.8868719E-14  1.0526682E-10  1.6225885E-11  1.266E-10  4.933E-05  1.013E-04  8.906E-01  1.144E+00  5.98E+02  0.00E+00  3.43E+02  0.765252  0.209221  0.0000000E+00  4.6363055696E-01
 87  7.674669894722202E+06   24.999181  5.300893  4.596160  7.0266477E-01  2.9732193E-01  6.6197737E-08  1.3576372E-08  4.0099390E-06  3.9418244E-06  2.9547969E-08  1.1435413E-10  6.8486534E-07  5.7809497E-09  1.528E-10  0.3205  4.596160   -9.490  1.453664  7.890723  2.9824457E-02  9.7016574E-01  1.2009589E-07  3.3094751E-08  7.0741875E-06  5.1832959E-08  8.6237851E-11  6.7644806E-14  1.0959369E-10  1.8291296E-11  1.224E-10  4.945E-05  1.017E-04  8.901E-01  1.145E+00  5.98E+02  0.00E+00  3.43E+02  0.766600  0.209327  0.0000000E+00  4.6362999376E-01
 88  7.680105632154473E+06   24.999179  5.301391  4.596138  7.0249152E-01  2.9749518E-01  6.6044492E-08  1.3555459E-08  4.0128315E-06  3.9387211E-06  2.9531159E-08  1.1400196E-10  6.8452591E-07  5.7715876E-09  1.528E-10  0.3195  4.596138   -9.489  1.457952  7.892126  2.8527825E-02  9.7146231E-01  1.2051689E-07  3.3213455E-08  7.0723474E-06  5.1601403E-08  8.6472843E-11  6.6382303E-14  1.0077828E-10  1.6716144E-11  1.060E-10  4.951E-05  1.021E-04  8.896E-01  1.146E+00  5.98E+02  0.00E+00  3.44E+02  0.767895  0.209546  0.0000000E+00  4.6362944783E-01
 89  7.685667366643389E+06   24.999177  5.302005  4.596125  7.0231500E-01  2.9767170E-01  6.5889285E-08  1.3534269E-08  4.0157696E-06  3.9355680E-06  2.9514038E-08  1.1364507E-10  6.8418078E-07  5.7620916E-09  1.528E-10  0.3186  4.596125   -9.487  1.462410  7.893592  2.7231193E-02  9.7275893E-01  1.2089702E-07  3.3321811E-08  7.0705614E-06  5.1340589E-08  8.6654624E-11  6.5266202E-14  1.0392733E-10  1.7441237E-11  9.779E-11  4.956E-05  1.026E-04  8.892E-01  1.146E+00  5.98E+02  0.00E+00  3.45E+02  0.769105  0.209820  0.0000000E+00  4.6362888571E-01
 90  7.691154870693443E+06   24.999175  5.302603  4.596159  7.0214122E-01  2.9784548E-01  6.5737456E-08  1.3513531E-08  4.0186519E-06  3.9324740E-06  2.9497195E-08  1.1329573E-10  6.8384186E-07  5.7527886E-09  1.528E-10  0.3183  4.596159   -9.486  1.467080  7.895122  2.5934562E-02  9.7405560E-01  1.2133523E-07  3.3445534E-08  7.0686716E-06  5.1088731E-08  8.6911340E-11  6.3983955E-14  9.9905786E-11  1.7181343E-11  8.811E-11  4.961E-05  1.031E-04  8.888E-01  1.147E+00  5.98E+02  0.00E+00  3.45E+02  0.770129  0.210087  0.0000000E+00  4.6362832768E-01
 91  7.696663772618600E+06   24.999174  5.303213  4.596205  7.0196810E-01  2.9801860E-01  6.5587156E-08  1.3492994E-08  4.0215136E-06  3.9294014E-06  2.9480429E-08  1.1294971E-10  6.8350505E-07  5.7435658E-09  1.528E-10  0.3171  4.596205   -9.484  1.471996  7.896722  2.4637930E-02  9.7535225E-01  1.2184247E-07  3.3588839E-08  7.0666892E-06  5.0804035E-08  8.7196707E-11  6.2520091E-14  9.9928899E-11  1.7872676E-11  8.132E-11  4.965E-05  1.037E-04  8.884E-01  1.148E+00  5.98E+02  0.00E+00  3.46E+02  0.771123  0.210361  0.0000000E+00  4.6362776417E-01
 92  7.702299383440073E+06   24.999172  5.303857  4.596303  7.0179083E-01  2.9819588E-01  6.5434303E-08  1.3472098E-08  4.0244322E-06  3.9262667E-06  2.9463280E-08  1.1259758E-10  6.8316118E-07  5.7341722E-09  1.527E-10  0.3163  4.596303   -9.482  1.477127  7.898411  2.3341299E-02  9.7664886E-01  1.2228305E-07  3.3713960E-08  7.0647579E-06  5.0530604E-08  8.7468092E-11  6.1296418E-14  1.0856555E-10  1.9822430E-11  7.882E-11  4.972E-05  1.042E-04  8.880E-01  1.148E+00  5.98E+02  0.00E+00  3.47E+02  0.772095  0.210652  0.0000000E+00  4.6362718420E-01
 93  7.708036536424032E+06   24.999170  5.304471  4.596430  7.0160804E-01  2.9837873E-01  6.5277603E-08  1.3450669E-08  4.0274334E-06  3.9230425E-06  2.9445597E-08  1.1223636E-10  6.8280723E-07  5.7245274E-09  1.527E-10  0.3160  4.596430   -9.481  1.482550  7.900178  2.2044667E-02  9.7794548E-01  1.2286758E-07  3.3878658E-08  7.0626194E-06  5.0217051E-08  8.7827888E-11  5.9641485E-14  1.1808966E-10  2.3576114E-11  8.164E-11  4.979E-05  1.049E-04  8.876E-01  1.149E+00  5.98E+02  0.00E+00  3.47E+02  0.773109  0.210928  0.0000000E+00  4.6362659019E-01
 94  7.713429240455765E+06   24.999168  5.305150  4.596590  7.0141882E-01  2.9856788E-01  6.5116600E-08  1.3428641E-08  4.0305264E-06  3.9197187E-06  2.9427319E-08  1.1186498E-10  6.8244207E-07  5.7146022E-09  1.527E-10  0.3154  4.596590   -9.479  1.488280  7.902056  2.0748035E-02  9.7924208E-01  1.2331760E-07  3.4007265E-08  7.0606745E-06  4.9921327E-08  8.8121424E-11  5.8486877E-14  1.0427698E-10  2.0453267E-11  6.574E-11  4.986E-05  1.056E-04  8.873E-01  1.150E+00  5.98E+02  0.00E+00  3.48E+02  0.773965  0.211234  0.0000000E+00  4.6362602843E-01
 95  7.724146467473982E+06   24.999164  5.306469  4.597011  7.0108309E-01  2.9890363E-01  6.4833552E-08  1.3389893E-08  4.0359878E-06  3.9138474E-06  2.9394911E-08  1.1121148E-10  6.8179636E-07  5.6971141E-09  1.526E-10  0.3133  4.597011   -9.475  1.500839  7.906144  1.8154772E-02  9.8183539E-01  1.2483439E-07  3.4432114E-08  7.0558802E-06  4.9262710E-08  8.9281156E-11  5.4358414E-14  8.6200074E-11  1.8811563E-11  4.994E-11  5.011E-05  1.071E-04  8.863E-01  1.151E+00  5.98E+02  0.00E+00  3.49E+02  0.776520  0.211835  0.0000000E+00  4.6362490097E-01
 96  7.729338134932932E+06   24.999163  5.307131  4.597313  7.0091016E-01  2.9907664E-01  6.4689069E-08  1.3370103E-08  4.0387874E-06  3.9108366E-06  2.9378231E-08  1.1087761E-10  6.8146489E-07  5.6881678E-09  1.526E-10  0.3124  4.597313   -9.473  1.507782  7.908404  1.6858140E-02  9.8313204E-01  1.2547353E-07  3.4613197E-08  7.0536590E-06  4.8917019E-08  8.9784451E-11  5.2783888E-14  7.1709932E-11  1.6425599E-11  3.948E-11  5.028E-05  1.081E-04  8.857E-01  1.152E+00  5.99E+02  0.00E+00  3.50E+02  0.777901  0.212136  0.0000000E+00  4.6362434909E-01
 97  7.734638468210340E+06   24.999161  5.307830  4.597678  7.0073482E-01  2.9925197E-01  6.4543520E-08  1.3350160E-08  4.0416158E-06  3.9077939E-06  2.9361333E-08  1.1054106E-10  6.8112967E-07  5.6791419E-09  1.526E-10  0.3116  4.597678   -9.470  1.515272  7.910855  1.5561509E-02  9.8442866E-01  1.2615536E-07  3.4806593E-08  7.0513652E-06  4.8545669E-08  9.0340858E-11  5.1154639E-14  7.0917176E-11  1.5984737E-11  3.458E-11  5.048E-05  1.091E-04  8.851E-01  1.153E+00  5.99E+02  0.00E+00  3.52E+02  0.779469  0.212456  0.0000000E+00  4.6362378142E-01
 98  7.739860797264310E+06   24.999159  5.308608  4.597952  7.0054742E-01  2.9943938E-01  6.4389014E-08  1.3328982E-08  4.0446275E-06  3.9045532E-06  2.9343288E-08  1.1018357E-10  6.8077240E-07  5.6695456E-09  1.526E-10  0.3107  4.597952   -9.468  1.523601  7.913481  1.4264877E-02  9.8572529E-01  1.2659793E-07  3.4908626E-08  7.0478956E-06  4.9896000E-08  9.3161861E-11  5.0901095E-14  6.3016856E-11  1.4953773E-11  3.105E-11  5.066E-05  1.103E-04  8.844E-01  1.154E+00  5.99E+02  0.00E+00  3.53E+02  0.781257  0.212813  0.0000000E+00  4.6362321722E-01
 99  7.744911187060464E+06   24.999157  5.309528  4.598611  7.0037024E-01  2.9961656E-01  6.4243831E-08  1.3309075E-08  4.0474660E-06  3.9014981E-06  2.9326232E-08  1.0984745E-10  6.8043534E-07  5.6605142E-09  1.526E-10  0.3096  4.598611   -9.465  1.532731  7.916425  1.2968245E-02  9.8702190E-01  1.2734637E-07  3.5118340E-08  7.0451193E-06  4.9850313E-08  9.4379199E-11  4.9495890E-14  4.9319073E-11  1.1048144E-11  2.303E-11  5.097E-05  1.117E-04  8.837E-01  1.156E+00  6.00E+02  0.00E+00  3.54E+02  0.783096  0.213243  0.0000000E+00  4.6362266647E-01
100  7.750038472938108E+06   24.999156  5.309960  4.599566  7.0019634E-01  2.9979042E-01  6.4102326E-08  1.3289666E-08  4.0502408E-06  3.8985105E-06  2.9309510E-08  1.0951964E-10  6.8010550E-07  5.6516978E-09  1.526E-10  0.3090  4.599566   -9.462  1.542392  7.919648  1.1671614E-02  9.8831854E-01  1.2846220E-07  3.5433003E-08  7.0421698E-06  4.9344719E-08  9.5448265E-11  4.6780644E-14  4.5402419E-11  1.0408290E-11  2.009E-11  5.152E-05  1.133E-04  8.825E-01  1.157E+00  6.01E+02  0.00E+00  3.57E+02  0.785957  0.213433  0.0000000E+00  4.6362210203E-01
101  7.755534485873201E+06   24.999154  5.310453  4.600480  7.0001596E-01  2.9997084E-01  6.3956449E-08  1.3269651E-08  4.0531103E-06  3.8954203E-06  2.9292169E-08  1.0918149E-10  6.7976409E-07  5.6425946E-09  1.526E-10  0.3083  4.600480   -9.459  1.553341  7.923253  1.0374982E-02  9.8961517E-01  1.2949738E-07  3.5726109E-08  7.0393041E-06  4.8822815E-08  9.6488949E-11  4.4493662E-14  6.5318927E-11  1.3671370E-11  2.343E-11  5.209E-05  1.149E-04  8.812E-01  1.159E+00  6.03E+02  0.00E+00  3.60E+02  0.789120  0.213653  0.0000000E+00  4.6362149122E-01
102  7.761074009295538E+06   24.999152  5.311265  4.601437  6.9981907E-01  3.0016773E-01  6.3798344E-08  1.3247949E-08  4.0562301E-06  3.8920595E-06  2.9273257E-08  1.0881475E-10  6.7939251E-07  5.6327121E-09  1.526E-10  0.3075  4.601437   -9.456  1.565813  7.927331  9.0783506E-03  9.9091181E-01  1.3069104E-07  3.6064396E-08  7.0362476E-06  4.8222916E-08  9.7720680E-11  4.1965104E-14  7.7953963E-11  1.7895793E-11  2.635E-11  5.264E-05  1.169E-04  8.799E-01  1.162E+00  6.04E+02  0.00E+00  3.63E+02  0.792242  0.214028  0.0000000E+00  4.6362086845E-01
103  7.766867598236016E+06   24.999150  5.312258  4.602614  6.9963336E-01  3.0035344E-01  6.3650281E-08  1.3227621E-08  4.0591613E-06  3.8889010E-06  2.9255432E-08  1.0847108E-10  6.7904303E-07  5.6234414E-09  1.525E-10  0.3072  4.602614   -9.452  1.580308  7.932060  7.7817190E-03  9.9220841E-01  1.3217868E-07  3.6485778E-08  7.0327861E-06  4.7539794E-08  9.9363714E-11  3.8951019E-14  1.0330066E-10  2.3366173E-11  3.038E-11  5.331E-05  1.191E-04  8.783E-01  1.164E+00  6.06E+02  0.00E+00  3.66E+02  0.795978  0.214494  0.0000000E+00  4.6362020809E-01
104  7.772171945778433E+06   24.999148  5.313400  4.603990  6.9945235E-01  3.0053445E-01  6.3506907E-08  1.3207929E-08  4.0620088E-06  3.8858318E-06  2.9238064E-08  1.0813807E-10  6.7870319E-07  5.6144495E-09  1.525E-10  0.3063  4.603990   -9.447  1.597336  7.937561  6.4850873E-03  9.9350509E-01  1.3393699E-07  3.6984317E-08  7.0290722E-06  4.6761397E-08  1.0141654E-10  3.5672067E-14  8.4454904E-11  2.3676617E-11  2.419E-11  5.404E-05  1.219E-04  8.769E-01  1.167E+00  6.08E+02  0.00E+00  3.69E+02  0.799459  0.215036  0.0000000E+00  4.6361959456E-01
105  7.777792924107481E+06   24.999146  5.314817  4.605693  6.9924517E-01  3.0074163E-01  6.3343988E-08  1.3185546E-08  4.0652551E-06  3.8823316E-06  2.9218201E-08  1.0775941E-10  6.7831534E-07  5.6042140E-09  1.525E-10  0.3056  4.605693   -9.441  1.618215  7.944334  5.1884557E-03  9.9480167E-01  1.3595865E-07  3.7559127E-08  7.0250460E-06  4.5847840E-08  1.0395252E-10  3.2284313E-14  8.7618355E-11  2.5347871E-11  2.214E-11  5.500E-05  1.255E-04  8.748E-01  1.170E+00  6.10E+02  0.00E+00  3.74E+02  0.804279  0.215713  0.0000000E+00  4.6361893297E-01
106  7.782990674760907E+06   24.999144  5.316488  4.607796  6.9909984E-01  3.0088706E-01  6.3230417E-08  1.3169938E-08  4.0675250E-06  3.8798836E-06  2.9204273E-08  1.0749530E-10  6.7804391E-07  5.5970677E-09  1.523E-10  0.3048  4.607796   -9.434  1.644636  7.952830  3.8918241E-03  9.9609830E-01  1.3882945E-07  3.8375427E-08  7.0200383E-06  4.4688569E-08  1.0782890E-10  2.7787673E-14  5.8309484E-11  2.2993645E-11  1.346E-11  5.609E-05  1.305E-04  8.727E-01  1.174E+00  6.13E+02  0.00E+00  3.79E+02  0.809038  0.216526  0.0000000E+00  4.6361830840E-01
107  7.788089189575867E+06   24.999142  5.318998  4.610774  6.9909686E-01  3.0088996E-01  6.3228155E-08  1.3169628E-08  4.0675702E-06  3.8798348E-06  2.9203994E-08  1.0749003E-10  6.7803849E-07  5.5969252E-09  1.516E-10  0.3035  4.610774   -9.425  1.682002  7.964784  2.5951924E-03  9.9739493E-01  1.4242000E-07  3.9400838E-08  7.0142893E-06  4.3213655E-08  1.1328289E-10  2.3147012E-14  3.2617303E-11  1.4992139E-11  5.380E-12  5.749E-05  1.380E-04  8.704E-01  1.177E+00  6.17E+02  0.00E+00  3.84E+02  0.813962  0.217781  0.0000000E+00  4.6361768207E-01
108  7.793493194661749E+06   24.999140  5.323224  4.615622  6.9908171E-01  3.0090509E-01  6.3216424E-08  1.3168015E-08  4.0678056E-06  3.8795808E-06  2.9202544E-08  1.0746272E-10  6.7801030E-07  5.5961855E-09  1.509E-10  0.2989  4.615622   -9.410  1.745196  7.984791  1.2985608E-03  9.9869155E-01  1.4896266E-07  4.1275037E-08  7.0050054E-06  4.0893249E-08  1.2500674E-10  1.6032345E-14  1.8246090E-11  9.5890928E-12  2.064E-12  5.986E-05  1.516E-04  8.667E-01  1.183E+00  6.23E+02  0.00E+00  3.94E+02  0.822164  0.219908  0.0000000E+00  4.6361699657E-01
109  7.799053790371917E+06   24.999138  5.332873  4.624741  6.9896600E-01  3.0102090E-01  6.3127225E-08  1.3155749E-08  4.0696002E-06  3.8776442E-06  2.9191463E-08  1.0725501E-10  6.7779526E-07  5.5905533E-09  1.505E-10  0.2698  4.624741   -9.379  1.898159  8.031718  2.0090320E-04  9.9978930E-01  1.6651675E-07  4.6338890E-08  6.9829260E-06  3.5242863E-08  1.6510727E-10  5.9513102E-15  1.1010026E-11  6.4843235E-12  4.777E-13  6.451E-05  1.900E-04  8.587E-01  1.198E+00  6.34E+02  0.00E+00  4.13E+02  0.838678  0.224833  0.0000000E+00  4.6361624740E-01
110  7.802048361315713E+06   24.999136  5.341363  4.630542  6.9880490E-01  3.0118200E-01  6.3003512E-08  1.3138736E-08  4.0720928E-06  3.8749540E-06  2.9176049E-08  1.0696684E-10  6.7749643E-07  5.5827356E-09  1.507E-10  0.1477  4.630542   -9.353  2.106556  8.087006  1.9291570E-06  9.9998820E-01  1.9450596E-07  5.4394377E-08  6.9440926E-06  3.2228286E-08  2.6454763E-10  2.8266732E-15  1.0091807E-11  5.8704443E-12  2.514E-13  6.771E-05  2.563E-04  8.519E-01  1.212E+00  6.41E+02  0.00E+00  4.27E+02  0.851819  0.229250  0.0000000E+00  4.6361580429E-01
111  7.802174233003753E+06   24.999136  5.341553  4.630495  6.9880461E-01  3.0118225E-01  6.3003312E-08  1.3138709E-08  4.0720968E-06  3.8749497E-06  2.9176024E-08  1.0696637E-10  6.7749595E-07  5.5827230E-09  1.507E-10  0.1356  4.630495   -9.352  2.118482  8.090031  1.3963545E-06  9.9998874E-01  1.9654705E-07  5.4981964E-08  6.9411386E-06  3.2151487E-08  2.7363079E-10  2.8185905E-15  1.0090931E-11  5.8665782E-12  2.481E-13  6.767E-05  2.610E-04  8.518E-01  1.212E+00  6.41E+02  0.00E+00  4.27E+02  0.851912  0.229350  0.0000000E+00  4.6361578486E-01
112  7.802300104691793E+06   24.999136  5.341742  4.630449  6.9880432E-01  3.0118251E-01  6.3003113E-08  1.3138681E-08  4.0721009E-06  3.8749453E-06  2.9175999E-08  1.0696591E-10  6.7749547E-07  5.5827104E-09  1.507E-10  0.1236  4.630449   -9.352  2.130407  8.093056  8.6355207E-07  9.9998928E-01  1.9858814E-07  5.5569550E-08  6.9381846E-06  3.2074687E-08  2.8271396E-10  2.8105077E-15  1.0090055E-11  5.8627120E-12  2.448E-13  6.764E-05  2.656E-04  8.518E-01  1.213E+00  6.41E+02  0.00E+00  4.27E+02  0.852005  0.229450  0.0000000E+00  4.6361576544E-01
113  7.802425976379833E+06   24.999136  5.341910  4.630369  6.9880397E-01  3.0118283E-01  6.3002854E-08  1.3138646E-08  4.0721061E-06  3.8749397E-06  2.9175967E-08  1.0696530E-10  6.7749485E-07  5.5826941E-09  1.507E-10  0.1103  4.630369   -9.351  2.142159  8.096011  4.1994345E-07  9.9998973E-01  2.0064295E-07  5.6160100E-08  6.9352017E-06  3.2009105E-08  2.9157899E-10  2.8096562E-15  1.0089403E-11  5.8593577E-12  2.419E-13  6.758E-05  2.702E-04  8.517E-01  1.213E+00  6.41E+02  0.00E+00  4.27E+02  0.852060  0.229539  0.0000000E+00  4.6361574598E-01
114  7.802551848067873E+06   24.999136  5.342004  4.630178  6.9880339E-01  3.0118341E-01  6.3002398E-08  1.3138583E-08  4.0721153E-06  3.8749298E-06  2.9175910E-08  1.0696424E-10  6.7749374E-07  5.5826653E-09  1.507E-10  0.0928  4.630178   -9.351  2.153333  8.098735  2.7323571E-07  9.9998988E-01  2.0274347E-07  5.6760517E-08  6.9321225E-06  3.1980860E-08  2.9971792E-10  2.8328752E-15  1.0089501E-11  5.8577070E-12  2.404E-13  6.748E-05  2.747E-04  8.517E-01  1.213E+00  6.41E+02  0.00E+00  4.27E+02  0.851986  0.229589  0.0000000E+00  4.6361572643E-01
115  7.802677719755914E+06   24.999136  5.342099  4.629988  6.9880281E-01  3.0118399E-01  6.3001943E-08  1.3138521E-08  4.0721245E-06  3.8749199E-06  2.9175854E-08  1.0696318E-10  6.7749264E-07  5.5826365E-09  1.506E-10  0.0753  4.629988   -9.350  2.164507  8.101460  1.2652796E-07  9.9999002E-01  2.0484399E-07  5.7360933E-08  6.9290434E-06  3.1952615E-08  3.0785685E-10  2.8560942E-15  1.0089598E-11  5.8560563E-12  2.390E-13  6.737E-05  2.792E-04  8.518E-01  1.214E+00  6.40E+02  0.00E+00  4.27E+02  0.851912  0.229639  0.0000000E+00  4.6361570687E-01
116  7.802803591443954E+06   24.999136  5.342176  4.629755  6.9880088E-01  3.0118594E-01  6.3000450E-08  1.3138315E-08  4.0721545E-06  3.8748875E-06  2.9175667E-08  1.0695970E-10  6.7748903E-07  5.5825421E-09  1.506E-10  0.0621  4.629755   -9.350  2.174948  8.103902  4.0174811E-08  9.9999012E-01  2.0665459E-07  5.7874473E-08  6.9263874E-06  3.1935419E-08  3.1464487E-10  2.8776606E-15  1.0089672E-11  5.8550587E-12  2.380E-13  6.724E-05  2.837E-04  8.519E-01  1.214E+00  6.40E+02  0.00E+00  4.27E+02  0.851779  0.229679  0.0000000E+00  4.6361568727E-01
117  7.802929463131994E+06   24.999136  5.342231  4.629474  6.9879738E-01  3.0118947E-01  6.2997749E-08  1.3137944E-08  4.0722090E-06  3.8748287E-06  2.9175331E-08  1.0695341E-10  6.7748250E-07  5.5823714E-09  1.506E-10  0.0538  4.629474   -9.350  2.184537  8.106016  2.4095973E-08  9.9999015E-01  2.0812764E-07  5.8286858E-08  6.9242243E-06  3.1931087E-08  3.1985995E-10  2.8973028E-15  1.0089720E-11  5.8548216E-12  2.377E-13  6.708E-05  2.881E-04  8.520E-01  1.215E+00  6.39E+02  0.00E+00  4.26E+02  0.851577  0.229707  0.0000000E+00  4.6361566762E-01
118  7.803055334820034E+06   24.999136  5.342286  4.629192  6.9879388E-01  3.0119301E-01  6.2995047E-08  1.3137572E-08  4.0722634E-06  3.8747699E-06  2.9174994E-08  1.0694712E-10  6.7747597E-07  5.5822006E-09  1.506E-10  0.0455  4.629192   -9.350  2.194126  8.108131  8.0171353E-09  9.9999019E-01  2.0960069E-07  5.8699243E-08  6.9220611E-06  3.1926756E-08  3.2507503E-10  2.9169450E-15  1.0089768E-11  5.8545845E-12  2.374E-13  6.692E-05  2.925E-04  8.521E-01  1.215E+00  6.39E+02  0.00E+00  4.25E+02  0.851374  0.229735  0.0000000E+00  4.6361564797E-01
119  7.803181206508074E+06   24.999136  5.342361  4.628832  6.9878809E-01  3.0119881E-01  6.2990613E-08  1.3136962E-08  4.0723528E-06  3.8746735E-06  2.9174441E-08  1.0693679E-10  6.7746526E-07  5.5819203E-09  1.506E-10  0.0393  4.628832   -9.350  2.201342  8.109309  2.3103672E-09  9.9999020E-01  2.1048117E-07  5.8919284E-08  6.9207961E-06  3.1925220E-08  3.2756363E-10  1.3898382E-13  1.0089783E-11  5.8545117E-12  2.373E-13  6.671E-05  2.956E-04  8.522E-01  1.215E+00  6.38E+02  0.00E+00  4.25E+02  0.851100  0.229774  0.0000000E+00  4.6361562829E-01
120  7.803307078196114E+06   24.999136  5.342445  4.628437  6.9878131E-01  3.0120559E-01  6.2985411E-08  1.3136247E-08  4.0724576E-06  3.8745603E-06  2.9173793E-08  1.0692467E-10  6.7745269E-07  5.5815916E-09  1.507E-10  0.0340  4.628437   -9.350  2.207507  8.110073  1.1974405E-09  9.9999020E-01  2.1109921E-07  5.9054135E-08  6.9199289E-06  3.1924922E-08  3.2884464E-10  3.3530671E-13  1.0089783E-11  5.8545117E-12  2.373E-13  6.648E-05  2.979E-04  8.524E-01  1.216E+00  6.38E+02  0.00E+00  4.24E+02  0.850793  0.229818  0.0000000E+00  4.6361560859E-01
121  7.803432949884154E+06   24.999136  5.342530  4.628042  6.9877452E-01  3.0121238E-01  6.2980209E-08  1.3135531E-08  4.0725624E-06  3.8744471E-06  2.9173144E-08  1.0691255E-10  6.7744012E-07  5.5812628E-09  1.507E-10  0.0287  4.628042   -9.350  2.213673  8.110836  8.4513697E-11  9.9999020E-01  2.1171724E-07  5.9188986E-08  6.9190617E-06  3.1924624E-08  3.3012566E-10  5.3162959E-13  1.0089783E-11  5.8545117E-12  2.373E-13  6.626E-05  3.003E-04  8.526E-01  1.216E+00  6.37E+02  0.00E+00  4.24E+02  0.850487  0.229862  0.0000000E+00  4.6361558889E-01
122  7.803558821572194E+06   24.999136  5.342751  4.627691  6.9876709E-01  3.0121977E-01  6.2974521E-08  1.3134749E-08  4.0726771E-06  3.8743234E-06  2.9172435E-08  1.0689930E-10  6.7742638E-07  5.5809033E-09  1.507E-10  0.0198  4.627691   -9.350  2.224688  8.113558  0.0000000E+00  9.9999010E-01  3.0165975E-07  4.1721143E-08  6.9016166E-06  5.3515632E-08  3.3210563E-10  7.3458313E-10  1.0360689E-11  6.0544258E-12  1.581E-13  6.603E-05  3.056E-04  8.528E-01  1.216E+00  6.36E+02  0.00E+00  4.23E+02  0.850106  0.229978  0.0000000E+00  4.6361556909E-01
123  7.803684693260234E+06   24.999136  5.342984  4.627343  6.9875962E-01  3.0122721E-01  6.2968793E-08  1.3133961E-08  4.0727925E-06  3.8741988E-06  2.9171721E-08  1.0688595E-10  6.7741254E-07  5.5805413E-09  1.507E-10  0.0105  4.627343   -9.350  2.236102  8.116442  0.0000000E+00  9.9998999E-01  3.9894284E-07  2.2806733E-08  6.8828093E-06  7.6880986E-08  3.3414303E-10  1.5289419E-09  1.0653857E-11  6.2707686E-12  7.241E-14  6.580E-05  3.112E-04  8.530E-01  1.216E+00  6.36E+02  0.00E+00  4.23E+02  0.849720  0.230101  0.0000000E+00  4.6361554929E-01
124  7.803810564948274E+06   24.999136  5.343216  4.626955  6.9875261E-01  3.0123419E-01  6.2963421E-08  1.3133222E-08  4.0729008E-06  3.8740819E-06  2.9171051E-08  1.0687344E-10  6.7739955E-07  5.5802018E-09  1.507E-10  0.0040  4.626955   -9.350  2.247521  8.119330  0.0000000E+00  9.9998990E-01  4.8012171E-07  6.6830374E-09  6.8663715E-06  9.7459216E-08  3.3641601E-10  2.1046875E-09  1.0937441E-11  6.4302213E-12  3.446E-26  6.555E-05  3.167E-04  8.532E-01  1.216E+00  6.35E+02  0.00E+00  4.22E+02  0.849301  0.230222  0.0000000E+00  4.6361552948E-01
125  7.803936436636314E+06   24.999136  5.343441  4.626346  6.9874813E-01  3.0123867E-01  6.2959992E-08  1.3132750E-08  4.0729699E-06  3.8740073E-06  2.9170623E-08  1.0686545E-10  6.7739127E-07  5.5799850E-09  1.507E-10  0.0124  4.626346   -9.349  2.258970  8.122244  0.0000000E+00  9.9998990E-01  4.7355831E-07  5.7642717E-09  6.8628440E-06  1.0285208E-07  3.3997251E-10  1.4893405E-09  1.1168805E-11  6.2797138E-12  2.127E-26  6.518E-05  3.221E-04  8.535E-01  1.216E+00  6.34E+02  0.00E+00  4.20E+02  0.848710  0.230341  0.0000000E+00  4.6361550960E-01
126  7.804062308324355E+06   24.999136  5.343666  4.625738  6.9874365E-01  3.0124315E-01  6.2956562E-08  1.3132279E-08  4.0730391E-06  3.8739327E-06  2.9170196E-08  1.0685746E-10  6.7738298E-07  5.5797683E-09  1.507E-10  0.0208  4.625738   -9.348  2.270418  8.125159  0.0000000E+00  9.9998990E-01  4.6699492E-07  4.8455061E-09  6.8593165E-06  1.0824493E-07  3.4352902E-10  8.7399349E-10  1.1400168E-11  6.1292062E-12  8.092E-27  6.482E-05  3.275E-04  8.538E-01  1.215E+00  6.33E+02  0.00E+00  4.19E+02  0.848118  0.230459  0.0000000E+00  4.6361548972E-01
127  7.804188180012395E+06   24.999136  5.343895  4.625102  6.9873800E-01  3.0124881E-01  6.2952222E-08  1.3131682E-08  4.0731266E-06  3.8738383E-06  2.9169654E-08  1.0684735E-10  6.7737249E-07  5.5794939E-09  1.507E-10  0.0233  4.625102   -9.348  2.281278  8.127850  0.0000000E+00  9.9998982E-01  5.4996888E-07  3.7358916E-09  6.8563743E-06  1.1232855E-07  3.4566384E-10  9.5482762E-10  1.1621804E-11  6.4411448E-12  0.000E+00  6.443E-05  3.328E-04  8.542E-01  1.215E+00  6.32E+02  0.00E+00  4.18E+02  0.847439  0.230580  0.0000000E+00  4.6361546976E-01
128  7.804314051700435E+06   24.999135  5.344130  4.624423  6.9873049E-01  3.0125636E-01  6.2946433E-08  1.3130886E-08  4.0732432E-06  3.8737123E-06  2.9168933E-08  1.0683387E-10  6.7735850E-07  5.5791281E-09  1.507E-10  0.0164  4.624423   -9.347  2.291202  8.130187  0.0000000E+00  9.9998960E-01  7.7531188E-07  2.3228175E-09  6.8543625E-06  1.1433040E-07  3.4553811E-10  2.1426259E-09  1.1827973E-11  7.4883969E-12  0.000E+00  6.401E-05  3.382E-04  8.546E-01  1.216E+00  6.30E+02  0.00E+00  4.16E+02  0.846619  0.230704  0.0000000E+00  4.6361544968E-01
129  7.804439923388475E+06   24.999135  5.344365  4.623745  6.9872298E-01  3.0126391E-01  6.2940644E-08  1.3130090E-08  4.0733599E-06  3.8735864E-06  2.9168211E-08  1.0682038E-10  6.7734451E-07  5.5787622E-09  1.507E-10  0.0096  4.623745   -9.347  2.301127  8.132523  0.0000000E+00  9.9998938E-01  1.0006549E-06  9.0974348E-10  6.8523508E-06  1.1633225E-07  3.4541239E-10  3.3304242E-09  1.2034142E-11  8.5356490E-12  0.000E+00  6.360E-05  3.435E-04  8.550E-01  1.217E+00  6.29E+02  0.00E+00  4.15E+02  0.845800  0.230828  0.0000000E+00  4.6361542960E-01
130  7.804565795076515E+06   24.999135  5.344655  4.622968  6.9871727E-01  3.0126961E-01  6.2936266E-08  1.3129488E-08  4.0734482E-06  3.8734912E-06  2.9167665E-08  1.0681018E-10  6.7733392E-07  5.5784854E-09  1.507E-10  0.0060  4.622968   -9.347  2.312037  8.135274  0.0000000E+00  9.9998888E-01  1.5068246E-06  2.8652122E-10  6.8490967E-06  1.1710033E-07  3.4515489E-10  6.8413134E-09  1.2165707E-11  1.5700478E-11  0.000E+00  6.313E-05  3.492E-04  8.555E-01  1.217E+00  6.28E+02  0.00E+00  4.14E+02  0.844913  0.230982  0.0000000E+00  4.6361540949E-01
131  7.804691666764555E+06   24.999135  5.344979  4.622131  6.9871268E-01  3.0127416E-01  6.2932761E-08  1.3129006E-08  4.0735188E-06  3.8734149E-06  2.9167228E-08  1.0680202E-10  6.7732546E-07  5.5782639E-09  1.507E-10  0.0043  4.622131   -9.347  2.323559  8.138280  0.0000000E+00  9.9998819E-01  2.1872366E-06  1.5337175E-10  6.8450719E-06  1.1710292E-07  3.4481563E-10  1.1793591E-08  1.2250983E-11  2.6661029E-11  0.000E+00  6.263E-05  3.552E-04  8.560E-01  1.216E+00  6.27E+02  0.00E+00  4.12E+02  0.843985  0.231154  0.0000000E+00  4.6361538937E-01
132  7.804817538452595E+06   24.999135  5.345304  4.621294  6.9870810E-01  3.0127871E-01  6.2929257E-08  1.3128524E-08  4.0735895E-06  3.8733387E-06  2.9166791E-08  1.0679386E-10  6.7731699E-07  5.5780424E-09  1.507E-10  0.0027  4.621294   -9.347  2.335081  8.141287  0.0000000E+00  9.9998750E-01  2.8676486E-06  2.0222273E-11  6.8410471E-06  1.1710550E-07  3.4447638E-10  1.6745869E-08  1.2336260E-11  3.7621580E-11  0.000E+00  6.213E-05  3.612E-04  8.564E-01  1.215E+00  6.25E+02  0.00E+00  4.10E+02  0.843057  0.231326  0.0000000E+00  4.6361536925E-01
133  7.804943410140635E+06   24.999135  5.345536  4.620248  6.9870014E-01  3.0128666E-01  6.2923157E-08  1.3127685E-08  4.0737124E-06  3.8732060E-06  2.9166031E-08  1.0677965E-10  6.7730224E-07  5.5776569E-09  1.507E-10  0.0058  4.620248   -9.347  2.343698  8.143137  0.0000000E+00  9.9998728E-01  3.0808609E-06  4.7447149E-13  6.8400508E-06  1.1739421E-07  3.4466908E-10  1.9235826E-08  1.2316800E-11  4.3703654E-11  0.000E+00  6.155E-05  3.659E-04  8.570E-01  1.215E+00  6.23E+02  0.00E+00  4.08E+02  0.842022  0.231448  0.0000000E+00  4.6361534899E-01
134  7.805069281828674E+06   24.999135  5.345751  4.619163  6.9869158E-01  3.0129522E-01  6.2916592E-08  1.3126782E-08  4.0738447E-06  3.8730631E-06  2.9165212E-08  1.0676435E-10  6.7728638E-07  5.5772419E-09  1.508E-10  0.0099  4.619163   -9.346  2.351796  8.144780  0.0000000E+00  9.9998713E-01  3.2104100E-06  1.0339083E-12  6.8395968E-06  1.1773416E-07  3.4495704E-10  2.1284846E-08  1.2278585E-11  4.8912123E-11  0.000E+00  6.096E-05  3.704E-04  8.575E-01  1.215E+00  6.22E+02  0.00E+00  4.07E+02  0.840968  0.231562  0.0000000E+00  4.6361532871E-01
135  7.805195153516715E+06   24.999135  5.345980  4.618097  6.9868284E-01  3.0130396E-01  6.2909887E-08  1.3125860E-08  4.0739799E-06  3.8729173E-06  2.9164376E-08  1.0674873E-10  6.7727018E-07  5.5768181E-09  1.508E-10  0.0134  4.618097   -9.346  2.359969  8.146455  0.0000000E+00  9.9998689E-01  3.4353411E-06  1.5060219E-12  6.8384348E-06  1.1804932E-07  3.4521745E-10  2.4210770E-08  1.2248025E-11  5.9305718E-11  0.000E+00  6.037E-05  3.749E-04  8.581E-01  1.215E+00  6.20E+02  0.00E+00  4.05E+02  0.839895  0.231683  0.0000000E+00  4.6361530842E-01
136  7.805321025204755E+06   24.999135  5.346372  4.617231  6.9867197E-01  3.0131483E-01  6.2901557E-08  1.3124714E-08  4.0741478E-06  3.8727360E-06  2.9163337E-08  1.0672933E-10  6.7725004E-07  5.5762916E-09  1.508E-10  0.0104  4.617231   -9.347  2.369023  8.148509  0.0000000E+00  9.9998556E-01  4.7701368E-06  9.6204345E-13  6.8290343E-06  1.1807607E-07  3.4515713E-10  3.7340340E-08  1.2306540E-11  1.3003346E-10  0.000E+00  5.984E-05  3.802E-04  8.587E-01  1.215E+00  6.18E+02  0.00E+00  4.03E+02  0.838587  0.231891  0.0000000E+00  4.6361528806E-01
137  7.805446896892795E+06   24.999135  5.346764  4.616366  6.9866110E-01  3.0132570E-01  6.2893227E-08  1.3123568E-08  4.0743158E-06  3.8725548E-06  2.9162299E-08  1.0670993E-10  6.7722991E-07  5.5757651E-09  1.508E-10  0.0074  4.616366   -9.348  2.378078  8.150564  0.0000000E+00  9.9998422E-01  6.1049324E-06  4.1806499E-13  6.8196339E-06  1.1810282E-07  3.4509682E-10  5.0469911E-08  1.2365055E-11  2.0076121E-10  0.000E+00  5.931E-05  3.854E-04  8.594E-01  1.215E+00  6.17E+02  0.00E+00  4.00E+02  0.837279  0.232099  0.0000000E+00  4.6361526770E-01
138  7.805572768580835E+06   24.999135  5.347153  4.615446  6.9865064E-01  3.0133617E-01  6.2885207E-08  1.3122465E-08  4.0744774E-06  3.8723803E-06  2.9161298E-08  1.0669124E-10  6.7721052E-07  5.5752581E-09  1.508E-10  0.0058  4.615446   -9.348  2.387102  8.152612  0.0000000E+00  9.9998293E-01  7.3997857E-06  3.8225783E-14  6.8105937E-06  1.1813231E-07  3.4503876E-10  6.3071243E-08  1.2421434E-11  2.8199959E-10  0.000E+00  5.876E-05  3.907E-04  8.600E-01  1.214E+00  6.15E+02  0.00E+00  3.98E+02  0.835992  0.232306  0.0000000E+00  4.6361524738E-01
139  7.805698640268875E+06   24.999135  5.347538  4.614403  6.9864111E-01  3.0134574E-01  6.2877874E-08  1.3121457E-08  4.0746253E-06  3.8722208E-06  2.9160384E-08  1.0667416E-10  6.7719279E-07  5.5747947E-09  1.508E-10  0.0074  4.614403   -9.348  2.396057  8.154645  0.0000000E+00  9.9998174E-01  8.6057992E-06  2.3465180E-14  6.8023547E-06  1.1816791E-07  3.4498573E-10  7.4497669E-08  1.2473059E-11  3.8661574E-10  0.000E+00  5.817E-05  3.964E-04  8.606E-01  1.213E+00  6.14E+02  0.00E+00  3.97E+02  0.834752  0.232510  0.0000000E+00  4.6361522713E-01
140  7.805824511956915E+06   24.999135  5.347923  4.613360  6.9863157E-01  3.0135531E-01  6.2870541E-08  1.3120449E-08  4.0747731E-06  3.8720612E-06  2.9159469E-08  1.0665708E-10  6.7717506E-07  5.5743312E-09  1.509E-10  0.0091  4.613360   -9.348  2.405012  8.156678  0.0000000E+00  9.9998055E-01  9.8118126E-06  8.7045778E-15  6.7941157E-06  1.1820351E-07  3.4493270E-10  8.5924094E-08  1.2524684E-11  4.9123189E-10  0.000E+00  5.759E-05  4.020E-04  8.612E-01  1.211E+00  6.12E+02  0.00E+00  3.95E+02  0.833513  0.232715  0.0000000E+00  4.6361520687E-01
141  7.805950383644955E+06   24.999135  5.348367  4.612459  6.9862363E-01  3.0136327E-01  6.2864440E-08  1.3119610E-08  4.0748961E-06  3.8719284E-06  2.9158707E-08  1.0664286E-10  6.7716031E-07  5.5739455E-09  1.509E-10  0.0096  4.612459   -9.348  2.414685  8.159016  0.0000000E+00  9.9997853E-01  1.1814287E-05  1.5156404E-15  6.7794652E-06  1.1827080E-07  3.4485262E-10  1.0552044E-07  1.2602630E-11  7.2480609E-10  0.000E+00  5.703E-05  4.079E-04  8.620E-01  1.209E+00  6.10E+02  0.00E+00  3.93E+02  0.831898  0.232952  0.0000000E+00  4.6361518667E-01
142  7.806076255332995E+06   24.999135  5.348862  4.611676  6.9861704E-01  3.0136986E-01  6.2859383E-08  1.3118914E-08  4.0749981E-06  3.8718184E-06  2.9158076E-08  1.0663108E-10  6.7714809E-07  5.5736259E-09  1.509E-10  0.0091  4.611676   -9.349  2.424966  8.161611  0.0000000E+00  9.9997583E-01  1.4492040E-05  7.4632962E-16  6.7593787E-06  1.1836496E-07  3.4474960E-10  1.3204365E-07  1.2702892E-11  1.0677172E-09  0.000E+00  5.649E-05  4.139E-04  8.630E-01  1.207E+00  6.09E+02  0.00E+00  3.91E+02  0.829966  0.233217  0.0000000E+00  4.6361516651E-01
143  7.806202127021035E+06   24.999135  5.349355  4.610804  6.9861091E-01  3.0137598E-01  6.2854685E-08  1.3118268E-08  4.0750928E-06  3.8717161E-06  2.9157490E-08  1.0662013E-10  6.7713673E-07  5.5733288E-09  1.509E-10  0.0090  4.610804   -9.349  2.434888  8.164068  0.0000000E+00  9.9997285E-01  1.7441119E-05  2.3141355E-16  6.7371762E-06  1.1848220E-07  3.4463897E-10  1.6117973E-07  1.2810584E-11  1.5183638E-09  0.000E+00  5.593E-05  4.197E-04  8.638E-01  1.205E+00  6.07E+02  0.00E+00  3.88E+02  0.828230  0.233481  0.0000000E+00  4.6361514641E-01
144  7.806327998709075E+06   24.999134  5.349847  4.609747  6.9860572E-01  3.0138112E-01  6.2850726E-08  1.3117723E-08  4.0751726E-06  3.8716300E-06  2.9156996E-08  1.0661091E-10  6.7712716E-07  5.5730785E-09  1.509E-10  0.0096  4.609747   -9.349  2.444065  8.166237  0.0000000E+00  9.9996933E-01  2.0951204E-05  2.4249729E-16  6.7105989E-06  1.1864719E-07  3.4451260E-10  1.9571831E-07  1.2933635E-11  2.1917700E-09  0.000E+00  5.535E-05  4.251E-04  8.644E-01  1.203E+00  6.06E+02  0.00E+00  3.86E+02  0.826903  0.233745  0.0000000E+00  4.6361512642E-01
145  7.806453870397115E+06   24.999134  5.350344  4.608695  6.9860044E-01  3.0138636E-01  6.2846703E-08  1.3117170E-08  4.0752537E-06  3.8715425E-06  2.9156494E-08  1.0660154E-10  6.7711743E-07  5.5728242E-09  1.509E-10  0.0103  4.608695   -9.349  2.453199  8.168390  0.0000000E+00  9.9996571E-01  2.4559033E-05  2.5733247E-16  6.6832754E-06  1.1882343E-07  3.4438395E-10  2.3115669E-07  1.3058918E-11  2.9252783E-09  0.000E+00  5.477E-05  4.305E-04  8.651E-01  1.201E+00  6.04E+02  0.00E+00  3.84E+02  0.825555  0.234012  0.0000000E+00  4.6361510642E-01
146  7.806579742085156E+06   24.999134  5.350881  4.607688  6.9859453E-01  3.0139227E-01  6.2842165E-08  1.3116546E-08  4.0753452E-06  3.8714437E-06  2.9155928E-08  1.0659097E-10  6.7710646E-07  5.5725374E-09  1.509E-10  0.0108  4.607688   -9.349  2.461988  8.170422  0.0000000E+00  9.9996134E-01  2.8951320E-05  3.0227568E-16  6.6499639E-06  1.1909010E-07  3.4423696E-10  2.7381667E-07  1.3202107E-11  4.1411498E-09  0.000E+00  5.420E-05  4.371E-04  8.658E-01  1.201E+00  6.02E+02  0.00E+00  3.82E+02  0.824035  0.234301  0.0000000E+00  4.6361508632E-01
147  7.806705613773196E+06   24.999134  5.351418  4.606682  6.9858862E-01  3.0139818E-01  6.2837628E-08  1.3115922E-08  4.0754367E-06  3.8713449E-06  2.9155362E-08  1.0658039E-10  6.7709550E-07  5.5722505E-09  1.509E-10  0.0112  4.606682   -9.349  2.470777  8.172453  0.0000000E+00  9.9995696E-01  3.3343607E-05  3.4721888E-16  6.6166524E-06  1.1935676E-07  3.4408998E-10  3.1647664E-07  1.3345297E-11  5.3570212E-09  0.000E+00  5.363E-05  4.436E-04  8.665E-01  1.201E+00  6.00E+02  0.00E+00  3.80E+02  0.822516  0.234590  0.0000000E+00  4.6361506621E-01
148  7.806831485461236E+06   24.999134  5.351939  4.605562  6.9858319E-01  3.0140361E-01  6.2833474E-08  1.3115351E-08  4.0755204E-06  3.8712545E-06  2.9154844E-08  1.0657072E-10  6.7708545E-07  5.5719880E-09  1.509E-10  0.0121  4.605562   -9.349  2.480092  8.174723  0.0000000E+00  9.9995108E-01  3.9211884E-05  4.1106955E-16  6.5720370E-06  1.1979672E-07  3.4390797E-10  3.7278454E-07  1.3523164E-11  7.5847218E-09  0.000E+00  5.303E-05  4.500E-04  8.672E-01  1.200E+00  5.98E+02  0.00E+00  3.78E+02  0.820939  0.234871  0.0000000E+00  4.6361504614E-01
149  7.806957357149276E+06   24.999134  5.352459  4.604428  6.9857782E-01  3.0140898E-01  6.2829365E-08  1.3114786E-08  4.0756033E-06  3.8711651E-06  2.9154331E-08  1.0656115E-10  6.7707552E-07  5.5717282E-09  1.509E-10  0.0130  4.604428   -9.349  2.489468  8.177022  0.0000000E+00  9.9994503E-01  4.5252206E-05  4.7712411E-16  6.5261040E-06  1.2025687E-07  3.4372187E-10  4.3068326E-07  1.3705072E-11  9.9303624E-09  0.000E+00  5.242E-05  4.564E-04  8.680E-01  1.198E+00  5.97E+02  0.00E+00  3.76E+02  0.819356  0.235151  0.0000000E+00  4.6361502607E-01
150  7.807083228837316E+06   24.999134  5.353019  4.603217  6.9857312E-01  3.0141368E-01  6.2825767E-08  1.3114291E-08  4.0756759E-06  3.8710868E-06  2.9153882E-08  1.0655276E-10  6.7706681E-07  5.5715007E-09  1.509E-10  0.0139  4.603217   -9.349  2.498562  8.179225  0.0000000E+00  9.9993914E-01  5.1126567E-05  5.4500845E-16  6.4821085E-06  1.2083830E-07  3.4360089E-10  4.8533980E-07  1.3858227E-11  1.2870050E-08  0.000E+00  5.179E-05  4.626E-04  8.688E-01  1.197E+00  5.94E+02  0.00E+00  3.73E+02  0.817682  0.235454  0.0000000E+00  4.6361500600E-01
151  7.807209100525356E+06   24.999134  5.353598  4.601969  6.9856874E-01  3.0141806E-01  6.2822409E-08  1.3113829E-08  4.0757436E-06  3.8710137E-06  2.9153463E-08  1.0654494E-10  6.7705869E-07  5.5712884E-09  1.509E-10  0.0149  4.601969   -9.350  2.507524  8.181383  0.0000000E+00  9.9993331E-01  5.6922980E-05  6.1375220E-16  6.4390229E-06  1.2147670E-07  3.4351050E-10  5.3847354E-07  1.3997876E-11  1.6088751E-08  0.000E+00  5.115E-05  4.688E-04  8.696E-01  1.196E+00  5.92E+02  0.00E+00  3.70E+02  0.815964  0.235767  0.0000000E+00  4.6361498593E-01
152  7.807334972213396E+06   24.999134  5.354215  4.600748  6.9856434E-01  3.0142248E-01  6.2819022E-08  1.3113363E-08  4.0758119E-06  3.8709400E-06  2.9153041E-08  1.0653705E-10  6.7705050E-07  5.5710742E-09  1.509E-10  0.0161  4.600748   -9.350  2.516823  8.183695  0.0000000E+00  9.9992518E-01  6.5035304E-05  7.1221216E-16  6.3787313E-06  1.2239602E-07  3.4334510E-10  6.1223307E-07  1.4199253E-11  2.1252727E-08  0.000E+00  5.051E-05  4.748E-04  8.704E-01  1.196E+00  5.90E+02  0.00E+00  3.68E+02  0.814248  0.236102  0.0000000E+00  4.6361496584E-01
153  7.807460843901436E+06   24.999134  5.354878  4.599556  6.9855992E-01  3.0142695E-01  6.2815603E-08  1.3112893E-08  4.0758808E-06  3.8708655E-06  2.9152614E-08  1.0652908E-10  6.7704223E-07  5.5708581E-09  1.509E-10  0.0175  4.599556   -9.350  2.526509  8.186185  0.0000000E+00  9.9991439E-01  7.5809692E-05  8.4482991E-16  6.2986618E-06  1.2363825E-07  3.4309350E-10  7.0970125E-07  1.4471584E-11  2.8652733E-08  0.000E+00  4.989E-05  4.806E-04  8.711E-01  1.195E+00  5.88E+02  0.00E+00  3.66E+02  0.812534  0.236462  0.0000000E+00  4.6361494574E-01
154  7.807586715589476E+06   24.999134  5.355574  4.598384  6.9855583E-01  3.0143107E-01  6.2812452E-08  1.3112459E-08  4.0759443E-06  3.8707970E-06  2.9152221E-08  1.0652174E-10  6.7703461E-07  5.5706590E-09  1.509E-10  0.0189  4.598384   -9.350  2.535914  8.188567  0.0000000E+00  9.9990270E-01  8.7483398E-05  9.9555165E-16  6.2129106E-06  1.2508560E-07  3.4282387E-10  8.1331736E-07  1.4762041E-11  3.7458032E-08  0.000E+00  4.928E-05  4.868E-04  8.719E-01  1.194E+00  5.87E+02  0.00E+00  3.63E+02  0.810832  0.236841  0.0000000E+00  4.6361492564E-01
155  7.807712587277517E+06   24.999134  5.356369  4.597267  6.9855276E-01  3.0143414E-01  6.2810109E-08  1.3112137E-08  4.0759916E-06  3.8707460E-06  2.9151928E-08  1.0651628E-10  6.7702895E-07  5.5705108E-09  1.509E-10  0.0200  4.597267   -9.351  2.544478  8.190627  0.0000000E+00  9.9988830E-01  1.0185442E-04  1.2005726E-15  6.1101183E-06  1.2714816E-07  3.4250022E-10  9.3537293E-07  1.5106862E-11  5.0478221E-08  0.000E+00  4.870E-05  4.942E-04  8.726E-01  1.192E+00  5.85E+02  0.00E+00  3.61E+02  0.809170  0.237275  0.0000000E+00  4.6361490558E-01
156  7.807838458965557E+06   24.999134  5.357163  4.596147  6.9854968E-01  3.0143722E-01  6.2807755E-08  1.3111813E-08  4.0760391E-06  3.8706948E-06  2.9151634E-08  1.0651079E-10  6.7702325E-07  5.5703619E-09  1.509E-10  0.0212  4.596147   -9.351  2.553052  8.192694  0.0000000E+00  9.9987399E-01  1.1613517E-04  1.4043701E-15  6.0082393E-06  1.2921859E-07  3.4218313E-10  1.0561752E-06  1.5447634E-11  6.3579285E-08  0.000E+00  4.812E-05  5.016E-04  8.733E-01  1.191E+00  5.83E+02  0.00E+00  3.59E+02  0.807513  0.237708  0.0000000E+00  4.6361488551E-01
157  7.807964330653597E+06   24.999134  5.357922  4.594914  6.9854616E-01  3.0144070E-01  6.2805075E-08  1.3111445E-08  4.0760931E-06  3.8706364E-06  2.9151300E-08  1.0650455E-10  6.7701678E-07  5.5701925E-09  1.509E-10  0.0229  4.594914   -9.351  2.561921  8.194925  0.0000000E+00  9.9986216E-01  1.2791619E-04  1.5742915E-15  5.9316476E-06  1.3150681E-07  3.4204810E-10  1.1422756E-06  1.5676300E-11  7.8919710E-08  0.000E+00  4.753E-05  5.082E-04  8.740E-01  1.190E+00  5.81E+02  0.00E+00  3.57E+02  0.806013  0.238124  0.0000000E+00  4.6361486543E-01
158  7.808090202341637E+06   24.999134  5.358681  4.593680  6.9854263E-01  3.0144417E-01  6.2802396E-08  1.3111076E-08  4.0761472E-06  3.8705781E-06  2.9150965E-08  1.0649832E-10  6.7701030E-07  5.5700231E-09  1.509E-10  0.0247  4.593680   -9.350  2.570790  8.197156  0.0000000E+00  9.9985033E-01  1.3969720E-04  1.7442129E-15  5.8550560E-06  1.3379503E-07  3.4191307E-10  1.2283760E-06  1.5904966E-11  9.4260136E-08  0.000E+00  4.695E-05  5.147E-04  8.747E-01  1.188E+00  5.78E+02  0.00E+00  3.54E+02  0.804512  0.238540  0.0000000E+00  4.6361484535E-01
159  7.808216074029677E+06   24.999134  5.359450  4.592468  6.9853837E-01  3.0144846E-01  6.2799111E-08  1.3110624E-08  4.0762134E-06  3.8705066E-06  2.9150555E-08  1.0649066E-10  6.7700235E-07  5.5698154E-09  1.509E-10  0.0270  4.592468   -9.350  2.579759  8.199468  0.0000000E+00  9.9983440E-01  1.5558403E-04  1.9902554E-15  5.7564873E-06  1.3698777E-07  3.4180548E-10  1.3365175E-06  1.6164626E-11  1.1777274E-07  0.000E+00  4.636E-05  5.214E-04  8.754E-01  1.187E+00  5.77E+02  0.00E+00  3.52E+02  0.802826  0.238962  0.0000000E+00  4.6361482524E-01
160  7.808341945717717E+06   24.999134  5.360221  4.591260  6.9853395E-01  3.0145293E-01  6.2795692E-08  1.3110154E-08  4.0762824E-06  3.8704321E-06  2.9150129E-08  1.0648269E-10  6.7699408E-07  5.5695993E-09  1.509E-10  0.0294  4.591260   -9.350  2.588751  8.201798  0.0000000E+00  9.9981756E-01  1.7237415E-04  2.2530449E-15  5.6530835E-06  1.4037950E-07  3.4170393E-10  1.4495082E-06  1.6431105E-11  1.4308327E-07  0.000E+00  4.578E-05  5.281E-04  8.761E-01  1.186E+00  5.75E+02  0.00E+00  3.50E+02  0.801099  0.239386  0.0000000E+00  4.6361480512E-01
161  7.808467817405757E+06   24.999134  5.360995  4.590058  6.9852947E-01  3.0145743E-01  6.2792253E-08  1.3109681E-08  4.0763518E-06  3.8703573E-06  2.9149699E-08  1.0647468E-10  6.7698576E-07  5.5693819E-09  1.509E-10  0.0318  4.590058   -9.350  2.597885  8.204227  0.0000000E+00  9.9979401E-01  1.9587751E-04  2.6492347E-15  5.5152852E-06  1.4594703E-07  3.4142184E-10  1.5954252E-06  1.6839393E-11  1.8214964E-07  3.116E-20  4.520E-05  5.352E-04  8.769E-01  1.185E+00  5.73E+02  0.00E+00  3.48E+02  0.799320  0.239812  0.0000000E+00  4.6361478502E-01
162  7.808593689093797E+06   24.999133  5.361771  4.588860  6.9852496E-01  3.0146194E-01  6.2788801E-08  1.3109207E-08  4.0764214E-06  3.8702821E-06  2.9149268E-08  1.0646664E-10  6.7697741E-07  5.5691636E-09  1.509E-10  0.0340  4.588860   -9.350  2.607113  8.206721  0.0000000E+00  9.9976607E-01  2.2377343E-04  3.1327099E-15  5.3549822E-06  1.5293822E-07  3.4102161E-10  1.7628864E-06  1.7340469E-11  2.3021662E-07  8.272E-20  4.463E-05  5.425E-04  8.777E-01  1.185E+00  5.70E+02  0.00E+00  3.45E+02  0.797508  0.240240  0.0000000E+00  4.6361476494E-01
163  7.808719560781837E+06   24.999133  5.362551  4.587727  6.9852024E-01  3.0146663E-01  6.2785201E-08  1.3108712E-08  4.0764940E-06  3.8702037E-06  2.9148819E-08  1.0645825E-10  6.7696870E-07  5.5689360E-09  1.509E-10  0.0366  4.587727   -9.350  2.616067  8.209119  0.0000000E+00  9.9973911E-01  2.5068497E-04  3.6550754E-15  5.2067717E-06  1.6011967E-07  3.4069298E-10  1.9137150E-06  1.7792026E-11  2.7959883E-07  4.512E-17  4.407E-05  5.494E-04  8.786E-01  1.183E+00  5.68E+02  0.00E+00  3.43E+02  0.795513  0.240671  0.0000000E+00  4.6361474493E-01
164  7.808845432469876E+06   24.999133  5.363335  4.586695  6.9851522E-01  3.0147160E-01  6.2781368E-08  1.3108184E-08  4.0765713E-06  3.8701203E-06  2.9148340E-08  1.0644932E-10  6.7695943E-07  5.5686936E-09  1.509E-10  0.0397  4.586695   -9.352  2.624588  8.211368  0.0000000E+00  9.9971372E-01  2.7605226E-04  4.2384503E-15  5.0775314E-06  1.6759962E-07  3.4047666E-10  2.0384513E-06  1.8165898E-11  3.3104430E-07  1.607E-16  4.353E-05  5.560E-04  8.795E-01  1.180E+00  5.67E+02  0.00E+00  3.41E+02  0.793233  0.241106  0.0000000E+00  4.6361472506E-01
165  7.808971304157916E+06   24.999133  5.364113  4.585483  6.9851184E-01  3.0147500E-01  6.2778764E-08  1.3107826E-08  4.0766238E-06  3.8700636E-06  2.9148015E-08  1.0644325E-10  6.7695313E-07  5.5685289E-09  1.509E-10  0.0427  4.585483   -9.352  2.633260  8.213718  0.0000000E+00  9.9968290E-01  3.0680631E-04  4.9172238E-15  4.9306441E-06  1.7760405E-07  3.4019709E-10  2.1743946E-06  1.8647344E-11  3.9643377E-07  5.745E-16  4.296E-05  5.628E-04  8.803E-01  1.178E+00  5.65E+02  0.00E+00  3.39E+02  0.791300  0.241538  0.0000000E+00  4.6361470526E-01
166  7.809097175845957E+06   24.999133  5.364887  4.584159  6.9850947E-01  3.0147742E-01  6.2776922E-08  1.3107573E-08  4.0766609E-06  3.8700235E-06  2.9147785E-08  1.0643896E-10  6.7694868E-07  5.5684125E-09  1.509E-10  0.0456  4.584159   -9.352  2.642024  8.216132  0.0000000E+00  9.9964870E-01  3.4090213E-04  5.6551796E-15  4.7728091E-06  1.8917458E-07  3.3987829E-10  2.3172904E-06  1.9195524E-11  4.7047367E-07  1.173E-15  4.239E-05  5.697E-04  8.810E-01  1.175E+00  5.62E+02  0.00E+00  3.36E+02  0.789582  0.241968  0.0000000E+00  4.6361468552E-01
167  7.809223047533997E+06   24.999133  5.365663  4.582889  6.9850662E-01  3.0148028E-01  6.2774750E-08  1.3107274E-08  4.0767048E-06  3.8699762E-06  2.9147513E-08  1.0643390E-10  6.7694342E-07  5.5682751E-09  1.509E-10  0.0487  4.582889   -9.352  2.650465  8.218470  0.0000000E+00  9.9961226E-01  3.7727176E-04  6.5155452E-15  4.6283420E-06  2.0369913E-07  3.3967264E-10  2.4333750E-06  1.9761511E-11  5.5612580E-07  2.156E-15  4.183E-05  5.764E-04  8.818E-01  1.175E+00  5.61E+02  0.00E+00  3.34E+02  0.787748  0.242400  0.0000000E+00  4.6361466572E-01
168  7.809348919222037E+06   24.999133  5.366438  4.581629  6.9850367E-01  3.0148323E-01  6.2772505E-08  1.3106965E-08  4.0767501E-06  3.8699273E-06  2.9147233E-08  1.0642867E-10  6.7693799E-07  5.5681332E-09  1.509E-10  0.0519  4.581629   -9.353  2.658836  8.220795  0.0000000E+00  9.9957463E-01  4.1483975E-04  7.4226440E-15  4.4848372E-06  2.1927050E-07  3.3946822E-10  2.5448653E-06  2.0341867E-11  6.4584991E-07  3.193E-15  4.128E-05  5.830E-04  8.826E-01  1.175E+00  5.59E+02  0.00E+00  3.32E+02  0.785889  0.242832  0.0000000E+00  4.6361464591E-01
169  7.809474790910077E+06   24.999133  5.367205  4.580375  6.9850051E-01  3.0148633E-01  6.2770109E-08  1.3106635E-08  4.0767985E-06  3.8698751E-06  2.9146934E-08  1.0642309E-10  6.7693219E-07  5.5679817E-09  1.509E-10  0.0555  4.580375   -9.354  2.667070  8.223129  0.0000000E+00  9.9952701E-01  4.6235148E-04  8.6387593E-15  4.3223669E-06  2.4126878E-07  3.3901529E-10  2.6604786E-06  2.1063542E-11  7.6028968E-07  4.024E-15  4.074E-05  5.895E-04  8.833E-01  1.173E+00  5.57E+02  0.00E+00  3.30E+02  0.783986  0.243262  0.0000000E+00  4.6361462618E-01
170  7.809600662598117E+06   24.999133  5.367969  4.579125  6.9849732E-01  3.0148950E-01  6.2767670E-08  1.3106300E-08  4.0768477E-06  3.8698220E-06  2.9146629E-08  1.0641740E-10  6.7692629E-07  5.5678274E-09  1.509E-10  0.0589  4.579125   -9.354  2.675216  8.225454  0.0000000E+00  9.9947397E-01  5.1528570E-04  1.0060805E-14  4.1493003E-06  2.6697507E-07  3.3845501E-10  2.7794367E-06  2.1869919E-11  8.8729387E-07  4.800E-15  4.021E-05  5.961E-04  8.840E-01  1.172E+00  5.54E+02  0.00E+00  3.27E+02  0.782159  0.243689  0.0000000E+00  4.6361460647E-01
171  7.809726534286157E+06   24.999133  5.368725  4.577881  6.9849404E-01  3.0149283E-01  6.2765132E-08  1.3105951E-08  4.0768989E-06  3.8697667E-06  2.9146312E-08  1.0641149E-10  6.7692015E-07  5.5676669E-09  1.509E-10  0.0618  4.577881   -9.355  2.683155  8.227758  0.0000000E+00  9.9940834E-01  5.8083070E-04  1.1961773E-14  3.9515904E-06  3.0130492E-07  3.3764508E-10  2.9061736E-06  2.2873286E-11  1.0435185E-06  5.454E-15  3.971E-05  6.027E-04  8.847E-01  1.171E+00  5.53E+02  0.00E+00  3.25E+02  0.780509  0.244113  0.0000000E+00  4.6361458679E-01
172  7.809852405974197E+06   24.999133  5.369505  4.576923  6.9849125E-01  3.0149559E-01  6.2763012E-08  1.3105660E-08  4.0769416E-06  3.8697206E-06  2.9146047E-08  1.0640655E-10  6.7691502E-07  5.5675329E-09  1.508E-10  0.0657  4.576923   -9.356  2.690976  8.230028  0.0000000E+00  9.9935038E-01  6.3865547E-04  1.3806381E-14  3.7713418E-06  3.3003418E-07  3.3722734E-10  3.0242628E-06  2.3717232E-11  1.1827042E-06  6.284E-15  3.922E-05  6.090E-04  8.857E-01  1.167E+00  5.51E+02  0.00E+00  3.23E+02  0.777950  0.244552  0.0000000E+00  4.6361456731E-01
173  7.809978277662237E+06   24.999133  5.370245  4.575777  6.9848989E-01  3.0149698E-01  6.2761974E-08  1.3105517E-08  4.0769625E-06  3.8696980E-06  2.9145918E-08  1.0640413E-10  6.7691251E-07  5.5674673E-09  1.508E-10  0.0700  4.575777   -9.357  2.698498  8.232261  0.0000000E+00  9.9928736E-01  7.0153770E-04  1.5947273E-14  3.5734690E-06  3.6015866E-07  3.3690474E-10  3.1551007E-06  2.4632438E-11  1.3339143E-06  7.123E-15  3.871E-05  6.151E-04  8.866E-01  1.163E+00  5.49E+02  0.00E+00  3.21E+02  0.775694  0.244969  0.0000000E+00  4.6361454809E-01
174  7.810104149350277E+06   24.999133  5.370983  4.574465  6.9848893E-01  3.0149788E-01  6.2761235E-08  1.3105415E-08  4.0769775E-06  3.8696819E-06  2.9145825E-08  1.0640241E-10  6.7691072E-07  5.5674205E-09  1.508E-10  0.0744  4.574465   -9.358  2.705807  8.234438  0.0000000E+00  9.9922780E-01  7.6101031E-04  1.8059104E-14  3.4251754E-06  3.9239167E-07  3.3678598E-10  3.2242211E-06  2.5439345E-11  1.4825988E-06  8.149E-15  3.820E-05  6.207E-04  8.873E-01  1.162E+00  5.47E+02  0.00E+00  3.18E+02  0.773966  0.245385  0.0000000E+00  4.6361452888E-01
175  7.810230021038318E+06   24.999133  5.371717  4.573156  6.9848801E-01  3.0149888E-01  6.2760521E-08  1.3105317E-08  4.0769919E-06  3.8696663E-06  2.9145736E-08  1.0640075E-10  6.7690900E-07  5.5673753E-09  1.508E-10  0.0768  4.573156   -9.359  2.712787  8.236540  0.0000000E+00  9.9912198E-01  8.6669883E-04  2.1997838E-14  3.1170555E-06  4.4700284E-07  3.3527263E-10  3.4201834E-06  2.7094426E-11  1.7278301E-06  8.431E-15  3.770E-05  6.269E-04  8.880E-01  1.161E+00  5.45E+02  0.00E+00  3.16E+02  0.772242  0.245800  0.0000000E+00  4.6361450969E-01
176  7.810355892726358E+06   24.999133  5.372455  4.571917  6.9848703E-01  3.0149984E-01  6.2759759E-08  1.3105212E-08  4.0770073E-06  3.8696497E-06  2.9145641E-08  1.0639897E-10  6.7690715E-07  5.5673272E-09  1.508E-10  0.0801  4.571917   -9.360  2.719450  8.238557  0.0000000E+00  9.9902872E-01  9.5980801E-04  2.6057454E-14  2.9140550E-06  5.0265578E-07  3.3421530E-10  3.4988367E-06  2.8436447E-11  1.9511552E-06  9.110E-15  3.720E-05  6.323E-04  8.887E-01  1.159E+00  5.43E+02  0.00E+00  3.14E+02  0.770225  0.246218  0.0000000E+00  4.6361449056E-01
177  7.810481764414398E+06   24.999133  5.373180  4.570801  6.9848665E-01  3.0150025E-01  6.2759481E-08  1.3105174E-08  4.0770129E-06  3.8696437E-06  2.9145606E-08  1.0639832E-10  6.7690647E-07  5.5673096E-09  1.508E-10  0.0835  4.570801   -9.361  2.725842  8.240517  0.0000000E+00  9.9893901E-01  1.0493336E-03  2.9923895E-14  2.6986120E-06  5.5203599E-07  3.3310883E-10  3.6000175E-06  2.9704157E-11  2.1666102E-06  9.823E-15  3.672E-05  6.374E-04  8.896E-01  1.156E+00  5.42E+02  0.00E+00  3.12E+02  0.767985  0.246630  0.0000000E+00  4.6361447163E-01
178  7.810607636102438E+06   24.999133  5.373901  4.569510  6.9848643E-01  3.0150047E-01  6.2759280E-08  1.3105146E-08  4.0770169E-06  3.8696393E-06  2.9145581E-08  1.0639786E-10  6.7690599E-07  5.5672969E-09  1.508E-10  0.0874  4.569510   -9.362  2.731861  8.242387  0.0000000E+00  9.9882055E-01  1.1675855E-03  3.5820704E-14  2.4297415E-06  6.1988135E-07  3.3134808E-10  3.7175506E-06  3.1434098E-11  2.4461772E-06  1.026E-14  3.625E-05  6.425E-04  8.902E-01  1.155E+00  5.39E+02  0.00E+00  3.09E+02  0.766317  0.247040  0.0000000E+00  4.6361445274E-01
179  7.810733507790478E+06   24.999133  5.374626  4.568222  6.9848610E-01  3.0150070E-01  6.2759085E-08  1.3105119E-08  4.0770209E-06  3.8696350E-06  2.9145557E-08  1.0639740E-10  6.7690551E-07  5.5672845E-09  1.507E-10  0.0911  4.568222   -9.363  2.737490  8.244156  0.0000000E+00  9.9867911E-01  1.3088089E-03  4.3198816E-14  2.1363534E-06  7.0537385E-07  3.2922411E-10  3.8269382E-06  3.3499537E-11  2.7742308E-06  1.056E-14  3.577E-05  6.475E-04  8.909E-01  1.154E+00  5.37E+02  0.00E+00  3.07E+02  0.764463  0.247452  0.0000000E+00  4.6361443388E-01
180  7.810859379478518E+06   24.999133  5.375353  4.566888  6.9848587E-01  3.0150095E-01  6.2758891E-08  1.3105093E-08  4.0770248E-06  3.8696309E-06  2.9145533E-08  1.0639695E-10  6.7690505E-07  5.5672723E-09  1.507E-10  0.0951  4.566888   -9.364  2.742764  8.245829  0.0000000E+00  9.9856078E-01  1.4269646E-03  5.0243635E-14  1.9893050E-06  7.8930702E-07  3.2725031E-10  3.7927933E-06  3.5104194E-11  3.0480539E-06  1.118E-14  3.528E-05  6.514E-04  8.917E-01  1.153E+00  5.36E+02  0.00E+00  3.05E+02  0.762529  0.247867  0.0000000E+00  4.6361441507E-01
181  7.810985251166558E+06   24.999132  5.376085  4.565628  6.9848570E-01  3.0150115E-01  6.2758757E-08  1.3105074E-08  4.0770275E-06  3.8696279E-06  2.9145515E-08  1.0639663E-10  6.7690472E-07  5.5672638E-09  1.507E-10  0.0971  4.565628   -9.366  2.747587  8.247402  0.0000000E+00  9.9848088E-01  1.5067184E-03  5.4353495E-14  1.9370083E-06  8.5152844E-07  3.2550705E-10  3.7152391E-06  3.6046229E-11  3.2264484E-06  1.213E-14  3.481E-05  6.542E-04  8.924E-01  1.151E+00  5.33E+02  0.00E+00  3.03E+02  0.760571  0.248285  0.0000000E+00  4.6361439635E-01
182  7.811111122854598E+06   24.999132  5.376820  4.564290  6.9848560E-01  3.0150123E-01  6.2758674E-08  1.3105063E-08  4.0770292E-06  3.8696261E-06  2.9145505E-08  1.0639644E-10  6.7690452E-07  5.5672586E-09  1.507E-10  0.1040  4.564290   -9.366  2.752064  8.248867  0.0000000E+00  9.9831800E-01  1.6693735E-03  6.5473072E-14  1.6657453E-06  9.6122731E-07  3.2279062E-10  3.7727392E-06  3.8324219E-11  3.5834653E-06  1.239E-14  3.433E-05  6.580E-04  8.932E-01  1.150E+00  5.32E+02  0.00E+00  3.01E+02  0.758545  0.248705  0.0000000E+00  4.6361437770E-01
183  7.811236994542638E+06   24.999132  5.377558  4.562979  6.9848550E-01  3.0150140E-01  6.2758579E-08  1.3105050E-08  4.0770311E-06  3.8696240E-06  2.9145494E-08  1.0639622E-10  6.7690429E-07  5.5672525E-09  1.507E-10  0.1120  4.562979   -9.368  2.756085  8.250215  0.0000000E+00  9.9825672E-01  1.7305781E-03  6.8798084E-14  1.7372801E-06  1.0248641E-06  3.1999701E-10  3.5796757E-06  3.9118220E-11  3.7095572E-06  1.343E-14  3.387E-05  6.594E-04  8.938E-01  1.149E+00  5.30E+02  0.00E+00  2.99E+02  0.756694  0.249128  0.0000000E+00  4.6361435910E-01
184  7.811362866230678E+06   24.999132  5.378301  4.561692  6.9848546E-01  3.0150140E-01  6.2758562E-08  1.3105048E-08  4.0770314E-06  3.8696237E-06  2.9145492E-08  1.0639619E-10  6.7690426E-07  5.5672515E-09  1.507E-10  0.1129  4.561692   -9.369  2.759721  8.251455  0.0000000E+00  9.9806168E-01  1.9253511E-03  8.3200503E-14  1.4127986E-06  1.1609303E-06  3.1682359E-10  3.6666844E-06  4.1884644E-11  4.1141229E-06  1.359E-14  3.342E-05  6.627E-04  8.945E-01  1.148E+00  5.28E+02  0.00E+00  2.97E+02  0.754845  0.249555  0.0000000E+00  4.6361434060E-01
185  7.811488737918718E+06   24.999132  5.379060  4.560407  6.9848540E-01  3.0150150E-01  6.2758510E-08  1.3105040E-08  4.0770325E-06  3.8696225E-06  2.9145485E-08  1.0639606E-10  6.7690413E-07  5.5672482E-09  1.506E-10  0.1183  4.560407   -9.370  2.762986  8.252587  0.0000000E+00  9.9787587E-01  2.1108386E-03  9.9967714E-14  1.2016422E-06  1.3055135E-06  3.1354596E-10  3.6296339E-06  4.4548139E-11  4.4924407E-06  1.385E-14  3.297E-05  6.653E-04  8.952E-01  1.147E+00  5.26E+02  0.00E+00  2.95E+02  0.752909  0.249992  0.0000000E+00  4.6361432212E-01
186  7.811614609606759E+06   24.999132  5.379821  4.559110  6.9848530E-01  3.0150150E-01  6.2758457E-08  1.3105033E-08  4.0770336E-06  3.8696213E-06  2.9145478E-08  1.0639593E-10  6.7690399E-07  5.5672448E-09  1.506E-10  0.1250  4.559110   -9.371  2.765863  8.253606  0.0000000E+00  9.9773970E-01  2.2468679E-03  1.1122159E-13  1.1624835E-06  1.4318094E-06  3.0990184E-10  3.4718027E-06  4.6715605E-11  4.7488595E-06  1.442E-14  3.255E-05  6.665E-04  8.958E-01  1.146E+00  5.24E+02  0.00E+00  2.93E+02  0.751367  0.250430  0.0000000E+00  4.6361430371E-01
187  7.811740481294799E+06   24.999132  5.380596  4.557850  6.9848520E-01  3.0150160E-01  6.2758396E-08  1.3105025E-08  4.0770347E-06  3.8696201E-06  2.9145471E-08  1.0639580E-10  6.7690385E-07  5.5672409E-09  1.506E-10  0.1229  4.557850   -9.372  2.768382  8.254531  0.0000000E+00  9.9755959E-01  2.4266968E-03  1.2526679E-13  1.0250341E-06  1.5919555E-06  3.0638295E-10  3.3807326E-06  4.9183173E-11  5.0775227E-06  1.476E-14  3.212E-05  6.681E-04  8.964E-01  1.145E+00  5.22E+02  0.00E+00  2.91E+02  0.749488  0.250877  0.0000000E+00  4.6361428534E-01
188  7.811866352982839E+06   24.999132  5.381389  4.556618  6.9848520E-01  3.0150170E-01  6.2758339E-08  1.3105017E-08  4.0770359E-06  3.8696188E-06  2.9145463E-08  1.0639566E-10  6.7690371E-07  5.5672373E-09  1.506E-10  0.1198  4.556618   -9.373  2.770609  8.255369  0.0000000E+00  9.9731474E-01  2.6711985E-03  1.4739612E-13  7.9550798E-07  1.8076064E-06  3.0293963E-10  3.3128492E-06  5.2343940E-11  5.5219205E-06  1.483E-14  3.170E-05  6.702E-04  8.971E-01  1.144E+00  5.20E+02  0.00E+00  2.89E+02  0.747731  0.251336  0.0000000E+00  4.6361426702E-01
189  7.811992224670879E+06   24.999132  5.382192  4.555394  6.9848510E-01  3.0150180E-01  6.2758287E-08  1.3105010E-08  4.0770369E-06  3.8696177E-06  2.9145457E-08  1.0639554E-10  6.7690359E-07  5.5672340E-09  1.506E-10  0.1347  4.555394   -9.374  2.772517  8.256108  0.0000000E+00  9.9720676E-01  2.7790039E-03  1.8798798E-13  8.7087679E-07  1.9428048E-06  2.9955608E-10  3.1015180E-06  5.3387216E-11  5.6635255E-06  1.546E-14  3.131E-05  6.699E-04  8.976E-01  1.143E+00  5.18E+02  0.00E+00  2.87E+02  0.746076  0.251801  0.0000000E+00  4.6361424874E-01
190  7.812118096358919E+06   24.999132  5.383004  4.554179  6.9848500E-01  3.0150180E-01  6.2758244E-08  1.3105004E-08  4.0770378E-06  3.8696167E-06  2.9145452E-08  1.0639544E-10  6.7690348E-07  5.5672314E-09  1.505E-10  0.1341  4.554179   -9.375  2.774129  8.256760  0.0000000E+00  9.9698730E-01  2.9981565E-03  2.1551652E-13  7.1526034E-07  2.1610902E-06  2.9614853E-10  3.0162046E-06  5.6024406E-11  6.0132513E-06  1.564E-14  3.091E-05  6.710E-04  8.983E-01  1.142E+00  5.16E+02  0.00E+00  2.85E+02  0.744367  0.252272  0.0000000E+00  4.6361423051E-01
191  7.812946150106898E+06   24.999132  5.388633  4.546269  6.9848470E-01  3.0150220E-01  6.2757986E-08  1.3104968E-08  4.0770430E-06  3.8696111E-06  2.9145420E-08  1.0639484E-10  6.7690286E-07  5.5672151E-09  1.504E-10  0.1545  4.546269   -9.381  2.780018  8.259536  0.0000000E+00  9.9563757E-01  4.3458233E-03  1.3882966E-11  4.3007994E-07  3.8922385E-06  2.7489393E-10  2.0779682E-06  7.0989810E-11  7.6142426E-06  1.708E-14  2.848E-05  6.714E-04  9.018E-01  1.137E+00  5.05E+02  0.00E+00  2.74E+02  0.734111  0.255563  0.0000000E+00  4.6361411145E-01
192  7.813632017447036E+06   24.999131  5.393488  4.540299  6.9848440E-01  3.0150240E-01  6.2757787E-08  1.3104941E-08  4.0770470E-06  3.8696068E-06  2.9145395E-08  1.0639438E-10  6.7690238E-07  5.5672024E-09  1.503E-10  0.1551  4.540299   -9.385  2.781393  8.260634  0.0000000E+00  9.9428784E-01  5.6930548E-03  1.2392399E-11  2.0342198E-07  6.0647401E-06  2.5793297E-10  1.4594276E-06  8.5594268E-11  8.7300112E-06  1.741E-14  2.676E-05  6.710E-04  9.043E-01  1.133E+00  4.96E+02  0.00E+00  2.66E+02  0.726699  0.258436  0.0000000E+00  4.6361401378E-01
193  7.814359139937432E+06   24.999131  5.398534  4.534958  6.9848420E-01  3.0150270E-01  6.2757608E-08  1.3104916E-08  4.0770507E-06  3.8696029E-06  2.9145372E-08  1.0639396E-10  6.7690194E-07  5.5671911E-09  1.502E-10  0.1636  4.534958   -9.387  2.781374  8.261215  0.0000000E+00  9.9293811E-01  7.0398742E-03  1.1737807E-11  1.5439703E-07  8.8597493E-06  2.4170967E-10  1.0111592E-06  9.9218053E-11  9.3585872E-06  1.767E-14  2.527E-05  6.687E-04  9.065E-01  1.130E+00  4.88E+02  0.00E+00  2.59E+02  0.720163  0.261456  0.0000000E+00  4.6361391076E-01
194  7.815048263947205E+06   24.999131  5.402990  4.530715  6.9848400E-01  3.0150280E-01  6.2757466E-08  1.3104897E-08  4.0770535E-06  3.8695998E-06  2.9145355E-08  1.0639363E-10  6.7690160E-07  5.5671821E-09  1.501E-10  0.1728  4.530715   -9.389  2.780950  8.261519  0.0000000E+00  9.9158838E-01  8.3862380E-03  1.5865790E-11  7.8780495E-08  1.2123492E-05  2.2723537E-10  7.2472240E-07  1.1229417E-10  9.8304260E-06  1.775E-14  2.413E-05  6.670E-04  9.082E-01  1.128E+00  4.82E+02  0.00E+00  2.53E+02  0.714847  0.264151  0.0000000E+00  4.6361381332E-01
195  7.815799318660829E+06   24.999130  5.407305  4.526629  6.9847980E-01  3.0150710E-01  6.2754208E-08  1.3104449E-08  4.0771192E-06  3.8695289E-06  2.9144948E-08  1.0638604E-10  6.7689372E-07  5.5669761E-09  1.500E-10  0.1771  4.526629   -9.391  2.780236  8.261686  0.0000000E+00  9.9023865E-01  9.7319849E-03  3.1120451E-11  8.4275843E-08  1.6084651E-05  2.1343267E-10  5.3176891E-07  1.2460267E-10  1.0060753E-05  1.787E-14  2.311E-05  6.645E-04  9.096E-01  1.126E+00  4.76E+02  0.00E+00  2.48E+02  0.710488  0.266789  0.0000000E+00  4.6361370718E-01
196  7.816440900706386E+06   24.999130  5.410476  4.523689  6.9847931E-01  3.0150750E-01  6.2753889E-08  1.3104405E-08  4.0771257E-06  3.8695219E-06  2.9144908E-08  1.0638529E-10  6.7689294E-07  5.5669560E-09  1.499E-10  0.1750  4.523689   -9.392  2.779802  8.261785  0.0000000E+00  9.8888892E-01  1.1077372E-02  4.6424426E-11  4.5393308E-08  2.0320582E-05  2.0123023E-10  3.6037134E-07  1.3648496E-10  1.0333319E-05  1.791E-14  2.239E-05  6.638E-04  9.106E-01  1.125E+00  4.72E+02  0.00E+00  2.44E+02  0.707321  0.268744  0.0000000E+00  4.6361361657E-01
197  7.817178067919206E+06   24.999130  5.413536  4.521009  6.9847910E-01  3.0150780E-01  6.2753678E-08  1.3104376E-08  4.0771300E-06  3.8695173E-06  2.9144881E-08  1.0638480E-10  6.7689243E-07  5.5669426E-09  1.498E-10  0.1761  4.521009   -9.392  2.779234  8.261840  0.0000000E+00  9.8753919E-01  1.2422086E-02  1.2679755E-11  4.5313562E-08  2.5379249E-05  1.8938922E-10  2.9200938E-07  1.4768638E-10  1.0419399E-05  1.787E-14  2.177E-05  6.621E-04  9.114E-01  1.124E+00  4.68E+02  0.00E+00  2.41E+02  0.704768  0.270645  0.0000000E+00  4.6361351242E-01
198  7.817818240880055E+06   24.999130  5.415724  4.519222  6.9847890E-01  3.0150800E-01  6.2753524E-08  1.3104355E-08  4.0771330E-06  3.8695140E-06  2.9144862E-08  1.0638445E-10  6.7689206E-07  5.5669329E-09  1.497E-10  0.1796  4.519222   -9.393  2.778992  8.261908  0.0000000E+00  9.8618946E-01  1.3766437E-02  1.0392090E-11  1.7354470E-08  3.0667986E-05  1.7857234E-10  2.0328158E-07  1.5841772E-10  1.0573351E-05  1.786E-14  2.136E-05  6.618E-04  9.119E-01  1.124E+00  4.65E+02  0.00E+00  2.39E+02  0.703031  0.272012  0.0000000E+00  4.6361342188E-01
199  7.818545355962113E+06   24.999129  5.417724  4.517670  6.9847870E-01  3.0150810E-01  6.2753406E-08  1.3104338E-08  4.0771354E-06  3.8695114E-06  2.9144847E-08  1.0638417E-10  6.7689177E-07  5.5669254E-09  1.496E-10  0.1844  4.517670   -9.393  2.778682  8.261961  0.0000000E+00  9.8483973E-01  1.5110075E-02  6.9720924E-11  4.9606846E-08  3.6806381E-05  1.6829317E-10  1.4869422E-07  1.6837297E-10  1.0591293E-05  1.809E-14  2.100E-05  6.608E-04  9.125E-01  1.123E+00  4.63E+02  0.00E+00  2.37E+02  0.701370  0.273267  0.0000000E+00  4.6361331890E-01
200  7.819245950518246E+06   24.999129  5.419245  4.516606  6.9847750E-01  3.0150940E-01  6.2752473E-08  1.3104210E-08  4.0771543E-06  3.8694910E-06  2.9144730E-08  1.0638199E-10  6.7688951E-07  5.5668663E-09  1.495E-10  0.1853  4.516606   -9.393  2.778511  8.262027  0.0000000E+00  9.8349000E-01  1.6453126E-02  5.1150988E-11  3.7662060E-08  4.3407922E-05  1.5864476E-10  1.3202582E-07  1.7798666E-10  1.0631990E-05  1.809E-14  2.075E-05  6.601E-04  9.128E-01  1.123E+00  4.62E+02  0.00E+00  2.36E+02  0.700221  0.274225  0.0000000E+00  4.6361321953E-01
201  7.819946993607286E+06   24.999129  5.420399  4.515815  6.9847740E-01  3.0150940E-01  6.2752430E-08  1.3104204E-08  4.0771552E-06  3.8694901E-06  2.9144725E-08  1.0638189E-10  6.7688941E-07  5.5668636E-09  1.494E-10  0.1861  4.515815   -9.392  2.778360  8.262086  0.0000000E+00  9.8214027E-01  1.7795746E-02  2.8135210E-11  2.5394453E-08  5.0554598E-05  1.4955413E-10  1.1804405E-07  1.8714217E-10  1.0669759E-05  1.808E-14  2.057E-05  6.596E-04  9.131E-01  1.122E+00  4.60E+02  0.00E+00  2.35E+02  0.699472  0.274955  0.0000000E+00  4.6361311995E-01
202  7.820612712467942E+06   24.999129  5.421213  4.515268  6.9847611E-01  3.0151070E-01  6.2751434E-08  1.3104067E-08  4.0771754E-06  3.8694683E-06  2.9144600E-08  1.0637957E-10  6.7688698E-07  5.5668005E-09  1.494E-10  0.1782  4.515268   -9.392  2.778320  8.262156  0.0000000E+00  9.8079054E-01  1.9137872E-02  1.3957446E-11  1.4080688E-08  5.8103941E-05  1.4097738E-10  9.1609390E-08  1.9588764E-10  1.0720977E-05  1.805E-14  2.045E-05  6.593E-04  9.132E-01  1.122E+00  4.60E+02  0.00E+00  2.35E+02  0.699062  0.275470  0.0000000E+00  4.6361302526E-01
203  7.821291042927347E+06   24.999128  5.421869  4.514918  6.9847550E-01  3.0151130E-01  6.2750980E-08  1.3104005E-08  4.0771845E-06  3.8694584E-06  2.9144543E-08  1.0637851E-10  6.7688588E-07  5.5667718E-09  1.493E-10  0.1838  4.514918   -9.392  2.778336  8.262240  0.0000000E+00  9.7944081E-01  2.0479501E-02  2.2114539E-11  1.4123157E-08  6.6253101E-05  1.3290243E-10  7.0096824E-08  2.0414872E-10  1.0748286E-05  1.810E-14  2.036E-05  6.591E-04  9.133E-01  1.122E+00  4.59E+02  0.00E+00  2.34E+02  0.698560  0.275887  0.0000000E+00  4.6361292868E-01
204  7.821967849214387E+06   24.999128  5.422328  4.514701  6.9847440E-01  3.0151240E-01  6.2750140E-08  1.3103889E-08  4.0772015E-06  3.8694401E-06  2.9144437E-08  1.0637656E-10  6.7688385E-07  5.5667186E-09  1.492E-10  0.1819  4.514701   -9.392  2.778341  8.262317  0.0000000E+00  9.7809108E-01  2.1820520E-02  1.4097434E-11  1.1153793E-08  7.4960876E-05  1.2528796E-10  5.9019429E-08  2.1204667E-10  1.0767466E-05  1.810E-14  2.028E-05  6.589E-04  9.136E-01  1.122E+00  4.59E+02  0.00E+00  2.34E+02  0.697805  0.276178  0.0000000E+00  4.6361283226E-01
205  7.822668347829728E+06   24.999128  5.422681  4.514564  6.9847290E-01  3.0151400E-01  6.2748951E-08  1.3103726E-08  4.0772255E-06  3.8694141E-06  2.9144288E-08  1.0637379E-10  6.7688096E-07  5.5666433E-09  1.491E-10  0.1837  4.514564   -9.391  2.778319  8.262386  0.0000000E+00  9.7674135E-01  2.3160874E-02  3.0507823E-11  1.6164785E-08  8.4338078E-05  1.1815558E-10  5.2063853E-08  2.1948380E-10  1.0769064E-05  1.820E-14  2.024E-05  6.586E-04  9.136E-01  1.122E+00  4.58E+02  0.00E+00  2.33E+02  0.697556  0.276402  0.0000000E+00  4.6361273242E-01
206  7.823352190946338E+06   24.999127  5.422929  4.513799  6.9799880E-01  3.0198800E-01  6.2387897E-08  1.3054055E-08  4.0845284E-06  3.8615297E-06  2.9098964E-08  1.0553210E-10  6.7600443E-07  5.5437812E-09  1.508E-10  0.1764  4.513799   -9.390  2.778281  8.262451  0.0000000E+00  9.7539162E-01  2.4500746E-02  7.1309667E-12  8.5854818E-09  9.4211445E-05  1.1139477E-10  5.2068840E-08  2.2670049E-10  1.0781790E-05  1.816E-14  2.074E-05  6.584E-04  9.083E-01  1.130E+00  4.58E+02  0.00E+00  2.40E+02  0.714634  0.276484  0.0000000E+00  4.6361263306E-01
207  7.824040745488643E+06   24.999127  5.423091  4.513770  6.9799880E-01  3.0198800E-01  6.2387893E-08  1.3054055E-08  4.0845284E-06  3.8615296E-06  2.9098964E-08  1.0553209E-10  6.7600442E-07  5.5437810E-09  1.507E-10  0.1803  4.513770   -9.389  2.778321  8.262529  0.0000000E+00  9.7404189E-01  2.5840024E-02  3.2834923E-11  1.3836344E-08  1.0464898E-04  1.0503981E-10  4.0690957E-08  2.3348208E-10  1.0788219E-05  1.827E-14  2.073E-05  6.582E-04  9.082E-01  1.131E+00  4.58E+02  0.00E+00  2.40E+02  0.714783  0.276587  0.0000000E+00  4.6361253095E-01
208  7.824737395393722E+06   24.999127  5.423205  4.513780  6.9799880E-01  3.0198800E-01  6.2387893E-08  1.3054055E-08  4.0845284E-06  3.8615296E-06  2.9098964E-08  1.0553209E-10  6.7600442E-07  5.5437810E-09  1.506E-10  0.1841  4.513780   -9.389  2.778381  8.262611  0.0000000E+00  9.7269216E-01  2.7178658E-02  2.1978922E-11  1.1317178E-08  1.1570425E-04  9.9061735E-11  4.1523523E-08  2.4004491E-10  1.0791871E-05  1.828E-14  2.073E-05  6.580E-04  9.082E-01  1.131E+00  4.58E+02  0.00E+00  2.40E+02  0.714903  0.276660  0.0000000E+00  4.6361242754E-01
209  7.825391799465586E+06   24.999127  5.423282  4.513809  6.9799880E-01  3.0198800E-01  6.2387893E-08  1.3054055E-08  4.0845284E-06  3.8615296E-06  2.9098964E-08  1.0553209E-10  6.7600442E-07  5.5437810E-09  1.505E-10  0.1760  4.513809   -9.389  2.778434  8.262693  0.0000000E+00  9.7134243E-01  2.8516940E-02  4.9320626E-12  4.5764507E-09  1.2711319E-04  9.3330564E-11  3.5668126E-08  2.4642530E-10  1.0810174E-05  1.823E-14  2.074E-05  6.580E-04  9.081E-01  1.131E+00  4.58E+02  0.00E+00  2.41E+02  0.715087  0.276709  0.0000000E+00  4.6361233031E-01
210  7.826090502825364E+06   24.999126  5.423346  4.513875  6.9799880E-01  3.0198800E-01  6.2387892E-08  1.3054055E-08  4.0845285E-06  3.8615296E-06  2.9098964E-08  1.0553209E-10  6.7600442E-07  5.5437809E-09  1.504E-10  0.1834  4.513875   -9.388  2.778521  8.262780  0.0000000E+00  9.6999270E-01  2.9854508E-02  2.3239859E-11  9.8785161E-09  1.3930028E-04  8.8034579E-11  3.0699982E-08  2.5239455E-10  1.0808520E-05  1.832E-14  2.074E-05  6.579E-04  9.082E-01  1.131E+00  4.58E+02  0.00E+00  2.41E+02  0.714939  0.276749  0.0000000E+00  4.6361222642E-01
211  7.830747830562595E+06   24.999124  5.423479  4.513811  6.9796580E-01  3.0202100E-01  6.2362771E-08  1.3050599E-08  4.0850367E-06  3.8609809E-06  2.9095809E-08  1.0547353E-10  6.7594341E-07  5.5421901E-09  1.499E-10  0.1852  4.513811   -9.386  2.778975  8.263351  0.0000000E+00  9.6084968E-01  3.8900051E-02  3.1154755E-11  8.3731391E-09  2.3677986E-04  5.9270245E-11  2.1511616E-08  2.8824340E-10  1.0824881E-05  1.856E-14  2.117E-05  6.573E-04  9.042E-01  1.137E+00  4.59E+02  0.00E+00  2.46E+02  0.727038  0.276829  0.0000000E+00  4.6361152130E-01
212  7.835399584332386E+06   24.999122  5.423588  4.514181  6.9796460E-01  3.0202230E-01  6.2361794E-08  1.3050464E-08  4.0850564E-06  3.8609595E-06  2.9095686E-08  1.0547125E-10  6.7594104E-07  5.5421282E-09  1.492E-10  0.1757  4.514181   -9.384  2.779424  8.263907  0.0000000E+00  9.5170666E-01  4.7918808E-02  4.7159737E-11  1.0794467E-08  3.6106217E-04  4.0082670E-11  1.2664577E-08  3.1919600E-10  1.0833327E-05  1.880E-14  2.129E-05  6.570E-04  9.036E-01  1.138E+00  4.59E+02  0.00E+00  2.47E+02  0.729044  0.276898  0.0000000E+00  4.6361080614E-01
213  7.839989696755100E+06   24.999121  5.423705  4.514506  6.9796410E-01  3.0202270E-01  6.2361481E-08  1.3050421E-08  4.0850628E-06  3.8609527E-06  2.9095647E-08  1.0547052E-10  6.7594028E-07  5.5421084E-09  1.486E-10  0.1812  4.514506   -9.383  2.780013  8.264490  0.0000000E+00  9.4256364E-01  5.6910695E-02  2.7173577E-12  5.0951094E-10  5.1218067E-04  2.7128326E-11  1.1031312E-08  3.4984097E-10  1.0852118E-05  1.882E-14  2.138E-05  6.570E-04  9.032E-01  1.139E+00  4.60E+02  0.00E+00  2.48E+02  0.730146  0.276973  0.0000000E+00  4.6361009643E-01
214  7.844486057574938E+06   24.999119  5.423947  4.515060  6.9796140E-01  3.0202540E-01  6.2359425E-08  1.3050138E-08  4.0851044E-06  3.8609077E-06  2.9095388E-08  1.0546572E-10  6.7593527E-07  5.5419781E-09  1.479E-10  0.1854  4.515060   -9.381  2.781069  8.265164  0.0000000E+00  9.3342061E-01  6.5876091E-02  1.0850734E-11  1.9516186E-09  6.8979223E-04  1.8332580E-11  6.5264790E-09  3.8297057E-10  1.0855552E-05  1.893E-14  2.131E-05  6.571E-04  9.044E-01  1.137E+00  4.60E+02  0.00E+00  2.46E+02  0.726381  0.277126  0.0000000E+00  4.6360940204E-01
215  7.848928704443502E+06   24.999117  5.424301  4.515166  6.9795860E-01  3.0202830E-01  6.2357257E-08  1.3049840E-08  4.0851484E-06  3.8608603E-06  2.9095115E-08  1.0546067E-10  6.7593000E-07  5.5418407E-09  1.473E-10  0.1863  4.515166   -9.380  2.781464  8.265777  0.0000000E+00  9.2427759E-01  7.4813415E-02  1.2968986E-11  2.0636773E-09  8.9555392E-04  1.2518255E-11  6.8396245E-09  4.2148544E-10  1.0854938E-05  1.900E-14  2.129E-05  6.573E-04  9.046E-01  1.137E+00  4.60E+02  0.00E+00  2.46E+02  0.725881  0.277352  0.0000000E+00  4.6360871628E-01
216  7.854174743645154E+06   24.999115  5.424778  4.515333  6.9795700E-01  3.0202980E-01  6.2356086E-08  1.3049679E-08  4.0851720E-06  3.8608347E-06  2.9094967E-08  1.0545794E-10  6.7592716E-07  5.5417665E-09  1.466E-10  0.1879  4.515333   -9.379  2.781407  8.266397  0.0000000E+00  9.1513457E-01  8.3706074E-02  3.4285938E-11  4.8350102E-09  1.1458401E-03  1.0894874E-11  2.2643344E-08  4.7063208E-10  1.0831473E-05  1.978E-14  2.122E-05  6.562E-04  9.053E-01  1.136E+00  4.60E+02  0.00E+00  2.45E+02  0.723662  0.277656  0.0000000E+00  4.6360790687E-01
217  7.858945961211649E+06   24.999113  5.425305  4.515308  6.9795650E-01  3.0203040E-01  6.2355669E-08  1.3049621E-08  4.0851805E-06  3.8608255E-06  2.9094915E-08  1.0545697E-10  6.7592614E-07  5.5417401E-09  1.459E-10  0.1854  4.515308   -9.378  2.781743  8.266975  0.0000000E+00  9.0599155E-01  9.2578654E-02  2.3996397E-11  3.1258758E-09  1.4163101E-03  8.1911217E-12  1.0135111E-08  5.3033764E-10  1.0849292E-05  2.008E-14  2.118E-05  6.560E-04  9.055E-01  1.135E+00  4.60E+02  0.00E+00  2.45E+02  0.723228  0.277993  0.0000000E+00  4.6360717174E-01
218  7.863629163589466E+06   24.999111  5.425735  4.515398  6.9795630E-01  3.0203060E-01  6.2355518E-08  1.3049601E-08  4.0851836E-06  3.8608222E-06  2.9094896E-08  1.0545661E-10  6.7592577E-07  5.5417305E-09  1.452E-10  0.1863  4.515398   -9.377  2.782311  8.267618  0.0000000E+00  8.9684853E-01  1.0142213E-01  2.2041421E-11  2.0091470E-09  1.7158181E-03  6.2116626E-12  1.1087501E-08  6.0259989E-10  1.0849626E-05  2.035E-14  2.113E-05  6.561E-04  9.060E-01  1.135E+00  4.60E+02  0.00E+00  2.44E+02  0.721810  0.278269  0.0000000E+00  4.6360644898E-01
219  7.868301566073967E+06   24.999109  5.426235  4.515408  6.9795620E-01  3.0203070E-01  6.2355451E-08  1.3049591E-08  4.0851849E-06  3.8608208E-06  2.9094887E-08  1.0545646E-10  6.7592561E-07  5.5417263E-09  1.446E-10  0.1850  4.515408   -9.376  2.782896  8.268256  0.0000000E+00  8.8770551E-01  1.1023439E-01  2.1118522E-11  1.8608251E-09  2.0465938E-03  4.8462631E-12  8.6432707E-09  6.9002890E-10  1.0852545E-05  2.063E-14  2.106E-05  6.563E-04  9.064E-01  1.134E+00  4.59E+02  0.00E+00  2.44E+02  0.720574  0.278589  0.0000000E+00  4.6360572808E-01
220  7.872625865861787E+06   24.999107  5.426715  4.515481  6.9795620E-01  3.0203070E-01  6.2355418E-08  1.3049587E-08  4.0851856E-06  3.8608200E-06  2.9094883E-08  1.0545638E-10  6.7592553E-07  5.5417241E-09  1.440E-10  0.1891  4.515481   -9.376  2.783491  8.268916  0.0000000E+00  8.7856249E-01  1.1902335E-01  6.5344482E-12  4.7985805E-10  2.4006436E-03  3.3141452E-12  1.4862326E-09  7.9183583E-10  1.0863020E-05  2.060E-14  2.098E-05  6.568E-04  9.071E-01  1.133E+00  4.59E+02  0.00E+00  2.42E+02  0.718373  0.278898  0.0000000E+00  4.6360506203E-01
221  7.876951314137038E+06   24.999105  5.427266  4.515469  6.9795610E-01  3.0203070E-01  6.2355403E-08  1.3049585E-08  4.0851859E-06  3.8608197E-06  2.9094881E-08  1.0545635E-10  6.7592549E-07  5.5417232E-09  1.434E-10  0.1899  4.515469   -9.375  2.784092  8.269563  0.0000000E+00  8.6941946E-01  1.2777947E-01  1.4594718E-11  1.1532400E-09  2.7875848E-03  2.4185032E-12  3.5843547E-09  9.1248719E-10  1.0858945E-05  2.066E-14  2.092E-05  6.574E-04  9.074E-01  1.132E+00  4.59E+02  0.00E+00  2.42E+02  0.717345  0.279252  0.0000000E+00  4.6360439584E-01
222  7.881416208929358E+06   24.999103  5.427775  4.515471  6.9795610E-01  3.0203080E-01  6.2355396E-08  1.3049584E-08  4.0851860E-06  3.8608196E-06  2.9094881E-08  1.0545633E-10  6.7592548E-07  5.5417228E-09  1.428E-10  0.1906  4.515471   -9.374  2.784607  8.270173  0.0000000E+00  8.6027644E-01  1.3649738E-01  1.8404555E-11  1.3328723E-09  3.2126514E-03  2.0719543E-12  4.5633683E-09  1.0568802E-09  1.0857034E-05  2.083E-14  2.089E-05  6.577E-04  9.075E-01  1.132E+00  4.59E+02  0.00E+00  2.42E+02  0.716905  0.279579  0.0000000E+00  4.6360370757E-01
223  7.887207988530225E+06   24.999101  5.428339  4.515349  6.9795610E-01  3.0203080E-01  6.2355393E-08  1.3049583E-08  4.0851861E-06  3.8608195E-06  2.9094880E-08  1.0545632E-10  6.7592547E-07  5.5417225E-09  1.420E-10  0.1876  4.515349   -9.373  2.784670  8.270818  0.0000000E+00  8.5113342E-01  1.4513016E-01  5.1474998E-11  2.9086591E-09  3.7229614E-03  3.6842983E-12  1.3775733E-08  1.2523417E-09  1.0843306E-05  2.230E-14  2.081E-05  6.566E-04  9.079E-01  1.132E+00  4.59E+02  0.00E+00  2.41E+02  0.715933  0.279943  0.0000000E+00  4.6360281370E-01
224  7.891920487874083E+06   24.999099  5.428966  4.515277  6.9795610E-01  3.0203080E-01  6.2355390E-08  1.3049583E-08  4.0851862E-06  3.8608194E-06  2.9094880E-08  1.0545632E-10  6.7592546E-07  5.5417224E-09  1.413E-10  0.1884  4.515277   -9.372  2.785315  8.271521  0.0000000E+00  8.4199040E-01  1.5377013E-01  3.4146312E-11  1.8717066E-09  4.2259888E-03  2.9783746E-12  6.8158963E-09  1.4575753E-09  1.0853094E-05  2.264E-14  2.071E-05  6.570E-04  9.085E-01  1.131E+00  4.58E+02  0.00E+00  2.40E+02  0.714059  0.280348  0.0000000E+00  4.6360208666E-01
225  7.896524378963466E+06   24.999097  5.429528  4.515108  6.9795610E-01  3.0203080E-01  6.2355387E-08  1.3049583E-08  4.0851862E-06  3.8608194E-06  2.9094879E-08  1.0545631E-10  6.7592545E-07  5.5417222E-09  1.407E-10  0.1931  4.515108   -9.371  2.785909  8.272187  0.0000000E+00  8.3284738E-01  1.6237792E-01  3.9405002E-11  2.5716981E-09  4.7611962E-03  2.3886781E-12  5.2930040E-09  1.6919993E-09  1.0853493E-05  2.297E-14  2.064E-05  6.573E-04  9.087E-01  1.131E+00  4.58E+02  0.00E+00  2.40E+02  0.713328  0.280711  0.0000000E+00  4.6360137665E-01
226  7.900841867975080E+06   24.999095  5.430063  4.515001  6.9795610E-01  3.0203080E-01  6.2355384E-08  1.3049582E-08  4.0851863E-06  3.8608193E-06  2.9094879E-08  1.0545630E-10  6.7592545E-07  5.5417220E-09  1.401E-10  0.1939  4.515001   -9.371  2.786679  8.272864  0.0000000E+00  8.2370436E-01  1.7096117E-01  2.2428164E-11  9.9048314E-10  5.3209904E-03  1.6974318E-12  2.9995247E-09  1.9528579E-09  1.0858289E-05  2.296E-14  2.057E-05  6.580E-04  9.090E-01  1.130E+00  4.58E+02  0.00E+00  2.39E+02  0.712395  0.281056  0.0000000E+00  4.6360071028E-01
227  7.905267631463209E+06   24.999093  5.430620  4.514957  6.9795610E-01  3.0203080E-01  6.2355380E-08  1.3049582E-08  4.0851864E-06  3.8608192E-06  2.9094878E-08  1.0545629E-10  6.7592544E-07  5.5417217E-09  1.395E-10  0.1949  4.514957   -9.370  2.787391  8.273568  0.0000000E+00  8.1456134E-01  1.7950099E-01  2.8741764E-11  1.1834339E-09  5.9241947E-03  1.4159082E-12  3.4790830E-09  2.2545257E-09  1.0856989E-05  2.314E-14  2.049E-05  6.586E-04  9.095E-01  1.129E+00  4.57E+02  0.00E+00  2.38E+02  0.710828  0.281417  0.0000000E+00  4.6360002704E-01
228  7.911196214851833E+06   24.999091  5.431392  4.514737  6.9795610E-01  3.0203080E-01  6.2355373E-08  1.3049581E-08  4.0851865E-06  3.8608191E-06  2.9094878E-08  1.0545628E-10  6.7592542E-07  5.5417213E-09  1.387E-10  0.1951  4.514737   -9.369  2.787297  8.274272  0.0000000E+00  8.0541831E-01  1.8791862E-01  7.8585384E-11  2.5408174E-09  6.6495707E-03  2.5991079E-12  8.6046405E-09  2.6616880E-09  1.0849498E-05  2.481E-14  2.036E-05  6.576E-04  9.102E-01  1.128E+00  4.57E+02  0.00E+00  2.37E+02  0.708738  0.281918  0.0000000E+00  4.6359911321E-01
229  7.915892351080634E+06   24.999089  5.432112  4.514537  6.9795610E-01  3.0203080E-01  6.2355365E-08  1.3049580E-08  4.0851867E-06  3.8608189E-06  2.9094877E-08  1.0545626E-10  6.7592540E-07  5.5417208E-09  1.381E-10  0.1923  4.514537   -9.368  2.787919  8.274987  0.0000000E+00  7.9627529E-01  1.9636485E-01  6.1331199E-11  1.4368648E-09  7.3463895E-03  2.0801187E-12  6.0491091E-09  3.0683015E-09  1.0854421E-05  2.508E-14  2.026E-05  6.580E-04  9.106E-01  1.128E+00  4.56E+02  0.00E+00  2.36E+02  0.707425  0.282385  0.0000000E+00  4.6359838978E-01
230  7.920385473539518E+06   24.999087  5.432745  4.514374  6.9795610E-01  3.0203080E-01  6.2355357E-08  1.3049579E-08  4.0851868E-06  3.8608187E-06  2.9094876E-08  1.0545624E-10  6.7592538E-07  5.5417203E-09  1.375E-10  0.1977  4.514374   -9.368  2.788626  8.275737  0.0000000E+00  7.8713227E-01  2.0478156E-01  4.1948487E-11  6.3625233E-10  8.0726807E-03  1.5826436E-12  3.7147786E-09  3.5170161E-09  1.0858462E-05  2.515E-14  2.016E-05  6.586E-04  9.110E-01  1.127E+00  4.56E+02  0.00E+00  2.36E+02  0.705955  0.282797  0.0000000E+00  4.6359769790E-01
231  7.925011820521658E+06   24.999085  5.433446  4.514271  6.9795610E-01  3.0203080E-01  6.2355349E-08  1.3049577E-08  4.0851870E-06  3.8608185E-06  2.9094874E-08  1.0545622E-10  6.7592536E-07  5.5417198E-09  1.369E-10  0.1989  4.514271   -9.367  2.789154  8.276468  0.0000000E+00  7.7798925E-01  2.1314632E-01  6.4136344E-11  8.7881930E-10  8.8509067E-03  1.4269519E-12  5.2388612E-09  4.0306377E-09  1.0856499E-05  2.546E-14  2.006E-05  6.590E-04  9.116E-01  1.126E+00  4.56E+02  0.00E+00  2.35E+02  0.704292  0.283254  0.0000000E+00  4.6359698548E-01
232  7.930784484391572E+06   24.999082  5.434294  4.514080  6.9795600E-01  3.0203080E-01  6.2355338E-08  1.3049576E-08  4.0851872E-06  3.8608183E-06  2.9094873E-08  1.0545620E-10  6.7592533E-07  5.5417191E-09  1.362E-10  0.2007  4.514080   -9.366  2.789226  8.277219  0.0000000E+00  7.6884623E-01  2.2138196E-01  1.2020498E-10  2.2182654E-09  9.7583109E-03  2.1661441E-12  6.5602120E-09  4.6916355E-09  1.0855894E-05  2.653E-14  1.994E-05  6.584E-04  9.122E-01  1.126E+00  4.55E+02  0.00E+00  2.34E+02  0.702377  0.283807  0.0000000E+00  4.6359609708E-01
233  7.935461671318844E+06   24.999080  5.434964  4.513950  6.9795600E-01  3.0203080E-01  6.2355327E-08  1.3049574E-08  4.0851874E-06  3.8608181E-06  2.9094872E-08  1.0545617E-10  6.7592531E-07  5.5417184E-09  1.355E-10  0.2009  4.513950   -9.365  2.789940  8.277998  0.0000000E+00  7.5970321E-01  2.2965426E-01  5.3558486E-11  3.4390668E-10  1.0629082E-02  1.6389969E-12  2.8143809E-09  5.3470077E-09  1.0864449E-05  2.634E-14  1.982E-05  6.589E-04  9.129E-01  1.125E+00  4.55E+02  0.00E+00  2.32E+02  0.700107  0.284246  0.0000000E+00  4.6359537796E-01
234  7.939832444474271E+06   24.999078  5.435620  4.513742  6.9795600E-01  3.0203090E-01  6.2355317E-08  1.3049573E-08  4.0851876E-06  3.8608178E-06  2.9094870E-08  1.0545615E-10  6.7592528E-07  5.5417177E-09  1.350E-10  0.2019  4.513742   -9.364  2.790662  8.278720  0.0000000E+00  7.5056019E-01  2.3790500E-01  3.1553990E-11  5.1467696E-10  1.1521366E-02  1.1157713E-12  8.8806894E-10  6.0505382E-09  1.0866867E-05  2.617E-14  1.973E-05  6.596E-04  9.133E-01  1.124E+00  4.54E+02  0.00E+00  2.32E+02  0.698792  0.284675  0.0000000E+00  4.6359470725E-01
235  7.945245130505249E+06   24.999076  5.436398  4.513515  6.9795600E-01  3.0203090E-01  6.2355302E-08  1.3049571E-08  4.0851879E-06  3.8608175E-06  2.9094869E-08  1.0545611E-10  6.7592525E-07  5.5417168E-09  1.343E-10  0.2053  4.513515   -9.364  2.790904  8.279455  0.0000000E+00  7.4141716E-01  2.4601294E-01  2.6119729E-10  2.2310229E-09  1.2556412E-02  1.8640280E-12  1.1025451E-08  6.9448797E-09  1.0856343E-05  2.725E-14  1.960E-05  6.594E-04  9.139E-01  1.123E+00  4.54E+02  0.00E+00  2.31E+02  0.696857  0.285186  0.0000000E+00  4.6359387717E-01
236  7.950407461001816E+06   24.999074  5.437228  4.513154  6.9795600E-01  3.0203090E-01  6.2355287E-08  1.3049569E-08  4.0851883E-06  3.8608172E-06  2.9094867E-08  1.0545608E-10  6.7592521E-07  5.5417158E-09  1.336E-10  0.2033  4.513154   -9.363  2.791563  8.280271  0.0000000E+00  7.3227414E-01  2.5409292E-01  1.7362476E-10  1.6740487E-09  1.3619435E-02  1.7867792E-12  5.8021692E-09  7.9137251E-09  1.0868002E-05  2.681E-14  1.947E-05  6.596E-04  9.144E-01  1.122E+00  4.53E+02  0.00E+00  2.30E+02  0.695129  0.285731  0.0000000E+00  4.6359308574E-01
237  7.955134937610388E+06   24.999072  5.438042  4.513169  6.9795590E-01  3.0203090E-01  6.2355260E-08  1.3049565E-08  4.0851888E-06  3.8608166E-06  2.9094863E-08  1.0545601E-10  6.7592515E-07  5.5417142E-09  1.330E-10  0.2052  4.513169   -9.362  2.792280  8.281012  0.0000000E+00  7.2313112E-01  2.6216447E-01  1.5718197E-10  1.6026559E-09  1.4690927E-02  1.4224305E-12  4.6253228E-09  8.9334274E-09  1.0872471E-05  2.655E-14  1.924E-05  6.601E-04  9.161E-01  1.120E+00  4.52E+02  0.00E+00  2.27E+02  0.689415  0.286267  0.0000000E+00  4.6359236220E-01
238  7.959714213799307E+06   24.999070  5.438731  4.514216  6.9795590E-01  3.0203100E-01  6.2355223E-08  1.3049560E-08  4.0851895E-06  3.8608158E-06  2.9094859E-08  1.0545593E-10  6.7592506E-07  5.5417118E-09  1.324E-10  0.2063  4.514216   -9.362  2.793169  8.281805  0.0000000E+00  7.1398810E-01  2.7019803E-01  1.2847228E-10  2.9035107E-10  1.5800395E-02  1.1574063E-12  3.9350704E-09  1.0042461E-08  1.0877893E-05  2.618E-14  1.866E-05  6.609E-04  9.221E-01  1.110E+00  4.52E+02  0.00E+00  2.19E+02  0.668714  0.286722  0.0000000E+00  4.6359168076E-01
239  7.965086999198982E+06   24.999067  5.439572  4.514785  6.9795590E-01  3.0203100E-01  6.2355206E-08  1.3049558E-08  4.0851899E-06  3.8608154E-06  2.9094857E-08  1.0545589E-10  6.7592501E-07  5.5417107E-09  1.317E-10  0.2008  4.514785   -9.361  2.793539  8.282587  0.0000000E+00  7.0484508E-01  2.7808958E-01  2.9109852E-10  1.6545172E-09  1.7051867E-02  1.5454251E-12  8.0414596E-09  1.1396832E-08  1.0878850E-05  2.644E-14  1.821E-05  6.609E-04  9.262E-01  1.104E+00  4.52E+02  0.00E+00  2.13E+02  0.653628  0.287278  0.0000000E+00  4.6359090668E-01
240  7.970265540708307E+06   24.999065  5.440406  4.514928  6.9795580E-01  3.0203100E-01  6.2355181E-08  1.3049554E-08  4.0851904E-06  3.8608149E-06  2.9094853E-08  1.0545583E-10  6.7592495E-07  5.5417091E-09  1.311E-10  0.2047  4.514928   -9.360  2.794249  8.283346  0.0000000E+00  6.9570206E-01  2.8594537E-01  2.1647305E-10  2.0847738E-09  1.8339081E-02  1.4421180E-12  3.8370753E-09  1.2861423E-08  1.0891171E-05  2.570E-14  1.788E-05  6.612E-04  9.288E-01  1.100E+00  4.52E+02  0.00E+00  2.09E+02  0.643788  0.287830  0.0000000E+00  4.6359017911E-01
241  7.975566010605741E+06   24.999063  5.441200  4.515217  6.9795570E-01  3.0203120E-01  6.2355073E-08  1.3049539E-08  4.0851926E-06  3.8608125E-06  2.9094840E-08  1.0545558E-10  6.7592469E-07  5.5417023E-09  1.304E-10  0.2056  4.515217   -9.359  2.794992  8.284165  0.0000000E+00  6.8655904E-01  2.9372745E-01  2.1951263E-10  8.5563509E-10  1.9700033E-02  1.4476802E-12  4.5200007E-09  1.4502655E-08  1.0902202E-05  2.517E-14  1.747E-05  6.615E-04  9.321E-01  1.095E+00  4.51E+02  0.00E+00  2.04E+02  0.630813  0.288356  0.0000000E+00  4.6358944821E-01
242  7.980845991777953E+06   24.999060  5.442023  4.515195  6.9795550E-01  3.0203140E-01  6.2354942E-08  1.3049521E-08  4.0851953E-06  3.8608096E-06  2.9094823E-08  1.0545527E-10  6.7592437E-07  5.5416940E-09  1.298E-10  0.2105  4.515195   -9.359  2.795755  8.284990  0.0000000E+00  6.7741601E-01  3.0145107E-01  2.4358075E-10  1.1520536E-09  2.1119351E-02  1.3652990E-12  4.5406401E-09  1.6309897E-08  1.0912764E-05  2.473E-14  1.719E-05  6.618E-04  9.341E-01  1.092E+00  4.51E+02  0.00E+00  2.00E+02  0.623160  0.288904  0.0000000E+00  4.6358873566E-01
243  7.985302058449128E+06   24.999058  5.442796  4.515413  6.9795530E-01  3.0203160E-01  6.2354739E-08  1.3049493E-08  4.0851994E-06  3.8608052E-06  2.9094798E-08  1.0545480E-10  6.7592388E-07  5.5416811E-09  1.292E-10  0.2114  4.515413   -9.358  2.796919  8.285811  0.0000000E+00  6.6827299E-01  3.0922393E-01  9.2828574E-11  3.8106139E-10  2.2489566E-02  8.7434498E-13  1.1261782E-09  1.8100411E-08  1.0921832E-05  2.383E-14  1.684E-05  6.628E-04  9.368E-01  1.088E+00  4.50E+02  0.00E+00  1.96E+02  0.611857  0.289418  0.0000000E+00  4.6358814412E-01
244  7.990366449529343E+06   24.999056  5.443612  4.515515  6.9795510E-01  3.0203180E-01  6.2354599E-08  1.3049474E-08  4.0852022E-06  3.8608021E-06  2.9094780E-08  1.0545447E-10  6.7592353E-07  5.5416722E-09  1.286E-10  0.2147  4.515515   -9.357  2.797400  8.286572  0.0000000E+00  6.5912997E-01  3.1684619E-01  7.8362778E-10  6.8205942E-09  2.4010370E-02  1.2844484E-12  1.4391616E-08  2.0236735E-08  1.0906377E-05  2.597E-14  1.657E-05  6.631E-04  9.387E-01  1.085E+00  4.50E+02  0.00E+00  1.93E+02  0.603901  0.289963  0.0000000E+00  4.6358748588E-01
245  7.995452929584217E+06   24.999054  5.444390  4.515478  6.9795490E-01  3.0203200E-01  6.2354481E-08  1.3049458E-08  4.0852046E-06  3.8607995E-06  2.9094765E-08  1.0545420E-10  6.7592325E-07  5.5416647E-09  1.279E-10  0.2126  4.515478   -9.356  2.798301  8.287430  0.0000000E+00  6.4998695E-01  3.2439761E-01  3.9335395E-10  2.3465755E-09  2.5601865E-02  1.2338411E-12  5.5120610E-09  2.2583676E-08  1.0935626E-05  2.393E-14  1.635E-05  6.637E-04  9.401E-01  1.083E+00  4.49E+02  0.00E+00  1.90E+02  0.597621  0.290483  0.0000000E+00  4.6358682948E-01
246  8.000285642383649E+06   24.999052  5.445014  4.514994  6.9795480E-01  3.0203210E-01  6.2354394E-08  1.3049446E-08  4.0852063E-06  3.8607977E-06  2.9094754E-08  1.0545400E-10  6.7592304E-07  5.5416593E-09  1.273E-10  0.2161  4.514994   -9.356  2.799340  8.288253  0.0000000E+00  6.4084393E-01  3.3192358E-01  2.8284267E-10  8.6026376E-10  2.7218970E-02  9.9862494E-13  4.2104657E-09  2.5074337E-08  1.0948794E-05  2.314E-14  1.629E-05  6.645E-04  9.400E-01  1.083E+00  4.49E+02  0.00E+00  1.90E+02  0.598074  0.290901  0.0000000E+00  4.6358620997E-01
247  8.004970125046089E+06   24.999050  5.445757  4.514553  6.9795470E-01  3.0203220E-01  6.2354279E-08  1.3049430E-08  4.0852087E-06  3.8607951E-06  2.9094740E-08  1.0545373E-10  6.7592276E-07  5.5416520E-09  1.268E-10  0.2155  4.514553   -9.356  2.800493  8.289078  0.0000000E+00  6.3170091E-01  3.3940455E-01  1.7584298E-10  2.0261981E-10  2.8880978E-02  8.1786076E-13  1.5452102E-09  2.7750139E-08  1.0961024E-05  2.243E-14  1.623E-05  6.655E-04  9.400E-01  1.083E+00  4.48E+02  0.00E+00  1.90E+02  0.598412  0.291399  0.0000000E+00  4.6358560703E-01
248  8.009462926744787E+06   24.999048  5.446299  4.514223  6.9795440E-01  3.0203240E-01  6.2354122E-08  1.3049409E-08  4.0852119E-06  3.8607917E-06  2.9094720E-08  1.0545336E-10  6.7592237E-07  5.5416420E-09  1.262E-10  0.2166  4.514223   -9.356  2.801739  8.289918  0.0000000E+00  6.2255789E-01  3.4685014E-01  1.4574570E-10  6.3280421E-10  3.0578370E-02  6.0707812E-13  1.6058863E-09  3.0598815E-08  1.0966123E-05  2.203E-14  1.616E-05  6.666E-04  9.401E-01  1.083E+00  4.48E+02  0.00E+00  1.90E+02  0.597786  0.291763  0.0000000E+00  4.6358502781E-01
249  8.015383938634451E+06   24.999045  5.447094  4.513697  6.9795410E-01  3.0203270E-01  6.2353896E-08  1.3049378E-08  4.0852164E-06  3.8607867E-06  2.9094691E-08  1.0545283E-10  6.7592182E-07  5.5416277E-09  1.255E-10  0.2192  4.513697   -9.356  2.802416  8.290757  0.0000000E+00  6.1341486E-01  3.5396822E-01  4.9024379E-10  3.3916394E-09  3.2603354E-02  1.1263260E-12  4.9794525E-09  3.4320366E-08  1.0983267E-05  2.256E-14  1.604E-05  6.667E-04  9.404E-01  1.082E+00  4.47E+02  0.00E+00  1.89E+02  0.596640  0.292297  0.0000000E+00  4.6358426388E-01
250  8.020669102942049E+06   24.999043  5.447770  4.513080  6.9795390E-01  3.0203300E-01  6.2353708E-08  1.3049352E-08  4.0852203E-06  3.8607826E-06  2.9094668E-08  1.0545239E-10  6.7592137E-07  5.5416157E-09  1.249E-10  0.2185  4.513080   -9.356  2.803560  8.291597  0.0000000E+00  6.0427184E-01  3.6112354E-01  3.2089071E-10  1.6322874E-09  3.4591011E-02  9.7349569E-13  3.2262642E-09  3.8103066E-08  1.1006138E-05  2.164E-14  1.594E-05  6.674E-04  9.405E-01  1.082E+00  4.46E+02  0.00E+00  1.88E+02  0.595940  0.292752  0.0000000E+00  4.6358358251E-01
251  8.025223431598208E+06   24.999041  5.448417  4.512634  6.9795360E-01  3.0203330E-01  6.2353493E-08  1.3049322E-08  4.0852246E-06  3.8607779E-06  2.9094641E-08  1.0545189E-10  6.7592084E-07  5.5416021E-09  1.243E-10  0.2195  4.512634   -9.356  2.804921  8.292464  0.0000000E+00  5.9512882E-01  3.6834551E-01  2.4639879E-10  1.5151538E-09  3.6512025E-02  6.6228685E-13  2.2054211E-09  4.1860233E-08  1.1015135E-05  2.120E-14  1.584E-05  6.686E-04  9.408E-01  1.082E+00  4.45E+02  0.00E+00  1.88E+02  0.594896  0.293189  0.0000000E+00  4.6358299608E-01
252  8.029841137582708E+06   24.999039  5.449069  4.512196  6.9795330E-01  3.0203360E-01  6.2353270E-08  1.3049291E-08  4.0852291E-06  3.8607730E-06  2.9094612E-08  1.0545137E-10  6.7592030E-07  5.5415880E-09  1.238E-10  0.2206  4.512196   -9.356  2.806182  8.293318  0.0000000E+00  5.8598580E-01  3.7547531E-01  2.8030508E-10  5.7509278E-10  3.8525184E-02  6.0888631E-13  3.0865128E-09  4.5994630E-08  1.1024369E-05  2.112E-14  1.578E-05  6.697E-04  9.407E-01  1.082E+00  4.45E+02  0.00E+00  1.88E+02  0.595212  0.293629  0.0000000E+00  4.6358240105E-01
253  8.036340741492336E+06   24.999036  5.449895  4.511562  6.9795290E-01  3.0203400E-01  6.2352943E-08  1.3049246E-08  4.0852358E-06  3.8607659E-06  2.9094571E-08  1.0545061E-10  6.7591950E-07  5.5415673E-09  1.230E-10  0.2244  4.511562   -9.356  2.806795  8.294186  0.0000000E+00  5.7684278E-01  3.8211287E-01  6.9153434E-10  1.6846061E-09  4.1030593E-02  1.3196887E-12  6.2739849E-09  5.1684223E-08  1.1058522E-05  2.197E-14  1.563E-05  6.697E-04  9.411E-01  1.082E+00  4.44E+02  0.00E+00  1.87E+02  0.593329  0.294189  0.0000000E+00  4.6358156359E-01
254  8.041701062644885E+06   24.999034  5.450606  4.510953  6.9795260E-01  3.0203430E-01  6.2352691E-08  1.3049212E-08  4.0852409E-06  3.8607604E-06  2.9094540E-08  1.0545002E-10  6.7591889E-07  5.5415513E-09  1.224E-10  0.2192  4.510953   -9.356  2.808148  8.295099  0.0000000E+00  5.6769976E-01  3.8891788E-01  3.4726845E-10  5.9089740E-10  4.3368596E-02  9.5767900E-13  3.0175006E-09  5.7120546E-08  1.1086124E-05  2.073E-14  1.552E-05  6.706E-04  9.413E-01  1.081E+00  4.43E+02  0.00E+00  1.86E+02  0.592301  0.294670  0.0000000E+00  4.6358087381E-01
255  8.046768487437768E+06   24.999031  5.451303  4.510373  6.9795220E-01  3.0203461E-01  6.2352441E-08  1.3049177E-08  4.0852459E-06  3.8607549E-06  2.9094508E-08  1.0544944E-10  6.7591828E-07  5.5415354E-09  1.218E-10  0.2198  4.510373   -9.357  2.809484  8.295972  0.0000000E+00  5.5855674E-01  3.9570382E-01  3.3558733E-10  1.4492625E-10  4.5725669E-02  7.8623442E-13  2.6343813E-09  6.2834475E-08  1.1104666E-05  2.066E-14  1.541E-05  6.717E-04  9.415E-01  1.081E+00  4.42E+02  0.00E+00  1.85E+02  0.591481  0.295143  0.0000000E+00  4.6358022238E-01
256  8.052009182206601E+06   24.999029  5.451977  4.509695  6.9795190E-01  3.0203490E-01  6.2352219E-08  1.3049147E-08  4.0852504E-06  3.8607500E-06  2.9094480E-08  1.0544892E-10  6.7591774E-07  5.5415214E-09  1.212E-10  0.2247  4.509695   -9.357  2.810861  8.296879  0.0000000E+00  5.4941371E-01  4.0235909E-01  3.6440161E-10  1.4075941E-09  4.8213364E-02  7.4771866E-13  2.6025490E-09  6.9191994E-08  1.1123381E-05  2.072E-14  1.536E-05  6.727E-04  9.412E-01  1.082E+00  4.41E+02  0.00E+00  1.85E+02  0.592738  0.295602  0.0000000E+00  4.6357954913E-01
257  8.056690049265863E+06   24.999027  5.452574  4.509202  6.9795170E-01  3.0203520E-01  6.2352043E-08  1.3049122E-08  4.0852540E-06  3.8607462E-06  2.9094458E-08  1.0544851E-10  6.7591731E-07  5.5415102E-09  1.206E-10  0.2250  4.509202   -9.357  2.812334  8.297735  0.0000000E+00  5.4027069E-01  4.0906038E-01  3.4115356E-10  1.2098825E-09  5.0655076E-02  5.6674783E-13  2.9628315E-09  7.5627061E-08  1.1134043E-05  2.053E-14  1.522E-05  6.739E-04  9.418E-01  1.081E+00  4.41E+02  0.00E+00  1.84E+02  0.590389  0.296008  0.0000000E+00  4.6357894727E-01
258  8.061171243864685E+06   24.999025  5.453109  4.508678  6.9795140E-01  3.0203550E-01  6.2351827E-08  1.3049093E-08  4.0852584E-06  3.8607415E-06  2.9094431E-08  1.0544801E-10  6.7591679E-07  5.5414965E-09  1.201E-10  0.2256  4.508678   -9.358  2.814142  8.298632  0.0000000E+00  5.3112767E-01  4.1572074E-01  1.2606343E-10  2.8227106E-10  5.3137738E-02  3.6362653E-13  6.2639305E-10  8.2416002E-08  1.1145440E-05  1.967E-14  1.513E-05  6.755E-04  9.420E-01  1.081E+00  4.40E+02  0.00E+00  1.84E+02  0.589606  0.296373  0.0000000E+00  4.6357837212E-01
259  8.065644565706588E+06   24.999023  5.453661  4.508241  6.9795110E-01  3.0203580E-01  6.2351578E-08  1.3049059E-08  4.0852634E-06  3.8607360E-06  2.9094399E-08  1.0544743E-10  6.7591618E-07  5.5414807E-09  1.196E-10  0.2264  4.508241   -9.358  2.815871  8.299530  0.0000000E+00  5.2198465E-01  4.2229008E-01  1.6595810E-10  5.1406742E-10  5.5711403E-02  3.0578300E-13  1.1861836E-09  8.9775562E-08  1.1151341E-05  1.961E-14  1.506E-05  6.771E-04  9.421E-01  1.080E+00  4.39E+02  0.00E+00  1.83E+02  0.589029  0.296750  0.0000000E+00  4.6357779828E-01
260  8.071031646624735E+06   24.999021  5.454262  4.507694  6.9795080E-01  3.0203610E-01  6.2351346E-08  1.3049027E-08  4.0852681E-06  3.8607309E-06  2.9094370E-08  1.0544689E-10  6.7591562E-07  5.5414660E-09  1.190E-10  0.2224  4.507694   -9.358  2.817250  8.300424  0.0000000E+00  5.1284163E-01  4.2849709E-01  1.0562346E-10  1.8917329E-14  5.8647394E-02  4.6924391E-13  6.3986503E-11  9.8806300E-08  1.1176862E-05  1.922E-14  1.500E-05  6.780E-04  9.420E-01  1.081E+00  4.39E+02  0.00E+00  1.83E+02  0.589504  0.297161  0.0000000E+00  4.6357710608E-01
261  8.076829740461371E+06   24.999018  5.454892  4.506946  6.9795050E-01  3.0203640E-01  6.2351129E-08  1.3048997E-08  4.0852725E-06  3.8607262E-06  2.9094343E-08  1.0544638E-10  6.7591509E-07  5.5414522E-09  1.183E-10  0.2281  4.506946   -9.359  2.818659  8.301301  0.0000000E+00  5.0369861E-01  4.3448533E-01  4.7774159E-10  2.9780835E-09  6.1802083E-02  7.2879171E-13  2.1422290E-09  1.0911871E-07  1.1200131E-05  2.052E-14  1.487E-05  6.789E-04  9.422E-01  1.080E+00  4.38E+02  0.00E+00  1.82E+02  0.588414  0.297592  0.0000000E+00  4.6357636167E-01
262  8.081794955380490E+06   24.999016  5.455308  4.506138  6.9795030E-01  3.0203660E-01  6.2350958E-08  1.3048973E-08  4.0852760E-06  3.8607224E-06  2.9094321E-08  1.0544598E-10  6.7591467E-07  5.5414414E-09  1.178E-10  0.2260  4.506138   -9.361  2.820757  8.302173  0.0000000E+00  4.9455559E-01  4.4061320E-01  2.4152597E-10  7.2841837E-11  6.4817235E-02  4.9993046E-13  1.1914346E-09  1.1921314E-07  1.1220827E-05  1.975E-14  1.475E-05  6.804E-04  9.425E-01  1.080E+00  4.37E+02  0.00E+00  1.81E+02  0.587388  0.297877  0.0000000E+00  4.6357572539E-01
263  8.086196826155414E+06   24.999014  5.455735  4.505368  6.9794990E-01  3.0203700E-01  6.2350695E-08  1.3048937E-08  4.0852813E-06  3.8607167E-06  2.9094288E-08  1.0544537E-10  6.7591403E-07  5.5414248E-09  1.173E-10  0.2285  4.505368   -9.362  2.823040  8.303069  0.0000000E+00  4.8541256E-01  4.4681535E-01  1.8769926E-10  4.5032885E-10  6.7758118E-02  2.8365763E-13  1.1283376E-09  1.2933351E-07  1.1224589E-05  1.932E-14  1.464E-05  6.823E-04  9.426E-01  1.080E+00  4.36E+02  0.00E+00  1.81E+02  0.586544  0.298171  0.0000000E+00  4.6357516402E-01
264  8.091546994380319E+06   24.999012  5.457930  4.503476  6.9794860E-01  3.0203820E-01  6.2349721E-08  1.3048803E-08  4.0853010E-06  3.8606954E-06  2.9094165E-08  1.0544310E-10  6.7591166E-07  5.5413630E-09  1.167E-10  0.2235  4.503476   -9.363  2.825032  8.303921  0.0000000E+00  4.7626954E-01  4.5259989E-01  3.5710039E-10  3.8980414E-10  7.1116520E-02  5.1184528E-13  2.0063893E-09  1.4177669E-07  1.1244620E-05  1.996E-14  1.437E-05  6.835E-04  9.428E-01  1.080E+00  4.33E+02  0.00E+00  1.79E+02  0.585701  0.299681  0.0000000E+00  4.6357448363E-01
265  8.096405834627686E+06   24.999010  5.458139  4.503209  6.9794760E-01  3.0203930E-01  6.2348904E-08  1.3048691E-08  4.0853176E-06  3.8606775E-06  2.9094062E-08  1.0544119E-10  6.7590967E-07  5.5413112E-09  1.161E-10  0.2237  4.503209   -9.364  2.827480  8.304817  0.0000000E+00  4.6712652E-01  4.5843677E-01  2.6586031E-10  4.4553742E-10  7.4422598E-02  3.7988341E-13  1.7222210E-09  1.5442123E-07  1.1256221E-05  1.958E-14  1.436E-05  6.853E-04  9.427E-01  1.080E+00  4.33E+02  0.00E+00  1.80E+02  0.586422  0.299825  0.0000000E+00  4.6357386304E-01
266  8.101541028282952E+06   24.999007  5.458231  4.502628  6.9794710E-01  3.0203980E-01  6.2348517E-08  1.3048637E-08  4.0853255E-06  3.8606690E-06  2.9094013E-08  1.0544029E-10  6.7590873E-07  5.5412867E-09  1.155E-10  0.2319  4.502628   -9.365  2.829861  8.305718  0.0000000E+00  4.5798350E-01  4.6405908E-01  4.7648175E-10  1.2347430E-09  7.7943298E-02  4.7840328E-13  3.7436304E-09  1.6866400E-07  1.1268303E-05  2.023E-14  1.429E-05  6.870E-04  9.427E-01  1.080E+00  4.32E+02  0.00E+00  1.79E+02  0.586225  0.299889  0.0000000E+00  4.6357320790E-01
267  8.107064250440069E+06   24.999005  5.458616  4.501744  6.9794670E-01  3.0204020E-01  6.2348241E-08  1.3048599E-08  4.0853311E-06  3.8606630E-06  2.9093979E-08  1.0543965E-10  6.7590806E-07  5.5412692E-09  1.149E-10  0.2318  4.501744   -9.367  2.832335  8.306665  0.0000000E+00  4.4884048E-01  4.6941317E-01  4.2720365E-10  1.1516131E-09  8.1732197E-02  5.1667582E-13  2.5786911E-09  1.8492562E-07  1.1291947E-05  2.017E-14  1.416E-05  6.886E-04  9.430E-01  1.079E+00  4.31E+02  0.00E+00  1.78E+02  0.584868  0.300155  0.0000000E+00  4.6357250540E-01
268  8.112224705825041E+06   24.999003  5.459221  4.500741  6.9794640E-01  3.0204050E-01  6.2348033E-08  1.3048571E-08  4.0853353E-06  3.8606584E-06  2.9093952E-08  1.0543916E-10  6.7590755E-07  5.5412560E-09  1.144E-10  0.2319  4.500741   -9.369  2.834884  8.307630  0.0000000E+00  4.3969746E-01  4.7477780E-01  2.9828994E-10  6.4888714E-10  8.5510530E-02  3.8670599E-13  1.6299913E-09  2.0180642E-07  1.1308788E-05  1.971E-14  1.403E-05  6.904E-04  9.431E-01  1.079E+00  4.30E+02  0.00E+00  1.78E+02  0.584304  0.300573  0.0000000E+00  4.6357185250E-01
269  8.117236836190555E+06   24.999001  5.459477  4.499991  6.9794620E-01  3.0204070E-01  6.2347837E-08  1.3048544E-08  4.0853393E-06  3.8606541E-06  2.9093928E-08  1.0543870E-10  6.7590707E-07  5.5412436E-09  1.138E-10  0.2318  4.499991   -9.371  2.837499  8.308621  0.0000000E+00  4.3055444E-01  4.8006903E-01  2.7168417E-10  5.9439665E-10  8.9362250E-02  3.2353370E-13  1.4267013E-09  2.1982381E-07  1.1320687E-05  1.949E-14  1.394E-05  6.924E-04  9.432E-01  1.079E+00  4.29E+02  0.00E+00  1.77E+02  0.583732  0.300750  0.0000000E+00  4.6357122033E-01
270  8.122206768192540E+06   24.998999  5.459863  4.499102  6.9794590E-01  3.0204100E-01  6.2347656E-08  1.3048519E-08  4.0853429E-06  3.8606501E-06  2.9093905E-08  1.0543828E-10  6.7590663E-07  5.5412321E-09  1.133E-10  0.2319  4.499102   -9.373  2.840137  8.309615  0.0000000E+00  4.2141141E-01  4.8523987E-01  2.5504366E-10  5.4436344E-10  9.3334440E-02  2.8774013E-13  1.2921278E-09  2.3934615E-07  1.1331034E-05  1.927E-14  1.389E-05  6.945E-04  9.429E-01  1.080E+00  4.29E+02  0.00E+00  1.77E+02  0.585435  0.301018  0.0000000E+00  4.6357059590E-01
271  8.126851821443080E+06   24.998997  5.460204  4.498238  6.9794590E-01  3.0204100E-01  6.2347654E-08  1.3048519E-08  4.0853430E-06  3.8606501E-06  2.9093904E-08  1.0543827E-10  6.7590663E-07  5.5412319E-09  1.128E-10  0.2294  4.498238   -9.374  2.843318  8.310723  0.0000000E+00  4.1226839E-01  4.9040023E-01  7.4922774E-11  3.9850243E-12  9.7317070E-02  1.3538744E-13  5.0206221E-11  2.5971302E-07  1.1337394E-05  1.833E-14  1.388E-05  6.972E-04  9.422E-01  1.081E+00  4.28E+02  0.00E+00  1.78E+02  0.588709  0.301254  0.0000000E+00  4.6357000717E-01
272  8.131068675010986E+06   24.998995  5.461325  4.496911  6.9794590E-01  3.0204100E-01  6.2347645E-08  1.3048517E-08  4.0853432E-06  3.8606499E-06  2.9093903E-08  1.0543825E-10  6.7590661E-07  5.5412314E-09  1.123E-10  0.2296  4.496911   -9.377  2.845978  8.311729  0.0000000E+00  4.0312537E-01  4.9558297E-01  9.0788345E-11  1.3840089E-10  1.0127732E-01  6.5507627E-14  2.9168163E-10  2.8078808E-07  1.1333920E-05  1.763E-14  1.364E-05  6.995E-04  9.429E-01  1.080E+00  4.26E+02  0.00E+00  1.76E+02  0.585241  0.302033  0.0000000E+00  4.6356947487E-01
273  8.135512153347426E+06   24.998993  5.461629  4.496418  6.9794580E-01  3.0204110E-01  6.2347547E-08  1.3048504E-08  4.0853451E-06  3.8606478E-06  2.9093891E-08  1.0543803E-10  6.7590637E-07  5.5412252E-09  1.118E-10  0.2296  4.496418   -9.378  2.848953  8.312799  0.0000000E+00  3.9398235E-01  5.0052467E-01  1.2812205E-10  2.1794323E-10  1.0547860E-01  9.8422857E-14  4.7434821E-10  3.0448892E-07  1.1333227E-05  1.717E-14  1.354E-05  7.021E-04  9.433E-01  1.079E+00  4.25E+02  0.00E+00  1.75E+02  0.583456  0.302244  0.0000000E+00  4.6356891778E-01
274  8.140062200975210E+06   24.998991  5.461816  4.495788  6.9794540E-01  3.0204140E-01  6.2347288E-08  1.3048468E-08  4.0853504E-06  3.8606421E-06  2.9093858E-08  1.0543742E-10  6.7590574E-07  5.5412088E-09  1.113E-10  0.2297  4.495788   -9.380  2.851965  8.313897  0.0000000E+00  3.8483933E-01  5.0525839E-01  1.4455491E-10  2.4977955E-10  1.0988790E-01  1.1639083E-13  5.4241777E-10  3.3083036E-07  1.1333743E-05  1.676E-14  1.345E-05  7.048E-04  9.436E-01  1.079E+00  4.25E+02  0.00E+00  1.75E+02  0.582419  0.302374  0.0000000E+00  4.6356835003E-01
275  8.144699435573705E+06   24.998989  5.462092  4.495021  6.9794510E-01  3.0204170E-01  6.2347065E-08  1.3048438E-08  4.0853549E-06  3.8606372E-06  2.9093830E-08  1.0543690E-10  6.7590519E-07  5.5411946E-09  1.109E-10  0.2299  4.495021   -9.382  2.855062  8.315035  0.0000000E+00  3.7569631E-01  5.0978262E-01  1.5433625E-10  2.6585946E-10  1.1450666E-01  1.2516750E-13  5.7157036E-10  3.6010885E-07  1.1334940E-05  1.640E-14  1.335E-05  7.075E-04  9.437E-01  1.079E+00  4.24E+02  0.00E+00  1.74E+02  0.581674  0.302566  0.0000000E+00  4.6356777395E-01
276  8.149396977863949E+06   24.998987  5.462433  4.494167  6.9794490E-01  3.0204200E-01  6.2346876E-08  1.3048412E-08  4.0853587E-06  3.8606331E-06  2.9093806E-08  1.0543646E-10  6.7590473E-07  5.5411827E-09  1.104E-10  0.2301  4.494167   -9.384  2.858201  8.316199  0.0000000E+00  3.6655329E-01  5.1409955E-01  1.6014644E-10  2.7261724E-10  1.1933273E-01  1.2753016E-13  5.7970488E-10  3.9261033E-07  1.1336341E-05  1.605E-14  1.324E-05  7.103E-04  9.439E-01  1.078E+00  4.23E+02  0.00E+00  1.73E+02  0.580834  0.302804  0.0000000E+00  4.6356719297E-01
277  8.154385013976387E+06   24.998985  5.462812  4.493225  6.9794460E-01  3.0204230E-01  6.2346668E-08  1.3048383E-08  4.0853630E-06  3.8606285E-06  2.9093780E-08  1.0543598E-10  6.7590423E-07  5.5411695E-09  1.098E-10  0.2300  4.493225   -9.386  2.861343  8.317387  0.0000000E+00  3.5741026E-01  5.1808180E-01  2.8167457E-10  6.1544899E-10  1.2449341E-01  2.1073268E-13  1.2924731E-09  4.2994387E-07  1.1339568E-05  1.627E-14  1.313E-05  7.130E-04  9.441E-01  1.078E+00  4.22E+02  0.00E+00  1.73E+02  0.579960  0.303068  0.0000000E+00  4.6356657895E-01
278  8.159720524993962E+06   24.998983  5.464900  4.490972  6.9794410E-01  3.0204280E-01  6.2346295E-08  1.3048332E-08  4.0853705E-06  3.8606204E-06  2.9093733E-08  1.0543511E-10  6.7590332E-07  5.5411458E-09  1.093E-10  0.2305  4.490972   -9.389  2.864601  8.318630  0.0000000E+00  3.4826724E-01  5.2168389E-01  1.9755559E-10  3.5335353E-10  1.3003431E-01  1.7015843E-13  7.3441230E-10  4.7310248E-07  1.1349255E-05  1.621E-14  1.282E-05  7.158E-04  9.446E-01  1.078E+00  4.19E+02  0.00E+00  1.71E+02  0.577811  0.304530  0.0000000E+00  4.6356592568E-01
279  8.164583331283451E+06   24.998981  5.465255  4.490473  6.9794330E-01  3.0204360E-01  6.2345666E-08  1.3048245E-08  4.0853833E-06  3.8606066E-06  2.9093654E-08  1.0543364E-10  6.7590179E-07  5.5411059E-09  1.088E-10  0.2305  4.490473   -9.390  2.868100  8.319875  0.0000000E+00  3.3912422E-01  5.2533468E-01  1.7883801E-10  2.9998194E-10  1.3552649E-01  1.3204779E-13  6.1473680E-10  5.1817370E-07  1.1350575E-05  1.572E-14  1.277E-05  7.189E-04  9.446E-01  1.078E+00  4.19E+02  0.00E+00  1.71E+02  0.577772  0.304778  0.0000000E+00  4.6356533181E-01
280  8.169559383831470E+06   24.998979  5.465405  4.489724  6.9794280E-01  3.0204410E-01  6.2345297E-08  1.3048194E-08  4.0853908E-06  3.8605985E-06  2.9093607E-08  1.0543278E-10  6.7590089E-07  5.5410825E-09  1.082E-10  0.2306  4.489724   -9.392  2.871673  8.321163  0.0000000E+00  3.2998120E-01  5.2870631E-01  1.8123821E-10  2.9648488E-10  1.4129784E-01  1.2994844E-13  6.0107065E-10  5.6904123E-07  1.1352203E-05  1.536E-14  1.270E-05  7.220E-04  9.446E-01  1.078E+00  4.18E+02  0.00E+00  1.70E+02  0.577574  0.304883  0.0000000E+00  4.6356472556E-01
281  8.172141177081249E+06   24.998978  5.465550  4.489245  6.9794260E-01  3.0204420E-01  6.2345167E-08  1.3048176E-08  4.0853934E-06  3.8605957E-06  2.9093591E-08  1.0543247E-10  6.7590057E-07  5.5410743E-09  1.080E-10  0.2307  4.489245   -9.394  2.873535  8.321838  0.0000000E+00  3.2526848E-01  5.3034646E-01  1.8112373E-10  2.9226504E-10  1.4437036E-01  1.2718590E-13  5.8823677E-10  5.9759949E-07  1.1352860E-05  1.517E-14  1.264E-05  7.237E-04  9.447E-01  1.078E+00  4.17E+02  0.00E+00  1.70E+02  0.577327  0.304985  0.0000000E+00  4.6356441205E-01
282  8.174733659343557E+06   24.998977  5.465725  4.488755  6.9794250E-01  3.0204440E-01  6.2345058E-08  1.3048161E-08  4.0853956E-06  3.8605933E-06  2.9093577E-08  1.0543222E-10  6.7590031E-07  5.5410674E-09  1.077E-10  0.2308  4.488755   -9.395  2.875414  8.322521  0.0000000E+00  3.2055576E-01  5.3191850E-01  1.8087747E-10  2.8756581E-10  1.4751097E-01  1.2418906E-13  5.7483544E-10  6.2788722E-07  1.1353363E-05  1.497E-14  1.259E-05  7.254E-04  9.447E-01  1.077E+00  4.17E+02  0.00E+00  1.70E+02  0.576953  0.305108  0.0000000E+00  4.6356409803E-01
283  8.177337533015429E+06   24.998976  5.465892  4.488258  6.9794240E-01  3.0204450E-01  6.2344963E-08  1.3048148E-08  4.0853975E-06  3.8605912E-06  2.9093565E-08  1.0543200E-10  6.7590007E-07  5.5410614E-09  1.074E-10  0.2308  4.488258   -9.396  2.877347  8.323224  0.0000000E+00  3.1584304E-01  5.3342008E-01  1.8060582E-10  2.8290399E-10  1.5072205E-01  1.2115603E-13  5.6158339E-10  6.6006009E-07  1.1353698E-05  1.477E-14  1.253E-05  7.272E-04  9.448E-01  1.077E+00  4.16E+02  0.00E+00  1.69E+02  0.576598  0.305225  0.0000000E+00  4.6356378344E-01
284  8.179952513122888E+06   24.998975  5.466072  4.487742  6.9794230E-01  3.0204460E-01  6.2344876E-08  1.3048136E-08  4.0853993E-06  3.8605893E-06  2.9093554E-08  1.0543180E-10  6.7589986E-07  5.5410559E-09  1.072E-10  0.2309  4.487742   -9.398  2.879305  8.323937  0.0000000E+00  3.1113032E-01  5.3484924E-01  1.8030241E-10  2.7804724E-10  1.5400560E-01  1.1808901E-13  5.4816461E-10  6.9427773E-07  1.1353855E-05  1.456E-14  1.247E-05  7.290E-04  9.449E-01  1.077E+00  4.16E+02  0.00E+00  1.69E+02  0.576152  0.305352  0.0000000E+00  4.6356346838E-01
285  8.182578421028901E+06   24.998974  5.466274  4.487224  6.9794210E-01  3.0204470E-01  6.2344791E-08  1.3048125E-08  4.0854010E-06  3.8605874E-06  2.9093543E-08  1.0543160E-10  6.7589966E-07  5.5410504E-09  1.069E-10  0.2310  4.487224   -9.399  2.881277  8.324659  0.0000000E+00  3.0641759E-01  5.3620417E-01  1.7999863E-10  2.7310558E-10  1.5736338E-01  1.1501549E-13  5.3474318E-10  7.3068834E-07  1.1353819E-05  1.434E-14  1.241E-05  7.308E-04  9.450E-01  1.077E+00  4.15E+02  0.00E+00  1.69E+02  0.575583  0.305494  0.0000000E+00  4.6356315291E-01
286  8.185216196879930E+06   24.998973  5.466479  4.486743  6.9794200E-01  3.0204490E-01  6.2344697E-08  1.3048112E-08  4.0854029E-06  3.8605854E-06  2.9093532E-08  1.0543138E-10  6.7589943E-07  5.5410445E-09  1.066E-10  0.2311  4.486743   -9.401  2.883266  8.325384  0.0000000E+00  3.0170487E-01  5.3748257E-01  1.7981451E-10  2.6860796E-10  1.6079764E-01  1.1204566E-13  5.2194902E-10  7.6945404E-07  1.1353583E-05  1.412E-14  1.234E-05  7.327E-04  9.452E-01  1.077E+00  4.15E+02  0.00E+00  1.68E+02  0.574667  0.305638  0.0000000E+00  4.6356283702E-01
287  8.187868433479916E+06   24.998972  5.466699  4.486243  6.9794190E-01  3.0204500E-01  6.2344592E-08  1.3048097E-08  4.0854050E-06  3.8605831E-06  2.9093518E-08  1.0543113E-10  6.7589917E-07  5.5410379E-09  1.063E-10  0.2311  4.486243   -9.402  2.885281  8.326109  0.0000000E+00  2.9699215E-01  5.3868149E-01  1.7990993E-10  2.6469766E-10  1.6431135E-01  1.0935598E-13  5.1080162E-10  8.1075263E-07  1.1353147E-05  1.389E-14  1.228E-05  7.345E-04  9.454E-01  1.077E+00  4.14E+02  0.00E+00  1.68E+02  0.574031  0.305793  0.0000000E+00  4.6356252057E-01
288  8.190533694791265E+06   24.998971  5.466893  4.485717  6.9794180E-01  3.0204510E-01  6.2344500E-08  1.3048085E-08  4.0854069E-06  3.8605811E-06  2.9093507E-08  1.0543092E-10  6.7589895E-07  5.5410320E-09  1.061E-10  0.2312  4.485717   -9.403  2.887366  8.326862  0.0000000E+00  2.9227943E-01  5.3979933E-01  1.7981514E-10  2.6015763E-10  1.6790623E-01  1.0653966E-13  4.9840636E-10  8.5479590E-07  1.1352497E-05  1.366E-14  1.223E-05  7.365E-04  9.454E-01  1.076E+00  4.13E+02  0.00E+00  1.67E+02  0.573748  0.305930  0.0000000E+00  4.6356220341E-01
289  8.193211541727741E+06   24.998970  5.467087  4.485179  6.9794160E-01  3.0204520E-01  6.2344408E-08  1.3048072E-08  4.0854088E-06  3.8605791E-06  2.9093495E-08  1.0543071E-10  6.7589872E-07  5.5410262E-09  1.058E-10  0.2313  4.485179   -9.405  2.889478  8.327627  0.0000000E+00  2.8756671E-01  5.4083362E-01  1.7972084E-10  2.5563134E-10  1.7158457E-01  1.0368892E-13  4.8602947E-10  9.0183659E-07  1.1351610E-05  1.342E-14  1.216E-05  7.385E-04  9.456E-01  1.076E+00  4.13E+02  0.00E+00  1.67E+02  0.573191  0.306066  0.0000000E+00  4.6356188572E-01
290  8.195902441746258E+06   24.998968  5.467303  4.484620  6.9794150E-01  3.0204540E-01  6.2344317E-08  1.3048059E-08  4.0854106E-06  3.8605771E-06  2.9093484E-08  1.0543049E-10  6.7589850E-07  5.5410204E-09  1.055E-10  0.2314  4.484620   -9.406  2.891610  8.328401  0.0000000E+00  2.8285399E-01  5.4178196E-01  1.7967831E-10  2.5111258E-10  1.7534895E-01  1.0087700E-13  4.7390645E-10  9.5211429E-07  1.1350475E-05  1.317E-14  1.210E-05  7.405E-04  9.457E-01  1.076E+00  4.12E+02  0.00E+00  1.66E+02  0.572706  0.306218  0.0000000E+00  4.6356156750E-01
291  8.198693338850057E+06   24.998967  5.468051  4.483382  6.9794140E-01  3.0204550E-01  6.2344206E-08  1.3048044E-08  4.0854129E-06  3.8605746E-06  2.9093470E-08  1.0543023E-10  6.7589823E-07  5.5410134E-09  1.052E-10  0.2318  4.483382   -9.409  2.893909  8.329240  0.0000000E+00  2.7814127E-01  5.4257830E-01  1.9278497E-10  2.7155846E-10  1.7926526E-01  1.1157487E-13  5.1401736E-10  1.0070909E-06  1.1349947E-05  1.307E-14  1.195E-05  7.427E-04  9.459E-01  1.076E+00  4.11E+02  0.00E+00  1.65E+02  0.571392  0.306747  0.0000000E+00  4.6356123889E-01
292  8.201453497166292E+06   24.998966  5.469183  4.482215  6.9794120E-01  3.0204570E-01  6.2344050E-08  1.3048023E-08  4.0854160E-06  3.8605712E-06  2.9093450E-08  1.0542987E-10  6.7589785E-07  5.5410035E-09  1.050E-10  0.2317  4.482215   -9.411  2.895954  8.329983  0.0000000E+00  2.7342855E-01  5.4331412E-01  1.8719707E-10  2.5996674E-10  1.8324206E-01  1.0342786E-13  4.8610459E-10  1.0653948E-06  1.1348783E-05  1.284E-14  1.182E-05  7.446E-04  9.461E-01  1.076E+00  4.10E+02  0.00E+00  1.65E+02  0.570748  0.307547  0.0000000E+00  4.6356091532E-01
293  8.204219377718871E+06   24.998965  5.469418  4.481776  6.9794090E-01  3.0204600E-01  6.2343820E-08  1.3047991E-08  4.0854207E-06  3.8605662E-06  2.9093421E-08  1.0542933E-10  6.7589729E-07  5.5409889E-09  1.047E-10  0.2317  4.481776   -9.412  2.898207  8.330784  0.0000000E+00  2.6871582E-01  5.4396433E-01  1.8525903E-10  2.5129058E-10  1.8730448E-01  9.8300751E-14  4.6583689E-10  1.1276743E-06  1.1347175E-05  1.260E-14  1.177E-05  7.467E-04  9.461E-01  1.076E+00  4.09E+02  0.00E+00  1.64E+02  0.570563  0.307713  0.0000000E+00  4.6356059157E-01
294  8.206996024921089E+06   24.998964  5.469522  4.481335  6.9794060E-01  3.0204630E-01  6.2343623E-08  1.3047964E-08  4.0854247E-06  3.8605619E-06  2.9093396E-08  1.0542887E-10  6.7589681E-07  5.5409764E-09  1.044E-10  0.2318  4.481335   -9.413  2.900506  8.331602  0.0000000E+00  2.6400310E-01  5.4452134E-01  1.8447072E-10  2.4463526E-10  1.9146014E-01  9.4597076E-14  4.5028616E-10  1.1944022E-06  1.1345187E-05  1.234E-14  1.173E-05  7.489E-04  9.462E-01  1.076E+00  4.09E+02  0.00E+00  1.64E+02  0.570232  0.307787  0.0000000E+00  4.6356026729E-01
295  8.209785815088067E+06   24.998963  5.469674  4.480802  6.9794040E-01  3.0204650E-01  6.2343473E-08  1.3047943E-08  4.0854277E-06  3.8605586E-06  2.9093377E-08  1.0542853E-10  6.7589645E-07  5.5409669E-09  1.041E-10  0.2318  4.480802   -9.415  2.902851  8.332438  0.0000000E+00  2.5929038E-01  5.4498018E-01  1.8408253E-10  2.3913602E-10  1.9571394E-01  9.1381820E-14  4.3638416E-10  1.2660504E-06  1.1342828E-05  1.207E-14  1.168E-05  7.512E-04  9.462E-01  1.075E+00  4.08E+02  0.00E+00  1.64E+02  0.570081  0.307894  0.0000000E+00  4.6355994238E-01
296  8.212594628824659E+06   24.998962  5.469856  4.480225  6.9794020E-01  3.0204660E-01  6.2343352E-08  1.3047927E-08  4.0854302E-06  3.8605559E-06  2.9093362E-08  1.0542824E-10  6.7589615E-07  5.5409592E-09  1.039E-10  0.2317  4.480225   -9.417  2.905221  8.333286  0.0000000E+00  2.5457766E-01  5.4533312E-01  1.8813192E-10  3.0317378E-10  2.0007367E-01  9.0274009E-14  4.3106129E-10  1.3431761E-06  1.1340021E-05  1.180E-14  1.161E-05  7.535E-04  9.463E-01  1.075E+00  4.07E+02  0.00E+00  1.63E+02  0.569501  0.308024  0.0000000E+00  4.6355961631E-01
297  8.215656973201996E+06   24.998961  5.470101  4.479580  6.9794010E-01  3.0204680E-01  6.2343231E-08  1.3047910E-08  4.0854326E-06  3.8605533E-06  2.9093347E-08  1.0542796E-10  6.7589586E-07  5.5409516E-09  1.035E-10  0.2319  4.479580   -9.419  2.907607  8.334152  0.0000000E+00  2.4986494E-01  5.4537788E-01  1.9444767E-10  2.7102600E-10  2.0474155E-01  9.9703979E-14  4.6787067E-10  1.4312391E-06  1.1339372E-05  1.185E-14  1.154E-05  7.558E-04  9.465E-01  1.075E+00  4.07E+02  0.00E+00  1.63E+02  0.568874  0.308197  0.0000000E+00  4.6355926220E-01
298  8.218540822131656E+06   24.998960  5.470306  4.478992  6.9793990E-01  3.0204690E-01  6.2343123E-08  1.3047895E-08  4.0854348E-06  3.8605509E-06  2.9093333E-08  1.0542771E-10  6.7589559E-07  5.5409447E-09  1.033E-10  0.2320  4.478992   -9.420  2.910053  8.335031  0.0000000E+00  2.4515222E-01  5.4547915E-01  1.9122778E-10  2.5847174E-10  2.0935286E-01  9.0506559E-14  4.4226502E-10  1.5218216E-06  1.1336333E-05  1.157E-14  1.147E-05  7.581E-04  9.467E-01  1.075E+00  4.06E+02  0.00E+00  1.62E+02  0.567991  0.308343  0.0000000E+00  4.6355893013E-01
299  8.221431178493030E+06   24.998959  5.470527  4.478368  6.9793980E-01  3.0204710E-01  6.2343014E-08  1.3047880E-08  4.0854370E-06  3.8605485E-06  2.9093319E-08  1.0542745E-10  6.7589533E-07  5.5409378E-09  1.030E-10  0.2321  4.478368   -9.422  2.912535  8.335924  0.0000000E+00  2.4043950E-01  5.4547624E-01  1.8981240E-10  2.4958116E-10  2.1406842E-01  8.6038357E-14  4.2334019E-10  1.6193250E-06  1.1332727E-05  1.127E-14  1.140E-05  7.606E-04  9.468E-01  1.075E+00  4.06E+02  0.00E+00  1.62E+02  0.567278  0.308500  0.0000000E+00  4.6355859873E-01
300  8.224333582002099E+06   24.998958  5.470762  4.477734  6.9793960E-01  3.0204720E-01  6.2342903E-08  1.3047865E-08  4.0854393E-06  3.8605461E-06  2.9093305E-08  1.0542719E-10  6.7589506E-07  5.5409307E-09  1.027E-10  0.2321  4.477734   -9.424  2.915071  8.336835  0.0000000E+00  2.3572678E-01  5.4536104E-01  1.8907136E-10  2.4239299E-10  2.1889621E-01  8.2493695E-14  4.0774640E-10  1.7245585E-06  1.1328582E-05  1.095E-14  1.133E-05  7.631E-04  9.470E-01  1.074E+00  4.05E+02  0.00E+00  1.61E+02  0.566533  0.308667  0.0000000E+00  4.6355826739E-01
301  8.227250791557633E+06   24.998956  5.470996  4.477089  6.9793950E-01  3.0204740E-01  6.2342789E-08  1.3047849E-08  4.0854416E-06  3.8605436E-06  2.9093291E-08  1.0542693E-10  6.7589478E-07  5.5409236E-09  1.024E-10  0.2322  4.477089   -9.426  2.917650  8.337763  0.0000000E+00  2.3101405E-01  5.4512751E-01  1.8867561E-10  2.3604260E-10  2.2384228E-01  7.9325333E-14  3.9371417E-10  1.8383878E-06  1.1323892E-05  1.063E-14  1.126E-05  7.657E-04  9.471E-01  1.074E+00  4.04E+02  0.00E+00  1.61E+02  0.565779  0.308833  0.0000000E+00  4.6355793579E-01
302  8.230184400324747E+06   24.998955  5.471252  4.476419  6.9793930E-01  3.0204750E-01  6.2342673E-08  1.3047833E-08  4.0854440E-06  3.8605411E-06  2.9093276E-08  1.0542666E-10  6.7589450E-07  5.5409162E-09  1.021E-10  0.2323  4.476419   -9.428  2.920268  8.338706  0.0000000E+00  2.2630133E-01  5.4477074E-01  1.8849844E-10  2.3017779E-10  2.2891170E-01  7.6382638E-14  3.8071525E-10  1.9616840E-06  1.1318637E-05  1.029E-14  1.119E-05  7.683E-04  9.473E-01  1.074E+00  4.03E+02  0.00E+00  1.60E+02  0.565094  0.309015  0.0000000E+00  4.6355760378E-01
303  8.233135865464578E+06   24.998954  5.471506  4.475758  6.9793920E-01  3.0204770E-01  6.2342553E-08  1.3047817E-08  4.0854464E-06  3.8605385E-06  2.9093261E-08  1.0542638E-10  6.7589421E-07  5.5409086E-09  1.018E-10  0.2324  4.475758   -9.430  2.922919  8.339661  0.0000000E+00  2.2158861E-01  5.4428581E-01  1.8849740E-10  2.2478501E-10  2.3410922E-01  7.3620192E-14  3.6858058E-10  2.0954012E-06  1.1312788E-05  9.954E-15  1.111E-05  7.710E-04  9.474E-01  1.074E+00  4.03E+02  0.00E+00  1.60E+02  0.564401  0.309196  0.0000000E+00  4.6355727119E-01
304  8.236151970465492E+06   24.998953  5.471761  4.475060  6.9793900E-01  3.0204780E-01  6.2342440E-08  1.3047801E-08  4.0854487E-06  3.8605360E-06  2.9093247E-08  1.0542611E-10  6.7589393E-07  5.5409014E-09  1.015E-10  0.2325  4.475060   -9.432  2.925605  8.340632  0.0000000E+00  2.1687589E-01  5.4362203E-01  1.9164691E-10  2.2878977E-10  2.3948555E-01  7.4186607E-14  3.7218561E-10  2.2422937E-06  1.1306681E-05  9.686E-15  1.105E-05  7.738E-04  9.475E-01  1.074E+00  4.02E+02  0.00E+00  1.60E+02  0.563963  0.309378  0.0000000E+00  4.6355693272E-01
305  8.239196564554294E+06   24.998952  5.472034  4.474328  6.9793890E-01  3.0204800E-01  6.2342316E-08  1.3047784E-08  4.0854512E-06  3.8605332E-06  2.9093231E-08  1.0542583E-10  6.7589363E-07  5.5408935E-09  1.012E-10  0.2326  4.474328   -9.434  2.928370  8.341629  0.0000000E+00  2.1216317E-01  5.4281079E-01  1.9610418E-10  2.3456669E-10  2.4500935E-01  7.5422827E-14  3.7973630E-10  2.4025018E-06  1.1299951E-05  9.423E-15  1.097E-05  7.766E-04  9.477E-01  1.073E+00  4.01E+02  0.00E+00  1.59E+02  0.563090  0.309572  0.0000000E+00  4.6355659263E-01
306  8.242245374409436E+06   24.998951  5.472321  4.473601  6.9793870E-01  3.0204820E-01  6.2342180E-08  1.3047765E-08  4.0854539E-06  3.8605303E-06  2.9093214E-08  1.0542551E-10  6.7589330E-07  5.5408850E-09  1.009E-10  0.2327  4.473601   -9.436  2.931186  8.342644  0.0000000E+00  2.0745045E-01  5.4187367E-01  1.9203980E-10  2.1933935E-10  2.5065900E-01  6.9195963E-14  3.5025604E-10  2.5763947E-06  1.1292431E-05  9.104E-15  1.088E-05  7.795E-04  9.479E-01  1.073E+00  4.01E+02  0.00E+00  1.58E+02  0.562077  0.309777  0.0000000E+00  4.6355625388E-01
307  8.245335432325250E+06   24.998950  5.472591  4.472867  6.9793850E-01  3.0204840E-01  6.2342040E-08  1.3047746E-08  4.0854568E-06  3.8605272E-06  2.9093197E-08  1.0542518E-10  6.7589296E-07  5.5408761E-09  1.006E-10  0.2328  4.472867   -9.439  2.934045  8.343674  0.0000000E+00  2.0273773E-01  5.4076717E-01  1.9349136E-10  2.1920796E-10  2.5647797E-01  6.7816788E-14  3.4723799E-10  2.7671106E-06  1.1284233E-05  8.814E-15  1.081E-05  7.825E-04  9.481E-01  1.073E+00  4.00E+02  0.00E+00  1.58E+02  0.561306  0.309969  0.0000000E+00  4.6355591230E-01
308  8.248746204199188E+06   24.998949  5.472903  4.472034  6.9793830E-01  3.0204860E-01  6.2341887E-08  1.3047725E-08  4.0854599E-06  3.8605239E-06  2.9093177E-08  1.0542482E-10  6.7589258E-07  5.5408663E-09  1.003E-10  0.2328  4.472034   -9.441  2.936933  8.344731  0.0000000E+00  1.9802501E-01  5.3917665E-01  2.0570216E-10  2.5332272E-10  2.6278098E-01  7.9128731E-14  3.9963118E-10  2.9910634E-06  1.1277373E-05  8.976E-15  1.072E-05  7.854E-04  9.482E-01  1.073E+00  3.99E+02  0.00E+00  1.57E+02  0.560522  0.310192  0.0000000E+00  4.6355553725E-01
309  8.251952612191935E+06   24.998947  5.473212  4.471245  6.9793810E-01  3.0204880E-01  6.2341745E-08  1.3047706E-08  4.0854628E-06  3.8605207E-06  2.9093159E-08  1.0542449E-10  6.7589224E-07  5.5408573E-09  1.000E-10  0.2329  4.471245   -9.444  2.939920  8.345810  0.0000000E+00  1.9331228E-01  5.3768044E-01  1.9982544E-10  2.3160216E-10  2.6898975E-01  6.9085284E-14  3.6051317E-10  3.2236488E-06  1.1268027E-05  8.669E-15  1.064E-05  7.885E-04  9.484E-01  1.072E+00  3.98E+02  0.00E+00  1.57E+02  0.559599  0.310413  0.0000000E+00  4.6355518653E-01
310  8.255153030186884E+06   24.998946  5.473512  4.470465  6.9793790E-01  3.0204890E-01  6.2341606E-08  1.3047686E-08  4.0854656E-06  3.8605177E-06  2.9093142E-08  1.0542417E-10  6.7589190E-07  5.5408485E-09  9.969E-11  0.2331  4.470465   -9.446  2.942968  8.346908  0.0000000E+00  1.8859956E-01  5.3605351E-01  1.9770693E-10  2.2015624E-10  2.7532910E-01  6.4458808E-14  3.3889678E-10  3.4770161E-06  1.1257422E-05  8.310E-15  1.056E-05  7.917E-04  9.486E-01  1.072E+00  3.97E+02  0.00E+00  1.56E+02  0.558847  0.310628  0.0000000E+00  4.6355483828E-01
311  8.258364473711029E+06   24.998945  5.473804  4.469674  6.9793780E-01  3.0204910E-01  6.2341472E-08  1.3047668E-08  4.0854683E-06  3.8605148E-06  2.9093125E-08  1.0542386E-10  6.7589157E-07  5.5408401E-09  9.938E-11  0.2332  4.469674   -9.448  2.946077  8.348027  0.0000000E+00  1.8388684E-01  5.3427184E-01  1.9654219E-10  2.1138511E-10  2.8182319E-01  6.0962685E-14  3.2250219E-10  3.7545121E-06  1.1245636E-05  7.932E-15  1.048E-05  7.951E-04  9.487E-01  1.072E+00  3.96E+02  0.00E+00  1.55E+02  0.558131  0.310837  0.0000000E+00  4.6355449059E-01
312  8.261593455845893E+06   24.998944  5.474112  4.468851  6.9793760E-01  3.0204930E-01  6.2341336E-08  1.3047649E-08  4.0854710E-06  3.8605118E-06  2.9093108E-08  1.0542354E-10  6.7589124E-07  5.5408314E-09  9.907E-11  0.2333  4.468851   -9.451  2.949248  8.349167  0.0000000E+00  1.7917412E-01  5.3232272E-01  1.9577074E-10  2.0393191E-10  2.8848470E-01  5.7959583E-14  3.0850218E-10  4.0593386E-06  1.1232636E-05  7.551E-15  1.040E-05  7.985E-04  9.489E-01  1.072E+00  3.96E+02  0.00E+00  1.55E+02  0.557257  0.311057  0.0000000E+00  4.6355414292E-01
313  8.264994280951579E+06   24.998943  5.474458  4.467974  6.9793740E-01  3.0204950E-01  6.2341197E-08  1.3047630E-08  4.0854739E-06  3.8605087E-06  2.9093090E-08  1.0542322E-10  6.7589090E-07  5.5408226E-09  9.875E-11  0.2335  4.467974   -9.454  2.952500  8.350340  0.0000000E+00  1.7446140E-01  5.3000826E-01  1.8707717E-10  1.6676305E-10  2.9551156E-01  5.7944896E-14  2.3178398E-10  4.4076075E-06  1.1219365E-05  7.404E-15  1.032E-05  8.019E-04  9.491E-01  1.072E+00  3.95E+02  0.00E+00  1.54E+02  0.556532  0.311305  0.0000000E+00  4.6355377881E-01
314  8.268394013761583E+06   24.998942  5.475283  4.466864  6.9793720E-01  3.0204970E-01  6.2341067E-08  1.3047612E-08  4.0854765E-06  3.8605059E-06  2.9093074E-08  1.0542291E-10  6.7589059E-07  5.5408144E-09  9.843E-11  0.2341  4.466864   -9.456  2.956855  8.351805  0.0000000E+00  1.6974868E-01  5.2755650E-01  2.3930967E-10  3.9841328E-10  3.0267566E-01  8.1493741E-14  5.6266808E-10  4.7874975E-06  1.1203550E-05  7.215E-15  1.023E-05  8.066E-04  9.490E-01  1.072E+00  3.94E+02  0.00E+00  1.54E+02  0.556758  0.311897  0.0000000E+00  4.6355341642E-01
315  8.273827127337091E+06   24.998940  5.479114  4.463928  6.9793550E-01  3.0205140E-01  6.2339734E-08  1.3047429E-08  4.0855035E-06  3.8604767E-06  2.9092906E-08  1.0541980E-10  6.7588734E-07  5.5407299E-09  9.792E-11  0.2355  4.463928   -9.459  2.959171  8.352810  0.0000000E+00  1.6503596E-01  5.2221481E-01  1.9387087E-10  1.8491929E-10  3.1272943E-01  6.7702400E-14  2.5442097E-10  5.4177116E-06  1.1198883E-05  9.348E-15  9.936E-06  8.086E-04  9.492E-01  1.072E+00  3.90E+02  0.00E+00  1.52E+02  0.555749  0.314660  0.0000000E+00  4.6355283887E-01
316  8.277109162310007E+06   24.998939  5.478852  4.463874  6.9793480E-01  3.0205210E-01  6.2339208E-08  1.3047356E-08  4.0855142E-06  3.8604652E-06  2.9092840E-08  1.0541858E-10  6.7588606E-07  5.5406965E-09  9.761E-11  0.2350  4.463874   -9.460  2.962779  8.354034  0.0000000E+00  1.6032324E-01  5.1962780E-01  1.9343239E-10  1.9476299E-10  3.2002866E-01  4.9788897E-14  2.8074672E-10  5.8710765E-06  1.1179741E-05  8.133E-15  9.943E-06  8.125E-04  9.491E-01  1.072E+00  3.90E+02  0.00E+00  1.52E+02  0.556073  0.314470  0.0000000E+00  4.6355248932E-01
317  8.280580657984518E+06   24.998937  5.478948  4.463256  6.9793430E-01  3.0205260E-01  6.2338845E-08  1.3047307E-08  4.0855215E-06  3.8604573E-06  2.9092794E-08  1.0541773E-10  6.7588518E-07  5.5406735E-09  9.729E-11  0.2350  4.463256   -9.463  2.966425  8.355271  0.0000000E+00  1.5561051E-01  5.1661440E-01  1.9724180E-10  2.0577350E-10  3.2775426E-01  5.3679667E-14  2.9898861E-10  6.3941017E-06  1.1159599E-05  7.377E-15  9.862E-06  8.163E-04  9.495E-01  1.071E+00  3.89E+02  0.00E+00  1.52E+02  0.554201  0.314539  0.0000000E+00  4.6355212138E-01
318  8.284123802534753E+06   24.998936  5.479197  4.462431  6.9793390E-01  3.0205290E-01  6.2338569E-08  1.3047269E-08  4.0855271E-06  3.8604512E-06  2.9092759E-08  1.0541709E-10  6.7588451E-07  5.5406560E-09  9.696E-11  0.2349  4.462431   -9.465  2.970262  8.356569  0.0000000E+00  1.5089779E-01  5.1333076E-01  1.9652952E-10  2.0312607E-10  3.3575000E-01  5.2184350E-14  2.9250870E-10  6.9811915E-06  1.1137700E-05  6.794E-15  9.765E-06  8.204E-04  9.499E-01  1.071E+00  3.89E+02  0.00E+00  1.51E+02  0.552372  0.314719  0.0000000E+00  4.6355174901E-01
319  8.287693482824268E+06   24.998935  5.479435  4.461501  6.9793360E-01  3.0205320E-01  6.2338346E-08  1.3047238E-08  4.0855317E-06  3.8604464E-06  2.9092731E-08  1.0541657E-10  6.7588396E-07  5.5406419E-09  9.663E-11  0.2336  4.461501   -9.469  2.974159  8.357891  0.0000000E+00  1.4618507E-01  5.0983110E-01  1.9303285E-10  1.7023262E-10  3.4396173E-01  4.8699501E-14  2.7923829E-10  7.6352797E-06  1.1113661E-05  6.278E-15  9.672E-06  8.246E-04  9.502E-01  1.070E+00  3.88E+02  0.00E+00  1.50E+02  0.550991  0.314893  0.0000000E+00  4.6355137717E-01
320  8.291312163552322E+06   24.998934  5.479715  4.460474  6.9793340E-01  3.0205350E-01  6.2338165E-08  1.3047213E-08  4.0855353E-06  3.8604424E-06  2.9092708E-08  1.0541615E-10  6.7588352E-07  5.5406304E-09  9.629E-11  0.2336  4.460474   -9.472  2.978155  8.359249  0.0000000E+00  1.4147235E-01  5.0607654E-01  1.9127915E-10  1.6438681E-10  3.5242825E-01  4.6726717E-14  2.6995061E-10  8.3694835E-06  1.1087229E-05  5.849E-15  9.573E-06  8.290E-04  9.505E-01  1.070E+00  3.87E+02  0.00E+00  1.49E+02  0.549664  0.315095  0.0000000E+00  4.6355100337E-01
321  8.294974995419839E+06   24.998932  5.480026  4.459384  6.9793320E-01  3.0205370E-01  6.2338003E-08  1.3047191E-08  4.0855386E-06  3.8604388E-06  2.9092688E-08  1.0541577E-10  6.7588313E-07  5.5406201E-09  9.595E-11  0.2343  4.459384   -9.476  2.982253  8.360645  0.0000000E+00  1.3675963E-01  5.0206634E-01  1.9013688E-10  1.7868378E-10  3.6115038E-01  4.4995142E-14  2.5908467E-10  9.1946281E-06  1.1058154E-05  5.474E-15  9.470E-06  8.335E-04  9.507E-01  1.069E+00  3.86E+02  0.00E+00  1.48E+02  0.548306  0.315321  0.0000000E+00  4.6355062840E-01
322  8.298854588352022E+06   24.998931  5.480373  4.458266  6.9793290E-01  3.0205390E-01  6.2337825E-08  1.3047166E-08  4.0855422E-06  3.8604349E-06  2.9092665E-08  1.0541535E-10  6.7588269E-07  5.5406088E-09  9.560E-11  0.2349  4.458266   -9.480  2.986449  8.362082  0.0000000E+00  1.3204691E-01  4.9752966E-01  1.9254412E-10  2.0432474E-10  3.7039873E-01  4.9049209E-14  2.8057810E-10  1.0160495E-05  1.1026388E-05  5.386E-15  9.353E-06  8.381E-04  9.511E-01  1.069E+00  3.84E+02  0.00E+00  1.47E+02  0.546311  0.315573  0.0000000E+00  4.6355023517E-01
323  8.302705837670950E+06   24.998930  5.480752  4.457226  6.9793270E-01  3.0205420E-01  6.2337606E-08  1.3047136E-08  4.0855467E-06  3.8604302E-06  2.9092638E-08  1.0541484E-10  6.7588216E-07  5.5405950E-09  9.524E-11  0.2348  4.457226   -9.484  2.990798  8.363553  0.0000000E+00  1.2733419E-01  4.9283494E-01  1.8815423E-10  1.9318900E-10  3.7980512E-01  4.5303285E-14  2.6391945E-10  1.1234314E-05  1.0991337E-05  5.127E-15  9.225E-06  8.429E-04  9.517E-01  1.068E+00  3.83E+02  0.00E+00  1.46E+02  0.543350  0.315848  0.0000000E+00  4.6354984947E-01
324  8.306576823169349E+06   24.998929  5.481051  4.456121  6.9793240E-01  3.0205450E-01  6.2337391E-08  1.3047106E-08  4.0855510E-06  3.8604254E-06  2.9092610E-08  1.0541434E-10  6.7588164E-07  5.5405813E-09  9.489E-11  0.2347  4.456121   -9.488  2.995284  8.365075  0.0000000E+00  1.2262147E-01  4.8789928E-01  1.8338053E-10  1.8202730E-10  3.8945229E-01  4.1507532E-14  2.4534163E-10  1.2444325E-05  1.0952647E-05  4.828E-15  9.109E-06  8.480E-04  9.521E-01  1.067E+00  3.82E+02  0.00E+00  1.45E+02  0.541164  0.316066  0.0000000E+00  4.6354946622E-01
325  8.310479734382239E+06   24.998927  5.481402  4.454886  6.9793210E-01  3.0205480E-01  6.2337191E-08  1.3047079E-08  4.0855551E-06  3.8604211E-06  2.9092585E-08  1.0541387E-10  6.7588115E-07  5.5405687E-09  9.453E-11  0.2346  4.454886   -9.493  2.999912  8.366646  0.0000000E+00  1.1790874E-01  4.8269452E-01  1.7931745E-10  1.7357275E-10  3.9936840E-01  3.9035963E-14  2.3255524E-10  1.3815792E-05  1.0909917E-05  4.528E-15  8.987E-06  8.532E-04  9.526E-01  1.067E+00  3.81E+02  0.00E+00  1.44E+02  0.539073  0.316321  0.0000000E+00  4.6354908432E-01
326  8.314426346675474E+06   24.998926  5.481760  4.453606  6.9793190E-01  3.0205500E-01  6.2336996E-08  1.3047052E-08  4.0855590E-06  3.8604168E-06  2.9092561E-08  1.0541342E-10  6.7588068E-07  5.5405563E-09  9.418E-11  0.2345  4.453606   -9.498  3.004679  8.368269  0.0000000E+00  1.1319602E-01  4.7719183E-01  1.7497136E-10  1.6817672E-10  4.0958214E-01  3.6952476E-14  2.2203772E-10  1.5379428E-05  1.0862683E-05  4.248E-15  8.871E-06  8.587E-04  9.529E-01  1.066E+00  3.80E+02  0.00E+00  1.43E+02  0.537324  0.316582  0.0000000E+00  4.6354870268E-01
327  8.318422208662393E+06   24.998925  5.482151  4.452271  6.9793160E-01  3.0205530E-01  6.2336795E-08  1.3047024E-08  4.0855631E-06  3.8604124E-06  2.9092535E-08  1.0541295E-10  6.7588019E-07  5.5405435E-09  9.382E-11  0.2344  4.452271   -9.503  3.009607  8.369950  0.0000000E+00  1.0848330E-01  4.7137183E-01  1.7021741E-10  1.6243379E-10  4.2011309E-01  3.5016831E-14  2.1244119E-10  1.7170516E-05  1.0810402E-05  3.990E-15  8.748E-06  8.644E-04  9.533E-01  1.066E+00  3.78E+02  0.00E+00  1.42E+02  0.535370  0.316868  0.0000000E+00  4.6354832096E-01
328  8.322471582117982E+06   24.998924  5.482552  4.450937  6.9793130E-01  3.0205560E-01  6.2336583E-08  1.3046995E-08  4.0855674E-06  3.8604078E-06  2.9092509E-08  1.0541246E-10  6.7587967E-07  5.5405301E-09  9.345E-11  0.2343  4.450937   -9.508  3.014701  8.371689  0.0000000E+00  1.0377058E-01  4.6521659E-01  1.6516595E-10  1.5642055E-10  4.3097895E-01  3.3164871E-14  2.0286588E-10  1.9231907E-05  1.0752427E-05  3.753E-15  8.624E-06  8.705E-04  9.537E-01  1.065E+00  3.77E+02  0.00E+00  1.41E+02  0.533264  0.317160  0.0000000E+00  4.6354793895E-01
329  8.326577882217847E+06   24.998922  5.482967  4.449579  6.9793100E-01  3.0205590E-01  6.2336353E-08  1.3046964E-08  4.0855721E-06  3.8604027E-06  2.9092480E-08  1.0541192E-10  6.7587911E-07  5.5405155E-09  9.308E-11  0.2343  4.449579   -9.513  3.019987  8.373495  0.0000000E+00  9.9057860E-02  4.5870860E-01  1.5952519E-10  1.5177850E-10  4.4219725E-01  3.1482921E-14  1.9440333E-10  2.1615793E-05  1.0688003E-05  3.535E-15  8.491E-06  8.768E-04  9.542E-01  1.064E+00  3.76E+02  0.00E+00  1.39E+02  0.530620  0.317464  0.0000000E+00  4.6354755673E-01
330  8.330745456049022E+06   24.998921  5.483395  4.448156  6.9793070E-01  3.0205620E-01  6.2336120E-08  1.3046932E-08  4.0855768E-06  3.8603976E-06  2.9092450E-08  1.0541138E-10  6.7587854E-07  5.5405008E-09  9.271E-11  0.2343  4.448156   -9.518  3.025467  8.375368  0.0000000E+00  9.4345138E-02  4.5182882E-01  1.5389769E-10  1.3916815E-10  4.5378696E-01  2.9820894E-14  1.8750355E-10  2.4387053E-05  1.0616253E-05  3.337E-15  8.370E-06  8.833E-04  9.545E-01  1.064E+00  3.74E+02  0.00E+00  1.38E+02  0.528824  0.317777  0.0000000E+00  4.6354717406E-01
331  8.334977871048841E+06   24.998920  5.483835  4.446693  6.9793040E-01  3.0205650E-01  6.2335893E-08  1.3046900E-08  4.0855814E-06  3.8603926E-06  2.9092422E-08  1.0541085E-10  6.7587799E-07  5.5404864E-09  9.234E-11  0.2342  4.446693   -9.524  3.031183  8.377321  0.0000000E+00  8.9632417E-02  4.4455846E-01  1.4682520E-10  1.4216368E-10  4.6576676E-01  2.8364205E-14  1.7825725E-10  2.7626056E-05  1.0536100E-05  3.153E-15  8.241E-06  8.903E-04  9.550E-01  1.063E+00  3.73E+02  0.00E+00  1.37E+02  0.526571  0.318099  0.0000000E+00  4.6354679059E-01
332  8.339278440743729E+06   24.998918  5.484305  4.445202  6.9793010E-01  3.0205680E-01  6.2335647E-08  1.3046866E-08  4.0855864E-06  3.8603873E-06  2.9092391E-08  1.0541027E-10  6.7587739E-07  5.5404707E-09  9.196E-11  0.2341  4.445202   -9.529  3.037130  8.379351  0.0000000E+00  8.4919696E-02  4.3687804E-01  1.3962560E-10  1.3825427E-10  4.7815606E-01  2.6975154E-14  1.7106155E-10  3.1434316E-05  1.0446321E-05  2.985E-15  8.108E-06  8.977E-04  9.554E-01  1.063E+00  3.72E+02  0.00E+00  1.36E+02  0.524114  0.318443  0.0000000E+00  4.6354640662E-01
333  8.343653338111623E+06   24.998917  5.484760  4.443648  6.9792970E-01  3.0205710E-01  6.2335397E-08  1.3046832E-08  4.0855914E-06  3.8603818E-06  2.9092359E-08  1.0540969E-10  6.7587678E-07  5.5404549E-09  9.157E-11  0.2340  4.443648   -9.535  3.043376  8.381480  0.0000000E+00  8.0206975E-02  4.2876421E-01  1.3207814E-10  1.3340964E-10  4.9097807E-01  2.5595650E-14  1.6353724E-10  3.5940630E-05  1.0345422E-05  2.830E-15  7.977E-06  9.055E-04  9.558E-01  1.062E+00  3.70E+02  0.00E+00  1.35E+02  0.521890  0.318777  0.0000000E+00  4.6354602166E-01
334  8.348103886320895E+06   24.998916  5.485267  4.441989  6.9792940E-01  3.0205750E-01  6.2335141E-08  1.3046797E-08  4.0855966E-06  3.8603762E-06  2.9092327E-08  1.0540909E-10  6.7587616E-07  5.5404387E-09  9.118E-11  0.2340  4.441989   -9.542  3.049910  8.383707  0.0000000E+00  7.5494253E-02  4.2019812E-01  1.2408859E-10  1.2875167E-10  5.0425146E-01  2.4235980E-14  1.5590372E-10  4.1309753E-05  1.0231611E-05  2.686E-15  7.843E-06  9.137E-04  9.562E-01  1.061E+00  3.69E+02  0.00E+00  1.34E+02  0.519666  0.319149  0.0000000E+00  4.6354563608E-01
335  8.351845926713936E+06   24.998915  5.485679  4.440568  6.9792910E-01  3.0205780E-01  6.2334929E-08  1.3046768E-08  4.0856009E-06  3.8603715E-06  2.9092300E-08  1.0540860E-10  6.7587564E-07  5.5404252E-09  9.085E-11  0.2330  4.440568   -9.547  3.056631  8.385950  0.0000000E+00  7.0781532E-02  4.1271412E-01  1.0811990E-10  3.4212336E-11  5.1644268E-01  7.0114309E-15  3.9515725E-11  4.6769525E-05  1.0116460E-05  1.693E-15  7.738E-06  9.225E-04  9.565E-01  1.061E+00  3.67E+02  0.00E+00  1.33E+02  0.518288  0.319452  0.0000000E+00  4.6354531643E-01
336  8.356313903236843E+06   24.998914  5.486159  4.438725  6.9792880E-01  3.0205800E-01  6.2334712E-08  1.3046738E-08  4.0856053E-06  3.8603668E-06  2.9092273E-08  1.0540809E-10  6.7587511E-07  5.5404115E-09  9.046E-11  0.2335  4.438725   -9.555  3.063933  8.388419  0.0000000E+00  6.6068811E-02  4.0347980E-01  1.0750292E-10  1.0366201E-10  5.3038216E-01  1.9139963E-14  1.2335675E-10  5.4278552E-05  9.9731195E-06  1.914E-15  7.617E-06  9.320E-04  9.567E-01  1.061E+00  3.66E+02  0.00E+00  1.32E+02  0.517263  0.319804  0.0000000E+00  4.6354493989E-01
337  8.360684692552855E+06   24.998912  5.486787  4.436791  6.9792840E-01  3.0205840E-01  6.2334403E-08  1.3046695E-08  4.0856116E-06  3.8603600E-06  2.9092234E-08  1.0540737E-10  6.7587436E-07  5.5403919E-09  9.008E-11  0.2321  4.436791   -9.562  3.072146  8.391033  0.0000000E+00  6.1356090E-02  3.9410360E-01  9.1374798E-11  2.3278088E-12  5.4446222E-01  3.6846758E-15  6.4919802E-12  6.3069176E-05  9.8149702E-06  1.688E-15  7.480E-06  9.422E-04  9.570E-01  1.060E+00  3.64E+02  0.00E+00  1.31E+02  0.515487  0.320268  0.0000000E+00  4.6354457710E-01
338  8.364631642834405E+06   24.998911  5.488969  4.432808  6.9792570E-01  3.0206120E-01  6.2332343E-08  1.3046412E-08  4.0856534E-06  3.8603149E-06  2.9091974E-08  1.0540256E-10  6.7586934E-07  5.5402613E-09  8.975E-11  0.2318  4.432808   -9.576  3.079822  8.393623  0.0000000E+00  5.6643368E-02  3.8522780E-01  8.8109855E-11  5.2224783E-11  5.5804086E-01  9.2292116E-15  5.9872344E-11  7.2889310E-05  9.6459453E-06  1.158E-15  7.246E-06  9.527E-04  9.571E-01  1.061E+00  3.60E+02  0.00E+00  1.29E+02  0.515277  0.321881  0.0000000E+00  4.6354425585E-01
339  8.368954431252664E+06   24.998910  5.489411  4.430519  6.9790410E-01  3.0208270E-01  6.2316083E-08  1.3044174E-08  4.0859839E-06  3.8599579E-06  2.9089913E-08  1.0536462E-10  6.7582961E-07  5.5392290E-09  8.943E-11  0.2315  4.430519   -9.585  3.088524  8.396485  0.0000000E+00  5.1930647E-02  3.7523583E-01  8.1515370E-11  6.6067378E-11  5.7273266E-01  1.1241676E-14  7.5294222E-11  8.5691854E-05  9.4441088E-06  1.142E-15  7.156E-06  9.644E-04  9.567E-01  1.061E+00  3.58E+02  0.00E+00  1.29E+02  0.517179  0.322204  0.0000000E+00  4.6354390889E-01
340  8.373503963777194E+06   24.998909  5.489800  4.423035  6.9707547E-01  3.0291143E-01  6.1691922E-08  1.2958270E-08  4.0986750E-06  3.8462496E-06  2.9010756E-08  1.0390806E-10  6.7430389E-07  5.4995969E-09  9.093E-11  0.2311  4.423035   -9.600  3.097931  8.399578  0.0000000E+00  4.7217926E-02  3.6439032E-01  7.3510860E-11  7.2715247E-11  5.8827431E-01  1.2122114E-14  8.1622830E-11  1.0216005E-04  9.2061016E-06  1.217E-15  8.870E-06  9.773E-04  9.260E-01  1.110E+00  3.56E+02  0.00E+00  1.68E+02  0.654341  0.322335  0.0000000E+00  4.6354349641E-01
341  8.378243870618827E+06   24.998908  5.490314  4.419759  6.9703230E-01  3.0295463E-01  6.1659405E-08  1.2953794E-08  4.0993364E-06  3.8455352E-06  2.9006629E-08  1.0383217E-10  6.7422437E-07  5.4975319E-09  9.062E-11  0.2306  4.419759   -9.612  3.109930  8.402938  0.0000000E+00  4.2505205E-02  3.5274320E-01  6.4943476E-11  7.6426710E-11  6.0461270E-01  1.2569620E-14  8.4325499E-11  1.2347258E-04  8.9254771E-06  1.286E-15  8.915E-06  9.913E-04  9.217E-01  1.118E+00  3.53E+02  0.00E+00  1.71E+02  0.670234  0.322709  0.0000000E+00  4.6354299913E-01
342  8.383409826104302E+06   24.998907  5.490892  4.416460  6.9701480E-01  3.0297210E-01  6.1646233E-08  1.2951981E-08  4.0996044E-06  3.8452458E-06  2.9004957E-08  1.0380144E-10  6.7419216E-07  5.4966953E-09  9.021E-11  0.2308  4.416460   -9.626  3.121534  8.406764  0.0000000E+00  3.7792483E-02  3.3974155E-01  5.7292548E-11  1.0714749E-10  6.2229759E-01  1.5189314E-14  9.9489465E-11  1.5275333E-04  8.5819959E-06  1.517E-15  8.790E-06  1.007E-03  9.201E-01  1.120E+00  3.51E+02  0.00E+00  1.72E+02  0.675659  0.323135  0.0000000E+00  4.6354245919E-01
343  8.388122800163458E+06   24.998905  5.491511  4.413514  6.9700610E-01  3.0298080E-01  6.1639674E-08  1.2951078E-08  4.0997378E-06  3.8451016E-06  2.9004125E-08  1.0378613E-10  6.7417611E-07  5.4962788E-09  8.982E-11  0.2295  4.413514   -9.639  3.134045  8.410862  0.0000000E+00  3.3079762E-02  3.2738864E-01  4.4677395E-11  2.6979797E-11  6.3932817E-01  4.6561991E-15  2.7720561E-11  1.8758383E-04  8.2158864E-06  1.108E-15  8.628E-06  1.025E-03  9.196E-01  1.121E+00  3.48E+02  0.00E+00  1.71E+02  0.677304  0.323595  0.0000000E+00  4.6354197499E-01
344  8.392880429434532E+06   24.998904  5.492055  4.410319  6.9700040E-01  3.0298655E-01  6.1635370E-08  1.2950486E-08  4.0998253E-06  3.8450071E-06  2.9003579E-08  1.0377609E-10  6.7416559E-07  5.4960054E-09  8.942E-11  0.2294  4.410319   -9.654  3.148704  8.415626  0.0000000E+00  2.8367041E-02  3.1457304E-01  3.5900213E-11  9.0853458E-12  6.5680980E-01  3.6828368E-15  9.1836710E-12  2.3397789E-04  7.7935503E-06  9.591E-16  8.444E-06  1.047E-03  9.194E-01  1.122E+00  3.46E+02  0.00E+00  1.70E+02  0.678081  0.323999  0.0000000E+00  4.6354149715E-01
345  8.397444074046090E+06   24.998903  5.492640  4.406854  6.9699620E-01  3.0299070E-01  6.1632231E-08  1.2950054E-08  4.0998892E-06  3.8449381E-06  2.9003180E-08  1.0376876E-10  6.7415792E-07  5.4958061E-09  8.904E-11  0.2278  4.406854   -9.671  3.165504  8.421081  0.0000000E+00  2.3654320E-02  3.0182026E-01  3.1441702E-11  4.0220437E-11  6.7421407E-01  5.9473239E-15  3.9245058E-11  2.9481516E-04  7.3238729E-06  7.120E-16  8.209E-06  1.073E-03  9.200E-01  1.121E+00  3.43E+02  0.00E+00  1.68E+02  0.676234  0.324436  0.0000000E+00  4.6354105215E-01
346  8.402450348283503E+06   24.998902  5.493491  4.402900  6.9699039E-01  3.0299660E-01  6.1627832E-08  1.2949449E-08  4.0999787E-06  3.8448415E-06  2.9002622E-08  1.0375849E-10  6.7414716E-07  5.4955266E-09  8.863E-11  0.2255  4.402900   -9.692  3.185751  8.427637  0.0000000E+00  1.8941599E-02  2.8768473E-01  2.5129391E-11  4.3692782E-11  6.9296832E-01  7.4807266E-15  5.1642234E-11  3.8818155E-04  6.7447731E-06  7.989E-16  7.827E-06  1.105E-03  9.229E-01  1.116E+00  3.39E+02  0.00E+00  1.63E+02  0.665704  0.325070  0.0000000E+00  4.6354058951E-01
347  8.407188355885221E+06   24.998901  5.494274  4.397670  6.9698760E-01  3.0299930E-01  6.1625770E-08  1.2949165E-08  4.1000206E-06  3.8447961E-06  2.9002360E-08  1.0375368E-10  6.7414211E-07  5.4953958E-09  8.823E-11  0.2247  4.397670   -9.718  3.210479  8.435594  0.0000000E+00  1.4228877E-02  2.7387755E-01  1.8831884E-11  1.8606058E-11  7.1135370E-01  3.7408930E-15  2.4132823E-11  5.2174431E-04  6.1024876E-06  6.074E-16  7.547E-06  1.145E-03  9.228E-01  1.116E+00  3.35E+02  0.00E+00  1.61E+02  0.666285  0.325656  0.0000000E+00  4.6354017039E-01
348  8.411904696271550E+06   24.998901  5.494882  4.391378  6.9698560E-01  3.0300130E-01  6.1624282E-08  1.2948960E-08  4.1000509E-06  3.8447634E-06  2.9002172E-08  1.0375021E-10  6.7413847E-07  5.4953012E-09  8.783E-11  0.2229  4.391378   -9.751  3.243863  8.446322  0.0000000E+00  9.5161561E-03  2.5994774E-01  1.6218137E-11  8.5042303E-11  7.2977354E-01  9.2756104E-15  7.5770599E-11  7.4266288E-04  5.3476737E-06  4.643E-16  7.190E-06  1.202E-03  9.234E-01  1.115E+00  3.30E+02  0.00E+00  1.58E+02  0.664100  0.326112  0.0000000E+00  4.6353977573E-01
349  8.417163663787296E+06   24.998900  5.496727  4.381667  6.9698370E-01  3.0300320E-01  6.1622834E-08  1.2948760E-08  4.1000804E-06  3.8447316E-06  2.9001988E-08  1.0374682E-10  6.7413493E-07  5.4952093E-09  8.739E-11  0.2186  4.381667   -9.803  3.296603  8.463184  0.0000000E+00  4.8034348E-03  2.4497548E-01  9.5258496E-12  5.8202088E-13  7.4897181E-01  3.4622651E-16  4.6498877E-13  1.2246312E-03  4.3553611E-06  5.378E-16  6.612E-06  1.299E-03  9.254E-01  1.112E+00  3.22E+02  0.00E+00  1.52E+02  0.656541  0.327500  0.0000000E+00  4.6353937161E-01
350  8.422878198494447E+06   24.998899  5.500756  4.359812  6.9698100E-01  3.0300590E-01  6.1620825E-08  1.2948484E-08  4.1001212E-06  3.8446875E-06  2.9001733E-08  1.0374214E-10  6.7413002E-07  5.4950816E-09  8.692E-11  0.1813  4.359812   -9.928  3.485552  8.522942  0.0000000E+00  9.0713590E-05  2.3198907E-01  8.8577515E-12  6.0542667E-19  7.6480954E-01  4.9558667E-18  6.4806252E-16  3.0592385E-03  2.9994363E-06  3.337E-16  5.461E-06  1.721E-03  9.303E-01  1.105E+00  3.05E+02  0.00E+00  1.40E+02  0.638219  0.330552  0.0000000E+00  4.6353900209E-01
351  8.422900087935263E+06   24.998899  5.500728  4.359663  6.9698100E-01  3.0300590E-01  6.1620815E-08  1.2948482E-08  4.1001214E-06  3.8446873E-06  2.9001731E-08  1.0374211E-10  6.7412999E-07  5.4950809E-09  8.692E-11  0.1812  4.359663   -9.929  3.487374  8.523510  0.0000000E+00  8.6177911E-05  2.3197907E-01  8.6572197E-12  6.5059683E-19  7.6481815E-01  4.9299458E-18  6.4375763E-16  3.0650721E-03  2.9975322E-06  3.335E-16  5.456E-06  1.726E-03  9.303E-01  1.105E+00  3.05E+02  0.00E+00  1.39E+02  0.638227  0.330531  0.0000000E+00  4.6353900088E-01
352  8.422945555244477E+06   24.998899  5.500668  4.359352  6.9698100E-01  3.0300590E-01  6.1620794E-08  1.2948480E-08  4.1001218E-06  3.8446868E-06  2.9001729E-08  1.0374206E-10  6.7412994E-07  5.4950796E-09  8.691E-11  0.1829  4.359352   -9.931  3.491235  8.524720  0.0000000E+00  7.7106552E-05  2.3195915E-01  8.4594271E-12  7.2447275E-19  7.6483511E-01  4.8766282E-18  6.3861793E-16  3.0768949E-03  2.9937093E-06  3.332E-16  5.444E-06  1.736E-03  9.303E-01  1.105E+00  3.05E+02  0.00E+00  1.39E+02  0.638207  0.330486  0.0000000E+00  4.6353899839E-01
353  8.422994456314240E+06   24.998899  5.500605  4.359021  6.9698100E-01  3.0300590E-01  6.1620770E-08  1.2948476E-08  4.1001223E-06  3.8446863E-06  2.9001726E-08  1.0374201E-10  6.7412988E-07  5.4950782E-09  8.691E-11  0.1836  4.359021   -9.934  3.495721  8.526141  0.0000000E+00  6.8035193E-05  2.3193942E-01  8.5172263E-12  7.7497417E-19  7.6485155E-01  4.8204576E-18  6.3950166E-16  3.0890413E-03  2.9898565E-06  3.329E-16  5.425E-06  1.748E-03  9.305E-01  1.105E+00  3.04E+02  0.00E+00  1.39E+02  0.637441  0.330437  0.0000000E+00  4.6353899571E-01
354  8.423048347826077E+06   24.998899  5.500532  4.358693  6.9698090E-01  3.0300600E-01  6.1620743E-08  1.2948473E-08  4.1001228E-06  3.8446857E-06  2.9001722E-08  1.0374195E-10  6.7412982E-07  5.4950765E-09  8.691E-11  0.1835  4.358693   -9.936  3.500451  8.527623  0.0000000E+00  5.8963834E-05  2.3191994E-01  8.6984934E-12  8.1402559E-19  7.6486738E-01  4.7610232E-18  6.4639677E-16  3.1015685E-03  2.9859697E-06  3.325E-16  5.409E-06  1.760E-03  9.306E-01  1.104E+00  3.04E+02  0.00E+00  1.39E+02  0.637025  0.330382  0.0000000E+00  4.6353899279E-01
355  8.423141292642962E+06   24.998899  5.500396  4.358088  6.9698087E-01  3.0300603E-01  6.1620692E-08  1.2948466E-08  4.1001239E-06  3.8446846E-06  2.9001716E-08  1.0374183E-10  6.7412969E-07  5.4950732E-09  8.690E-11  0.1852  4.358088   -9.941  3.508653  8.530204  0.0000000E+00  4.9892475E-05  2.3190130E-01  8.6326048E-12  9.1675301E-19  7.6488096E-01  4.7073147E-18  6.5157522E-16  3.1154664E-03  2.9820095E-06  3.322E-16  5.369E-06  1.782E-03  9.310E-01  1.104E+00  3.04E+02  0.00E+00  1.38E+02  0.635166  0.330278  0.0000000E+00  4.6353898778E-01
356  8.423213776869992E+06   24.998899  5.500282  4.357586  6.9698080E-01  3.0300610E-01  6.1620655E-08  1.2948460E-08  4.1001246E-06  3.8446838E-06  2.9001711E-08  1.0374174E-10  6.7412960E-07  5.4950708E-09  8.689E-11  0.1856  4.357586   -9.944  3.515382  8.532335  0.0000000E+00  4.0821116E-05  2.3188230E-01  8.8226223E-12  9.7848881E-19  7.6489549E-01  4.6473225E-18  6.6064585E-16  3.1287864E-03  2.9780838E-06  3.319E-16  5.344E-06  1.800E-03  9.313E-01  1.103E+00  3.03E+02  0.00E+00  1.38E+02  0.634383  0.330191  0.0000000E+00  4.6353898392E-01
357  8.423299546592340E+06   24.998899  5.500147  4.356985  6.9698080E-01  3.0300616E-01  6.1620619E-08  1.2948456E-08  4.1001254E-06  3.8446830E-06  2.9001707E-08  1.0374166E-10  6.7412952E-07  5.4950686E-09  8.688E-11  0.1873  4.356985   -9.948  3.523398  8.534866  0.0000000E+00  3.1749757E-05  2.3186365E-01  9.1855262E-12  1.0447975E-18  7.6490907E-01  4.5817436E-18  6.7911918E-16  3.1426887E-03  2.9741145E-06  3.316E-16  5.333E-06  1.821E-03  9.311E-01  1.103E+00  3.03E+02  0.00E+00  1.38E+02  0.635343  0.330089  0.0000000E+00  4.6353897940E-01
358  8.423405492482485E+06   24.998899  5.499974  4.356099  6.9698070E-01  3.0300620E-01  6.1620577E-08  1.2948450E-08  4.1001262E-06  3.8446821E-06  2.9001701E-08  1.0374156E-10  6.7412941E-07  5.4950659E-09  8.688E-11  0.1507  4.356099   -9.955  3.533349  8.538002  0.0000000E+00  2.2678398E-05  2.3184543E-01  9.7271791E-12  1.1324791E-18  7.6492155E-01  4.5089649E-18  7.0938812E-16  3.1572718E-03  2.9700988E-06  3.312E-16  5.287E-06  1.848E-03  9.314E-01  1.104E+00  3.02E+02  0.00E+00  1.37E+02  0.633855  0.329958  0.0000000E+00  4.6353897385E-01
359  8.423455969772207E+06   24.998899  5.499887  4.355725  6.9698070E-01  3.0300620E-01  6.1620555E-08  1.2948447E-08  4.1001267E-06  3.8446815E-06  2.9001698E-08  1.0374150E-10  6.7412935E-07  5.4950645E-09  8.687E-11  0.1418  4.355725   -9.956  3.538295  8.539572  0.0000000E+00  1.8142718E-05  2.3183650E-01  1.0302747E-11  1.1021392E-18  7.6492730E-01  4.4688814E-18  7.3070065E-16  3.1648642E-03  2.9680711E-06  3.310E-16  5.270E-06  1.863E-03  9.315E-01  1.103E+00  3.02E+02  0.00E+00  1.37E+02  0.633356  0.329891  0.0000000E+00  4.6353897123E-01
360  8.423509046925256E+06   24.998899  5.499792  4.355298  6.9698070E-01  3.0300630E-01  6.1620531E-08  1.2948444E-08  4.1001272E-06  3.8446810E-06  2.9001696E-08  1.0374145E-10  6.7412930E-07  5.4950630E-09  8.687E-11  0.1270  4.355298   -9.959  3.543504  8.541215  0.0000000E+00  1.3607039E-05  2.3182794E-01  1.1068282E-11  1.0439619E-18  7.6493209E-01  4.4251168E-18  7.6001703E-16  3.1730549E-03  2.9660204E-06  3.309E-16  5.249E-06  1.877E-03  9.317E-01  1.103E+00  3.02E+02  0.00E+00  1.37E+02  0.632703  0.329819  0.0000000E+00  4.6353896850E-01
361  8.423526188026510E+06   24.998899  5.499761  4.355161  6.9698066E-01  3.0300630E-01  6.1620523E-08  1.2948443E-08  4.1001274E-06  3.8446808E-06  2.9001695E-08  1.0374143E-10  6.7412928E-07  5.4950625E-09  8.687E-11  0.0810  4.355161   -9.960  3.545287  8.541773  0.0000000E+00  9.0713594E-06  2.3182368E-01  1.2491389E-11  1.0120593E-18  7.6492545E-01  4.3756097E-18  8.2540012E-16  3.1882800E-03  2.9637898E-06  3.307E-16  5.241E-06  1.883E-03  9.317E-01  1.103E+00  3.02E+02  0.00E+00  1.37E+02  0.632456  0.329795  0.0000000E+00  4.6353896763E-01
362  8.423543329127764E+06   24.998899  5.499729  4.355025  6.9698063E-01  3.0300630E-01  6.1620515E-08  1.2948442E-08  4.1001275E-06  3.8446807E-06  2.9001694E-08  1.0374141E-10  6.7412926E-07  5.4950620E-09  8.686E-11  0.0350  4.355025   -9.961  3.547071  8.542332  0.0000000E+00  4.5356799E-06  2.3181942E-01  1.3914496E-11  9.8015671E-19  7.6491881E-01  4.3261026E-18  8.9078321E-16  3.2035051E-03  2.9615593E-06  3.305E-16  5.234E-06  1.888E-03  9.318E-01  1.102E+00  3.02E+02  0.00E+00  1.36E+02  0.632209  0.329771  0.0000000E+00  4.6353896675E-01
363  8.432144988409614E+06   24.998898  5.503546  4.264081  6.9653360E-01  3.0345330E-01  6.1293719E-08  1.2903413E-08  4.1068674E-06  3.8373914E-06  2.8959093E-08  1.0297664E-10  6.7331554E-07  5.4741542E-09  8.711E-11  0.0000  4.264081  -10.614  4.285727  8.742328  0.0000000E+00  1.0004680E-14  2.3181326E-01  1.4962210E-11  9.5666952E-19  7.6491051E-01  4.2896547E-18  9.3891931E-16  3.2222782E-03  2.9599171E-06  3.303E-16  2.086E-06  5.865E-03  9.615E-01  1.112E+00  2.42E+02  0.00E+00  8.22E+01  0.490208  0.332594  0.0000000E+00  4.6353875551E-01
364  8.432559936186530E+06   24.998898  5.425899  4.168872  6.9645920E-01  3.0352770E-01  6.1240396E-08  1.2896060E-08  4.1079775E-06  3.8361898E-06  2.8952015E-08  1.0285163E-10  6.7318115E-07  5.4707255E-09  8.724E-11  0.0000  4.168872   -8.931  4.255779  8.725029  0.0000000E+00  5.5846580E-15  2.3181280E-01  1.4962210E-11  9.5666952E-19  7.6491021E-01  4.2896547E-18  9.3891931E-16  3.2230318E-03  2.9599171E-06  3.303E-16  9.067E-07  5.603E-03  9.793E-01  1.053E+00  2.02E+02  0.00E+00  5.03E+01  0.366254  0.278131  0.0000000E+00  4.6353869346E-01
365  8.433353676155696E+06   24.998897  5.462945  3.910789  6.9625230E-01  3.0373470E-01  6.1094579E-08  1.2875942E-08  4.1110386E-06  3.8328741E-06  2.8932349E-08  1.0250919E-10  6.7280968E-07  5.4613073E-09  8.762E-11  0.0000  3.910789   -9.055  4.306841  8.734712  0.0000000E+00  7.7260600E-15  2.3181219E-01  1.4962210E-11  9.5666952E-19  7.6490981E-01  4.2896547E-18  9.3891931E-16  3.2240388E-03  2.9599171E-06  3.303E-16  1.123E-07  6.060E-03  9.872E-01  1.051E+00  1.09E+02  0.00E+00  2.13E+01  0.289943  0.302861  0.0000000E+00  4.6353834043E-01
366  8.433705387462724E+06   24.998877  5.447057  3.895061  6.9614760E-01  3.0383940E-01  6.1021687E-08  1.2865880E-08  4.1125775E-06  3.8312063E-06  2.8922412E-08  1.0233782E-10  6.7262263E-07  5.4565848E-09  8.781E-11  0.0000  3.895061   -6.954  4.344651  8.744315  0.0000000E+00  1.0731390E-14  2.3181151E-01  1.4962210E-11  9.5666952E-19  7.6490936E-01  4.2896547E-18  9.3891931E-16  3.2251709E-03  2.9599171E-06  3.303E-16  1.035E-07  6.422E-03  9.872E-01  1.051E+00  1.06E+02  0.00E+00  2.07E+01  0.289844  0.291963  0.0000000E+00  4.6352701853E-01
367  8.433865376977786E+06   24.998872  5.423757  3.914151  6.9612040E-01  3.0386660E-01  6.1002801E-08  1.2863273E-08  4.1129768E-06  3.8307735E-06  2.8919829E-08  1.0229341E-10  6.7257407E-07  5.4553603E-09  8.785E-11  0.0000  3.914151   -9.137  4.365095  8.749689  0.0000000E+00  1.2938560E-14  2.3181092E-01  1.4962210E-11  9.5666952E-19  7.6490898E-01  4.2896547E-18  9.3891931E-16  3.2261408E-03  2.9599171E-06  3.303E-16  1.281E-07  6.626E-03  9.861E-01  1.054E+00  1.12E+02  0.00E+00  2.29E+01  0.301564  0.276707  0.0000000E+00  4.6352457734E-01
368  8.435495174631795E+06   24.998698  5.396433  3.819861  6.9561660E-01  3.0437030E-01  6.0656317E-08  1.2815431E-08  4.1203362E-06  3.8227937E-06  2.8872050E-08  1.0147783E-10  6.7167798E-07  5.4328422E-09  8.880E-11  0.0000  3.819861   -6.428  4.690697  8.816769  0.0000000E+00  1.3876450E-13  2.3146160E-01  1.4962210E-11  9.5666952E-19  7.6467740E-01  4.2896547E-18  9.3891931E-16  3.8063890E-03  2.9599171E-06  3.303E-16  4.828E-08  1.092E-02  9.934E-01  1.025E+00  9.14E+01  0.00E+00  1.29E+01  0.209498  0.259759  0.0000000E+00  4.6343782423E-01
369  8.435673820016919E+06   24.998628  5.403094  3.812270  6.9554910E-01  3.0443790E-01  6.0610248E-08  1.2809069E-08  4.1213187E-06  3.8217279E-06  2.8865647E-08  1.0136930E-10  6.7155820E-07  5.4298423E-09  8.894E-11  0.0000  3.812270   -6.400  4.765197  8.828298  0.0000000E+00  2.1163130E-13  2.3101879E-01  1.4962210E-11  9.5666952E-19  7.6438364E-01  4.2896547E-18  9.3891931E-16  4.5420854E-03  2.9599171E-06  3.303E-16  4.396E-08  1.225E-02  9.938E-01  1.023E+00  8.95E+01  0.00E+00  1.22E+01  0.203427  0.263764  0.0000000E+00  4.6340672556E-01
370  8.435888257697372E+06   24.998543  5.409336  3.821120  6.9545930E-01  3.0452770E-01  6.0549123E-08  1.2800626E-08  4.1226238E-06  3.8203122E-06  2.8857136E-08  1.0122527E-10  6.7139904E-07  5.4258602E-09  8.912E-11  0.0000  3.821120   -6.402  4.899559  8.848442  0.0000000E+00  4.4240620E-13  2.2862441E-01  1.4962210E-11  9.5666952E-19  7.6279563E-01  4.2896547E-18  9.3891931E-16  8.5177319E-03  2.9599171E-06  3.303E-16  4.981E-08  1.505E-02  9.928E-01  1.027E+00  9.10E+01  0.00E+00  1.34E+01  0.218979  0.267570  0.0000000E+00  4.6336747045E-01
371  8.436053125929452E+06   24.998493  5.411693  3.832875  6.9539931E-01  3.0458768E-01  6.0508335E-08  1.2794993E-08  4.1234955E-06  3.8193665E-06  2.8851448E-08  1.0112914E-10  6.7129272E-07  5.4232019E-09  8.924E-11  0.0000  3.832875   -6.895  5.089587  8.882444  0.0000000E+00  1.3738772E-12  2.1339561E-01  1.4962210E-11  9.5666952E-19  7.5274303E-01  4.2896547E-18  9.3891931E-16  3.3676827E-02  2.9599171E-06  3.303E-16  5.866E-08  2.015E-02  9.914E-01  1.032E+00  9.35E+01  0.00E+00  1.50E+01  0.238382  0.269017  0.0000000E+00  4.6334326318E-01
372  8.436071678159200E+06   24.998491  5.411860  3.834347  6.9539349E-01  3.0459341E-01  6.0504430E-08  1.2794453E-08  4.1235790E-06  3.8192759E-06  2.8850902E-08  1.0111994E-10  6.7128253E-07  5.4229474E-09  8.925E-11  0.0000  3.834347   -6.897  5.120067  8.889883  0.0000000E+00  1.7006174E-12  2.0578122E-01  1.4962210E-11  9.5666952E-19  7.4774761E-01  4.2896547E-18  9.3891931E-16  4.6176999E-02  2.9599171E-06  3.303E-16  5.981E-08  2.111E-02  9.913E-01  1.033E+00  9.38E+01  0.00E+00  1.52E+01  0.240647  0.269119  0.0000000E+00  4.6334206635E-01
373  8.436083663646528E+06   24.998489  5.411943  3.835299  6.9538985E-01  3.0459710E-01  6.0501950E-08  1.2794111E-08  4.1236320E-06  3.8192184E-06  2.8850556E-08  1.0111409E-10  6.7127606E-07  5.4227858E-09  8.926E-11  0.0000  3.835299   -6.899  5.139205  8.895351  0.0000000E+00  1.9531548E-12  1.9816682E-01  1.4962210E-11  9.5666952E-19  7.4277195E-01  4.2896547E-18  9.3891931E-16  5.8626815E-02  2.9599171E-06  3.303E-16  6.056E-08  2.174E-02  9.912E-01  1.034E+00  9.40E+01  0.00E+00  1.53E+01  0.242091  0.269170  0.0000000E+00  4.6334129244E-01
374  8.436092473461473E+06   24.998488  5.411986  3.835996  6.9538722E-01  3.0459978E-01  6.0500143E-08  1.2793861E-08  4.1236706E-06  3.8191765E-06  2.8850304E-08  1.0110984E-10  6.7127135E-07  5.4226680E-09  8.926E-11  0.0000  3.835996   -6.900  5.152087  8.899647  0.0000000E+00  2.1414384E-12  1.9055242E-01  1.4962210E-11  9.5666952E-19  7.3781578E-01  4.2896547E-18  9.3891931E-16  7.1027176E-02  2.9599171E-06  3.303E-16  6.110E-08  2.218E-02  9.911E-01  1.034E+00  9.41E+01  0.00E+00  1.54E+01  0.243069  0.269196  0.0000000E+00  4.6334072346E-01
375  8.436099533734089E+06   24.998487  5.412001  3.836551  6.9538510E-01  3.0460190E-01  6.0498698E-08  1.2793662E-08  4.1237015E-06  3.8191430E-06  2.8850102E-08  1.0110643E-10  6.7126758E-07  5.4225738E-09  8.927E-11  0.0000  3.836551   -6.901  5.160915  8.903037  0.0000000E+00  2.2615525E-12  1.8293802E-01  1.4962210E-11  9.5666952E-19  7.3287892E-01  4.2896547E-18  9.3891931E-16  8.3378680E-02  2.9599171E-06  3.303E-16  6.155E-08  2.248E-02  9.910E-01  1.034E+00  9.42E+01  0.00E+00  1.55E+01  0.243917  0.269205  0.0000000E+00  4.6334026756E-01
376  8.436105670416426E+06   24.998486  5.411993  3.837030  6.9538320E-01  3.0460372E-01  6.0497447E-08  1.2793489E-08  4.1237283E-06  3.8191139E-06  2.8849928E-08  1.0110348E-10  6.7126431E-07  5.4224923E-09  8.927E-11  0.0000  3.837030   -6.902  5.167343  8.905724  0.0000000E+00  2.2925213E-12  1.7532362E-01  1.4962210E-11  9.5666952E-19  7.2796198E-01  4.2896547E-18  9.3891931E-16  9.5679913E-02  2.9599171E-06  3.303E-16  6.191E-08  2.270E-02  9.910E-01  1.034E+00  9.44E+01  0.00E+00  1.55E+01  0.244535  0.269200  0.0000000E+00  4.6333987147E-01
377  8.436111361235194E+06   24.998486  5.411966  3.837468  6.9538155E-01  3.0460545E-01  6.0496295E-08  1.2793330E-08  4.1237530E-06  3.8190872E-06  2.8849767E-08  1.0110077E-10  6.7126131E-07  5.4224172E-09  8.927E-11  0.0000  3.837468   -6.903  5.172638  8.907920  0.0000000E+00  2.2754867E-12  1.6770922E-01  1.4962210E-11  9.5666952E-19  7.2306539E-01  4.2896547E-18  9.3891931E-16  1.0792991E-01  2.9599171E-06  3.303E-16  6.227E-08  2.289E-02  9.909E-01  1.034E+00  9.45E+01  0.00E+00  1.56E+01  0.245164  0.269183  0.0000000E+00  4.6333950429E-01
378  8.436116820240082E+06   24.998485  5.411927  3.837885  6.9537990E-01  3.0460701E-01  6.0495206E-08  1.2793180E-08  4.1237762E-06  3.8190619E-06  2.8849615E-08  1.0109820E-10  6.7125846E-07  5.4223462E-09  8.928E-11  0.0000  3.837885   -6.904  5.177410  8.909691  0.0000000E+00  2.2160125E-12  1.6009483E-01  1.4962210E-11  9.5666952E-19  7.1818914E-01  4.2896547E-18  9.3891931E-16  1.2012877E-01  2.9599171E-06  3.303E-16  6.261E-08  2.305E-02  9.909E-01  1.035E+00  9.45E+01  0.00E+00  1.56E+01  0.245752  0.269159  0.0000000E+00  4.6333915219E-01
379  8.436122174475010E+06   24.998484  5.411884  3.838290  6.9537836E-01  3.0460860E-01  6.0494145E-08  1.2793033E-08  4.1237989E-06  3.8190373E-06  2.8849467E-08  1.0109569E-10  6.7125570E-07  5.4222770E-09  8.928E-11  0.0000  3.838290   -6.905  5.182380  8.911270  0.0000000E+00  2.1342180E-12  1.5248043E-01  1.4962210E-11  9.5666952E-19  7.1333326E-01  4.2896547E-18  9.3891931E-16  1.3227644E-01  2.9599171E-06  3.303E-16  6.293E-08  2.323E-02  9.908E-01  1.035E+00  9.46E+01  0.00E+00  1.57E+01  0.246293  0.269132  0.0000000E+00  4.6333880704E-01
380  8.436127465512868E+06   24.998484  5.411844  3.838692  6.9537684E-01  3.0461016E-01  6.0493096E-08  1.2792888E-08  4.1238214E-06  3.8190130E-06  2.8849320E-08  1.0109323E-10  6.7125296E-07  5.4222086E-09  8.928E-11  0.0000  3.838692   -6.905  5.188077  8.912845  0.0000000E+00  2.0454665E-12  1.4486603E-01  1.4962210E-11  9.5666952E-19  7.0849770E-01  4.2896547E-18  9.3891931E-16  1.4437306E-01  2.9599171E-06  3.303E-16  6.322E-08  2.344E-02  9.908E-01  1.035E+00  9.47E+01  0.00E+00  1.57E+01  0.246740  0.269107  0.0000000E+00  4.6333846623E-01
381  8.436132747668164E+06   24.998483  5.411798  3.839089  6.9537530E-01  3.0461170E-01  6.0492049E-08  1.2792744E-08  4.1238437E-06  3.8189887E-06  2.8849174E-08  1.0109076E-10  6.7125023E-07  5.4221404E-09  8.929E-11  0.0000  3.839089   -6.906  5.194251  8.914257  0.0000000E+00  1.9385402E-12  1.3725163E-01  1.4962210E-11  9.5666952E-19  7.0368240E-01  4.2896547E-18  9.3891931E-16  1.5641878E-01  2.9599171E-06  3.303E-16  6.354E-08  2.366E-02  9.908E-01  1.035E+00  9.48E+01  0.00E+00  1.58E+01  0.247269  0.269078  0.0000000E+00  4.6333812627E-01
382  8.436143489465281E+06   24.998482  5.411740  3.839899  6.9537211E-01  3.0461480E-01  6.0489918E-08  1.2792450E-08  4.1238893E-06  3.8189392E-06  2.8848877E-08  1.0108573E-10  6.7124467E-07  5.4220014E-09  8.929E-11  0.0000  3.839899   -6.908  5.209503  8.916965  0.0000000E+00  1.7021927E-12  1.2202284E-01  1.4962210E-11  9.5666952E-19  6.9411260E-01  4.2896547E-18  9.3891931E-16  1.8035762E-01  2.9599171E-06  3.303E-16  6.417E-08  2.422E-02  9.907E-01  1.035E+00  9.50E+01  0.00E+00  1.59E+01  0.248287  0.269042  0.0000000E+00  4.6333743584E-01
383  8.436149025233518E+06   24.998481  5.411715  3.840313  6.9537053E-01  3.0461647E-01  6.0488829E-08  1.2792299E-08  4.1239126E-06  3.8189140E-06  2.8848725E-08  1.0108317E-10  6.7124183E-07  5.4219305E-09  8.930E-11  0.0000  3.840313   -6.909  5.218530  8.918119  0.0000000E+00  1.5663407E-12  1.1440844E-01  1.4962210E-11  9.5666952E-19  6.8935798E-01  4.2896547E-18  9.3891931E-16  1.9225110E-01  2.9599171E-06  3.303E-16  6.449E-08  2.456E-02  9.907E-01  1.036E+00  9.51E+01  0.00E+00  1.59E+01  0.248782  0.269026  0.0000000E+00  4.6333708040E-01
384  8.436154768026745E+06   24.998480  5.411701  3.840743  6.9536890E-01  3.0461808E-01  6.0487706E-08  1.2792144E-08  4.1239366E-06  3.8188879E-06  2.8848567E-08  1.0108052E-10  6.7123890E-07  5.4218573E-09  8.930E-11  0.0000  3.840743   -6.910  5.229047  8.919240  0.0000000E+00  1.4271195E-12  1.0679404E-01  1.4962210E-11  9.5666952E-19  6.8462357E-01  4.2896547E-18  9.3891931E-16  2.0409391E-01  2.9599171E-06  3.303E-16  6.482E-08  2.496E-02  9.906E-01  1.036E+00  9.52E+01  0.00E+00  1.60E+01  0.249318  0.269017  0.0000000E+00  4.6333671191E-01
385  8.436160783857960E+06   24.998480  5.411699  3.841192  6.9536719E-01  3.0461981E-01  6.0486533E-08  1.2791982E-08  4.1239617E-06  3.8188607E-06  2.8848403E-08  1.0107776E-10  6.7123583E-07  5.4217808E-09  8.930E-11  0.0000  3.841192   -6.910  5.241092  8.920236  0.0000000E+00  1.2815251E-12  9.9179641E-02  1.4962210E-11  9.5666952E-19  6.7990939E-01  4.2896547E-18  9.3891931E-16  2.1588604E-01  2.9599171E-06  3.303E-16  6.518E-08  2.542E-02  9.906E-01  1.036E+00  9.53E+01  0.00E+00  1.60E+01  0.249902  0.269015  0.0000000E+00  4.6333632620E-01
386  8.436167178587461E+06   24.998479  5.411707  3.841669  6.9536530E-01  3.0462170E-01  6.0485283E-08  1.2791809E-08  4.1239885E-06  3.8188317E-06  2.8848228E-08  1.0107481E-10  6.7123258E-07  5.4216992E-09  8.931E-11  0.0000  3.841669   -6.911  5.255261  8.921210  0.0000000E+00  1.1367084E-12  9.1565243E-02  1.4962210E-11  9.5666952E-19  6.7521534E-01  4.2896547E-18  9.3891931E-16  2.2762772E-01  2.9599171E-06  3.303E-16  6.550E-08  2.598E-02  9.905E-01  1.036E+00  9.54E+01  0.00E+00  1.61E+01  0.250287  0.269020  0.0000000E+00  4.6333591648E-01
387  8.436174000268174E+06   24.998478  5.411743  3.842183  6.9536320E-01  3.0462370E-01  6.0483875E-08  1.2791615E-08  4.1240186E-06  3.8187990E-06  2.8848032E-08  1.0107149E-10  6.7122890E-07  5.4216075E-09  8.931E-11  0.0000  3.842183   -6.912  5.271895  8.922214  0.0000000E+00  9.9575887E-13  8.3950844E-02  1.4962210E-11  9.5666952E-19  6.7054145E-01  4.2896547E-18  9.3891931E-16  2.3931895E-01  2.9599171E-06  3.303E-16  6.579E-08  2.665E-02  9.905E-01  1.036E+00  9.55E+01  0.00E+00  1.61E+01  0.250524  0.269042  0.0000000E+00  4.6333548036E-01
388  8.436181338375179E+06   24.998477  5.411795  3.842736  6.9536090E-01  3.0462610E-01  6.0482273E-08  1.2791394E-08  4.1240528E-06  3.8187619E-06  2.8847809E-08  1.0106771E-10  6.7122472E-07  5.4215031E-09  8.931E-11  0.0000  3.842736   -6.913  5.291252  8.923217  0.0000000E+00  8.5827780E-13  7.6336446E-02  1.4962210E-11  9.5666952E-19  6.6588772E-01  4.2896547E-18  9.3891931E-16  2.5095971E-01  2.9599171E-06  3.303E-16  6.609E-08  2.745E-02  9.905E-01  1.036E+00  9.56E+01  0.00E+00  1.61E+01  0.250724  0.269074  0.0000000E+00  4.6333501246E-01
389  8.436189283709360E+06   24.998476  5.411872  3.843339  6.9535820E-01  3.0462880E-01  6.0480444E-08  1.2791141E-08  4.1240920E-06  3.8187194E-06  2.8847553E-08  1.0106340E-10  6.7121994E-07  5.4213838E-09  8.932E-11  0.0000  3.843339   -6.914  5.314014  8.924369  0.0000000E+00  7.2950219E-13  6.8722048E-02  1.4962210E-11  9.5666952E-19  6.6125409E-01  4.2896547E-18  9.3891931E-16  2.6255016E-01  2.9599171E-06  3.303E-16  6.634E-08  2.843E-02  9.905E-01  1.036E+00  9.58E+01  0.00E+00  1.62E+01  0.250685  0.269121  0.0000000E+00  4.6333450757E-01
390  8.436197888001079E+06   24.998475  5.411973  3.843995  6.9535510E-01  3.0463190E-01  6.0478358E-08  1.2790852E-08  4.1241365E-06  3.8186710E-06  2.8847261E-08  1.0105849E-10  6.7121450E-07  5.4212478E-09  8.933E-11  0.0000  3.843995   -6.916  5.340743  8.925803  0.0000000E+00  6.1164133E-13  6.1107650E-02  1.4962210E-11  9.5666952E-19  6.5664037E-01  4.2896547E-18  9.3891931E-16  2.7409082E-01  2.9599171E-06  3.303E-16  6.660E-08  2.962E-02  9.905E-01  1.036E+00  9.59E+01  0.00E+00  1.62E+01  0.250572  0.269183  0.0000000E+00  4.6333396305E-01
391  8.436207102136783E+06   24.998474  5.412103  3.844705  6.9535160E-01  3.0463530E-01  6.0476007E-08  1.2790528E-08  4.1241869E-06  3.8186164E-06  2.8846933E-08  1.0105294E-10  6.7120836E-07  5.4210945E-09  8.933E-11  0.0000  3.844705   -6.917  5.372186  8.927803  0.0000000E+00  5.0806489E-13  5.3493252E-02  1.4962210E-11  9.5666952E-19  6.5204617E-01  4.2896547E-18  9.3891931E-16  2.8558272E-01  2.9599171E-06  3.303E-16  6.685E-08  3.109E-02  9.905E-01  1.036E+00  9.60E+01  0.00E+00  1.62E+01  0.250334  0.269263  0.0000000E+00  4.6333338295E-01
392  8.436216765257165E+06   24.998473  5.412241  3.845458  6.9534780E-01  3.0463911E-01  6.0473427E-08  1.2790172E-08  4.1242420E-06  3.8185566E-06  2.8846573E-08  1.0104686E-10  6.7120164E-07  5.4209264E-09  8.934E-11  0.0000  3.845458   -6.918  5.408794  8.930571  0.0000000E+00  4.1742143E-13  4.5878853E-02  1.4962210E-11  9.5666952E-19  6.4747080E-01  4.2896547E-18  9.3891931E-16  2.9702759E-01  2.9599171E-06  3.303E-16  6.705E-08  3.289E-02  9.906E-01  1.036E+00  9.62E+01  0.00E+00  1.62E+01  0.249858  0.269348  0.0000000E+00  4.6333277827E-01
393  8.436226532790480E+06   24.998472  5.412389  3.846239  6.9534380E-01  3.0464320E-01  6.0470663E-08  1.2789790E-08  4.1243012E-06  3.8184924E-06  2.8846187E-08  1.0104035E-10  6.7119442E-07  5.4207462E-09  8.935E-11  0.0000  3.846239   -6.920  5.451907  8.934811  0.0000000E+00  3.4351808E-13  3.8264455E-02  1.4962210E-11  9.5666952E-19  6.4291310E-01  4.2896547E-18  9.3891931E-16  3.0842832E-01  2.9599171E-06  3.303E-16  6.713E-08  3.514E-02  9.907E-01  1.036E+00  9.64E+01  0.00E+00  1.61E+01  0.248865  0.269439  0.0000000E+00  4.6333217185E-01
394  8.436235811253313E+06   24.998470  5.412547  3.847021  6.9533960E-01  3.0464730E-01  6.0467866E-08  1.2789403E-08  4.1243610E-06  3.8184275E-06  2.8845795E-08  1.0103375E-10  6.7118711E-07  5.4205638E-09  8.936E-11  0.0000  3.847021   -6.921  5.501596  8.940853  0.0000000E+00  2.8024895E-13  3.0650057E-02  1.4962210E-11  9.5666952E-19  6.3837127E-01  4.2896547E-18  9.3891931E-16  3.1978960E-01  2.9599171E-06  3.303E-16  6.709E-08  3.792E-02  9.908E-01  1.035E+00  9.65E+01  0.00E+00  1.61E+01  0.247486  0.269537  0.0000000E+00  4.6333160174E-01
395  8.436244224128032E+06   24.998469  5.412700  3.847734  6.9533590E-01  3.0465110E-01  6.0465308E-08  1.2789050E-08  4.1244157E-06  3.8183681E-06  2.8845438E-08  1.0102772E-10  6.7118044E-07  5.4203970E-09  8.937E-11  0.0000  3.847734   -6.922  5.558933  8.948837  0.0000000E+00  2.1818520E-13  2.3035659E-02  1.4962210E-11  9.5666952E-19  6.3384307E-01  4.2896547E-18  9.3891931E-16  3.3111710E-01  2.9599171E-06  3.303E-16  6.720E-08  4.141E-02  9.908E-01  1.035E+00  9.67E+01  0.00E+00  1.61E+01  0.246745  0.269631  0.0000000E+00  4.6333108951E-01
396  8.436259443773268E+06   24.998468  5.412990  3.849044  6.9532930E-01  3.0465760E-01  6.0460880E-08  1.2788439E-08  4.1245105E-06  3.8182653E-06  2.8844819E-08  1.0101728E-10  6.7116887E-07  5.4201082E-09  8.938E-11  0.0000  3.849044   -6.925  5.742591  8.977474  0.0000000E+00  7.4777764E-14  7.8068625E-03  1.4962210E-11  9.5666952E-19  6.2483050E-01  4.2896547E-18  9.3891931E-16  3.5366264E-01  2.9599171E-06  3.303E-16  6.755E-08  5.490E-02  9.909E-01  1.035E+00  9.69E+01  0.00E+00  1.60E+01  0.245927  0.269810  0.0000000E+00  4.6333016994E-01
397  8.436263647393908E+06   24.998467  5.413101  3.849446  6.9532750E-01  3.0465950E-01  6.0459618E-08  1.2788264E-08  4.1245375E-06  3.8182360E-06  2.8844643E-08  1.0101431E-10  6.7116558E-07  5.4200259E-09  8.938E-11  0.0000  3.849446   -6.925  5.849769  8.995670  0.0000000E+00  3.2398160E-14  3.5941543E-03  1.4962210E-11  9.5666952E-19  6.2235135E-01  4.2896547E-18  9.3891931E-16  3.5986206E-01  2.9599171E-06  3.303E-16  6.711E-08  6.471E-02  9.910E-01  1.034E+00  9.70E+01  0.00E+00  1.59E+01  0.243744  0.269879  0.0000000E+00  4.6332991902E-01
398  8.436265986876410E+06   24.998467  5.413129  3.849655  6.9532640E-01  3.0466060E-01  6.0458895E-08  1.2788164E-08  4.1245530E-06  3.8182192E-06  2.8844541E-08  1.0101260E-10  6.7116369E-07  5.4199788E-09  8.939E-11  0.0000  3.849655   -6.926  5.923095  9.005429  0.0000000E+00  1.3922010E-14  1.9668199E-03  1.4962210E-11  9.5666952E-19  6.2139535E-01  4.2896547E-18  9.3891931E-16  3.6225004E-01  2.9599171E-06  3.303E-16  6.700E-08  7.242E-02  9.911E-01  1.034E+00  9.71E+01  0.00E+00  1.59E+01  0.243009  0.269896  0.0000000E+00  4.6332978062E-01
399  8.436267615891214E+06   24.998467  5.413233  3.849849  6.9532560E-01  3.0466130E-01  6.0458386E-08  1.2788094E-08  4.1245639E-06  3.8182074E-06  2.8844470E-08  1.0101140E-10  6.7116236E-07  5.4199457E-09  8.939E-11  0.0000  3.849849   -6.926  6.052992  9.039198  0.0000000E+00  8.4694810E-15  8.4867939E-04  1.4962210E-11  9.5666952E-19  6.2075029E-01  4.2896547E-18  9.3891931E-16  3.6385506E-01  2.9599171E-06  3.303E-16  6.672E-08  8.840E-02  9.912E-01  1.033E+00  9.71E+01  0.00E+00  1.58E+01  0.241754  0.269961  0.0000000E+00  4.6332968487E-01
400  8.436268451709313E+06   24.998467  5.413336  3.849983  6.9532530E-01  3.0466170E-01  6.0458125E-08  1.2788058E-08  4.1245694E-06  3.8182013E-06  2.8844434E-08  1.0101079E-10  6.7116168E-07  5.4199286E-09  8.939E-11  0.0000  3.849983   -6.927  6.187250  9.069496  0.0000000E+00  1.5793550E-15  1.9246435E-04  1.4962210E-11  9.5666952E-19  6.2038168E-01  4.2896547E-18  9.3891931E-16  3.6474814E-01  2.9599171E-06  3.303E-16  6.560E-08  1.086E-01  9.915E-01  1.032E+00  9.71E+01  0.00E+00  1.55E+01  0.237593  0.270025  0.0000000E+00  4.6332963623E-01
