line                  time        mass     lg(L)  lg(Teff)        1H_surf       4He_surf       12C_surf       13C_surf       14N_surf       16O_surf       17O_surf       18O_surf      20Ne_surf      22Ne_surf  26Al_surf  Mcc/Mt   lg(Teff)  lg(Md)  lg(rhoc)    lg(Tc)         1H_cen        4He_cen        12C_cen        13C_cen        14N_cen        16O_cen        17O_cen        18O_cen       20Ne_cen       22Ne_cen   26Al_cen  Omeg_surf   Omeg_cen     Rp/Req   Md/Md(0)   v_crit1   v_crit2    v_equa  Om/Om_cr  Gamma_Ed  lg(Mdot_mech)             L_tot
   -                    yr        Msun      Lsun        K      mass frac.     mass frac.     mass frac.     mass frac.     mass frac.     mass frac.     mass frac.     mass frac.     mass frac.     mass frac. mass frac.       -          K   Ms/yr     g/cm3         K     mass frac.     mass frac.     mass frac.     mass frac.     mass frac.     mass frac.     mass frac.     mass frac.     mass frac.     mass frac. mass frac.        s-1        s-1          -          -      km/s      km/s      km/s         -         -        Msun/yr     10^53 g cm2/s

  1  2.994484302138247E+04   59.999986  5.704522  4.794682  7.5157740E-01  2.4837130E-01  1.2915521E-06  4.2971062E-09  1.0216519E-07  6.8211449E-06  3.5136664E-10  2.0005896E-09  9.2048308E-07  2.3543589E-08  4.867E-30  0.7285  4.794682   -9.382  0.923848  7.802116  7.4854400E-01  2.5144650E-01  8.9853757E-08  2.4672840E-08  7.3814349E-06  7.6414645E-08  1.1420036E-10  1.8838537E-13  4.5066459E-07  8.2087334E-09  3.196E-08  0.000E+00  0.000E+00  1.000E+00  1.000E+00  1.12E+03  0.00E+00  0.00E+00  0.000000  0.227263  0.0000000E+00  0.0000000000E+00
  2  9.954950754950388E+04   59.999957  5.708749  4.794421  7.5157740E-01  2.4837130E-01  1.2915521E-06  4.2971826E-09  1.0216519E-07  6.8211449E-06  3.5136664E-10  2.0005896E-09  9.2048308E-07  2.3543589E-08  1.804E-29  0.7237  4.794421   -9.372  0.924484  7.802903  7.3979548E-01  2.6019492E-01  9.0061124E-08  2.4725611E-08  7.3782412E-06  7.6305882E-08  1.1388979E-10  1.8789201E-13  7.6193016E-08  1.3983361E-09  7.511E-08  0.000E+00  0.000E+00  1.000E+00  1.000E+00  1.11E+03  0.00E+00  0.00E+00  0.000000  0.229486  0.0000000E+00  0.0000000000E+00
  3  1.679869378953082E+05   59.999928  5.712963  4.794138  7.5157740E-01  2.4837130E-01  1.2915520E-06  4.2972534E-09  1.0216519E-07  6.8211449E-06  3.5136664E-10  2.0005896E-09  9.2048308E-07  2.3543589E-08  2.879E-29  0.7189  4.794138   -9.362  0.925146  7.803693  7.3104697E-01  2.6894343E-01  9.0310875E-08  2.4787034E-08  7.3749911E-06  7.6127860E-08  1.1343704E-10  1.8730504E-13  1.2795151E-08  2.3841841E-10  7.687E-08  0.000E+00  0.000E+00  1.000E+00  1.000E+00  1.11E+03  0.00E+00  0.00E+00  0.000000  0.231723  0.0000000E+00  0.0000000000E+00
  4  2.352788616235197E+05   59.999898  5.717183  4.793832  7.5157740E-01  2.4837130E-01  1.2915519E-06  4.2973188E-09  1.0216520E-07  6.8211449E-06  3.5136665E-10  2.0005896E-09  9.2048308E-07  2.3543589E-08  3.744E-29  0.7145  4.793832   -9.352  0.925853  7.804488  7.2229845E-01  2.7769195E-01  9.0535307E-08  2.4844365E-08  7.3717166E-06  7.5948245E-08  1.1299724E-10  1.8663758E-13  2.1297763E-09  4.0296710E-11  6.705E-08  0.000E+00  0.000E+00  1.000E+00  1.000E+00  1.11E+03  0.00E+00  0.00E+00  0.000000  0.233986  0.0000000E+00  0.0000000000E+00
  5  3.014720182669412E+05   59.999868  5.721320  4.793495  7.5157740E-01  2.4837130E-01  1.2915519E-06  4.2973793E-09  1.0216520E-07  6.8211449E-06  3.5136665E-10  2.0005896E-09  9.2048308E-07  2.3543589E-08  4.428E-29  0.7100  4.793495   -9.342  0.926568  7.805281  7.1354993E-01  2.8644037E-01  9.0764264E-08  2.4902870E-08  7.3683747E-06  7.5768859E-08  1.1255894E-10  1.8597398E-13  3.5163157E-10  6.7559901E-12  5.673E-08  0.000E+00  0.000E+00  1.000E+00  1.000E+00  1.10E+03  0.00E+00  0.00E+00  0.000000  0.236226  0.0000000E+00  0.0000000000E+00
  6  3.665959258144794E+05   59.999838  5.725415  4.793115  7.5157740E-01  2.4837130E-01  1.2915518E-06  4.2974350E-09  1.0216520E-07  6.8211449E-06  3.5136665E-10  2.0005896E-09  9.2048308E-07  2.3543589E-08  4.957E-29  0.7056  4.793115   -9.331  0.927309  7.806076  7.0480141E-01  2.9518889E-01  9.1000219E-08  2.4963332E-08  7.3649614E-06  7.5588448E-08  1.1211332E-10  1.8531524E-13  5.7780132E-11  1.1277503E-12  4.817E-08  0.000E+00  0.000E+00  1.000E+00  1.000E+00  1.10E+03  0.00E+00  0.00E+00  0.000000  0.238464  0.0000000E+00  0.0000000000E+00
  7  4.306741583794754E+05   59.999808  5.729468  4.792715  7.5157740E-01  2.4837130E-01  1.2915518E-06  4.2974862E-09  1.0216520E-07  6.8211449E-06  3.5136665E-10  2.0005896E-09  9.2048308E-07  2.3543589E-08  5.353E-29  0.7012  4.792715   -9.321  0.928078  7.806874  6.9605290E-01  3.0393740E-01  9.1240742E-08  2.5025262E-08  7.3614791E-06  7.5406659E-08  1.1166388E-10  1.8465366E-13  9.6386037E-12  1.9152046E-13  4.140E-08  0.000E+00  0.000E+00  1.000E+00  1.000E+00  1.10E+03  0.00E+00  0.00E+00  0.000000  0.240699  0.0000000E+00  0.0000000000E+00
  8  4.937357484087946E+05   59.999777  5.733478  4.792294  7.5157740E-01  2.4837130E-01  1.2915517E-06  4.2975333E-09  1.0216520E-07  6.8211449E-06  3.5136666E-10  2.0005896E-09  9.2048308E-07  2.3543589E-08  5.636E-29  0.6968  4.792294   -9.311  0.928876  7.807677  6.8730438E-01  3.1268592E-01  9.1479852E-08  2.5087274E-08  7.3579343E-06  7.5224171E-08  1.1121639E-10  1.8397097E-13  1.8181356E-12  3.7166606E-14  3.604E-08  0.000E+00  0.000E+00  1.000E+00  1.000E+00  1.09E+03  0.00E+00  0.00E+00  0.000000  0.242933  0.0000000E+00  0.0000000000E+00
  9  5.558039353174046E+05   59.999746  5.737454  4.791850  7.5157740E-01  2.4837130E-01  1.2915517E-06  4.2975764E-09  1.0216520E-07  6.8211449E-06  3.5136666E-10  2.0005896E-09  9.2048308E-07  2.3543589E-08  5.824E-29  0.6924  4.791850   -9.301  0.929706  7.808483  6.7855586E-01  3.2143444E-01  9.1751809E-08  2.5158398E-08  7.3543082E-06  7.5014432E-08  1.1066688E-10  1.8318673E-13  5.5539732E-13  1.1975834E-14  3.182E-08  0.000E+00  0.000E+00  1.000E+00  1.000E+00  1.09E+03  0.00E+00  0.00E+00  0.000000  0.245167  0.0000000E+00  0.0000000000E+00
 10  6.168998359525482E+05   59.999716  5.741394  4.791371  7.5157740E-01  2.4837130E-01  1.2915517E-06  4.2976158E-09  1.0216520E-07  6.8211449E-06  3.5136666E-10  2.0005895E-09  9.2048308E-07  2.3543589E-08  5.934E-29  0.6883  4.791371   -9.291  0.930561  7.809290  6.6980735E-01  3.3018295E-01  9.2029255E-08  2.5231036E-08  7.3506119E-06  7.4803778E-08  1.1011426E-10  1.8240325E-13  3.5414266E-13  7.9951868E-15  2.835E-08  0.000E+00  0.000E+00  1.000E+00  1.000E+00  1.09E+03  0.00E+00  0.00E+00  0.000000  0.247401  0.0000000E+00  0.0000000000E+00
 11  6.770448331198810E+05   59.999684  5.745307  4.790849  7.5157740E-01  2.4837130E-01  1.2915516E-06  4.2976518E-09  1.0216520E-07  6.8211449E-06  3.5136666E-10  2.0005895E-09  9.2048308E-07  2.3543589E-08  5.978E-29  0.6840  4.790849   -9.280  0.931456  7.810104  6.6105883E-01  3.3893147E-01  9.2311457E-08  2.5305078E-08  7.3468459E-06  7.4591530E-08  1.0955742E-10  1.8160973E-13  3.2132788E-13  7.4431822E-15  2.543E-08  0.000E+00  0.000E+00  1.000E+00  1.000E+00  1.08E+03  0.00E+00  0.00E+00  0.000000  0.249640  0.0000000E+00  0.0000000000E+00
 12  7.362638987260360E+05   59.999653  5.749200  4.790309  7.5157740E-01  2.4837130E-01  1.2915516E-06  4.2976846E-09  1.0216520E-07  6.8211449E-06  3.5136666E-10  2.0005895E-09  9.2048308E-07  2.3543589E-08  5.968E-29  0.6799  4.790309   -9.270  0.932377  7.810921  6.5231031E-01  3.4767989E-01  9.2551463E-08  2.5369667E-08  7.3430737E-06  7.4379154E-08  1.0903914E-10  1.8072203E-13  3.1490323E-13  7.4397689E-15  2.294E-08  0.000E+00  0.000E+00  1.000E+00  1.000E+00  1.08E+03  0.00E+00  0.00E+00  0.000000  0.251888  0.0000000E+00  0.0000000000E+00
 13  7.945823110845063E+05   59.999621  5.753071  4.789747  7.5157740E-01  2.4837130E-01  1.2915516E-06  4.2977144E-09  1.0216520E-07  6.8211449E-06  3.5136666E-10  2.0005895E-09  9.2048308E-07  2.3543589E-08  5.914E-29  0.6758  4.789747   -9.260  0.933332  7.811743  6.4356179E-01  3.5642851E-01  9.2826526E-08  2.5442560E-08  7.3391866E-06  7.4165522E-08  1.0849332E-10  1.7988314E-13  3.1256039E-13  7.5244382E-15  2.077E-08  0.000E+00  0.000E+00  1.000E+00  1.000E+00  1.07E+03  0.00E+00  0.00E+00  0.000000  0.254144  0.0000000E+00  0.0000000000E+00
 14  8.520160134411007E+05   59.999590  5.756931  4.789167  7.5157740E-01  2.4837130E-01  1.2915515E-06  4.2977415E-09  1.0216520E-07  6.8211449E-06  3.5136666E-10  2.0005895E-09  9.2048308E-07  2.3543589E-08  5.827E-29  0.6719  4.789167   -9.250  0.934322  7.812570  6.3481328E-01  3.6517693E-01  9.3090212E-08  2.5512957E-08  7.3352493E-06  7.3950261E-08  1.0795783E-10  1.7901108E-13  3.1084496E-13  7.6242672E-15  1.886E-08  0.000E+00  0.000E+00  1.000E+00  1.000E+00  1.07E+03  0.00E+00  0.00E+00  0.000000  0.256413  0.0000000E+00  0.0000000000E+00
 15  9.085857811832385E+05   59.999557  5.760759  4.788556  7.5157740E-01  2.4837130E-01  1.2915515E-06  4.2977661E-09  1.0216520E-07  6.8211449E-06  3.5136666E-10  2.0005895E-09  9.2048308E-07  2.3543589E-08  5.711E-29  0.6680  4.788556   -9.239  0.935345  7.813401  6.2606476E-01  3.7392544E-01  9.3371745E-08  2.5587875E-08  7.3312183E-06  7.3734173E-08  1.0740757E-10  1.7814372E-13  3.0922591E-13  7.7282418E-15  1.712E-08  0.000E+00  0.000E+00  1.000E+00  1.000E+00  1.07E+03  0.00E+00  0.00E+00  0.000000  0.258683  0.0000000E+00  0.0000000000E+00
 16  9.643239951824199E+05   59.999525  5.764575  4.787895  7.5157740E-01  2.4837130E-01  1.2915515E-06  4.2977883E-09  1.0216520E-07  6.8211449E-06  3.5136666E-10  2.0005895E-09  9.2048308E-07  2.3543589E-08  5.576E-29  0.6642  4.787895   -9.229  0.936405  7.814239  6.1731624E-01  3.8267401E-01  9.3660182E-08  2.5664710E-08  7.3271084E-06  7.3516913E-08  1.0685376E-10  1.7726207E-13  3.0762208E-13  7.8344738E-15  1.555E-08  0.000E+00  0.000E+00  1.000E+00  1.000E+00  1.06E+03  0.00E+00  0.00E+00  0.000000  0.260966  0.0000000E+00  0.0000000000E+00
 17  1.019239038793231E+06   59.999492  5.768303  4.787217  7.5157740E-01  2.4837130E-01  1.2915515E-06  4.2978084E-09  1.0216520E-07  6.8211449E-06  3.5136667E-10  2.0005895E-09  9.2048308E-07  2.3543589E-08  5.424E-29  0.6603  4.787217   -9.219  0.937476  7.815078  6.0856773E-01  3.9142253E-01  9.3902265E-08  2.5730380E-08  7.3229950E-06  7.3298910E-08  1.0634633E-10  1.7631636E-13  3.0604013E-13  7.9426063E-15  1.411E-08  0.000E+00  0.000E+00  1.000E+00  1.000E+00  1.06E+03  0.00E+00  0.00E+00  0.000000  0.263216  0.0000000E+00  0.0000000000E+00
 18  1.073342729716030E+06   59.999459  5.772068  4.786511  7.5157740E-01  2.4837130E-01  1.2915515E-06  4.2978264E-09  1.0216520E-07  6.8211449E-06  3.5136667E-10  2.0005895E-09  9.2048308E-07  2.3543589E-08  5.262E-29  0.6563  4.786511   -9.208  0.938597  7.815922  5.9981921E-01  4.0017108E-01  9.4168277E-08  2.5802075E-08  7.3187763E-06  7.3079014E-08  1.0581526E-10  1.7537950E-13  3.0444312E-13  8.0528263E-15  1.278E-08  0.000E+00  0.000E+00  1.000E+00  1.000E+00  1.05E+03  0.00E+00  0.00E+00  0.000000  0.265509  0.0000000E+00  0.0000000000E+00
 19  1.126663422486658E+06   59.999425  5.775851  4.785779  7.5157740E-01  2.4837130E-01  1.2915514E-06  4.2978427E-09  1.0216520E-07  6.8211449E-06  3.5136667E-10  2.0005895E-09  9.2048308E-07  2.3543589E-08  5.092E-29  0.6526  4.785779   -9.197  0.939761  7.816776  5.9107069E-01  4.0891955E-01  9.4525954E-08  2.5901549E-08  7.3144074E-06  7.2790481E-08  1.0498826E-10  1.7401609E-13  3.0283710E-13  8.2024276E-15  1.156E-08  0.000E+00  0.000E+00  1.000E+00  1.000E+00  1.05E+03  0.00E+00  0.00E+00  0.000000  0.267831  0.0000000E+00  0.0000000000E+00
 20  1.179214957987881E+06   59.999391  5.779529  4.785037  7.5157740E-01  2.4837130E-01  1.2915514E-06  4.2978574E-09  1.0216520E-07  6.8211449E-06  3.5136667E-10  2.0005895E-09  9.2048308E-07  2.3543589E-08  4.918E-29  0.6487  4.785037   -9.187  0.940933  7.817631  5.8232217E-01  4.1766811E-01  9.4713809E-08  2.5949282E-08  7.3101008E-06  7.2635881E-08  1.0475174E-10  1.7345379E-13  3.0125446E-13  8.2802830E-15  1.042E-08  0.000E+00  0.000E+00  1.000E+00  1.000E+00  1.05E+03  0.00E+00  0.00E+00  0.000000  0.270109  0.0000000E+00  0.0000000000E+00
 21  1.230996732254178E+06   59.999357  5.783250  4.784218  7.5157740E-01  2.4837130E-01  1.2915514E-06  4.2978704E-09  1.0216520E-07  6.8211449E-06  3.5136667E-10  2.0005895E-09  9.2048308E-07  2.3543589E-08  4.743E-29  0.6450  4.784218   -9.176  0.942160  7.818490  5.7357366E-01  4.2641654E-01  9.5087852E-08  2.6056558E-08  7.3057299E-06  7.2152614E-08  1.0354505E-10  1.7130197E-13  2.9954881E-13  8.5467127E-15  9.422E-09  0.000E+00  0.000E+00  1.000E+00  1.000E+00  1.04E+03  0.00E+00  0.00E+00  0.000000  0.272433  0.0000000E+00  0.0000000000E+00
 22  1.282053959056001E+06   59.999323  5.786940  4.783380  7.5157740E-01  2.4837130E-01  1.2915514E-06  4.2978822E-09  1.0216520E-07  6.8211449E-06  3.5136667E-10  2.0005895E-09  9.2048308E-07  2.3543589E-08  4.568E-29  0.6417  4.783380   -9.166  0.943430  7.819361  5.6482514E-01  4.3516506E-01  9.5362954E-08  2.6130873E-08  7.3011922E-06  7.1936523E-08  1.0304229E-10  1.7033466E-13  2.9799222E-13  8.6633611E-15  8.445E-09  0.000E+00  0.000E+00  1.000E+00  1.000E+00  1.04E+03  0.00E+00  0.00E+00  0.000000  0.274758  0.0000000E+00  0.0000000000E+00
 23  1.332366123317489E+06   59.999288  5.790608  4.782525  7.5157740E-01  2.4837130E-01  1.2915514E-06  4.2978926E-09  1.0216520E-07  6.8211449E-06  3.5136667E-10  2.0005895E-09  9.2048308E-07  2.3543589E-08  4.394E-29  0.6377  4.782525   -9.155  0.944739  7.820240  5.5607662E-01  4.4391368E-01  9.5552851E-08  2.6177288E-08  7.2965478E-06  7.1907921E-08  1.0305406E-10  1.7023286E-13  2.9628942E-13  8.6683325E-15  7.573E-09  0.000E+00  0.000E+00  1.000E+00  1.000E+00  1.03E+03  0.00E+00  0.00E+00  0.000000  0.277089  0.0000000E+00  0.0000000000E+00
 24  1.381986816926607E+06   59.999253  5.794245  4.781641  7.5157740E-01  2.4837130E-01  1.2915514E-06  4.2979020E-09  1.0216520E-07  6.8211449E-06  3.5136667E-10  2.0005895E-09  9.2048308E-07  2.3543589E-08  4.217E-29  0.6345  4.781641   -9.145  0.946080  7.821123  5.4732811E-01  4.5266209E-01  9.5804949E-08  2.6246471E-08  7.2919700E-06  7.1595448E-08  1.0242294E-10  1.6891641E-13  2.9469502E-13  8.8468393E-15  6.760E-09  0.000E+00  0.000E+00  1.000E+00  1.000E+00  1.03E+03  0.00E+00  0.00E+00  0.000000  0.279419  0.0000000E+00  0.0000000000E+00
 25  1.430893764518584E+06   59.999217  5.797927  4.780736  7.5157740E-01  2.4837130E-01  1.2915514E-06  4.2979103E-09  1.0216520E-07  6.8211449E-06  3.5136667E-10  2.0005895E-09  9.2048308E-07  2.3543589E-08  4.025E-29  0.6305  4.780736   -9.134  0.947468  7.822015  5.3857959E-01  4.6141061E-01  9.6091475E-08  2.6324251E-08  7.2870939E-06  7.1475322E-08  1.0206335E-10  1.6817567E-13  2.9308010E-13  8.9028852E-15  6.007E-09  0.000E+00  0.000E+00  1.000E+00  1.000E+00  1.03E+03  0.00E+00  0.00E+00  0.000000  0.281799  0.0000000E+00  0.0000000000E+00
 26  1.479123897132129E+06   59.999182  5.801502  4.779780  7.5157740E-01  2.4837130E-01  1.2915514E-06  4.2979175E-09  1.0216520E-07  6.8211449E-06  3.5136667E-10  2.0005895E-09  9.2048308E-07  2.3543589E-08  3.844E-29  0.6271  4.779780   -9.123  0.948896  7.822909  5.2983107E-01  4.7015913E-01  9.6383613E-08  2.6403788E-08  7.2822229E-06  7.1245270E-08  1.0152787E-10  1.6708723E-13  2.9149607E-13  9.0322107E-15  5.320E-09  0.000E+00  0.000E+00  1.000E+00  1.000E+00  1.02E+03  0.00E+00  0.00E+00  0.000000  0.284128  0.0000000E+00  0.0000000000E+00
 27  1.526670746270603E+06   59.999146  5.805096  4.778779  7.5157740E-01  2.4837130E-01  1.2915514E-06  4.2979238E-09  1.0216520E-07  6.8211449E-06  3.5136667E-10  2.0005895E-09  9.2048308E-07  2.3543589E-08  3.674E-29  0.6234  4.778779   -9.112  0.950351  7.823811  5.2108255E-01  4.7890765E-01  9.6627790E-08  2.6471117E-08  7.2773396E-06  7.1012211E-08  1.0105016E-10  1.6597043E-13  2.8990085E-13  9.1655331E-15  4.698E-09  0.000E+00  0.000E+00  1.000E+00  1.000E+00  1.02E+03  0.00E+00  0.00E+00  0.000000  0.286490  0.0000000E+00  0.0000000000E+00
 28  1.573571622803587E+06   59.999109  5.808667  4.777742  7.5157740E-01  2.4837130E-01  1.2915514E-06  4.2979294E-09  1.0216520E-07  6.8211449E-06  3.5136667E-10  2.0005895E-09  9.2048308E-07  2.3543589E-08  3.514E-29  0.6201  4.777742   -9.102  0.951873  7.824723  5.1233404E-01  4.8765616E-01  9.6892012E-08  2.6543657E-08  7.2723428E-06  7.0777206E-08  1.0055529E-10  1.6483866E-13  2.8827318E-13  9.3008678E-15  4.140E-09  0.000E+00  0.000E+00  1.000E+00  1.000E+00  1.01E+03  0.00E+00  0.00E+00  0.000000  0.288855  0.0000000E+00  0.0000000000E+00
 29  1.619820245701676E+06   59.999072  5.812227  4.776689  7.5157740E-01  2.4837130E-01  1.2915514E-06  4.2979342E-09  1.0216520E-07  6.8211449E-06  3.5136667E-10  2.0005895E-09  9.2048308E-07  2.3543589E-08  3.363E-29  0.6163  4.776689   -9.091  0.953416  7.825641  5.0358552E-01  4.9640468E-01  9.7156526E-08  2.6616446E-08  7.2672594E-06  7.0540440E-08  1.0006269E-10  1.6368201E-13  2.8665757E-13  9.4402156E-15  3.633E-09  0.000E+00  0.000E+00  1.000E+00  1.000E+00  1.01E+03  0.00E+00  0.00E+00  0.000000  0.291232  0.0000000E+00  0.0000000000E+00
 30  1.665437173264207E+06   59.999034  5.815710  4.775602  7.5157740E-01  2.4837130E-01  1.2915514E-06  4.2979385E-09  1.0216520E-07  6.8211449E-06  3.5136667E-10  2.0005895E-09  9.2048308E-07  2.3543589E-08  3.221E-29  0.6131  4.775602   -9.080  0.954995  7.826561  4.9483700E-01  5.0515327E-01  9.7527832E-08  2.6722428E-08  7.2621408E-06  7.0062844E-08  9.9032644E-11  1.6152548E-13  2.8496837E-13  9.7414878E-15  3.188E-09  0.000E+00  0.000E+00  1.000E+00  1.000E+00  1.00E+03  0.00E+00  0.00E+00  0.000000  0.293578  0.0000000E+00  0.0000000000E+00
 31  1.710429560931786E+06   59.998996  5.819305  4.774486  7.5157740E-01  2.4837130E-01  1.2915513E-06  4.2979422E-09  1.0216520E-07  6.8211449E-06  3.5136667E-10  2.0005895E-09  9.2048308E-07  2.3543589E-08  3.086E-29  0.6094  4.774486   -9.069  0.956661  7.827504  4.8608849E-01  5.1390171E-01  9.7706123E-08  2.6768182E-08  7.2568863E-06  6.9971435E-08  9.8932105E-11  1.6102547E-13  2.8322879E-13  9.7925917E-15  2.786E-09  0.000E+00  0.000E+00  1.000E+00  1.000E+00  9.98E+02  0.00E+00  0.00E+00  0.000000  0.296018  0.0000000E+00  0.0000000000E+00
 32  1.754811860525197E+06   59.998958  5.822756  4.773311  7.5157740E-01  2.4837130E-01  1.2915513E-06  4.2979454E-09  1.0216520E-07  6.8211449E-06  3.5136667E-10  2.0005895E-09  9.2048308E-07  2.3543589E-08  2.959E-29  0.6057  4.773311   -9.058  0.958335  7.828444  4.7733997E-01  5.2265023E-01  9.7965288E-08  2.6839821E-08  7.2514875E-06  6.9793411E-08  9.8552756E-11  1.5999850E-13  2.8159688E-13  9.8896000E-15  2.415E-09  0.000E+00  0.000E+00  1.000E+00  1.000E+00  9.93E+02  0.00E+00  0.00E+00  0.000000  0.298380  0.0000000E+00  0.0000000000E+00
 33  1.798589936307755E+06   59.998919  5.826257  4.772078  7.5157740E-01  2.4837130E-01  1.2915513E-06  4.2979482E-09  1.0216520E-07  6.8211449E-06  3.5136667E-10  2.0005895E-09  9.2048308E-07  2.3543589E-08  2.838E-29  0.6026  4.772078   -9.047  0.960109  7.829403  4.6859145E-01  5.3139875E-01  9.8265687E-08  2.6922443E-08  7.2459920E-06  6.9548912E-08  9.8041405E-11  1.5873990E-13  2.7996724E-13  1.0042189E-14  2.086E-09  0.000E+00  0.000E+00  1.000E+00  1.000E+00  9.89E+02  0.00E+00  0.00E+00  0.000000  0.300795  0.0000000E+00  0.0000000000E+00
 34  1.841776279051189E+06   59.998880  5.829703  4.770835  7.5157740E-01  2.4837130E-01  1.2915513E-06  4.2979507E-09  1.0216520E-07  6.8211449E-06  3.5136667E-10  2.0005895E-09  9.2048308E-07  2.3543589E-08  2.724E-29  0.5989  4.770835   -9.036  0.961887  7.830363  4.5984293E-01  5.4014727E-01  9.8488095E-08  2.6984609E-08  7.2405143E-06  6.9302509E-08  9.7624378E-11  1.5752127E-13  2.7832102E-13  1.0198306E-14  1.796E-09  0.000E+00  0.000E+00  1.000E+00  1.000E+00  9.84E+02  0.00E+00  0.00E+00  0.000000  0.303191  0.0000000E+00  0.0000000000E+00
 35  1.884384117466585E+06   59.998840  5.833100  4.769566  7.5157740E-01  2.4837130E-01  1.2915513E-06  4.2979528E-09  1.0216520E-07  6.8211449E-06  3.5136667E-10  2.0005895E-09  9.2048308E-07  2.3543589E-08  2.616E-29  0.5954  4.769566   -9.025  0.963713  7.831333  4.5109442E-01  5.4889578E-01  9.8757455E-08  2.7059253E-08  7.2348720E-06  6.9053219E-08  9.7157453E-11  1.5624591E-13  2.7666071E-13  1.0358385E-14  1.540E-09  0.000E+00  0.000E+00  1.000E+00  1.000E+00  9.79E+02  0.00E+00  0.00E+00  0.000000  0.305572  0.0000000E+00  0.0000000000E+00
 36  1.926426743958707E+06   59.998800  5.836558  4.768254  7.5157740E-01  2.4837130E-01  1.2915513E-06  4.2979546E-09  1.0216520E-07  6.8211449E-06  3.5136667E-10  2.0005895E-09  9.2048308E-07  2.3543589E-08  2.515E-29  0.5918  4.768254   -9.014  0.965587  7.832314  4.4234590E-01  5.5764430E-01  9.9124737E-08  2.7164060E-08  7.2291962E-06  6.8562241E-08  9.6231113E-11  1.5403628E-13  2.7489679E-13  1.0700391E-14  1.322E-09  0.000E+00  0.000E+00  1.000E+00  1.000E+00  9.74E+02  0.00E+00  0.00E+00  0.000000  0.308016  0.0000000E+00  0.0000000000E+00
 37  1.967906951400339E+06   59.998759  5.840048  4.766888  7.5157740E-01  2.4837130E-01  1.2915513E-06  4.2979562E-09  1.0216520E-07  6.8211449E-06  3.5136667E-10  2.0005895E-09  9.2048308E-07  2.3543589E-08  2.417E-29  0.5888  4.766888   -9.002  0.967582  7.833316  4.3359738E-01  5.6639282E-01  9.9303613E-08  2.7211191E-08  7.2233653E-06  6.8454146E-08  9.6107903E-11  1.5335273E-13  2.7310363E-13  1.0769134E-14  1.127E-09  0.000E+00  0.000E+00  1.000E+00  1.000E+00  9.69E+02  0.00E+00  0.00E+00  0.000000  0.310501  0.0000000E+00  0.0000000000E+00
 38  2.008843663450014E+06   59.998718  5.843409  4.765459  7.5157740E-01  2.4837130E-01  1.2915513E-06  4.2979576E-09  1.0216520E-07  6.8211449E-06  3.5136667E-10  2.0005895E-09  9.2048308E-07  2.3543589E-08  2.326E-29  0.5853  4.765459   -8.991  0.969591  7.834322  4.2484887E-01  5.7514133E-01  9.9569118E-08  2.7285078E-08  7.2173642E-06  6.8264628E-08  9.5760668E-11  1.5220818E-13  2.7141446E-13  1.0880003E-14  9.530E-10  0.000E+00  0.000E+00  1.000E+00  1.000E+00  9.64E+02  0.00E+00  0.00E+00  0.000000  0.312914  0.0000000E+00  0.0000000000E+00
 39  2.049237896568186E+06   59.998676  5.846762  4.763996  7.5157740E-01  2.4837130E-01  1.2915513E-06  4.2979588E-09  1.0216520E-07  6.8211449E-06  3.5136667E-10  2.0005895E-09  9.2048308E-07  2.3543589E-08  2.238E-29  0.5819  4.763996   -8.980  0.971640  7.835336  4.1610035E-01  5.8388985E-01  9.9819437E-08  2.7355007E-08  7.2113363E-06  6.8006722E-08  9.5344494E-11  1.5088184E-13  2.6975058E-13  1.1056973E-14  8.011E-10  0.000E+00  0.000E+00  1.000E+00  1.000E+00  9.59E+02  0.00E+00  0.00E+00  0.000000  0.315339  0.0000000E+00  0.0000000000E+00
 40  2.089092319082570E+06   59.998633  5.850074  4.762496  7.5157740E-01  2.4837130E-01  1.2915513E-06  4.2979599E-09  1.0216520E-07  6.8211449E-06  3.5136667E-10  2.0005895E-09  9.2048308E-07  2.3543589E-08  2.155E-29  0.5790  4.762496   -8.969  0.973776  7.836365  4.0735183E-01  5.9263837E-01  1.0013571E-07  2.7444601E-08  7.2051595E-06  6.7678640E-08  9.4774337E-11  1.4921848E-13  2.6802234E-13  1.1286975E-14  6.722E-10  0.000E+00  0.000E+00  1.000E+00  1.000E+00  9.54E+02  0.00E+00  0.00E+00  0.000000  0.317753  0.0000000E+00  0.0000000000E+00
 41  2.128413542167774E+06   59.998591  5.853448  4.760963  7.5157740E-01  2.4837130E-01  1.2915513E-06  4.2979608E-09  1.0216520E-07  6.8211449E-06  3.5136667E-10  2.0005895E-09  9.2048308E-07  2.3543589E-08  2.077E-29  0.5756  4.760963   -8.958  0.975962  7.837408  3.9860331E-01  6.0138689E-01  1.0043241E-07  2.7528763E-08  7.1990025E-06  6.7235416E-08  9.4084877E-11  1.4726565E-13  2.6614794E-13  1.1628665E-14  5.645E-10  0.000E+00  0.000E+00  1.000E+00  1.000E+00  9.49E+02  0.00E+00  0.00E+00  0.000000  0.320231  0.0000000E+00  0.0000000000E+00
 42  2.167229785285245E+06   59.998547  5.856839  4.759371  7.5157740E-01  2.4837130E-01  1.2915513E-06  4.2979617E-09  1.0216520E-07  6.8211449E-06  3.5136667E-10  2.0005895E-09  9.2048308E-07  2.3543589E-08  2.002E-29  0.5719  4.759371   -8.946  0.978234  7.838467  3.8985480E-01  6.1013540E-01  1.0066339E-07  2.7593369E-08  7.1926799E-06  6.6988843E-08  9.3745146E-11  1.4598693E-13  2.6406557E-13  1.1796987E-14  4.708E-10  0.000E+00  0.000E+00  1.000E+00  1.000E+00  9.43E+02  0.00E+00  0.00E+00  0.000000  0.322742  0.0000000E+00  0.0000000000E+00
 43  2.205537560979079E+06   59.998503  5.860166  4.757755  7.5157740E-01  2.4837130E-01  1.2915513E-06  4.2979624E-09  1.0216520E-07  6.8211449E-06  3.5136667E-10  2.0005895E-09  9.2048308E-07  2.3543589E-08  1.931E-29  0.5685  4.757755   -8.935  0.980557  7.839537  3.8110628E-01  6.1888392E-01  1.0093098E-07  2.7667856E-08  7.1861775E-06  6.6741178E-08  9.3378257E-11  1.4463890E-13  2.6229225E-13  1.1978053E-14  3.873E-10  0.000E+00  0.000E+00  1.000E+00  1.000E+00  9.38E+02  0.00E+00  0.00E+00  0.000000  0.325224  0.0000000E+00  0.0000000000E+00
 44  2.243326275668351E+06   59.998459  5.863409  4.756056  7.5157740E-01  2.4837130E-01  1.2915513E-06  4.2979631E-09  1.0216520E-07  6.8211449E-06  3.5136667E-10  2.0005895E-09  9.2048308E-07  2.3543589E-08  1.863E-29  0.5650  4.756056   -8.923  0.982940  7.840622  3.7235776E-01  6.2763244E-01  1.0118368E-07  2.7738484E-08  7.1795693E-06  6.6490323E-08  9.3032412E-11  1.4329315E-13  2.6053754E-13  1.2165918E-14  3.175E-10  0.000E+00  0.000E+00  1.000E+00  1.000E+00  9.33E+02  0.00E+00  0.00E+00  0.000000  0.327662  0.0000000E+00  0.0000000000E+00
 45  2.280614849317979E+06   59.998414  5.866657  4.754314  7.5157740E-01  2.4837130E-01  1.2915513E-06  4.2979637E-09  1.0216520E-07  6.8211449E-06  3.5136667E-10  2.0005895E-09  9.2048308E-07  2.3543589E-08  1.799E-29  0.5616  4.754314   -8.912  0.985400  7.841722  3.6360925E-01  6.3638091E-01  1.0142754E-07  2.7806834E-08  7.1728431E-06  6.6235660E-08  9.2700344E-11  1.4194324E-13  2.5876784E-13  1.2359392E-14  2.591E-10  0.000E+00  0.000E+00  1.000E+00  1.000E+00  9.27E+02  0.00E+00  0.00E+00  0.000000  0.330123  0.0000000E+00  0.0000000000E+00
 46  2.317429126260156E+06   59.998369  5.869877  4.752527  7.5157740E-01  2.4837130E-01  1.2915513E-06  4.2979642E-09  1.0216520E-07  6.8211449E-06  3.5136667E-10  2.0005895E-09  9.2048308E-07  2.3543589E-08  1.738E-29  0.5582  4.752527   -8.901  0.987931  7.842836  3.5486073E-01  6.4512947E-01  1.0166232E-07  2.7872816E-08  7.1659930E-06  6.5977699E-08  9.2382501E-11  1.4059265E-13  2.5697943E-13  1.2558487E-14  2.103E-10  0.000E+00  0.000E+00  1.000E+00  1.000E+00  9.22E+02  0.00E+00  0.00E+00  0.000000  0.332579  0.0000000E+00  0.0000000000E+00
 47  2.353754072550223E+06   59.998322  5.873132  4.750663  7.5157740E-01  2.4837130E-01  1.2915513E-06  4.2979647E-09  1.0216520E-07  6.8211449E-06  3.5136667E-10  2.0005895E-09  9.2048308E-07  2.3543589E-08  1.678E-29  0.5549  4.750663   -8.889  0.990600  7.843974  3.4611221E-01  6.5387797E-01  1.0198512E-07  2.7962645E-08  7.1588763E-06  6.5714086E-08  9.1998496E-11  1.3905570E-13  2.5517008E-13  1.2766255E-14  1.696E-10  0.000E+00  0.000E+00  1.000E+00  1.000E+00  9.16E+02  0.00E+00  0.00E+00  0.000000  0.335082  0.0000000E+00  0.0000000000E+00
 48  2.389597066699183E+06   59.998275  5.876402  4.748774  7.5157740E-01  2.4837130E-01  1.2915513E-06  4.2979651E-09  1.0216520E-07  6.8211449E-06  3.5136667E-10  2.0005895E-09  9.2048308E-07  2.3543589E-08  1.623E-29  0.5514  4.748774   -8.878  0.993317  7.845128  3.3736369E-01  6.6262651E-01  1.0222399E-07  2.8029965E-08  7.1517378E-06  6.5446996E-08  9.1691897E-11  1.3765613E-13  2.5334116E-13  1.2980147E-14  1.359E-10  0.000E+00  0.000E+00  1.000E+00  1.000E+00  9.10E+02  0.00E+00  0.00E+00  0.000000  0.337614  0.0000000E+00  0.0000000000E+00
 49  2.424973410997775E+06   59.998227  5.879614  4.746870  7.5157740E-01  2.4837130E-01  1.2915513E-06  4.2979655E-09  1.0216520E-07  6.8211449E-06  3.5136667E-10  2.0005895E-09  9.2048308E-07  2.3543589E-08  1.570E-29  0.5480  4.746870   -8.866  0.996097  7.846303  3.2861518E-01  6.7137499E-01  1.0246645E-07  2.8098351E-08  7.1444446E-06  6.5175424E-08  9.1390522E-11  1.3622673E-13  2.5148823E-13  1.3200711E-14  1.082E-10  0.000E+00  0.000E+00  1.000E+00  1.000E+00  9.05E+02  0.00E+00  0.00E+00  0.000000  0.340121  0.0000000E+00  0.0000000000E+00
 50  2.459881948995398E+06   59.998180  5.882807  4.744850  7.5157740E-01  2.4837130E-01  1.2915513E-06  4.2979659E-09  1.0216520E-07  6.8211449E-06  3.5136667E-10  2.0005895E-09  9.2048308E-07  2.3543589E-08  1.519E-29  0.5446  4.744850   -8.855  0.998961  7.847495  3.1986666E-01  6.8012349E-01  1.0275139E-07  2.8178619E-08  7.1369698E-06  6.4876392E-08  9.1038004E-11  1.3463666E-13  2.4952852E-13  1.3448740E-14  8.554E-11  0.000E+00  0.000E+00  1.000E+00  1.000E+00  8.99E+02  0.00E+00  0.00E+00  0.000000  0.342630  0.0000000E+00  0.0000000000E+00
 51  2.494331797145726E+06   59.998131  5.885979  4.742778  7.5157740E-01  2.4837130E-01  1.2915513E-06  4.2979663E-09  1.0216520E-07  6.8211449E-06  3.5136667E-10  2.0005895E-09  9.2048308E-07  2.3543589E-08  1.471E-29  0.5412  4.742778   -8.844  1.001940  7.848714  3.1111814E-01  6.8887206E-01  1.0301705E-07  2.8253768E-08  7.1293708E-06  6.4572423E-08  9.0710752E-11  1.3306517E-13  2.4754412E-13  1.3704906E-14  6.720E-11  0.000E+00  0.000E+00  1.000E+00  1.000E+00  8.93E+02  0.00E+00  0.00E+00  0.000000  0.345142  0.0000000E+00  0.0000000000E+00
 52  2.528338288873128E+06   59.998082  5.889119  4.740661  7.5157740E-01  2.4837130E-01  1.2915513E-06  4.2979667E-09  1.0216520E-07  6.8211449E-06  3.5136667E-10  2.0005895E-09  9.2048308E-07  2.3543589E-08  1.425E-29  0.5378  4.740661   -8.832  1.004997  7.849951  3.0236963E-01  6.9762057E-01  1.0326863E-07  2.8325158E-08  7.1216338E-06  6.4264380E-08  9.0402296E-11  1.3150957E-13  2.4556221E-13  1.3970772E-14  5.234E-11  0.000E+00  0.000E+00  1.000E+00  1.000E+00  8.87E+02  0.00E+00  0.00E+00  0.000000  0.347648  0.0000000E+00  0.0000000000E+00
 53  2.561898354492310E+06   59.998031  5.892222  4.738498  7.5157740E-01  2.4837130E-01  1.2915513E-06  4.2979670E-09  1.0216520E-07  6.8211449E-06  3.5136667E-10  2.0005895E-09  9.2048308E-07  2.3543589E-08  1.380E-29  0.5343  4.738498   -8.821  1.008183  7.851219  2.9362111E-01  7.0636909E-01  1.0358412E-07  2.8414018E-08  7.1136466E-06  6.3949221E-08  9.0066332E-11  1.2979109E-13  2.4356136E-13  1.4251478E-14  4.047E-11  0.000E+00  0.000E+00  1.000E+00  1.000E+00  8.81E+02  0.00E+00  0.00E+00  0.000000  0.350140  0.0000000E+00  0.0000000000E+00
 54  2.595030783546864E+06   59.997980  5.895359  4.736257  7.5157740E-01  2.4837130E-01  1.2915513E-06  4.2979674E-09  1.0216520E-07  6.8211449E-06  3.5136667E-10  2.0005895E-09  9.2048308E-07  2.3543589E-08  1.337E-29  0.5311  4.736257   -8.809  1.011489  7.852514  2.8487259E-01  7.1511754E-01  1.0378213E-07  2.8471073E-08  7.1056955E-06  6.3596866E-08  8.9764073E-11  1.2823381E-13  2.4153537E-13  1.4595903E-14  3.104E-11  0.000E+00  0.000E+00  1.000E+00  1.000E+00  8.75E+02  0.00E+00  0.00E+00  0.000000  0.352679  0.0000000E+00  0.0000000000E+00
 55  2.627728144651417E+06   59.997929  5.898440  4.733996  7.5157740E-01  2.4837130E-01  1.2915513E-06  4.2979677E-09  1.0216520E-07  6.8211449E-06  3.5136667E-10  2.0005895E-09  9.2048308E-07  2.3543589E-08  1.298E-29  0.5274  4.733996   -8.798  1.014908  7.853841  2.7612407E-01  7.2386603E-01  1.0416674E-07  2.8581295E-08  7.0974257E-06  6.3094086E-08  8.9219356E-11  1.2591764E-13  2.3957358E-13  1.5073994E-14  2.353E-11  0.000E+00  0.000E+00  1.000E+00  1.000E+00  8.69E+02  0.00E+00  0.00E+00  0.000000  0.355190  0.0000000E+00  0.0000000000E+00
 56  2.659997201820462E+06   59.997878  5.901580  4.731602  7.5157740E-01  2.4837130E-01  1.2915513E-06  4.2979680E-09  1.0216520E-07  6.8211449E-06  3.5136667E-10  2.0005895E-09  9.2048308E-07  2.3543589E-08  1.259E-29  0.5247  4.731602   -8.787  1.018527  7.855212  2.6737556E-01  7.3261464E-01  1.0442689E-07  2.8655425E-08  7.0889322E-06  6.2856835E-08  8.9077538E-11  1.2452016E-13  2.3770513E-13  1.5262217E-14  1.756E-11  0.000E+00  0.000E+00  1.000E+00  1.000E+00  8.62E+02  0.00E+00  0.00E+00  0.000000  0.357768  0.0000000E+00  0.0000000000E+00
 57  2.691847749393695E+06   59.997825  5.904668  4.729136  7.5157740E-01  2.4837130E-01  1.2915513E-06  4.2979683E-09  1.0216520E-07  6.8211449E-06  3.5136667E-10  2.0005895E-09  9.2048308E-07  2.3543589E-08  1.222E-29  0.5212  4.729136   -8.776  1.022204  7.856602  2.5862704E-01  7.4136316E-01  1.0469376E-07  2.8731527E-08  7.0804296E-06  6.2427268E-08  8.8700869E-11  1.2261465E-13  2.3554622E-13  1.5719840E-14  1.310E-11  0.000E+00  0.000E+00  1.000E+00  1.000E+00  8.56E+02  0.00E+00  0.00E+00  0.000000  0.360321  0.0000000E+00  0.0000000000E+00
 58  2.723265105618307E+06   59.997771  5.907702  4.726614  7.5157740E-01  2.4837130E-01  1.2915513E-06  4.2979687E-09  1.0216520E-07  6.8211449E-06  3.5136667E-10  2.0005895E-09  9.2048308E-07  2.3543589E-08  1.186E-29  0.5177  4.726614   -8.764  1.026059  7.858031  2.4987852E-01  7.5011158E-01  1.0497321E-07  2.8809270E-08  7.0714635E-06  6.2293613E-08  8.8701637E-11  1.2137035E-13  2.3368645E-13  1.5818934E-14  9.559E-12  0.000E+00  0.000E+00  1.000E+00  1.000E+00  8.50E+02  0.00E+00  0.00E+00  0.000000  0.362847  0.0000000E+00  0.0000000000E+00
 59  2.754286817436963E+06   59.997717  5.910749  4.724065  7.5157740E-01  2.4837130E-01  1.2915513E-06  4.2979690E-09  1.0216520E-07  6.8211449E-06  3.5136667E-10  2.0005895E-09  9.2048308E-07  2.3543589E-08  1.152E-29  0.5143  4.724065   -8.753  1.030032  7.859505  2.4113001E-01  7.5886011E-01  1.0527993E-07  2.8898386E-08  7.0626424E-06  6.1737756E-08  8.8217424E-11  1.1911306E-13  2.3149869E-13  1.6413941E-14  6.975E-12  0.000E+00  0.000E+00  1.000E+00  1.000E+00  8.43E+02  0.00E+00  0.00E+00  0.000000  0.365402  0.0000000E+00  0.0000000000E+00
 60  2.784908054308133E+06   59.997662  5.913773  4.721446  7.5157740E-01  2.4837130E-01  1.2915513E-06  4.2979693E-09  1.0216520E-07  6.8211449E-06  3.5136667E-10  2.0005895E-09  9.2048308E-07  2.3543589E-08  1.119E-29  0.5108  4.721446   -8.742  1.034166  7.861022  2.3238149E-01  7.6760871E-01  1.0553254E-07  2.8968713E-08  7.0533373E-06  6.1603682E-08  8.8265349E-11  1.1791145E-13  2.2957914E-13  1.6530102E-14  4.980E-12  0.000E+00  0.000E+00  1.000E+00  1.000E+00  8.37E+02  0.00E+00  0.00E+00  0.000000  0.367956  0.0000000E+00  0.0000000000E+00
 61  2.815126071813535E+06   59.997607  5.916771  4.718761  7.5157740E-01  2.4837130E-01  1.2915513E-06  4.2979697E-09  1.0216520E-07  6.8211449E-06  3.5136667E-10  2.0005895E-09  9.2048308E-07  2.3543589E-08  1.088E-29  0.5074  4.718761   -8.731  1.038468  7.862577  2.2363297E-01  7.7635715E-01  1.0586051E-07  2.9064323E-08  7.0441014E-06  6.1039674E-08  8.7819305E-11  1.1561313E-13  2.2741848E-13  1.7137774E-14  3.543E-12  0.000E+00  0.000E+00  1.000E+00  1.000E+00  8.30E+02  0.00E+00  0.00E+00  0.000000  0.370506  0.0000000E+00  0.0000000000E+00
 62  2.844938144440352E+06   59.997551  5.919770  4.716031  7.5157740E-01  2.4837130E-01  1.2915513E-06  4.2979700E-09  1.0216520E-07  6.8211449E-06  3.5136667E-10  2.0005895E-09  9.2048308E-07  2.3543589E-08  1.059E-29  0.5039  4.716031   -8.720  1.042977  7.864189  2.1488445E-01  7.8510574E-01  1.0618394E-07  2.9156594E-08  7.0345431E-06  6.0631292E-08  8.7578462E-11  1.1363984E-13  2.2522372E-13  1.7626529E-14  2.492E-12  0.000E+00  0.000E+00  1.000E+00  1.000E+00  8.23E+02  0.00E+00  0.00E+00  0.000000  0.373072  0.0000000E+00  0.0000000000E+00
 63  2.874358342506232E+06   59.997494  5.922653  4.713197  7.5157740E-01  2.4837130E-01  1.2915513E-06  4.2979703E-09  1.0216520E-07  6.8211449E-06  3.5136667E-10  2.0005895E-09  9.2048308E-07  2.3543589E-08  1.030E-29  0.5003  4.713197   -8.709  1.047663  7.865849  2.0613594E-01  7.9385417E-01  1.0646991E-07  2.9236766E-08  7.0247169E-06  6.0359086E-08  8.7519182E-11  1.1201763E-13  2.2307541E-13  1.7956709E-14  1.731E-12  0.000E+00  0.000E+00  1.000E+00  1.000E+00  8.17E+02  0.00E+00  0.00E+00  0.000000  0.375558  0.0000000E+00  0.0000000000E+00
 64  2.903374899579430E+06   59.997436  5.925605  4.710259  7.5157740E-01  2.4837130E-01  1.2915513E-06  4.2979707E-09  1.0216520E-07  6.8211449E-06  3.5136667E-10  2.0005895E-09  9.2048308E-07  2.3543589E-08  1.002E-29  0.4965  4.710259   -8.699  1.052559  7.867569  1.9738742E-01  8.0260270E-01  1.0688787E-07  2.9355434E-08  7.0145114E-06  6.0052240E-08  8.7471064E-11  1.1005694E-13  2.2100416E-13  1.8279166E-14  1.190E-12  0.000E+00  0.000E+00  1.000E+00  1.000E+00  8.10E+02  0.00E+00  0.00E+00  0.000000  0.378120  0.0000000E+00  0.0000000000E+00
 65  2.932006273431652E+06   59.997379  5.928523  4.707224  7.5157740E-01  2.4837130E-01  1.2915513E-06  4.2979710E-09  1.0216520E-07  6.8211449E-06  3.5136667E-10  2.0005895E-09  9.2048308E-07  2.3543589E-08  9.759E-30  0.4934  4.707224   -8.688  1.057757  7.869359  1.8863890E-01  8.1135123E-01  1.0720341E-07  2.9446061E-08  7.0043154E-06  5.9653402E-08  8.7331850E-11  1.0814898E-13  2.1890455E-13  1.8742723E-14  8.154E-13  0.000E+00  0.000E+00  1.000E+00  1.000E+00  8.03E+02  0.00E+00  0.00E+00  0.000000  0.380669  0.0000000E+00  0.0000000000E+00
 66  2.960242433594621E+06   59.997320  5.931499  4.704078  7.5157740E-01  2.4837130E-01  1.2915513E-06  4.2979714E-09  1.0216520E-07  6.8211449E-06  3.5136667E-10  2.0005895E-09  9.2048308E-07  2.3543589E-08  9.506E-30  0.4896  4.704078   -8.677  1.063168  7.871211  1.7989039E-01  8.2009980E-01  1.0753074E-07  2.9540055E-08  6.9938915E-06  5.9237935E-08  8.7193379E-11  1.0618842E-13  2.1681764E-13  1.9258532E-14  5.610E-13  0.000E+00  0.000E+00  1.000E+00  1.000E+00  7.96E+02  0.00E+00  0.00E+00  0.000000  0.383286  0.0000000E+00  0.0000000000E+00
 67  2.988099879755655E+06   59.997260  5.934438  4.700914  7.5157740E-01  2.4837130E-01  1.2915513E-06  4.2979717E-09  1.0216520E-07  6.8211449E-06  3.5136667E-10  2.0005895E-09  9.2048308E-07  2.3543589E-08  9.263E-30  0.4861  4.700914   -8.667  1.068717  7.873137  1.7114187E-01  8.2884831E-01  1.0791339E-07  2.9651585E-08  6.9833579E-06  5.8585589E-08  8.6805385E-11  1.0363997E-13  2.1447364E-13  2.0124620E-14  3.940E-13  0.000E+00  0.000E+00  1.000E+00  1.000E+00  7.89E+02  0.00E+00  0.00E+00  0.000000  0.385890  0.0000000E+00  0.0000000000E+00
 68  3.015572048097725E+06   59.997200  5.937300  4.697698  7.5157740E-01  2.4837130E-01  1.2915513E-06  4.2979721E-09  1.0216520E-07  6.8211449E-06  3.5136667E-10  2.0005895E-09  9.2048308E-07  2.3543589E-08  9.029E-30  0.4825  4.697698   -8.657  1.074652  7.875142  1.6239335E-01  8.3759675E-01  1.0833278E-07  2.9771282E-08  6.9723440E-06  5.8141396E-08  8.6700214E-11  1.0141583E-13  2.1220725E-13  2.0738005E-14  2.828E-13  0.000E+00  0.000E+00  1.000E+00  1.000E+00  7.81E+02  0.00E+00  0.00E+00  0.000000  0.388442  0.0000000E+00  0.0000000000E+00
 69  3.042686257254291E+06   59.997140  5.940176  4.694433  7.5157740E-01  2.4837130E-01  1.2915513E-06  4.2979724E-09  1.0216520E-07  6.8211449E-06  3.5136667E-10  2.0005895E-09  9.2048308E-07  2.3543589E-08  8.804E-30  0.4791  4.694433   -8.647  1.080868  7.877245  1.5364483E-01  8.4634527E-01  1.0869407E-07  2.9873251E-08  6.9609824E-06  5.7889784E-08  8.6844431E-11  9.9727600E-14  2.1009855E-13  2.1051373E-14  2.090E-13  0.000E+00  0.000E+00  1.000E+00  1.000E+00  7.74E+02  0.00E+00  0.00E+00  0.000000  0.391024  0.0000000E+00  0.0000000000E+00
 70  3.069441484879410E+06   59.997079  5.943009  4.691017  7.5157740E-01  2.4837130E-01  1.2915513E-06  4.2979728E-09  1.0216520E-07  6.8211449E-06  3.5136667E-10  2.0005895E-09  9.2048308E-07  2.3543589E-08  8.588E-30  0.4755  4.691017   -8.637  1.087435  7.879442  1.4489632E-01  8.5509378E-01  1.0909754E-07  2.9988931E-08  6.9494689E-06  5.7417942E-08  8.6764421E-11  9.7533024E-14  2.0788016E-13  2.1730924E-14  1.633E-13  0.000E+00  0.000E+00  1.000E+00  1.000E+00  7.67E+02  0.00E+00  0.00E+00  0.000000  0.393583  0.0000000E+00  0.0000000000E+00
 71  3.095830929746253E+06   59.997018  5.945852  4.687537  7.5157740E-01  2.4837130E-01  1.2915513E-06  4.2979732E-09  1.0216520E-07  6.8211449E-06  3.5136667E-10  2.0005895E-09  9.2048308E-07  2.3543589E-08  8.380E-30  0.4719  4.687537   -8.627  1.094344  7.881749  1.3614780E-01  8.6384230E-01  1.0957577E-07  3.0127399E-08  6.9377853E-06  5.6725756E-08  8.6473707E-11  9.4781559E-14  2.0516635E-13  2.2781802E-14  1.337E-13  0.000E+00  0.000E+00  1.000E+00  1.000E+00  7.60E+02  0.00E+00  0.00E+00  0.000000  0.396169  0.0000000E+00  0.0000000000E+00
 72  3.121870994754986E+06   59.996955  5.948683  4.683919  7.5157740E-01  2.4837130E-01  1.2915513E-06  4.2979735E-09  1.0216520E-07  6.8211449E-06  3.5136667E-10  2.0005895E-09  9.2048308E-07  2.3543589E-08  8.180E-30  0.4689  4.683919   -8.618  1.101796  7.884195  1.2739928E-01  8.7259082E-01  1.1005251E-07  3.0263550E-08  6.9256149E-06  5.6238221E-08  8.6472506E-11  9.2433545E-14  2.0284151E-13  2.3547244E-14  1.145E-13  0.000E+00  0.000E+00  1.000E+00  1.000E+00  7.52E+02  0.00E+00  0.00E+00  0.000000  0.398759  0.0000000E+00  0.0000000000E+00
 73  3.147552847550478E+06   59.996893  5.951496  4.680281  7.5157740E-01  2.4837130E-01  1.2915513E-06  4.2979739E-09  1.0216520E-07  6.8211449E-06  3.5136667E-10  2.0005895E-09  9.2048308E-07  2.3543589E-08  7.988E-30  0.4653  4.680281   -8.609  1.109624  7.886779  1.1865077E-01  8.8133933E-01  1.1063372E-07  3.0428763E-08  6.9129730E-06  5.5727282E-08  8.6519604E-11  8.9802642E-14  2.0048994E-13  2.4388168E-14  1.017E-13  0.000E+00  0.000E+00  1.000E+00  1.000E+00  7.45E+02  0.00E+00  0.00E+00  0.000000  0.401351  0.0000000E+00  0.0000000000E+00
 74  3.172874830989740E+06   59.996830  5.954395  4.676403  7.5157740E-01  2.4837130E-01  1.2915513E-06  4.2979743E-09  1.0216520E-07  6.8211449E-06  3.5136667E-10  2.0005895E-09  9.2048308E-07  2.3543589E-08  7.803E-30  0.4611  4.676403   -8.600  1.118106  7.889527  1.0990225E-01  8.9008785E-01  1.1115683E-07  3.0578387E-08  6.9000722E-06  5.5191496E-08  8.6571682E-11  8.7334856E-14  1.9808288E-13  2.5315200E-14  9.234E-14  0.000E+00  0.000E+00  1.000E+00  1.000E+00  7.37E+02  0.00E+00  0.00E+00  0.000000  0.404039  0.0000000E+00  0.0000000000E+00
 75  3.197842278615179E+06   59.996767  5.957225  4.672579  7.5157740E-01  2.4837130E-01  1.2915513E-06  4.2979746E-09  1.0216520E-07  6.8211449E-06  3.5136667E-10  2.0005895E-09  9.2048308E-07  2.3543589E-08  7.624E-30  0.4569  4.672579   -8.591  1.127150  7.892466  1.0115373E-01  8.9883637E-01  1.1178264E-07  3.0756653E-08  6.8866539E-06  5.4626399E-08  8.6685339E-11  8.4594481E-14  1.9560791E-13  2.6341102E-14  8.493E-14  0.000E+00  0.000E+00  1.000E+00  1.000E+00  7.29E+02  0.00E+00  0.00E+00  0.000000  0.406681  0.0000000E+00  0.0000000000E+00
 76  3.222438871097910E+06   59.996703  5.960047  4.668667  7.5157740E-01  2.4837130E-01  1.2915513E-06  4.2979750E-09  1.0216520E-07  6.8211449E-06  3.5136667E-10  2.0005895E-09  9.2048308E-07  2.3543589E-08  7.454E-30  0.4523  4.668667   -8.582  1.136947  7.895627  9.2405214E-02  9.0758491E-01  1.1243704E-07  3.0943296E-08  6.8728012E-06  5.4027577E-08  8.6839344E-11  8.1796441E-14  1.9305504E-13  2.7490629E-14  7.850E-14  0.000E+00  0.000E+00  1.000E+00  1.000E+00  7.21E+02  0.00E+00  0.00E+00  0.000000  0.409333  0.0000000E+00  0.0000000000E+00
 77  3.246655447375846E+06   59.996639  5.962833  4.664611  7.5157740E-01  2.4837130E-01  1.2915513E-06  4.2979754E-09  1.0216520E-07  6.8211449E-06  3.5136667E-10  2.0005895E-09  9.2048308E-07  2.3543589E-08  7.288E-30  0.4480  4.664611   -8.574  1.147634  7.899053  8.3656697E-02  9.1633339E-01  1.1331115E-07  3.1193194E-08  6.8584335E-06  5.3170349E-08  8.6863556E-11  7.8117131E-14  1.9003791E-13  2.9237253E-14  7.209E-14  0.000E+00  0.000E+00  1.000E+00  1.000E+00  7.13E+02  0.00E+00  0.00E+00  0.000000  0.411967  0.0000000E+00  0.0000000000E+00
 78  3.270479716218031E+06   59.996575  5.965707  4.660428  7.5157740E-01  2.4837130E-01  1.2915513E-06  4.2979758E-09  1.0216520E-07  6.8211449E-06  3.5136667E-10  2.0005895E-09  9.2048308E-07  2.3543589E-08  7.130E-30  0.4431  4.660428   -8.567  1.159331  7.902798  7.4908180E-02  9.2508190E-01  1.1415447E-07  3.1433080E-08  6.8435109E-06  5.2486074E-08  8.7187428E-11  7.4893749E-14  1.8719250E-13  3.0736771E-14  6.605E-14  0.000E+00  0.000E+00  1.000E+00  1.000E+00  7.06E+02  0.00E+00  0.00E+00  0.000000  0.414703  0.0000000E+00  0.0000000000E+00
 79  3.293908607890883E+06   59.996511  5.968511  4.656244  7.5157740E-01  2.4837130E-01  1.2915513E-06  4.2979761E-09  1.0216520E-07  6.8211449E-06  3.5136667E-10  2.0005895E-09  9.2048308E-07  2.3543589E-08  6.978E-30  0.4381  4.656244   -8.559  1.172353  7.906958  6.6159663E-02  9.3383038E-01  1.1517367E-07  3.1722308E-08  6.8278398E-06  5.1741616E-08  8.7661504E-11  7.1260489E-14  1.8431372E-13  3.2502179E-14  6.039E-14  0.000E+00  0.000E+00  1.000E+00  1.000E+00  6.98E+02  0.00E+00  0.00E+00  0.000000  0.417391  0.0000000E+00  0.0000000000E+00
 80  3.316945288562787E+06   59.996446  5.971362  4.652037  7.5157740E-01  2.4837130E-01  1.2915513E-06  4.2979765E-09  1.0216520E-07  6.8211449E-06  3.5136667E-10  2.0005895E-09  9.2048308E-07  2.3543589E-08  6.831E-30  0.4329  4.652037   -8.552  1.187091  7.911658  5.7411146E-02  9.4257896E-01  1.1634405E-07  3.2054389E-08  6.8114373E-06  5.0921769E-08  8.8303322E-11  6.7315551E-14  1.8132713E-13  3.4582949E-14  5.475E-14  0.000E+00  0.000E+00  1.000E+00  1.000E+00  6.90E+02  0.00E+00  0.00E+00  0.000000  0.420139  0.0000000E+00  0.0000000000E+00
 81  3.339602584538791E+06   59.996383  5.974216  4.647932  7.5157740E-01  2.4837130E-01  1.2915513E-06  4.2979769E-09  1.0216520E-07  6.8211449E-06  3.5136667E-10  2.0005895E-09  9.2048308E-07  2.3543589E-08  6.689E-30  0.4275  4.647932   -8.545  1.204176  7.917097  4.8662629E-02  9.5132744E-01  1.1772509E-07  3.2446203E-08  6.7942139E-06  5.0002981E-08  8.9192130E-11  6.2956105E-14  1.7826188E-13  3.7083637E-14  4.907E-14  0.000E+00  0.000E+00  1.000E+00  1.000E+00  6.82E+02  0.00E+00  0.00E+00  0.000000  0.422910  0.0000000E+00  0.0000000000E+00
 82  3.361892906364060E+06   59.996318  5.977126  4.644034  7.5157740E-01  2.4837130E-01  1.2915513E-06  4.2979773E-09  1.0216520E-07  6.8211449E-06  3.5136667E-10  2.0005895E-09  9.2048308E-07  2.3543589E-08  6.554E-30  0.4218  4.644034   -8.539  1.224471  7.923567  3.9914111E-02  9.6007592E-01  1.1940460E-07  3.2922705E-08  6.7760754E-06  4.8949541E-08  9.0450516E-11  5.8045734E-14  1.7515321E-13  4.0177317E-14  4.329E-14  0.000E+00  0.000E+00  1.000E+00  1.000E+00  6.75E+02  0.00E+00  0.00E+00  0.000000  0.425753  0.0000000E+00  0.0000000000E+00
 83  3.383835657995203E+06   59.996255  5.980085  4.640464  7.5157740E-01  2.4837130E-01  1.2915513E-06  4.2979777E-09  1.0216520E-07  6.8211449E-06  3.5136667E-10  2.0005895E-09  9.2048308E-07  2.3543589E-08  6.423E-30  0.4161  4.640464   -8.532  1.249616  7.931582  3.1165594E-02  9.6882446E-01  1.2167798E-07  3.3566783E-08  6.7566591E-06  4.7699639E-08  9.2444123E-11  5.2001438E-14  1.7206874E-13  4.4160336E-14  3.728E-14  0.000E+00  0.000E+00  1.000E+00  1.000E+00  6.68E+02  0.00E+00  0.00E+00  0.000000  0.428665  0.0000000E+00  0.0000000000E+00
 84  3.405498753620712E+06   59.996190  5.983161  4.637466  7.5157740E-01  2.4837130E-01  1.2915513E-06  4.2979780E-09  1.0216520E-07  6.8211449E-06  3.5136667E-10  2.0005895E-09  9.2048308E-07  2.3543589E-08  6.296E-30  0.4099  4.637466   -8.526  1.282613  7.942140  2.2417077E-02  9.7757296E-01  1.2456387E-07  3.4386091E-08  6.7360424E-06  4.6144629E-08  9.5427388E-11  4.5137862E-14  1.6911067E-13  4.9591599E-14  3.090E-14  0.000E+00  0.000E+00  1.000E+00  1.000E+00  6.62E+02  0.00E+00  0.00E+00  0.000000  0.431712  0.0000000E+00  0.0000000000E+00
 85  3.427032832433452E+06   59.996126  5.986645  4.636016  7.5157740E-01  2.4837130E-01  1.2915513E-06  4.2979784E-09  1.0216520E-07  6.8211449E-06  3.5136667E-10  2.0005895E-09  9.2048308E-07  2.3543589E-08  6.173E-30  0.4043  4.636016   -8.519  1.331004  7.957734  1.3668560E-02  9.8632150E-01  1.2897046E-07  3.5638366E-08  6.7131774E-06  4.4010518E-08  1.0088615E-10  3.6133316E-14  1.6664773E-13  5.7871905E-14  2.375E-14  0.000E+00  0.000E+00  1.000E+00  1.000E+00  6.59E+02  0.00E+00  0.00E+00  0.000000  0.435190  0.0000000E+00  0.0000000000E+00
 86  3.428383852159812E+06   59.996122  5.986879  4.636024  7.5157740E-01  2.4837130E-01  1.2915513E-06  4.2979784E-09  1.0216520E-07  6.8211449E-06  3.5136667E-10  2.0005895E-09  9.2048308E-07  2.3543589E-08  6.165E-30  0.4039  4.636024   -8.518  1.334954  7.959012  1.3121818E-02  9.8686828E-01  1.2930575E-07  3.5733958E-08  6.7116728E-06  4.3844767E-08  1.0134698E-10  3.5526105E-14  1.6653264E-13  5.8551645E-14  2.326E-14  0.000E+00  0.000E+00  1.000E+00  1.000E+00  6.59E+02  0.00E+00  0.00E+00  0.000000  0.435425  0.0000000E+00  0.0000000000E+00
 87  3.429737544772177E+06   59.996117  5.987124  4.636051  7.5157740E-01  2.4837130E-01  1.2915513E-06  4.2979785E-09  1.0216520E-07  6.8211449E-06  3.5136667E-10  2.0005895E-09  9.2048308E-07  2.3543589E-08  6.157E-30  0.4036  4.636051   -8.518  1.339065  7.960343  1.2575075E-02  9.8741499E-01  1.2965748E-07  3.5834240E-08  6.7101457E-06  4.3673267E-08  1.0183581E-10  3.4900505E-14  1.6642490E-13  5.9256056E-14  2.276E-14  0.000E+00  0.000E+00  1.000E+00  1.000E+00  6.59E+02  0.00E+00  0.00E+00  0.000000  0.435670  0.0000000E+00  0.0000000000E+00
 88  3.431094232777152E+06   59.996113  5.987373  4.636093  7.5157740E-01  2.4837130E-01  1.2915513E-06  4.2979785E-09  1.0216520E-07  6.8211449E-06  3.5136667E-10  2.0005895E-09  9.2048308E-07  2.3543589E-08  6.150E-30  0.4033  4.636093   -8.517  1.343350  7.961732  1.2028333E-02  9.8796174E-01  1.3002546E-07  3.5939177E-08  6.7085968E-06  4.3495841E-08  1.0235460E-10  3.4257098E-14  1.6632695E-13  5.9987011E-14  2.226E-14  0.000E+00  0.000E+00  1.000E+00  1.000E+00  6.59E+02  0.00E+00  0.00E+00  0.000000  0.435921  0.0000000E+00  0.0000000000E+00
 89  3.432448121167883E+06   59.996109  5.987623  4.636153  7.5157740E-01  2.4837130E-01  1.2915513E-06  4.2979785E-09  1.0216520E-07  6.8211449E-06  3.5136667E-10  2.0005895E-09  9.2048308E-07  2.3543589E-08  6.142E-30  0.4029  4.636153   -8.516  1.347845  7.963184  1.1481591E-02  9.8850844E-01  1.3057761E-07  3.6095326E-08  6.7067927E-06  4.3307917E-08  1.0312959E-10  3.3224123E-14  1.6625360E-13  6.0760383E-14  2.175E-14  0.000E+00  0.000E+00  1.000E+00  1.000E+00  6.59E+02  0.00E+00  0.00E+00  0.000000  0.436172  0.0000000E+00  0.0000000000E+00
 90  3.433814839905401E+06   59.996105  5.987882  4.636231  7.5157740E-01  2.4837130E-01  1.2915513E-06  4.2979785E-09  1.0216520E-07  6.8211449E-06  3.5136667E-10  2.0005895E-09  9.2048308E-07  2.3543589E-08  6.134E-30  0.4030  4.636231   -8.516  1.352591  7.964716  1.0934848E-02  9.8905520E-01  1.3098140E-07  3.6210500E-08  6.7052005E-06  4.3117554E-08  1.0372020E-10  3.2550809E-14  1.6618673E-13  6.1551932E-14  2.123E-14  0.000E+00  0.000E+00  1.000E+00  1.000E+00  6.59E+02  0.00E+00  0.00E+00  0.000000  0.436432  0.0000000E+00  0.0000000000E+00
 91  3.435176369587468E+06   59.996101  5.988151  4.636335  7.5157740E-01  2.4837130E-01  1.2915513E-06  4.2979786E-09  1.0216520E-07  6.8211449E-06  3.5136667E-10  2.0005895E-09  9.2048308E-07  2.3543589E-08  6.127E-30  0.4026  4.636335   -8.515  1.357543  7.966319  1.0388106E-02  9.8960192E-01  1.3141353E-07  3.6333829E-08  6.7035845E-06  4.2916587E-08  1.0435252E-10  3.1848699E-14  1.6615134E-13  6.2391625E-14  2.070E-14  0.000E+00  0.000E+00  1.000E+00  1.000E+00  6.59E+02  0.00E+00  0.00E+00  0.000000  0.436702  0.0000000E+00  0.0000000000E+00
 92  3.436542554731169E+06   59.996097  5.988430  4.636471  7.5157740E-01  2.4837130E-01  1.2915513E-06  4.2979786E-09  1.0216520E-07  6.8211449E-06  3.5136667E-10  2.0005895E-09  9.2048308E-07  2.3543589E-08  6.119E-30  0.4023  4.636471   -8.515  1.362774  7.968015  9.8413637E-03  9.9014870E-01  1.3186980E-07  3.6464034E-08  6.7019380E-06  4.2707887E-08  1.0503513E-10  3.1121307E-14  1.6613599E-13  6.3267553E-14  2.016E-14  0.000E+00  0.000E+00  1.000E+00  1.000E+00  6.59E+02  0.00E+00  0.00E+00  0.000000  0.436983  0.0000000E+00  0.0000000000E+00
 93  3.437913744023372E+06   59.996093  5.988722  4.636636  7.5157740E-01  2.4837130E-01  1.2915513E-06  4.2979786E-09  1.0216520E-07  6.8211449E-06  3.5136667E-10  2.0005895E-09  9.2048308E-07  2.3543589E-08  6.111E-30  0.4021  4.636636   -8.514  1.368296  7.969808  9.2946214E-03  9.9069543E-01  1.3235384E-07  3.6602185E-08  6.7002580E-06  4.2489697E-08  1.0577068E-10  3.0367026E-14  1.6614509E-13  6.4183107E-14  1.961E-14  0.000E+00  0.000E+00  1.000E+00  1.000E+00  6.59E+02  0.00E+00  0.00E+00  0.000000  0.437276  0.0000000E+00  0.0000000000E+00
 94  3.439290533395098E+06   59.996088  5.989026  4.636836  7.5157740E-01  2.4837130E-01  1.2915513E-06  4.2979786E-09  1.0216520E-07  6.8211449E-06  3.5136667E-10  2.0005895E-09  9.2048308E-07  2.3543589E-08  6.104E-30  0.4018  4.636836   -8.513  1.374148  7.971709  8.7478791E-03  9.9124222E-01  1.3286922E-07  3.6749300E-08  6.6985406E-06  4.2260869E-08  1.0656568E-10  2.9583894E-14  1.6618368E-13  6.5143105E-14  1.904E-14  0.000E+00  0.000E+00  1.000E+00  1.000E+00  6.59E+02  0.00E+00  0.00E+00  0.000000  0.437582  0.0000000E+00  0.0000000000E+00
 95  3.440673395691440E+06   59.996084  5.989343  4.637078  7.5157740E-01  2.4837130E-01  1.2915513E-06  4.2979787E-09  1.0216520E-07  6.8211449E-06  3.5136667E-10  2.0005895E-09  9.2048308E-07  2.3543589E-08  6.096E-30  0.4016  4.637078   -8.513  1.380377  7.973734  8.2011367E-03  9.9178889E-01  1.3345269E-07  3.6915634E-08  6.6967344E-06  4.2019339E-08  1.0747887E-10  2.8701563E-14  1.6625894E-13  6.6154086E-14  1.847E-14  0.000E+00  0.000E+00  1.000E+00  1.000E+00  6.60E+02  0.00E+00  0.00E+00  0.000000  0.437903  0.0000000E+00  0.0000000000E+00
 96  3.442062509141443E+06   59.996080  5.989676  4.637366  7.5157740E-01  2.4837130E-01  1.2915513E-06  4.2979787E-09  1.0216520E-07  6.8211449E-06  3.5136667E-10  2.0005895E-09  9.2048308E-07  2.3543589E-08  6.088E-30  0.4014  4.637366   -8.512  1.387037  7.975900  7.6543944E-03  9.9233564E-01  1.3405262E-07  3.7086929E-08  6.6949202E-06  4.1764271E-08  1.0843748E-10  2.7833622E-14  1.6638231E-13  6.7222596E-14  1.787E-14  0.000E+00  0.000E+00  1.000E+00  1.000E+00  6.60E+02  0.00E+00  0.00E+00  0.000000  0.438238  0.0000000E+00  0.0000000000E+00
 97  3.443457649405387E+06   59.996075  5.990018  4.637701  7.5157740E-01  2.4837130E-01  1.2915513E-06  4.2979787E-09  1.0216520E-07  6.8211449E-06  3.5136667E-10  2.0005895E-09  9.2048308E-07  2.3543589E-08  6.080E-30  0.4019  4.637701   -8.511  1.394218  7.978230  7.1076521E-03  9.9288240E-01  1.3481128E-07  3.7302705E-08  6.6928908E-06  4.1492430E-08  1.0966302E-10  2.6705906E-14  1.6655865E-13  6.8354104E-14  1.727E-14  0.000E+00  0.000E+00  1.000E+00  1.000E+00  6.60E+02  0.00E+00  0.00E+00  0.000000  0.438583  0.0000000E+00  0.0000000000E+00
 98  3.444848860011463E+06   59.996071  5.990374  4.638091  7.5157740E-01  2.4837130E-01  1.2915513E-06  4.2979787E-09  1.0216520E-07  6.8211449E-06  3.5136667E-10  2.0005895E-09  9.2048308E-07  2.3543589E-08  6.073E-30  0.4011  4.638091   -8.510  1.401827  7.980709  6.5609098E-03  9.9342914E-01  1.3587629E-07  3.7617398E-08  6.6909813E-06  4.0564578E-08  1.1066362E-10  2.5473439E-14  1.6667026E-13  7.0420788E-14  1.600E-14  0.000E+00  0.000E+00  1.000E+00  1.000E+00  6.61E+02  0.00E+00  0.00E+00  0.000000  0.438942  0.0000000E+00  0.0000000000E+00
 99  3.446216532153405E+06   59.996067  5.990756  4.638551  7.5157740E-01  2.4837130E-01  1.2915513E-06  4.2979788E-09  1.0216520E-07  6.8211449E-06  3.5136667E-10  2.0005895E-09  9.2048308E-07  2.3543589E-08  6.065E-30  0.4011  4.638551   -8.509  1.410140  7.983417  6.0141674E-03  9.9397593E-01  1.3666113E-07  3.7842073E-08  6.6892247E-06  3.9976192E-08  1.1150502E-10  2.4231676E-14  1.6669243E-13  7.3020433E-14  1.439E-14  0.000E+00  0.000E+00  1.000E+00  1.000E+00  6.61E+02  0.00E+00  0.00E+00  0.000000  0.439329  0.0000000E+00  0.0000000000E+00
100  3.447590939981712E+06   59.996063  5.991164  4.639100  7.5157740E-01  2.4837130E-01  1.2915513E-06  4.2979788E-09  1.0216520E-07  6.8211449E-06  3.5136667E-10  2.0005895E-09  9.2048308E-07  2.3543589E-08  6.057E-30  0.4009  4.639100   -8.508  1.419278  7.986394  5.4674251E-03  9.9452267E-01  1.3770342E-07  3.8144615E-08  6.6870166E-06  3.9476697E-08  1.1313721E-10  2.3123620E-14  1.6707927E-13  7.5083315E-14  1.321E-14  0.000E+00  0.000E+00  1.000E+00  1.000E+00  6.62E+02  0.00E+00  0.00E+00  0.000000  0.439743  0.0000000E+00  0.0000000000E+00
101  3.448961123830059E+06   59.996059  5.991603  4.639732  7.5157740E-01  2.4837130E-01  1.2915513E-06  4.2979788E-09  1.0216520E-07  6.8211449E-06  3.5136667E-10  2.0005895E-09  9.2048308E-07  2.3543589E-08  6.050E-30  0.4011  4.639732   -8.507  1.429336  7.989671  4.9206828E-03  9.9506934E-01  1.3868875E-07  3.8428298E-08  6.6849851E-06  3.8891560E-08  1.1452962E-10  2.1905990E-14  1.6764619E-13  7.7373299E-14  1.196E-14  0.000E+00  0.000E+00  1.000E+00  1.000E+00  6.63E+02  0.00E+00  0.00E+00  0.000000  0.440187  0.0000000E+00  0.0000000000E+00
102  3.450340099255350E+06   59.996054  5.992085  4.640472  7.5157740E-01  2.4837130E-01  1.2915513E-06  4.2979788E-09  1.0216520E-07  6.8211449E-06  3.5136667E-10  2.0005895E-09  9.2048308E-07  2.3543589E-08  6.042E-30  0.4010  4.640472   -8.506  1.440580  7.993333  4.3739405E-03  9.9561613E-01  1.3986133E-07  3.8767564E-08  6.6826487E-06  3.8351116E-08  1.1651031E-10  2.0723945E-14  1.6853835E-13  7.9411617E-14  1.100E-14  0.000E+00  0.000E+00  1.000E+00  1.000E+00  6.64E+02  0.00E+00  0.00E+00  0.000000  0.440676  0.0000000E+00  0.0000000000E+00
103  3.451728530619711E+06   59.996050  5.992618  4.641345  7.5157740E-01  2.4837130E-01  1.2915513E-06  4.2979789E-09  1.0216520E-07  6.8211449E-06  3.5136667E-10  2.0005895E-09  9.2048308E-07  2.3543589E-08  6.034E-30  0.4011  4.641345   -8.505  1.453299  7.997476  3.8271981E-03  9.9616285E-01  1.4106221E-07  3.9112107E-08  6.6802374E-06  3.7867954E-08  1.1876289E-10  1.9479931E-14  1.6971245E-13  8.1436976E-14  1.015E-14  0.000E+00  0.000E+00  1.000E+00  1.000E+00  6.65E+02  0.00E+00  0.00E+00  0.000000  0.441217  0.0000000E+00  0.0000000000E+00
104  3.453127902663740E+06   59.996045  5.993213  4.642374  7.5157740E-01  2.4837130E-01  1.2915513E-06  4.2979789E-09  1.0216520E-07  6.8211449E-06  3.5136667E-10  2.0005895E-09  9.2048308E-07  2.3543589E-08  6.026E-30  0.4016  4.642374   -8.503  1.467922  8.002228  3.2804558E-03  9.9670961E-01  1.4257350E-07  3.9549543E-08  6.6775431E-06  3.7197027E-08  1.2151139E-10  1.8112755E-14  1.7124749E-13  8.3609612E-14  9.201E-15  0.000E+00  0.000E+00  1.000E+00  1.000E+00  6.66E+02  0.00E+00  0.00E+00  0.000000  0.441822  0.0000000E+00  0.0000000000E+00
105  3.454549384799224E+06   59.996041  5.993902  4.643628  7.5157740E-01  2.4837130E-01  1.2915513E-06  4.2979789E-09  1.0216520E-07  6.8211449E-06  3.5136667E-10  2.0005895E-09  9.2048308E-07  2.3543589E-08  6.019E-30  0.4016  4.643628   -8.502  1.485129  8.007825  2.7337135E-03  9.9725632E-01  1.4421011E-07  4.0019976E-08  6.6746066E-06  3.6618463E-08  1.2492865E-10  1.6679058E-14  1.7324095E-13  8.5769122E-14  8.404E-15  0.000E+00  0.000E+00  1.000E+00  1.000E+00  6.68E+02  0.00E+00  0.00E+00  0.000000  0.442523  0.0000000E+00  0.0000000000E+00
106  3.456003895634266E+06   59.996036  5.994727  4.645189  7.5157740E-01  2.4837130E-01  1.2915513E-06  4.2979789E-09  1.0216520E-07  6.8211449E-06  3.5136667E-10  2.0005895E-09  9.2048308E-07  2.3543589E-08  6.011E-30  0.4006  4.645189   -8.500  1.506023  8.014623  2.1869712E-03  9.9780304E-01  1.4629884E-07  4.0619684E-08  6.6711086E-06  3.5952241E-08  1.2948573E-10  1.4963018E-14  1.7591470E-13  8.8028249E-14  7.624E-15  0.000E+00  0.000E+00  1.000E+00  1.000E+00  6.70E+02  0.00E+00  0.00E+00  0.000000  0.443365  0.0000000E+00  0.0000000000E+00
107  3.457508876812788E+06   59.996031  5.995764  4.647210  7.5157740E-01  2.4837130E-01  1.2915513E-06  4.2979790E-09  1.0216520E-07  6.8211449E-06  3.5136667E-10  2.0005895E-09  9.2048308E-07  2.3543589E-08  6.002E-30  0.4011  4.647210   -8.498  1.532778  8.023312  1.6402288E-03  9.9834985E-01  1.4892075E-07  4.1374613E-08  6.6669826E-06  3.5156944E-08  1.3551273E-10  1.3155867E-14  1.7968732E-13  9.0504953E-14  6.788E-15  0.000E+00  0.000E+00  1.000E+00  1.000E+00  6.73E+02  0.00E+00  0.00E+00  0.000000  0.444425  0.0000000E+00  0.0000000000E+00
108  3.459099529749550E+06   59.996026  5.997176  4.650032  7.5157740E-01  2.4837130E-01  1.2915513E-06  4.2979790E-09  1.0216520E-07  6.8211449E-06  3.5136667E-10  2.0005895E-09  9.2048308E-07  2.3543589E-08  5.994E-30  0.4001  4.650032   -8.495  1.569746  8.035309  1.0934865E-03  9.9889656E-01  1.5260243E-07  4.2436073E-08  6.6615452E-06  3.4163105E-08  1.4448241E-10  1.1036127E-14  1.8541349E-13  9.3302883E-14  5.854E-15  0.000E+00  0.000E+00  1.000E+00  1.000E+00  6.77E+02  0.00E+00  0.00E+00  0.000000  0.445873  0.0000000E+00  0.0000000000E+00
109  3.460906915365701E+06   59.996021  5.999439  4.654655  7.5157740E-01  2.4837130E-01  1.2915513E-06  4.2979790E-09  1.0216520E-07  6.8211449E-06  3.5136667E-10  2.0005895E-09  9.2048308E-07  2.3543589E-08  5.984E-30  0.3977  4.654655   -8.491  1.631022  8.055140  5.4674418E-04  9.9944334E-01  1.5866591E-07  4.4181795E-08  6.6529243E-06  3.2939618E-08  1.6061805E-10  8.1296504E-15  1.9501732E-13  9.6512926E-14  4.853E-15  0.000E+00  0.000E+00  1.000E+00  1.000E+00  6.82E+02  0.00E+00  0.00E+00  0.000000  0.448202  0.0000000E+00  0.0000000000E+00
110  3.465126035334070E+06   59.996007  6.012047  4.679901  7.5157740E-01  2.4837130E-01  1.2915513E-06  4.2979791E-09  1.0216520E-07  6.8211449E-06  3.5136667E-10  2.0005895E-09  9.2048308E-07  2.3543589E-08  5.961E-30  0.2904  4.679901   -8.476  2.067232  8.191027  1.8539700E-09  9.9999010E-01  2.4105904E-07  6.7450719E-08  6.5349593E-06  2.8610040E-08  4.0807351E-10  3.1226702E-15  2.2667903E-13  9.5184393E-14  1.972E-15  0.000E+00  0.000E+00  1.000E+00  1.000E+00  7.18E+02  0.00E+00  0.00E+00  0.000000  0.461404  0.0000000E+00  0.0000000000E+00
111  3.465181055795026E+06   59.996007  6.011772  4.679167  7.5157740E-01  2.4837130E-01  1.2915513E-06  4.2979791E-09  1.0216520E-07  6.8211449E-06  3.5136667E-10  2.0005895E-09  9.2048308E-07  2.3543589E-08  5.960E-30  0.2812  4.679167   -8.476  2.027854  8.176243  0.0000000E+00  9.9999005E-01  2.6707012E-07  4.7748546E-08  6.5127287E-06  5.3841452E-08  4.1064164E-10  8.4172110E-12  3.3781203E-13  1.0150734E-13  1.070E-15  0.000E+00  0.000E+00  1.000E+00  1.000E+00  7.17E+02  0.00E+00  0.00E+00  0.000000  0.461112  0.0000000E+00  0.0000000000E+00
112  3.465236076255982E+06   59.996007  6.011976  4.679505  7.5157740E-01  2.4837130E-01  1.2915513E-06  4.2979791E-09  1.0216520E-07  6.8211449E-06  3.5136667E-10  2.0005895E-09  9.2048308E-07  2.3543589E-08  5.960E-30  0.2753  4.679505   -8.475  2.035753  8.178606  0.0000000E+00  9.9999000E-01  3.0575705E-07  3.0241259E-08  6.4927756E-06  7.7213620E-08  4.1474738E-10  1.1349986E-11  5.8507218E-13  1.0485210E-13  6.223E-16  0.000E+00  0.000E+00  1.000E+00  1.000E+00  7.18E+02  0.00E+00  0.00E+00  0.000000  0.461329  0.0000000E+00  0.0000000000E+00
113  3.465291096716939E+06   59.996006  6.012213  4.679895  7.5157740E-01  2.4837130E-01  1.2915513E-06  4.2979791E-09  1.0216520E-07  6.8211449E-06  3.5136667E-10  2.0005895E-09  9.2048308E-07  2.3543589E-08  5.960E-30  0.2663  4.679895   -8.475  2.045916  8.181796  0.0000000E+00  9.9999000E-01  3.5262012E-07  1.9098268E-08  6.4795606E-06  9.2436992E-08  4.1768832E-10  3.4229536E-11  8.7661340E-13  1.2102035E-13  4.283E-16  0.000E+00  0.000E+00  1.000E+00  1.000E+00  7.18E+02  0.00E+00  0.00E+00  0.000000  0.461580  0.0000000E+00  0.0000000000E+00
114  3.465346117177894E+06   59.996006  6.012430  4.680215  7.5157740E-01  2.4837130E-01  1.2915513E-06  4.2979791E-09  1.0216520E-07  6.8211449E-06  3.5136667E-10  2.0005895E-09  9.2048308E-07  2.3543589E-08  5.960E-30  0.2583  4.680215   -8.475  2.055506  8.184779  0.0000000E+00  9.9998990E-01  4.1291243E-07  1.1862959E-08  6.4705417E-06  1.0240537E-07  4.1949209E-10  2.1286089E-10  1.1682510E-12  2.9313229E-13  3.299E-16  0.000E+00  0.000E+00  1.000E+00  1.000E+00  7.19E+02  0.00E+00  0.00E+00  0.000000  0.461811  0.0000000E+00  0.0000000000E+00
115  3.465401137638851E+06   59.996006  6.012642  4.680495  7.5157740E-01  2.4837130E-01  1.2915513E-06  4.2979791E-09  1.0216520E-07  6.8211449E-06  3.5136667E-10  2.0005895E-09  9.2048308E-07  2.3543589E-08  5.959E-30  0.2818  4.680495   -8.475  2.065015  8.187735  0.0000000E+00  9.9998982E-01  4.8198772E-07  7.5415200E-09  6.4647961E-06  1.0826011E-07  4.2025319E-10  6.1133290E-10  1.3989716E-12  8.3246752E-13  2.802E-16  0.000E+00  0.000E+00  1.000E+00  1.000E+00  7.19E+02  0.00E+00  0.00E+00  0.000000  0.462038  0.0000000E+00  0.0000000000E+00
116  3.465456158099806E+06   59.996006  6.012859  4.680746  7.5157740E-01  2.4837130E-01  1.2915513E-06  4.2979791E-09  1.0216520E-07  6.8211449E-06  3.5136667E-10  2.0005895E-09  9.2048308E-07  2.3543589E-08  5.959E-30  0.2587  4.680746   -8.475  2.074649  8.190743  0.0000000E+00  9.9998976E-01  5.7603895E-07  4.5745483E-09  6.4602479E-06  1.1209077E-07  4.2041419E-10  1.5289001E-09  1.5999785E-12  2.1842616E-12  2.505E-16  0.000E+00  0.000E+00  1.000E+00  1.000E+00  7.19E+02  0.00E+00  0.00E+00  0.000000  0.462267  0.0000000E+00  0.0000000000E+00
117  3.465511178560763E+06   59.996006  6.013078  4.680957  7.5157740E-01  2.4837130E-01  1.2915513E-06  4.2979791E-09  1.0216520E-07  6.8211449E-06  3.5136667E-10  2.0005895E-09  9.2048308E-07  2.3543589E-08  5.959E-30  0.2630  4.680957   -8.474  2.084396  8.193792  0.0000000E+00  9.9998961E-01  6.8501766E-07  2.8178002E-09  6.4565272E-06  1.1427366E-07  4.2038839E-10  3.3467113E-09  1.7376343E-12  5.1965803E-12  2.343E-16  0.000E+00  0.000E+00  1.000E+00  1.000E+00  7.20E+02  0.00E+00  0.00E+00  0.000000  0.462501  0.0000000E+00  0.0000000000E+00
118  3.465566199021718E+06   59.996005  6.013297  4.681122  7.5157740E-01  2.4837130E-01  1.2915513E-06  4.2979791E-09  1.0216520E-07  6.8211449E-06  3.5136667E-10  2.0005895E-09  9.2048308E-07  2.3543589E-08  5.958E-30  0.2720  4.681122   -8.474  2.093926  8.196766  0.0000000E+00  9.9998951E-01  8.3660023E-07  1.6172032E-09  6.4522510E-06  1.1576624E-07  4.2037243E-10  6.9177069E-09  1.8413123E-12  1.2715695E-11  2.234E-16  0.000E+00  0.000E+00  1.000E+00  1.000E+00  7.20E+02  0.00E+00  0.00E+00  0.000000  0.462734  0.0000000E+00  0.0000000000E+00
119  3.465621219482675E+06   59.996005  6.013477  4.681147  7.5157740E-01  2.4837130E-01  1.2915513E-06  4.2979791E-09  1.0216520E-07  6.8211449E-06  3.5136667E-10  2.0005895E-09  9.2048308E-07  2.3543589E-08  5.958E-30  0.2536  4.681147   -8.473  2.099565  8.198328  0.0000000E+00  9.9998930E-01  1.0216553E-06  8.7914224E-10  6.4475381E-06  1.1668605E-07  4.2035792E-10  1.1960985E-08  1.9144089E-12  2.5395640E-11  2.168E-16  0.000E+00  0.000E+00  1.000E+00  1.000E+00  7.20E+02  0.00E+00  0.00E+00  0.000000  0.462926  0.0000000E+00  0.0000000000E+00
120  3.465676239943631E+06   59.996005  6.013698  4.681215  7.5157740E-01  2.4837130E-01  1.2915513E-06  4.2979791E-09  1.0216520E-07  6.8211449E-06  3.5136667E-10  2.0005895E-09  9.2048308E-07  2.3543589E-08  5.958E-30  0.2714  4.681215   -8.473  2.108005  8.200909  0.0000000E+00  9.9998909E-01  1.2159696E-06  5.7279596E-10  6.4428757E-06  1.1706902E-07  4.2034116E-10  1.7734071E-08  1.9557334E-12  4.7308509E-11  2.141E-16  0.000E+00  0.000E+00  1.000E+00  1.000E+00  7.20E+02  0.00E+00  0.00E+00  0.000000  0.463161  0.0000000E+00  0.0000000000E+00
121  3.465731260404587E+06   59.996005  6.013864  4.681120  7.5157740E-01  2.4837130E-01  1.2915513E-06  4.2979791E-09  1.0216520E-07  6.8211449E-06  3.5136667E-10  2.0005895E-09  9.2048308E-07  2.3543589E-08  5.957E-30  0.2628  4.681120   -8.473  2.111599  8.201732  0.0000000E+00  9.9998887E-01  1.4522147E-06  3.2632536E-10  6.4372820E-06  1.1737769E-07  4.2032042E-10  2.4884002E-08  1.9957811E-12  7.7665249E-11  2.120E-16  0.000E+00  0.000E+00  1.000E+00  1.000E+00  7.20E+02  0.00E+00  0.00E+00  0.000000  0.463339  0.0000000E+00  0.0000000000E+00
122  3.465786280865543E+06   59.996005  6.014102  4.681147  7.5157740E-01  2.4837130E-01  1.2915513E-06  4.2979791E-09  1.0216520E-07  6.8211449E-06  3.5136667E-10  2.0005895E-09  9.2048308E-07  2.3543589E-08  5.957E-30  0.2652  4.681147   -8.472  2.120746  8.204574  0.0000000E+00  9.9998855E-01  1.7321831E-06  1.8515567E-10  6.4306318E-06  1.1755585E-07  4.2029611E-10  3.3591757E-08  2.0308371E-12  1.2325984E-10  2.107E-16  0.000E+00  0.000E+00  1.000E+00  1.000E+00  7.20E+02  0.00E+00  0.00E+00  0.000000  0.463593  0.0000000E+00  0.0000000000E+00
123  3.465841301326499E+06   59.996004  6.014338  4.681137  7.5157740E-01  2.4837130E-01  1.2915513E-06  4.2979791E-09  1.0216520E-07  6.8211449E-06  3.5136667E-10  2.0005895E-09  9.2048308E-07  2.3543589E-08  5.957E-30  0.2677  4.681137   -8.472  2.129525  8.207285  0.0000000E+00  9.9998820E-01  2.0659132E-06  1.1219617E-10  6.4226108E-06  1.1765022E-07  4.2026781E-10  4.4155850E-08  2.0643056E-12  2.0308899E-10  2.100E-16  0.000E+00  0.000E+00  1.000E+00  1.000E+00  7.20E+02  0.00E+00  0.00E+00  0.000000  0.463845  0.0000000E+00  0.0000000000E+00
124  3.465896321787455E+06   59.996004  6.014569  4.681084  7.5157740E-01  2.4837130E-01  1.2915513E-06  4.2979791E-09  1.0216520E-07  6.8211449E-06  3.5136667E-10  2.0005895E-09  9.2048308E-07  2.3543589E-08  5.957E-30  0.2596  4.681084   -8.471  2.138192  8.209959  0.0000000E+00  9.9998781E-01  2.5067237E-06  6.4998335E-11  6.4118520E-06  1.1771426E-07  4.2023161E-10  5.8283726E-08  2.1035082E-12  3.3820683E-10  2.096E-16  0.000E+00  0.000E+00  1.000E+00  1.000E+00  7.19E+02  0.00E+00  0.00E+00  0.000000  0.464092  0.0000000E+00  0.0000000000E+00
125  3.465951342248411E+06   59.996004  6.014796  4.680994  7.5157740E-01  2.4837130E-01  1.2915513E-06  4.2979791E-09  1.0216520E-07  6.8211449E-06  3.5136667E-10  2.0005895E-09  9.2048308E-07  2.3543589E-08  5.956E-30  0.2567  4.680994   -8.471  2.146831  8.212626  0.0000000E+00  9.9998728E-01  3.0445384E-06  3.5735462E-11  6.3985590E-06  1.1775781E-07  4.2018855E-10  7.5659877E-08  2.1479747E-12  5.3892105E-10  2.093E-16  0.000E+00  0.000E+00  1.000E+00  1.000E+00  7.19E+02  0.00E+00  0.00E+00  0.000000  0.464335  0.0000000E+00  0.0000000000E+00
126  3.466006362709367E+06   59.996004  6.015017  4.680869  7.5157740E-01  2.4837130E-01  1.2915513E-06  4.2979791E-09  1.0216520E-07  6.8211449E-06  3.5136667E-10  2.0005895E-09  9.2048308E-07  2.3543589E-08  5.956E-30  0.2626  4.680869   -8.470  2.155260  8.215217  0.0000000E+00  9.9998660E-01  3.6717818E-06  1.9597415E-11  6.3828859E-06  1.1778721E-07  4.2013963E-10  9.6039584E-08  2.1971630E-12  8.2278800E-10  2.091E-16  0.000E+00  0.000E+00  1.000E+00  1.000E+00  7.19E+02  0.00E+00  0.00E+00  0.000000  0.464571  0.0000000E+00  0.0000000000E+00
127  3.466061383170323E+06   59.996004  6.015219  4.680674  7.5157740E-01  2.4837130E-01  1.2915513E-06  4.2979791E-09  1.0216520E-07  6.8211449E-06  3.5136667E-10  2.0005895E-09  9.2048308E-07  2.3543589E-08  5.956E-30  0.2555  4.680674   -8.469  2.162456  8.217363  0.0000000E+00  9.9998586E-01  4.4259221E-06  1.1168553E-11  6.3640023E-06  1.1781170E-07  4.2008219E-10  1.2042167E-07  2.2540799E-12  1.2869292E-09  2.090E-16  0.000E+00  0.000E+00  1.000E+00  1.000E+00  7.18E+02  0.00E+00  0.00E+00  0.000000  0.464786  0.0000000E+00  0.0000000000E+00
128  3.466116403631279E+06   59.996003  6.015421  4.680459  7.5157740E-01  2.4837130E-01  1.2915513E-06  4.2979791E-09  1.0216520E-07  6.8211449E-06  3.5136667E-10  2.0005895E-09  9.2048308E-07  2.3543589E-08  5.955E-30  0.2460  4.680459   -8.468  2.169876  8.219595  0.0000000E+00  9.9998492E-01  5.3336351E-06  6.3217035E-12  6.3412068E-06  1.1783718E-07  4.2001456E-10  1.4967629E-07  2.3207120E-12  1.9667914E-09  2.090E-16  0.000E+00  0.000E+00  1.000E+00  1.000E+00  7.18E+02  0.00E+00  0.00E+00  0.000000  0.465002  0.0000000E+00  0.0000000000E+00
129  3.466171424092235E+06   59.996003  6.015620  4.680215  7.5157740E-01  2.4837130E-01  1.2915513E-06  4.2979791E-09  1.0216520E-07  6.8211449E-06  3.5136667E-10  2.0005895E-09  9.2048308E-07  2.3543589E-08  5.955E-30  0.2498  4.680215   -8.468  2.177632  8.221950  0.0000000E+00  9.9998389E-01  6.3700841E-06  3.5213939E-12  6.3151072E-06  1.1786557E-07  4.1993898E-10  1.8298040E-07  2.3949880E-12  2.8763051E-09  2.090E-16  0.000E+00  0.000E+00  1.000E+00  1.000E+00  7.17E+02  0.00E+00  0.00E+00  0.000000  0.465215  0.0000000E+00  0.0000000000E+00
130  3.466226444553191E+06   59.996003  6.015815  4.679936  7.5157740E-01  2.4837130E-01  1.2915513E-06  4.2979791E-09  1.0216520E-07  6.8211449E-06  3.5136667E-10  2.0005895E-09  9.2048308E-07  2.3543589E-08  5.955E-30  0.2499  4.679936   -8.468  2.185314  8.224281  0.0000000E+00  9.9998272E-01  7.5412557E-06  2.1810339E-12  6.2855922E-06  1.1789900E-07  4.1985549E-10  2.2040747E-07  2.4769357E-12  4.0852643E-09  2.090E-16  0.000E+00  0.000E+00  1.000E+00  1.000E+00  7.17E+02  0.00E+00  0.00E+00  0.000000  0.465425  0.0000000E+00  0.0000000000E+00
131  3.466281465014147E+06   59.996003  6.016011  4.679631  7.5157740E-01  2.4837130E-01  1.2915513E-06  4.2979791E-09  1.0216520E-07  6.8211449E-06  3.5136667E-10  2.0005895E-09  9.2048308E-07  2.3543589E-08  5.955E-30  0.2474  4.679631   -8.467  2.192780  8.226535  0.0000000E+00  9.9998132E-01  8.9225176E-06  1.4054734E-12  6.2508492E-06  1.1794181E-07  4.1975892E-10  2.6420586E-07  2.5716778E-12  5.7305953E-09  2.089E-16  0.000E+00  0.000E+00  1.000E+00  1.000E+00  7.17E+02  0.00E+00  0.00E+00  0.000000  0.465635  0.0000000E+00  0.0000000000E+00
132  3.466336485475103E+06   59.996003  6.016200  4.679280  7.5157740E-01  2.4837130E-01  1.2915513E-06  4.2979791E-09  1.0216520E-07  6.8211449E-06  3.5136667E-10  2.0005895E-09  9.2048308E-07  2.3543589E-08  5.954E-30  0.2491  4.679280   -8.466  2.199646  8.228574  0.0000000E+00  9.9997965E-01  1.0602961E-05  7.6711158E-13  6.2091613E-06  1.1800390E-07  4.1964364E-10  3.1628663E-07  2.6847828E-12  8.2003014E-09  2.089E-16  0.000E+00  0.000E+00  1.000E+00  1.000E+00  7.16E+02  0.00E+00  0.00E+00  0.000000  0.465838  0.0000000E+00  0.0000000000E+00
133  3.466391505936059E+06   59.996003  6.016379  4.678882  7.5157740E-01  2.4837130E-01  1.2915513E-06  4.2979791E-09  1.0216520E-07  6.8211449E-06  3.5136667E-10  2.0005895E-09  9.2048308E-07  2.3543589E-08  5.954E-30  0.2397  4.678882   -8.465  2.205877  8.230384  0.0000000E+00  9.9997770E-01  1.2517892E-05  4.0401532E-13  6.1623867E-06  1.1808527E-07  4.1951398E-10  3.7424822E-07  2.8120014E-12  1.1495471E-08  2.089E-16  0.000E+00  0.000E+00  1.000E+00  1.000E+00  7.15E+02  0.00E+00  0.00E+00  0.000000  0.466030  0.0000000E+00  0.0000000000E+00
134  3.466446526397015E+06   59.996002  6.016569  4.678473  7.5157740E-01  2.4837130E-01  1.2915513E-06  4.2979791E-09  1.0216520E-07  6.8211449E-06  3.5136667E-10  2.0005895E-09  9.2048308E-07  2.3543589E-08  5.953E-30  0.2474  4.678473   -8.464  2.213004  8.232522  0.0000000E+00  9.9997554E-01  1.4701593E-05  2.4994177E-13  6.1099460E-06  1.1819327E-07  4.1936996E-10  4.3848132E-07  2.9533438E-12  1.5983663E-08  2.089E-16  0.000E+00  0.000E+00  1.000E+00  1.000E+00  7.14E+02  0.00E+00  0.00E+00  0.000000  0.466234  0.0000000E+00  0.0000000000E+00
135  3.466501546857971E+06   59.996002  6.016786  4.678083  7.5157740E-01  2.4837130E-01  1.2915513E-06  4.2979791E-09  1.0216520E-07  6.8211449E-06  3.5136667E-10  2.0005895E-09  9.2048308E-07  2.3543589E-08  5.953E-30  0.2502  4.678083   -8.464  2.218655  8.234125  0.0000000E+00  9.9997307E-01  1.7144964E-05  1.4247652E-13  6.0519983E-06  1.1832408E-07  4.1921048E-10  5.0903885E-07  3.1098772E-12  2.1418960E-08  2.089E-16  0.000E+00  0.000E+00  1.000E+00  1.000E+00  7.14E+02  0.00E+00  0.00E+00  0.000000  0.466467  0.0000000E+00  0.0000000000E+00
136  3.466556567318927E+06   59.996002  6.016975  4.677574  7.5157740E-01  2.4837130E-01  1.2915513E-06  4.2979791E-09  1.0216520E-07  6.8211449E-06  3.5136667E-10  2.0005895E-09  9.2048308E-07  2.3543589E-08  5.953E-30  0.2498  4.677574   -8.463  2.218867  8.233745  0.0000000E+00  9.9997068E-01  1.9490076E-05  7.5344874E-14  5.9968741E-06  1.1845443E-07  4.1905705E-10  5.7607618E-07  3.2604574E-12  2.6725453E-08  2.089E-16  0.000E+00  0.000E+00  1.000E+00  1.000E+00  7.13E+02  0.00E+00  0.00E+00  0.000000  0.466670  0.0000000E+00  0.0000000000E+00
137  3.466611587779884E+06   59.996002  6.017001  4.676604  7.5157740E-01  2.4837130E-01  1.2915513E-06  4.2979791E-09  1.0216520E-07  6.8211449E-06  3.5136667E-10  2.0005895E-09  9.2048308E-07  2.3543589E-08  5.953E-30  0.2491  4.676604   -8.462  2.203422  8.227648  0.0000000E+00  9.9996924E-01  2.0918015E-05  4.5964420E-14  5.9637757E-06  1.1853262E-07  4.1895892E-10  6.1685064E-07  3.3566624E-12  2.9486688E-08  2.089E-16  0.000E+00  0.000E+00  1.000E+00  1.000E+00  7.11E+02  0.00E+00  0.00E+00  0.000000  0.466698  0.0000000E+00  0.0000000000E+00
138  3.466666608240840E+06   59.996002  6.017240  4.676055  7.5157740E-01  2.4837130E-01  1.2915513E-06  4.2979791E-09  1.0216520E-07  6.8211449E-06  3.5136667E-10  2.0005895E-09  9.2048308E-07  2.3543589E-08  5.952E-30  0.2481  4.676055   -8.461  2.205861  8.228072  0.0000000E+00  9.9996755E-01  2.2589247E-05  2.8399950E-14  5.9253626E-06  1.1863042E-07  4.1884632E-10  6.6381514E-07  3.4670879E-12  3.3039655E-08  2.088E-16  0.000E+00  0.000E+00  1.000E+00  1.000E+00  7.10E+02  0.00E+00  0.00E+00  0.000000  0.466955  0.0000000E+00  0.0000000000E+00
139  3.466721628701796E+06   59.996002  6.017546  4.675603  7.5157740E-01  2.4837130E-01  1.2915513E-06  4.2979791E-09  1.0216520E-07  6.8211449E-06  3.5136667E-10  2.0005895E-09  9.2048308E-07  2.3543589E-08  5.952E-30  0.2461  4.675603   -8.461  2.212913  8.230180  0.0000000E+00  9.9996551E-01  2.4625290E-05  1.7157184E-14  5.8798179E-06  1.1876849E-07  4.1871246E-10  7.1866596E-07  3.5984124E-12  3.8170132E-08  2.088E-16  0.000E+00  0.000E+00  1.000E+00  1.000E+00  7.10E+02  0.00E+00  0.00E+00  0.000000  0.467284  0.0000000E+00  0.0000000000E+00
140  3.466776649162752E+06   59.996001  6.017883  4.675167  7.5157740E-01  2.4837130E-01  1.2915513E-06  4.2979791E-09  1.0216520E-07  6.8211449E-06  3.5136667E-10  2.0005895E-09  9.2048308E-07  2.3543589E-08  5.952E-30  0.2428  4.675167   -8.459  2.221309  8.232782  0.0000000E+00  9.9996307E-01  2.7051997E-05  1.0839840E-14  5.8267718E-06  1.1895145E-07  4.1855591E-10  7.8173624E-07  3.7520486E-12  4.5053097E-08  2.088E-16  0.000E+00  0.000E+00  1.000E+00  1.000E+00  7.08E+02  0.00E+00  0.00E+00  0.000000  0.467647  0.0000000E+00  0.0000000000E+00
141  3.466831669623708E+06   59.996001  6.018222  4.674670  7.5157740E-01  2.4837130E-01  1.2915513E-06  4.2979791E-09  1.0216520E-07  6.8211449E-06  3.5136667E-10  2.0005895E-09  9.2048308E-07  2.3543589E-08  5.952E-30  0.2423  4.674670   -8.458  2.229588  8.235344  0.0000000E+00  9.9996006E-01  3.0047745E-05  6.8774606E-15  5.7632557E-06  1.1920477E-07  4.1836778E-10  8.5602589E-07  3.9367558E-12  5.4679637E-08  2.088E-16  0.000E+00  0.000E+00  1.000E+00  1.000E+00  7.07E+02  0.00E+00  0.00E+00  0.000000  0.468012  0.0000000E+00  0.0000000000E+00
142  3.466886690084664E+06   59.996001  6.018563  4.674138  7.5157740E-01  2.4837130E-01  1.2915513E-06  4.2979791E-09  1.0216520E-07  6.8211449E-06  3.5136667E-10  2.0005895E-09  9.2048308E-07  2.3543589E-08  5.951E-30  0.2433  4.674138   -8.457  2.237803  8.237886  0.0000000E+00  9.9995673E-01  3.3358108E-05  4.2171103E-15  5.6939511E-06  1.1949699E-07  4.1816220E-10  9.3651858E-07  4.1386419E-12  6.5823063E-08  2.088E-16  0.000E+00  0.000E+00  1.000E+00  1.000E+00  7.06E+02  0.00E+00  0.00E+00  0.000000  0.468378  0.0000000E+00  0.0000000000E+00
143  3.466941710545620E+06   59.996001  6.018927  4.673558  7.5157740E-01  2.4837130E-01  1.2915513E-06  4.2979791E-09  1.0216520E-07  6.8211449E-06  3.5136667E-10  2.0005895E-09  9.2048308E-07  2.3543589E-08  5.951E-30  0.2412  4.673558   -8.456  2.245771  8.240342  0.0000000E+00  9.9995238E-01  3.7684200E-05  2.9462112E-15  5.6080247E-06  1.1994076E-07  4.1790204E-10  1.0338340E-06  4.3942764E-12  8.2538722E-08  2.088E-16  0.000E+00  0.000E+00  1.000E+00  1.000E+00  7.05E+02  0.00E+00  0.00E+00  0.000000  0.468772  0.0000000E+00  0.0000000000E+00
144  3.466996731006576E+06   59.996001  6.019297  4.672967  7.5157740E-01  2.4837130E-01  1.2915513E-06  4.2979792E-09  1.0216520E-07  6.8211449E-06  3.5136667E-10  2.0005895E-09  9.2048308E-07  2.3543589E-08  5.951E-30  0.2386  4.672967   -8.455  2.253681  8.242778  0.0000000E+00  9.9994779E-01  4.2252699E-05  1.9674322E-15  5.5182856E-06  1.2042285E-07  4.1762901E-10  1.1349284E-06  4.6625941E-12  1.0062956E-07  2.088E-16  0.000E+00  0.000E+00  1.000E+00  1.000E+00  7.04E+02  0.00E+00  0.00E+00  0.000000  0.469171  0.0000000E+00  0.0000000000E+00
145  3.467051751467532E+06   59.996000  6.019675  4.672309  7.5157740E-01  2.4837130E-01  1.2915513E-06  4.2979792E-09  1.0216520E-07  6.8211449E-06  3.5136667E-10  2.0005895E-09  9.2048308E-07  2.3543589E-08  5.950E-30  0.2399  4.672309   -8.454  2.261294  8.245112  0.0000000E+00  9.9994185E-01  4.8128697E-05  1.7236400E-15  5.4112622E-06  1.2115723E-07  4.1728968E-10  1.2513813E-06  4.9962512E-12  1.2710350E-07  2.087E-16  0.000E+00  0.000E+00  1.000E+00  1.000E+00  7.03E+02  0.00E+00  0.00E+00  0.000000  0.469579  0.0000000E+00  0.0000000000E+00
146  3.467106771928488E+06   59.996000  6.020052  4.671627  7.5157740E-01  2.4837130E-01  1.2915513E-06  4.2979792E-09  1.0216520E-07  6.8211449E-06  3.5136667E-10  2.0005895E-09  9.2048308E-07  2.3543589E-08  5.950E-30  0.2401  4.671627   -8.453  2.268861  8.247431  0.0000000E+00  9.9993545E-01  5.4484833E-05  1.5571957E-15  5.2986045E-06  1.2199711E-07  4.1692630E-10  1.3725256E-06  5.3536284E-12  1.5670444E-07  2.087E-16  0.000E+00  0.000E+00  1.000E+00  1.000E+00  7.02E+02  0.00E+00  0.00E+00  0.000000  0.469988  0.0000000E+00  0.0000000000E+00
147  3.467161792389444E+06   59.996000  6.020429  4.670864  7.5157740E-01  2.4837130E-01  1.2915513E-06  4.2979792E-09  1.0216520E-07  6.8211449E-06  3.5136667E-10  2.0005895E-09  9.2048308E-07  2.3543589E-08  5.950E-30  0.2370  4.670864   -8.452  2.276272  8.249698  0.0000000E+00  9.9992746E-01  6.2428673E-05  1.6465232E-15  5.1673153E-06  1.2318586E-07  4.1648337E-10  1.5091829E-06  5.7894428E-12  1.9664559E-07  2.087E-16  0.000E+00  0.000E+00  1.000E+00  1.000E+00  7.00E+02  0.00E+00  0.00E+00  0.000000  0.470396  0.0000000E+00  0.0000000000E+00
148  3.467216812850400E+06   59.996000  6.020805  4.670072  7.5157740E-01  2.4837130E-01  1.2915513E-06  4.2979792E-09  1.0216520E-07  6.8211449E-06  3.5136667E-10  2.0005895E-09  9.2048308E-07  2.3543589E-08  5.950E-30  0.2369  4.670072   -8.450  2.283514  8.251908  0.0000000E+00  9.9991829E-01  7.1558515E-05  1.8333820E-15  5.0300610E-06  1.2481734E-07  4.1598554E-10  1.6463959E-06  6.2794414E-12  2.4528422E-07  2.087E-16  0.000E+00  0.000E+00  1.000E+00  1.000E+00  6.98E+02  0.00E+00  0.00E+00  0.000000  0.470803  0.0000000E+00  0.0000000000E+00
149  3.467271833311356E+06   59.995999  6.021180  4.669242  7.5157740E-01  2.4837130E-01  1.2915513E-06  4.2979792E-09  1.0216520E-07  6.8211449E-06  3.5136667E-10  2.0005895E-09  9.2048308E-07  2.3543589E-08  5.949E-30  0.2409  4.669242   -8.449  2.290530  8.254039  0.0000000E+00  9.9990753E-01  8.2271641E-05  2.1504428E-15  4.8848435E-06  1.2703986E-07  4.1541444E-10  1.7843507E-06  6.8417750E-12  3.0553380E-07  2.087E-16  0.000E+00  0.000E+00  1.000E+00  1.000E+00  6.97E+02  0.00E+00  0.00E+00  0.000000  0.471210  0.0000000E+00  0.0000000000E+00
150  3.467326853772312E+06   59.995999  6.021551  4.668395  7.5157740E-01  2.4837130E-01  1.2915513E-06  4.2979792E-09  1.0216520E-07  6.8211449E-06  3.5136667E-10  2.0005895E-09  9.2048308E-07  2.3543589E-08  5.949E-30  0.2432  4.668395   -8.448  2.297476  8.256148  0.0000000E+00  9.9989567E-01  9.4077129E-05  2.5337255E-15  4.7331313E-06  1.2968401E-07  4.1479357E-10  1.9248726E-06  7.4532560E-12  3.7286262E-07  2.087E-16  0.000E+00  0.000E+00  1.000E+00  1.000E+00  6.96E+02  0.00E+00  0.00E+00  0.000000  0.471613  0.0000000E+00  0.0000000000E+00
151  3.467381874233268E+06   59.995999  6.021912  4.667499  7.5157740E-01  2.4837130E-01  1.2915513E-06  4.2979792E-09  1.0216520E-07  6.8211449E-06  3.5136667E-10  2.0005895E-09  9.2048308E-07  2.3543589E-08  5.948E-30  0.2409  4.667499   -8.446  2.304224  8.258194  0.0000000E+00  9.9988075E-01  1.0893487E-04  3.1020432E-15  4.5632717E-06  1.3350632E-07  4.1403362E-10  2.0725676E-06  8.2020635E-12  4.5997206E-07  2.086E-16  0.000E+00  0.000E+00  1.000E+00  1.000E+00  6.94E+02  0.00E+00  0.00E+00  0.000000  0.472006  0.0000000E+00  0.0000000000E+00
152  3.467436894694224E+06   59.995999  6.022272  4.666598  7.5157740E-01  2.4837130E-01  1.2915513E-06  4.2979792E-09  1.0216520E-07  6.8211449E-06  3.5136667E-10  2.0005895E-09  9.2048308E-07  2.3543589E-08  5.948E-30  0.2390  4.666598   -8.445  2.310936  8.260227  0.0000000E+00  9.9986542E-01  1.2419601E-04  3.6987824E-15  4.3925446E-06  1.3754355E-07  4.1325676E-10  2.2193599E-06  8.9675918E-12  5.4954787E-07  2.086E-16  0.000E+00  0.000E+00  1.000E+00  1.000E+00  6.93E+02  0.00E+00  0.00E+00  0.000000  0.472398  0.0000000E+00  0.0000000000E+00
153  3.467491915155180E+06   59.995999  6.022621  4.665652  7.5157740E-01  2.4837130E-01  1.2915513E-06  4.2979792E-09  1.0216520E-07  6.8211449E-06  3.5136667E-10  2.0005895E-09  9.2048308E-07  2.3543589E-08  5.948E-30  0.2409  4.665652   -8.443  2.317320  8.262150  0.0000000E+00  9.9984639E-01  1.4313460E-04  4.5546087E-15  4.2139094E-06  1.4354008E-07  4.1232580E-10  2.3579229E-06  9.8855453E-12  6.6160685E-07  2.086E-16  0.000E+00  0.000E+00  1.000E+00  1.000E+00  6.91E+02  0.00E+00  0.00E+00  0.000000  0.472777  0.0000000E+00  0.0000000000E+00
154  3.467546935616137E+06   59.995999  6.022970  4.664706  7.5157740E-01  2.4837130E-01  1.2915513E-06  4.2979792E-09  1.0216520E-07  6.8211449E-06  3.5136667E-10  2.0005895E-09  9.2048308E-07  2.3543589E-08  5.948E-30  0.2428  4.664706   -8.442  2.323705  8.264072  0.0000000E+00  9.9982735E-01  1.6207319E-04  5.4104350E-15  4.0352742E-06  1.4953661E-07  4.1139485E-10  2.4964860E-06  1.0803499E-11  7.7366583E-07  2.086E-16  0.000E+00  0.000E+00  1.000E+00  1.000E+00  6.89E+02  0.00E+00  0.00E+00  0.000000  0.473157  0.0000000E+00  0.0000000000E+00
155  3.467601956077092E+06   59.995999  6.023306  4.663721  7.5157740E-01  2.4837130E-01  1.2915513E-06  4.2979792E-09  1.0216520E-07  6.8211449E-06  3.5136667E-10  2.0005895E-09  9.2048308E-07  2.3543589E-08  5.948E-30  0.2439  4.663721   -8.441  2.329798  8.265901  0.0000000E+00  9.9980275E-01  1.8658718E-04  6.6866552E-15  3.8442860E-06  1.5885658E-07  4.1023127E-10  2.6261819E-06  1.1951552E-11  9.1601390E-07  2.086E-16  0.000E+00  0.000E+00  1.000E+00  1.000E+00  6.88E+02  0.00E+00  0.00E+00  0.000000  0.473523  0.0000000E+00  0.0000000000E+00
156  3.467656976538049E+06   59.995998  6.023641  4.662732  7.5157740E-01  2.4837130E-01  1.2915513E-06  4.2979792E-09  1.0216520E-07  6.8211449E-06  3.5136667E-10  2.0005895E-09  9.2048308E-07  2.3543589E-08  5.947E-30  0.2450  4.662732   -8.440  2.335871  8.267724  0.0000000E+00  9.9977776E-01  2.1149421E-04  7.9925113E-15  3.6524271E-06  1.6841083E-07  4.0905130E-10  2.7552527E-06  1.3115826E-11  1.0604972E-06  2.085E-16  0.000E+00  0.000E+00  1.000E+00  1.000E+00  6.86E+02  0.00E+00  0.00E+00  0.000000  0.473888  0.0000000E+00  0.0000000000E+00
157  3.467711996999004E+06   59.995998  6.023963  4.661712  7.5157740E-01  2.4837130E-01  1.2915513E-06  4.2979792E-09  1.0216520E-07  6.8211449E-06  3.5136667E-10  2.0005895E-09  9.2048308E-07  2.3543589E-08  5.947E-30  0.2462  4.661712   -8.439  2.341698  8.269467  0.0000000E+00  9.9974932E-01  2.3985203E-04  9.6927377E-15  3.4739426E-06  1.8124469E-07  4.0775365E-10  2.8555196E-06  1.4397031E-11  1.2191057E-06  2.085E-16  0.000E+00  0.000E+00  1.000E+00  1.000E+00  6.85E+02  0.00E+00  0.00E+00  0.000000  0.474240  0.0000000E+00  0.0000000000E+00
158  3.467767017459961E+06   59.995998  6.024282  4.660683  7.5157740E-01  2.4837130E-01  1.2915513E-06  4.2979792E-09  1.0216520E-07  6.8211449E-06  3.5136667E-10  2.0005895E-09  9.2048308E-07  2.3543589E-08  5.946E-30  0.2473  4.660683   -8.438  2.347452  8.271186  0.0000000E+00  9.9971985E-01  2.6924387E-04  1.1511136E-14  3.2994657E-06  1.9506126E-07  4.0642075E-10  2.9471554E-06  1.5713275E-11  1.3819468E-06  2.085E-16  0.000E+00  0.000E+00  1.000E+00  1.000E+00  6.83E+02  0.00E+00  0.00E+00  0.000000  0.474588  0.0000000E+00  0.0000000000E+00
159  3.467822037920916E+06   59.995998  6.024591  4.659630  7.5157740E-01  2.4837130E-01  1.2915513E-06  4.2979792E-09  1.0216520E-07  6.8211449E-06  3.5136667E-10  2.0005895E-09  9.2048308E-07  2.3543589E-08  5.946E-30  0.2486  4.659630   -8.437  2.353026  8.272850  0.0000000E+00  9.9968445E-01  3.0453570E-04  1.3852859E-14  3.1135400E-06  2.1351139E-07  4.0485188E-10  3.0337761E-06  1.7263120E-11  1.5689903E-06  2.085E-16  0.000E+00  0.000E+00  1.000E+00  1.000E+00  6.81E+02  0.00E+00  0.00E+00  0.000000  0.474925  0.0000000E+00  0.0000000000E+00
160  3.467877058381873E+06   59.995997  6.024894  4.658562  7.5157740E-01  2.4837130E-01  1.2915513E-06  4.2979792E-09  1.0216520E-07  6.8211449E-06  3.5136667E-10  2.0005895E-09  9.2048308E-07  2.3543589E-08  5.946E-30  0.2498  4.658562   -8.436  2.358484  8.274478  0.0000000E+00  9.9964519E-01  3.4368391E-04  1.6536640E-14  2.9201309E-06  2.3499013E-07  4.0312877E-10  3.1171187E-06  1.8965653E-11  1.7718532E-06  2.084E-16  0.000E+00  0.000E+00  1.000E+00  1.000E+00  6.79E+02  0.00E+00  0.00E+00  0.000000  0.475257  0.0000000E+00  0.0000000000E+00
161  3.467932078842829E+06   59.995997  6.025192  4.657480  7.5157740E-01  2.4837130E-01  1.2915513E-06  4.2979792E-09  1.0216520E-07  6.8211449E-06  3.5136667E-10  2.0005895E-09  9.2048308E-07  2.3543589E-08  5.946E-30  0.2510  4.657480   -8.435  2.363464  8.275937  0.0000000E+00  9.9960409E-01  3.8466330E-04  1.9612762E-14  2.7404818E-06  2.5942447E-07  4.0135768E-10  3.1813454E-06  2.0716198E-11  1.9764183E-06  2.084E-16  0.000E+00  0.000E+00  1.000E+00  1.000E+00  6.77E+02  0.00E+00  0.00E+00  0.000000  0.475583  0.0000000E+00  0.0000000000E+00
162  3.467987099303785E+06   59.995997  6.025484  4.656380  7.5157740E-01  2.4837130E-01  1.2915513E-06  4.2979792E-09  1.0216520E-07  6.8211449E-06  3.5136667E-10  2.0005895E-09  9.2048308E-07  2.3543589E-08  5.945E-30  0.2522  4.656380   -8.434  2.367836  8.277181  0.0000000E+00  9.9956067E-01  4.2797305E-04  2.3188181E-14  2.5783434E-06  2.8762012E-07  3.9952554E-10  3.2212452E-06  2.2527842E-11  2.1831500E-06  2.083E-16  0.000E+00  0.000E+00  1.000E+00  1.000E+00  6.75E+02  0.00E+00  0.00E+00  0.000000  0.475904  0.0000000E+00  0.0000000000E+00
163  3.468042119764741E+06   59.995997  6.025772  4.655267  7.5157740E-01  2.4837130E-01  1.2915513E-06  4.2979792E-09  1.0216520E-07  6.8211449E-06  3.5136667E-10  2.0005895E-09  9.2048308E-07  2.3543589E-08  5.945E-30  0.2534  4.655267   -8.433  2.371941  8.278331  0.0000000E+00  9.9951541E-01  4.7310942E-04  2.7042683E-14  2.4180777E-06  3.1816789E-07  3.9763131E-10  3.2555691E-06  2.4401140E-11  2.3937663E-06  2.083E-16  0.000E+00  0.000E+00  1.000E+00  1.000E+00  6.73E+02  0.00E+00  0.00E+00  0.000000  0.476220  0.0000000E+00  0.0000000000E+00
164  3.468097140225697E+06   59.995996  6.026049  4.654118  7.5157740E-01  2.4837130E-01  1.2915513E-06  4.2979792E-09  1.0216520E-07  6.8211449E-06  3.5136667E-10  2.0005895E-09  9.2048308E-07  2.3543589E-08  5.944E-30  0.2550  4.654118   -8.432  2.375340  8.279229  0.0000000E+00  9.9946534E-01  5.2305379E-04  3.1631787E-14  2.2627411E-06  3.5490686E-07  3.9557370E-10  3.2752163E-06  2.6436722E-11  2.6146079E-06  2.082E-16  0.000E+00  0.000E+00  1.000E+00  1.000E+00  6.72E+02  0.00E+00  0.00E+00  0.000000  0.476523  0.0000000E+00  0.0000000000E+00
165  3.468152160686653E+06   59.995996  6.026326  4.652970  7.5157740E-01  2.4837130E-01  1.2915513E-06  4.2979792E-09  1.0216520E-07  6.8211449E-06  3.5136667E-10  2.0005895E-09  9.2048308E-07  2.3543589E-08  5.944E-30  0.2565  4.652970   -8.432  2.378888  8.280185  0.0000000E+00  9.9941458E-01  5.7368593E-04  3.9109866E-14  2.1110885E-06  3.9298827E-07  3.9350005E-10  3.2903460E-06  2.8488398E-11  2.8351683E-06  2.082E-16  0.000E+00  0.000E+00  1.000E+00  1.000E+00  6.70E+02  0.00E+00  0.00E+00  0.000000  0.476827  0.0000000E+00  0.0000000000E+00
166  3.468207181147609E+06   59.995996  6.026607  4.651821  7.5157740E-01  2.4837130E-01  1.2915513E-06  4.2979792E-09  1.0216520E-07  6.8211449E-06  3.5136667E-10  2.0005895E-09  9.2048308E-07  2.3543589E-08  5.944E-30  0.2570  4.651821   -8.431  2.383630  8.281596  0.0000000E+00  9.9935831E-01  6.2984841E-04  6.9817862E-14  1.9890594E-06  4.4186410E-07  3.9129755E-10  3.2691501E-06  3.0669481E-11  3.0534664E-06  2.081E-16  0.000E+00  0.000E+00  1.000E+00  1.000E+00  6.68E+02  0.00E+00  0.00E+00  0.000000  0.477136  0.0000000E+00  0.0000000000E+00
167  3.468262201608565E+06   59.995996  6.026889  4.650672  7.5157740E-01  2.4837130E-01  1.2915513E-06  4.2979792E-09  1.0216520E-07  6.8211449E-06  3.5136667E-10  2.0005895E-09  9.2048308E-07  2.3543589E-08  5.944E-30  0.2575  4.650672   -8.430  2.388372  8.283008  0.0000000E+00  9.9930204E-01  6.8601089E-04  1.0052586E-13  1.8670304E-06  4.9073993E-07  3.8909504E-10  3.2479542E-06  3.2850563E-11  3.2717645E-06  2.081E-16  0.000E+00  0.000E+00  1.000E+00  1.000E+00  6.66E+02  0.00E+00  0.00E+00  0.000000  0.477445  0.0000000E+00  0.0000000000E+00
168  3.468317222069521E+06   59.995996  6.027167  4.649508  7.5157740E-01  2.4837130E-01  1.2915513E-06  4.2979792E-09  1.0216520E-07  6.8211449E-06  3.5136667E-10  2.0005895E-09  9.2048308E-07  2.3543589E-08  5.944E-30  0.2593  4.649508   -8.429  2.392722  8.284294  0.0000000E+00  9.9923699E-01  7.5089650E-04  2.3542400E-13  1.7578631E-06  5.5516850E-07  3.8664923E-10  3.2062589E-06  3.5274720E-11  3.4948750E-06  2.080E-16  0.000E+00  0.000E+00  1.000E+00  1.000E+00  6.64E+02  0.00E+00  0.00E+00  0.000000  0.477751  0.0000000E+00  0.0000000000E+00
169  3.468372242530477E+06   59.995995  6.027444  4.648344  7.5157740E-01  2.4837130E-01  1.2915513E-06  4.2979792E-09  1.0216520E-07  6.8211449E-06  3.5136667E-10  2.0005895E-09  9.2048308E-07  2.3543589E-08  5.943E-30  0.2613  4.648344   -8.428  2.397048  8.285574  0.0000000E+00  9.9917144E-01  8.1628101E-04  3.7628111E-13  1.6494314E-06  6.2048659E-07  3.8418950E-10  3.1633911E-06  3.7712780E-11  3.7182607E-06  2.079E-16  0.000E+00  0.000E+00  1.000E+00  1.000E+00  6.62E+02  0.00E+00  0.00E+00  0.000000  0.478056  0.0000000E+00  0.0000000000E+00
170  3.468427262991433E+06   59.995995  6.027716  4.647163  7.5157740E-01  2.4837130E-01  1.2915513E-06  4.2979792E-09  1.0216520E-07  6.8211449E-06  3.5136667E-10  2.0005895E-09  9.2048308E-07  2.3543589E-08  5.943E-30  0.2654  4.647163   -8.427  2.401237  8.286812  0.0000000E+00  9.9910856E-01  8.7903005E-04  2.1209711E-12  1.5503157E-06  6.7664094E-07  3.8182758E-10  3.1061022E-06  4.0056284E-11  3.9443800E-06  2.078E-16  0.000E+00  0.000E+00  1.000E+00  1.000E+00  6.60E+02  0.00E+00  0.00E+00  0.000000  0.478356  0.0000000E+00  0.0000000000E+00
171  3.468482283452389E+06   59.995995  6.027986  4.645972  7.5157740E-01  2.4837130E-01  1.2915513E-06  4.2979792E-09  1.0216520E-07  6.8211449E-06  3.5136667E-10  2.0005895E-09  9.2048308E-07  2.3543589E-08  5.943E-30  0.2674  4.645972   -8.427  2.405271  8.288004  0.0000000E+00  9.9903521E-01  9.5223674E-04  2.6008851E-12  1.4203651E-06  7.4087299E-07  3.7905556E-10  3.0584832E-06  4.2806576E-11  4.2073433E-06  2.078E-16  0.000E+00  0.000E+00  1.000E+00  1.000E+00  6.58E+02  0.00E+00  0.00E+00  0.000000  0.478653  0.0000000E+00  0.0000000000E+00
172  3.468537303913345E+06   59.995995  6.028253  4.644771  7.5157740E-01  2.4837130E-01  1.2915513E-06  4.2979792E-09  1.0216520E-07  6.8211449E-06  3.5136667E-10  2.0005895E-09  9.2048308E-07  2.3543589E-08  5.942E-30  0.2673  4.644771   -8.427  2.409153  8.289152  0.0000000E+00  9.9894836E-01  1.0389205E-03  1.3843995E-12  1.2578698E-06  8.1910274E-07  3.7577362E-10  3.0211206E-06  4.6062085E-11  4.5092139E-06  2.077E-16  0.000E+00  0.000E+00  1.000E+00  1.000E+00  6.57E+02  0.00E+00  0.00E+00  0.000000  0.478947  0.0000000E+00  0.0000000000E+00
173  3.468592324374301E+06   59.995995  6.028515  4.643548  7.5157740E-01  2.4837130E-01  1.2915513E-06  4.2979792E-09  1.0216520E-07  6.8211449E-06  3.5136667E-10  2.0005895E-09  9.2048308E-07  2.3543589E-08  5.942E-30  0.2699  4.643548   -8.426  2.412911  8.290263  0.0000000E+00  9.9885497E-01  1.1321112E-03  8.0355756E-13  1.1102516E-06  9.0878763E-07  3.7231183E-10  2.9639414E-06  4.9496729E-11  4.8119365E-06  2.075E-16  0.000E+00  0.000E+00  1.000E+00  1.000E+00  6.54E+02  0.00E+00  0.00E+00  0.000000  0.479237  0.0000000E+00  0.0000000000E+00
174  3.468647344835257E+06   59.995994  6.028779  4.642328  7.5157740E-01  2.4837130E-01  1.2915513E-06  4.2979792E-09  1.0216520E-07  6.8211449E-06  3.5136667E-10  2.0005895E-09  9.2048308E-07  2.3543589E-08  5.942E-30  0.2706  4.642328   -8.425  2.416416  8.291294  0.0000000E+00  9.9876777E-01  1.2191581E-03  1.7825756E-12  1.0206244E-06  1.0011861E-06  3.6919918E-10  2.8749094E-06  5.2588666E-11  5.0621564E-06  2.074E-16  0.000E+00  0.000E+00  1.000E+00  1.000E+00  6.53E+02  0.00E+00  0.00E+00  0.000000  0.479527  0.0000000E+00  0.0000000000E+00
175  3.468702365296213E+06   59.995994  6.029040  4.641103  7.5157740E-01  2.4837130E-01  1.2915513E-06  4.2979792E-09  1.0216520E-07  6.8211449E-06  3.5136667E-10  2.0005895E-09  9.2048308E-07  2.3543589E-08  5.942E-30  0.2722  4.641103   -8.425  2.419738  8.292267  0.0000000E+00  9.9867381E-01  1.3129827E-03  4.3844659E-12  9.3219080E-07  1.1055061E-06  3.6589047E-10  2.7812813E-06  5.5879352E-11  5.3161697E-06  2.073E-16  0.000E+00  0.000E+00  1.000E+00  1.000E+00  6.51E+02  0.00E+00  0.00E+00  0.000000  0.479817  0.0000000E+00  0.0000000000E+00
176  3.468757385757169E+06   59.995994  6.029300  4.639870  7.5157740E-01  2.4837130E-01  1.2915513E-06  4.2979792E-09  1.0216520E-07  6.8211449E-06  3.5136667E-10  2.0005895E-09  9.2048308E-07  2.3543589E-08  5.941E-30  0.2737  4.639870   -8.425  2.422919  8.293198  0.0000000E+00  9.9857024E-01  1.4163662E-03  6.1898126E-12  8.3548315E-07  1.2246890E-06  3.6227775E-10  2.6874711E-06  5.9474246E-11  5.5835232E-06  2.071E-16  0.000E+00  0.000E+00  1.000E+00  1.000E+00  6.49E+02  0.00E+00  0.00E+00  0.000000  0.480104  0.0000000E+00  0.0000000000E+00
177  3.468812406218125E+06   59.995994  6.029557  4.638629  7.5157740E-01  2.4837130E-01  1.2915513E-06  4.2979792E-09  1.0216520E-07  6.8211449E-06  3.5136667E-10  2.0005895E-09  9.2048308E-07  2.3543589E-08  5.941E-30  0.2732  4.638629   -8.424  2.426012  8.294108  0.0000000E+00  9.9845614E-01  1.5301867E-03  3.5251256E-12  7.2939545E-07  1.3604780E-06  3.5833408E-10  2.5939911E-06  6.3397380E-11  5.8653396E-06  2.069E-16  0.000E+00  0.000E+00  1.000E+00  1.000E+00  6.47E+02  0.00E+00  0.00E+00  0.000000  0.480388  0.0000000E+00  0.0000000000E+00
178  3.468867426679082E+06   59.995994  6.029828  4.637418  7.5157740E-01  2.4837130E-01  1.2915513E-06  4.2979792E-09  1.0216520E-07  6.8211449E-06  3.5136667E-10  2.0005895E-09  9.2048308E-07  2.3543589E-08  5.940E-30  0.2769  4.637418   -8.424  2.421198  8.292091  0.0000000E+00  9.9837605E-01  1.6101633E-03  1.1635565E-11  6.9760194E-07  1.4648358E-06  3.5563327E-10  2.4911732E-06  6.6096913E-11  6.0413697E-06  2.067E-16  0.000E+00  0.000E+00  1.000E+00  1.000E+00  6.45E+02  0.00E+00  0.00E+00  0.000000  0.480687  0.0000000E+00  0.0000000000E+00
179  3.468922447140038E+06   59.995993  6.030099  4.636205  7.5157740E-01  2.4837130E-01  1.2915513E-06  4.2979792E-09  1.0216520E-07  6.8211449E-06  3.5136667E-10  2.0005895E-09  9.2048308E-07  2.3543589E-08  5.940E-30  0.2755  4.636205   -8.423  2.420360  8.291532  0.0000000E+00  9.9828378E-01  1.7022720E-03  1.0662757E-11  6.3392585E-07  1.5838959E-06  3.5248238E-10  2.4021617E-06  6.9239791E-11  6.2508635E-06  2.064E-16  0.000E+00  0.000E+00  1.000E+00  1.000E+00  6.43E+02  0.00E+00  0.00E+00  0.000000  0.480988  0.0000000E+00  0.0000000000E+00
180  3.468977467600994E+06   59.995993  6.030375  4.635000  7.5157740E-01  2.4837130E-01  1.2915513E-06  4.2979792E-09  1.0216520E-07  6.8211449E-06  3.5136667E-10  2.0005895E-09  9.2048308E-07  2.3543589E-08  5.940E-30  0.2745  4.635000   -8.423  2.422264  8.291983  0.0000000E+00  9.9818380E-01  1.8020651E-03  6.5326771E-12  5.5988827E-07  1.7153680E-06  3.4908520E-10  2.3170446E-06  7.2624247E-11  6.4719840E-06  2.062E-16  0.000E+00  0.000E+00  1.000E+00  1.000E+00  6.41E+02  0.00E+00  0.00E+00  0.000000  0.481293  0.0000000E+00  0.0000000000E+00
181  3.469032488061950E+06   59.995993  6.030656  4.633807  7.5157740E-01  2.4837130E-01  1.2915513E-06  4.2979792E-09  1.0216520E-07  6.8211449E-06  3.5136667E-10  2.0005895E-09  9.2048308E-07  2.3543589E-08  5.940E-30  0.2776  4.633807   -8.423  2.425571  8.292954  0.0000000E+00  9.9807976E-01  1.9059076E-03  4.0594076E-12  4.9339850E-07  1.8575926E-06  3.4560958E-10  2.2275477E-06  7.6084454E-11  6.6865900E-06  2.060E-16  0.000E+00  0.000E+00  1.000E+00  1.000E+00  6.39E+02  0.00E+00  0.00E+00  0.000000  0.481605  0.0000000E+00  0.0000000000E+00
182  3.469087508522906E+06   59.995993  6.030934  4.632602  7.5157740E-01  2.4837130E-01  1.2915513E-06  4.2979792E-09  1.0216520E-07  6.8211449E-06  3.5136667E-10  2.0005895E-09  9.2048308E-07  2.3543589E-08  5.939E-30  0.2775  4.632602   -8.422  2.428755  8.293895  0.0000000E+00  9.9796704E-01  2.0183668E-03  2.6598733E-12  4.3367661E-07  2.0194510E-06  3.4192725E-10  2.1313847E-06  7.9749300E-11  6.8987213E-06  2.058E-16  0.000E+00  0.000E+00  1.000E+00  1.000E+00  6.37E+02  0.00E+00  0.00E+00  0.000000  0.481913  0.0000000E+00  0.0000000000E+00
183  3.469142528983862E+06   59.995993  6.031209  4.631389  7.5157740E-01  2.4837130E-01  1.2915513E-06  4.2979792E-09  1.0216520E-07  6.8211449E-06  3.5136667E-10  2.0005895E-09  9.2048308E-07  2.3543589E-08  5.939E-30  0.2693  4.631389   -8.422  2.431722  8.294771  0.0000000E+00  9.9789281E-01  2.0924874E-03  3.5599925E-11  4.7104989E-07  2.1321482E-06  3.3966734E-10  2.0011197E-06  8.2050898E-11  6.9992335E-06  2.055E-16  0.000E+00  0.000E+00  1.000E+00  1.000E+00  6.36E+02  0.00E+00  0.00E+00  0.000000  0.482218  0.0000000E+00  0.0000000000E+00
184  3.469197549444818E+06   59.995992  6.031482  4.630170  7.5157740E-01  2.4837130E-01  1.2915513E-06  4.2979792E-09  1.0216520E-07  6.8211449E-06  3.5136667E-10  2.0005895E-09  9.2048308E-07  2.3543589E-08  5.939E-30  0.2849  4.630170   -8.422  2.434587  8.295610  0.0000000E+00  9.9778554E-01  2.1995509E-03  3.1532203E-11  4.2702007E-07  2.2800566E-06  3.3619339E-10  1.8996519E-06  8.5573699E-11  7.1929431E-06  2.047E-16  0.000E+00  0.000E+00  1.000E+00  1.000E+00  6.34E+02  0.00E+00  0.00E+00  0.000000  0.482522  0.0000000E+00  0.0000000000E+00
185  3.469252569905774E+06   59.995992  6.031754  4.628948  7.5157740E-01  2.4837130E-01  1.2915513E-06  4.2979792E-09  1.0216520E-07  6.8211449E-06  3.5136667E-10  2.0005895E-09  9.2048308E-07  2.3543589E-08  5.938E-30  0.2837  4.628948   -8.422  2.437282  8.296401  0.0000000E+00  9.9765852E-01  2.3263214E-03  1.6687889E-11  3.5580428E-07  2.4558862E-06  3.3206340E-10  1.8026488E-06  8.9723259E-11  7.4241406E-06  2.041E-16  0.000E+00  0.000E+00  1.000E+00  1.000E+00  6.32E+02  0.00E+00  0.00E+00  0.000000  0.482824  0.0000000E+00  0.0000000000E+00
186  3.469307590366730E+06   59.995992  6.032025  4.627720  7.5157740E-01  2.4837130E-01  1.2915513E-06  4.2979792E-09  1.0216520E-07  6.8211449E-06  3.5136667E-10  2.0005895E-09  9.2048308E-07  2.3543589E-08  5.938E-30  0.2824  4.627720   -8.421  2.439839  8.297150  0.0000000E+00  9.9752580E-01  2.4588189E-03  8.7884976E-12  2.9484304E-07  2.6469002E-06  3.2782171E-10  1.7001390E-06  9.3967201E-11  7.6459562E-06  2.037E-16  0.000E+00  0.000E+00  1.000E+00  1.000E+00  6.30E+02  0.00E+00  0.00E+00  0.000000  0.483125  0.0000000E+00  0.0000000000E+00
187  3.469362610827686E+06   59.995992  6.032295  4.626491  7.5157740E-01  2.4837130E-01  1.2915513E-06  4.2979792E-09  1.0216520E-07  6.8211449E-06  3.5136667E-10  2.0005895E-09  9.2048308E-07  2.3543589E-08  5.938E-30  0.2849  4.626491   -8.421  2.442237  8.297852  0.0000000E+00  9.9738971E-01  2.5946966E-03  4.9216400E-12  2.4485768E-07  2.8514342E-06  3.2355650E-10  1.5963048E-06  9.8224965E-11  7.8521257E-06  2.035E-16  0.000E+00  0.000E+00  1.000E+00  1.000E+00  6.28E+02  0.00E+00  0.00E+00  0.000000  0.483425  0.0000000E+00  0.0000000000E+00
188  3.469417631288642E+06   59.995992  6.032564  4.625261  7.5157740E-01  2.4837130E-01  1.2915513E-06  4.2979792E-09  1.0216520E-07  6.8211449E-06  3.5136667E-10  2.0005895E-09  9.2048308E-07  2.3543589E-08  5.938E-30  0.2855  4.625261   -8.421  2.444438  8.298491  0.0000000E+00  9.9726141E-01  2.7226977E-03  7.4628976E-11  2.3227168E-07  3.0603945E-06  3.1968913E-10  1.4865650E-06  1.0218543E-10  8.0067122E-06  2.028E-16  0.000E+00  0.000E+00  1.000E+00  1.000E+00  6.26E+02  0.00E+00  0.00E+00  0.000000  0.483726  0.0000000E+00  0.0000000000E+00
189  3.469472651749598E+06   59.995991  6.032835  4.624034  7.5157740E-01  2.4837130E-01  1.2915513E-06  4.2979792E-09  1.0216520E-07  6.8211449E-06  3.5136667E-10  2.0005895E-09  9.2048308E-07  2.3543589E-08  5.937E-30  0.2883  4.624034   -8.421  2.446525  8.299098  0.0000000E+00  9.9713378E-01  2.8500834E-03  1.2240514E-10  2.2876145E-07  3.2808386E-06  3.1593483E-10  1.3833972E-06  1.0621642E-10  8.1389612E-06  2.005E-16  0.000E+00  0.000E+00  1.000E+00  1.000E+00  6.24E+02  0.00E+00  0.00E+00  0.000000  0.484027  0.0000000E+00  0.0000000000E+00
190  3.469527672210554E+06   59.995991  6.033104  4.622812  7.5157740E-01  2.4837130E-01  1.2915513E-06  4.2979792E-09  1.0216520E-07  6.8211449E-06  3.5136667E-10  2.0005895E-09  9.2048308E-07  2.3543589E-08  5.937E-30  0.2878  4.622812   -8.421  2.448497  8.299671  0.0000000E+00  9.9698090E-01  3.0027101E-03  6.5167650E-11  1.8738615E-07  3.5396902E-06  3.1138160E-10  1.2896834E-06  1.1095577E-10  8.3191923E-06  1.986E-16  0.000E+00  0.000E+00  1.000E+00  1.000E+00  6.22E+02  0.00E+00  0.00E+00  0.000000  0.484327  0.0000000E+00  0.0000000000E+00
191  3.470009882743593E+06   59.995989  6.035504  4.612220  7.5157740E-01  2.4837130E-01  1.2915513E-06  4.2979792E-09  1.0216520E-07  6.8211449E-06  3.5136667E-10  2.0005895E-09  9.2048308E-07  2.3543589E-08  5.934E-30  0.2992  4.612220   -8.422  2.460743  8.303156  0.0000000E+00  9.9563002E-01  4.3507011E-03  1.1687215E-10  8.7311743E-08  6.1910002E-06  2.7284339E-10  6.2214421E-07  1.5359054E-10  9.2994519E-06  1.835E-16  0.000E+00  0.000E+00  1.000E+00  1.000E+00  6.06E+02  0.00E+00  0.00E+00  0.000000  0.487011  0.0000000E+00  0.0000000000E+00
192  3.470425607560819E+06   59.995988  6.037714  4.603463  7.5157740E-01  2.4837130E-01  1.2915513E-06  4.2979792E-09  1.0216520E-07  6.8211449E-06  3.5136667E-10  2.0005895E-09  9.2048308E-07  2.3543589E-08  5.932E-30  0.3063  4.603463   -8.424  2.467007  8.304899  0.0000000E+00  9.9427915E-01  5.6981978E-03  2.0257500E-10  5.7368555E-08  9.4946940E-06  2.3775585E-10  3.0409880E-07  1.9018326E-10  9.7422942E-06  1.892E-16  0.000E+00  0.000E+00  1.000E+00  1.000E+00  5.94E+02  0.00E+00  0.00E+00  0.000000  0.489495  0.0000000E+00  0.0000000000E+00
193  3.470821414722198E+06   59.995986  6.039897  4.595647  7.5157740E-01  2.4837130E-01  1.2915513E-06  4.2979792E-09  1.0216520E-07  6.8211449E-06  3.5136667E-10  2.0005895E-09  9.2048308E-07  2.3543589E-08  5.930E-30  0.3110  4.595647   -8.427  2.468655  8.305134  0.0000000E+00  9.9292827E-01  7.0449595E-03  1.0740666E-10  4.3096552E-08  1.3548609E-05  2.0753883E-10  1.7853738E-07  2.2353543E-10  9.9236661E-06  1.886E-16  0.000E+00  0.000E+00  1.000E+00  1.000E+00  5.82E+02  0.00E+00  0.00E+00  0.000000  0.491963  0.0000000E+00  0.0000000000E+00
194  3.471207004464992E+06   59.995985  6.042034  4.588360  7.5157740E-01  2.4837130E-01  1.2915513E-06  4.2979792E-09  1.0216520E-07  6.8211449E-06  3.5136667E-10  2.0005895E-09  9.2048308E-07  2.3543589E-08  5.928E-30  0.3107  4.588360   -8.431  2.472502  8.306224  0.0000000E+00  9.9157740E-01  8.3910318E-03  1.1802871E-10  3.5112418E-08  1.8296579E-05  1.8171238E-10  1.1109889E-07  2.5156101E-10  1.0022571E-05  1.901E-16  0.000E+00  0.000E+00  1.000E+00  1.000E+00  5.72E+02  0.00E+00  0.00E+00  0.000000  0.494390  0.0000000E+00  0.0000000000E+00
195  3.471568607267337E+06   59.995984  6.043975  4.581896  7.5157740E-01  2.4837130E-01  1.2915513E-06  4.2979793E-09  1.0216520E-07  6.8211449E-06  3.5136667E-10  2.0005895E-09  9.2048308E-07  2.3543589E-08  5.926E-30  0.3135  4.581896   -8.435  2.474813  8.306868  0.0000000E+00  9.9022652E-01  9.7365606E-03  2.6074893E-11  1.2758147E-08  2.3648543E-05  1.5949155E-10  7.1350305E-08  2.7601472E-10  1.0108722E-05  1.874E-16  0.000E+00  0.000E+00  1.000E+00  1.000E+00  5.63E+02  0.00E+00  0.00E+00  0.000000  0.496604  0.0000000E+00  0.0000000000E+00
196  3.471929121816312E+06   59.995982  6.045851  4.575768  7.5157740E-01  2.4837130E-01  1.2915513E-06  4.2979793E-09  1.0216520E-07  6.8211449E-06  3.5136667E-10  2.0005895E-09  9.2048308E-07  2.3543589E-08  5.924E-30  0.3174  4.575768   -8.440  2.476455  8.307327  0.0000000E+00  9.8887565E-01  1.1081270E-02  1.9217893E-10  3.1702899E-08  2.9766847E-05  1.4008360E-10  4.2583317E-08  2.9649430E-10  1.0116604E-05  1.930E-16  0.000E+00  0.000E+00  1.000E+00  1.000E+00  5.54E+02  0.00E+00  0.00E+00  0.000000  0.498752  0.0000000E+00  0.0000000000E+00
197  3.472284024293586E+06   59.995981  6.047635  4.570095  7.5157740E-01  2.4837130E-01  1.2915513E-06  4.2979793E-09  1.0216520E-07  6.8211449E-06  3.5136667E-10  2.0005895E-09  9.2048308E-07  2.3543589E-08  5.922E-30  0.3173  4.570095   -8.445  2.477612  8.307658  0.0000000E+00  9.8752478E-01  1.2425333E-02  2.0332444E-11  1.0269078E-08  3.6640218E-05  1.2306458E-10  4.7496634E-08  3.1738676E-10  1.0146234E-05  1.880E-16  0.000E+00  0.000E+00  1.000E+00  1.000E+00  5.47E+02  0.00E+00  0.00E+00  0.000000  0.500806  0.0000000E+00  0.0000000000E+00
198  3.472652475183420E+06   59.995980  6.049415  4.564646  7.5157740E-01  2.4837130E-01  1.2915513E-06  4.2979793E-09  1.0216520E-07  6.8211449E-06  3.5136667E-10  2.0005895E-09  9.2048308E-07  2.3543589E-08  5.920E-30  0.3183  4.564646   -8.450  2.478527  8.307924  0.0000000E+00  9.8617390E-01  1.3768425E-02  1.4120673E-10  2.9889700E-08  4.4418075E-05  1.0832260E-10  4.8347781E-08  3.3519346E-10  1.0116839E-05  1.929E-16  0.000E+00  0.000E+00  1.000E+00  1.000E+00  5.39E+02  0.00E+00  0.00E+00  0.000000  0.502863  0.0000000E+00  0.0000000000E+00
199  3.472983635329560E+06   59.995978  6.050947  4.560101  7.5157740E-01  2.4837130E-01  1.2915513E-06  4.2979793E-09  1.0216520E-07  6.8211449E-06  3.5136667E-10  2.0005895E-09  9.2048308E-07  2.3543589E-08  5.918E-30  0.3187  4.560101   -8.455  2.479284  8.308151  0.0000000E+00  9.8482302E-01  1.5111165E-02  6.3223080E-12  3.7643143E-09  5.2538111E-05  9.5151058E-11  3.2482440E-08  3.5054240E-10  1.0178063E-05  1.879E-16  0.000E+00  0.000E+00  1.000E+00  1.000E+00  5.33E+02  0.00E+00  0.00E+00  0.000000  0.504641  0.0000000E+00  0.0000000000E+00
200  3.473311192569299E+06   59.995977  6.052391  4.555911  7.5157740E-01  2.4837130E-01  1.2915513E-06  4.2979793E-09  1.0216520E-07  6.8211449E-06  3.5136667E-10  2.0005895E-09  9.2048308E-07  2.3543589E-08  5.917E-30  0.3086  4.555911   -8.460  2.479861  8.308332  0.0000000E+00  9.8347215E-01  1.6453202E-02  1.8310589E-12  5.5384500E-10  6.1350587E-05  8.3564887E-11  1.4657950E-08  3.6318373E-10  1.0205597E-05  1.869E-16  0.000E+00  0.000E+00  1.000E+00  1.000E+00  5.28E+02  0.00E+00  0.00E+00  0.000000  0.506322  0.0000000E+00  0.0000000000E+00
201  3.473647831641376E+06   59.995976  6.053797  4.551905  7.5157740E-01  2.4837130E-01  1.2915513E-06  4.2979793E-09  1.0216520E-07  6.8211449E-06  3.5136667E-10  2.0005895E-09  9.2048308E-07  2.3543589E-08  5.915E-30  0.3200  4.551905   -8.465  2.480388  8.308501  0.0000000E+00  9.8212128E-01  1.7794481E-02  2.4019067E-12  3.8479295E-10  7.0917019E-05  7.3416635E-11  7.1273251E-09  3.7459720E-10  1.0215694E-05  1.862E-16  0.000E+00  0.000E+00  1.000E+00  1.000E+00  5.22E+02  0.00E+00  0.00E+00  0.000000  0.507963  0.0000000E+00  0.0000000000E+00
202  3.473974143499504E+06   59.995975  6.055079  4.548280  7.5157740E-01  2.4837130E-01  1.2915513E-06  4.2979793E-09  1.0216520E-07  6.8211449E-06  3.5136667E-10  2.0005895E-09  9.2048308E-07  2.3543589E-08  5.913E-30  0.3207  4.548280   -8.469  2.480829  8.308648  0.0000000E+00  9.8077040E-01  1.9135132E-02  1.8748382E-12  1.2484678E-10  8.1179963E-05  6.4446488E-11  3.2129519E-09  3.8488332E-10  1.0221389E-05  1.853E-16  0.000E+00  0.000E+00  1.000E+00  1.000E+00  5.18E+02  0.00E+00  0.00E+00  0.000000  0.509465  0.0000000E+00  0.0000000000E+00
203  3.474334254609183E+06   59.995974  6.056395  4.544604  7.5157740E-01  2.4837130E-01  1.2915513E-06  4.2979793E-09  1.0216520E-07  6.8211449E-06  3.5136667E-10  2.0005895E-09  9.2048308E-07  2.3543589E-08  5.911E-30  0.3196  4.544604   -8.475  2.481157  8.308767  0.0000000E+00  9.7941952E-01  2.0474482E-02  1.7737251E-10  2.5115267E-08  9.2707439E-05  5.7293814E-11  1.3116142E-08  3.9443871E-10  1.0171302E-05  1.916E-16  0.000E+00  0.000E+00  1.000E+00  1.000E+00  5.13E+02  0.00E+00  0.00E+00  0.000000  0.511011  0.0000000E+00  0.0000000000E+00
204  3.474691130676846E+06   59.995973  6.057601  4.541305  7.5157740E-01  2.4837130E-01  1.2915513E-06  4.2979793E-09  1.0216520E-07  6.8211449E-06  3.5136667E-10  2.0005895E-09  9.2048308E-07  2.3543589E-08  5.909E-30  0.3231  4.541305   -8.479  2.481444  8.308884  0.0000000E+00  9.7806865E-01  2.1813062E-02  3.4494787E-11  8.1712965E-09  1.0500777E-04  5.0841629E-11  3.1554214E-08  4.0683471E-10  1.0176401E-05  1.882E-16  0.000E+00  0.000E+00  1.000E+00  1.000E+00  5.09E+02  0.00E+00  0.00E+00  0.000000  0.512432  0.0000000E+00  0.0000000000E+00
205  3.475021496155479E+06   59.995972  6.058627  4.538534  7.5157740E-01  2.4837130E-01  1.2915513E-06  4.2979793E-09  1.0216520E-07  6.8211449E-06  3.5136667E-10  2.0005895E-09  9.2048308E-07  2.3543589E-08  5.907E-30  0.3225  4.538534   -8.483  2.481764  8.309005  0.0000000E+00  9.7671778E-01  2.3151406E-02  5.7483725E-12  1.4130433E-09  1.1752662E-04  4.4640289E-11  1.7198860E-08  4.1542859E-10  1.0204901E-05  1.867E-16  0.000E+00  0.000E+00  1.000E+00  1.000E+00  5.05E+02  0.00E+00  0.00E+00  0.000000  0.513644  0.0000000E+00  0.0000000000E+00
206  3.475348573077859E+06   59.995970  6.059560  4.536036  7.5157740E-01  2.4837130E-01  1.2915513E-06  4.2979793E-09  1.0216520E-07  6.8211449E-06  3.5136667E-10  2.0005895E-09  9.2048308E-07  2.3543589E-08  5.905E-30  0.3229  4.536036   -8.487  2.482043  8.309114  0.0000000E+00  9.7536690E-01  2.4489098E-02  2.5111645E-12  2.3418497E-10  1.3072926E-04  3.9141975E-11  7.4833132E-09  4.2300192E-10  1.0218865E-05  1.858E-16  0.000E+00  0.000E+00  1.000E+00  1.000E+00  5.02E+02  0.00E+00  0.00E+00  0.000000  0.514749  0.0000000E+00  0.0000000000E+00
207  3.475673766986058E+06   59.995969  6.060407  4.533717  7.5157740E-01  2.4837130E-01  1.2915513E-06  4.2979793E-09  1.0216520E-07  6.8211449E-06  3.5136667E-10  2.0005895E-09  9.2048308E-07  2.3543589E-08  5.904E-30  0.3216  4.533717   -8.491  2.482280  8.309213  0.0000000E+00  9.7401603E-01  2.5825984E-02  2.3804878E-12  8.3310140E-11  1.4467142E-04  3.4310493E-11  3.1656400E-09  4.3007420E-10  1.0224574E-05  1.850E-16  0.000E+00  0.000E+00  1.000E+00  1.000E+00  4.99E+02  0.00E+00  0.00E+00  0.000000  0.515753  0.0000000E+00  0.0000000000E+00
208  3.476033346207856E+06   59.995968  6.061254  4.531348  7.5157740E-01  2.4837130E-01  1.2915513E-06  4.2979793E-09  1.0216520E-07  6.8211449E-06  3.5136667E-10  2.0005895E-09  9.2048308E-07  2.3543589E-08  5.902E-30  0.3275  4.531348   -8.495  2.482435  8.309289  0.0000000E+00  9.7266515E-01  2.7161532E-02  1.2992975E-10  1.7202341E-08  1.6001745E-04  3.0797808E-11  9.8834119E-09  4.3675496E-10  1.0190221E-05  1.894E-16  0.000E+00  0.000E+00  1.000E+00  1.000E+00  4.96E+02  0.00E+00  0.00E+00  0.000000  0.516760  0.0000000E+00  0.0000000000E+00
209  3.476360700595625E+06   59.995967  6.061952  4.529420  7.5157740E-01  2.4837130E-01  1.2915513E-06  4.2979793E-09  1.0216520E-07  6.8211449E-06  3.5136667E-10  2.0005895E-09  9.2048308E-07  2.3543589E-08  5.900E-30  0.3252  4.529420   -8.498  2.482692  8.309392  0.0000000E+00  9.7131428E-01  2.8496944E-02  1.3666221E-11  2.1909212E-09  1.7550320E-04  2.6979835E-11  1.1519142E-08  4.4475183E-10  1.0211882E-05  1.852E-16  0.000E+00  0.000E+00  1.000E+00  1.000E+00  4.94E+02  0.00E+00  0.00E+00  0.000000  0.517592  0.0000000E+00  0.0000000000E+00
210  3.476688198486119E+06   59.995966  6.062584  4.527691  7.5157740E-01  2.4837130E-01  1.2915513E-06  4.2979794E-09  1.0216520E-07  6.8211449E-06  3.5136667E-10  2.0005895E-09  9.2048308E-07  2.3543589E-08  5.898E-30  0.3180  4.527691   -8.501  2.482880  8.309478  0.0000000E+00  9.6996340E-01  2.9831642E-02  3.7099925E-12  3.0938302E-10  1.9168517E-04  2.3622636E-11  5.5065274E-09  4.5115942E-10  1.0222270E-05  1.842E-16  0.000E+00  0.000E+00  1.000E+00  1.000E+00  4.92E+02  0.00E+00  0.00E+00  0.000000  0.518345  0.0000000E+00  0.0000000000E+00
211  3.478949696604843E+06   59.995959  6.065479  4.519943  7.5157740E-01  2.4837130E-01  1.2915513E-06  4.2979794E-09  1.0216520E-07  6.8211449E-06  3.5136667E-10  2.0005895E-09  9.2048308E-07  2.3543589E-08  5.886E-30  0.3249  4.519943   -8.515  2.484023  8.310021  0.0000000E+00  9.6082057E-01  3.8843749E-02  3.5445375E-12  3.5660036E-11  3.2238362E-04  1.0108543E-11  5.9550168E-10  4.9498504E-10  1.0229373E-05  1.818E-16  0.000E+00  0.000E+00  1.000E+00  1.000E+00  4.82E+02  0.00E+00  0.00E+00  0.000000  0.521812  0.0000000E+00  0.0000000000E+00
212  3.481201823037056E+06   59.995952  6.066735  4.516662  7.5157740E-01  2.4837130E-01  1.2915513E-06  4.2979794E-09  1.0216520E-07  6.8211449E-06  3.5136667E-10  2.0005895E-09  9.2048308E-07  2.3543589E-08  5.874E-30  0.3217  4.516662   -8.521  2.485087  8.310521  0.0000000E+00  9.5167773E-01  4.7820753E-02  5.6902114E-11  6.0110468E-09  4.8822548E-04  4.5067816E-12  4.5750239E-09  5.4345304E-10  1.0214624E-05  1.794E-16  0.000E+00  0.000E+00  1.000E+00  1.000E+00  4.78E+02  0.00E+00  0.00E+00  0.000000  0.523324  0.0000000E+00  0.0000000000E+00
213  3.483486037307399E+06   59.995945  6.067258  4.515274  7.5157740E-01  2.4837130E-01  1.2915513E-06  4.2979795E-09  1.0216520E-07  6.8211449E-06  3.5136667E-10  2.0005895E-09  9.2048308E-07  2.3543589E-08  5.861E-30  0.3249  4.515274   -8.524  2.486202  8.311043  0.0000000E+00  9.4253490E-01  5.6760269E-02  5.7493228E-12  2.4490067E-11  6.9154676E-04  2.3783787E-12  1.0657467E-09  6.1124577E-10  1.0227655E-05  1.752E-16  0.000E+00  0.000E+00  1.000E+00  1.000E+00  4.76E+02  0.00E+00  0.00E+00  0.000000  0.523954  0.0000000E+00  0.0000000000E+00
214  3.485717854927107E+06   59.995939  6.067483  4.514565  7.5157740E-01  2.4837130E-01  1.2915513E-06  4.2979795E-09  1.0216520E-07  6.8211449E-06  3.5136667E-10  2.0005895E-09  9.2048308E-07  2.3543589E-08  5.849E-30  0.3232  4.514565   -8.526  2.487456  8.311579  0.0000000E+00  9.3339207E-01  6.5665313E-02  6.5485442E-12  1.4362336E-11  9.2933711E-04  9.3087530E-13  1.0243606E-10  6.9840147E-10  1.0227417E-05  1.702E-16  0.000E+00  0.000E+00  1.000E+00  1.000E+00  4.76E+02  0.00E+00  0.00E+00  0.000000  0.524225  0.0000000E+00  0.0000000000E+00
215  3.487947771670350E+06   59.995932  6.067619  4.514041  7.5157740E-01  2.4837130E-01  1.2915513E-06  4.2979796E-09  1.0216520E-07  6.8211449E-06  3.5136667E-10  2.0005895E-09  9.2048308E-07  2.3543589E-08  5.838E-30  0.3266  4.514041   -8.527  2.488697  8.312111  0.0000000E+00  9.2424924E-01  7.4532741E-02  7.5110211E-12  7.3975137E-12  1.2047075E-03  3.5724928E-13  2.2817628E-11  8.1348686E-10  1.0225899E-05  1.653E-16  0.000E+00  0.000E+00  1.000E+00  1.000E+00  4.75E+02  0.00E+00  0.00E+00  0.000000  0.524390  0.0000000E+00  0.0000000000E+00
216  3.490185549986926E+06   59.995926  6.067734  4.513545  7.5157740E-01  2.4837130E-01  1.2915513E-06  4.2979796E-09  1.0216520E-07  6.8211449E-06  3.5136667E-10  2.0005895E-09  9.2048308E-07  2.3543589E-08  5.825E-30  0.3244  4.513545   -8.528  2.489948  8.312645  0.0000000E+00  9.1510640E-01  8.3361475E-02  1.0122019E-11  1.4178836E-10  1.5188330E-03  1.6327025E-13  1.6237387E-10  9.6271582E-10  1.0223764E-05  1.605E-16  0.000E+00  0.000E+00  1.000E+00  1.000E+00  4.74E+02  0.00E+00  0.00E+00  0.000000  0.524529  0.0000000E+00  0.0000000000E+00
217  3.492561639094491E+06   59.995918  6.067852  4.513011  7.5157740E-01  2.4837130E-01  1.2915513E-06  4.2979796E-09  1.0216520E-07  6.8211449E-06  3.5136667E-10  2.0005895E-09  9.2048308E-07  2.3543589E-08  5.813E-30  0.3246  4.513011   -8.529  2.491126  8.313171  0.0000000E+00  9.0596357E-01  9.2139976E-02  3.9593420E-11  9.5375228E-10  1.8831930E-03  1.1953202E-12  7.8796215E-09  1.1615147E-09  1.0211894E-05  1.603E-16  0.000E+00  0.000E+00  1.000E+00  1.000E+00  4.74E+02  0.00E+00  0.00E+00  0.000000  0.524671  0.0000000E+00  0.0000000000E+00
218  3.494798979949510E+06   59.995912  6.067960  4.512474  7.5157740E-01  2.4837130E-01  1.2915513E-06  4.2979797E-09  1.0216520E-07  6.8211449E-06  3.5136667E-10  2.0005895E-09  9.2048308E-07  2.3543589E-08  5.801E-30  0.3315  4.512474   -8.531  2.492539  8.313743  0.0000000E+00  8.9682074E-01  1.0088924E-01  1.0906111E-11  2.5722255E-12  2.2766849E-03  4.3605959E-13  1.5503982E-11  1.3995327E-09  1.0221005E-05  1.546E-16  0.000E+00  0.000E+00  1.000E+00  1.000E+00  4.73E+02  0.00E+00  0.00E+00  0.000000  0.524802  0.0000000E+00  0.0000000000E+00
219  3.497029339893797E+06   59.995905  6.068072  4.511919  7.5157740E-01  2.4837130E-01  1.2915513E-06  4.2979797E-09  1.0216520E-07  6.8211449E-06  3.5136667E-10  2.0005895E-09  9.2048308E-07  2.3543589E-08  5.789E-30  0.3255  4.511919   -8.532  2.493911  8.314300  0.0000000E+00  8.8767790E-01  1.0959764E-01  1.2079927E-11  1.8377508E-12  2.7111915E-03  1.6146245E-13  4.8465593E-12  1.6904380E-09  1.0218946E-05  1.497E-16  0.000E+00  0.000E+00  1.000E+00  1.000E+00  4.73E+02  0.00E+00  0.00E+00  0.000000  0.524937  0.0000000E+00  0.0000000000E+00
220  3.499259276413525E+06   59.995899  6.068184  4.511354  7.5157740E-01  2.4837130E-01  1.2915513E-06  4.2979797E-09  1.0216520E-07  6.8211449E-06  3.5136667E-10  2.0005895E-09  9.2048308E-07  2.3543589E-08  5.777E-30  0.3259  4.511354   -8.533  2.495272  8.314858  0.0000000E+00  8.7853507E-01  1.1826388E-01  1.3296327E-11  1.3189053E-12  3.1877583E-03  6.4530023E-14  3.3761629E-12  2.0425231E-09  1.0216795E-05  1.448E-16  0.000E+00  0.000E+00  1.000E+00  1.000E+00  4.72E+02  0.00E+00  0.00E+00  0.000000  0.525072  0.0000000E+00  0.0000000000E+00
221  3.501482481371330E+06   59.995892  6.068297  4.510778  7.5157740E-01  2.4837130E-01  1.2915513E-06  4.2979798E-09  1.0216520E-07  6.8211449E-06  3.5136667E-10  2.0005895E-09  9.2048308E-07  2.3543589E-08  5.765E-30  0.3279  4.510778   -8.535  2.496667  8.315424  0.0000000E+00  8.6939224E-01  1.2688710E-01  1.4545929E-11  9.5059734E-13  3.7073608E-03  3.1353991E-14  2.3700279E-12  2.4642617E-09  1.0214564E-05  1.400E-16  0.000E+00  0.000E+00  1.000E+00  1.000E+00  4.71E+02  0.00E+00  0.00E+00  0.000000  0.525209  0.0000000E+00  0.0000000000E+00
222  3.503716124474343E+06   59.995886  6.068410  4.510185  7.5157740E-01  2.4837130E-01  1.2915513E-06  4.2979798E-09  1.0216520E-07  6.8211449E-06  3.5136667E-10  2.0005895E-09  9.2048308E-07  2.3543589E-08  5.753E-30  0.3283  4.510185   -8.536  2.498075  8.315993  0.0000000E+00  8.6024941E-01  1.3546611E-01  1.5826284E-11  6.8647317E-13  4.2711848E-03  2.0628950E-14  1.6720672E-12  2.9652382E-09  1.0212256E-05  1.352E-16  0.000E+00  0.000E+00  1.000E+00  1.000E+00  4.71E+02  0.00E+00  0.00E+00  0.000000  0.525346  0.0000000E+00  0.0000000000E+00
223  3.505988298454695E+06   59.995879  6.068518  4.509551  7.5157740E-01  2.4837130E-01  1.2915513E-06  4.2979799E-09  1.0216520E-07  6.8211449E-06  3.5136667E-10  2.0005895E-09  9.2048308E-07  2.3543589E-08  5.741E-30  0.3300  4.509551   -8.538  2.499451  8.316553  0.0000000E+00  8.5110657E-01  1.4399725E-01  2.1316160E-11  4.7636037E-10  4.8828595E-03  4.3131112E-14  8.1648754E-11  3.5599731E-09  1.0209031E-05  1.306E-16  0.000E+00  0.000E+00  1.000E+00  1.000E+00  4.70E+02  0.00E+00  0.00E+00  0.000000  0.525477  0.0000000E+00  0.0000000000E+00
224  3.508267246622259E+06   59.995873  6.068634  4.508903  7.5157740E-01  2.4837130E-01  1.2915513E-06  4.2979799E-09  1.0216520E-07  6.8211449E-06  3.5136667E-10  2.0005895E-09  9.2048308E-07  2.3543589E-08  5.729E-30  0.3293  4.508903   -8.540  2.500875  8.317140  0.0000000E+00  8.4196374E-01  1.5248019E-01  2.1229899E-11  2.6746103E-11  5.5427506E-03  1.2310279E-13  4.0126766E-10  4.2573445E-09  1.0206951E-05  1.264E-16  0.000E+00  0.000E+00  1.000E+00  1.000E+00  4.69E+02  0.00E+00  0.00E+00  0.000000  0.525617  0.0000000E+00  0.0000000000E+00
225  3.510498108816436E+06   59.995866  6.068752  4.508241  7.5157740E-01  2.4837130E-01  1.2915513E-06  4.2979799E-09  1.0216520E-07  6.8211449E-06  3.5136667E-10  2.0005895E-09  9.2048308E-07  2.3543589E-08  5.718E-30  0.3297  4.508241   -8.541  2.502363  8.317733  0.0000000E+00  8.3282091E-01  1.6092050E-01  1.9862658E-11  2.5958647E-13  6.2452529E-03  5.0396032E-14  7.8441982E-13  5.0599829E-09  1.0204934E-05  1.217E-16  0.000E+00  0.000E+00  1.000E+00  1.000E+00  4.68E+02  0.00E+00  0.00E+00  0.000000  0.525760  0.0000000E+00  0.0000000000E+00
226  3.512747526555910E+06   59.995860  6.068875  4.507573  7.5157740E-01  2.4837130E-01  1.2915513E-06  4.2979800E-09  1.0216520E-07  6.8211449E-06  3.5136667E-10  2.0005895E-09  9.2048308E-07  2.3543589E-08  5.706E-30  0.3293  4.507573   -8.543  2.503882  8.318331  0.0000000E+00  8.2367807E-01  1.6931182E-01  2.1675040E-11  6.0581697E-12  6.9968104E-03  3.4682522E-14  5.2153438E-11  5.9888796E-09  1.0202236E-05  1.171E-16  0.000E+00  0.000E+00  1.000E+00  1.000E+00  4.68E+02  0.00E+00  0.00E+00  0.000000  0.525909  0.0000000E+00  0.0000000000E+00
227  3.514969852968136E+06   59.995853  6.068993  4.506912  7.5157740E-01  2.4837130E-01  1.2915513E-06  4.2979800E-09  1.0216520E-07  6.8211449E-06  3.5136667E-10  2.0005895E-09  9.2048308E-07  2.3543589E-08  5.694E-30  0.3296  4.506912   -8.545  2.505421  8.318935  0.0000000E+00  8.1453524E-01  1.7765394E-01  2.2724306E-11  1.3779251E-13  7.7974895E-03  2.3792560E-14  3.3387876E-13  7.0559987E-09  1.0199595E-05  1.125E-16  0.000E+00  0.000E+00  1.000E+00  1.000E+00  4.67E+02  0.00E+00  0.00E+00  0.000000  0.526052  0.0000000E+00  0.0000000000E+00
228  3.517199166496098E+06   59.995847  6.069113  4.506211  7.5157740E-01  2.4837130E-01  1.2915513E-06  4.2979801E-09  1.0216520E-07  6.8211449E-06  3.5136667E-10  2.0005895E-09  9.2048308E-07  2.3543589E-08  5.682E-30  0.3300  4.506211   -8.547  2.506972  8.319545  0.0000000E+00  8.0539241E-01  1.8594500E-01  2.4209938E-11  1.0076231E-13  8.6492629E-03  2.1037034E-14  2.1975369E-13  8.2788888E-09  1.0196790E-05  1.079E-16  0.000E+00  0.000E+00  1.000E+00  1.000E+00  4.66E+02  0.00E+00  0.00E+00  0.000000  0.526197  0.0000000E+00  0.0000000000E+00
229  3.519415862090566E+06   59.995841  6.069244  4.505496  7.5157740E-01  2.4837130E-01  1.2915513E-06  4.2979801E-09  1.0216520E-07  6.8211449E-06  3.5136667E-10  2.0005895E-09  9.2048308E-07  2.3543589E-08  5.671E-30  0.3303  4.505496   -8.548  2.508536  8.320156  0.0000000E+00  7.9624958E-01  1.9418395E-01  2.5734247E-11  7.3926469E-14  9.5531274E-03  2.0701522E-14  1.5794402E-13  9.6737346E-09  1.0193895E-05  1.035E-16  0.000E+00  0.000E+00  1.000E+00  1.000E+00  4.65E+02  0.00E+00  0.00E+00  0.000000  0.526357  0.0000000E+00  0.0000000000E+00
230  3.521716193719831E+06   59.995834  6.069375  4.504776  7.5157740E-01  2.4837130E-01  1.2915513E-06  4.2979801E-09  1.0216520E-07  6.8211449E-06  3.5136667E-10  2.0005895E-09  9.2048308E-07  2.3543589E-08  5.659E-30  0.3299  4.504776   -8.550  2.510072  8.320768  0.0000000E+00  7.8710674E-01  2.0236639E-01  2.7285704E-11  5.9151851E-14  1.0513564E-02  2.1147273E-14  2.4315267E-13  1.1269781E-08  1.0190899E-05  9.909E-17  0.000E+00  0.000E+00  1.000E+00  1.000E+00  4.64E+02  0.00E+00  0.00E+00  0.000000  0.526515  0.0000000E+00  0.0000000000E+00
231  3.524184857786815E+06   59.995827  6.069507  4.504003  7.5157740E-01  2.4837130E-01  1.2915513E-06  4.2979802E-09  1.0216520E-07  6.8211449E-06  3.5136667E-10  2.0005895E-09  9.2048308E-07  2.3543589E-08  5.646E-30  0.3308  4.504003   -8.552  2.511628  8.321399  0.0000000E+00  7.7796391E-01  2.1044354E-01  3.2083667E-11  2.7729892E-13  1.1579223E-02  4.3360579E-13  1.1233784E-10  1.3199857E-08  1.0188086E-05  9.894E-17  0.000E+00  0.000E+00  1.000E+00  1.000E+00  4.64E+02  0.00E+00  0.00E+00  0.000000  0.526676  0.0000000E+00  0.0000000000E+00
232  3.526475911782888E+06   59.995821  6.069627  4.503261  7.5157740E-01  2.4837130E-01  1.2915513E-06  4.2979802E-09  1.0216520E-07  6.8211449E-06  3.5136667E-10  2.0005895E-09  9.2048308E-07  2.3543589E-08  5.634E-30  0.3314  4.503261   -8.554  2.513258  8.322032  0.0000000E+00  7.6882108E-01  2.1850901E-01  3.3194954E-11  2.2899740E-12  1.2656566E-02  2.1540974E-13  1.6787285E-10  1.5265400E-08  1.0184878E-05  9.512E-17  0.000E+00  0.000E+00  1.000E+00  1.000E+00  4.63E+02  0.00E+00  0.00E+00  0.000000  0.526821  0.0000000E+00  0.0000000000E+00
233  3.528862699302759E+06   59.995814  6.069759  4.502475  7.5157740E-01  2.4837130E-01  1.2915513E-06  4.2979802E-09  1.0216520E-07  6.8211449E-06  3.5136667E-10  2.0005895E-09  9.2048308E-07  2.3543589E-08  5.622E-30  0.3316  4.502475   -8.557  2.514887  8.322674  0.0000000E+00  7.5967824E-01  2.2649045E-01  4.1347569E-11  5.3061129E-12  1.3817996E-02  3.8630008E-13  4.9758274E-10  1.7667834E-08  1.0181390E-05  9.331E-17  0.000E+00  0.000E+00  1.000E+00  1.000E+00  4.62E+02  0.00E+00  0.00E+00  0.000000  0.526981  0.0000000E+00  0.0000000000E+00
234  3.531333093983196E+06   59.995807  6.069895  4.501653  7.5157740E-01  2.4837130E-01  1.2915513E-06  4.2979803E-09  1.0216520E-07  6.8211449E-06  3.5136667E-10  2.0005895E-09  9.2048308E-07  2.3543589E-08  5.609E-30  0.3330  4.501653   -8.559  2.516449  8.323312  0.0000000E+00  7.5053541E-01  2.3439166E-01  4.2714351E-11  8.5528683E-12  1.5059552E-02  4.9621815E-13  4.1434931E-10  2.0433285E-08  1.0178390E-05  9.258E-17  0.000E+00  0.000E+00  1.000E+00  1.000E+00  4.61E+02  0.00E+00  0.00E+00  0.000000  0.527146  0.0000000E+00  0.0000000000E+00
235  3.533606588345570E+06   59.995801  6.070019  4.500870  7.5157740E-01  2.4837130E-01  1.2915513E-06  4.2979803E-09  1.0216520E-07  6.8211449E-06  3.5136667E-10  2.0005895E-09  9.2048308E-07  2.3543589E-08  5.597E-30  0.3331  4.500870   -8.561  2.518209  8.323979  0.0000000E+00  7.4139258E-01  2.4228707E-01  3.5686498E-11  2.6100956E-13  1.6307030E-02  1.3665821E-13  2.1718926E-12  2.3362982E-08  1.0175365E-05  8.788E-17  0.000E+00  0.000E+00  1.000E+00  1.000E+00  4.60E+02  0.00E+00  0.00E+00  0.000000  0.527297  0.0000000E+00  0.0000000000E+00
236  3.535877468676223E+06   59.995795  6.070148  4.500084  7.5157740E-01  2.4837130E-01  1.2915513E-06  4.2979804E-09  1.0216520E-07  6.8211449E-06  3.5136667E-10  2.0005895E-09  9.2048308E-07  2.3543589E-08  5.585E-30  0.3330  4.500084   -8.563  2.519978  8.324650  0.0000000E+00  7.3224975E-01  2.5011969E-01  3.7434599E-11  8.2535038E-15  1.7617227E-02  5.0216182E-14  2.0018939E-14  2.6646402E-08  1.0171703E-05  8.341E-17  0.000E+00  0.000E+00  1.000E+00  1.000E+00  4.59E+02  0.00E+00  0.00E+00  0.000000  0.527453  0.0000000E+00  0.0000000000E+00
237  3.538130076616338E+06   59.995789  6.070273  4.499306  7.5157740E-01  2.4837130E-01  1.2915513E-06  4.2979804E-09  1.0216520E-07  6.8211449E-06  3.5136667E-10  2.0005895E-09  9.2048308E-07  2.3543589E-08  5.574E-30  0.3334  4.499306   -8.565  2.521757  8.325324  0.0000000E+00  7.2310691E-01  2.5788808E-01  3.9311515E-11  6.0061170E-15  1.8991687E-02  3.0184376E-14  1.2114281E-14  3.0318664E-08  1.0167910E-05  7.902E-17  0.000E+00  0.000E+00  1.000E+00  1.000E+00  4.58E+02  0.00E+00  0.00E+00  0.000000  0.527606  0.0000000E+00  0.0000000000E+00
238  3.540613157015690E+06   59.995782  6.070413  4.498450  7.5157740E-01  2.4837130E-01  1.2915513E-06  4.2979804E-09  1.0216520E-07  6.8211449E-06  3.5136667E-10  2.0005895E-09  9.2048308E-07  2.3543589E-08  5.561E-30  0.3336  4.498450   -8.568  2.523484  8.326001  0.0000000E+00  7.1396408E-01  2.6552570E-01  4.5792103E-11  4.2128629E-12  2.0496869E-02  2.9082409E-13  8.6009256E-11  3.4674011E-08  1.0164095E-05  7.826E-17  0.000E+00  0.000E+00  1.000E+00  1.000E+00  4.57E+02  0.00E+00  0.00E+00  0.000000  0.527775  0.0000000E+00  0.0000000000E+00
239  3.542972872465462E+06   59.995776  6.070540  4.497623  7.5157740E-01  2.4837130E-01  1.2915513E-06  4.2979805E-09  1.0216520E-07  6.8211449E-06  3.5136667E-10  2.0005895E-09  9.2048308E-07  2.3543589E-08  5.549E-30  0.3346  4.497623   -8.570  2.525260  8.326687  0.0000000E+00  7.0482125E-01  2.7313892E-01  4.7628012E-11  1.9740475E-12  2.2026466E-02  1.8643026E-13  1.6871959E-10  3.9352730E-08  1.0159985E-05  7.500E-17  0.000E+00  0.000E+00  1.000E+00  1.000E+00  4.57E+02  0.00E+00  0.00E+00  0.000000  0.527930  0.0000000E+00  0.0000000000E+00
240  3.545263377282639E+06   59.995770  6.070667  4.496802  7.5157740E-01  2.4837130E-01  1.2915513E-06  4.2979805E-09  1.0216520E-07  6.8211449E-06  3.5136667E-10  2.0005895E-09  9.2048308E-07  2.3543589E-08  5.537E-30  0.3347  4.496802   -8.573  2.527102  8.327382  0.0000000E+00  6.9567841E-01  2.8070267E-01  4.5247605E-11  4.3828645E-14  2.3605572E-02  5.8118459E-14  1.1241802E-12  4.4476848E-08  1.0155966E-05  7.060E-17  0.000E+00  0.000E+00  1.000E+00  1.000E+00  4.56E+02  0.00E+00  0.00E+00  0.000000  0.528084  0.0000000E+00  0.0000000000E+00
241  3.547724836301158E+06   59.995763  6.070807  4.495908  7.5157740E-01  2.4837130E-01  1.2915513E-06  4.2979805E-09  1.0216520E-07  6.8211449E-06  3.5136667E-10  2.0005895E-09  9.2048308E-07  2.3543589E-08  5.525E-30  0.3349  4.495908   -8.575  2.528941  8.328088  0.0000000E+00  6.8653558E-01  2.8812883E-01  5.2356027E-11  2.3678840E-12  2.5322207E-02  2.4732940E-13  9.3781292E-11  5.0489880E-08  1.0151623E-05  6.954E-17  0.000E+00  0.000E+00  1.000E+00  1.000E+00  4.55E+02  0.00E+00  0.00E+00  0.000000  0.528255  0.0000000E+00  0.0000000000E+00
242  3.550098550387585E+06   59.995757  6.070938  4.495035  7.5157740E-01  2.4837130E-01  1.2915513E-06  4.2979806E-09  1.0216520E-07  6.8211449E-06  3.5136667E-10  2.0005895E-09  9.2048308E-07  2.3543589E-08  5.512E-30  0.3368  4.495035   -8.578  2.530701  8.328765  0.0000000E+00  6.7739275E-01  2.9552042E-01  7.7390485E-11  1.5226124E-09  2.7073496E-02  2.4449444E-13  1.9301732E-09  5.6985438E-08  1.0142498E-05  6.664E-17  0.000E+00  0.000E+00  1.000E+00  1.000E+00  4.54E+02  0.00E+00  0.00E+00  0.000000  0.528414  0.0000000E+00  0.0000000000E+00
243  3.552653105532834E+06   59.995750  6.071073  4.494054  7.5157740E-01  2.4837130E-01  1.2915513E-06  4.2979806E-09  1.0216520E-07  6.8211449E-06  3.5136667E-10  2.0005895E-09  9.2048308E-07  2.3543589E-08  5.499E-30  0.3376  4.494054   -8.581  2.532647  8.329514  0.0000000E+00  6.6824992E-01  3.0275840E-01  6.5897135E-11  1.3954167E-10  2.8978298E-02  2.9896667E-13  9.5543004E-10  6.4614663E-08  1.0141321E-05  6.655E-17  0.000E+00  0.000E+00  1.000E+00  1.000E+00  4.53E+02  0.00E+00  0.00E+00  0.000000  0.528579  0.0000000E+00  0.0000000000E+00
244  3.554963990611810E+06   59.995744  6.071227  4.493009  7.5157740E-01  2.4837130E-01  1.2915513E-06  4.2979807E-09  1.0216520E-07  6.8211449E-06  3.5136667E-10  2.0005895E-09  9.2048308E-07  2.3543589E-08  5.488E-30  0.3356  4.493009   -8.584  2.534641  8.330255  0.0000000E+00  6.5910708E-01  3.1002178E-01  5.3912349E-11  1.0106936E-15  3.0857705E-02  7.2447160E-14  4.6666320E-14  7.2499729E-08  1.0137794E-05  6.197E-17  0.000E+00  0.000E+00  1.000E+00  1.000E+00  4.52E+02  0.00E+00  0.00E+00  0.000000  0.528766  0.0000000E+00  0.0000000000E+00
245  3.557283484984095E+06   59.995738  6.071396  4.491982  7.5157740E-01  2.4837130E-01  1.2915513E-06  4.2979807E-09  1.0216520E-07  6.8211449E-06  3.5136667E-10  2.0005895E-09  9.2048308E-07  2.3543589E-08  5.476E-30  0.3364  4.491982   -8.587  2.536638  8.330997  0.0000000E+00  6.4996425E-01  3.1720423E-01  5.6189275E-11  7.0258354E-16  3.2818118E-02  3.3438697E-14  1.9654157E-15  8.1252337E-08  1.0132693E-05  5.769E-17  0.000E+00  0.000E+00  1.000E+00  1.000E+00  4.50E+02  0.00E+00  0.00E+00  0.000000  0.528972  0.0000000E+00  0.0000000000E+00
246  3.559805531713451E+06   59.995731  6.071558  4.490936  7.5157740E-01  2.4837130E-01  1.2915513E-06  4.2979807E-09  1.0216520E-07  6.8211449E-06  3.5136667E-10  2.0005895E-09  9.2048308E-07  2.3543589E-08  5.463E-30  0.3366  4.490936   -8.590  2.538612  8.331748  0.0000000E+00  6.4082142E-01  3.2421328E-01  5.9514302E-11  3.1559162E-12  3.4951875E-02  1.1769697E-13  2.3966030E-11  9.1546610E-08  1.0127447E-05  5.666E-17  0.000E+00  0.000E+00  1.000E+00  1.000E+00  4.49E+02  0.00E+00  0.00E+00  0.000000  0.529169  0.0000000E+00  0.0000000000E+00
247  3.562153327214875E+06   59.995725  6.071697  4.489983  7.5157740E-01  2.4837130E-01  1.2915513E-06  4.2979808E-09  1.0216520E-07  6.8211449E-06  3.5136667E-10  2.0005895E-09  9.2048308E-07  2.3543589E-08  5.451E-30  0.3380  4.489983   -8.593  2.540606  8.332493  0.0000000E+00  6.3167858E-01  3.3122444E-01  6.3029622E-11  1.5854421E-10  3.7083555E-02  5.0335564E-14  9.0470528E-11  1.0236787E-07  1.0121601E-05  5.251E-17  0.000E+00  0.000E+00  1.000E+00  1.000E+00  4.48E+02  0.00E+00  0.00E+00  0.000000  0.529339  0.0000000E+00  0.0000000000E+00
248  3.564610581706625E+06   59.995719  6.071845  4.489002  7.5157740E-01  2.4837130E-01  1.2915513E-06  4.2979808E-09  1.0216520E-07  6.8211449E-06  3.5136667E-10  2.0005895E-09  9.2048308E-07  2.3543589E-08  5.439E-30  0.3371  4.489002   -8.596  2.542659  8.333270  0.0000000E+00  6.2253575E-01  3.3808886E-01  6.9144168E-11  5.8576856E-13  3.9361957E-02  1.5318550E-13  9.4883076E-11  1.1478509E-07  1.0116129E-05  5.038E-17  0.000E+00  0.000E+00  1.000E+00  1.000E+00  4.47E+02  0.00E+00  0.00E+00  0.000000  0.529520  0.0000000E+00  0.0000000000E+00
249  3.567145318818847E+06   59.995713  6.071993  4.487966  7.5157740E-01  2.4837130E-01  1.2915513E-06  4.2979808E-09  1.0216520E-07  6.8211449E-06  3.5136667E-10  2.0005895E-09  9.2048308E-07  2.3543589E-08  5.426E-30  0.3390  4.487966   -8.599  2.544722  8.334050  0.0000000E+00  6.1339292E-01  3.4482099E-01  7.1591890E-11  3.9603701E-13  4.1772603E-02  2.0070875E-13  5.2982500E-11  1.2887268E-07  1.0110227E-05  4.930E-17  0.000E+00  0.000E+00  1.000E+00  1.000E+00  4.46E+02  0.00E+00  0.00E+00  0.000000  0.529700  0.0000000E+00  0.0000000000E+00
250  3.569483915682600E+06   59.995707  6.072127  4.486992  7.5157740E-01  2.4837130E-01  1.2915513E-06  4.2979809E-09  1.0216520E-07  6.8211449E-06  3.5136667E-10  2.0005895E-09  9.2048308E-07  2.3543589E-08  5.414E-30  0.3383  4.486992   -8.602  2.546899  8.334848  0.0000000E+00  6.0425009E-01  3.5156166E-01  6.8957932E-11  3.4352265E-16  4.4174776E-02  4.7550957E-14  2.0668340E-15  1.4363303E-07  1.0104052E-05  4.514E-17  0.000E+00  0.000E+00  1.000E+00  1.000E+00  4.45E+02  0.00E+00  0.00E+00  0.000000  0.529863  0.0000000E+00  0.0000000000E+00
251  3.571873872960211E+06   59.995701  6.072266  4.485996  7.5157740E-01  2.4837130E-01  1.2915513E-06  4.2979809E-09  1.0216520E-07  6.8211449E-06  3.5136667E-10  2.0005895E-09  9.2048308E-07  2.3543589E-08  5.402E-30  0.3387  4.485996   -8.605  2.549063  8.335646  0.0000000E+00  5.9510725E-01  3.5819048E-01  7.1814430E-11  2.3721445E-16  4.6688782E-02  3.5746054E-14  5.2676975E-14  1.6011959E-07  1.0097548E-05  4.160E-17  0.000E+00  0.000E+00  1.000E+00  1.000E+00  4.44E+02  0.00E+00  0.00E+00  0.000000  0.530033  0.0000000E+00  0.0000000000E+00
252  3.574542296439632E+06   59.995694  6.072420  4.484873  7.5157740E-01  2.4837130E-01  1.2915513E-06  4.2979810E-09  1.0216520E-07  6.8211449E-06  3.5136667E-10  2.0005895E-09  9.2048308E-07  2.3543589E-08  5.389E-30  0.3417  4.484873   -8.609  2.550733  8.336310  0.0000000E+00  5.8596442E-01  3.6455242E-01  1.7902726E-10  9.4597279E-09  4.9469610E-02  6.4251353E-13  4.7353230E-09  1.8001715E-07  1.0070076E-05  4.222E-17  0.000E+00  0.000E+00  1.000E+00  1.000E+00  4.43E+02  0.00E+00  0.00E+00  0.000000  0.530221  0.0000000E+00  0.0000000000E+00
253  3.576922063368685E+06   59.995688  6.072559  4.483883  7.5157740E-01  2.4837130E-01  1.2915513E-06  4.2979810E-09  1.0216520E-07  6.8211449E-06  3.5136667E-10  2.0005895E-09  9.2048308E-07  2.3543589E-08  5.377E-30  0.3399  4.483883   -8.612  2.553405  8.337271  0.0000000E+00  5.7682159E-01  3.7099251E-01  7.7994237E-11  3.7180857E-14  5.2172367E-02  9.1661051E-14  5.2952005E-13  2.0016782E-07  1.0083608E-05  3.765E-17  0.000E+00  0.000E+00  1.000E+00  1.000E+00  4.42E+02  0.00E+00  0.00E+00  0.000000  0.530391  0.0000000E+00  0.0000000000E+00
254  3.579437491689490E+06   59.995682  6.072704  4.482807  7.5157740E-01  2.4837130E-01  1.2915513E-06  4.2979810E-09  1.0216520E-07  6.8211449E-06  3.5136667E-10  2.0005895E-09  9.2048308E-07  2.3543589E-08  5.365E-30  0.3398  4.482807   -8.616  2.555654  8.338105  0.0000000E+00  5.6767875E-01  3.7723863E-01  8.2133238E-11  2.1368503E-15  5.5069078E-02  9.5366209E-14  4.5939502E-12  2.2345939E-07  1.0076159E-05  3.566E-17  0.000E+00  0.000E+00  1.000E+00  1.000E+00  4.41E+02  0.00E+00  0.00E+00  0.000000  0.530569  0.0000000E+00  0.0000000000E+00
255  3.581995879907848E+06   59.995676  6.072854  4.481690  7.5157740E-01  2.4837130E-01  1.2915513E-06  4.2979811E-09  1.0216520E-07  6.8211449E-06  3.5136667E-10  2.0005895E-09  9.2048308E-07  2.3543589E-08  5.352E-30  0.3402  4.481690   -8.619  2.557939  8.338951  0.0000000E+00  5.5853592E-01  3.8334491E-01  8.3951791E-11  1.8049183E-15  5.8105573E-02  6.7050306E-14  9.5029636E-14  2.4962038E-07  1.0068345E-05  3.352E-17  0.000E+00  0.000E+00  1.000E+00  1.000E+00  4.40E+02  0.00E+00  0.00E+00  0.000000  0.530752  0.0000000E+00  0.0000000000E+00
256  3.584404659368072E+06   59.995670  6.072996  4.480629  7.5157740E-01  2.4837130E-01  1.2915513E-06  4.2979811E-09  1.0216520E-07  6.8211449E-06  3.5136667E-10  2.0005895E-09  9.2048308E-07  2.3543589E-08  5.340E-30  0.3406  4.480629   -8.623  2.560282  8.339804  0.0000000E+00  5.4939309E-01  3.8945557E-01  8.6922516E-11  1.5441138E-15  6.1137720E-02  2.6778273E-14  3.6852361E-15  2.7717994E-07  1.0060257E-05  2.994E-17  0.000E+00  0.000E+00  1.000E+00  1.000E+00  4.38E+02  0.00E+00  0.00E+00  0.000000  0.530925  0.0000000E+00  0.0000000000E+00
257  3.587239262661710E+06   59.995664  6.073162  4.479351  7.5157740E-01  2.4837130E-01  1.2915513E-06  4.2979811E-09  1.0216520E-07  6.8211449E-06  3.5136667E-10  2.0005895E-09  9.2048308E-07  2.3543589E-08  5.326E-30  0.3420  4.479351   -8.627  2.562486  8.340651  0.0000000E+00  5.4025026E-01  3.9514707E-01  1.0424360E-10  5.3684919E-11  6.4589022E-02  2.9079601E-13  5.3065474E-10  3.1174660E-07  1.0050758E-05  3.038E-17  0.000E+00  0.000E+00  1.000E+00  1.000E+00  4.37E+02  0.00E+00  0.00E+00  0.000000  0.531128  0.0000000E+00  0.0000000000E+00
258  3.589663529145805E+06   59.995658  6.073326  4.478148  7.5157740E-01  2.4837130E-01  1.2915513E-06  4.2979812E-09  1.0216520E-07  6.8211449E-06  3.5136667E-10  2.0005895E-09  9.2048308E-07  2.3543589E-08  5.314E-30  0.3409  4.478148   -8.631  2.564955  8.341543  0.0000000E+00  5.3110742E-01  4.0102048E-01  9.3603199E-11  1.5438797E-13  6.7858433E-02  4.2638458E-14  1.9936412E-13  3.4578672E-07  1.0042615E-05  2.679E-17  0.000E+00  0.000E+00  1.000E+00  1.000E+00  4.36E+02  0.00E+00  0.00E+00  0.000000  0.531329  0.0000000E+00  0.0000000000E+00
259  3.592081760604932E+06   59.995652  6.073493  4.476982  7.5157740E-01  2.4837130E-01  1.2915513E-06  4.2979812E-09  1.0216520E-07  6.8211449E-06  3.5136667E-10  2.0005895E-09  9.2048308E-07  2.3543589E-08  5.302E-30  0.3417  4.476982   -8.635  2.567439  8.342437  0.0000000E+00  5.2196459E-01  4.0676844E-01  9.7098825E-11  4.3811128E-15  7.1253237E-02  2.2218668E-14  6.4983105E-15  3.8354843E-07  1.0033317E-05  2.354E-17  0.000E+00  0.000E+00  1.000E+00  1.000E+00  4.35E+02  0.00E+00  0.00E+00  0.000000  0.531532  0.0000000E+00  0.0000000000E+00
260  3.594593904548315E+06   59.995647  6.073652  4.475807  7.5157740E-01  2.4837130E-01  1.2915513E-06  4.2979812E-09  1.0216520E-07  6.8211449E-06  3.5136667E-10  2.0005895E-09  9.2048308E-07  2.3543589E-08  5.290E-30  0.3421  4.475807   -8.639  2.569913  8.343337  0.0000000E+00  5.1282176E-01  4.1234622E-01  1.0083402E-10  8.7622715E-15  7.4818217E-02  2.9531557E-14  6.1378373E-14  4.2613030E-07  1.0023517E-05  2.095E-17  0.000E+00  0.000E+00  1.000E+00  1.000E+00  4.33E+02  0.00E+00  0.00E+00  0.000000  0.531728  0.0000000E+00  0.0000000000E+00
261  3.597067585212019E+06   59.995641  6.073802  4.474667  7.5157740E-01  2.4837130E-01  1.2915513E-06  4.2979813E-09  1.0216520E-07  6.8211449E-06  3.5136667E-10  2.0005895E-09  9.2048308E-07  2.3543589E-08  5.277E-30  0.3424  4.474667   -8.643  2.572425  8.344248  0.0000000E+00  5.0367892E-01  4.1782868E-01  1.0443553E-10  1.5012993E-14  7.8478561E-02  2.0056645E-14  2.7559665E-14  4.7272606E-07  1.0013285E-05  1.817E-17  0.000E+00  0.000E+00  1.000E+00  1.000E+00  4.32E+02  0.00E+00  0.00E+00  0.000000  0.531911  0.0000000E+00  0.0000000000E+00
262  3.600187136259364E+06   59.995634  6.073986  4.473224  7.5157740E-01  2.4837130E-01  1.2915513E-06  4.2979813E-09  1.0216520E-07  6.8211449E-06  3.5136667E-10  2.0005895E-09  9.2048308E-07  2.3543589E-08  5.262E-30  0.3429  4.473224   -8.648  2.574882  8.345183  0.0000000E+00  4.9453609E-01  4.2257468E-01  1.0902771E-10  1.3589315E-14  8.2875334E-02  1.2834228E-13  8.0901443E-13  5.3556090E-07  1.0001542E-05  1.930E-17  0.000E+00  0.000E+00  1.000E+00  1.000E+00  4.31E+02  0.00E+00  0.00E+00  0.000000  0.532137  0.0000000E+00  0.0000000000E+00
263  3.602684230279765E+06   59.995628  6.074128  4.472025  7.5157740E-01  2.4837130E-01  1.2915513E-06  4.2979813E-09  1.0216520E-07  6.8211449E-06  3.5136667E-10  2.0005895E-09  9.2048308E-07  2.3543589E-08  5.250E-30  0.3442  4.472025   -8.652  2.577504  8.346125  0.0000000E+00  4.8539326E-01  4.2777774E-01  1.1183719E-10  6.2376939E-14  8.6815008E-02  2.3968112E-14  4.5413149E-13  5.9356516E-07  9.9902459E-06  1.649E-17  0.000E+00  0.000E+00  1.000E+00  1.000E+00  4.30E+02  0.00E+00  0.00E+00  0.000000  0.532311  0.0000000E+00  0.0000000000E+00
264  3.605196538796787E+06   59.995623  6.074283  4.470802  7.5157740E-01  2.4837130E-01  1.2915513E-06  4.2979814E-09  1.0216520E-07  6.8211449E-06  3.5136667E-10  2.0005895E-09  9.2048308E-07  2.3543589E-08  5.238E-30  0.3436  4.470802   -8.656  2.580159  8.347079  0.0000000E+00  4.7625043E-01  4.3282142E-01  1.1620010E-10  9.2590089E-14  9.0914159E-02  2.4040060E-14  7.4104480E-12  6.5830359E-07  9.9783331E-06  1.406E-17  0.000E+00  0.000E+00  1.000E+00  1.000E+00  4.28E+02  0.00E+00  0.00E+00  0.000000  0.532501  0.0000000E+00  0.0000000000E+00
265  3.608175464296198E+06   59.995616  6.074468  4.469356  7.5157740E-01  2.4837130E-01  1.2915513E-06  4.2979814E-09  1.0216520E-07  6.8211449E-06  3.5136667E-10  2.0005895E-09  9.2048308E-07  2.3543589E-08  5.223E-30  0.3439  4.469356   -8.661  2.582760  8.348051  0.0000000E+00  4.6710759E-01  4.3725625E-01  1.2021938E-10  1.7098101E-14  9.5622067E-02  7.0650789E-14  6.9926050E-13  7.4075078E-07  9.9648977E-06  1.449E-17  0.000E+00  0.000E+00  1.000E+00  1.000E+00  4.27E+02  0.00E+00  0.00E+00  0.000000  0.532728  0.0000000E+00  0.0000000000E+00
266  3.610684216131731E+06   59.995611  6.074618  4.468116  7.5157740E-01  2.4837130E-01  1.2915513E-06  4.2979814E-09  1.0216520E-07  6.8211449E-06  3.5136667E-10  2.0005895E-09  9.2048308E-07  2.3543589E-08  5.211E-30  0.3443  4.468116   -8.666  2.585531  8.349038  0.0000000E+00  4.5796476E-01  4.4199810E-01  1.2376092E-10  9.6131705E-15  1.0002293E-01  1.7458164E-14  1.2890538E-14  8.2116554E-07  9.9516968E-06  1.207E-17  0.000E+00  0.000E+00  1.000E+00  1.000E+00  4.26E+02  0.00E+00  0.00E+00  0.000000  0.532912  0.0000000E+00  0.0000000000E+00
267  3.613242398454316E+06   59.995605  6.074776  4.466845  7.5157740E-01  2.4837130E-01  1.2915513E-06  4.2979815E-09  1.0216520E-07  6.8211449E-06  3.5136667E-10  2.0005895E-09  9.2048308E-07  2.3543589E-08  5.199E-30  0.3447  4.466845   -8.670  2.588326  8.350036  0.0000000E+00  4.4882193E-01  4.4657137E-01  1.2796807E-10  9.0334668E-15  1.0459240E-01  1.4736482E-14  1.4967585E-14  9.1091851E-07  9.9377725E-06  9.960E-18  0.000E+00  0.000E+00  1.000E+00  1.000E+00  4.24E+02  0.00E+00  0.00E+00  0.000000  0.533106  0.0000000E+00  0.0000000000E+00
268  3.615845201497283E+06   59.995600  6.074934  4.465552  7.5157740E-01  2.4837130E-01  1.2915513E-06  4.2979815E-09  1.0216520E-07  6.8211449E-06  3.5136667E-10  2.0005895E-09  9.2048308E-07  2.3543589E-08  5.186E-30  0.3461  4.465552   -8.675  2.591156  8.351047  0.0000000E+00  4.3967909E-01  4.5094223E-01  1.3328053E-10  9.3078234E-13  1.0936433E-01  3.0591295E-14  3.5745932E-11  1.0119384E-06  9.9229622E-06  8.304E-18  0.000E+00  0.000E+00  1.000E+00  1.000E+00  4.23E+02  0.00E+00  0.00E+00  0.000000  0.533300  0.0000000E+00  0.0000000000E+00
269  3.618802187277473E+06   59.995593  6.075117  4.464040  7.5157740E-01  2.4837130E-01  1.2915513E-06  4.2979815E-09  1.0216520E-07  6.8211449E-06  3.5136667E-10  2.0005895E-09  9.2048308E-07  2.3543589E-08  5.172E-30  0.3473  4.464040   -8.680  2.593968  8.352078  0.0000000E+00  4.3053626E-01  4.5472478E-01  1.3641520E-10  1.2549862E-12  1.1472449E-01  3.6355109E-14  4.6822568E-12  1.1372068E-06  9.9063729E-06  8.368E-18  0.000E+00  0.000E+00  1.000E+00  1.000E+00  4.21E+02  0.00E+00  0.00E+00  0.000000  0.533525  0.0000000E+00  0.0000000000E+00
270  3.621436276788650E+06   59.995588  6.075283  4.462674  7.5157740E-01  2.4837130E-01  1.2915513E-06  4.2979816E-09  1.0216520E-07  6.8211449E-06  3.5136667E-10  2.0005895E-09  9.2048308E-07  2.3543589E-08  5.159E-30  0.3457  4.462674   -8.686  2.596922  8.353131  0.0000000E+00  4.2139343E-01  4.5870889E-01  1.4054500E-10  3.8925855E-14  1.1988301E-01  1.6866246E-14  4.9107665E-13  1.2645690E-06  9.8898051E-06  6.885E-18  0.000E+00  0.000E+00  1.000E+00  1.000E+00  4.20E+02  0.00E+00  0.00E+00  0.000000  0.533728  0.0000000E+00  0.0000000000E+00
271  3.624426890236380E+06   59.995582  6.075472  4.461138  7.5157740E-01  2.4837130E-01  1.2915513E-06  4.2979816E-09  1.0216520E-07  6.8211449E-06  3.5136667E-10  2.0005895E-09  9.2048308E-07  2.3543589E-08  5.145E-30  0.3460  4.461138   -8.691  2.599722  8.354155  0.0000000E+00  4.1225060E-01  4.6207056E-01  1.5798954E-10  3.3968068E-11  1.2566406E-01  2.6283170E-13  7.9534108E-10  1.4228961E-06  9.8700155E-06  7.032E-18  0.000E+00  0.000E+00  1.000E+00  1.000E+00  4.19E+02  0.00E+00  0.00E+00  0.000000  0.533962  0.0000000E+00  0.0000000000E+00
272  3.627039835925850E+06   59.995577  6.075631  4.459793  7.5157740E-01  2.4837130E-01  1.2915513E-06  4.2979816E-09  1.0216520E-07  6.8211449E-06  3.5136667E-10  2.0005895E-09  9.2048308E-07  2.3543589E-08  5.132E-30  0.3460  4.459793   -8.696  2.602938  8.355285  0.0000000E+00  4.0310776E-01  4.6572104E-01  1.4883653E-10  5.0842533E-14  1.3115625E-01  1.5739704E-14  1.1625774E-12  1.5810339E-06  9.8525931E-06  5.462E-18  0.000E+00  0.000E+00  1.000E+00  1.000E+00  4.17E+02  0.00E+00  0.00E+00  0.000000  0.534156  0.0000000E+00  0.0000000000E+00
273  3.629816742981673E+06   59.995571  6.075802  4.458349  7.5157740E-01  2.4837130E-01  1.2915513E-06  4.2979817E-09  1.0216520E-07  6.8211449E-06  3.5136667E-10  2.0005895E-09  9.2048308E-07  2.3543589E-08  5.119E-30  0.3464  4.458349   -8.702  2.606014  8.356385  0.0000000E+00  3.9396493E-01  4.6901470E-01  1.5296626E-10  3.7719427E-14  1.3700522E-01  1.2884333E-14  6.4118476E-14  1.7645817E-06  9.8325949E-06  4.587E-18  0.000E+00  0.000E+00  1.000E+00  1.000E+00  4.16E+02  0.00E+00  0.00E+00  0.000000  0.534367  0.0000000E+00  0.0000000000E+00
274  3.632890339809706E+06   59.995565  6.075996  4.456733  7.5157740E-01  2.4837130E-01  1.2915513E-06  4.2979817E-09  1.0216520E-07  6.8211449E-06  3.5136667E-10  2.0005895E-09  9.2048308E-07  2.3543589E-08  5.104E-30  0.3475  4.456733   -8.708  2.608991  8.357466  0.0000000E+00  3.8482210E-01  4.7166497E-01  1.6747236E-10  3.6388553E-11  1.4349758E-01  2.3317994E-13  7.6064341E-10  1.9906967E-06  9.8089630E-06  4.900E-18  0.000E+00  0.000E+00  1.000E+00  1.000E+00  4.14E+02  0.00E+00  0.00E+00  0.000000  0.534607  0.0000000E+00  0.0000000000E+00
275  3.635563430158344E+06   59.995560  6.076158  4.455302  7.5157740E-01  2.4837130E-01  1.2915513E-06  4.2979817E-09  1.0216520E-07  6.8211449E-06  3.5136667E-10  2.0005895E-09  9.2048308E-07  2.3543589E-08  5.091E-30  0.3475  4.455302   -8.714  2.612399  8.358658  0.0000000E+00  3.7567926E-01  4.7467010E-01  1.6082904E-10  1.2053577E-14  1.4963502E-01  1.0716836E-14  1.4981345E-14  2.2160314E-06  9.7878448E-06  3.643E-18  0.000E+00  0.000E+00  1.000E+00  1.000E+00  4.13E+02  0.00E+00  0.00E+00  0.000000  0.534805  0.0000000E+00  0.0000000000E+00
276  3.638282735720905E+06   59.995555  6.076325  4.453825  7.5157740E-01  2.4837130E-01  1.2915513E-06  4.2979818E-09  1.0216520E-07  6.8211449E-06  3.5136667E-10  2.0005895E-09  9.2048308E-07  2.3543589E-08  5.079E-30  0.3479  4.453825   -8.719  2.615706  8.359818  0.0000000E+00  3.6653643E-01  4.7743838E-01  1.6483588E-10  1.0054168E-14  1.5600933E-01  7.2670661E-15  1.7228048E-14  2.4700629E-06  9.7643121E-06  2.669E-18  0.000E+00  0.000E+00  1.000E+00  1.000E+00  4.11E+02  0.00E+00  0.00E+00  0.000000  0.535011  0.0000000E+00  0.0000000000E+00
277  3.641017972451272E+06   59.995549  6.076495  4.452311  7.5157740E-01  2.4837130E-01  1.2915513E-06  4.2979818E-09  1.0216520E-07  6.8211449E-06  3.5136667E-10  2.0005895E-09  9.2048308E-07  2.3543589E-08  5.066E-30  0.3482  4.452311   -8.725  2.619044  8.360984  0.0000000E+00  3.5739360E-01  4.7996229E-01  1.6856218E-10  8.2700817E-14  1.6262794E-01  6.3781054E-15  8.4978579E-14  2.7564265E-06  9.7392317E-06  1.920E-18  0.000E+00  0.000E+00  1.000E+00  1.000E+00  4.10E+02  0.00E+00  0.00E+00  0.000000  0.535221  0.0000000E+00  0.0000000000E+00
278  3.643782562580761E+06   59.995544  6.076671  4.450483  7.5157740E-01  2.4837130E-01  1.2915513E-06  4.2979818E-09  1.0216520E-07  6.8211449E-06  3.5136667E-10  2.0005895E-09  9.2048308E-07  2.3543589E-08  5.052E-30  0.3486  4.450483   -8.733  2.622517  8.362206  0.0000000E+00  3.4825077E-01  4.8220513E-01  1.7230311E-10  9.5569512E-15  1.6952761E-01  5.8740983E-15  1.1247877E-14  3.0816119E-06  9.7123645E-06  1.401E-18  0.000E+00  0.000E+00  1.000E+00  1.000E+00  4.08E+02  0.00E+00  0.00E+00  0.000000  0.535438  0.0000000E+00  0.0000000000E+00
279  3.647116715832222E+06   59.995538  6.077000  4.448148  7.5157740E-01  2.4837130E-01  1.2915513E-06  4.2979819E-09  1.0216520E-07  6.8211449E-06  3.5136667E-10  2.0005895E-09  9.2048308E-07  2.3543589E-08  5.037E-30  0.3489  4.448148   -8.742  2.625958  8.363450  0.0000000E+00  3.3910793E-01  4.8328937E-01  1.7464045E-10  1.0227611E-14  1.7758577E-01  1.9791775E-14  8.6630555E-14  3.5111763E-06  9.6800946E-06  2.287E-18  0.000E+00  0.000E+00  1.000E+00  1.000E+00  4.06E+02  0.00E+00  0.00E+00  0.000000  0.535843  0.0000000E+00  0.0000000000E+00
280  3.649911218346272E+06   59.995533  6.077207  4.446419  7.5157740E-01  2.4837130E-01  1.2915513E-06  4.2979819E-09  1.0216520E-07  6.8211449E-06  3.5136667E-10  2.0005895E-09  9.2048308E-07  2.3543589E-08  5.024E-30  0.3493  4.446419   -8.749  2.629560  8.364705  0.0000000E+00  3.2996510E-01  4.8502518E-01  1.7763987E-10  8.5230097E-15  1.8499234E-01  4.4544166E-15  9.8479147E-15  3.9289607E-06  9.6494722E-06  1.552E-18  0.000E+00  0.000E+00  1.000E+00  1.000E+00  4.04E+02  0.00E+00  0.00E+00  0.000000  0.536100  0.0000000E+00  0.0000000000E+00
281  3.651382856361639E+06   59.995530  6.077307  4.445544  7.5157740E-01  2.4837130E-01  1.2915513E-06  4.2979819E-09  1.0216520E-07  6.8211449E-06  3.5136667E-10  2.0005895E-09  9.2048308E-07  2.3543589E-08  5.017E-30  0.3495  4.445544   -8.752  2.631426  8.365357  0.0000000E+00  3.2525265E-01  4.8580564E-01  1.7903118E-10  9.1703145E-14  1.8892413E-01  4.2581200E-15  8.4904978E-13  4.1662665E-06  9.6328378E-06  1.262E-18  0.000E+00  0.000E+00  1.000E+00  1.000E+00  4.03E+02  0.00E+00  0.00E+00  0.000000  0.536223  0.0000000E+00  0.0000000000E+00
282  3.652836342054848E+06   59.995528  6.077402  4.444690  7.5157740E-01  2.4837130E-01  1.2915513E-06  4.2979819E-09  1.0216520E-07  6.8211449E-06  3.5136667E-10  2.0005895E-09  9.2048308E-07  2.3543589E-08  5.010E-30  0.3495  4.444690   -8.756  2.633302  8.366024  0.0000000E+00  3.2054020E-01  4.8650921E-01  1.8038281E-10  1.3979584E-14  1.9293270E-01  3.8106764E-15  1.6399288E-14  4.4194306E-06  9.6156012E-06  1.018E-18  0.000E+00  0.000E+00  1.000E+00  1.000E+00  4.03E+02  0.00E+00  0.00E+00  0.000000  0.536340  0.0000000E+00  0.0000000000E+00
283  3.654887828346853E+06   59.995524  6.077534  4.443500  7.5157740E-01  2.4837130E-01  1.2915513E-06  4.2979820E-09  1.0216520E-07  6.8211449E-06  3.5136667E-10  2.0005895E-09  9.2048308E-07  2.3543589E-08  5.000E-30  0.3497  4.443500   -8.761  2.635054  8.366674  0.0000000E+00  3.1582775E-01  4.8606750E-01  1.8397580E-10  3.4436877E-12  1.9808652E-01  1.8338087E-13  2.1813440E-10  4.7845658E-06  9.5926075E-06  2.138E-18  0.000E+00  0.000E+00  1.000E+00  1.000E+00  4.01E+02  0.00E+00  0.00E+00  0.000000  0.536504  0.0000000E+00  0.0000000000E+00
284  3.656553736616552E+06   59.995521  6.077637  4.442517  7.5157740E-01  2.4837130E-01  1.2915513E-06  4.2979820E-09  1.0216520E-07  6.8211449E-06  3.5136667E-10  2.0005895E-09  9.2048308E-07  2.3543589E-08  4.992E-30  0.3527  4.442517   -8.765  2.637106  8.367396  0.0000000E+00  3.1111530E-01  4.8627729E-01  1.8095380E-10  1.3862834E-11  2.0258883E-01  2.8304728E-14  1.1688669E-11  5.1071061E-06  9.5727325E-06  2.067E-18  0.000E+00  0.000E+00  1.000E+00  1.000E+00  4.01E+02  0.00E+00  0.00E+00  0.000000  0.536630  0.0000000E+00  0.0000000000E+00
285  3.658038492032004E+06   59.995519  6.077725  4.441630  7.5157740E-01  2.4837130E-01  1.2915513E-06  4.2979820E-09  1.0216520E-07  6.8211449E-06  3.5136667E-10  2.0005895E-09  9.2048308E-07  2.3543589E-08  4.985E-30  0.3511  4.441630   -8.769  2.639103  8.368088  0.0000000E+00  3.0640285E-01  4.8674266E-01  1.8171201E-10  5.4635238E-14  2.0683561E-01  4.1859749E-15  1.8112415E-13  5.4195754E-06  9.5535064E-06  1.640E-18  0.000E+00  0.000E+00  1.000E+00  1.000E+00  4.00E+02  0.00E+00  0.00E+00  0.000000  0.536740  0.0000000E+00  0.0000000000E+00
286  3.659576865284273E+06   59.995516  6.077821  4.440704  7.5157740E-01  2.4837130E-01  1.2915513E-06  4.2979820E-09  1.0216520E-07  6.8211449E-06  3.5136667E-10  2.0005895E-09  9.2048308E-07  2.3543589E-08  4.978E-30  0.3468  4.440704   -8.773  2.641068  8.368775  0.0000000E+00  3.0169040E-01  4.8704481E-01  1.8257601E-10  1.5870471E-13  2.1124563E-01  1.3122995E-14  9.5897421E-12  5.7621138E-06  9.5331181E-06  1.378E-18  0.000E+00  0.000E+00  1.000E+00  1.000E+00  3.99E+02  0.00E+00  0.00E+00  0.000000  0.536858  0.0000000E+00  0.0000000000E+00
287  3.661384259124184E+06   59.995513  6.077938  4.439608  7.5157740E-01  2.4837130E-01  1.2915513E-06  4.2979820E-09  1.0216520E-07  6.8211449E-06  3.5136667E-10  2.0005895E-09  9.2048308E-07  2.3543589E-08  4.970E-30  0.3504  4.439608   -8.777  2.643092  8.369495  0.0000000E+00  2.9697795E-01  4.8673849E-01  1.8222856E-10  2.2918987E-14  2.1626394E-01  2.0364714E-14  2.8605068E-13  6.1846758E-06  9.5093772E-06  1.586E-18  0.000E+00  0.000E+00  1.000E+00  1.000E+00  3.98E+02  0.00E+00  0.00E+00  0.000000  0.537003  0.0000000E+00  0.0000000000E+00
288  3.662886830989726E+06   59.995511  6.078034  4.438683  7.5157740E-01  2.4837130E-01  1.2915513E-06  4.2979820E-09  1.0216520E-07  6.8211449E-06  3.5136667E-10  2.0005895E-09  9.2048308E-07  2.3543589E-08  4.963E-30  0.3506  4.438683   -8.781  2.645160  8.370208  0.0000000E+00  2.9226550E-01  4.8694424E-01  1.8268329E-10  1.1944805E-14  2.2077026E-01  2.9662884E-15  1.3284659E-14  6.5704983E-06  9.4877722E-06  1.234E-18  0.000E+00  0.000E+00  1.000E+00  1.000E+00  3.97E+02  0.00E+00  0.00E+00  0.000000  0.537121  0.0000000E+00  0.0000000000E+00
289  3.664396108032783E+06   59.995508  6.078129  4.437756  7.5157740E-01  2.4837130E-01  1.2915513E-06  4.2979820E-09  1.0216520E-07  6.8211449E-06  3.5136667E-10  2.0005895E-09  9.2048308E-07  2.3543589E-08  4.956E-30  0.3508  4.437756   -8.785  2.647246  8.370929  0.0000000E+00  2.8755305E-01  4.8705781E-01  1.8300804E-10  9.1512719E-15  2.2536868E-01  2.0692321E-15  9.9541014E-15  6.9843851E-06  9.4653065E-06  9.544E-19  0.000E+00  0.000E+00  1.000E+00  1.000E+00  3.96E+02  0.00E+00  0.00E+00  0.000000  0.537239  0.0000000E+00  0.0000000000E+00
290  3.666065656248119E+06   59.995506  6.078237  4.436725  7.5157740E-01  2.4837130E-01  1.2915513E-06  4.2979821E-09  1.0216520E-07  6.8211449E-06  3.5136667E-10  2.0005895E-09  9.2048308E-07  2.3543589E-08  4.948E-30  0.3510  4.436725   -8.790  2.649333  8.371658  0.0000000E+00  2.8284060E-01  4.8682541E-01  1.8284498E-10  1.1364206E-14  2.3031311E-01  1.6135287E-14  2.1656008E-12  7.4606040E-06  9.4405863E-06  9.721E-19  0.000E+00  0.000E+00  1.000E+00  1.000E+00  3.95E+02  0.00E+00  0.00E+00  0.000000  0.537372  0.0000000E+00  0.0000000000E+00
291  3.667593850877958E+06   59.995503  6.078333  4.435767  7.5157740E-01  2.4837130E-01  1.2915513E-06  4.2979821E-09  1.0216520E-07  6.8211449E-06  3.5136667E-10  2.0005895E-09  9.2048308E-07  2.3543589E-08  4.941E-30  0.3512  4.435767   -8.794  2.651469  8.372395  0.0000000E+00  2.7812815E-01  4.8674952E-01  1.8271117E-10  1.9494675E-14  2.3510087E-01  2.1936131E-15  2.1142721E-13  7.9385649E-06  9.4162622E-06  7.417E-19  0.000E+00  0.000E+00  1.000E+00  1.000E+00  3.94E+02  0.00E+00  0.00E+00  0.000000  0.537492  0.0000000E+00  0.0000000000E+00
292  3.669151348900193E+06   59.995501  6.078430  4.434785  7.5157740E-01  2.4837130E-01  1.2915513E-06  4.2979821E-09  1.0216520E-07  6.8211449E-06  3.5136667E-10  2.0005895E-09  9.2048308E-07  2.3543589E-08  4.934E-30  0.3471  4.434785   -8.798  2.653623  8.373139  0.0000000E+00  2.7341570E-01  4.8657345E-01  1.8243622E-10  6.8888983E-15  2.3998891E-01  1.5839764E-15  1.2627023E-14  8.4526870E-06  9.3909265E-06  5.623E-19  0.000E+00  0.000E+00  1.000E+00  1.000E+00  3.93E+02  0.00E+00  0.00E+00  0.000000  0.537612  0.0000000E+00  0.0000000000E+00
293  3.671254912850333E+06   59.995497  6.078562  4.433406  7.5157740E-01  2.4837130E-01  1.2915513E-06  4.2979821E-09  1.0216520E-07  6.8211449E-06  3.5136667E-10  2.0005895E-09  9.2048308E-07  2.3543589E-08  4.924E-30  0.3508  4.433406   -8.804  2.655776  8.373915  0.0000000E+00  2.6870325E-01  4.8512427E-01  1.8069301E-10  3.0395254E-11  2.4614981E-01  5.1497610E-14  1.2532917E-10  9.1777931E-06  9.3575425E-06  1.307E-18  0.000E+00  0.000E+00  1.000E+00  1.000E+00  3.92E+02  0.00E+00  0.00E+00  0.000000  0.537775  0.0000000E+00  0.0000000000E+00
294  3.672815992536801E+06   59.995495  6.078676  4.432318  7.5157740E-01  2.4837130E-01  1.2915513E-06  4.2979821E-09  1.0216520E-07  6.8211449E-06  3.5136667E-10  2.0005895E-09  9.2048308E-07  2.3543589E-08  4.917E-30  0.3517  4.432318   -8.809  2.658051  8.374697  0.0000000E+00  2.6399080E-01  4.8475303E-01  1.7948269E-10  2.1157787E-14  2.5123293E-01  2.5371662E-15  6.7321829E-14  9.7767281E-06  9.3302212E-06  9.775E-19  0.000E+00  0.000E+00  1.000E+00  1.000E+00  3.91E+02  0.00E+00  0.00E+00  0.000000  0.537915  0.0000000E+00  0.0000000000E+00
295  3.674381476619200E+06   59.995492  6.078790  4.431243  7.5157740E-01  2.4837130E-01  1.2915513E-06  4.2979821E-09  1.0216520E-07  6.8211449E-06  3.5136667E-10  2.0005895E-09  9.2048308E-07  2.3543589E-08  4.909E-30  0.3517  4.431243   -8.814  2.660319  8.375476  0.0000000E+00  2.5927835E-01  4.8427562E-01  1.7862490E-10  6.6979046E-15  2.5642212E-01  1.1012017E-15  7.2534878E-15  1.0422047E-05  9.3015163E-06  7.257E-19  0.000E+00  0.000E+00  1.000E+00  1.000E+00  3.90E+02  0.00E+00  0.00E+00  0.000000  0.538057  0.0000000E+00  0.0000000000E+00
296  3.676050562898185E+06   59.995490  6.078909  4.430119  7.5157740E-01  2.4837130E-01  1.2915513E-06  4.2979822E-09  1.0216520E-07  6.8211449E-06  3.5136667E-10  2.0005895E-09  9.2048308E-07  2.3543589E-08  4.902E-30  0.3520  4.430119   -8.819  2.662594  8.376263  0.0000000E+00  2.5456590E-01  4.8353039E-01  1.7731727E-10  3.7623495E-14  2.6187904E-01  1.1258868E-14  4.9487313E-12  1.1145933E-05  9.2705601E-06  6.583E-19  0.000E+00  0.000E+00  1.000E+00  1.000E+00  3.89E+02  0.00E+00  0.00E+00  0.000000  0.538204  0.0000000E+00  0.0000000000E+00
297  3.677756404536568E+06   59.995487  6.079024  4.428985  7.5157740E-01  2.4837130E-01  1.2915513E-06  4.2979822E-09  1.0216520E-07  6.8211449E-06  3.5136667E-10  2.0005895E-09  9.2048308E-07  2.3543589E-08  4.894E-30  0.3521  4.428985   -8.824  2.664931  8.377071  0.0000000E+00  2.4985345E-01  4.8258778E-01  1.7552852E-10  1.0031868E-14  2.6753336E-01  5.0085851E-15  9.0673437E-14  1.1942307E-05  9.2377194E-06  6.504E-19  0.000E+00  0.000E+00  1.000E+00  1.000E+00  3.88E+02  0.00E+00  0.00E+00  0.000000  0.538348  0.0000000E+00  0.0000000000E+00
298  3.679358014019958E+06   59.995485  6.079129  4.427923  7.5157740E-01  2.4837130E-01  1.2915513E-06  4.2979822E-09  1.0216520E-07  6.8211449E-06  3.5136667E-10  2.0005895E-09  9.2048308E-07  2.3543589E-08  4.887E-30  0.3545  4.427923   -8.828  2.667279  8.377875  0.0000000E+00  2.4514100E-01  4.8177836E-01  1.7397615E-10  1.5149553E-14  2.7305435E-01  8.1599670E-16  5.0848818E-14  1.2755232E-05  9.2050440E-06  4.726E-19  0.000E+00  0.000E+00  1.000E+00  1.000E+00  3.87E+02  0.00E+00  0.00E+00  0.000000  0.538478  0.0000000E+00  0.0000000000E+00
299  3.681479046485337E+06   59.995482  6.079268  4.426525  7.5157740E-01  2.4837130E-01  1.2915513E-06  4.2979822E-09  1.0216520E-07  6.8211449E-06  3.5136667E-10  2.0005895E-09  9.2048308E-07  2.3543589E-08  4.877E-30  0.3534  4.426525   -8.835  2.669525  8.378679  0.0000000E+00  2.4042855E-01  4.7965972E-01  1.7137044E-10  1.0444088E-11  2.7988431E-01  1.3082696E-13  3.0371101E-10  1.3882587E-05  9.1623372E-06  1.110E-18  0.000E+00  0.000E+00  1.000E+00  1.000E+00  3.86E+02  0.00E+00  0.00E+00  0.000000  0.538650  0.0000000E+00  0.0000000000E+00
300  3.683247691903119E+06   59.995479  6.079382  4.425347  7.5157740E-01  2.4837130E-01  1.2915513E-06  4.2979822E-09  1.0216520E-07  6.8211449E-06  3.5136667E-10  2.0005895E-09  9.2048308E-07  2.3543589E-08  4.869E-30  0.3531  4.425347   -8.840  2.672101  8.379568  0.0000000E+00  2.3571610E-01  4.7829155E-01  1.6797372E-10  8.9316213E-13  2.8596391E-01  2.3575951E-14  1.8224400E-11  1.4912012E-05  9.1246495E-06  1.006E-18  0.000E+00  0.000E+00  1.000E+00  1.000E+00  3.85E+02  0.00E+00  0.00E+00  0.000000  0.538791  0.0000000E+00  0.0000000000E+00
301  3.684881096750494E+06   59.995477  6.079484  4.424245  7.5157740E-01  2.4837130E-01  1.2915513E-06  4.2979822E-09  1.0216520E-07  6.8211449E-06  3.5136667E-10  2.0005895E-09  9.2048308E-07  2.3543589E-08  4.861E-30  0.3528  4.424245   -8.845  2.674618  8.380426  0.0000000E+00  2.3100365E-01  4.7713397E-01  1.6562488E-10  7.2438166E-15  2.9183286E-01  7.9687292E-16  7.8185190E-15  1.5950207E-05  9.0872632E-06  7.166E-19  0.000E+00  0.000E+00  1.000E+00  1.000E+00  3.84E+02  0.00E+00  0.00E+00  0.000000  0.538918  0.0000000E+00  0.0000000000E+00
302  3.686523580672448E+06   59.995474  6.079590  4.423127  7.5157740E-01  2.4837130E-01  1.2915513E-06  4.2979822E-09  1.0216520E-07  6.8211449E-06  3.5136667E-10  2.0005895E-09  9.2048308E-07  2.3543589E-08  4.854E-30  0.3530  4.423127   -8.850  2.677147  8.381288  0.0000000E+00  2.2629120E-01  4.7584986E-01  1.6315343E-10  4.9236321E-15  2.9782833E-01  4.2581982E-16  5.1335620E-15  1.7076002E-05  9.0480824E-06  5.069E-19  0.000E+00  0.000E+00  1.000E+00  1.000E+00  3.83E+02  0.00E+00  0.00E+00  0.000000  0.539049  0.0000000E+00  0.0000000000E+00
303  3.688204023824472E+06   59.995472  6.079699  4.421976  7.5157740E-01  2.4837130E-01  1.2915513E-06  4.2979823E-09  1.0216520E-07  6.8211449E-06  3.5136667E-10  2.0005895E-09  9.2048308E-07  2.3543589E-08  4.846E-30  0.3532  4.421976   -8.856  2.679706  8.382163  0.0000000E+00  2.2157875E-01  4.7443369E-01  1.6042647E-10  4.7047165E-15  3.0395569E-01  3.6533919E-16  5.1189124E-15  1.8299384E-05  9.0070006E-06  3.567E-19  0.000E+00  0.000E+00  1.000E+00  1.000E+00  3.82E+02  0.00E+00  0.00E+00  0.000000  0.539185  0.0000000E+00  0.0000000000E+00
304  3.689889094086272E+06   59.995470  6.079809  4.420816  7.5157740E-01  2.4837130E-01  1.2915513E-06  4.2979823E-09  1.0216520E-07  6.8211449E-06  3.5136667E-10  2.0005895E-09  9.2048308E-07  2.3543589E-08  4.838E-30  0.3533  4.420816   -8.861  2.682306  8.383052  0.0000000E+00  2.1686630E-01  4.7288517E-01  1.5743048E-10  4.1146175E-14  3.1021531E-01  3.0621158E-16  2.0606422E-13  1.9627980E-05  8.9639326E-06  2.489E-19  0.000E+00  0.000E+00  1.000E+00  1.000E+00  3.81E+02  0.00E+00  0.00E+00  0.000000  0.539321  0.0000000E+00  0.0000000000E+00
305  3.691569476158915E+06   59.995468  6.079917  4.419650  7.5157740E-01  2.4837130E-01  1.2915513E-06  4.2979823E-09  1.0216520E-07  6.8211449E-06  3.5136667E-10  2.0005895E-09  9.2048308E-07  2.3543589E-08  4.831E-30  0.3535  4.419650   -8.867  2.684965  8.383957  0.0000000E+00  2.1215384E-01  4.7120109E-01  1.5466810E-10  3.8454846E-15  3.1661038E-01  2.5751864E-16  3.8945075E-15  2.1072442E-05  8.9187517E-06  1.722E-19  0.000E+00  0.000E+00  1.000E+00  1.000E+00  3.79E+02  0.00E+00  0.00E+00  0.000000  0.539456  0.0000000E+00  0.0000000000E+00
306  3.693277063252123E+06   59.995465  6.080028  4.418455  7.5157740E-01  2.4837130E-01  1.2915513E-06  4.2979823E-09  1.0216520E-07  6.8211449E-06  3.5136667E-10  2.0005895E-09  9.2048308E-07  2.3543589E-08  4.823E-30  0.3531  4.418455   -8.872  2.687655  8.384874  0.0000000E+00  2.0744139E-01  4.6937533E-01  1.5108100E-10  4.9000760E-15  3.2314701E-01  2.1518988E-16  1.6452029E-14  2.2646590E-05  8.8712923E-06  1.184E-19  0.000E+00  0.000E+00  1.000E+00  1.000E+00  3.78E+02  0.00E+00  0.00E+00  0.000000  0.539594  0.0000000E+00  0.0000000000E+00
307  3.695792254393423E+06   59.995462  6.080193  4.416638  7.5157740E-01  2.4837130E-01  1.2915513E-06  4.2979823E-09  1.0216520E-07  6.8211449E-06  3.5136667E-10  2.0005895E-09  9.2048308E-07  2.3543589E-08  4.811E-30  0.3533  4.416638   -8.881  2.690286  8.385811  0.0000000E+00  2.0272894E-01  4.6523420E-01  1.4394644E-10  8.6501438E-12  3.3199812E-01  1.3311123E-13  2.2632520E-10  2.5108438E-05  8.8022952E-06  1.110E-18  0.000E+00  0.000E+00  1.000E+00  1.000E+00  3.77E+02  0.00E+00  0.00E+00  0.000000  0.539799  0.0000000E+00  0.0000000000E+00
308  3.697525315995472E+06   59.995460  6.080301  4.415338  7.5157740E-01  2.4837130E-01  1.2915513E-06  4.2979823E-09  1.0216520E-07  6.8211449E-06  3.5136667E-10  2.0005895E-09  9.2048308E-07  2.3543589E-08  4.804E-30  0.3530  4.415338   -8.887  2.693288  8.386830  0.0000000E+00  1.9801649E-01  4.6313763E-01  1.3995230E-10  9.6921669E-15  3.3880522E-01  1.1158955E-15  6.5547464E-14  2.7001807E-05  8.7501037E-06  7.564E-19  0.000E+00  0.000E+00  1.000E+00  1.000E+00  3.76E+02  0.00E+00  0.00E+00  0.000000  0.539933  0.0000000E+00  0.0000000000E+00
309  3.699886459732901E+06   59.995457  6.080481  4.413430  7.5157740E-01  2.4837130E-01  1.2915513E-06  4.2979824E-09  1.0216520E-07  6.8211449E-06  3.5136667E-10  2.0005895E-09  9.2048308E-07  2.3543589E-08  4.793E-30  0.3539  4.413430   -8.896  2.696748  8.387848  0.0000000E+00  1.9330404E-01  4.5915165E-01  1.3392332E-10  9.6648577E-14  3.4750084E-01  5.1140534E-14  1.8836504E-11  2.9761307E-05  8.6787097E-06  1.183E-18  0.000E+00  0.000E+00  1.000E+00  1.000E+00  3.74E+02  0.00E+00  0.00E+00  0.000000  0.540157  0.0000000E+00  0.0000000000E+00
310  3.701634615502105E+06   59.995454  6.080637  4.411944  7.5157740E-01  2.4837130E-01  1.2915513E-06  4.2979824E-09  1.0216520E-07  6.8211449E-06  3.5136667E-10  2.0005895E-09  9.2048308E-07  2.3543589E-08  4.785E-30  0.3541  4.411944   -8.904  2.699747  8.388864  0.0000000E+00  1.8859159E-01  4.5676952E-01  1.2947209E-10  4.2623516E-15  3.5459311E-01  3.5963141E-16  4.5010984E-15  3.2049522E-05  8.6204496E-06  7.985E-19  0.000E+00  0.000E+00  1.000E+00  1.000E+00  3.73E+02  0.00E+00  0.00E+00  0.000000  0.540351  0.0000000E+00  0.0000000000E+00
311  3.703396014031884E+06   59.995452  6.080774  4.410517  7.5157740E-01  2.4837130E-01  1.2915513E-06  4.2979824E-09  1.0216520E-07  6.8211449E-06  3.5136667E-10  2.0005895E-09  9.2048308E-07  2.3543589E-08  4.777E-30  0.3543  4.410517   -8.911  2.702732  8.389875  0.0000000E+00  1.8387914E-01  4.5422659E-01  1.2525828E-10  3.2446331E-15  3.6184601E-01  1.2154193E-16  3.3530397E-15  3.4558920E-05  8.5589894E-06  5.356E-19  0.000E+00  0.000E+00  1.000E+00  1.000E+00  3.71E+02  0.00E+00  0.00E+00  0.000000  0.540521  0.0000000E+00  0.0000000000E+00
312  3.705172513478536E+06   59.995450  6.080901  4.409112  7.5157740E-01  2.4837130E-01  1.2915513E-06  4.2979824E-09  1.0216520E-07  6.8211449E-06  3.5136667E-10  2.0005895E-09  9.2048308E-07  2.3543589E-08  4.769E-30  0.3545  4.409112   -8.918  2.705780  8.390905  0.0000000E+00  1.7916669E-01  4.5151843E-01  1.2087476E-10  2.5788481E-15  3.6926381E-01  9.5374391E-17  2.6593103E-15  3.7314508E-05  8.4941348E-06  3.571E-19  0.000E+00  0.000E+00  1.000E+00  1.000E+00  3.70E+02  0.00E+00  0.00E+00  0.000000  0.540679  0.0000000E+00  0.0000000000E+00
313  3.707125580508359E+06   59.995448  6.081033  4.407576  7.5157740E-01  2.4837130E-01  1.2915513E-06  4.2979824E-09  1.0216520E-07  6.8211449E-06  3.5136667E-10  2.0005895E-09  9.2048308E-07  2.3543589E-08  4.760E-30  0.3534  4.407576   -8.925  2.708778  8.391928  0.0000000E+00  1.7445424E-01  4.4832142E-01  1.1655461E-10  9.2279745E-11  3.7717003E-01  3.9802272E-14  3.6823712E-10  4.0526796E-05  8.4215321E-06  3.739E-19  0.000E+00  0.000E+00  1.000E+00  1.000E+00  3.69E+02  0.00E+00  0.00E+00  0.000000  0.540844  0.0000000E+00  0.0000000000E+00
314  3.709014943356181E+06   59.995445  6.081161  4.406094  7.5157740E-01  2.4837130E-01  1.2915513E-06  4.2979824E-09  1.0216520E-07  6.8211449E-06  3.5136667E-10  2.0005895E-09  9.2048308E-07  2.3543589E-08  4.752E-30  0.3540  4.406094   -8.933  2.712070  8.393044  0.0000000E+00  1.6974179E-01  4.4507716E-01  1.1111213E-10  3.0095504E-15  3.8512325E-01  4.6221581E-16  1.3319478E-14  4.3979437E-05  8.3476050E-06  3.082E-19  0.000E+00  0.000E+00  1.000E+00  1.000E+00  3.68E+02  0.00E+00  0.00E+00  0.000000  0.541004  0.0000000E+00  0.0000000000E+00
315  3.712034983528295E+06   59.995442  6.081366  4.403697  7.5157740E-01  2.4837130E-01  1.2915513E-06  4.2979824E-09  1.0216520E-07  6.8211449E-06  3.5136667E-10  2.0005895E-09  9.2048308E-07  2.3543589E-08  4.738E-30  0.3559  4.403697   -8.945  2.715350  8.394207  0.0000000E+00  1.6502934E-01  4.3819234E-01  1.0105179E-10  8.9300354E-12  3.9671454E-01  9.7522239E-14  1.2734030E-10  4.9967225E-05  8.2287215E-06  1.385E-18  0.000E+00  0.000E+00  1.000E+00  1.000E+00  3.65E+02  0.00E+00  0.00E+00  0.000000  0.541259  0.0000000E+00  0.0000000000E+00
316  3.713890438662209E+06   59.995440  6.081492  4.402192  7.5157740E-01  2.4837130E-01  1.2915513E-06  4.2979825E-09  1.0216520E-07  6.8211449E-06  3.5136667E-10  2.0005895E-09  9.2048308E-07  2.3543589E-08  4.730E-30  0.3541  4.402192   -8.952  2.718874  8.395393  0.0000000E+00  1.6031689E-01  4.3482079E-01  9.6669269E-11  2.5429301E-15  4.0479435E-01  2.5267776E-16  9.6738055E-15  5.4125706E-05  8.1475952E-06  9.153E-19  0.000E+00  0.000E+00  1.000E+00  1.000E+00  3.64E+02  0.00E+00  0.00E+00  0.000000  0.541415  0.0000000E+00  0.0000000000E+00
317  3.715766181684585E+06   59.995438  6.081616  4.400654  7.5157740E-01  2.4837130E-01  1.2915513E-06  4.2979825E-09  1.0216520E-07  6.8211449E-06  3.5136667E-10  2.0005895E-09  9.2048308E-07  2.3543589E-08  4.721E-30  0.3542  4.400654   -8.960  2.722298  8.396546  0.0000000E+00  1.5560444E-01  4.3125916E-01  9.2273008E-11  1.0767479E-14  4.1306378E-01  8.0313098E-17  1.3111286E-14  5.8734833E-05  8.0613684E-06  6.016E-19  0.000E+00  0.000E+00  1.000E+00  1.000E+00  3.63E+02  0.00E+00  0.00E+00  0.000000  0.541570  0.0000000E+00  0.0000000000E+00
318  3.717693333727356E+06   59.995436  6.081745  4.399050  7.5157740E-01  2.4837130E-01  1.2915513E-06  4.2979825E-09  1.0216520E-07  6.8211449E-06  3.5136667E-10  2.0005895E-09  9.2048308E-07  2.3543589E-08  4.713E-30  0.3543  4.399050   -8.969  2.725785  8.397722  0.0000000E+00  1.5089199E-01  4.2740562E-01  8.7621610E-11  6.1475802E-11  4.2162458E-01  7.5887449E-15  7.3662056E-11  6.3929294E-05  7.9684275E-06  4.307E-19  0.000E+00  0.000E+00  1.000E+00  1.000E+00  3.62E+02  0.00E+00  0.00E+00  0.000000  0.541732  0.0000000E+00  0.0000000000E+00
319  3.719676044850261E+06   59.995434  6.081883  4.397378  7.5157740E-01  2.4837130E-01  1.2915513E-06  4.2979825E-09  1.0216520E-07  6.8211449E-06  3.5136667E-10  2.0005895E-09  9.2048308E-07  2.3543589E-08  4.704E-30  0.3542  4.397378   -8.977  2.729412  8.398943  0.0000000E+00  1.4617954E-01  4.2322764E-01  8.2483881E-11  4.5808544E-13  4.3050907E-01  4.3089182E-15  3.4726327E-12  6.9815379E-05  7.8684695E-06  3.598E-19  0.000E+00  0.000E+00  1.000E+00  1.000E+00  3.60E+02  0.00E+00  0.00E+00  0.000000  0.541903  0.0000000E+00  0.0000000000E+00
320  3.721608815990566E+06   59.995432  6.082015  4.395710  7.5157740E-01  2.4837130E-01  1.2915513E-06  4.2979825E-09  1.0216520E-07  6.8211449E-06  3.5136667E-10  2.0005895E-09  9.2048308E-07  2.3543589E-08  4.695E-30  0.3546  4.395710   -8.986  2.733132  8.400191  0.0000000E+00  1.4146709E-01  4.1906193E-01  7.7770737E-11  5.6664461E-15  4.3938076E-01  3.7870753E-17  1.1663738E-14  7.6174170E-05  7.7651145E-06  2.339E-19  0.000E+00  0.000E+00  1.000E+00  1.000E+00  3.59E+02  0.00E+00  0.00E+00  0.000000  0.542068  0.0000000E+00  0.0000000000E+00
321  3.723589730786634E+06   59.995430  6.082150  4.393975  7.5157740E-01  2.4837130E-01  1.2915513E-06  4.2979825E-09  1.0216520E-07  6.8211449E-06  3.5136667E-10  2.0005895E-09  9.2048308E-07  2.3543589E-08  4.687E-30  0.3564  4.393975   -8.995  2.736979  8.401479  0.0000000E+00  1.3675464E-01  4.1459893E-01  7.2940637E-11  1.2559227E-12  4.4854904E-01  4.2515631E-15  1.8187345E-11  8.3368117E-05  7.6539403E-06  1.815E-19  0.000E+00  0.000E+00  1.000E+00  1.000E+00  3.57E+02  0.00E+00  0.00E+00  0.000000  0.542237  0.0000000E+00  0.0000000000E+00
322  3.725682558274594E+06   59.995427  6.082295  4.392119  7.5157740E-01  2.4837130E-01  1.2915513E-06  4.2979825E-09  1.0216520E-07  6.8211449E-06  3.5136667E-10  2.0005895E-09  9.2048308E-07  2.3543589E-08  4.677E-30  0.3545  4.392119   -9.005  2.740973  8.402819  0.0000000E+00  1.3204219E-01  4.0961292E-01  6.7792043E-11  2.8715116E-15  4.5823903E-01  1.8856947E-16  7.2509136E-15  9.1760933E-05  7.5312907E-06  2.238E-19  0.000E+00  0.000E+00  1.000E+00  1.000E+00  3.56E+02  0.00E+00  0.00E+00  0.000000  0.542418  0.0000000E+00  0.0000000000E+00
323  3.727862666670416E+06   59.995425  6.082444  4.390142  7.5157740E-01  2.4837130E-01  1.2915513E-06  4.2979825E-09  1.0216520E-07  6.8211449E-06  3.5136667E-10  2.0005895E-09  9.2048308E-07  2.3543589E-08  4.668E-30  0.3543  4.390142   -9.016  2.745122  8.404212  0.0000000E+00  1.2732974E-01  4.0416608E-01  6.2486367E-11  4.7031455E-13  4.6838847E-01  1.3481967E-14  2.1049289E-11  1.0150316E-04  7.3970603E-06  3.448E-19  0.000E+00  0.000E+00  1.000E+00  1.000E+00  3.54E+02  0.00E+00  0.00E+00  0.000000  0.542604  0.0000000E+00  0.0000000000E+00
324  3.729985326149175E+06   59.995423  6.082603  4.388102  7.5157740E-01  2.4837130E-01  1.2915513E-06  4.2979825E-09  1.0216520E-07  6.8211449E-06  3.5136667E-10  2.0005895E-09  9.2048308E-07  2.3543589E-08  4.658E-30  0.3540  4.388102   -9.027  2.749407  8.405613  0.0000000E+00  1.2261729E-01  3.9877442E-01  5.8107720E-11  2.3176713E-10  4.7848194E-01  3.4908627E-14  4.0853204E-10  1.1208011E-04  7.2584391E-06  3.353E-19  0.000E+00  0.000E+00  1.000E+00  1.000E+00  3.52E+02  0.00E+00  0.00E+00  0.000000  0.542802  0.0000000E+00  0.0000000000E+00
325  3.732034831455867E+06   59.995421  6.082742  4.386086  7.5157740E-01  2.4837130E-01  1.2915513E-06  4.2979826E-09  1.0216520E-07  6.8211449E-06  3.5136667E-10  2.0005895E-09  9.2048308E-07  2.3543589E-08  4.649E-30  0.3541  4.386086   -9.038  2.753987  8.407133  0.0000000E+00  1.1790484E-01  3.9346629E-01  5.3152203E-11  2.5061959E-15  4.8849101E-01  3.1739553E-17  7.9414418E-15  1.2355685E-04  7.1181675E-06  2.183E-19  0.000E+00  0.000E+00  1.000E+00  1.000E+00  3.51E+02  0.00E+00  0.00E+00  0.000000  0.542977  0.0000000E+00  0.0000000000E+00
326  3.734109310744240E+06   59.995420  6.082890  4.383999  7.5157740E-01  2.4837130E-01  1.2915513E-06  4.2979826E-09  1.0216520E-07  6.8211449E-06  3.5136667E-10  2.0005895E-09  9.2048308E-07  2.3543589E-08  4.640E-30  0.3584  4.383999   -9.049  2.758664  8.408686  0.0000000E+00  1.1319239E-01  3.8790040E-01  4.8781768E-11  1.8440563E-14  4.9875618E-01  1.1424406E-17  1.3944295E-14  1.3658414E-04  6.9678119E-06  1.424E-19  0.000E+00  0.000E+00  1.000E+00  1.000E+00  3.49E+02  0.00E+00  0.00E+00  0.000000  0.543162  0.0000000E+00  0.0000000000E+00
327  3.736203980752448E+06   59.995418  6.083050  4.381841  7.5157740E-01  2.4837130E-01  1.2915513E-06  4.2979826E-09  1.0216520E-07  6.8211449E-06  3.5136667E-10  2.0005895E-09  9.2048308E-07  2.3543589E-08  4.631E-30  0.3556  4.381841   -9.061  2.763562  8.410310  0.0000000E+00  1.0847994E-01  3.8206594E-01  4.3770327E-11  5.3880980E-17  5.0928817E-01  6.6383402E-18  7.3636506E-16  1.5142760E-04  6.8076514E-06  9.325E-20  0.000E+00  0.000E+00  1.000E+00  1.000E+00  3.47E+02  0.00E+00  0.00E+00  0.000000  0.543361  0.0000000E+00  0.0000000000E+00
328  3.738332272136041E+06   59.995416  6.083216  4.379610  7.5157740E-01  2.4837130E-01  1.2915513E-06  4.2979826E-09  1.0216520E-07  6.8211449E-06  3.5136667E-10  2.0005895E-09  9.2048308E-07  2.3543589E-08  4.621E-30  0.3544  4.379610   -9.074  2.768652  8.412000  0.0000000E+00  1.0376749E-01  3.7595045E-01  3.9595313E-11  3.8038384E-16  5.2009903E-01  3.7311283E-18  1.5411174E-15  1.6841676E-04  6.6370112E-06  6.155E-20  0.000E+00  0.000E+00  1.000E+00  1.000E+00  3.45E+02  0.00E+00  0.00E+00  0.000000  0.543569  0.0000000E+00  0.0000000000E+00
329  3.740483383445635E+06   59.995414  6.083381  4.377276  7.5157740E-01  2.4837130E-01  1.2915513E-06  4.2979826E-09  1.0216520E-07  6.8211449E-06  3.5136667E-10  2.0005895E-09  9.2048308E-07  2.3543589E-08  4.612E-30  0.3526  4.377276   -9.087  2.773979  8.413766  0.0000000E+00  9.9055040E-02  3.6954656E-01  3.5690452E-11  1.1962905E-15  5.3119574E-01  2.0161429E-18  1.6727571E-15  1.8793127E-04  6.4552390E-06  4.088E-20  0.000E+00  0.000E+00  1.000E+00  1.000E+00  3.44E+02  0.00E+00  0.00E+00  0.000000  0.543776  0.0000000E+00  0.0000000000E+00
330  3.742668026951242E+06   59.995412  6.083530  4.374655  7.5157740E-01  2.4837130E-01  1.2915513E-06  4.2979826E-09  1.0216520E-07  6.8211449E-06  3.5136667E-10  2.0005895E-09  9.2048308E-07  2.3543589E-08  4.602E-30  0.3556  4.374655   -9.102  2.779639  8.415632  0.0000000E+00  9.4342590E-02  3.6284260E-01  3.1940722E-11  5.0972216E-17  5.4258946E-01  1.0430835E-18  4.1978744E-16  2.1046781E-04  6.2615929E-06  2.736E-20  0.000E+00  0.000E+00  1.000E+00  1.000E+00  3.41E+02  0.00E+00  0.00E+00  0.000000  0.543963  0.0000000E+00  0.0000000000E+00
331  3.744892289148515E+06   59.995411  6.083776  4.371560  7.5157740E-01  2.4837130E-01  1.2915513E-06  4.2979826E-09  1.0216520E-07  6.8211449E-06  3.5136667E-10  2.0005895E-09  9.2048308E-07  2.3543589E-08  4.593E-30  0.3549  4.371560   -9.120  2.785516  8.417576  0.0000000E+00  8.9630140E-02  3.5582626E-01  2.8373094E-11  1.0266040E-15  5.5429190E-01  5.1641314E-19  1.4821789E-15  2.3665356E-04  6.0552797E-06  1.851E-20  0.000E+00  0.000E+00  1.000E+00  1.000E+00  3.39E+02  0.00E+00  0.00E+00  0.000000  0.544271  0.0000000E+00  0.0000000000E+00
332  3.747134672535939E+06   59.995409  6.084021  4.368573  7.5157740E-01  2.4837130E-01  1.2915513E-06  4.2979826E-09  1.0216520E-07  6.8211449E-06  3.5136667E-10  2.0005895E-09  9.2048308E-07  2.3543589E-08  4.583E-30  0.3539  4.368573   -9.137  2.791734  8.419629  0.0000000E+00  8.4917690E-02  3.4849000E-01  2.4989404E-11  6.1653787E-16  5.6630984E-01  2.4074974E-19  9.7001444E-16  2.6721111E-04  5.8355710E-06  1.264E-20  0.000E+00  0.000E+00  1.000E+00  1.000E+00  3.37E+02  0.00E+00  0.00E+00  0.000000  0.544579  0.0000000E+00  0.0000000000E+00
333  3.749421331172307E+06   59.995407  6.084234  4.365648  7.5157740E-01  2.4837130E-01  1.2915513E-06  4.2979826E-09  1.0216520E-07  6.8211449E-06  3.5136667E-10  2.0005895E-09  9.2048308E-07  2.3543589E-08  4.573E-30  0.3546  4.365648   -9.155  2.798294  8.421791  0.0000000E+00  8.0205239E-02  3.4081874E-01  2.1814837E-11  4.7498082E-16  5.7865736E-01  1.0625095E-19  7.6359021E-16  3.0316155E-04  5.6015446E-06  8.747E-21  0.000E+00  0.000E+00  1.000E+00  1.000E+00  3.34E+02  0.00E+00  0.00E+00  0.000000  0.544845  0.0000000E+00  0.0000000000E+00
334  3.751733805186094E+06   59.995406  6.084431  4.362689  7.5157740E-01  2.4837130E-01  1.2915513E-06  4.2979827E-09  1.0216520E-07  6.8211449E-06  3.5136667E-10  2.0005895E-09  9.2048308E-07  2.3543589E-08  4.563E-30  0.3553  4.362689   -9.172  2.805277  8.424084  0.0000000E+00  7.5492789E-02  3.3280307E-01  1.8848172E-11  3.3224441E-17  5.9134261E-01  4.3766073E-20  4.4655992E-16  3.4572697E-04  5.3524423E-06  6.139E-21  0.000E+00  0.000E+00  1.000E+00  1.000E+00  3.32E+02  0.00E+00  0.00E+00  0.000000  0.545093  0.0000000E+00  0.0000000000E+00
335  3.754074023377567E+06   59.995404  6.084628  4.359636  7.5157740E-01  2.4837130E-01  1.2915513E-06  4.2979827E-09  1.0216520E-07  6.8211449E-06  3.5136667E-10  2.0005895E-09  9.2048308E-07  2.3543589E-08  4.553E-30  0.3550  4.359636   -9.191  2.812608  8.426478  0.0000000E+00  7.0780339E-02  3.2443146E-01  1.6081040E-11  1.1701102E-17  6.0437554E-01  1.6644570E-20  2.8520366E-16  3.9650154E-04  5.0875564E-06  4.376E-21  0.000E+00  0.000E+00  1.000E+00  1.000E+00  3.30E+02  0.00E+00  0.00E+00  0.000000  0.545340  0.0000000E+00  0.0000000000E+00
336  3.756458046094397E+06   59.995403  6.084814  4.356354  7.5157740E-01  2.4837130E-01  1.2915513E-06  4.2979827E-09  1.0216520E-07  6.8211449E-06  3.5136667E-10  2.0005895E-09  9.2048308E-07  2.3543589E-08  4.542E-30  0.3541  4.356354   -9.211  2.820574  8.429084  0.0000000E+00  6.6067889E-02  3.1569164E-01  1.3563331E-11  9.2492052E-18  6.1776618E-01  5.8353996E-21  2.7091598E-16  4.5767599E-04  4.8060232E-06  3.176E-21  0.000E+00  0.000E+00  1.000E+00  1.000E+00  3.27E+02  0.00E+00  0.00E+00  0.000000  0.545574  0.0000000E+00  0.0000000000E+00
337  3.758862037537399E+06   59.995401  6.085010  4.352838  7.5157740E-01  2.4837130E-01  1.2915513E-06  4.2979827E-09  1.0216520E-07  6.8211449E-06  3.5136667E-10  2.0005895E-09  9.2048308E-07  2.3543589E-08  4.532E-30  0.3545  4.352838   -9.233  2.829002  8.431845  0.0000000E+00  6.1355439E-02  3.0657409E-01  1.1262885E-11  3.8690488E-18  6.3152112E-01  1.8481049E-21  2.5227180E-16  5.3213249E-04  4.5071493E-06  2.351E-21  0.000E+00  0.000E+00  1.000E+00  1.000E+00  3.24E+02  0.00E+00  0.00E+00  0.000000  0.545820  0.0000000E+00  0.0000000000E+00
338  3.761322522770471E+06   59.995400  6.085227  4.349026  7.5157740E-01  2.4837130E-01  1.2915513E-06  4.2979827E-09  1.0216520E-07  6.8211449E-06  3.5136667E-10  2.0005895E-09  9.2048308E-07  2.3543589E-08  4.521E-30  0.3541  4.349026   -9.257  2.838019  8.434799  0.0000000E+00  5.6642988E-02  2.9706546E-01  9.1893454E-12  2.6138702E-17  6.4564964E-01  5.3885619E-22  2.5092645E-16  6.2389743E-04  4.1903739E-06  1.778E-21  0.000E+00  0.000E+00  1.000E+00  1.000E+00  3.22E+02  0.00E+00  0.00E+00  0.000000  0.546093  0.0000000E+00  0.0000000000E+00
339  3.763830946818952E+06   59.995399  6.085467  4.344802  7.5157740E-01  2.4837130E-01  1.2915513E-06  4.2979827E-09  1.0216520E-07  6.8211449E-06  3.5136667E-10  2.0005895E-09  9.2048308E-07  2.3543589E-08  4.511E-30  0.3526  4.344802   -9.284  2.847718  8.437973  0.0000000E+00  5.1930538E-02  2.8715910E-01  7.3482470E-12  2.2883499E-17  6.6015296E-01  1.4379462E-22  2.3621456E-16  7.3832855E-04  3.8556092E-06  1.377E-21  0.000E+00  0.000E+00  1.000E+00  1.000E+00  3.18E+02  0.00E+00  0.00E+00  0.000000  0.546395  0.0000000E+00  0.0000000000E+00
340  3.766369811314993E+06   59.995397  6.085738  4.340251  7.5157740E-01  2.4837130E-01  1.2915513E-06  4.2979827E-09  1.0216520E-07  6.8211449E-06  3.5136667E-10  2.0005895E-09  9.2048308E-07  2.3543589E-08  4.500E-30  0.3532  4.340251   -9.313  2.858194  8.441399  0.0000000E+00  4.7218088E-02  2.7685215E-01  5.7390139E-12  9.3062428E-18  6.7502635E-01  3.1950481E-23  2.0702183E-16  8.8287225E-04  3.5033339E-06  1.092E-21  0.000E+00  0.000E+00  1.000E+00  1.000E+00  3.15E+02  0.00E+00  0.00E+00  0.000000  0.546735  0.0000000E+00  0.0000000000E+00
341  3.768954374285928E+06   59.995396  6.085998  4.335393  7.5157740E-01  2.4837130E-01  1.2915513E-06  4.2979827E-09  1.0216520E-07  6.8211449E-06  3.5136667E-10  2.0005895E-09  9.2048308E-07  2.3543589E-08  4.489E-30  0.3522  4.335393   -9.345  2.869595  8.445123  0.0000000E+00  4.2505638E-02  2.6613807E-01  4.3568813E-12  1.1540951E-17  6.9026478E-01  6.6145116E-24  1.8366914E-16  1.0688560E-03  3.1343300E-06  8.892E-22  0.000E+00  0.000E+00  1.000E+00  1.000E+00  3.11E+02  0.00E+00  0.00E+00  0.000000  0.547063  0.0000000E+00  0.0000000000E+00
342  3.771584049774590E+06   59.995395  6.086262  4.330071  7.5157740E-01  2.4837130E-01  1.2915513E-06  4.2979827E-09  1.0216520E-07  6.8211449E-06  3.5136667E-10  2.0005895E-09  9.2048308E-07  2.3543589E-08  4.477E-30  0.3516  4.330071   -9.381  2.882070  8.449195  0.0000000E+00  3.7793188E-02  2.5502097E-01  3.1962666E-12  5.7766799E-18  7.0584746E-01  1.3725531E-24  1.4897174E-16  1.3125913E-03  2.7506834E-06  7.442E-22  0.000E+00  0.000E+00  1.000E+00  1.000E+00  3.08E+02  0.00E+00  0.00E+00  0.000000  0.547396  0.0000000E+00  0.0000000000E+00
343  3.774240325476543E+06   59.995394  6.086546  4.324502  7.5157740E-01  2.4837130E-01  1.2915513E-06  4.2979827E-09  1.0216520E-07  6.8211449E-06  3.5136667E-10  2.0005895E-09  9.2048308E-07  2.3543589E-08  4.466E-30  0.3522  4.324502   -9.419  2.895873  8.453689  0.0000000E+00  3.3080737E-02  2.4351193E-01  2.2484207E-12  1.3163942E-19  7.2173747E-01  1.9569493E-25  1.1361317E-16  1.6392222E-03  2.3558036E-06  6.406E-22  0.000E+00  0.000E+00  1.000E+00  1.000E+00  3.04E+02  0.00E+00  0.00E+00  0.000000  0.547754  0.0000000E+00  0.0000000000E+00
344  3.776938986313374E+06   59.995393  6.086833  4.318117  7.5157740E-01  2.4837130E-01  1.2915513E-06  4.2979827E-09  1.0216520E-07  6.8211449E-06  3.5136667E-10  2.0005895E-09  9.2048308E-07  2.3543589E-08  4.454E-30  0.3505  4.318117   -9.463  2.911244  8.458694  0.0000000E+00  2.8368287E-02  2.3163539E-01  1.5012004E-12  1.8613983E-20  7.3786911E-01  4.3294982E-26  8.7538903E-17  2.0887239E-03  1.9551840E-06  5.672E-22  0.000E+00  0.000E+00  1.000E+00  1.000E+00  2.99E+02  0.00E+00  0.00E+00  0.000000  0.548115  0.0000000E+00  0.0000000000E+00
345  3.779674666342543E+06   59.995392  6.087176  4.310917  7.5157740E-01  2.4837130E-01  1.2915513E-06  4.2979827E-09  1.0216520E-07  6.8211449E-06  3.5136667E-10  2.0005895E-09  9.2048308E-07  2.3543589E-08  4.443E-30  0.3506  4.310917   -9.515  2.928636  8.464353  0.0000000E+00  2.3655837E-02  2.1943960E-01  9.3855582E-13  1.0349622E-20  7.5412577E-01  1.4626420E-26  6.3163749E-17  2.7268728E-03  1.5571349E-06  5.165E-22  0.000E+00  0.000E+00  1.000E+00  1.000E+00  2.94E+02  0.00E+00  0.00E+00  0.000000  0.548549  0.0000000E+00  0.0000000000E+00
346  3.782454385256723E+06   59.995391  6.087473  4.302537  7.5157740E-01  2.4837130E-01  1.2915513E-06  4.2979827E-09  1.0216520E-07  6.8211449E-06  3.5136667E-10  2.0005895E-09  9.2048308E-07  2.3543589E-08  4.431E-30  0.3496  4.302537   -9.576  2.948706  8.470875  0.0000000E+00  1.8943387E-02  2.0701525E-01  5.4909761E-13  2.6916586E-21  7.7029705E-01  5.6380059E-27  4.2726401E-17  3.6679810E-03  1.1732787E-06  4.825E-22  0.000E+00  0.000E+00  1.000E+00  1.000E+00  2.89E+02  0.00E+00  0.00E+00  0.000000  0.548924  0.0000000E+00  0.0000000000E+00
347  3.785258600044223E+06   59.995390  6.087999  4.291641  7.5157740E-01  2.4837130E-01  1.2915513E-06  4.2979827E-09  1.0216520E-07  6.8211449E-06  3.5136667E-10  2.0005895E-09  9.2048308E-07  2.3543589E-08  4.419E-30  0.3451  4.291641   -9.657  2.972449  8.478595  0.0000000E+00  1.4230937E-02  1.9453352E-01  2.8349656E-13  1.3739806E-21  7.8598917E-01  2.2060325E-27  2.5432487E-17  5.1222309E-03  8.1888574E-07  4.610E-22  0.000E+00  0.000E+00  1.000E+00  1.000E+00  2.81E+02  0.00E+00  0.00E+00  0.000000  0.549589  0.0000000E+00  0.0000000000E+00
348  3.788084606294156E+06   59.995390  6.088414  4.280316  7.5157740E-01  2.4837130E-01  1.2915513E-06  4.2979827E-09  1.0216520E-07  6.8211449E-06  3.5136667E-10  2.0005895E-09  9.2048308E-07  2.3543589E-08  4.407E-30  0.3460  4.280316   -9.745  3.002817  8.488456  0.0000000E+00  9.5184863E-03  1.8230405E-01  1.2873800E-13  8.1989086E-22  8.0048372E-01  8.2775868E-28  1.3192810E-17  7.4682060E-03  5.1500000E-07  4.485E-22  0.000E+00  0.000E+00  1.000E+00  1.000E+00  2.74E+02  0.00E+00  0.00E+00  0.000000  0.550115  0.0000000E+00  0.0000000000E+00
349  3.790965499332101E+06   59.995389  6.088683  4.266319  7.5157740E-01  2.4837130E-01  1.2915513E-06  4.2979827E-09  1.0216520E-07  6.8211449E-06  3.5136667E-10  2.0005895E-09  9.2048308E-07  2.3543589E-08  4.395E-30  0.3427  4.266319   -9.858  3.048430  8.503247  0.0000000E+00  4.8060361E-03  1.7088651E-01  5.2642911E-14  5.2125266E-22  8.1247935E-01  2.7741193E-28  6.1309578E-18  1.1373679E-02  2.8260627E-07  4.421E-22  0.000E+00  0.000E+00  1.000E+00  1.000E+00  2.65E+02  0.00E+00  0.00E+00  0.000000  0.550455  0.0000000E+00  0.0000000000E+00
350  3.794579165843875E+06   59.995355  6.088564  4.232397  7.5157740E-01  2.4837130E-01  1.2915513E-06  4.2979830E-09  1.0216520E-07  6.8211449E-06  3.5136667E-10  2.0005895E-09  9.2048308E-07  2.3543589E-08  4.382E-30  0.3114  4.232397   -7.930  3.219642  8.558161  0.0000000E+00  9.3585930E-05  1.6200244E-01  3.3210058E-14  5.3932858E-22  8.1775437E-01  8.7411254E-29  5.0436218E-18  1.9091083E-02  1.3084379E-07  4.386E-22  0.000E+00  0.000E+00  1.000E+00  1.000E+00  2.45E+02  0.00E+00  0.00E+00  0.000000  0.550305  0.0000000E+00  0.0000000000E+00
351  3.794592787942956E+06   59.995355  6.088555  4.232191  7.5157740E-01  2.4837130E-01  1.2915513E-06  4.2979830E-09  1.0216520E-07  6.8211449E-06  3.5136667E-10  2.0005895E-09  9.2048308E-07  2.3543589E-08  4.382E-30  0.3100  4.232191   -7.930  3.221224  8.558675  0.0000000E+00  8.8906634E-05  1.6199757E-01  3.3393023E-14  5.5221175E-22  8.1774933E-01  8.7337831E-29  5.0553778E-18  1.9104613E-02  1.3073825E-07  4.386E-22  0.000E+00  0.000E+00  1.000E+00  1.000E+00  2.45E+02  0.00E+00  0.00E+00  0.000000  0.550294  0.0000000E+00  0.0000000000E+00
352  3.794621084605143E+06   59.995354  6.088540  4.231769  7.5157740E-01  2.4837130E-01  1.2915513E-06  4.2979830E-09  1.0216520E-07  6.8211449E-06  3.5136667E-10  2.0005895E-09  9.2048308E-07  2.3543589E-08  4.382E-30  0.3079  4.231769   -7.931  3.224867  8.559867  0.0000000E+00  7.9548041E-05  1.6198792E-01  3.3853554E-14  5.7548374E-22  8.1773902E-01  8.7205954E-29  5.0915850E-18  1.9131823E-02  1.3052772E-07  4.385E-22  0.000E+00  0.000E+00  1.000E+00  1.000E+00  2.45E+02  0.00E+00  0.00E+00  0.000000  0.550274  0.0000000E+00  0.0000000000E+00
353  3.794656721853597E+06   59.995354  6.088516  4.231221  7.5157740E-01  2.4837130E-01  1.2915513E-06  4.2979830E-09  1.0216520E-07  6.8211449E-06  3.5136667E-10  2.0005895E-09  9.2048308E-07  2.3543589E-08  4.381E-30  0.3071  4.231221   -7.931  3.229165  8.561264  0.0000000E+00  7.0189448E-05  1.6197805E-01  3.2466728E-14  6.6329256E-22  8.1772932E-01  8.6950788E-29  5.0384052E-18  1.9158648E-02  1.3031878E-07  4.385E-22  0.000E+00  0.000E+00  1.000E+00  1.000E+00  2.45E+02  0.00E+00  0.00E+00  0.000000  0.550245  0.0000000E+00  0.0000000000E+00
354  3.794675880221379E+06   59.995354  6.088504  4.230925  7.5157740E-01  2.4837130E-01  1.2915513E-06  4.2979830E-09  1.0216520E-07  6.8211449E-06  3.5136667E-10  2.0005895E-09  9.2048308E-07  2.3543589E-08  4.381E-30  0.3073  4.230925   -7.932  3.231702  8.562094  0.0000000E+00  6.5510152E-05  1.6197319E-01  3.2331733E-14  6.9978934E-22  8.1772429E-01  8.6842102E-29  5.0254278E-18  1.9172169E-02  1.3021474E-07  4.385E-22  0.000E+00  0.000E+00  1.000E+00  1.000E+00  2.44E+02  0.00E+00  0.00E+00  0.000000  0.550229  0.0000000E+00  0.0000000000E+00
355  3.794695900269032E+06   59.995354  6.088489  4.230610  7.5157740E-01  2.4837130E-01  1.2915513E-06  4.2979830E-09  1.0216520E-07  6.8211449E-06  3.5136667E-10  2.0005895E-09  9.2048308E-07  2.3543589E-08  4.381E-30  0.3067  4.230610   -7.932  3.234225  8.562916  0.0000000E+00  6.0830855E-05  1.6196836E-01  3.2378686E-14  7.3252117E-22  8.1771913E-01  8.6744685E-29  5.0219416E-18  1.9185766E-02  1.3011093E-07  4.385E-22  0.000E+00  0.000E+00  1.000E+00  1.000E+00  2.44E+02  0.00E+00  0.00E+00  0.000000  0.550211  0.0000000E+00  0.0000000000E+00
356  3.794738767862626E+06   59.995353  6.088458  4.229927  7.5157740E-01  2.4837130E-01  1.2915513E-06  4.2979830E-09  1.0216520E-07  6.8211449E-06  3.5136667E-10  2.0005895E-09  9.2048308E-07  2.3543589E-08  4.381E-30  0.3045  4.229927   -7.933  3.239796  8.564732  0.0000000E+00  5.1472262E-05  1.6195887E-01  3.2882107E-14  7.8926388E-22  8.1770843E-01  8.6584752E-29  5.0437292E-18  1.9213205E-02  1.2990416E-07  4.385E-22  0.000E+00  0.000E+00  1.000E+00  1.000E+00  2.44E+02  0.00E+00  0.00E+00  0.000000  0.550170  0.0000000E+00  0.0000000000E+00
357  3.794761938525598E+06   59.995353  6.088440  4.229553  7.5157740E-01  2.4837130E-01  1.2915513E-06  4.2979830E-09  1.0216520E-07  6.8211449E-06  3.5136667E-10  2.0005895E-09  9.2048308E-07  2.3543589E-08  4.381E-30  0.2990  4.229553   -7.933  3.242948  8.565762  0.0000000E+00  4.6792966E-05  1.6195422E-01  3.3288258E-14  8.1490651E-22  8.1770282E-01  8.6526261E-29  5.0723105E-18  1.9227082E-02  1.2980129E-07  4.385E-22  0.000E+00  0.000E+00  1.000E+00  1.000E+00  2.44E+02  0.00E+00  0.00E+00  0.000000  0.550147  0.0000000E+00  0.0000000000E+00
358  3.794789765415768E+06   59.995353  6.088417  4.229097  7.5157740E-01  2.4837130E-01  1.2915513E-06  4.2979830E-09  1.0216520E-07  6.8211449E-06  3.5136667E-10  2.0005895E-09  9.2048308E-07  2.3543589E-08  4.381E-30  0.2981  4.229097   -7.933  3.246781  8.567015  0.0000000E+00  4.2113669E-05  1.6194952E-01  3.3041112E-14  8.7151456E-22  8.1769735E-01  8.6437716E-29  5.0759245E-18  1.9240874E-02  1.2969890E-07  4.385E-22  0.000E+00  0.000E+00  1.000E+00  1.000E+00  2.44E+02  0.00E+00  0.00E+00  0.000000  0.550119  0.0000000E+00  0.0000000000E+00
359  3.794858175360731E+06   59.995352  6.088354  4.227936  7.5157740E-01  2.4837130E-01  1.2915513E-06  4.2979830E-09  1.0216520E-07  6.8211449E-06  3.5136667E-10  2.0005895E-09  9.2048308E-07  2.3543589E-08  4.381E-30  0.3008  4.227936   -7.935  3.255858  8.569971  0.0000000E+00  3.2755077E-05  1.6194008E-01  3.2124353E-14  1.0381926E-21  8.1768649E-01  8.6227442E-29  5.0507810E-18  1.9268400E-02  1.2949549E-07  4.384E-22  0.000E+00  0.000E+00  1.000E+00  1.000E+00  2.43E+02  0.00E+00  0.00E+00  0.000000  0.550038  0.0000000E+00  0.0000000000E+00
360  3.794941440765618E+06   59.995351  6.088257  4.226419  7.5157740E-01  2.4837130E-01  1.2915513E-06  4.2979830E-09  1.0216520E-07  6.8211449E-06  3.5136667E-10  2.0005895E-09  9.2048308E-07  2.3543589E-08  4.380E-30  0.2963  4.226419   -7.937  3.267047  8.573606  0.0000000E+00  2.3396484E-05  1.6193101E-01  3.3115798E-14  1.1860204E-21  8.1767468E-01  8.6126171E-29  5.1144313E-18  1.9296520E-02  1.2929399E-07  4.384E-22  0.000E+00  0.000E+00  1.000E+00  1.000E+00  2.42E+02  0.00E+00  0.00E+00  0.000000  0.549916  0.0000000E+00  0.0000000000E+00
361  3.794993359242604E+06   59.995350  6.088191  4.225427  7.5157740E-01  2.4837130E-01  1.2915513E-06  4.2979830E-09  1.0216520E-07  6.8211449E-06  3.5136667E-10  2.0005895E-09  9.2048308E-07  2.3543589E-08  4.380E-30  0.2925  4.225427   -7.938  3.274170  8.575919  0.0000000E+00  1.8717187E-05  1.6192661E-01  3.3853832E-14  1.2785020E-21  8.1766841E-01  8.6114779E-29  5.1802532E-18  1.9310804E-02  1.2919415E-07  4.384E-22  0.000E+00  0.000E+00  1.000E+00  1.000E+00  2.42E+02  0.00E+00  0.00E+00  0.000000  0.549832  0.0000000E+00  0.0000000000E+00
362  3.795065359472087E+06   59.995349  6.088100  4.223972  7.5157740E-01  2.4837130E-01  1.2915513E-06  4.2979830E-09  1.0216520E-07  6.8211449E-06  3.5136667E-10  2.0005895E-09  9.2048308E-07  2.3543589E-08  4.380E-30  0.2884  4.223972   -7.940  3.284776  8.579382  0.0000000E+00  1.4037891E-05  1.6192217E-01  3.3420803E-14  1.4851688E-21  8.1766222E-01  8.6076562E-29  5.2127446E-18  1.9325040E-02  1.2909519E-07  4.384E-22  0.000E+00  0.000E+00  1.000E+00  1.000E+00  2.41E+02  0.00E+00  0.00E+00  0.000000  0.549717  0.0000000E+00  0.0000000000E+00
363  3.795156204769506E+06   59.995348  6.087972  4.222039  7.5157740E-01  2.4837130E-01  1.2915513E-06  4.2979830E-09  1.0216520E-07  6.8211449E-06  3.5136667E-10  2.0005895E-09  9.2048308E-07  2.3543589E-08  4.380E-30  0.2860  4.222039   -7.942  3.298125  8.583731  0.0000000E+00  9.3585946E-06  1.6191790E-01  3.4431421E-14  1.7185749E-21  8.1765561E-01  8.6102638E-29  5.3033054E-18  1.9339545E-02  1.2899728E-07  4.383E-22  0.000E+00  0.000E+00  1.000E+00  1.000E+00  2.40E+02  0.00E+00  0.00E+00  0.000000  0.549555  0.0000000E+00  0.0000000000E+00
364  3.795311709697824E+06   59.995346  6.087718  4.218442  7.5157740E-01  2.4837130E-01  1.2915513E-06  4.2979830E-09  1.0216520E-07  6.8211449E-06  3.5136667E-10  2.0005895E-09  9.2048308E-07  2.3543589E-08  4.379E-30  0.2878  4.218442   -7.946  3.319914  8.590774  0.0000000E+00  4.6792982E-06  1.6191381E-01  3.6071546E-14  2.1947569E-21  8.1764849E-01  8.6213538E-29  5.4809413E-18  1.9354371E-02  1.2890104E-07  4.382E-22  0.000E+00  0.000E+00  1.000E+00  1.000E+00  2.37E+02  0.00E+00  0.00E+00  0.000000  0.549234  0.0000000E+00  0.0000000000E+00
365  3.797152514342339E+06   59.995328  6.084038  4.124591  7.5157740E-01  2.4837130E-01  1.2915513E-06  4.2979831E-09  1.0216520E-07  6.8211449E-06  3.5136667E-10  2.0005895E-09  9.2048308E-07  2.3543589E-08  4.373E-30  0.0000  4.124591   -8.055  3.605733  8.683436  0.0000000E+00  6.5450660E-16  1.6191094E-01  4.9603215E-14  5.2513889E-21  8.1763810E-01  8.6787927E-29  6.1012531E-18  1.9371288E-02  1.2882432E-07  4.379E-22  0.000E+00  0.000E+00  1.000E+00  1.000E+00  1.92E+02  0.00E+00  0.00E+00  0.000000  0.544600  0.0000000E+00  0.0000000000E+00
366  3.797940373430462E+06   59.995321  6.084342  4.037632  7.5157740E-01  2.4837130E-01  1.2915513E-06  4.2979831E-09  1.0216520E-07  6.8211449E-06  3.5136667E-10  2.0005895E-09  9.2048308E-07  2.3543589E-08  4.370E-30  0.0000  4.037632   -8.147  3.733450  8.723881  0.0000000E+00  2.4416960E-15  1.6191092E-01  4.9603215E-14  5.2513889E-21  8.1763809E-01  8.6787927E-29  6.1012531E-18  1.9371320E-02  1.2882432E-07  4.379E-22  0.000E+00  0.000E+00  1.000E+00  1.000E+00  1.57E+02  0.00E+00  0.00E+00  0.000000  0.544981  0.0000000E+00  0.0000000000E+00
367  3.799244674150850E+06   59.991040  6.089476  3.855006  7.5157740E-01  2.4837130E-01  1.2915513E-06  4.2980083E-09  1.0216520E-07  6.8211449E-06  3.5136667E-10  2.0005895E-09  9.2048308E-07  2.3543589E-08  4.630E-30  0.0000  3.855006   -4.737  4.021615  8.801406  0.0000000E+00  3.6575290E-14  1.6190135E-01  4.9603215E-14  5.2513889E-21  8.1763179E-01  8.6787927E-29  6.1012531E-18  1.9387089E-02  1.2882432E-07  4.379E-22  0.000E+00  0.000E+00  1.000E+00  1.000E+00  1.03E+02  0.00E+00  0.00E+00  0.000000  0.551501  0.0000000E+00  0.0000000000E+00
368  3.798521419507953E+06   59.995317  6.086217  3.948072  7.5157740E-01  2.4837130E-01  1.2915513E-06  4.2979832E-09  1.0216520E-07  6.8211449E-06  3.5136667E-10  2.0005895E-09  9.2048308E-07  2.3543589E-08  4.367E-30  0.0000  3.948072   -8.170  3.837142  8.755081  0.0000000E+00  7.1112560E-15  1.6191068E-01  4.9603215E-14  5.2513889E-21  8.1763793E-01  8.6787927E-29  6.1012531E-18  1.9371720E-02  1.2882432E-07  4.379E-22  0.000E+00  0.000E+00  1.000E+00  1.000E+00  1.28E+02  0.00E+00  0.00E+00  0.000000  0.547340  0.0000000E+00  0.0000000000E+00
369  3.799625588262772E+06   59.983089  6.089331  3.837687  7.5157740E-01  2.4837130E-01  1.2915512E-06  4.2980557E-09  1.0216521E-07  6.8211449E-06  3.5136667E-10  2.0005895E-09  9.2048308E-07  2.3543589E-08  5.141E-30  0.0000  3.837687   -4.631  4.323997  8.857558  0.0000000E+00  2.7823310E-13  1.6161632E-01  4.9603215E-14  5.2513889E-21  8.1744357E-01  8.6787927E-29  6.1012531E-18  1.9858099E-02  1.2882432E-07  4.379E-22  0.000E+00  0.000E+00  1.000E+00  1.000E+00  9.88E+01  0.00E+00  0.00E+00  0.000000  0.551390  0.0000000E+00  0.0000000000E+00
370  3.799686775605561E+06   59.981632  6.089557  3.835846  7.5157740E-01  2.4837130E-01  1.2915512E-06  4.2980650E-09  1.0216521E-07  6.8211449E-06  3.5136667E-10  2.0005895E-09  9.2048308E-07  2.3543589E-08  5.248E-30  0.0000  3.835846   -4.618  4.600382  8.907799  0.0000000E+00  1.7600150E-12  1.5867176E-01  4.9603215E-14  5.2513889E-21  8.1549681E-01  8.6787927E-29  6.1012531E-18  2.4728069E-02  1.2882432E-07  4.379E-22  0.000E+00  0.000E+00  1.000E+00  1.000E+00  9.84E+01  0.00E+00  0.00E+00  0.000000  0.551691  0.0000000E+00  0.0000000000E+00
371  3.799695724769994E+06   59.981416  6.089883  3.835702  7.5157740E-01  2.4837130E-01  1.2915512E-06  4.2980663E-09  1.0216521E-07  6.8211449E-06  3.5136667E-10  2.0005895E-09  9.2048308E-07  2.3543589E-08  5.264E-30  0.0000  3.835702   -4.616  4.768265  8.942244  0.0000000E+00  5.5954110E-12  1.4809366E-01  4.9603215E-14  5.2513889E-21  8.0852068E-01  8.6787927E-29  6.1012531E-18  4.2176986E-02  1.2882432E-07  4.379E-22  0.000E+00  0.000E+00  1.000E+00  1.000E+00  9.83E+01  0.00E+00  0.00E+00  0.000000  0.552107  0.0000000E+00  0.0000000000E+00
372  3.799696779913556E+06   59.981390  6.089961  3.835690  7.5157740E-01  2.4837130E-01  1.2915512E-06  4.2980665E-09  1.0216521E-07  6.8211449E-06  3.5136667E-10  2.0005895E-09  9.2048308E-07  2.3543589E-08  5.266E-30  0.0000  3.835690   -4.615  4.804413  8.950492  0.0000000E+00  7.2104585E-12  1.4280461E-01  4.9603215E-14  5.2513889E-21  8.0504412E-01  8.6787927E-29  6.1012531E-18  5.0872156E-02  1.2882432E-07  4.379E-22  0.000E+00  0.000E+00  1.000E+00  1.000E+00  9.83E+01  0.00E+00  0.00E+00  0.000000  0.552206  0.0000000E+00  0.0000000000E+00
373  3.799697901846726E+06   59.981363  6.090068  3.835680  7.5157740E-01  2.4837130E-01  1.2915512E-06  4.2980667E-09  1.0216521E-07  6.8211449E-06  3.5136667E-10  2.0005895E-09  9.2048308E-07  2.3543589E-08  5.268E-30  0.0000  3.835680   -4.615  4.851824  8.962093  0.0000000E+00  9.5884903E-12  1.3222651E-01  4.9603215E-14  5.2513889E-21  7.9811540E-01  8.6787927E-29  6.1012531E-18  6.8201014E-02  1.2882432E-07  4.379E-22  0.000E+00  0.000E+00  1.000E+00  1.000E+00  9.83E+01  0.00E+00  0.00E+00  0.000000  0.552343  0.0000000E+00  0.0000000000E+00
374  3.799698263457152E+06   59.981354  6.090112  3.835678  7.5157740E-01  2.4837130E-01  1.2915512E-06  4.2980667E-09  1.0216521E-07  6.8211449E-06  3.5136667E-10  2.0005895E-09  9.2048308E-07  2.3543589E-08  5.269E-30  0.0000  3.835678   -4.615  4.869911  8.966769  0.0000000E+00  1.0520778E-11  1.2693745E-01  4.9603215E-14  5.2513889E-21  7.9466381E-01  8.6787927E-29  6.1012531E-18  7.6833316E-02  1.2882432E-07  4.379E-22  0.000E+00  0.000E+00  1.000E+00  1.000E+00  9.83E+01  0.00E+00  0.00E+00  0.000000  0.552398  0.0000000E+00  0.0000000000E+00
375  3.799698553007475E+06   59.981347  6.090149  3.835676  7.5157740E-01  2.4837130E-01  1.2915512E-06  4.2980668E-09  1.0216521E-07  6.8211449E-06  3.5136667E-10  2.0005895E-09  9.2048308E-07  2.3543589E-08  5.269E-30  0.0000  3.835676   -4.615  4.885538  8.970921  0.0000000E+00  1.1300975E-11  1.2164840E-01  4.9603215E-14  5.2513889E-21  7.9122082E-01  8.6787927E-29  6.1012531E-18  8.5444011E-02  1.2882432E-07  4.379E-22  0.000E+00  0.000E+00  1.000E+00  1.000E+00  9.83E+01  0.00E+00  0.00E+00  0.000000  0.552446  0.0000000E+00  0.0000000000E+00
376  3.799698792480812E+06   59.981341  6.090185  3.835675  7.5157740E-01  2.4837130E-01  1.2915512E-06  4.2980668E-09  1.0216521E-07  6.8211449E-06  3.5136667E-10  2.0005895E-09  9.2048308E-07  2.3543589E-08  5.270E-30  0.0000  3.835675   -4.615  4.899533  8.974753  0.0000000E+00  1.1964813E-11  1.1635935E-01  4.9603215E-14  5.2513889E-21  7.8778643E-01  8.6787927E-29  6.1012531E-18  9.4033127E-02  1.2882432E-07  4.379E-22  0.000E+00  0.000E+00  1.000E+00  1.000E+00  9.83E+01  0.00E+00  0.00E+00  0.000000  0.552492  0.0000000E+00  0.0000000000E+00
377  3.799698995025122E+06   59.981336  6.090216  3.835675  7.5157740E-01  2.4837130E-01  1.2915512E-06  4.2980668E-09  1.0216521E-07  6.8211449E-06  3.5136667E-10  2.0005895E-09  9.2048308E-07  2.3543589E-08  5.270E-30  0.0000  3.835675   -4.614  4.912052  8.978250  0.0000000E+00  1.2471776E-11  1.1107030E-01  4.9603215E-14  5.2513889E-21  7.8436071E-01  8.6787927E-29  6.1012531E-18  1.0260051E-01  1.2882432E-07  4.379E-22  0.000E+00  0.000E+00  1.000E+00  1.000E+00  9.83E+01  0.00E+00  0.00E+00  0.000000  0.552531  0.0000000E+00  0.0000000000E+00
378  3.799699170390761E+06   59.981332  6.090247  3.835674  7.5157740E-01  2.4837130E-01  1.2915512E-06  4.2980669E-09  1.0216521E-07  6.8211449E-06  3.5136667E-10  2.0005895E-09  9.2048308E-07  2.3543589E-08  5.270E-30  0.0000  3.835674   -4.614  4.923595  8.981540  0.0000000E+00  1.2852139E-11  1.0578125E-01  4.9603215E-14  5.2513889E-21  7.8094370E-01  8.6787927E-29  6.1012531E-18  1.1114604E-01  1.2882432E-07  4.379E-22  0.000E+00  0.000E+00  1.000E+00  1.000E+00  9.83E+01  0.00E+00  0.00E+00  0.000000  0.552570  0.0000000E+00  0.0000000000E+00
379  3.799699325054084E+06   59.981328  6.090274  3.835674  7.5157740E-01  2.4837130E-01  1.2915512E-06  4.2980669E-09  1.0216521E-07  6.8211449E-06  3.5136667E-10  2.0005895E-09  9.2048308E-07  2.3543589E-08  5.271E-30  0.0000  3.835674   -4.614  4.934253  8.984611  0.0000000E+00  1.3079742E-11  1.0049220E-01  4.9603215E-14  5.2513889E-21  7.7753536E-01  8.6787927E-29  6.1012531E-18  1.1966984E-01  1.2882432E-07  4.379E-22  0.000E+00  0.000E+00  1.000E+00  1.000E+00  9.83E+01  0.00E+00  0.00E+00  0.000000  0.552605  0.0000000E+00  0.0000000000E+00
380  3.799699463792167E+06   59.981325  6.090300  3.835674  7.5157740E-01  2.4837130E-01  1.2915512E-06  4.2980669E-09  1.0216521E-07  6.8211449E-06  3.5136667E-10  2.0005895E-09  9.2048308E-07  2.3543589E-08  5.271E-30  0.0000  3.835674   -4.614  4.944328  8.987539  0.0000000E+00  1.3174607E-11  9.5203148E-02  4.9603215E-14  5.2513889E-21  7.7413572E-01  8.6787927E-29  6.1012531E-18  1.2817183E-01  1.2882432E-07  4.379E-22  0.000E+00  0.000E+00  1.000E+00  1.000E+00  9.83E+01  0.00E+00  0.00E+00  0.000000  0.552639  0.0000000E+00  0.0000000000E+00
381  3.799699705925081E+06   59.981319  6.090350  3.835675  7.5157740E-01  2.4837130E-01  1.2915512E-06  4.2980669E-09  1.0216521E-07  6.8211449E-06  3.5136667E-10  2.0005895E-09  9.2048308E-07  2.3543589E-08  5.271E-30  0.0000  3.835675   -4.614  4.963403  8.993095  0.0000000E+00  1.2987177E-11  8.4625046E-02  4.9603215E-14  5.2513889E-21  7.6736275E-01  8.6787927E-29  6.1012531E-18  1.4510997E-01  1.2882432E-07  4.379E-22  0.000E+00  0.000E+00  1.000E+00  1.000E+00  9.83E+01  0.00E+00  0.00E+00  0.000000  0.552702  0.0000000E+00  0.0000000000E+00
382  3.799699814146157E+06   59.981316  6.090374  3.835675  7.5157740E-01  2.4837130E-01  1.2915512E-06  4.2980670E-09  1.0216521E-07  6.8211449E-06  3.5136667E-10  2.0005895E-09  9.2048308E-07  2.3543589E-08  5.271E-30  0.0000  3.835675   -4.614  4.972606  8.995743  0.0000000E+00  1.2697229E-11  7.9335995E-02  4.9603215E-14  5.2513889E-21  7.6398941E-01  8.6787927E-29  6.1012531E-18  1.5354616E-01  1.2882432E-07  4.379E-22  0.000E+00  0.000E+00  1.000E+00  1.000E+00  9.83E+01  0.00E+00  0.00E+00  0.000000  0.552733  0.0000000E+00  0.0000000000E+00
383  3.799699916184567E+06   59.981314  6.090398  3.835676  7.5157740E-01  2.4837130E-01  1.2915512E-06  4.2980670E-09  1.0216521E-07  6.8211449E-06  3.5136667E-10  2.0005895E-09  9.2048308E-07  2.3543589E-08  5.272E-30  0.0000  3.835676   -4.614  4.981812  8.998353  0.0000000E+00  1.2292841E-11  7.4046944E-02  4.9603215E-14  5.2513889E-21  7.6062485E-01  8.6787927E-29  6.1012531E-18  1.6196038E-01  1.2882432E-07  4.379E-22  0.000E+00  0.000E+00  1.000E+00  1.000E+00  9.83E+01  0.00E+00  0.00E+00  0.000000  0.552763  0.0000000E+00  0.0000000000E+00
384  3.799700013504785E+06   59.981311  6.090424  3.835677  7.5157740E-01  2.4837130E-01  1.2915512E-06  4.2980670E-09  1.0216521E-07  6.8211449E-06  3.5136667E-10  2.0005895E-09  9.2048308E-07  2.3543589E-08  5.272E-30  0.0000  3.835677   -4.614  4.991208  9.000962  0.0000000E+00  1.1715815E-11  6.8757893E-02  4.9603215E-14  5.2513889E-21  7.5726943E-01  8.6787927E-29  6.1012531E-18  1.7035176E-01  1.2882432E-07  4.379E-22  0.000E+00  0.000E+00  1.000E+00  1.000E+00  9.83E+01  0.00E+00  0.00E+00  0.000000  0.552796  0.0000000E+00  0.0000000000E+00
385  3.799700109838968E+06   59.981309  6.090449  3.835677  7.5157740E-01  2.4837130E-01  1.2915512E-06  4.2980670E-09  1.0216521E-07  6.8211449E-06  3.5136667E-10  2.0005895E-09  9.2048308E-07  2.3543589E-08  5.272E-30  0.0000  3.835677   -4.614  5.001112  9.003581  0.0000000E+00  1.0929766E-11  6.3468843E-02  4.9603215E-14  5.2513889E-21  7.5392577E-01  8.6787927E-29  6.1012531E-18  1.7871372E-01  1.2882432E-07  4.379E-22  0.000E+00  0.000E+00  1.000E+00  1.000E+00  9.83E+01  0.00E+00  0.00E+00  0.000000  0.552828  0.0000000E+00  0.0000000000E+00
386  3.799700206380294E+06   59.981307  6.090475  3.835678  7.5157740E-01  2.4837130E-01  1.2915512E-06  4.2980670E-09  1.0216521E-07  6.8211449E-06  3.5136667E-10  2.0005895E-09  9.2048308E-07  2.3543589E-08  5.272E-30  0.0000  3.835678   -4.614  5.011885  9.006280  0.0000000E+00  1.0087269E-11  5.8179792E-02  4.9603215E-14  5.2513889E-21  7.5059503E-01  8.6787927E-29  6.1012531E-18  1.8704341E-01  1.2882432E-07  4.379E-22  0.000E+00  0.000E+00  1.000E+00  1.000E+00  9.83E+01  0.00E+00  0.00E+00  0.000000  0.552862  0.0000000E+00  0.0000000000E+00
387  3.799700303719542E+06   59.981304  6.090504  3.835679  7.5157740E-01  2.4837130E-01  1.2915512E-06  4.2980670E-09  1.0216521E-07  6.8211449E-06  3.5136667E-10  2.0005895E-09  9.2048308E-07  2.3543589E-08  5.272E-30  0.0000  3.835679   -4.613  5.023816  9.009127  0.0000000E+00  9.2070309E-12  5.2890741E-02  4.9603215E-14  5.2513889E-21  7.4727781E-01  8.6787927E-29  6.1012531E-18  1.9533930E-01  1.2882432E-07  4.379E-22  0.000E+00  0.000E+00  1.000E+00  1.000E+00  9.83E+01  0.00E+00  0.00E+00  0.000000  0.552898  0.0000000E+00  0.0000000000E+00
388  3.799700402557060E+06   59.981302  6.090534  3.835680  7.5157740E-01  2.4837130E-01  1.2915512E-06  4.2980671E-09  1.0216521E-07  6.8211449E-06  3.5136667E-10  2.0005895E-09  9.2048308E-07  2.3543589E-08  5.272E-30  0.0000  3.835680   -4.613  5.037020  9.012104  0.0000000E+00  8.2776869E-12  4.7601690E-02  4.9603215E-14  5.2513889E-21  7.4397483E-01  8.6787927E-29  6.1012531E-18  2.0359958E-01  1.2882432E-07  4.379E-22  0.000E+00  0.000E+00  1.000E+00  1.000E+00  9.83E+01  0.00E+00  0.00E+00  0.000000  0.552937  0.0000000E+00  0.0000000000E+00
389  3.799700503719801E+06   59.981299  6.090568  3.835682  7.5157740E-01  2.4837130E-01  1.2915512E-06  4.2980671E-09  1.0216521E-07  6.8211449E-06  3.5136667E-10  2.0005895E-09  9.2048308E-07  2.3543589E-08  5.273E-30  0.0000  3.835682   -4.613  5.051983  9.015309  0.0000000E+00  7.3216267E-12  4.2312639E-02  4.9603215E-14  5.2513889E-21  7.4068699E-01  8.6787927E-29  6.1012531E-18  2.1182200E-01  1.2882432E-07  4.379E-22  0.000E+00  0.000E+00  1.000E+00  1.000E+00  9.83E+01  0.00E+00  0.00E+00  0.000000  0.552979  0.0000000E+00  0.0000000000E+00
390  3.799700607882413E+06   59.981297  6.090607  3.835683  7.5157740E-01  2.4837130E-01  1.2915512E-06  4.2980671E-09  1.0216521E-07  6.8211449E-06  3.5136667E-10  2.0005895E-09  9.2048308E-07  2.3543589E-08  5.273E-30  0.0000  3.835683   -4.613  5.069271  9.018853  0.0000000E+00  6.3539734E-12  3.7023588E-02  4.9603215E-14  5.2513889E-21  7.3741542E-01  8.6787927E-29  6.1012531E-18  2.2000371E-01  1.2882432E-07  4.379E-22  0.000E+00  0.000E+00  1.000E+00  1.000E+00  9.83E+01  0.00E+00  0.00E+00  0.000000  0.553029  0.0000000E+00  0.0000000000E+00
391  3.799700716123518E+06   59.981294  6.090649  3.835685  7.5157740E-01  2.4837130E-01  1.2915512E-06  4.2980671E-09  1.0216521E-07  6.8211449E-06  3.5136667E-10  2.0005895E-09  9.2048308E-07  2.3543589E-08  5.273E-30  0.0000  3.835685   -4.613  5.089514  9.022815  0.0000000E+00  5.3748055E-12  3.1734537E-02  4.9603215E-14  5.2513889E-21  7.3416151E-01  8.6787927E-29  6.1012531E-18  2.2814115E-01  1.2882432E-07  4.379E-22  0.000E+00  0.000E+00  1.000E+00  1.000E+00  9.83E+01  0.00E+00  0.00E+00  0.000000  0.553084  0.0000000E+00  0.0000000000E+00
392  3.799700949144813E+06   59.981289  6.090763  3.835691  7.5157740E-01  2.4837130E-01  1.2915512E-06  4.2980671E-09  1.0216521E-07  6.8211449E-06  3.5136667E-10  2.0005895E-09  9.2048308E-07  2.3543589E-08  5.273E-30  0.0000  3.835691   -4.613  5.144318  9.033033  0.0000000E+00  3.4497911E-12  2.1156435E-02  4.9603215E-14  5.2513889E-21  7.2771561E-01  8.6787927E-29  6.1012531E-18  2.4426017E-01  1.2882432E-07  4.379E-22  0.000E+00  0.000E+00  1.000E+00  1.000E+00  9.83E+01  0.00E+00  0.00E+00  0.000000  0.553228  0.0000000E+00  0.0000000000E+00
393  3.799701077113183E+06   59.981285  6.090842  3.835695  7.5157740E-01  2.4837130E-01  1.2915512E-06  4.2980672E-09  1.0216521E-07  6.8211449E-06  3.5136667E-10  2.0005895E-09  9.2048308E-07  2.3543589E-08  5.274E-30  0.0000  3.835695   -4.612  5.183785  9.040176  0.0000000E+00  2.5188237E-12  1.5867384E-02  4.9603215E-14  5.2513889E-21  7.2453109E-01  8.6787927E-29  6.1012531E-18  2.5222245E-01  1.2882432E-07  4.379E-22  0.000E+00  0.000E+00  1.000E+00  1.000E+00  9.83E+01  0.00E+00  0.00E+00  0.000000  0.553329  0.0000000E+00  0.0000000000E+00
394  3.799701374179284E+06   59.981278  6.091126  3.835712  7.5157740E-01  2.4837130E-01  1.2915512E-06  4.2980672E-09  1.0216521E-07  6.8211449E-06  3.5136667E-10  2.0005895E-09  9.2048308E-07  2.3543589E-08  5.274E-30  0.0000  3.835712   -4.611  5.329788  9.066878  0.0000000E+00  7.6683190E-13  5.2892818E-03  4.9603215E-14  5.2513889E-21  7.1828370E-01  8.6787927E-29  6.1012531E-18  2.6783082E-01  1.2882432E-07  4.379E-22  0.000E+00  0.000E+00  1.000E+00  1.000E+00  9.83E+01  0.00E+00  0.00E+00  0.000000  0.553691  0.0000000E+00  0.0000000000E+00
395  3.799701635082764E+06   59.981272  6.092066  3.835767  7.5157740E-01  2.4837130E-01  1.2915512E-06  4.2980672E-09  1.0216521E-07  6.8211449E-06  3.5136667E-10  2.0005895E-09  9.2048308E-07  2.3543589E-08  5.275E-30  0.0000  3.835767   -4.608  5.806570  9.166594  0.0000000E+00  5.7045610E-12  6.0348936E-05  4.9603215E-14  5.2513889E-21  7.2149402E-01  8.6787927E-29  6.1012531E-18  2.5968851E-01  1.2882432E-07  4.379E-22  0.000E+00  0.000E+00  1.000E+00  1.000E+00  9.82E+01  0.00E+00  0.00E+00  0.000000  0.554890  0.0000000E+00  0.0000000000E+00
396  3.799701658441701E+06   59.981271  6.092441  3.835788  7.5157740E-01  2.4837130E-01  1.2915512E-06  4.2980672E-09  1.0216521E-07  6.8211449E-06  3.5136667E-10  2.0005895E-09  9.2048308E-07  2.3543589E-08  5.275E-30  0.0000  3.835788   -4.607  5.959833  9.218135  0.0000000E+00  2.0263400E-11  2.7694386E-08  4.9603215E-14  5.2513889E-21  8.3167500E-01  8.6787927E-29  6.1012531E-18  1.6211169E-02  1.2882432E-07  4.379E-22  0.000E+00  0.000E+00  1.000E+00  1.000E+00  9.82E+01  0.00E+00  0.00E+00  0.000000  0.555370  0.0000000E+00  0.0000000000E+00
397  3.799701675445869E+06   59.981271  6.093034  3.835820  7.5157740E-01  2.4837130E-01  1.2915512E-06  4.2980672E-09  1.0216521E-07  6.8211449E-06  3.5136667E-10  2.0005895E-09  9.2048308E-07  2.3543589E-08  0.000E+00  0.0000  3.835820   -4.605  6.325042  9.301596  0.0000000E+00  1.0251670E-11  8.3239519E-09  4.9603215E-14  5.2513889E-21  8.0855063E-01  0.0000000E+00  6.1012531E-18  3.0434493E-05  1.2882432E-07  0.000E+00  0.000E+00  0.000E+00  1.000E+00  1.000E+00  9.82E+01  0.00E+00  0.00E+00  0.000000  0.556129  0.0000000E+00  0.0000000000E+00
398  3.799701682684060E+06   59.981271  6.092757  3.835807  7.5157740E-01  2.4837130E-01  1.2915512E-06  4.2980672E-09  1.0216521E-07  6.8211449E-06  3.5136667E-10  2.0005895E-09  9.2048308E-07  2.3543589E-08  0.000E+00  0.0206  3.835807   -4.606  6.233136  9.365692  0.0000000E+00  1.8042020E-10  2.2814190E-07  5.5356276E-14  5.7230349E-21  5.5428465E-01  0.0000000E+00  6.1847338E-18  7.3236855E-06  1.2882045E-07  0.000E+00  0.000E+00  0.000E+00  1.000E+00  1.000E+00  9.82E+01  0.00E+00  0.00E+00  0.000000  0.555774  0.0000000E+00  0.0000000000E+00
399  3.799701691407580E+06   59.981270  6.092870  3.835814  7.5157740E-01  2.4837130E-01  1.2915512E-06  4.2980673E-09  1.0216521E-07  6.8211449E-06  3.5136667E-10  2.0005895E-09  9.2048308E-07  2.3543589E-08  0.000E+00  0.0257  3.835814   -4.606  6.384291  9.435569  0.0000000E+00  1.0411500E-08  3.7587482E-06  5.5380909E-14  5.7250544E-21  4.0507726E-02  0.0000000E+00  6.1850913E-18  9.2458127E-07  1.2882044E-07  0.000E+00  0.000E+00  0.000E+00  1.000E+00  1.000E+00  9.82E+01  0.00E+00  0.00E+00  0.000000  0.555919  0.0000000E+00  0.0000000000E+00
400  3.799701692422483E+06   59.981270  6.093069  3.835824  7.5157740E-01  2.4837130E-01  1.2915512E-06  4.2980673E-09  1.0216521E-07  6.8211449E-06  3.5136667E-10  2.0005895E-09  9.2048308E-07  2.3543589E-08  0.000E+00  0.0000  3.835824   -4.605  7.001358  9.508849  0.0000000E+00  1.6211570E-07  2.3087121E-07  5.5380909E-14  5.7250544E-21  2.1906861E-05  0.0000000E+00  6.1850913E-18  1.1527981E-09  1.2882044E-07  0.000E+00  0.000E+00  0.000E+00  1.000E+00  1.000E+00  9.82E+01  0.00E+00  0.00E+00  0.000000  0.556173  0.0000000E+00  0.0000000000E+00
