line                  time        mass     lg(L)  lg(Teff)        1H_surf       4He_surf       12C_surf       13C_surf       14N_surf       16O_surf       17O_surf       18O_surf      20Ne_surf      22Ne_surf  26Al_surf  Mcc/Mt   lg(Teff)  lg(Md)  lg(rhoc)    lg(Tc)         1H_cen        4He_cen        12C_cen        13C_cen        14N_cen        16O_cen        17O_cen        18O_cen       20Ne_cen       22Ne_cen   26Al_cen  Omeg_surf   Omeg_cen     Rp/Req   Md/Md(0)   v_crit1   v_crit2    v_equa  Om/Om_cr  Gamma_Ed  lg(Mdot_mech)             L_tot
   -                    yr        Msun      Lsun        K      mass frac.     mass frac.     mass frac.     mass frac.     mass frac.     mass frac.     mass frac.     mass frac.     mass frac.     mass frac. mass frac.       -          K   Ms/yr     g/cm3         K     mass frac.     mass frac.     mass frac.     mass frac.     mass frac.     mass frac.     mass frac.     mass frac.     mass frac.     mass frac. mass frac.        s-1        s-1          -          -      km/s      km/s      km/s         -         -        Msun/yr     10^53 g cm2/s

  1  2.484093648082027E+04   84.999974  5.964747  4.810481  7.5157740E-01  2.4837130E-01  1.2915521E-06  4.2970794E-09  1.0216519E-07  6.8211449E-06  3.5136664E-10  2.0005896E-09  9.2048308E-07  2.3543589E-08  0.000E+00  0.7657  4.810481   -9.034  0.843788  7.817496  7.4857160E-01  2.5141890E-01  9.8969894E-08  2.7383791E-08  7.3329946E-06  1.1509721E-07  1.4462203E-10  8.3011532E-13  3.8272756E-07  1.5068346E-08  6.880E-08  8.877E-05  8.893E-05  9.468E-01  1.073E+00  1.21E+03  0.00E+00  4.83E+02  0.567140  0.292069  0.0000000E+00  4.1497663739E+00
  2  8.307811126833517E+04   84.999920  5.968569  4.810904  7.5157740E-01  2.4837130E-01  1.2915521E-06  4.2970794E-09  1.0216519E-07  6.8211449E-06  3.5136664E-10  2.0005896E-09  9.2048308E-07  2.3543589E-08  0.000E+00  0.7600  4.810904   -9.029  0.845698  7.818623  7.3972007E-01  2.6027023E-01  9.3757845E-08  2.5807011E-08  7.3715245E-06  7.3087353E-08  1.0659413E-10  1.7067120E-13  4.6750934E-08  1.2229992E-09  1.178E-07  8.544E-05  8.958E-05  9.504E-01  1.068E+00  1.21E+03  0.00E+00  4.65E+02  0.549936  0.294650  0.0000000E+00  4.1497484580E+00
  3  1.400949987072595E+05   84.999866  5.972159  4.810339  7.5157740E-01  2.4837130E-01  1.2915521E-06  4.2970797E-09  1.0216519E-07  6.8211449E-06  3.5136664E-10  2.0005896E-09  9.2048308E-07  2.3543589E-08  0.000E+00  0.7549  4.810339   -9.019  0.846504  7.819369  7.3086853E-01  2.6912177E-01  9.3922613E-08  2.5847762E-08  7.3672436E-06  7.2830636E-08  1.0624427E-10  1.6969314E-13  6.6682098E-09  1.7693238E-10  8.861E-08  8.513E-05  8.939E-05  9.498E-01  1.069E+00  1.20E+03  0.00E+00  4.67E+02  0.553085  0.297097  0.0000000E+00  4.1497303874E+00
  4  1.964348582024303E+05   84.999811  5.975753  4.809740  7.5157740E-01  2.4837130E-01  1.2915521E-06  4.2970861E-09  1.0216519E-07  6.8211449E-06  3.5136664E-10  2.0005896E-09  9.2048308E-07  2.3543589E-08  0.000E+00  0.7500  4.809740   -9.008  0.847338  7.820119  7.2201700E-01  2.7797336E-01  9.4105040E-08  2.5893181E-08  7.3627932E-06  7.2655738E-08  1.0589652E-10  1.6912875E-13  1.2992660E-09  3.4917588E-11  6.076E-08  8.480E-05  8.920E-05  9.491E-01  1.070E+00  1.20E+03  0.00E+00  4.68E+02  0.556310  0.299565  0.0000000E+00  4.1497119094E+00
  5  2.519559262559945E+05   84.999757  5.979316  4.809117  7.5157740E-01  2.4837130E-01  1.2915521E-06  4.2971315E-09  1.0216519E-07  6.8211449E-06  3.5136664E-10  2.0005896E-09  9.2048308E-07  2.3543589E-08  0.000E+00  0.7452  4.809117   -8.998  0.848179  7.820866  7.1316546E-01  2.8682484E-01  9.4248354E-08  2.5928878E-08  7.3583095E-06  7.2497400E-08  1.0581318E-10  1.6848928E-13  4.5783025E-10  1.2389384E-11  4.288E-08  8.449E-05  8.900E-05  9.484E-01  1.071E+00  1.19E+03  0.00E+00  4.70E+02  0.559737  0.302033  0.0000000E+00  4.1496930590E+00
  6  3.069112434694645E+05   84.999701  5.982898  4.808440  7.5157740E-01  2.4837130E-01  1.2915519E-06  4.2973563E-09  1.0216520E-07  6.8211449E-06  3.5136669E-10  2.0005896E-09  9.2048308E-07  2.3543589E-08  0.000E+00  0.7407  4.808440   -8.987  0.849081  7.821629  7.0431393E-01  2.9567637E-01  9.4463960E-08  2.5981808E-08  7.3536725E-06  7.2304380E-08  1.0524217E-10  1.6782375E-13  3.6779854E-10  1.0034820E-11  3.212E-08  8.412E-05  8.880E-05  9.477E-01  1.073E+00  1.19E+03  0.00E+00  4.71E+02  0.562934  0.304536  0.0000000E+00  4.1496737326E+00
  7  3.610207972221497E+05   84.999644  5.986438  4.807728  7.5157740E-01  2.4837130E-01  1.2915512E-06  4.2980881E-09  1.0216521E-07  6.8211449E-06  3.5136686E-10  2.0005893E-09  9.2048308E-07  2.3543589E-08  0.000E+00  0.7361  4.807728   -8.976  0.849980  7.822385  6.9546239E-01  3.0452790E-01  9.4807744E-08  2.6080588E-08  7.3489948E-06  7.1843473E-08  1.0430687E-10  1.6600782E-13  2.5477694E-10  7.1881454E-12  2.554E-08  8.378E-05  8.859E-05  9.470E-01  1.074E+00  1.19E+03  0.00E+00  4.73E+02  0.566465  0.307028  0.0000000E+00  4.1496540062E+00
  8  4.145628445316617E+05   84.999586  5.989975  4.806991  7.5157740E-01  2.4837130E-01  1.2915491E-06  4.3003814E-09  1.0216527E-07  6.8211449E-06  3.5136752E-10  2.0005886E-09  9.2048308E-07  2.3543589E-08  5.277E-19  0.7317  4.806991   -8.965  0.850914  7.823148  6.8661086E-01  3.1337940E-01  9.4994623E-08  2.6129016E-08  7.3442591E-06  7.1639813E-08  1.0400926E-10  1.6526652E-13  2.4469148E-10  6.9623930E-12  2.122E-08  8.344E-05  8.836E-05  9.462E-01  1.076E+00  1.18E+03  0.00E+00  4.75E+02  0.570067  0.309539  0.0000000E+00  4.1496337677E+00
  9  4.674561013339430E+05   84.999529  5.993502  4.806180  7.5157740E-01  2.4837130E-01  1.2915442E-06  4.3056900E-09  1.0216548E-07  6.8211449E-06  3.5136930E-10  2.0005866E-09  9.2048308E-07  2.3543589E-08  6.834E-18  0.7275  4.806180   -8.954  0.851881  7.823917  6.7775932E-01  3.2223088E-01  9.5185112E-08  2.6178307E-08  7.3394051E-06  7.1465002E-08  1.0369752E-10  1.6457178E-13  2.3452168E-10  6.7200170E-12  1.800E-08  8.309E-05  8.814E-05  9.454E-01  1.077E+00  1.18E+03  0.00E+00  4.77E+02  0.573834  0.312063  0.0000000E+00  4.1496130167E+00
 10  5.197382410807624E+05   84.999469  5.997025  4.805347  7.5157740E-01  2.4837130E-01  1.2915325E-06  4.3178546E-09  1.0216629E-07  6.8211449E-06  3.5137408E-10  2.0005813E-09  9.2048308E-07  2.3543588E-08  5.805E-17  0.7233  4.805347   -8.942  0.852880  7.824691  6.6890779E-01  3.3108251E-01  9.5381084E-08  2.6229013E-08  7.3345244E-06  7.1227334E-08  1.0327452E-10  1.6370069E-13  2.2996736E-10  6.6891534E-12  1.560E-08  8.273E-05  8.791E-05  9.446E-01  1.079E+00  1.17E+03  0.00E+00  4.78E+02  0.577686  0.314605  0.0000000E+00  4.1495917143E+00
 11  5.713624660892453E+05   84.999410  6.000528  4.804471  7.5157740E-01  2.4837140E-01  1.2915086E-06  4.3419069E-09  1.0216882E-07  6.8211448E-06  3.5138521E-10  2.0005694E-09  9.2048308E-07  2.3543585E-08  3.371E-16  0.7192  4.804471   -8.931  0.853910  7.825471  6.6005625E-01  3.3993395E-01  9.5579613E-08  2.6280336E-08  7.3294993E-06  7.1046655E-08  1.0292517E-10  1.6296917E-13  2.2074006E-10  6.4728664E-12  1.354E-08  8.237E-05  8.768E-05  9.437E-01  1.081E+00  1.17E+03  0.00E+00  4.80E+02  0.581686  0.317153  0.0000000E+00  4.1495698623E+00
 12  6.223667972340543E+05   84.999349  6.004024  4.803543  7.5157740E-01  2.4837140E-01  1.2914637E-06  4.3850161E-09  1.0217576E-07  6.8211446E-06  3.5140883E-10  2.0005448E-09  9.2048306E-07  2.3543580E-08  1.474E-15  0.7151  4.803543   -8.919  0.854972  7.826255  6.5120472E-01  3.4878548E-01  9.5781610E-08  2.6332564E-08  7.3244531E-06  7.0797430E-08  1.0246987E-10  1.6204713E-13  2.0907847E-10  6.2300056E-12  1.186E-08  8.202E-05  8.745E-05  9.428E-01  1.082E+00  1.16E+03  0.00E+00  4.82E+02  0.585881  0.319717  0.0000000E+00  4.1495474132E+00
 13  6.728214052193649E+05   84.999288  6.007518  4.802581  7.5157740E-01  2.4837140E-01  1.2913856E-06  4.4556196E-09  1.0219235E-07  6.8211439E-06  3.5145493E-10  2.0004984E-09  9.2048301E-07  2.3543571E-08  5.126E-15  0.7112  4.802581   -8.908  0.856068  7.827047  6.4235318E-01  3.5763702E-01  9.5987230E-08  2.6385698E-08  7.3192407E-06  7.0621952E-08  1.0211566E-10  1.6131582E-13  2.0405242E-10  6.1425434E-12  1.032E-08  8.164E-05  8.720E-05  9.419E-01  1.084E+00  1.16E+03  0.00E+00  4.85E+02  0.590069  0.322299  0.0000000E+00  4.1495243068E+00
 14  7.226700845446178E+05   84.999225  6.010998  4.801590  7.5157740E-01  2.4837140E-01  1.2912582E-06  4.5637083E-09  1.0222771E-07  6.8211420E-06  3.5153959E-10  2.0004166E-09  9.2048286E-07  2.3543552E-08  1.495E-14  0.7073  4.801590   -8.896  0.857197  7.827842  6.3350165E-01  3.6648855E-01  9.6197970E-08  2.6440192E-08  7.3140267E-06  7.0348989E-08  1.0160818E-10  1.6031374E-13  1.8702820E-10  5.7482666E-12  9.043E-09  8.128E-05  8.695E-05  9.409E-01  1.086E+00  1.16E+03  0.00E+00  4.87E+02  0.594432  0.324893  0.0000000E+00  4.1495005434E+00
 15  7.719496607537097E+05   84.999162  6.014476  4.800561  7.5157740E-01  2.4837140E-01  1.2910626E-06  4.7181101E-09  1.0229535E-07  6.8211375E-06  3.5168534E-10  2.0002821E-09  9.2048250E-07  2.3543519E-08  3.766E-14  0.7034  4.800561   -8.884  0.858377  7.828650  6.2465011E-01  3.7534009E-01  9.6257763E-08  2.6446147E-08  7.3087569E-06  7.0296051E-08  1.0170421E-10  1.6024319E-13  1.7453983E-10  5.3874045E-12  7.881E-09  8.089E-05  8.670E-05  9.399E-01  1.088E+00  1.15E+03  0.00E+00  4.89E+02  0.598740  0.327505  0.0000000E+00  4.1494760792E+00
 16  8.206439567610478E+05   84.999097  6.017925  4.799514  7.5157740E-01  2.4837150E-01  1.2907562E-06  4.9417390E-09  1.0242320E-07  6.8211272E-06  3.5194192E-10  2.0000579E-09  9.2048165E-07  2.3543459E-08  8.838E-14  0.6996  4.799514   -8.872  0.859553  7.829451  6.1579858E-01  3.8419162E-01  9.6623502E-08  2.6550671E-08  7.3032397E-06  6.9884730E-08  1.0071922E-10  1.5850890E-13  1.6441515E-10  5.2655005E-12  6.843E-09  8.047E-05  8.643E-05  9.389E-01  1.090E+00  1.15E+03  0.00E+00  4.91E+02  0.602957  0.330117  0.0000000E+00  4.1494508992E+00
 17  8.688574940403530E+05   84.999031  6.021378  4.798438  7.5157740E-01  2.4837150E-01  1.2903274E-06  5.2301479E-09  1.0263297E-07  6.8211070E-06  3.5234518E-10  1.9997259E-09  9.2047997E-07  2.3543358E-08  1.840E-13  0.6959  4.798438   -8.860  0.860798  7.830271  6.0694704E-01  3.9304316E-01  9.6691577E-08  2.6559719E-08  7.2978029E-06  6.9794589E-08  1.0074409E-10  1.5830802E-13  1.6954939E-10  5.4936745E-12  5.942E-09  8.012E-05  8.616E-05  9.378E-01  1.092E+00  1.14E+03  0.00E+00  4.93E+02  0.607739  0.332752  0.0000000E+00  4.1494249290E+00
 18  9.166069242098295E+05   84.998965  6.024808  4.797251  7.5157740E-01  2.4837160E-01  1.2897360E-06  5.5965497E-09  1.0296368E-07  6.8210698E-06  3.5296789E-10  1.9992443E-09  9.2047683E-07  2.3543194E-08  3.538E-13  0.6924  4.797251   -8.848  0.862057  7.831092  5.9809551E-01  4.0189469E-01  9.6890606E-08  2.6613005E-08  7.2920857E-06  6.9681450E-08  1.0053211E-10  1.5773135E-13  1.8164837E-10  5.8188234E-12  5.138E-09  7.972E-05  8.588E-05  9.366E-01  1.094E+00  1.14E+03  0.00E+00  4.96E+02  0.612550  0.335391  0.0000000E+00  4.1493980956E+00
 19  9.637170858918771E+05   84.998896  6.028228  4.795983  7.5157740E-01  2.4837170E-01  1.2889359E-06  6.0524331E-09  1.0346597E-07  6.8210048E-06  3.5390920E-10  1.9985622E-09  9.2047125E-07  2.3542930E-08  6.401E-13  0.6885  4.795983   -8.835  0.863336  7.831913  5.8924397E-01  4.1074623E-01  9.7069814E-08  2.6660789E-08  7.2863733E-06  6.9484596E-08  1.0027752E-10  1.5694857E-13  1.7516986E-10  5.6102872E-12  4.432E-09  7.930E-05  8.559E-05  9.354E-01  1.097E+00  1.13E+03  0.00E+00  4.98E+02  0.617561  0.338044  0.0000000E+00  4.1493704374E+00
 20  1.010356867776032E+06   84.998827  6.031662  4.794670  7.5157740E-01  2.4837180E-01  1.2879322E-06  6.5791183E-09  1.0416224E-07  6.8209027E-06  3.5522321E-10  1.9976706E-09  9.2046234E-07  2.3542542E-08  1.072E-12  0.6849  4.794670   -8.822  0.864671  7.832746  5.8039244E-01  4.1959776E-01  9.7292407E-08  2.6719218E-08  7.2805352E-06  6.9244677E-08  9.9832476E-11  1.5600086E-13  1.6652941E-10  5.4566079E-12  3.819E-09  7.888E-05  8.531E-05  9.342E-01  1.100E+00  1.13E+03  0.00E+00  5.01E+02  0.622713  0.340727  0.0000000E+00  4.1493418005E+00
 21  1.056525243240117E+06   84.998756  6.035090  4.793320  7.5157730E-01  2.4837210E-01  1.2866357E-06  7.2060596E-09  1.0514400E-07  6.8207413E-06  3.5710475E-10  1.9964757E-09  9.2044805E-07  2.3541955E-08  1.730E-12  0.6814  4.793320   -8.809  0.866048  7.833587  5.7154090E-01  4.2844936E-01  9.7524422E-08  2.6780234E-08  7.2745961E-06  6.8985804E-08  9.9323353E-11  1.5496966E-13  1.6577930E-10  5.6550498E-12  3.283E-09  7.845E-05  8.500E-05  9.328E-01  1.102E+00  1.12E+03  0.00E+00  5.03E+02  0.628059  0.343427  0.0000000E+00  4.1493121447E+00
 22  1.102264213613059E+06   84.998685  6.038482  4.791946  7.5157710E-01  2.4837231E-01  1.2850692E-06  7.9047356E-09  1.0642699E-07  6.8205071E-06  3.5961645E-10  1.9949823E-09  9.2042698E-07  2.3541130E-08  2.643E-12  0.6779  4.791946   -8.796  0.867431  7.834429  5.6268937E-01  4.3730083E-01  9.7689866E-08  2.6825884E-08  7.2685767E-06  6.8803817E-08  9.9097612E-11  1.5418588E-13  1.7384891E-10  5.8381438E-12  2.822E-09  7.803E-05  8.468E-05  9.315E-01  1.105E+00  1.12E+03  0.00E+00  5.06E+02  0.633438  0.346119  0.0000000E+00  4.1492813855E+00
 23  1.147419324656583E+06   84.998611  6.041900  4.790496  7.5157690E-01  2.4837274E-01  1.2831777E-06  8.6846314E-09  1.0808807E-07  6.8201739E-06  3.6295032E-10  1.9931235E-09  9.2039652E-07  2.3539980E-08  3.888E-12  0.6744  4.790496   -8.783  0.868883  7.835284  5.5383783E-01  4.4615237E-01  9.7921871E-08  2.6887034E-08  7.2624131E-06  6.8556932E-08  9.8649488E-11  1.5320059E-13  1.6316187E-10  5.6140426E-12  2.420E-09  7.761E-05  8.437E-05  9.300E-01  1.108E+00  1.11E+03  0.00E+00  5.09E+02  0.639125  0.348855  0.0000000E+00  4.1492495774E+00
 24  1.192194124587606E+06   84.998536  6.045300  4.788982  7.5157650E-01  2.4837330E-01  1.2809327E-06  9.5414242E-09  1.1018874E-07  6.8197143E-06  3.6728332E-10  1.9908552E-09  9.2035386E-07  2.3538414E-08  5.529E-12  0.6710  4.788982   -8.769  0.870366  7.836144  5.4498630E-01  4.5500390E-01  9.8160577E-08  2.6951203E-08  7.2561402E-06  6.8293957E-08  9.8124427E-11  1.5209953E-13  1.6664393E-10  5.9837931E-12  2.073E-09  7.716E-05  8.405E-05  9.285E-01  1.111E+00  1.11E+03  0.00E+00  5.12E+02  0.644861  0.351597  0.0000000E+00  4.1492165048E+00
 25  1.236473319725544E+06   84.998460  6.048687  4.787437  7.5157590E-01  2.4837410E-01  1.2783815E-06  1.0444825E-08  1.1271778E-07  6.8191155E-06  3.7265028E-10  1.9882115E-09  9.2029743E-07  2.3536389E-08  7.562E-12  0.6675  4.787437   -8.756  0.871876  7.837011  5.3613476E-01  4.6385544E-01  9.8326759E-08  2.6996096E-08  7.2498003E-06  6.8100525E-08  9.7913706E-11  1.5130143E-13  1.6633370E-10  5.8776865E-12  1.773E-09  7.670E-05  8.372E-05  9.270E-01  1.115E+00  1.10E+03  0.00E+00  5.15E+02  0.650682  0.354351  0.0000000E+00  4.1491821821E+00
 26  1.280356899843941E+06   84.998381  6.052095  4.785764  7.5157507E-01  2.4837513E-01  1.2754832E-06  1.1399593E-08  1.1574513E-07  6.8183456E-06  3.7926034E-10  1.9851388E-09  9.2022383E-07  2.3533794E-08  1.004E-11  0.6642  4.785764   -8.741  0.873403  7.837882  5.2728323E-01  4.7270697E-01  9.8707222E-08  2.7105279E-08  7.2432601E-06  6.7638800E-08  9.6903740E-11  1.4932615E-13  1.6683957E-10  6.3515429E-12  1.523E-09  7.622E-05  8.337E-05  9.253E-01  1.118E+00  1.09E+03  0.00E+00  5.18E+02  0.656869  0.357142  0.0000000E+00  4.1491464567E+00
 27  1.323768137537105E+06   84.998301  6.055468  4.784040  7.5157390E-01  2.4837650E-01  1.2722596E-06  1.2389633E-08  1.1927926E-07  6.8173858E-06  3.8719819E-10  1.9816489E-09  9.2013081E-07  2.3530561E-08  1.298E-11  0.6607  4.784040   -8.727  0.874983  7.838761  5.1843169E-01  4.8155851E-01  9.8870949E-08  2.7150494E-08  7.2367527E-06  6.7376873E-08  9.6588840E-11  1.4830570E-13  1.6635542E-10  6.2801465E-12  1.309E-09  7.576E-05  8.301E-05  9.236E-01  1.122E+00  1.09E+03  0.00E+00  5.21E+02  0.663350  0.359927  0.0000000E+00  4.1491092659E+00
 28  1.366808747169502E+06   84.998219  6.058866  4.782261  7.5157230E-01  2.4837830E-01  1.2686336E-06  1.3429670E-08  1.2343739E-07  6.8161863E-06  3.9680020E-10  1.9776469E-09  9.2001298E-07  2.3526513E-08  1.647E-11  0.6575  4.782261   -8.713  0.876666  7.839665  5.0958016E-01  4.9041004E-01  9.9003568E-08  2.7178485E-08  7.2300435E-06  6.7266023E-08  9.6481467E-11  1.4788823E-13  1.6737310E-10  6.5536892E-12  1.126E-09  7.530E-05  8.266E-05  9.217E-01  1.126E+00  1.08E+03  0.00E+00  5.24E+02  0.670042  0.362753  0.0000000E+00  4.1490704452E+00
 29  1.409329072810150E+06   84.998135  6.062241  4.780409  7.5157016E-01  2.4838064E-01  1.2647454E-06  1.4473286E-08  1.2808778E-07  6.8147680E-06  4.0783129E-10  1.9732784E-09  9.1987189E-07  2.3521713E-08  2.035E-11  0.6541  4.780409   -8.698  0.878347  7.840565  5.0072862E-01  4.9926158E-01  9.9169471E-08  2.7224596E-08  7.2231859E-06  6.7114011E-08  9.6330723E-11  1.4715745E-13  1.6424164E-10  6.2474798E-12  9.648E-10  7.479E-05  8.229E-05  9.198E-01  1.130E+00  1.08E+03  0.00E+00  5.28E+02  0.676700  0.365584  0.0000000E+00  4.1490300307E+00
 30  1.451606814642199E+06   84.998049  6.065611  4.778487  7.5156740E-01  2.4838360E-01  1.2604962E-06  1.5543034E-08  1.3337186E-07  6.8130724E-06  4.2069036E-10  1.9684262E-09  9.1970117E-07  2.3515949E-08  2.474E-11  0.6510  4.778487   -8.683  0.880075  7.841475  4.9187709E-01  5.0811311E-01  9.9343299E-08  2.7272948E-08  7.2162517E-06  6.6885781E-08  9.6010522E-11  1.4615542E-13  1.8169281E-10  7.0182164E-12  8.287E-10  7.429E-05  8.191E-05  9.178E-01  1.135E+00  1.07E+03  0.00E+00  5.32E+02  0.683709  0.368431  0.0000000E+00  4.1489876337E+00
 31  1.493167034729330E+06   84.997961  6.068992  4.776469  7.5156396E-01  2.4838740E-01  1.2559090E-06  1.6627653E-08  1.3929175E-07  6.8110807E-06  4.3545606E-10  1.9631076E-09  9.1949830E-07  2.3509146E-08  2.960E-11  0.6476  4.776469   -8.669  0.881867  7.842396  4.8302555E-01  5.1696465E-01  9.9594320E-08  2.7339890E-08  7.2091168E-06  6.6619653E-08  9.5567026E-11  1.4503988E-13  1.6117997E-10  6.3720008E-12  7.157E-10  7.378E-05  8.153E-05  9.157E-01  1.140E+00  1.06E+03  0.00E+00  5.35E+02  0.690964  0.371311  0.0000000E+00  4.1489436210E+00
 32  1.534606494019345E+06   84.997871  6.072354  4.774333  7.5155948E-01  2.4839212E-01  1.2509334E-06  1.7733550E-08  1.4594418E-07  6.8087411E-06  4.5244699E-10  1.9572555E-09  9.1925731E-07  2.3501110E-08  3.499E-11  0.6443  4.774333   -8.653  0.883684  7.843325  4.7417402E-01  5.2581618E-01  9.9765454E-08  2.7387613E-08  7.2019251E-06  6.6386137E-08  9.5261676E-11  1.4401923E-13  1.7486120E-10  6.9914655E-12  6.214E-10  7.326E-05  8.112E-05  9.133E-01  1.145E+00  1.06E+03  0.00E+00  5.39E+02  0.698615  0.374196  0.0000000E+00  4.1488971842E+00
 33  1.575403830312242E+06   84.997779  6.075726  4.772101  7.5155410E-01  2.4839775E-01  1.2458078E-06  1.8806609E-08  1.5302894E-07  6.8061456E-06  4.7094969E-10  1.9511469E-09  9.1898714E-07  2.3492141E-08  4.058E-11  0.6412  4.772101   -8.637  0.885550  7.844257  4.6532248E-01  5.3466772E-01  1.0014234E-07  2.7495479E-08  7.1945637E-06  6.5856362E-08  9.4286955E-11  1.4186747E-13  1.5879019E-10  6.8310823E-12  5.466E-10  7.269E-05  8.071E-05  9.109E-01  1.150E+00  1.05E+03  0.00E+00  5.43E+02  0.706299  0.377112  0.0000000E+00  4.1488487489E+00
 34  1.615995286706115E+06   84.997683  6.079081  4.769702  7.5154768E-01  2.4840442E-01  1.2404962E-06  1.9856716E-08  1.6060227E-07  6.8032658E-06  4.9114105E-10  1.9447396E-09  9.1868440E-07  2.3482132E-08  4.637E-11  0.6380  4.769702   -8.621  0.887494  7.845216  4.5647095E-01  5.4351925E-01  1.0021236E-07  2.7509941E-08  7.1870743E-06  6.5825305E-08  9.4406610E-11  1.4162850E-13  1.6665210E-10  6.9983549E-12  4.799E-10  7.216E-05  8.029E-05  9.082E-01  1.157E+00  1.04E+03  0.00E+00  5.48E+02  0.714945  0.380035  0.0000000E+00  4.1487975725E+00
 35  1.656308054502243E+06   84.997585  6.082444  4.767170  7.5153980E-01  2.4841257E-01  1.2348216E-06  2.0917295E-08  1.6893714E-07  6.7999836E-06  5.1380144E-10  1.9378160E-09  9.1833613E-07  2.3470657E-08  5.258E-11  0.6348  4.767170   -8.604  0.889435  7.846169  4.4761941E-01  5.5237079E-01  1.0048387E-07  2.7590919E-08  7.1794890E-06  6.5374885E-08  9.3697035E-11  1.3977384E-13  1.7909284E-10  7.8462021E-12  4.276E-10  7.160E-05  7.985E-05  9.052E-01  1.164E+00  1.04E+03  0.00E+00  5.53E+02  0.723923  0.382988  0.0000000E+00  4.1487434669E+00
 36  1.696074765184009E+06   84.997484  6.085812  4.764557  7.5153068E-01  2.4842192E-01  1.2290770E-06  2.1933722E-08  1.7761697E-07  6.7964526E-06  5.3783603E-10  1.9307320E-09  9.1795808E-07  2.3458237E-08  5.879E-11  0.6318  4.764557   -8.587  0.891522  7.847157  4.3876788E-01  5.6122224E-01  1.0064533E-07  2.7627078E-08  7.1715771E-06  6.5323900E-08  9.3672954E-11  1.3938907E-13  1.6907524E-10  7.5399245E-12  3.802E-10  7.105E-05  7.941E-05  9.021E-01  1.171E+00  1.03E+03  0.00E+00  5.58E+02  0.733246  0.385969  0.0000000E+00  4.1486865470E+00
 37  1.735524763762695E+06   84.997380  6.089193  4.761905  7.5152019E-01  2.4843281E-01  1.2231699E-06  2.2925204E-08  1.8678338E-07  6.7926101E-06  5.6365099E-10  1.9233756E-09  9.1754324E-07  2.3444643E-08  6.508E-11  0.6286  4.761905   -8.570  0.893615  7.848145  4.2991634E-01  5.7007386E-01  1.0080978E-07  2.7674028E-08  7.1636680E-06  6.5084805E-08  9.3406772E-11  1.3833363E-13  1.6848245E-10  7.4640762E-12  3.416E-10  7.043E-05  7.896E-05  8.990E-01  1.179E+00  1.02E+03  0.00E+00  5.63E+02  0.742203  0.388983  0.0000000E+00  4.1486262978E+00
 38  1.774778467127765E+06   84.997272  6.092572  4.759209  7.5150769E-01  2.4844551E-01  1.2169738E-06  2.3912501E-08  1.9664931E-07  6.7883555E-06  5.9188282E-10  1.9155867E-09  9.1708021E-07  2.3429503E-08  7.163E-11  0.6256  4.759209   -8.553  0.895765  7.849149  4.2106481E-01  5.7892539E-01  1.0097891E-07  2.7721683E-08  7.1556011E-06  6.4830253E-08  9.3109445E-11  1.3721906E-13  1.7995148E-10  8.0918705E-12  3.120E-10  6.985E-05  7.849E-05  8.957E-01  1.187E+00  1.02E+03  0.00E+00  5.68E+02  0.751553  0.392019  0.0000000E+00  4.1485622835E+00
 39  1.813567400016419E+06   84.997160  6.095925  4.756384  7.5149367E-01  2.4845973E-01  1.2107744E-06  2.4851362E-08  2.0676657E-07  6.7838751E-06  6.2126698E-10  1.9077250E-09  9.1658889E-07  2.3413471E-08  7.799E-11  0.6225  4.756384   -8.535  0.897986  7.850169  4.1221327E-01  5.8777693E-01  1.0127571E-07  2.7802770E-08  7.1472441E-06  6.4514971E-08  9.2538429E-11  1.3572766E-13  1.8111467E-10  8.6380029E-12  2.874E-10  6.922E-05  7.801E-05  8.922E-01  1.196E+00  1.01E+03  0.00E+00  5.74E+02  0.761077  0.395054  0.0000000E+00  4.1484946926E+00
 40  1.851927868037334E+06   84.997046  6.099334  4.753103  7.5147794E-01  2.4847576E-01  1.2044971E-06  2.5756458E-08  2.1725338E-07  6.7791152E-06  6.5214305E-10  1.8996991E-09  9.1606318E-07  2.3396348E-08  8.426E-11  0.6195  4.753103   -8.516  0.900274  7.851196  4.0336174E-01  5.9662846E-01  1.0151353E-07  2.7873752E-08  7.1389259E-06  6.4053505E-08  9.1969877E-11  1.3395207E-13  1.7010986E-10  8.3515811E-12  2.671E-10  6.858E-05  7.752E-05  8.879E-01  1.207E+00  1.00E+03  0.00E+00  5.80E+02  0.772310  0.398166  0.0000000E+00  4.1484229159E+00
 41  1.890012100313591E+06   84.996928  6.102681  4.749561  7.5146060E-01  2.4849340E-01  1.1982570E-06  2.6614442E-08  2.2791196E-07  6.7741653E-06  6.8392022E-10  1.8916596E-09  9.1551280E-07  2.3378449E-08  9.024E-11  0.6164  4.749561   -8.495  0.902652  7.852255  3.9451021E-01  6.0547996E-01  1.0159044E-07  2.7890738E-08  7.1303067E-06  6.4029049E-08  9.2092947E-11  1.3362920E-13  1.7769691E-10  8.4753100E-12  2.443E-10  6.793E-05  7.702E-05  8.831E-01  1.220E+00  9.92E+02  0.00E+00  5.88E+02  0.784447  0.401242  0.0000000E+00  4.1483458578E+00
 42  1.927909541139432E+06   84.996804  6.106079  4.745929  7.5144057E-01  2.4851372E-01  1.1917197E-06  2.7472041E-08  2.3932122E-07  6.7687500E-06  7.1833586E-10  1.8831757E-09  9.1490678E-07  2.3358769E-08  9.640E-11  0.6135  4.745929   -8.475  0.905081  7.853325  3.8565867E-01  6.1433152E-01  1.0176361E-07  2.7939756E-08  7.1215863E-06  6.3755343E-08  9.1794991E-11  1.3242912E-13  1.8698866E-10  9.1062588E-12  2.316E-10  6.727E-05  7.651E-05  8.780E-01  1.233E+00  9.84E+02  0.00E+00  5.95E+02  0.796818  0.404389  0.0000000E+00  4.1482626883E+00
 43  1.965517571155584E+06   84.996674  6.109473  4.742242  7.5141946E-01  2.4853510E-01  1.1854418E-06  2.8258699E-08  2.5050650E-07  6.7633312E-06  7.5244104E-10  1.8749723E-09  9.1429667E-07  2.3338982E-08  1.019E-10  0.6105  4.742242   -8.454  0.907587  7.854415  3.7680714E-01  6.2318300E-01  1.0194127E-07  2.7990010E-08  7.1126870E-06  6.3477585E-08  9.1493105E-11  1.3120742E-13  1.9670078E-10  9.7886714E-12  2.214E-10  6.657E-05  7.597E-05  8.727E-01  1.249E+00  9.75E+02  0.00E+00  6.03E+02  0.809076  0.407558  0.0000000E+00  4.1481730972E+00
 44  2.002602952500473E+06   84.996541  6.112865  4.738502  7.5139664E-01  2.4855814E-01  1.1792404E-06  2.9002663E-08  2.6177090E-07  6.7577707E-06  7.8711942E-10  1.8668175E-09  9.1366707E-07  2.3318587E-08  1.071E-10  0.6077  4.738502   -8.433  0.910210  7.855525  3.6795560E-01  6.3203450E-01  1.0223765E-07  2.8071260E-08  7.1035114E-06  6.3125581E-08  9.0963157E-11  1.2959101E-13  1.8422112E-10  9.8805558E-12  2.126E-10  6.588E-05  7.542E-05  8.670E-01  1.264E+00  9.67E+02  0.00E+00  6.11E+02  0.821444  0.410749  0.0000000E+00  4.1480771608E+00
 45  2.039367534778570E+06   84.996402  6.116274  4.734304  7.5137160E-01  2.4858340E-01  1.1729886E-06  2.9721410E-08  2.7333919E-07  6.7519583E-06  8.2304870E-10  1.8585474E-09  9.1300540E-07  2.3297178E-08  1.121E-10  0.6047  4.734304   -8.411  0.912871  7.856650  3.5910407E-01  6.4088613E-01  1.0240760E-07  2.8119301E-08  7.0942507E-06  6.2877088E-08  9.0758370E-11  1.2847504E-13  1.8010014E-10  9.4367308E-12  2.010E-10  6.515E-05  7.487E-05  8.604E-01  1.284E+00  9.58E+02  0.00E+00  6.20E+02  0.835196  0.413980  0.0000000E+00  4.1479735971E+00
 46  2.075938843504580E+06   84.996256  6.119684  4.729348  7.5134470E-01  2.4861054E-01  1.1668013E-06  3.0403657E-08  2.8499546E-07  6.7460025E-06  8.5954531E-10  1.8503158E-09  9.1232395E-07  2.3275150E-08  1.168E-10  0.6017  4.729348   -8.386  0.915629  7.857800  3.5025253E-01  6.4973763E-01  1.0259238E-07  2.8171653E-08  7.0848152E-06  6.2585658E-08  9.0462013E-11  1.2718572E-13  1.8510150E-10  9.8859394E-12  1.927E-10  6.440E-05  7.430E-05  8.520E-01  1.309E+00  9.48E+02  0.00E+00  6.32E+02  0.851624  0.417238  0.0000000E+00  4.1478598375E+00
 47  2.112327524758989E+06   84.996101  6.123116  4.724053  7.5131586E-01  2.4863964E-01  1.1606488E-06  3.1054832E-08  2.9678839E-07  6.7398802E-06  8.9674365E-10  1.8420862E-09  9.1162004E-07  2.3252418E-08  1.211E-10  0.5988  4.724053   -8.359  0.918477  7.858975  3.4140100E-01  6.5858910E-01  1.0277938E-07  2.8224750E-08  7.0751851E-06  6.2287835E-08  9.0166232E-11  1.2587077E-13  1.9130912E-10  1.0458474E-11  1.885E-10  6.365E-05  7.370E-05  8.423E-01  1.340E+00  9.38E+02  0.00E+00  6.45E+02  0.869007  0.420542  0.0000000E+00  4.1477335333E+00
 48  2.148309016190053E+06   84.995939  6.126534  4.718812  7.5128676E-01  2.4866900E-01  1.1548955E-06  3.1640294E-08  3.0799776E-07  6.7339741E-06  9.3233454E-10  1.8343519E-09  9.1093790E-07  2.3230410E-08  1.247E-10  0.5958  4.718812   -8.331  0.921409  7.860170  3.3254946E-01  6.6744064E-01  1.0296294E-07  2.8277023E-08  7.0653756E-06  6.1989956E-08  8.9889054E-11  1.2456261E-13  1.9803961E-10  1.1047190E-11  1.798E-10  6.286E-05  7.311E-05  8.322E-01  1.373E+00  9.29E+02  0.00E+00  6.59E+02  0.885558  0.423859  0.0000000E+00  4.1475937734E+00
 49  2.184048561075198E+06   84.995766  6.129966  4.712533  7.5125604E-01  2.4869993E-01  1.1492290E-06  3.2195819E-08  3.1920799E-07  6.7279867E-06  9.6813432E-10  1.8266991E-09  9.1024346E-07  2.3208023E-08  1.279E-10  0.5930  4.712533   -8.300  0.924282  7.861340  3.2369793E-01  6.7629227E-01  1.0363954E-07  2.8492079E-08  7.0556963E-06  6.0572446E-08  8.7963276E-11  1.1975348E-13  1.9539148E-10  1.2980577E-11  1.856E-10  6.204E-05  7.249E-05  8.192E-01  1.419E+00  9.18E+02  0.00E+00  6.76E+02  0.905041  0.427215  0.0000000E+00  4.1474374339E+00
 50  2.219583015887007E+06   84.995580  6.133434  4.705083  7.5122433E-01  2.4873177E-01  1.1437638E-06  3.2712452E-08  3.3018043E-07  6.7220501E-06  1.0033576E-09  1.8192854E-09  9.0955218E-07  2.3185756E-08  1.306E-10  0.5902  4.705083   -8.263  0.927325  7.862558  3.1484639E-01  6.8514371E-01  1.0407505E-07  2.8625620E-08  7.0461024E-06  5.9747538E-08  8.6984374E-11  1.1691174E-13  1.8081671E-10  1.3127660E-11  1.758E-10  6.116E-05  7.187E-05  8.018E-01  1.483E+00  9.06E+02  0.00E+00  6.99E+02  0.927397  0.430632  0.0000000E+00  4.1472575707E+00
 51  2.255075538570225E+06   84.995377  6.136933  4.697039  7.5119296E-01  2.4876334E-01  1.1386749E-06  3.3177178E-08  3.4053910E-07  6.7163786E-06  1.0367617E-09  1.8123543E-09  9.0888931E-07  2.3164420E-08  1.327E-10  0.5875  4.697039   -8.221  0.930223  7.863722  3.0599486E-01  6.9399524E-01  1.0528842E-07  2.9015136E-08  7.0361403E-06  5.7889258E-08  8.4701429E-11  1.1112102E-13  1.8275874E-10  1.6016306E-11  1.860E-10  6.026E-05  7.119E-05  7.807E-01  1.568E+00  8.94E+02  0.00E+00  7.26E+02  0.949851  0.434110  0.0000000E+00  4.1470444142E+00
 52  2.290675878692297E+06   84.995142  6.140518  4.682480  7.5115390E-01  2.4880265E-01  1.1327323E-06  3.3700515E-08  3.5281008E-07  6.7095775E-06  1.0765049E-09  1.8042265E-09  9.0809143E-07  2.3138759E-08  1.355E-10  0.5849  4.682480   -8.141  0.932908  7.864808  2.9714332E-01  7.0284683E-01  1.0752732E-07  2.9722896E-08  7.0255738E-06  5.5537418E-08  8.2180304E-11  1.0400971E-13  1.6545369E-10  1.7244867E-11  1.843E-10  5.930E-05  7.044E-05  7.300E-01  1.790E+00  8.79E+02  0.00E+00  7.91E+02  0.985488  0.437700  0.0000000E+00  4.1467666145E+00
 53  2.328489455712888E+06   84.980223  6.144831  4.677389  7.5098030E-01  2.4897701E-01  1.1100112E-06  3.5538267E-08  4.0129641E-07  6.6819589E-06  1.2348703E-09  1.7728604E-09  9.0482353E-07  2.3033848E-08  1.586E-10  0.5830  4.677389   -8.118  0.934699  7.865587  2.8829179E-01  7.1169840E-01  1.1259600E-07  3.1263244E-08  7.0124360E-06  5.2379251E-08  8.0126907E-11  9.3338917E-14  1.3343435E-10  1.5475597E-11  1.815E-10  5.749E-05  6.948E-05  7.221E-01  1.830E+00  8.69E+02  0.00E+00  7.93E+02  0.988996  0.442102  0.0000000E+00  4.1140175858E+00
 54  2.365893927700713E+06   84.957925  6.148874  4.673493  7.5077149E-01  2.4918664E-01  1.0872321E-06  3.7185334E-08  4.5194410E-07  6.6521503E-06  1.4016022E-09  1.7410565E-09  9.0126057E-07  2.2919727E-08  1.808E-10  0.5812  4.673493   -8.103  0.939314  7.867379  2.7944025E-01  7.2054985E-01  1.0983861E-07  3.0428119E-08  7.0065402E-06  5.3650288E-08  8.0879957E-11  9.7719594E-14  2.4036305E-10  2.8203418E-11  2.477E-10  5.588E-05  6.869E-05  7.181E-01  1.850E+00  8.60E+02  0.00E+00  7.91E+02  0.990535  0.446300 -1.8195813E+00  4.0640219870E+00
 55  2.403680794956297E+06   84.933798  6.152985  4.670521  7.5044980E-01  2.4950940E-01  1.0584400E-06  3.9012583E-08  5.1891416E-07  6.6113619E-06  1.6231017E-09  1.7003741E-09  8.9633345E-07  2.2762334E-08  2.094E-10  0.5793  4.670521   -8.084  0.940851  7.868160  2.7058872E-01  7.2940138E-01  1.1631019E-07  3.2353230E-08  6.9903623E-06  5.1134411E-08  8.1291086E-11  8.6773252E-14  2.5714135E-10  3.1953699E-11  2.525E-10  5.409E-05  6.744E-05  7.215E-01  1.877E+00  8.51E+02  0.00E+00  7.78E+02  0.989230  0.450590 -4.9900906E+00  4.0092813900E+00
 56  2.445694169136472E+06   84.903918  6.158214  4.666759  7.5003954E-01  2.4992066E-01  1.0285955E-06  4.0641401E-08  5.9176002E-07  6.5654277E-06  1.8641323E-09  1.6576832E-09  8.9072561E-07  2.2583741E-08  2.369E-10  0.5785  4.666759   -8.067  0.946982  7.870486  2.6173718E-01  7.3825298E-01  1.0883986E-07  3.0112497E-08  6.9893891E-06  5.3998890E-08  8.1518155E-11  9.8366403E-14  3.8432031E-10  4.5829303E-11  3.426E-10  5.223E-05  6.649E-05  7.215E-01  1.893E+00  8.41E+02  0.00E+00  7.69E+02  0.989261  0.456101 -2.6264764E+00  3.9402200269E+00
 57  2.483587763795747E+06   84.876314  6.162737  4.665764  7.4949311E-01  2.5046812E-01  9.9632701E-07  4.2129069E-08  6.7450599E-07  6.5114646E-06  2.1365271E-09  1.6109653E-09  8.8407030E-07  2.2372514E-08  2.665E-10  0.5773  4.665764   -8.095  0.950784  7.872017  2.5288565E-01  7.4710445E-01  1.0905601E-07  3.0174485E-08  6.9793076E-06  5.3679442E-08  8.1444048E-11  9.7163292E-14  3.0570349E-10  3.7099025E-11  2.695E-10  5.032E-05  6.533E-05  7.360E-01  1.751E+00  8.33E+02  0.00E+00  7.41E+02  0.982111  0.460884 -1.4832980E+00  3.8754274055E+00
 58  2.522066510536440E+06   84.848945  6.167281  4.658984  7.4886677E-01  2.5109543E-01  9.6597453E-07  4.3295900E-08  7.5614062E-07  6.4565591E-06  2.4024860E-09  1.5665270E-09  8.7723661E-07  2.2156416E-08  2.918E-10  0.5761  4.658984   -8.035  0.954691  7.873593  2.4403411E-01  7.5595609E-01  1.0929777E-07  3.0242185E-08  6.9688604E-06  5.3353588E-08  8.1371195E-11  9.5886677E-14  3.3076485E-10  4.1547504E-11  2.860E-10  4.891E-05  6.412E-05  7.185E-01  1.933E+00  8.22E+02  0.00E+00  7.56E+02  0.990415  0.465714 -2.4599060E+00  3.8105308755E+00
 59  2.559437268759429E+06   84.821922  6.171675  4.655564  7.4815460E-01  2.5180850E-01  9.3704193E-07  4.4219844E-08  8.3739530E-07  6.4004353E-06  2.6634123E-09  1.5237521E-09  8.7019703E-07  2.1934617E-08  3.139E-10  0.5743  4.655564   -8.020  0.958658  7.875191  2.3518258E-01  7.6480757E-01  1.0950770E-07  3.0304991E-08  6.9582087E-06  5.3030249E-08  8.1322562E-11  9.4705780E-14  3.4534569E-10  4.4352688E-11  2.721E-10  4.733E-05  6.292E-05  7.196E-01  1.952E+00  8.13E+02  0.00E+00  7.46E+02  0.989996  0.470408  0.0000000E+00  3.7458990403E+00
 60  2.602287969190632E+06   84.788339  6.177503  4.652674  7.4715216E-01  2.5281204E-01  9.0314323E-07  4.5083979E-08  9.3704487E-07  6.3297360E-06  2.9768241E-09  1.4731349E-09  8.6126138E-07  2.1654274E-08  3.377E-10  0.5751  4.652674   -8.013  0.962974  7.876927  2.2633104E-01  7.7365910E-01  1.0981004E-07  3.0392767E-08  6.9467275E-06  5.2662773E-08  8.1268234E-11  9.3306674E-14  4.5402759E-10  6.0568279E-11  3.584E-10  4.523E-05  6.153E-05  7.300E-01  1.922E+00  8.02E+02  0.00E+00  7.22E+02  0.985492  0.476678  0.0000000E+00  3.6644454012E+00
 61  2.645225528243445E+06   84.755509  6.183396  4.646616  7.4592771E-01  2.5403758E-01  8.6902528E-07  4.5732253E-08  1.0423908E-06  6.2529153E-06  3.2987173E-09  1.4216621E-09  8.5147802E-07  2.1348883E-08  3.590E-10  0.5755  4.646616   -8.047  0.967365  7.878697  2.1747951E-01  7.8251069E-01  1.1005506E-07  3.0465515E-08  6.9349109E-06  5.2312162E-08  8.1227819E-11  9.1999625E-14  5.3689613E-10  7.2095361E-11  3.629E-10  4.321E-05  6.010E-05  7.255E-01  1.727E+00  7.89E+02  0.00E+00  7.16E+02  0.987480  0.483039 -9.7113595E-02  3.5833452264E+00
 62  2.687469387414194E+06   84.722739  6.189316  4.641858  7.4454371E-01  2.5542258E-01  8.3697588E-07  4.6151915E-08  1.1462069E-06  6.1752566E-06  3.6050003E-09  1.3728378E-09  8.4152002E-07  2.1039726E-08  3.759E-10  0.5757  4.641858   -7.955  0.971985  7.880549  2.0862797E-01  7.9136213E-01  1.1028741E-07  3.0536719E-08  6.9227163E-06  5.1977354E-08  8.1251599E-11  9.0791466E-14  5.7586483E-10  7.9657605E-11  3.638E-10  4.135E-05  5.868E-05  7.260E-01  2.066E+00  7.78E+02  0.00E+00  7.05E+02  0.987286  0.489470 -5.0659525E+00  3.5012646485E+00
 63  2.728500367223747E+06   84.690663  6.195096  4.635817  7.4283200E-01  2.5713526E-01  8.0389072E-07  4.6404182E-08  1.2586063E-06  6.0891195E-06  3.9228962E-09  1.3219614E-09  8.3040510E-07  2.0696695E-08  3.917E-10  0.5742  4.635817   -7.945  0.976826  7.882467  1.9977644E-01  8.0021372E-01  1.1059597E-07  3.0627278E-08  6.9102017E-06  5.1519654E-08  8.1152900E-11  8.9252882E-14  4.6654911E-10  6.7725568E-11  3.124E-10  3.959E-05  5.731E-05  7.202E-01  2.056E+00  7.66E+02  0.00E+00  7.02E+02  0.989733  0.495729 -4.2226991E+00  3.4195092364E+00
 64  2.762909663028162E+06   84.665659  6.199260  4.632969  7.4139986E-01  2.5856814E-01  7.8017332E-07  4.6478797E-08  1.3425968E-06  6.0234397E-06  4.1504454E-09  1.2851982E-09  8.2188647E-07  2.0435257E-08  3.995E-10  0.5723  4.632969   -7.935  0.981619  7.884329  1.9092490E-01  8.0906520E-01  1.1087639E-07  3.0707863E-08  6.8978958E-06  5.1136219E-08  8.1119149E-11  8.7846502E-14  3.4438401E-10  5.1981425E-11  2.188E-10  3.829E-05  5.618E-05  7.246E-01  2.063E+00  7.58E+02  0.00E+00  6.89E+02  0.987920  0.500241  0.0000000E+00  3.3550279627E+00
 65  2.804066435775294E+06   84.636096  6.205233  4.626270  7.3944096E-01  2.6052784E-01  7.5199772E-07  4.6458463E-08  1.4462571E-06  5.9409097E-06  4.4187999E-09  1.2412097E-09  8.1113479E-07  2.0107115E-08  4.068E-10  0.5720  4.626270   -7.910  0.987065  7.886425  1.8207337E-01  8.1791673E-01  1.1082498E-07  3.0680080E-08  6.8846020E-06  5.0985971E-08  8.1249304E-11  8.6894007E-14  5.1544821E-10  8.3106032E-11  3.170E-10  3.643E-05  5.486E-05  7.199E-01  2.129E+00  7.45E+02  0.00E+00  6.83E+02  0.989880  0.506775  0.0000000E+00  3.2773762545E+00
 66  2.837457470934817E+06   84.612336  6.209438  4.625965  7.3772651E-01  2.6224299E-01  7.3042193E-07  4.6366702E-08  1.5285984E-06  5.8742496E-06  4.6217526E-09  1.2072948E-09  8.0241546E-07  1.9842501E-08  4.103E-10  0.5702  4.625965   -7.977  0.992329  7.888416  1.7322183E-01  8.2676827E-01  1.1106609E-07  3.0752926E-08  6.8713797E-06  5.0638005E-08  8.1334597E-11  8.5719171E-14  3.2215342E-10  5.1329419E-11  1.840E-10  3.502E-05  5.382E-05  7.394E-01  1.789E+00  7.37E+02  0.00E+00  6.52E+02  0.980320  0.511344 -8.6884963E-01  3.2137757795E+00
 67  2.875013841399843E+06   84.587812  6.214700  4.616527  7.3552826E-01  2.6444194E-01  7.0599784E-07  4.6186304E-08  1.6250566E-06  5.7949655E-06  4.8475563E-09  1.1686597E-09  7.9200748E-07  1.9528416E-08  4.130E-10  0.5694  4.616527   -7.879  0.998033  7.890557  1.6437030E-01  8.3561980E-01  1.1152469E-07  3.0884921E-08  6.8570167E-06  5.0136123E-08  8.1279952E-11  8.3836633E-14  4.4419001E-10  7.6919644E-11  2.483E-10  3.357E-05  5.267E-05  7.181E-01  2.204E+00  7.25E+02  0.00E+00  6.66E+02  0.990513  0.517072 -5.4576574E+00  3.1473109631E+00
 68  2.913778197431514E+06   84.561512  6.220562  4.610867  7.3300964E-01  2.6696126E-01  6.8143465E-07  4.5927492E-08  1.7256216E-06  5.7110071E-06  5.0691400E-09  1.1295471E-09  7.8094584E-07  1.9196693E-08  4.139E-10  0.5698  4.610867   -7.866  1.004165  7.892835  1.5551876E-01  8.4447134E-01  1.1177903E-07  3.0965393E-08  6.8421223E-06  4.9728260E-08  8.1383308E-11  8.2618874E-14  4.4719869E-10  7.9496169E-11  2.329E-10  3.178E-05  5.149E-05  7.221E-01  2.219E+00  7.12E+02  0.00E+00  6.50E+02  0.988972  0.523501 -1.9927349E+00  3.0743968510E+00
 69  2.947112953168990E+06   84.539171  6.225136  4.611558  7.3071999E-01  2.6925151E-01  6.6157203E-07  4.5664153E-08  1.8096210E-06  5.6399095E-06  5.2433146E-09  1.0977310E-09  7.7154919E-07  1.8916577E-08  4.127E-10  0.5679  4.611558   -7.922  1.010371  7.895111  1.4666723E-01  8.5332284E-01  1.1224424E-07  3.1101261E-08  6.8272439E-06  4.9207491E-08  8.1379191E-11  8.0794784E-14  2.7764019E-10  4.9899770E-11  1.350E-10  3.029E-05  5.052E-05  7.499E-01  1.915E+00  7.04E+02  0.00E+00  6.10E+02  0.973634  0.528484 -1.6398200E+00  3.0115905062E+00
 70  2.982390054642177E+06   84.518027  6.230020  4.601533  7.2813993E-01  2.7183207E-01  6.4143387E-07  4.5349703E-08  1.8973032E-06  5.5647877E-06  5.4144475E-09  1.0653007E-09  7.6159350E-07  1.8621471E-08  4.101E-10  0.5667  4.601533   -7.846  1.016959  7.897515  1.3781569E-01  8.6217441E-01  1.1274129E-07  3.1245825E-08  6.8114912E-06  4.8689727E-08  8.1439972E-11  7.8928171E-14  4.0811369E-10  7.8001822E-11  1.823E-10  2.902E-05  4.953E-05  7.288E-01  2.261E+00  6.91E+02  0.00E+00  6.23E+02  0.986054  0.533798 -2.3653163E+00  2.9512410553E+00
 71  3.013814101439603E+06   84.499368  6.234065  4.593998  7.2582973E-01  2.7414287E-01  6.2504724E-07  4.5059915E-08  1.9705543E-06  5.5013455E-06  5.5490797E-09  1.0387835E-09  7.5316543E-07  1.8372982E-08  4.062E-10  0.5649  4.593998   -7.856  1.023762  7.899965  1.2896416E-01  8.7102585E-01  1.1334880E-07  3.1424075E-08  6.7956936E-06  4.8120966E-08  8.1536444E-11  7.6958397E-14  3.8723516E-10  7.3246816E-11  1.450E-10  2.787E-05  4.869E-05  7.155E-01  2.175E+00  6.80E+02  0.00E+00  6.29E+02  0.991409  0.538192  0.0000000E+00  2.8968249177E+00
 72  3.044168493491169E+06   84.481729  6.238077  4.593231  7.2355696E-01  2.7641601E-01  6.1019349E-07  4.4771712E-08  2.0384558E-06  5.4419962E-06  5.6671163E-09  1.0146472E-09  7.4526526E-07  1.8141166E-08  4.015E-10  0.5623  4.593231   -7.918  1.031299  7.902642  1.2011262E-01  8.7987748E-01  1.1327749E-07  3.1395258E-08  6.7798544E-06  4.8003493E-08  8.1930929E-11  7.6283748E-14  3.3250889E-10  6.2297027E-11  1.100E-10  2.676E-05  4.796E-05  7.351E-01  1.828E+00  6.73E+02  0.00E+00  6.00E+02  0.982963  0.542584  0.0000000E+00  2.8450763336E+00
 73  3.076044551828417E+06   84.463726  6.242759  4.585799  7.2111913E-01  2.7885427E-01  5.9547019E-07  4.4462233E-08  2.1072197E-06  5.3813664E-06  5.7799241E-09  9.9062727E-10  7.3717938E-07  1.7905029E-08  3.957E-10  0.5595  4.585799   -7.808  1.039523  7.905488  1.1126109E-01  8.8872898E-01  1.1387159E-07  3.1568415E-08  6.7624859E-06  4.7341300E-08  8.1972099E-11  7.4043437E-14  2.3321397E-10  4.9737052E-11  8.635E-11  2.538E-05  4.721E-05  7.308E-01  2.414E+00  6.61E+02  0.00E+00  5.94E+02  0.985075  0.547806 -5.1315462E+00  2.7910198338E+00
 74  3.105735098675390E+06   84.448063  6.246728  4.578497  7.1885474E-01  2.8111898E-01  5.8275858E-07  4.4176370E-08  2.1677713E-06  5.3275483E-06  5.8736880E-09  9.6981259E-10  7.2998965E-07  1.7696018E-08  3.896E-10  0.5562  4.578497   -7.797  1.048042  7.908445  1.0240955E-01  8.9758055E-01  1.1464274E-07  3.1795881E-08  6.7447155E-06  4.6648648E-08  8.2158908E-11  7.1768731E-14  2.1320362E-10  4.7830500E-11  7.166E-11  2.429E-05  4.657E-05  7.217E-01  2.474E+00  6.50E+02  0.00E+00  5.94E+02  0.989163  0.552212 -9.9516572E-01  2.7435895977E+00
 75  3.134822478752431E+06   84.432691  6.250731  4.579195  7.1621260E-01  2.8376152E-01  5.6895074E-07  4.3846355E-08  2.2348173E-06  5.2674928E-06  5.9713946E-09  9.4712117E-10  7.2195343E-07  1.7463471E-08  3.839E-10  0.5529  4.579195   -7.895  1.057650  7.911723  9.3558020E-02  9.0643202E-01  1.1487280E-07  3.1846156E-08  6.7267210E-06  4.6346962E-08  8.2583985E-11  6.9984215E-14  1.8403565E-10  4.2595812E-11  5.756E-11  2.309E-05  4.603E-05  7.519E-01  1.896E+00  6.43E+02  0.00E+00  5.54E+02  0.972558  0.556570 -9.3832626E-01  2.6959057048E+00
 76  3.161571945113041E+06   84.419884  6.254122  4.575828  7.1385419E-01  2.8612041E-01  5.5741516E-07  4.3555719E-08  2.2918274E-06  5.2160593E-06  6.0496079E-09  9.2810043E-10  7.1506065E-07  1.7264885E-08  3.780E-10  0.5477  4.575828   -7.818  1.067810  7.915184  8.4706485E-02  9.1528358E-01  1.1555875E-07  3.2044025E-08  6.7079084E-06  4.5734438E-08  8.2980514E-11  6.7807251E-14  1.7461536E-10  4.2425525E-11  4.915E-11  2.223E-05  4.561E-05  7.568E-01  2.346E+00  6.36E+02  0.00E+00  5.43E+02  0.969167  0.560246 -3.3970638E+00  2.6557783556E+00
 77  3.187943732285251E+06   84.407665  6.257461  4.568740  7.1148983E-01  2.8848497E-01  5.4653288E-07  4.3268732E-08  2.3464819E-06  5.1664268E-06  6.1202697E-09  9.1010177E-10  7.0840026E-07  1.7073784E-08  3.718E-10  0.5429  4.568740   -7.898  1.079210  7.919012  7.5854950E-02  9.2413514E-01  1.1634526E-07  3.2264622E-08  6.6882641E-06  4.5095127E-08  8.3498665E-11  6.5217811E-14  1.6138952E-10  4.1969495E-11  4.228E-11  2.135E-05  4.530E-05  7.485E-01  1.846E+00  6.26E+02  0.00E+00  5.43E+02  0.974808  0.563873 -4.5686844E-01  2.6170248140E+00
 78  3.214254916187104E+06   84.396203  6.261032  4.557752  7.0895998E-01  2.9101512E-01  5.3555742E-07  4.2966778E-08  2.4024710E-06  5.1152572E-06  6.1883145E-09  8.9189466E-10  7.0152471E-07  1.6877320E-08  3.656E-10  0.5377  4.557752   -7.833  1.091962  7.923249  6.7003415E-02  9.3298660E-01  1.1758829E-07  3.2625812E-08  6.6674644E-06  4.4186252E-08  8.4124001E-11  6.2108754E-14  1.4674777E-10  4.1503128E-11  3.521E-11  2.046E-05  4.506E-05  7.239E-01  2.223E+00  6.14E+02  0.00E+00  5.59E+02  0.988105  0.567766 -5.4378513E-01  2.5800256569E+00
 79  3.238885665488224E+06   84.385448  6.264271  4.554541  7.0638376E-01  2.9359174E-01  5.2496878E-07  4.2664453E-08  2.4572594E-06  5.0648921E-06  6.2509892E-09  8.7428112E-10  6.9474935E-07  1.6684462E-08  3.598E-10  0.5317  4.554541   -7.809  1.106618  7.928104  5.8151880E-02  9.4183813E-01  1.1828195E-07  3.2814388E-08  6.6467343E-06  4.3631980E-08  8.5006542E-11  5.9681537E-14  1.1956180E-10  3.5600516E-11  2.585E-11  1.968E-05  4.502E-05  7.315E-01  2.380E+00  6.07E+02  0.00E+00  5.45E+02  0.984801  0.571226 -4.9616461E-01  2.5448037075E+00
 80  3.263832806115320E+06   84.375076  6.267672  4.549672  7.0392999E-01  2.9604581E-01  5.1539576E-07  4.2381521E-08  2.5074740E-06  5.0184710E-06  6.3049533E-09  8.5831483E-10  6.8849764E-07  1.6507181E-08  3.535E-10  0.5262  4.549672   -7.782  1.123464  7.933626  4.9300345E-02  9.5068968E-01  1.1974357E-07  3.3237207E-08  6.6240624E-06  4.2653073E-08  8.6135890E-11  5.6408030E-14  1.2183861E-10  3.9411966E-11  2.278E-11  1.879E-05  4.510E-05  7.358E-01  2.589E+00  5.98E+02  0.00E+00  5.32E+02  0.982608  0.574960  0.0000000E+00  2.5099691638E+00
 81  3.287846734673034E+06   84.365037  6.271187  4.543217  7.0146514E-01  2.9851086E-01  5.0625419E-07  4.2102408E-08  2.5560636E-06  4.9733050E-06  6.3538857E-09  8.4302889E-10  6.8240847E-07  1.6335154E-08  3.473E-10  0.5199  4.543217   -7.743  1.143827  7.940269  4.0448810E-02  9.5954122E-01  1.2099020E-07  3.3579232E-08  6.6007011E-06  4.1901165E-08  8.7736525E-11  5.2888926E-14  9.3091655E-11  3.0752796E-11  1.533E-11  1.794E-05  4.545E-05  7.327E-01  2.927E+00  5.89E+02  0.00E+00  5.27E+02  0.984168  0.578863 -4.2704509E+00  2.4760006241E+00
 82  3.311228064673922E+06   84.355336  6.274566  4.538099  6.9885142E-01  3.0112488E-01  4.9701384E-07  4.1811698E-08  2.6057952E-06  4.9268360E-06  6.4007707E-09  8.2754006E-10  6.7613743E-07  1.6158625E-08  3.414E-10  0.5134  4.538099   -7.782  1.168640  7.948358  3.1597276E-02  9.6839271E-01  1.2318559E-07  3.4201548E-08  6.5751791E-06  4.0699308E-08  9.0044915E-11  4.8158214E-14  8.1229966E-11  2.9299979E-11  1.130E-11  1.720E-05  4.612E-05  7.333E-01  2.629E+00  5.80E+02  0.00E+00  5.19E+02  0.983855  0.582553  0.0000000E+00  2.4426500801E+00
 83  3.333454771152033E+06   84.346272  6.277762  4.535768  6.9636118E-01  3.0361542E-01  4.8860402E-07  4.1539596E-08  2.6515995E-06  4.8838217E-06  6.4411237E-09  8.1341039E-10  6.7032713E-07  1.5995637E-08  3.356E-10  0.5066  4.535768   -7.774  1.200938  7.958917  2.2745741E-02  9.7724429E-01  1.2602509E-07  3.5020442E-08  6.5478151E-06  3.9222787E-08  9.3506743E-11  4.3506704E-14  6.8890349E-11  2.7932578E-11  7.620E-12  1.665E-05  4.737E-05  7.402E-01  2.695E+00  5.75E+02  0.00E+00  5.08E+02  0.980189  0.586060  0.0000000E+00  2.4107923504E+00
 84  3.355522920635975E+06   84.336232  6.281534  4.538288  6.9349936E-01  3.0647744E-01  4.7937678E-07  4.1232646E-08  2.7024635E-06  4.8358119E-06  6.4827485E-09  7.9787063E-10  6.6383599E-07  1.5814202E-08  3.300E-10  0.5014  4.538288   -6.426  1.249255  7.974688  1.3894206E-02  9.8609581E-01  1.3052373E-07  3.6309946E-08  6.5166465E-06  3.7210467E-08  9.9938325E-11  3.6750882E-14  7.7680233E-11  3.3597269E-11  6.160E-12  1.599E-05  4.985E-05  7.697E-01  7.420E+01  5.75E+02  0.00E+00  4.73E+02  0.943612  0.590251 -5.5532733E+00  2.3750306117E+00
 85  3.377731663580358E+06   84.323781  6.286223  4.490737  6.8996360E-01  3.1001350E-01  4.6854572E-07  4.0861316E-08  2.7629665E-06  4.7783787E-06  6.5280521E-09  7.7958193E-10  6.5606285E-07  1.5597806E-08  3.245E-10  0.4980  4.490737   -7.882  1.347682  8.006934  5.0426710E-03  9.9494730E-01  1.3940611E-07  3.8848048E-08  6.4783175E-06  3.3847569E-08  1.1686657E-10  2.5482590E-14  8.3237629E-11  4.2156438E-11  3.657E-12  1.637E-05  5.652E-05  6.667E-01  1.788E+00  5.68E+02  0.00E+00  5.68E+02  1.000000  0.595492  0.0000000E+00  2.3302271449E+00
 86  3.378236589170786E+06   84.323518  6.286359  4.536172  6.8988370E-01  3.1009350E-01  4.6830771E-07  4.0853022E-08  2.7643057E-06  4.7771035E-06  6.5290038E-09  7.7917945E-10  6.5589015E-07  1.5593009E-08  3.244E-10  0.4980  4.536172   -7.628  1.351640  8.008232  4.8409642E-03  9.9514908E-01  1.3980066E-07  3.8961626E-08  6.4771694E-06  3.3741805E-08  1.1776528E-10  2.5120764E-14  8.0857124E-11  4.1060010E-11  3.549E-12  1.622E-05  5.683E-05  7.476E-01  1.744E+01  5.71E+02  0.00E+00  4.97E+02  0.974452  0.595654 -9.9197388E-01  2.3292785562E+00
 87  3.378675116871739E+06   84.323269  6.286491  4.550743  6.8984560E-01  3.1013150E-01  4.6819440E-07  4.0849071E-08  2.7649435E-06  4.7764961E-06  6.5294562E-09  7.7898783E-10  6.5580790E-07  1.5590724E-08  3.243E-10  0.4980  4.550743   -7.866  1.355562  8.009516  4.6392575E-03  9.9535074E-01  1.4024179E-07  3.9088505E-08  6.4760148E-06  3.3598299E-08  1.1865084E-10  2.4670423E-14  7.2535182E-11  3.9566062E-11  3.173E-12  1.605E-05  5.716E-05  8.033E-01  1.925E+00  5.79E+02  0.00E+00  4.45E+02  0.925602  0.595824  0.0000000E+00  2.3283683887E+00
 88  3.379105938456715E+06   84.323263  6.286612  4.550575  6.8984560E-01  3.1013150E-01  4.6819439E-07  4.0849071E-08  2.7649435E-06  4.7764961E-06  6.5294562E-09  7.7898782E-10  6.5580790E-07  1.5590724E-08  3.242E-10  0.4980  4.550575   -7.865  1.359758  8.010890  4.4375507E-03  9.9555246E-01  1.4066260E-07  3.9209914E-08  6.4748894E-06  3.3459784E-08  1.1955394E-10  2.4294788E-14  6.4820504E-11  3.7120391E-11  2.679E-12  1.606E-05  5.752E-05  8.022E-01  1.931E+00  5.79E+02  0.00E+00  4.46E+02  0.926862  0.595991  0.0000000E+00  2.3283592558E+00
 89  3.379537571318023E+06   84.323257  6.286746  4.550362  6.8984560E-01  3.1013150E-01  4.6819439E-07  4.0849071E-08  2.7649435E-06  4.7764960E-06  6.5294562E-09  7.7898782E-10  6.5580790E-07  1.5590724E-08  3.240E-10  0.4981  4.550362   -7.861  1.364177  8.012337  4.2358439E-03  9.9575418E-01  1.4110916E-07  3.9338712E-08  6.4737307E-06  3.3316238E-08  1.2052185E-10  2.3905496E-14  5.8205620E-11  3.4290007E-11  2.329E-12  1.609E-05  5.790E-05  8.010E-01  1.949E+00  5.79E+02  0.00E+00  4.47E+02  0.928325  0.596174  0.0000000E+00  2.3283500137E+00
 90  3.379970009159306E+06   84.323251  6.286889  4.550127  6.8984560E-01  3.1013150E-01  4.6819438E-07  4.0849071E-08  2.7649436E-06  4.7764960E-06  6.5294562E-09  7.7898781E-10  6.5580790E-07  1.5590724E-08  3.239E-10  0.4981  4.550127   -7.859  1.368812  8.013856  4.0341372E-03  9.9595587E-01  1.4158088E-07  3.9474819E-08  6.4725397E-06  3.3167580E-08  1.2155725E-10  2.3502738E-14  5.2421729E-11  3.1391106E-11  2.057E-12  1.610E-05  5.830E-05  7.997E-01  1.961E+00  5.79E+02  0.00E+00  4.49E+02  0.929879  0.596370  0.0000000E+00  2.3283406613E+00
 91  3.380403304986563E+06   84.323245  6.287038  4.549948  6.8984560E-01  3.1013150E-01  4.6819438E-07  4.0849071E-08  2.7649436E-06  4.7764960E-06  6.5294562E-09  7.7898781E-10  6.5580789E-07  1.5590724E-08  3.238E-10  0.4982  4.549948   -7.856  1.373681  8.015451  3.8324304E-03  9.9615754E-01  1.4208216E-07  3.9619430E-08  6.4713104E-06  3.3013896E-08  1.2266760E-10  2.3088239E-14  4.7301465E-11  2.8583526E-11  1.821E-12  1.612E-05  5.872E-05  7.986E-01  1.974E+00  5.79E+02  0.00E+00  4.50E+02  0.931218  0.596575  0.0000000E+00  2.3283311803E+00
 92  3.380837534372382E+06   84.323239  6.287193  4.549681  6.8984560E-01  3.1013150E-01  4.6819438E-07  4.0849071E-08  2.7649436E-06  4.7764960E-06  6.5294563E-09  7.7898781E-10  6.5580789E-07  1.5590724E-08  3.236E-10  0.4983  4.549681   -7.852  1.378803  8.017129  3.6307237E-03  9.9635929E-01  1.4261331E-07  3.9772707E-08  6.4700434E-06  3.2854139E-08  1.2385876E-10  2.2659979E-14  4.2730658E-11  2.5941849E-11  1.607E-12  1.615E-05  5.917E-05  7.970E-01  1.993E+00  5.79E+02  0.00E+00  4.51E+02  0.932999  0.596789  0.0000000E+00  2.3283215606E+00
 93  3.381272795323086E+06   84.323233  6.287356  4.549360  6.8984560E-01  3.1013150E-01  4.6819438E-07  4.0849071E-08  2.7649436E-06  4.7764960E-06  6.5294563E-09  7.7898781E-10  6.5580789E-07  1.5590724E-08  3.235E-10  0.4984  4.549360   -7.846  1.384205  8.018899  3.4290169E-03  9.9656094E-01  1.4317992E-07  3.9936259E-08  6.4687306E-06  3.2688519E-08  1.2514473E-10  2.2217212E-14  3.8630529E-11  2.3495555E-11  1.414E-12  1.618E-05  5.965E-05  7.951E-01  2.021E+00  5.79E+02  0.00E+00  4.54E+02  0.935102  0.597014  0.0000000E+00  2.3283117747E+00
 94  3.381709888468400E+06   84.323227  6.287527  4.549021  6.8984560E-01  3.1013150E-01  4.6819438E-07  4.0849071E-08  2.7649436E-06  4.7764960E-06  6.5294563E-09  7.7898781E-10  6.5580789E-07  1.5590724E-08  3.233E-10  0.4985  4.549021   -7.844  1.389928  8.020776  3.2273101E-03  9.9676271E-01  1.4380418E-07  4.0114980E-08  6.4673447E-06  3.2516517E-08  1.2657475E-10  2.1634630E-14  3.5004496E-11  2.1254544E-11  1.241E-12  1.621E-05  6.016E-05  7.931E-01  2.032E+00  5.78E+02  0.00E+00  4.56E+02  0.937241  0.597247  0.0000000E+00  2.3283017975E+00
 95  3.382148539926406E+06   84.323220  6.287705  4.548594  6.8984560E-01  3.1013150E-01  4.6819438E-07  4.0849070E-08  2.7649436E-06  4.7764960E-06  6.5294563E-09  7.7898780E-10  6.5580789E-07  1.5590724E-08  3.232E-10  0.4986  4.548594   -7.838  1.396001  8.022765  3.0256034E-03  9.9696442E-01  1.4445648E-07  4.0303328E-08  6.4659251E-06  3.2337424E-08  1.2809227E-10  2.1161050E-14  3.1740626E-11  1.9220471E-11  1.089E-12  1.624E-05  6.071E-05  7.908E-01  2.061E+00  5.78E+02  0.00E+00  4.58E+02  0.939738  0.597493  0.0000000E+00  2.3282916007E+00
 96  3.382588804539017E+06   84.323214  6.287894  4.548214  6.8984560E-01  3.1013150E-01  4.6819438E-07  4.0849070E-08  2.7649436E-06  4.7764960E-06  6.5294563E-09  7.7898780E-10  6.5580789E-07  1.5590724E-08  3.231E-10  0.4988  4.548214   -7.835  1.402470  8.024886  2.8238966E-03  9.9716609E-01  1.4516042E-07  4.0506677E-08  6.4644389E-06  3.2150647E-08  1.2975326E-10  2.0668583E-14  2.8792357E-11  1.7376069E-11  9.515E-13  1.627E-05  6.130E-05  7.884E-01  2.078E+00  5.78E+02  0.00E+00  4.61E+02  0.942208  0.597752  0.0000000E+00  2.3282811517E+00
 97  3.383030855294955E+06   84.323207  6.288093  4.547712  6.8984560E-01  3.1013150E-01  4.6819437E-07  4.0849070E-08  2.7649436E-06  4.7764960E-06  6.5294563E-09  7.7898780E-10  6.5580789E-07  1.5590724E-08  3.229E-10  0.4989  4.547712   -7.827  1.409394  8.027156  2.6221898E-03  9.9736778E-01  1.4592489E-07  4.0727580E-08  6.4628742E-06  3.1955382E-08  1.3158177E-10  2.0156025E-14  2.6128506E-11  1.5704302E-11  8.298E-13  1.631E-05  6.193E-05  7.856E-01  2.119E+00  5.78E+02  0.00E+00  4.64E+02  0.945067  0.598026  0.0000000E+00  2.3282704200E+00
 98  3.383474918107072E+06   84.323201  6.288307  4.547103  6.8984560E-01  3.1013150E-01  4.6819437E-07  4.0849070E-08  2.7649436E-06  4.7764960E-06  6.5294563E-09  7.7898780E-10  6.5580789E-07  1.5590724E-08  3.228E-10  0.4990  4.547103   -7.817  1.416839  8.029596  2.4204831E-03  9.9756949E-01  1.4676041E-07  4.0969107E-08  6.4612166E-06  3.1750995E-08  1.3360918E-10  1.9621243E-14  2.3721586E-11  1.4188424E-11  7.220E-13  1.636E-05  6.263E-05  7.822E-01  2.173E+00  5.78E+02  0.00E+00  4.67E+02  0.948467  0.598321  0.0000000E+00  2.3282593426E+00
 99  3.383921306858641E+06   84.323194  6.288527  4.546355  6.8984560E-01  3.1013150E-01  4.6819437E-07  4.0849070E-08  2.7649436E-06  4.7764960E-06  6.5294563E-09  7.7898779E-10  6.5580788E-07  1.5590724E-08  3.227E-10  0.4992  4.546355   -7.808  1.424892  8.032236  2.2187763E-03  9.9777123E-01  1.4767982E-07  4.1234998E-08  6.4594490E-06  3.1536283E-08  1.3587452E-10  1.9061269E-14  2.1549037E-11  1.2814147E-11  6.270E-13  1.641E-05  6.339E-05  7.780E-01  2.228E+00  5.78E+02  0.00E+00  4.72E+02  0.952364  0.598625  0.0000000E+00  2.3282478548E+00
100  3.384370448931426E+06   84.323187  6.288770  4.544491  6.8961070E-01  3.1036650E-01  4.6749824E-07  4.0824740E-08  2.7688659E-06  4.7727589E-06  6.5322159E-09  7.7781034E-10  6.5530178E-07  1.5576671E-08  3.226E-10  0.4993  4.544491   -7.782  1.433660  8.035110  2.0170696E-03  9.9797290E-01  1.4869991E-07  4.1530156E-08  6.4575482E-06  3.1310097E-08  1.3842927E-10  1.8473030E-14  1.9590182E-11  1.1567991E-11  5.431E-13  1.648E-05  6.422E-05  7.690E-01  2.391E+00  5.77E+02  0.00E+00  4.80E+02  0.960216  0.598877  0.0000000E+00  2.3282357587E+00
101  3.384822907773174E+06   84.323179  6.289028  4.543235  6.8961070E-01  3.1036650E-01  4.6749821E-07  4.0824738E-08  2.7688660E-06  4.7727588E-06  6.5322160E-09  7.7781029E-10  6.5530175E-07  1.5576670E-08  3.225E-10  0.4994  4.543235   -7.767  1.443282  8.038264  1.8153628E-03  9.9817462E-01  1.4984306E-07  4.1861113E-08  6.4554835E-06  3.1070965E-08  1.4134156E-10  1.7852685E-14  1.7827002E-11  1.0438134E-11  4.694E-13  1.655E-05  6.515E-05  7.622E-01  2.485E+00  5.77E+02  0.00E+00  4.87E+02  0.965707  0.599232  0.0000000E+00  2.3282225519E+00
102  3.385279506722079E+06   84.323171  6.289310  4.537292  6.8942100E-01  3.1055620E-01  4.6693716E-07  4.0805109E-08  2.7720287E-06  4.7697449E-06  6.5344336E-09  7.7686122E-10  6.5489357E-07  1.5565338E-08  3.224E-10  0.4995  4.537292   -7.717  1.453949  8.041760  1.6136560E-03  9.9837638E-01  1.5113983E-07  4.2236813E-08  6.4532123E-06  3.0817122E-08  1.4470670E-10  1.7194417E-14  1.6244331E-11  9.4141877E-12  4.045E-13  1.664E-05  6.621E-05  7.347E-01  2.837E+00  5.74E+02  0.00E+00  5.12E+02  0.983154  0.599556  0.0000000E+00  2.3282075698E+00
103  3.385741380072827E+06   84.323018  6.289625  4.548406  6.8916460E-01  3.1081250E-01  4.6618042E-07  4.0778599E-08  2.7762968E-06  4.7656765E-06  6.5374136E-09  7.7558099E-10  6.5434254E-07  1.5550043E-08  3.223E-10  0.4995  4.548406   -7.795  1.465927  8.045686  1.4119493E-03  9.9857804E-01  1.5263083E-07  4.2669178E-08  6.4506783E-06  3.0545633E-08  1.4865393E-10  1.6489770E-14  1.4827531E-11  8.4861977E-12  3.476E-13  1.663E-05  6.740E-05  7.775E-01  2.265E+00  5.80E+02  0.00E+00  4.74E+02  0.952858  0.599900  0.0000000E+00  2.3276967724E+00
104  3.386222008046999E+06   84.323011  6.289974  4.544309  6.8902581E-01  3.1095139E-01  4.6577155E-07  4.0764260E-08  2.7786041E-06  4.7634767E-06  6.5390179E-09  7.7488921E-10  6.5404457E-07  1.5541774E-08  3.222E-10  0.4987  4.544309   -7.768  1.479822  8.050241  1.2102425E-03  9.9877976E-01  1.5441779E-07  4.3185498E-08  6.4477388E-06  3.0252768E-08  1.5350634E-10  1.5546636E-14  1.3962359E-11  7.6703963E-12  3.071E-13  1.676E-05  6.882E-05  7.585E-01  2.428E+00  5.79E+02  0.00E+00  4.92E+02  0.968442  0.600332  0.0000000E+00  2.3276832443E+00
105  3.386706956419277E+06   84.322846  6.290376  4.548718  6.8879840E-01  3.1117880E-01  4.6510278E-07  4.0740779E-08  2.7823798E-06  4.7598760E-06  6.5416342E-09  7.7375758E-10  6.5355687E-07  1.5528241E-08  3.222E-10  0.4981  4.548718   -7.783  1.495784  8.055473  1.0085357E-03  9.9898146E-01  1.5648098E-07  4.3787555E-08  6.4444212E-06  2.9926475E-08  1.5919218E-10  1.4862500E-14  1.3017384E-11  7.0017564E-12  2.719E-13  1.684E-05  7.049E-05  7.715E-01  2.305E+00  5.82E+02  0.00E+00  4.82E+02  0.958076  0.600813  0.0000000E+00  2.3271184545E+00
106  3.387204507337095E+06   84.322710  6.290866  4.555345  6.8861056E-01  3.1136664E-01  4.6455185E-07  4.0721407E-08  2.7854924E-06  4.7569070E-06  6.5437800E-09  7.7282521E-10  6.5315469E-07  1.5517083E-08  3.221E-10  0.4985  4.555345   -7.704  1.515184  8.061830  8.0682897E-04  9.9918315E-01  1.5904667E-07  4.4537403E-08  6.4404117E-06  2.9562769E-08  1.6645425E-10  1.4096870E-14  1.2139468E-11  6.3796304E-12  2.304E-13  1.695E-05  7.258E-05  7.899E-01  2.890E+00  5.87E+02  0.00E+00  4.65E+02  0.940577  0.601424  0.0000000E+00  2.3266531315E+00
107  3.387714252373448E+06   84.322700  6.291371  4.543213  6.8857230E-01  3.1140500E-01  4.6443967E-07  4.0717460E-08  2.7861263E-06  4.7563021E-06  6.5442159E-09  7.7263535E-10  6.5307275E-07  1.5514810E-08  3.219E-10  0.4982  4.543213   -7.698  1.539448  8.069772  6.0512221E-04  9.9938487E-01  1.6246505E-07  4.5530796E-08  6.4352294E-06  2.9142550E-08  1.7639026E-10  1.2642163E-14  1.1034969E-11  5.7674275E-12  1.864E-13  1.718E-05  7.527E-05  7.379E-01  2.855E+00  5.81E+02  0.00E+00  5.15E+02  0.981439  0.602107  0.0000000E+00  2.3266369510E+00
108  3.388261419728070E+06   84.322430  6.292095  4.554683  6.8842764E-01  3.1154963E-01  4.6401662E-07  4.0702563E-08  2.7885180E-06  4.7540201E-06  6.5458562E-09  7.7191931E-10  6.5276361E-07  1.5506235E-08  3.218E-10  0.4969  4.554683   -7.769  1.572819  8.080694  4.0341545E-04  9.9958661E-01  1.6727515E-07  4.6935763E-08  6.4280959E-06  2.8632919E-08  1.9089829E-10  1.0978497E-14  1.0044525E-11  5.1278940E-12  1.465E-13  1.735E-05  7.914E-05  7.758E-01  2.303E+00  5.88E+02  0.00E+00  4.82E+02  0.954363  0.603069  0.0000000E+00  2.3257316003E+00
109  3.388881355809625E+06   84.322151  6.293165  4.558305  6.8822090E-01  3.1175630E-01  4.6341340E-07  4.0681291E-08  2.7919303E-06  4.7507632E-06  6.5481852E-09  7.7089821E-10  6.5232240E-07  1.5494000E-08  3.217E-10  0.4923  4.558305   -7.761  1.625331  8.097863  2.0170869E-04  9.9978828E-01  1.7695062E-07  4.9800040E-08  6.4140377E-06  2.7829322E-08  2.2082480E-10  9.0148547E-15  9.1581398E-12  4.4495986E-12  1.072E-13  1.773E-05  8.563E-05  7.764E-01  2.294E+00  5.92E+02  0.00E+00  4.85E+02  0.953747  0.604481  0.0000000E+00  2.3247967055E+00
110  3.391011150540831E+06   84.320106  6.300225  4.591783  6.8746700E-01  3.1251030E-01  4.6122350E-07  4.0603863E-08  2.8043332E-06  4.7389194E-06  6.5565730E-09  7.6719033E-10  6.5071776E-07  1.5449516E-08  3.213E-10  0.4158  4.591783   -5.814  2.023744  8.227244  1.9221640E-09  9.9999000E-01  2.7312769E-07  7.7423992E-08  6.2719090E-06  2.7614597E-08  4.7187304E-10  3.6874718E-15  8.4779584E-12  3.6953324E-12  6.449E-14  2.083E-05  1.554E-04  8.029E-01  2.514E+02  6.31E+02  0.00E+00  4.85E+02  0.926085  0.614143 -5.8780349E+00  2.3187712472E+00
111  3.391058130635845E+06   84.320106  6.300243  4.534015  6.8746700E-01  3.1251030E-01  4.6122349E-07  4.0603863E-08  2.8043332E-06  4.7389194E-06  6.5565731E-09  7.6719031E-10  6.5071776E-07  1.5449516E-08  3.213E-10  0.4138  4.534015   -7.678  2.033024  8.230205  2.2856933E-10  9.9999000E-01  2.7428334E-07  7.7590556E-08  6.2703800E-06  2.7615149E-08  4.7235554E-10  2.3561539E-13  8.4779584E-12  3.6953324E-12  6.448E-14  2.082E-05  1.576E-04  6.829E-01  3.099E+01  6.17E+02  0.00E+00  6.00E+02  0.991211  0.614153 -6.9897183E-01  2.3187708355E+00
112  3.391105110730860E+06   84.319999  6.300420  4.548628  6.8743621E-01  3.1254109E-01  4.6113432E-07  4.0600704E-08  2.8048387E-06  4.7384365E-06  6.5569124E-09  7.6703931E-10  6.5065233E-07  1.5447703E-08  3.213E-10  0.4120  4.548628   -6.447  2.042071  8.233086  0.0000000E+00  9.9998939E-01  8.7868204E-07  5.5635595E-08  6.2237243E-06  5.4784141E-08  4.7322993E-10  2.9211238E-08  8.5993888E-12  6.7881611E-10  3.755E-14  2.075E-05  1.597E-04  6.667E-01  1.963E+02  6.14E+02  0.00E+00  6.14E+02  1.000000  0.614402 -4.4183221E+00  2.3184512178E+00
113  3.391152090825875E+06   84.319964  6.300540  4.571601  6.8742248E-01  3.1255482E-01  4.6109463E-07  4.0599297E-08  2.8050637E-06  4.7382215E-06  6.5570635E-09  7.6697208E-10  6.5062319E-07  1.5446896E-08  3.213E-10  0.4101  4.571601   -7.089  2.050892  8.235888  0.0000000E+00  9.9998856E-01  1.6965033E-06  3.7401835E-08  6.1734528E-06  9.1785726E-08  4.7789023E-10  4.7324504E-08  1.9178848E-11  1.2804014E-09  2.230E-14  2.079E-05  1.618E-04  7.306E-01  9.323E+01  6.20E+02  0.00E+00  5.55E+02  0.975975  0.614562 -2.0680043E+00  2.3183504612E+00
114  3.391199070920890E+06   84.319963  6.300649  4.573081  6.8741868E-01  3.1255862E-01  4.6108356E-07  4.0598905E-08  2.8051265E-06  4.7381616E-06  6.5571056E-09  7.6695334E-10  6.5061508E-07  1.5446671E-08  3.213E-10  0.4083  4.573081   -7.759  2.059487  8.238612  0.0000000E+00  9.9998757E-01  2.6833910E-06  2.4640855E-08  6.1236672E-06  1.1649046E-07  4.8051107E-10  7.8053647E-08  2.9680053E-11  2.5603442E-09  1.672E-14  2.084E-05  1.638E-04  7.325E-01  1.981E+00  6.20E+02  0.00E+00  5.54E+02  0.979925  0.614709  0.0000000E+00  2.3183493485E+00
115  3.391246051015904E+06   84.319895  6.300795  4.553321  6.8740076E-01  3.1257654E-01  4.6103168E-07  4.0597066E-08  2.8054206E-06  4.7378806E-06  6.5573029E-09  7.6686548E-10  6.5057701E-07  1.5445615E-08  3.213E-10  0.4066  4.553321   -6.946  2.067854  8.241258  0.0000000E+00  9.9998639E-01  3.8659063E-06  1.5630357E-08  6.0713226E-06  1.2864474E-07  4.8060557E-10  1.2645178E-07  3.5918107E-11  4.7644141E-09  1.408E-14  2.080E-05  1.658E-04  6.877E-01  1.120E+02  6.16E+02  0.00E+00  5.96E+02  0.997381  0.614909 -2.4243265E+00  2.3181757035E+00
116  3.391293031110919E+06   84.319752  6.300997  4.551634  6.8736266E-01  3.1261467E-01  4.6092148E-07  4.0593161E-08  2.8060454E-06  4.7372836E-06  6.5577219E-09  7.6667886E-10  6.5049613E-07  1.5443374E-08  3.213E-10  0.4050  4.551634   -5.712  2.075997  8.243826  0.0000000E+00  9.9998496E-01  5.2712961E-06  9.6481213E-09  6.0142174E-06  1.3641383E-07  4.8045746E-10  1.8552635E-07  3.9594436E-11  7.9221176E-09  1.210E-14  2.079E-05  1.678E-04  7.073E-01  2.760E+02  6.20E+02  0.00E+00  5.76E+02  0.976884  0.615186 -5.9554286E+00  2.3178019459E+00
117  3.391340011205934E+06   84.319642  6.301205  4.584437  6.8732820E-01  3.1264920E-01  4.6082170E-07  4.0589624E-08  2.8066112E-06  4.7367431E-06  6.5581011E-09  7.6650987E-10  6.5042289E-07  1.5441344E-08  3.213E-10  0.4035  4.584437   -6.152  2.083921  8.246317  0.0000000E+00  9.9998323E-01  6.9337227E-06  5.8167526E-09  5.9504127E-06  1.4143489E-07  4.8029061E-10  2.5676454E-07  4.1673097E-11  1.2393234E-08  1.075E-14  2.099E-05  1.698E-04  7.846E-01  2.345E+02  6.32E+02  0.00E+00  5.04E+02  0.932844  0.615480 -4.9072643E+00  2.3175034944E+00
118  3.391386991300948E+06   84.319635  6.301204  4.534024  6.8732820E-01  3.1264920E-01  4.6082170E-07  4.0589624E-08  2.8066112E-06  4.7367431E-06  6.5581011E-09  7.6650987E-10  6.5042288E-07  1.5441344E-08  3.212E-10  0.4021  4.534024   -7.829  2.091622  8.248732  0.0000000E+00  9.9998127E-01  8.8895928E-06  3.4267037E-09  5.8785237E-06  1.4464026E-07  4.8009282E-10  3.3961511E-07  4.3134322E-11  1.8498619E-08  9.872E-15  2.093E-05  1.717E-04  6.725E-01  1.499E+01  6.17E+02  0.00E+00  6.11E+02  0.997286  0.615464 -2.8384785E-01  2.3174828039E+00
119  3.391433971395963E+06   84.319507  6.301376  4.582666  6.8732820E-01  3.1264920E-01  4.6082170E-07  4.0589624E-08  2.8066112E-06  4.7367431E-06  6.5581011E-09  7.6650987E-10  6.5042288E-07  1.5441344E-08  3.212E-10  0.4008  4.582666   -6.053  2.099094  8.251067  0.0000000E+00  9.9997898E-01  1.1216571E-05  2.0218145E-09  5.7963977E-06  1.4661655E-07  4.7986432E-10  4.3601217E-07  4.4106973E-11  2.6983962E-08  9.335E-15  2.082E-05  1.736E-04  7.780E-01  2.636E+02  6.26E+02  0.00E+00  5.10E+02  0.948179  0.615708 -5.4192645E+00  2.3171155484E+00
120  3.391480951490978E+06   84.319497  6.301465  4.585794  6.8729755E-01  3.1267977E-01  4.6073318E-07  4.0586486E-08  2.8071132E-06  4.7362635E-06  6.5584374E-09  7.6635995E-10  6.5035790E-07  1.5439544E-08  3.212E-10  0.3984  4.585794   -7.526  2.106344  8.253326  0.0000000E+00  9.9997621E-01  1.3962932E-05  1.1861767E-09  5.7031909E-06  1.4789655E-07  4.7959890E-10  5.4531474E-07  4.4838339E-11  3.8475840E-08  9.003E-15  2.091E-05  1.754E-04  7.817E-01  5.466E+01  6.27E+02  0.00E+00  5.08E+02  0.948872  0.615834 -1.1023147E+00  2.3170858219E+00
121  3.391527931585993E+06   84.319496  6.301544  4.576669  6.8729040E-01  3.1268690E-01  4.6071253E-07  4.0585754E-08  2.8072303E-06  4.7361516E-06  6.5585158E-09  7.6632498E-10  6.5034274E-07  1.5439124E-08  3.212E-10  0.3976  4.576669   -7.748  2.113393  8.255515  0.0000000E+00  9.9997297E-01  1.7144706E-05  6.8213074E-10  5.5993344E-06  1.4879025E-07  4.7929680E-10  6.6618512E-07  4.5434489E-11  5.3445238E-08  8.795E-15  2.092E-05  1.773E-04  7.462E-01  2.070E+00  6.21E+02  0.00E+00  5.42E+02  0.974243  0.615937  0.0000000E+00  2.3170845112E+00
122  3.391574911681007E+06   84.319396  6.301688  4.582740  6.8726759E-01  3.1270971E-01  4.6064663E-07  4.0583417E-08  2.8076040E-06  4.7357945E-06  6.5587659E-09  7.6621337E-10  6.5029436E-07  1.5437783E-08  3.212E-10  0.3965  4.582740   -6.501  2.120157  8.257604  0.0000000E+00  9.9996928E-01  2.0815059E-05  3.8399093E-10  5.4843712E-06  1.4947081E-07  4.7895394E-10  7.9836478E-07  4.5960564E-11  7.2575181E-08  8.668E-15  2.090E-05  1.790E-04  7.681E-01  1.725E+02  6.25E+02  0.00E+00  5.20E+02  0.955938  0.616138 -3.4669657E+00  2.3168394542E+00
123  3.391621891776022E+06   84.319321  6.301787  4.585709  6.8725060E-01  3.1272670E-01  4.6059754E-07  4.0581676E-08  2.8078824E-06  4.7355285E-06  6.5589523E-09  7.6613022E-10  6.5025831E-07  1.5436784E-08  3.212E-10  0.3954  4.585709   -6.617  2.126382  8.259505  0.0000000E+00  9.9996504E-01  2.4989558E-05  2.1145505E-10  5.3590465E-06  1.5005187E-07  4.7856959E-10  9.4037333E-07  4.6456815E-11  9.6296115E-08  8.591E-15  2.087E-05  1.806E-04  7.811E-01  1.641E+02  6.27E+02  0.00E+00  5.08E+02  0.948041  0.616273 -3.3024807E+00  2.3166568208E+00
124  3.391668871871036E+06   84.319320  6.301834  4.580683  6.8725060E-01  3.1272670E-01  4.6059754E-07  4.0581676E-08  2.8078824E-06  4.7355285E-06  6.5589523E-09  7.6613022E-10  6.5025831E-07  1.5436784E-08  3.212E-10  0.3942  4.580683   -7.703  2.131866  8.261144  0.0000000E+00  9.9996032E-01  2.9640732E-05  1.1434982E-10  5.2252615E-06  1.5060517E-07  4.7814667E-10  1.0895858E-06  4.6945553E-11  1.2470243E-07  8.546E-15  2.084E-05  1.820E-04  7.651E-01  2.419E+00  6.23E+02  0.00E+00  5.23E+02  0.963354  0.616332  0.0000000E+00  2.3166552201E+00
125  3.391715851966051E+06   84.319319  6.301913  4.581077  6.8724227E-01  3.1273505E-01  4.6057345E-07  4.0580822E-08  2.8080190E-06  4.7353980E-06  6.5590437E-09  7.6608942E-10  6.5024062E-07  1.5436294E-08  3.212E-10  0.3925  4.581077   -7.528  2.136601  8.262518  0.0000000E+00  9.9995524E-01  3.4730711E-05  6.1093522E-11  5.0850299E-06  1.5117739E-07  4.7768883E-10  1.2433890E-06  4.7440083E-11  1.5773839E-07  8.520E-15  2.083E-05  1.832E-04  7.667E-01  3.593E+00  6.24E+02  0.00E+00  5.22E+02  0.962051  0.616444  0.0000000E+00  2.3166527303E+00
126  3.391762832061066E+06   84.319317  6.301985  4.578977  6.8721210E-01  3.1276530E-01  4.6048617E-07  4.0577726E-08  2.8085141E-06  4.7349250E-06  6.5593749E-09  7.6594160E-10  6.5017654E-07  1.5434518E-08  3.212E-10  0.3917  4.578977   -7.659  2.140931  8.263750  0.0000000E+00  9.9994961E-01  4.0275564E-05  3.2138996E-11  4.9389093E-06  1.5180566E-07  4.7719502E-10  1.4007936E-06  4.7952784E-11  1.9569209E-07  8.506E-15  2.084E-05  1.842E-04  7.588E-01  2.538E+00  6.23E+02  0.00E+00  5.29E+02  0.967954  0.616544  0.0000000E+00  2.3166510808E+00
127  3.391809812156080E+06   84.319316  6.302046  4.573630  6.8721210E-01  3.1276530E-01  4.6048617E-07  4.0577726E-08  2.8085141E-06  4.7349250E-06  6.5593749E-09  7.6594160E-10  6.5017653E-07  1.5434518E-08  3.212E-10  0.3912  4.573630   -7.609  2.146259  8.265337  0.0000000E+00  9.9994335E-01  4.6461059E-05  1.6802369E-11  4.7842832E-06  1.5254268E-07  4.7665075E-10  1.5636650E-06  4.8504900E-11  2.4036994E-07  8.497E-15  2.080E-05  1.856E-04  7.382E-01  2.886E+00  6.19E+02  0.00E+00  5.49E+02  0.981251  0.616618  0.0000000E+00  2.3166491336E+00
128  3.391856792251095E+06   84.319232  6.302195  4.556110  6.8718296E-01  3.1279444E-01  4.6040203E-07  4.0574742E-08  2.8089913E-06  4.7344690E-06  6.5596941E-09  7.6579909E-10  6.5011475E-07  1.5432806E-08  3.211E-10  0.3903  4.556110   -7.454  2.151516  8.266902  0.0000000E+00  9.9993632E-01  5.3422278E-05  9.0651896E-12  4.6209405E-06  1.5344107E-07  4.7604615E-10  1.7309774E-06  4.9110250E-11  2.9334409E-07  8.493E-15  2.059E-05  1.867E-04  6.767E-01  4.298E+00  6.14E+02  0.00E+00  6.04E+02  0.997413  0.616830 -4.9362730E+00  2.3163825885E+00
129  3.391903772346110E+06   84.319092  6.302271  4.585213  6.8717820E-01  3.1279920E-01  4.6038822E-07  4.0574253E-08  2.8090696E-06  4.7343942E-06  6.5597464E-09  7.6577572E-10  6.5010462E-07  1.5432525E-08  3.211E-10  0.3886  4.585213   -6.106  2.156094  8.268226  0.0000000E+00  9.9992876E-01  6.0980885E-05  4.8178441E-12  4.4533506E-06  1.5449272E-07  4.7539622E-10  1.8982246E-06  4.9757153E-11  3.5308295E-07  8.489E-15  2.054E-05  1.879E-04  7.801E-01  2.422E+02  6.28E+02  0.00E+00  5.04E+02  0.928972  0.616930 -5.9649976E+00  2.3160273091E+00
130  3.391950752441125E+06   84.319048  6.302273  4.591293  6.8715678E-01  3.1282055E-01  4.6032641E-07  4.0572061E-08  2.8094201E-06  4.7340593E-06  6.5599809E-09  7.6567104E-10  6.5005923E-07  1.5431268E-08  3.211E-10  0.3880  4.591293   -7.196  2.160472  8.269481  0.0000000E+00  9.9992049E-01  6.9146740E-05  2.4084773E-12  4.2780255E-06  1.5566673E-07  4.7469968E-10  2.0702993E-06  5.0448203E-11  4.1908696E-07  8.487E-15  2.052E-05  1.892E-04  8.060E-01  1.015E+02  6.29E+02  0.00E+00  4.80E+02  0.921849  0.616931 -1.8682437E+00  2.3159177728E+00
131  3.391997732536139E+06   84.319047  6.302283  4.587658  6.8714720E-01  3.1283017E-01  4.6029867E-07  4.0571077E-08  2.8095774E-06  4.7339089E-06  6.5600861E-09  7.6562406E-10  6.5003885E-07  1.5430703E-08  3.211E-10  0.3866  4.587658   -7.747  2.162278  8.269823  0.0000000E+00  9.9991211E-01  7.7490279E-05  1.1893521E-12  4.1056300E-06  1.5692688E-07  4.7399122E-10  2.2361976E-06  5.1149678E-11  4.8803561E-07  8.486E-15  2.046E-05  1.896E-04  7.968E-01  2.076E+00  6.26E+02  0.00E+00  4.89E+02  0.933188  0.616937  0.0000000E+00  2.3159165366E+00
132  3.392044712631154E+06   84.319046  6.302348  4.587805  6.8712975E-01  3.1284765E-01  4.6024820E-07  4.0569286E-08  2.8098637E-06  4.7336354E-06  6.5602776E-09  7.6553858E-10  6.5000180E-07  1.5429676E-08  3.211E-10  0.3862  4.587805   -7.697  2.165465  8.270656  0.0000000E+00  9.9990320E-01  8.6348449E-05  5.8891945E-13  3.9329790E-06  1.5836159E-07  4.7324499E-10  2.3973383E-06  5.1887841E-11  5.6320527E-07  8.484E-15  2.046E-05  1.904E-04  7.972E-01  2.306E+00  6.26E+02  0.00E+00  4.88E+02  0.932638  0.617026  0.0000000E+00  2.3159150930E+00
133  3.392091692726169E+06   84.319045  6.302381  4.586235  6.8712024E-01  3.1285716E-01  4.6022073E-07  4.0568312E-08  2.8100195E-06  4.7334865E-06  6.5603818E-09  7.6549205E-10  6.4998162E-07  1.5429117E-08  3.211E-10  0.3850  4.586235   -7.727  2.170127  8.272015  0.0000000E+00  9.9989343E-01  9.6028287E-05  2.9124739E-13  3.7567120E-06  1.6004861E-07  4.7243786E-10  2.5557554E-06  5.2685998E-11  6.4739259E-07  8.483E-15  2.043E-05  1.916E-04  7.930E-01  2.129E+00  6.25E+02  0.00E+00  4.92E+02  0.937231  0.617066  0.0000000E+00  2.3159138019E+00
134  3.392138672821183E+06   84.319044  6.302410  4.584962  6.8710612E-01  3.1287122E-01  4.6018004E-07  4.0566869E-08  2.8102503E-06  4.7332660E-06  6.5605361E-09  7.6542314E-10  6.4995175E-07  1.5428289E-08  3.211E-10  0.3844  4.584962   -7.705  2.171215  8.272105  0.0000000E+00  9.9988359E-01  1.0577891E-04  1.4621285E-13  3.5874720E-06  1.6184471E-07  4.7162786E-10  2.7034946E-06  5.3486872E-11  7.3358536E-07  8.483E-15  2.039E-05  1.919E-04  7.897E-01  2.259E+00  6.24E+02  0.00E+00  4.95E+02  0.940831  0.617103  0.0000000E+00  2.3159123935E+00
135  3.392185652916198E+06   84.319043  6.302426  4.583116  6.8709700E-01  3.1288030E-01  4.6015375E-07  4.0565936E-08  2.8103994E-06  4.7331235E-06  6.5606358E-09  7.6537861E-10  6.4993244E-07  1.5427754E-08  3.211E-10  0.3838  4.583116   -7.699  2.170013  8.271381  0.0000000E+00  9.9987419E-01  1.1514816E-04  7.5765992E-14  3.4307053E-06  1.6365296E-07  4.7084961E-10  2.8371087E-06  5.4256223E-11  8.1743351E-07  8.482E-15  2.034E-05  1.913E-04  7.850E-01  2.297E+00  6.22E+02  0.00E+00  5.00E+02  0.945578  0.617121  0.0000000E+00  2.3159109566E+00
136  3.392232633011213E+06   84.319042  6.302453  4.582961  6.8708627E-01  3.1289103E-01  4.6012277E-07  4.0564837E-08  2.8105752E-06  4.7329556E-06  6.5607533E-09  7.6532613E-10  6.4990969E-07  1.5427124E-08  3.211E-10  0.3823  4.582961   -7.684  2.171765  8.271705  0.0000000E+00  9.9986454E-01  1.2475107E-04  4.1345314E-14  3.2785266E-06  1.6560881E-07  4.7005629E-10  2.9621839E-06  5.5040498E-11  9.0450586E-07  8.481E-15  2.032E-05  1.915E-04  7.852E-01  2.401E+00  6.22E+02  0.00E+00  4.99E+02  0.945387  0.617156  0.0000000E+00  2.3159094274E+00
137  3.392279613106227E+06   84.319041  6.302468  4.581866  6.8707800E-01  3.1289930E-01  4.6009889E-07  4.0563990E-08  2.8107106E-06  4.7328262E-06  6.5608438E-09  7.6528569E-10  6.4989215E-07  1.5426638E-08  3.210E-10  0.3808  4.581866   -7.695  2.176005  8.272915  0.0000000E+00  9.9985406E-01  1.3512005E-04  2.4595579E-14  3.1251790E-06  1.6784652E-07  4.6920790E-10  3.0821889E-06  5.5879408E-11  9.9961461E-07  8.480E-15  2.028E-05  1.926E-04  7.825E-01  2.332E+00  6.21E+02  0.00E+00  5.01E+02  0.947966  0.617174  0.0000000E+00  2.3159079635E+00
138  3.392326593201242E+06   84.319040  6.302489  4.581086  6.8706901E-01  3.1290829E-01  4.6007291E-07  4.0563068E-08  2.8108580E-06  4.7326854E-06  6.5609423E-09  7.6524169E-10  6.4987307E-07  1.5426109E-08  3.210E-10  0.3794  4.581086   -7.683  2.180705  8.274291  0.0000000E+00  9.9984262E-01  1.4648548E-04  1.6619913E-14  2.9693032E-06  1.7044873E-07  4.6828766E-10  3.1973013E-06  5.6789682E-11  1.1046844E-06  8.479E-15  2.025E-05  1.938E-04  7.807E-01  2.416E+00  6.21E+02  0.00E+00  5.03E+02  0.949816  0.617201  0.0000000E+00  2.3159064209E+00
139  3.392373573296256E+06   84.319039  6.302514  4.579843  6.8706080E-01  3.1291650E-01  4.6004919E-07  4.0562227E-08  2.8109925E-06  4.7325568E-06  6.5610323E-09  7.6520152E-10  6.4985565E-07  1.5425626E-08  3.210E-10  0.3793  4.579843   -7.678  2.185452  8.275684  0.0000000E+00  9.9983013E-01  1.5893217E-04  1.3147568E-14  2.8116241E-06  1.7347309E-07  4.6729034E-10  3.3061892E-06  5.7776583E-11  1.2202039E-06  8.478E-15  2.021E-05  1.951E-04  7.771E-01  2.445E+00  6.19E+02  0.00E+00  5.07E+02  0.953006  0.617232  0.0000000E+00  2.3159048618E+00
140  3.392420553391271E+06   84.319039  6.302534  4.578116  6.8705301E-01  3.1292434E-01  4.6002670E-07  4.0561429E-08  2.8111201E-06  4.7324349E-06  6.5611176E-09  7.6516342E-10  6.4983913E-07  1.5425168E-08  3.210E-10  0.3799  4.578116   -7.666  2.189902  8.276974  0.0000000E+00  9.9981653E-01  1.7247138E-04  1.2131227E-14  2.6536486E-06  1.7696428E-07  4.6621636E-10  3.4071382E-06  5.8839755E-11  1.3458998E-06  8.478E-15  2.018E-05  1.963E-04  7.723E-01  2.535E+00  6.18E+02  0.00E+00  5.11E+02  0.957471  0.617258  0.0000000E+00  2.3159032189E+00
141  3.392467533486286E+06   84.319038  6.302546  4.576488  6.8704460E-01  3.1293280E-01  4.6000240E-07  4.0560567E-08  2.8112579E-06  4.7323032E-06  6.5612097E-09  7.6512226E-10  6.4982128E-07  1.5424674E-08  3.210E-10  0.3797  4.576488   -7.646  2.194279  8.278241  0.0000000E+00  9.9980183E-01  1.8709509E-04  1.2457287E-14  2.4970995E-06  1.8096625E-07  4.6506808E-10  3.4984108E-06  5.9976979E-11  1.4811839E-06  8.477E-15  2.014E-05  1.975E-04  7.674E-01  2.665E+00  6.17E+02  0.00E+00  5.15E+02  0.961352  0.617272  0.0000000E+00  2.3159014739E+00
142  3.392514513581301E+06   84.319036  6.302543  4.574448  6.8703828E-01  3.1293912E-01  4.5998409E-07  4.0559917E-08  2.8113618E-06  4.7322039E-06  6.5612791E-09  7.6509124E-10  6.4980783E-07  1.5424302E-08  3.210E-10  0.3783  4.574448   -7.633  2.198428  8.279446  0.0000000E+00  9.9978599E-01  2.0285533E-04  1.3543603E-14  2.3427238E-06  1.8554091E-07  4.6384273E-10  3.5791089E-06  6.1191068E-11  1.6259817E-06  8.476E-15  2.009E-05  1.986E-04  7.614E-01  2.771E+00  6.15E+02  0.00E+00  5.21E+02  0.966268  0.617265  0.0000000E+00  2.3158996336E+00
143  3.392561493676315E+06   84.319035  6.302552  4.573546  6.8703020E-01  3.1294720E-01  4.5996065E-07  4.0559086E-08  2.8114947E-06  4.7320769E-06  6.5613680E-09  7.6505155E-10  6.4979062E-07  1.5423825E-08  3.210E-10  0.3771  4.573546   -7.607  2.202387  8.280590  0.0000000E+00  9.9976886E-01  2.1989792E-04  1.5058105E-14  2.1902528E-06  1.9078271E-07  4.6253046E-10  3.6490454E-06  6.2491869E-11  1.7809504E-06  8.474E-15  2.004E-05  1.997E-04  7.591E-01  2.959E+00  6.14E+02  0.00E+00  5.22E+02  0.967866  0.617276  0.0000000E+00  2.3158976468E+00
144  3.392608473771330E+06   84.319034  6.302556  4.572001  6.8702465E-01  3.1295275E-01  4.5994461E-07  4.0558517E-08  2.8115856E-06  4.7319900E-06  6.5614288E-09  7.6502439E-10  6.4977884E-07  1.5423499E-08  3.210E-10  0.3778  4.572001   -7.618  2.206577  8.281796  0.0000000E+00  9.9975054E-01  2.3812106E-04  1.7079059E-14  2.0424418E-06  1.9672899E-07  4.6114183E-10  3.7061576E-06  6.3869058E-11  1.9442681E-06  8.473E-15  2.000E-05  2.008E-04  7.543E-01  2.879E+00  6.13E+02  0.00E+00  5.27E+02  0.971396  0.617278  0.0000000E+00  2.3158957190E+00
145  3.392655453866345E+06   84.319033  6.302563  4.569548  6.8701620E-01  3.1296120E-01  4.5992022E-07  4.0557652E-08  2.8117240E-06  4.7318578E-06  6.5615212E-09  7.6498308E-10  6.4976093E-07  1.5423002E-08  3.210E-10  0.3776  4.569548   -7.592  2.210720  8.282988  0.0000000E+00  9.9973086E-01  2.5775111E-04  1.9435016E-14  1.8986271E-06  2.0352284E-07  4.5966173E-10  3.7504415E-06  6.5337759E-11  2.1169900E-06  8.471E-15  1.997E-05  2.020E-04  7.447E-01  3.078E+00  6.11E+02  0.00E+00  5.35E+02  0.976804  0.617287  0.0000000E+00  2.3158936337E+00
146  3.392702433961359E+06   84.318997  6.302581  4.570857  6.8701035E-01  3.1296705E-01  4.5990337E-07  4.0557054E-08  2.8118196E-06  4.7317665E-06  6.5615851E-09  7.6495453E-10  6.4974855E-07  1.5422659E-08  3.209E-10  0.3755  4.570857   -7.523  2.214756  8.284144  0.0000000E+00  9.9970938E-01  2.7916298E-04  2.1909304E-14  1.7566325E-06  2.1136036E-07  4.5806348E-10  3.7827828E-06  6.6924548E-11  2.3014695E-06  8.470E-15  1.988E-05  2.031E-04  7.502E-01  3.864E+00  6.12E+02  0.00E+00  5.29E+02  0.969706  0.617309 -2.0189295E+00  2.3157726384E+00
147  3.392749414056374E+06   84.318932  6.302594  4.579662  6.8699970E-01  3.1297770E-01  4.5987269E-07  4.0555966E-08  2.8119936E-06  4.7316002E-06  6.5617014E-09  7.6490258E-10  6.4972602E-07  1.5422035E-08  3.209E-10  0.3758  4.579662   -7.497  2.216895  8.284627  0.0000000E+00  9.9968726E-01  3.0119556E-04  2.4722869E-14  1.6231645E-06  2.1984862E-07  4.5643094E-10  3.8025434E-06  6.8546142E-11  2.4879236E-06  8.468E-15  1.976E-05  2.030E-04  7.873E-01  4.391E+00  6.17E+02  0.00E+00  4.92E+02  0.943187  0.617326 -3.7940725E+00  2.3155543071E+00
148  3.392796394151389E+06   84.318931  6.302605  4.578554  6.8699582E-01  3.1298158E-01  4.5986140E-07  4.0555565E-08  2.8120577E-06  4.7315390E-06  6.5617442E-09  7.6488346E-10  6.4971773E-07  1.5421805E-08  3.209E-10  0.3746  4.578554   -7.718  2.213989  8.283312  0.0000000E+00  9.9966685E-01  3.2150793E-04  2.7808921E-14  1.4971550E-06  2.2759523E-07  4.5492166E-10  3.8227457E-06  7.0045214E-11  2.6620721E-06  8.466E-15  1.973E-05  2.019E-04  7.845E-01  2.247E+00  6.16E+02  0.00E+00  4.95E+02  0.946061  0.617338  0.0000000E+00  2.3155589589E+00
149  3.392843374246404E+06   84.318931  6.302612  4.567407  6.8699000E-01  3.1298740E-01  4.5984455E-07  4.0554967E-08  2.8121533E-06  4.7314476E-06  6.5618080E-09  7.6485492E-10  6.4970535E-07  1.5421462E-08  3.209E-10  0.3738  4.567407   -7.698  2.213492  8.282853  0.0000000E+00  9.9964738E-01  3.4088066E-04  3.0346457E-14  1.3675343E-06  2.3452074E-07  4.5347279E-10  3.8492737E-06  7.1483455E-11  2.8341460E-06  8.466E-15  1.970E-05  2.023E-04  7.377E-01  2.353E+00  6.10E+02  0.00E+00  5.39E+02  0.972617  0.617345  0.0000000E+00  2.3155609627E+00
150  3.392890354341418E+06   84.318791  6.302764  4.584434  6.8697835E-01  3.1299905E-01  4.5981100E-07  4.0553777E-08  2.8123436E-06  4.7312657E-06  6.5619352E-09  7.6479809E-10  6.4968072E-07  1.5420779E-08  3.209E-10  0.3767  4.584434   -5.716  2.219636  8.284760  0.0000000E+00  9.9962590E-01  3.6227439E-04  3.2276824E-14  1.2465046E-06  2.4281013E-07  4.5189022E-10  3.8549534E-06  7.3055138E-11  3.0182477E-06  8.463E-15  1.964E-05  2.040E-04  8.027E-01  3.208E+02  6.20E+02  0.00E+00  4.76E+02  0.923214  0.617561 -5.3848184E+00  2.3151636709E+00
151  3.392937334436432E+06   84.318784  6.302572  4.577292  6.8697800E-01  3.1299940E-01  4.5980999E-07  4.0553741E-08  2.8123493E-06  4.7312603E-06  6.5619390E-09  7.6479638E-10  6.4967998E-07  1.5420759E-08  3.209E-10  0.3700  4.577292   -7.722  2.216125  8.283230  0.0000000E+00  9.9960597E-01  3.8218753E-04  3.4873535E-14  1.1429822E-06  2.5093190E-07  4.5041976E-10  3.8500251E-06  7.4515801E-11  3.1877766E-06  8.462E-15  1.953E-05  2.026E-04  7.852E-01  2.364E+00  6.14E+02  0.00E+00  4.92E+02  0.945092  0.617284  0.0000000E+00  2.3151436838E+00
152  3.392984314531447E+06   84.318783  6.302480  4.574931  6.8697384E-01  3.1300356E-01  4.5979796E-07  4.0553315E-08  2.8124176E-06  4.7311950E-06  6.5619845E-09  7.6477601E-10  6.4967113E-07  1.5420513E-08  3.209E-10  0.3709  4.574931   -7.756  2.192424  8.274504  0.0000000E+00  9.9958995E-01  3.9811549E-04  3.6999211E-14  1.0631846E-06  2.5775478E-07  4.4923633E-10  3.8423812E-06  7.5691165E-11  3.3232817E-06  8.461E-15  1.940E-05  1.945E-04  7.806E-01  2.019E+00  6.11E+02  0.00E+00  4.97E+02  0.949945  0.617153  0.0000000E+00  2.3151421010E+00
153  3.393031294626462E+06   84.318782  6.302493  4.579147  6.8697279E-01  3.1300459E-01  4.5979494E-07  4.0553207E-08  2.8124347E-06  4.7311788E-06  6.5619960E-09  7.6477089E-10  6.4966892E-07  1.5420452E-08  3.209E-10  0.3704  4.579147   -7.643  2.197109  8.275875  0.0000000E+00  9.9957690E-01  4.1111650E-04  3.7075943E-14  1.0031315E-06  2.6384015E-07  4.4825997E-10  3.8298265E-06  7.6660042E-11  3.4337416E-06  8.460E-15  1.939E-05  1.958E-04  7.944E-01  2.757E+00  6.14E+02  0.00E+00  4.83E+02  0.935878  0.617170  0.0000000E+00  2.3151402953E+00
154  3.393078274721477E+06   84.318781  6.302500  4.579161  6.8696690E-01  3.1301043E-01  4.5977804E-07  4.0552608E-08  2.8125305E-06  4.7310871E-06  6.5620600E-09  7.6474228E-10  6.4965651E-07  1.5420108E-08  3.208E-10  0.3703  4.579161   -7.753  2.204401  8.278177  0.0000000E+00  9.9956180E-01  4.2618049E-04  3.8333550E-14  9.4051050E-07  2.7101114E-07  4.4714518E-10  3.8092100E-06  7.7766883E-11  3.5581043E-06  8.458E-15  1.940E-05  1.979E-04  7.941E-01  2.034E+00  6.14E+02  0.00E+00  4.82E+02  0.936000  0.617179  0.0000000E+00  2.3151390935E+00
155  3.393125254816491E+06   84.318780  6.302481  4.577938  6.8696357E-01  3.1301383E-01  4.5976837E-07  4.0552264E-08  2.8125853E-06  4.7310347E-06  6.5620967E-09  7.6472590E-10  6.4964940E-07  1.5419912E-08  3.208E-10  0.3691  4.577938   -7.719  2.209765  8.279796  0.0000000E+00  9.9954508E-01  4.4287978E-04  4.0612333E-14  8.7755113E-07  2.7914643E-07  4.4592342E-10  3.7810347E-06  7.8980671E-11  3.6922491E-06  8.457E-15  1.936E-05  1.994E-04  7.912E-01  2.241E+00  6.13E+02  0.00E+00  4.85E+02  0.939191  0.617149  0.0000000E+00  2.3151377306E+00
156  3.393172234911506E+06   84.318779  6.302497  4.577805  6.8695950E-01  3.1301790E-01  4.5975667E-07  4.0551849E-08  2.8126518E-06  4.7309712E-06  6.5621410E-09  7.6470607E-10  6.4964080E-07  1.5419673E-08  3.208E-10  0.3687  4.577805   -7.726  2.216748  8.281996  0.0000000E+00  9.9952591E-01  4.6198256E-04  4.3728216E-14  8.1341584E-07  2.8868462E-07  4.4454553E-10  3.7430280E-06  8.0350560E-11  3.8402721E-06  8.455E-15  1.936E-05  2.014E-04  7.910E-01  2.200E+00  6.13E+02  0.00E+00  4.86E+02  0.939478  0.617171  0.0000000E+00  2.3151363588E+00
157  3.393219215006521E+06   84.318778  6.302514  4.577132  6.8695390E-01  3.1302350E-01  4.5974035E-07  4.0551270E-08  2.8127443E-06  4.7308828E-06  6.5622028E-09  7.6467844E-10  6.4962883E-07  1.5419341E-08  3.208E-10  0.3687  4.577132   -7.709  2.223300  8.284047  0.0000000E+00  9.9950421E-01  4.8362724E-04  4.7644680E-14  7.4907813E-07  2.9981257E-07  4.4300580E-10  3.6945268E-06  8.1882574E-11  4.0014538E-06  8.453E-15  1.934E-05  2.034E-04  7.892E-01  2.303E+00  6.13E+02  0.00E+00  4.87E+02  0.941375  0.617194  0.0000000E+00  2.3151349546E+00
158  3.393266195101535E+06   84.318777  6.302535  4.575054  6.8695164E-01  3.1302576E-01  4.5973385E-07  4.0551039E-08  2.8127812E-06  4.7308476E-06  6.5622274E-09  7.6466742E-10  6.4962404E-07  1.5419209E-08  3.208E-10  0.3688  4.575054   -7.721  2.229199  8.285869  0.0000000E+00  9.9947998E-01  5.0781494E-04  5.2229606E-14  6.8564678E-07  3.1266604E-07  4.4130785E-10  3.6355034E-06  8.3573392E-11  4.1740844E-06  8.451E-15  1.932E-05  2.052E-04  7.829E-01  2.225E+00  6.11E+02  0.00E+00  4.93E+02  0.947670  0.617222  0.0000000E+00  2.3151335693E+00
159  3.393313175196550E+06   84.318776  6.302519  4.573604  6.8695097E-01  3.1302642E-01  4.5973189E-07  4.0550970E-08  2.8127923E-06  4.7308369E-06  6.5622349E-09  7.6466411E-10  6.4962261E-07  1.5419169E-08  3.208E-10  0.3686  4.573604   -7.683  2.235768  8.287935  0.0000000E+00  9.9945209E-01  5.3562599E-04  5.7581595E-14  6.2263370E-07  3.2803513E-07  4.3938562E-10  3.5632305E-06  8.5489350E-11  4.3622769E-06  8.449E-15  1.928E-05  2.071E-04  7.793E-01  2.471E+00  6.10E+02  0.00E+00  4.96E+02  0.951201  0.617198  0.0000000E+00  2.3151320093E+00
160  3.393360155291565E+06   84.318775  6.302524  4.570955  6.8694235E-01  3.1303497E-01  4.5970717E-07  4.0550093E-08  2.8129326E-06  4.7307029E-06  6.5623285E-09  7.6462223E-10  6.4960445E-07  1.5418666E-08  3.208E-10  0.3696  4.570955   -7.686  2.240689  8.289419  0.0000000E+00  9.9942190E-01  5.6573790E-04  6.3519498E-14  5.6383444E-07  3.4541315E-07  4.3733364E-10  3.4815811E-06  8.7536639E-11  4.5553014E-06  8.447E-15  1.929E-05  2.086E-04  7.694E-01  2.453E+00  6.09E+02  0.00E+00  5.06E+02  0.958869  0.617203  0.0000000E+00  2.3151304502E+00
161  3.393407135386580E+06   84.318741  6.302552  4.560434  6.8693612E-01  3.1304128E-01  4.5968905E-07  4.0549450E-08  2.8130354E-06  4.7306047E-06  6.5623971E-09  7.6459156E-10  6.4959114E-07  1.5418297E-08  3.208E-10  0.3703  4.560434   -7.568  2.245510  8.290871  0.0000000E+00  9.9939009E-01  5.9747686E-04  6.9731441E-14  5.1094332E-07  3.6457182E-07  4.3520239E-10  3.3933065E-06  8.9665112E-11  4.7471095E-06  8.444E-15  1.915E-05  2.100E-04  7.317E-01  3.567E+00  6.02E+02  0.00E+00  5.40E+02  0.983910  0.617241 -2.2860116E+00  2.3150158864E+00
162  3.393454115481594E+06   84.318602  6.302608  4.549769  6.8693327E-01  3.1304413E-01  4.5968084E-07  4.0549159E-08  2.8130820E-06  4.7305602E-06  6.5624282E-09  7.6457765E-10  6.4958511E-07  1.5418130E-08  3.207E-10  0.3695  4.549769   -6.389  2.250527  8.292398  0.0000000E+00  9.9935369E-01  6.3381510E-04  7.6757250E-14  4.5702247E-07  3.8735824E-07  4.3279091E-10  3.2924656E-06  9.2075391E-11  4.9559571E-06  8.441E-15  1.884E-05  2.114E-04  6.879E-01  1.874E+02  5.96E+02  0.00E+00  5.76E+02  0.996344  0.617321 -5.7841742E+00  2.3146114942E+00
163  3.393501095576609E+06   84.318423  6.302721  4.576313  6.8693146E-01  3.1304594E-01  4.5967558E-07  4.0548972E-08  2.8131118E-06  4.7305317E-06  6.5624481E-09  7.6456873E-10  6.4958125E-07  1.5418023E-08  3.207E-10  0.3706  4.576313   -5.616  2.255572  8.293940  0.0000000E+00  9.9931388E-01  6.7352597E-04  8.4492007E-14  4.0673723E-07  4.1343452E-07  4.3019451E-10  3.1827742E-06  9.4673208E-11  5.1699170E-06  8.439E-15  1.888E-05  2.130E-04  7.835E-01  3.352E+02  6.13E+02  0.00E+00  4.86E+02  0.921220  0.617482 -5.8555836E+00  2.3141290125E+00
164  3.393548075671623E+06   84.318379  6.302546  4.581110  6.8693140E-01  3.1304600E-01  4.5967544E-07  4.0548967E-08  2.8131126E-06  4.7305309E-06  6.5624487E-09  7.6456849E-10  6.4958114E-07  1.5418020E-08  3.207E-10  0.3712  4.581110   -7.627  2.260689  8.295513  0.0000000E+00  9.9927012E-01  7.1720093E-04  9.3070682E-14  3.5979302E-07  4.4350561E-07  4.2738285E-10  3.0641997E-06  9.7489569E-11  5.3894980E-06  8.435E-15  1.870E-05  2.146E-04  8.150E-01  4.248E+01  6.13E+02  0.00E+00  4.56E+02  0.910626  0.617233 -7.1811707E-01  2.3140121189E+00
165  3.393595055766638E+06   84.318378  6.302604  4.584864  6.8692710E-01  3.1305020E-01  4.5966317E-07  4.0548531E-08  2.8131822E-06  4.7304644E-06  6.5624951E-09  7.6454771E-10  6.4957213E-07  1.5417770E-08  3.207E-10  0.3711  4.584864   -7.730  2.265556  8.297004  0.0000000E+00  9.9922203E-01  7.6525283E-04  1.0259115E-13  3.1617565E-07  4.7827245E-07  4.2433882E-10  2.9374744E-06  1.0054243E-10  5.6138305E-06  8.431E-15  1.871E-05  2.160E-04  8.246E-01  2.221E+00  6.16E+02  0.00E+00  4.46E+02  0.897190  0.617314  0.0000000E+00  2.3140108550E+00
166  3.393642035861653E+06   84.318378  6.302550  4.580881  6.8692603E-01  3.1305129E-01  4.5966008E-07  4.0548421E-08  2.8131998E-06  4.7304476E-06  6.5625068E-09  7.6454247E-10  6.4956986E-07  1.5417707E-08  3.207E-10  0.3730  4.580881   -7.806  2.270329  8.298466  0.0000000E+00  9.9917103E-01  8.1608334E-04  1.1301381E-13  2.8040362E-07  5.1738778E-07  4.2118564E-10  2.8083813E-06  1.0370991E-10  5.8286877E-06  8.427E-15  1.861E-05  2.175E-04  8.163E-01  1.777E+00  6.12E+02  0.00E+00  4.54E+02  0.909018  0.617238  0.0000000E+00  2.3140098888E+00
167  3.393689015956667E+06   84.318377  6.302557  4.580367  6.8692160E-01  3.1305580E-01  4.5964726E-07  4.0547967E-08  2.8132725E-06  4.7303781E-06  6.5625554E-09  7.6452076E-10  6.4956044E-07  1.5417447E-08  3.207E-10  0.3736  4.580367   -7.770  2.274376  8.299677  0.0000000E+00  9.9911579E-01  8.7125642E-04  1.2425131E-13  2.4730522E-07  5.6193942E-07  4.1781548E-10  2.6746341E-06  1.0709974E-10  6.0450498E-06  8.423E-15  1.853E-05  2.188E-04  8.165E-01  1.987E+00  6.11E+02  0.00E+00  4.54E+02  0.908694  0.617246  0.0000000E+00  2.3140087269E+00
168  3.393735996051682E+06   84.318376  6.302559  4.580349  6.8691807E-01  3.1305933E-01  4.5963700E-07  4.0547603E-08  2.8133307E-06  4.7303225E-06  6.5625942E-09  7.6450338E-10  6.4955290E-07  1.5417238E-08  3.207E-10  0.3729  4.580349   -7.782  2.278262  8.300835  0.0000000E+00  9.9905518E-01  9.3178806E-04  1.3605113E-13  2.1474254E-07  6.1302962E-07  4.1416873E-10  2.5356683E-06  1.1077204E-10  6.2669928E-06  8.418E-15  1.843E-05  2.200E-04  8.185E-01  1.921E+00  6.11E+02  0.00E+00  4.50E+02  0.905920  0.617247  0.0000000E+00  2.3140076290E+00
169  3.393782976146697E+06   84.318375  6.302570  4.579725  6.8691470E-01  3.1306270E-01  4.5962720E-07  4.0547255E-08  2.8133863E-06  4.7302694E-06  6.5626313E-09  7.6448679E-10  6.4954570E-07  1.5417038E-08  3.206E-10  0.3758  4.579725   -7.793  2.282228  8.302028  0.0000000E+00  9.9899000E-01  9.9689587E-04  1.4879365E-13  1.8563270E-07  6.7085918E-07  4.1031347E-10  2.3946581E-06  1.1465999E-10  6.4860177E-06  8.413E-15  1.834E-05  2.212E-04  8.189E-01  1.864E+00  6.10E+02  0.00E+00  4.49E+02  0.905496  0.617262  0.0000000E+00  2.3140065710E+00
170  3.393829956241712E+06   84.318374  6.302571  4.578512  6.8691412E-01  3.1306328E-01  4.5962567E-07  4.0547200E-08  2.8133949E-06  4.7302611E-06  6.5626371E-09  7.6448420E-10  6.4954458E-07  1.5417007E-08  3.206E-10  0.3754  4.578512   -7.784  2.286070  8.303182  0.0000000E+00  9.9892381E-01  1.0629227E-03  1.6422929E-13  1.6646900E-07  7.3334184E-07  4.0649518E-10  2.2597058E-06  1.1851861E-10  6.6819261E-06  8.409E-15  1.823E-05  2.223E-04  8.179E-01  1.921E+00  6.08E+02  0.00E+00  4.49E+02  0.906737  0.617261  0.0000000E+00  2.3140054833E+00
171  3.393876936336726E+06   84.318374  6.302591  4.577808  6.8690966E-01  3.1306765E-01  4.5961288E-07  4.0546747E-08  2.8134675E-06  4.7301918E-06  6.5626855E-09  7.6446253E-10  6.4953519E-07  1.5416747E-08  3.206E-10  0.3749  4.577808   -7.787  2.289316  8.304131  0.0000000E+00  9.9885081E-01  1.1357697E-03  1.7813713E-13  1.4421480E-07  8.0488308E-07  4.0233078E-10  2.1214886E-06  1.2273191E-10  6.8867532E-06  8.403E-15  1.811E-05  2.233E-04  8.185E-01  1.907E+00  6.07E+02  0.00E+00  4.48E+02  0.905939  0.617287  0.0000000E+00  2.3140043932E+00
172  3.393923916431741E+06   84.318373  6.302619  4.577145  6.8690302E-01  3.1307437E-01  4.5959359E-07  4.0546062E-08  2.8135769E-06  4.7300871E-06  6.5627586E-09  7.6442985E-10  6.4952101E-07  1.5416354E-08  3.206E-10  0.3771  4.577145   -7.790  2.292320  8.304997  0.0000000E+00  9.9877391E-01  1.2125649E-03  1.9443464E-13  1.2615620E-07  8.8463982E-07  3.9802610E-10  1.9864099E-06  1.2709534E-10  7.0811425E-06  8.397E-15  1.800E-05  2.242E-04  8.191E-01  1.897E+00  6.06E+02  0.00E+00  4.46E+02  0.905179  0.617329  0.0000000E+00  2.3140033170E+00
173  3.393970896526756E+06   84.318372  6.302658  4.575556  6.8689993E-01  3.1307740E-01  4.5958479E-07  4.0545749E-08  2.8136269E-06  4.7300394E-06  6.5627918E-09  7.6441495E-10  6.4951455E-07  1.5416175E-08  3.206E-10  0.3782  4.575556   -7.792  2.295494  8.305930  0.0000000E+00  9.9869374E-01  1.2926294E-03  2.1394880E-13  1.1233586E-07  9.7221262E-07  3.9362567E-10  1.8558355E-06  1.3156440E-10  7.2633423E-06  8.391E-15  1.791E-05  2.251E-04  8.168E-01  1.895E+00  6.04E+02  0.00E+00  4.48E+02  0.908216  0.617380  0.0000000E+00  2.3140022444E+00
174  3.394017876621770E+06   84.318372  6.302701  4.573284  6.8689930E-01  3.1307810E-01  4.5958287E-07  4.0545681E-08  2.8136378E-06  4.7300290E-06  6.5627991E-09  7.6441170E-10  6.4951313E-07  1.5416136E-08  3.206E-10  0.3793  4.573284   -7.781  2.298710  8.306884  0.0000000E+00  9.9861454E-01  1.3717202E-03  2.4223842E-13  1.0916460E-07  1.0646584E-06  3.8940160E-10  1.7369895E-06  1.3586677E-10  7.4143541E-06  8.385E-15  1.776E-05  2.261E-04  8.139E-01  1.967E+00  6.02E+02  0.00E+00  4.50E+02  0.912145  0.617440  0.0000000E+00  2.3140011191E+00
175  3.394064856716785E+06   84.318370  6.302769  4.573051  6.8689538E-01  3.1308202E-01  4.5957154E-07  4.0545279E-08  2.8137021E-06  4.7299675E-06  6.5628420E-09  7.6439250E-10  6.4950481E-07  1.5415905E-08  3.206E-10  0.3794  4.573051   -7.782  2.301821  8.307808  0.0000000E+00  9.9852397E-01  1.4621631E-03  2.5680941E-13  9.4764708E-08  1.1724969E-06  3.8459218E-10  1.6131856E-06  1.4076894E-10  7.5892218E-06  8.378E-15  1.764E-05  2.271E-04  8.159E-01  1.969E+00  6.01E+02  0.00E+00  4.47E+02  0.909532  0.617536  0.0000000E+00  2.3139999772E+00
176  3.394111836811800E+06   84.318370  6.302828  4.571897  6.8689238E-01  3.1308502E-01  4.5956286E-07  4.0544971E-08  2.8137514E-06  4.7299205E-06  6.5628748E-09  7.6437780E-10  6.4949843E-07  1.5415729E-08  3.205E-10  0.3810  4.571897   -7.793  2.304779  8.308682  0.0000000E+00  9.9843265E-01  1.5533649E-03  3.0010028E-13  8.9441330E-08  1.2878778E-06  3.7986692E-10  1.4976533E-06  1.4559929E-10  7.7396330E-06  8.371E-15  1.752E-05  2.279E-04  8.156E-01  1.915E+00  5.99E+02  0.00E+00  4.46E+02  0.909920  0.617618  0.0000000E+00  2.3139988892E+00
177  3.394158816906814E+06   84.318369  6.302909  4.571257  6.8688948E-01  3.1308792E-01  4.5955441E-07  4.0544671E-08  2.8137993E-06  4.7298747E-06  6.5629068E-09  7.6436350E-10  6.4949223E-07  1.5415557E-08  3.205E-10  0.3817  4.571257   -7.787  2.307712  8.309554  0.0000000E+00  9.9833947E-01  1.6463287E-03  3.7574883E-13  9.0604217E-08  1.4121461E-06  3.7517109E-10  1.3898297E-06  1.5041416E-10  7.8703630E-06  8.364E-15  1.739E-05  2.289E-04  8.167E-01  1.955E+00  5.98E+02  0.00E+00  4.43E+02  0.908432  0.617733  0.0000000E+00  2.3139977751E+00
178  3.394205797001829E+06   84.318368  6.302997  4.570236  6.8688740E-01  3.1309000E-01  4.5954850E-07  4.0544462E-08  2.8138328E-06  4.7298427E-06  6.5629291E-09  7.6435350E-10  6.4948789E-07  1.5415436E-08  3.205E-10  0.3822  4.570236   -7.796  2.310498  8.310380  0.0000000E+00  9.9823314E-01  1.7525185E-03  3.5957493E-13  7.6574386E-08  1.5568970E-06  3.6982747E-10  1.2810877E-06  1.5589869E-10  8.0262586E-06  8.356E-15  1.726E-05  2.298E-04  8.168E-01  1.915E+00  5.97E+02  0.00E+00  4.43E+02  0.908271  0.617857  0.0000000E+00  2.3139966889E+00
179  3.394252777096843E+06   84.318368  6.303095  4.569110  6.8688419E-01  3.1309321E-01  4.5953921E-07  4.0544132E-08  2.8138855E-06  4.7297923E-06  6.5629643E-09  7.6433775E-10  6.4948106E-07  1.5415247E-08  3.205E-10  0.3834  4.569110   -7.794  2.313007  8.311112  0.0000000E+00  9.9812557E-01  1.8599234E-03  3.9417984E-13  6.8532057E-08  1.7113987E-06  3.6455411E-10  1.1805737E-06  1.6132837E-10  8.1626299E-06  8.348E-15  1.712E-05  2.305E-04  8.168E-01  1.930E+00  5.95E+02  0.00E+00  4.41E+02  0.908250  0.617996  0.0000000E+00  2.3139955933E+00
180  3.394299757191858E+06   84.318367  6.303205  4.568136  6.8688196E-01  3.1309544E-01  4.5953290E-07  4.0543908E-08  2.8139213E-06  4.7297581E-06  6.5629882E-09  7.6432706E-10  6.4947642E-07  1.5415119E-08  3.205E-10  0.3858  4.568136   -7.796  2.315439  8.311822  0.0000000E+00  9.9801501E-01  1.9702430E-03  4.8859632E-13  6.5403501E-08  1.8781894E-06  3.5926514E-10  1.0862316E-06  1.6679206E-10  8.2836953E-06  8.339E-15  1.697E-05  2.312E-04  8.173E-01  1.931E+00  5.94E+02  0.00E+00  4.40E+02  0.907545  0.618152  0.0000000E+00  2.3139944980E+00
181  3.394346737286873E+06   84.318366  6.303320  4.566726  6.8687976E-01  3.1309764E-01  4.5952645E-07  4.0543679E-08  2.8139578E-06  4.7297231E-06  6.5630126E-09  7.6431614E-10  6.4947168E-07  1.5414987E-08  3.205E-10  0.3842  4.566726   -7.799  2.313996  8.311148  0.0000000E+00  9.9790597E-01  2.0790856E-03  5.2647623E-13  6.0351048E-08  2.0484031E-06  3.5409666E-10  1.0002719E-06  1.7214196E-10  8.3975369E-06  8.331E-15  1.682E-05  2.306E-04  8.170E-01  1.922E+00  5.92E+02  0.00E+00  4.38E+02  0.908011  0.618314  0.0000000E+00  2.3139934113E+00
182  3.394393717381888E+06   84.318365  6.303431  4.565792  6.8687766E-01  3.1309974E-01  4.5952038E-07  4.0543463E-08  2.8139923E-06  4.7296902E-06  6.5630356E-09  7.6430586E-10  6.4946722E-07  1.5414864E-08  3.205E-10  0.3842  4.565792   -7.796  2.307383  8.308613  0.0000000E+00  9.9781019E-01  2.1747412E-03  5.1907258E-13  5.3116157E-08  2.2019362E-06  3.4953334E-10  9.2686918E-07  1.7686214E-10  8.4994303E-06  8.324E-15  1.667E-05  2.279E-04  8.180E-01  1.948E+00  5.90E+02  0.00E+00  4.36E+02  0.906728  0.618472  0.0000000E+00  2.3139923088E+00
183  3.394440697476902E+06   84.318365  6.303563  4.565397  6.8687585E-01  3.1310146E-01  4.5951532E-07  4.0543284E-08  2.8140210E-06  4.7296628E-06  6.5630547E-09  7.6429730E-10  6.4946351E-07  1.5414761E-08  3.205E-10  0.3855  4.565397   -7.806  2.308477  8.308823  0.0000000E+00  9.9771590E-01  2.2688070E-03  5.3306941E-13  4.7806357E-08  2.3583213E-06  3.4510903E-10  8.5946004E-07  1.8143796E-10  8.5909441E-06  8.317E-15  1.654E-05  2.281E-04  8.198E-01  1.905E+00  5.89E+02  0.00E+00  4.33E+02  0.904057  0.618659  0.0000000E+00  2.3139912341E+00
184  3.394487677571917E+06   84.318364  6.303709  4.564413  6.8687384E-01  3.1310347E-01  4.5950950E-07  4.0543077E-08  2.8140540E-06  4.7296313E-06  6.5630767E-09  7.6428744E-10  6.4945923E-07  1.5414642E-08  3.204E-10  0.3845  4.564413   -7.810  2.311973  8.309897  0.0000000E+00  9.9761900E-01  2.3655144E-03  6.8163718E-13  4.8116080E-08  2.5264022E-06  3.4068970E-10  7.9661441E-07  1.8602477E-10  8.6679913E-06  8.309E-15  1.640E-05  2.291E-04  8.202E-01  1.886E+00  5.88E+02  0.00E+00  4.32E+02  0.903600  0.618867  0.0000000E+00  2.3139901817E+00
185  3.394534657666932E+06   84.318363  6.303863  4.563372  6.8687225E-01  3.1310513E-01  4.5950479E-07  4.0542910E-08  2.8140808E-06  4.7296056E-06  6.5630946E-09  7.6427945E-10  6.4945577E-07  1.5414546E-08  3.204E-10  0.3859  4.563372   -7.809  2.315115  8.310853  0.0000000E+00  9.9751307E-01  2.4712677E-03  7.3267361E-13  4.4645122E-08  2.7149700E-06  3.3593234E-10  7.3537733E-07  1.9097756E-10  8.7490618E-06  8.301E-15  1.628E-05  2.302E-04  8.204E-01  1.900E+00  5.87E+02  0.00E+00  4.31E+02  0.903279  0.619085  0.0000000E+00  2.3139891207E+00
186  3.394581637761946E+06   84.318363  6.304020  4.562195  6.8687046E-01  3.1310688E-01  4.5949970E-07  4.0542729E-08  2.8141097E-06  4.7295781E-06  6.5631139E-09  7.6427083E-10  6.4945203E-07  1.5414443E-08  3.204E-10  0.3869  4.562195   -7.811  2.318217  8.311803  0.0000000E+00  9.9740286E-01  2.5812935E-03  8.9296668E-13  4.3598582E-08  2.9186270E-06  3.3110101E-10  6.7784974E-07  1.9602811E-10  8.8217636E-06  8.292E-15  1.614E-05  2.311E-04  8.204E-01  1.899E+00  5.85E+02  0.00E+00  4.30E+02  0.903275  0.619308  0.0000000E+00  2.3139880617E+00
187  3.394628617856961E+06   84.318361  6.304181  4.561102  6.8686886E-01  3.1310849E-01  4.5949505E-07  4.0542564E-08  2.8141361E-06  4.7295529E-06  6.5631315E-09  7.6426296E-10  6.4944861E-07  1.5414348E-08  3.204E-10  0.3874  4.561102   -7.813  2.321163  8.312704  0.0000000E+00  9.9728909E-01  2.6947928E-03  1.1531977E-12  4.5461391E-08  3.1371994E-06  3.2624667E-10  6.2481667E-07  2.0112817E-10  8.8843619E-06  8.283E-15  1.600E-05  2.321E-04  8.207E-01  1.904E+00  5.83E+02  0.00E+00  4.28E+02  0.902836  0.619538  0.0000000E+00  2.3139870005E+00
188  3.394675597951976E+06   84.318361  6.304348  4.559959  6.8686728E-01  3.1311009E-01  4.5949049E-07  4.0542402E-08  2.8141619E-06  4.7295281E-06  6.5631487E-09  7.6425523E-10  6.4944527E-07  1.5414255E-08  3.204E-10  0.3879  4.559959   -7.816  2.323780  8.313495  0.0000000E+00  9.9717093E-01  2.8127579E-03  1.5685437E-12  4.7899858E-08  3.3722296E-06  3.2131177E-10  5.7544281E-07  2.0633759E-10  8.9415695E-06  8.274E-15  1.587E-05  2.329E-04  8.209E-01  1.895E+00  5.82E+02  0.00E+00  4.26E+02  0.902621  0.619775  0.0000000E+00  2.3139859464E+00
189  3.394722578046991E+06   84.318360  6.304511  4.558644  6.8686572E-01  3.1311168E-01  4.5948598E-07  4.0542242E-08  2.8141875E-06  4.7295037E-06  6.5631657E-09  7.6424760E-10  6.4944195E-07  1.5414164E-08  3.204E-10  0.3880  4.558644   -7.816  2.326301  8.314259  0.0000000E+00  9.9704617E-01  2.9372671E-03  1.8306277E-12  4.7999902E-08  3.6274695E-06  3.1619504E-10  5.2912756E-07  2.1176352E-10  8.9987306E-06  8.263E-15  1.571E-05  2.337E-04  8.209E-01  1.903E+00  5.79E+02  0.00E+00  4.25E+02  0.902590  0.620009  0.0000000E+00  2.3139848903E+00
190  3.394769558142005E+06   84.318360  6.304686  4.557764  6.8686420E-01  3.1311310E-01  4.5948171E-07  4.0542091E-08  2.8142117E-06  4.7294805E-06  6.5631819E-09  7.6424037E-10  6.4943881E-07  1.5414077E-08  3.204E-10  0.3897  4.557764   -7.818  2.328713  8.314990  0.0000000E+00  9.9691300E-01  3.0701375E-03  1.7814877E-12  4.3768965E-08  3.9064354E-06  3.1081008E-10  4.8483449E-07  2.1749435E-10  9.0602710E-06  8.252E-15  1.558E-05  2.344E-04  8.218E-01  1.904E+00  5.78E+02  0.00E+00  4.23E+02  0.901249  0.620257  0.0000000E+00  2.3139838340E+00
191  3.395197262002401E+06   84.318353  6.306234  4.548644  6.8685122E-01  3.1312618E-01  4.5944410E-07  4.0540755E-08  2.8144252E-06  4.7292765E-06  6.5633242E-09  7.6417665E-10  6.4941117E-07  1.5413310E-08  3.202E-10  0.3960  4.548644   -7.855  2.343698  8.319406  0.0000000E+00  9.9556395E-01  4.4159154E-03  1.4634224E-11  4.1655692E-08  7.0668720E-06  2.6071132E-10  2.0626633E-07  2.7284118E-10  9.4098663E-06  8.117E-15  1.423E-05  2.389E-04  8.308E-01  1.806E+00  5.64E+02  0.00E+00  4.01E+02  0.887979  0.622466  0.0000000E+00  2.3139748053E+00
192  3.395567716730254E+06   84.318348  6.307627  4.538830  6.8683962E-01  3.1313778E-01  4.5941060E-07  4.0539567E-08  2.8146151E-06  4.7290949E-06  6.5634508E-09  7.6411993E-10  6.4938657E-07  1.5412630E-08  3.201E-10  0.4038  4.538830   -7.881  2.351027  8.321473  0.0000000E+00  9.9421490E-01  5.7609428E-03  7.2373350E-11  3.7727081E-08  1.1041028E-05  2.1884027E-10  1.0795127E-07  3.2733285E-10  9.5406997E-06  7.901E-15  1.309E-05  2.408E-04  8.353E-01  1.778E+00  5.50E+02  0.00E+00  3.87E+02  0.880795  0.624461  0.0000000E+00  2.3139674728E+00
193  3.395920993149763E+06   84.318344  6.309135  4.527955  6.8682661E-01  3.1315079E-01  4.5937314E-07  4.0538236E-08  2.8148278E-06  4.7288918E-06  6.5635925E-09  7.6405647E-10  6.4935904E-07  1.5411866E-08  3.200E-10  0.4024  4.527955   -7.907  2.351806  8.321281  0.0000000E+00  9.9286585E-01  7.1051956E-03  4.4547053E-11  1.6971344E-08  1.5870425E-05  1.8338836E-10  6.3828388E-08  3.8480673E-10  9.6312538E-06  7.579E-15  1.202E-05  2.403E-04  8.382E-01  1.760E+00  5.36E+02  0.00E+00  3.73E+02  0.876122  0.626629  0.0000000E+00  2.3139608258E+00
194  3.396260998048747E+06   84.318340  6.312800  4.510833  6.8679646E-01  3.1318084E-01  4.5928639E-07  4.0535156E-08  2.8153200E-06  4.7284213E-06  6.5639203E-09  7.6390954E-10  6.4929528E-07  1.5410100E-08  3.199E-10  0.4073  4.510833   -7.940  2.358274  8.322938  0.0000000E+00  9.9151680E-01  8.4485471E-03  5.6719901E-11  1.5290894E-08  2.1580212E-05  1.5398219E-10  4.2815468E-08  4.4297051E-10  9.6631075E-06  7.273E-15  1.059E-05  2.418E-04  8.387E-01  1.790E+00  5.14E+02  0.00E+00  3.57E+02  0.875118  0.631932  0.0000000E+00  2.3139546368E+00
195  3.396574515110149E+06   84.318336  6.317352  4.485363  6.8656300E-01  3.1341440E-01  4.5861402E-07  4.0511261E-08  2.8191369E-06  4.7247728E-06  6.5664553E-09  7.6277056E-10  6.4880089E-07  1.5396404E-08  3.199E-10  0.4047  4.485363   -7.935  2.362155  8.324097  0.0000000E+00  9.9016775E-01  9.7910923E-03  5.2417018E-11  1.0998150E-08  2.8064262E-05  1.2918333E-10  2.9559508E-08  4.9397046E-10  9.6889463E-06  7.027E-15  9.498E-06  2.430E-04  8.112E-01  2.127E+00  4.88E+02  0.00E+00  3.67E+02  0.915624  0.638504  0.0000000E+00  2.3139488108E+00
196  3.396894484536378E+06   84.317942  6.321191  4.474051  6.8630379E-01  3.1367361E-01  4.5786839E-07  4.0484750E-08  2.8233706E-06  4.7207255E-06  6.5692620E-09  7.6150745E-10  6.4825244E-07  1.5381212E-08  3.199E-10  0.4098  4.474051   -7.986  2.364607  8.324825  0.0000000E+00  9.8881870E-01  1.1132720E-02  8.9727045E-11  1.6864386E-08  3.5478467E-05  1.0892528E-10  4.1191927E-08  5.7018233E-10  9.6687082E-06  6.667E-15  8.554E-06  2.434E-04  8.191E-01  2.030E+00  4.73E+02  4.59E+02  3.48E+02  0.905191  0.644072  0.0000000E+00  2.3121217364E+00
197  3.397185693544607E+06   84.317665  6.323799  4.466224  6.8617370E-01  3.1380370E-01  4.5749465E-07  4.0471453E-08  2.8254933E-06  4.7186960E-06  6.5706661E-09  7.6087429E-10  6.4797742E-07  1.5373595E-08  3.198E-10  0.4106  4.466224   -8.028  2.366163  8.325276  0.0000000E+00  9.8746965E-01  1.2473712E-02  3.8818664E-11  5.9454995E-09  4.3531565E-05  9.0962354E-11  2.2856561E-08  6.1294014E-10  9.7103797E-06  6.464E-15  7.872E-06  2.439E-04  8.281E-01  1.946E+00  4.62E+02  4.43E+02  3.32E+02  0.892022  0.647906  0.0000000E+00  2.3108309786E+00
198  3.397472410043956E+06   84.317510  6.325754  4.449005  6.8606537E-01  3.1391211E-01  4.5718342E-07  4.0460375E-08  2.8272613E-06  4.7170055E-06  6.5718335E-09  7.6034700E-10  6.4774832E-07  1.5367250E-08  3.198E-10  0.4118  4.449005   -8.031  2.367230  8.325579  0.0000000E+00  9.8612060E-01  1.3813818E-02  3.3073006E-11  4.5155553E-09  5.2472055E-05  7.6092075E-11  1.3464985E-08  6.4869205E-10  9.7259802E-06  6.321E-15  7.409E-06  2.441E-04  8.042E-01  2.183E+00  4.47E+02  4.25E+02  3.43E+02  0.924442  0.650789  0.0000000E+00  2.3100596196E+00
199  3.397762936172945E+06   84.317191  6.327302  4.446822  6.8596626E-01  3.1401115E-01  4.5689924E-07  4.0450255E-08  2.8288761E-06  4.7154613E-06  6.5728979E-09  7.5986553E-10  6.4753907E-07  1.5361454E-08  3.197E-10  0.4116  4.446822   -8.076  2.368096  8.325825  0.0000000E+00  9.8477155E-01  1.5152977E-02  8.1013872E-11  9.2645347E-09  6.2377918E-05  6.4003503E-11  1.0996336E-08  6.8396572E-10  9.7234382E-06  6.218E-15  6.991E-06  2.443E-04  8.202E-01  2.011E+00  4.42E+02  4.17E+02  3.25E+02  0.903556  0.653074  0.0000000E+00  2.3084580028E+00
200  3.398049153547552E+06   84.317026  6.328528  4.436998  6.8589020E-01  3.1408730E-01  4.5668115E-07  4.0442484E-08  2.8301156E-06  4.7142759E-06  6.5737136E-09  7.5949600E-10  6.4737842E-07  1.5357006E-08  3.197E-10  0.4133  4.436998   -8.084  2.368870  8.326055  0.0000000E+00  9.8342250E-01  1.6491244E-02  4.3694183E-11  5.7170120E-09  7.3147465E-05  5.3791569E-11  1.2160842E-08  7.2279950E-10  9.7292285E-06  6.054E-15  6.689E-06  2.444E-04  8.102E-01  2.174E+00  4.34E+02  4.07E+02  3.27E+02  0.917004  0.654894  0.0000000E+00  2.3076075565E+00
201  3.398330949840225E+06   84.316856  6.329532  4.432067  6.8582250E-01  3.1415500E-01  4.5648726E-07  4.0435573E-08  2.8312178E-06  4.7132218E-06  6.5744377E-09  7.5916748E-10  6.4723557E-07  1.5353050E-08  3.196E-10  0.4141  4.432067   -8.084  2.369455  8.326226  0.0000000E+00  9.8207345E-01  1.7828692E-02  3.4352759E-11  4.1068295E-09  8.4739968E-05  4.5131334E-11  9.4336681E-09  7.5393638E-10  9.7364913E-06  5.931E-15  6.427E-06  2.445E-04  8.117E-01  2.426E+00  4.28E+02  4.00E+02  3.22E+02  0.914842  0.656385  0.0000000E+00  2.3067227685E+00
202  3.398617453784407E+06   84.316684  6.330394  4.418127  6.8576210E-01  3.1421540E-01  4.5631428E-07  4.0429404E-08  2.8322013E-06  4.7122809E-06  6.5750826E-09  7.5887436E-10  6.4710806E-07  1.5349520E-08  3.195E-10  0.4149  4.418127   -8.120  2.369995  8.326389  0.0000000E+00  9.8072440E-01  1.9165187E-02  6.9210095E-11  7.8907752E-09  9.7306269E-05  3.8128900E-11  9.0737220E-09  7.8452915E-10  9.7324572E-06  5.848E-15  6.188E-06  2.446E-04  7.858E-01  2.247E+00  4.19E+02  3.91E+02  3.36E+02  0.944389  0.657664  0.0000000E+00  2.3058555149E+00
203  3.398896197627005E+06   84.316338  6.331156  4.419854  6.8568153E-01  3.1429597E-01  4.5608411E-07  4.0421191E-08  2.8335104E-06  4.7110286E-06  6.5759390E-09  7.5848432E-10  6.4693834E-07  1.5344821E-08  3.195E-10  0.4151  4.419854   -8.128  2.370544  8.326561  0.0000000E+00  9.7937535E-01  2.0500957E-02  2.8556139E-11  2.9827425E-09  1.1055289E-04  3.1868952E-11  8.0765448E-09  8.1552857E-10  9.7425014E-06  5.710E-15  5.975E-06  2.448E-04  8.060E-01  2.389E+00  4.17E+02  3.88E+02  3.18E+02  0.922238  0.658792  0.0000000E+00  2.3039920740E+00
204  3.399174468857071E+06   84.316159  6.331850  4.413043  6.8561574E-01  3.1436176E-01  4.5589629E-07  4.0414482E-08  2.8345790E-06  4.7100062E-06  6.5766360E-09  7.5816602E-10  6.4679977E-07  1.5340985E-08  3.194E-10  0.4156  4.413043   -8.131  2.370981  8.326699  0.0000000E+00  9.7802630E-01  2.1835805E-02  2.8544420E-11  2.8335696E-09  1.2474584E-04  2.6746116E-11  6.1441949E-09  8.4184666E-10  9.7461348E-06  5.610E-15  5.794E-06  2.449E-04  7.987E-01  2.569E+00  4.11E+02  3.81E+02  3.20E+02  0.930986  0.659820  0.0000000E+00  2.3030192445E+00
205  3.399464602429939E+06   84.315978  6.332495  4.405977  6.8555478E-01  3.1442272E-01  4.5572256E-07  4.0408273E-08  2.8355677E-06  4.7090600E-06  6.5772794E-09  7.5787158E-10  6.4667153E-07  1.5337435E-08  3.193E-10  0.4152  4.405977   -8.096  2.371319  8.326810  0.0000000E+00  9.7667725E-01  2.3169541E-02  5.0119722E-11  5.4997322E-09  1.4008807E-04  2.2892815E-11  9.4725821E-09  8.7534248E-10  9.7392130E-06  5.533E-15  5.627E-06  2.449E-04  7.896E-01  3.124E+00  4.06E+02  3.76E+02  3.22E+02  0.941015  0.660778  0.0000000E+00  2.3020261059E+00
206  3.399751930843636E+06   84.315795  6.333079  4.394844  6.8549662E-01  3.1448088E-01  4.5555695E-07  4.0402351E-08  2.8365106E-06  4.7081577E-06  6.5778914E-09  7.5759089E-10  6.4654923E-07  1.5334050E-08  3.193E-10  0.4153  4.394844   -7.635  2.371641  8.326916  0.0000000E+00  9.7532820E-01  2.4502361E-02  6.4396117E-11  6.8459375E-09  1.5627220E-04  1.9561142E-11  9.3106871E-09  9.0624503E-10  9.7384514E-06  5.455E-15  5.460E-06  2.449E-04  7.658E-01  1.689E+01  3.99E+02  3.68E+02  3.34E+02  0.962214  0.661646  0.0000000E+00  2.3010147122E+00
207  3.400034247027881E+06   84.315536  6.333632  4.412098  6.8544471E-01  3.1453288E-01  4.5540910E-07  4.0397060E-08  2.8373525E-06  4.7073517E-06  6.5784366E-09  7.5734026E-10  6.4643999E-07  1.5331027E-08  3.192E-10  0.4178  4.412098   -8.244  2.371956  8.327020  0.0000000E+00  9.7397915E-01  2.5834387E-02  2.8768775E-11  2.7557616E-09  1.7327442E-04  1.6607907E-11  9.4062914E-09  9.3905945E-10  9.7457009E-06  5.338E-15  5.263E-06  2.449E-04  8.322E-01  1.971E+00  4.05E+02  3.74E+02  2.88E+02  0.885657  0.662469  0.0000000E+00  2.2996356880E+00
208  3.400332460388361E+06   84.315313  6.334188  4.362830  6.8538506E-01  3.1459244E-01  4.5523971E-07  4.0390993E-08  2.8383174E-06  4.7064280E-06  6.5790597E-09  7.5705314E-10  6.4631479E-07  1.5327563E-08  3.191E-10  0.4169  4.362830   -7.947  2.372301  8.327140  0.0000000E+00  9.7263010E-01  2.7165323E-02  3.8907995E-11  3.6866700E-09  1.9145908E-04  1.4523758E-11  1.2883347E-08  9.7744963E-10  9.7413267E-06  5.272E-15  5.149E-06  2.449E-04  7.013E-01  2.180E+01  3.90E+02  3.59E+02  3.65E+02  0.972944  0.663298 -9.4277225E-01  2.2988780648E+00
209  3.400606564226828E+06   84.315162  6.334665  4.395355  6.8533405E-01  3.1464345E-01  4.5509496E-07  4.0385806E-08  2.8391424E-06  4.7056381E-06  6.5795908E-09  7.5680774E-10  6.4620773E-07  1.5324600E-08  3.191E-10  0.4180  4.395355   -8.233  2.372644  8.327258  0.0000000E+00  9.7128105E-01  2.8495780E-02  2.1053983E-11  1.4116037E-09  2.1003946E-04  1.2143297E-11  6.2725352E-09  1.0020011E-09  9.7535363E-06  5.168E-15  5.024E-06  2.450E-04  8.052E-01  2.485E+00  3.93E+02  3.61E+02  3.01E+02  0.923274  0.664009  0.0000000E+00  2.2980176903E+00
210  3.400883194243000E+06   84.314974  6.335139  4.397241  6.8527980E-01  3.1469780E-01  4.5494120E-07  4.0380290E-08  2.8400189E-06  4.7047988E-06  6.5801536E-09  7.5654707E-10  6.4609396E-07  1.5321452E-08  3.190E-10  0.4184  4.397241   -8.276  2.372955  8.327368  0.0000000E+00  9.6993200E-01  2.9825231E-02  2.4639946E-11  1.6957801E-09  2.2959046E-04  1.0240522E-11  4.2959153E-09  1.0262402E-09  9.7560920E-06  5.085E-15  4.890E-06  2.451E-04  8.207E-01  2.200E+00  3.93E+02  3.60E+02  2.88E+02  0.902828  0.664713  0.0000000E+00  2.2969290204E+00
211  3.402759879783998E+06   84.313989  6.337907  4.377451  6.8494166E-01  3.1503584E-01  4.5398797E-07  4.0346006E-08  2.8454596E-06  4.6995858E-06  6.5836112E-09  7.5493059E-10  6.4538727E-07  1.5301908E-08  3.185E-10  0.4181  4.377451   -8.378  2.374593  8.327988  0.0000000E+00  9.6078972E-01  3.8810866E-02  2.5063479E-11  1.0731395E-09  3.8624012E-04  3.4734762E-12  2.2834930E-09  1.2028342E-09  9.7623206E-06  4.541E-15  4.217E-06  2.455E-04  8.232E-01  2.234E+00  3.75E+02  3.40E+02  2.73E+02  0.899335  0.668836  0.0000000E+00  2.2913294805E+00
212  3.404623163125239E+06   84.312949  6.340079  4.375083  6.8460340E-01  3.1537420E-01  4.5304135E-07  4.0311809E-08  2.8508735E-06  4.6943940E-06  6.5869942E-09  7.5332469E-10  6.4468336E-07  1.5282454E-08  3.180E-10  0.4190  4.375083   -8.346  2.375946  8.328525  0.0000000E+00  9.5164745E-01  4.7754428E-02  2.8302345E-11  8.4356967E-10  5.8498482E-04  1.3586363E-12  1.5300866E-09  1.4001430E-09  9.7645996E-06  4.048E-15  3.702E-06  2.459E-04  8.592E-01  1.332E+00  3.67E+02  3.31E+02  2.39E+02  0.837615  0.672064  0.0000000E+00  2.2854997756E+00
213  3.406491827725390E+06   84.312118  6.341510  4.351601  6.8418486E-01  3.1579274E-01  4.5187957E-07  4.0269650E-08  2.8575316E-06  4.6880033E-06  6.5910828E-09  7.5135295E-10  6.4381677E-07  1.5258518E-08  3.176E-10  0.4192  4.351601   -8.451  2.377195  8.328995  0.0000000E+00  9.4250517E-01  5.6654307E-02  3.2038955E-11  7.5452913E-10  8.2737731E-04  7.0378549E-13  1.3083720E-09  1.6367462E-09  9.7649438E-06  3.608E-15  3.501E-06  2.462E-04  8.237E-01  2.242E+00  3.52E+02  3.16E+02  2.56E+02  0.898557  0.674121  0.0000000E+00  2.2812798817E+00
214  3.408366198745236E+06   84.311229  6.342514  4.356358  6.8378430E-01  3.1619330E-01  4.5077568E-07  4.0229422E-08  2.8638700E-06  4.6819142E-06  6.5949109E-09  7.4947875E-10  6.4299097E-07  1.5235722E-08  3.171E-10  0.4193  4.356358   -8.514  2.378625  8.329519  0.0000000E+00  9.3336290E-01  6.5509370E-02  3.3008708E-11  4.8474446E-10  1.1146075E-03  4.8205635E-13  9.4999041E-10  1.9264101E-09  9.7649850E-06  3.216E-15  3.287E-06  2.466E-04  8.549E-01  1.792E+00  3.52E+02  3.15E+02  2.32E+02  0.846012  0.675527  0.0000000E+00  2.2762507612E+00
215  3.410243492759855E+06   84.310489  6.343146  4.356816  6.8340247E-01  3.1657513E-01  4.4973052E-07  4.0191191E-08  2.8698816E-06  4.6761348E-06  6.5984866E-09  7.4770364E-10  6.4220705E-07  1.5214093E-08  3.167E-10  0.4193  4.356816   -8.538  2.380121  8.330051  0.0000000E+00  9.2422062E-01  7.4318848E-02  3.7088920E-11  4.6852744E-10  1.4473715E-03  3.7718285E-13  7.9501202E-10  2.2803154E-09  9.7637831E-06  2.868E-15  3.166E-06  2.470E-04  8.662E-01  1.679E+00  3.51E+02  3.13E+02  2.22E+02  0.823247  0.676363  0.0000000E+00  2.2716484693E+00
216  3.412122960265255E+06   84.310074  6.343524  4.343210  6.8303329E-01  3.1694441E-01  4.4872648E-07  4.0154329E-08  2.8756666E-06  4.6705692E-06  6.6018751E-09  7.4599779E-10  6.4145204E-07  1.5193275E-08  3.162E-10  0.4194  4.343210   -8.542  2.381569  8.330557  0.0000000E+00  9.1507835E-01  8.3081874E-02  4.1209223E-11  4.4882082E-10  1.8266627E-03  3.2505090E-13  7.6817607E-10  2.7129801E-09  9.7619645E-06  2.558E-15  3.170E-06  2.473E-04  8.370E-01  2.054E+00  3.43E+02  3.06E+02  2.40E+02  0.877851  0.676807  0.0000000E+00  2.2690352705E+00
217  3.414053427954176E+06   84.309656  6.343769  4.336578  6.8266688E-01  3.1731082E-01  4.4773659E-07  4.0117853E-08  2.8813797E-06  4.6650685E-06  6.6051696E-09  7.4431539E-10  6.4070575E-07  1.5172708E-08  3.157E-10  0.4178  4.336578   -8.179  2.382986  8.331069  0.0000000E+00  9.0593607E-01  9.1793445E-02  5.6362752E-11  7.4197411E-10  2.2573360E-03  4.7734428E-13  1.9445755E-09  3.2527730E-09  9.7580958E-06  2.319E-15  3.153E-06  2.477E-04  8.226E-01  5.221E+00  3.40E+02  3.03E+02  2.48E+02  0.900139  0.677044  0.0000000E+00  2.2663917426E+00
218  3.415987427848639E+06   84.309029  6.343940  4.349237  6.8226049E-01  3.1771722E-01  4.4664644E-07  4.0077527E-08  2.8876832E-06  4.6589942E-06  6.6087403E-09  7.4246179E-10  6.3988157E-07  1.5150011E-08  3.152E-10  0.4202  4.349237   -8.563  2.384574  8.331612  0.0000000E+00  8.9679379E-01  1.0045656E-01  4.6453322E-11  3.2239716E-10  2.7364882E-03  3.8881863E-13  4.6698282E-10  3.9060954E-09  9.7582376E-06  2.092E-15  3.087E-06  2.480E-04  8.582E-01  1.770E+00  3.45E+02  3.08E+02  2.25E+02  0.839621  0.677153  0.0000000E+00  2.2625793617E+00
219  3.417858339863502E+06   84.308424  6.344068  4.354629  6.8182312E-01  3.1815468E-01  4.4548239E-07  4.0034297E-08  2.8944277E-06  4.6524893E-06  6.6124843E-09  7.4048161E-10  6.3899887E-07  1.5125726E-08  3.148E-10  0.4091  4.354629   -8.565  2.386120  8.332131  0.0000000E+00  8.8765152E-01  1.0907555E-01  4.5528981E-11  1.0870084E-10  3.2597984E-03  2.2484570E-13  2.3135542E-10  4.6700818E-09  9.7559496E-06  1.853E-15  3.039E-06  2.485E-04  8.726E-01  1.629E+00  3.48E+02  3.10E+02  2.15E+02  0.809033  0.677182  0.0000000E+00  2.2586284310E+00
220  3.419735856415953E+06   84.308417  6.344170  4.328255  6.8148750E-01  3.1849033E-01  4.4459573E-07  4.0001251E-08  2.8995747E-06  4.6475207E-06  6.6152851E-09  7.3897252E-10  6.3832462E-07  1.5107194E-08  3.143E-10  0.4134  4.328255   -8.086  2.387874  8.332734  0.0000000E+00  8.7850924E-01  1.1764333E-01  4.9821444E-11  1.4530116E-10  3.8342602E-03  2.0287673E-13  2.5845314E-10  5.5842703E-09  9.7527415E-06  1.646E-15  3.121E-06  2.490E-04  8.036E-01  7.289E+00  3.36E+02  2.99E+02  2.57E+02  0.925271  0.677205  0.0000000E+00  2.2586104401E+00
221  3.421643529878614E+06   84.307944  6.344275  4.340582  6.8102587E-01  3.1895203E-01  4.4338695E-07  3.9956024E-08  2.9066075E-06  4.6407244E-06  6.6190157E-09  7.3691380E-10  6.3740233E-07  1.5081882E-08  3.139E-10  0.4182  4.340582   -8.565  2.389482  8.333302  0.0000000E+00  8.6936697E-01  1.2615613E-01  5.6841190E-11  2.2569545E-10  4.4637516E-03  2.3700513E-13  5.2212291E-10  6.6813945E-09  9.7490752E-06  1.479E-15  3.086E-06  2.494E-04  8.395E-01  1.999E+00  3.41E+02  3.04E+02  2.36E+02  0.873657  0.677187  0.0000000E+00  2.2558177171E+00
222  3.423554026224101E+06   84.307668  6.344376  4.330307  6.8062905E-01  3.1934885E-01  4.4235741E-07  3.9917360E-08  2.9126117E-06  4.6349159E-06  6.6221128E-09  7.3515900E-10  6.3661411E-07  1.5060287E-08  3.134E-10  0.4197  4.330307   -8.149  2.390977  8.333841  0.0000000E+00  8.6022469E-01  1.3461492E-01  7.1157296E-11  6.8319879E-10  5.1471722E-03  2.8385294E-13  8.3291462E-10  7.9789061E-09  9.7445474E-06  1.334E-15  3.097E-06  2.498E-04  8.124E-01  6.086E+00  3.36E+02  3.00E+02  2.52E+02  0.914174  0.677186  0.0000000E+00  2.2542318691E+00
223  3.425471416733964E+06   84.307319  6.344491  4.327825  6.8022328E-01  3.1975462E-01  4.4131464E-07  3.9878061E-08  2.9187076E-06  4.6290117E-06  6.6251628E-09  7.3338015E-10  6.3581300E-07  1.5038383E-08  3.130E-10  0.4178  4.327825   -8.127  2.392545  8.334385  0.0000000E+00  8.5108242E-01  1.4301877E-01  7.0803951E-11  5.5238689E-10  5.8856308E-03  2.7269907E-13  6.5311587E-10  9.5027449E-09  9.7413495E-06  1.201E-15  3.087E-06  2.503E-04  8.068E-01  6.593E+00  3.35E+02  2.98E+02  2.55E+02  0.921389  0.677205  0.0000000E+00  2.2520952358E+00
224  3.427388160900501E+06   84.306866  6.344613  4.339100  6.7979994E-01  3.2017805E-01  4.4023759E-07  3.9837330E-08  2.9250201E-06  4.6228903E-06  6.6282148E-09  7.3154104E-10  6.3498249E-07  1.5015728E-08  3.127E-10  0.4199  4.339100   -8.277  2.394153  8.334934  0.0000000E+00  8.4194014E-01  1.5136714E-01  7.4720903E-11  4.3442286E-10  6.6795226E-03  2.6323625E-13  8.1855969E-10  1.1279464E-08  9.7375097E-06  1.082E-15  3.048E-06  2.507E-04  8.401E-01  3.981E+00  3.39E+02  3.03E+02  2.35E+02  0.872863  0.677229  0.0000000E+00  2.2493946128E+00
225  3.429302793649808E+06   84.306604  6.344727  4.328749  6.7940268E-01  3.2057532E-01  4.3923694E-07  3.9799366E-08  2.9308997E-06  4.6171817E-06  6.6309571E-09  7.2983069E-10  6.3420813E-07  1.4994657E-08  3.124E-10  0.4179  4.328749   -8.147  2.395999  8.335564  0.0000000E+00  8.3279786E-01  1.5965902E-01  6.2073640E-11  8.8715171E-12  7.5299378E-03  2.3053712E-13  1.0241622E-10  1.3340900E-08  9.7350269E-06  9.699E-16  3.061E-06  2.512E-04  8.126E-01  6.340E+00  3.35E+02  2.98E+02  2.51E+02  0.914003  0.677249  0.0000000E+00  2.2478846154E+00
226  3.431277880695305E+06   84.306178  6.344839  4.328390  6.7895168E-01  3.2102632E-01  4.3811295E-07  3.9756587E-08  2.9375221E-06  4.6107435E-06  6.6339233E-09  7.2790736E-10  6.3333497E-07  1.4970963E-08  3.121E-10  0.4131  4.328390   -8.153  2.397648  8.336142  0.0000000E+00  8.2365559E-01  1.6788400E-01  7.3387163E-11  2.1981180E-10  8.4472469E-03  2.7179439E-13  4.1364472E-10  1.5759993E-08  9.7302418E-06  9.002E-16  3.049E-06  2.517E-04  8.130E-01  6.267E+00  3.34E+02  2.98E+02  2.50E+02  0.913365  0.677245  0.0000000E+00  2.2454518269E+00
227  3.433220231745521E+06   84.305743  6.344943  4.332004  6.7850832E-01  3.2146974E-01  4.3702047E-07  3.9714871E-08  2.9439781E-06  4.6044579E-06  6.6366813E-09  7.2603552E-10  6.3248274E-07  1.4947913E-08  3.119E-10  0.4163  4.332004   -8.226  2.399355  8.336743  0.0000000E+00  8.1451331E-01  1.7605405E-01  7.3723554E-11  8.3524799E-11  9.4194500E-03  2.5633149E-13  3.0559333E-10  1.8525741E-08  9.7262395E-06  8.205E-16  3.030E-06  2.522E-04  8.249E-01  4.981E+00  3.36E+02  2.99E+02  2.43E+02  0.896867  0.677231  0.0000000E+00  2.2432904862E+00
228  3.435166082373505E+06   84.305274  6.345040  4.339332  6.7800423E-01  3.2197387E-01  4.3579376E-07  3.9667875E-08  2.9512506E-06  4.5973661E-06  6.6396236E-09  7.2393067E-10  6.3152150E-07  1.4922010E-08  3.118E-10  0.4195  4.339332   -8.591  2.401072  8.337338  0.0000000E+00  8.0537104E-01  1.8416292E-01  7.6667716E-11  1.3807081E-10  1.0452817E-02  2.4353562E-13  2.8592188E-10  2.1697524E-08  9.7216308E-06  7.478E-16  2.997E-06  2.527E-04  8.458E-01  1.913E+00  3.39E+02  3.02E+02  2.30E+02  0.862964  0.677183  0.0000000E+00  2.2404849748E+00
229  3.437110784335274E+06   84.304905  6.345147  4.338284  6.7753001E-01  3.2244817E-01  4.3465471E-07  3.9624095E-08  2.9580264E-06  4.5907479E-06  6.6422018E-09  7.2197318E-10  6.3062476E-07  1.4897942E-08  3.118E-10  0.4148  4.338284   -8.509  2.402748  8.337928  0.0000000E+00  7.9622876E-01  1.9220945E-01  8.4024374E-11  1.6691821E-10  1.1548549E-02  2.4591545E-13  4.8670298E-10  2.5325211E-08  9.7165853E-06  6.813E-16  2.987E-06  2.532E-04  8.446E-01  2.468E+00  3.38E+02  3.01E+02  2.31E+02  0.865174  0.677161  0.0000000E+00  2.2383079800E+00
230  3.439059473760726E+06   84.304375  6.345261  4.342373  6.7702202E-01  3.2295617E-01  4.3345091E-07  3.9577676E-08  2.9652127E-06  4.5837165E-06  6.6447546E-09  7.1990096E-10  6.2967244E-07  1.4872491E-08  3.119E-10  0.4199  4.342373   -8.599  2.404557  8.338557  0.0000000E+00  7.8708649E-01  2.0019115E-01  8.3198290E-11  1.6386421E-10  1.2709138E-02  2.3661488E-13  2.7994556E-10  2.9463463E-08  9.7118836E-06  6.209E-16  2.958E-06  2.537E-04  8.561E-01  1.791E+00  3.40E+02  3.03E+02  2.23E+02  0.843620  0.677138  0.0000000E+00  2.2351952950E+00
231  3.441016451568341E+06   84.304153  6.345370  4.333904  6.7656930E-01  3.2340890E-01  4.3239172E-07  3.9536712E-08  2.9715575E-06  4.5774981E-06  6.6468515E-09  7.1807466E-10  6.2883056E-07  1.4850090E-08  3.119E-10  0.4214  4.333904   -8.284  2.406284  8.339150  0.0000000E+00  7.7794421E-01  2.0810586E-01  8.8894716E-11  2.1134059E-10  1.3936676E-02  2.3905473E-13  3.6443666E-10  3.4171344E-08  9.7065444E-06  5.683E-16  2.975E-06  2.542E-04  8.357E-01  4.235E+00  3.36E+02  2.99E+02  2.36E+02  0.880151  0.677128  0.0000000E+00  2.2338673864E+00
232  3.442970628775625E+06   84.303351  6.345479  4.347668  6.7600082E-01  3.2397738E-01  4.3107952E-07  3.9485809E-08  2.9794460E-06  4.5697533E-06  6.6492550E-09  7.1580812E-10  6.2778248E-07  1.4822328E-08  3.123E-10  0.4188  4.347668   -8.603  2.408006  8.339742  0.0000000E+00  7.6880193E-01  2.1595402E-01  8.3641453E-11  1.8641725E-11  1.5230815E-02  2.2171989E-13  1.5346218E-10  3.9503272E-08  9.7017161E-06  5.174E-16  2.903E-06  2.547E-04  8.714E-01  1.639E+00  3.42E+02  3.05E+02  2.12E+02  0.811942  0.677074  0.0000000E+00  2.2289705226E+00
233  3.444951539881165E+06   84.303344  6.345573  4.328777  6.7560073E-01  3.2437755E-01  4.3016735E-07  3.9450330E-08  2.9849482E-06  4.5643426E-06  6.6507977E-09  7.1422991E-10  6.2705060E-07  1.4803025E-08  3.124E-10  0.4213  4.328777   -8.240  2.409780  8.340337  0.0000000E+00  7.5965966E-01  2.2372793E-01  9.1548823E-11  1.6968017E-10  1.6599186E-02  2.3195607E-13  2.5323561E-10  4.5559284E-08  9.6957787E-06  4.799E-16  2.967E-06  2.552E-04  8.240E-01  5.066E+00  3.33E+02  2.97E+02  2.42E+02  0.898185  0.677058  0.0000000E+00  2.2289543981E+00
234  3.447133857529369E+06   84.302857  6.345668  4.332291  6.7495800E-01  3.2502030E-01  4.2872233E-07  3.9393959E-08  2.9936976E-06  4.5557226E-06  6.6530094E-09  7.1172497E-10  6.2588519E-07  1.4772444E-08  3.131E-10  0.4156  4.332291   -8.291  2.411104  8.340675  0.0000000E+00  7.5051738E-01  2.3137618E-01  8.3464871E-11  1.4287718E-12  1.8093175E-02  2.7557534E-13  6.1087679E-12  5.2722576E-08  9.6908465E-06  5.205E-16  2.946E-06  2.552E-04  8.351E-01  4.259E+00  3.34E+02  2.98E+02  2.35E+02  0.881108  0.676951  0.0000000E+00  2.2261816242E+00
235  3.449086162450376E+06   84.302646  6.345696  4.323061  6.7445282E-01  3.2552550E-01  4.2760120E-07  3.9350108E-08  3.0005103E-06  4.5489993E-06  6.6545542E-09  7.0977794E-10  6.2497662E-07  1.4748717E-08  3.136E-10  0.4196  4.323061   -8.191  2.413559  8.341320  0.0000000E+00  7.4137511E-01  2.3902251E-01  8.4526701E-11  6.0597368E-12  1.9589127E-02  1.8271546E-13  5.4743144E-12  6.0217104E-08  9.6847534E-06  4.510E-16  2.945E-06  2.558E-04  8.117E-01  6.167E+00  3.30E+02  2.95E+02  2.48E+02  0.915180  0.676792  0.0000000E+00  2.2250448345E+00
236  3.451042417665645E+06   84.302286  6.345600  4.321298  6.7391620E-01  3.2606210E-01  4.2642390E-07  3.9303955E-08  3.0076869E-06  4.5419060E-06  6.6560163E-09  7.0773003E-10  6.2401849E-07  1.4723804E-08  3.142E-10  0.4184  4.321298   -8.196  2.415696  8.341941  0.0000000E+00  7.3223283E-01  2.4659435E-01  8.8709100E-11  2.6026793E-11  2.1159562E-02  1.7596995E-13  4.9418316E-11  6.8672493E-08  9.6783437E-06  3.927E-16  2.915E-06  2.563E-04  8.109E-01  6.283E+00  3.29E+02  2.94E+02  2.48E+02  0.916128  0.676429  0.0000000E+00  2.2229184348E+00
237  3.453015054924578E+06   84.301823  6.345725  4.335032  6.7340921E-01  3.2656919E-01  4.2532393E-07  3.9260739E-08  3.0144133E-06  4.5352475E-06  6.6572328E-09  7.0581346E-10  6.2311950E-07  1.4700531E-08  3.149E-10  0.4180  4.335032   -8.655  2.417719  8.342548  0.0000000E+00  7.2309056E-01  2.5408717E-01  9.2597583E-11  5.2819764E-11  2.2809002E-02  1.8056052E-13  7.1517838E-11  7.8186100E-08  9.6717129E-06  3.454E-16  2.784E-06  2.568E-04  8.588E-01  1.757E+00  3.34E+02  2.98E+02  2.17E+02  0.838404  0.676423  0.0000000E+00  2.2201295606E+00
238  3.454978897848887E+06   84.301396  6.346105  4.326323  6.7286592E-01  3.2711257E-01  4.2415836E-07  3.9214849E-08  3.0215637E-06  4.5281586E-06  6.6583588E-09  7.0377918E-10  6.2216282E-07  1.4675875E-08  3.157E-10  0.4151  4.326323   -8.420  2.419798  8.343136  0.0000000E+00  7.1394828E-01  2.6150446E-01  9.1498719E-11  4.0487768E-13  2.4533931E-02  1.7032248E-13  5.2004530E-12  8.8781895E-08  9.6650584E-06  3.001E-16  2.702E-06  2.573E-04  8.495E-01  3.471E+00  3.28E+02  2.93E+02  2.20E+02  0.856186  0.676799  0.0000000E+00  2.2176885644E+00
239  3.456949603868220E+06   84.301183  6.346509  4.309209  6.7237241E-01  3.2760609E-01  4.2311136E-07  3.9173543E-08  3.0280070E-06  4.5217612E-06  6.6592265E-09  7.0194880E-10  6.2129988E-07  1.4653735E-08  3.165E-10  0.4140  4.309209   -8.325  2.421842  8.343703  0.0000000E+00  7.0480600E-01  2.6884244E-01  9.3779701E-11  7.4441638E-12  2.6338281E-02  1.6622407E-13  7.6721137E-12  1.0059879E-07  9.6579678E-06  2.597E-16  2.640E-06  2.578E-04  8.163E-01  5.654E+00  3.19E+02  2.85E+02  2.37E+02  0.908941  0.677229  0.0000000E+00  2.2163648629E+00
240  3.458942767025886E+06   84.300774  6.346833  4.308060  6.7183994E-01  3.2813856E-01  4.2199374E-07  3.9129366E-08  3.0349061E-06  4.5149011E-06  6.6600010E-09  6.9999175E-10  6.2037495E-07  1.4630111E-08  3.175E-10  0.4093  4.308060   -8.386  2.424064  8.344323  0.0000000E+00  6.9566373E-01  2.7609527E-01  9.6369557E-11  7.0464997E-12  2.8227666E-02  1.6773522E-13  1.0227870E-11  1.1380782E-07  9.6506222E-06  2.270E-16  2.563E-06  2.583E-04  8.243E-01  5.027E+00  3.17E+02  2.83E+02  2.31E+02  0.897692  0.677523  0.0000000E+00  2.2139234398E+00
241  3.460951629824311E+06   84.300307  6.347066  4.315255  6.7129329E-01  3.2868529E-01  4.2085848E-07  3.9084408E-08  3.0419362E-06  4.5079006E-06  6.6606308E-09  6.9800045E-10  6.1943152E-07  1.4606124E-08  3.185E-10  0.4156  4.315255   -8.507  2.426415  8.345023  0.0000000E+00  6.8652145E-01  2.8326137E-01  1.0162727E-10  4.1559556E-11  3.0203881E-02  1.7091949E-13  7.0643272E-11  1.2859750E-07  9.6428601E-06  2.010E-16  2.480E-06  2.589E-04  8.518E-01  3.389E+00  3.19E+02  2.85E+02  2.13E+02  0.851921  0.677669  0.0000000E+00  2.2111171681E+00
242  3.462980994021712E+06   84.299940  6.347230  4.307363  6.7075653E-01  3.2922197E-01  4.1975536E-07  3.9040645E-08  3.0487879E-06  4.5010680E-06  6.6610947E-09  6.9606239E-10  6.1851116E-07  1.4582829E-08  3.196E-10  0.4125  4.307363   -8.485  2.428734  8.345739  0.0000000E+00  6.7737918E-01  2.9033589E-01  1.0614297E-10  3.5641545E-11  3.2271618E-02  1.7571984E-13  1.1988966E-10  1.4516365E-07  9.6348688E-06  1.822E-16  2.449E-06  2.595E-04  8.384E-01  4.048E+00  3.15E+02  2.81E+02  2.19E+02  0.875703  0.677710  0.0000000E+00  2.2092286932E+00
243  3.464970258201424E+06   84.299537  6.347365  4.302641  6.7018732E-01  3.2979128E-01  4.1859697E-07  3.8994613E-08  3.0560042E-06  4.4938620E-06  6.6614306E-09  6.9402398E-10  6.1754095E-07  1.4558381E-08  3.209E-10  0.4133  4.302641   -8.479  2.430915  8.346402  0.0000000E+00  6.6823690E-01  2.9733313E-01  1.0321769E-10  1.6982734E-12  3.4416568E-02  1.5799423E-13  2.6852913E-12  1.6346050E-07  9.6267914E-06  1.570E-16  2.413E-06  2.601E-04  8.321E-01  4.450E+00  3.12E+02  2.78E+02  2.22E+02  0.885770  0.677694  0.0000000E+00  2.2068771743E+00
244  3.467062971176522E+06   84.299092  6.347528  4.309537  6.6957318E-01  3.3040549E-01  4.1735917E-07  3.8945347E-08  3.0637376E-06  4.4861292E-06  6.6616295E-09  6.9184242E-10  6.1650029E-07  1.4532273E-08  3.225E-10  0.4143  4.309537   -8.576  2.433056  8.347074  0.0000000E+00  6.5909463E-01  3.0420886E-01  1.4363772E-10  2.1606160E-10  3.6683108E-02  2.1332623E-13  8.4355192E-10  1.8429022E-07  9.6168371E-06  1.563E-16  2.341E-06  2.607E-04  8.570E-01  3.172E+00  3.15E+02  2.80E+02  2.06E+02  0.842042  0.677702  0.0000000E+00  2.2041077726E+00
245  3.469095339794451E+06   84.298778  6.347659  4.283397  6.6894695E-01  3.3103175E-01  4.1610939E-07  3.8895527E-08  3.0715691E-06  4.4782876E-06  6.6616651E-09  6.8963617E-10  6.1544550E-07  1.4505932E-08  3.241E-10  0.4168  4.283397   -6.464  2.435460  8.347812  0.0000000E+00  6.4995235E-01  3.1101334E-01  1.1479162E-10  1.4947744E-10  3.9020929E-02  1.6503752E-13  5.3587955E-11  2.0705945E-07  9.6089429E-06  1.385E-16  2.342E-06  2.613E-04  7.910E-01  9.205E+00  3.03E+02  2.70E+02  2.40E+02  0.939445  0.677654  0.0000000E+00  2.2031291045E+00
246  3.471142756722127E+06   84.298107  6.347804  4.282925  6.6831699E-01  3.3166171E-01  4.1486313E-07  3.8845779E-08  3.0793997E-06  4.4704371E-06  6.6615501E-09  6.8743292E-10  6.1438999E-07  1.4479683E-08  3.259E-10  0.4145  4.282925   -6.529  2.437749  8.348518  0.0000000E+00  6.4081007E-01  3.1771739E-01  1.1565124E-10  5.3170725E-11  4.1459078E-02  1.5777046E-13  6.9306581E-11  2.3244840E-07  9.5997502E-06  1.258E-16  2.296E-06  2.620E-04  7.983E-01  7.968E+00  3.02E+02  2.69E+02  2.35E+02  0.931499  0.677629  0.0000000E+00  2.2010915060E+00
247  3.473193479554835E+06   84.297373  6.347952  4.278049  6.6768759E-01  3.3229121E-01  4.1362851E-07  3.8796433E-08  3.0871775E-06  4.4626303E-06  6.6612920E-09  6.8524714E-10  6.1334079E-07  1.4453701E-08  3.277E-10  0.4153  4.278049   -6.436  2.440176  8.349294  0.0000000E+00  6.3166780E-01  3.2432307E-01  1.1764019E-10  5.3777597E-11  4.3995672E-02  1.5100518E-13  5.2408755E-11  2.6068986E-07  9.5900482E-06  1.143E-16  2.255E-06  2.627E-04  7.914E-01  9.995E+00  2.99E+02  2.67E+02  2.37E+02  0.939134  0.677610  0.0000000E+00  2.1988163933E+00
248  3.475258515525023E+06   84.296619  6.348124  4.275109  6.6705402E-01  3.3292469E-01  4.1239579E-07  3.8747105E-08  3.0949630E-06  4.4548067E-06  6.6608956E-09  6.8306173E-10  6.1228980E-07  1.4427781E-08  3.296E-10  0.4143  4.275109   -6.384  2.442548  8.350097  0.0000000E+00  6.2252552E-01  3.3082088E-01  1.1903322E-10  3.0806989E-11  4.6640078E-02  1.4564659E-13  3.0804807E-11  2.9225907E-07  9.5799671E-06  1.077E-16  2.210E-06  2.634E-04  7.911E-01  1.141E+01  2.97E+02  2.65E+02  2.35E+02  0.939445  0.677627  0.0000000E+00  2.1964620075E+00
249  3.477380245153100E+06   84.295825  6.348323  4.272059  6.6639284E-01  3.3358596E-01  4.1111931E-07  3.8695968E-08  3.1030451E-06  4.4466762E-06  6.6603432E-09  6.8079568E-10  6.1119803E-07  1.4400964E-08  3.317E-10  0.4150  4.272059   -6.376  2.444748  8.350864  0.0000000E+00  6.1338325E-01  3.3718896E-01  1.2722932E-10  2.0616301E-11  4.9414218E-02  1.6007541E-13  6.4006878E-11  3.2789549E-07  9.5693820E-06  1.170E-16  2.165E-06  2.642E-04  7.907E-01  1.170E+01  2.96E+02  2.63E+02  2.34E+02  0.939821  0.677675  0.0000000E+00  2.1939503477E+00
250  3.479428778467176E+06   84.295090  6.348497  4.270020  6.6575941E-01  3.3421949E-01  4.0990542E-07  3.8647290E-08  3.1107492E-06  4.4389175E-06  6.6596892E-09  6.7863795E-10  6.1015662E-07  1.4375485E-08  3.337E-10  0.4154  4.270020   -6.443  2.446561  8.351432  0.0000000E+00  6.0424097E-01  3.4348640E-01  1.2781590E-10  7.1377562E-11  5.2259024E-02  1.3818905E-13  6.8759685E-11  3.6653579E-07  9.5582548E-06  1.026E-16  2.118E-06  2.646E-04  7.941E-01  1.002E+01  2.94E+02  2.62E+02  2.31E+02  0.936215  0.677695  0.0000000E+00  2.1916213649E+00
251  3.481559514077132E+06   84.294346  6.348653  4.267355  6.6509280E-01  3.3488610E-01  4.0863721E-07  3.8596385E-08  3.1188171E-06  4.4307841E-06  6.6588740E-09  6.7638081E-10  6.0906537E-07  1.4348893E-08  3.360E-10  0.4158  4.267355   -6.470  2.449161  8.352239  0.0000000E+00  5.9509870E-01  3.4963702E-01  1.3206061E-10  6.3020309E-11  5.5250667E-02  1.4144784E-13  7.4842286E-11  4.1010536E-07  9.5468252E-06  1.125E-16  2.072E-06  2.654E-04  7.955E-01  9.451E+00  2.92E+02  2.60E+02  2.28E+02  0.934634  0.677675  0.0000000E+00  2.1892570086E+00
252  3.483796280395254E+06   84.293570  6.348801  4.263391  6.6439133E-01  3.3558758E-01  4.0731245E-07  3.8543159E-08  3.1272646E-06  4.4222589E-06  6.6578838E-09  6.7402002E-10  6.0792204E-07  1.4321145E-08  3.384E-10  0.4142  4.263391   -6.477  2.451640  8.353048  0.0000000E+00  5.8595642E-01  3.5561840E-01  1.4034843E-10  3.7062487E-11  5.8411549E-02  1.5901279E-13  1.0249064E-10  4.5986724E-07  9.5350905E-06  1.702E-16  2.027E-06  2.661E-04  7.930E-01  9.355E+00  2.89E+02  2.58E+02  2.28E+02  0.937395  0.677625  0.0000000E+00  2.1867693198E+00
253  3.485896912421863E+06   84.292830  6.348926  4.261110  6.6369908E-01  3.3627986E-01  4.0601414E-07  3.8490953E-08  3.1355629E-06  4.4138759E-06  6.6567803E-09  6.7170347E-10  6.0679826E-07  1.4293981E-08  3.410E-10  0.4160  4.261110   -6.524  2.454033  8.353804  0.0000000E+00  5.7681414E-01  3.6156663E-01  1.3293401E-10  2.8534448E-12  6.1605488E-02  1.2177387E-13  1.5370379E-11  5.1287417E-07  9.5227446E-06  1.540E-16  1.982E-06  2.668E-04  7.958E-01  8.426E+00  2.87E+02  2.56E+02  2.25E+02  0.934267  0.677543  0.0000000E+00  2.1843703435E+00
254  3.488100088888333E+06   84.292088  6.349042  4.255635  6.6303365E-01  3.3694539E-01  4.0477396E-07  3.8441048E-08  3.1435064E-06  4.4058438E-06  6.6556107E-09  6.6948815E-10  6.0572195E-07  1.4268063E-08  3.434E-10  0.4164  4.255635   -6.464  2.456155  8.354452  0.0000000E+00  5.6767187E-01  3.6733083E-01  1.5020313E-10  4.4940922E-12  6.4983537E-02  1.4950820E-13  8.8914499E-11  5.7332964E-07  9.5099980E-06  2.329E-16  1.932E-06  2.673E-04  7.903E-01  9.844E+00  2.84E+02  2.53E+02  2.25E+02  0.940252  0.677461  0.0000000E+00  2.1819607421E+00
255  3.490246395624769E+06   84.291369  6.349133  4.252503  6.6237081E-01  3.3760826E-01  4.0354644E-07  3.8391617E-08  3.1513860E-06  4.3978691E-06  6.6543376E-09  6.6729292E-10  6.0465374E-07  1.4242440E-08  3.459E-10  0.4164  4.252503   -6.431  2.459059  8.355269  0.0000000E+00  5.5852959E-01  3.7302466E-01  1.4249035E-10  6.2409372E-12  6.8431901E-02  1.1646663E-13  4.6698518E-11  6.3834148E-07  9.4965354E-06  2.239E-16  1.879E-06  2.680E-04  7.930E-01  1.086E+01  2.82E+02  2.51E+02  2.22E+02  0.937334  0.677339  0.0000000E+00  2.1796015642E+00
256  3.492439053076473E+06   84.290658  6.349156  4.248384  6.6168901E-01  3.3829009E-01  4.0229133E-07  3.8341043E-08  3.1594592E-06  4.3896911E-06  6.6529236E-09  6.6504592E-10  6.0355874E-07  1.4216273E-08  3.485E-10  0.4165  4.248384   -6.497  2.461703  8.356138  0.0000000E+00  5.4938732E-01  3.7854824E-01  1.7583187E-10  3.4538416E-10  7.2050498E-02  1.4055394E-13  2.0232420E-10  7.1243625E-07  9.4821082E-06  3.364E-16  1.816E-06  2.688E-04  7.956E-01  9.272E+00  2.79E+02  2.49E+02  2.19E+02  0.934483  0.677101  0.0000000E+00  2.1772525444E+00
257  3.494635973530990E+06   84.289954  6.349260  4.239682  6.6099818E-01  3.3898098E-01  4.0102701E-07  3.8290068E-08  3.1676082E-06  4.3814292E-06  6.6513880E-09  6.6278003E-10  6.0245294E-07  1.4189948E-08  3.513E-10  0.4133  4.239682   -6.491  2.464190  8.356903  0.0000000E+00  5.4024504E-01  3.8394810E-01  1.8183788E-10  2.0194898E-10  7.5792800E-02  1.3492983E-13  3.5053475E-10  7.9410673E-07  9.4678129E-06  4.365E-16  1.722E-06  2.695E-04  7.923E-01  9.591E+00  2.74E+02  2.44E+02  2.16E+02  0.938060  0.676987  0.0000000E+00  2.1748905874E+00
258  3.496966600343598E+06   84.289092  6.349708  4.228798  6.6023227E-01  3.3974684E-01  3.9963362E-07  3.8233856E-08  3.1766080E-06  4.3722968E-06  6.6495711E-09  6.6028009E-10  6.0123111E-07  1.4160974E-08  3.545E-10  0.4184  4.228798   -6.232  2.466726  8.357627  0.0000000E+00  5.3110277E-01  3.8912048E-01  1.8134032E-10  8.2820832E-11  7.9762680E-02  1.4531938E-13  2.2002398E-10  8.8760383E-07  9.4545711E-06  8.846E-16  1.592E-06  2.701E-04  7.935E-01  1.919E+01  2.67E+02  2.38E+02  2.10E+02  0.936799  0.677381  0.0000000E+00  2.1718643693E+00
259  3.499252838116211E+06   84.288280  6.350167  4.215411  6.5946426E-01  3.4051503E-01  3.9824434E-07  3.8177782E-08  3.1856001E-06  4.3631640E-06  6.6476347E-09  6.5778485E-10  6.0000976E-07  1.4132130E-08  3.578E-10  0.4178  4.215411   -6.483  2.469549  8.358407  0.0000000E+00  5.2196049E-01  3.9419942E-01  1.8273802E-10  1.5029752E-10  8.3825867E-02  1.2902480E-13  1.9948984E-10  9.8925590E-07  9.4399662E-06  1.207E-15  1.472E-06  2.707E-04  7.868E-01  1.033E+01  2.59E+02  2.31E+02  2.07E+02  0.943877  0.677790  0.0000000E+00  2.1683699776E+00
260  3.501596183533131E+06   84.286808  6.350516  4.245506  6.5862713E-01  3.4135217E-01  3.9673947E-07  3.8117013E-08  3.1953621E-06  4.3532402E-06  6.6453958E-09  6.5507890E-10  5.9868322E-07  1.4100937E-08  3.616E-10  0.4201  4.245506   -7.136  2.472081  8.359064  0.0000000E+00  5.1281821E-01  3.9909986E-01  1.7644840E-10  7.0104761E-11  8.8067557E-02  1.2074038E-13  1.0534507E-10  1.1031820E-06  9.4261326E-06  1.820E-15  1.292E-06  2.711E-04  8.939E-01  2.131E+00  2.67E+02  2.38E+02  1.51E+02  0.756493  0.678006  0.0000000E+00  2.1612271591E+00
261  3.503949427412088E+06   84.286502  6.350708  4.198513  6.5783680E-01  3.4214250E-01  3.9532696E-07  3.8059947E-08  3.2045447E-06  4.3438974E-06  6.6431676E-09  6.5253628E-10  5.9743487E-07  1.4071707E-08  3.652E-10  0.4187  4.198513   -6.607  2.475439  8.359995  0.0000000E+00  5.0367594E-01  4.0385682E-01  1.7429448E-10  3.2215899E-11  9.2452753E-02  1.1412926E-13  8.6153801E-11  1.2292003E-06  9.4119722E-06  2.526E-15  1.272E-06  2.719E-04  7.993E-01  8.045E+00  2.48E+02  2.21E+02  1.93E+02  0.930306  0.677983  0.0000000E+00  2.1602763924E+00
262  3.506170917806244E+06   84.285797  6.350870  4.185374  6.5716703E-01  3.4281227E-01  3.9413603E-07  3.8011817E-08  3.2123018E-06  4.3359987E-06  6.6411933E-09  6.5039044E-10  5.9637990E-07  1.4047101E-08  3.682E-10  0.4184  4.185374   -6.461  2.478945  8.360980  0.0000000E+00  4.9453366E-01  4.0858715E-01  1.6496005E-10  4.3546077E-11  9.6864568E-02  7.4743029E-14  3.1969136E-11  1.3634165E-06  9.3936345E-06  2.051E-15  1.185E-06  2.728E-04  7.904E-01  1.170E+01  2.42E+02  2.15E+02  1.92E+02  0.940135  0.677970  0.0000000E+00  2.1575640405E+00
263  3.508427883442722E+06   84.284968  6.351102  4.172600  6.5639601E-01  3.4358339E-01  3.9277164E-07  3.7956659E-08  3.2212050E-06  4.3269262E-06  6.6388278E-09  6.4792983E-10  5.9516862E-07  1.4018957E-08  3.718E-10  0.4191  4.172600   -6.411  2.482048  8.361900  0.0000000E+00  4.8539139E-01  4.1313783E-01  1.7883244E-10  4.7126201E-11  1.0145601E-01  8.3877059E-14  8.5379177E-11  1.5142860E-06  9.3750519E-06  2.006E-15  1.097E-06  2.737E-04  7.851E-01  1.353E+01  2.35E+02  2.09E+02  1.89E+02  0.945503  0.678022  0.0000000E+00  2.1542286149E+00
264  3.510702726755252E+06   84.284166  6.351390  4.159574  6.5563456E-01  3.4434494E-01  3.9143037E-07  3.7902421E-08  3.2299730E-06  4.3179852E-06  6.6364047E-09  6.4550879E-10  5.9397535E-07  1.3991334E-08  3.755E-10  0.4200  4.159574   -6.459  2.484991  8.362750  0.0000000E+00  4.7624911E-01  4.1752714E-01  1.7341315E-10  1.5332100E-11  1.0620880E-01  7.1744542E-14  2.3800338E-11  1.6817016E-06  9.3557509E-06  1.996E-15  1.005E-06  2.744E-04  7.839E-01  1.265E+01  2.28E+02  2.03E+02  1.84E+02  0.946823  0.678167  0.0000000E+00  2.1503954719E+00
265  3.513063818835308E+06   84.283031  6.351744  4.172777  6.5484603E-01  3.4513340E-01  3.9004847E-07  3.7846528E-08  3.2390241E-06  4.3087483E-06  6.6337992E-09  6.4301205E-10  5.9274310E-07  1.3962925E-08  3.794E-10  0.4191  4.172777   -7.054  2.487986  8.363649  0.0000000E+00  4.6710684E-01  4.2166869E-01  2.0175968E-10  2.9051800E-11  1.1120931E-01  1.0915083E-13  1.4559644E-10  1.8726075E-06  9.3387571E-06  3.556E-15  8.949E-07  2.752E-04  8.598E-01  3.057E+00  2.29E+02  2.03E+02  1.48E+02  0.836392  0.678406  0.0000000E+00  2.1447746874E+00
266  3.515620989694056E+06   84.282252  6.352119  4.144807  6.5402108E-01  3.4595842E-01  3.8861006E-07  3.7788335E-08  3.2484647E-06  4.2991063E-06  6.6309692E-09  6.4041068E-10  5.9145738E-07  1.3933415E-08  3.835E-10  0.4178  4.144807   -6.862  2.491059  8.364566  0.0000000E+00  4.5796456E-01  4.2543971E-01  2.2294153E-10  1.2615769E-10  1.1658030E-01  1.1511346E-13  2.9264721E-10  2.0964129E-06  9.3310763E-06  8.200E-15  8.153E-07  2.759E-04  8.274E-01  5.093E+00  2.17E+02  1.93E+02  1.56E+02  0.893087  0.678658  0.0000000E+00  2.1407233193E+00
267  3.518023885588162E+06   84.281334  6.352458  4.120979  6.5325840E-01  3.4672120E-01  3.8728683E-07  3.7734793E-08  3.2571670E-06  4.2902114E-06  6.6282582E-09  6.3801530E-10  5.9027181E-07  1.3906324E-08  3.874E-10  0.4211  4.120979   -6.569  2.494740  8.365686  0.0000000E+00  4.4882228E-01  4.2921488E-01  2.0121621E-10  6.8223062E-11  1.2194712E-01  8.7924822E-14  1.1683074E-10  2.3339653E-06  9.3153291E-06  9.105E-15  7.394E-07  2.770E-04  8.009E-01  1.770E+01  2.07E+02  1.84E+02  1.60E+02  0.928253  0.678884  0.0000000E+00  2.1366085342E+00
268  3.520319896760860E+06   84.280314  6.352812  4.108203  6.5252008E-01  3.4745952E-01  3.8601201E-07  3.7683204E-08  3.2655673E-06  4.2816188E-06  6.6255494E-09  6.3570545E-10  5.8912703E-07  1.3880278E-08  3.912E-10  0.4223  4.108203   -6.586  2.497849  8.366712  0.0000000E+00  4.3968001E-01  4.3292282E-01  1.9494020E-10  5.5614052E-11  1.2738120E-01  5.8874389E-14  6.7921051E-11  2.5926562E-06  9.2913558E-06  7.128E-15  6.709E-07  2.780E-04  8.045E-01  1.516E+01  2.01E+02  1.78E+02  1.54E+02  0.924056  0.679140  0.0000000E+00  2.1320014790E+00
269  3.522789802348552E+06   84.279207  6.353230  4.094550  6.5178886E-01  3.4819074E-01  3.8475522E-07  3.7632339E-08  3.2738643E-06  4.2731257E-06  6.6227857E-09  6.3342628E-10  5.8799597E-07  1.3854655E-08  3.950E-10  0.4229  4.094550   -6.352  2.500705  8.367666  0.0000000E+00  4.3053773E-01  4.3624356E-01  3.2018458E-10  2.6626779E-10  1.3320237E-01  2.2987130E-13  6.5936544E-10  2.8961195E-06  9.2785618E-06  1.274E-14  6.012E-07  2.789E-04  8.105E-01  1.850E+01  1.94E+02  1.72E+02  1.46E+02  0.916657  0.679504  0.0000000E+00  2.1270013777E+00
270  3.525539578312052E+06   84.277976  6.353741  4.077853  6.5097625E-01  3.4900345E-01  3.8336535E-07  3.7576084E-08  3.2830592E-06  4.2637062E-06  6.6196172E-09  6.3090334E-10  5.8674214E-07  1.3826386E-08  3.994E-10  0.4241  4.077853   -6.386  2.503712  8.368721  0.0000000E+00  4.2139546E-01  4.3899926E-01  2.5801868E-10  9.3802315E-11  1.3958851E-01  2.7674739E-13  1.4143827E-10  3.2645118E-06  9.3006449E-06  2.906E-14  5.336E-07  2.798E-04  8.117E-01  1.781E+01  1.87E+02  1.66E+02  1.40E+02  0.915043  0.679979  0.0000000E+00  2.1213118191E+00
271  3.528267442523775E+06   84.276862  6.354453  4.060384  6.5020529E-01  3.4977447E-01  3.8205341E-07  3.7522983E-08  3.2917571E-06  4.2547885E-06  6.6165178E-09  6.2851957E-10  5.8555570E-07  1.3799770E-08  4.035E-10  0.4250  4.060384   -6.407  2.506781  8.369790  0.0000000E+00  4.1225318E-01  4.4158622E-01  3.0208355E-10  3.7941847E-10  1.4614332E-01  2.7230666E-13  5.0658861E-10  3.6734812E-06  9.3259658E-06  4.017E-14  4.711E-07  2.808E-04  8.128E-01  1.768E+01  1.79E+02  1.59E+02  1.34E+02  0.913684  0.680785  0.0000000E+00  2.1159934224E+00
272  3.530924810382164E+06   84.275886  6.354365  4.054998  6.4948990E-01  3.5048988E-01  3.8084178E-07  3.7473942E-08  3.2998065E-06  4.2465296E-06  6.6135610E-09  6.2631604E-10  5.8445741E-07  1.3775251E-08  4.074E-10  0.4259  4.054998   -6.498  2.509337  8.370681  0.0000000E+00  4.0311091E-01  4.4405738E-01  6.2695602E-10  2.2363425E-09  1.5281392E-01  6.1384969E-13  1.8004531E-09  4.1234958E-06  9.3447422E-06  5.144E-14  4.475E-07  2.815E-04  8.183E-01  1.448E+01  1.77E+02  1.57E+02  1.31E+02  0.906164  0.680361  0.0000000E+00  2.1112503567E+00
273  3.533903529059379E+06   84.274913  6.354597  4.038481  6.4868544E-01  3.5129436E-01  3.7948596E-07  3.7419068E-08  3.3088334E-06  4.2372605E-06  6.6101420E-09  6.2384795E-10  5.8322541E-07  1.3747890E-08  4.119E-10  0.4265  4.038481   -6.493  2.512686  8.371807  0.0000000E+00  3.9396863E-01  4.4585996E-01  7.0560168E-10  2.9346717E-09  1.6015298E-01  8.0215934E-13  1.8869018E-09  4.6696299E-06  9.4379776E-06  7.700E-14  4.010E-07  2.824E-04  8.165E-01  1.523E+01  1.70E+02  1.51E+02  1.26E+02  0.908612  0.680401  0.0000000E+00  2.1064508000E+00
274  3.536583182182293E+06   84.274084  6.355351  4.015142  6.4797389E-01  3.5200592E-01  3.7829240E-07  3.7370765E-08  3.3167969E-06  4.2290768E-06  6.6070368E-09  6.2167320E-10  5.8213823E-07  1.3723871E-08  4.160E-10  0.4277  4.015142   -6.594  2.516037  8.372919  0.0000000E+00  3.8482635E-01  4.4790227E-01  3.9288205E-10  1.1933600E-10  1.6725223E-01  4.2233998E-13  9.0375570E-10  5.2329777E-06  9.4787247E-06  7.133E-14  3.339E-07  2.834E-04  8.242E-01  1.277E+01  1.61E+02  1.42E+02  1.17E+02  0.897815  0.681295  0.0000000E+00  2.1022157550E+00
275  3.539601678569139E+06   84.272771  6.359150  3.998462  6.4717441E-01  3.5280549E-01  3.7695779E-07  3.7316761E-08  3.3257211E-06  4.2198989E-06  6.6034575E-09  6.1923918E-10  5.8091961E-07  1.3697094E-08  4.206E-10  0.4296  3.998462   -6.335  2.519529  8.374099  0.0000000E+00  3.7568408E-01  4.4918688E-01  6.1753677E-10  7.6541138E-10  1.7510901E-01  1.0339584E-12  2.0649566E-09  5.9266820E-06  9.6183583E-06  1.066E-13  3.084E-07  2.844E-04  8.078E-01  2.369E+01  1.55E+02  1.36E+02  1.18E+02  0.920058  0.686958  0.0000000E+00  2.0941900144E+00
276  3.542992928227894E+06   84.271627  6.358285  4.087687  6.4645112E-01  3.5352878E-01  3.7575659E-07  3.7268164E-08  3.3337719E-06  4.2116122E-06  6.6001327E-09  6.1704631E-10  5.7981993E-07  1.3673073E-08  4.247E-10  0.4327  4.087687   -7.206  2.524874  8.375827  0.0000000E+00  3.6654180E-01  4.4965409E-01  2.2768652E-09  1.4189551E-08  1.8378283E-01  2.7274156E-12  9.9183198E-09  6.7759529E-06  9.8991610E-06  1.747E-13  4.587E-07  2.858E-04  8.783E-01  2.568E+00  1.86E+02  1.63E+02  1.12E+02  0.796125  0.685300  0.0000000E+00  2.0871169742E+00
277  3.545946509547908E+06   84.271386  6.358702  4.087546  6.4570712E-01  3.5427288E-01  3.7452690E-07  3.7218426E-08  3.3420327E-06  4.2031026E-06  6.5966268E-09  6.1479929E-10  5.7869131E-07  1.3648564E-08  4.292E-10  0.4316  4.087546   -6.824  2.525752  8.376603  0.0000000E+00  3.5739953E-01  4.5045422E-01  9.9809562E-10  4.0535746E-09  1.9212381E-01  1.4138228E-12  4.0828630E-09  7.6817353E-06  1.0146459E-05  1.544E-13  5.139E-07  2.866E-04  8.459E-01  6.529E+00  1.88E+02  1.65E+02  1.28E+02  0.862736  0.685650  0.0000000E+00  2.0861862190E+00
278  3.548759668887821E+06   84.270958  6.358693  4.092588  6.4491908E-01  3.5506086E-01  3.7323066E-07  3.7166007E-08  3.3507599E-06  4.1941055E-06  6.5928278E-09  6.1242850E-10  5.7749868E-07  1.3622815E-08  4.341E-10  0.4325  4.092588   -6.965  2.528330  8.377551  0.0000000E+00  3.4825725E-01  4.5133634E-01  4.8536440E-10  3.4280753E-10  2.0038277E-01  8.0247878E-13  1.7066050E-09  8.6332380E-06  1.0291313E-05  1.433E-13  5.473E-07  2.874E-04  8.366E-01  4.403E+00  1.91E+02  1.67E+02  1.34E+02  0.878586  0.685311  0.0000000E+00  2.0844174394E+00
279  3.551444004209927E+06   84.270649  6.358119  4.099997  6.4419352E-01  3.5578648E-01  3.7204258E-07  3.7117977E-08  3.3587767E-06  4.1858346E-06  6.5892518E-09  6.1025361E-10  5.7640290E-07  1.3599295E-08  4.388E-10  0.4310  4.099997   -6.940  2.531870  8.378683  0.0000000E+00  3.3911498E-01  4.5224602E-01  4.4217299E-10  1.1351420E-09  2.0861424E-01  5.3630270E-13  1.3024198E-09  9.6520445E-06  1.0327544E-05  1.207E-13  5.826E-07  2.885E-04  8.331E-01  4.596E+00  1.95E+02  1.71E+02  1.38E+02  0.884300  0.684106  0.0000000E+00  2.0831271915E+00
280  3.554128945529622E+06   84.270348  6.357500  4.103363  6.4345000E-01  3.5653010E-01  3.7083060E-07  3.7068995E-08  3.3669729E-06  4.1773722E-06  6.5855091E-09  6.0803300E-10  5.7528237E-07  1.3575387E-08  4.437E-10  0.4309  4.103363   -6.957  2.535299  8.379679  0.0000000E+00  3.2997270E-01  4.5294292E-01  3.5461045E-10  6.1791527E-10  2.1705833E-01  3.6432274E-13  8.7698500E-10  1.0784460E-05  1.0335197E-05  9.936E-14  5.934E-07  2.893E-04  8.351E-01  4.393E+00  1.96E+02  1.73E+02  1.38E+02  0.881015  0.682826  0.0000000E+00  2.0818944071E+00
281  3.555546355411259E+06   84.270186  6.357231  4.100168  6.4304954E-01  3.5693056E-01  3.7018008E-07  3.7042710E-08  3.3713798E-06  4.1728195E-06  6.5834608E-09  6.0684029E-10  5.7467980E-07  1.3562591E-08  4.464E-10  0.4306  4.100168   -6.932  2.537511  8.380325  0.0000000E+00  3.2526188E-01  4.5316166E-01  4.2712369E-10  9.1484774E-10  2.2154973E-01  5.2670508E-13  1.2896404E-09  1.1428077E-05  1.0340832E-05  9.893E-14  5.888E-07  2.899E-04  8.303E-01  4.700E+00  1.95E+02  1.72E+02  1.39E+02  0.888581  0.682238  0.0000000E+00  2.0812234010E+00
282  3.556946544933107E+06   84.269987  6.357016  4.096108  6.4264685E-01  3.5733325E-01  3.6952771E-07  3.7016356E-08  3.3758046E-06  4.1682464E-06  6.5813788E-09  6.0564362E-10  5.7407472E-07  1.3549783E-08  4.492E-10  0.4308  4.096108   -6.925  2.539800  8.380990  0.0000000E+00  3.2055105E-01  4.5334293E-01  3.0039974E-10  5.8278182E-10  2.2607857E-01  2.4265711E-13  5.6538405E-10  1.2104978E-05  1.0335831E-05  8.838E-14  5.764E-07  2.906E-04  8.281E-01  4.831E+00  1.93E+02  1.71E+02  1.39E+02  0.892024  0.681735  0.0000000E+00  2.0803827949E+00
283  3.558318942689489E+06   84.269716  6.356920  4.093157  6.4223958E-01  3.5774053E-01  3.6886934E-07  3.6989766E-08  3.3802755E-06  4.1636239E-06  6.5792497E-09  6.0443541E-10  5.7346327E-07  1.3536885E-08  4.520E-10  0.4311  4.093157   -6.636  2.541973  8.381684  0.0000000E+00  3.1584023E-01  4.5348527E-01  3.1350936E-10  6.5023647E-10  2.3064633E-01  2.2592128E-13  6.7562971E-10  1.2824072E-05  1.0317537E-05  7.599E-14  5.580E-07  2.913E-04  8.324E-01  9.906E+00  1.92E+02  1.69E+02  1.36E+02  0.885410  0.681416  0.0000000E+00  2.0792246675E+00
284  3.559724787927563E+06   84.269373  6.356933  4.087171  6.4178549E-01  3.5819466E-01  3.6813722E-07  3.6960202E-08  3.3852538E-06  4.1584743E-06  6.5768485E-09  6.0309113E-10  5.7278234E-07  1.3522573E-08  4.552E-10  0.4314  4.087171   -6.611  2.544171  8.382407  0.0000000E+00  3.1112940E-01  4.5350084E-01  3.2570620E-10  7.4282323E-10  2.3534081E-01  2.7310235E-13  7.6005516E-10  1.3603411E-05  1.0308027E-05  7.432E-14  5.346E-07  2.921E-04  8.329E-01  1.018E+01  1.89E+02  1.67E+02  1.34E+02  0.884539  0.681252  0.0000000E+00  2.0777714371E+00
285  3.561127881191227E+06   84.269019  6.357007  4.078013  6.4133700E-01  3.5864320E-01  3.6741606E-07  3.6931087E-08  3.3901641E-06  4.1533930E-06  6.5744506E-09  6.0176632E-10  5.7211066E-07  1.3508508E-08  4.585E-10  0.4317  4.078013   -6.586  2.546083  8.383001  0.0000000E+00  3.0641858E-01  4.5345075E-01  3.3517135E-10  8.2390390E-10  2.4010088E-01  2.7173730E-13  8.7538999E-10  1.4429060E-05  1.0291341E-05  6.960E-14  5.065E-07  2.927E-04  8.296E-01  1.104E+01  1.85E+02  1.64E+02  1.33E+02  0.889658  0.681184  0.0000000E+00  2.0762284115E+00
286  3.562578741896308E+06   84.268630  6.357139  4.067957  6.4088695E-01  3.5909325E-01  3.6669431E-07  3.6901956E-08  3.3950850E-06  4.1482984E-06  6.5720174E-09  6.0043976E-10  5.7143745E-07  1.3494464E-08  4.618E-10  0.4320  4.067957   -6.575  2.548262  8.383697  0.0000000E+00  3.0170775E-01  4.5324899E-01  3.1980826E-10  2.1800806E-10  2.4501251E-01  3.9603880E-13  8.8543870E-10  1.5328638E-05  1.0288973E-05  7.726E-14  4.761E-07  2.934E-04  8.268E-01  1.159E+01  1.81E+02  1.60E+02  1.31E+02  0.894054  0.681207  0.0000000E+00  2.0744841277E+00
287  3.563986742149197E+06   84.268237  6.357297  4.058211  6.4046021E-01  3.5951999E-01  3.6601164E-07  3.6874409E-08  3.3997457E-06  4.1434711E-06  6.5696845E-09  5.9918440E-10  5.7079979E-07  1.3481213E-08  4.649E-10  0.4322  4.058211   -6.538  2.550683  8.384505  0.0000000E+00  2.9699693E-01  4.5303235E-01  3.4675923E-10  1.1968901E-09  2.4993896E-01  2.7426506E-13  8.2453530E-10  1.6274781E-05  1.0265335E-05  6.966E-14  4.482E-07  2.943E-04  8.242E-01  1.293E+01  1.77E+02  1.57E+02  1.29E+02  0.897892  0.681281  0.0000000E+00  2.0726634174E+00
288  3.565449189678326E+06   84.267797  6.357504  4.048440  6.4002553E-01  3.5995473E-01  3.6531808E-07  3.6846430E-08  3.4044871E-06  4.1385581E-06  6.5672825E-09  5.9790839E-10  5.7015102E-07  1.3467782E-08  4.682E-10  0.4328  4.048440   -6.520  2.552673  8.385211  0.0000000E+00  2.9228610E-01  4.5264270E-01  3.2044569E-10  7.9880264E-10  2.5503834E-01  2.9663518E-13  8.3799426E-10  1.7316279E-05  1.0260178E-05  7.634E-14  4.215E-07  2.951E-04  8.217E-01  1.381E+01  1.74E+02  1.53E+02  1.27E+02  0.901381  0.681430  0.0000000E+00  2.0705488325E+00
289  3.566876914742086E+06   84.267367  6.357721  4.039182  6.3960236E-01  3.6037785E-01  3.6464475E-07  3.6819274E-08  3.4090966E-06  4.1337796E-06  6.5649193E-09  5.9666896E-10  5.6952025E-07  1.3454776E-08  4.713E-10  0.4334  4.039182   -6.505  2.554719  8.385923  0.0000000E+00  2.8757528E-01  4.5222708E-01  3.0817601E-10  8.1788120E-10  2.6016365E-01  2.4450591E-13  7.5875671E-10  1.8411756E-05  1.0236871E-05  6.991E-14  3.960E-07  2.959E-04  8.210E-01  1.461E+01  1.70E+02  1.50E+02  1.24E+02  0.902344  0.681598  0.0000000E+00  2.0684397157E+00
290  3.568324490701552E+06   84.266927  6.357970  4.029776  6.3917916E-01  3.6080111E-01  3.6397296E-07  3.6792187E-08  3.4137016E-06  4.1290037E-06  6.5625311E-09  5.9543176E-10  5.6889002E-07  1.3441832E-08  4.745E-10  0.4339  4.029776   -6.523  2.556803  8.386665  0.0000000E+00  2.8286445E-01  4.5169307E-01  3.0579597E-10  7.7035311E-10  2.6540721E-01  2.7235545E-13  8.0362834E-10  1.9596608E-05  1.0215924E-05  6.921E-14  3.717E-07  2.967E-04  8.203E-01  1.431E+01  1.66E+02  1.47E+02  1.22E+02  0.903404  0.681815  0.0000000E+00  2.0662140548E+00
291  3.569782661771226E+06   84.266491  6.358201  4.021427  6.3875885E-01  3.6122145E-01  3.6330753E-07  3.6765363E-08  3.4182692E-06  4.1242645E-06  6.5601351E-09  5.9420570E-10  5.6826487E-07  1.3429042E-08  4.778E-10  0.4343  4.021427   -6.489  2.558848  8.387383  0.0000000E+00  2.7815363E-01  4.5105846E-01  2.9091453E-10  7.1613776E-10  2.7075137E-01  2.4947170E-13  7.4041311E-10  2.0868078E-05  1.0192951E-05  6.831E-14  3.496E-07  2.976E-04  8.215E-01  1.583E+01  1.63E+02  1.44E+02  1.19E+02  0.901784  0.682007  0.0000000E+00  2.0639725969E+00
292  3.571278457818856E+06   84.266054  6.358419  4.013074  6.3833386E-01  3.6164644E-01  3.6263637E-07  3.6738317E-08  3.4228825E-06  4.1194759E-06  6.5576873E-09  5.9296845E-10  5.6763341E-07  1.3416177E-08  4.810E-10  0.4346  4.013074   -6.583  2.560596  8.387992  0.0000000E+00  2.7344280E-01  4.5027612E-01  2.8758420E-10  7.1183038E-10  2.7624309E-01  3.1120471E-13  7.3110376E-10  2.2250506E-05  1.0176886E-05  7.531E-14  3.295E-07  2.982E-04  8.220E-01  1.295E+01  1.60E+02  1.41E+02  1.17E+02  0.901104  0.682175  0.0000000E+00  2.0616787653E+00
293  3.572750980557724E+06   84.265669  6.358543  4.006163  6.3792113E-01  3.6205927E-01  3.6198622E-07  3.6712123E-08  3.4273576E-06  4.1148286E-06  6.5552862E-09  5.9176935E-10  5.6702081E-07  1.3403748E-08  4.843E-10  0.4348  4.006163   -6.628  2.562693  8.388667  0.0000000E+00  2.6873198E-01  4.4945479E-01  2.5428587E-10  5.6544906E-10  2.8177374E-01  1.8816810E-13  5.5688286E-10  2.3703506E-05  1.0145550E-05  6.832E-14  3.113E-07  2.989E-04  8.252E-01  1.184E+01  1.57E+02  1.39E+02  1.14E+02  0.896409  0.682202  0.0000000E+00  2.0596526027E+00
294  3.574239771940076E+06   84.265296  6.358632  3.999024  6.3751013E-01  3.6247017E-01  3.6134058E-07  3.6686118E-08  3.4318076E-06  4.1102054E-06  6.5528721E-09  5.9057800E-10  5.6641160E-07  1.3391438E-08  4.875E-10  0.4351  3.999024   -6.580  2.565277  8.389534  0.0000000E+00  2.6402115E-01  4.4851129E-01  2.9740234E-10  8.9116651E-10  2.8742647E-01  2.8300169E-13  9.2039327E-10  2.5276599E-05  1.0114437E-05  6.827E-14  2.960E-07  2.999E-04  8.255E-01  1.361E+01  1.55E+02  1.36E+02  1.12E+02  0.895863  0.682174  0.0000000E+00  2.0576552130E+00
295  3.575756785634219E+06   84.264916  6.358714  3.991345  6.3710703E-01  3.6287335E-01  3.6070873E-07  3.6660676E-08  3.4361686E-06  4.1056727E-06  6.5504809E-09  5.8941154E-10  5.6581454E-07  1.3379423E-08  4.907E-10  0.4356  3.991345   -6.621  2.567456  8.390300  0.0000000E+00  2.5931033E-01  4.4741389E-01  3.3874221E-10  1.1644541E-09  2.9323296E-01  3.7905864E-13  1.3842031E-09  2.6997483E-05  1.0091322E-05  7.720E-14  2.822E-07  3.008E-04  8.236E-01  1.247E+01  1.52E+02  1.34E+02  1.11E+02  0.898739  0.682138  0.0000000E+00  2.0555864702E+00
296  3.577291419222229E+06   84.264514  6.358814  3.985646  6.3671728E-01  3.6326308E-01  3.6009946E-07  3.6636150E-08  3.4403796E-06  4.1012940E-06  6.5481474E-09  5.8828624E-10  5.6523798E-07  1.3367871E-08  4.938E-10  0.4361  3.985646   -6.725  2.569779  8.391120  0.0000000E+00  2.5459951E-01  4.4618665E-01  3.2721142E-10  1.1633656E-09  2.9916905E-01  3.9916126E-13  1.2793710E-09  2.8862110E-05  1.0071110E-05  8.638E-14  2.668E-07  3.018E-04  8.294E-01  1.046E+01  1.49E+02  1.32E+02  1.07E+02  0.889883  0.682136  0.0000000E+00  2.0533121265E+00
297  3.578856113893458E+06   84.264157  6.358974  3.978145  6.3630666E-01  3.6367379E-01  3.5945921E-07  3.6610384E-08  3.4448111E-06  4.0966840E-06  6.5456645E-09  5.8710313E-10  5.6463118E-07  1.3355766E-08  4.971E-10  0.4366  3.978145   -6.698  2.571822  8.391864  0.0000000E+00  2.4988868E-01  4.4480058E-01  4.6033306E-10  2.0914829E-09  3.0526382E-01  6.0698574E-13  2.7102346E-09  3.0901470E-05  1.0054387E-05  1.015E-13  2.521E-07  3.026E-04  8.312E-01  1.079E+01  1.47E+02  1.30E+02  1.05E+02  0.887220  0.682219  0.0000000E+00  2.0513000803E+00
298  3.580406096518188E+06   84.263768  6.359092  3.972368  6.3592959E-01  3.6405085E-01  3.5887273E-07  3.6586788E-08  3.4488760E-06  4.0924536E-06  6.5433638E-09  5.8601891E-10  5.6407455E-07  1.3344710E-08  5.001E-10  0.4370  3.972368   -6.827  2.574127  8.392634  0.0000000E+00  2.4517786E-01  4.4336035E-01  2.8928768E-10  9.5811117E-10  3.1141267E-01  3.2551774E-13  1.0402023E-09  3.3058372E-05  1.0028799E-05  9.751E-14  2.347E-07  3.035E-04  8.418E-01  8.241E+00  1.44E+02  1.27E+02  9.96E+01  0.869972  0.682251  0.0000000E+00  2.0491504015E+00
299  3.581986495084383E+06   84.263496  6.359222  3.961655  6.3552169E-01  3.6445871E-01  3.5824002E-07  3.6561340E-08  3.4532680E-06  4.0878806E-06  6.5408497E-09  5.8484862E-10  5.6347309E-07  1.3332821E-08  5.035E-10  0.4375  3.961655   -6.771  2.576567  8.393473  0.0000000E+00  2.4046703E-01  4.4175910E-01  2.5328035E-10  8.3968773E-10  3.1772231E-01  2.8598799E-13  7.6770675E-10  3.5417740E-05  1.0006271E-05  1.027E-13  2.213E-07  3.045E-04  8.367E-01  9.574E+00  1.41E+02  1.24E+02  9.89E+01  0.878484  0.682286  0.0000000E+00  2.0476255750E+00
300  3.583714168493462E+06   84.263147  6.359301  3.953045  6.3500753E-01  3.6497297E-01  3.5744510E-07  3.6529378E-08  3.4587964E-06  4.0821210E-06  6.5376427E-09  5.8337738E-10  5.6271595E-07  1.3317943E-08  5.079E-10  0.4376  3.953045   -6.900  2.578699  8.394210  0.0000000E+00  2.3575621E-01  4.3977429E-01  2.3111878E-10  5.0135264E-10  3.2441510E-01  4.5575983E-13  5.0057665E-10  3.8121846E-05  1.0034885E-05  1.456E-13  2.067E-07  3.053E-04  8.395E-01  7.206E+00  1.38E+02  1.22E+02  9.59E+01  0.873763  0.682199  0.0000000E+00  2.0455224974E+00
301  3.585363500000920E+06   84.262738  6.359328  3.944281  6.3424180E-01  3.6573870E-01  3.5626694E-07  3.6482030E-08  3.4670129E-06  4.0735537E-06  6.5327824E-09  5.8119494E-10  5.6159053E-07  1.3296030E-08  5.151E-10  0.4381  3.944281   -6.953  2.581140  8.395004  0.0000000E+00  2.3104538E-01  4.3785023E-01  1.9977904E-10  5.8544300E-10  3.3104707E-01  2.5134811E-13  3.5824931E-10  4.0926158E-05  1.0024783E-05  1.461E-13  1.932E-07  3.061E-04  8.418E-01  6.848E+00  1.35E+02  1.19E+02  9.33E+01  0.869743  0.681925  0.0000000E+00  2.0427830373E+00
302  3.587049210776722E+06   84.259530  6.359370  3.992854  6.3326013E-01  3.6672047E-01  3.5476512E-07  3.6421706E-08  3.4775216E-06  4.0625854E-06  6.5264255E-09  5.7841007E-10  5.6015102E-07  1.3268305E-08  5.249E-10  0.4386  3.992854   -7.563  2.583791  8.395890  0.0000000E+00  2.2633456E-01  4.3569087E-01  3.9748767E-10  2.6554022E-09  3.3791400E-01  6.3602158E-13  1.9976271E-09  4.4032045E-05  1.0054204E-05  1.926E-13  1.329E-07  3.071E-04  9.622E-01  1.418E+00  1.45E+02  1.28E+02  4.89E+01  0.485951  0.681607  0.0000000E+00  2.0144009300E+00
303  3.588787148795533E+06   84.259481  6.359424  3.975449  6.3285552E-01  3.6712508E-01  3.5414875E-07  3.6396956E-08  3.4818451E-06  4.0580697E-06  6.5237685E-09  5.7726628E-10  5.5955875E-07  1.3256990E-08  5.285E-10  0.4390  3.975449   -7.541  2.586494  8.396816  0.0000000E+00  2.2162373E-01  4.3328128E-01  5.7523362E-10  4.3102751E-09  3.4503075E-01  1.3256318E-12  3.9854304E-09  4.7486842E-05  1.0131214E-05  2.699E-13  1.310E-07  3.082E-04  9.533E-01  1.555E+00  1.40E+02  1.24E+02  5.24E+01  0.535221  0.681524  0.0000000E+00  2.0142732807E+00
304  3.590547605127304E+06   84.259431  6.359548  3.959236  6.3252512E-01  3.6745548E-01  3.5364676E-07  3.6376804E-08  3.4853718E-06  4.0543844E-06  6.5215790E-09  5.7633429E-10  5.5907561E-07  1.3247809E-08  5.313E-10  0.4394  3.959236   -7.545  2.588945  8.397681  0.0000000E+00  2.1691291E-01  4.3069263E-01  5.5380867E-10  4.2623523E-09  3.5232618E-01  1.3875504E-12  3.9515158E-09  5.1285461E-05  1.0238282E-05  3.318E-13  1.206E-07  3.091E-04  9.504E-01  1.604E+00  1.35E+02  1.19E+02  5.20E+01  0.549826  0.681580  0.0000000E+00  2.0141283878E+00
305  3.592324449916131E+06   84.259381  6.359709  3.942417  6.3218800E-01  3.6779269E-01  3.5313571E-07  3.6356292E-08  3.4889674E-06  4.0506252E-06  6.5193250E-09  5.7538509E-10  5.5858299E-07  1.3238496E-08  5.342E-10  0.4397  3.942417   -7.559  2.591588  8.398608  0.0000000E+00  2.1220208E-01  4.2796197E-01  5.6979902E-10  4.9480072E-09  3.5976326E-01  1.3227924E-12  3.7006203E-09  5.5426265E-05  1.0344335E-05  3.669E-13  1.083E-07  3.102E-04  9.496E-01  1.619E+00  1.30E+02  1.15E+02  5.05E+01  0.553969  0.681692  0.0000000E+00  2.0139768002E+00
306  3.594142679563868E+06   84.259332  6.359908  3.926174  6.3189996E-01  3.6808072E-01  3.5270017E-07  3.6338812E-08  3.4920363E-06  4.0474156E-06  6.5173848E-09  5.7457578E-10  5.5816254E-07  1.3230587E-08  5.365E-10  0.4403  3.926174   -7.585  2.594246  8.399564  0.0000000E+00  2.0749126E-01  4.2501555E-01  5.4384830E-10  2.6797043E-09  3.6741563E-01  1.8367701E-12  7.1446570E-09  6.0017069E-05  1.0470658E-05  4.083E-13  9.471E-08  3.113E-04  9.517E-01  1.584E+00  1.25E+02  1.10E+02  4.76E+01  0.543479  0.681885  0.0000000E+00  2.0138240339E+00
307  3.595920455297854E+06   84.259287  6.360072  3.911197  6.3165038E-01  3.6833032E-01  3.5232369E-07  3.6323706E-08  3.4946929E-06  4.0446361E-06  6.5156899E-09  5.7387592E-10  5.5779857E-07  1.3223774E-08  5.385E-10  0.4406  3.911197   -7.618  2.596925  8.400513  0.0000000E+00  2.0278043E-01  4.2206074E-01  5.2091793E-10  4.7635380E-09  3.7507615E-01  1.3175423E-12  3.4413020E-09  6.4913659E-05  1.0549015E-05  4.044E-13  8.196E-08  3.124E-04  9.555E-01  1.522E+00  1.20E+02  1.06E+02  4.40E+01  0.523803  0.682038  0.0000000E+00  2.0136846267E+00
308  3.597738400901734E+06   84.258719  6.360233  3.900770  6.3141259E-01  3.6856801E-01  3.5196592E-07  3.6309352E-08  3.4972208E-06  4.0419899E-06  6.5140637E-09  5.7321061E-10  5.5745220E-07  1.3217322E-08  5.403E-10  0.4413  3.900770   -7.670  2.599769  8.401531  0.0000000E+00  1.9806961E-01  4.1888757E-01  4.4405396E-10  3.6681415E-09  3.8295436E-01  1.1857454E-12  3.5370966E-09  7.0339749E-05  1.0646537E-05  4.142E-13  6.768E-08  3.137E-04  9.649E-01  1.383E+00  1.17E+02  1.03E+02  3.80E+01  0.469506  0.682197  0.0000000E+00  2.0120217602E+00
309  3.599489588543636E+06   84.249157  6.360350  3.899968  6.3111137E-01  3.6886925E-01  3.5151368E-07  3.6291210E-08  3.5004212E-06  4.0386386E-06  6.5119863E-09  5.7236925E-10  5.5701371E-07  1.3209196E-08  5.429E-10  0.4419  3.899968   -7.076  2.602456  8.402486  0.0000000E+00  1.9335879E-01  4.1576104E-01  4.3482376E-10  3.7684256E-09  3.9078579E-01  1.1291462E-12  3.4942890E-09  7.6087705E-05  1.0671304E-05  3.837E-13  3.949E-08  3.148E-04  9.879E-01  1.112E+00  1.16E+02  1.02E+02  2.21E+01  0.282023  0.682332  0.0000000E+00  1.9913272391E+00
310  3.601309421042106E+06   84.205352  6.360399  3.893709  6.3063081E-01  3.6934981E-01  3.5079444E-07  3.6262361E-08  3.5055206E-06  4.0332956E-06  6.5086395E-09  5.7103045E-10  5.5631499E-07  1.3196335E-08  5.477E-10  0.4426  3.893709   -4.537  2.605487  8.403573  0.0000000E+00  1.8864796E-01  4.1233410E-01  4.6875235E-10  4.2667982E-09  3.9891674E-01  1.3885991E-12  4.1995126E-09  8.2553363E-05  1.0736314E-05  4.126E-13  8.142E-09  3.162E-04  9.994E-01  1.005E+00  1.14E+02  1.00E+02  4.67E+00  0.061481  0.682562  0.0000000E+00  1.9575321473E+00
311  3.603180233434275E+06   84.119902  6.360263  3.880379  6.2982528E-01  3.7015552E-01  3.4959331E-07  3.6214188E-08  3.5140571E-06  4.0243455E-06  6.5029594E-09  5.6879323E-10  5.5514530E-07  1.3174989E-08  5.565E-10  0.4438  3.880379   -3.934  2.608200  8.404551  0.0000000E+00  1.8393714E-01  4.0864738E-01  3.2463681E-10  2.0132328E-09  4.0730672E-01  1.4751364E-12  3.8262782E-09  8.9780051E-05  1.0833462E-05  4.574E-13  2.192E-09  3.174E-04  1.000E+00  1.000E+00  1.10E+02  9.72E+01  1.34E+00  0.018217  0.682705  0.0000000E+00  1.9411901730E+00
312  3.605159970972551E+06   83.886151  6.360082  3.879122  6.2448857E-01  3.7549236E-01  3.4171051E-07  3.5898073E-08  3.5704102E-06  3.9651636E-06  6.4642207E-09  5.5408817E-10  5.4742330E-07  1.3037047E-08  6.231E-10  0.4447  3.879122   -3.921  2.610931  8.405448  0.0000000E+00  1.7922631E-01  4.0458094E-01  2.6344969E-10  1.7800988E-09  4.1607541E-01  9.7461248E-13  1.6762834E-09  9.7947933E-05  1.0997315E-05  5.235E-13  3.622E-09  3.183E-04  9.999E-01  1.001E+00  1.10E+02  9.67E+01  2.24E+00  0.030590  0.682081  0.0000000E+00  1.9060510865E+00
313  3.607121338671404E+06   83.648604  6.359836  3.877903  6.1761383E-01  3.8236747E-01  3.3175704E-07  3.5498766E-08  3.6424857E-06  3.8892019E-06  6.4112747E-09  5.3546051E-10  5.3754633E-07  1.2868940E-08  7.177E-10  0.4463  3.877903   -3.910  2.612838  8.405860  0.0000000E+00  1.7451549E-01  4.0044336E-01  5.0385193E-10  4.2250383E-09  4.2491453E-01  1.7185603E-12  6.3271491E-09  1.0678149E-04  1.1131195E-05  5.803E-13  4.111E-09  3.184E-04  9.998E-01  1.001E+00  1.09E+02  9.68E+01  2.55E+00  0.034871  0.680738  0.0000000E+00  1.8572264719E+00
314  3.609317611655134E+06   83.356806  6.359869  3.867838  6.1146542E-01  3.8851611E-01  3.2310923E-07  3.5151044E-08  3.7063171E-06  3.8215851E-06  6.3600430E-09  5.1920415E-10  5.2879928E-07  1.2731002E-08  8.135E-10  0.4487  3.867838   -3.811  2.619169  8.407863  0.0000000E+00  1.6980466E-01  3.9555755E-01  6.3766173E-10  5.5869988E-09  4.3449989E-01  2.0156935E-12  9.1020251E-09  1.1730015E-04  1.1538562E-05  7.906E-13  3.240E-09  3.207E-04  9.999E-01  1.001E+00  1.07E+02  9.43E+01  2.10E+00  0.029650  0.680575  0.0000000E+00  1.8007799938E+00
315  3.611364398416344E+06   82.978805  6.360366  3.851603  6.0594085E-01  3.9404086E-01  3.1552106E-07  3.4844806E-08  3.7632414E-06  3.7610347E-06  6.3111954E-09  5.0489035E-10  5.2099939E-07  1.2616152E-08  9.081E-10  0.4502  3.851603   -3.645  2.622415  8.408977  0.0000000E+00  1.6509384E-01  3.9085635E-01  4.9871296E-10  6.1675201E-09  4.4390002E-01  1.8593596E-12  4.5097113E-09  1.2854365E-04  1.1857594E-05  8.233E-13  2.502E-09  3.220E-04  9.999E-01  1.001E+00  1.03E+02  9.06E+01  1.75E+00  0.025461  0.682112  0.0000000E+00  1.7363988280E+00
316  3.613252822932470E+06   82.505400  6.361256  3.846096  5.9864157E-01  4.0134053E-01  3.0578733E-07  3.4449213E-08  3.8377935E-06  3.6813272E-06  6.2420945E-09  4.8645440E-10  5.1078567E-07  1.2479204E-08  1.049E-09  0.4534  3.846096   -3.584  2.626139  8.410279  0.0000000E+00  1.6038301E-01  3.8645670E-01  7.3801323E-10  9.8231580E-09  4.5299835E-01  2.9999085E-12  8.8363598E-09  1.4020686E-04  1.1943650E-05  7.588E-13  3.041E-09  3.237E-04  9.998E-01  1.001E+00  1.01E+02  8.85E+01  2.19E+00  0.032564  0.684311  0.0000000E+00  1.6317829949E+00
317  3.615252217592015E+06   81.977650  6.361471  3.845233  5.9281891E-01  4.0716345E-01  2.9825041E-07  3.4139866E-08  3.8967733E-06  3.6179497E-06  6.1833876E-09  4.7212435E-10  5.0270689E-07  1.2381591E-08  1.172E-09  0.4564  3.845233   -3.575  2.629229  8.411341  0.0000000E+00  1.5567219E-01  3.8160124E-01  4.1005164E-10  5.2538385E-09  4.6255053E-01  1.9168893E-12  4.1927217E-09  1.5363276E-04  1.2189586E-05  8.131E-13  2.221E-09  3.249E-04  9.999E-01  1.001E+00  1.00E+02  8.78E+01  1.60E+00  0.023818  0.686546  0.0000000E+00  1.5407158115E+00
318  3.617215837699895E+06   81.451793  6.361502  3.844857  5.8716115E-01  4.1282137E-01  2.9111508E-07  3.3843538E-08  3.9537015E-06  3.5565122E-06  6.1233483E-09  4.5851638E-10  4.9491048E-07  1.2296382E-08  1.302E-09  0.4595  3.844857   -3.570  2.633342  8.412708  0.0000000E+00  1.5096136E-01  3.7673309E-01  3.6435537E-10  4.7013683E-09  4.7211441E-01  1.4401958E-12  3.7773726E-09  1.6816483E-04  1.2312797E-05  7.721E-13  1.957E-09  3.266E-04  9.999E-01  1.001E+00  1.00E+02  8.71E+01  1.41E+00  0.021104  0.688573  0.0000000E+00  1.4655355153E+00
319  3.619135486718148E+06   80.931493  6.361439  3.844228  5.8256660E-01  4.1741610E-01  2.8546020E-07  3.3605456E-08  3.9996649E-06  3.5067134E-06  6.0723522E-09  4.4770365E-10  4.8861680E-07  1.2234301E-08  1.415E-09  0.4630  3.844228   -3.564  2.637338  8.414096  0.0000000E+00  1.4625054E-01  3.7181513E-01  5.0090429E-10  7.0683361E-09  4.8172667E-01  2.1128058E-12  6.1049481E-09  1.8416432E-04  1.2327118E-05  7.179E-13  1.655E-09  3.284E-04  1.000E+00  1.000E+00  9.95E+01  8.62E+01  1.19E+00  0.018028  0.690895  0.0000000E+00  1.4050173949E+00
320  3.621208407223164E+06   80.361509  6.361592  3.843594  5.7549583E-01  4.2448717E-01  2.7695676E-07  3.3241839E-08  4.0700421E-06  3.4301914E-06  5.9906602E-09  4.3140781E-10  4.7898186E-07  1.2148784E-08  1.601E-09  0.4665  3.843594   -3.556  2.641302  8.415491  0.0000000E+00  1.4153971E-01  3.6629504E-01  8.3830242E-10  1.3119091E-08  4.9193793E-01  3.3234281E-12  9.5124809E-09  2.0310276E-04  1.2504882E-05  8.436E-13  1.608E-09  3.303E-04  1.000E+00  1.000E+00  9.90E+01  8.54E+01  1.17E+00  0.017657  0.692929  0.0000000E+00  1.3408048844E+00
321  3.623223365881636E+06   79.797732  6.361503  3.842762  5.6878440E-01  4.3119890E-01  2.6910783E-07  3.2898819E-08  4.1364712E-06  3.3576701E-06  5.9095195E-09  4.1633004E-10  4.6988971E-07  1.2078576E-08  1.790E-09  0.4705  3.842762   -3.549  2.645265  8.416859  0.0000000E+00  1.3682889E-01  3.6080787E-01  4.1178346E-10  6.1013284E-09  5.0211472E-01  1.8711647E-12  5.0688753E-09  2.2365389E-04  1.2557619E-05  7.954E-13  1.326E-09  3.320E-04  1.000E+00  1.000E+00  9.83E+01  8.45E+01  9.69E-01  0.014774  0.694709  0.0000000E+00  1.2837235386E+00
322  3.625178358191633E+06   79.241442  6.361616  3.842120  5.6265102E-01  4.3733248E-01  2.6212870E-07  3.2586224E-08  4.1968864E-06  3.2914775E-06  5.8322231E-09  4.0289576E-10  4.6162347E-07  1.2023658E-08  1.974E-09  0.4746  3.842120   -3.542  2.649947  8.418498  0.0000000E+00  1.3211806E-01  3.5530844E-01  3.3228477E-10  4.9332566E-09  5.1230181E-01  1.5107961E-12  4.0581505E-09  2.4631065E-04  1.2466877E-05  7.009E-13  1.123E-09  3.343E-04  1.000E+00  1.000E+00  9.78E+01  8.37E+01  8.22E-01  0.012602  0.697033  0.0000000E+00  1.2320464229E+00
323  3.627179432871242E+06   78.659857  6.361715  3.841251  5.5564182E-01  4.4434197E-01  2.5436890E-07  3.2228858E-08  4.2656469E-06  3.2159106E-06  5.7403892E-09  3.8793317E-10  4.5222031E-07  1.1970716E-08  2.198E-09  0.4787  3.841251   -3.532  2.654349  8.420044  0.0000000E+00  1.2740724E-01  3.4949565E-01  4.7136865E-10  7.7081059E-09  5.2279887E-01  2.1731025E-12  5.9020619E-09  2.7226343E-04  1.2375026E-05  7.058E-13  1.051E-09  3.365E-04  1.000E+00  1.000E+00  9.75E+01  8.30E+01  7.70E-01  0.011852  0.699196  0.0000000E+00  1.1873976195E+00
324  3.629240482545390E+06   78.048152  6.361824  3.840457  5.4954685E-01  4.5043705E-01  2.4780075E-07  3.1917031E-08  4.3252531E-06  3.1502555E-06  5.6576385E-09  3.7525141E-10  4.4407588E-07  1.1932297E-08  2.402E-09  0.4829  3.840457   -3.524  2.658632  8.421556  0.0000000E+00  1.2269642E-01  3.4332205E-01  2.6362713E-10  4.1074470E-09  5.3365253E-01  1.4194392E-12  3.1834818E-09  3.0225989E-04  1.2321071E-05  7.531E-13  8.191E-10  3.386E-04  1.000E+00  1.000E+00  9.64E+01  8.15E+01  6.09E-01  0.009483  0.702092  0.0000000E+00  1.1438868759E+00
325  3.631372804140971E+06   77.405272  6.361906  3.839903  5.4243267E-01  4.5755153E-01  2.4032246E-07  3.1550936E-08  4.3947030E-06  3.0736723E-06  5.5580450E-09  3.6079917E-10  4.3459875E-07  1.1894687E-08  2.650E-09  0.4875  3.839903   -3.517  2.663409  8.423228  0.0000000E+00  1.1798559E-01  3.3675257E-01  2.1852017E-10  3.6146612E-09  5.4489710E-01  2.7507967E-12  7.9104477E-09  3.3715809E-04  1.2282818E-05  8.659E-13  8.252E-10  3.410E-04  1.000E+00  1.000E+00  9.59E+01  8.07E+01  6.15E-01  0.009625  0.704806  0.0000000E+00  1.1031421704E+00
326  3.633579995275902E+06   76.731392  6.361930  3.839437  5.3385780E-01  4.6612670E-01  2.3156958E-07  3.1105455E-08  4.4783784E-06  2.9814340E-06  5.4339140E-09  3.4387137E-10  4.2320950E-07  1.1858032E-08  2.964E-09  0.4930  3.839437   -3.512  2.668458  8.424971  0.0000000E+00  1.1327477E-01  3.2977651E-01  7.2016780E-10  1.3592504E-08  5.5654225E-01  3.9143757E-12  1.1532341E-08  3.7790793E-04  1.2254521E-05  1.015E-12  8.167E-10  3.434E-04  1.000E+00  1.000E+00  9.53E+01  7.98E+01  6.10E-01  0.009601  0.707081  0.0000000E+00  1.0609117827E+00
327  3.635780834812772E+06   76.050789  6.361976  3.839069  5.2642411E-01  4.7356069E-01  2.2421704E-07  3.0714407E-08  4.5510837E-06  2.9015431E-06  5.3227368E-09  3.2964558E-10  4.1335929E-07  1.1832359E-08  3.246E-09  0.4971  3.839069   -3.508  2.673770  8.426798  0.0000000E+00  1.0856394E-01  3.2263222E-01  4.3795391E-10  8.1716804E-09  5.6834980E-01  2.5488907E-12  6.2856061E-09  4.2443438E-04  1.2175361E-05  1.060E-12  6.381E-10  3.460E-04  1.000E+00  1.000E+00  9.52E+01  7.92E+01  4.74E-01  0.007470  0.710027  0.0000000E+00  1.0246880676E+00
328  3.637925662541001E+06   75.383582  6.362058  3.838944  5.1848852E-01  4.8149645E-01  2.1656835E-07  3.0292299E-08  4.6290708E-06  2.8163381E-06  5.2011682E-09  3.1484402E-10  4.0285768E-07  1.1808385E-08  3.554E-09  0.5026  3.838944   -3.507  2.679566  8.428808  0.0000000E+00  1.0385312E-01  3.1545809E-01  2.9758945E-10  5.5815088E-09  5.8018129E-01  1.6570950E-12  4.3858138E-09  4.7691752E-04  1.1942329E-05  9.577E-13  6.232E-10  3.490E-04  1.000E+00  1.000E+00  9.48E+01  7.84E+01  4.63E-01  0.007324  0.712721  0.0000000E+00  9.9125806543E-01
329  3.640470101086386E+06   74.381260  6.359942  3.820535  5.0704225E-01  4.9294305E-01  2.0595151E-07  2.9673968E-08  4.7430841E-06  2.6936762E-06  5.0202873E-09  2.9429153E-10  3.8772521E-07  1.1776297E-08  4.012E-09  0.5088  3.820535   -3.324  2.684289  8.430240  0.0000000E+00  9.9142292E-02  3.0686304E-01  3.7933223E-11  1.5237957E-10  5.9341700E-01  2.2688340E-13  1.8982944E-10  5.4532898E-04  1.2132693E-05  1.241E-12  5.953E-10  3.506E-04  1.000E+00  1.000E+00  9.01E+01  7.44E+01  4.83E-01  0.008044  0.713398  0.0000000E+00  9.4155487916E-01
330  3.642739825648834E+06   73.306049  6.359661  3.820557  4.9790334E-01  5.0208226E-01  1.9786860E-07  2.9173576E-08  4.8367160E-06  2.5960825E-06  4.8712841E-09  2.7862546E-10  3.7564486E-07  1.1747425E-08  4.381E-09  0.5167  3.820557   -3.326  2.691600  8.432596  0.0000000E+00  9.4431467E-02  2.9899942E-01  1.1783540E-10  2.4147017E-09  6.0591781E-01  1.4537154E-12  5.0990677E-09  6.1763494E-04  1.1838400E-05  1.148E-12  5.068E-10  3.538E-04  1.000E+00  1.000E+00  8.97E+01  7.33E+01  4.08E-01  0.006834  0.719006  0.0000000E+00  8.9126218493E-01
331  3.645009500512574E+06   72.227792  6.359987  3.820462  4.8601812E-01  5.1396772E-01  1.8776564E-07  2.8522035E-08  4.9631238E-06  2.4696945E-06  4.6736942E-09  2.5899076E-10  3.5992611E-07  1.1699881E-08  4.858E-09  0.5255  3.820462   -3.322  2.698123  8.434719  0.0000000E+00  8.9720643E-02  2.9088960E-01  1.1072429E-10  1.9272989E-09  6.1865175E-01  9.4495723E-13  2.0222616E-09  7.0280646E-04  1.1490478E-05  1.090E-12  4.698E-10  3.568E-04  1.000E+00  1.000E+00  8.88E+01  7.17E+01  3.81E-01  0.006440  0.724493  0.0000000E+00  8.4567054833E-01
332  3.647377243384428E+06   71.108961  6.360454  3.821129  4.7221089E-01  5.2777531E-01  1.7660172E-07  2.7776629E-08  5.1197211E-06  2.3238488E-06  4.4400901E-09  2.3714745E-10  3.4165084E-07  1.1624116E-08  5.397E-09  0.5346  3.821129   -3.327  2.705434  8.437090  0.0000000E+00  8.5009818E-02  2.8223222E-01  5.6373148E-11  8.1144753E-10  6.3191410E-01  3.6993487E-13  6.2981312E-10  8.0669336E-04  1.1205725E-05  1.225E-12  4.274E-10  3.602E-04  1.000E+00  1.000E+00  8.80E+01  7.02E+01  3.47E-01  0.005926  0.729838  0.0000000E+00  8.0198218587E-01
333  3.649742812502606E+06   70.055040  6.361549  3.827579  4.6216770E-01  5.3781870E-01  1.6891536E-07  2.7255901E-08  5.2441557E-06  2.2186741E-06  4.2680882E-09  2.2192007E-10  3.2835014E-07  1.1550057E-08  5.767E-09  0.5443  3.827579   -3.390  2.712966  8.439613  0.0000000E+00  8.0298993E-02  2.7330602E-01  5.0755699E-10  1.2185356E-08  6.4542379E-01  4.4252362E-12  1.1726070E-08  9.3169753E-04  1.0839422E-05  1.344E-12  3.949E-10  3.639E-04  1.000E+00  1.000E+00  8.85E+01  6.95E+01  3.13E-01  0.005302  0.737624  0.0000000E+00  7.6471454588E-01
334  3.652374343422898E+06   69.148125  6.360265  3.822701  4.4631868E-01  5.5366802E-01  1.5763024E-07  2.6507801E-08  5.4688871E-06  2.0547397E-06  3.9945383E-09  1.9899308E-10  3.0736312E-07  1.1393596E-08  6.313E-09  0.5517  3.822701   -3.345  2.720659  8.442171  0.0000000E+00  7.5588169E-02  2.6319925E-01  1.6925248E-10  3.7815947E-09  6.6007316E-01  1.9388404E-12  3.4490740E-09  1.0962845E-03  1.0910070E-05  1.828E-12  3.866E-10  3.676E-04  1.000E+00  1.000E+00  8.70E+01  6.84E+01  3.13E-01  0.005393  0.737015  0.0000000E+00  7.3568761521E-01
335  3.654898850723478E+06   68.050564  6.362198  3.829006  4.3378099E-01  5.6620591E-01  1.4959756E-07  2.6028298E-08  5.6853757E-06  1.9273751E-06  3.7775480E-09  1.8182414E-10  2.9078720E-07  1.1229349E-08  6.692E-09  0.5615  3.829006   -3.402  2.728786  8.444879  0.0000000E+00  7.0877344E-02  2.5324354E-01  2.5906049E-10  6.2498387E-09  6.7454226E-01  3.2285071E-12  5.7727047E-09  1.2895890E-03  1.0703975E-05  1.956E-12  3.458E-10  3.717E-04  1.000E+00  1.000E+00  8.77E+01  6.76E+01  2.71E-01  0.004637  0.745722  0.0000000E+00  7.0069686388E-01
336  3.657508969069211E+06   67.207024  6.356996  3.826275  4.1945217E-01  5.8053483E-01  1.4166106E-07  2.5680554E-08  5.9981294E-06  1.7850974E-06  3.5304170E-09  1.6328644E-10  2.7191154E-07  1.0991229E-08  7.061E-09  0.5655  3.826275   -3.399  2.735823  8.446859  0.0000000E+00  6.6166519E-02  2.4297917E-01  1.1150823E-11  4.0400716E-11  6.8928037E-01  3.5268013E-12  1.3079577E-09  1.5214654E-03  1.0503667E-05  2.114E-12  3.107E-10  3.738E-04  1.000E+00  1.000E+00  8.72E+01  6.84E+01  2.43E-01  0.004172  0.738635  0.0000000E+00  6.7811971222E-01
337  3.659839304174078E+06   66.249411  6.360837  3.829350  4.0110960E-01  5.9887736E-01  1.3398727E-07  2.5716355E-08  6.5508623E-06  1.6093853E-06  3.2181405E-09  1.4124095E-10  2.4794161E-07  1.0602245E-08  7.423E-09  0.5704  3.829350   -3.412  2.746315  8.449892  0.0000000E+00  6.1455695E-02  2.3366142E-01  1.1527361E-10  2.3992320E-09  7.0305314E-01  1.2445987E-12  1.3863572E-09  1.7723085E-03  9.4603958E-06  1.640E-12  3.609E-10  3.778E-04  1.000E+00  1.000E+00  8.65E+01  6.66E+01  2.83E-01  0.004904  0.746200  0.0000000E+00  6.4857002405E-01
338  3.662155511329035E+06   65.444757  6.361649  3.842001  3.9022223E-01  6.0976454E-01  1.3128535E-07  2.6140292E-08  7.0047501E-06  1.5096744E-06  3.0367893E-09  1.2914695E-10  2.3388552E-07  1.0320007E-08  7.554E-09  0.5745  3.842001   -3.540  2.757624  8.453357  0.0000000E+00  5.6744870E-02  2.2408456E-01  7.8064477E-11  1.9723747E-09  7.1701838E-01  1.0993807E-12  1.6939465E-09  2.0881284E-03  8.3428862E-06  1.337E-12  4.184E-10  3.829E-04  1.000E+00  1.000E+00  8.84E+01  6.74E+01  3.10E-01  0.005262  0.750906  0.0000000E+00  6.2522121325E-01
339  3.664481862844411E+06   64.585552  6.360572  3.827100  3.6757484E-01  6.3241106E-01  1.3188504E-07  2.8528210E-08  8.4134550E-06  1.3163098E-06  2.6748486E-09  1.0638299E-10  2.0527999E-07  9.6076642E-09  7.640E-09  0.5813  3.827100   -3.390  2.769030  8.457026  0.0000000E+00  5.2034045E-02  2.1413230E-01  5.2871316E-11  1.3373238E-09  7.3126238E-01  7.1556048E-13  1.0707155E-09  2.4978006E-03  7.2304038E-06  1.196E-12  3.711E-10  3.888E-04  1.000E+00  1.000E+00  8.49E+01  6.54E+01  2.94E-01  0.005197  0.746647  0.0000000E+00  5.9840407365E-01
340  3.666854762640483E+06   63.689723  6.361936  3.834441  3.5637097E-01  6.4361413E-01  1.3609848E-07  3.0724467E-08  9.4185304E-06  1.2284840E-06  2.5053534E-09  9.6207349E-11  1.9151654E-07  9.1998924E-09  7.577E-09  0.5897  3.834441   -3.460  2.780550  8.460870  0.0000000E+00  4.7323221E-02  2.0369416E-01  9.1847157E-11  2.5437006E-09  7.4585107E-01  1.4780173E-12  2.1249491E-09  3.0439030E-03  6.2131053E-06  1.248E-12  3.353E-10  3.953E-04  1.000E+00  1.000E+00  8.60E+01  6.53E+01  2.55E-01  0.004453  0.753310  0.0000000E+00  5.7261010703E-01
341  3.669333031024293E+06   62.740804  6.362694  3.832172  3.3865153E-01  6.6133167E-01  1.5053495E-07  3.6328161E-08  1.1632714E-05  1.1021132E-06  2.2539429E-09  8.1439326E-11  1.7038472E-07  8.4931366E-09  7.366E-09  0.5995  3.832172   -3.433  2.792539  8.464941  0.0000000E+00  4.2612396E-02  1.9260359E-01  1.5165195E-10  4.4380116E-09  7.6088053E-01  3.1979458E-12  4.3297720E-09  3.7932934E-03  5.4214480E-06  1.559E-12  3.127E-10  4.023E-04  1.000E+00  1.000E+00  8.51E+01  6.42E+01  2.40E-01  0.004221  0.756030  0.0000000E+00  5.4785596981E-01
342  3.672089443574694E+06   61.895735  6.357300  3.834850  3.2909107E-01  6.7089063E-01  1.6397638E-07  4.0941381E-08  1.3275121E-05  1.0412992E-06  2.1284978E-09  7.4070250E-11  1.5933447E-07  8.0877433E-09  7.191E-09  0.6079  3.834850   -3.487  2.805360  8.469358  0.0000000E+00  3.7901571E-02  1.8022361E-01  5.9977312E-12  4.6011124E-10  7.7681392E-01  1.0753335E-11  8.2793683E-09  4.9100326E-03  5.3528574E-06  2.547E-12  2.344E-10  4.102E-04  1.000E+00  1.000E+00  8.54E+01  6.51E+01  1.76E-01  0.003088  0.751487  0.0000000E+00  5.2960763441E-01
343  3.674643109264445E+06   61.018781  6.363478  3.840168  3.1406328E-01  6.8591512E-01  1.9689791E-07  5.1549727E-08  1.6759226E-05  9.5810041E-07  1.9488444E-09  6.3203483E-11  1.4247480E-07  7.4296906E-09  6.876E-09  0.6182  3.840168   -3.513  2.819276  8.474140  0.0000000E+00  3.3190747E-02  1.6846650E-01  1.8763347E-10  5.8058528E-09  7.9179054E-01  3.8526203E-12  4.8589027E-09  6.3398198E-03  4.4807977E-06  2.884E-12  2.626E-10  4.190E-04  1.000E+00  1.000E+00  8.56E+01  6.33E+01  1.94E-01  0.003395  0.764468  0.0000000E+00  5.0999619872E-01
344  3.677991877735770E+06   60.286216  6.363386  3.836557  2.9865390E-01  7.0131930E-01  2.5550952E-07  6.9511028E-08  2.2158871E-05  8.9512133E-07  1.7962777E-09  5.2969232E-11  1.2594093E-07  6.7418622E-09  6.501E-09  0.6251  3.836557   -3.476  2.834913  8.479573  0.0000000E+00  2.8479922E-02  1.5357383E-01  7.9408153E-13  1.1815832E-11  8.0866518E-01  2.4361643E-12  7.3963893E-10  8.9237867E-03  5.8958926E-06  5.296E-12  3.153E-10  4.290E-04  1.000E+00  1.000E+00  8.43E+01  6.23E+01  2.37E-01  0.004217  0.764518  0.0000000E+00  4.9468713327E-01
345  3.680985984068370E+06   59.629079  6.364782  3.861442  2.9377824E-01  7.0619256E-01  2.8179900E-07  7.7396234E-08  2.4419156E-05  8.8155525E-07  1.7569656E-09  4.9924960E-11  1.2088942E-07  6.5243842E-09  6.364E-09  0.6334  3.861442   -4.203  2.851804  8.485395  0.0000000E+00  2.3769097E-02  1.4022729E-01  1.1403756E-11  2.7407552E-09  8.2315891E-01  3.9863408E-12  6.9174778E-09  1.2248198E-02  5.3637819E-06  6.542E-12  3.662E-10  4.401E-04  1.000E+00  1.000E+00  8.88E+01  6.44E+01  2.45E-01  0.004145  0.772523  0.0000000E+00  4.8153365982E-01
346  3.684016874983607E+06   58.996507  6.364414  3.842195  2.7905950E-01  7.2090224E-01  3.9425394E-07  1.1056683E-07  3.3526978E-05  8.6612753E-07  1.6738213E-09  4.1326278E-11  1.0623820E-07  5.8782726E-09  5.984E-09  0.6413  3.842195   -3.529  2.870649  8.491851  0.0000000E+00  1.9058273E-02  1.2716264E-01  1.3184201E-10  3.4172105E-09  8.3579641E-01  3.3800284E-12  1.9017687E-09  1.6945483E-02  5.0113920E-06  8.096E-12  2.839E-10  4.529E-04  1.000E+00  1.000E+00  8.45E+01  6.15E+01  2.08E-01  0.003682  0.771269  0.0000000E+00  4.6766921422E-01
347  3.686766175496415E+06   58.682086  6.365249  3.863506  2.7749790E-01  7.2246260E-01  4.0984962E-07  1.1512021E-07  3.4742073E-05  8.6724935E-07  1.6688092E-09  4.0469533E-11  1.0474214E-07  5.8112341E-09  5.930E-09  0.6422  3.863506   -4.221  2.892205  8.499179  0.0000000E+00  1.4347448E-02  1.1579843E-01  1.7286930E-13  8.4023777E-13  8.4532638E-01  3.3231691E-15  7.3850579E-13  2.2782408E-02  3.6440740E-06  9.026E-12  3.492E-10  4.680E-04  1.000E+00  1.000E+00  8.85E+01  6.37E+01  2.32E-01  0.003927  0.775945  0.0000000E+00  4.6147857361E-01
348  3.689241905203955E+06   58.147855  6.364470  3.841397  2.6235320E-01  7.3759230E-01  6.0650813E-07  1.7202855E-07  4.9536398E-05  9.1149513E-07  1.6656235E-09  3.2710171E-11  9.0837250E-08  5.1840223E-09  5.558E-09  0.6459  3.841397   -3.521  2.918141  8.507907  0.0000000E+00  9.6366235E-03  1.0634150E-01  6.9112087E-13  2.0262364E-11  8.5140356E-01  1.3544883E-14  1.4663358E-11  2.9800155E-02  2.0019209E-06  9.391E-12  3.013E-10  4.868E-04  1.000E+00  1.000E+00  8.37E+01  6.08E+01  2.21E-01  0.003961  0.772403  0.0000000E+00  4.4960852413E-01
349  3.691581403606900E+06   57.877053  6.365985  3.864939  2.6150850E-01  7.3843590E-01  6.2092039E-07  1.7616665E-07  5.0587113E-05  9.1647702E-07  1.6688382E-09  3.2314465E-11  9.0103277E-08  5.1508928E-09  5.526E-09  0.6435  3.864939   -4.233  2.954946  8.520213  0.0000000E+00  4.9257989E-03  9.8793073E-02  1.2985160E-13  2.5348516E-11  8.5337141E-01  1.6049504E-13  2.0096761E-10  3.8468184E-02  9.8117538E-07  9.515E-12  4.966E-10  5.148E-04  1.000E+00  1.000E+00  8.74E+01  6.26E+01  3.33E-01  0.005705  0.778209  0.0000000E+00  4.4377046055E-01
350  3.694107878628995E+06   57.272900  6.365281  3.843294  2.4934800E-01  7.5057750E-01  8.8051127E-07  2.5025643E-07  6.9070259E-05  1.0266437E-06  1.7660922E-09  2.7074209E-11  8.0063084E-08  4.7040528E-09  5.261E-09  0.6038  3.843294   -4.014  3.074058  8.558861  0.0000000E+00  2.1497420E-04  9.3936929E-02  1.3695864E-14  2.7612477E-15  8.4911485E-01  1.9405536E-18  4.0270474E-15  4.9876290E-02  3.6589998E-07  9.461E-12  2.951E-10  6.140E-04  1.000E+00  1.000E+00  8.34E+01  5.98E+01  2.15E-01  0.003864  0.777577  0.0000000E+00  4.3070355981E-01
351  3.694120006160262E+06   57.271726  6.365265  3.843347  2.4927573E-01  7.5064967E-01  8.8237887E-07  2.5078706E-07  6.9200934E-05  1.0275435E-06  1.7669922E-09  2.7045638E-11  8.0006406E-08  4.7015890E-09  5.259E-09  0.6035  3.843347   -4.015  3.075590  8.559368  0.0000000E+00  2.0422549E-04  9.3931343E-02  1.3800352E-14  2.8013011E-15  8.4909119E-01  1.9352363E-18  4.1160295E-15  4.9909644E-02  3.6521035E-07  9.461E-12  2.976E-10  6.154E-04  1.000E+00  1.000E+00  8.34E+01  5.98E+01  2.17E-01  0.003895  0.777519  0.0000000E+00  4.3067913006E-01
352  3.694144638333323E+06   57.269347  6.365274  3.843427  2.4926357E-01  7.5066183E-01  8.8269446E-07  2.5087672E-07  6.9223013E-05  1.0276957E-06  1.7671445E-09  2.7040814E-11  7.9996836E-08  4.7011730E-09  5.259E-09  0.5950  3.843427   -4.015  3.078823  8.560438  0.0000000E+00  1.8272807E-04  9.3920323E-02  1.3869312E-14  2.9429585E-15  8.4904345E-01  1.9246538E-18  4.2892068E-15  4.9976599E-02  3.6384179E-07  9.461E-12  2.977E-10  6.184E-04  1.000E+00  1.000E+00  8.34E+01  5.98E+01  2.17E-01  0.003894  0.777560  0.0000000E+00  4.3062938952E-01
353  3.694157737339849E+06   57.268083  6.365281  3.843468  2.4926350E-01  7.5066190E-01  8.8269558E-07  2.5087704E-07  6.9223092E-05  1.0276962E-06  1.7671450E-09  2.7040797E-11  7.9996802E-08  4.7011716E-09  5.259E-09  0.5950  3.843468   -4.016  3.080571  8.561016  0.0000000E+00  1.7197936E-04  9.3914877E-02  1.3925961E-14  3.0461993E-15  8.4901941E-01  1.9192285E-18  4.4055109E-15  5.0010180E-02  3.6316276E-07  9.461E-12  2.975E-10  6.200E-04  1.000E+00  1.000E+00  8.34E+01  5.98E+01  2.16E-01  0.003890  0.777588  0.0000000E+00  4.3060299358E-01
354  3.694171292703069E+06   57.266776  6.365289  3.843512  2.4926344E-01  7.5066200E-01  8.8269777E-07  2.5087767E-07  6.9223246E-05  1.0276973E-06  1.7671461E-09  2.7040763E-11  7.9996735E-08  4.7011687E-09  5.259E-09  0.5945  3.843512   -4.016  3.082432  8.561632  0.0000000E+00  1.6123065E-04  9.3909500E-02  1.4051686E-14  3.1173330E-15  8.4899519E-01  1.9140928E-18  4.5389705E-15  5.0043875E-02  3.6248785E-07  9.460E-12  2.972E-10  6.217E-04  1.000E+00  1.000E+00  8.35E+01  5.98E+01  2.16E-01  0.003887  0.777620  0.0000000E+00  4.3057573344E-01
355  3.694185343567945E+06   57.265423  6.365295  3.843558  2.4926332E-01  7.5066210E-01  8.8270112E-07  2.5087861E-07  6.9223480E-05  1.0276989E-06  1.7671477E-09  2.7040712E-11  7.9996633E-08  4.7011643E-09  5.259E-09  0.5937  3.843558   -4.017  3.084432  8.562295  0.0000000E+00  1.5048194E-04  9.3904195E-02  1.4200760E-14  3.1736999E-15  8.4897078E-01  1.9092377E-18  4.6770781E-15  5.0077690E-02  3.6181730E-07  9.460E-12  2.970E-10  6.236E-04  1.000E+00  1.000E+00  8.35E+01  5.98E+01  2.16E-01  0.003883  0.777649  0.0000000E+00  4.3054753508E-01
356  3.694199939965367E+06   57.264019  6.365256  3.843606  2.4920394E-01  7.5072136E-01  8.8423773E-07  2.5131519E-07  6.9330981E-05  1.0284400E-06  1.7678895E-09  2.7017257E-11  7.9950092E-08  4.6991417E-09  5.257E-09  0.5861  3.843606   -4.017  3.086430  8.562955  0.0000000E+00  1.3973323E-04  9.3898960E-02  1.4338073E-14  3.2356468E-15  8.4894618E-01  1.9045856E-18  4.8162607E-15  5.0111622E-02  3.6115106E-07  9.460E-12  2.999E-10  6.255E-04  1.000E+00  1.000E+00  8.35E+01  5.99E+01  2.18E-01  0.003919  0.777564  0.0000000E+00  4.3051828648E-01
357  3.694231655330212E+06   57.260975  6.365282  3.843708  2.4920229E-01  7.5072293E-01  8.8427917E-07  2.5132697E-07  6.9333881E-05  1.0284600E-06  1.7679095E-09  2.7016626E-11  7.9948839E-08  4.6990872E-09  5.257E-09  0.5840  3.843708   -4.018  3.091114  8.564507  0.0000000E+00  1.1823581E-04  9.3888624E-02  1.4463102E-14  3.5296523E-15  8.4889662E-01  1.8947849E-18  5.1672581E-15  5.0179715E-02  3.5982997E-07  9.460E-12  2.994E-10  6.298E-04  1.000E+00  1.000E+00  8.35E+01  5.99E+01  2.18E-01  0.003910  0.777649  0.0000000E+00  4.3045439321E-01
358  3.694248813081628E+06   57.259331  6.365287  3.843760  2.4920157E-01  7.5072373E-01  8.8429961E-07  2.5133277E-07  6.9335309E-05  1.0284698E-06  1.7679194E-09  2.7016315E-11  7.9948221E-08  4.6990604E-09  5.257E-09  0.5832  3.843760   -4.019  3.093660  8.565349  0.0000000E+00  1.0748710E-04  9.3883580E-02  1.4671796E-14  3.6253037E-15  8.4887151E-01  1.8904157E-18  5.3876850E-15  5.0213974E-02  3.5917674E-07  9.460E-12  2.993E-10  6.322E-04  1.000E+00  1.000E+00  8.35E+01  5.99E+01  2.17E-01  0.003907  0.777679  0.0000000E+00  4.3041993510E-01
359  3.694266977239605E+06   57.257592  6.365294  3.843817  2.4919809E-01  7.5072721E-01  8.8438877E-07  2.5135811E-07  6.9341547E-05  1.0285129E-06  1.7679626E-09  2.7014957E-11  7.9945525E-08  4.6989433E-09  5.257E-09  0.5760  3.843817   -4.019  3.096451  8.566272  0.0000000E+00  9.6738392E-05  9.3878625E-02  1.4911399E-14  3.7154862E-15  8.4884615E-01  1.8863806E-18  5.6237371E-15  5.0248390E-02  3.5852877E-07  9.459E-12  2.992E-10  6.348E-04  1.000E+00  1.000E+00  8.35E+01  5.99E+01  2.17E-01  0.003904  0.777715  0.0000000E+00  4.3038353611E-01
360  3.694287398157248E+06   57.255641  6.365267  3.843872  2.4919290E-01  7.5073234E-01  8.8452320E-07  2.5139630E-07  6.9350950E-05  1.0285778E-06  1.7680276E-09  2.7012911E-11  7.9941464E-08  4.6987669E-09  5.257E-09  0.5724  3.843872   -4.020  3.099765  8.567370  0.0000000E+00  8.5989682E-05  9.3873662E-02  1.4685439E-14  4.1104898E-15  8.4882083E-01  1.8813333E-18  5.8929387E-15  5.0282791E-02  3.5788339E-07  9.459E-12  2.991E-10  6.380E-04  1.000E+00  1.000E+00  8.35E+01  5.99E+01  2.17E-01  0.003901  0.777690  0.0000000E+00  4.3034272075E-01
361  3.694309524931767E+06   57.253529  6.365269  3.843931  2.4918706E-01  7.5073823E-01  8.8467514E-07  2.5143946E-07  6.9361577E-05  1.0286512E-06  1.7681011E-09  2.7010599E-11  7.9936875E-08  4.6985676E-09  5.256E-09  0.5723  3.843931   -4.021  3.103485  8.568604  0.0000000E+00  7.5240972E-05  9.3868794E-02  1.4912762E-14  4.3834641E-15  8.4879524E-01  1.8768020E-18  6.3022260E-15  5.0317360E-02  3.5724359E-07  9.459E-12  2.989E-10  6.415E-04  1.000E+00  1.000E+00  8.35E+01  5.99E+01  2.17E-01  0.003898  0.777717  0.0000000E+00  4.3029860573E-01
362  3.694361317410434E+06   57.248599  6.365198  3.844066  2.4908617E-01  7.5083892E-01  8.8729576E-07  2.5218396E-07  6.9544862E-05  1.0299178E-06  1.7693711E-09  2.6970802E-11  7.9857852E-08  4.6951355E-09  5.254E-09  0.5564  3.844066   -4.022  3.112039  8.571433  0.0000000E+00  5.3743552E-05  9.3859345E-02  1.5139076E-14  5.1114495E-15  8.4874327E-01  1.8687552E-18  7.3282561E-15  5.0387022E-02  3.5598223E-07  9.458E-12  3.015E-10  6.497E-04  1.000E+00  1.000E+00  8.36E+01  5.99E+01  2.19E-01  0.003927  0.777594  0.0000000E+00  4.3019578490E-01
363  3.694395148935540E+06   57.245390  6.365190  3.844145  2.4902198E-01  7.5090300E-01  8.8896374E-07  2.5265781E-07  6.9661510E-05  1.0307245E-06  1.7701803E-09  2.6945508E-11  7.9807617E-08  4.6929542E-09  5.253E-09  0.5536  3.844145   -4.023  3.118072  8.573431  0.0000000E+00  4.2994842E-05  9.3854681E-02  1.5276475E-14  5.8845553E-15  8.4871713E-01  1.8641919E-18  8.1968638E-15  5.0421976E-02  3.5535859E-07  9.458E-12  3.035E-10  6.556E-04  1.000E+00  1.000E+00  8.36E+01  5.99E+01  2.20E-01  0.003951  0.777585  0.0000000E+00  4.3012832510E-01
364  3.694436117622672E+06   57.241510  6.365201  3.844223  2.4901928E-01  7.5090569E-01  8.8903450E-07  2.5267791E-07  6.9666457E-05  1.0307588E-06  1.7702148E-09  2.6944437E-11  7.9805489E-08  4.6928618E-09  5.253E-09  0.5400  3.844223   -4.024  3.125494  8.575888  0.0000000E+00  3.2246133E-05  9.3850123E-02  1.5572790E-14  6.7872207E-15  8.4869068E-01  1.8601333E-18  9.4824947E-15  5.0457136E-02  3.5474221E-07  9.458E-12  3.019E-10  6.630E-04  1.000E+00  1.000E+00  8.36E+01  5.99E+01  2.19E-01  0.003929  0.777654  0.0000000E+00  4.3004643822E-01
365  3.694491394962003E+06   57.236286  6.365138  3.844316  2.4895386E-01  7.5097102E-01  8.9073902E-07  2.5316212E-07  6.9785638E-05  1.0315842E-06  1.7710437E-09  2.6918674E-11  7.9754300E-08  4.6906400E-09  5.251E-09  0.5296  3.844316   -4.025  3.136196  8.579434  0.0000000E+00  2.1497423E-05  9.3845667E-02  1.5624787E-14  8.4469770E-15  8.4866395E-01  1.8562469E-18  1.1429829E-14  5.0492503E-02  3.5413401E-07  9.457E-12  3.033E-10  6.738E-04  1.000E+00  1.000E+00  8.36E+01  5.99E+01  2.20E-01  0.003943  0.777571  0.0000000E+00  4.2993664847E-01
366  3.694582878820878E+06   57.227673  6.365039  3.844440  2.4876385E-01  7.5116055E-01  8.9570196E-07  2.5457186E-07  7.0132567E-05  1.0339918E-06  1.7734647E-09  2.6843963E-11  7.9605779E-08  4.6841967E-09  5.247E-09  0.5092  3.844440   -4.027  3.153841  8.585266  0.0000000E+00  1.0748713E-05  9.3841300E-02  1.5956328E-14  1.2153582E-14  8.4863695E-01  1.8523853E-18  1.5600632E-14  5.0528081E-02  3.5353515E-07  9.456E-12  3.080E-10  6.919E-04  1.000E+00  1.000E+00  8.36E+01  6.00E+01  2.23E-01  0.003999  0.777396  0.0000000E+00  4.2975406673E-01
367  3.696232787352131E+06   56.939308  6.359676  3.838040  2.3597570E-01  7.6391890E-01  1.3201138E-06  3.7450383E-07  9.9304132E-05  1.2774549E-06  2.0413301E-09  2.2388545E-11  7.0257224E-08  4.3054973E-09  5.026E-09  0.0000  3.838040   -3.508  3.500764  8.699481  0.0000000E+00  3.4922740E-16  9.3838325E-02  1.6843200E-14  1.9341906E-14  8.4860595E-01  1.8502521E-18  2.3025483E-14  5.0566727E-02  3.5316617E-07  9.455E-12  4.637E-10  1.124E-03  1.000E+00  1.000E+00  8.20E+01  6.08E+01  3.47E-01  0.006346  0.763839  0.0000000E+00  4.2171488499E-01
368  3.697444204393572E+06   56.534793  6.361643  3.834296  2.2073360E-01  7.7909700E-01  2.2291954E-06  6.2892643E-07  1.6111076E-04  2.2975910E-06  3.2860594E-09  1.9649479E-11  6.0975074E-08  4.1172152E-09  4.848E-09  0.0000  3.834296   -3.460  3.779570  8.784702  0.0000000E+00  6.4949230E-15  9.3837889E-02  1.6843200E-14  1.9341906E-14  8.4860566E-01  1.8502521E-18  2.3025483E-14  5.0567433E-02  3.5316617E-07  9.455E-12  4.787E-10  1.614E-03  1.000E+00  1.000E+00  8.11E+01  6.02E+01  3.64E-01  0.006723  0.763269  0.0000000E+00  4.0711710365E-01
369  3.697890202657609E+06   56.380896  6.359851  3.834051  2.1532650E-01  7.8446370E-01  2.7874321E-06  7.8415253E-07  1.9959689E-04  3.4814697E-06  4.7581716E-09  2.0835313E-11  5.8347121E-08  4.2321996E-09  4.807E-09  0.0000  3.834051   -3.467  4.134888  8.863342  0.0000000E+00  1.1151690E-13  9.3785115E-02  1.6843200E-14  1.9341906E-14  8.4857119E-01  1.8502521E-18  2.3025483E-14  5.0653673E-02  3.5316617E-07  9.455E-12  4.958E-10  2.718E-03  1.000E+00  1.000E+00  8.12E+01  6.08E+01  3.75E-01  0.006932  0.758822  0.0000000E+00  4.0145514941E-01
370  3.697931356781007E+06   56.366877  6.358190  3.833950  2.1485520E-01  7.8493070E-01  2.8470016E-06  8.0068435E-07  2.0373724E-04  3.6359416E-06  4.9503023E-09  2.1067760E-11  5.8142962E-08  4.2518070E-09  4.804E-09  0.0000  3.833950   -3.473  4.569514  8.952994  0.0000000E+00  3.0429450E-12  9.0837510E-02  1.6843200E-14  1.9341906E-14  8.4663682E-01  1.8502521E-18  2.3025483E-14  5.5491938E-02  3.5316617E-07  9.455E-12  4.969E-10  5.285E-03  1.000E+00  1.000E+00  8.12E+01  6.13E+01  3.75E-01  0.006933  0.755820  0.0000000E+00  4.0092817981E-01
371  3.697932712371889E+06   56.366425  6.356562  3.834012  2.1484370E-01  7.8494200E-01  2.8484702E-06  8.0109185E-07  2.0383939E-04  3.6398098E-06  4.9551131E-09  2.1073702E-11  5.8138061E-08  4.2523042E-09  4.804E-09  0.0000  3.834012   -3.482  4.691041  8.980103  0.0000000E+00  7.2990962E-12  8.4781695E-02  1.6843200E-14  1.9341906E-14  8.4266803E-01  1.8502521E-18  2.3025483E-14  6.5418975E-02  3.5316617E-07  9.455E-12  5.003E-10  6.368E-03  1.000E+00  1.000E+00  8.13E+01  6.17E+01  3.77E-01  0.006953  0.752990  0.0000000E+00  4.0091116345E-01
372  3.697932932416113E+06   56.366353  6.355855  3.834038  2.1484160E-01  7.8494410E-01  2.8487402E-06  8.0116676E-07  2.0385817E-04  3.6405213E-06  4.9559980E-09  2.1074796E-11  5.8137160E-08  4.2523957E-09  4.804E-09  0.0000  3.834038   -3.486  4.723512  8.987674  0.0000000E+00  9.0999913E-12  8.1753787E-02  1.6843200E-14  1.9341906E-14  8.4068778E-01  1.8502521E-18  2.3025483E-14  7.0372209E-02  3.5316617E-07  9.455E-12  5.016E-10  6.693E-03  1.000E+00  1.000E+00  8.14E+01  6.20E+01  3.78E-01  0.006961  0.751765  0.0000000E+00  4.0090844157E-01
373  3.697933076478052E+06   56.366306  6.355530  3.834070  2.1484060E-01  7.8494510E-01  2.8488676E-06  8.0120211E-07  2.0386703E-04  3.6408570E-06  4.9564155E-09  2.1075312E-11  5.8136736E-08  4.2524389E-09  4.804E-09  0.0000  3.834070   -3.488  4.748445  8.993580  0.0000000E+00  1.0647937E-11  7.8725880E-02  1.6843200E-14  1.9341906E-14  8.3871028E-01  1.8502521E-18  2.3025483E-14  7.5318613E-02  3.5316617E-07  9.455E-12  5.026E-10  6.954E-03  1.000E+00  1.000E+00  8.14E+01  6.20E+01  3.78E-01  0.006968  0.751204  0.0000000E+00  4.0090667118E-01
374  3.697933179898149E+06   56.366272  6.355158  3.834092  2.1483920E-01  7.8494640E-01  2.8490467E-06  8.0125182E-07  2.0387949E-04  3.6413292E-06  4.9570028E-09  2.1076038E-11  5.8136138E-08  4.2524996E-09  4.804E-09  0.0000  3.834092   -3.490  4.769087  8.998592  0.0000000E+00  1.2024074E-11  7.5697972E-02  1.6843200E-14  1.9341906E-14  8.3673552E-01  1.8502521E-18  2.3025483E-14  8.0258190E-02  3.5316617E-07  9.455E-12  5.035E-10  7.178E-03  1.000E+00  1.000E+00  8.14E+01  6.22E+01  3.79E-01  0.006974  0.750559  0.0000000E+00  4.0090540421E-01
375  3.697933260039626E+06   56.366246  6.354747  3.834099  2.1483840E-01  7.8494730E-01  2.8491599E-06  8.0128323E-07  2.0388736E-04  3.6416275E-06  4.9573738E-09  2.1076496E-11  5.8135761E-08  4.2525380E-09  4.804E-09  0.0000  3.834099   -3.492  4.786713  9.002916  0.0000000E+00  1.2962175E-11  7.2670064E-02  1.6843200E-14  1.9341906E-14  8.3476386E-01  1.8502521E-18  2.3025483E-14  8.5190042E-02  3.5316617E-07  9.455E-12  5.042E-10  7.375E-03  1.000E+00  1.000E+00  8.15E+01  6.23E+01  3.79E-01  0.006978  0.749850  0.0000000E+00  4.0090442696E-01
376  3.697933326900446E+06   56.366225  6.354330  3.834107  2.1483800E-01  7.8494760E-01  2.8492006E-06  8.0129451E-07  2.0389019E-04  3.6417347E-06  4.9575070E-09  2.1076661E-11  5.8135626E-08  4.2525518E-09  4.804E-09  0.0000  3.834107   -3.494  4.803115  9.006994  0.0000000E+00  1.3708527E-11  6.9642157E-02  1.6843200E-14  1.9341906E-14  8.3279647E-01  1.8502521E-18  2.3025483E-14  9.0111225E-02  3.5316617E-07  9.455E-12  5.049E-10  7.563E-03  1.000E+00  1.000E+00  8.15E+01  6.24E+01  3.79E-01  0.006982  0.749131  0.0000000E+00  4.0090361530E-01
377  3.697933383911309E+06   56.366207  6.353923  3.834115  2.1483800E-01  7.8494760E-01  2.8492006E-06  8.0129451E-07  2.0389019E-04  3.6417347E-06  4.9575070E-09  2.1076661E-11  5.8135626E-08  4.2525518E-09  4.804E-09  0.0000  3.834115   -3.496  4.818447  9.010834  0.0000000E+00  1.4340594E-11  6.6614249E-02  1.6843200E-14  1.9341906E-14  8.3083356E-01  1.8502521E-18  2.3025483E-14  9.5021213E-02  3.5316617E-07  9.455E-12  5.056E-10  7.743E-03  1.000E+00  1.000E+00  8.15E+01  6.25E+01  3.80E-01  0.006985  0.748429  0.0000000E+00  4.0090292624E-01
378  3.697933433226210E+06   56.366191  6.353554  3.834122  2.1483800E-01  7.8494760E-01  2.8492006E-06  8.0129451E-07  2.0389019E-04  3.6417347E-06  4.9575070E-09  2.1076661E-11  5.8135626E-08  4.2525518E-09  4.804E-09  0.0000  3.834122   -3.498  4.832748  9.014418  0.0000000E+00  1.4822995E-11  6.3586342E-02  1.6843200E-14  1.9341906E-14  8.2887528E-01  1.8502521E-18  2.3025483E-14  9.9919615E-02  3.5316617E-07  9.455E-12  5.063E-10  7.915E-03  1.000E+00  1.000E+00  8.15E+01  6.26E+01  3.80E-01  0.006989  0.747794  0.0000000E+00  4.0090233282E-01
379  3.697933476624799E+06   56.366177  6.353260  3.834134  2.1483800E-01  7.8494760E-01  2.8492006E-06  8.0129451E-07  2.0389019E-04  3.6417347E-06  4.9575070E-09  2.1076661E-11  5.8135625E-08  4.2525518E-09  4.804E-09  0.0000  3.834134   -3.499  4.846391  9.017855  0.0000000E+00  1.5185810E-11  6.0558434E-02  1.6843200E-14  1.9341906E-14  8.2692178E-01  1.8502521E-18  2.3025483E-14  1.0480612E-01  3.5316617E-07  9.455E-12  5.069E-10  8.082E-03  1.000E+00  1.000E+00  8.15E+01  6.27E+01  3.80E-01  0.006993  0.747287  0.0000000E+00  4.0090181249E-01
380  3.697933515274723E+06   56.366165  6.352969  3.834147  2.1483800E-01  7.8494760E-01  2.8492006E-06  8.0129451E-07  2.0389019E-04  3.6417347E-06  4.9575070E-09  2.1076661E-11  5.8135625E-08  4.2525518E-09  4.804E-09  0.0000  3.834147   -3.501  4.859523  9.021173  0.0000000E+00  1.5428520E-11  5.7530527E-02  1.6843200E-14  1.9341906E-14  8.2497318E-01  1.8502521E-18  2.3025483E-14  1.0968035E-01  3.5316617E-07  9.455E-12  5.075E-10  8.247E-03  1.000E+00  1.000E+00  8.16E+01  6.28E+01  3.80E-01  0.006997  0.746787  0.0000000E+00  4.0090135058E-01
381  3.697933549920133E+06   56.366154  6.352653  3.834160  2.1483800E-01  7.8494760E-01  2.8492006E-06  8.0129451E-07  2.0389019E-04  3.6417347E-06  4.9575070E-09  2.1076661E-11  5.8135625E-08  4.2525518E-09  4.804E-09  0.0000  3.834160   -3.502  4.872440  9.024469  0.0000000E+00  1.5587349E-11  5.4502619E-02  1.6843200E-14  1.9341906E-14  8.2302970E-01  1.8502521E-18  2.3025483E-14  1.1454177E-01  3.5316617E-07  9.455E-12  5.082E-10  8.412E-03  1.000E+00  1.000E+00  8.16E+01  6.29E+01  3.81E-01  0.007001  0.746244  0.0000000E+00  4.0090093795E-01
382  3.697933610272274E+06   56.366135  6.352056  3.834184  2.1483800E-01  7.8494760E-01  2.8492006E-06  8.0129451E-07  2.0389019E-04  3.6417347E-06  4.9575070E-09  2.1076661E-11  5.8135625E-08  4.2525518E-09  4.804E-09  0.0000  3.834184   -3.506  4.897170  9.030744  0.0000000E+00  1.5464544E-11  4.8446804E-02  1.6843200E-14  1.9341906E-14  8.1915872E-01  1.8502521E-18  2.3025483E-14  1.2422462E-01  3.5316617E-07  9.455E-12  5.094E-10  8.737E-03  1.000E+00  1.000E+00  8.16E+01  6.30E+01  3.81E-01  0.007008  0.745219  0.0000000E+00  4.0090022263E-01
383  3.697933636905171E+06   56.366127  6.351738  3.834198  2.1483800E-01  7.8494760E-01  2.8492006E-06  8.0129451E-07  2.0389019E-04  3.6417347E-06  4.9575070E-09  2.1076661E-11  5.8135625E-08  4.2525518E-09  4.804E-09  0.0000  3.834198   -3.507  4.909526  9.033894  0.0000000E+00  1.5252599E-11  4.5418896E-02  1.6843200E-14  1.9341906E-14  8.1723164E-01  1.8502521E-18  2.3025483E-14  1.2904500E-01  3.5316617E-07  9.455E-12  5.101E-10  8.904E-03  1.000E+00  1.000E+00  8.16E+01  6.31E+01  3.82E-01  0.007013  0.744673  0.0000000E+00  4.0089990858E-01
384  3.697933661715911E+06   56.366119  6.351429  3.834209  2.1483800E-01  7.8494760E-01  2.8492006E-06  8.0129451E-07  2.0389019E-04  3.6417347E-06  4.9575070E-09  2.1076661E-11  5.8135625E-08  4.2525518E-09  4.804E-09  0.0000  3.834209   -3.509  4.921700  9.036965  0.0000000E+00  1.4878449E-11  4.2390989E-02  1.6843200E-14  1.9341906E-14  8.1531045E-01  1.8502521E-18  2.3025483E-14  1.3385061E-01  3.5316617E-07  9.455E-12  5.107E-10  9.072E-03  1.000E+00  1.000E+00  8.17E+01  6.32E+01  3.82E-01  0.007016  0.744145  0.0000000E+00  4.0089961700E-01
385  3.697933685042370E+06   56.366112  6.351121  3.834222  2.1483800E-01  7.8494760E-01  2.8492006E-06  8.0129451E-07  2.0389019E-04  3.6417347E-06  4.9575070E-09  2.1076661E-11  5.8135625E-08  4.2525518E-09  4.804E-09  0.0000  3.834222   -3.510  4.934009  9.040057  0.0000000E+00  1.4385549E-11  3.9363081E-02  1.6843200E-14  1.9341906E-14  8.1339538E-01  1.8502521E-18  2.3025483E-14  1.3864088E-01  3.5316617E-07  9.455E-12  5.114E-10  9.245E-03  1.000E+00  1.000E+00  8.17E+01  6.33E+01  3.82E-01  0.007021  0.743617  0.0000000E+00  4.0089934381E-01
386  3.697933707110904E+06   56.366105  6.350778  3.834237  2.1483800E-01  7.8494760E-01  2.8492006E-06  8.0129451E-07  2.0389019E-04  3.6417347E-06  4.9575070E-09  2.1076661E-11  5.8135625E-08  4.2525518E-09  4.804E-09  0.0000  3.834237   -3.512  4.946750  9.043259  0.0000000E+00  1.3811497E-11  3.6335173E-02  1.6843200E-14  1.9341906E-14  8.1148673E-01  1.8502521E-18  2.3025483E-14  1.4341506E-01  3.5316617E-07  9.455E-12  5.122E-10  9.428E-03  1.000E+00  1.000E+00  8.17E+01  6.34E+01  3.83E-01  0.007026  0.743030  0.0000000E+00  4.0089908626E-01
387  3.697933728115498E+06   56.366099  6.350439  3.834250  2.1483800E-01  7.8494760E-01  2.8492006E-06  8.0129451E-07  2.0389019E-04  3.6417347E-06  4.9575070E-09  2.1076661E-11  5.8135625E-08  4.2525518E-09  4.804E-09  0.0000  3.834250   -3.514  4.959651  9.046457  0.0000000E+00  1.3084283E-11  3.3307266E-02  1.6843200E-14  1.9341906E-14  8.0958481E-01  1.8502521E-18  2.3025483E-14  1.4817226E-01  3.5316617E-07  9.455E-12  5.129E-10  9.616E-03  1.000E+00  1.000E+00  8.17E+01  6.35E+01  3.83E-01  0.007030  0.742450  0.0000000E+00  4.0089884204E-01
388  3.697933748328411E+06   56.366092  6.350086  3.834265  2.1483800E-01  7.8494760E-01  2.8492006E-06  8.0129451E-07  2.0389019E-04  3.6417347E-06  4.9575070E-09  2.1076661E-11  5.8135625E-08  4.2525518E-09  4.804E-09  0.0000  3.834265   -3.516  4.973089  9.049759  0.0000000E+00  1.2248150E-11  3.0279358E-02  1.6843200E-14  1.9341906E-14  8.0768996E-01  1.8502521E-18  2.3025483E-14  1.5291169E-01  3.5316617E-07  9.455E-12  5.136E-10  9.816E-03  1.000E+00  1.000E+00  8.17E+01  6.36E+01  3.83E-01  0.007035  0.741847  0.0000000E+00  4.0089860793E-01
389  3.697933767897806E+06   56.366087  6.349684  3.834282  2.1483800E-01  7.8494760E-01  2.8492006E-06  8.0129451E-07  2.0389019E-04  3.6417347E-06  4.9575070E-09  2.1076661E-11  5.8135625E-08  4.2525518E-09  4.804E-09  0.0000  3.834282   -3.518  4.987487  9.053291  0.0000000E+00  1.1344680E-11  2.7251451E-02  1.6843200E-14  1.9341906E-14  8.0580265E-01  1.8502521E-18  2.3025483E-14  1.5763205E-01  3.5316617E-07  9.455E-12  5.144E-10  1.003E-02  1.000E+00  1.000E+00  8.18E+01  6.37E+01  3.84E-01  0.007039  0.741161  0.0000000E+00  4.0089838221E-01
390  3.697933786986494E+06   56.366081  6.349265  3.834297  2.1483800E-01  7.8494760E-01  2.8492006E-06  8.0129451E-07  2.0389019E-04  3.6417347E-06  4.9575070E-09  2.1076661E-11  5.8135625E-08  4.2525518E-09  4.804E-09  0.0000  3.834297   -3.520  5.002580  9.056922  0.0000000E+00  1.0298526E-11  2.4223543E-02  1.6843200E-14  1.9341906E-14  8.0392340E-01  1.8502521E-18  2.3025483E-14  1.6233201E-01  3.5316617E-07  9.455E-12  5.153E-10  1.027E-02  1.000E+00  1.000E+00  8.18E+01  6.38E+01  3.84E-01  0.007044  0.740446  0.0000000E+00  4.0089816304E-01
391  3.697933805866562E+06   56.366075  6.348836  3.834317  2.1483800E-01  7.8494760E-01  2.8492006E-06  8.0129451E-07  2.0389019E-04  3.6417347E-06  4.9575070E-09  2.1076661E-11  5.8135625E-08  4.2525518E-09  4.804E-09  0.0000  3.834317   -3.522  5.018988  9.060819  0.0000000E+00  9.1619562E-12  2.1195636E-02  1.6843200E-14  1.9341906E-14  8.0205274E-01  1.8502521E-18  2.3025483E-14  1.6701013E-01  3.5316617E-07  9.455E-12  5.162E-10  1.053E-02  1.000E+00  1.000E+00  8.18E+01  6.40E+01  3.85E-01  0.007050  0.739715  0.0000000E+00  4.0089794727E-01
392  3.697933824705246E+06   56.366069  6.348308  3.834337  2.1483800E-01  7.8494760E-01  2.8492006E-06  8.0129451E-07  2.0389019E-04  3.6417347E-06  4.9575070E-09  2.1076661E-11  5.8135625E-08  4.2525518E-09  4.804E-09  0.0000  3.834337   -3.525  5.037353  9.065151  0.0000000E+00  7.9639496E-12  1.8167728E-02  1.6843200E-14  1.9341906E-14  8.0019148E-01  1.8502521E-18  2.3025483E-14  1.7166415E-01  3.5316617E-07  9.455E-12  5.173E-10  1.083E-02  1.000E+00  1.000E+00  8.19E+01  6.41E+01  3.85E-01  0.007056  0.738817  0.0000000E+00  4.0089773310E-01
393  3.697933863497375E+06   56.366058  6.347043  3.834388  2.1483800E-01  7.8494760E-01  2.8492006E-06  8.0129451E-07  2.0389019E-04  3.6417347E-06  4.9575070E-09  2.1076661E-11  5.8135625E-08  4.2525518E-09  4.804E-09  0.0000  3.834388   -3.532  5.082469  9.075524  0.0000000E+00  5.3272617E-12  1.2111913E-02  1.6843200E-14  1.9341906E-14  7.9650152E-01  1.8502521E-18  2.3025483E-14  1.8088752E-01  3.5316617E-07  9.455E-12  5.200E-10  1.161E-02  1.000E+00  1.000E+00  8.19E+01  6.45E+01  3.86E-01  0.007072  0.736668  0.0000000E+00  4.0089729626E-01
394  3.697933884403644E+06   56.366052  6.346208  3.834421  2.1483800E-01  7.8494760E-01  2.8492006E-06  8.0129451E-07  2.0389019E-04  3.6417347E-06  4.9575070E-09  2.1076661E-11  5.8135625E-08  4.2525518E-09  4.804E-09  0.0000  3.834421   -3.536  5.112574  9.082287  0.0000000E+00  3.9328451E-12  9.0840052E-03  1.6843200E-14  1.9341906E-14  7.9467622E-01  1.8502521E-18  2.3025483E-14  1.8544657E-01  3.5316617E-07  9.455E-12  5.217E-10  1.216E-02  1.000E+00  1.000E+00  8.20E+01  6.47E+01  3.87E-01  0.007082  0.735253  0.0000000E+00  4.0089706358E-01
395  3.697933936649029E+06   56.366037  6.344740  3.834561  2.1483800E-01  7.8494760E-01  2.8492006E-06  8.0129451E-07  2.0389019E-04  3.6417347E-06  4.9575070E-09  2.1076661E-11  5.8135625E-08  4.2525518E-09  4.804E-09  0.0000  3.834561   -3.545  5.221865  9.106460  0.0000000E+00  1.1628191E-12  3.0281900E-03  1.6843200E-14  1.9341906E-14  7.9108544E-01  1.8502521E-18  2.3025483E-14  1.9438643E-01  3.5316617E-07  9.455E-12  5.269E-10  1.438E-02  1.000E+00  1.000E+00  8.21E+01  6.51E+01  3.90E-01  0.007123  0.732772  0.0000000E+00  4.0089649033E-01
396  3.697933998770855E+06   56.366020  6.335878  3.834928  2.1483570E-01  7.8495000E-01  2.8495079E-06  8.0137978E-07  2.0391157E-04  3.6425449E-06  4.9585147E-09  2.1077907E-11  5.8134601E-08  4.2526560E-09  4.804E-09  0.0000  3.834928   -3.590  5.614428  9.200069  0.0000000E+00  6.9934440E-11  3.9639629E-05  1.6843200E-14  1.9341906E-14  8.2237509E-01  1.8502521E-18  2.3025483E-14  1.1865256E-01  3.5316617E-07  9.455E-12  5.474E-10  2.626E-02  1.000E+00  1.000E+00  8.25E+01  6.75E+01  4.01E-01  0.007298  0.717969  0.0000000E+00  4.0089583161E-01
397  3.697934011919608E+06   56.366014  6.409571  3.835300  2.1483570E-01  7.8495000E-01  2.8495079E-06  8.0137978E-07  2.0391157E-04  3.6425449E-06  4.9585147E-09  2.1077907E-11  5.8134601E-08  4.2526560E-09  4.804E-09  0.0000  3.835300   -3.232  6.113786  9.333254  0.0000000E+00  5.3490980E-11  6.3860838E-08  1.6843200E-14  1.9341906E-14  8.0611766E-01  1.8502521E-18  2.3025483E-14  1.6699602E-05  3.5316617E-07  9.455E-12  4.820E-10  5.631E-02  1.000E+00  1.000E+00  7.91E+01  4.61E+01  3.84E-01  0.007277  0.850744  0.0000000E+00  4.0061710621E-01
398  3.697934014055590E+06   56.366013  6.421516  3.834957  2.1483570E-01  7.8495000E-01  2.8495079E-06  8.0137978E-07  2.0391157E-04  3.6425449E-06  4.9585147E-09  2.1077907E-11  5.8134601E-08  4.2526560E-09  4.804E-09  0.0268  3.834957   -3.167  6.039090  9.386762  0.0000000E+00  1.6887380E-09  1.1237271E-06  1.8641209E-14  3.3754588E-14  5.4277400E-01  1.8493669E-18  3.3639354E-14  1.0949770E-05  3.5300892E-07  9.453E-12  4.277E-10  5.264E-02  1.000E+00  1.000E+00  7.84E+01  4.18E+01  3.47E-01  0.006650  0.874468  0.0000000E+00  4.0061705435E-01
399  3.697934016565133E+06   56.366011  6.455647  3.834269  2.1483570E-01  7.8495000E-01  2.8495079E-06  8.0137978E-07  2.0391157E-04  3.6425449E-06  4.9585147E-09  2.1077907E-11  5.8134601E-08  4.2526560E-09  4.804E-09  0.0000  3.834269   -2.978  6.273670  9.475524  0.0000000E+00  1.6399360E-07  3.9178886E-08  1.8646243E-14  3.3794940E-14  5.0727908E-06  1.8493644E-18  3.3669070E-14  1.8528348E-10  3.5300848E-07  9.453E-12  3.460E-10  7.289E-02  1.000E+00  1.000E+00  7.64E+01  2.67E+01  2.96E-01  0.005806  0.945964  0.0000000E+00  4.0013173468E-01
400  3.697934016854022E+06   56.366011  6.384887  3.835042  2.1483570E-01  7.8495000E-01  2.8495079E-06  8.0137978E-07  2.0391157E-04  3.6425449E-06  4.9585147E-09  2.1077907E-11  5.8134601E-08  4.2526560E-09  4.804E-09  0.0000  3.835042   -3.354  6.577373  9.512306  0.0000000E+00  5.7440480E-07  2.8244625E-07  1.8646243E-14  3.3794940E-14  2.4660834E-05  1.8493644E-18  3.3669070E-14  1.4856815E-09  3.5300848E-07  9.453E-12  4.116E-10  1.161E-01  1.000E+00  1.000E+00  7.98E+01  5.35E+01  3.22E-01  0.006063  0.803738  0.0000000E+00  4.0013172541E-01
