line                  time        mass     lg(L)  lg(Teff)        1H_surf       4He_surf       12C_surf       13C_surf       14N_surf       16O_surf       17O_surf       18O_surf      20Ne_surf      22Ne_surf  26Al_surf  Mcc/Mt   lg(Teff)  lg(Md)  lg(rhoc)    lg(Tc)         1H_cen        4He_cen        12C_cen        13C_cen        14N_cen        16O_cen        17O_cen        18O_cen       20Ne_cen       22Ne_cen   26Al_cen  Omeg_surf   Omeg_cen     Rp/Req   Md/Md(0)   v_crit1   v_crit2    v_equa  Om/Om_cr  Gamma_Ed  lg(Mdot_mech)             L_tot
   -                    yr        Msun      Lsun        K      mass frac.     mass frac.     mass frac.     mass frac.     mass frac.     mass frac.     mass frac.     mass frac.     mass frac.     mass frac. mass frac.       -          K   Ms/yr     g/cm3         K     mass frac.     mass frac.     mass frac.     mass frac.     mass frac.     mass frac.     mass frac.     mass frac.     mass frac.     mass frac. mass frac.        s-1        s-1          -          -      km/s      km/s      km/s         -         -        Msun/yr     10^53 g cm2/s

  1  2.093189535743999E+04  119.999963  6.231499  4.844391  7.5157740E-01  2.4837130E-01  1.2915521E-06  4.2971580E-09  1.0216519E-07  6.8211449E-06  3.5136664E-10  2.0005896E-09  9.2048308E-07  2.3543589E-08  2.030E-28  0.8419  4.844391   -8.811  0.769797  7.833714  7.4852510E-01  2.5146550E-01  9.7560855E-08  2.6918208E-08  7.3685486E-06  6.9642311E-08  1.0066507E-10  1.5412149E-13  3.8830683E-07  1.4387961E-08  1.010E-07  0.000E+00  0.000E+00  1.000E+00  1.000E+00  1.31E+03  0.00E+00  0.00E+00  0.000000  0.382362  0.0000000E+00  0.0000000000E+00
  2  6.900974893612610E+04  119.999888  6.234689  4.843979  7.5157740E-01  2.4837130E-01  1.2915519E-06  4.2973839E-09  1.0216520E-07  6.8211449E-06  3.5136666E-10  2.0005896E-09  9.2048308E-07  2.3543589E-08  7.817E-28  0.8355  4.843979   -8.802  0.770662  7.834412  7.3970269E-01  2.6028771E-01  9.7656154E-08  2.6944251E-08  7.3627566E-06  6.9499092E-08  1.0047402E-10  1.5348771E-13  4.2797611E-08  1.5921926E-09  1.265E-07  0.000E+00  0.000E+00  1.000E+00  1.000E+00  1.30E+03  0.00E+00  0.00E+00  0.000000  0.385181  0.0000000E+00  0.0000000000E+00
  3  1.163687902056462E+05  119.999813  6.237825  4.843541  7.5157740E-01  2.4837130E-01  1.2915517E-06  4.2975951E-09  1.0216520E-07  6.8211449E-06  3.5136667E-10  2.0005895E-09  9.2048308E-07  2.3543589E-08  1.269E-27  0.8293  4.843541   -8.794  0.771531  7.835108  7.3088027E-01  2.6911003E-01  9.7773338E-08  2.6976674E-08  7.3569059E-06  6.9297135E-08  1.0017079E-10  1.5267643E-13  4.6351002E-09  1.7523593E-10  6.721E-08  0.000E+00  0.000E+00  1.000E+00  1.000E+00  1.30E+03  0.00E+00  0.00E+00  0.000000  0.387973  0.0000000E+00  0.0000000000E+00
  4  1.630377122399219E+05  119.999736  6.240926  4.843058  7.5157740E-01  2.4837130E-01  1.2915515E-06  4.2977920E-09  1.0216520E-07  6.8211449E-06  3.5136668E-10  2.0005895E-09  9.2048308E-07  2.3543589E-08  1.673E-27  0.8232  4.843058   -8.785  0.772424  7.835804  7.2205786E-01  2.7793234E-01  9.7891594E-08  2.7009126E-08  7.3509689E-06  6.9094516E-08  9.9868059E-11  1.5186762E-13  4.9691341E-10  1.9093072E-11  3.478E-08  0.000E+00  0.000E+00  1.000E+00  1.000E+00  1.30E+03  0.00E+00  0.00E+00  0.000000  0.390753  0.0000000E+00  0.0000000000E+00
  5  2.090523152691535E+05  119.999660  6.243991  4.842506  7.5157740E-01  2.4837130E-01  1.2915513E-06  4.2979753E-09  1.0216520E-07  6.8211449E-06  3.5136669E-10  2.0005895E-09  9.2048308E-07  2.3543589E-08  2.003E-27  0.8176  4.842506   -8.775  0.773344  7.836505  7.1323545E-01  2.8675475E-01  9.8010875E-08  2.7041541E-08  7.3449446E-06  6.8890757E-08  9.9565883E-11  1.5105896E-13  5.2922107E-11  2.0674330E-12  2.158E-08  0.000E+00  0.000E+00  1.000E+00  1.000E+00  1.29E+03  0.00E+00  0.00E+00  0.000000  0.393522  0.0000000E+00  0.0000000000E+00
  6  2.544172011083630E+05  119.999583  6.246996  4.841937  7.5157740E-01  2.4837130E-01  1.2915512E-06  4.2981453E-09  1.0216521E-07  6.8211449E-06  3.5136670E-10  2.0005895E-09  9.2048308E-07  2.3543589E-08  2.268E-27  0.8119  4.841937   -8.766  0.774276  7.837206  7.0441304E-01  2.9557725E-01  9.8129996E-08  2.7073736E-08  7.3388334E-06  6.8686207E-08  9.9266238E-11  1.5025211E-13  5.7897313E-12  2.3069279E-13  1.581E-08  0.000E+00  0.000E+00  1.000E+00  1.000E+00  1.29E+03  0.00E+00  0.00E+00  0.000000  0.396253  0.0000000E+00  0.0000000000E+00
  7  2.991500903081738E+05  119.999506  6.249981  4.841339  7.5157740E-01  2.4837130E-01  1.2915510E-06  4.2983026E-09  1.0216521E-07  6.8211449E-06  3.5136671E-10  2.0005894E-09  9.2048308E-07  2.3543589E-08  2.476E-27  0.8065  4.841339   -8.757  0.775239  7.837910  6.9559062E-01  3.0439958E-01  9.8247379E-08  2.7105803E-08  7.3326349E-06  6.8480425E-08  9.8967090E-11  1.4944168E-13  8.4224427E-13  3.4890464E-14  1.260E-08  0.000E+00  0.000E+00  1.000E+00  1.000E+00  1.28E+03  0.00E+00  0.00E+00  0.000000  0.398987  0.0000000E+00  0.0000000000E+00
  8  3.432847855713511E+05  119.999428  6.252944  4.840716  7.5157740E-01  2.4837130E-01  1.2915509E-06  4.2984480E-09  1.0216521E-07  6.8211449E-06  3.5136672E-10  2.0005894E-09  9.2048308E-07  2.3543589E-08  2.634E-27  0.8013  4.840716   -8.748  0.776232  7.838619  6.8676821E-01  3.1322207E-01  9.8369190E-08  2.7138260E-08  7.3263470E-06  6.8264695E-08  9.8655443E-11  1.4861072E-13  3.2728380E-13  1.4358746E-14  1.038E-08  0.000E+00  0.000E+00  1.000E+00  1.000E+00  1.28E+03  0.00E+00  0.00E+00  0.000000  0.401719  0.0000000E+00  0.0000000000E+00
  9  3.868327711721146E+05  119.999350  6.255843  4.840073  7.5157740E-01  2.4837130E-01  1.2915508E-06  4.2985821E-09  1.0216521E-07  6.8211449E-06  3.5136673E-10  2.0005894E-09  9.2048308E-07  2.3543589E-08  2.749E-27  0.7961  4.840073   -8.739  0.777217  7.839321  6.7794580E-01  3.2204440E-01  9.8706183E-08  2.7233850E-08  7.3198047E-06  6.7862237E-08  9.7840420E-11  1.4707680E-13  2.7330074E-13  1.2494746E-14  8.581E-09  0.000E+00  0.000E+00  1.000E+00  1.000E+00  1.28E+03  0.00E+00  0.00E+00  0.000000  0.404410  0.0000000E+00  0.0000000000E+00
 10  4.298077530269216E+05  119.999270  6.258766  4.839402  7.5157740E-01  2.4837130E-01  1.2915506E-06  4.2987054E-09  1.0216521E-07  6.8211449E-06  3.5136673E-10  2.0005894E-09  9.2048308E-07  2.3543589E-08  2.829E-27  0.7912  4.839402   -8.730  0.778266  7.840038  6.6912338E-01  3.3086682E-01  9.8826160E-08  2.7265976E-08  7.3133088E-06  6.7669243E-08  9.7574127E-11  1.4630954E-13  2.6661829E-13  1.2387510E-14  7.097E-09  0.000E+00  0.000E+00  1.000E+00  1.000E+00  1.27E+03  0.00E+00  0.00E+00  0.000000  0.407141  0.0000000E+00  0.0000000000E+00
 11  4.722269136177825E+05  119.999190  6.261635  4.838682  7.5157740E-01  2.4837130E-01  1.2915505E-06  4.2988187E-09  1.0216522E-07  6.8211449E-06  3.5136674E-10  2.0005894E-09  9.2048308E-07  2.3543589E-08  2.877E-27  0.7863  4.838682   -8.720  0.779353  7.840763  6.6030097E-01  3.3968930E-01  9.8713770E-08  2.7228768E-08  7.3068908E-06  6.7669401E-08  9.7835560E-11  1.4629817E-13  2.6481244E-13  1.2329811E-14  5.840E-09  0.000E+00  0.000E+00  1.000E+00  1.000E+00  1.27E+03  0.00E+00  0.00E+00  0.000000  0.409839  0.0000000E+00  0.0000000000E+00
 12  5.141063118149418E+05  119.999110  6.264483  4.837901  7.5157740E-01  2.4837130E-01  1.2915504E-06  4.2989223E-09  1.0216522E-07  6.8211449E-06  3.5136675E-10  2.0005893E-09  9.2048308E-07  2.3543589E-08  2.900E-27  0.7814  4.837901   -8.711  0.780448  7.841485  6.5147856E-01  3.4851168E-01  9.8838259E-08  2.7261397E-08  7.3002088E-06  6.7457496E-08  9.7538234E-11  1.4549063E-13  2.6342382E-13  1.2468520E-14  4.805E-09  0.000E+00  0.000E+00  1.000E+00  1.000E+00  1.26E+03  0.00E+00  0.00E+00  0.000000  0.412536  0.0000000E+00  0.0000000000E+00
 13  5.554476439888875E+05  119.999028  6.267309  4.837095  7.5157740E-01  2.4837130E-01  1.2915504E-06  4.2990170E-09  1.0216522E-07  6.8211449E-06  3.5136675E-10  2.0005893E-09  9.2048308E-07  2.3543589E-08  2.901E-27  0.7767  4.837095   -8.701  0.781572  7.842212  6.4265614E-01  3.5733407E-01  9.8965001E-08  2.7294296E-08  7.2934229E-06  6.7244274E-08  9.7242490E-11  1.4468253E-13  2.6208370E-13  1.2611803E-14  3.937E-09  0.000E+00  0.000E+00  1.000E+00  1.000E+00  1.26E+03  0.00E+00  0.00E+00  0.000000  0.415229  0.0000000E+00  0.0000000000E+00
 14  5.962711870560939E+05  119.998946  6.270128  4.836265  7.5157740E-01  2.4837130E-01  1.2915503E-06  4.2991032E-09  1.0216522E-07  6.8211449E-06  3.5136676E-10  2.0005893E-09  9.2048308E-07  2.3543589E-08  2.885E-27  0.7720  4.836265   -8.692  0.782728  7.842944  6.3383373E-01  3.6615654E-01  9.9095157E-08  2.7327758E-08  7.2865287E-06  6.7029563E-08  9.6945190E-11  1.4387702E-13  2.6072811E-13  1.2757254E-14  3.216E-09  0.000E+00  0.000E+00  1.000E+00  1.000E+00  1.26E+03  0.00E+00  0.00E+00  0.000000  0.417934  0.0000000E+00  0.0000000000E+00
 15  6.365916517980120E+05  119.998863  6.272903  4.835418  7.5157740E-01  2.4837130E-01  1.2915502E-06  4.2991817E-09  1.0216522E-07  6.8211449E-06  3.5136676E-10  2.0005893E-09  9.2048308E-07  2.3543589E-08  2.854E-27  0.7675  4.835418   -8.682  0.783904  7.843678  6.2501132E-01  3.7497888E-01  9.9227398E-08  2.7361402E-08  7.2795265E-06  6.6813468E-08  9.6647873E-11  1.4307231E-13  2.5937742E-13  1.2905069E-14  2.615E-09  0.000E+00  0.000E+00  1.000E+00  1.000E+00  1.25E+03  0.00E+00  0.00E+00  0.000000  0.420614  0.0000000E+00  0.0000000000E+00
 16  6.764070952363854E+05  119.998779  6.275687  4.834542  7.5157740E-01  2.4837130E-01  1.2915501E-06  4.2992530E-09  1.0216522E-07  6.8211449E-06  3.5136676E-10  2.0005893E-09  9.2048308E-07  2.3543589E-08  2.812E-27  0.7629  4.834542   -8.672  0.785116  7.844419  6.1618891E-01  3.8380129E-01  9.9351297E-08  2.7394219E-08  7.2724265E-06  6.6595216E-08  9.6353349E-11  1.4224724E-13  2.5799216E-13  1.3056611E-14  2.121E-09  0.000E+00  0.000E+00  1.000E+00  1.000E+00  1.25E+03  0.00E+00  0.00E+00  0.000000  0.423319  0.0000000E+00  0.0000000000E+00
 17  7.157401717187347E+05  119.998695  6.278449  4.833637  7.5157740E-01  2.4837130E-01  1.2915501E-06  4.2993175E-09  1.0216522E-07  6.8211449E-06  3.5136677E-10  2.0005893E-09  9.2048308E-07  2.3543589E-08  2.762E-27  0.7585  4.833637   -8.662  0.786372  7.845167  6.0736649E-01  3.9262374E-01  9.9491651E-08  2.7429425E-08  7.2651957E-06  6.6374253E-08  9.6052552E-11  1.4143815E-13  2.5662095E-13  1.3213360E-14  1.710E-09  0.000E+00  0.000E+00  1.000E+00  1.000E+00  1.24E+03  0.00E+00  0.00E+00  0.000000  0.426020  0.0000000E+00  0.0000000000E+00
 18  7.545850704627130E+05  119.998609  6.281180  4.832685  7.5157740E-01  2.4837130E-01  1.2915500E-06  4.2993758E-09  1.0216522E-07  6.8211449E-06  3.5136677E-10  2.0005893E-09  9.2048308E-07  2.3543589E-08  2.705E-27  0.7540  4.832685   -8.653  0.787638  7.845917  5.9854408E-01  4.0144612E-01  9.9597360E-08  2.7456238E-08  7.2578671E-06  6.6178660E-08  9.5815740E-11  1.4070139E-13  2.5539495E-13  1.3346978E-14  1.366E-09  0.000E+00  0.000E+00  1.000E+00  1.000E+00  1.24E+03  0.00E+00  0.00E+00  0.000000  0.428707  0.0000000E+00  0.0000000000E+00
 19  7.929592153179620E+05  119.998523  6.283913  4.831656  7.5157740E-01  2.4837130E-01  1.2915500E-06  4.2994284E-09  1.0216522E-07  6.8211449E-06  3.5136677E-10  2.0005893E-09  9.2048308E-07  2.3543589E-08  2.643E-27  0.7498  4.831656   -8.642  0.788960  7.846677  5.8972167E-01  4.1026853E-01  9.9746063E-08  2.7493090E-08  7.2503927E-06  6.5955819E-08  9.5514097E-11  1.3989290E-13  2.5399780E-13  1.3504797E-14  1.092E-09  0.000E+00  0.000E+00  1.000E+00  1.000E+00  1.23E+03  0.00E+00  0.00E+00  0.000000  0.431413  0.0000000E+00  0.0000000000E+00
 20  8.308722374090930E+05  119.998435  6.286639  4.830602  7.5157740E-01  2.4837130E-01  1.2915499E-06  4.2994756E-09  1.0216523E-07  6.8211449E-06  3.5136678E-10  2.0005893E-09  9.2048308E-07  2.3543589E-08  2.578E-27  0.7453  4.830602   -8.632  0.790275  7.847431  5.8089925E-01  4.1909095E-01  1.0006818E-07  2.7585953E-08  7.2427203E-06  6.5516111E-08  9.4737397E-11  1.3827242E-13  2.5255918E-13  1.3880420E-14  8.736E-10  0.000E+00  0.000E+00  1.000E+00  1.000E+00  1.23E+03  0.00E+00  0.00E+00  0.000000  0.434131  0.0000000E+00  0.0000000000E+00
 21  8.683324087973796E+05  119.998347  6.289317  4.829536  7.5157740E-01  2.4837130E-01  1.2915499E-06  4.2995180E-09  1.0216523E-07  6.8211449E-06  3.5136678E-10  2.0005892E-09  9.2048308E-07  2.3543589E-08  2.510E-27  0.7409  4.829536   -8.622  0.791683  7.848212  5.7207684E-01  4.2791329E-01  9.9994806E-08  2.7556247E-08  7.2351220E-06  6.5528055E-08  9.4974505E-11  1.3831078E-13  2.5131200E-13  1.3810557E-14  6.866E-10  0.000E+00  0.000E+00  1.000E+00  1.000E+00  1.22E+03  0.00E+00  0.00E+00  0.000000  0.436816  0.0000000E+00  0.0000000000E+00
 22  9.053460687299266E+05  119.998257  6.291989  4.828429  7.5157740E-01  2.4837130E-01  1.2915499E-06  4.2995560E-09  1.0216523E-07  6.8211449E-06  3.5136678E-10  2.0005892E-09  9.2048308E-07  2.3543589E-08  2.442E-27  0.7369  4.828429   -8.612  0.793116  7.848991  5.6325443E-01  4.3673574E-01  1.0012837E-07  2.7590840E-08  7.2273050E-06  6.5298037E-08  9.4678816E-11  1.3746076E-13  2.4984673E-13  1.3979507E-14  5.428E-10  0.000E+00  0.000E+00  1.000E+00  1.000E+00  1.22E+03  0.00E+00  0.00E+00  0.000000  0.439512  0.0000000E+00  0.0000000000E+00
 23  9.419090386104734E+05  119.998167  6.294692  4.827289  7.5157740E-01  2.4837130E-01  1.2915498E-06  4.2995899E-09  1.0216523E-07  6.8211449E-06  3.5136678E-10  2.0005892E-09  9.2048308E-07  2.3543589E-08  2.373E-27  0.7326  4.827289   -8.601  0.794592  7.849780  5.5443201E-01  4.4555819E-01  1.0026717E-07  2.7624063E-08  7.2193259E-06  6.5092045E-08  9.4426228E-11  1.3671931E-13  2.4859483E-13  1.4127527E-14  4.233E-10  0.000E+00  0.000E+00  1.000E+00  1.000E+00  1.21E+03  0.00E+00  0.00E+00  0.000000  0.442257  0.0000000E+00  0.0000000000E+00
 24  9.780491832257371E+05  119.998075  6.297338  4.826130  7.5157740E-01  2.4837130E-01  1.2915498E-06  4.2996201E-09  1.0216523E-07  6.8211449E-06  3.5136678E-10  2.0005892E-09  9.2048308E-07  2.3543589E-08  2.304E-27  0.7284  4.826130   -8.591  0.796093  7.850574  5.4560960E-01  4.5438060E-01  1.0040686E-07  2.7660100E-08  7.2112486E-06  6.4859813E-08  9.4130701E-11  1.3586163E-13  2.4717158E-13  1.4299608E-14  3.299E-10  0.000E+00  0.000E+00  1.000E+00  1.000E+00  1.21E+03  0.00E+00  0.00E+00  0.000000  0.444960  0.0000000E+00  0.0000000000E+00
 25  1.013760570890812E+06  119.997982  6.299979  4.824935  7.5157740E-01  2.4837130E-01  1.2915498E-06  4.2996468E-09  1.0216523E-07  6.8211449E-06  3.5136678E-10  2.0005892E-09  9.2048308E-07  2.3543589E-08  2.236E-27  0.7242  4.824935   -8.580  0.797611  7.851367  5.3678719E-01  4.6320301E-01  1.0072388E-07  2.7751535E-08  7.2029061E-06  6.4465010E-08  9.3460826E-11  1.3435709E-13  2.4581177E-13  1.4627784E-14  2.562E-10  0.000E+00  0.000E+00  1.000E+00  1.000E+00  1.20E+03  0.00E+00  0.00E+00  0.000000  0.447675  0.0000000E+00  0.0000000000E+00
 26  1.049051394940299E+06  119.997889  6.302606  4.823635  7.5157740E-01  2.4837130E-01  1.2915498E-06  4.2996702E-09  1.0216523E-07  6.8211449E-06  3.5136678E-10  2.0005892E-09  9.2048308E-07  2.3543589E-08  2.170E-27  0.7200  4.823635   -8.569  0.799210  7.852189  5.2796478E-01  4.7202542E-01  1.0067516E-07  2.7728197E-08  7.1946934E-06  6.4411867E-08  9.3585183E-11  1.3421086E-13  2.4445389E-13  1.4636081E-14  1.967E-10  0.000E+00  0.000E+00  1.000E+00  1.000E+00  1.20E+03  0.00E+00  0.00E+00  0.000000  0.450391  0.0000000E+00  0.0000000000E+00
 27  1.083925061283218E+06  119.997793  6.305210  4.822297  7.5157740E-01  2.4837130E-01  1.2915497E-06  4.2996907E-09  1.0216523E-07  6.8211449E-06  3.5136679E-10  2.0005892E-09  9.2048308E-07  2.3543589E-08  2.105E-27  0.7159  4.822297   -8.558  0.800848  7.853008  5.1914236E-01  4.8084781E-01  1.0082197E-07  2.7765997E-08  7.1862170E-06  6.4173479E-08  9.3288685E-11  1.3333074E-13  2.4301336E-13  1.4817853E-14  1.507E-10  0.000E+00  0.000E+00  1.000E+00  1.000E+00  1.19E+03  0.00E+00  0.00E+00  0.000000  0.453100  0.0000000E+00  0.0000000000E+00
 28  1.118391184920875E+06  119.997697  6.307801  4.820932  7.5157740E-01  2.4837130E-01  1.2915497E-06  4.2997086E-09  1.0216523E-07  6.8211449E-06  3.5136679E-10  2.0005892E-09  9.2048308E-07  2.3543589E-08  2.042E-27  0.7118  4.820932   -8.547  0.802540  7.853840  5.1031995E-01  4.8967016E-01  1.0095457E-07  2.7799101E-08  7.1775971E-06  6.3955408E-08  9.3037087E-11  1.3252487E-13  2.4171426E-13  1.4985738E-14  1.146E-10  0.000E+00  0.000E+00  1.000E+00  1.000E+00  1.19E+03  0.00E+00  0.00E+00  0.000000  0.455811  0.0000000E+00  0.0000000000E+00
 29  1.152447491216206E+06  119.997598  6.310379  4.819534  7.5157740E-01  2.4837130E-01  1.2915497E-06  4.2997243E-09  1.0216523E-07  6.8211449E-06  3.5136679E-10  2.0005892E-09  9.2048308E-07  2.3543589E-08  1.980E-27  0.7076  4.819534   -8.536  0.804266  7.854677  5.0149754E-01  4.9849264E-01  1.0110731E-07  2.7838425E-08  7.1688447E-06  6.3712666E-08  9.2738836E-11  1.3162629E-13  2.4028820E-13  1.5175593E-14  8.661E-11  0.000E+00  0.000E+00  1.000E+00  1.000E+00  1.18E+03  0.00E+00  0.00E+00  0.000000  0.458526  0.0000000E+00  0.0000000000E+00
 30  1.186116505399863E+06  119.997500  6.312937  4.818107  7.5157740E-01  2.4837130E-01  1.2915497E-06  4.2997379E-09  1.0216523E-07  6.8211449E-06  3.5136679E-10  2.0005892E-09  9.2048308E-07  2.3543589E-08  1.921E-27  0.7035  4.818107   -8.525  0.806053  7.855527  4.9267512E-01  5.0731507E-01  1.0126397E-07  2.7878793E-08  7.1599505E-06  6.3467028E-08  9.2439491E-11  1.3071380E-13  2.3881550E-13  1.5370777E-14  6.523E-11  0.000E+00  0.000E+00  1.000E+00  1.000E+00  1.17E+03  0.00E+00  0.00E+00  0.000000  0.461235  0.0000000E+00  0.0000000000E+00
 31  1.219389568030461E+06  119.997399  6.315468  4.816653  7.5157740E-01  2.4837130E-01  1.2915497E-06  4.2997498E-09  1.0216523E-07  6.8211449E-06  3.5136679E-10  2.0005892E-09  9.2048308E-07  2.3543589E-08  1.864E-27  0.6994  4.816653   -8.514  0.807885  7.856386  4.8385271E-01  5.1613749E-01  1.0140050E-07  2.7913330E-08  7.1509155E-06  6.3242649E-08  9.2187460E-11  1.2987153E-13  2.3754190E-13  1.5548102E-14  4.853E-11  0.000E+00  0.000E+00  1.000E+00  1.000E+00  1.17E+03  0.00E+00  0.00E+00  0.000000  0.463931  0.0000000E+00  0.0000000000E+00
 32  1.252267594220050E+06  119.997297  6.318000  4.815169  7.5157740E-01  2.4837130E-01  1.2915497E-06  4.2997602E-09  1.0216523E-07  6.8211449E-06  3.5136679E-10  2.0005892E-09  9.2048308E-07  2.3543589E-08  1.808E-27  0.6953  4.815169   -8.503  0.809772  7.857259  4.7503030E-01  5.2495990E-01  1.0155572E-07  2.7953862E-08  7.1417467E-06  6.2992720E-08  9.1891361E-11  1.2893141E-13  2.3611035E-13  1.5751226E-14  3.592E-11  0.000E+00  0.000E+00  1.000E+00  1.000E+00  1.16E+03  0.00E+00  0.00E+00  0.000000  0.466643  0.0000000E+00  0.0000000000E+00
 33  1.284767608563641E+06  119.997194  6.320516  4.813616  7.5157740E-01  2.4837130E-01  1.2915497E-06  4.2997691E-09  1.0216523E-07  6.8211449E-06  3.5136679E-10  2.0005892E-09  9.2048308E-07  2.3543589E-08  1.756E-27  0.6912  4.813616   -8.492  0.811705  7.858139  4.6620788E-01  5.3378227E-01  1.0171241E-07  2.7994834E-08  7.1324355E-06  6.2738615E-08  9.1593179E-11  1.2797339E-13  2.3461883E-13  1.5964033E-14  2.651E-11  0.000E+00  0.000E+00  1.000E+00  1.000E+00  1.16E+03  0.00E+00  0.00E+00  0.000000  0.469355  0.0000000E+00  0.0000000000E+00
 34  1.316889286319694E+06  119.997089  6.323023  4.811943  7.5157740E-01  2.4837130E-01  1.2915497E-06  4.2997770E-09  1.0216523E-07  6.8211449E-06  3.5136679E-10  2.0005892E-09  9.2048308E-07  2.3543589E-08  1.704E-27  0.6872  4.811943   -8.480  0.813706  7.859035  4.5738547E-01  5.4260473E-01  1.0185789E-07  2.8032010E-08  7.1229638E-06  6.2507928E-08  9.1340739E-11  1.2708970E-13  2.3335264E-13  1.6149766E-14  1.928E-11  0.000E+00  0.000E+00  1.000E+00  1.000E+00  1.15E+03  0.00E+00  0.00E+00  0.000000  0.472073  0.0000000E+00  0.0000000000E+00
 35  1.348647088462300E+06  119.996982  6.325494  4.810235  7.5157740E-01  2.4837130E-01  1.2915497E-06  4.2997838E-09  1.0216523E-07  6.8211449E-06  3.5136679E-10  2.0005892E-09  9.2048308E-07  2.3543589E-08  1.654E-27  0.6831  4.810235   -8.469  0.815754  7.859938  4.4856306E-01  5.5142714E-01  1.0202079E-07  2.8074756E-08  7.1133576E-06  6.2250857E-08  9.1044478E-11  1.2610717E-13  2.3192348E-13  1.6366623E-14  1.395E-11  0.000E+00  0.000E+00  1.000E+00  1.000E+00  1.15E+03  0.00E+00  0.00E+00  0.000000  0.474767  0.0000000E+00  0.0000000000E+00
 36  1.380039486080518E+06  119.996875  6.327968  4.808493  7.5157740E-01  2.4837130E-01  1.2915496E-06  4.2997897E-09  1.0216523E-07  6.8211449E-06  3.5136679E-10  2.0005892E-09  9.2048308E-07  2.3543589E-08  1.607E-27  0.6792  4.808493   -8.457  0.817860  7.860855  4.3974064E-01  5.6024955E-01  1.0218802E-07  2.8118704E-08  7.1035984E-06  6.1990907E-08  9.0748343E-11  1.2510528E-13  2.3044433E-13  1.6587037E-14  1.005E-11  0.000E+00  0.000E+00  1.000E+00  1.000E+00  1.14E+03  0.00E+00  0.00E+00  0.000000  0.477480  0.0000000E+00  0.0000000000E+00
 37  1.411073536739642E+06  119.996765  6.330418  4.806719  7.5157740E-01  2.4837130E-01  1.2915496E-06  4.2997948E-09  1.0216523E-07  6.8211449E-06  3.5136679E-10  2.0005892E-09  9.2048308E-07  2.3543589E-08  1.561E-27  0.6754  4.806719   -8.445  0.819996  7.861776  4.3091823E-01  5.6907187E-01  1.0249235E-07  2.8207081E-08  7.0936448E-06  6.1534279E-08  9.0113067E-11  1.2340485E-13  2.2904227E-13  1.7041867E-14  7.194E-12  0.000E+00  0.000E+00  1.000E+00  1.000E+00  1.13E+03  0.00E+00  0.00E+00  0.000000  0.480182  0.0000000E+00  0.0000000000E+00
 38  1.441750996168364E+06  119.996653  6.332833  4.804921  7.5157740E-01  2.4837130E-01  1.2915496E-06  4.2997993E-09  1.0216523E-07  6.8211449E-06  3.5136679E-10  2.0005892E-09  9.2048308E-07  2.3543589E-08  1.517E-27  0.6711  4.804921   -8.434  0.822257  7.862731  4.2209582E-01  5.7789438E-01  1.0248856E-07  2.8198225E-08  7.0836542E-06  6.1485498E-08  9.0211857E-11  1.2313509E-13  2.2771723E-13  1.7026408E-14  5.073E-12  0.000E+00  0.000E+00  1.000E+00  1.000E+00  1.13E+03  0.00E+00  0.00E+00  0.000000  0.482860  0.0000000E+00  0.0000000000E+00
 39  1.472078119032017E+06  119.996539  6.335268  4.803068  7.5157740E-01  2.4837130E-01  1.2915496E-06  4.2998033E-09  1.0216523E-07  6.8211449E-06  3.5136679E-10  2.0005892E-09  9.2048308E-07  2.3543589E-08  1.475E-27  0.6670  4.803068   -8.422  0.824544  7.863687  4.1327341E-01  5.8671669E-01  1.0265015E-07  2.8241647E-08  7.0734580E-06  6.1217317E-08  8.9924433E-11  1.2208194E-13  2.2626736E-13  1.7264958E-14  3.571E-12  0.000E+00  0.000E+00  1.000E+00  1.000E+00  1.12E+03  0.00E+00  0.00E+00  0.000000  0.485575  0.0000000E+00  0.0000000000E+00
 40  1.502057925028733E+06  119.996424  6.337715  4.801167  7.5157740E-01  2.4837130E-01  1.2915496E-06  4.2998067E-09  1.0216523E-07  6.8211449E-06  3.5136679E-10  2.0005892E-09  9.2048308E-07  2.3543589E-08  1.435E-27  0.6631  4.801167   -8.410  0.826923  7.864665  4.0445099E-01  5.9553913E-01  1.0281526E-07  2.8286022E-08  7.0631061E-06  6.0943680E-08  8.9636740E-11  1.2100545E-13  2.2476795E-13  1.7519997E-14  2.510E-12  0.000E+00  0.000E+00  1.000E+00  1.000E+00  1.11E+03  0.00E+00  0.00E+00  0.000000  0.488319  0.0000000E+00  0.0000000000E+00
 41  1.531695523378844E+06  119.996307  6.340108  4.799209  7.5157740E-01  2.4837130E-01  1.2915496E-06  4.2998098E-09  1.0216523E-07  6.8211449E-06  3.5136679E-10  2.0005892E-09  9.2048308E-07  2.3543589E-08  1.396E-27  0.6593  4.799209   -8.398  0.829330  7.865642  3.9562858E-01  6.0436158E-01  1.0311996E-07  2.8374572E-08  7.0525631E-06  6.0464608E-08  8.9016360E-11  1.1923030E-13  2.2330217E-13  1.8036361E-14  1.760E-12  0.000E+00  0.000E+00  1.000E+00  1.000E+00  1.11E+03  0.00E+00  0.00E+00  0.000000  0.491018  0.0000000E+00  0.0000000000E+00
 42  1.560995500601312E+06  119.996189  6.342441  4.797131  7.5157740E-01  2.4837130E-01  1.2915496E-06  4.2998125E-09  1.0216523E-07  6.8211449E-06  3.5136679E-10  2.0005892E-09  9.2048308E-07  2.3543589E-08  1.358E-27  0.6554  4.797131   -8.386  0.831870  7.866657  3.8680617E-01  6.1318401E-01  1.0317491E-07  2.8380999E-08  7.0418612E-06  6.0416882E-08  8.9091226E-11  1.1885826E-13  2.2205521E-13  1.7998435E-14  1.221E-12  0.000E+00  0.000E+00  1.000E+00  1.000E+00  1.10E+03  0.00E+00  0.00E+00  0.000000  0.493663  0.0000000E+00  0.0000000000E+00
 43  1.589960794645911E+06  119.996068  6.344817  4.794983  7.5157740E-01  2.4837130E-01  1.2915496E-06  4.2998149E-09  1.0216523E-07  6.8211449E-06  3.5136679E-10  2.0005892E-09  9.2048308E-07  2.3543589E-08  1.322E-27  0.6511  4.794983   -8.374  0.834425  7.867676  3.7798375E-01  6.2200641E-01  1.0331220E-07  2.8419477E-08  7.0310808E-06  6.0136810E-08  8.8829972E-11  1.1775530E-13  2.2059853E-13  1.8262608E-14  8.567E-13  0.000E+00  0.000E+00  1.000E+00  1.000E+00  1.09E+03  0.00E+00  0.00E+00  0.000000  0.496372  0.0000000E+00  0.0000000000E+00
 44  1.618602637615191E+06  119.995945  6.347201  4.792752  7.5157740E-01  2.4837130E-01  1.2915496E-06  4.2998171E-09  1.0216523E-07  6.8211449E-06  3.5136679E-10  2.0005892E-09  9.2048308E-07  2.3543589E-08  1.287E-27  0.6472  4.792752   -8.361  0.837109  7.868719  3.6916134E-01  6.3082886E-01  1.0348892E-07  2.8467426E-08  7.0200849E-06  5.9852890E-08  8.8553253E-11  1.1660117E-13  2.1913515E-13  1.8535487E-14  6.080E-13  0.000E+00  0.000E+00  1.000E+00  1.000E+00  1.09E+03  0.00E+00  0.00E+00  0.000000  0.499104  0.0000000E+00  0.0000000000E+00
 45  1.646921193760253E+06  119.995820  6.349526  4.790506  7.5157740E-01  2.4837130E-01  1.2915496E-06  4.2998191E-09  1.0216523E-07  6.8211449E-06  3.5136679E-10  2.0005892E-09  9.2048308E-07  2.3543589E-08  1.254E-27  0.6434  4.790506   -8.349  0.839851  7.869779  3.6033893E-01  6.3965117E-01  1.0369011E-07  2.8521463E-08  7.0088925E-06  5.9564903E-08  8.8267398E-11  1.1539736E-13  2.1764797E-13  1.8822976E-14  4.404E-13  0.000E+00  0.000E+00  1.000E+00  1.000E+00  1.08E+03  0.00E+00  0.00E+00  0.000000  0.501784  0.0000000E+00  0.0000000000E+00
 46  1.674916274461526E+06  119.995692  6.351848  4.788203  7.5157740E-01  2.4837130E-01  1.2915496E-06  4.2998209E-09  1.0216523E-07  6.8211449E-06  3.5136679E-10  2.0005892E-09  9.2048308E-07  2.3543589E-08  1.222E-27  0.6397  4.788203   -8.336  0.842641  7.870845  3.5151652E-01  6.4847358E-01  1.0394823E-07  2.8599108E-08  6.9976183E-06  5.9069883E-08  8.7717167E-11  1.1360667E-13  2.1614208E-13  1.9400688E-14  3.290E-13  0.000E+00  0.000E+00  1.000E+00  1.000E+00  1.07E+03  0.00E+00  0.00E+00  0.000000  0.504475  0.0000000E+00  0.0000000000E+00
 47  1.702588819956539E+06  119.995563  6.354191  4.785835  7.5157740E-01  2.4837130E-01  1.2915496E-06  4.2998226E-09  1.0216523E-07  6.8211449E-06  3.5136679E-10  2.0005892E-09  9.2048308E-07  2.3543589E-08  1.191E-27  0.6353  4.785835   -8.324  0.845594  7.871956  3.4269410E-01  6.5729601E-01  1.0400950E-07  2.8609331E-08  6.9860971E-06  5.9002518E-08  8.7780983E-11  1.1308353E-13  2.1489338E-13  1.9382905E-14  2.520E-13  0.000E+00  0.000E+00  1.000E+00  1.000E+00  1.06E+03  0.00E+00  0.00E+00  0.000000  0.507204  0.0000000E+00  0.0000000000E+00
 48  1.729949043249106E+06  119.995431  6.356496  4.783433  7.5157740E-01  2.4837130E-01  1.2915496E-06  4.2998242E-09  1.0216523E-07  6.8211449E-06  3.5136679E-10  2.0005892E-09  9.2048308E-07  2.3543589E-08  1.161E-27  0.6315  4.783433   -8.311  0.848604  7.873078  3.3387169E-01  6.6611841E-01  1.0422338E-07  2.8667290E-08  6.9743863E-06  5.8704199E-08  8.7507078E-11  1.1179686E-13  2.1343016E-13  1.9691301E-14  2.023E-13  0.000E+00  0.000E+00  1.000E+00  1.000E+00  1.06E+03  0.00E+00  0.00E+00  0.000000  0.509904  0.0000000E+00  0.0000000000E+00
 49  1.756996094306973E+06  119.995298  6.358796  4.780998  7.5157740E-01  2.4837130E-01  1.2915496E-06  4.2998257E-09  1.0216523E-07  6.8211449E-06  3.5136679E-10  2.0005892E-09  9.2048308E-07  2.3543589E-08  1.133E-27  0.6274  4.780998   -8.299  0.851676  7.874220  3.2504928E-01  6.7494082E-01  1.0438076E-07  2.8711624E-08  6.9625850E-06  5.8402304E-08  8.7265773E-11  1.1057073E-13  2.1197069E-13  2.0009803E-14  1.696E-13  0.000E+00  0.000E+00  1.000E+00  1.000E+00  1.05E+03  0.00E+00  0.00E+00  0.000000  0.512613  0.0000000E+00  0.0000000000E+00
 50  1.783734890067995E+06  119.995161  6.361091  4.778383  7.5157740E-01  2.4837130E-01  1.2915496E-06  4.2998272E-09  1.0216523E-07  6.8211449E-06  3.5136679E-10  2.0005892E-09  9.2048308E-07  2.3543589E-08  1.105E-27  0.6235  4.778383   -8.286  0.854890  7.875386  3.1622686E-01  6.8376330E-01  1.0456447E-07  2.8762659E-08  6.9505701E-06  5.8096161E-08  8.7018637E-11  1.0929013E-13  2.1049226E-13  2.0338352E-14  1.479E-13  0.000E+00  0.000E+00  1.000E+00  1.000E+00  1.04E+03  0.00E+00  0.00E+00  0.000000  0.515329  0.0000000E+00  0.0000000000E+00
 51  1.810170801855522E+06  119.995023  6.363337  4.775647  7.5157740E-01  2.4837130E-01  1.2915496E-06  4.2998286E-09  1.0216523E-07  6.8211449E-06  3.5136679E-10  2.0005892E-09  9.2048308E-07  2.3543589E-08  1.079E-27  0.6198  4.775647   -8.274  0.858199  7.876579  3.0740445E-01  6.9258565E-01  1.0478723E-07  2.8823636E-08  6.9383208E-06  5.7785504E-08  8.6762605E-11  1.0792191E-13  2.0902068E-13  2.0679394E-14  1.333E-13  0.000E+00  0.000E+00  1.000E+00  1.000E+00  1.03E+03  0.00E+00  0.00E+00  0.000000  0.518001  0.0000000E+00  0.0000000000E+00
 52  1.836307644826615E+06  119.994881  6.365588  4.772842  7.5157740E-01  2.4837130E-01  1.2915496E-06  4.2998300E-09  1.0216523E-07  6.8211449E-06  3.5136679E-10  2.0005892E-09  9.2048308E-07  2.3543589E-08  1.053E-27  0.6156  4.772842   -8.261  0.861598  7.877794  2.9858204E-01  7.0140814E-01  1.0494237E-07  2.8867999E-08  6.9259858E-06  5.7470976E-08  8.6542374E-11  1.0665198E-13  2.0754440E-13  2.1031666E-14  1.232E-13  0.000E+00  0.000E+00  1.000E+00  1.000E+00  1.03E+03  0.00E+00  0.00E+00  0.000000  0.520694  0.0000000E+00  0.0000000000E+00
 53  1.862149661527500E+06  119.994738  6.367811  4.769965  7.5157740E-01  2.4837130E-01  1.2915496E-06  4.2998314E-09  1.0216523E-07  6.8211449E-06  3.5136679E-10  2.0005892E-09  9.2048308E-07  2.3543589E-08  1.028E-27  0.6118  4.769965   -8.248  0.865146  7.879043  2.8975962E-01  7.1023048E-01  1.0514967E-07  2.8925613E-08  6.9133875E-06  5.7151385E-08  8.6310933E-11  1.0527103E-13  2.0603392E-13  2.1396153E-14  1.159E-13  0.000E+00  0.000E+00  1.000E+00  1.000E+00  1.02E+03  0.00E+00  0.00E+00  0.000000  0.523366  0.0000000E+00  0.0000000000E+00
 54  1.887688353714713E+06  119.994591  6.369997  4.767093  7.5157740E-01  2.4837130E-01  1.2915496E-06  4.2998328E-09  1.0216523E-07  6.8211449E-06  3.5136679E-10  2.0005892E-09  9.2048308E-07  2.3543589E-08  1.005E-27  0.6074  4.767093   -8.236  0.868747  7.880312  2.8093721E-01  7.1905289E-01  1.0538869E-07  2.8991416E-08  6.9005553E-06  5.6827133E-08  8.6077032E-11  1.0380409E-13  2.0454467E-13  2.1775802E-14  1.103E-13  0.000E+00  0.000E+00  1.000E+00  1.000E+00  1.01E+03  0.00E+00  0.00E+00  0.000000  0.526008  0.0000000E+00  0.0000000000E+00
 55  1.912942949947717E+06  119.994442  6.372253  4.764069  7.5157740E-01  2.4837130E-01  1.2915496E-06  4.2998342E-09  1.0216523E-07  6.8211449E-06  3.5136679E-10  2.0005892E-09  9.2048308E-07  2.3543589E-08  9.815E-28  0.6039  4.764069   -8.223  0.872530  7.881624  2.7211480E-01  7.2787530E-01  1.0553129E-07  2.9033306E-08  6.8876643E-06  5.6497271E-08  8.5885910E-11  1.0251749E-13  2.0303780E-13  2.2171646E-14  1.057E-13  0.000E+00  0.000E+00  1.000E+00  1.000E+00  1.00E+03  0.00E+00  0.00E+00  0.000000  0.528748  0.0000000E+00  0.0000000000E+00
 56  1.937913228798765E+06  119.994290  6.374412  4.761036  7.5157740E-01  2.4837130E-01  1.2915496E-06  4.2998356E-09  1.0216523E-07  6.8211449E-06  3.5136679E-10  2.0005892E-09  9.2048308E-07  2.3543589E-08  9.593E-28  0.6001  4.761036   -8.210  0.876417  7.882960  2.6329238E-01  7.3669772E-01  1.0574117E-07  2.9092230E-08  6.8744756E-06  5.6162692E-08  8.5683038E-11  1.0107377E-13  2.0156130E-13  2.2581534E-14  1.017E-13  0.000E+00  0.000E+00  1.000E+00  1.000E+00  9.94E+02  0.00E+00  0.00E+00  0.000000  0.531385  0.0000000E+00  0.0000000000E+00
 57  1.962591158027838E+06  119.994136  6.376629  4.757869  7.5157740E-01  2.4837130E-01  1.2915496E-06  4.2998370E-09  1.0216523E-07  6.8211449E-06  3.5136679E-10  2.0005892E-09  9.2048308E-07  2.3543589E-08  9.380E-28  0.5960  4.757869   -8.197  0.880456  7.884335  2.5446997E-01  7.4552013E-01  1.0595732E-07  2.9153231E-08  6.8610715E-06  5.5821735E-08  8.5488703E-11  9.9599901E-14  2.0004489E-13  2.3010137E-14  9.804E-14  0.000E+00  0.000E+00  1.000E+00  1.000E+00  9.86E+02  0.00E+00  0.00E+00  0.000000  0.534105  0.0000000E+00  0.0000000000E+00
 58  1.987001106852085E+06  119.993978  6.378755  4.754708  7.5157740E-01  2.4837130E-01  1.2915496E-06  4.2998385E-09  1.0216523E-07  6.8211449E-06  3.5136679E-10  2.0005892E-09  9.2048308E-07  2.3543589E-08  9.173E-28  0.5922  4.754708   -8.185  0.884615  7.885744  2.4564756E-01  7.5434254E-01  1.0613788E-07  2.9205298E-08  6.8474977E-06  5.5475556E-08  8.5313774E-11  9.8195238E-14  1.9851248E-13  2.3454175E-14  9.461E-14  0.000E+00  0.000E+00  1.000E+00  1.000E+00  9.77E+02  0.00E+00  0.00E+00  0.000000  0.536726  0.0000000E+00  0.0000000000E+00
 59  2.011122144997252E+06  119.993819  6.380943  4.751272  7.5157740E-01  2.4837130E-01  1.2915496E-06  4.2998399E-09  1.0216523E-07  6.8211449E-06  3.5136679E-10  2.0005892E-09  9.2048308E-07  2.3543589E-08  8.974E-28  0.5880  4.751272   -8.172  0.888978  7.887202  2.3682515E-01  7.6316495E-01  1.0636255E-07  2.9268956E-08  6.8336449E-06  5.5122041E-08  8.5142945E-11  9.6672116E-14  1.9699371E-13  2.3924185E-14  9.137E-14  0.000E+00  0.000E+00  1.000E+00  1.000E+00  9.68E+02  0.00E+00  0.00E+00  0.000000  0.539438  0.0000000E+00  0.0000000000E+00
 60  2.034965781340033E+06  119.993656  6.383055  4.747733  7.5157740E-01  2.4837130E-01  1.2915496E-06  4.2998414E-09  1.0216523E-07  6.8211449E-06  3.5136679E-10  2.0005892E-09  9.2048308E-07  2.3543589E-08  8.782E-28  0.5835  4.747733   -8.159  0.893451  7.888692  2.2800273E-01  7.7198737E-01  1.0665600E-07  2.9350687E-08  6.8194618E-06  5.4762049E-08  8.4975913E-11  9.4958328E-14  1.9544066E-13  2.4412889E-14  8.816E-14  0.000E+00  0.000E+00  1.000E+00  1.000E+00  9.59E+02  0.00E+00  0.00E+00  0.000000  0.542069  0.0000000E+00  0.0000000000E+00
 61  2.058535738080019E+06  119.993489  6.385187  4.744043  7.5157740E-01  2.4837130E-01  1.2915496E-06  4.2998429E-09  1.0216523E-07  6.8211449E-06  3.5136679E-10  2.0005892E-09  9.2048308E-07  2.3543589E-08  8.595E-28  0.5800  4.744043   -8.146  0.898128  7.890228  2.1918032E-01  7.8080976E-01  1.0691657E-07  2.9430806E-08  6.8052760E-06  5.4181780E-08  8.4602496E-11  9.3058789E-14  1.9371769E-13  2.5288726E-14  8.525E-14  0.000E+00  0.000E+00  1.000E+00  1.000E+00  9.50E+02  0.00E+00  0.00E+00  0.000000  0.544737  0.0000000E+00  0.0000000000E+00
 62  2.081831588385348E+06  119.993321  6.387309  4.740323  7.5157740E-01  2.4837130E-01  1.2915496E-06  4.2998444E-09  1.0216523E-07  6.8211449E-06  3.5136679E-10  2.0005892E-09  9.2048308E-07  2.3543589E-08  8.416E-28  0.5765  4.740323   -8.134  0.903008  7.891829  2.1035791E-01  7.8963219E-01  1.0707195E-07  2.9471495E-08  6.7906604E-06  5.3993889E-08  8.4678316E-11  9.1888420E-14  1.9214532E-13  2.5544171E-14  8.183E-14  0.000E+00  0.000E+00  1.000E+00  1.000E+00  9.41E+02  0.00E+00  0.00E+00  0.000000  0.547405  0.0000000E+00  0.0000000000E+00
 63  2.104852962466716E+06  119.993149  6.389398  4.736457  7.5157740E-01  2.4837130E-01  1.2915496E-06  4.2998459E-09  1.0216523E-07  6.8211449E-06  3.5136679E-10  2.0005892E-09  9.2048308E-07  2.3543589E-08  8.243E-28  0.5718  4.736457   -8.121  0.908086  7.893473  2.0153549E-01  7.9845461E-01  1.0734316E-07  2.9548478E-08  6.7757646E-06  5.3616329E-08  8.4571963E-11  9.0201804E-14  1.9061105E-13  2.6067037E-14  7.869E-14  0.000E+00  0.000E+00  1.000E+00  1.000E+00  9.31E+02  0.00E+00  0.00E+00  0.000000  0.550046  0.0000000E+00  0.0000000000E+00
 64  2.127587732635075E+06  119.992974  6.391519  4.732503  7.5157740E-01  2.4837130E-01  1.2915496E-06  4.2998475E-09  1.0216523E-07  6.8211449E-06  3.5136679E-10  2.0005892E-09  9.2048308E-07  2.3543589E-08  8.075E-28  0.5674  4.732503   -8.109  0.913346  7.895176  1.9271308E-01  8.0727702E-01  1.0759502E-07  2.9620838E-08  6.7606394E-06  5.3224344E-08  8.4476639E-11  8.8543535E-14  1.8902184E-13  2.6668475E-14  7.572E-14  0.000E+00  0.000E+00  1.000E+00  1.000E+00  9.22E+02  0.00E+00  0.00E+00  0.000000  0.552739  0.0000000E+00  0.0000000000E+00
 65  2.150057481009101E+06  119.992797  6.393583  4.728462  7.5157740E-01  2.4837130E-01  1.2915496E-06  4.2998490E-09  1.0216523E-07  6.8211449E-06  3.5136679E-10  2.0005892E-09  9.2048308E-07  2.3543589E-08  7.913E-28  0.5637  4.728462   -8.097  0.918862  7.896942  1.8389067E-01  8.1609943E-01  1.0797238E-07  2.9732435E-08  6.7451878E-06  5.2658103E-08  8.4240779E-11  8.6437987E-14  1.8732244E-13  2.7541873E-14  7.282E-14  0.000E+00  0.000E+00  1.000E+00  1.000E+00  9.12E+02  0.00E+00  0.00E+00  0.000000  0.555373  0.0000000E+00  0.0000000000E+00
 66  2.172264347471692E+06  119.992617  6.395690  4.724256  7.5157740E-01  2.4837130E-01  1.2915496E-06  4.2998506E-09  1.0216523E-07  6.8211449E-06  3.5136679E-10  2.0005892E-09  9.2048308E-07  2.3543589E-08  7.757E-28  0.5594  4.724256   -8.085  0.924633  7.898785  1.7506826E-01  8.2492174E-01  1.0812225E-07  2.9773333E-08  6.7295656E-06  5.2339001E-08  8.4247613E-11  8.5013706E-14  1.8552386E-13  2.8207822E-14  6.967E-14  0.000E+00  0.000E+00  1.000E+00  1.000E+00  9.02E+02  0.00E+00  0.00E+00  0.000000  0.558075  0.0000000E+00  0.0000000000E+00
 67  2.194197293237438E+06  119.992434  6.397747  4.720045  7.5157740E-01  2.4837130E-01  1.2915496E-06  4.2998523E-09  1.0216523E-07  6.8211449E-06  3.5136679E-10  2.0005892E-09  9.2048308E-07  2.3543589E-08  7.606E-28  0.5552  4.720045   -8.073  0.930638  7.900697  1.6624584E-01  8.3374416E-01  1.0850086E-07  2.9880319E-08  6.7133210E-06  5.1966327E-08  8.4303533E-11  8.3087344E-14  1.8396835E-13  2.8736876E-14  6.670E-14  0.000E+00  0.000E+00  1.000E+00  1.000E+00  8.93E+02  0.00E+00  0.00E+00  0.000000  0.560724  0.0000000E+00  0.0000000000E+00
 68  2.215895239102359E+06  119.992248  6.399667  4.715802  7.5157740E-01  2.4837130E-01  1.2915496E-06  4.2998539E-09  1.0216523E-07  6.8211449E-06  3.5136679E-10  2.0005892E-09  9.2048308E-07  2.3543589E-08  7.459E-28  0.5516  4.715802   -8.062  0.936963  7.902691  1.5742343E-01  8.4256666E-01  1.0876167E-07  2.9957320E-08  6.6969563E-06  5.1517122E-08  8.4266668E-11  8.1405513E-14  1.8225408E-13  2.9522395E-14  6.383E-14  0.000E+00  0.000E+00  1.000E+00  1.000E+00  8.83E+02  0.00E+00  0.00E+00  0.000000  0.563211  0.0000000E+00  0.0000000000E+00
 69  2.237326718454947E+06  119.992060  6.401777  4.711048  7.5157740E-01  2.4837130E-01  1.2915496E-06  4.2998556E-09  1.0216523E-07  6.8211449E-06  3.5136679E-10  2.0005892E-09  9.2048308E-07  2.3543589E-08  7.318E-28  0.5475  4.711048   -8.050  0.943570  7.904777  1.4860102E-01  8.5138907E-01  1.0913291E-07  3.0067677E-08  6.6802742E-06  5.0892503E-08  8.4087048E-11  7.9259880E-14  1.8013666E-13  3.0730495E-14  6.035E-14  0.000E+00  0.000E+00  1.000E+00  1.000E+00  8.72E+02  0.00E+00  0.00E+00  0.000000  0.565954  0.0000000E+00  0.0000000000E+00
 70  2.258510501487194E+06  119.991869  6.403761  4.706297  7.5157740E-01  2.4837130E-01  1.2915496E-06  4.2998573E-09  1.0216523E-07  6.8211449E-06  3.5136679E-10  2.0005892E-09  9.2048308E-07  2.3543589E-08  7.180E-28  0.5439  4.706297   -8.039  0.950465  7.906979  1.3977860E-01  8.6021140E-01  1.0947612E-07  3.0165977E-08  6.6630761E-06  5.0448291E-08  8.4147286E-11  7.7363485E-14  1.7837570E-13  3.1578425E-14  5.750E-14  0.000E+00  0.000E+00  1.000E+00  1.000E+00  8.62E+02  0.00E+00  0.00E+00  0.000000  0.568547  0.0000000E+00  0.0000000000E+00
 71  2.279452200616556E+06  119.991675  6.405753  4.701401  7.5157740E-01  2.4837130E-01  1.2915496E-06  4.2998590E-09  1.0216523E-07  6.8211449E-06  3.5136679E-10  2.0005892E-09  9.2048308E-07  2.3543589E-08  7.047E-28  0.5397  4.701401   -8.029  0.957914  7.909309  1.3095619E-01  8.6903381E-01  1.0982785E-07  3.0267283E-08  6.6454582E-06  4.9985640E-08  8.4229413E-11  7.5465737E-14  1.7660590E-13  3.2498424E-14  5.469E-14  0.000E+00  0.000E+00  1.000E+00  1.000E+00  8.51E+02  0.00E+00  0.00E+00  0.000000  0.571161  0.0000000E+00  0.0000000000E+00
 72  2.300140396039523E+06  119.991479  6.407777  4.696310  7.5157740E-01  2.4837130E-01  1.2915496E-06  4.2998607E-09  1.0216523E-07  6.8211449E-06  3.5136679E-10  2.0005892E-09  9.2048308E-07  2.3543589E-08  6.919E-28  0.5354  4.696310   -8.018  0.965790  7.911781  1.2213378E-01  8.7785628E-01  1.1020122E-07  3.0374923E-08  6.6273911E-06  4.9503304E-08  8.4342932E-11  7.3522390E-14  1.7481957E-13  3.3494306E-14  5.190E-14  0.000E+00  0.000E+00  1.000E+00  1.000E+00  8.40E+02  0.00E+00  0.00E+00  0.000000  0.573831  0.0000000E+00  0.0000000000E+00
 73  2.320584453821791E+06  119.991280  6.409772  4.691128  7.5157740E-01  2.4837130E-01  1.2915496E-06  4.2998625E-09  1.0216523E-07  6.8211449E-06  3.5136679E-10  2.0005892E-09  9.2048308E-07  2.3543589E-08  6.794E-28  0.5307  4.691128   -8.008  0.974224  7.914420  1.1331136E-01  8.8667864E-01  1.1068569E-07  3.0512483E-08  6.6087329E-06  4.8997959E-08  8.4528934E-11  7.1257347E-14  1.7301239E-13  3.4577611E-14  4.913E-14  0.000E+00  0.000E+00  1.000E+00  1.000E+00  8.29E+02  0.00E+00  0.00E+00  0.000000  0.576474  0.0000000E+00  0.0000000000E+00
 74  2.340786677642337E+06  119.991080  6.411795  4.685674  7.5157740E-01  2.4837130E-01  1.2915496E-06  4.2998643E-09  1.0216523E-07  6.8211449E-06  3.5136679E-10  2.0005892E-09  9.2048308E-07  2.3543589E-08  6.673E-28  0.5268  4.685674   -7.999  0.983435  7.917269  1.0448895E-01  8.9550106E-01  1.1109858E-07  3.0632466E-08  6.5897342E-06  4.8466650E-08  8.4719354E-11  6.9273399E-14  1.7119942E-13  3.5766192E-14  4.635E-14  0.000E+00  0.000E+00  1.000E+00  1.000E+00  8.18E+02  0.00E+00  0.00E+00  0.000000  0.579166  0.0000000E+00  0.0000000000E+00
 75  2.360733469975363E+06  119.990878  6.413818  4.680254  7.5157740E-01  2.4837130E-01  1.2915496E-06  4.2998661E-09  1.0216523E-07  6.8211449E-06  3.5136679E-10  2.0005892E-09  9.2048308E-07  2.3543589E-08  6.557E-28  0.5212  4.680254   -7.990  0.993265  7.920332  9.5666538E-02  9.0432348E-01  1.1172750E-07  3.0810531E-08  6.5699720E-06  4.7905119E-08  8.5047975E-11  6.6675001E-14  1.6938216E-13  3.7077070E-14  4.359E-14  0.000E+00  0.000E+00  1.000E+00  1.000E+00  8.07E+02  0.00E+00  0.00E+00  0.000000  0.581872  0.0000000E+00  0.0000000000E+00
 76  2.380391551701145E+06  119.990675  6.415820  4.674597  7.5157740E-01  2.4837130E-01  1.2915496E-06  4.2998679E-09  1.0216523E-07  6.8211449E-06  3.5136679E-10  2.0005892E-09  9.2048308E-07  2.3543589E-08  6.444E-28  0.5166  4.674597   -7.981  1.004111  7.923683  8.6844125E-02  9.1314584E-01  1.1229375E-07  3.0973394E-08  6.5498993E-06  4.7309325E-08  8.5398320E-11  6.4342873E-14  1.6759068E-13  3.8539551E-14  4.083E-14  0.000E+00  0.000E+00  1.000E+00  1.000E+00  7.96E+02  0.00E+00  0.00E+00  0.000000  0.584561  0.0000000E+00  0.0000000000E+00
 77  2.399799627521536E+06  119.990470  6.417798  4.668897  7.5157740E-01  2.4837130E-01  1.2915496E-06  4.2998697E-09  1.0216523E-07  6.8211449E-06  3.5136679E-10  2.0005892E-09  9.2048308E-07  2.3543589E-08  6.334E-28  0.5115  4.668897   -7.973  1.015994  7.927364  7.8021712E-02  9.2196829E-01  1.1302993E-07  3.1182917E-08  6.5291198E-06  4.6672302E-08  8.5900601E-11  6.1593450E-14  1.6578815E-13  4.0176415E-14  3.803E-14  0.000E+00  0.000E+00  1.000E+00  1.000E+00  7.84E+02  0.00E+00  0.00E+00  0.000000  0.587229  0.0000000E+00  0.0000000000E+00
 78  2.418947541514304E+06  119.990264  6.419878  4.662763  7.5157740E-01  2.4837130E-01  1.2915496E-06  4.2998715E-09  1.0216523E-07  6.8211449E-06  3.5136679E-10  2.0005892E-09  9.2048308E-07  2.3543589E-08  6.229E-28  0.5053  4.662763   -7.966  1.029202  7.931448  6.9199299E-02  9.3079070E-01  1.1388819E-07  3.1426948E-08  6.5076999E-06  4.5985685E-08  8.6555558E-11  5.8607228E-14  1.6400799E-13  4.2034941E-14  3.521E-14  0.000E+00  0.000E+00  1.000E+00  1.000E+00  7.72E+02  0.00E+00  0.00E+00  0.000000  0.590051  0.0000000E+00  0.0000000000E+00
 79  2.437821806841640E+06  119.990059  6.421933  4.656285  7.5157740E-01  2.4837130E-01  1.2915496E-06  4.2998734E-09  1.0216523E-07  6.8211449E-06  3.5136679E-10  2.0005892E-09  9.2048308E-07  2.3543589E-08  6.126E-28  0.5002  4.656285   -7.960  1.044121  7.936058  6.0376886E-02  9.3961313E-01  1.1488611E-07  3.1710800E-08  6.4856307E-06  4.5237440E-08  8.7405419E-11  5.5391389E-14  1.6229035E-13  4.4184145E-14  3.234E-14  0.000E+00  0.000E+00  1.000E+00  1.000E+00  7.60E+02  0.00E+00  0.00E+00  0.000000  0.592850  0.0000000E+00  0.0000000000E+00
 80  2.456421473556303E+06  119.989853  6.424053  4.649619  7.5157740E-01  2.4837130E-01  1.2915496E-06  4.2998752E-09  1.0216523E-07  6.8211449E-06  3.5136679E-10  2.0005892E-09  9.2048308E-07  2.3543589E-08  6.026E-28  0.4939  4.649619   -7.954  1.061152  7.941348  5.1554473E-02  9.4843549E-01  1.1593385E-07  3.2011144E-08  6.4630331E-06  4.4411768E-08  8.8422110E-11  5.2265178E-14  1.6060079E-13  4.6691032E-14  2.940E-14  0.000E+00  0.000E+00  1.000E+00  1.000E+00  7.47E+02  0.00E+00  0.00E+00  0.000000  0.595752  0.0000000E+00  0.0000000000E+00
 81  2.474757709317967E+06  119.989648  6.425966  4.643530  7.5157740E-01  2.4837130E-01  1.2915496E-06  4.2998770E-09  1.0216523E-07  6.8211449E-06  3.5136679E-10  2.0005892E-09  9.2048308E-07  2.3543589E-08  5.931E-28  0.4881  4.643530   -7.949  1.081002  7.947538  4.2732060E-02  9.5725793E-01  1.1746728E-07  3.2450792E-08  6.4394500E-06  4.3294291E-08  8.9758554E-11  4.8124285E-14  1.5873655E-13  5.0302528E-14  2.579E-14  0.000E+00  0.000E+00  1.000E+00  1.000E+00  7.36E+02  0.00E+00  0.00E+00  0.000000  0.598384  0.0000000E+00  0.0000000000E+00
 82  2.492838005283220E+06  119.989444  6.428059  4.637147  7.5157740E-01  2.4837130E-01  1.2915496E-06  4.2998788E-09  1.0216523E-07  6.8211449E-06  3.5136679E-10  2.0005892E-09  9.2048308E-07  2.3543589E-08  5.837E-28  0.4814  4.637147   -7.945  1.104991  7.955067  3.3909647E-02  9.6608030E-01  1.1928803E-07  3.2969050E-08  6.4148296E-06  4.2218730E-08  9.1867669E-11  4.3710461E-14  1.5737933E-13  5.4093453E-14  2.263E-14  0.000E+00  0.000E+00  1.000E+00  1.000E+00  7.25E+02  0.00E+00  0.00E+00  0.000000  0.601275  0.0000000E+00  0.0000000000E+00
 83  2.510675979051820E+06  119.989241  6.430386  4.630512  7.5157740E-01  2.4837130E-01  1.2915496E-06  4.2998806E-09  1.0216523E-07  6.8211449E-06  3.5136679E-10  2.0005892E-09  9.2048308E-07  2.3543589E-08  5.746E-28  0.4746  4.630512   -7.942  1.135787  7.964783  2.5087234E-02  9.7490272E-01  1.2181112E-07  3.3686458E-08  6.3888011E-06  4.0910776E-08  9.5128438E-11  3.8276227E-14  1.5653287E-13  5.9079117E-14  1.923E-14  0.000E+00  0.000E+00  1.000E+00  1.000E+00  7.13E+02  0.00E+00  0.00E+00  0.000000  0.604505  0.0000000E+00  0.0000000000E+00
 84  2.528386120544095E+06  119.989037  6.432849  4.624946  7.5157740E-01  2.4837130E-01  1.2915496E-06  4.2998824E-09  1.0216523E-07  6.8211449E-06  3.5136679E-10  2.0005892E-09  9.2048308E-07  2.3543589E-08  5.658E-28  0.4678  4.624946   -7.938  1.179535  7.978727  1.6264821E-02  9.8372514E-01  1.2543088E-07  3.4719083E-08  6.3611343E-06  3.9179089E-08  1.0053811E-10  3.1720844E-14  1.5725964E-13  6.6120416E-14  1.542E-14  0.000E+00  0.000E+00  1.000E+00  1.000E+00  7.03E+02  0.00E+00  0.00E+00  0.000000  0.607945  0.0000000E+00  0.0000000000E+00
 85  2.546309039118624E+06  119.988830  6.435947  4.621908  7.5157740E-01  2.4837130E-01  1.2915496E-06  4.2998843E-09  1.0216523E-07  6.8211449E-06  3.5136679E-10  2.0005892E-09  9.2048308E-07  2.3543589E-08  5.570E-28  0.4633  4.621908   -7.933  1.256833  8.003661  7.4424080E-03  9.9254750E-01  1.3269262E-07  3.6817020E-08  6.3297695E-06  3.5815009E-08  1.1271170E-10  2.2422494E-14  1.6353567E-13  7.8323743E-14  1.015E-14  0.000E+00  0.000E+00  1.000E+00  1.000E+00  6.97E+02  0.00E+00  0.00E+00  0.000000  0.612299  0.0000000E+00  0.0000000000E+00
 86  2.546912444304545E+06  119.988823  6.436082  4.621914  7.5157740E-01  2.4837130E-01  1.2915496E-06  4.2998843E-09  1.0216523E-07  6.8211449E-06  3.5136679E-10  2.0005892E-09  9.2048308E-07  2.3543589E-08  5.567E-28  0.4627  4.621914   -7.933  1.260749  8.004935  7.1447118E-03  9.9284523E-01  1.3310262E-07  3.6933385E-08  6.3286572E-06  3.5504113E-08  1.1316541E-10  2.1713568E-14  1.6398727E-13  7.9441269E-14  9.524E-15  0.000E+00  0.000E+00  1.000E+00  1.000E+00  6.96E+02  0.00E+00  0.00E+00  0.000000  0.612489  0.0000000E+00  0.0000000000E+00
 87  2.547518008667486E+06  119.988816  6.436224  4.621940  7.5157740E-01  2.4837130E-01  1.2915496E-06  4.2998844E-09  1.0216523E-07  6.8211449E-06  3.5136679E-10  2.0005892E-09  9.2048308E-07  2.3543589E-08  5.564E-28  0.4628  4.621940   -7.932  1.264892  8.006280  6.8470156E-03  9.9314295E-01  1.3344886E-07  3.7033367E-08  6.3275163E-06  3.5337630E-08  1.1381910E-10  2.1354496E-14  1.6453152E-13  8.0362987E-14  9.108E-15  0.000E+00  0.000E+00  1.000E+00  1.000E+00  6.96E+02  0.00E+00  0.00E+00  0.000000  0.612689  0.0000000E+00  0.0000000000E+00
 88  2.548123335812292E+06  119.988808  6.436365  4.621994  7.5157740E-01  2.4837130E-01  1.2915496E-06  4.2998844E-09  1.0216523E-07  6.8211449E-06  3.5136679E-10  2.0005892E-09  9.2048308E-07  2.3543589E-08  5.561E-28  0.4624  4.621994   -7.932  1.269179  8.007674  6.5493194E-03  9.9344064E-01  1.3397963E-07  3.7189003E-08  6.3261428E-06  3.5130365E-08  1.1477864E-10  2.0939664E-14  1.6517756E-13  8.1213206E-14  8.763E-15  0.000E+00  0.000E+00  1.000E+00  1.000E+00  6.97E+02  0.00E+00  0.00E+00  0.000000  0.612888  0.0000000E+00  0.0000000000E+00
 89  2.548724380022597E+06  119.988801  6.436504  4.622067  7.5157740E-01  2.4837130E-01  1.2915496E-06  4.2998845E-09  1.0216523E-07  6.8211449E-06  3.5136679E-10  2.0005892E-09  9.2048308E-07  2.3543589E-08  5.558E-28  0.4622  4.622067   -7.932  1.273621  8.009119  6.2516231E-03  9.9373836E-01  1.3457401E-07  3.7366982E-08  6.3248329E-06  3.4738607E-08  1.1552114E-10  2.0557661E-14  1.6592262E-13  8.2228903E-14  8.248E-15  0.000E+00  0.000E+00  1.000E+00  1.000E+00  6.97E+02  0.00E+00  0.00E+00  0.000000  0.613085  0.0000000E+00  0.0000000000E+00
 90  2.549327266371510E+06  119.988794  6.436649  4.622166  7.5157740E-01  2.4837130E-01  1.2915496E-06  4.2998846E-09  1.0216523E-07  6.8211449E-06  3.5136679E-10  2.0005892E-09  9.2048308E-07  2.3543589E-08  5.555E-28  0.4621  4.622166   -7.931  1.278334  8.010654  5.9539269E-03  9.9403602E-01  1.3500235E-07  3.7490199E-08  6.3235948E-06  3.4558912E-08  1.1636745E-10  2.0125393E-14  1.6673106E-13  8.3103308E-14  7.931E-15  0.000E+00  0.000E+00  1.000E+00  1.000E+00  6.97E+02  0.00E+00  0.00E+00  0.000000  0.613288  0.0000000E+00  0.0000000000E+00
 91  2.549931454403149E+06  119.988787  6.436797  4.622271  7.5157740E-01  2.4837130E-01  1.2915496E-06  4.2998846E-09  1.0216523E-07  6.8211449E-06  3.5136679E-10  2.0005892E-09  9.2048308E-07  2.3543589E-08  5.552E-28  0.4621  4.622271   -7.931  1.283265  8.012258  5.6562307E-03  9.9433372E-01  1.3557340E-07  3.7658795E-08  6.3221788E-06  3.4340264E-08  1.1746175E-10  1.9800898E-14  1.6763560E-13  8.3933273E-14  7.656E-15  0.000E+00  0.000E+00  1.000E+00  1.000E+00  6.97E+02  0.00E+00  0.00E+00  0.000000  0.613497  0.0000000E+00  0.0000000000E+00
 92  2.550535295270248E+06  119.988781  6.436953  4.622411  7.5157740E-01  2.4837130E-01  1.2915496E-06  4.2998847E-09  1.0216523E-07  6.8211449E-06  3.5136679E-10  2.0005892E-09  9.2048308E-07  2.3543589E-08  5.549E-28  0.4621  4.622411   -7.931  1.288457  8.013949  5.3585345E-03  9.9463139E-01  1.3609221E-07  3.7809516E-08  6.3208722E-06  3.4087986E-08  1.1838762E-10  1.9340158E-14  1.6863267E-13  8.4795826E-14  7.348E-15  0.000E+00  0.000E+00  1.000E+00  1.000E+00  6.97E+02  0.00E+00  0.00E+00  0.000000  0.613718  0.0000000E+00  0.0000000000E+00
 93  2.551145491986054E+06  119.988773  6.437113  4.622565  7.5157740E-01  2.4837130E-01  1.2915496E-06  4.2998848E-09  1.0216523E-07  6.8211449E-06  3.5136679E-10  2.0005892E-09  9.2048308E-07  2.3543589E-08  5.546E-28  0.4627  4.622565   -7.930  1.293997  8.015752  5.0608383E-03  9.9492915E-01  1.3657335E-07  3.7948907E-08  6.3195613E-06  3.3909993E-08  1.1943450E-10  1.8984302E-14  1.6971272E-13  8.5605923E-14  7.124E-15  0.000E+00  0.000E+00  1.000E+00  1.000E+00  6.97E+02  0.00E+00  0.00E+00  0.000000  0.613945  0.0000000E+00  0.0000000000E+00
 94  2.551758047451766E+06  119.988766  6.437284  4.622754  7.5157740E-01  2.4837130E-01  1.2915496E-06  4.2998848E-09  1.0216523E-07  6.8211449E-06  3.5136679E-10  2.0005892E-09  9.2048308E-07  2.3543589E-08  5.544E-28  0.4628  4.622754   -7.930  1.299841  8.017658  4.7631421E-03  9.9522680E-01  1.3713513E-07  3.8110240E-08  6.3181337E-06  3.3729043E-08  1.2066592E-10  1.8489883E-14  1.7087977E-13  8.6399810E-14  6.929E-15  0.000E+00  0.000E+00  1.000E+00  1.000E+00  6.97E+02  0.00E+00  0.00E+00  0.000000  0.614187  0.0000000E+00  0.0000000000E+00
 95  2.552369804307288E+06  119.988759  6.437459  4.622960  7.5157740E-01  2.4837130E-01  1.2915496E-06  4.2998849E-09  1.0216523E-07  6.8211449E-06  3.5136679E-10  2.0005892E-09  9.2048308E-07  2.3543589E-08  5.541E-28  0.4628  4.622960   -7.929  1.306014  8.019670  4.4654458E-03  9.9552447E-01  1.3773074E-07  3.8281422E-08  6.3166669E-06  3.3542290E-08  1.2199077E-10  1.7993051E-14  1.7215016E-13  8.7198502E-14  6.744E-15  0.000E+00  0.000E+00  1.000E+00  1.000E+00  6.98E+02  0.00E+00  0.00E+00  0.000000  0.614434  0.0000000E+00  0.0000000000E+00
 96  2.552984474921558E+06  119.988752  6.437646  4.623203  7.5157740E-01  2.4837130E-01  1.2915496E-06  4.2998850E-09  1.0216523E-07  6.8211449E-06  3.5136679E-10  2.0005892E-09  9.2048308E-07  2.3543589E-08  5.538E-28  0.4629  4.623203   -7.929  1.312617  8.021823  4.1677496E-03  9.9582223E-01  1.3837332E-07  3.8466132E-08  6.3151449E-06  3.3347111E-08  1.2343986E-10  1.7479672E-14  1.7354018E-13  8.8012589E-14  6.558E-15  0.000E+00  0.000E+00  1.000E+00  1.000E+00  6.98E+02  0.00E+00  0.00E+00  0.000000  0.614699  0.0000000E+00  0.0000000000E+00
 97  2.553602626077709E+06  119.988745  6.437843  4.623481  7.5157740E-01  2.4837130E-01  1.2915496E-06  4.2998850E-09  1.0216523E-07  6.8211449E-06  3.5136679E-10  2.0005892E-09  9.2048308E-07  2.3543589E-08  5.535E-28  0.4634  4.623481   -7.928  1.319706  8.024135  3.8700534E-03  9.9611987E-01  1.3902001E-07  3.8653609E-08  6.3136316E-06  3.3142197E-08  1.2493159E-10  1.7083007E-14  1.7506882E-13  8.8851985E-14  6.370E-15  0.000E+00  0.000E+00  1.000E+00  1.000E+00  6.98E+02  0.00E+00  0.00E+00  0.000000  0.614979  0.0000000E+00  0.0000000000E+00
 98  2.554227205213611E+06  119.988737  6.438055  4.623807  7.5157740E-01  2.4837130E-01  1.2915496E-06  4.2998851E-09  1.0216523E-07  6.8211449E-06  3.5136679E-10  2.0005892E-09  9.2048308E-07  2.3543589E-08  5.532E-28  0.4636  4.623807   -7.928  1.327332  8.026624  3.5723572E-03  9.9641758E-01  1.3976205E-07  3.8867413E-08  6.3119963E-06  3.2926591E-08  1.2665454E-10  1.6565736E-14  1.7676198E-13  8.9723240E-14  6.178E-15  0.000E+00  0.000E+00  1.000E+00  1.000E+00  6.99E+02  0.00E+00  0.00E+00  0.000000  0.615278  0.0000000E+00  0.0000000000E+00
 99  2.554855764886860E+06  119.988730  6.438280  4.624184  7.5157740E-01  2.4837130E-01  1.2915496E-06  4.2998852E-09  1.0216523E-07  6.8211449E-06  3.5136679E-10  2.0005892E-09  9.2048308E-07  2.3543589E-08  5.528E-28  0.4637  4.624184   -7.927  1.335587  8.029320  3.2746610E-03  9.9671525E-01  1.4057810E-07  3.9102488E-08  6.3102719E-06  3.2698640E-08  1.2857369E-10  1.6018443E-14  1.7864370E-13  9.0635178E-14  5.979E-15  0.000E+00  0.000E+00  1.000E+00  1.000E+00  6.99E+02  0.00E+00  0.00E+00  0.000000  0.615597  0.0000000E+00  0.0000000000E+00
100  2.555497024467312E+06  119.988722  6.438516  4.624621  7.5157740E-01  2.4837130E-01  1.2915496E-06  4.2998852E-09  1.0216523E-07  6.8211449E-06  3.5136679E-10  2.0005892E-09  9.2048308E-07  2.3543589E-08  5.525E-28  0.4640  4.624621   -7.926  1.344602  8.032265  2.9769648E-03  9.9701297E-01  1.4146840E-07  3.9359354E-08  6.3084593E-06  3.2457255E-08  1.3070381E-10  1.5475007E-14  1.8076483E-13  9.1592495E-14  5.774E-15  0.000E+00  0.000E+00  1.000E+00  1.000E+00  7.00E+02  0.00E+00  0.00E+00  0.000000  0.615933  0.0000000E+00  0.0000000000E+00
101  2.556149319508385E+06  119.988714  6.438772  4.625122  7.5157740E-01  2.4837130E-01  1.2915496E-06  4.2998853E-09  1.0216523E-07  6.8211449E-06  3.5136679E-10  2.0005892E-09  9.2048308E-07  2.3543589E-08  5.522E-28  0.4637  4.625122   -7.925  1.354472  8.035491  2.6792685E-03  9.9731069E-01  1.4252744E-07  3.9662745E-08  6.3064263E-06  3.2198667E-08  1.3325358E-10  1.4725677E-14  1.8316884E-13  9.2607785E-14  5.562E-15  0.000E+00  0.000E+00  1.000E+00  1.000E+00  7.01E+02  0.00E+00  0.00E+00  0.000000  0.616296  0.0000000E+00  0.0000000000E+00
102  2.556802699025166E+06  119.988706  6.439046  4.625717  7.5157740E-01  2.4837130E-01  1.2915496E-06  4.2998854E-09  1.0216523E-07  6.8211449E-06  3.5136679E-10  2.0005892E-09  9.2048308E-07  2.3543589E-08  5.519E-28  0.4645  4.625717   -7.924  1.365477  8.039087  2.3815723E-03  9.9760835E-01  1.4359341E-07  3.9972078E-08  6.3044086E-06  3.1922523E-08  1.3589819E-10  1.4253404E-14  1.8588520E-13  9.3687013E-14  5.341E-15  0.000E+00  0.000E+00  1.000E+00  1.000E+00  7.02E+02  0.00E+00  0.00E+00  0.000000  0.616683  0.0000000E+00  0.0000000000E+00
103  2.557467163860866E+06  119.988699  6.439348  4.626421  7.5157740E-01  2.4837130E-01  1.2915496E-06  4.2998854E-09  1.0216523E-07  6.8211449E-06  3.5136679E-10  2.0005892E-09  9.2048308E-07  2.3543589E-08  5.516E-28  0.4650  4.626421   -7.923  1.377813  8.043121  2.0838761E-03  9.9790608E-01  1.4488952E-07  4.0345588E-08  6.3020893E-06  3.1623589E-08  1.3914284E-10  1.3555499E-14  1.8901823E-13  9.4836173E-14  5.111E-15  0.000E+00  0.000E+00  1.000E+00  1.000E+00  7.03E+02  0.00E+00  0.00E+00  0.000000  0.617113  0.0000000E+00  0.0000000000E+00
104  2.558137580768857E+06  119.988690  6.439683  4.627277  7.5157740E-01  2.4837130E-01  1.2915496E-06  4.2998855E-09  1.0216523E-07  6.8211449E-06  3.5136679E-10  2.0005892E-09  9.2048308E-07  2.3543589E-08  5.513E-28  0.4647  4.627277   -7.922  1.391923  8.047732  1.7861799E-03  9.9820381E-01  1.4639378E-07  4.0779215E-08  6.2995120E-06  3.1297119E-08  1.4297888E-10  1.2798025E-14  1.9265146E-13  9.6065153E-14  4.867E-15  0.000E+00  0.000E+00  1.000E+00  1.000E+00  7.04E+02  0.00E+00  0.00E+00  0.000000  0.617589  0.0000000E+00  0.0000000000E+00
105  2.558864749653937E+06  119.988682  6.440076  4.628317  7.5157740E-01  2.4837130E-01  1.2915496E-06  4.2998856E-09  1.0216523E-07  6.8211449E-06  3.5136679E-10  2.0005892E-09  9.2048308E-07  2.3543589E-08  5.509E-28  0.4647  4.628317   -7.921  1.408700  8.053224  1.4884837E-03  9.9850150E-01  1.4819158E-07  4.1298048E-08  6.2965585E-06  3.0932012E-08  1.4767049E-10  1.1976001E-14  1.9713379E-13  9.7401600E-14  4.609E-15  0.000E+00  0.000E+00  1.000E+00  1.000E+00  7.05E+02  0.00E+00  0.00E+00  0.000000  0.618148  0.0000000E+00  0.0000000000E+00
106  2.559577599593763E+06  119.988673  6.440525  4.629550  7.5157740E-01  2.4837130E-01  1.2915496E-06  4.2998857E-09  1.0216523E-07  6.8211449E-06  3.5136679E-10  2.0005892E-09  9.2048308E-07  2.3543589E-08  5.506E-28  0.4647  4.629550   -7.920  1.428777  8.059790  1.1907875E-03  9.9879918E-01  1.5038678E-07  4.1931793E-08  6.2930889E-06  3.0518657E-08  1.5351126E-10  1.1021773E-14  2.0232290E-13  9.8815524E-14  4.325E-15  0.000E+00  0.000E+00  1.000E+00  1.000E+00  7.07E+02  0.00E+00  0.00E+00  0.000000  0.618788  0.0000000E+00  0.0000000000E+00
107  2.560329749797066E+06  119.988664  6.441096  4.631205  7.5157740E-01  2.4837130E-01  1.2915496E-06  4.2998857E-09  1.0216523E-07  6.8211449E-06  3.5136679E-10  2.0005892E-09  9.2048308E-07  2.3543589E-08  5.502E-28  0.4649  4.631205   -7.918  1.454586  8.068230  8.9309125E-04  9.9909682E-01  1.5321659E-07  4.2750040E-08  6.2887884E-06  3.0031996E-08  1.6125461E-10  9.9109470E-15  2.0883507E-13  1.0029978E-13  4.005E-15  0.000E+00  0.000E+00  1.000E+00  1.000E+00  7.10E+02  0.00E+00  0.00E+00  0.000000  0.619602  0.0000000E+00  0.0000000000E+00
108  2.561118023454963E+06  119.988655  6.441826  4.633560  7.5157740E-01  2.4837130E-01  1.2915496E-06  4.2998858E-09  1.0216523E-07  6.8211449E-06  3.5136679E-10  2.0005892E-09  9.2048308E-07  2.3543589E-08  5.498E-28  0.4633  4.633560   -7.916  1.489219  8.079555  5.9539504E-04  9.9939457E-01  1.5950920E-07  4.4619411E-08  6.2799118E-06  2.8918008E-08  1.7830597E-10  9.1015439E-15  2.1850957E-13  1.0129046E-13  3.317E-15  0.000E+00  0.000E+00  1.000E+00  1.000E+00  7.13E+02  0.00E+00  0.00E+00  0.000000  0.620644  0.0000000E+00  0.0000000000E+00
109  2.561977919252068E+06  119.988644  6.442939  4.637634  7.5157740E-01  2.4837130E-01  1.2915496E-06  4.2998859E-09  1.0216523E-07  6.8211449E-06  3.5136679E-10  2.0005892E-09  9.2048308E-07  2.3543589E-08  5.494E-28  0.4623  4.637634   -7.913  1.545486  8.097943  2.9769882E-04  9.9969224E-01  1.6801912E-07  4.7131797E-08  6.2677921E-06  2.7834105E-08  2.0303840E-10  7.6720976E-15  2.3370403E-13  1.0155897E-13  2.643E-15  0.000E+00  0.000E+00  1.000E+00  1.000E+00  7.19E+02  0.00E+00  0.00E+00  0.000000  0.622237  0.0000000E+00  0.0000000000E+00
110  2.564975764703787E+06  119.988607  6.450962  4.670373  7.5157740E-01  2.4837130E-01  1.2915496E-06  4.2998862E-09  1.0216523E-07  6.8211449E-06  3.5136679E-10  2.0005892E-09  9.2048308E-07  2.3543589E-08  5.480E-28  0.3877  4.670373   -7.902  2.031571  8.255199  2.6063760E-09  9.9999000E-01  2.3822183E-07  6.7444534E-08  6.1643255E-06  2.7089413E-08  4.0407193E-10  3.1431396E-15  2.6283431E-13  9.9922045E-14  1.803E-15  0.000E+00  0.000E+00  1.000E+00  1.000E+00  7.72E+02  0.00E+00  0.00E+00  0.000000  0.633839  0.0000000E+00  0.0000000000E+00
111  2.565016192451445E+06  119.988606  6.451031  4.670554  7.5157740E-01  2.4837130E-01  1.2915496E-06  4.2998862E-09  1.0216523E-07  6.8211449E-06  3.5136679E-10  2.0005892E-09  9.2048308E-07  2.3543589E-08  5.480E-28  0.3871  4.670554   -7.902  2.037718  8.257116  2.0146372E-09  9.9999000E-01  2.3880254E-07  6.7558530E-08  6.1635245E-06  2.7089766E-08  4.0440810E-10  3.1306061E-15  2.6283455E-13  9.9921895E-14  1.803E-15  0.000E+00  0.000E+00  1.000E+00  1.000E+00  7.72E+02  0.00E+00  0.00E+00  0.000000  0.633939  0.0000000E+00  0.0000000000E+00
112  2.565056620199103E+06  119.988606  6.451099  4.670734  7.5157740E-01  2.4837130E-01  1.2915496E-06  4.2998863E-09  1.0216523E-07  6.8211449E-06  3.5136679E-10  2.0005892E-09  9.2048308E-07  2.3543589E-08  5.479E-28  0.3865  4.670734   -7.901  2.043866  8.259033  1.4228984E-09  9.9999000E-01  2.3938326E-07  6.7672526E-08  6.1627235E-06  2.7090118E-08  4.0474426E-10  3.1180727E-15  2.6283479E-13  9.9921745E-14  1.803E-15  0.000E+00  0.000E+00  1.000E+00  1.000E+00  7.73E+02  0.00E+00  0.00E+00  0.000000  0.634039  0.0000000E+00  0.0000000000E+00
113  2.565097047946761E+06  119.988605  6.451168  4.670915  7.5157740E-01  2.4837130E-01  1.2915496E-06  4.2998863E-09  1.0216523E-07  6.8211449E-06  3.5136679E-10  2.0005892E-09  9.2048308E-07  2.3543589E-08  5.479E-28  0.3860  4.670915   -7.901  2.050013  8.260949  8.3115967E-10  9.9999000E-01  2.3996397E-07  6.7786522E-08  6.1619226E-06  2.7090471E-08  4.0508043E-10  3.1055392E-15  2.6283503E-13  9.9921595E-14  1.803E-15  0.000E+00  0.000E+00  1.000E+00  1.000E+00  7.73E+02  0.00E+00  0.00E+00  0.000000  0.634140  0.0000000E+00  0.0000000000E+00
114  2.565137475694419E+06  119.988605  6.451224  4.671026  7.5157740E-01  2.4837130E-01  1.2915496E-06  4.2998863E-09  1.0216523E-07  6.8211449E-06  3.5136679E-10  2.0005892E-09  9.2048308E-07  2.3543589E-08  5.479E-28  0.3849  4.671026   -7.901  2.055410  8.262608  5.1645269E-10  9.9998728E-01  2.9231900E-06  5.9465846E-08  6.0770365E-06  3.7814207E-08  4.0535252E-10  7.9230757E-08  4.9849848E-13  2.1520434E-08  1.521E-15  0.000E+00  0.000E+00  1.000E+00  1.000E+00  7.73E+02  0.00E+00  0.00E+00  0.000000  0.634221  0.0000000E+00  0.0000000000E+00
115  2.565177903442078E+06  119.988604  6.451275  4.671107  7.5157740E-01  2.4837130E-01  1.2915496E-06  4.2998863E-09  1.0216523E-07  6.8211449E-06  3.5136679E-10  2.0005892E-09  9.2048308E-07  2.3543589E-08  5.479E-28  0.3836  4.671107   -7.901  2.060496  8.264158  3.1681361E-10  9.9998342E-01  6.7206793E-06  4.7641746E-08  5.9572249E-06  5.2992007E-08  4.0559800E-10  1.9137079E-07  8.3204697E-13  5.1979453E-08  1.122E-15  0.000E+00  0.000E+00  1.000E+00  1.000E+00  7.73E+02  0.00E+00  0.00E+00  0.000000  0.634295  0.0000000E+00  0.0000000000E+00
116  2.565218331189736E+06  119.988603  6.451325  4.671189  7.5157740E-01  2.4837130E-01  1.2915496E-06  4.2998863E-09  1.0216523E-07  6.8211449E-06  3.5136679E-10  2.0005892E-09  9.2048308E-07  2.3543589E-08  5.479E-28  0.3823  4.671189   -7.901  2.065581  8.265709  1.1717453E-10  9.9997956E-01  1.0518169E-05  3.5817646E-08  5.8374133E-06  6.8169807E-08  4.0584348E-10  3.0351082E-07  1.1655955E-12  8.2438472E-08  7.233E-16  0.000E+00  0.000E+00  1.000E+00  1.000E+00  7.73E+02  0.00E+00  0.00E+00  0.000000  0.634370  0.0000000E+00  0.0000000000E+00
117  2.565258758937394E+06  119.988603  6.451371  4.671087  7.5157740E-01  2.4837130E-01  1.2915496E-06  4.2998863E-09  1.0216523E-07  6.8211449E-06  3.5136679E-10  2.0005892E-09  9.2048308E-07  2.3543589E-08  5.479E-28  0.3811  4.671087   -7.901  2.067006  8.265970  0.0000000E+00  9.9997617E-01  1.3872206E-05  2.6985564E-08  5.7345372E-06  8.0491593E-08  4.0551794E-10  4.0013335E-07  4.4190778E-12  1.0830341E-07  4.860E-16  0.000E+00  0.000E+00  1.000E+00  1.000E+00  7.73E+02  0.00E+00  0.00E+00  0.000000  0.634437  0.0000000E+00  0.0000000000E+00
118  2.565299186685052E+06  119.988603  6.451410  4.670726  7.5157740E-01  2.4837130E-01  1.2915496E-06  4.2998863E-09  1.0216523E-07  6.8211449E-06  3.5136679E-10  2.0005892E-09  9.2048308E-07  2.3543589E-08  5.479E-28  0.3800  4.670726   -7.901  2.063229  8.264400  0.0000000E+00  9.9997344E-01  1.6596140E-05  2.2404863E-08  5.6557248E-06  8.8755246E-08  4.0438104E-10  4.7470694E-07  1.1821518E-11  1.2764060E-07  4.784E-16  0.000E+00  0.000E+00  1.000E+00  1.000E+00  7.72E+02  0.00E+00  0.00E+00  0.000000  0.634494  0.0000000E+00  0.0000000000E+00
119  2.565339614432710E+06  119.988602  6.451450  4.670364  7.5157740E-01  2.4837130E-01  1.2915496E-06  4.2998863E-09  1.0216523E-07  6.8211449E-06  3.5136679E-10  2.0005892E-09  9.2048308E-07  2.3543589E-08  5.478E-28  0.3790  4.670364   -7.901  2.059451  8.262830  0.0000000E+00  9.9997071E-01  1.9320074E-05  1.7824163E-08  5.5769124E-06  9.7018898E-08  4.0324414E-10  5.4928052E-07  1.9223957E-11  1.4697778E-07  4.707E-16  0.000E+00  0.000E+00  1.000E+00  1.000E+00  7.72E+02  0.00E+00  0.00E+00  0.000000  0.634551  0.0000000E+00  0.0000000000E+00
120  2.565380042180368E+06  119.988602  6.451493  4.670013  7.5157740E-01  2.4837130E-01  1.2915496E-06  4.2998863E-09  1.0216523E-07  6.8211449E-06  3.5136679E-10  2.0005892E-09  9.2048308E-07  2.3543589E-08  5.478E-28  0.3773  4.670013   -7.901  2.056647  8.261603  0.0000000E+00  9.9996791E-01  2.2106549E-05  1.3282185E-08  5.4940310E-06  1.0537456E-07  4.0220879E-10  6.2918723E-07  2.6130639E-11  1.6672076E-07  4.555E-16  0.000E+00  0.000E+00  1.000E+00  1.000E+00  7.71E+02  0.00E+00  0.00E+00  0.000000  0.634614  0.0000000E+00  0.0000000000E+00
121  2.565420469928027E+06  119.988601  6.451564  4.669746  7.5157740E-01  2.4837130E-01  1.2915496E-06  4.2998863E-09  1.0216523E-07  6.8211449E-06  3.5136679E-10  2.0005892E-09  9.2048308E-07  2.3543589E-08  5.478E-28  0.3708  4.669746   -7.900  2.061004  8.262895  0.0000000E+00  9.9996463E-01  2.5353391E-05  9.0252409E-09  5.3811972E-06  1.1440753E-07  4.0192097E-10  7.4835136E-07  2.9388020E-11  1.8945088E-07  3.842E-16  0.000E+00  0.000E+00  1.000E+00  1.000E+00  7.70E+02  0.00E+00  0.00E+00  0.000000  0.634719  0.0000000E+00  0.0000000000E+00
122  2.565460897675685E+06  119.988601  6.451642  4.669410  7.5157740E-01  2.4837130E-01  1.2915496E-06  4.2998863E-09  1.0216523E-07  6.8211449E-06  3.5136679E-10  2.0005892E-09  9.2048308E-07  2.3543589E-08  5.478E-28  0.3673  4.669410   -7.900  2.059080  8.261975  0.0000000E+00  9.9996181E-01  2.8125121E-05  5.8497706E-09  5.2841795E-06  1.2103550E-07  4.0167115E-10  8.5223640E-07  3.2127341E-11  2.0831727E-07  3.355E-16  0.000E+00  0.000E+00  1.000E+00  1.000E+00  7.70E+02  0.00E+00  0.00E+00  0.000000  0.634832  0.0000000E+00  0.0000000000E+00
123  2.565501325423343E+06  119.988600  6.451726  4.668999  7.5157740E-01  2.4837130E-01  1.2915496E-06  4.2998863E-09  1.0216523E-07  6.8211449E-06  3.5136679E-10  2.0005892E-09  9.2048308E-07  2.3543589E-08  5.477E-28  0.3674  4.668999   -7.899  2.050155  8.258586  0.0000000E+00  9.9995950E-01  3.0367221E-05  3.8798727E-09  5.2047929E-06  1.2498253E-07  4.0146369E-10  9.3908907E-07  3.4289155E-11  2.2287658E-07  3.121E-16  0.000E+00  0.000E+00  1.000E+00  1.000E+00  7.69E+02  0.00E+00  0.00E+00  0.000000  0.634956  0.0000000E+00  0.0000000000E+00
124  2.565541753171001E+06  119.988599  6.451880  4.668885  7.5157740E-01  2.4837130E-01  1.2915496E-06  4.2998863E-09  1.0216523E-07  6.8211449E-06  3.5136679E-10  2.0005892E-09  9.2048308E-07  2.3543589E-08  5.477E-28  0.3715  4.668885   -7.898  2.051219  8.258715  0.0000000E+00  9.9995729E-01  3.2577458E-05  2.8023642E-09  5.1299075E-06  1.2713420E-07  4.0126117E-10  1.0212369E-06  3.5617484E-11  2.3811622E-07  2.985E-16  0.000E+00  0.000E+00  1.000E+00  1.000E+00  7.69E+02  0.00E+00  0.00E+00  0.000000  0.635181  0.0000000E+00  0.0000000000E+00
125  2.565582180918659E+06  119.988599  6.452045  4.668810  7.5157740E-01  2.4837130E-01  1.2915496E-06  4.2998863E-09  1.0216523E-07  6.8211449E-06  3.5136679E-10  2.0005892E-09  9.2048308E-07  2.3543589E-08  5.477E-28  0.3745  4.668810   -7.898  2.054463  8.259611  0.0000000E+00  9.9995500E-01  3.4882530E-05  1.9622349E-09  5.0533853E-06  1.2883954E-07  4.0105107E-10  1.1050396E-06  3.6725051E-11  2.5445129E-07  2.875E-16  0.000E+00  0.000E+00  1.000E+00  1.000E+00  7.69E+02  0.00E+00  0.00E+00  0.000000  0.635423  0.0000000E+00  0.0000000000E+00
126  2.565622608666317E+06  119.988598  6.452196  4.668621  7.5157740E-01  2.4837130E-01  1.2915496E-06  4.2998863E-09  1.0216523E-07  6.8211449E-06  3.5136679E-10  2.0005892E-09  9.2048308E-07  2.3543589E-08  5.477E-28  0.3689  4.668621   -7.898  2.058055  8.260633  0.0000000E+00  9.9995221E-01  3.7652056E-05  1.3488513E-09  4.9650439E-06  1.3023153E-07  4.0080157E-10  1.2009411E-06  3.7625182E-11  2.7514196E-07  2.788E-16  0.000E+00  0.000E+00  1.000E+00  1.000E+00  7.68E+02  0.00E+00  0.00E+00  0.000000  0.635643  0.0000000E+00  0.0000000000E+00
127  2.565663036413976E+06  119.988598  6.452278  4.668034  7.5157740E-01  2.4837130E-01  1.2915496E-06  4.2998863E-09  1.0216523E-07  6.8211449E-06  3.5136679E-10  2.0005892E-09  9.2048308E-07  2.3543589E-08  5.477E-28  0.3666  4.668034   -7.898  2.052117  8.258298  0.0000000E+00  9.9995006E-01  3.9756485E-05  9.1146677E-10  4.8965656E-06  1.3121343E-07  4.0060786E-10  1.2762610E-06  3.8261519E-11  2.9015201E-07  2.725E-16  0.000E+00  0.000E+00  1.000E+00  1.000E+00  7.67E+02  0.00E+00  0.00E+00  0.000000  0.635762  0.0000000E+00  0.0000000000E+00
128  2.565703464161634E+06  119.988598  6.452299  4.667096  7.5157740E-01  2.4837130E-01  1.2915496E-06  4.2998863E-09  1.0216523E-07  6.8211449E-06  3.5136679E-10  2.0005892E-09  9.2048308E-07  2.3543589E-08  5.476E-28  0.3672  4.667096   -7.897  2.037818  8.253020  0.0000000E+00  9.9994848E-01  4.1277403E-05  6.2849227E-10  4.8455141E-06  1.3183554E-07  4.0046309E-10  1.3335239E-06  3.8666420E-11  3.0017826E-07  2.685E-16  0.000E+00  0.000E+00  1.000E+00  1.000E+00  7.65E+02  0.00E+00  0.00E+00  0.000000  0.635793  0.0000000E+00  0.0000000000E+00
129  2.565743891909292E+06  119.988597  6.452520  4.667277  7.5157740E-01  2.4837130E-01  1.2915496E-06  4.2998863E-09  1.0216523E-07  6.8211449E-06  3.5136679E-10  2.0005892E-09  9.2048308E-07  2.3543589E-08  5.476E-28  0.3693  4.667277   -7.896  2.045075  8.255330  0.0000000E+00  9.9994642E-01  4.3302977E-05  4.5866945E-10  4.7817710E-06  1.3234353E-07  4.0027736E-10  1.4032154E-06  3.9004055E-11  3.1520893E-07  2.659E-16  0.000E+00  0.000E+00  1.000E+00  1.000E+00  7.66E+02  0.00E+00  0.00E+00  0.000000  0.636117  0.0000000E+00  0.0000000000E+00
130  2.565784319656949E+06  119.988597  6.452745  4.667463  7.5157740E-01  2.4837130E-01  1.2915496E-06  4.2998863E-09  1.0216523E-07  6.8211449E-06  3.5136679E-10  2.0005892E-09  9.2048308E-07  2.3543589E-08  5.476E-28  0.3709  4.667463   -7.896  2.053753  8.258139  0.0000000E+00  9.9994419E-01  4.5503122E-05  3.1736716E-10  4.7138903E-06  1.3283322E-07  4.0007728E-10  1.4768492E-06  3.9330600E-11  3.3199572E-07  2.637E-16  0.000E+00  0.000E+00  1.000E+00  1.000E+00  7.66E+02  0.00E+00  0.00E+00  0.000000  0.636447  0.0000000E+00  0.0000000000E+00
131  2.565824747404608E+06  119.988596  6.452901  4.667206  7.5157740E-01  2.4837130E-01  1.2915496E-06  4.2998863E-09  1.0216523E-07  6.8211449E-06  3.5136679E-10  2.0005892E-09  9.2048308E-07  2.3543589E-08  5.476E-28  0.3707  4.667206   -7.896  2.058120  8.259432  0.0000000E+00  9.9994164E-01  4.8051843E-05  2.2044110E-10  4.6380466E-06  1.3331148E-07  3.9984838E-10  1.5579328E-06  3.9649414E-11  3.5231865E-07  2.622E-16  0.000E+00  0.000E+00  1.000E+00  1.000E+00  7.65E+02  0.00E+00  0.00E+00  0.000000  0.636675  0.0000000E+00  0.0000000000E+00
132  2.565865175152266E+06  119.988596  6.453070  4.667012  7.5157740E-01  2.4837130E-01  1.2915496E-06  4.2998863E-09  1.0216523E-07  6.8211449E-06  3.5136679E-10  2.0005892E-09  9.2048308E-07  2.3543589E-08  5.476E-28  0.3710  4.667012   -7.896  2.063965  8.261245  0.0000000E+00  9.9993869E-01  5.0990044E-05  1.4986933E-10  4.5547494E-06  1.3382006E-07  3.9958882E-10  1.6451443E-06  3.9976151E-11  3.7692899E-07  2.611E-16  0.000E+00  0.000E+00  1.000E+00  1.000E+00  7.65E+02  0.00E+00  0.00E+00  0.000000  0.636924  0.0000000E+00  0.0000000000E+00
133  2.565905602899924E+06  119.988595  6.453249  4.666861  7.5157740E-01  2.4837130E-01  1.2915496E-06  4.2998864E-09  1.0216523E-07  6.8211449E-06  3.5136679E-10  2.0005892E-09  9.2048308E-07  2.3543589E-08  5.475E-28  0.3716  4.666861   -7.895  2.070825  8.263416  0.0000000E+00  9.9993547E-01  5.4196146E-05  9.7425209E-11  4.4663254E-06  1.3434951E-07  3.9930818E-10  1.7365710E-06  4.0308337E-11  4.0448840E-07  2.602E-16  0.000E+00  0.000E+00  1.000E+00  1.000E+00  7.65E+02  0.00E+00  0.00E+00  0.000000  0.637187  0.0000000E+00  0.0000000000E+00
134  2.565946030647582E+06  119.988595  6.453427  4.666598  7.5157740E-01  2.4837130E-01  1.2915496E-06  4.2998864E-09  1.0216523E-07  6.8211449E-06  3.5136679E-10  2.0005892E-09  9.2048308E-07  2.3543589E-08  5.475E-28  0.3676  4.666598   -7.895  2.075937  8.264976  0.0000000E+00  9.9993137E-01  5.8237991E-05  7.2643761E-11  4.3717177E-06  1.3509584E-07  3.9896341E-10  1.8275260E-06  4.0682871E-11  4.4242837E-07  2.598E-16  0.000E+00  0.000E+00  1.000E+00  1.000E+00  7.65E+02  0.00E+00  0.00E+00  0.000000  0.637448  0.0000000E+00  0.0000000000E+00
135  2.565986458395240E+06  119.988594  6.453604  4.666328  7.5157740E-01  2.4837130E-01  1.2915496E-06  4.2998864E-09  1.0216523E-07  6.8211449E-06  3.5136679E-10  2.0005892E-09  9.2048308E-07  2.3543589E-08  5.475E-28  0.3633  4.666328   -7.894  2.080949  8.266500  0.0000000E+00  9.9992721E-01  6.2327786E-05  4.9449450E-11  4.2767552E-06  1.3585461E-07  3.9861497E-10  1.9184540E-06  4.1059835E-11  4.8096391E-07  2.594E-16  0.000E+00  0.000E+00  1.000E+00  1.000E+00  7.64E+02  0.00E+00  0.00E+00  0.000000  0.637708  0.0000000E+00  0.0000000000E+00
136  2.566026886142898E+06  119.988594  6.453809  4.666159  7.5157740E-01  2.4837130E-01  1.2915496E-06  4.2998864E-09  1.0216523E-07  6.8211449E-06  3.5136679E-10  2.0005892E-09  9.2048308E-07  2.3543589E-08  5.475E-28  0.3634  4.666159   -7.893  2.089658  8.269329  0.0000000E+00  9.9992147E-01  6.8030976E-05  3.5979285E-11  4.1638511E-06  1.3706691E-07  3.9814666E-10  2.0183505E-06  4.1546112E-11  5.3675988E-07  2.591E-16  0.000E+00  0.000E+00  1.000E+00  1.000E+00  7.64E+02  0.00E+00  0.00E+00  0.000000  0.638008  0.0000000E+00  0.0000000000E+00
137  2.566067313890557E+06  119.988593  6.454019  4.666015  7.5157740E-01  2.4837130E-01  1.2915496E-06  4.2998864E-09  1.0216523E-07  6.8211449E-06  3.5136679E-10  2.0005892E-09  9.2048308E-07  2.3543589E-08  5.475E-28  0.3646  4.666015   -7.892  2.099263  8.272474  0.0000000E+00  9.9991535E-01  7.4125024E-05  2.4864872E-11  4.0466004E-06  1.3838909E-07  3.9764930E-10  2.1204198E-06  4.2058872E-11  5.9673733E-07  2.589E-16  0.000E+00  0.000E+00  1.000E+00  1.000E+00  7.63E+02  0.00E+00  0.00E+00  0.000000  0.638317  0.0000000E+00  0.0000000000E+00
138  2.566107741638215E+06  119.988593  6.454156  4.665416  7.5157740E-01  2.4837130E-01  1.2915496E-06  4.2998864E-09  1.0216523E-07  6.8211449E-06  3.5136679E-10  2.0005892E-09  9.2048308E-07  2.3543589E-08  5.475E-28  0.3624  4.665416   -7.892  2.094783  8.270655  0.0000000E+00  9.9991091E-01  7.8530251E-05  1.7781978E-11  3.9562865E-06  1.3930641E-07  3.9728061E-10  2.2016962E-06  4.2436292E-11  6.3979358E-07  2.587E-16  0.000E+00  0.000E+00  1.000E+00  1.000E+00  7.62E+02  0.00E+00  0.00E+00  0.000000  0.638517  0.0000000E+00  0.0000000000E+00
139  2.566148169385873E+06  119.988592  6.454255  4.664586  7.5157740E-01  2.4837130E-01  1.2915496E-06  4.2998864E-09  1.0216523E-07  6.8211449E-06  3.5136679E-10  2.0005892E-09  9.2048308E-07  2.3543589E-08  5.474E-28  0.3584  4.664586   -7.891  2.083184  8.266327  0.0000000E+00  9.9990731E-01  8.2081783E-05  1.2737002E-11  3.8795891E-06  1.4001907E-07  3.9697694E-10  2.2724619E-06  4.2745299E-11  6.7429623E-07  2.586E-16  0.000E+00  0.000E+00  1.000E+00  1.000E+00  7.61E+02  0.00E+00  0.00E+00  0.000000  0.638663  0.0000000E+00  0.0000000000E+00
140  2.566188597133531E+06  119.988592  6.454419  4.664075  7.5157740E-01  2.4837130E-01  1.2915496E-06  4.2998864E-09  1.0216523E-07  6.8211449E-06  3.5136679E-10  2.0005892E-09  9.2048308E-07  2.3543589E-08  5.474E-28  0.3582  4.664075   -7.891  2.081623  8.265536  0.0000000E+00  9.9990313E-01  8.6245339E-05  9.0731285E-12  3.7968110E-06  1.4091088E-07  3.9662839E-10  2.3455117E-06  4.3096623E-11  7.1555821E-07  2.585E-16  0.000E+00  0.000E+00  1.000E+00  1.000E+00  7.60E+02  0.00E+00  0.00E+00  0.000000  0.638905  0.0000000E+00  0.0000000000E+00
141  2.566229024881189E+06  119.988591  6.454644  4.663853  7.5157740E-01  2.4837130E-01  1.2915496E-06  4.2998864E-09  1.0216523E-07  6.8211449E-06  3.5136679E-10  2.0005892E-09  9.2048308E-07  2.3543589E-08  5.474E-28  0.3613  4.663853   -7.890  2.089198  8.267963  0.0000000E+00  9.9989841E-01  9.0966014E-05  6.6664623E-12  3.7084978E-06  1.4196575E-07  3.9623897E-10  2.4206406E-06  4.3486468E-11  7.6297316E-07  2.584E-16  0.000E+00  0.000E+00  1.000E+00  1.000E+00  7.59E+02  0.00E+00  0.00E+00  0.000000  0.639235  0.0000000E+00  0.0000000000E+00
142  2.566269452628847E+06  119.988591  6.454866  4.663569  7.5157740E-01  2.4837130E-01  1.2915496E-06  4.2998864E-09  1.0216523E-07  6.8211449E-06  3.5136679E-10  2.0005892E-09  9.2048308E-07  2.3543589E-08  5.474E-28  0.3628  4.663569   -7.890  2.096420  8.270267  0.0000000E+00  9.9989298E-01  9.6383809E-05  4.6843501E-12  3.6135681E-06  1.4324873E-07  3.9579799E-10  2.4983888E-06  4.3926783E-11  8.1759955E-07  2.584E-16  0.000E+00  0.000E+00  1.000E+00  1.000E+00  7.59E+02  0.00E+00  0.00E+00  0.000000  0.639563  0.0000000E+00  0.0000000000E+00
143  2.566309880376506E+06  119.988590  6.455086  4.663184  7.5157740E-01  2.4837130E-01  1.2915496E-06  4.2998864E-09  1.0216523E-07  6.8211449E-06  3.5136679E-10  2.0005892E-09  9.2048308E-07  2.3543589E-08  5.473E-28  0.3614  4.663184   -7.889  2.103071  8.272373  0.0000000E+00  9.9988639E-01  1.0292594E-04  3.3869706E-12  3.5079673E-06  1.4489959E-07  3.9527386E-10  2.5803614E-06  4.4448498E-11  8.8385678E-07  2.583E-16  0.000E+00  0.000E+00  1.000E+00  1.000E+00  7.58E+02  0.00E+00  0.00E+00  0.000000  0.639886  0.0000000E+00  0.0000000000E+00
144  2.566350308124164E+06  119.988590  6.455314  4.662777  7.5157740E-01  2.4837130E-01  1.2915496E-06  4.2998864E-09  1.0216523E-07  6.8211449E-06  3.5136679E-10  2.0005892E-09  9.2048308E-07  2.3543589E-08  5.473E-28  0.3606  4.662777   -7.889  2.109856  8.274527  0.0000000E+00  9.9987905E-01  1.1021852E-04  2.2851859E-12  3.4015839E-06  1.4698870E-07  3.9469912E-10  2.6583045E-06  4.5020343E-11  9.5627437E-07  2.583E-16  0.000E+00  0.000E+00  1.000E+00  1.000E+00  7.57E+02  0.00E+00  0.00E+00  0.000000  0.640222  0.0000000E+00  0.0000000000E+00
145  2.566390735871822E+06  119.988589  6.455568  4.662300  7.5157740E-01  2.4837130E-01  1.2915496E-06  4.2998864E-09  1.0216523E-07  6.8211449E-06  3.5136679E-10  2.0005892E-09  9.2048308E-07  2.3543589E-08  5.473E-28  0.3615  4.662300   -7.888  2.117057  8.276833  0.0000000E+00  9.9986935E-01  1.1986201E-04  1.7961354E-12  3.2927489E-06  1.5045071E-07  3.9396584E-10  2.7236248E-06  4.5749233E-11  1.0479904E-06  2.583E-16  0.000E+00  0.000E+00  1.000E+00  1.000E+00  7.56E+02  0.00E+00  0.00E+00  0.000000  0.640598  0.0000000E+00  0.0000000000E+00
146  2.566431163619480E+06  119.988588  6.455823  4.661824  7.5157740E-01  2.4837130E-01  1.2915496E-06  4.2998864E-09  1.0216523E-07  6.8211449E-06  3.5136679E-10  2.0005892E-09  9.2048308E-07  2.3543589E-08  5.473E-28  0.3624  4.661824   -7.887  2.124259  8.279139  0.0000000E+00  9.9985965E-01  1.2950550E-04  1.3070850E-12  3.1839138E-06  1.5391272E-07  3.9323255E-10  2.7889451E-06  4.6478122E-11  1.1397063E-06  2.582E-16  0.000E+00  0.000E+00  1.000E+00  1.000E+00  7.55E+02  0.00E+00  0.00E+00  0.000000  0.640974  0.0000000E+00  0.0000000000E+00
147  2.566471591367138E+06  119.988588  6.456073  4.661329  7.5157740E-01  2.4837130E-01  1.2915496E-06  4.2998864E-09  1.0216523E-07  6.8211449E-06  3.5136679E-10  2.0005892E-09  9.2048308E-07  2.3543589E-08  5.473E-28  0.3629  4.661329   -7.887  2.131223  8.281364  0.0000000E+00  9.9984793E-01  1.4115769E-04  9.4266185E-13  3.0696860E-06  1.5867649E-07  3.9236844E-10  2.8497968E-06  4.7337192E-11  1.2453771E-06  2.582E-16  0.000E+00  0.000E+00  1.000E+00  1.000E+00  7.54E+02  0.00E+00  0.00E+00  0.000000  0.641344  0.0000000E+00  0.0000000000E+00
148  2.566512019114796E+06  119.988587  6.456318  4.660811  7.5157740E-01  2.4837130E-01  1.2915496E-06  4.2998864E-09  1.0216523E-07  6.8211449E-06  3.5136679E-10  2.0005892E-09  9.2048308E-07  2.3543589E-08  5.472E-28  0.3630  4.660811   -7.885  2.137907  8.283494  0.0000000E+00  9.9983385E-01  1.5517747E-04  7.2513327E-13  2.9491019E-06  1.6497461E-07  3.9135014E-10  2.9053815E-06  4.8349702E-11  1.3674959E-06  2.581E-16  0.000E+00  0.000E+00  1.000E+00  1.000E+00  7.53E+02  0.00E+00  0.00E+00  0.000000  0.641705  0.0000000E+00  0.0000000000E+00
149  2.566552446862455E+06  119.988587  6.456563  4.660294  7.5157740E-01  2.4837130E-01  1.2915496E-06  4.2998864E-09  1.0216523E-07  6.8211449E-06  3.5136679E-10  2.0005892E-09  9.2048308E-07  2.3543589E-08  5.472E-28  0.3631  4.660294   -7.884  2.144591  8.285624  0.0000000E+00  9.9981976E-01  1.6919725E-04  5.0760468E-13  2.8285177E-06  1.7127273E-07  3.9033184E-10  2.9609662E-06  4.9362213E-11  1.4896147E-06  2.581E-16  0.000E+00  0.000E+00  1.000E+00  1.000E+00  7.52E+02  0.00E+00  0.00E+00  0.000000  0.642067  0.0000000E+00  0.0000000000E+00
150  2.566592874610113E+06  119.988587  6.456803  4.659705  7.5157740E-01  2.4837130E-01  1.2915496E-06  4.2998864E-09  1.0216523E-07  6.8211449E-06  3.5136679E-10  2.0005892E-09  9.2048308E-07  2.3543589E-08  5.472E-28  0.3630  4.659705   -7.884  2.151012  8.287668  0.0000000E+00  9.9980169E-01  1.8718621E-04  3.7604702E-13  2.7037028E-06  1.8092714E-07  3.8907288E-10  3.0048260E-06  5.0615512E-11  1.6327424E-06  2.581E-16  0.000E+00  0.000E+00  1.000E+00  1.000E+00  7.51E+02  0.00E+00  0.00E+00  0.000000  0.642422  0.0000000E+00  0.0000000000E+00
151  2.566633302357771E+06  119.988586  6.457041  4.659082  7.5157740E-01  2.4837130E-01  1.2915496E-06  4.2998864E-09  1.0216523E-07  6.8211449E-06  3.5136679E-10  2.0005892E-09  9.2048308E-07  2.3543589E-08  5.472E-28  0.3627  4.659082   -7.883  2.157308  8.289670  0.0000000E+00  9.9978172E-01  2.0707742E-04  2.8569118E-13  2.5768603E-06  1.9219006E-07  3.8769859E-10  3.0430666E-06  5.1984210E-11  1.7859388E-06  2.580E-16  0.000E+00  0.000E+00  1.000E+00  1.000E+00  7.50E+02  0.00E+00  0.00E+00  0.000000  0.642775  0.0000000E+00  0.0000000000E+00
152  2.566673730105429E+06  119.988585  6.457280  4.658460  7.5157740E-01  2.4837130E-01  1.2915496E-06  4.2998864E-09  1.0216523E-07  6.8211449E-06  3.5136679E-10  2.0005892E-09  9.2048308E-07  2.3543589E-08  5.472E-28  0.3625  4.658460   -7.883  2.163605  8.291673  0.0000000E+00  9.9976174E-01  2.2696863E-04  1.9533535E-13  2.4500178E-06  2.0345298E-07  3.8632430E-10  3.0813072E-06  5.3352908E-11  1.9391351E-06  2.579E-16  0.000E+00  0.000E+00  1.000E+00  1.000E+00  7.48E+02  0.00E+00  0.00E+00  0.000000  0.643127  0.0000000E+00  0.0000000000E+00
153  2.566714157853087E+06  119.988585  6.457510  4.657831  7.5157740E-01  2.4837130E-01  1.2915496E-06  4.2998864E-09  1.0216523E-07  6.8211449E-06  3.5136679E-10  2.0005892E-09  9.2048308E-07  2.3543589E-08  5.472E-28  0.3634  4.657831   -7.882  2.169263  8.293458  0.0000000E+00  9.9973640E-01  2.5221658E-04  1.7219263E-13  2.3301462E-06  2.2110050E-07  3.8466571E-10  3.0973915E-06  5.5008987E-11  2.1084601E-06  2.579E-16  0.000E+00  0.000E+00  1.000E+00  1.000E+00  7.47E+02  0.00E+00  0.00E+00  0.000000  0.643468  0.0000000E+00  0.0000000000E+00
154  2.566754585600745E+06  119.988584  6.457739  4.657201  7.5157740E-01  2.4837130E-01  1.2915496E-06  4.2998865E-09  1.0216523E-07  6.8211449E-06  3.5136679E-10  2.0005892E-09  9.2048308E-07  2.3543589E-08  5.471E-28  0.3643  4.657201   -7.882  2.174845  8.295217  0.0000000E+00  9.9971042E-01  2.7810612E-04  1.5710023E-13  2.2111096E-06  2.3951272E-07  3.8297308E-10  3.1108220E-06  5.6699486E-11  2.2797168E-06  2.578E-16  0.000E+00  0.000E+00  1.000E+00  1.000E+00  7.46E+02  0.00E+00  0.00E+00  0.000000  0.643807  0.0000000E+00  0.0000000000E+00
155  2.566795013348403E+06  119.988584  6.457965  4.656561  7.5157740E-01  2.4837130E-01  1.2915496E-06  4.2998865E-09  1.0216523E-07  6.8211449E-06  3.5136679E-10  2.0005892E-09  9.2048308E-07  2.3543589E-08  5.471E-28  0.3652  4.656561   -7.881  2.180295  8.296931  0.0000000E+00  9.9968359E-01  3.0484253E-04  1.4125961E-13  2.0922286E-06  2.5905438E-07  3.8123642E-10  3.1221156E-06  5.8434801E-11  2.4533470E-06  2.578E-16  0.000E+00  0.000E+00  1.000E+00  1.000E+00  7.45E+02  0.00E+00  0.00E+00  0.000000  0.644142  0.0000000E+00  0.0000000000E+00
156  2.566835441096061E+06  119.988583  6.458170  4.655834  7.5157740E-01  2.4837130E-01  1.2915496E-06  4.2998865E-09  1.0216523E-07  6.8211449E-06  3.5136679E-10  2.0005892E-09  9.2048308E-07  2.3543589E-08  5.471E-28  0.3651  4.655834   -7.880  2.184677  8.298277  0.0000000E+00  9.9964993E-01  3.3842668E-04  1.1936886E-13  1.9746072E-06  2.8772866E-07  3.7914373E-10  3.1161293E-06  6.0532493E-11  2.6461694E-06  2.577E-16  0.000E+00  0.000E+00  1.000E+00  1.000E+00  7.43E+02  0.00E+00  0.00E+00  0.000000  0.644446  0.0000000E+00  0.0000000000E+00
157  2.566875868843719E+06  119.988582  6.458374  4.655107  7.5157740E-01  2.4837130E-01  1.2915496E-06  4.2998865E-09  1.0216523E-07  6.8211449E-06  3.5136679E-10  2.0005892E-09  9.2048308E-07  2.3543589E-08  5.471E-28  0.3650  4.655107   -7.879  2.189059  8.299622  0.0000000E+00  9.9961626E-01  3.7201084E-04  9.7478112E-14  1.8569857E-06  3.1640293E-07  3.7705103E-10  3.1101431E-06  6.2630186E-11  2.8389918E-06  2.576E-16  0.000E+00  0.000E+00  1.000E+00  1.000E+00  7.42E+02  0.00E+00  0.00E+00  0.000000  0.644749  0.0000000E+00  0.0000000000E+00
158  2.566916296591378E+06  119.988582  6.458574  4.654373  7.5157740E-01  2.4837130E-01  1.2915496E-06  4.2998865E-09  1.0216523E-07  6.8211449E-06  3.5136679E-10  2.0005892E-09  9.2048308E-07  2.3543589E-08  5.471E-28  0.3652  4.654373   -7.879  2.193559  8.301012  0.0000000E+00  9.9958023E-01  4.0793854E-04  8.0469978E-14  1.7376125E-06  3.4733130E-07  3.7483038E-10  3.0990661E-06  6.4858280E-11  3.0407955E-06  2.576E-16  0.000E+00  0.000E+00  1.000E+00  1.000E+00  7.41E+02  0.00E+00  0.00E+00  0.000000  0.645047  0.0000000E+00  0.0000000000E+00
159  2.566956724339036E+06  119.988581  6.458768  4.653625  7.5157740E-01  2.4837130E-01  1.2915496E-06  4.2998865E-09  1.0216523E-07  6.8211449E-06  3.5136679E-10  2.0005892E-09  9.2048308E-07  2.3543589E-08  5.470E-28  0.3658  4.653625   -7.878  2.198300  8.302493  0.0000000E+00  9.9953936E-01  4.4868774E-04  7.3507089E-14  1.6146353E-06  3.8289715E-07  3.7234645E-10  3.0775154E-06  6.7354656E-11  3.2610767E-06  2.575E-16  0.000E+00  0.000E+00  1.000E+00  1.000E+00  7.39E+02  0.00E+00  0.00E+00  0.000000  0.645334  0.0000000E+00  0.0000000000E+00
160  2.566997152086694E+06  119.988581  6.458960  4.652872  7.5157740E-01  2.4837130E-01  1.2915496E-06  4.2998865E-09  1.0216523E-07  6.8211449E-06  3.5136679E-10  2.0005892E-09  9.2048308E-07  2.3543589E-08  5.470E-28  0.3664  4.652872   -7.878  2.203005  8.303963  0.0000000E+00  9.9949761E-01  4.9031737E-04  6.7463905E-14  1.4927104E-06  4.1992198E-07  3.6982236E-10  3.0537481E-06  6.9892783E-11  3.4824168E-06  2.574E-16  0.000E+00  0.000E+00  1.000E+00  1.000E+00  7.38E+02  0.00E+00  0.00E+00  0.000000  0.645619  0.0000000E+00  0.0000000000E+00
161  2.567037579834352E+06  119.988581  6.459136  4.652078  7.5157740E-01  2.4837130E-01  1.2915496E-06  4.2998865E-09  1.0216523E-07  6.8211449E-06  3.5136679E-10  2.0005892E-09  9.2048308E-07  2.3543589E-08  5.470E-28  0.3665  4.652078   -7.877  2.207395  8.305329  0.0000000E+00  9.9944802E-01  5.3980981E-04  6.9634348E-14  1.3801827E-06  4.6997654E-07  3.6693959E-10  3.0101843E-06  7.2803788E-11  3.7132125E-06  2.573E-16  0.000E+00  0.000E+00  1.000E+00  1.000E+00  7.37E+02  0.00E+00  0.00E+00  0.000000  0.645881  0.0000000E+00  0.0000000000E+00
162  2.567078007582010E+06  119.988580  6.459312  4.651285  7.5157740E-01  2.4837130E-01  1.2915496E-06  4.2998865E-09  1.0216523E-07  6.8211449E-06  3.5136679E-10  2.0005892E-09  9.2048308E-07  2.3543589E-08  5.470E-28  0.3666  4.651285   -7.876  2.211785  8.306696  0.0000000E+00  9.9939843E-01  5.8930225E-04  7.1804791E-14  1.2676551E-06  5.2003109E-07  3.6405682E-10  2.9666204E-06  7.5714792E-11  3.9440082E-06  2.572E-16  0.000E+00  0.000E+00  1.000E+00  1.000E+00  7.35E+02  0.00E+00  0.00E+00  0.000000  0.646143  0.0000000E+00  0.0000000000E+00
163  2.567118435329668E+06  119.988580  6.459475  4.650456  7.5157740E-01  2.4837130E-01  1.2915496E-06  4.2998865E-09  1.0216523E-07  6.8211449E-06  3.5136679E-10  2.0005892E-09  9.2048308E-07  2.3543589E-08  5.470E-28  0.3666  4.650456   -7.876  2.215449  8.307814  0.0000000E+00  9.9934260E-01  6.4499556E-04  7.8524311E-14  1.1680542E-06  5.8327160E-07  3.6093367E-10  2.9082869E-06  7.8883914E-11  4.1725437E-06  2.571E-16  0.000E+00  0.000E+00  1.000E+00  1.000E+00  7.34E+02  0.00E+00  0.00E+00  0.000000  0.646385  0.0000000E+00  0.0000000000E+00
164  2.567158863077327E+06  119.988579  6.459635  4.649622  7.5157740E-01  2.4837130E-01  1.2915496E-06  4.2998865E-09  1.0216523E-07  6.8211449E-06  3.5136679E-10  2.0005892E-09  9.2048308E-07  2.3543589E-08  5.469E-28  0.3667  4.649622   -7.875  2.219009  8.308896  0.0000000E+00  9.9928587E-01  7.0158027E-04  8.5897772E-14  1.0703117E-06  6.4840763E-07  3.5777597E-10  2.8478303E-06  8.2090142E-11  4.4007543E-06  2.569E-16  0.000E+00  0.000E+00  1.000E+00  1.000E+00  7.32E+02  0.00E+00  0.00E+00  0.000000  0.646625  0.0000000E+00  0.0000000000E+00
165  2.567199290824985E+06  119.988578  6.459780  4.648715  7.5157740E-01  2.4837130E-01  1.2915496E-06  4.2998865E-09  1.0216523E-07  6.8211449E-06  3.5136679E-10  2.0005892E-09  9.2048308E-07  2.3543589E-08  5.469E-28  0.3675  4.648715   -7.875  2.221215  8.309502  0.0000000E+00  9.9922839E-01  7.5893099E-04  1.0870846E-13  9.8639587E-07  7.1880392E-07  3.5464321E-10  2.7814174E-06  8.5283231E-11  4.6144791E-06  2.568E-16  0.000E+00  0.000E+00  1.000E+00  1.000E+00  7.31E+02  0.00E+00  0.00E+00  0.000000  0.646841  0.0000000E+00  0.0000000000E+00
166  2.567239718572643E+06  119.988578  6.459917  4.647767  7.5157740E-01  2.4837130E-01  1.2915496E-06  4.2998865E-09  1.0216523E-07  6.8211449E-06  3.5136679E-10  2.0005892E-09  9.2048308E-07  2.3543589E-08  5.469E-28  0.3686  4.647767   -7.875  2.222687  8.309849  0.0000000E+00  9.9917049E-01  8.1669795E-04  1.3990731E-13  9.0999317E-07  7.9205848E-07  3.5152401E-10  2.7117680E-06  8.8469180E-11  4.8203328E-06  2.567E-16  0.000E+00  0.000E+00  1.000E+00  1.000E+00  7.29E+02  0.00E+00  0.00E+00  0.000000  0.647044  0.0000000E+00  0.0000000000E+00
167  2.567280146320301E+06  119.988577  6.460054  4.646821  7.5157740E-01  2.4837130E-01  1.2915496E-06  4.2998865E-09  1.0216523E-07  6.8211449E-06  3.5136679E-10  2.0005892E-09  9.2048308E-07  2.3543589E-08  5.469E-28  0.3689  4.646821   -7.875  2.225012  8.310502  0.0000000E+00  9.9910811E-01  8.7893083E-04  1.5811873E-13  8.3538085E-07  8.7511044E-07  3.4822709E-10  2.6379318E-06  9.1843837E-11  5.0285088E-06  2.565E-16  0.000E+00  0.000E+00  1.000E+00  1.000E+00  7.27E+02  0.00E+00  0.00E+00  0.000000  0.647249  0.0000000E+00  0.0000000000E+00
168  2.567320574067959E+06  119.988576  6.460192  4.645878  7.5157740E-01  2.4837130E-01  1.2915496E-06  4.2998865E-09  1.0216523E-07  6.8211449E-06  3.5136679E-10  2.0005892E-09  9.2048308E-07  2.3543589E-08  5.469E-28  0.3680  4.645878   -7.874  2.228507  8.311575  0.0000000E+00  9.9903956E-01  9.4729189E-04  1.5850876E-13  7.6322528E-07  9.7160643E-07  3.4468629E-10  2.5583501E-06  9.5477440E-11  5.2398716E-06  2.563E-16  0.000E+00  0.000E+00  1.000E+00  1.000E+00  7.26E+02  0.00E+00  0.00E+00  0.000000  0.647454  0.0000000E+00  0.0000000000E+00
169  2.567361001815617E+06  119.988576  6.460329  4.644927  7.5157740E-01  2.4837130E-01  1.2915496E-06  4.2998865E-09  1.0216523E-07  6.8211449E-06  3.5136679E-10  2.0005892E-09  9.2048308E-07  2.3543589E-08  5.469E-28  0.3677  4.644927   -7.874  2.231943  8.312627  0.0000000E+00  9.9897037E-01  1.0163061E-03  2.4643023E-13  6.9612930E-07  1.0717298E-06  3.4115287E-10  2.4774166E-06  9.9110427E-11  5.4449139E-06  2.562E-16  0.000E+00  0.000E+00  1.000E+00  1.000E+00  7.25E+02  0.00E+00  0.00E+00  0.000000  0.647658  0.0000000E+00  0.0000000000E+00
170  2.567401429563276E+06  119.988575  6.460460  4.643947  7.5157740E-01  2.4837130E-01  1.2915496E-06  4.2998865E-09  1.0216523E-07  6.8211449E-06  3.5136679E-10  2.0005892E-09  9.2048308E-07  2.3543589E-08  5.468E-28  0.3705  4.643947   -7.873  2.235128  8.313598  0.0000000E+00  9.9889851E-01  1.0880141E-03  6.9531802E-13  6.4989827E-07  1.1868121E-06  3.3764986E-10  2.3909081E-06  1.0274087E-10  5.6238920E-06  2.560E-16  0.000E+00  0.000E+00  1.000E+00  1.000E+00  7.23E+02  0.00E+00  0.00E+00  0.000000  0.647854  0.0000000E+00  0.0000000000E+00
171  2.567441857310934E+06  119.988575  6.460591  4.642967  7.5157740E-01  2.4837130E-01  1.2915496E-06  4.2998865E-09  1.0216523E-07  6.8211449E-06  3.5136679E-10  2.0005892E-09  9.2048308E-07  2.3543589E-08  5.468E-28  0.3733  4.642967   -7.873  2.238313  8.314568  0.0000000E+00  9.9882664E-01  1.1597220E-03  1.1442058E-12  6.0366723E-07  1.3018945E-06  3.3414685E-10  2.3043995E-06  1.0637132E-10  5.8028700E-06  2.558E-16  0.000E+00  0.000E+00  1.000E+00  1.000E+00  7.21E+02  0.00E+00  0.00E+00  0.000000  0.648049  0.0000000E+00  0.0000000000E+00
172  2.567482285058592E+06  119.988574  6.460721  4.641988  7.5157740E-01  2.4837130E-01  1.2915496E-06  4.2998865E-09  1.0216523E-07  6.8211449E-06  3.5136679E-10  2.0005892E-09  9.2048308E-07  2.3543589E-08  5.468E-28  0.3742  4.641988   -7.873  2.241194  8.315438  0.0000000E+00  9.9876131E-01  1.2249909E-03  1.0693369E-11  5.6737898E-07  1.3848869E-06  3.3075995E-10  2.1964658E-06  1.0995449E-10  5.9922043E-06  2.556E-16  0.000E+00  0.000E+00  1.000E+00  1.000E+00  7.19E+02  0.00E+00  0.00E+00  0.000000  0.648243  0.0000000E+00  0.0000000000E+00
173  2.567522712806250E+06  119.988574  6.460851  4.641007  7.5157740E-01  2.4837130E-01  1.2915496E-06  4.2998865E-09  1.0216523E-07  6.8211449E-06  3.5136679E-10  2.0005892E-09  9.2048308E-07  2.3543589E-08  5.468E-28  0.3734  4.641007   -7.873  2.243967  8.316275  0.0000000E+00  9.9867858E-01  1.3075415E-03  8.0748910E-12  4.9279794E-07  1.4909020E-06  3.2645030E-10  2.0917524E-06  1.1448971E-10  6.2380289E-06  2.552E-16  0.000E+00  0.000E+00  1.000E+00  1.000E+00  7.17E+02  0.00E+00  0.00E+00  0.000000  0.648436  0.0000000E+00  0.0000000000E+00
174  2.567563140553908E+06  119.988573  6.460976  4.640009  7.5157740E-01  2.4837130E-01  1.2915496E-06  4.2998865E-09  1.0216523E-07  6.8211449E-06  3.5136679E-10  2.0005892E-09  9.2048308E-07  2.3543589E-08  5.467E-28  0.3722  4.640009   -7.873  2.246696  8.317099  0.0000000E+00  9.9858921E-01  1.3967139E-03  4.9230189E-12  4.2012336E-07  1.6104160E-06  3.2186860E-10  1.9834283E-06  1.1928971E-10  6.4853121E-06  2.548E-16  0.000E+00  0.000E+00  1.000E+00  1.000E+00  7.16E+02  0.00E+00  0.00E+00  0.000000  0.648624  0.0000000E+00  0.0000000000E+00
175  2.567603568301566E+06  119.988573  6.461098  4.638996  7.5157740E-01  2.4837130E-01  1.2915496E-06  4.2998866E-09  1.0216523E-07  6.8211449E-06  3.5136679E-10  2.0005892E-09  9.2048308E-07  2.3543589E-08  5.467E-28  0.3741  4.638996   -7.872  2.249333  8.317892  0.0000000E+00  9.9849795E-01  1.4877560E-03  3.0946168E-12  3.5842321E-07  1.7382532E-06  3.1728263E-10  1.8745299E-06  1.2408226E-10  6.7160292E-06  2.545E-16  0.000E+00  0.000E+00  1.000E+00  1.000E+00  7.14E+02  0.00E+00  0.00E+00  0.000000  0.648807  0.0000000E+00  0.0000000000E+00
176  2.567643996049224E+06  119.988572  6.461218  4.637965  7.5157740E-01  2.4837130E-01  1.2915496E-06  4.2998866E-09  1.0216523E-07  6.8211449E-06  3.5136679E-10  2.0005892E-09  9.2048308E-07  2.3543589E-08  5.467E-28  0.3735  4.637965   -7.872  2.251875  8.318656  0.0000000E+00  9.9840267E-01  1.5828664E-03  1.9212303E-12  3.0061005E-07  1.8723550E-06  3.1251369E-10  1.7595697E-06  1.2905405E-10  6.9480437E-06  2.543E-16  0.000E+00  0.000E+00  1.000E+00  1.000E+00  7.12E+02  0.00E+00  0.00E+00  0.000000  0.648986  0.0000000E+00  0.0000000000E+00
177  2.567684423796882E+06  119.988572  6.461336  4.636913  7.5157740E-01  2.4837130E-01  1.2915496E-06  4.2998866E-09  1.0216523E-07  6.8211449E-06  3.5136679E-10  2.0005892E-09  9.2048308E-07  2.3543589E-08  5.467E-28  0.3755  4.636913   -7.872  2.254287  8.319378  0.0000000E+00  9.9830516E-01  1.6802141E-03  1.2298568E-12  2.4922781E-07  2.0113880E-06  3.0767238E-10  1.6423861E-06  1.3409781E-10  7.1726495E-06  2.540E-16  0.000E+00  0.000E+00  1.000E+00  1.000E+00  7.11E+02  0.00E+00  0.00E+00  0.000000  0.649162  0.0000000E+00  0.0000000000E+00
178  2.567724851544540E+06  119.988571  6.461452  4.635846  7.5157740E-01  2.4837130E-01  1.2915496E-06  4.2998866E-09  1.0216523E-07  6.8211449E-06  3.5136679E-10  2.0005892E-09  9.2048308E-07  2.3543589E-08  5.467E-28  0.3780  4.635846   -7.872  2.256565  8.320058  0.0000000E+00  9.9821942E-01  1.7657263E-03  2.2295198E-10  2.4479055E-07  2.1462294E-06  3.0361930E-10  1.5239644E-06  1.4129413E-10  7.3254548E-06  2.546E-16  0.000E+00  0.000E+00  1.000E+00  1.000E+00  7.08E+02  0.00E+00  0.00E+00  0.000000  0.649335  0.0000000E+00  0.0000000000E+00
179  2.567765279292198E+06  119.988571  6.461559  4.634747  7.5157740E-01  2.4837130E-01  1.2915496E-06  4.2998866E-09  1.0216523E-07  6.8211449E-06  3.5136679E-10  2.0005892E-09  9.2048308E-07  2.3543589E-08  5.467E-28  0.3688  4.634747   -7.872  2.255470  8.319550  0.0000000E+00  9.9812061E-01  1.8643869E-03  1.6783187E-10  2.0924240E-07  2.3032639E-06  2.9888967E-10  1.4158294E-06  1.4978338E-10  7.5141537E-06  2.506E-16  0.000E+00  0.000E+00  1.000E+00  1.000E+00  7.07E+02  0.00E+00  0.00E+00  0.000000  0.649495  0.0000000E+00  0.0000000000E+00
180  2.567805707039857E+06  119.988570  6.461655  4.633589  7.5157740E-01  2.4837130E-01  1.2915496E-06  4.2998866E-09  1.0216523E-07  6.8211449E-06  3.5136679E-10  2.0005892E-09  9.2048308E-07  2.3543589E-08  5.466E-28  0.3726  4.633589   -7.872  2.252759  8.318458  0.0000000E+00  9.9802658E-01  1.9582233E-03  9.8245880E-11  1.7402113E-07  2.4556023E-06  2.9441546E-10  1.3195764E-06  1.5653887E-10  7.6876838E-06  2.477E-16  0.000E+00  0.000E+00  1.000E+00  1.000E+00  7.05E+02  0.00E+00  0.00E+00  0.000000  0.649638  0.0000000E+00  0.0000000000E+00
181  2.567846134787515E+06  119.988570  6.461773  4.632565  7.5157740E-01  2.4837130E-01  1.2915496E-06  4.2998866E-09  1.0216523E-07  6.8211449E-06  3.5136679E-10  2.0005892E-09  9.2048308E-07  2.3543589E-08  5.466E-28  0.3667  4.632565   -7.872  2.255113  8.319161  0.0000000E+00  9.9792522E-01  2.0593305E-03  5.6775095E-11  1.4333260E-07  2.6250050E-06  2.8968973E-10  1.2213095E-06  1.6277420E-10  7.8565773E-06  2.458E-16  0.000E+00  0.000E+00  1.000E+00  1.000E+00  7.04E+02  0.00E+00  0.00E+00  0.000000  0.649815  0.0000000E+00  0.0000000000E+00
182  2.567886562535173E+06  119.988569  6.461888  4.631525  7.5157740E-01  2.4837130E-01  1.2915496E-06  4.2998866E-09  1.0216523E-07  6.8211449E-06  3.5136679E-10  2.0005892E-09  9.2048308E-07  2.3543589E-08  5.466E-28  0.3728  4.631525   -7.872  2.257304  8.319807  0.0000000E+00  9.9782636E-01  2.1579943E-03  3.4609140E-11  1.1925557E-07  2.7961245E-06  2.8517250E-10  1.1313884E-06  1.6823803E-10  8.0048450E-06  2.446E-16  0.000E+00  0.000E+00  1.000E+00  1.000E+00  7.02E+02  0.00E+00  0.00E+00  0.000000  0.649987  0.0000000E+00  0.0000000000E+00
183  2.567926990282831E+06  119.988569  6.462003  4.630489  7.5157740E-01  2.4837130E-01  1.2915496E-06  4.2998866E-09  1.0216523E-07  6.8211449E-06  3.5136679E-10  2.0005892E-09  9.2048308E-07  2.3543589E-08  5.466E-28  0.3809  4.630489   -7.872  2.259483  8.320452  0.0000000E+00  9.9772735E-01  2.2568075E-03  2.2456869E-11  9.9903547E-08  2.9736887E-06  2.8074290E-10  1.0476329E-06  1.7332418E-10  8.1381270E-06  2.439E-16  0.000E+00  0.000E+00  1.000E+00  1.000E+00  7.00E+02  0.00E+00  0.00E+00  0.000000  0.650160  0.0000000E+00  0.0000000000E+00
184  2.567967418030489E+06  119.988568  6.462118  4.629446  7.5157740E-01  2.4837130E-01  1.2915496E-06  4.2998866E-09  1.0216523E-07  6.8211449E-06  3.5136679E-10  2.0005892E-09  9.2048308E-07  2.3543589E-08  5.466E-28  0.3819  4.629446   -7.873  2.261505  8.321046  0.0000000E+00  9.9762770E-01  2.3562725E-03  1.2627017E-10  9.6125210E-08  3.1633329E-06  2.7642473E-10  9.6365070E-07  1.8006371E-10  8.2474757E-06  2.447E-16  0.000E+00  0.000E+00  1.000E+00  1.000E+00  6.98E+02  0.00E+00  0.00E+00  0.000000  0.650331  0.0000000E+00  0.0000000000E+00
185  2.568007845778147E+06  119.988567  6.462231  4.628394  7.5157740E-01  2.4837130E-01  1.2915496E-06  4.2998866E-09  1.0216523E-07  6.8211449E-06  3.5136679E-10  2.0005892E-09  9.2048308E-07  2.3543589E-08  5.465E-28  0.3820  4.628394   -7.873  2.263440  8.321614  0.0000000E+00  9.9753245E-01  2.4512920E-03  3.0708739E-10  1.0690595E-07  3.3559870E-06  2.7241931E-10  8.8389549E-07  1.9035070E-10  8.3290256E-06  2.454E-16  0.000E+00  0.000E+00  1.000E+00  1.000E+00  6.96E+02  0.00E+00  0.00E+00  0.000000  0.650501  0.0000000E+00  0.0000000000E+00
186  2.568048273525806E+06  119.988567  6.462343  4.627340  7.5157740E-01  2.4837130E-01  1.2915496E-06  4.2998866E-09  1.0216523E-07  6.8211449E-06  3.5136679E-10  2.0005892E-09  9.2048308E-07  2.3543589E-08  5.465E-28  0.3854  4.627340   -7.873  2.265363  8.322181  0.0000000E+00  9.9743421E-01  2.5492954E-03  4.1487859E-10  1.1544142E-07  3.5622686E-06  2.6833181E-10  8.1076999E-07  2.0371591E-10  8.4060014E-06  2.435E-16  0.000E+00  0.000E+00  1.000E+00  1.000E+00  6.95E+02  0.00E+00  0.00E+00  0.000000  0.650669  0.0000000E+00  0.0000000000E+00
187  2.568088701273464E+06  119.988566  6.462457  4.626292  7.5157740E-01  2.4837130E-01  1.2915496E-06  4.2998866E-09  1.0216523E-07  6.8211449E-06  3.5136679E-10  2.0005892E-09  9.2048308E-07  2.3543589E-08  5.465E-28  0.3800  4.626292   -7.873  2.267083  8.322681  0.0000000E+00  9.9731663E-01  2.6666333E-03  2.4242354E-10  9.3291396E-08  3.8033023E-06  2.6339259E-10  7.4453258E-07  2.1548445E-10  8.5221890E-06  2.370E-16  0.000E+00  0.000E+00  1.000E+00  1.000E+00  6.93E+02  0.00E+00  0.00E+00  0.000000  0.650840  0.0000000E+00  0.0000000000E+00
188  2.568129129021122E+06  119.988566  6.462569  4.625236  7.5157740E-01  2.4837130E-01  1.2915496E-06  4.2998866E-09  1.0216523E-07  6.8211449E-06  3.5136679E-10  2.0005892E-09  9.2048308E-07  2.3543589E-08  5.465E-28  0.3847  4.625236   -7.873  2.268828  8.323191  0.0000000E+00  9.9719980E-01  2.7832053E-03  1.4454494E-10  7.5731034E-08  4.0476099E-06  2.5858930E-10  6.8275711E-07  2.2444400E-10  8.6257133E-06  2.331E-16  0.000E+00  0.000E+00  1.000E+00  1.000E+00  6.91E+02  0.00E+00  0.00E+00  0.000000  0.651008  0.0000000E+00  0.0000000000E+00
189  2.568169556768780E+06  119.988565  6.462680  4.624178  7.5157740E-01  2.4837130E-01  1.2915496E-06  4.2998866E-09  1.0216523E-07  6.8211449E-06  3.5136679E-10  2.0005892E-09  9.2048308E-07  2.3543589E-08  5.465E-28  0.3836  4.624178   -7.873  2.270492  8.323677  0.0000000E+00  9.9707654E-01  2.9061699E-03  8.3990571E-11  6.0840764E-08  4.3116923E-06  2.5362665E-10  6.2194405E-07  2.3222527E-10  8.7238823E-06  2.305E-16  0.000E+00  0.000E+00  1.000E+00  1.000E+00  6.89E+02  0.00E+00  0.00E+00  0.000000  0.651175  0.0000000E+00  0.0000000000E+00
190  2.568209984516438E+06  119.988565  6.462792  4.623122  7.5157740E-01  2.4837130E-01  1.2915496E-06  4.2998866E-09  1.0216523E-07  6.8211449E-06  3.5136679E-10  2.0005892E-09  9.2048308E-07  2.3543589E-08  5.464E-28  0.3855  4.623122   -7.874  2.272065  8.324131  0.0000000E+00  9.9695220E-01  3.0301760E-03  4.8853972E-11  4.8859600E-08  4.5854826E-06  2.4872802E-10  5.6518785E-07  2.3899837E-10  8.8125128E-06  2.289E-16  0.000E+00  0.000E+00  1.000E+00  1.000E+00  6.88E+02  0.00E+00  0.00E+00  0.000000  0.651342  0.0000000E+00  0.0000000000E+00
191  2.568625793256639E+06  119.988559  6.463910  4.612186  7.5157740E-01  2.4837130E-01  1.2915496E-06  4.2998867E-09  1.0216523E-07  6.8211449E-06  3.5136679E-10  2.0005892E-09  9.2048308E-07  2.3543589E-08  5.462E-28  0.3887  4.612186   -7.878  2.283035  8.327098  0.0000000E+00  9.9560391E-01  4.3748675E-03  1.0438202E-10  2.4516307E-08  8.0815196E-06  2.0122223E-10  1.9549041E-07  3.2683833E-10  9.3077921E-06  2.171E-16  0.000E+00  0.000E+00  1.000E+00  1.000E+00  6.70E+02  0.00E+00  0.00E+00  0.000000  0.653021  0.0000000E+00  0.0000000000E+00
192  2.568998772365468E+06  119.988554  6.464899  4.602473  7.5157740E-01  2.4837130E-01  1.2915496E-06  4.2998867E-09  1.0216523E-07  6.8211449E-06  3.5136679E-10  2.0005892E-09  9.2048308E-07  2.3543589E-08  5.461E-28  0.3931  4.602473   -7.883  2.288059  8.328237  0.0000000E+00  9.9425562E-01  5.7187164E-03  1.4719577E-10  2.3645445E-08  1.2498621E-05  1.6262810E-10  7.8331130E-08  4.0908560E-10  9.4561703E-06  2.081E-16  0.000E+00  0.000E+00  1.000E+00  1.000E+00  6.55E+02  0.00E+00  0.00E+00  0.000000  0.654511  0.0000000E+00  0.0000000000E+00
193  2.569341299732927E+06  119.988550  6.465823  4.593611  7.5157740E-01  2.4837130E-01  1.2915496E-06  4.2998868E-09  1.0216523E-07  6.8211449E-06  3.5136679E-10  2.0005892E-09  9.2048308E-07  2.3543589E-08  5.459E-28  0.3966  4.593611   -7.890  2.294835  8.330118  0.0000000E+00  9.9290733E-01  7.0616594E-03  3.7070168E-11  7.6372708E-09  1.7803510E-05  1.3124912E-10  3.3947098E-08  4.6530847E-10  9.5375863E-06  1.997E-16  0.000E+00  0.000E+00  1.000E+00  1.000E+00  6.41E+02  0.00E+00  0.00E+00  0.000000  0.655904  0.0000000E+00  0.0000000000E+00
194  2.569660653737793E+06  119.988546  6.466643  4.585506  7.5157740E-01  2.4837130E-01  1.2915496E-06  4.2998868E-09  1.0216523E-07  6.8211449E-06  3.5136679E-10  2.0005892E-09  9.2048308E-07  2.3543589E-08  5.458E-28  0.3952  4.585506   -7.898  2.298213  8.330929  0.0000000E+00  9.9155904E-01  8.4037249E-03  6.8071820E-12  2.6827218E-09  2.4033830E-05  1.0595743E-10  1.8298561E-08  5.1463136E-10  9.5661867E-06  1.941E-16  0.000E+00  0.000E+00  1.000E+00  1.000E+00  6.29E+02  0.00E+00  0.00E+00  0.000000  0.657143  0.0000000E+00  0.0000000000E+00
195  2.569988300543875E+06  119.988541  6.467503  4.577551  7.5157740E-01  2.4837130E-01  1.2915496E-06  4.2998868E-09  1.0216523E-07  6.8211449E-06  3.5136679E-10  2.0005892E-09  9.2048308E-07  2.3543589E-08  5.456E-28  0.3950  4.577551   -7.908  2.300761  8.331441  0.0000000E+00  9.9021075E-01  9.7448078E-03  6.5227579E-11  1.2053756E-08  3.1314552E-05  8.5663746E-11  1.7353032E-08  5.6303896E-10  9.5546649E-06  1.912E-16  0.000E+00  0.000E+00  1.000E+00  1.000E+00  6.17E+02  0.00E+00  0.00E+00  0.000000  0.658445  0.0000000E+00  0.0000000000E+00
196  2.570287872280276E+06  119.988538  6.468278  4.570240  7.5157740E-01  2.4837130E-01  1.2915496E-06  4.2998869E-09  1.0216523E-07  6.8211449E-06  3.5136679E-10  2.0005892E-09  9.2048308E-07  2.3543589E-08  5.455E-28  0.3996  4.570240   -7.917  2.303964  8.332292  0.0000000E+00  9.8886246E-01  1.1084967E-02  5.2176749E-12  1.1271185E-09  3.9384184E-05  6.9009398E-11  9.0940040E-09  5.9774036E-10  9.5828224E-06  1.856E-16  0.000E+00  0.000E+00  1.000E+00  1.000E+00  6.07E+02  0.00E+00  0.00E+00  0.000000  0.659622  0.0000000E+00  0.0000000000E+00
197  2.570591983314489E+06  119.988534  6.469067  4.562824  7.5157740E-01  2.4837130E-01  1.2915496E-06  4.2998869E-09  1.0216523E-07  6.8211449E-06  3.5136679E-10  2.0005892E-09  9.2048308E-07  2.3543589E-08  5.453E-28  0.3984  4.562824   -7.928  2.306305  8.332887  0.0000000E+00  9.8751417E-01  1.2424079E-02  1.3646835E-11  2.9123830E-09  4.8556823E-05  5.5948417E-11  1.3347124E-08  6.4811469E-10  9.5765514E-06  1.817E-16  0.000E+00  0.000E+00  1.000E+00  1.000E+00  5.96E+02  0.00E+00  0.00E+00  0.000000  0.660821  0.0000000E+00  0.0000000000E+00
198  2.570885206062981E+06  119.988531  6.469841  4.555673  7.5157740E-01  2.4837130E-01  1.2915496E-06  4.2998869E-09  1.0216523E-07  6.8211449E-06  3.5136679E-10  2.0005892E-09  9.2048308E-07  2.3543589E-08  5.452E-28  0.3994  4.555673   -7.940  2.306526  8.332753  0.0000000E+00  9.8616588E-01  1.3762385E-02  6.0335496E-11  6.7416327E-09  5.8568885E-05  4.5218711E-11  6.7454090E-09  6.7749232E-10  9.5795837E-06  1.790E-16  0.000E+00  0.000E+00  1.000E+00  1.000E+00  5.87E+02  0.00E+00  0.00E+00  0.000000  0.662002  0.0000000E+00  0.0000000000E+00
199  2.571180175292090E+06  119.988528  6.470636  4.548525  7.5157740E-01  2.4837130E-01  1.2915496E-06  4.2998869E-09  1.0216523E-07  6.8211449E-06  3.5136679E-10  2.0005892E-09  9.2048308E-07  2.3543589E-08  5.450E-28  0.4022  4.548525   -7.952  2.308965  8.333416  0.0000000E+00  9.8481759E-01  1.5099582E-02  1.1891587E-11  2.1026992E-09  6.9644753E-05  3.6729147E-11  1.0453120E-08  7.2059059E-10  9.5834931E-06  1.743E-16  0.000E+00  0.000E+00  1.000E+00  1.000E+00  5.77E+02  0.00E+00  0.00E+00  0.000000  0.663213  0.0000000E+00  0.0000000000E+00
200  2.571461913096272E+06  119.988524  6.471395  4.541837  7.5157740E-01  2.4837130E-01  1.2915496E-06  4.2998870E-09  1.0216523E-07  6.8211449E-06  3.5136679E-10  2.0005892E-09  9.2048308E-07  2.3543589E-08  5.449E-28  0.3892  4.541837   -7.965  2.310646  8.333859  0.0000000E+00  9.8346930E-01  1.6436013E-02  1.7842446E-11  1.9646484E-09  8.1533270E-05  2.9672753E-11  5.5829434E-09  7.4813074E-10  9.5903417E-06  1.707E-16  0.000E+00  0.000E+00  1.000E+00  1.000E+00  5.68E+02  0.00E+00  0.00E+00  0.000000  0.664374  0.0000000E+00  0.0000000000E+00
201  2.571738207335813E+06  119.988522  6.472145  4.535367  7.5157740E-01  2.4837130E-01  1.2915496E-06  4.2998870E-09  1.0216523E-07  6.8211449E-06  3.5136679E-10  2.0005892E-09  9.2048308E-07  2.3543589E-08  5.448E-28  0.4017  4.535367   -7.978  2.312013  8.334213  0.0000000E+00  9.8212101E-01  1.7771482E-02  7.2116842E-12  3.1463145E-10  9.4310824E-05  2.3873445E-11  2.4475000E-09  7.7295218E-10  9.5972396E-06  1.667E-16  0.000E+00  0.000E+00  1.000E+00  1.000E+00  5.59E+02  0.00E+00  0.00E+00  0.000000  0.665522  0.0000000E+00  0.0000000000E+00
202  2.572015210613950E+06  119.988519  6.472907  4.528926  7.5157740E-01  2.4837130E-01  1.2915496E-06  4.2998870E-09  1.0216523E-07  6.8211449E-06  3.5136679E-10  2.0005892E-09  9.2048308E-07  2.3543589E-08  5.446E-28  0.4009  4.528926   -7.993  2.311254  8.333808  0.0000000E+00  9.8077272E-01  1.9106092E-02  7.6790447E-12  2.1360126E-10  1.0802988E-04  1.9160028E-11  1.0477699E-09  7.9645996E-10  9.5995534E-06  1.631E-16  0.000E+00  0.000E+00  1.000E+00  1.000E+00  5.50E+02  0.00E+00  0.00E+00  0.000000  0.666691  0.0000000E+00  0.0000000000E+00
203  2.572308603211762E+06  119.988516  6.473718  4.522040  7.5157740E-01  2.4837130E-01  1.2915496E-06  4.2998871E-09  1.0216523E-07  6.8211449E-06  3.5136679E-10  2.0005892E-09  9.2048308E-07  2.3543589E-08  5.445E-28  0.4038  4.522040   -8.009  2.313094  8.334320  0.0000000E+00  9.7942443E-01  2.0439166E-02  1.2025026E-10  1.4228405E-08  1.2320300E-04  1.6222716E-11  7.5764756E-09  8.2828578E-10  9.5707157E-06  1.631E-16  0.000E+00  0.000E+00  1.000E+00  1.000E+00  5.42E+02  0.00E+00  0.00E+00  0.000000  0.667938  0.0000000E+00  0.0000000000E+00
204  2.572579202412550E+06  119.988513  6.474458  4.515706  7.5157740E-01  2.4837130E-01  1.2915496E-06  4.2998871E-09  1.0216523E-07  6.8211449E-06  3.5136679E-10  2.0005892E-09  9.2048308E-07  2.3543589E-08  5.444E-28  0.3931  4.515706   -8.024  2.314190  8.334599  0.0000000E+00  9.7807614E-01  2.1771795E-02  1.3631228E-11  1.1400367E-09  1.3890482E-04  1.3037881E-11  6.9823229E-09  8.6296082E-10  9.5923142E-06  1.569E-16  0.000E+00  0.000E+00  1.000E+00  1.000E+00  5.34E+02  0.00E+00  0.00E+00  0.000000  0.669076  0.0000000E+00  0.0000000000E+00
205  2.572854462717096E+06  119.988511  6.475207  4.509245  7.5157740E-01  2.4837130E-01  1.2915496E-06  4.2998871E-09  1.0216523E-07  6.8211449E-06  3.5136679E-10  2.0005892E-09  9.2048308E-07  2.3543589E-08  5.442E-28  0.3993  4.509245   -8.042  2.311740  8.333629  0.0000000E+00  9.7672785E-01  2.3103459E-02  9.6274338E-12  2.2343790E-10  1.5552182E-04  1.0457269E-11  2.4140397E-09  8.8711814E-10  9.5996442E-06  1.534E-16  0.000E+00  0.000E+00  1.000E+00  1.000E+00  5.25E+02  0.00E+00  0.00E+00  0.000000  0.670231  0.0000000E+00  0.0000000000E+00
206  2.573133358896927E+06  119.988508  6.475987  4.503006  7.5157740E-01  2.4837130E-01  1.2915496E-06  4.2998871E-09  1.0216523E-07  6.8211449E-06  3.5136679E-10  2.0005892E-09  9.2048308E-07  2.3543589E-08  5.441E-28  0.3952  4.503006   -8.059  2.314475  8.334446  0.0000000E+00  9.7537956E-01  2.4434026E-02  9.8590854E-12  1.5790945E-10  1.7320262E-04  8.3917637E-12  9.1750226E-10  9.1094153E-10  9.6018713E-06  1.500E-16  0.000E+00  0.000E+00  1.000E+00  1.000E+00  5.18E+02  0.00E+00  0.00E+00  0.000000  0.671436  0.0000000E+00  0.0000000000E+00
207  2.573404026587752E+06  119.988506  6.476714  4.496983  7.5157740E-01  2.4837130E-01  1.2915496E-06  4.2998871E-09  1.0216523E-07  6.8211449E-06  3.5136679E-10  2.0005892E-09  9.2048308E-07  2.3543589E-08  5.440E-28  0.3999  4.496983   -8.077  2.316085  8.334903  0.0000000E+00  9.7403127E-01  2.5763718E-02  1.0597529E-11  1.4240844E-10  1.9179797E-04  6.7382494E-12  4.9476588E-10  9.3531853E-10  9.6026502E-06  1.466E-16  0.000E+00  0.000E+00  1.000E+00  1.000E+00  5.10E+02  0.00E+00  0.00E+00  0.000000  0.672561  0.0000000E+00  0.0000000000E+00
208  2.573670110995125E+06  119.988504  6.477420  4.490990  7.5157740E-01  2.4837130E-01  1.2915496E-06  4.2998872E-09  1.0216523E-07  6.8211449E-06  3.5136679E-10  2.0005892E-09  9.2048308E-07  2.3543589E-08  5.438E-28  0.4005  4.490990   -8.095  2.317075  8.335171  0.0000000E+00  9.7268298E-01  2.7092493E-02  1.1309780E-11  1.3261251E-10  2.1130334E-04  5.4017456E-12  3.5943316E-10  9.6028186E-10  9.6030264E-06  1.434E-16  0.000E+00  0.000E+00  1.000E+00  1.000E+00  5.03E+02  0.00E+00  0.00E+00  0.000000  0.673654  0.0000000E+00  0.0000000000E+00
209  2.573937151196145E+06  119.988502  6.478122  4.484967  7.5157740E-01  2.4837130E-01  1.2915496E-06  4.2998872E-09  1.0216523E-07  6.8211449E-06  3.5136679E-10  2.0005892E-09  9.2048308E-07  2.3543589E-08  5.437E-28  0.3985  4.484967   -8.113  2.317838  8.335372  0.0000000E+00  9.7133469E-01  2.8420323E-02  1.1966970E-11  1.2690206E-10  2.3178455E-04  4.3341759E-12  3.1331389E-10  9.8590798E-10  9.6032502E-06  1.401E-16  0.000E+00  0.000E+00  1.000E+00  1.000E+00  4.96E+02  0.00E+00  0.00E+00  0.000000  0.674745  0.0000000E+00  0.0000000000E+00
210  2.574200579956284E+06  119.988500  6.478805  4.479141  7.5157740E-01  2.4837130E-01  1.2915496E-06  4.2998872E-09  1.0216523E-07  6.8211449E-06  3.5136679E-10  2.0005892E-09  9.2048308E-07  2.3543589E-08  5.436E-28  0.3970  4.479141   -8.133  2.318520  8.335557  0.0000000E+00  9.6998640E-01  2.9747185E-02  1.2617338E-11  1.2176583E-10  2.5322543E-04  3.4759855E-12  2.9026587E-10  1.0122384E-09  9.6034123E-06  1.369E-16  0.000E+00  0.000E+00  1.000E+00  1.000E+00  4.89E+02  0.00E+00  0.00E+00  0.000000  0.675807  0.0000000E+00  0.0000000000E+00
211  2.575967136855261E+06  119.988488  6.482994  4.440631  7.5157740E-01  2.4837130E-01  1.2915496E-06  4.2998873E-09  1.0216523E-07  6.8211449E-06  3.5136679E-10  2.0005892E-09  9.2048308E-07  2.3543589E-08  5.427E-28  0.3890  4.440631   -8.280  2.321223  8.336212  0.0000000E+00  9.6084327E-01  3.8718567E-02  1.6868385E-11  9.3925521E-11  4.2494212E-04  8.0045653E-13  2.1386684E-10  1.2133722E-09  9.6037037E-06  1.171E-16  0.000E+00  0.000E+00  1.000E+00  1.000E+00  4.47E+02  0.00E+00  0.00E+00  0.000000  0.682357  0.0000000E+00  0.0000000000E+00
212  2.577711364336655E+06  119.988481  6.486353  4.406841  7.5157740E-01  2.4837130E-01  1.2915496E-06  4.2998874E-09  1.0216523E-07  6.8211449E-06  3.5136679E-10  2.0005892E-09  9.2048308E-07  2.3543589E-08  5.418E-28  0.3888  4.406841   -8.435  2.323950  8.337045  0.0000000E+00  9.5170013E-01  4.7643881E-02  2.1128172E-11  7.2382242E-11  6.4275877E-04  2.2098967E-13  1.5956899E-10  1.4670085E-09  9.6029108E-06  1.001E-16  0.000E+00  0.000E+00  1.000E+00  1.000E+00  4.12E+02  0.00E+00  0.00E+00  0.000000  0.687656  0.0000000E+00  0.0000000000E+00
213  2.579479790031761E+06  119.988475  6.488976  4.379272  7.5157740E-01  2.4837130E-01  1.2915496E-06  4.2998874E-09  1.0216523E-07  6.8211449E-06  3.5136679E-10  2.0005892E-09  9.2048308E-07  2.3543589E-08  5.409E-28  0.3894  4.379272   -8.581  2.325829  8.337674  0.0000000E+00  9.4255700E-01  5.6521378E-02  2.5241885E-11  5.6042489E-11  9.0845605E-04  1.0554934E-13  1.2058021E-10  1.7910214E-09  9.6012804E-06  8.540E-17  0.000E+00  0.000E+00  1.000E+00  1.000E+00  3.86E+02  0.00E+00  0.00E+00  0.000000  0.691821  0.0000000E+00  0.0000000000E+00
214  2.581186387816986E+06  119.988471  6.490849  4.358202  7.5157740E-01  2.4837130E-01  1.2915496E-06  4.2998874E-09  1.0216523E-07  6.8211449E-06  3.5136679E-10  2.0005892E-09  9.2048308E-07  2.3543589E-08  5.400E-28  0.3900  4.358202   -8.704  2.327498  8.338264  0.0000000E+00  9.3341387E-01  6.5351047E-02  2.9256045E-11  4.3819237E-11  1.2218917E-03  8.6885979E-14  9.1878966E-11  2.2012607E-09  9.5990051E-06  7.282E-17  0.000E+00  0.000E+00  1.000E+00  1.000E+00  3.68E+02  0.00E+00  0.00E+00  0.000000  0.694811  0.0000000E+00  0.0000000000E+00
215  2.582977743584652E+06  119.988468  6.492265  4.341740  7.5157740E-01  2.4837130E-01  1.2915496E-06  4.2998875E-09  1.0216523E-07  6.8211449E-06  3.5136679E-10  2.0005892E-09  9.2048308E-07  2.3543589E-08  5.391E-28  0.3888  4.341740   -8.807  2.328978  8.338804  0.0000000E+00  9.2427074E-01  7.4129369E-02  3.3155116E-11  3.4008605E-11  1.5866535E-03  9.8284075E-14  7.0094222E-11  2.7221546E-09  9.5961717E-06  6.213E-17  0.000E+00  0.000E+00  1.000E+00  1.000E+00  3.54E+02  0.00E+00  0.00E+00  0.000000  0.697080  0.0000000E+00  0.0000000000E+00
216  2.584743368087970E+06  119.988466  6.493235  4.329650  7.5157740E-01  2.4837130E-01  1.2915496E-06  4.2998875E-09  1.0216523E-07  6.8211449E-06  3.5136679E-10  2.0005892E-09  9.2048308E-07  2.3543589E-08  5.382E-28  0.4026  4.329650   -8.886  2.330432  8.339344  0.0000000E+00  9.1512760E-01  8.2856776E-02  3.7111958E-11  3.1460692E-11  2.0024203E-03  1.3814536E-13  9.2622623E-11  3.3744603E-09  9.5928710E-06  5.322E-17  0.000E+00  0.000E+00  1.000E+00  1.000E+00  3.44E+02  0.00E+00  0.00E+00  0.000000  0.698638  0.0000000E+00  0.0000000000E+00
217  2.586488775936600E+06  119.988464  6.493886  4.321348  7.5157740E-01  2.4837130E-01  1.2915496E-06  4.2998875E-09  1.0216523E-07  6.8211449E-06  3.5136679E-10  2.0005892E-09  9.2048308E-07  2.3543589E-08  5.373E-28  0.4044  4.321348   -8.942  2.331919  8.339882  0.0000000E+00  9.0598447E-01  9.1534278E-02  4.0667724E-11  2.0763715E-11  2.4680525E-03  1.1246561E-13  4.1127640E-11  4.1764457E-09  9.5892780E-06  4.530E-17  0.000E+00  0.000E+00  1.000E+00  1.000E+00  3.37E+02  0.00E+00  0.00E+00  0.000000  0.699687  0.0000000E+00  0.0000000000E+00
218  2.588276906261663E+06  119.988462  6.494332  4.315639  7.5157740E-01  2.4837130E-01  1.2915496E-06  4.2998875E-09  1.0216523E-07  6.8211449E-06  3.5136679E-10  2.0005892E-09  9.2048308E-07  2.3543589E-08  5.364E-28  0.3891  4.315639   -8.982  2.333437  8.340426  0.0000000E+00  8.9684134E-01  1.0015321E-01  4.5222844E-11  1.9820387E-11  2.9922228E-03  2.6535040E-13  2.5135000E-10  5.1779022E-09  9.5851951E-06  4.009E-17  0.000E+00  0.000E+00  1.000E+00  1.000E+00  3.33E+02  0.00E+00  0.00E+00  0.000000  0.700404  0.0000000E+00  0.0000000000E+00
219  2.590031475181910E+06  119.988460  6.494623  4.311599  7.5157740E-01  2.4837130E-01  1.2915496E-06  4.2998876E-09  1.0216523E-07  6.8211449E-06  3.5136679E-10  2.0005892E-09  9.2048308E-07  2.3543589E-08  5.355E-28  0.3894  4.311599   -9.011  2.334920  8.340906  0.0000000E+00  8.8769820E-01  1.0872300E-01  4.7696451E-11  1.2715603E-11  3.5655665E-03  1.4513362E-13  2.4426707E-11  6.3715735E-09  9.5811788E-06  3.410E-17  0.000E+00  0.000E+00  1.000E+00  1.000E+00  3.30E+02  0.00E+00  0.00E+00  0.000000  0.700877  0.0000000E+00  0.0000000000E+00
220  2.591783331151878E+06  119.988458  6.494813  4.308301  7.5157740E-01  2.4837130E-01  1.2915496E-06  4.2998876E-09  1.0216523E-07  6.8211449E-06  3.5136679E-10  2.0005892E-09  9.2048308E-07  2.3543589E-08  5.346E-28  0.3993  4.308301   -9.035  2.336644  8.341485  0.0000000E+00  8.7855507E-01  1.1723762E-01  5.1160035E-11  9.9857171E-12  4.1941217E-03  1.2874816E-13  1.8895963E-11  7.8106343E-09  9.5766007E-06  2.898E-17  0.000E+00  0.000E+00  1.000E+00  1.000E+00  3.27E+02  0.00E+00  0.00E+00  0.000000  0.701181  0.0000000E+00  0.0000000000E+00
221  2.593530503925035E+06  119.988457  6.494939  4.305752  7.5157740E-01  2.4837130E-01  1.2915496E-06  4.2998876E-09  1.0216523E-07  6.8211449E-06  3.5136679E-10  2.0005892E-09  9.2048308E-07  2.3543589E-08  5.337E-28  0.3920  4.305752   -9.053  2.338302  8.342052  0.0000000E+00  8.6941194E-01  1.2569557E-01  5.4522827E-11  7.8478653E-12  4.8792667E-03  1.3020325E-13  1.4652202E-11  9.5307801E-09  9.5717542E-06  2.461E-17  0.000E+00  0.000E+00  1.000E+00  1.000E+00  3.25E+02  0.00E+00  0.00E+00  0.000000  0.701385  0.0000000E+00  0.0000000000E+00
222  2.595288382960729E+06  119.988455  6.495035  4.303643  7.5157740E-01  2.4837130E-01  1.2915496E-06  4.2998876E-09  1.0216523E-07  6.8211449E-06  3.5136679E-10  2.0005892E-09  9.2048308E-07  2.3543589E-08  5.328E-28  0.3906  4.303643   -9.069  2.337664  8.341805  0.0000000E+00  8.6026881E-01  1.3409529E-01  5.7465200E-11  6.2348645E-12  5.6226937E-03  1.3420789E-13  1.1436265E-11  1.1570563E-08  9.5666542E-06  2.089E-17  0.000E+00  0.000E+00  1.000E+00  1.000E+00  3.24E+02  0.00E+00  0.00E+00  0.000000  0.701540  0.0000000E+00  0.0000000000E+00
223  2.597059258508898E+06  119.988454  6.495105  4.301540  7.5157740E-01  2.4837130E-01  1.2915496E-06  4.2998876E-09  1.0216523E-07  6.8211449E-06  3.5136679E-10  2.0005892E-09  9.2048308E-07  2.3543589E-08  5.319E-28  0.3882  4.301540   -9.084  2.341538  8.343127  0.0000000E+00  8.5112567E-01  1.4243519E-01  6.0912172E-11  4.8508701E-12  6.4259195E-03  1.3820626E-13  8.8421373E-12  1.3971969E-08  9.5613132E-06  1.771E-17  0.000E+00  0.000E+00  1.000E+00  1.000E+00  3.22E+02  0.00E+00  0.00E+00  0.000000  0.701653  0.0000000E+00  0.0000000000E+00
224  2.598826593721821E+06  119.988452  6.495162  4.299440  7.5157740E-01  2.4837130E-01  1.2915496E-06  4.2998876E-09  1.0216523E-07  6.8211449E-06  3.5136679E-10  2.0005892E-09  9.2048308E-07  2.3543589E-08  5.310E-28  0.3942  4.299440   -9.100  2.343246  8.343713  0.0000000E+00  8.4198254E-01  1.5071498E-01  6.4066736E-11  3.8124909E-12  7.2892379E-03  1.4173173E-13  6.8696767E-12  1.6790818E-08  9.5557176E-06  1.500E-17  0.000E+00  0.000E+00  1.000E+00  1.000E+00  3.20E+02  0.00E+00  0.00E+00  0.000000  0.701746  0.0000000E+00  0.0000000000E+00
225  2.600606731786191E+06  119.988451  6.495219  4.297272  7.5157740E-01  2.4837130E-01  1.2915496E-06  4.2998876E-09  1.0216523E-07  6.8211449E-06  3.5136679E-10  2.0005892E-09  9.2048308E-07  2.3543589E-08  5.301E-28  0.3938  4.297272   -9.116  2.344902  8.344298  0.0000000E+00  8.3283941E-01  1.5893188E-01  6.7142532E-11  2.9924718E-12  8.2154940E-03  1.4472009E-13  5.3329050E-12  2.0083925E-08  9.5498706E-06  1.270E-17  0.000E+00  0.000E+00  1.000E+00  1.000E+00  3.19E+02  0.00E+00  0.00E+00  0.000000  0.701838  0.0000000E+00  0.0000000000E+00
226  2.602380554844385E+06  119.988449  6.495295  4.294842  7.5157740E-01  2.4837130E-01  1.2915496E-06  4.2998876E-09  1.0216523E-07  6.8211449E-06  3.5136679E-10  2.0005892E-09  9.2048308E-07  2.3543589E-08  5.292E-28  0.3939  4.294842   -9.134  2.346564  8.344884  0.0000000E+00  8.2369627E-01  1.6708598E-01  7.0152418E-11  2.3525673E-12  9.2044723E-03  1.4714071E-13  4.1493820E-12  2.3899767E-08  9.5437771E-06  1.073E-17  0.000E+00  0.000E+00  1.000E+00  1.000E+00  3.17E+02  0.00E+00  0.00E+00  0.000000  0.701961  0.0000000E+00  0.0000000000E+00
227  2.604155727224051E+06  119.988448  6.495388  4.292285  7.5157740E-01  2.4837130E-01  1.2915496E-06  4.2998877E-09  1.0216523E-07  6.8211449E-06  3.5136679E-10  2.0005892E-09  9.2048308E-07  2.3543589E-08  5.283E-28  0.3917  4.292285   -9.154  2.348257  8.345468  0.0000000E+00  8.1455314E-01  1.7517503E-01  7.3110380E-11  1.8503837E-12  1.0258570E-02  1.4902844E-13  3.2305154E-12  2.8309760E-08  9.5374301E-06  9.051E-18  0.000E+00  0.000E+00  1.000E+00  1.000E+00  3.15E+02  0.00E+00  0.00E+00  0.000000  0.702110  0.0000000E+00  0.0000000000E+00
228  2.605974830515830E+06  119.988441  6.495490  4.289725  7.5157740E-01  2.4837130E-01  1.2915496E-06  4.2998877E-09  1.0216523E-07  6.8211449E-06  3.5136679E-10  2.0005892E-09  9.2048308E-07  2.3543589E-08  5.274E-28  0.4042  4.289725   -7.372  2.346486  8.344819  0.0000000E+00  8.0541001E-01  1.8319135E-01  7.5419668E-11  1.4865348E-12  1.1385373E-02  1.5050056E-13  2.8403765E-12  3.3419736E-08  9.5308130E-06  7.656E-18  0.000E+00  0.000E+00  1.000E+00  1.000E+00  3.13E+02  0.00E+00  0.00E+00  0.000000  0.702276  0.0000000E+00  0.0000000000E+00
229  2.607792333034719E+06  119.988364  6.495583  4.287124  7.5157740E-01  2.4837130E-01  1.2915496E-06  4.2998884E-09  1.0216523E-07  6.8211449E-06  3.5136679E-10  2.0005892E-09  9.2048308E-07  2.3543589E-08  5.268E-28  0.3999  4.287124   -7.375  2.351617  8.346417  0.0000000E+00  7.9626688E-01  1.9114248E-01  7.8387917E-11  1.1420358E-12  1.2577413E-02  1.5125092E-13  1.9567837E-12  3.9164301E-08  9.5240168E-06  6.449E-18  0.000E+00  0.000E+00  1.000E+00  1.000E+00  3.11E+02  0.00E+00  0.00E+00  0.000000  0.702427  0.0000000E+00  0.0000000000E+00
230  2.609597497314243E+06  119.988288  6.495649  4.284567  7.5157740E-01  2.4837130E-01  1.2915496E-06  4.2998891E-09  1.0216523E-07  6.8211449E-06  3.5136679E-10  2.0005892E-09  9.2048308E-07  2.3543589E-08  5.262E-28  0.3999  4.284567   -7.377  2.353626  8.347080  0.0000000E+00  7.8712374E-01  1.9902626E-01  8.1349492E-11  8.9526386E-13  1.3836733E-02  1.5169877E-13  1.5183012E-12  4.5769568E-08  9.5169205E-06  5.419E-18  0.000E+00  0.000E+00  1.000E+00  1.000E+00  3.10E+02  0.00E+00  0.00E+00  0.000000  0.702534  0.0000000E+00  0.0000000000E+00
231  2.611403862702499E+06  119.988212  6.495697  4.282365  7.5157740E-01  2.4837130E-01  1.2915496E-06  4.2998897E-09  1.0216523E-07  6.8211449E-06  3.5136679E-10  2.0005892E-09  9.2048308E-07  2.3543589E-08  5.256E-28  0.3992  4.282365   -7.380  2.355501  8.347721  0.0000000E+00  7.7798061E-01  2.0683858E-01  8.4201675E-11  7.0221735E-13  1.5167568E-02  1.5164131E-13  1.1799240E-12  5.3310842E-08  9.5095378E-06  4.546E-18  0.000E+00  0.000E+00  1.000E+00  1.000E+00  3.08E+02  0.00E+00  0.00E+00  0.000000  0.702611  0.0000000E+00  0.0000000000E+00
232  2.613204541648197E+06  119.988137  6.495752  4.280186  7.5157740E-01  2.4837130E-01  1.2915496E-06  4.2998904E-09  1.0216523E-07  6.8211449E-06  3.5136679E-10  2.0005892E-09  9.2048308E-07  2.3543589E-08  5.250E-28  0.3893  4.280186   -7.382  2.358182  8.348369  0.0000000E+00  7.6883748E-01  2.1457928E-01  8.7099975E-11  5.5227063E-13  1.6569941E-02  1.5112399E-13  9.1905291E-13  6.1881506E-08  9.5018654E-06  3.804E-18  0.000E+00  0.000E+00  1.000E+00  1.000E+00  3.06E+02  0.00E+00  0.00E+00  0.000000  0.702702  0.0000000E+00  0.0000000000E+00
233  2.615006367500477E+06  119.988063  6.495832  4.277779  7.5157740E-01  2.4837130E-01  1.2915496E-06  4.2998911E-09  1.0216523E-07  6.8211449E-06  3.5136680E-10  2.0005892E-09  9.2048308E-07  2.3543589E-08  5.243E-28  0.4021  4.277779   -7.384  2.359993  8.348999  0.0000000E+00  7.5969434E-01  2.2224591E-01  8.9894816E-11  4.3388469E-13  1.8046437E-02  1.5014382E-13  7.1561516E-13  7.1599703E-08  9.4938922E-06  3.175E-18  0.000E+00  0.000E+00  1.000E+00  1.000E+00  3.05E+02  0.00E+00  0.00E+00  0.000000  0.702831  0.0000000E+00  0.0000000000E+00
234  2.616811986610808E+06  119.987989  6.495927  4.275223  7.5157740E-01  2.4837130E-01  1.2915496E-06  4.2998917E-09  1.0216523E-07  6.8211449E-06  3.5136680E-10  2.0005892E-09  9.2048308E-07  2.3543589E-08  5.237E-28  0.3911  4.275223   -7.387  2.361793  8.349627  0.0000000E+00  7.5055121E-01  2.2983555E-01  9.2672822E-11  3.4082417E-13  1.9599913E-02  1.4873740E-13  5.5739409E-13  8.2591168E-08  9.4856080E-06  2.645E-18  0.000E+00  0.000E+00  1.000E+00  1.000E+00  3.03E+02  0.00E+00  0.00E+00  0.000000  0.702986  0.0000000E+00  0.0000000000E+00
235  2.618666855032778E+06  119.987913  6.496027  4.272591  7.5157740E-01  2.4837130E-01  1.2915496E-06  4.2998924E-09  1.0216523E-07  6.8211449E-06  3.5136680E-10  2.0005892E-09  9.2048308E-07  2.3543589E-08  5.231E-28  0.4007  4.272591   -7.389  2.363528  8.350241  0.0000000E+00  7.4140808E-01  2.3734133E-01  9.5402712E-11  2.6651876E-13  2.1237271E-02  1.4692508E-13  4.3426128E-13  9.5076507E-08  9.4769815E-06  2.202E-18  0.000E+00  0.000E+00  1.000E+00  1.000E+00  3.01E+02  0.00E+00  0.00E+00  0.000000  0.703148  0.0000000E+00  0.0000000000E+00
236  2.620492626554335E+06  119.987838  6.496121  4.269926  7.5157740E-01  2.4837130E-01  1.2915496E-06  4.2998931E-09  1.0216523E-07  6.8211449E-06  3.5136680E-10  2.0005892E-09  9.2048308E-07  2.3543589E-08  5.224E-28  0.4038  4.269926   -7.392  2.365408  8.350898  0.0000000E+00  7.3226495E-01  2.4477049E-01  9.8219694E-11  2.0866977E-13  2.2951196E-02  1.4479922E-13  3.3580542E-13  1.0906350E-07  9.4680362E-06  1.824E-18  0.000E+00  0.000E+00  1.000E+00  1.000E+00  2.99E+02  0.00E+00  0.00E+00  0.000000  0.703301  0.0000000E+00  0.0000000000E+00
237  2.622321746558441E+06  119.987764  6.496209  4.267336  7.5157740E-01  2.4837130E-01  1.2915496E-06  4.2998937E-09  1.0216523E-07  6.8211449E-06  3.5136680E-10  2.0005892E-09  9.2048308E-07  2.3543589E-08  5.218E-28  0.3909  4.267336   -7.395  2.367237  8.351538  0.0000000E+00  7.2312181E-01  2.5211690E-01  1.0100532E-10  1.6354008E-13  2.4747932E-02  1.4226222E-13  2.6107991E-13  1.2478993E-07  9.4587413E-06  1.506E-18  0.000E+00  0.000E+00  1.000E+00  1.000E+00  2.97E+02  0.00E+00  0.00E+00  0.000000  0.703444  0.0000000E+00  0.0000000000E+00
238  2.624286333690079E+06  119.987685  6.496300  4.264636  7.5157740E-01  2.4837130E-01  1.2915496E-06  4.2998944E-09  1.0216523E-07  6.8211449E-06  3.5136680E-10  2.0005892E-09  9.2048308E-07  2.3543589E-08  5.211E-28  0.4021  4.264636   -7.397  2.369006  8.352174  0.0000000E+00  7.1397868E-01  2.5933327E-01  1.0375885E-10  1.3820687E-13  2.6674708E-02  1.3986810E-13  4.6960908E-13  1.4314634E-07  9.4489057E-06  1.330E-18  0.000E+00  0.000E+00  1.000E+00  1.000E+00  2.96E+02  0.00E+00  0.00E+00  0.000000  0.703591  0.0000000E+00  0.0000000000E+00
239  2.626126442529477E+06  119.987612  6.496379  4.262117  7.5157740E-01  2.4837130E-01  1.2915496E-06  4.2998951E-09  1.0216523E-07  6.8211449E-06  3.5136680E-10  2.0005892E-09  9.2048308E-07  2.3543589E-08  5.205E-28  0.3929  4.262117   -7.400  2.370958  8.352847  0.0000000E+00  7.0483555E-01  2.6650700E-01  1.0665910E-10  9.8630863E-14  2.8644062E-02  1.3667898E-13  1.5493575E-13  1.6297399E-07  9.4388670E-06  1.090E-18  0.000E+00  0.000E+00  1.000E+00  1.000E+00  2.94E+02  0.00E+00  0.00E+00  0.000000  0.703720  0.0000000E+00  0.0000000000E+00
240  2.627995605494602E+06  119.987538  6.496458  4.259585  7.5157740E-01  2.4837130E-01  1.2915496E-06  4.2998957E-09  1.0216523E-07  6.8211449E-06  3.5136680E-10  2.0005892E-09  9.2048308E-07  2.3543589E-08  5.198E-28  0.3930  4.259585   -7.402  2.372859  8.353499  0.0000000E+00  6.9569241E-01  2.7358572E-01  1.0949619E-10  7.7010714E-14  3.0708416E-02  1.3323016E-13  1.2280558E-13  1.8526798E-07  9.4284098E-06  8.997E-19  0.000E+00  0.000E+00  1.000E+00  1.000E+00  2.92E+02  0.00E+00  0.00E+00  0.000000  0.703848  0.0000000E+00  0.0000000000E+00
241  2.629867962293203E+06  119.987464  6.496535  4.257048  7.5157740E-01  2.4837130E-01  1.2915496E-06  4.2998964E-09  1.0216523E-07  6.8211449E-06  3.5136680E-10  2.0005892E-09  9.2048308E-07  2.3543589E-08  5.192E-28  0.4003  4.257048   -7.405  2.374788  8.354159  0.0000000E+00  6.8654928E-01  2.8057519E-01  1.1234921E-10  6.0119265E-14  3.2862043E-02  1.2948070E-13  9.7401508E-14  2.1014114E-07  9.4175511E-06  7.360E-19  0.000E+00  0.000E+00  1.000E+00  1.000E+00  2.90E+02  0.00E+00  0.00E+00  0.000000  0.703973  0.0000000E+00  0.0000000000E+00
242  2.631802130830781E+06  119.987388  6.496613  4.254275  7.5157740E-01  2.4837130E-01  1.2915496E-06  4.2998970E-09  1.0216523E-07  6.8211449E-06  3.5136680E-10  2.0005892E-09  9.2048308E-07  2.3543589E-08  5.185E-28  0.3905  4.254275   -7.408  2.376228  8.354238  0.0000000E+00  6.7740615E-01  2.8746192E-01  1.1316229E-10  4.6943271E-14  3.5118399E-02  1.2525079E-13  7.2618913E-14  2.3715555E-07  9.4064785E-06  5.986E-19  0.000E+00  0.000E+00  1.000E+00  1.000E+00  2.89E+02  0.00E+00  0.00E+00  0.000000  0.704101  0.0000000E+00  0.0000000000E+00
243  2.633706172355779E+06  119.987313  6.496625  4.250982  7.5157740E-01  2.4837130E-01  1.2915495E-06  4.2998977E-09  1.0216523E-07  6.8211449E-06  3.5136680E-10  2.0005892E-09  9.2048308E-07  2.3543589E-08  5.178E-28  0.3980  4.250982   -7.411  2.379171  8.355123  0.0000000E+00  6.6826302E-01  2.9426160E-01  1.1703214E-10  3.6414148E-14  3.7461878E-02  1.2124018E-13  5.5685528E-14  2.6758745E-07  9.3948954E-06  4.842E-19  0.000E+00  0.000E+00  1.000E+00  1.000E+00  2.86E+02  0.00E+00  0.00E+00  0.000000  0.704121  0.0000000E+00  0.0000000000E+00
244  2.635598315073750E+06  119.987240  6.496617  4.248335  7.5157740E-01  2.4837130E-01  1.2915495E-06  4.2998984E-09  1.0216523E-07  6.8211449E-06  3.5136680E-10  2.0005892E-09  9.2048308E-07  2.3543589E-08  5.172E-28  0.4004  4.248335   -7.414  2.381577  8.355900  0.0000000E+00  6.5911988E-01  3.0096538E-01  1.2038073E-10  2.8333734E-14  3.9901139E-02  1.1692977E-13  4.2938706E-14  3.0163578E-07  9.3828162E-06  3.894E-19  0.000E+00  0.000E+00  1.000E+00  1.000E+00  2.85E+02  0.00E+00  0.00E+00  0.000000  0.704107  0.0000000E+00  0.0000000000E+00
245  2.637487250864623E+06  119.987168  6.496627  4.245361  7.5157740E-01  2.4837130E-01  1.2915495E-06  4.2998990E-09  1.0216523E-07  6.8211449E-06  3.5136680E-10  2.0005892E-09  9.2048308E-07  2.3543589E-08  5.165E-28  0.3900  4.245361   -7.417  2.383799  8.356644  0.0000000E+00  6.4997675E-01  3.0756877E-01  1.2362577E-10  2.2063829E-14  4.2440915E-02  1.1241274E-13  3.3166149E-14  3.3964133E-07  9.3702296E-06  3.114E-19  0.000E+00  0.000E+00  1.000E+00  1.000E+00  2.83E+02  0.00E+00  0.00E+00  0.000000  0.704123  0.0000000E+00  0.0000000000E+00
246  2.639385262645352E+06  119.987096  6.496701  4.241608  7.5157740E-01  2.4837130E-01  1.2915495E-06  4.2998996E-09  1.0216523E-07  6.8211449E-06  3.5136680E-10  2.0005892E-09  9.2048308E-07  2.3543589E-08  5.159E-28  0.3822  4.241608   -7.421  2.385909  8.357363  0.0000000E+00  6.4083362E-01  3.1406799E-01  1.2684631E-10  1.7176910E-14  4.5084774E-02  1.0773869E-13  2.5632473E-14  3.8200511E-07  9.3571170E-06  2.477E-19  0.000E+00  0.000E+00  1.000E+00  1.000E+00  2.80E+02  0.00E+00  0.00E+00  0.000000  0.704244  0.0000000E+00  0.0000000000E+00
247  2.641283943630535E+06  119.987024  6.496824  4.237643  7.5157740E-01  2.4837130E-01  1.2915495E-06  4.2999003E-09  1.0216523E-07  6.8211449E-06  3.5136680E-10  2.0005892E-09  9.2048308E-07  2.3543589E-08  5.152E-28  0.3904  4.237643   -7.425  2.388051  8.358096  0.0000000E+00  6.3169048E-01  3.2045988E-01  1.3007994E-10  1.3370306E-14  4.7835935E-02  1.0294346E-13  1.9796119E-14  4.2917684E-07  9.3434560E-06  1.958E-19  0.000E+00  0.000E+00  1.000E+00  1.000E+00  2.78E+02  0.00E+00  0.00E+00  0.000000  0.704444  0.0000000E+00  0.0000000000E+00
248  2.643185154979756E+06  119.986953  6.496965  4.233595  7.5157740E-01  2.4837130E-01  1.2915495E-06  4.2999009E-09  1.0216523E-07  6.8211449E-06  3.5136680E-10  2.0005892E-09  9.2048308E-07  2.3543589E-08  5.145E-28  0.3908  4.233595   -7.429  2.390183  8.358828  0.0000000E+00  6.2254735E-01  3.2674137E-01  1.3336610E-10  1.0405871E-14  5.0697528E-02  9.8056244E-14  1.5290275E-14  4.8165903E-07  9.3292219E-06  1.538E-19  0.000E+00  0.000E+00  1.000E+00  1.000E+00  2.75E+02  0.00E+00  0.00E+00  0.000000  0.704673  0.0000000E+00  0.0000000000E+00
249  2.645117401504044E+06  119.986881  6.497107  4.229383  7.5157740E-01  2.4837130E-01  1.2915495E-06  4.2999015E-09  1.0216523E-07  6.8211449E-06  3.5136680E-10  2.0005892E-09  9.2048308E-07  2.3543589E-08  5.138E-28  0.3913  4.229383   -7.433  2.392246  8.359546  0.0000000E+00  6.1340422E-01  3.3290795E-01  1.3663367E-10  8.0725898E-15  5.3673992E-02  9.3103857E-14  1.1789450E-14  5.4008300E-07  9.3143801E-06  1.200E-19  0.000E+00  0.000E+00  1.000E+00  1.000E+00  2.72E+02  0.00E+00  0.00E+00  0.000000  0.704904  0.0000000E+00  0.0000000000E+00
250  2.647095820885170E+06  119.986809  6.497238  4.225368  7.5157740E-01  2.4837130E-01  1.2915495E-06  4.2999022E-09  1.0216523E-07  6.8211449E-06  3.5136680E-10  2.0005892E-09  9.2048308E-07  2.3543589E-08  5.131E-28  0.3996  4.225368   -7.437  2.394280  8.360255  0.0000000E+00  6.0426109E-01  3.3894677E-01  1.3986149E-10  6.2347242E-15  5.6778248E-02  8.8138488E-14  9.0931990E-15  6.0555101E-07  9.2988513E-06  9.398E-20  0.000E+00  0.000E+00  1.000E+00  1.000E+00  2.70E+02  0.00E+00  0.00E+00  0.000000  0.705118  0.0000000E+00  0.0000000000E+00
251  2.649037846024382E+06  119.986738  6.497354  4.221689  7.5157740E-01  2.4837130E-01  1.2915495E-06  4.2999028E-09  1.0216523E-07  6.8211449E-06  3.5136680E-10  2.0005892E-09  9.2048308E-07  2.3543589E-08  5.124E-28  0.3907  4.221689   -7.441  2.396493  8.361026  0.0000000E+00  5.9511795E-01  3.4487611E-01  1.4333130E-10  4.8206045E-15  5.9991941E-02  8.3189353E-14  6.9386811E-15  6.7766506E-07  9.2827211E-06  7.229E-20  0.000E+00  0.000E+00  1.000E+00  1.000E+00  2.68E+02  0.00E+00  0.00E+00  0.000000  0.705306  0.0000000E+00  0.0000000000E+00
252  2.650995245496592E+06  119.986667  6.497459  4.218179  7.5157740E-01  2.4837130E-01  1.2915495E-06  4.2999034E-09  1.0216523E-07  6.8211449E-06  3.5136680E-10  2.0005892E-09  9.2048308E-07  2.3543589E-08  5.117E-28  0.3961  4.218179   -7.444  2.398675  8.361779  0.0000000E+00  5.8597482E-01  3.5068039E-01  1.4673714E-10  3.7291495E-15  6.3330789E-02  7.8203126E-14  5.3315302E-15  7.5787663E-07  9.2658819E-06  5.526E-20  0.000E+00  0.000E+00  1.000E+00  1.000E+00  2.65E+02  0.00E+00  0.00E+00  0.000000  0.705477  0.0000000E+00  0.0000000000E+00
253  2.653046462434249E+06  119.986594  6.497560  4.214537  7.5157740E-01  2.4837130E-01  1.2915495E-06  4.2999041E-09  1.0216523E-07  6.8211449E-06  3.5136680E-10  2.0005892E-09  9.2048308E-07  2.3543589E-08  5.110E-28  0.3896  4.214537   -7.448  2.400848  8.362534  0.0000000E+00  5.7683169E-01  3.5632925E-01  1.5008655E-10  2.8487656E-15  6.6824960E-02  7.3376395E-14  4.0570007E-15  8.4853090E-07  9.2481611E-06  4.350E-20  0.000E+00  0.000E+00  1.000E+00  1.000E+00  2.63E+02  0.00E+00  0.00E+00  0.000000  0.705641  0.0000000E+00  0.0000000000E+00
254  2.655018099797355E+06  119.986524  6.497650  4.211069  7.5157740E-01  2.4837130E-01  1.2915495E-06  4.2999047E-09  1.0216523E-07  6.8211449E-06  3.5136680E-10  2.0005892E-09  9.2048308E-07  2.3543589E-08  5.103E-28  0.4012  4.211069   -7.452  2.403126  8.363312  0.0000000E+00  5.6768855E-01  3.6187703E-01  1.5361268E-10  2.1991524E-15  7.0420167E-02  6.8516782E-14  3.1004746E-15  9.4740055E-07  9.2298226E-06  3.261E-20  0.000E+00  0.000E+00  1.000E+00  1.000E+00  2.61E+02  0.00E+00  0.00E+00  0.000000  0.705788  0.0000000E+00  0.0000000000E+00
255  2.657014591052868E+06  119.986454  6.497737  4.207614  7.5157740E-01  2.4837130E-01  1.2915495E-06  4.2999053E-09  1.0216523E-07  6.8211449E-06  3.5136680E-10  2.0005892E-09  9.2048308E-07  2.3543589E-08  5.096E-28  0.3994  4.207614   -7.455  2.405412  8.364098  0.0000000E+00  5.5854542E-01  3.6728670E-01  1.5711175E-10  1.6922747E-15  7.4153501E-02  6.3697904E-14  2.3698977E-15  1.0574129E-06  9.2106488E-06  2.436E-20  0.000E+00  0.000E+00  1.000E+00  1.000E+00  2.59E+02  0.00E+00  0.00E+00  0.000000  0.705931  0.0000000E+00  0.0000000000E+00
256  2.659011689119742E+06  119.986384  6.497821  4.204189  7.5157740E-01  2.4837130E-01  1.2915495E-06  4.2999060E-09  1.0216523E-07  6.8211449E-06  3.5136680E-10  2.0005892E-09  9.2048308E-07  2.3543589E-08  5.089E-28  0.4020  4.204189   -7.459  2.407696  8.364877  0.0000000E+00  5.4940229E-01  3.7256071E-01  1.6049742E-10  1.3028482E-15  7.8022518E-02  5.8961782E-14  1.8134623E-15  1.1793762E-06  9.1906297E-06  1.792E-20  0.000E+00  0.000E+00  1.000E+00  1.000E+00  2.57E+02  0.00E+00  0.00E+00  0.000000  0.706067  0.0000000E+00  0.0000000000E+00
257  2.661016769462405E+06  119.986315  6.497903  4.200735  7.5157740E-01  2.4837130E-01  1.2915495E-06  4.2999066E-09  1.0216523E-07  6.8211449E-06  3.5136680E-10  2.0005892E-09  9.2048308E-07  2.3543589E-08  5.081E-28  0.4036  4.200735   -7.462  2.410073  8.365678  0.0000000E+00  5.4025916E-01  3.7769210E-01  1.6395956E-10  1.0016920E-15  8.2034141E-02  5.4349288E-14  1.3856873E-15  1.3148194E-06  9.1697012E-06  1.305E-20  0.000E+00  0.000E+00  1.000E+00  1.000E+00  2.55E+02  0.00E+00  0.00E+00  0.000000  0.706201  0.0000000E+00  0.0000000000E+00
258  2.663037536973786E+06  119.986245  6.497984  4.197408  7.5157740E-01  2.4837130E-01  1.2915495E-06  4.2999072E-09  1.0216523E-07  6.8211449E-06  3.5136680E-10  2.0005892E-09  9.2048308E-07  2.3543589E-08  5.074E-28  0.4015  4.197408   -7.465  2.412460  8.366484  0.0000000E+00  5.3111602E-01  3.8267490E-01  1.6732405E-10  7.6880159E-16  8.6194326E-02  4.9884700E-14  1.0577831E-15  1.4653397E-06  9.1478057E-06  9.440E-21  0.000E+00  0.000E+00  1.000E+00  1.000E+00  2.53E+02  0.00E+00  0.00E+00  0.000000  0.706334  0.0000000E+00  0.0000000000E+00
259  2.665092420862329E+06  119.986175  6.498075  4.194032  7.5157740E-01  2.4837130E-01  1.2915495E-06  4.2999078E-09  1.0216523E-07  6.8211449E-06  3.5136680E-10  2.0005892E-09  9.2048308E-07  2.3543589E-08  5.067E-28  0.3919  4.194032   -7.469  2.413905  8.366790  0.0000000E+00  5.2197289E-01  3.8749966E-01  1.6716519E-10  5.9400791E-16  9.0512550E-02  4.5503027E-14  8.1814747E-16  1.6306746E-06  9.1250666E-06  6.745E-21  0.000E+00  0.000E+00  1.000E+00  1.000E+00  2.51E+02  0.00E+00  0.00E+00  0.000000  0.706482  0.0000000E+00  0.0000000000E+00
260  2.667161837995807E+06  119.986105  6.498115  4.189704  7.5157740E-01  2.4837130E-01  1.2915495E-06  4.2999084E-09  1.0216523E-07  6.8211449E-06  3.5136680E-10  2.0005892E-09  9.2048308E-07  2.3543589E-08  5.059E-28  0.3998  4.189704   -7.473  2.417411  8.367866  0.0000000E+00  5.1282976E-01  3.9217258E-01  1.7236974E-10  4.5176274E-16  9.4982523E-02  4.1438624E-14  6.1690924E-16  1.8140229E-06  9.1013062E-06  4.770E-21  0.000E+00  0.000E+00  1.000E+00  1.000E+00  2.48E+02  0.00E+00  0.00E+00  0.000000  0.706547  0.0000000E+00  0.0000000000E+00
261  2.669217457569704E+06  119.986036  6.498151  4.186002  7.5157740E-01  2.4837130E-01  1.2915495E-06  4.2999090E-09  1.0216523E-07  6.8211449E-06  3.5136680E-10  2.0005892E-09  9.2048308E-07  2.3543589E-08  5.052E-28  0.3904  4.186002   -7.477  2.420236  8.368784  0.0000000E+00  5.0368662E-01  3.9669024E-01  1.7598927E-10  3.4488017E-16  9.9607797E-02  3.7519281E-14  4.6975429E-16  2.0185871E-06  9.0763530E-06  3.329E-21  0.000E+00  0.000E+00  1.000E+00  1.000E+00  2.46E+02  0.00E+00  0.00E+00  0.000000  0.706606  0.0000000E+00  0.0000000000E+00
262  2.671302662867134E+06  119.985967  6.498182  4.182305  7.5157740E-01  2.4837130E-01  1.2915495E-06  4.2999096E-09  1.0216523E-07  6.8211449E-06  3.5136680E-10  2.0005892E-09  9.2048308E-07  2.3543589E-08  5.044E-28  0.3971  4.182305   -7.481  2.422910  8.369675  0.0000000E+00  4.9454349E-01  4.0104451E-01  1.7923780E-10  2.6265093E-16  1.0439646E-01  3.3785225E-14  3.5845511E-16  2.2464412E-06  9.0501672E-06  2.294E-21  0.000E+00  0.000E+00  1.000E+00  1.000E+00  2.44E+02  0.00E+00  0.00E+00  0.000000  0.706657  0.0000000E+00  0.0000000000E+00
263  2.673384002227456E+06  119.985899  6.498246  4.177974  7.5157740E-01  2.4837130E-01  1.2915495E-06  4.2999103E-09  1.0216523E-07  6.8211449E-06  3.5136680E-10  2.0005892E-09  9.2048308E-07  2.3543589E-08  5.037E-28  0.4024  4.177974   -7.486  2.425534  8.370554  0.0000000E+00  4.8540036E-01  4.0522932E-01  1.8224967E-10  2.0011702E-16  1.0935454E-01  3.0253354E-14  2.7494586E-16  2.5001527E-06  9.0226847E-06  1.560E-21  0.000E+00  0.000E+00  1.000E+00  1.000E+00  2.42E+02  0.00E+00  0.00E+00  0.000000  0.706761  0.0000000E+00  0.0000000000E+00
264  2.675463925699032E+06  119.985831  6.498346  4.172949  7.5157740E-01  2.4837130E-01  1.2915495E-06  4.2999109E-09  1.0216523E-07  6.8211449E-06  3.5136680E-10  2.0005892E-09  9.2048308E-07  2.3543589E-08  5.029E-28  0.3920  4.172949   -7.491  2.428190  8.371451  0.0000000E+00  4.7625723E-01  4.0923848E-01  1.8528475E-10  1.5126791E-16  1.1448821E-01  2.6937402E-14  2.1133876E-16  2.7825759E-06  8.9938374E-06  1.045E-21  0.000E+00  0.000E+00  1.000E+00  1.000E+00  2.39E+02  0.00E+00  0.00E+00  0.000000  0.706925  0.0000000E+00  0.0000000000E+00
265  2.677587919849797E+06  119.985763  6.498467  4.167645  7.5157740E-01  2.4837130E-01  1.2915495E-06  4.2999115E-09  1.0216523E-07  6.8211449E-06  3.5136680E-10  2.0005892E-09  9.2048308E-07  2.3543589E-08  5.021E-28  0.3954  4.167645   -7.496  2.430770  8.372328  0.0000000E+00  4.6711409E-01  4.1306591E-01  1.8767440E-10  1.1470470E-16  1.1980356E-01  2.3834944E-14  1.6429555E-16  3.0971556E-06  8.9635387E-06  6.918E-22  0.000E+00  0.000E+00  1.000E+00  1.000E+00  2.36E+02  0.00E+00  0.00E+00  0.000000  0.707122  0.0000000E+00  0.0000000000E+00
266  2.679718355721867E+06  119.985695  6.498589  4.162428  7.5157740E-01  2.4837130E-01  1.2915495E-06  4.2999121E-09  1.0216523E-07  6.8211449E-06  3.5136680E-10  2.0005892E-09  9.2048308E-07  2.3543589E-08  5.013E-28  0.3999  4.162428   -7.502  2.433462  8.373240  0.0000000E+00  4.5797096E-01  4.1670482E-01  1.8991854E-10  8.6861366E-17  1.2530747E-01  2.0960144E-14  1.2936340E-16  3.4478980E-06  8.9316879E-06  4.520E-22  0.000E+00  0.000E+00  1.000E+00  1.000E+00  2.33E+02  0.00E+00  0.00E+00  0.000000  0.707321  0.0000000E+00  0.0000000000E+00
267  2.681908854365487E+06  119.985627  6.498707  4.157385  7.5157740E-01  2.4837130E-01  1.2915495E-06  4.2999127E-09  1.0216523E-07  6.8211449E-06  3.5136680E-10  2.0005892E-09  9.2048308E-07  2.3543589E-08  5.005E-28  0.3893  4.157385   -7.507  2.436118  8.374139  0.0000000E+00  4.4882783E-01  4.2013296E-01  1.9176622E-10  6.5297484E-17  1.3102205E-01  1.8361435E-14  1.0338221E-16  3.8418770E-06  8.8980648E-06  3.076E-22  0.000E+00  0.000E+00  1.000E+00  1.000E+00  2.31E+02  0.00E+00  0.00E+00  0.000000  0.707514  0.0000000E+00  0.0000000000E+00
268  2.684064842279249E+06  119.985560  6.498816  4.152408  7.5157740E-01  2.4837130E-01  1.2915495E-06  4.2999133E-09  1.0216523E-07  6.8211449E-06  3.5136680E-10  2.0005892E-09  9.2048308E-07  2.3543589E-08  4.997E-28  0.4012  4.152408   -7.512  2.438926  8.375081  0.0000000E+00  4.3968469E-01  4.2337982E-01  1.9335211E-10  4.9290866E-17  1.3691782E-01  1.5924838E-14  8.5227712E-17  4.2779071E-06  8.8628371E-06  1.947E-22  0.000E+00  0.000E+00  1.000E+00  1.000E+00  2.28E+02  0.00E+00  0.00E+00  0.000000  0.707691  0.0000000E+00  0.0000000000E+00
269  2.686296386632615E+06  119.985492  6.498912  4.147125  7.5157740E-01  2.4837130E-01  1.2915495E-06  4.2999139E-09  1.0216523E-07  6.8211449E-06  3.5136680E-10  2.0005892E-09  9.2048308E-07  2.3543589E-08  4.989E-28  0.3993  4.147125   -7.517  2.440869  8.375388  0.0000000E+00  4.3054156E-01  4.2640117E-01  1.9043756E-10  3.7095665E-17  1.4303917E-01  1.3691658E-14  7.2385168E-17  4.7546597E-06  8.8262802E-06  1.224E-22  0.000E+00  0.000E+00  1.000E+00  1.000E+00  2.25E+02  0.00E+00  0.00E+00  0.000000  0.707849  0.0000000E+00  0.0000000000E+00
270  2.688499462558917E+06  119.985425  6.498921  4.141222  7.5157740E-01  2.4837130E-01  1.2915495E-06  4.2999144E-09  1.0216523E-07  6.8211449E-06  3.5136680E-10  2.0005892E-09  9.2048308E-07  2.3543589E-08  4.981E-28  0.3969  4.141222   -7.524  2.445141  8.376672  0.0000000E+00  4.2139843E-01  4.2922722E-01  1.9367453E-10  2.7747932E-17  1.4935571E-01  1.1723953E-14  6.3903926E-17  5.2894992E-06  8.7876783E-06  7.568E-23  0.000E+00  0.000E+00  1.000E+00  1.000E+00  2.22E+02  0.00E+00  0.00E+00  0.000000  0.707864  0.0000000E+00  0.0000000000E+00
271  2.690698842880922E+06  119.985360  6.498907  4.135775  7.5157740E-01  2.4837130E-01  1.2915495E-06  4.2999150E-09  1.0216523E-07  6.8211449E-06  3.5136680E-10  2.0005892E-09  9.2048308E-07  2.3543589E-08  4.973E-28  0.3975  4.135775   -7.529  2.448470  8.377745  0.0000000E+00  4.1225530E-01  4.3184296E-01  1.9478188E-10  2.0825405E-17  1.5588248E-01  9.9424613E-15  5.9168925E-17  5.8906889E-06  8.7468305E-06  4.596E-23  0.000E+00  0.000E+00  1.000E+00  1.000E+00  2.19E+02  0.00E+00  0.00E+00  0.000000  0.707840  0.0000000E+00  0.0000000000E+00
272  2.692911373896589E+06  119.985295  6.498971  4.128325  7.5157740E-01  2.4837130E-01  1.2915495E-06  4.2999156E-09  1.0216523E-07  6.8211449E-06  3.5136680E-10  2.0005892E-09  9.2048308E-07  2.3543589E-08  4.965E-28  0.3919  4.128325   -7.537  2.451579  8.378778  0.0000000E+00  4.0311216E-01  4.3423480E-01  1.9502806E-10  1.5607969E-17  1.6263305E-01  8.3552917E-15  5.7206252E-17  6.5652392E-06  8.7036513E-06  2.746E-23  0.000E+00  0.000E+00  1.000E+00  1.000E+00  2.16E+02  0.00E+00  0.00E+00  0.000000  0.707946  0.0000000E+00  0.0000000000E+00
273  2.695199728191115E+06  119.985229  6.499144  4.119043  7.5157740E-01  2.4837130E-01  1.2915495E-06  4.2999162E-09  1.0216523E-07  6.8211449E-06  3.5136680E-10  2.0005892E-09  9.2048308E-07  2.3543589E-08  4.956E-28  0.3999  4.119043   -7.547  2.454542  8.379793  0.0000000E+00  3.9396903E-01  4.3638458E-01  1.9450219E-10  1.1591134E-17  1.6962567E-01  6.9651162E-15  5.7390383E-17  7.3238450E-06  8.6579515E-06  1.637E-23  0.000E+00  0.000E+00  1.000E+00  1.000E+00  2.11E+02  0.00E+00  0.00E+00  0.000000  0.708229  0.0000000E+00  0.0000000000E+00
274  2.697464209226875E+06  119.985166  6.499353  4.109456  7.5157740E-01  2.4837130E-01  1.2915495E-06  4.2999167E-09  1.0216523E-07  6.8211449E-06  3.5136680E-10  2.0005892E-09  9.2048308E-07  2.3543589E-08  4.948E-28  0.3878  4.109456   -7.557  2.457599  8.380831  0.0000000E+00  3.8482590E-01  4.3829789E-01  1.9349311E-10  8.6319696E-18  1.7685466E-01  5.7414139E-15  5.9556964E-17  8.1732725E-06  8.6096763E-06  9.492E-24  0.000E+00  0.000E+00  1.000E+00  1.000E+00  2.06E+02  0.00E+00  0.00E+00  0.000000  0.708569  0.0000000E+00  0.0000000000E+00
275  2.699792649378551E+06  119.985102  6.499560  4.100086  7.5157740E-01  2.4837130E-01  1.2915495E-06  4.2999173E-09  1.0216523E-07  6.8211449E-06  3.5136680E-10  2.0005892E-09  9.2048308E-07  2.3543589E-08  4.939E-28  0.3877  4.100086   -7.566  2.460696  8.381884  0.0000000E+00  3.7568276E-01  4.3994733E-01  1.9181060E-10  6.3782771E-18  1.8434739E-01  4.6979722E-15  6.3321771E-17  9.1322672E-06  8.5584492E-06  5.657E-24  0.000E+00  0.000E+00  1.000E+00  1.000E+00  2.02E+02  0.00E+00  0.00E+00  0.000000  0.708908  0.0000000E+00  0.0000000000E+00
276  2.702093141635619E+06  119.985040  6.499735  4.091519  7.5157740E-01  2.4837130E-01  1.2915495E-06  4.2999179E-09  1.0216523E-07  6.8211449E-06  3.5136680E-10  2.0005892E-09  9.2048308E-07  2.3543589E-08  4.930E-28  0.3977  4.091519   -7.575  2.463910  8.382964  0.0000000E+00  3.6653963E-01  4.4134995E-01  1.8993403E-10  4.6926907E-18  1.9208681E-01  3.7886510E-15  6.8599022E-17  1.0205676E-05  8.5043270E-06  3.170E-24  0.000E+00  0.000E+00  1.000E+00  1.000E+00  1.98E+02  0.00E+00  0.00E+00  0.000000  0.709194  0.0000000E+00  0.0000000000E+00
277  2.704414410509342E+06  119.984979  6.499882  4.083630  7.5157740E-01  2.4837130E-01  1.2915495E-06  4.2999184E-09  1.0216523E-07  6.8211449E-06  3.5136680E-10  2.0005892E-09  9.2048308E-07  2.3543589E-08  4.921E-28  0.3990  4.083630   -7.583  2.467165  8.384058  0.0000000E+00  3.5739650E-01  4.4248314E-01  1.8709657E-10  3.4702505E-18  2.0009546E-01  3.0177949E-15  7.5106575E-17  1.1414893E-05  8.4469366E-06  1.750E-24  0.000E+00  0.000E+00  1.000E+00  1.000E+00  1.94E+02  0.00E+00  0.00E+00  0.000000  0.709435  0.0000000E+00  0.0000000000E+00
278  2.706767390350305E+06  119.984918  6.500007  4.076210  7.5157740E-01  2.4837130E-01  1.2915495E-06  4.2999189E-09  1.0216523E-07  6.8211449E-06  3.5136680E-10  2.0005892E-09  9.2048308E-07  2.3543589E-08  4.912E-28  0.3926  4.076210   -7.591  2.470449  8.385160  0.0000000E+00  3.4825337E-01  4.4333534E-01  1.8356358E-10  2.5563997E-18  2.0838505E-01  2.3743088E-15  8.2773157E-17  1.2780118E-05  8.3859975E-06  9.562E-25  0.000E+00  0.000E+00  1.000E+00  1.000E+00  1.91E+02  0.00E+00  0.00E+00  0.000000  0.709639  0.0000000E+00  0.0000000000E+00
279  2.709140277454758E+06  119.984858  6.500116  4.068396  7.5157740E-01  2.4837130E-01  1.2915495E-06  4.2999195E-09  1.0216523E-07  6.8211449E-06  3.5136680E-10  2.0005892E-09  9.2048308E-07  2.3543589E-08  4.903E-28  0.3978  4.068396   -7.599  2.473887  8.386308  0.0000000E+00  3.3911023E-01  4.4389918E-01  1.7950756E-10  1.8777682E-18  2.1696277E-01  1.8426496E-15  9.1560478E-17  1.4322198E-05  8.3212612E-06  5.169E-25  0.000E+00  0.000E+00  1.000E+00  1.000E+00  1.88E+02  0.00E+00  0.00E+00  0.000000  0.709818  0.0000000E+00  0.0000000000E+00
280  2.711531113842138E+06  119.984798  6.500217  4.060696  7.5157740E-01  2.4837130E-01  1.2915495E-06  4.2999200E-09  1.0216523E-07  6.8211449E-06  3.5136680E-10  2.0005892E-09  9.2048308E-07  2.3543589E-08  4.894E-28  0.3996  4.060696   -7.607  2.477343  8.387457  0.0000000E+00  3.2996710E-01  4.4416482E-01  1.7476038E-10  1.3766916E-18  2.2583852E-01  1.4083570E-15  1.0134680E-16  1.6066505E-05  8.2524292E-06  2.734E-25  0.000E+00  0.000E+00  1.000E+00  1.000E+00  1.84E+02  0.00E+00  0.00E+00  0.000000  0.709984  0.0000000E+00  0.0000000000E+00
281  2.711946703694372E+06  119.984787  6.500235  4.059369  7.5157740E-01  2.4837130E-01  1.2915495E-06  4.2999201E-09  1.0216523E-07  6.8211449E-06  3.5136680E-10  2.0005892E-09  9.2048308E-07  2.3543589E-08  4.892E-28  0.4006  4.059369   -7.608  2.477963  8.387663  0.0000000E+00  3.2838628E-01  4.4417952E-01  1.7386262E-10  1.3043460E-18  2.2740430E-01  1.3422763E-15  1.0312602E-16  1.6390716E-05  8.2400896E-06  2.446E-25  0.000E+00  0.000E+00  1.000E+00  1.000E+00  1.84E+02  0.00E+00  0.00E+00  0.000000  0.710012  0.0000000E+00  0.0000000000E+00
282  2.712362901868296E+06  119.984777  6.500252  4.058039  7.5157740E-01  2.4837130E-01  1.2915495E-06  4.2999202E-09  1.0216523E-07  6.8211449E-06  3.5136680E-10  2.0005892E-09  9.2048308E-07  2.3543589E-08  4.891E-28  0.3977  4.058039   -7.610  2.478557  8.387860  0.0000000E+00  3.2680546E-01  4.4418503E-01  1.7355972E-10  1.2254500E-18  2.2897928E-01  1.2791461E-15  1.0528147E-16  1.6721946E-05  8.2276169E-06  2.187E-25  0.000E+00  0.000E+00  1.000E+00  1.000E+00  1.83E+02  0.00E+00  0.00E+00  0.000000  0.710040  0.0000000E+00  0.0000000000E+00
283  2.712780142258734E+06  119.984767  6.500268  4.056662  7.5157740E-01  2.4837130E-01  1.2915495E-06  4.2999203E-09  1.0216523E-07  6.8211449E-06  3.5136680E-10  2.0005892E-09  9.2048308E-07  2.3543589E-08  4.889E-28  0.3910  4.056662   -7.611  2.479194  8.388070  0.0000000E+00  3.2522464E-01  4.4418106E-01  1.7239085E-10  1.1614355E-18  2.3056373E-01  1.2177760E-15  1.0695373E-16  1.7060612E-05  8.2150047E-06  1.955E-25  0.000E+00  0.000E+00  1.000E+00  1.000E+00  1.83E+02  0.00E+00  0.00E+00  0.000000  0.710066  0.0000000E+00  0.0000000000E+00
284  2.713198223643894E+06  119.984757  6.500284  4.055183  7.5157740E-01  2.4837130E-01  1.2915495E-06  4.2999204E-09  1.0216523E-07  6.8211449E-06  3.5136680E-10  2.0005892E-09  9.2048308E-07  2.3543589E-08  4.888E-28  0.4002  4.055183   -7.613  2.479831  8.388280  0.0000000E+00  3.2364381E-01  4.4416770E-01  1.7146300E-10  1.1000568E-18  2.3215753E-01  1.1589141E-15  1.0883118E-16  1.7406772E-05  8.2022534E-06  1.746E-25  0.000E+00  0.000E+00  1.000E+00  1.000E+00  1.82E+02  0.00E+00  0.00E+00  0.000000  0.710092  0.0000000E+00  0.0000000000E+00
285  2.713616945960477E+06  119.984747  6.500301  4.053704  7.5157740E-01  2.4837130E-01  1.2915495E-06  4.2999205E-09  1.0216523E-07  6.8211449E-06  3.5136680E-10  2.0005892E-09  9.2048308E-07  2.3543589E-08  4.886E-28  0.3999  4.053704   -7.614  2.480434  8.388480  0.0000000E+00  3.2206299E-01  4.4414477E-01  1.7046193E-10  1.0419842E-18  2.3376100E-01  1.1023533E-15  1.1070914E-16  1.7760523E-05  8.1893632E-06  1.560E-25  0.000E+00  0.000E+00  1.000E+00  1.000E+00  1.81E+02  0.00E+00  0.00E+00  0.000000  0.710120  0.0000000E+00  0.0000000000E+00
286  2.714037200792544E+06  119.984737  6.500323  4.052303  7.5157740E-01  2.4837130E-01  1.2915495E-06  4.2999205E-09  1.0216523E-07  6.8211449E-06  3.5136680E-10  2.0005892E-09  9.2048308E-07  2.3543589E-08  4.884E-28  0.4001  4.052303   -7.615  2.478944  8.387937  0.0000000E+00  3.2048217E-01  4.4411184E-01  1.6869648E-10  9.9121545E-19  2.3537437E-01  1.0478744E-15  1.1235009E-16  1.8121468E-05  8.1763474E-06  1.393E-25  0.000E+00  0.000E+00  1.000E+00  1.000E+00  1.81E+02  0.00E+00  0.00E+00  0.000000  0.710156  0.0000000E+00  0.0000000000E+00
287  2.714483068853387E+06  119.984726  6.500356  4.050991  7.5157740E-01  2.4837130E-01  1.2915495E-06  4.2999206E-09  1.0216523E-07  6.8211449E-06  3.5136680E-10  2.0005892E-09  9.2048308E-07  2.3543589E-08  4.883E-28  0.3894  4.050991   -7.617  2.478341  8.387535  0.0000000E+00  3.1890135E-01  4.4405434E-01  1.5924752E-10  9.6700060E-19  2.3701231E-01  9.9252279E-16  1.0882589E-16  1.8468381E-05  8.1637497E-06  1.250E-25  0.000E+00  0.000E+00  1.000E+00  1.000E+00  1.80E+02  0.00E+00  0.00E+00  0.000000  0.710210  0.0000000E+00  0.0000000000E+00
288  2.714912963665018E+06  119.984715  6.500357  4.049198  7.5157740E-01  2.4837130E-01  1.2915495E-06  4.2999207E-09  1.0216523E-07  6.8211449E-06  3.5136680E-10  2.0005892E-09  9.2048308E-07  2.3543589E-08  4.881E-28  0.3876  4.049198   -7.619  2.480701  8.388243  0.0000000E+00  3.1732053E-01  4.4399454E-01  1.6273785E-10  8.8794555E-19  2.3865259E-01  9.4445017E-16  1.1317512E-16  1.8831116E-05  8.1508102E-06  1.120E-25  0.000E+00  0.000E+00  1.000E+00  1.000E+00  1.80E+02  0.00E+00  0.00E+00  0.000000  0.710212  0.0000000E+00  0.0000000000E+00
289  2.715372476760768E+06  119.984704  6.500354  4.047151  7.5157740E-01  2.4837130E-01  1.2915495E-06  4.2999208E-09  1.0216523E-07  6.8211449E-06  3.5136680E-10  2.0005892E-09  9.2048308E-07  2.3543589E-08  4.879E-28  0.3917  4.047151   -7.621  2.482118  8.388650  0.0000000E+00  3.1573971E-01  4.4392853E-01  1.6318552E-10  8.3488983E-19  2.4029900E-01  8.9805346E-16  1.1607252E-16  1.9206969E-05  8.1376056E-06  1.002E-25  0.000E+00  0.000E+00  1.000E+00  1.000E+00  1.79E+02  0.00E+00  0.00E+00  0.000000  0.710207  0.0000000E+00  0.0000000000E+00
290  2.715804538876750E+06  119.984694  6.500353  4.045292  7.5157740E-01  2.4837130E-01  1.2915495E-06  4.2999209E-09  1.0216523E-07  6.8211449E-06  3.5136680E-10  2.0005892E-09  9.2048308E-07  2.3543589E-08  4.878E-28  0.3960  4.045292   -7.623  2.483280  8.388985  0.0000000E+00  3.1415889E-01  4.4385467E-01  1.6288621E-10  7.8853452E-19  2.4195331E-01  8.5291872E-16  1.1848698E-16  1.9592309E-05  8.1242252E-06  8.953E-26  0.000E+00  0.000E+00  1.000E+00  1.000E+00  1.78E+02  0.00E+00  0.00E+00  0.000000  0.710206  0.0000000E+00  0.0000000000E+00
291  2.716233014770848E+06  119.984684  6.500354  4.043543  7.5157740E-01  2.4837130E-01  1.2915495E-06  4.2999210E-09  1.0216523E-07  6.8211449E-06  3.5136680E-10  2.0005892E-09  9.2048308E-07  2.3543589E-08  4.876E-28  0.3896  4.043543   -7.625  2.484219  8.389260  0.0000000E+00  3.1257806E-01  4.4377234E-01  1.6237322E-10  7.4536395E-19  2.4361610E-01  8.0944150E-16  1.2082826E-16  1.9987779E-05  8.1106597E-06  7.994E-26  0.000E+00  0.000E+00  1.000E+00  1.000E+00  1.77E+02  0.00E+00  0.00E+00  0.000000  0.710208  0.0000000E+00  0.0000000000E+00
292  2.716661915147767E+06  119.984674  6.500355  4.041865  7.5157740E-01  2.4837130E-01  1.2915495E-06  4.2999211E-09  1.0216523E-07  6.8211449E-06  3.5136680E-10  2.0005892E-09  9.2048308E-07  2.3543589E-08  4.874E-28  0.3940  4.041865   -7.627  2.485077  8.389516  0.0000000E+00  3.1099724E-01  4.4368087E-01  1.6161626E-10  7.0484190E-19  2.4528799E-01  7.6762731E-16  1.2304910E-16  2.0392934E-05  8.0969235E-06  7.134E-26  0.000E+00  0.000E+00  1.000E+00  1.000E+00  1.77E+02  0.00E+00  0.00E+00  0.000000  0.710210  0.0000000E+00  0.0000000000E+00
293  2.717090171538136E+06  119.984664  6.500357  4.040280  7.5157740E-01  2.4837130E-01  1.2915495E-06  4.2999212E-09  1.0216523E-07  6.8211449E-06  3.5136680E-10  2.0005892E-09  9.2048308E-07  2.3543589E-08  4.873E-28  0.3918  4.040280   -7.628  2.485920  8.389775  0.0000000E+00  3.0941642E-01  4.4358005E-01  1.6080754E-10  6.6652402E-19  2.4696921E-01  7.2751954E-16  1.2527688E-16  2.0807928E-05  8.0830164E-06  6.364E-26  0.000E+00  0.000E+00  1.000E+00  1.000E+00  1.76E+02  0.00E+00  0.00E+00  0.000000  0.710213  0.0000000E+00  0.0000000000E+00
294  2.717517914593144E+06  119.984654  6.500360  4.038794  7.5157740E-01  2.4837130E-01  1.2915495E-06  4.2999213E-09  1.0216523E-07  6.8211449E-06  3.5136680E-10  2.0005892E-09  9.2048308E-07  2.3543589E-08  4.871E-28  0.3890  4.038794   -7.630  2.486717  8.390022  0.0000000E+00  3.0783560E-01  4.4346973E-01  1.5994187E-10  6.3037459E-19  2.4865989E-01  6.8908570E-16  1.2751021E-16  2.1232884E-05  8.0689387E-06  5.674E-26  0.000E+00  0.000E+00  1.000E+00  1.000E+00  1.75E+02  0.00E+00  0.00E+00  0.000000  0.710217  0.0000000E+00  0.0000000000E+00
295  2.717945918725885E+06  119.984643  6.500360  4.037361  7.5157740E-01  2.4837130E-01  1.2915495E-06  4.2999214E-09  1.0216523E-07  6.8211449E-06  3.5136680E-10  2.0005892E-09  9.2048308E-07  2.3543589E-08  4.869E-28  0.3914  4.037361   -7.631  2.487500  8.390268  0.0000000E+00  3.0625478E-01  4.4334973E-01  1.5902185E-10  5.9621309E-19  2.5036028E-01  6.5228554E-16  1.2974964E-16  2.1668026E-05  8.0546887E-06  5.058E-26  0.000E+00  0.000E+00  1.000E+00  1.000E+00  1.75E+02  0.00E+00  0.00E+00  0.000000  0.710218  0.0000000E+00  0.0000000000E+00
296  2.718373778499949E+06  119.984633  6.500358  4.035907  7.5157740E-01  2.4837130E-01  1.2915495E-06  4.2999215E-09  1.0216523E-07  6.8211449E-06  3.5136680E-10  2.0005892E-09  9.2048308E-07  2.3543589E-08  4.868E-28  0.3954  4.035907   -7.633  2.488253  8.390508  0.0000000E+00  3.0467396E-01  4.4321997E-01  1.5807301E-10  5.6391159E-19  2.5207044E-01  6.1708181E-16  1.3201397E-16  2.2113638E-05  8.0402635E-06  4.505E-26  0.000E+00  0.000E+00  1.000E+00  1.000E+00  1.74E+02  0.00E+00  0.00E+00  0.000000  0.710215  0.0000000E+00  0.0000000000E+00
297  2.718801532016300E+06  119.984624  6.500354  4.034548  7.5157740E-01  2.4837130E-01  1.2915495E-06  4.2999215E-09  1.0216523E-07  6.8211449E-06  3.5136680E-10  2.0005892E-09  9.2048308E-07  2.3543589E-08  4.866E-28  0.3929  4.034548   -7.634  2.489012  8.390748  0.0000000E+00  3.0309314E-01  4.4308019E-01  1.5705278E-10  5.3338825E-19  2.5379057E-01  5.8341455E-16  1.3425723E-16  2.2569691E-05  8.0256676E-06  4.012E-26  0.000E+00  0.000E+00  1.000E+00  1.000E+00  1.74E+02  0.00E+00  0.00E+00  0.000000  0.710208  0.0000000E+00  0.0000000000E+00
298  2.719226034656399E+06  119.984614  6.500349  4.033196  7.5157740E-01  2.4837130E-01  1.2915495E-06  4.2999216E-09  1.0216523E-07  6.8211449E-06  3.5136680E-10  2.0005892E-09  9.2048308E-07  2.3543589E-08  4.864E-28  0.3925  4.033196   -7.636  2.489770  8.390990  0.0000000E+00  3.0151231E-01  4.4293050E-01  1.5606509E-10  5.0466459E-19  2.5552059E-01  5.5126255E-16  1.3657204E-16  2.3036729E-05  8.0108923E-06  3.571E-26  0.000E+00  0.000E+00  1.000E+00  1.000E+00  1.73E+02  0.00E+00  0.00E+00  0.000000  0.710200  0.0000000E+00  0.0000000000E+00
299  2.719654261382361E+06  119.984604  6.500344  4.031801  7.5157740E-01  2.4837130E-01  1.2915495E-06  4.2999217E-09  1.0216523E-07  6.8211449E-06  3.5136680E-10  2.0005892E-09  9.2048308E-07  2.3543589E-08  4.863E-28  0.3923  4.031801   -7.637  2.490489  8.391222  0.0000000E+00  2.9993149E-01  4.4277058E-01  1.5498362E-10  4.7735977E-19  2.5726080E-01  5.2055889E-16  1.3885196E-16  2.3514827E-05  7.9959400E-06  3.178E-26  0.000E+00  0.000E+00  1.000E+00  1.000E+00  1.72E+02  0.00E+00  0.00E+00  0.000000  0.710191  0.0000000E+00  0.0000000000E+00
300  2.720082515011696E+06  119.984594  6.500340  4.030335  7.5157740E-01  2.4837130E-01  1.2915495E-06  4.2999218E-09  1.0216523E-07  6.8211449E-06  3.5136680E-10  2.0005892E-09  9.2048308E-07  2.3543589E-08  4.861E-28  0.3923  4.030335   -7.639  2.491205  8.391454  0.0000000E+00  2.9835067E-01  4.4260042E-01  1.5388697E-10  4.5151737E-19  2.5901132E-01  4.9125832E-16  1.4115630E-16  2.4004229E-05  7.9808084E-06  2.827E-26  0.000E+00  0.000E+00  1.000E+00  1.000E+00  1.72E+02  0.00E+00  0.00E+00  0.000000  0.710185  0.0000000E+00  0.0000000000E+00
301  2.720512933155874E+06  119.984584  6.500339  4.028768  7.5157740E-01  2.4837130E-01  1.2915495E-06  4.2999219E-09  1.0216523E-07  6.8211449E-06  3.5136680E-10  2.0005892E-09  9.2048308E-07  2.3543589E-08  4.859E-28  0.3928  4.028768   -7.641  2.491923  8.391690  0.0000000E+00  2.9676985E-01  4.4241978E-01  1.5275957E-10  4.2695582E-19  2.6077229E-01  4.6332931E-16  1.4347069E-16  2.4505268E-05  7.9654951E-06  2.514E-26  0.000E+00  0.000E+00  1.000E+00  1.000E+00  1.71E+02  0.00E+00  0.00E+00  0.000000  0.710183  0.0000000E+00  0.0000000000E+00
302  2.720939514989330E+06  119.984574  6.500340  4.027080  7.5157740E-01  2.4837130E-01  1.2915495E-06  4.2999220E-09  1.0216523E-07  6.8211449E-06  3.5136680E-10  2.0005892E-09  9.2048308E-07  2.3543589E-08  4.858E-28  0.3929  4.027080   -7.643  2.492627  8.391921  0.0000000E+00  2.9518903E-01  4.4222883E-01  1.5161967E-10  4.0393420E-19  2.6254354E-01  4.3669694E-16  1.4581399E-16  2.5018103E-05  7.9499991E-06  2.235E-26  0.000E+00  0.000E+00  1.000E+00  1.000E+00  1.71E+02  0.00E+00  0.00E+00  0.000000  0.710185  0.0000000E+00  0.0000000000E+00
303  2.721371600528279E+06  119.984565  6.500345  4.025221  7.5157740E-01  2.4837130E-01  1.2915495E-06  4.2999221E-09  1.0216523E-07  6.8211449E-06  3.5136680E-10  2.0005892E-09  9.2048308E-07  2.3543589E-08  4.856E-28  0.3918  4.025221   -7.644  2.493282  8.392136  0.0000000E+00  2.9360821E-01  4.4202715E-01  1.5043512E-10  3.8206981E-19  2.6432549E-01  4.1134786E-16  1.4815591E-16  2.5543227E-05  7.9343158E-06  1.987E-26  0.000E+00  0.000E+00  1.000E+00  1.000E+00  1.70E+02  0.00E+00  0.00E+00  0.000000  0.710193  0.0000000E+00  0.0000000000E+00
304  2.721799705880918E+06  119.984555  6.500353  4.023236  7.5157740E-01  2.4837130E-01  1.2915495E-06  4.2999222E-09  1.0216523E-07  6.8211449E-06  3.5136680E-10  2.0005892E-09  9.2048308E-07  2.3543589E-08  4.854E-28  0.3924  4.023236   -7.647  2.494007  8.392374  0.0000000E+00  2.9202739E-01  4.4181489E-01  1.4923158E-10  3.6127352E-19  2.6611808E-01  3.8720139E-16  1.5050261E-16  2.6080475E-05  7.9184502E-06  1.765E-26  0.000E+00  0.000E+00  1.000E+00  1.000E+00  1.69E+02  0.00E+00  0.00E+00  0.000000  0.710207  0.0000000E+00  0.0000000000E+00
305  2.722228319574291E+06  119.984545  6.500366  4.021117  7.5157740E-01  2.4837130E-01  1.2915495E-06  4.2999222E-09  1.0216523E-07  6.8211449E-06  3.5136680E-10  2.0005892E-09  9.2048308E-07  2.3543589E-08  4.853E-28  0.3924  4.021117   -7.649  2.494717  8.392609  0.0000000E+00  2.9044656E-01  4.4159195E-01  1.4804383E-10  3.4169177E-19  2.6792131E-01  3.6423698E-16  1.5290246E-16  2.6630557E-05  7.9023928E-06  1.568E-26  0.000E+00  0.000E+00  1.000E+00  1.000E+00  1.68E+02  0.00E+00  0.00E+00  0.000000  0.710228  0.0000000E+00  0.0000000000E+00
306  2.722657123037126E+06  119.984536  6.500383  4.018875  7.5157740E-01  2.4837130E-01  1.2915495E-06  4.2999223E-09  1.0216523E-07  6.8211449E-06  3.5136680E-10  2.0005892E-09  9.2048308E-07  2.3543589E-08  4.851E-28  0.3924  4.018875   -7.651  2.495412  8.392839  0.0000000E+00  2.8886574E-01  4.4135821E-01  1.4681491E-10  3.2318827E-19  2.6973527E-01  3.4240520E-16  1.5529936E-16  2.7193733E-05  7.8861427E-06  1.392E-26  0.000E+00  0.000E+00  1.000E+00  1.000E+00  1.67E+02  0.00E+00  0.00E+00  0.000000  0.710255  0.0000000E+00  0.0000000000E+00
307  2.723097211468994E+06  119.984526  6.500404  4.016472  7.5157740E-01  2.4837130E-01  1.2915495E-06  4.2999224E-09  1.0216523E-07  6.8211449E-06  3.5136680E-10  2.0005892E-09  9.2048308E-07  2.3543589E-08  4.849E-28  0.3925  4.016472   -7.654  2.496088  8.393064  0.0000000E+00  2.8728492E-01  4.4111301E-01  1.4554904E-10  3.0531083E-19  2.7156069E-01  3.2172440E-16  1.5769656E-16  2.7770946E-05  7.8696883E-06  1.237E-26  0.000E+00  0.000E+00  1.000E+00  1.000E+00  1.67E+02  0.00E+00  0.00E+00  0.000000  0.710290  0.0000000E+00  0.0000000000E+00
308  2.723528797705654E+06  119.984516  6.500427  4.013995  7.5157740E-01  2.4837130E-01  1.2915495E-06  4.2999225E-09  1.0216523E-07  6.8211449E-06  3.5136680E-10  2.0005892E-09  9.2048308E-07  2.3543589E-08  4.848E-28  0.3924  4.013995   -7.656  2.496791  8.393299  0.0000000E+00  2.8570410E-01  4.4085732E-01  1.4429135E-10  2.8862786E-19  2.7339657E-01  3.0203967E-16  1.6012048E-16  2.8361231E-05  7.8530462E-06  1.097E-26  0.000E+00  0.000E+00  1.000E+00  1.000E+00  1.66E+02  0.00E+00  0.00E+00  0.000000  0.710328  0.0000000E+00  0.0000000000E+00
309  2.723960907107307E+06  119.984507  6.500454  4.011443  7.5157740E-01  2.4837130E-01  1.2915495E-06  4.2999226E-09  1.0216523E-07  6.8211449E-06  3.5136680E-10  2.0005892E-09  9.2048308E-07  2.3543589E-08  4.846E-28  0.3925  4.011443   -7.659  2.497498  8.393534  0.0000000E+00  2.8412328E-01  4.4059059E-01  1.4303635E-10  2.7285985E-19  2.7524356E-01  2.8335868E-16  1.6258237E-16  2.8965790E-05  7.8362003E-06  9.737E-27  0.000E+00  0.000E+00  1.000E+00  1.000E+00  1.65E+02  0.00E+00  0.00E+00  0.000000  0.710372  0.0000000E+00  0.0000000000E+00
310  2.724393340404384E+06  119.984497  6.500482  4.008819  7.5157740E-01  2.4837130E-01  1.2915495E-06  4.2999227E-09  1.0216523E-07  6.8211449E-06  3.5136680E-10  2.0005892E-09  9.2048308E-07  2.3543589E-08  4.844E-28  0.3925  4.008819   -7.662  2.498191  8.393765  0.0000000E+00  2.8254246E-01  4.4031270E-01  1.4173298E-10  2.5796786E-19  2.7710167E-01  2.6564210E-16  1.6502311E-16  2.9584807E-05  7.8191516E-06  8.638E-27  0.000E+00  0.000E+00  1.000E+00  1.000E+00  1.64E+02  0.00E+00  0.00E+00  0.000000  0.710418  0.0000000E+00  0.0000000000E+00
311  2.724834291857888E+06  119.984488  6.500514  4.006110  7.5157740E-01  2.4837130E-01  1.2915495E-06  4.2999228E-09  1.0216523E-07  6.8211449E-06  3.5136680E-10  2.0005892E-09  9.2048308E-07  2.3543589E-08  4.843E-28  0.3928  4.006110   -7.665  2.498884  8.393998  0.0000000E+00  2.8096164E-01  4.4002319E-01  1.4041513E-10  2.4366767E-19  2.7897131E-01  2.4889287E-16  1.6747839E-16  3.0219168E-05  7.8018903E-06  7.665E-27  0.000E+00  0.000E+00  1.000E+00  1.000E+00  1.63E+02  0.00E+00  0.00E+00  0.000000  0.710471  0.0000000E+00  0.0000000000E+00
312  2.725288062443958E+06  119.984478  6.500549  4.003280  7.5157740E-01  2.4837130E-01  1.2915495E-06  4.2999228E-09  1.0216523E-07  6.8211449E-06  3.5136680E-10  2.0005892E-09  9.2048308E-07  2.3543589E-08  4.841E-28  0.3925  4.003280   -7.668  2.499558  8.394224  0.0000000E+00  2.7938081E-01  4.3971998E-01  1.3905162E-10  2.2972301E-19  2.8085470E-01  2.3330421E-16  1.6992110E-16  3.0871424E-05  7.7843826E-06  6.835E-27  0.000E+00  0.000E+00  1.000E+00  1.000E+00  1.61E+02  0.00E+00  0.00E+00  0.000000  0.710527  0.0000000E+00  0.0000000000E+00
313  2.725724774620139E+06  119.984469  6.500582  4.000540  7.5157740E-01  2.4837130E-01  1.2915495E-06  4.2999229E-09  1.0216523E-07  6.8211449E-06  3.5136680E-10  2.0005892E-09  9.2048308E-07  2.3543589E-08  4.839E-28  0.3926  4.000540   -7.670  2.500275  8.394464  0.0000000E+00  2.7779999E-01  4.3940808E-01  1.3774854E-10  2.1705181E-19  2.8274673E-01  2.1826990E-16  1.7244257E-16  3.1536224E-05  7.7667068E-06  6.058E-27  0.000E+00  0.000E+00  1.000E+00  1.000E+00  1.60E+02  0.00E+00  0.00E+00  0.000000  0.710583  0.0000000E+00  0.0000000000E+00
314  2.726163185719971E+06  119.984458  6.500618  3.997794  7.5157740E-01  2.4837130E-01  1.2915495E-06  4.2999230E-09  1.0216523E-07  6.8211449E-06  3.5136680E-10  2.0005892E-09  9.2048308E-07  2.3543589E-08  4.838E-28  0.3927  3.997794   -7.603  2.500991  8.394703  0.0000000E+00  2.7621917E-01  4.3908467E-01  1.3642641E-10  2.0503365E-19  2.8465034E-01  2.0403960E-16  1.7496840E-16  3.2217346E-05  7.7488114E-06  5.370E-27  0.000E+00  0.000E+00  1.000E+00  1.000E+00  1.59E+02  0.00E+00  0.00E+00  0.000000  0.710641  0.0000000E+00  0.0000000000E+00
315  2.726600725359773E+06  119.984447  6.500653  3.994614  7.5157740E-01  2.4837130E-01  1.2915495E-06  4.2999231E-09  1.0216523E-07  6.8211449E-06  3.5136680E-10  2.0005892E-09  9.2048308E-07  2.3543589E-08  4.836E-28  0.3927  3.994614   -7.606  2.501695  8.394938  0.0000000E+00  2.7463835E-01  4.3874977E-01  1.3506551E-10  1.9372247E-19  2.8656533E-01  1.9058652E-16  1.7747670E-16  3.2914996E-05  7.7306975E-06  4.758E-27  0.000E+00  0.000E+00  1.000E+00  1.000E+00  1.58E+02  0.00E+00  0.00E+00  0.000000  0.710699  0.0000000E+00  0.0000000000E+00
316  2.727038763253804E+06  119.984436  6.500688  3.991558  7.5157740E-01  2.4837130E-01  1.2915495E-06  4.2999232E-09  1.0216523E-07  6.8211449E-06  3.5136680E-10  2.0005892E-09  9.2048308E-07  2.3543589E-08  4.834E-28  0.3927  3.991558   -7.609  2.502407  8.395175  0.0000000E+00  2.7305753E-01  4.3840323E-01  1.3370166E-10  1.8301522E-19  2.8849195E-01  1.7788372E-16  1.8000074E-16  3.3629690E-05  7.7123607E-06  4.215E-27  0.000E+00  0.000E+00  1.000E+00  1.000E+00  1.57E+02  0.00E+00  0.00E+00  0.000000  0.710757  0.0000000E+00  0.0000000000E+00
317  2.727481862148189E+06  119.984425  6.500725  3.988494  7.5157740E-01  2.4837130E-01  1.2915495E-06  4.2999233E-09  1.0216523E-07  6.8211449E-06  3.5136680E-10  2.0005892E-09  9.2048308E-07  2.3543589E-08  4.832E-28  0.3928  3.988494   -7.612  2.503122  8.395415  0.0000000E+00  2.7147671E-01  4.3804486E-01  1.3232940E-10  1.7278868E-19  2.9043038E-01  1.6590932E-16  1.8253875E-16  3.4362137E-05  7.6937943E-06  3.734E-27  0.000E+00  0.000E+00  1.000E+00  1.000E+00  1.56E+02  0.00E+00  0.00E+00  0.000000  0.710816  0.0000000E+00  0.0000000000E+00
318  2.727922046507134E+06  119.984415  6.500761  3.985472  7.5157740E-01  2.4837130E-01  1.2915495E-06  4.2999234E-09  1.0216523E-07  6.8211449E-06  3.5136680E-10  2.0005892E-09  9.2048308E-07  2.3543589E-08  4.831E-28  0.3929  3.985472   -7.616  2.503839  8.395654  0.0000000E+00  2.6989589E-01  4.3767480E-01  1.3094301E-10  1.6319388E-19  2.9238053E-01  1.5460963E-16  1.8507752E-16  3.5112400E-05  7.6750004E-06  3.307E-27  0.000E+00  0.000E+00  1.000E+00  1.000E+00  1.55E+02  0.00E+00  0.00E+00  0.000000  0.710874  0.0000000E+00  0.0000000000E+00
319  2.728365023741696E+06  119.984404  6.500796  3.982469  7.5157740E-01  2.4837130E-01  1.2915495E-06  4.2999235E-09  1.0216523E-07  6.8211449E-06  3.5136680E-10  2.0005892E-09  9.2048308E-07  2.3543589E-08  4.829E-28  0.3929  3.982469   -7.619  2.504558  8.395894  0.0000000E+00  2.6831506E-01  4.3729278E-01  1.2954377E-10  1.5407869E-19  2.9434261E-01  1.4396737E-16  1.8761903E-16  3.5881199E-05  7.6559730E-06  2.928E-27  0.000E+00  0.000E+00  1.000E+00  1.000E+00  1.54E+02  0.00E+00  0.00E+00  0.000000  0.710933  0.0000000E+00  0.0000000000E+00
320  2.728807004267024E+06  119.984393  6.500832  3.979516  7.5157740E-01  2.4837130E-01  1.2915495E-06  4.2999236E-09  1.0216523E-07  6.8211449E-06  3.5136680E-10  2.0005892E-09  9.2048308E-07  2.3543589E-08  4.827E-28  0.3929  3.979516   -7.622  2.505282  8.396135  0.0000000E+00  2.6673424E-01  4.3689888E-01  1.2814091E-10  1.4548816E-19  2.9631654E-01  1.3394699E-16  1.9017612E-16  3.6668999E-05  7.6367089E-06  2.592E-27  0.000E+00  0.000E+00  1.000E+00  1.000E+00  1.53E+02  0.00E+00  0.00E+00  0.000000  0.710990  0.0000000E+00  0.0000000000E+00
321  2.729249477587798E+06  119.984383  6.500866  3.976575  7.5157740E-01  2.4837130E-01  1.2915495E-06  4.2999237E-09  1.0216523E-07  6.8211449E-06  3.5136680E-10  2.0005892E-09  9.2048308E-07  2.3543589E-08  4.826E-28  0.3930  3.976575   -7.625  2.506014  8.396379  0.0000000E+00  2.6515342E-01  4.3649294E-01  1.2673434E-10  1.3736285E-19  2.9830248E-01  1.2452158E-16  1.9274249E-16  3.7476388E-05  7.6172037E-06  2.295E-27  0.000E+00  0.000E+00  1.000E+00  1.000E+00  1.52E+02  0.00E+00  0.00E+00  0.000000  0.711046  0.0000000E+00  0.0000000000E+00
322  2.729731814886580E+06  119.984372  6.500901  3.973244  7.5157740E-01  2.4837130E-01  1.2915495E-06  4.2999238E-09  1.0216523E-07  6.8211449E-06  3.5136680E-10  2.0005892E-09  9.2048308E-07  2.3543589E-08  4.824E-28  0.3931  3.973244   -7.628  2.506697  8.396610  0.0000000E+00  2.6357260E-01  4.3606641E-01  1.2521116E-10  1.2906919E-19  3.0030895E-01  1.1636269E-16  1.9521969E-16  3.8315459E-05  7.5973052E-06  2.098E-27  0.000E+00  0.000E+00  1.000E+00  1.000E+00  1.51E+02  0.00E+00  0.00E+00  0.000000  0.711105  0.0000000E+00  0.0000000000E+00
323  2.730179665869238E+06  119.984361  6.500935  3.970199  7.5157740E-01  2.4837130E-01  1.2915495E-06  4.2999239E-09  1.0216523E-07  6.8211449E-06  3.5136680E-10  2.0005892E-09  9.2048308E-07  2.3543589E-08  4.822E-28  0.3931  3.970199   -7.631  2.507456  8.396863  0.0000000E+00  2.6199178E-01  4.3563598E-01  1.2383078E-10  1.2176427E-19  3.0231941E-01  1.0805310E-16  1.9785617E-16  3.9163668E-05  7.5773082E-06  1.856E-27  0.000E+00  0.000E+00  1.000E+00  1.000E+00  1.50E+02  0.00E+00  0.00E+00  0.000000  0.711160  0.0000000E+00  0.0000000000E+00
324  2.730624765743128E+06  119.984351  6.500966  3.967219  7.5157740E-01  2.4837130E-01  1.2915495E-06  4.2999240E-09  1.0216523E-07  6.8211449E-06  3.5136680E-10  2.0005892E-09  9.2048308E-07  2.3543589E-08  4.821E-28  0.3931  3.967219   -7.635  2.508209  8.397114  0.0000000E+00  2.6041096E-01  4.3519341E-01  1.2241858E-10  1.1491676E-19  3.0434185E-01  1.0020646E-16  2.0045806E-16  4.0033185E-05  7.5570588E-06  1.643E-27  0.000E+00  0.000E+00  1.000E+00  1.000E+00  1.49E+02  0.00E+00  0.00E+00  0.000000  0.711212  0.0000000E+00  0.0000000000E+00
325  2.731075572563554E+06  119.984340  6.500998  3.964252  7.5157740E-01  2.4837130E-01  1.2915495E-06  4.2999241E-09  1.0216523E-07  6.8211449E-06  3.5136680E-10  2.0005892E-09  9.2048308E-07  2.3543589E-08  4.819E-28  0.3932  3.964252   -7.638  2.508946  8.397359  0.0000000E+00  2.5883014E-01  4.3473832E-01  1.2097004E-10  1.0838711E-19  3.0637688E-01  9.2843633E-17  2.0301948E-16  4.0924829E-05  7.5365500E-06  1.454E-27  0.000E+00  0.000E+00  1.000E+00  1.000E+00  1.48E+02  0.00E+00  0.00E+00  0.000000  0.711264  0.0000000E+00  0.0000000000E+00
326  2.731525751982029E+06  119.984330  6.501029  3.961340  7.5157740E-01  2.4837130E-01  1.2915495E-06  4.2999241E-09  1.0216523E-07  6.8211449E-06  3.5136680E-10  2.0005892E-09  9.2048308E-07  2.3543589E-08  4.817E-28  0.3933  3.961340   -7.641  2.509687  8.397606  0.0000000E+00  2.5724931E-01  4.3427082E-01  1.1952096E-10  1.0223841E-19  3.0842428E-01  8.5942563E-17  2.0559286E-16  4.1838994E-05  7.5157810E-06  1.286E-27  0.000E+00  0.000E+00  1.000E+00  1.000E+00  1.47E+02  0.00E+00  0.00E+00  0.000000  0.711314  0.0000000E+00  0.0000000000E+00
327  2.731973711947707E+06  119.984320  6.501059  3.958492  7.5157740E-01  2.4837130E-01  1.2915495E-06  4.2999242E-09  1.0216523E-07  6.8211449E-06  3.5136680E-10  2.0005892E-09  9.2048308E-07  2.3543589E-08  4.815E-28  0.3933  3.958492   -7.644  2.510448  8.397860  0.0000000E+00  2.5566849E-01  4.3379082E-01  1.1808022E-10  9.6457866E-20  3.1048416E-01  7.9480511E-17  2.0818247E-16  4.2776298E-05  7.4947478E-06  1.137E-27  0.000E+00  0.000E+00  1.000E+00  1.000E+00  1.46E+02  0.00E+00  0.00E+00  0.000000  0.711363  0.0000000E+00  0.0000000000E+00
328  2.732425350226757E+06  119.984309  6.501089  3.955225  7.5157740E-01  2.4837130E-01  1.2915495E-06  4.2999243E-09  1.0216523E-07  6.8211449E-06  3.5136680E-10  2.0005892E-09  9.2048308E-07  2.3543589E-08  4.814E-28  0.3933  3.955225   -7.647  2.511202  8.398111  0.0000000E+00  2.5408767E-01  4.3329812E-01  1.1661819E-10  9.0967869E-20  3.1255674E-01  7.3437958E-17  2.1074980E-16  4.3737589E-05  7.4734449E-06  1.007E-27  0.000E+00  0.000E+00  1.000E+00  1.000E+00  1.45E+02  0.00E+00  0.00E+00  0.000000  0.711413  0.0000000E+00  0.0000000000E+00
329  2.732877841431979E+06  119.984299  6.501116  3.952281  7.5157740E-01  2.4837130E-01  1.2915495E-06  4.2999244E-09  1.0216523E-07  6.8211449E-06  3.5136680E-10  2.0005892E-09  9.2048308E-07  2.3543589E-08  4.812E-28  0.3933  3.952281   -7.650  2.511958  8.398363  0.0000000E+00  2.5250685E-01  4.3279269E-01  1.1514815E-10  8.5780759E-20  3.1464197E-01  6.7791460E-17  2.1330894E-16  4.4723459E-05  7.4518709E-06  8.900E-28  0.000E+00  0.000E+00  1.000E+00  1.000E+00  1.44E+02  0.00E+00  0.00E+00  0.000000  0.711457  0.0000000E+00  0.0000000000E+00
330  2.733331048063227E+06  119.984289  6.501143  3.949355  7.5157740E-01  2.4837130E-01  1.2915495E-06  4.2999245E-09  1.0216523E-07  6.8211449E-06  3.5136680E-10  2.0005892E-09  9.2048308E-07  2.3543589E-08  4.810E-28  0.3936  3.949355   -7.653  2.512716  8.398615  0.0000000E+00  2.5092603E-01  4.3227441E-01  1.1367841E-10  8.0887712E-20  3.1674003E-01  6.2519590E-17  2.1587251E-16  4.5734689E-05  7.4300202E-06  7.872E-28  0.000E+00  0.000E+00  1.000E+00  1.000E+00  1.43E+02  0.00E+00  0.00E+00  0.000000  0.711501  0.0000000E+00  0.0000000000E+00
331  2.733782944458786E+06  119.984279  6.501169  3.946473  7.5157740E-01  2.4837130E-01  1.2915495E-06  4.2999246E-09  1.0216523E-07  6.8211449E-06  3.5136680E-10  2.0005892E-09  9.2048308E-07  2.3543589E-08  4.808E-28  0.3934  3.946473   -7.656  2.513496  8.398875  0.0000000E+00  2.4934521E-01  4.3174321E-01  1.1220838E-10  7.6269341E-20  3.1885100E-01  5.7601143E-17  2.1842986E-16  4.6771906E-05  7.4078899E-06  6.961E-28  0.000E+00  0.000E+00  1.000E+00  1.000E+00  1.42E+02  0.00E+00  0.00E+00  0.000000  0.711544  0.0000000E+00  0.0000000000E+00
332  2.734250600223721E+06  119.984269  6.501196  3.943532  7.5157740E-01  2.4837130E-01  1.2915495E-06  4.2999247E-09  1.0216523E-07  6.8211449E-06  3.5136680E-10  2.0005892E-09  9.2048308E-07  2.3543589E-08  4.807E-28  0.3935  3.943532   -7.659  2.514258  8.399129  0.0000000E+00  2.4776439E-01  4.3119753E-01  1.1071149E-10  7.1782480E-20  3.2097646E-01  5.3066289E-17  2.2095036E-16  4.7838496E-05  7.3854478E-06  6.170E-28  0.000E+00  0.000E+00  1.000E+00  1.000E+00  1.41E+02  0.00E+00  0.00E+00  0.000000  0.711588  0.0000000E+00  0.0000000000E+00
333  2.734704512775662E+06  119.984259  6.501221  3.940713  7.5157740E-01  2.4837130E-01  1.2915495E-06  4.2999248E-09  1.0216523E-07  6.8211449E-06  3.5136680E-10  2.0005892E-09  9.2048308E-07  2.3543589E-08  4.805E-28  0.3935  3.940713   -7.662  2.515043  8.399390  0.0000000E+00  2.4618356E-01  4.3064017E-01  1.0924489E-10  6.7670685E-20  3.2311354E-01  4.8797426E-17  2.2351630E-16  4.8930262E-05  7.3627424E-06  5.456E-28  0.000E+00  0.000E+00  1.000E+00  1.000E+00  1.40E+02  0.00E+00  0.00E+00  0.000000  0.711629  0.0000000E+00  0.0000000000E+00
334  2.735159314678406E+06  119.984249  6.501245  3.937918  7.5157740E-01  2.4837130E-01  1.2915495E-06  4.2999249E-09  1.0216523E-07  6.8211449E-06  3.5136680E-10  2.0005892E-09  9.2048308E-07  2.3543589E-08  4.803E-28  0.3935  3.937918   -7.665  2.515824  8.399648  0.0000000E+00  2.4460274E-01  4.3006962E-01  1.0776123E-10  6.3789902E-20  3.2526381E-01  4.4824844E-17  2.2604667E-16  5.0050591E-05  7.3397416E-06  4.825E-28  0.000E+00  0.000E+00  1.000E+00  1.000E+00  1.39E+02  0.00E+00  0.00E+00  0.000000  0.711669  0.0000000E+00  0.0000000000E+00
335  2.735615076727925E+06  119.984239  6.501269  3.935108  7.5157740E-01  2.4837130E-01  1.2915495E-06  4.2999250E-09  1.0216523E-07  6.8211449E-06  3.5136680E-10  2.0005892E-09  9.2048308E-07  2.3543589E-08  4.801E-28  0.3936  3.935108   -7.668  2.516610  8.399910  0.0000000E+00  2.4302192E-01  4.2948577E-01  1.0627813E-10  6.0122751E-20  3.2742731E-01  4.1133189E-17  2.2856737E-16  5.1200249E-05  7.3164422E-06  4.266E-28  0.000E+00  0.000E+00  1.000E+00  1.000E+00  1.38E+02  0.00E+00  0.00E+00  0.000000  0.711707  0.0000000E+00  0.0000000000E+00
336  2.736072028784798E+06  119.984230  6.501291  3.932279  7.5157740E-01  2.4837130E-01  1.2915495E-06  4.2999250E-09  1.0216523E-07  6.8211449E-06  3.5136680E-10  2.0005892E-09  9.2048308E-07  2.3543589E-08  4.799E-28  0.3935  3.932279   -7.671  2.517388  8.400167  0.0000000E+00  2.4144110E-01  4.2888844E-01  1.0476069E-10  5.6665797E-20  3.2960426E-01  3.7705589E-17  2.3101429E-16  5.2379789E-05  7.2928437E-06  3.772E-28  0.000E+00  0.000E+00  1.000E+00  1.000E+00  1.37E+02  0.00E+00  0.00E+00  0.000000  0.711744  0.0000000E+00  0.0000000000E+00
337  2.736529958360655E+06  119.984220  6.501313  3.929473  7.5157740E-01  2.4837130E-01  1.2915495E-06  4.2999251E-09  1.0216523E-07  6.8211449E-06  3.5136680E-10  2.0005892E-09  9.2048308E-07  2.3543589E-08  4.798E-28  0.3937  3.929473   -7.674  2.518196  8.400435  0.0000000E+00  2.3986028E-01  4.2827759E-01  1.0328539E-10  5.3388526E-20  3.3179475E-01  3.4527406E-17  2.3352583E-16  5.3590701E-05  7.2689348E-06  3.336E-28  0.000E+00  0.000E+00  1.000E+00  1.000E+00  1.36E+02  0.00E+00  0.00E+00  0.000000  0.711781  0.0000000E+00  0.0000000000E+00
338  2.737093873520970E+06  119.984208  6.501340  3.926036  7.5157740E-01  2.4837130E-01  1.2915495E-06  4.2999252E-09  1.0216523E-07  6.8211449E-06  3.5136680E-10  2.0005892E-09  9.2048308E-07  2.3543589E-08  4.796E-28  0.3961  3.926036   -7.678  2.518749  8.400628  0.0000000E+00  2.3827946E-01  4.2760610E-01  1.0146160E-10  4.9856009E-20  3.3404574E-01  3.4109021E-17  2.3570851E-16  5.4918678E-05  7.2437541E-06  5.336E-28  0.000E+00  0.000E+00  1.000E+00  1.000E+00  1.35E+02  0.00E+00  0.00E+00  0.000000  0.711825  0.0000000E+00  0.0000000000E+00
339  2.737572944170637E+06  119.984198  6.501364  3.923179  7.5157740E-01  2.4837130E-01  1.2915495E-06  4.2999253E-09  1.0216523E-07  6.8211449E-06  3.5136680E-10  2.0005892E-09  9.2048308E-07  2.3543589E-08  4.794E-28  0.3954  3.923179   -7.681  2.519685  8.400946  0.0000000E+00  2.3669864E-01  4.2695983E-01  1.0003225E-10  4.6658235E-20  3.3627152E-01  3.2238620E-17  2.3825876E-16  5.6206393E-05  7.2190945E-06  5.145E-28  0.000E+00  0.000E+00  1.000E+00  1.000E+00  1.34E+02  0.00E+00  0.00E+00  0.000000  0.711864  0.0000000E+00  0.0000000000E+00
340  2.738039980218920E+06  119.984188  6.501385  3.920380  7.5157740E-01  2.4837130E-01  1.2915495E-06  4.2999254E-09  1.0216523E-07  6.8211449E-06  3.5136680E-10  2.0005892E-09  9.2048308E-07  2.3543589E-08  4.792E-28  0.3919  3.920380   -7.684  2.520521  8.401226  0.0000000E+00  2.3511781E-01  4.2630760E-01  9.8591452E-11  4.3902191E-20  3.3850322E-01  2.9532245E-17  2.4080226E-16  5.7516176E-05  7.1942507E-06  4.551E-28  0.000E+00  0.000E+00  1.000E+00  1.000E+00  1.33E+02  0.00E+00  0.00E+00  0.000000  0.711899  0.0000000E+00  0.0000000000E+00
341  2.738515394893915E+06  119.984178  6.501410  3.917302  7.5157740E-01  2.4837130E-01  1.2915495E-06  4.2999255E-09  1.0216523E-07  6.8211449E-06  3.5136680E-10  2.0005892E-09  9.2048308E-07  2.3543589E-08  4.790E-28  0.3953  3.917302   -7.687  2.521330  8.401497  0.0000000E+00  2.3353699E-01  4.2563727E-01  9.7091601E-11  4.1301231E-20  3.4075304E-01  2.7166820E-17  2.4321255E-16  5.8869091E-05  7.1689928E-06  4.244E-28  0.000E+00  0.000E+00  1.000E+00  1.000E+00  1.32E+02  0.00E+00  0.00E+00  0.000000  0.711939  0.0000000E+00  0.0000000000E+00
342  2.738991501657926E+06  119.984169  6.501430  3.914983  7.5157740E-01  2.4837130E-01  1.2915495E-06  4.2999256E-09  1.0216523E-07  6.8211449E-06  3.5136680E-10  2.0005892E-09  9.2048308E-07  2.3543589E-08  4.788E-28  0.3955  3.914983   -7.689  2.522145  8.401770  0.0000000E+00  2.3195617E-01  4.2495283E-01  9.5586676E-11  3.8820779E-20  3.4301688E-01  2.5014997E-17  2.4558210E-16  6.0258381E-05  7.1434064E-06  3.963E-28  0.000E+00  0.000E+00  1.000E+00  1.000E+00  1.32E+02  0.00E+00  0.00E+00  0.000000  0.711973  0.0000000E+00  0.0000000000E+00
343  2.739464947015036E+06  119.984159  6.501450  3.912916  7.5157740E-01  2.4837130E-01  1.2915495E-06  4.2999257E-09  1.0216523E-07  6.8211449E-06  3.5136680E-10  2.0005892E-09  9.2048308E-07  2.3543589E-08  4.786E-28  0.3955  3.912916   -7.692  2.522979  8.402049  0.0000000E+00  2.3037535E-01  4.2425673E-01  9.4095178E-11  3.6486330E-20  3.4529240E-01  2.2884508E-17  2.4793866E-16  6.1680462E-05  7.1175374E-06  3.583E-28  0.000E+00  0.000E+00  1.000E+00  1.000E+00  1.31E+02  0.00E+00  0.00E+00  0.000000  0.712004  0.0000000E+00  0.0000000000E+00
344  2.739936707207915E+06  119.984149  6.501470  3.910834  7.5157740E-01  2.4837130E-01  1.2915495E-06  4.2999257E-09  1.0216523E-07  6.8211449E-06  3.5136680E-10  2.0005892E-09  9.2048308E-07  2.3543589E-08  4.784E-28  0.3885  3.910834   -7.694  2.523811  8.402326  0.0000000E+00  2.2879453E-01  4.2354791E-01  9.2610492E-11  3.4313084E-20  3.4758053E-01  2.0807749E-17  2.5026650E-16  6.3138207E-05  7.0913630E-06  3.170E-28  0.000E+00  0.000E+00  1.000E+00  1.000E+00  1.30E+02  0.00E+00  0.00E+00  0.000000  0.712037  0.0000000E+00  0.0000000000E+00
345  2.740410561158590E+06  119.984140  6.501489  3.908733  7.5157740E-01  2.4837130E-01  1.2915495E-06  4.2999258E-09  1.0216523E-07  6.8211449E-06  3.5136680E-10  2.0005892E-09  9.2048308E-07  2.3543589E-08  4.783E-28  0.3955  3.908733   -7.696  2.524663  8.402609  0.0000000E+00  2.2721371E-01  4.2282466E-01  9.1127586E-11  3.2265104E-20  3.4988308E-01  1.8881626E-17  2.5256396E-16  6.4635933E-05  7.0648433E-06  2.806E-28  0.000E+00  0.000E+00  1.000E+00  1.000E+00  1.30E+02  0.00E+00  0.00E+00  0.000000  0.712069  0.0000000E+00  0.0000000000E+00
346  2.740885011733710E+06  119.984130  6.501509  3.906625  7.5157740E-01  2.4837130E-01  1.2915495E-06  4.2999259E-09  1.0216523E-07  6.8211449E-06  3.5136680E-10  2.0005892E-09  9.2048308E-07  2.3543589E-08  4.781E-28  0.3952  3.906625   -7.698  2.525517  8.402892  0.0000000E+00  2.2563289E-01  4.2208682E-01  8.9641652E-11  3.0335287E-20  3.5220023E-01  1.7110490E-17  2.5481888E-16  6.6174913E-05  7.0379742E-06  2.484E-28  0.000E+00  0.000E+00  1.000E+00  1.000E+00  1.29E+02  0.00E+00  0.00E+00  0.000000  0.712102  0.0000000E+00  0.0000000000E+00
347  2.741359783021817E+06  119.984121  6.501529  3.904510  7.5157740E-01  2.4837130E-01  1.2915495E-06  4.2999260E-09  1.0216523E-07  6.8211449E-06  3.5136680E-10  2.0005892E-09  9.2048308E-07  2.3543589E-08  4.779E-28  0.3870  3.904510   -7.700  2.526358  8.403173  0.0000000E+00  2.2405206E-01  4.2133431E-01  8.8159963E-11  2.8515769E-20  3.5453196E-01  1.5485720E-17  2.5704529E-16  6.7756421E-05  7.0107516E-06  2.199E-28  0.000E+00  0.000E+00  1.000E+00  1.000E+00  1.29E+02  0.00E+00  0.00E+00  0.000000  0.712134  0.0000000E+00  0.0000000000E+00
348  2.741837120602324E+06  119.984111  6.501548  3.902375  7.5157740E-01  2.4837130E-01  1.2915495E-06  4.2999261E-09  1.0216523E-07  6.8211449E-06  3.5136680E-10  2.0005892E-09  9.2048308E-07  2.3543589E-08  4.777E-28  0.3946  3.902375   -7.703  2.527236  8.403464  0.0000000E+00  2.2247124E-01  4.2056703E-01  8.6679890E-11  2.6800802E-20  3.5687840E-01  1.3997130E-17  2.5923181E-16  6.9381841E-05  6.9831711E-06  1.947E-28  0.000E+00  0.000E+00  1.000E+00  1.000E+00  1.28E+02  0.00E+00  0.00E+00  0.000000  0.712167  0.0000000E+00  0.0000000000E+00
349  2.742315517606307E+06  119.984102  6.501568  3.900225  7.5157740E-01  2.4837130E-01  1.2915495E-06  4.2999262E-09  1.0216523E-07  6.8211449E-06  3.5136680E-10  2.0005892E-09  9.2048308E-07  2.3543589E-08  4.775E-28  0.3953  3.900225   -7.705  2.528109  8.403754  0.0000000E+00  2.2089042E-01  4.1978477E-01  8.5204966E-11  2.5183844E-20  3.5923982E-01  1.2634925E-17  2.6138244E-16  7.1052733E-05  6.9552267E-06  1.724E-28  0.000E+00  0.000E+00  1.000E+00  1.000E+00  1.27E+02  0.00E+00  0.00E+00  0.000000  0.712200  0.0000000E+00  0.0000000000E+00
350  2.742794602408707E+06  119.943239  6.501500  3.898604  7.5157740E-01  2.4837130E-01  1.2915492E-06  4.3003068E-09  1.0216524E-07  6.8211449E-06  3.5136682E-10  2.0005891E-09  9.2048308E-07  2.3543589E-08  6.378E-28  0.3957  3.898604   -4.006  2.528978  8.404042  0.0000000E+00  2.1930960E-01  4.1898746E-01  8.3726501E-11  2.3662066E-20  3.6161620E-01  1.1390065E-17  2.6347509E-16  7.2770310E-05  6.9269165E-06  1.527E-28  0.000E+00  0.000E+00  1.000E+00  1.000E+00  1.27E+02  0.00E+00  0.00E+00  0.000000  0.712330  0.0000000E+00  0.0000000000E+00
351  2.746153318116020E+06  119.524498  6.501323  3.881039  7.5157740E-01  2.4837130E-01  1.2915427E-06  4.3073467E-09  1.0216533E-07  6.8211449E-06  3.5136737E-10  2.0005879E-09  9.2048308E-07  2.3543589E-08  1.036E-26  0.3890  3.881039   -3.796  2.535252  8.406113  0.0000000E+00  2.0834412E-01  4.1303141E-01  7.3633823E-11  1.5285665E-20  3.7852431E-01  5.3359927E-18  2.7678597E-16  8.6103033E-05  6.7200271E-06  6.632E-29  0.000E+00  0.000E+00  1.000E+00  1.000E+00  1.22E+02  0.00E+00  0.00E+00  0.000000  0.714534  0.0000000E+00  0.0000000000E+00
352  2.753171404733455E+06  114.904397  6.500284  3.868467  7.3513024E-01  2.6483520E-01  9.4190237E-07  5.0091710E-08  1.4177837E-06  5.7121551E-06  7.0841850E-10  1.5320949E-09  7.7112365E-07  1.9685331E-08  2.478E-10  0.4132  3.868467   -3.169  2.549133  8.410641  0.0000000E+00  1.8641316E-01  3.9864430E-01  5.3401966E-11  6.6112482E-21  4.1480553E-01  2.3495779E-18  2.8935119E-16  1.2267345E-04  6.2432669E-06  1.059E-28  0.000E+00  0.000E+00  1.000E+00  1.000E+00  1.16E+02  0.00E+00  0.00E+00  0.000000  0.734526  0.0000000E+00  0.0000000000E+00
353  2.756755424249277E+06  113.061971  6.500768  3.877626  7.1697855E-01  2.8299385E-01  7.4527197E-07  5.8338419E-08  2.3602054E-06  4.8698236E-06  8.5305979E-10  1.2374046E-09  6.5701683E-07  1.6752900E-08  3.600E-10  0.4192  3.877626   -3.467  2.556550  8.412953  0.0000000E+00  1.7544768E-01  3.9020761E-01  4.4782555E-11  4.1558424E-21  4.3418287E-01  8.5555428E-19  2.9152537E-16  1.4742848E-04  5.9723964E-06  4.957E-29  0.000E+00  0.000E+00  1.000E+00  1.000E+00  1.17E+02  0.00E+00  0.00E+00  0.000000  0.739511  0.0000000E+00  0.0000000000E+00
354  2.760394948928761E+06  112.376043  6.501180  3.880411  7.0911035E-01  2.9086405E-01  6.8050963E-07  5.8646160E-08  2.7030936E-06  4.5562897E-06  8.8929340E-10  1.1354563E-09  6.1445266E-07  1.5661067E-08  3.900E-10  0.4201  3.880411   -3.789  2.565146  8.415742  0.0000000E+00  1.6448220E-01  3.8084766E-01  3.7169666E-11  2.5800686E-21  4.5447692E-01  2.7845393E-19  2.9129470E-16  1.7853514E-04  5.6755943E-06  2.396E-29  0.000E+00  0.000E+00  1.000E+00  1.000E+00  1.18E+02  0.00E+00  0.00E+00  0.000000  0.741316  0.0000000E+00  0.0000000000E+00
355  2.764114210606670E+06  111.816990  6.501358  3.884585  7.0289904E-01  2.9707666E-01  6.3644005E-07  5.8326214E-08  2.9452434E-06  4.3325600E-06  9.0955271E-10  1.0646856E-09  5.8405276E-07  1.4881865E-08  4.072E-10  0.4223  3.884585   -3.839  2.573965  8.418620  0.0000000E+00  1.5351672E-01  3.7049777E-01  3.0140833E-11  1.5848698E-21  4.7575247E-01  7.9430648E-20  2.8541400E-16  2.1811321E-04  5.3503509E-06  1.203E-29  0.000E+00  0.000E+00  1.000E+00  1.000E+00  1.19E+02  0.00E+00  0.00E+00  0.000000  0.742620  0.0000000E+00  0.0000000000E+00
356  2.767916524841591E+06  111.310053  6.501609  3.890799  6.9616904E-01  3.0380786E-01  5.9465080E-07  5.7512186E-08  3.1834161E-06  4.1103319E-06  9.2446861E-10  9.9622001E-10  5.5383165E-07  1.4107804E-08  4.208E-10  0.4242  3.890799   -3.913  2.583430  8.421718  0.0000000E+00  1.4255124E-01  3.5908873E-01  2.3867108E-11  9.6177141E-22  4.9807561E-01  1.9412409E-20  2.7411124E-16  2.6911675E-04  4.9945223E-06  6.318E-30  0.000E+00  0.000E+00  1.000E+00  1.000E+00  1.20E+02  0.00E+00  0.00E+00  0.000000  0.743483  0.0000000E+00  0.0000000000E+00
357  2.775791312928084E+06  110.483402  6.502006  3.899898  6.8466480E-01  3.1531380E-01  5.3301293E-07  5.5393604E-08  3.5503090E-06  3.7641079E-06  9.3847641E-10  8.9274848E-10  5.0670370E-07  1.2901691E-08  4.351E-10  0.4221  3.899898   -6.239  2.604804  8.428690  0.0000000E+00  1.2062028E-01  3.3280829E-01  1.3678729E-11  3.4051082E-22  5.4613021E-01  6.3152593E-22  2.3411962E-16  4.2473843E-04  4.1833682E-06  2.040E-30  0.000E+00  0.000E+00  1.000E+00  1.000E+00  1.22E+02  0.00E+00  0.00E+00  0.000000  0.744646  0.0000000E+00  0.0000000000E+00
358  2.779958874826248E+06  110.063068  6.502164  3.899496  6.7897487E-01  3.2100433E-01  5.0550544E-07  5.4138866E-08  3.7193750E-06  3.6032658E-06  9.4194037E-10  8.4571657E-10  4.8479543E-07  1.2341337E-08  4.395E-10  0.4271  3.899496   -4.014  2.617368  8.432444  0.0000000E+00  1.0965480E-01  3.1777239E-01  9.6225354E-12  2.1179013E-22  5.7201172E-01  7.9061929E-23  2.0213994E-16  5.4360390E-04  3.7300267E-06  1.277E-30  0.000E+00  0.000E+00  1.000E+00  1.000E+00  1.22E+02  0.00E+00  0.00E+00  0.000000  0.745236  0.0000000E+00  0.0000000000E+00
359  2.784162859005183E+06  109.574175  6.502367  3.889583  6.7373749E-01  3.2624238E-01  4.8156691E-07  5.2902496E-08  3.8690670E-06  3.4602205E-06  9.4356073E-10  8.0436900E-10  4.6530491E-07  1.1843001E-08  4.423E-10  0.4275  3.889583   -3.895  2.631285  8.436933  0.0000000E+00  9.8689320E-02  3.0139005E-01  6.5666182E-12  1.2114555E-22  5.9918993E-01  7.1453949E-24  1.7029812E-16  7.1163348E-04  3.2395012E-06  8.505E-31  0.000E+00  0.000E+00  1.000E+00  1.000E+00  1.19E+02  0.00E+00  0.00E+00  0.000000  0.746575  0.0000000E+00  0.0000000000E+00
360  2.788451186772630E+06  109.346026  6.502993  3.900233  6.6459294E-01  3.3538796E-01  4.4138873E-07  5.0655512E-08  4.1233931E-06  3.2164201E-06  9.4457355E-10  7.3446450E-10  4.3207881E-07  1.0993699E-08  4.471E-10  0.4284  3.900233   -6.075  2.646359  8.441842  0.0000000E+00  8.7723840E-02  2.8355992E-01  4.1923865E-12  6.7780769E-23  6.2774005E-01  4.3695759E-25  1.3504839E-16  9.5444897E-04  2.7173583E-06  6.073E-31  0.000E+00  0.000E+00  1.000E+00  1.000E+00  1.21E+02  0.00E+00  0.00E+00  0.000000  0.745120  0.0000000E+00  0.0000000000E+00
361  2.792864735670927E+06  109.221665  6.503271  3.896867  6.5949353E-01  3.4048787E-01  4.2002077E-07  4.9348396E-08  4.2606761E-06  3.0843156E-06  9.4398210E-10  6.9695286E-10  4.1407050E-07  1.0533536E-08  4.482E-10  0.4288  3.896867   -3.978  2.663163  8.447311  0.0000000E+00  7.6758360E-02  2.6419624E-01  2.4466106E-12  3.7498228E-23  6.5770083E-01  2.5383674E-26  9.8390749E-17  1.3179678E-03  2.1726134E-06  4.661E-31  0.000E+00  0.000E+00  1.000E+00  1.000E+00  1.20E+02  0.00E+00  0.00E+00  0.000000  0.744159  0.0000000E+00  0.0000000000E+00
362  2.802271852024692E+06  107.610583  6.503651  3.877057  6.4527476E-01  3.5470774E-01  3.7399159E-07  4.6415914E-08  4.5658741E-06  2.7849476E-06  9.3178550E-10  6.1369094E-10  3.7330653E-07  9.4967581E-09  4.468E-10  0.4333  3.877057   -3.736  2.704161  8.460636  0.0000000E+00  5.4827400E-02  2.2059633E-01  5.5569514E-13  1.0160779E-23  7.2168390E-01  2.2123941E-27  3.5272385E-17  2.8350519E-03  1.0923046E-06  3.402E-31  0.000E+00  0.000E+00  1.000E+00  1.000E+00  1.14E+02  0.00E+00  0.00E+00  0.000000  0.749483  0.0000000E+00  0.0000000000E+00
363  2.824905978244321E+06   98.452712  6.505070  4.342621  5.0085300E-01  4.9913530E-01  1.5348285E-07  3.2776485E-08  6.2133542E-06  1.0350999E-06  6.3676044E-10  1.6489512E-10  1.3932640E-07  3.7944762E-09  5.029E-10  0.4814  4.342621   -8.589  2.760016  8.479094  0.0000000E+00  4.3861920E-02  1.1604285E-01  4.7897810E-15  1.7790677E-18  8.1032165E-01  6.6915138E-17  1.3453713E-17  2.7202626E-02  2.8963673E-07  3.414E-17  0.000E+00  0.000E+00  1.000E+00  1.000E+00  3.19E+02  0.00E+00  0.00E+00  0.000000  0.749736  0.0000000E+00  0.0000000000E+00
364  2.812250107005078E+06  106.200630  6.504577  3.888340  6.2490099E-01  3.7508294E-01  3.1691839E-07  4.2726058E-08  4.9517901E-06  2.4017019E-06  9.0765588E-10  5.0846113E-10  3.2118855E-07  8.1764154E-09  4.441E-10  0.4411  3.888340   -3.866  2.759901  8.478733  0.0000000E+00  3.2896440E-02  1.7081152E-01  4.5465186E-14  2.6323712E-21  7.8821374E-01  4.6462970E-25  4.5695560E-18  7.8050665E-03  2.7861451E-07  1.717E-19  0.000E+00  0.000E+00  1.000E+00  1.000E+00  1.17E+02  0.00E+00  0.00E+00  0.000000  0.751630  0.0000000E+00  0.0000000000E+00
365  2.834416627950306E+06   98.452690  6.505531  4.325507  5.0085240E-01  4.9913580E-01  1.5348261E-07  3.2776477E-08  6.2133568E-06  1.0350965E-06  6.3675899E-10  1.6489443E-10  1.3932599E-07  3.7944682E-09  4.983E-10  0.4802  4.325507   -8.704  2.820668  8.499031  0.0000000E+00  2.1930960E-02  7.8224437E-02  6.6614678E-17  1.8513493E-19  8.4753456E-01  6.0555485E-24  4.2542808E-19  4.5231467E-02  8.4407010E-09  3.376E-17  0.000E+00  0.000E+00  1.000E+00  1.000E+00  3.06E+02  0.00E+00  0.00E+00  0.000000  0.750532  0.0000000E+00  0.0000000000E+00
366  2.839304526841939E+06   98.452682  6.505823  4.300865  5.0085220E-01  4.9913600E-01  1.5348251E-07  3.2776474E-08  6.2133578E-06  1.0350953E-06  6.3675845E-10  1.6489418E-10  1.3932584E-07  3.7944652E-09  4.960E-10  0.4850  4.300865   -8.882  2.863388  8.512929  0.0000000E+00  1.0965480E-02  6.3182333E-02  4.8542905E-18  7.0418892E-20  8.5060541E-01  1.0405943E-26  1.2537920E-19  6.2254729E-02  6.3638052E-10  3.360E-17  0.000E+00  0.000E+00  1.000E+00  1.000E+00  2.89E+02  0.00E+00  0.00E+00  0.000000  0.751037  0.0000000E+00  0.0000000000E+00
367  2.845389456728355E+06   98.452302  6.506276  4.218170  5.0084320E-01  4.9914500E-01  1.5347823E-07  3.2776337E-08  6.2134034E-06  1.0350368E-06  6.3673316E-10  1.6488213E-10  1.3931869E-07  3.7943251E-09  4.931E-10  0.3937  4.218170   -7.239  3.152485  8.606512  0.0000000E+00  1.0799570E-06  5.4466810E-02  3.8892003E-18  9.2010570E-19  8.3695772E-01  3.8696589E-27  9.1682081E-19  8.5632470E-02  4.8039389E-11  3.341E-17  0.000E+00  0.000E+00  1.000E+00  1.000E+00  2.39E+02  0.00E+00  0.00E+00  0.000000  0.751820  0.0000000E+00  0.0000000000E+00
368  2.848029191974940E+06   97.705681  6.511195  3.851406  4.8958530E-01  5.1040310E-01  1.4805114E-07  3.2604704E-08  6.2709307E-06  9.6141858E-07  6.0443784E-10  1.4984513E-10  1.3038726E-07  3.6240197E-09  5.194E-10  0.0000  3.851406   -2.895  3.648880  8.765185  0.0000000E+00  1.0770180E-15  5.4466604E-02  4.6455630E-18  1.7696799E-18  8.3695452E-01  3.8801765E-27  1.2427704E-18  8.5635946E-02  4.8033154E-11  3.340E-17  0.000E+00  0.000E+00  1.000E+00  1.000E+00  1.02E+02  0.00E+00  0.00E+00  0.000000  0.760446  0.0000000E+00  0.0000000000E+00
369  2.848705065239559E+06   96.830200  6.512479  3.851761  4.7533700E-01  5.2465160E-01  1.4130603E-07  3.2272924E-08  6.3460989E-06  8.6546544E-07  5.5917947E-10  1.3137377E-10  1.1908982E-07  3.4363740E-09  5.781E-10  0.0000  3.851761   -2.893  4.085088  8.867206  0.0000000E+00  4.3175480E-14  5.4449738E-02  4.6455630E-18  1.7696799E-18  8.3694365E-01  3.8801765E-27  1.2427704E-18  8.5663145E-02  4.8033154E-11  3.340E-17  0.000E+00  0.000E+00  1.000E+00  1.000E+00  1.02E+02  0.00E+00  0.00E+00  0.000000  0.762232  0.0000000E+00  0.0000000000E+00
370  2.848737905130191E+06   96.788126  6.513829  3.852088  4.7447580E-01  5.2551280E-01  1.4089967E-07  3.2249764E-08  6.3507570E-06  8.5953474E-07  5.5625480E-10  1.3026798E-10  1.1840552E-07  3.4265780E-09  5.831E-10  0.0000  3.852088   -2.890  4.632986  8.985069  0.0000000E+00  3.3328120E-12  5.1461679E-02  4.6455630E-18  1.7696799E-18  8.3500306E-01  3.8801765E-27  1.2427704E-18  9.0520150E-02  4.8033154E-11  3.340E-17  0.000E+00  0.000E+00  1.000E+00  1.000E+00  1.02E+02  0.00E+00  0.00E+00  0.000000  0.764491  0.0000000E+00  0.0000000000E+00
371  2.848738274836564E+06   96.787708  6.514049  3.854683  4.7446670E-01  5.2552197E-01  1.4089537E-07  3.2249517E-08  6.3508063E-06  8.5947198E-07  5.5622382E-10  1.3025629E-10  1.1839827E-07  3.4264744E-09  5.832E-10  0.0000  3.854683   -3.400  4.717132  9.004573  0.0000000E+00  5.9666706E-12  4.8030925E-02  4.6455630E-18  1.7696799E-18  8.3277923E-01  3.8801765E-27  1.2427704E-18  9.6087639E-02  4.8033154E-11  3.340E-17  0.000E+00  0.000E+00  1.000E+00  1.000E+00  1.02E+02  0.00E+00  0.00E+00  0.000000  0.764876  0.0000000E+00  0.0000000000E+00
372  2.848738360712660E+06   96.787675  6.514115  3.856140  4.7446590E-01  5.2552270E-01  1.4089503E-07  3.2249497E-08  6.3508102E-06  8.5946694E-07  5.5622134E-10  1.3025535E-10  1.1839769E-07  3.4264661E-09  5.832E-10  0.0000  3.856140   -3.418  4.744830  9.011104  0.0000000E+00  6.9565722E-12  4.6315547E-02  4.6455630E-18  1.7696799E-18  8.3167065E-01  3.8801765E-27  1.2427704E-18  9.8863331E-02  4.8033154E-11  3.340E-17  0.000E+00  0.000E+00  1.000E+00  1.000E+00  1.03E+02  0.00E+00  0.00E+00  0.000000  0.764993  0.0000000E+00  0.0000000000E+00
373  2.848738423382653E+06   96.787652  6.514175  3.857570  4.7446540E-01  5.2552320E-01  1.4089479E-07  3.2249483E-08  6.3508130E-06  8.5946341E-07  5.5621959E-10  1.3025469E-10  1.1839729E-07  3.4264603E-09  5.832E-10  0.0000  3.857570   -3.437  4.768791  9.016848  0.0000000E+00  7.8924013E-12  4.4600170E-02  4.6455630E-18  1.7696799E-18  8.3056475E-01  3.8801765E-27  1.2427704E-18  1.0163248E-01  4.8033154E-11  3.340E-17  0.000E+00  0.000E+00  1.000E+00  1.000E+00  1.03E+02  0.00E+00  0.00E+00  0.000000  0.765098  0.0000000E+00  0.0000000000E+00
374  2.848738471312453E+06   96.787635  6.514226  3.859159  4.7446500E-01  5.2552360E-01  1.4089462E-07  3.2249473E-08  6.3508150E-06  8.5946084E-07  5.5621833E-10  1.3025422E-10  1.1839699E-07  3.4264560E-09  5.832E-10  0.0000  3.859159   -3.457  4.789499  9.021824  0.0000000E+00  8.7083731E-12  4.2884793E-02  4.6455630E-18  1.7696799E-18  8.2946147E-01  3.8801765E-27  1.2427704E-18  1.0439516E-01  4.8033154E-11  3.340E-17  0.000E+00  0.000E+00  1.000E+00  1.000E+00  1.03E+02  0.00E+00  0.00E+00  0.000000  0.765188  0.0000000E+00  0.0000000000E+00
375  2.848738509516606E+06   96.787621  6.514271  3.860455  4.7446480E-01  5.2552390E-01  1.4089448E-07  3.2249465E-08  6.3508165E-06  8.5945887E-07  5.5621735E-10  1.3025385E-10  1.1839676E-07  3.4264528E-09  5.832E-10  0.0000  3.860455   -3.474  4.808053  9.026318  0.0000000E+00  9.4309473E-12  4.1169416E-02  4.6455630E-18  1.7696799E-18  8.2836078E-01  3.8801765E-27  1.2427704E-18  1.0715147E-01  4.8033154E-11  3.340E-17  0.000E+00  0.000E+00  1.000E+00  1.000E+00  1.04E+02  0.00E+00  0.00E+00  0.000000  0.765268  0.0000000E+00  0.0000000000E+00
376  2.848738540668086E+06   96.787611  6.514314  3.861671  4.7446450E-01  5.2552410E-01  1.4089438E-07  3.2249459E-08  6.3508178E-06  8.5945732E-07  5.5621659E-10  1.3025356E-10  1.1839658E-07  3.4264503E-09  5.832E-10  0.0000  3.861671   -3.489  4.825203  9.030538  0.0000000E+00  1.0092440E-11  3.9454039E-02  4.6455630E-18  1.7696799E-18  8.2726271E-01  3.8801765E-27  1.2427704E-18  1.0990133E-01  4.8033154E-11  3.340E-17  0.000E+00  0.000E+00  1.000E+00  1.000E+00  1.04E+02  0.00E+00  0.00E+00  0.000000  0.765343  0.0000000E+00  0.0000000000E+00
377  2.848738566835141E+06   96.787603  6.514351  3.863011  4.7446430E-01  5.2552430E-01  1.4089429E-07  3.2249454E-08  6.3508187E-06  8.5945607E-07  5.5621597E-10  1.3025333E-10  1.1839644E-07  3.4264482E-09  5.832E-10  0.0000  3.863011   -3.506  4.840772  9.034361  0.0000000E+00  1.0618660E-11  3.7738661E-02  4.6455630E-18  1.7696799E-18  8.2616723E-01  3.8801765E-27  1.2427704E-18  1.1264479E-01  4.8033154E-11  3.340E-17  0.000E+00  0.000E+00  1.000E+00  1.000E+00  1.04E+02  0.00E+00  0.00E+00  0.000000  0.765409  0.0000000E+00  0.0000000000E+00
378  2.848738589250140E+06   96.787596  6.514388  3.866395  4.7446420E-01  5.2552440E-01  1.4089422E-07  3.2249450E-08  6.3508195E-06  8.5945507E-07  5.5621548E-10  1.3025314E-10  1.1839632E-07  3.4264465E-09  5.832E-10  0.0000  3.866395   -3.549  4.855343  9.037958  0.0000000E+00  1.1046663E-11  3.6023284E-02  4.6455630E-18  1.7696799E-18  8.2507436E-01  3.8801765E-27  1.2427704E-18  1.1538178E-01  4.8033154E-11  3.340E-17  0.000E+00  0.000E+00  1.000E+00  1.000E+00  1.05E+02  0.00E+00  0.00E+00  0.000000  0.765474  0.0000000E+00  0.0000000000E+00
379  2.848738608665464E+06   96.787591  6.514425  3.867616  4.7446410E-01  5.2552450E-01  1.4089417E-07  3.2249447E-08  6.3508202E-06  8.5945426E-07  5.5621508E-10  1.3025299E-10  1.1839623E-07  3.4264452E-09  5.832E-10  0.0000  3.867616   -3.565  4.869377  9.041473  0.0000000E+00  1.1415975E-11  3.4307907E-02  4.6455630E-18  1.7696799E-18  8.2398418E-01  3.8801765E-27  1.2427704E-18  1.1811212E-01  4.8033154E-11  3.340E-17  0.000E+00  0.000E+00  1.000E+00  1.000E+00  1.05E+02  0.00E+00  0.00E+00  0.000000  0.765539  0.0000000E+00  0.0000000000E+00
380  2.848738625747041E+06   96.787586  6.514459  3.868762  4.7446400E-01  5.2552460E-01  1.4089412E-07  3.2249444E-08  6.3508207E-06  8.5945357E-07  5.5621474E-10  1.3025286E-10  1.1839615E-07  3.4264441E-09  5.832E-10  0.0000  3.868762   -3.579  4.882662  9.044804  0.0000000E+00  1.1669409E-11  3.2592530E-02  4.6455630E-18  1.7696799E-18  8.2289671E-01  3.8801765E-27  1.2427704E-18  1.2083573E-01  4.8033154E-11  3.340E-17  0.000E+00  0.000E+00  1.000E+00  1.000E+00  1.06E+02  0.00E+00  0.00E+00  0.000000  0.765599  0.0000000E+00  0.0000000000E+00
381  2.848738641006411E+06   96.787582  6.514490  3.869657  4.7446390E-01  5.2552470E-01  1.4089408E-07  3.2249442E-08  6.3508212E-06  8.5945297E-07  5.5621444E-10  1.3025275E-10  1.1839608E-07  3.4264431E-09  5.832E-10  0.0000  3.869657   -3.590  4.895279  9.047959  0.0000000E+00  1.1793657E-11  3.0877153E-02  4.6455630E-18  1.7696799E-18  8.2181198E-01  3.8801765E-27  1.2427704E-18  1.2355249E-01  4.8033154E-11  3.340E-17  0.000E+00  0.000E+00  1.000E+00  1.000E+00  1.06E+02  0.00E+00  0.00E+00  0.000000  0.765654  0.0000000E+00  0.0000000000E+00
382  2.848738667344749E+06   96.787576  6.514552  3.871393  4.7446380E-01  5.2552490E-01  1.4089401E-07  3.2249438E-08  6.3508219E-06  8.5945198E-07  5.5621395E-10  1.3025257E-10  1.1839597E-07  3.4264414E-09  5.832E-10  0.0000  3.871393   -3.612  4.919817  9.054146  0.0000000E+00  1.1788002E-11  2.7446398E-02  4.6455630E-18  1.7696799E-18  8.1965104E-01  3.8801765E-27  1.2427704E-18  1.2896481E-01  4.8033154E-11  3.340E-17  0.000E+00  0.000E+00  1.000E+00  1.000E+00  1.06E+02  0.00E+00  0.00E+00  0.000000  0.765763  0.0000000E+00  0.0000000000E+00
383  2.848738678904195E+06   96.787573  6.514581  3.872204  4.7446370E-01  5.2552490E-01  1.4089398E-07  3.2249436E-08  6.3508223E-06  8.5945156E-07  5.5621375E-10  1.3025249E-10  1.1839592E-07  3.4264407E-09  5.832E-10  0.0000  3.872204   -3.622  4.931661  9.057122  0.0000000E+00  1.1613596E-11  2.5731021E-02  4.6455630E-18  1.7696799E-18  8.1857498E-01  3.8801765E-27  1.2427704E-18  1.3165994E-01  4.8033154E-11  3.340E-17  0.000E+00  0.000E+00  1.000E+00  1.000E+00  1.06E+02  0.00E+00  0.00E+00  0.000000  0.765814  0.0000000E+00  0.0000000000E+00
384  2.848738689660305E+06   96.787570  6.514610  3.872946  4.7446360E-01  5.2552500E-01  1.4089396E-07  3.2249435E-08  6.3508226E-06  8.5945117E-07  5.5621356E-10  1.3025242E-10  1.1839587E-07  3.4264401E-09  5.832E-10  0.0000  3.872946   -3.631  4.943466  9.060089  0.0000000E+00  1.1343406E-11  2.4015644E-02  4.6455630E-18  1.7696799E-18  8.1750195E-01  3.8801765E-27  1.2427704E-18  1.3434745E-01  4.8033154E-11  3.340E-17  0.000E+00  0.000E+00  1.000E+00  1.000E+00  1.07E+02  0.00E+00  0.00E+00  0.000000  0.765866  0.0000000E+00  0.0000000000E+00
385  2.848738699751876E+06   96.787568  6.514640  3.873693  4.7446360E-01  5.2552500E-01  1.4089393E-07  3.2249434E-08  6.3508229E-06  8.5945083E-07  5.5621338E-10  1.3025235E-10  1.1839583E-07  3.4264395E-09  5.832E-10  0.0000  3.873693   -3.641  4.955339  9.063071  0.0000000E+00  1.0980881E-11  2.2300267E-02  4.6455630E-18  1.7696799E-18  8.1643206E-01  3.8801765E-27  1.2427704E-18  1.3702702E-01  4.8033154E-11  3.340E-17  0.000E+00  0.000E+00  1.000E+00  1.000E+00  1.07E+02  0.00E+00  0.00E+00  0.000000  0.765918  0.0000000E+00  0.0000000000E+00
386  2.848738709268112E+06   96.787566  6.514671  3.874491  4.7446350E-01  5.2552510E-01  1.4089391E-07  3.2249432E-08  6.3508231E-06  8.5945050E-07  5.5621322E-10  1.3025229E-10  1.1839580E-07  3.4264390E-09  5.832E-10  0.0000  3.874491   -3.651  4.967568  9.066160  0.0000000E+00  1.0556467E-11  2.0584890E-02  4.6455630E-18  1.7696799E-18  8.1536548E-01  3.8801765E-27  1.2427704E-18  1.3969825E-01  4.8033154E-11  3.340E-17  0.000E+00  0.000E+00  1.000E+00  1.000E+00  1.07E+02  0.00E+00  0.00E+00  0.000000  0.765973  0.0000000E+00  0.0000000000E+00
387  2.848738718323530E+06   96.787564  6.514702  3.875710  4.7446350E-01  5.2552510E-01  1.4089389E-07  3.2249431E-08  6.3508233E-06  8.5945020E-07  5.5621307E-10  1.3025223E-10  1.1839576E-07  3.4264385E-09  5.832E-10  0.0000  3.875710   -3.666  4.979855  9.069236  0.0000000E+00  1.0009573E-11  1.8869512E-02  4.6455630E-18  1.7696799E-18  8.1430233E-01  3.8801765E-27  1.2427704E-18  1.4236076E-01  4.8033154E-11  3.340E-17  0.000E+00  0.000E+00  1.000E+00  1.000E+00  1.07E+02  0.00E+00  0.00E+00  0.000000  0.766027  0.0000000E+00  0.0000000000E+00
388  2.848738727018585E+06   96.787562  6.514735  3.878327  4.7446350E-01  5.2552520E-01  1.4089387E-07  3.2249430E-08  6.3508236E-06  8.5944993E-07  5.5621294E-10  1.3025218E-10  1.1839573E-07  3.4264381E-09  5.832E-10  0.0000  3.878327   -3.698  4.992695  9.072454  0.0000000E+00  9.3953835E-12  1.7154135E-02  4.6455630E-18  1.7696799E-18  8.1324277E-01  3.8801765E-27  1.2427704E-18  1.4501407E-01  4.8033154E-11  3.340E-17  0.000E+00  0.000E+00  1.000E+00  1.000E+00  1.08E+02  0.00E+00  0.00E+00  0.000000  0.766086  0.0000000E+00  0.0000000000E+00
389  2.848738735438095E+06   96.787560  6.514768  3.879121  4.7446340E-01  5.2552520E-01  1.4089385E-07  3.2249429E-08  6.3508238E-06  8.5944968E-07  5.5621282E-10  1.3025214E-10  1.1839570E-07  3.4264376E-09  5.832E-10  0.0000  3.879121   -3.708  5.005969  9.075752  0.0000000E+00  8.6783403E-12  1.5438758E-02  4.6455630E-18  1.7696799E-18  8.1218701E-01  3.8801765E-27  1.2427704E-18  1.4765760E-01  4.8033154E-11  3.340E-17  0.000E+00  0.000E+00  1.000E+00  1.000E+00  1.08E+02  0.00E+00  0.00E+00  0.000000  0.766143  0.0000000E+00  0.0000000000E+00
390  2.848738743671486E+06   96.787559  6.514803  3.879993  4.7446340E-01  5.2552520E-01  1.4089384E-07  3.2249428E-08  6.3508239E-06  8.5944944E-07  5.5621270E-10  1.3025209E-10  1.1839567E-07  3.4264372E-09  5.832E-10  0.0000  3.879993   -3.719  5.020185  9.079285  0.0000000E+00  7.9010739E-12  1.3723381E-02  4.6455630E-18  1.7696799E-18  8.1113528E-01  3.8801765E-27  1.2427704E-18  1.5029062E-01  4.8033154E-11  3.340E-17  0.000E+00  0.000E+00  1.000E+00  1.000E+00  1.08E+02  0.00E+00  0.00E+00  0.000000  0.766205  0.0000000E+00  0.0000000000E+00
391  2.848738751805541E+06   96.787557  6.514839  3.880904  4.7446340E-01  5.2552530E-01  1.4089382E-07  3.2249427E-08  6.3508241E-06  8.5944921E-07  5.5621259E-10  1.3025205E-10  1.1839565E-07  3.4264369E-09  5.832E-10  0.0000  3.880904   -3.730  5.035337  9.083013  0.0000000E+00  7.0341249E-12  1.2008004E-02  4.6455630E-18  1.7696799E-18  8.1008788E-01  3.8801765E-27  1.2427704E-18  1.5291220E-01  4.8033154E-11  3.340E-17  0.000E+00  0.000E+00  1.000E+00  1.000E+00  1.09E+02  0.00E+00  0.00E+00  0.000000  0.766269  0.0000000E+00  0.0000000000E+00
392  2.848738759941645E+06   96.787556  6.514881  3.885783  4.7446330E-01  5.2552530E-01  1.4089381E-07  3.2249426E-08  6.3508243E-06  8.5944900E-07  5.5621248E-10  1.3025201E-10  1.1839562E-07  3.4264365E-09  5.832E-10  0.0000  3.885783   -3.791  5.052109  9.087131  0.0000000E+00  6.1150496E-12  1.0292626E-02  4.6455630E-18  1.7696799E-18  8.0904520E-01  3.8801765E-27  1.2427704E-18  1.5552111E-01  4.8033154E-11  3.340E-17  0.000E+00  0.000E+00  1.000E+00  1.000E+00  1.10E+02  0.00E+00  0.00E+00  0.000000  0.766344  0.0000000E+00  0.0000000000E+00
393  2.848738776777942E+06   96.787553  6.514491  3.879009  4.7446330E-01  5.2552530E-01  1.4089378E-07  3.2249425E-08  6.3508246E-06  8.5944861E-07  5.5621229E-10  1.3025194E-10  1.1839558E-07  3.4264359E-09  5.832E-10  0.0000  3.879009   -3.708  5.092823  9.097007  0.0000000E+00  4.1073968E-12  6.8618720E-03  4.6455630E-18  1.7696799E-18  8.0697623E-01  3.8801765E-27  1.2427704E-18  1.6069293E-01  4.8033154E-11  3.340E-17  0.000E+00  0.000E+00  1.000E+00  1.000E+00  1.08E+02  0.00E+00  0.00E+00  0.000000  0.765656  0.0000000E+00  0.0000000000E+00
394  2.848738786359825E+06   96.787551  6.514565  3.881549  4.7446320E-01  5.2552540E-01  1.4089376E-07  3.2249424E-08  6.3508248E-06  8.5944833E-07  5.5621216E-10  1.3025189E-10  1.1839555E-07  3.4264354E-09  5.832E-10  0.0000  3.881549   -3.740  5.121159  9.103805  0.0000000E+00  2.9457486E-12  5.1464948E-03  4.6455630E-18  1.7696799E-18  8.0595158E-01  3.8801765E-27  1.2427704E-18  1.6324924E-01  4.8033154E-11  3.340E-17  0.000E+00  0.000E+00  1.000E+00  1.000E+00  1.09E+02  0.00E+00  0.00E+00  0.000000  0.765785  0.0000000E+00  0.0000000000E+00
395  2.848738812696449E+06   96.787547  6.514850  3.891826  4.7446310E-01  5.2552550E-01  1.4089372E-07  3.2249421E-08  6.3508253E-06  8.5944770E-07  5.5621184E-10  1.3025177E-10  1.1839547E-07  3.4264344E-09  5.832E-10  0.0000  3.891826   -3.865  5.235781  9.131132  0.0000000E+00  1.3163171E-12  1.7157404E-03  4.6455630E-18  1.7696799E-18  8.0395578E-01  3.8801765E-27  1.2427704E-18  1.6818860E-01  4.8033154E-11  3.340E-17  0.000E+00  0.000E+00  1.000E+00  1.000E+00  1.11E+02  0.00E+00  0.00E+00  0.000000  0.766288  0.0000000E+00  0.0000000000E+00
396  2.848738840293774E+06   96.787545  6.515773  3.909112  4.7446310E-01  5.2552550E-01  1.4089369E-07  3.2249420E-08  6.3508256E-06  8.5944734E-07  5.5621166E-10  1.3025170E-10  1.1839543E-07  3.4264338E-09  5.832E-10  0.0000  3.909112   -7.539  5.572950  9.219104  0.0000000E+00  1.4939900E-10  2.2338176E-05  4.6455630E-18  1.7696799E-18  8.5697865E-01  3.8801765E-27  1.2427704E-18  4.6663464E-02  4.8033154E-11  3.340E-17  0.000E+00  0.000E+00  1.000E+00  1.000E+00  1.16E+02  0.00E+00  0.00E+00  0.000000  0.767918  0.0000000E+00  0.0000000000E+00
397  2.848738846918605E+06   96.787545  6.516826  3.936187  4.7446310E-01  5.2552550E-01  1.4089369E-07  3.2249420E-08  6.3508256E-06  8.5944734E-07  5.5621166E-10  1.3025170E-10  1.1839543E-07  3.4264338E-09  5.832E-10  0.0000  3.936187   -7.508  6.018449  9.340466  0.0000000E+00  8.6203710E-11  1.1572975E-07  4.6455630E-18  1.7696799E-18  8.2333477E-01  0.0000000E+00  1.2427704E-18  1.4349022E-05  4.8033154E-11  3.340E-17  0.000E+00  0.000E+00  1.000E+00  1.000E+00  1.23E+02  0.00E+00  0.00E+00  0.000000  0.769783  0.0000000E+00  0.0000000000E+00
398  2.848738847931445E+06   96.787545  6.517273  3.946821  4.7446310E-01  5.2552550E-01  1.4089369E-07  3.2249420E-08  6.3508256E-06  8.5944734E-07  5.5621166E-10  1.3025170E-10  1.1839543E-07  3.4264338E-09  5.832E-10  0.0167  3.946821   -7.495  5.950931  9.402518  0.0000000E+00  7.1235810E-09  3.2395536E-06  4.6455630E-18  1.7696799E-18  4.8050315E-01  0.0000000E+00  1.2427704E-18  1.2832287E-05  4.8033154E-11  3.340E-17  0.000E+00  0.000E+00  1.000E+00  1.000E+00  1.26E+02  0.00E+00  0.00E+00  0.000000  0.770575  0.0000000E+00  0.0000000000E+00
399  2.848738848695095E+06   96.787545  6.517847  3.963663  4.7446310E-01  5.2552550E-01  1.4089369E-07  3.2249420E-08  6.3508256E-06  8.5944734E-07  5.5621166E-10  1.3025170E-10  1.1839543E-07  3.4264338E-09  5.832E-10  0.0000  3.963663   -7.475  6.173060  9.457459  0.0000000E+00  6.2667400E-08  1.4894893E-05  4.6455630E-18  1.7696799E-18  4.3777437E-02  0.0000000E+00  1.2427704E-18  1.1920238E-06  4.8033154E-11  3.340E-17  0.000E+00  0.000E+00  1.000E+00  1.000E+00  1.31E+02  0.00E+00  0.00E+00  0.000000  0.771594  0.0000000E+00  0.0000000000E+00
400  2.848738848960856E+06   96.787545  6.518326  3.976780  4.7446310E-01  5.2552550E-01  1.4089369E-07  3.2249420E-08  6.3508256E-06  8.5944734E-07  5.5621166E-10  1.3025170E-10  1.1839543E-07  3.4264338E-09  5.832E-10  0.0000  3.976780   -7.461  6.499426  9.516859  0.0000000E+00  9.2597040E-07  3.6322746E-07  4.6455630E-18  1.7696799E-18  3.0008039E-05  0.0000000E+00  1.2427704E-18  1.9917857E-09  4.8033154E-11  3.340E-17  0.000E+00  0.000E+00  1.000E+00  1.000E+00  1.35E+02  0.00E+00  0.00E+00  0.000000  0.772446  0.0000000E+00  0.0000000000E+00
