line                  time        mass     lg(L)  lg(Teff)        1H_surf       4He_surf       12C_surf       13C_surf       14N_surf       16O_surf       17O_surf       18O_surf      20Ne_surf      22Ne_surf  26Al_surf  Mcc/Mt   lg(Teff)  lg(Md)  lg(rhoc)    lg(Tc)         1H_cen        4He_cen        12C_cen        13C_cen        14N_cen        16O_cen        17O_cen        18O_cen       20Ne_cen       22Ne_cen   26Al_cen  Omeg_surf   Omeg_cen     Rp/Req   Md/Md(0)   v_crit1   v_crit2    v_equa  Om/Om_cr  Gamma_Ed  lg(Mdot_mech)             L_tot
   -                    yr        Msun      Lsun        K      mass frac.     mass frac.     mass frac.     mass frac.     mass frac.     mass frac.     mass frac.     mass frac.     mass frac.     mass frac. mass frac.       -          K   Ms/yr     g/cm3         K     mass frac.     mass frac.     mass frac.     mass frac.     mass frac.     mass frac.     mass frac.     mass frac.     mass frac.     mass frac. mass frac.        s-1        s-1          -          -      km/s      km/s      km/s         -         -        Msun/yr     10^53 g cm2/s

  1  2.088212819999998E+04  119.999959  6.214961  4.831808  7.5157740E-01  2.4837130E-01  1.2915521E-06  4.2970794E-09  1.0216519E-07  6.8211449E-06  3.5136664E-10  2.0005896E-09  9.2048308E-07  2.3543589E-08  0.000E+00  0.8118  4.831808   -8.760  0.769305  7.832227  7.4857140E-01  2.5141910E-01  1.0319106E-07  2.8539448E-08  7.3703274E-06  6.4778620E-08  8.9500290E-11  1.3789169E-13  3.4849931E-07  1.9294965E-08  1.295E-07  7.939E-05  7.945E-05  9.468E-01  1.083E+00  1.31E+03  0.00E+00  5.22E+02  0.567441  0.368075  0.0000000E+00  7.5524028580E+00
  2  7.000841719207579E+04  119.999873  6.217992  4.831846  7.5157740E-01  2.4837130E-01  1.2915521E-06  4.2970794E-09  1.0216519E-07  6.8211449E-06  3.5136664E-10  2.0005896E-09  9.2048308E-07  2.3543589E-08  0.000E+00  0.8054  4.831846   -8.755  0.771180  7.833267  7.3968741E-01  2.6030292E-01  9.7458897E-08  2.6883093E-08  7.3661183E-06  6.9944068E-08  1.0093969E-10  1.6205280E-13  3.4603468E-08  1.2643962E-09  1.293E-07  7.739E-05  7.981E-05  9.489E-01  1.079E+00  1.30E+03  0.00E+00  5.10E+02  0.557196  0.370654  0.0000000E+00  7.5523651898E+00
  3  1.180954902180168E+05  119.999788  6.220944  4.831120  7.5157740E-01  2.4837130E-01  1.2915521E-06  4.2970794E-09  1.0216519E-07  6.8211449E-06  3.5136664E-10  2.0005896E-09  9.2048308E-07  2.3543589E-08  0.000E+00  0.7996  4.831120   -8.745  0.772067  7.833962  7.3080343E-01  2.6918687E-01  9.7555650E-08  2.6907906E-08  7.3602892E-06  6.9690184E-08  1.0064217E-10  1.5590698E-13  4.0390133E-09  1.4943621E-10  6.636E-08  7.715E-05  7.968E-05  9.482E-01  1.081E+00  1.30E+03  0.00E+00  5.12E+02  0.560689  0.373182  0.0000000E+00  7.5523271445E+00
  4  1.655799583183343E+05  119.999701  6.223895  4.830336  7.5157740E-01  2.4837130E-01  1.2915521E-06  4.2970794E-09  1.0216519E-07  6.8211449E-06  3.5136664E-10  2.0005896E-09  9.2048308E-07  2.3543589E-08  0.000E+00  0.7939  4.830336   -8.734  0.772975  7.834657  7.2191944E-01  2.7807086E-01  9.7660266E-08  2.6934617E-08  7.3544618E-06  6.9442163E-08  1.0033016E-10  1.5367903E-13  6.3648755E-10  2.3770599E-11  3.520E-08  7.690E-05  7.954E-05  9.474E-01  1.083E+00  1.29E+03  0.00E+00  5.14E+02  0.564355  0.375726  0.0000000E+00  7.5522882562E+00
  5  2.125088089585149E+05  119.999613  6.226848  4.829518  7.5157740E-01  2.4837130E-01  1.2915521E-06  4.2970796E-09  1.0216519E-07  6.8211449E-06  3.5136664E-10  2.0005896E-09  9.2048308E-07  2.3543589E-08  0.000E+00  0.7886  4.829518   -8.724  0.773911  7.835358  7.1303545E-01  2.8695485E-01  9.7775882E-08  2.6963329E-08  7.3485039E-06  6.9252680E-08  1.0008200E-10  1.5269036E-13  2.3190342E-10  8.6818108E-12  2.237E-08  7.664E-05  7.940E-05  9.467E-01  1.084E+00  1.29E+03  0.00E+00  5.16E+02  0.568058  0.378290  0.0000000E+00  7.5522484398E+00
  6  2.588356825120875E+05  119.999525  6.229780  4.828685  7.5157740E-01  2.4837130E-01  1.2915521E-06  4.2970808E-09  1.0216519E-07  6.8211449E-06  3.5136664E-10  2.0005896E-09  9.2048308E-07  2.3543589E-08  0.000E+00  0.7834  4.828685   -8.713  0.774846  7.836051  7.0415147E-01  2.9583883E-01  9.8109033E-08  2.7058746E-08  7.3423783E-06  6.8792545E-08  9.9156676E-11  1.5093359E-13  1.4522673E-10  5.6438511E-12  1.664E-08  7.641E-05  7.925E-05  9.458E-01  1.086E+00  1.29E+03  0.00E+00  5.19E+02  0.572046  0.380854  0.0000000E+00  7.5522077046E+00
  7  3.046374600961593E+05  119.999435  6.232707  4.827825  7.5157740E-01  2.4837130E-01  1.2915521E-06  4.2970847E-09  1.0216519E-07  6.8211449E-06  3.5136664E-10  2.0005896E-09  9.2048308E-07  2.3543589E-08  0.000E+00  0.7784  4.827825   -8.703  0.775847  7.836763  6.9526748E-01  3.0472282E-01  9.8001201E-08  2.7021824E-08  7.3363737E-06  6.8841916E-08  9.9523201E-11  1.5105653E-13  1.1968039E-10  4.5627303E-12  1.326E-08  7.613E-05  7.909E-05  9.450E-01  1.088E+00  1.28E+03  0.00E+00  5.21E+02  0.575701  0.383429  0.0000000E+00  7.5521659573E+00
  8  3.499140838542396E+05  119.999344  6.235633  4.826936  7.5157740E-01  2.4837130E-01  1.2915521E-06  4.2970970E-09  1.0216519E-07  6.8211449E-06  3.5136664E-10  2.0005896E-09  9.2048308E-07  2.3543589E-08  0.000E+00  0.7735  4.826936   -8.692  0.776863  7.837474  6.8638349E-01  3.1360671E-01  9.8134788E-08  2.7056241E-08  7.3301557E-06  6.8625749E-08  9.9208743E-11  1.5024832E-13  1.0521616E-10  4.0687262E-12  1.094E-08  7.586E-05  7.894E-05  9.442E-01  1.090E+00  1.28E+03  0.00E+00  5.23E+02  0.579605  0.386021  0.0000000E+00  7.5521231594E+00
  9  3.946825369269061E+05  119.999252  6.238549  4.826009  7.5157740E-01  2.4837130E-01  1.2915521E-06  4.2971287E-09  1.0216519E-07  6.8211449E-06  3.5136664E-10  2.0005896E-09  9.2048308E-07  2.3543589E-08  0.000E+00  0.7688  4.826009   -8.681  0.777911  7.838191  6.7749950E-01  3.2249070E-01  9.8273771E-08  2.7091865E-08  7.3238413E-06  6.8402266E-08  9.8875508E-11  1.4942833E-13  9.7532927E-11  3.8483792E-12  9.100E-09  7.560E-05  7.876E-05  9.433E-01  1.092E+00  1.27E+03  0.00E+00  5.25E+02  0.583724  0.388621  0.0000000E+00  7.5520792481E+00
 10  4.390000648444720E+05  119.999158  6.241454  4.825021  7.5157740E-01  2.4837130E-01  1.2915520E-06  4.2972015E-09  1.0216519E-07  6.8211449E-06  3.5136666E-10  2.0005896E-09  9.2048308E-07  2.3543589E-08  0.000E+00  0.7642  4.825021   -8.670  0.778979  7.838910  6.6861552E-01  3.3137468E-01  9.8395391E-08  2.7123894E-08  7.3174097E-06  6.8229154E-08  9.8672009E-11  1.4872299E-13  1.0300418E-10  4.0306800E-12  7.576E-09  7.532E-05  7.859E-05  9.423E-01  1.094E+00  1.27E+03  0.00E+00  5.27E+02  0.587934  0.391230  0.0000000E+00  7.5520341124E+00
 11  4.827337598348290E+05  119.999064  6.244347  4.823988  7.5157740E-01  2.4837130E-01  1.2915519E-06  4.2973650E-09  1.0216520E-07  6.8211449E-06  3.5136669E-10  2.0005896E-09  9.2048308E-07  2.3543589E-08  0.000E+00  0.7596  4.823988   -8.659  0.780077  7.839632  6.5973153E-01  3.4025867E-01  9.8538569E-08  2.7159900E-08  7.3108958E-06  6.8002731E-08  9.8338749E-11  1.4791003E-13  8.7616652E-11  3.4865505E-12  6.301E-09  7.502E-05  7.841E-05  9.414E-01  1.096E+00  1.26E+03  0.00E+00  5.30E+02  0.592210  0.393846  0.0000000E+00  7.5519878111E+00
 12  5.260537805923530E+05  119.998967  6.247243  4.822889  7.5157740E-01  2.4837130E-01  1.2915516E-06  4.2976883E-09  1.0216520E-07  6.8211449E-06  3.5136676E-10  2.0005895E-09  9.2048308E-07  2.3543589E-08  4.557E-20  0.7552  4.822889   -8.647  0.781224  7.840366  6.5084754E-01  3.4914266E-01  9.8696968E-08  2.7199962E-08  7.3042653E-06  6.7767297E-08  9.7956417E-11  1.4706493E-13  8.6195792E-11  3.5376832E-12  5.223E-09  7.476E-05  7.822E-05  9.403E-01  1.099E+00  1.26E+03  0.00E+00  5.33E+02  0.596937  0.396481  0.0000000E+00  7.5519400995E+00
 13  5.689177171739741E+05  119.998869  6.250129  4.821719  7.5157740E-01  2.4837130E-01  1.2915510E-06  4.2983110E-09  1.0216522E-07  6.8211449E-06  3.5136691E-10  2.0005893E-09  9.2048308E-07  2.3543589E-08  9.176E-19  0.7508  4.821719   -8.635  0.782381  7.841099  6.4196356E-01  3.5802664E-01  9.8820078E-08  2.7231573E-08  7.2975491E-06  6.7566538E-08  9.7727731E-11  1.4631063E-13  8.4993756E-11  3.4902956E-12  4.329E-09  7.446E-05  7.802E-05  9.392E-01  1.101E+00  1.25E+03  0.00E+00  5.35E+02  0.601686  0.399125  0.0000000E+00  7.5518909208E+00
 14  6.113598648180678E+05  119.998770  6.253008  4.820513  7.5157740E-01  2.4837130E-01  1.2915500E-06  4.2994232E-09  1.0216525E-07  6.8211449E-06  3.5136722E-10  2.0005889E-09  9.2048308E-07  2.3543589E-08  5.890E-18  0.7466  4.820513   -8.623  0.783571  7.841838  6.3307957E-01  3.6691063E-01  9.8956000E-08  2.7266809E-08  7.2907155E-06  6.7355778E-08  9.7455466E-11  1.4553031E-13  8.7734241E-11  3.6225100E-12  3.570E-09  7.417E-05  7.782E-05  9.381E-01  1.104E+00  1.25E+03  0.00E+00  5.38E+02  0.606586  0.401780  0.0000000E+00  7.5518401458E+00
 15  6.533229391563787E+05  119.998668  6.255889  4.819266  7.5157740E-01  2.4837130E-01  1.2915483E-06  4.3013093E-09  1.0216532E-07  6.8211449E-06  3.5136782E-10  2.0005883E-09  9.2048308E-07  2.3543589E-08  2.837E-17  0.7425  4.819266   -8.611  0.784815  7.842589  6.2419558E-01  3.7579462E-01  9.9131360E-08  2.7310889E-08  7.2837629E-06  6.7092613E-08  9.6995003E-11  1.4458985E-13  8.3712611E-11  3.6100818E-12  2.937E-09  7.386E-05  7.761E-05  9.369E-01  1.107E+00  1.24E+03  0.00E+00  5.41E+02  0.611604  0.404454  0.0000000E+00  7.5517877694E+00
 16  6.948637510176406E+05  119.998565  6.258769  4.817985  7.5157740E-01  2.4837130E-01  1.2915452E-06  4.3044482E-09  1.0216549E-07  6.8211449E-06  3.5136893E-10  2.0005870E-09  9.2048308E-07  2.3543589E-08  1.140E-16  0.7383  4.817985   -8.598  0.786072  7.843339  6.1531160E-01  3.8467860E-01  9.9262770E-08  2.7344312E-08  7.2767506E-06  6.6841108E-08  9.6684411E-11  1.4370251E-13  8.1372866E-11  3.5682775E-12  2.411E-09  7.354E-05  7.740E-05  9.357E-01  1.110E+00  1.24E+03  0.00E+00  5.44E+02  0.616669  0.407146  0.0000000E+00  7.5517336470E+00
 17  7.359944514534844E+05  119.998460  6.261634  4.816605  7.5157740E-01  2.4837130E-01  1.2915407E-06  4.3092220E-09  1.0216584E-07  6.8211448E-06  3.5137086E-10  2.0005850E-09  9.2048308E-07  2.3543588E-08  3.750E-16  0.7342  4.816605   -8.586  0.787351  7.844093  6.0642761E-01  3.9356259E-01  9.9470883E-08  2.7401669E-08  7.2695577E-06  6.6532287E-08  9.6196677E-11  1.4256333E-13  7.9891955E-11  3.5553724E-12  1.976E-09  7.322E-05  7.717E-05  9.343E-01  1.113E+00  1.23E+03  0.00E+00  5.47E+02  0.622055  0.409841  0.0000000E+00  7.5516776560E+00
 18  7.767099134562403E+05  119.998353  6.264493  4.815124  7.5157740E-01  2.4837130E-01  1.2915333E-06  4.3167480E-09  1.0216664E-07  6.8211448E-06  3.5137432E-10  2.0005814E-09  9.2048307E-07  2.3543588E-08  1.125E-15  0.7302  4.815124   -8.573  0.788669  7.844853  5.9754362E-01  4.0244658E-01  9.9730409E-08  2.7474346E-08  7.2621454E-06  6.6251367E-08  9.5704876E-11  1.4144888E-13  7.8930034E-11  3.5666864E-12  1.614E-09  7.291E-05  7.694E-05  9.329E-01  1.116E+00  1.23E+03  0.00E+00  5.51E+02  0.627962  0.412549  0.0000000E+00  7.5516196102E+00
 19  8.170562853808645E+05  119.998243  6.267356  4.813595  7.5157740E-01  2.4837130E-01  1.2915224E-06  4.3274445E-09  1.0216821E-07  6.8211446E-06  3.5137991E-10  2.0005758E-09  9.2048305E-07  2.3543586E-08  2.904E-15  0.7263  4.813595   -8.559  0.790075  7.845638  5.8865964E-01  4.1133056E-01  9.9674591E-08  2.7448938E-08  7.2548188E-06  6.6268860E-08  9.5957953E-11  1.4152800E-13  8.0834023E-11  3.6136527E-12  1.310E-09  7.257E-05  7.670E-05  9.314E-01  1.120E+00  1.22E+03  0.00E+00  5.54E+02  0.633812  0.415277  0.0000000E+00  7.5515593098E+00
 20  8.570016874446494E+05  119.998131  6.270216  4.812028  7.5157740E-01  2.4837140E-01  1.2915062E-06  4.3427892E-09  1.0217121E-07  6.8211441E-06  3.5138905E-10  2.0005669E-09  9.2048301E-07  2.3543584E-08  6.884E-15  0.7224  4.812028   -8.546  0.791481  7.846418  5.7977565E-01  4.2021455E-01  9.9824674E-08  2.7487483E-08  7.2472815E-06  6.6039465E-08  9.5641117E-11  1.4067749E-13  8.1361887E-11  3.7082036E-12  1.071E-09  7.227E-05  7.646E-05  9.298E-01  1.123E+00  1.22E+03  0.00E+00  5.58E+02  0.640085  0.418021  0.0000000E+00  7.5514966686E+00
 21  8.965432108026164E+05  119.998016  6.273069  4.810406  7.5157740E-01  2.4837140E-01  1.2914832E-06  4.3637892E-09  1.0217660E-07  6.8211431E-06  3.5140331E-10  2.0005533E-09  9.2048293E-07  2.3543581E-08  1.488E-14  0.7186  4.810406   -8.532  0.792915  7.847201  5.7089166E-01  4.2909854E-01  1.0009392E-07  2.7562982E-08  7.2394723E-06  6.5756896E-08  9.5147285E-11  1.3953999E-13  7.9602638E-11  3.6976373E-12  8.748E-10  7.189E-05  7.620E-05  9.282E-01  1.127E+00  1.21E+03  0.00E+00  5.62E+02  0.646111  0.420777  0.0000000E+00  7.5514315684E+00
 22  9.357899273413997E+05  119.997899  6.275914  4.808646  7.5157740E-01  2.4837140E-01  1.2914505E-06  4.3924247E-09  1.0218605E-07  6.8211412E-06  3.5142546E-10  2.0005329E-09  9.2048276E-07  2.3543575E-08  3.018E-14  0.7148  4.808646   -8.518  0.794406  7.847999  5.6200768E-01  4.3798246E-01  1.0013230E-07  2.7565763E-08  7.2317815E-06  6.5599604E-08  9.5010666E-11  1.3903263E-13  8.7506623E-11  4.1250915E-12  7.160E-10  7.152E-05  7.594E-05  9.265E-01  1.132E+00  1.20E+03  0.00E+00  5.65E+02  0.652652  0.423542  0.0000000E+00  7.5513636276E+00
 23  9.746198291539542E+05  119.997780  6.278762  4.806839  7.5157740E-01  2.4837140E-01  1.2914062E-06  4.4294627E-09  1.0220143E-07  6.8211377E-06  3.5145802E-10  2.0005036E-09  9.2048243E-07  2.3543565E-08  5.681E-14  0.7110  4.806839   -8.503  0.795926  7.848801  5.5312369E-01  4.4686651E-01  1.0022852E-07  2.7592344E-08  7.2239098E-06  6.5391143E-08  9.4849031E-11  1.3825565E-13  8.9908274E-11  4.1895421E-12  5.888E-10  7.119E-05  7.566E-05  9.246E-01  1.136E+00  1.20E+03  0.00E+00  5.70E+02  0.659650  0.426330  0.0000000E+00  7.5512928030E+00
 24  1.013027645472307E+06  119.997657  6.281608  4.804923  7.5157740E-01  2.4837140E-01  1.2913483E-06  4.4755241E-09  1.0222501E-07  6.8211319E-06  3.5150382E-10  2.0004634E-09  9.2048189E-07  2.3543550E-08  9.960E-14  0.7073  4.804923   -8.489  0.797478  7.849606  5.4423970E-01  4.5575050E-01  1.0055396E-07  2.7685774E-08  7.2157065E-06  6.5010010E-08  9.4158024E-11  1.3675133E-13  8.5778503E-11  4.1383270E-12  4.846E-10  7.082E-05  7.538E-05  9.226E-01  1.141E+00  1.19E+03  0.00E+00  5.74E+02  0.666871  0.429134  0.0000000E+00  7.5512189119E+00
 25  1.051107733428123E+06  119.997531  6.284471  4.802913  7.5157740E-01  2.4837140E-01  1.2912728E-06  4.5327710E-09  1.0226047E-07  6.8211224E-06  3.5156788E-10  2.0004085E-09  9.2048100E-07  2.3543528E-08  1.662E-13  0.7036  4.802913   -8.473  0.799129  7.850439  5.3535571E-01  4.6463449E-01  1.0052948E-07  2.7668505E-08  7.2076411E-06  6.4930202E-08  9.4244222E-11  1.3654610E-13  8.4186663E-11  4.0885376E-12  4.010E-10  7.040E-05  7.510E-05  9.206E-01  1.147E+00  1.18E+03  0.00E+00  5.78E+02  0.674114  0.431973  0.0000000E+00  7.5511415030E+00
 26  1.088896200900759E+06  119.997402  6.287304  4.800875  7.5157740E-01  2.4837140E-01  1.2911765E-06  4.6021033E-09  1.0231167E-07  6.8211076E-06  3.5165488E-10  2.0003354E-09  9.2047959E-07  2.3543493E-08  2.646E-13  0.7000  4.800875   -8.458  0.800795  7.851273  5.2647173E-01  4.7351847E-01  1.0069619E-07  2.7711801E-08  7.1992978E-06  6.4678505E-08  9.3867149E-11  1.3557445E-13  8.8498480E-11  4.4448120E-12  3.361E-10  7.001E-05  7.480E-05  9.184E-01  1.152E+00  1.18E+03  0.00E+00  5.83E+02  0.681622  0.434799  0.0000000E+00  7.5510602585E+00
 27  1.126318591129120E+06  119.997269  6.290140  4.798789  7.5157740E-01  2.4837150E-01  1.2910539E-06  4.6860851E-09  1.0238475E-07  6.8210852E-06  3.5177268E-10  2.0002387E-09  9.2047742E-07  2.3543443E-08  4.073E-13  0.6964  4.798789   -8.442  0.802461  7.852101  5.1758774E-01  4.8240246E-01  1.0103201E-07  2.7808125E-08  7.1906502E-06  6.4311021E-08  9.3222236E-11  1.3411261E-13  9.2158101E-11  4.7119916E-12  2.832E-10  6.964E-05  7.449E-05  9.161E-01  1.158E+00  1.17E+03  0.00E+00  5.88E+02  0.689559  0.437648  0.0000000E+00  7.5509750933E+00
 28  1.163377962337093E+06  119.997133  6.292997  4.796592  7.5157740E-01  2.4837150E-01  1.2909013E-06  4.7852940E-09  1.0248545E-07  6.8210524E-06  3.5192775E-10  2.0001139E-09  9.2047423E-07  2.3543369E-08  6.052E-13  0.6927  4.796592   -8.426  0.804250  7.852964  5.0870375E-01  4.9128640E-01  1.0094769E-07  2.7778468E-08  7.1822372E-06  6.4241954E-08  9.3420861E-11  1.3393598E-13  9.2232095E-11  4.6229864E-12  2.404E-10  6.916E-05  7.418E-05  9.138E-01  1.165E+00  1.16E+03  0.00E+00  5.92E+02  0.697139  0.440537  0.0000000E+00  7.5508857256E+00
 29  1.200157920832701E+06  119.996992  6.295865  4.794197  7.5157730E-01  2.4837160E-01  1.2907218E-06  4.8962137E-09  1.0261515E-07  6.8210081E-06  3.5211993E-10  1.9999623E-09  9.2046985E-07  2.3543271E-08  8.590E-13  0.6892  4.794197   -8.410  0.806067  7.853829  4.9981977E-01  5.0017041E-01  1.0112131E-07  2.7823436E-08  7.1734548E-06  6.3992767E-08  9.3089962E-11  1.3298732E-13  9.5024597E-11  4.8720438E-12  2.089E-10  6.876E-05  7.385E-05  9.110E-01  1.172E+00  1.16E+03  0.00E+00  5.98E+02  0.706021  0.443457  0.0000000E+00  7.5507914576E+00
 30  1.236582461541158E+06  119.996847  6.298709  4.791592  7.5157730E-01  2.4837170E-01  1.2905032E-06  5.0246071E-09  1.0278640E-07  6.8209468E-06  3.5236543E-10  1.9997723E-09  9.2046373E-07  2.3543133E-08  1.193E-12  0.6856  4.791592   -8.392  0.807926  7.854702  4.9093578E-01  5.0905438E-01  1.0128411E-07  2.7866604E-08  7.1646322E-06  6.3637602E-08  9.2608943E-11  1.3173015E-13  9.3137190E-11  5.0488772E-12  1.851E-10  6.830E-05  7.350E-05  9.080E-01  1.180E+00  1.15E+03  0.00E+00  6.04E+02  0.715382  0.446371  0.0000000E+00  7.5506919182E+00
 31  1.272791530302188E+06  119.996697  6.301573  4.788827  7.5157720E-01  2.4837180E-01  1.2902507E-06  5.1657383E-09  1.0299938E-07  6.8208674E-06  3.5266219E-10  1.9995467E-09  9.2045572E-07  2.3542955E-08  1.601E-12  0.6821  4.788827   -8.374  0.809839  7.855591  4.8205179E-01  5.1793841E-01  1.0137826E-07  2.7892194E-08  7.1555354E-06  6.3523452E-08  9.2577707E-11  1.3118680E-13  1.0037095E-10  5.2775553E-12  1.640E-10  6.786E-05  7.315E-05  9.048E-01  1.189E+00  1.14E+03  0.00E+00  6.10E+02  0.725462  0.449325  0.0000000E+00  7.5505859584E+00
 32  1.308580337459459E+06  119.996542  6.304445  4.785931  7.5157700E-01  2.4837190E-01  1.2899580E-06  5.3216350E-09  1.0326326E-07  6.8207653E-06  3.5302105E-10  1.9992787E-09  9.2044532E-07  2.3542724E-08  2.099E-12  0.6786  4.785931   -8.354  0.811821  7.856492  4.7316781E-01  5.2682235E-01  1.0155147E-07  2.7937494E-08  7.1463175E-06  6.3262375E-08  9.2245769E-11  1.3018387E-13  9.6489711E-11  5.1920533E-12  1.479E-10  6.739E-05  7.279E-05  9.012E-01  1.199E+00  1.13E+03  0.00E+00  6.18E+02  0.735902  0.452306  0.0000000E+00  7.5504734851E+00
 33  1.344167392740001E+06  119.996382  6.307301  4.782951  7.5157690E-01  2.4837210E-01  1.2896296E-06  5.4885135E-09  1.0357768E-07  6.8206395E-06  3.5343984E-10  1.9989712E-09  9.2043238E-07  2.3542436E-08  2.678E-12  0.6753  4.782951   -8.335  0.813859  7.857408  4.6428382E-01  5.3570629E-01  1.0173088E-07  2.7984222E-08  7.1369462E-06  6.2987128E-08  9.1867892E-11  1.2909978E-13  1.0044456E-10  5.6547690E-12  1.368E-10  6.691E-05  7.241E-05  8.975E-01  1.210E+00  1.13E+03  0.00E+00  6.24E+02  0.746559  0.455293  0.0000000E+00  7.5503532316E+00
 34  1.379449023975455E+06  119.996215  6.310194  4.779926  7.5157660E-01  2.4837240E-01  1.2892499E-06  5.6727861E-09  1.0396185E-07  6.8204808E-06  3.5394235E-10  1.9986083E-09  9.2041592E-07  2.3542069E-08  3.371E-12  0.6718  4.779926   -8.316  0.815894  7.858319  4.5539983E-01  5.4459036E-01  1.0198594E-07  2.8062351E-08  7.1274363E-06  6.2542391E-08  9.1275419E-11  1.2744734E-13  1.0318496E-10  5.9021181E-12  1.283E-10  6.644E-05  7.202E-05  8.935E-01  1.222E+00  1.12E+03  0.00E+00  6.32E+02  0.757527  0.458335  0.0000000E+00  7.5502248606E+00
 35  1.414450055907199E+06  119.996042  6.313090  4.776765  7.5157640E-01  2.4837270E-01  1.2888305E-06  5.8674094E-09  1.0440857E-07  6.8202910E-06  3.5451760E-10  1.9981995E-09  9.2039606E-07  2.3541626E-08  4.151E-12  0.6685  4.776765   -8.295  0.818101  7.859276  4.4651585E-01  5.5347425E-01  1.0201507E-07  2.8060790E-08  7.1177735E-06  6.2492900E-08  9.1349591E-11  1.2717961E-13  1.0292040E-10  5.9778112E-12  1.209E-10  6.591E-05  7.162E-05  8.894E-01  1.235E+00  1.11E+03  0.00E+00  6.39E+02  0.768570  0.461403  0.0000000E+00  7.5500875424E+00
 36  1.449199563763936E+06  119.995861  6.315988  4.773169  7.5157600E-01  2.4837310E-01  1.2883842E-06  6.0657255E-09  1.0490609E-07  6.8200741E-06  3.5514981E-10  1.9977570E-09  9.2037317E-07  2.3541113E-08  4.989E-12  0.6652  4.773169   -8.273  0.820295  7.860227  4.3763186E-01  5.6235824E-01  1.0213263E-07  2.8094066E-08  7.1079813E-06  6.2251579E-08  9.1137445E-11  1.2624166E-13  1.0883525E-10  6.2453477E-12  1.146E-10  6.536E-05  7.120E-05  8.844E-01  1.251E+00  1.10E+03  0.00E+00  6.48E+02  0.781146  0.464492  0.0000000E+00  7.5499396326E+00
 37  1.483622622072477E+06  119.995672  6.318896  4.769053  7.5157560E-01  2.4837360E-01  1.2878862E-06  6.2781533E-09  1.0548547E-07  6.8198152E-06  3.5587770E-10  1.9972551E-09  9.2034567E-07  2.3540494E-08  5.937E-12  0.6619  4.769053   -8.249  0.822588  7.861201  4.2874787E-01  5.7124233E-01  1.0231947E-07  2.8143367E-08  7.0979679E-06  6.1964442E-08  9.0786888E-11  1.2511103E-13  1.0656326E-10  6.4037610E-12  1.109E-10  6.482E-05  7.078E-05  8.784E-01  1.270E+00  1.09E+03  0.00E+00  6.59E+02  0.795846  0.467614  0.0000000E+00  7.5497793092E+00
 38  1.517893807613358E+06  119.995473  6.321839  4.764761  7.5157500E-01  2.4837420E-01  1.2873460E-06  6.4993878E-09  1.0613944E-07  6.8195163E-06  3.5669111E-10  1.9967025E-09  9.2031368E-07  2.3539772E-08  6.966E-12  0.6587  4.764761   -8.224  0.824919  7.862185  4.1986389E-01  5.8012622E-01  1.0243784E-07  2.8177108E-08  7.0878460E-06  6.1714457E-08  9.0569994E-11  1.2413308E-13  1.1378709E-10  6.7852604E-12  1.087E-10  6.422E-05  7.033E-05  8.719E-01  1.291E+00  1.08E+03  0.00E+00  6.70E+02  0.810673  0.470793  0.0000000E+00  7.5496034001E+00
 39  1.551902674104104E+06  119.995264  6.324752  4.760335  7.5157440E-01  2.4837490E-01  1.2867768E-06  6.7235520E-09  1.0685424E-07  6.8191829E-06  3.5757259E-10  1.9961119E-09  9.2027774E-07  2.3538956E-08  8.045E-12  0.6556  4.760335   -8.198  0.827322  7.863188  4.1097990E-01  5.8901024E-01  1.0265791E-07  2.8236418E-08  7.0774482E-06  6.1417291E-08  9.0144083E-11  1.2287588E-13  1.1941500E-10  7.4542848E-12  1.067E-10  6.366E-05  6.986E-05  8.647E-01  1.317E+00  1.07E+03  0.00E+00  6.82E+02  0.826377  0.473963  0.0000000E+00  7.5494101130E+00
 40  1.585497942603088E+06  119.995044  6.327700  4.755490  7.5157360E-01  2.4837570E-01  1.2862053E-06  6.9405442E-09  1.0759617E-07  6.8188301E-06  3.5848101E-10  1.9955116E-09  9.2023947E-07  2.3538085E-08  9.106E-12  0.6524  4.755490   -8.170  0.829782  7.864196  4.0209591E-01  5.9789429E-01  1.0288136E-07  2.8304750E-08  7.0669795E-06  6.0981386E-08  8.9678019E-11  1.2130236E-13  1.1591455E-10  7.3627268E-12  1.033E-10  6.305E-05  6.938E-05  8.564E-01  1.346E+00  1.06E+03  0.00E+00  6.95E+02  0.843016  0.477191  0.0000000E+00  7.5491981394E+00
 41  1.619107633379825E+06  119.994807  6.330663  4.749899  7.5157271E-01  2.4837660E-01  1.2855647E-06  7.1753021E-09  1.0845415E-07  6.8184149E-06  3.5952504E-10  1.9948305E-09  9.2019417E-07  2.3537048E-08  1.030E-11  0.6492  4.749899   -8.137  0.832369  7.865248  3.9321192E-01  6.0677818E-01  1.0287039E-07  2.8295905E-08  7.0563636E-06  6.0913021E-08  8.9785527E-11  1.2094685E-13  1.2728338E-10  8.0070746E-12  1.032E-10  6.244E-05  6.888E-05  8.460E-01  1.385E+00  1.05E+03  0.00E+00  7.13E+02  0.862440  0.480458  0.0000000E+00  7.5489584130E+00
 42  1.652385516628428E+06  119.994555  6.333650  4.743341  7.5157180E-01  2.4837760E-01  1.2849567E-06  7.3906159E-09  1.0929213E-07  6.8180026E-06  3.6053939E-10  1.9941772E-09  9.2014893E-07  2.3536009E-08  1.138E-11  0.6464  4.743341   -8.101  0.835026  7.866312  3.8432794E-01  6.1566224E-01  1.0308830E-07  2.8355610E-08  7.0454574E-06  6.0585947E-08  8.9352092E-11  1.1957197E-13  1.2847509E-10  8.6494005E-12  1.034E-10  6.176E-05  6.838E-05  8.330E-01  1.438E+00  1.04E+03  0.00E+00  7.34E+02  0.884511  0.483776  0.0000000E+00  7.5486858828E+00
 43  1.685459895672099E+06  119.994279  6.336670  4.736242  7.5157080E-01  2.4837870E-01  1.2843244E-06  7.6076742E-09  1.1018671E-07  6.8175561E-06  3.6161755E-10  1.9934909E-09  9.2009968E-07  2.3534873E-08  1.248E-11  0.6432  4.736242   -8.061  0.837506  7.867310  3.7544395E-01  6.2454625E-01  1.0392839E-07  2.8623010E-08  7.0345074E-06  5.9173997E-08  8.7397023E-11  1.1489023E-13  1.2214414E-10  9.4994097E-12  1.080E-10  6.100E-05  6.783E-05  8.176E-01  1.503E+00  1.02E+03  0.00E+00  7.57E+02  0.907148  0.487152  0.0000000E+00  7.5483693978E+00
 44  1.718644537287049E+06  119.993968  6.339732  4.726193  7.5156960E-01  2.4837990E-01  1.2836926E-06  7.8180152E-09  1.1110242E-07  6.8170925E-06  3.6271711E-10  1.9927990E-09  9.2004829E-07  2.3533684E-08  1.353E-11  0.6402  4.726193   -7.998  0.840064  7.868334  3.6655996E-01  6.3343016E-01  1.0472586E-07  2.8876139E-08  7.0238324E-06  5.7998054E-08  8.5900436E-11  1.1108010E-13  1.2514011E-10  1.0882531E-11  1.062E-10  6.029E-05  6.725E-05  7.915E-01  1.634E+00  1.01E+03  0.00E+00  7.97E+02  0.938983  0.490601  0.0000000E+00  7.5479786638E+00
 45  1.751964482257003E+06  119.986866  6.342924  4.717432  7.5156580E-01  2.4838380E-01  1.2818592E-06  8.3957676E-09  1.1387690E-07  6.8156528E-06  3.6603011E-10  1.9907581E-09  9.1988731E-07  2.3529932E-08  1.734E-11  0.6374  4.717432   -7.941  0.842168  7.869209  3.5767598E-01  6.4231412E-01  1.0746016E-07  2.9727874E-08  7.0119133E-06  5.5290608E-08  8.2720250E-11  1.0273622E-13  1.2827117E-10  1.3890972E-11  1.142E-10  5.923E-05  6.658E-05  7.681E-01  1.771E+00  9.94E+02  0.00E+00  8.29E+02  0.960971  0.494247 -6.1109939E+00  7.5296937875E+00
 46  1.787078368130378E+06  119.942278  6.346631  4.717729  7.5152020E-01  2.4843020E-01  1.2680965E-06  1.2005245E-08  1.3762088E-07  6.8023844E-06  3.9410302E-10  1.9746752E-09  9.1836249E-07  2.3493568E-08  5.138E-11  0.6354  4.717729   -7.950  0.844532  7.870221  3.4879199E-01  6.5119815E-01  1.0889702E-07  3.0163594E-08  7.0014985E-06  5.3992794E-08  8.1571300E-11  9.8723814E-14  1.8031149E-10  2.1295880E-11  1.518E-10  5.726E-05  6.573E-05  7.827E-01  1.703E+00  9.87E+02  0.00E+00  7.97E+02  0.947985  0.498657  0.0000000E+00  7.4190206569E+00
 47  1.823934828858147E+06  119.887161  6.351037  4.717503  7.5135036E-01  2.4860154E-01  1.2397841E-06  1.7631117E-08  1.9530776E-07  6.7671100E-06  4.6238414E-10  1.9395243E-09  9.1416974E-07  2.3390640E-08  1.267E-10  0.6341  4.717503   -7.901  0.847450  7.871442  3.3990800E-01  6.6008210E-01  1.0904666E-07  3.0206132E-08  6.9918556E-06  5.3737430E-08  8.1508454E-11  9.7783774E-14  2.4152687E-10  2.9308761E-11  2.024E-10  5.587E-05  6.465E-05  7.897E-01  1.812E+00  9.81E+02  0.00E+00  7.79E+02  0.940785  0.503924 -4.9980587E+00  7.2831712590E+00
 48  1.860930570876228E+06  119.843365  6.354968  4.706921  7.5121869E-01  2.4873391E-01  1.2239861E-06  2.0238193E-08  2.3064335E-07  6.7444465E-06  5.0444882E-10  1.9192458E-09  9.1142769E-07  2.3322290E-08  1.658E-10  0.6319  4.706921   -7.888  0.850446  7.872685  3.3102402E-01  6.6896608E-01  1.0921478E-07  3.0253071E-08  6.9819458E-06  5.3458340E-08  8.1398877E-11  9.6750064E-14  2.7486827E-10  3.4651959E-11  2.266E-10  5.392E-05  6.347E-05  7.682E-01  1.816E+00  9.63E+02  0.00E+00  8.03E+02  0.960952  0.508653 -6.0951666E+00  7.1788979290E+00
 49  1.897689619081224E+06  119.789029  6.359242  4.703859  7.5108371E-01  2.4886949E-01  1.2107797E-06  2.2172331E-08  2.6187400E-07  6.7238440E-06  5.4180852E-10  1.9019648E-09  9.0890871E-07  2.3258933E-08  1.958E-10  0.6317  4.703859   -7.869  0.853523  7.873959  3.2214003E-01  6.7785007E-01  1.0934039E-07  3.0291879E-08  6.9718141E-06  5.3206009E-08  8.1381976E-11  9.5864124E-14  2.9767970E-10  3.7754841E-11  2.350E-10  5.234E-05  6.224E-05  7.686E-01  1.835E+00  9.53E+02  0.00E+00  7.94E+02  0.960550  0.513878 -6.1440301E+00  7.0487425656E+00
 50  1.934792666943011E+06  119.732204  6.363642  4.700567  7.5082952E-01  2.4912448E-01  1.1907146E-06  2.4750593E-08  3.1210994E-07  6.6897533E-06  6.0220958E-10  1.8751994E-09  9.0469680E-07  2.3152051E-08  2.419E-10  0.6307  4.700567   -7.851  0.856662  7.875267  3.1325604E-01  6.8673406E-01  1.0949681E-07  3.0337041E-08  6.9613784E-06  5.2931907E-08  8.1322661E-11  9.4874433E-14  3.3275963E-10  4.3276707E-11  2.548E-10  5.072E-05  6.096E-05  7.691E-01  1.854E+00  9.43E+02  0.00E+00  7.85E+02  0.960188  0.519281 -6.4246073E+00  6.9111438459E+00
 51  1.971865329571731E+06  119.671229  6.368320  4.697847  7.5041931E-01  2.4953577E-01  1.1647474E-06  2.7658617E-08  3.8090824E-07  6.6417575E-06  6.8525927E-10  1.8399169E-09  8.9870689E-07  2.2998762E-08  2.997E-10  0.6299  4.697847   -7.849  0.859886  7.876606  3.0437206E-01  6.9561813E-01  1.0965110E-07  3.0382344E-08  6.9506690E-06  5.2655390E-08  8.1275669E-11  9.3884244E-14  3.7005446E-10  4.9261947E-11  2.713E-10  4.900E-05  5.965E-05  7.728E-01  1.813E+00  9.33E+02  0.00E+00  7.70E+02  0.956996  0.525049 -8.1409693E-01  6.7598182760E+00
 52  2.009604550493091E+06  119.607757  6.372841  4.697437  7.4961426E-01  2.5034224E-01  1.1258231E-06  3.1317220E-08  4.9120109E-07  6.5623030E-06  8.1856079E-10  1.7859041E-09  8.8867712E-07  2.2739685E-08  3.838E-10  0.6294  4.697437   -7.844  0.863164  7.877985  2.9548807E-01  7.0450203E-01  1.0980739E-07  3.0428836E-08  6.9396391E-06  5.2371745E-08  8.1231566E-11  9.2879364E-14  4.1385302E-10  5.6478620E-11  2.915E-10  4.716E-05  5.825E-05  7.861E-01  1.780E+00  9.25E+02  0.00E+00  7.41E+02  0.944609  0.530580  0.0000000E+00  6.5923069327E+00
 53  2.047297679718646E+06  119.551614  6.377652  4.688453  7.4858430E-01  2.5137360E-01  1.0874587E-06  3.4299462E-08  6.0725511E-07  6.4761354E-06  9.5824449E-10  1.7315989E-09  8.7768689E-07  2.2453483E-08  4.582E-10  0.6301  4.688453   -7.791  0.866629  7.879410  2.8660408E-01  7.1338602E-01  1.0996484E-07  3.0476151E-08  6.9283149E-06  5.2070117E-08  8.1179306E-11  9.1835748E-14  4.0160161E-10  5.6283251E-11  2.800E-10  4.563E-05  5.686E-05  7.676E-01  1.923E+00  9.10E+02  0.00E+00  7.60E+02  0.961423  0.536426 -1.0478456E+00  6.4481736587E+00
 54  2.083567706726371E+06  119.494801  6.382232  4.684698  7.4789400E-01  2.5206478E-01  1.0659605E-06  3.5744369E-08  6.7529329E-07  6.4245852E-06  1.0395567E-09  1.7007576E-09  8.7106777E-07  2.2280243E-08  4.890E-10  0.6283  4.684698   -7.773  0.870149  7.880841  2.7772010E-01  7.2227000E-01  1.1014264E-07  3.0526587E-08  6.9167246E-06  5.1777010E-08  8.1135665E-11  9.0777863E-14  4.1750974E-10  5.9824825E-11  2.740E-10  4.407E-05  5.552E-05  7.680E-01  1.939E+00  8.99E+02  0.00E+00  7.50E+02  0.961069  0.542158 -1.5677796E+00  6.3029010424E+00
 55  2.119681898529058E+06  119.437344  6.386921  4.680690  7.4692166E-01  2.5303801E-01  1.0401382E-06  3.7253009E-08  7.6034847E-07  6.3589991E-06  1.1401687E-09  1.6632813E-09  8.6259883E-07  2.2057694E-08  5.249E-10  0.6286  4.680690   -7.748  0.873761  7.882311  2.6883611E-01  7.3115399E-01  1.1029403E-07  3.0571630E-08  6.9048203E-06  5.1528755E-08  8.1215304E-11  8.9913795E-14  3.8767226E-10  5.5645112E-11  2.535E-10  4.247E-05  5.421E-05  7.684E-01  1.988E+00  8.88E+02  0.00E+00  7.40E+02  0.960740  0.548002 -6.3238699E+00  6.1553987347E+00
 56  2.155245677045389E+06  119.382302  6.391395  4.677177  7.4570448E-01  2.5425612E-01  1.0125199E-06  3.8641652E-08  8.5495189E-07  6.2848039E-06  1.2504693E-09  1.6227499E-09  8.5296751E-07  2.1803699E-08  5.597E-10  0.6267  4.677177   -7.732  0.877489  7.883804  2.5995212E-01  7.4003798E-01  1.1054454E-07  3.0644410E-08  6.8926227E-06  5.1127065E-08  8.1033198E-11  8.8523030E-14  4.1966423E-10  6.3555165E-11  2.553E-10  4.098E-05  5.293E-05  7.703E-01  2.002E+00  8.78E+02  0.00E+00  7.29E+02  0.959203  0.553546  0.0000000E+00  6.0106960121E+00
 57  2.191120169383760E+06  119.326376  6.396169  4.677657  7.4384235E-01  2.5611945E-01  9.7706558E-07  4.0123725E-08  9.8175723E-07  6.1835056E-06  1.3951184E-09  1.5700866E-09  8.3974467E-07  2.1453784E-08  6.029E-10  0.6258  4.677657   -7.749  0.881325  7.885346  2.5106813E-01  7.4892197E-01  1.1074287E-07  3.0700334E-08  6.8800603E-06  5.0826113E-08  8.1022108E-11  8.7422700E-14  4.3879885E-10  6.7713884E-11  2.535E-10  3.929E-05  5.164E-05  7.882E-01  1.879E+00  8.71E+02  0.00E+00  6.94E+02  0.942443  0.559329  0.0000000E+00  5.8550262723E+00
 58  2.226532237752480E+06  119.278701  6.400666  4.668355  7.4179194E-01  2.5817096E-01  9.4435332E-07  4.1225839E-08  1.1039515E-06  6.0840978E-06  1.5305982E-09  1.5209080E-09  8.2669941E-07  2.1107538E-08  6.350E-10  0.6314  4.668355   -7.691  0.882699  7.886152  2.4218415E-01  7.5780595E-01  1.1903911E-07  3.3152945E-08  6.8585752E-06  4.7397668E-08  8.2091121E-11  7.3948892E-14  3.2247200E-10  5.9416806E-11  2.302E-10  3.800E-05  5.021E-05  7.693E-01  2.070E+00  8.56E+02  0.00E+00  7.12E+02  0.960023  0.564712 -9.0944864E-01  5.7248280943E+00
 59  2.255584901243550E+06  119.236884  6.403686  4.666078  7.4040760E-01  2.5955587E-01  9.2482913E-07  4.1777288E-08  1.1791265E-06  6.0221706E-06  1.6119764E-09  1.4913092E-09  8.1854378E-07  2.0890682E-08  6.464E-10  0.6087  4.666078   -7.678  0.886963  7.887830  2.3330016E-01  7.6668994E-01  1.1712100E-07  3.2590732E-08  6.8507652E-06  4.7591550E-08  8.1055983E-11  7.5805468E-14  2.3616894E-10  4.0453400E-11  1.270E-10  3.719E-05  4.924E-05  7.696E-01  2.095E+00  8.49E+02  0.00E+00  7.06E+02  0.959793  0.568400  0.0000000E+00  5.6137942502E+00
 60  2.287281895104453E+06  119.193066  6.407585  4.662367  7.3861799E-01  2.6134621E-01  9.0187263E-07  4.2334648E-08  1.2695615E-06  5.9469669E-06  1.7078369E-09  1.4562870E-09  8.0861367E-07  2.0626330E-08  6.586E-10  0.6237  4.662367   -7.660  0.891213  7.889481  2.2441617E-01  7.7557389E-01  1.1733864E-07  3.2659022E-08  6.8396865E-06  4.7262003E-08  8.1131880E-11  7.4838222E-14  2.2426782E-10  4.1772719E-11  1.359E-10  3.597E-05  4.820E-05  7.699E-01  2.136E+00  8.40E+02  0.00E+00  6.98E+02  0.959463  0.573147 -5.7375549E+00  5.4963686863E+00
 61  2.320709215153283E+06  119.146972  6.411999  4.657748  7.3653831E-01  2.6342669E-01  8.7774840E-07  4.2823740E-08  1.3668844E-06  5.8652364E-06  1.8084651E-09  1.4192414E-09  7.9779283E-07  2.0337955E-08  6.684E-10  0.6232  4.657748   -7.641  0.895346  7.891122  2.1553219E-01  7.8445782E-01  1.1767343E-07  3.2756159E-08  6.8280313E-06  4.6936989E-08  8.1306014E-11  7.3706503E-14  3.6123401E-10  6.8330909E-11  1.906E-10  3.463E-05  4.712E-05  7.690E-01  2.170E+00  8.29E+02  0.00E+00  6.90E+02  0.960232  0.578533  0.0000000E+00  5.3715587514E+00
 62  2.355122860425842E+06  119.102655  6.417296  4.651678  7.3413811E-01  2.6582769E-01  8.5273424E-07  4.3228427E-08  1.4703449E-06  5.7774510E-06  1.9123416E-09  1.3805632E-09  7.8613833E-07  2.0027065E-08  6.755E-10  0.6183  4.651678   -7.621  0.902267  7.893534  2.0664820E-01  7.9334190E-01  1.1202872E-07  3.1075786E-08  6.8204317E-06  4.9092605E-08  8.1005864E-11  8.1488473E-14  4.2011590E-10  7.5224814E-11  1.980E-10  3.291E-05  4.619E-05  7.688E-01  2.207E+00  8.15E+02  0.00E+00  6.79E+02  0.960362  0.585041 -1.9716764E-01  5.2426567252E+00
 63  2.389402182544622E+06  119.057569  6.422215  4.646995  7.3147637E-01  2.6849023E-01  8.2797852E-07  4.3525632E-08  1.5754308E-06  5.6873179E-06  2.0142604E-09  1.3420062E-09  7.7413845E-07  1.9706705E-08  6.793E-10  0.6191  4.646995   -7.610  0.907265  7.895370  1.9776421E-01  8.0222579E-01  1.1240575E-07  3.1189031E-08  6.8054868E-06  4.8632773E-08  8.0998053E-11  8.0024504E-14  4.6671547E-10  8.6998344E-11  2.028E-10  3.130E-05  4.513E-05  7.735E-01  2.206E+00  8.03E+02  0.00E+00  6.62E+02  0.956435  0.591020  0.0000000E+00  5.1135851372E+00
 64  2.424081014089209E+06  119.013637  6.427588  4.640094  7.2849548E-01  2.7147182E-01  8.0298629E-07  4.3733412E-08  1.6840254E-06  5.5932609E-06  2.1159895E-09  1.3028243E-09  7.6158505E-07  1.9371378E-08  6.802E-10  0.6192  4.640094   -7.579  0.912619  7.897319  1.8888023E-01  8.1110987E-01  1.1227305E-07  3.1150647E-08  6.7902957E-06  4.8555846E-08  8.1353996E-11  7.9754615E-14  4.4958022E-10  8.2083747E-11  1.830E-10  2.961E-05  4.406E-05  7.727E-01  2.303E+00  7.88E+02  0.00E+00  6.50E+02  0.957091  0.597569  0.0000000E+00  4.9843971980E+00
 65  2.459019911961694E+06  118.970193  6.433118  4.634111  7.2449529E-01  2.7547301E-01  7.7289731E-07  4.3872334E-08  1.8179080E-06  5.4761233E-06  2.2365209E-09  1.2553322E-09  7.4591216E-07  1.8952561E-08  6.823E-10  0.6189  4.634111   -7.569  0.918302  7.899384  1.7999624E-01  8.1999386E-01  1.1240795E-07  3.1187642E-08  6.7744841E-06  4.8159636E-08  8.1265297E-11  7.8363363E-14  4.2773424E-10  8.3493123E-11  1.735E-10  2.793E-05  4.300E-05  7.764E-01  2.296E+00  7.73E+02  0.00E+00  6.33E+02  0.953866  0.604046  0.0000000E+00  4.8510978783E+00
 66  2.493186614987562E+06  118.927694  6.438451  4.626028  7.2109050E-01  2.7887850E-01  7.4982650E-07  4.3899735E-08  1.9228760E-06  5.3833913E-06  2.3271466E-09  1.2186834E-09  7.3347607E-07  1.8620179E-08  6.767E-10  0.6174  4.626028   -7.527  0.923791  7.901400  1.7111225E-01  8.2887781E-01  1.1320223E-07  3.1424505E-08  6.7575695E-06  4.7428866E-08  8.1149190E-11  7.6067934E-14  4.2163264E-10  8.7005110E-11  1.606E-10  2.633E-05  4.196E-05  7.733E-01  2.478E+00  7.57E+02  0.00E+00  6.24E+02  0.956570  0.610519 -3.5553141E+00  4.7218184794E+00
 67  2.527239812012296E+06  118.885866  6.443858  4.619105  7.1759597E-01  2.8237363E-01  7.2819412E-07  4.3863359E-08  2.0231664E-06  5.2940488E-06  2.4103838E-09  1.1841318E-09  7.2147145E-07  1.8299326E-08  6.684E-10  0.6194  4.619105   -7.528  0.929882  7.903608  1.6222827E-01  8.3776183E-01  1.1306163E-07  3.1382861E-08  6.7408674E-06  4.7263670E-08  8.1404462E-11  7.5555548E-14  4.2615433E-10  9.0403677E-11  1.574E-10  2.473E-05  4.095E-05  7.758E-01  2.421E+00  7.42E+02  0.00E+00  6.09E+02  0.954330  0.617130  0.0000000E+00  4.5914616254E+00
 68  2.560950204192412E+06  118.846199  6.449442  4.612282  7.1363278E-01  2.8633762E-01  7.0571415E-07  4.3764802E-08  2.1292540E-06  5.1987735E-06  2.4948593E-09  1.1480400E-09  7.0864671E-07  1.7956597E-08  6.591E-10  0.6202  4.612282   -7.464  0.936011  7.905829  1.5334428E-01  8.4664581E-01  1.1356353E-07  3.1533317E-08  6.7228805E-06  4.6728991E-08  8.1490764E-11  7.3876179E-14  4.0787716E-10  8.7630665E-11  1.360E-10  2.320E-05  3.996E-05  7.794E-01  2.778E+00  7.27E+02  0.00E+00  5.91E+02  0.951126  0.623882 -4.4156506E+00  4.4643887343E+00
 69  2.594445859693110E+06  118.807857  6.454831  4.601774  7.0965791E-01  2.9031300E-01  6.8500378E-07  4.3620698E-08  2.2286570E-06  5.1087919E-06  2.5706269E-09  1.1146240E-09  6.9651421E-07  1.7632446E-08  6.476E-10  0.6199  4.601774   -7.460  0.942470  7.908153  1.4446029E-01  8.5552971E-01  1.1408714E-07  3.1689904E-08  6.7043655E-06  4.6172728E-08  8.1595955E-11  7.2143052E-14  4.1339450E-10  9.2728118E-11  1.295E-10  2.171E-05  3.901E-05  7.715E-01  2.766E+00  7.10E+02  0.00E+00  5.87E+02  0.958139  0.630409  0.0000000E+00  4.3394057547E+00
 70  2.626903016753193E+06  118.772028  6.460135  4.595493  7.0520190E-01  2.9476970E-01  6.6366133E-07  4.3418333E-08  2.3327978E-06  5.0137696E-06  2.6463501E-09  1.0800208E-09  6.8368161E-07  1.7289710E-08  6.357E-10  0.6201  4.595493   -7.467  0.949584  7.910689  1.3557631E-01  8.6441374E-01  1.1400639E-07  3.1663266E-08  6.6857301E-06  4.5951818E-08  8.1869098E-11  7.1404617E-14  3.8772511E-10  9.1035391E-11  1.179E-10  2.032E-05  3.814E-05  7.783E-01  2.680E+00  6.95E+02  0.00E+00  5.67E+02  0.952071  0.636684  0.0000000E+00  4.2198695075E+00
 71  2.658345461460374E+06  118.738439  6.465245  4.588039  7.0048972E-01  2.9948258E-01  6.4287899E-07  4.3170038E-08  2.4358399E-06  4.9190030E-06  2.7175981E-09  1.0461663E-09  6.7086429E-07  1.6947526E-08  6.231E-10  0.6184  4.588039   -7.459  0.956986  7.913303  1.2669232E-01  8.7329778E-01  1.1456628E-07  3.1827542E-08  6.6660294E-06  4.5325709E-08  8.1968294E-11  6.9481334E-14  3.3227251E-10  8.5561686E-11  1.006E-10  1.904E-05  3.733E-05  7.805E-01  2.713E+00  6.81E+02  6.65E+02  5.52E+02  0.950072  0.642622  0.0000000E+00  4.1072153145E+00
 72  2.687461062837752E+06  118.710651  6.469493  4.583626  6.9615553E-01  3.0381727E-01  6.2513063E-07  4.2918652E-08  2.5251029E-06  4.8363116E-06  2.7763547E-09  1.0171322E-09  6.5966563E-07  1.6648697E-08  6.101E-10  0.6153  4.583626   -7.470  0.964445  7.915967  1.1780833E-01  8.8218171E-01  1.1524150E-07  3.2025287E-08  6.6458065E-06  4.4700535E-08  8.2190080E-11  6.7504604E-14  3.3914049E-10  8.8062443E-11  9.259E-11  1.807E-05  3.663E-05  7.872E-01  2.615E+00  6.71E+02  6.43E+02  5.36E+02  0.943397  0.647436  0.0000000E+00  4.0073014296E+00
 73  2.714674891103770E+06  118.687350  6.473468  4.582691  6.9171948E-01  3.0825382E-01  6.0816625E-07  4.2643667E-08  2.6115462E-06  4.7556838E-06  2.8305197E-09  9.8927316E-10  6.4873382E-07  1.6357140E-08  5.975E-10  0.6132  4.582691   -7.501  0.972912  7.918909  1.0892434E-01  8.9106566E-01  1.1513470E-07  3.1988468E-08  6.6261114E-06  4.4486219E-08  8.2555402E-11  6.6743543E-14  2.2805387E-10  6.2819886E-11  6.091E-11  1.718E-05  3.607E-05  8.036E-01  2.409E+00  6.64E+02  6.29E+02  5.10E+02  0.925329  0.651809  0.0000000E+00  3.9151519139E+00
 74  2.738326180856928E+06  118.668282  6.476124  4.578325  6.8806952E-01  3.1190418E-01  5.9498049E-07  4.2407489E-08  2.6794685E-06  4.6919622E-06  2.8712328E-09  9.6754993E-10  6.4008621E-07  1.6126621E-08  5.858E-10  0.6150  4.578325   -7.492  0.978980  7.921210  1.0004036E-01  8.9994967E-01  1.2252654E-07  3.4173895E-08  6.6008997E-06  4.1445552E-08  8.5429809E-11  5.6844611E-14  6.0677176E-11  1.8487555E-11  1.403E-11  1.684E-05  3.552E-05  7.971E-01  2.445E+00  6.58E+02  6.18E+02  5.13E+02  0.932832  0.654497  0.0000000E+00  3.8506558497E+00
 75  2.760659795254711E+06  118.651877  6.477927  4.573651  6.8426099E-01  3.1571304E-01  5.8184967E-07  4.2154034E-08  2.7477105E-06  4.6276297E-06  2.9105713E-09  9.4586070E-10  6.3134920E-07  1.5893835E-08  5.747E-10  0.6070  4.573651   -7.414  0.988121  7.924455  9.1156371E-02  9.0883363E-01  1.2108356E-07  3.3748874E-08  6.5860734E-06  4.1336329E-08  8.4401861E-11  5.7467733E-14  4.8939294E-11  1.6266864E-11  1.059E-11  1.675E-05  3.521E-05  7.834E-01  2.959E+00  6.53E+02  6.12E+02  5.27E+02  0.947207  0.655828  0.0000000E+00  3.7923890162E+00
 76  2.785014008463213E+06  118.631209  6.481070  4.576315  6.8046413E-01  3.1951027E-01  5.6936133E-07  4.1895561E-08  2.8131949E-06  4.5655883E-06  2.9467603E-09  9.2517872E-10  6.2291721E-07  1.5669303E-08  5.622E-10  0.5971  4.576315   -7.502  0.999926  7.928393  8.2272384E-02  9.1771761E-01  1.1942363E-07  3.3250323E-08  6.5677841E-06  4.1723759E-08  8.4372822E-11  5.8505470E-14  1.6752926E-10  5.2672482E-11  3.225E-11  1.603E-05  3.495E-05  8.085E-01  2.347E+00  6.50E+02  6.04E+02  4.92E+02  0.919264  0.659216  0.0000000E+00  3.7182011125E+00
 77  2.809180244753373E+06  118.613622  6.484420  4.561322  6.7688559E-01  3.2308911E-01  5.5811245E-07  4.1647722E-08  2.8726882E-06  4.5089467E-06  2.9782330E-09  9.0650276E-10  6.1521386E-07  1.5464304E-08  5.497E-10  0.5914  4.561322   -7.386  1.011911  7.932381  7.3388397E-02  9.2660157E-01  1.2029033E-07  3.3500619E-08  6.5457971E-06  4.1067706E-08  8.5224122E-11  5.6503694E-14  1.5067729E-10  5.0059396E-11  2.682E-11  1.527E-05  3.471E-05  7.816E-01  3.202E+00  6.33E+02  5.82E+02  5.12E+02  0.948951  0.663004  0.0000000E+00  3.6546671595E+00
 78  2.832249058633267E+06  118.598454  6.487564  4.567102  6.7239007E-01  3.2758513E-01  5.4458186E-07  4.1332479E-08  2.9448376E-06  4.4399258E-06  3.0147137E-09  8.8398521E-10  6.0582092E-07  1.5214515E-08  5.376E-10  0.5898  4.567102   -7.518  1.025163  7.936784  6.4504410E-02  9.3548561E-01  1.2127610E-07  3.3785546E-08  6.5230308E-06  4.0391185E-08  8.6315629E-11  5.4442805E-14  1.1795584E-10  3.9927595E-11  1.795E-11  1.456E-05  3.458E-05  8.169E-01  2.262E+00  6.32E+02  5.78E+02  4.68E+02  0.908215  0.666116  0.0000000E+00  3.5914878787E+00
 79  2.854817864163926E+06  118.583536  6.490615  4.567353  6.6845146E-01  3.3152404E-01  5.3322388E-07  4.1053891E-08  3.0058904E-06  4.3812386E-06  3.0441323E-09  8.6503959E-10  5.9782940E-07  1.5002160E-08  5.258E-10  0.5818  4.567353   -7.556  1.040425  7.941836  5.5620423E-02  9.4436955E-01  1.2226940E-07  3.4068686E-08  6.4992364E-06  3.9677601E-08  8.7550171E-11  5.2224481E-14  1.0950422E-10  4.0076868E-11  1.546E-11  1.388E-05  3.458E-05  8.329E-01  2.044E+00  6.27E+02  5.69E+02  4.44E+02  0.884510  0.669317  0.0000000E+00  3.5283977537E+00
 80  2.876258491159974E+06  118.571773  6.493314  4.552479  6.6525040E-01  3.3472540E-01  5.2432206E-07  4.0826370E-08  3.0540674E-06  4.3347347E-06  3.0663427E-09  8.5016210E-10  5.9149367E-07  1.4833929E-08  5.146E-10  0.5716  4.552479   -7.455  1.058006  7.947659  4.6736436E-02  9.5325353E-01  1.2353975E-07  3.4431102E-08  6.4742209E-06  3.8864994E-08  8.9182085E-11  4.9691513E-14  8.0615626E-11  3.3059231E-11  9.969E-12  1.346E-05  3.475E-05  8.037E-01  2.717E+00  6.12E+02  5.51E+02  4.69E+02  0.925199  0.672264  0.0000000E+00  3.4819445673E+00
 81  2.897466361917316E+06  118.558461  6.496084  4.546801  6.6155974E-01  3.3841627E-01  5.1440560E-07  4.0563425E-08  3.1080801E-06  4.2823873E-06  3.0901478E-09  8.3355882E-10  5.8435848E-07  1.4644615E-08  5.036E-10  0.5681  4.546801   -7.447  1.079025  7.954592  3.7852450E-02  9.6213754E-01  1.2511870E-07  3.4888187E-08  6.4473424E-06  3.7946218E-08  9.1408747E-11  4.7180569E-14  8.2260508E-11  3.1460510E-11  8.393E-12  1.298E-05  3.510E-05  8.005E-01  2.799E+00  6.04E+02  5.41E+02  4.67E+02  0.928958  0.675142  0.0000000E+00  3.4297327569E+00
 82  2.918179057318779E+06  118.544853  6.499077  4.553540  6.5798835E-01  3.4198799E-01  5.0514477E-07  4.0308850E-08  3.1588553E-06  4.2329678E-06  3.1114295E-09  8.1802454E-10  5.7761919E-07  1.4465962E-08  4.928E-10  0.5568  4.553540   -7.553  1.105327  7.963199  2.8968463E-02  9.7102150E-01  1.2744687E-07  3.5558888E-08  6.4179833E-06  3.6513214E-08  9.4107488E-11  4.3357088E-14  5.9761075E-11  2.8841974E-11  4.987E-12  1.237E-05  3.576E-05  8.348E-01  2.088E+00  6.04E+02  5.37E+02  4.25E+02  0.881473  0.678428  0.0000000E+00  3.3713578317E+00
 83  2.938343337352327E+06  118.532839  6.502066  4.546768  6.5471210E-01  3.4526450E-01  4.9692469E-07  4.0075594E-08  3.2041991E-06  4.1886574E-06  3.1295027E-09  8.0421263E-10  5.7157397E-07  1.4305848E-08  4.824E-10  0.5505  4.546768   -7.528  1.141846  7.975181  2.0084476E-02  9.7990550E-01  1.3040356E-07  3.6402143E-08  6.3854285E-06  3.5344766E-08  9.9589721E-11  3.9317337E-14  6.8647344E-11  3.0096977E-11  4.705E-12  1.201E-05  3.702E-05  8.269E-01  2.250E+00  5.96E+02  5.26E+02  4.29E+02  0.893819  0.681833  0.0000000E+00  3.3184910686E+00
 84  2.958037567057404E+06  118.519489  6.505369  4.545676  6.5063778E-01  3.4933912E-01  4.8706242E-07  3.9786398E-08  3.2589598E-06  4.1349050E-06  3.1500713E-09  7.8761124E-10  5.6423723E-07  1.4111725E-08  4.721E-10  0.5479  4.545676   -7.518  1.199222  7.994038  1.1200489E-02  9.8878947E-01  1.3536638E-07  3.7836591E-08  6.3480139E-06  3.3251958E-08  1.0896550E-10  3.4124930E-14  6.0606752E-11  2.7336438E-11  2.891E-12  1.181E-05  3.955E-05  8.280E-01  2.270E+00  5.93E+02  5.19E+02  4.26E+02  0.892196  0.685423  0.0000000E+00  3.2617133084E+00
 85  2.977038216964697E+06  118.506744  6.509526  4.410998  6.4678050E-01  3.5319670E-01  4.7805383E-07  3.9513848E-08  3.3093067E-06  4.0852597E-06  3.1677991E-09  7.7241961E-10  5.5745802E-07  1.3932548E-08  4.622E-10  0.5432  4.410998   -6.902  1.349254  8.043301  2.3165020E-03  9.9767340E-01  1.5373307E-07  4.3189926E-08  6.2898686E-06  2.8837115E-08  1.5454542E-10  2.2421359E-14  1.6388169E-11  9.0165827E-12  2.956E-13  1.183E-05  4.883E-05  6.667E-01  9.226E+00  5.71E+02  4.95E+02  5.71E+02  1.000000  0.690474 -3.7847562E+00  3.2157974708E+00
 86  2.977224701031412E+06  118.505641  6.510310  4.580656  6.4678000E-01  3.5319720E-01  4.7805257E-07  3.9513809E-08  3.3093137E-06  4.0852528E-06  3.1678015E-09  7.7241749E-10  5.5745706E-07  1.3932523E-08  4.622E-10  0.5425  4.580656   -7.656  1.352944  8.044515  2.2238443E-03  9.9776610E-01  1.5185887E-07  4.2611270E-08  6.2923186E-06  2.8833751E-08  1.4924249E-10  2.1564037E-14  1.5584746E-11  8.6243446E-12  2.783E-13  1.099E-05  4.909E-05  9.078E-01  1.400E+00  6.23E+02  5.38E+02  3.27E+02  0.716266  0.691727  0.0000000E+00  3.2098468612E+00
 87  2.977408200206637E+06  118.505637  6.510379  4.580792  6.4678000E-01  3.5319720E-01  4.7805256E-07  3.9513809E-08  3.3093137E-06  4.0852527E-06  3.1678015E-09  7.7241748E-10  5.5745706E-07  1.3932523E-08  4.621E-10  0.5432  4.580792   -7.655  1.356847  8.045798  2.1311867E-03  9.9785876E-01  1.5237679E-07  4.2762378E-08  6.2912156E-06  2.8807266E-08  1.5091386E-10  2.1386226E-14  1.4826347E-11  8.2337362E-12  2.655E-13  1.100E-05  4.938E-05  9.076E-01  1.401E+00  6.23E+02  5.38E+02  3.28E+02  0.716643  0.691835  0.0000000E+00  3.2098416998E+00
 88  2.977591981732446E+06  118.505632  6.510460  4.580864  6.4678000E-01  3.5319720E-01  4.7805256E-07  3.9513809E-08  3.3093138E-06  4.0852527E-06  3.1678015E-09  7.7241747E-10  5.5745706E-07  1.3932523E-08  4.620E-10  0.5433  4.580864   -7.654  1.360895  8.047128  2.0385290E-03  9.9795145E-01  1.5291921E-07  4.2920696E-08  6.2901184E-06  2.8733030E-08  1.5247800E-10  2.1164330E-14  1.4115114E-11  7.8447383E-12  2.499E-13  1.102E-05  4.968E-05  9.074E-01  1.403E+00  6.23E+02  5.38E+02  3.28E+02  0.717501  0.691965  0.0000000E+00  3.2098365150E+00
 89  2.977776347415311E+06  118.505628  6.510551  4.580968  6.4677990E-01  3.5319720E-01  4.7805255E-07  3.9513809E-08  3.3093138E-06  4.0852526E-06  3.1678016E-09  7.7241745E-10  5.5745705E-07  1.3932523E-08  4.619E-10  0.5435  4.580968   -7.654  1.365109  8.048514  1.9458714E-03  9.9804412E-01  1.5348711E-07  4.3086750E-08  6.2889856E-06  2.8655287E-08  1.5411724E-10  2.0966471E-14  1.3446579E-11  7.4630791E-12  2.347E-13  1.104E-05  5.000E-05  9.072E-01  1.404E+00  6.23E+02  5.38E+02  3.29E+02  0.718089  0.692110  0.0000000E+00  3.2098312969E+00
 90  2.977961600931794E+06  118.505624  6.510643  4.581018  6.4677990E-01  3.5319720E-01  4.7805253E-07  3.9513808E-08  3.3093139E-06  4.0852525E-06  3.1678016E-09  7.7241742E-10  5.5745703E-07  1.3932522E-08  4.618E-10  0.5441  4.581018   -7.652  1.369526  8.049967  1.8532137E-03  9.9813677E-01  1.5407250E-07  4.3260719E-08  6.2878216E-06  2.8575579E-08  1.5582179E-10  2.1065516E-14  1.2821958E-11  7.0924901E-12  2.201E-13  1.106E-05  5.033E-05  9.069E-01  1.407E+00  6.23E+02  5.38E+02  3.29E+02  0.719033  0.692258  0.0000000E+00  3.2098260343E+00
 91  2.978146848305502E+06  118.505620  6.510742  4.581121  6.4677990E-01  3.5319720E-01  4.7805250E-07  3.9513807E-08  3.3093141E-06  4.0852524E-06  3.1678016E-09  7.7241737E-10  5.5745701E-07  1.3932522E-08  4.618E-10  0.5431  4.581121   -7.651  1.374145  8.051487  1.7605560E-03  9.9822940E-01  1.5472630E-07  4.3449524E-08  6.2865644E-06  2.8493824E-08  1.5772726E-10  2.0562354E-14  1.2227451E-11  6.7352090E-12  2.062E-13  1.108E-05  5.069E-05  9.066E-01  1.409E+00  6.23E+02  5.38E+02  3.30E+02  0.719821  0.692414  0.0000000E+00  3.2098207530E+00
 92  2.978332652096136E+06  118.505616  6.510843  4.581223  6.4677990E-01  3.5319730E-01  4.7805245E-07  3.9513806E-08  3.3093144E-06  4.0852521E-06  3.1678017E-09  7.7241729E-10  5.5745698E-07  1.3932521E-08  4.617E-10  0.5431  4.581223   -7.650  1.379008  8.053085  1.6678984E-03  9.9832206E-01  1.5540587E-07  4.3648501E-08  6.2852695E-06  2.8409901E-08  1.5972546E-10  2.0356518E-14  1.1663477E-11  6.3918106E-12  1.928E-13  1.111E-05  5.105E-05  9.063E-01  1.412E+00  6.23E+02  5.38E+02  3.31E+02  0.720755  0.692577  0.0000000E+00  3.2098154353E+00
 93  2.978519120139743E+06  118.505612  6.510950  4.581359  6.4677990E-01  3.5319730E-01  4.7805237E-07  3.9513803E-08  3.3093148E-06  4.0852517E-06  3.1678019E-09  7.7241716E-10  5.5745692E-07  1.3932519E-08  4.616E-10  0.5432  4.581359   -7.649  1.384136  8.054771  1.5752407E-03  9.9841470E-01  1.5613162E-07  4.3860527E-08  6.2839108E-06  2.8323576E-08  1.6187608E-10  2.0062746E-14  1.1128124E-11  6.0625182E-12  1.800E-13  1.113E-05  5.145E-05  9.060E-01  1.414E+00  6.24E+02  5.38E+02  3.31E+02  0.721669  0.692747  0.0000000E+00  3.2098100767E+00
 94  2.978706329387798E+06  118.505608  6.511063  4.581490  6.4677980E-01  3.5319730E-01  4.7805225E-07  3.9513800E-08  3.3093155E-06  4.0852510E-06  3.1678021E-09  7.7241696E-10  5.5745683E-07  1.3932517E-08  4.615E-10  0.5438  4.581490   -7.648  1.389560  8.056555  1.4825831E-03  9.9850735E-01  1.5690134E-07  4.4087213E-08  6.2824880E-06  2.8234606E-08  1.6417369E-10  1.9970686E-14  1.0621532E-11  5.7473927E-12  1.680E-13  1.116E-05  5.187E-05  9.057E-01  1.416E+00  6.24E+02  5.38E+02  3.32E+02  0.722574  0.692927  0.0000000E+00  3.2098046726E+00
 95  2.978894247293795E+06  118.505603  6.511179  4.581598  6.4677970E-01  3.5319740E-01  4.7805207E-07  3.9513794E-08  3.3093165E-06  4.0852500E-06  3.1678025E-09  7.7241664E-10  5.5745669E-07  1.3932513E-08  4.614E-10  0.5433  4.581598   -7.647  1.395307  8.058444  1.3899254E-03  9.9860000E-01  1.5774691E-07  4.4333018E-08  6.2809634E-06  2.8142711E-08  1.6671330E-10  1.9493675E-14  1.0140212E-11  5.4460325E-12  1.565E-13  1.119E-05  5.232E-05  9.053E-01  1.419E+00  6.24E+02  5.38E+02  3.33E+02  0.723764  0.693111  0.0000000E+00  3.2097992222E+00
 96  2.979082409211858E+06  118.505599  6.511301  4.581761  6.4677960E-01  3.5319755E-01  4.7805179E-07  3.9513786E-08  3.3093181E-06  4.0852485E-06  3.1678030E-09  7.7241617E-10  5.5745647E-07  1.3932508E-08  4.613E-10  0.5428  4.581761   -7.645  1.401416  8.060453  1.2972678E-03  9.9869271E-01  1.5865644E-07  4.4598008E-08  6.2793510E-06  2.8047395E-08  1.6946495E-10  1.9042871E-14  9.6734435E-12  5.1579388E-12  1.455E-13  1.122E-05  5.280E-05  9.049E-01  1.422E+00  6.24E+02  5.38E+02  3.33E+02  0.724894  0.693307  0.0000000E+00  3.2097937375E+00
 97  2.979273292865434E+06  118.505595  6.511431  4.581937  6.4677940E-01  3.5319780E-01  4.7805129E-07  3.9513770E-08  3.3093209E-06  4.0852457E-06  3.1678039E-09  7.7241533E-10  5.5745610E-07  1.3932498E-08  4.613E-10  0.5436  4.581937   -7.644  1.408033  8.062628  1.2046101E-03  9.9878534E-01  1.5921213E-07  4.4753961E-08  6.2782365E-06  2.7995068E-08  1.7138423E-10  1.8681908E-14  9.2617765E-12  4.8836361E-12  1.366E-13  1.125E-05  5.333E-05  9.045E-01  1.426E+00  6.25E+02  5.38E+02  3.34E+02  0.726230  0.693516  0.0000000E+00  3.2097881429E+00
 98  2.979464805514118E+06  118.505590  6.511569  4.582110  6.4677903E-01  3.5319810E-01  4.7805047E-07  3.9513745E-08  3.3093255E-06  4.0852411E-06  3.1678055E-09  7.7241394E-10  5.5745547E-07  1.3932481E-08  4.612E-10  0.5428  4.582110   -7.642  1.415097  8.064951  1.1119524E-03  9.9887797E-01  1.6030244E-07  4.5072483E-08  6.2763625E-06  2.7901499E-08  1.7475974E-10  1.8186918E-14  8.8530940E-12  4.6253421E-12  1.279E-13  1.130E-05  5.390E-05  9.040E-01  1.430E+00  6.25E+02  5.38E+02  3.35E+02  0.727645  0.693734  0.0000000E+00  3.2097824971E+00
 99  2.979658297092909E+06  118.505586  6.511715  4.582320  6.4677850E-01  3.5319870E-01  4.7804923E-07  3.9513707E-08  3.3093325E-06  4.0852342E-06  3.1678079E-09  7.7241184E-10  5.5745453E-07  1.3932456E-08  4.611E-10  0.5428  4.582320   -7.640  1.422724  8.067458  1.0192948E-03  9.9897067E-01  1.6146263E-07  4.5412835E-08  6.2743981E-06  2.7791931E-08  1.7834361E-10  1.7837561E-14  8.4762483E-12  4.3790967E-12  1.189E-13  1.134E-05  5.453E-05  9.035E-01  1.433E+00  6.25E+02  5.38E+02  3.36E+02  0.729191  0.693967  0.0000000E+00  3.2097767564E+00
100  2.979853670552982E+06  118.505581  6.511869  4.582549  6.4677770E-01  3.5319947E-01  4.7804734E-07  3.9513649E-08  3.3093431E-06  4.0852237E-06  3.1678115E-09  7.7240865E-10  5.5745310E-07  1.3932418E-08  4.610E-10  0.5434  4.582549   -7.638  1.431009  8.070182  9.2663712E-04  9.9906332E-01  1.6273913E-07  4.5788511E-08  6.2722682E-06  2.7676112E-08  1.8232239E-10  1.7582802E-14  8.1198994E-12  4.1440638E-12  1.103E-13  1.139E-05  5.520E-05  9.029E-01  1.438E+00  6.26E+02  5.38E+02  3.38E+02  0.730873  0.694213  0.0000000E+00  3.2097709183E+00
101  2.980051503352339E+06  118.505577  6.512036  4.582810  6.4677646E-01  3.5320074E-01  4.7804455E-07  3.9513563E-08  3.3093587E-06  4.0852083E-06  3.1678168E-09  7.7240395E-10  5.5745099E-07  1.3932363E-08  4.609E-10  0.5433  4.582810   -7.636  1.440079  8.073164  8.3397946E-04  9.9915596E-01  1.6417364E-07  4.6209397E-08  6.2699140E-06  2.7553154E-08  1.8683691E-10  1.7128789E-14  7.7868616E-12  3.9198464E-12  1.022E-13  1.144E-05  5.596E-05  9.023E-01  1.443E+00  6.26E+02  5.38E+02  3.39E+02  0.732776  0.694480  0.0000000E+00  3.2097649609E+00
102  2.980259155605799E+06  118.505572  6.512223  4.583135  6.4677463E-01  3.5320255E-01  4.7804032E-07  3.9513434E-08  3.3093824E-06  4.0851849E-06  3.1678249E-09  7.7239682E-10  5.5744780E-07  1.3932278E-08  4.608E-10  0.5432  4.583135   -7.633  1.450448  8.076573  7.4132181E-04  9.9924861E-01  1.6579888E-07  4.6687671E-08  6.2672858E-06  2.7423311E-08  1.9204227E-10  1.6832261E-14  7.7364772E-12  3.7123937E-12  9.729E-14  1.151E-05  5.684E-05  9.016E-01  1.449E+00  6.27E+02  5.38E+02  3.41E+02  0.734840  0.694779  0.0000000E+00  3.2097586520E+00
103  2.980465317966632E+06  118.505567  6.512421  4.583485  6.4677210E-01  3.5320500E-01  4.7803459E-07  3.9513258E-08  3.3094145E-06  4.0851532E-06  3.1678359E-09  7.7238715E-10  5.5744346E-07  1.3932164E-08  4.607E-10  0.5426  4.583485   -7.631  1.461507  8.080210  6.4866415E-04  9.9934132E-01  1.6767146E-07  4.7235802E-08  6.2643123E-06  2.7279097E-08  1.9801845E-10  1.5947091E-14  7.4972440E-12  3.5500775E-12  9.480E-14  1.157E-05  5.780E-05  9.008E-01  1.455E+00  6.27E+02  5.39E+02  3.42E+02  0.737070  0.695094  0.0000000E+00  3.2097523283E+00
104  2.980675489742246E+06  118.505562  6.512636  4.583843  6.4676844E-01  3.5320871E-01  4.7802620E-07  3.9513000E-08  3.3094615E-06  4.0851067E-06  3.1678519E-09  7.7237298E-10  5.5743711E-07  1.3931996E-08  4.606E-10  0.5430  4.583843   -7.627  1.474157  8.084369  5.5600649E-04  9.9943393E-01  1.6980651E-07  4.7866738E-08  6.2609579E-06  2.7126243E-08  2.0493282E-10  1.5621840E-14  7.2392390E-12  3.3873870E-12  8.579E-14  1.166E-05  5.891E-05  8.998E-01  1.463E+00  6.28E+02  5.39E+02  3.44E+02  0.739936  0.695438  0.0000000E+00  3.2097458109E+00
105  2.980889835334500E+06  118.505557  6.512883  4.584377  6.4676208E-01  3.5321512E-01  4.7801150E-07  3.9512549E-08  3.3095440E-06  4.0850253E-06  3.1678800E-09  7.7234817E-10  5.5742599E-07  1.3931702E-08  4.605E-10  0.5417  4.584377   -7.624  1.488837  8.089192  4.6334883E-04  9.9952664E-01  1.7188504E-07  4.8469193E-08  6.2576940E-06  2.7002376E-08  2.1184319E-10  1.4502446E-14  6.8976391E-12  3.2094586E-12  7.609E-14  1.175E-05  6.022E-05  8.988E-01  1.471E+00  6.29E+02  5.39E+02  3.46E+02  0.742900  0.695829  0.0000000E+00  3.2097390784E+00
106  2.981113465644648E+06  118.505552  6.513163  4.584948  6.4675235E-01  3.5322480E-01  4.7798914E-07  3.9511863E-08  3.3096693E-06  4.0849014E-06  3.1679227E-09  7.7231044E-10  5.5740908E-07  1.3931255E-08  4.604E-10  0.5400  4.584948   -7.619  1.506385  8.094958  3.7069117E-04  9.9961928E-01  1.7511253E-07  4.9417381E-08  6.2527742E-06  2.6830000E-08  2.2246947E-10  1.3159055E-14  6.5848636E-12  3.0218406E-12  6.770E-14  1.187E-05  6.184E-05  8.974E-01  1.483E+00  6.30E+02  5.39E+02  3.49E+02  0.746804  0.696274  0.0000000E+00  3.2097319439E+00
107  2.981351744822176E+06  118.505546  6.513501  4.585751  6.4673699E-01  3.5324019E-01  4.7795392E-07  3.9510782E-08  3.3098667E-06  4.0847063E-06  3.1679900E-09  7.7225100E-10  5.5738243E-07  1.3930552E-08  4.603E-10  0.5400  4.585751   -7.613  1.528299  8.102147  2.7803351E-04  9.9971191E-01  1.7868528E-07  5.0467470E-08  6.2473537E-06  2.6672445E-08  2.3425262E-10  1.2088954E-14  6.2973761E-12  2.8296256E-12  6.048E-14  1.203E-05  6.391E-05  8.956E-01  1.497E+00  6.31E+02  5.40E+02  3.53E+02  0.751659  0.696810  0.0000000E+00  3.2097241975E+00
108  2.981614222092974E+06  118.505540  6.513930  4.586813  6.4671427E-01  3.5326286E-01  4.7790173E-07  3.9509180E-08  3.3101593E-06  4.0844171E-06  3.1680897E-09  7.7216291E-10  5.5734294E-07  1.3929509E-08  4.602E-10  0.5374  4.586813   -7.604  1.557441  8.111715  1.8537586E-04  9.9980459E-01  1.8461722E-07  5.2228799E-08  6.2384708E-06  2.6485984E-08  2.5398059E-10  1.0849303E-14  6.0348827E-12  2.6324619E-12  5.292E-14  1.225E-05  6.677E-05  8.932E-01  1.518E+00  6.33E+02  5.41E+02  3.59E+02  0.758491  0.697489  0.0000000E+00  3.2097154417E+00
109  2.981935098836471E+06  118.505531  6.514563  4.587478  6.4666003E-01  3.5331717E-01  4.7777728E-07  3.9505356E-08  3.3108571E-06  4.0837275E-06  3.1683270E-09  7.7195286E-10  5.5724873E-07  1.3927020E-08  4.600E-10  0.5335  4.587478   -7.586  1.603085  8.126684  9.2718197E-05  9.9989721E-01  1.9308178E-07  5.4734972E-08  6.2258238E-06  2.6355773E-08  2.8198717E-10  8.7293096E-15  5.8019499E-12  2.4281884E-12  4.510E-14  1.263E-05  7.152E-05  8.872E-01  1.576E+00  6.35E+02  5.42E+02  3.70E+02  0.774203  0.698483  0.0000000E+00  3.2097042833E+00
110  2.983160792308432E+06  118.504890  6.518410  4.595321  6.4636720E-01  3.5361000E-01  4.7710775E-07  3.9484737E-08  3.3146132E-06  4.0800136E-06  3.1695966E-09  7.7082260E-10  5.5674146E-07  1.3913621E-08  4.594E-10  0.4873  4.595321   -7.106  1.893909  8.221897  6.0538590E-08  9.9998990E-01  2.6585900E-07  7.6503199E-08  6.1165231E-06  2.7176969E-08  4.8050537E-10  4.3103191E-15  5.6318349E-12  2.1908022E-12  3.208E-14  1.504E-05  1.107E-04  8.538E-01  4.918E+00  6.53E+02  5.50E+02  4.33E+02  0.848102  0.704577 -4.9502443E+00  3.2076438834E+00
111  2.983205088842022E+06  118.504889  6.518575  4.592448  6.4636712E-01  3.5361008E-01  4.7710753E-07  3.9484730E-08  3.3146144E-06  4.0800124E-06  3.1695970E-09  7.7082224E-10  5.5674129E-07  1.3913617E-08  4.594E-10  0.4849  4.592448   -7.469  1.904987  8.225503  3.7488717E-08  9.9998990E-01  2.7044414E-07  7.7757163E-08  6.1098121E-06  2.7185290E-08  4.8530711E-10  4.2630556E-15  5.6318683E-12  2.1906949E-12  3.204E-14  1.513E-05  1.126E-04  8.457E-01  2.174E+00  6.51E+02  5.48E+02  4.43E+02  0.863032  0.704845 -8.5530321E-01  3.2076422078E+00
112  2.983249385375611E+06  118.504887  6.518695  4.591385  6.4636710E-01  3.5361010E-01  4.7710739E-07  3.9484726E-08  3.3146152E-06  4.0800116E-06  3.1695972E-09  7.7082201E-10  5.5674119E-07  1.3913614E-08  4.593E-10  0.4826  4.591385   -7.450  1.915877  8.229045  2.2423895E-08  9.9998997E-01  2.7464826E-07  7.8860495E-08  6.1037109E-06  2.7191236E-08  4.8895713E-10  4.2047958E-15  5.6318960E-12  2.1906226E-12  3.201E-14  1.522E-05  1.144E-04  8.414E-01  2.099E+00  6.50E+02  5.47E+02  4.49E+02  0.870645  0.705039  0.0000000E+00  3.2076394338E+00
113  2.983293681909201E+06  118.504885  6.518815  4.590711  6.4636705E-01  3.5361015E-01  4.7710727E-07  3.9484723E-08  3.3146159E-06  4.0800109E-06  3.1695975E-09  7.7082179E-10  5.5674110E-07  1.3913612E-08  4.593E-10  0.4813  4.590711   -7.403  1.926571  8.232520  1.2957419E-08  9.9999000E-01  2.7834283E-07  7.9779840E-08  6.0984047E-06  2.7195355E-08  4.9160190E-10  4.1486129E-15  5.6319180E-12  2.1905755E-12  3.200E-14  1.531E-05  1.163E-04  8.379E-01  2.336E+00  6.50E+02  5.47E+02  4.53E+02  0.876506  0.705233  0.0000000E+00  3.2076364221E+00
114  2.983337978442791E+06  118.504883  6.518944  4.589809  6.4636697E-01  3.5361023E-01  4.7710711E-07  3.9484718E-08  3.3146168E-06  4.0800100E-06  3.1695978E-09  7.7082153E-10  5.5674098E-07  1.3913608E-08  4.593E-10  0.4799  4.589809   -7.401  1.937058  8.235923  7.2330424E-09  9.9999000E-01  2.8145312E-07  8.0501281E-08  6.0939951E-06  2.7198127E-08  4.9342513E-10  4.0936737E-15  5.6319347E-12  2.1905456E-12  3.199E-14  1.539E-05  1.181E-04  8.338E-01  2.346E+00  6.50E+02  5.46E+02  4.58E+02  0.883075  0.705444  0.0000000E+00  3.2076333691E+00
115  2.983382274976381E+06  118.504882  6.519077  4.588412  6.4636689E-01  3.5361031E-01  4.7710692E-07  3.9484712E-08  3.3146178E-06  4.0800090E-06  3.1695982E-09  7.7082121E-10  5.5674083E-07  1.3913604E-08  4.593E-10  0.4775  4.588412   -7.382  1.947330  8.239254  3.8839687E-09  9.9999000E-01  2.8394660E-07  8.1027129E-08  6.0905170E-06  2.7199945E-08  4.9462034E-10  4.0349120E-15  5.6319469E-12  2.1905271E-12  3.198E-14  1.547E-05  1.199E-04  8.286E-01  2.458E+00  6.49E+02  5.45E+02  4.65E+02  0.891174  0.705660  0.0000000E+00  3.2076301255E+00
116  2.983426571509970E+06  118.504880  6.519211  4.585897  6.4636680E-01  3.5361040E-01  4.7710670E-07  3.9484705E-08  3.3146190E-06  4.0800078E-06  3.1695986E-09  7.7082084E-10  5.5674067E-07  1.3913600E-08  4.593E-10  0.4770  4.585897   -7.354  1.957368  8.242503  2.0461043E-09  9.9999000E-01  2.8578676E-07  8.1364511E-08  6.0880050E-06  2.7201074E-08  4.9534053E-10  3.9765853E-15  5.6319551E-12  2.1905163E-12  3.197E-14  1.551E-05  1.217E-04  8.212E-01  2.627E+00  6.47E+02  5.43E+02  4.74E+02  0.902117  0.705878  0.0000000E+00  3.2076265862E+00
117  2.983470868043560E+06  118.504878  6.519355  4.581375  6.4636672E-01  3.5361048E-01  4.7710649E-07  3.9484699E-08  3.3146202E-06  4.0800067E-06  3.1695990E-09  7.7082049E-10  5.5674051E-07  1.3913596E-08  4.592E-10  0.4755  4.581375   -7.295  1.967093  8.245646  4.1150742E-10  9.9999000E-01  2.8697171E-07  8.1541581E-08  6.0864305E-06  2.7201713E-08  4.9572726E-10  2.2049830E-13  5.6319555E-12  2.1905158E-12  3.197E-14  1.559E-05  1.235E-04  8.067E-01  3.047E+00  6.43E+02  5.40E+02  4.90E+02  0.921043  0.706113  0.0000000E+00  3.2076222073E+00
118  2.983515164577149E+06  118.504403  6.519598  4.596939  6.4636664E-01  3.5361056E-01  4.7710638E-07  3.9484695E-08  3.3146209E-06  4.0800060E-06  3.1695992E-09  7.7082029E-10  5.5674043E-07  1.3913594E-08  4.592E-10  0.4740  4.596939   -7.128  1.976572  8.248705  0.0000000E+00  9.9998914E-01  1.0916010E-06  6.1972969E-08  6.0260037E-06  5.1458354E-08  4.9635645E-10  4.8163069E-08  5.7977990E-12  2.3444662E-09  2.092E-14  1.533E-05  1.253E-04  8.469E-01  4.731E+00  6.57E+02  5.51E+02  4.42E+02  0.851790  0.706509 -2.9938358E+00  3.2060441358E+00
119  2.983559461110739E+06  118.504109  6.519755  4.606494  6.4636651E-01  3.5361069E-01  4.7710609E-07  3.9484686E-08  3.3146225E-06  4.0800044E-06  3.1695997E-09  7.7081980E-10  5.5674020E-07  1.3913588E-08  4.592E-10  0.4720  4.606494   -7.283  1.985814  8.251682  0.0000000E+00  9.9998789E-01  2.3273867E-06  4.1306043E-08  5.9484077E-06  8.8724618E-08  4.9906326E-10  9.8951318E-08  1.8778683E-11  5.4212440E-09  1.172E-14  1.518E-05  1.270E-04  8.722E-01  3.786E+00  6.65E+02  5.58E+02  4.12E+02  0.810076  0.706767 -2.6897804E+00  3.2050677305E+00
120  2.983603757644329E+06  118.504107  6.519824  4.605472  6.4636635E-01  3.5361085E-01  4.7710566E-07  3.9484673E-08  3.3146249E-06  4.0800020E-06  3.1696005E-09  7.7081908E-10  5.5673988E-07  1.3913580E-08  4.592E-10  0.4701  4.605472   -7.565  1.994819  8.254578  0.0000000E+00  9.9998640E-01  3.8204761E-06  2.7190928E-08  5.8689075E-06  1.2154174E-07  5.0201784E-10  1.5411743E-07  3.8584394E-11  9.9731990E-09  8.323E-15  1.523E-05  1.287E-04  8.695E-01  1.513E+00  6.64E+02  5.57E+02  4.16E+02  0.816031  0.706878  0.0000000E+00  3.2050662006E+00
121  2.983648054177918E+06  118.504106  6.519921  4.605338  6.4636618E-01  3.5361102E-01  4.7710532E-07  3.9484663E-08  3.3146268E-06  4.0800001E-06  3.1696012E-09  7.7081850E-10  5.5673962E-07  1.3913572E-08  4.592E-10  0.4692  4.605338   -7.490  2.003584  8.257391  0.0000000E+00  9.9998453E-01  5.6138945E-06  1.7132441E-08  5.7791588E-06  1.3614278E-07  5.0196139E-10  2.4450452E-07  4.9415030E-11  1.8108554E-08  7.013E-15  1.527E-05  1.304E-04  8.684E-01  1.836E+00  6.65E+02  5.57E+02  4.17E+02  0.818518  0.707036  0.0000000E+00  3.2050640703E+00
122  2.983692350711508E+06  118.504104  6.520030  4.604772  6.4636601E-01  3.5361119E-01  4.7710502E-07  3.9484653E-08  3.3146285E-06  4.0799984E-06  3.1696017E-09  7.7081799E-10  5.5673939E-07  1.3913567E-08  4.591E-10  0.4674  4.604772   -7.494  2.012076  8.260112  0.0000000E+00  9.9998230E-01  7.8004012E-06  1.0703259E-08  5.6787161E-06  1.4516079E-07  5.0168225E-10  3.5165653E-07  5.6265967E-11  2.9691569E-08  5.993E-15  1.531E-05  1.321E-04  8.667E-01  1.817E+00  6.64E+02  5.56E+02  4.20E+02  0.822163  0.707214  0.0000000E+00  3.2050619768E+00
123  2.983736647245098E+06  118.504103  6.520146  4.604380  6.4636592E-01  3.5361128E-01  4.7710478E-07  3.9484646E-08  3.3146299E-06  4.0799971E-06  3.1696022E-09  7.7081759E-10  5.5673921E-07  1.3913561E-08  4.591E-10  0.4665  4.604380   -7.486  2.020239  8.262718  0.0000000E+00  9.9997961E-01  1.0449723E-05  6.7269049E-09  5.5656976E-06  1.5086073E-07  5.0135632E-10  4.7632756E-07  6.0081448E-11  4.6017368E-08  5.306E-15  1.533E-05  1.336E-04  8.654E-01  1.848E+00  6.64E+02  5.55E+02  4.22E+02  0.824925  0.707402  0.0000000E+00  3.2050598084E+00
124  2.983780943778688E+06  118.504102  6.520260  4.603939  6.4636584E-01  3.5361136E-01  4.7710458E-07  3.9484640E-08  3.3146310E-06  4.0799960E-06  3.1696026E-09  7.7081726E-10  5.5673906E-07  1.3913558E-08  4.591E-10  0.4662  4.603939   -7.482  2.028022  8.265193  0.0000000E+00  9.9997648E-01  1.3545548E-05  4.1256989E-09  5.4413006E-06  1.5475042E-07  5.0098028E-10  6.1429815E-07  6.2785346E-11  6.7237682E-08  4.830E-15  1.536E-05  1.351E-04  8.640E-01  1.868E+00  6.63E+02  5.55E+02  4.24E+02  0.827756  0.707589  0.0000000E+00  3.2050576104E+00
125  2.983825240312277E+06  118.504100  6.520373  4.603340  6.4636580E-01  3.5361140E-01  4.7710446E-07  3.9484636E-08  3.3146317E-06  4.0799953E-06  3.1696028E-09  7.7081705E-10  5.5673897E-07  1.3913556E-08  4.591E-10  0.4653  4.603340   -7.478  2.035365  8.267515  0.0000000E+00  9.9997288E-01  1.7132017E-05  2.4675467E-09  5.3052488E-06  1.5742681E-07  5.0055044E-10  7.6455538E-07  6.4789772E-11  9.4101601E-08  4.506E-15  1.537E-05  1.366E-04  8.625E-01  1.887E+00  6.63E+02  5.55E+02  4.26E+02  0.830879  0.707773  0.0000000E+00  3.2050553767E+00
126  2.983869536845867E+06  118.504098  6.520482  4.602683  6.4636580E-01  3.5361140E-01  4.7710440E-07  3.9484634E-08  3.3146319E-06  4.0799951E-06  3.1696029E-09  7.7081696E-10  5.5673893E-07  1.3913555E-08  4.591E-10  0.4636  4.602683   -7.472  2.042249  8.269679  0.0000000E+00  9.9996869E-01  2.1321119E-05  1.4819645E-09  5.1611544E-06  1.5933441E-07  5.0005683E-10  9.2000139E-07  6.6327362E-11  1.2900657E-07  4.301E-15  1.538E-05  1.380E-04  8.611E-01  1.913E+00  6.62E+02  5.54E+02  4.27E+02  0.833858  0.707950  0.0000000E+00  3.2050530882E+00
127  2.983913833379457E+06  118.504097  6.520584  4.602215  6.4636580E-01  3.5361140E-01  4.7710439E-07  3.9484633E-08  3.3146321E-06  4.0799949E-06  3.1696030E-09  7.7081692E-10  5.5673891E-07  1.3913554E-08  4.590E-10  0.4624  4.602215   -7.466  2.048728  8.271702  0.0000000E+00  9.9996372E-01  2.6197860E-05  9.9608363E-10  5.0158088E-06  1.6081402E-07  4.9949195E-10  1.0694724E-06  6.7603936E-11  1.7440614E-07  4.190E-15  1.539E-05  1.393E-04  8.600E-01  1.943E+00  6.61E+02  5.52E+02  4.29E+02  0.835892  0.708116  0.0000000E+00  3.2050507302E+00
128  2.983958129913046E+06  118.504095  6.520679  4.601533  6.4636580E-01  3.5361140E-01  4.7710438E-07  3.9484633E-08  3.3146321E-06  4.0799949E-06  3.1696030E-09  7.7081691E-10  5.5673891E-07  1.3913554E-08  4.590E-10  0.4612  4.601533   -7.462  2.054649  8.273532  0.0000000E+00  9.9995817E-01  3.1678639E-05  6.5293063E-10  4.8633059E-06  1.6223274E-07  4.9886486E-10  1.2223051E-06  6.8780094E-11  2.2730514E-07  4.106E-15  1.538E-05  1.405E-04  8.587E-01  1.961E+00  6.61E+02  5.52E+02  4.30E+02  0.838522  0.708271  0.0000000E+00  3.2050483559E+00
129  2.984002426446636E+06  118.504094  6.520770  4.600705  6.4636580E-01  3.5361140E-01  4.7710438E-07  3.9484633E-08  3.3146321E-06  4.0799949E-06  3.1696030E-09  7.7081691E-10  5.5673890E-07  1.3913554E-08  4.590E-10  0.4599  4.600705   -7.460  2.060187  8.275228  0.0000000E+00  9.9995220E-01  3.7575202E-05  4.0802319E-10  4.7058764E-06  1.6360955E-07  4.9819494E-10  1.3774518E-06  6.9887132E-11  2.8536633E-07  4.041E-15  1.537E-05  1.416E-04  8.572E-01  1.970E+00  6.60E+02  5.51E+02  4.32E+02  0.841562  0.708419  0.0000000E+00  3.2050459702E+00
130  2.984046722980225E+06  118.504092  6.520861  4.599856  6.4636575E-01  3.5361145E-01  4.7710434E-07  3.9484632E-08  3.3146324E-06  4.0799946E-06  3.1696031E-09  7.7081684E-10  5.5673887E-07  1.3913553E-08  4.590E-10  0.4594  4.599856   -7.454  2.065497  8.276847  0.0000000E+00  9.9994527E-01  4.4467208E-05  2.7627832E-10  4.5405683E-06  1.6511225E-07  4.9742508E-10  1.5329529E-06  7.0944656E-11  3.5564053E-07  4.003E-15  1.535E-05  1.426E-04  8.558E-01  2.006E+00  6.59E+02  5.50E+02  4.33E+02  0.844275  0.708568  0.0000000E+00  3.2050434774E+00
131  2.984091019513815E+06  118.504091  6.520951  4.599127  6.4636570E-01  3.5361150E-01  4.7710429E-07  3.9484631E-08  3.3146327E-06  4.0799943E-06  3.1696031E-09  7.7081676E-10  5.5673884E-07  1.3913552E-08  4.590E-10  0.4588  4.599127   -7.447  2.070869  8.278488  0.0000000E+00  9.9993792E-01  5.1781328E-05  1.6987817E-10  4.3722603E-06  1.6671481E-07  4.9661330E-10  1.6883176E-06  7.2006775E-11  4.3085790E-07  3.971E-15  1.533E-05  1.436E-04  8.546E-01  2.042E+00  6.58E+02  5.49E+02  4.34E+02  0.846512  0.708715  0.0000000E+00  3.2050409556E+00
132  2.984135316047405E+06  118.504089  6.521038  4.598863  6.4636570E-01  3.5361150E-01  4.7710424E-07  3.9484629E-08  3.3146330E-06  4.0799940E-06  3.1696032E-09  7.7081667E-10  5.5673880E-07  1.3913551E-08  4.589E-10  0.4573  4.598863   -7.442  2.076573  8.280248  0.0000000E+00  9.9992935E-01  6.0284877E-05  1.1220127E-10  4.1958409E-06  1.6864528E-07  4.9568387E-10  1.8430106E-06  7.3107493E-11  5.1976784E-07  3.951E-15  1.532E-05  1.448E-04  8.543E-01  2.068E+00  6.57E+02  5.48E+02  4.35E+02  0.847068  0.708857  0.0000000E+00  3.2050383685E+00
133  2.984179612580995E+06  118.504087  6.521124  4.598195  6.4636564E-01  3.5361156E-01  4.7710408E-07  3.9484624E-08  3.3146338E-06  4.0799932E-06  3.1696035E-09  7.7081640E-10  5.5673868E-07  1.3913548E-08  4.589E-10  0.4559  4.598195   -7.441  2.081572  8.281761  0.0000000E+00  9.9992009E-01  6.9462349E-05  7.0307523E-11  4.0179681E-06  1.7083319E-07  4.9468992E-10  1.9935055E-06  7.4237970E-11  6.1613331E-07  3.936E-15  1.529E-05  1.457E-04  8.533E-01  2.073E+00  6.56E+02  5.47E+02  4.36E+02  0.848982  0.708997  0.0000000E+00  3.2050358049E+00
134  2.984223909114584E+06  118.504086  6.521208  4.597148  6.4636552E-01  3.5361168E-01  4.7710383E-07  3.9484616E-08  3.3146352E-06  4.0799918E-06  3.1696040E-09  7.7081598E-10  5.5673848E-07  1.3913543E-08  4.589E-10  0.4545  4.597148   -7.443  2.085907  8.283044  0.0000000E+00  9.9991016E-01  7.9274359E-05  4.3274519E-11  3.8387269E-06  1.7326351E-07  4.9363523E-10  2.1400476E-06  7.5396469E-11  7.1951858E-07  3.925E-15  1.527E-05  1.464E-04  8.517E-01  2.058E+00  6.55E+02  5.46E+02  4.38E+02  0.852175  0.709135  0.0000000E+00  3.2050332635E+00
135  2.984268205648174E+06  118.504085  6.521276  4.595826  6.4636522E-01  3.5361198E-01  4.7710313E-07  3.9484595E-08  3.3146391E-06  4.0799879E-06  3.1696053E-09  7.7081481E-10  5.5673796E-07  1.3913529E-08  4.589E-10  0.4536  4.595826   -7.435  2.089160  8.283948  0.0000000E+00  9.9989923E-01  9.0130493E-05  3.0886088E-11  3.6843158E-06  1.7685820E-07  4.9249891E-10  2.2493436E-06  7.6610922E-11  8.2944106E-07  3.919E-15  1.523E-05  1.472E-04  8.497E-01  2.104E+00  6.54E+02  5.45E+02  4.39E+02  0.855899  0.709246  0.0000000E+00  3.2050305149E+00
136  2.984312502181764E+06  118.504083  6.521341  4.594444  6.4636488E-01  3.5361232E-01  4.7710234E-07  3.9484570E-08  3.3146436E-06  4.0799836E-06  3.1696068E-09  7.7081348E-10  5.5673737E-07  1.3913513E-08  4.589E-10  0.4528  4.594444   -7.425  2.092179  8.284770  0.0000000E+00  9.9988809E-01  1.0121175E-04  2.1655119E-11  3.5352581E-06  1.8070393E-07  4.9134499E-10  2.3506090E-06  7.7837439E-11  9.4077300E-07  3.914E-15  1.518E-05  1.480E-04  8.476E-01  2.163E+00  6.53E+02  5.44E+02  4.41E+02  0.859737  0.709351  0.0000000E+00  3.2050277216E+00
137  2.984356798715353E+06  118.504081  6.521405  4.593531  6.4636437E-01  3.5361283E-01  4.7710116E-07  3.9484534E-08  3.3146502E-06  4.0799770E-06  3.1696090E-09  7.7081148E-10  5.5673647E-07  1.3913489E-08  4.589E-10  0.4521  4.593531   -7.414  2.096021  8.285883  0.0000000E+00  9.9987571E-01  1.1353652E-04  1.4782779E-11  3.3851940E-06  1.8538152E-07  4.9008110E-10  2.4455735E-06  7.9162078E-11  1.0614039E-06  3.909E-15  1.514E-05  1.488E-04  8.463E-01  2.225E+00  6.52E+02  5.43E+02  4.42E+02  0.861928  0.709457  0.0000000E+00  3.2050248047E+00
138  2.984401095248943E+06  118.504079  6.521470  4.593182  6.4636366E-01  3.5361354E-01  4.7709950E-07  3.9484483E-08  3.3146595E-06  4.0799678E-06  3.1696121E-09  7.7080868E-10  5.5673521E-07  1.3913456E-08  4.588E-10  0.4516  4.593182   -7.403  2.100853  8.287346  0.0000000E+00  9.9986182E-01  1.2736130E-04  1.0755591E-11  3.2339157E-06  1.9106253E-07  4.8868456E-10  2.5329374E-06  8.0605078E-11  1.1932519E-06  3.906E-15  1.511E-05  1.494E-04  8.462E-01  2.291E+00  6.51E+02  5.42E+02  4.42E+02  0.862131  0.709562  0.0000000E+00  3.2050217387E+00
139  2.984445391782532E+06  118.504077  6.521533  4.592788  6.4636290E-01  3.5361430E-01  4.7709776E-07  3.9484429E-08  3.3146692E-06  4.0799582E-06  3.1696154E-09  7.7080574E-10  5.5673389E-07  1.3913422E-08  4.588E-10  0.4511  4.592788   -7.394  2.105610  8.288782  0.0000000E+00  9.9984772E-01  1.4140452E-04  6.9228171E-12  3.0829882E-06  1.9692574E-07  4.8726981E-10  2.6187841E-06  8.2064749E-11  1.3264047E-06  3.903E-15  1.508E-05  1.501E-04  8.460E-01  2.347E+00  6.50E+02  5.42E+02  4.42E+02  0.862476  0.709665  0.0000000E+00  3.2050186895E+00
140  2.984489688316122E+06  118.504075  6.521583  4.591907  6.4636172E-01  3.5361548E-01  4.7709516E-07  3.9484349E-08  3.3146839E-06  4.0799437E-06  3.1696204E-09  7.7080134E-10  5.5673192E-07  1.3913369E-08  4.588E-10  0.4502  4.591907   -7.402  2.109536  8.289930  0.0000000E+00  9.9983121E-01  1.5783364E-04  5.2136376E-12  2.9358931E-06  2.0477908E-07  4.8565621E-10  2.6880587E-06  8.3706527E-11  1.4738107E-06  3.901E-15  1.503E-05  1.512E-04  8.450E-01  2.298E+00  6.49E+02  5.41E+02  4.43E+02  0.864372  0.709746  0.0000000E+00  3.2050158247E+00
141  2.984533984849712E+06  118.504073  6.521634  4.591026  6.4636054E-01  3.5361666E-01  4.7709255E-07  3.9484268E-08  3.3146985E-06  4.0799292E-06  3.1696253E-09  7.7079695E-10  5.5672994E-07  1.3913317E-08  4.588E-10  0.4494  4.591026   -7.411  2.113462  8.291077  0.0000000E+00  9.9981471E-01  1.7426275E-04  3.5044580E-12  2.7887980E-06  2.1263242E-07  4.8404262E-10  2.7573333E-06  8.5348305E-11  1.6212166E-06  3.899E-15  1.499E-05  1.523E-04  8.439E-01  2.250E+00  6.48E+02  5.39E+02  4.44E+02  0.866267  0.709828  0.0000000E+00  3.2050129599E+00
142  2.984578281383302E+06  118.504072  6.521685  4.590419  6.4635869E-01  3.5361851E-01  4.7708832E-07  3.9484138E-08  3.3147222E-06  4.0799058E-06  3.1696333E-09  7.7078981E-10  5.5672674E-07  1.3913232E-08  4.588E-10  0.4487  4.590419   -7.407  2.116542  8.291931  0.0000000E+00  9.9979679E-01  1.9208987E-04  2.5035212E-12  2.6487370E-06  2.2197907E-07  4.8232171E-10  2.8128270E-06  8.7088845E-11  1.7744180E-06  3.897E-15  1.496E-05  1.530E-04  8.433E-01  2.274E+00  6.47E+02  5.39E+02  4.44E+02  0.867290  0.709911  0.0000000E+00  3.2050099396E+00
143  2.984622577916891E+06  118.504070  6.521737  4.589920  6.4635658E-01  3.5362062E-01  4.7708345E-07  3.9483987E-08  3.3147496E-06  4.0798787E-06  3.1696425E-09  7.7078157E-10  5.5672303E-07  1.3913135E-08  4.587E-10  0.4482  4.589920   -7.399  2.119284  8.292666  0.0000000E+00  9.9977831E-01  2.1047563E-04  1.7855986E-12  2.5114868E-06  2.3192244E-07  4.8055791E-10  2.8628139E-06  8.8868851E-11  1.9299353E-06  3.896E-15  1.492E-05  1.535E-04  8.429E-01  2.326E+00  6.47E+02  5.38E+02  4.44E+02  0.867963  0.709994  0.0000000E+00  3.2050068572E+00
144  2.984666874450481E+06  118.504068  6.521786  4.589314  6.4635405E-01  3.5362315E-01  4.7707763E-07  3.9483808E-08  3.3147822E-06  4.0798464E-06  3.1696534E-09  7.7077176E-10  5.5671862E-07  1.3913019E-08  4.587E-10  0.4477  4.589314   -7.394  2.121839  8.293337  0.0000000E+00  9.9975933E-01  2.2937873E-04  1.2122702E-12  2.3786177E-06  2.4256964E-07  4.7875860E-10  2.9063669E-06  9.0682130E-11  2.0864296E-06  3.895E-15  1.488E-05  1.540E-04  8.425E-01  2.358E+00  6.46E+02  5.38E+02  4.44E+02  0.868692  0.710072  0.0000000E+00  3.2050037893E+00
145  2.984711170984071E+06  118.504067  6.521829  4.588504  6.4635072E-01  3.5362648E-01  4.7707004E-07  3.9483574E-08  3.3148248E-06  4.0798043E-06  3.1696677E-09  7.7075895E-10  5.5671287E-07  1.3912867E-08  4.587E-10  0.4470  4.588504   -7.396  2.124037  8.293884  0.0000000E+00  9.9973940E-01  2.4926355E-04  9.1333006E-13  2.2540623E-06  2.5455244E-07  4.7689189E-10  2.9377109E-06  9.2558551E-11  2.2447781E-06  3.893E-15  1.481E-05  1.545E-04  8.420E-01  2.347E+00  6.45E+02  5.36E+02  4.44E+02  0.869526  0.710140  0.0000000E+00  3.2050007492E+00
146  2.984755467517660E+06  118.504065  6.521872  4.587694  6.4634738E-01  3.5362982E-01  4.7706245E-07  3.9483340E-08  3.3148674E-06  4.0797621E-06  3.1696821E-09  7.7074614E-10  5.5670712E-07  1.3912715E-08  4.587E-10  0.4464  4.587694   -7.398  2.126235  8.294431  0.0000000E+00  9.9971948E-01  2.6914837E-04  6.1438995E-13  2.1295070E-06  2.6653524E-07  4.7502519E-10  2.9690549E-06  9.4434972E-11  2.4031265E-06  3.892E-15  1.475E-05  1.549E-04  8.415E-01  2.337E+00  6.44E+02  5.35E+02  4.44E+02  0.870361  0.710208  0.0000000E+00  3.2049977090E+00
147  2.984799764051250E+06  118.504063  6.521908  4.587714  6.4634191E-01  3.5363529E-01  4.7704999E-07  3.9482954E-08  3.3149374E-06  4.0796929E-06  3.1697055E-09  7.7072509E-10  5.5669766E-07  1.3912465E-08  4.587E-10  0.4462  4.587714   -7.394  2.130798  8.295813  0.0000000E+00  9.9969491E-01  2.9362193E-04  4.7662348E-13  2.0093234E-06  2.8363557E-07  4.7281225E-10  2.9812470E-06  9.6657339E-11  2.5780482E-06  3.891E-15  1.473E-05  1.553E-04  8.421E-01  2.367E+00  6.44E+02  5.35E+02  4.43E+02  0.869292  0.710264  0.0000000E+00  3.2049945493E+00
148  2.984844060584840E+06  118.504062  6.521945  4.587754  6.4633638E-01  3.5364082E-01  4.7703740E-07  3.9482565E-08  3.3150081E-06  4.0796230E-06  3.1697293E-09  7.7070383E-10  5.5668811E-07  1.3912212E-08  4.586E-10  0.4461  4.587754   -7.390  2.135420  8.297216  0.0000000E+00  9.9967022E-01  3.1820964E-04  3.4286667E-13  1.8892486E-06  3.0086322E-07  4.7059070E-10  2.9929627E-06  9.8888313E-11  2.7533822E-06  3.889E-15  1.470E-05  1.557E-04  8.428E-01  2.397E+00  6.43E+02  5.35E+02  4.41E+02  0.868176  0.710320  0.0000000E+00  3.2049913866E+00
149  2.984888357118430E+06  118.504060  6.521973  4.586872  6.4633218E-01  3.5364502E-01  4.7702786E-07  3.9482270E-08  3.3150616E-06  4.0795701E-06  3.1697472E-09  7.7068772E-10  5.5668087E-07  1.3912021E-08  4.586E-10  0.4453  4.586872   -7.394  2.139624  8.298473  0.0000000E+00  9.9964261E-01  3.4571490E-04  2.5612827E-13  1.7740085E-06  3.2200329E-07  4.6816545E-10  2.9928450E-06  1.0132600E-10  2.9356009E-06  3.888E-15  1.464E-05  1.564E-04  8.420E-01  2.372E+00  6.42E+02  5.34E+02  4.42E+02  0.869445  0.710366  0.0000000E+00  3.2049883754E+00
150  2.984932653652019E+06  118.504058  6.521996  4.585390  6.4632884E-01  3.5364836E-01  4.7702030E-07  3.9482037E-08  3.3151040E-06  4.0795281E-06  3.1697614E-09  7.7067497E-10  5.5667514E-07  1.3911870E-08  4.586E-10  0.4441  4.585390   -7.404  2.143555  8.299634  0.0000000E+00  9.9961311E-01  3.7511432E-04  1.9991554E-13  1.6619070E-06  3.4568341E-07  4.6560795E-10  2.9850446E-06  1.0389790E-10  3.1222892E-06  3.887E-15  1.457E-05  1.575E-04  8.404E-01  2.311E+00  6.40E+02  5.32E+02  4.43E+02  0.872262  0.710404  0.0000000E+00  3.2049854627E+00
151  2.984976950185609E+06  118.504056  6.522021  4.584339  6.4632505E-01  3.5365215E-01  4.7701167E-07  3.9481770E-08  3.3151525E-06  4.0794802E-06  3.1697777E-09  7.7066039E-10  5.5666859E-07  1.3911697E-08  4.586E-10  0.4431  4.584339   -7.407  2.147243  8.300713  0.0000000E+00  9.9958274E-01  4.0538555E-04  1.5210483E-13  1.5526588E-06  3.7085932E-07  4.6299726E-10  2.9732769E-06  1.0652510E-10  3.3093444E-06  3.886E-15  1.450E-05  1.585E-04  8.396E-01  2.297E+00  6.39E+02  5.31E+02  4.43E+02  0.873646  0.710445  0.0000000E+00  3.2049824214E+00
152  2.985021246719198E+06  118.504054  6.522050  4.584670  6.4631977E-01  3.5365743E-01  4.7699957E-07  3.9481396E-08  3.3152205E-06  4.0794129E-06  3.1698005E-09  7.7063996E-10  5.5665942E-07  1.3911454E-08  4.585E-10  0.4426  4.584670   -7.387  2.150151  8.301521  0.0000000E+00  9.9954957E-01  4.3846412E-04  1.3134923E-13  1.4525982E-06  4.0085183E-07  4.6021528E-10  2.9487341E-06  1.0933039E-10  3.4975808E-06  3.884E-15  1.445E-05  1.595E-04  8.414E-01  2.432E+00  6.39E+02  5.31E+02  4.41E+02  0.870419  0.710490  0.0000000E+00  3.2049789664E+00
153  2.985065543252788E+06  118.504052  6.522078  4.585001  6.4631450E-01  3.5366270E-01  4.7698746E-07  3.9481023E-08  3.3152884E-06  4.0793457E-06  3.1698233E-09  7.7061953E-10  5.5665024E-07  1.3911212E-08  4.585E-10  0.4422  4.585001   -7.367  2.153059  8.302330  0.0000000E+00  9.9951639E-01  4.7154269E-04  1.1059363E-13  1.3525376E-06  4.3084433E-07  4.5743331E-10  2.9241913E-06  1.1213568E-10  3.6858173E-06  3.883E-15  1.440E-05  1.605E-04  8.433E-01  2.566E+00  6.39E+02  5.31E+02  4.38E+02  0.867192  0.710535  0.0000000E+00  3.2049755113E+00
154  2.985109839786378E+06  118.504051  6.522109  4.584962  6.4630651E-01  3.5367069E-01  4.7696929E-07  3.9480461E-08  3.3153904E-06  4.0792448E-06  3.1698575E-09  7.7058884E-10  5.5663645E-07  1.3910848E-08  4.585E-10  0.4427  4.584962   -7.385  2.155142  8.302853  0.0000000E+00  9.9948150E-01  5.0636255E-04  1.0370811E-13  1.2648294E-06  4.6523672E-07  4.5457706E-10  2.8890426E-06  1.1502402E-10  3.8675875E-06  3.882E-15  1.435E-05  1.602E-04  8.444E-01  2.451E+00  6.39E+02  5.31E+02  4.37E+02  0.865376  0.710581  0.0000000E+00  3.2049725954E+00
155  2.985154136319967E+06  118.504049  6.522140  4.584865  6.4629811E-01  3.5367909E-01  4.7695019E-07  3.9479871E-08  3.3154976E-06  4.0791387E-06  3.1698935E-09  7.7055659E-10  5.5662196E-07  1.3910465E-08  4.585E-10  0.4434  4.584865   -7.410  2.157098  8.303332  0.0000000E+00  9.9944634E-01  5.4144818E-04  9.8939577E-14  1.1790065E-06  5.0030068E-07  4.5170948E-10  2.8522750E-06  1.1792503E-10  4.0483708E-06  3.880E-15  1.430E-05  1.598E-04  8.453E-01  2.299E+00  6.38E+02  5.31E+02  4.35E+02  0.863775  0.710627  0.0000000E+00  3.2049697618E+00
156  2.985198432853557E+06  118.504047  6.522161  4.584600  6.4628957E-01  3.5368763E-01  4.7693073E-07  3.9479270E-08  3.3156069E-06  4.0790306E-06  3.1699301E-09  7.7052373E-10  5.5660719E-07  1.3910075E-08  4.585E-10  0.4436  4.584600   -7.422  2.159992  8.304141  0.0000000E+00  9.9940780E-01  5.7990258E-04  9.7401867E-14  1.0969452E-06  5.4144777E-07  4.4863959E-10  2.8082726E-06  1.2103676E-10  4.2321035E-06  3.878E-15  1.424E-05  1.604E-04  8.459E-01  2.223E+00  6.38E+02  5.31E+02  4.34E+02  0.862833  0.710657  0.0000000E+00  3.2049669261E+00
157  2.985242729387147E+06  118.504045  6.522172  4.584164  6.4628087E-01  3.5369633E-01  4.7691090E-07  3.9478657E-08  3.3157182E-06  4.0789205E-06  3.1699675E-09  7.7049024E-10  5.5659215E-07  1.3909678E-08  4.584E-10  0.4432  4.584164   -7.423  2.163828  8.305282  0.0000000E+00  9.9936585E-01  6.2175010E-04  9.9118339E-14  1.0186725E-06  5.8872199E-07  4.4536591E-10  2.7569830E-06  1.2436073E-10  4.4188070E-06  3.876E-15  1.419E-05  1.619E-04  8.460E-01  2.224E+00  6.37E+02  5.30E+02  4.33E+02  0.862554  0.710672  0.0000000E+00  3.2049640883E+00
158  2.985287025920737E+06  118.504044  6.522183  4.583681  6.4627197E-01  3.5370523E-01  4.7689059E-07  3.9478029E-08  3.3158322E-06  4.0788077E-06  3.1700057E-09  7.7045595E-10  5.5657674E-07  1.3909271E-08  4.584E-10  0.4429  4.583681   -7.423  2.167524  8.306374  0.0000000E+00  9.9932329E-01  6.6419944E-04  1.0148559E-13  9.4177640E-07  6.3742397E-07  4.4206281E-10  2.7044601E-06  1.2771685E-10  4.6048548E-06  3.875E-15  1.414E-05  1.633E-04  8.460E-01  2.227E+00  6.37E+02  5.29E+02  4.33E+02  0.862411  0.710688  0.0000000E+00  3.2049612445E+00
159  2.985331322454326E+06  118.504042  6.522200  4.582884  6.4626163E-01  3.5371557E-01  4.7686704E-07  3.9477302E-08  3.3159645E-06  4.0786769E-06  3.1700500E-09  7.7041619E-10  5.5655887E-07  1.3908799E-08  4.584E-10  0.4427  4.582884   -7.422  2.170262  8.307138  0.0000000E+00  9.9927666E-01  7.1071896E-04  1.0825405E-13  8.7418962E-07  6.9578181E-07  4.3856080E-10  2.6435965E-06  1.3129047E-10  4.7864677E-06  3.873E-15  1.408E-05  1.639E-04  8.456E-01  2.239E+00  6.36E+02  5.28E+02  4.33E+02  0.863196  0.710708  0.0000000E+00  3.2049583596E+00
160  2.985375618987916E+06  118.504040  6.522216  4.582087  6.4625129E-01  3.5372591E-01  4.7684349E-07  3.9476574E-08  3.3160967E-06  4.0785461E-06  3.1700943E-09  7.7037643E-10  5.5654101E-07  1.3908328E-08  4.584E-10  0.4425  4.582087   -7.420  2.173000  8.307903  0.0000000E+00  9.9923002E-01  7.5723847E-04  1.1502250E-13  8.0660284E-07  7.5413964E-07  4.3505878E-10  2.5827328E-06  1.3486408E-10  4.9680806E-06  3.871E-15  1.402E-05  1.645E-04  8.452E-01  2.251E+00  6.34E+02  5.27E+02  4.32E+02  0.863981  0.710729  0.0000000E+00  3.2049554747E+00
161  2.985419915521506E+06  118.504039  6.522225  4.581357  6.4623797E-01  3.5373923E-01  4.7681317E-07  3.9475637E-08  3.3162669E-06  4.0783777E-06  3.1701514E-09  7.7032523E-10  5.5651800E-07  1.3907720E-08  4.584E-10  0.4421  4.581357   -7.417  2.174053  8.308077  0.0000000E+00  9.9918316E-01  8.0398178E-04  1.2315914E-13  7.4746883E-07  8.1583356E-07  4.3159701E-10  2.5198599E-06  1.3840903E-10  5.1388446E-06  3.868E-15  1.396E-05  1.646E-04  8.450E-01  2.276E+00  6.33E+02  5.26E+02  4.32E+02  0.864385  0.710738  0.0000000E+00  3.2049525030E+00
162  2.985464212055095E+06  118.504037  6.522232  4.580648  6.4622370E-01  3.5375350E-01  4.7678071E-07  3.9474634E-08  3.3164491E-06  4.0781974E-06  3.1702125E-09  7.7027042E-10  5.5649337E-07  1.3907070E-08  4.583E-10  0.4417  4.580648   -7.413  2.174571  8.308063  0.0000000E+00  9.9913623E-01  8.5079598E-04  1.3172918E-13  6.9101239E-07  8.7858425E-07  4.2814800E-10  2.4563504E-06  1.4194490E-10  5.3061720E-06  3.866E-15  1.390E-05  1.645E-04  8.448E-01  2.305E+00  6.33E+02  5.26E+02  4.31E+02  0.864670  0.710743  0.0000000E+00  3.2049495038E+00
163  2.985508508588685E+06  118.504035  6.522238  4.580318  6.4621141E-01  3.5376579E-01  4.7675275E-07  3.9473770E-08  3.3166061E-06  4.0780421E-06  3.1702651E-09  7.7022321E-10  5.5647216E-07  1.3906510E-08  4.583E-10  0.4413  4.580318   -7.411  2.176220  8.308449  0.0000000E+00  9.9908654E-01  9.0036216E-04  1.4061030E-13  6.3741374E-07  9.4809173E-07  4.2456567E-10  2.3901208E-06  1.4562376E-10  5.4723384E-06  3.864E-15  1.384E-05  1.648E-04  8.454E-01  2.323E+00  6.32E+02  5.25E+02  4.30E+02  0.863636  0.710748  0.0000000E+00  3.2049465082E+00
164  2.985552805122274E+06  118.504034  6.522243  4.580579  6.4620221E-01  3.5377499E-01  4.7673183E-07  3.9473123E-08  3.3167236E-06  4.0779259E-06  3.1703044E-09  7.7018789E-10  5.5645629E-07  1.3906090E-08  4.582E-10  0.4411  4.580579   -7.412  2.179638  8.309460  0.0000000E+00  9.9903256E-01  9.5423177E-04  1.4997787E-13  5.8828396E-07  1.0281651E-06  4.2077487E-10  2.3196376E-06  1.4952622E-10  5.6366894E-06  3.861E-15  1.379E-05  1.656E-04  8.471E-01  2.321E+00  6.32E+02  5.25E+02  4.27E+02  0.860541  0.710752  0.0000000E+00  3.2049435180E+00
165  2.985597101655864E+06  118.504032  6.522248  4.580860  6.4619314E-01  3.5378406E-01  4.7671121E-07  3.9472486E-08  3.3168394E-06  4.0778113E-06  3.1703433E-09  7.7015306E-10  5.5644064E-07  1.3905677E-08  4.582E-10  0.4409  4.580860   -7.414  2.183050  8.310469  0.0000000E+00  9.9897852E-01  1.0081685E-03  1.5940234E-13  5.3881627E-07  1.1079776E-06  4.1697402E-10  2.2488078E-06  1.5343848E-10  5.8019950E-06  3.859E-15  1.374E-05  1.663E-04  8.489E-01  2.317E+00  6.32E+02  5.25E+02  4.25E+02  0.857388  0.710758  0.0000000E+00  3.2049446164E+00
166  2.985641398189454E+06  118.504030  6.522265  4.582119  6.4619018E-01  3.5378702E-01  4.7670444E-07  3.9472276E-08  3.3168774E-06  4.0777738E-06  3.1703560E-09  7.7014163E-10  5.5643550E-07  1.3905541E-08  4.582E-10  0.4409  4.582119   -7.441  2.186152  8.311372  0.0000000E+00  9.9892129E-01  1.0652838E-03  1.7152236E-13  4.7333980E-07  1.1754271E-06  4.1269733E-10  2.1615559E-06  1.5781485E-10  6.0125266E-06  3.856E-15  1.372E-05  1.670E-04  8.520E-01  2.165E+00  6.33E+02  5.26E+02  4.22E+02  0.851519  0.710787  0.0000000E+00  3.2051394084E+00
167  2.985685694723044E+06  118.504029  6.522419  4.581756  6.4618970E-01  3.5378750E-01  4.7670333E-07  3.9472242E-08  3.3168836E-06  4.0777676E-06  3.1703581E-09  7.7013976E-10  5.5643466E-07  1.3905519E-08  4.582E-10  0.4440  4.581756   -7.458  2.187548  8.311381  0.0000000E+00  9.9887210E-01  1.1143674E-03  2.0209081E-13  4.2871764E-07  1.2354091E-06  4.0908392E-10  2.0830669E-06  1.6152377E-10  6.1793773E-06  3.854E-15  1.364E-05  1.670E-04  8.531E-01  2.062E+00  6.32E+02  5.25E+02  4.20E+02  0.849438  0.711039  0.0000000E+00  3.2051692796E+00
168  2.985729991256633E+06  118.504027  6.522411  4.581496  6.4618970E-01  3.5378750E-01  4.7670333E-07  3.9472242E-08  3.3168836E-06  4.0777676E-06  3.1703581E-09  7.7013976E-10  5.5643466E-07  1.3905519E-08  4.582E-10  0.4428  4.581496   -7.457  2.187018  8.310885  0.0000000E+00  9.9882004E-01  1.1663187E-03  2.1487831E-13  3.8263747E-07  1.3006513E-06  4.0527495E-10  2.0017135E-06  1.6543562E-10  6.3521013E-06  3.851E-15  1.357E-05  1.667E-04  8.539E-01  2.072E+00  6.31E+02  5.24E+02  4.18E+02  0.847991  0.711025  0.0000000E+00  3.2051667051E+00
169  2.985774287790223E+06  118.504026  6.522326  4.580465  6.4618970E-01  3.5378750E-01  4.7670333E-07  3.9472242E-08  3.3168836E-06  4.0777676E-06  3.1703581E-09  7.7013976E-10  5.5643466E-07  1.3905519E-08  4.582E-10  0.4394  4.580465   -7.456  2.180676  8.308463  0.0000000E+00  9.9877221E-01  1.2140356E-03  2.1592776E-13  3.3923093E-07  1.3616148E-06  4.0174904E-10  1.9259843E-06  1.6905444E-10  6.5137648E-06  3.849E-15  1.351E-05  1.632E-04  8.532E-01  2.085E+00  6.30E+02  5.23E+02  4.18E+02  0.849248  0.710887  0.0000000E+00  3.2051641308E+00
170  2.985818584323813E+06  118.504025  6.522302  4.579721  6.4618970E-01  3.5378750E-01  4.7670333E-07  3.9472242E-08  3.3168836E-06  4.0777676E-06  3.1703581E-09  7.7013976E-10  5.5643466E-07  1.3905519E-08  4.582E-10  0.4383  4.579721   -7.457  2.175763  8.306534  0.0000000E+00  9.9872802E-01  1.2581044E-03  2.1698448E-13  3.0239650E-07  1.4194860E-06  3.9850220E-10  1.8550673E-06  1.7238388E-10  6.6591810E-06  3.846E-15  1.343E-05  1.600E-04  8.534E-01  2.088E+00  6.29E+02  5.23E+02  4.17E+02  0.848856  0.710847  0.0000000E+00  3.2051615366E+00
171  2.985862880857402E+06  118.504023  6.522337  4.582216  6.4618970E-01  3.5378750E-01  4.7670333E-07  3.9472242E-08  3.3168836E-06  4.0777676E-06  3.1703581E-09  7.7013976E-10  5.5643466E-07  1.3905519E-08  4.581E-10  0.4415  4.582216   -7.443  2.188089  8.310656  0.0000000E+00  9.9867322E-01  1.3127491E-03  2.1977915E-13  2.6618815E-07  1.4935877E-06  3.9460009E-10  1.7723993E-06  1.7638713E-10  6.8180251E-06  3.844E-15  1.340E-05  1.663E-04  8.592E-01  2.179E+00  6.31E+02  5.25E+02  4.10E+02  0.837633  0.710905  0.0000000E+00  3.2051588095E+00
172  2.985907177390992E+06  118.504021  6.522226  4.581051  6.4618970E-01  3.5378750E-01  4.7670333E-07  3.9472242E-08  3.3168836E-06  4.0777676E-06  3.1703581E-09  7.7013976E-10  5.5643466E-07  1.3905519E-08  4.581E-10  0.4375  4.581051   -7.492  2.192559  8.312042  0.0000000E+00  9.9861279E-01  1.3730650E-03  2.3097160E-13  2.3298005E-07  1.5784838E-06  3.9038156E-10  1.6852274E-06  1.8073467E-10  6.9776863E-06  3.841E-15  1.334E-05  1.674E-04  8.583E-01  1.897E+00  6.30E+02  5.23E+02  4.11E+02  0.839469  0.710722  0.0000000E+00  3.2051566052E+00
173  2.985951473924581E+06  118.504019  6.522276  4.581212  6.4618970E-01  3.5378750E-01  4.7670333E-07  3.9472242E-08  3.3168836E-06  4.0777676E-06  3.1703581E-09  7.7013976E-10  5.5643466E-07  1.3905519E-08  4.581E-10  0.4386  4.581212   -7.476  2.196398  8.313211  0.0000000E+00  9.9854888E-01  1.4368838E-03  2.4549236E-13  2.0387663E-07  1.6719264E-06  3.8601123E-10  1.5978719E-06  1.8525544E-10  7.1311154E-06  3.838E-15  1.327E-05  1.682E-04  8.600E-01  1.993E+00  6.30E+02  5.23E+02  4.08E+02  0.836070  0.710805  0.0000000E+00  3.2051541537E+00
174  2.985995770458171E+06  118.504018  6.522234  4.581035  6.4618970E-01  3.5378750E-01  4.7670333E-07  3.9472242E-08  3.3168836E-06  4.0777676E-06  3.1703581E-09  7.7013976E-10  5.5643466E-07  1.3905519E-08  4.581E-10  0.4399  4.581035   -7.480  2.199423  8.314096  0.0000000E+00  9.9848170E-01  1.5039479E-03  2.6187900E-13  1.7778228E-07  1.7735168E-06  3.8149692E-10  1.5104712E-06  1.8993991E-10  7.2798758E-06  3.835E-15  1.321E-05  1.689E-04  8.611E-01  1.975E+00  6.29E+02  5.23E+02  4.06E+02  0.833914  0.710737  0.0000000E+00  3.2051517890E+00
175  2.986040066991761E+06  118.504017  6.522198  4.580935  6.4618970E-01  3.5378750E-01  4.7670333E-07  3.9472242E-08  3.3168836E-06  4.0777676E-06  3.1703581E-09  7.7013976E-10  5.5643466E-07  1.3905519E-08  4.581E-10  0.4406  4.580935   -7.486  2.202530  8.315014  0.0000000E+00  9.9841075E-01  1.5747335E-03  2.7970297E-13  1.5445580E-07  1.8845391E-06  3.7681968E-10  1.4233361E-06  1.9480922E-10  7.4239667E-06  3.832E-15  1.314E-05  1.696E-04  8.623E-01  1.943E+00  6.29E+02  5.23E+02  4.05E+02  0.831423  0.710678  0.0000000E+00  3.2051494631E+00
176  2.986084363525351E+06  118.504015  6.522196  4.581053  6.4618970E-01  3.5378750E-01  4.7670333E-07  3.9472242E-08  3.3168836E-06  4.0777676E-06  3.1703581E-09  7.7013976E-10  5.5643466E-07  1.3905519E-08  4.580E-10  0.4410  4.581053   -7.490  2.205918  8.316035  0.0000000E+00  9.9833575E-01  1.6495522E-03  2.9901638E-13  1.3370158E-07  2.0060806E-06  3.7197146E-10  1.3369075E-06  1.9987432E-10  7.5631558E-06  3.828E-15  1.308E-05  1.704E-04  8.639E-01  1.933E+00  6.29E+02  5.23E+02  4.02E+02  0.828099  0.710675  0.0000000E+00  3.2051471623E+00
177  2.986128660058940E+06  118.504014  6.522188  4.581159  6.4618970E-01  3.5378750E-01  4.7670333E-07  3.9472242E-08  3.3168836E-06  4.0777676E-06  3.1703581E-09  7.7013976E-10  5.5643466E-07  1.3905519E-08  4.580E-10  0.4416  4.581159   -7.497  2.209253  8.317041  0.0000000E+00  9.9825659E-01  1.7285379E-03  3.2008997E-13  1.1532023E-07  2.1389850E-06  3.6695440E-10  1.2516856E-06  2.0513628E-10  7.6971442E-06  3.824E-15  1.302E-05  1.711E-04  8.654E-01  1.899E+00  6.28E+02  5.22E+02  4.00E+02  0.824936  0.710662  0.0000000E+00  3.2051449190E+00
178  2.986172956592530E+06  118.504013  6.522185  4.581128  6.4618970E-01  3.5378750E-01  4.7670332E-07  3.9472242E-08  3.3168836E-06  4.0777676E-06  3.1703581E-09  7.7013976E-10  5.5643466E-07  1.3905519E-08  4.580E-10  0.4422  4.581128   -7.502  2.212531  8.318032  0.0000000E+00  9.9817311E-01  1.8118656E-03  3.4300601E-13  9.9143165E-08  2.2842974E-06  3.6176966E-10  1.1681644E-06  2.1059738E-10  7.8255926E-06  3.820E-15  1.296E-05  1.720E-04  8.665E-01  1.875E+00  6.28E+02  5.22E+02  3.97E+02  0.822543  0.710656  0.0000000E+00  3.2051427179E+00
179  2.986217253126120E+06  118.504011  6.522180  4.580815  6.4618970E-01  3.5378750E-01  4.7670332E-07  3.9472242E-08  3.3168836E-06  4.0777675E-06  3.1703581E-09  7.7013975E-10  5.5643466E-07  1.3905519E-08  4.580E-10  0.4412  4.580815   -7.505  2.215556  8.318939  0.0000000E+00  9.9808454E-01  1.9002703E-03  3.6810774E-13  8.5319604E-08  2.4452886E-06  3.5640711E-10  1.0874587E-06  2.1627769E-10  7.9469021E-06  3.816E-15  1.290E-05  1.727E-04  8.672E-01  1.864E+00  6.27E+02  5.21E+02  3.96E+02  0.821120  0.710648  0.0000000E+00  3.2051405415E+00
180  2.986261549659709E+06  118.504010  6.522190  4.580829  6.4618970E-01  3.5378750E-01  4.7670332E-07  3.9472242E-08  3.3168837E-06  4.0777675E-06  3.1703581E-09  7.7013975E-10  5.5643466E-07  1.3905519E-08  4.579E-10  0.4426  4.580829   -7.507  2.218442  8.319799  0.0000000E+00  9.9799268E-01  1.9919655E-03  3.9612979E-13  7.1682954E-08  2.6090722E-06  3.5081686E-10  1.0036158E-06  2.2219986E-10  8.0717510E-06  3.811E-15  1.283E-05  1.733E-04  8.686E-01  1.859E+00  6.27E+02  5.21E+02  3.93E+02  0.818073  0.710665  0.0000000E+00  3.2051383724E+00
181  2.986305846193299E+06  118.504008  6.522152  4.580642  6.4618970E-01  3.5378750E-01  4.7670332E-07  3.9472242E-08  3.3168837E-06  4.0777675E-06  3.1703581E-09  7.7013974E-10  5.5643466E-07  1.3905519E-08  4.579E-10  0.4405  4.580642   -7.513  2.220998  8.320548  0.0000000E+00  9.9789688E-01  2.0874973E-03  4.2532233E-13  5.9816782E-08  2.7840712E-06  3.4508604E-10  9.2222888E-07  2.2829443E-10  8.1908118E-06  3.805E-15  1.276E-05  1.739E-04  8.699E-01  1.831E+00  6.27E+02  5.21E+02  3.91E+02  0.815300  0.710602  0.0000000E+00  3.2051362510E+00
182  2.986350142726889E+06  118.504007  6.522153  4.580373  6.4618970E-01  3.5378750E-01  4.7670331E-07  3.9472241E-08  3.3168837E-06  4.0777675E-06  3.1703581E-09  7.7013973E-10  5.5643465E-07  1.3905519E-08  4.579E-10  0.4430  4.580373   -7.517  2.223386  8.321241  0.0000000E+00  9.9780524E-01  2.1789973E-03  4.6573371E-13  5.3352817E-08  2.9597403E-06  3.3976176E-10  8.5301455E-07  2.3399585E-10  8.2863937E-06  3.801E-15  1.268E-05  1.745E-04  8.709E-01  1.819E+00  6.26E+02  5.20E+02  3.90E+02  0.813105  0.710605  0.0000000E+00  3.2051341539E+00
183  2.986394439260479E+06  118.504006  6.522128  4.580148  6.4618970E-01  3.5378750E-01  4.7670330E-07  3.9472241E-08  3.3168838E-06  4.0777674E-06  3.1703581E-09  7.7013972E-10  5.5643464E-07  1.3905518E-08  4.579E-10  0.4413  4.580148   -7.519  2.224106  8.321351  0.0000000E+00  9.9770499E-01  2.2790033E-03  4.9084380E-13  4.4458602E-08  3.1557843E-06  3.3399141E-10  7.8113707E-07  2.4019040E-10  8.3891377E-06  3.796E-15  1.261E-05  1.747E-04  8.720E-01  1.809E+00  6.25E+02  5.20E+02  3.88E+02  0.810580  0.710561  0.0000000E+00  3.2051320774E+00
184  2.986438735794068E+06  118.504004  6.522096  4.579997  6.4618970E-01  3.5378750E-01  4.7670329E-07  3.9472241E-08  3.3168838E-06  4.0777673E-06  3.1703581E-09  7.7013969E-10  5.5643463E-07  1.3905518E-08  4.579E-10  0.4437  4.579997   -7.524  2.224890  8.321483  0.0000000E+00  9.9760696E-01  2.3768241E-03  5.2524846E-13  3.8533041E-08  3.3549931E-06  3.2847255E-10  7.1710432E-07  2.4614420E-10  8.4775731E-06  3.791E-15  1.254E-05  1.746E-04  8.732E-01  1.792E+00  6.25E+02  5.20E+02  3.86E+02  0.807804  0.710510  0.0000000E+00  3.2051300329E+00
185  2.986483032327658E+06  118.504003  6.522098  4.579843  6.4618970E-01  3.5378750E-01  4.7670327E-07  3.9472240E-08  3.3168839E-06  4.0777672E-06  3.1703582E-09  7.7013966E-10  5.5643462E-07  1.3905518E-08  4.579E-10  0.4446  4.579843   -7.528  2.227309  8.322194  0.0000000E+00  9.9750379E-01  2.4797678E-03  5.5754178E-13  3.3130085E-08  3.5713988E-06  3.2278712E-10  6.5595333E-07  2.5230737E-10  8.5616735E-06  3.785E-15  1.247E-05  1.752E-04  8.743E-01  1.775E+00  6.25E+02  5.19E+02  3.84E+02  0.805477  0.710513  0.0000000E+00  3.2051280204E+00
186  2.986527328861247E+06  118.504002  6.522121  4.579565  6.4618968E-01  3.5378752E-01  4.7670325E-07  3.9472240E-08  3.3168840E-06  4.0777672E-06  3.1703582E-09  7.7013963E-10  5.5643461E-07  1.3905518E-08  4.578E-10  0.4431  4.579565   -7.531  2.229772  8.322923  0.0000000E+00  9.9739621E-01  2.5870680E-03  5.9189755E-13  2.8455194E-08  3.8044833E-06  3.1699508E-10  5.9844902E-07  2.5862490E-10  8.6401699E-06  3.779E-15  1.242E-05  1.757E-04  8.750E-01  1.763E+00  6.24E+02  5.19E+02  3.82E+02  0.803726  0.710552  0.0000000E+00  3.2051260297E+00
187  2.986571625394837E+06  118.504001  6.522038  4.579171  6.4618960E-01  3.5378760E-01  4.7670322E-07  3.9472239E-08  3.3168842E-06  4.0777670E-06  3.1703582E-09  7.7013958E-10  5.5643458E-07  1.3905517E-08  4.578E-10  0.4444  4.579171   -7.533  2.231925  8.323547  0.0000000E+00  9.9728494E-01  2.6980867E-03  6.2897340E-13  2.4497426E-08  4.0537164E-06  3.1113808E-10  5.4483090E-07  2.6505554E-10  8.7127826E-06  3.773E-15  1.234E-05  1.762E-04  8.758E-01  1.756E+00  6.23E+02  5.18E+02  3.81E+02  0.801846  0.710416  0.0000000E+00  3.2051240519E+00
188  2.986615921928427E+06  118.503999  6.522034  4.578733  6.4618960E-01  3.5378760E-01  4.7670318E-07  3.9472237E-08  3.3168845E-06  4.0777667E-06  3.1703583E-09  7.7013950E-10  5.5643455E-07  1.3905516E-08  4.578E-10  0.4451  4.578733   -7.536  2.234097  8.324180  0.0000000E+00  9.9716981E-01  2.8129887E-03  6.6853117E-13  2.1149843E-08  4.3202635E-06  3.0521708E-10  4.9497270E-07  2.7160148E-10  8.7798338E-06  3.766E-15  1.226E-05  1.767E-04  8.767E-01  1.748E+00  6.23E+02  5.18E+02  3.78E+02  0.799965  0.710409  0.0000000E+00  3.2051220927E+00
189  2.986660218462016E+06  118.503998  6.522023  4.578864  6.4618960E-01  3.5378760E-01  4.7670313E-07  3.9472236E-08  3.3168847E-06  4.0777665E-06  3.1703584E-09  7.7013943E-10  5.5643452E-07  1.3905515E-08  4.578E-10  0.4455  4.578864   -7.540  2.236287  8.324824  0.0000000E+00  9.9705089E-01  2.9316183E-03  7.1205822E-13  1.7999669E-08  4.5972515E-06  2.9914874E-10  4.4621670E-07  2.7832880E-10  8.8452213E-06  3.760E-15  1.220E-05  1.772E-04  8.783E-01  1.734E+00  6.22E+02  5.17E+02  3.76E+02  0.796030  0.710391  0.0000000E+00  3.2051201506E+00
190  2.986704514995606E+06  118.503997  6.521995  4.578935  6.4618960E-01  3.5378760E-01  4.7670311E-07  3.9472235E-08  3.3168848E-06  4.0777664E-06  3.1703585E-09  7.7013940E-10  5.5643450E-07  1.3905515E-08  4.578E-10  0.4443  4.578935   -7.548  2.238463  8.325467  0.0000000E+00  9.9693970E-01  3.0425337E-03  8.1523011E-13  2.1308674E-08  4.8568610E-06  2.9354984E-10  4.0496085E-07  2.8455953E-10  8.8911331E-06  3.754E-15  1.206E-05  1.777E-04  8.812E-01  1.699E+00  6.22E+02  5.17E+02  3.71E+02  0.789096  0.710346  0.0000000E+00  3.2051182686E+00
191  2.987127613766522E+06  118.503985  6.521913  4.577546  6.4618930E-01  3.5378791E-01  4.7670240E-07  3.9472214E-08  3.3168888E-06  4.0777625E-06  3.1703598E-09  7.7013820E-10  5.5643396E-07  1.3905501E-08  4.576E-10  0.4488  4.577546   -7.586  2.254451  8.330102  0.0000000E+00  9.9559239E-01  4.3860840E-03  1.3856582E-12  7.4446422E-09  8.5101914E-06  2.3316906E-10  1.2484037E-07  3.5444849E-10  9.2625783E-06  3.672E-15  1.132E-05  1.814E-04  8.933E-01  1.566E+00  6.17E+02  5.13E+02  3.49E+02  0.758019  0.710211  0.0000000E+00  3.2051019986E+00
192  2.987489844027506E+06  118.503976  6.521987  4.572176  6.4618860E-01  3.5378860E-01  4.7670091E-07  3.9472167E-08  3.3168972E-06  4.0777541E-06  3.1703626E-09  7.7013568E-10  5.5643283E-07  1.3905471E-08  4.574E-10  0.4524  4.572176   -7.608  2.263142  8.332520  0.0000000E+00  9.9424509E-01  5.7287035E-03  2.1831318E-12  7.6694371E-09  1.3150589E-05  1.8558063E-10  5.0186055E-08  4.1481738E-10  9.3585255E-06  3.587E-15  1.062E-05  1.832E-04  8.990E-01  1.516E+00  6.08E+02  5.06E+02  3.35E+02  0.742284  0.710331  0.0000000E+00  3.2050892792E+00
193  2.987838820705486E+06  118.503967  6.522283  4.564511  6.4618750E-01  3.5378975E-01  4.7669834E-07  3.9472088E-08  3.3169116E-06  4.0777398E-06  3.1703675E-09  7.7013133E-10  5.5643088E-07  1.3905419E-08  4.572E-10  0.4517  4.564511   -7.624  2.265226  8.332719  0.0000000E+00  9.9289779E-01  7.0703565E-03  4.6136206E-12  1.5024103E-08  1.8823419E-05  1.4816244E-10  3.4202969E-08  4.6783156E-10  9.3702796E-06  3.499E-15  9.964E-06  1.832E-04  9.011E-01  1.504E+00  5.97E+02  4.96E+02  3.25E+02  0.736150  0.710815  0.0000000E+00  3.2050775751E+00
194  2.988163840259111E+06  118.503960  6.522647  4.558817  6.4618598E-01  3.5379131E-01  4.7669480E-07  3.9471978E-08  3.3169315E-06  4.0777202E-06  3.1703741E-09  7.7012536E-10  5.5642820E-07  1.3905348E-08  4.571E-10  0.4544  4.558817   -7.650  2.271888  8.334633  0.0000000E+00  9.9155048E-01  8.4109933E-03  5.9028228E-12  9.1344379E-09  2.5470518E-05  1.1817121E-10  2.3674347E-08  5.1604813E-10  9.3955407E-06  3.409E-15  9.241E-06  1.847E-04  9.079E-01  1.447E+00  5.88E+02  4.88E+02  3.09E+02  0.715688  0.711412  0.0000000E+00  3.2050674184E+00
195  2.988462047268215E+06  118.503954  6.523335  4.550773  6.4618394E-01  3.5379326E-01  4.7669018E-07  3.9471836E-08  3.3169575E-06  4.0776945E-06  3.1703828E-09  7.7011756E-10  5.5642469E-07  1.3905256E-08  4.570E-10  0.4568  4.550773   -7.670  2.276167  8.335832  0.0000000E+00  9.9020317E-01  9.7507473E-03  5.3060486E-12  3.2118556E-09  3.2999240E-05  9.3791362E-11  1.3491506E-08  5.6084778E-10  9.4198960E-06  3.318E-15  8.588E-06  1.856E-04  9.110E-01  1.428E+00  5.76E+02  4.77E+02  2.98E+02  0.706226  0.712538  0.0000000E+00  3.2050586195E+00
196  2.988752222543657E+06  118.503948  6.524337  4.541670  6.4618113E-01  3.5379607E-01  4.7668379E-07  3.9471638E-08  3.3169933E-06  4.0776590E-06  3.1703948E-09  7.7010677E-10  5.5641984E-07  1.3905128E-08  4.569E-10  0.4567  4.541670   -7.692  2.279129  8.336638  0.0000000E+00  9.8885587E-01  1.1089546E-02  1.1577077E-11  7.2645424E-09  4.1560631E-05  7.4949321E-11  1.1893042E-08  6.0298765E-10  9.4175609E-06  3.227E-15  7.928E-06  1.862E-04  9.136E-01  1.413E+00  5.64E+02  4.65E+02  2.87E+02  0.697500  0.714184  0.0000000E+00  3.2050504178E+00
197  2.989034535585948E+06  118.503942  6.525499  4.530799  6.4617689E-01  3.5380031E-01  4.7667411E-07  3.9471339E-08  3.3170477E-06  4.0776052E-06  3.1704130E-09  7.7009042E-10  5.5641249E-07  1.3904934E-08  4.567E-10  0.4594  4.530799   -7.714  2.281224  8.337186  0.0000000E+00  9.8750856E-01  1.2427286E-02  1.8215539E-11  8.3537568E-09  5.1128983E-05  6.0110855E-11  1.1867594E-08  6.4412721E-10  9.4176409E-06  3.134E-15  7.349E-06  1.865E-04  9.134E-01  1.418E+00  5.49E+02  4.51E+02  2.80E+02  0.698222  0.716096  0.0000000E+00  3.2050427054E+00
198  2.989311839092260E+06  118.503937  6.526723  4.519570  6.4617257E-01  3.5380463E-01  4.7666438E-07  3.9471038E-08  3.3171023E-06  4.0775512E-06  3.1704313E-09  7.7007400E-10  5.5640511E-07  1.3904739E-08  4.566E-10  0.4571  4.519570   -7.738  2.282906  8.337620  0.0000000E+00  9.8616126E-01  1.3764039E-02  1.7523052E-11  5.8446662E-09  6.1676478E-05  4.8277857E-11  1.2409395E-08  6.8623728E-10  9.4224452E-06  3.037E-15  6.810E-06  1.868E-04  9.128E-01  1.428E+00  5.35E+02  4.37E+02  2.73E+02  0.700173  0.718114  0.0000000E+00  3.2050353135E+00
199  2.989582397859709E+06  118.503932  6.527927  4.508363  6.4616788E-01  3.5380933E-01  4.7665376E-07  3.9470710E-08  3.3171619E-06  4.0774922E-06  3.1704512E-09  7.7005607E-10  5.5639706E-07  1.3904526E-08  4.565E-10  0.4606  4.508363   -7.763  2.284342  8.337991  0.0000000E+00  9.8481396E-01  1.5099830E-02  1.5116226E-11  3.3914857E-09  7.3195877E-05  3.8682548E-11  9.6644793E-09  7.2738262E-10  9.4310156E-06  2.942E-15  6.321E-06  1.870E-04  9.119E-01  1.439E+00  5.21E+02  4.25E+02  2.68E+02  0.703093  0.720106  0.0000000E+00  3.2050282906E+00
200  2.989846849680069E+06  118.503928  6.529080  4.498407  6.4616299E-01  3.5381421E-01  4.7664264E-07  3.9470366E-08  3.3172243E-06  4.0774305E-06  3.1704721E-09  7.7003730E-10  5.5638862E-07  1.3904303E-08  4.564E-10  0.4617  4.498407   -7.791  2.285587  8.338314  0.0000000E+00  9.8346665E-01  1.6434599E-02  1.6056770E-11  2.6125777E-09  8.5684116E-05  3.0895379E-11  6.3509144E-09  7.6651818E-10  9.4375046E-06  2.853E-15  5.882E-06  1.872E-04  9.122E-01  1.443E+00  5.09E+02  4.13E+02  2.61E+02  0.702399  0.722018  0.0000000E+00  3.2050216353E+00
201  2.990113035455102E+06  118.503924  6.530199  4.487252  6.4615788E-01  3.5381932E-01  4.7663102E-07  3.9470006E-08  3.3172896E-06  4.0773659E-06  3.1704940E-09  7.7001766E-10  5.5637979E-07  1.3904070E-08  4.562E-10  0.4609  4.487252   -7.820  2.286646  8.338585  0.0000000E+00  9.8211934E-01  1.7768299E-02  2.1034703E-11  3.3583945E-09  9.9271551E-05  2.5065974E-11  7.2774859E-09  8.0824321E-10  9.4362621E-06  2.763E-15  5.479E-06  1.874E-04  9.107E-01  1.458E+00  4.96E+02  4.01E+02  2.57E+02  0.706943  0.723878  0.0000000E+00  3.2050152001E+00
202  2.990374089312449E+06  118.503920  6.531251  4.476314  6.4615276E-01  3.5382444E-01  4.7661932E-07  3.9469645E-08  3.3173553E-06  4.0773010E-06  3.1705160E-09  7.6999792E-10  5.5637092E-07  1.3903836E-08  4.561E-10  0.4631  4.476314   -7.852  2.287647  8.338851  0.0000000E+00  9.8077204E-01  1.9101063E-02  2.1207727E-11  2.6346370E-09  1.1382294E-04  2.0236156E-11  5.8944877E-09  8.4906561E-10  9.4400356E-06  2.676E-15  5.115E-06  1.876E-04  9.091E-01  1.476E+00  4.83E+02  3.89E+02  2.52E+02  0.711920  0.725632  0.0000000E+00  3.2050091076E+00
203  2.990639816444360E+06  118.503916  6.532274  4.464971  6.4614736E-01  3.5382984E-01  4.7660706E-07  3.9469265E-08  3.3174241E-06  4.0772328E-06  3.1705390E-09  7.6997721E-10  5.5636161E-07  1.3903590E-08  4.560E-10  0.4613  4.464971   -7.886  2.288448  8.339058  0.0000000E+00  9.7942474E-01  2.0432618E-02  3.5318963E-11  4.6958478E-09  1.2955311E-04  1.6893059E-11  8.1110327E-09  8.9430967E-10  9.4349435E-06  2.590E-15  4.781E-06  1.876E-04  9.068E-01  1.500E+00  4.71E+02  3.78E+02  2.49E+02  0.719026  0.727339  0.0000000E+00  3.2050031304E+00
204  2.990901294907686E+06  118.503913  6.533240  4.453372  6.4613292E-01  3.5384428E-01  4.7657408E-07  3.9468246E-08  3.3176093E-06  4.0770496E-06  3.1706010E-09  7.6992152E-10  5.5633659E-07  1.3902929E-08  4.559E-10  0.4639  4.453372   -7.922  2.289230  8.339266  0.0000000E+00  9.7807743E-01  2.1763256E-02  2.8306147E-11  2.9510543E-09  1.4624080E-04  1.3972638E-11  7.3920361E-09  9.4060540E-10  9.4393201E-06  2.503E-15  4.473E-06  1.877E-04  9.039E-01  1.533E+00  4.59E+02  3.67E+02  2.46E+02  0.727815  0.728953  0.0000000E+00  3.2049974699E+00
205  2.991159823893026E+06  118.503910  6.534147  4.442061  6.4611759E-01  3.5385962E-01  4.7653934E-07  3.9467171E-08  3.3178044E-06  4.0768565E-06  3.1706661E-09  7.6986287E-10  5.5631022E-07  1.3902233E-08  4.558E-10  0.4619  4.442061   -7.958  2.289945  8.339459  0.0000000E+00  9.7673013E-01  2.3092896E-02  3.1600741E-11  2.9746215E-09  1.6392245E-04  1.1568082E-11  6.1192212E-09  9.8492928E-10  9.4415110E-06  2.423E-15  4.198E-06  1.878E-04  9.007E-01  1.570E+00  4.47E+02  3.57E+02  2.44E+02  0.737349  0.730472  0.0000000E+00  3.2049920817E+00
206  2.991412055814571E+06  118.503907  6.534991  4.431158  6.4609637E-01  3.5388093E-01  4.7649099E-07  3.9465673E-08  3.3180760E-06  4.0765877E-06  3.1707566E-09  7.6978121E-10  5.5627350E-07  1.3901263E-08  4.557E-10  0.4620  4.431158   -7.996  2.290660  8.339660  0.0000000E+00  9.7538282E-01  2.4421611E-02  1.8103878E-11  9.2520395E-10  1.8248910E-04  9.3473643E-12  4.1643208E-09  1.0278526E-09  9.4476878E-06  2.344E-15  3.948E-06  1.880E-04  8.976E-01  1.605E+00  4.37E+02  3.47E+02  2.42E+02  0.746207  0.731884  0.0000000E+00  3.2049870414E+00
207  2.991671367241938E+06  118.503905  6.535821  4.419751  6.4607151E-01  3.5390575E-01  4.7643462E-07  3.9463925E-08  3.3183927E-06  4.0762744E-06  3.1708620E-09  7.6968602E-10  5.5623069E-07  1.3900133E-08  4.555E-10  0.4650  4.419751   -8.036  2.291278  8.339836  0.0000000E+00  9.7403551E-01  2.5749154E-02  3.1688496E-11  2.3503726E-09  2.0226607E-04  8.0115615E-12  5.3094310E-09  1.0747211E-09  9.4445903E-06  2.273E-15  3.710E-06  1.881E-04  8.938E-01  1.653E+00  4.26E+02  3.38E+02  2.40E+02  0.756733  0.733271  0.0000000E+00  3.2049820932E+00
208  2.991923093065624E+06  118.503903  6.536593  4.408324  6.4604412E-01  3.5393311E-01  4.7637245E-07  3.9461999E-08  3.3187420E-06  4.0759286E-06  3.1709784E-09  7.6958102E-10  5.5618346E-07  1.3898886E-08  4.554E-10  0.4657  4.408324   -8.076  2.291851  8.340000  0.0000000E+00  9.7268821E-01  2.7075855E-02  2.8257100E-11  1.7047502E-09  2.2289577E-04  6.5952270E-12  3.7275148E-09  1.1187694E-09  9.4479765E-06  2.202E-15  3.495E-06  1.882E-04  8.893E-01  1.716E+00  4.15E+02  3.28E+02  2.39E+02  0.768774  0.734563  0.0000000E+00  3.2049774939E+00
209  2.992173633390310E+06  118.503901  6.537329  4.396539  6.4601510E-01  3.5396210E-01  4.7630674E-07  3.9459962E-08  3.3191111E-06  4.0755633E-06  3.1711012E-09  7.6947006E-10  5.5613355E-07  1.3897567E-08  4.553E-10  0.4662  4.396539   -8.117  2.292375  8.340151  0.0000000E+00  9.7134091E-01  2.8401447E-02  2.8166504E-11  1.5287944E-09  2.4455216E-04  5.4590533E-12  3.0147582E-09  1.1628666E-09  9.4495012E-06  2.135E-15  3.296E-06  1.882E-04  8.837E-01  1.797E+00  4.05E+02  3.19E+02  2.39E+02  0.782803  0.735797  0.0000000E+00  3.2049731035E+00
210  2.992424858998806E+06  118.503899  6.538039  4.383807  6.4598550E-01  3.5399170E-01  4.7623944E-07  3.9457876E-08  3.3194892E-06  4.0751891E-06  3.1712270E-09  7.6935641E-10  5.5608244E-07  1.3896218E-08  4.552E-10  0.4664  4.383807   -8.157  2.292853  8.340292  0.0000000E+00  9.6999360E-01  2.9726041E-02  3.8305922E-11  2.4366942E-09  2.6729535E-04  4.6332592E-12  2.7327591E-09  1.2075339E-09  9.4487518E-06  2.073E-15  3.110E-06  1.883E-04  8.762E-01  1.914E+00  3.94E+02  3.10E+02  2.40E+02  0.801017  0.736987  0.0000000E+00  3.2049688478E+00
211  2.994133989562746E+06  118.498027  6.542303  4.390638  6.4426461E-01  3.5571279E-01  4.7233901E-07  3.9336866E-08  3.3414058E-06  4.0534937E-06  3.1785033E-09  7.6276912E-10  5.5311876E-07  1.3817961E-08  4.538E-10  0.4689  4.390638   -8.374  2.295466  8.341112  0.0000000E+00  9.6085061E-01  3.8686368E-02  3.4961811E-11  1.1990138E-09  4.4995480E-04  2.0750581E-12  2.2055793E-09  1.5580189E-09  9.4524808E-06  1.688E-15  1.005E-06  1.888E-04  9.881E-01  1.044E+00  3.84E+02  2.97E+02  7.24E+01  0.279493  0.743518  0.0000000E+00  3.1537822857E+00
212  2.995793444820256E+06  118.498022  6.545656  4.332384  6.4408878E-01  3.5588862E-01  4.7194145E-07  3.9324506E-08  3.3436407E-06  4.0512805E-06  3.1792414E-09  7.6209761E-10  5.5281643E-07  1.3809979E-08  4.530E-10  0.4705  4.332384   -8.720  2.297581  8.341839  0.0000000E+00  9.5170762E-01  4.7599277E-02  2.6122893E-11  6.7381430E-11  6.8001135E-04  6.3382911E-13  1.8641528E-10  1.9412747E-09  9.4560622E-06  1.378E-15  7.694E-07  1.892E-04  9.843E-01  1.060E+00  3.35E+02  2.57E+02  7.28E+01  0.320627  0.749200  0.0000000E+00  3.1537784325E+00
213  2.997483162067052E+06  118.497971  6.548556  4.271214  6.4398049E-01  3.5599690E-01  4.7169685E-07  3.9316896E-08  3.3450160E-06  4.0499186E-06  3.1796950E-09  7.6168445E-10  5.5263038E-07  1.3805066E-08  4.522E-10  0.4697  4.271214   -7.201  2.299204  8.342449  0.0000000E+00  9.4256463E-01  5.6459873E-02  4.8419240E-11  1.3005548E-09  9.6240913E-04  9.7857837E-13  1.7496352E-09  2.4201256E-09  9.4506723E-06  1.154E-15  5.667E-07  1.896E-04  9.799E-01  1.166E+00  2.91E+02  2.21E+02  7.14E+01  0.360551  0.754170  0.0000000E+00  3.1537211905E+00
214  2.999184889520664E+06  118.497869  6.550998  4.207226  6.4390803E-01  3.5606937E-01  4.7153320E-07  3.9311804E-08  3.3459361E-06  4.0490074E-06  3.1799982E-09  7.6140802E-10  5.5250589E-07  1.3801780E-08  4.515E-10  0.4745  4.207226   -7.242  2.300689  8.343033  0.0000000E+00  9.3342165E-01  6.5267581E-02  3.9709209E-11  3.3127616E-10  1.2976538E-03  9.5093251E-13  6.9619563E-10  3.0231247E-09  9.4512934E-06  9.839E-16  4.096E-07  1.899E-04  9.744E-01  1.225E+00  2.51E+02  1.89E+02  6.97E+01  0.404923  0.758392  0.0000000E+00  3.1535812982E+00
215  3.000824981283557E+06  118.497779  6.552940  4.144226  6.4386091E-01  3.5611645E-01  4.7142689E-07  3.9308495E-08  3.3465339E-06  4.0484153E-06  3.1801952E-09  7.6122844E-10  5.5242501E-07  1.3799645E-08  4.507E-10  0.4734  4.144226   -7.281  2.302172  8.343605  0.0000000E+00  9.2427866E-01  7.4028149E-02  4.0126398E-11  3.0682175E-11  1.6800930E-03  2.6140679E-13  7.2774861E-11  3.7309578E-09  9.4491613E-06  8.019E-16  2.942E-07  1.903E-04  9.682E-01  1.298E+00  2.18E+02  1.62E+02  6.72E+01  0.448153  0.761768  0.0000000E+00  3.1534203739E+00
216  3.002460333659625E+06  118.497698  6.554494  4.083538  6.4382841E-01  3.5614899E-01  4.7135347E-07  3.9306211E-08  3.3469467E-06  4.0480064E-06  3.1803311E-09  7.6110442E-10  5.5236915E-07  1.3798170E-08  4.500E-10  0.4743  4.083538   -7.322  2.303580  8.344148  0.0000000E+00  9.1513567E-01  8.2735311E-02  4.4525547E-11  2.3949431E-11  2.1159316E-03  1.4808881E-13  5.4927720E-11  4.6065776E-09  9.4453025E-06  6.535E-16  2.063E-07  1.907E-04  9.637E-01  1.359E+00  1.89E+02  1.40E+02  6.25E+01  0.476987  0.764483  0.0000000E+00  3.1532341255E+00
217  3.004111152817513E+06  118.497611  6.555722  4.023024  6.4368121E-01  3.5629619E-01  4.7102120E-07  3.9295867E-08  3.3488151E-06  4.0461559E-06  3.1809463E-09  7.6054315E-10  5.5211635E-07  1.3791496E-08  4.492E-10  0.4753  4.023024   -7.255  2.305012  8.344698  0.0000000E+00  9.0599268E-01  9.1387284E-02  4.8819575E-11  2.1443496E-11  2.6069097E-03  1.3805209E-13  4.4092970E-11  5.6864463E-09  9.4409826E-06  5.328E-16  1.509E-07  1.911E-04  9.550E-01  1.831E+00  1.65E+02  1.22E+02  6.07E+01  0.526300  0.766573  0.0000000E+00  3.1529809815E+00
218  3.005782075627068E+06  118.497520  6.556667  3.973732  6.4360710E-01  3.5637030E-01  4.7085397E-07  3.9290661E-08  3.3497555E-06  4.0452245E-06  3.1812558E-09  7.6026066E-10  5.5198911E-07  1.3788136E-08  4.485E-10  0.4758  3.973732   -7.310  2.306467  8.345254  0.0000000E+00  8.9684969E-01  9.9982140E-02  5.3113305E-11  2.3925374E-11  3.1550441E-03  1.5407930E-13  5.3425669E-11  7.0112218E-09  9.4362360E-06  4.358E-16  1.056E-07  1.915E-04  9.563E-01  1.808E+00  1.47E+02  1.08E+02  5.34E+01  0.519429  0.768217  0.0000000E+00  3.1526657354E+00
219  3.007459259095850E+06  118.497437  6.557357  3.934515  6.4354500E-01  3.5643230E-01  4.7071389E-07  3.9286299E-08  3.3505432E-06  4.0444443E-06  3.1815150E-09  7.6002403E-10  5.5188253E-07  1.3785322E-08  4.477E-10  0.4737  3.934515   -7.317  2.307926  8.345809  0.0000000E+00  8.8770670E-01  1.0851888E-01  5.8188941E-11  8.1728501E-11  3.7613009E-03  1.8668766E-13  1.1509741E-10  8.6213676E-09  9.4310067E-06  3.603E-16  7.517E-08  1.919E-04  9.619E-01  1.664E+00  1.34E+02  9.82E+01  4.54E+01  0.487993  0.769408  0.0000000E+00  3.1523661876E+00
220  3.009117968773623E+06  118.497364  6.557847  3.906961  6.4346198E-01  3.5651539E-01  4.7052654E-07  3.9280466E-08  3.3515967E-06  4.0434008E-06  3.1818616E-09  7.5970757E-10  5.5173997E-07  1.3781559E-08  4.470E-10  0.4736  3.906961   -7.387  2.309425  8.346372  0.0000000E+00  8.7856371E-01  1.1699847E-01  6.0715413E-11  1.0176947E-11  4.4247283E-03  1.7493430E-13  2.1588228E-11  1.0552226E-08  9.4258291E-06  2.966E-16  5.647E-08  1.923E-04  9.685E-01  1.510E+00  1.26E+02  9.17E+01  3.86E+01  0.446829  0.770239  0.0000000E+00  3.1521058346E+00
221  3.010772852612013E+06  118.490968  6.558192  3.901893  6.4333906E-01  3.5663834E-01  4.7024918E-07  3.9271828E-08  3.3531565E-06  4.0418559E-06  3.1823747E-09  7.5923904E-10  5.5152892E-07  1.3775986E-08  4.462E-10  0.4742  3.901893   -7.508  2.310880  8.346914  0.0000000E+00  8.6942073E-01  1.2541873E-01  6.5023172E-11  3.6811951E-11  5.1474203E-03  1.7582227E-13  5.8159320E-11  1.2855059E-08  9.4200105E-06  2.431E-16  3.341E-08  1.927E-04  9.882E-01  1.155E+00  1.23E+02  8.99E+01  2.32E+01  0.279457  0.770836  0.0000000E+00  3.1334175840E+00
222  3.012435945524708E+06  118.467561  6.558376  3.900384  6.4312843E-01  3.5684904E-01  4.6977381E-07  3.9257025E-08  3.3558297E-06  4.0392080E-06  3.1832541E-09  7.5843603E-10  5.5116719E-07  1.3766436E-08  4.455E-10  0.4749  3.900384   -7.563  2.312399  8.347473  0.0000000E+00  8.6027774E-01  1.3377714E-01  6.9026660E-11  5.6010139E-11  5.9320023E-03  1.8659429E-13  7.7577490E-11  1.5590334E-08  9.4139270E-06  2.005E-16  1.236E-08  1.930E-04  9.983E-01  1.020E+00  1.23E+02  8.92E+01  8.64E+00  0.105622  0.771215  0.0000000E+00  3.0985318449E+00
223  3.014634468665889E+06  118.344233  6.558426  3.900047  6.4293223E-01  3.5704524E-01  4.6933113E-07  3.9243240E-08  3.3583192E-06  4.0367422E-06  3.1840729E-09  7.5768822E-10  5.5083033E-07  1.3757543E-08  4.444E-10  0.4820  3.900047   -7.571  2.313075  8.347831  0.0000000E+00  8.5113475E-01  1.4194925E-01  1.9922456E-10  2.5918512E-10  6.9028443E-03  2.9629736E-12  8.3001404E-09  1.9504559E-08  9.3999238E-06  4.846E-16  3.552E-09  1.928E-04  9.999E-01  1.002E+00  1.22E+02  8.86E+01  2.50E+00  0.030791  0.772016  0.0000000E+00  3.0465653644E+00
224  3.016414882853714E+06  118.218570  6.558491  3.899886  6.4283174E-01  3.5714566E-01  4.6910463E-07  3.9236184E-08  3.3595931E-06  4.0354804E-06  3.1844915E-09  7.5730561E-10  5.5065796E-07  1.3752992E-08  4.436E-10  0.4782  3.899886   -7.570  2.314992  8.348532  0.0000000E+00  8.4199176E-01  1.5016630E-01  9.2280303E-11  6.2576768E-11  7.8288135E-03  7.4058290E-13  5.2578390E-10  2.3425580E-08  9.4034870E-06  4.300E-16  3.303E-09  1.933E-04  9.999E-01  1.001E+00  1.22E+02  8.83E+01  2.33E+00  0.028628  0.772904  0.0000000E+00  3.0179735035E+00
225  3.018140226961115E+06  118.113387  6.558555  3.900718  6.4224030E-01  3.5773718E-01  4.6777716E-07  3.9194663E-08  3.3670654E-06  4.0280740E-06  3.1869223E-09  7.5506259E-10  5.4964607E-07  1.3726282E-08  4.427E-10  0.4794  3.900718   -7.568  2.316787  8.349157  0.0000000E+00  8.3284877E-01  1.5833072E-01  7.9102345E-11  2.2057959E-12  8.8074076E-03  2.5004958E-13  5.0416582E-12  2.7906203E-08  9.3973604E-06  3.588E-16  3.394E-09  1.937E-04  9.999E-01  1.001E+00  1.22E+02  8.84E+01  2.38E+00  0.029287  0.773429  0.0000000E+00  2.9941133609E+00
226  3.019844301352904E+06  118.061219  6.558640  3.900646  6.4150832E-01  3.5846918E-01  4.6613701E-07  3.9143297E-08  3.3763004E-06  4.0189184E-06  3.1899166E-09  7.5229104E-10  5.4839522E-07  1.3693265E-08  4.417E-10  0.4795  3.900646   -7.568  2.318486  8.349756  0.0000000E+00  8.2370578E-01  1.6643237E-01  8.1435356E-11  1.8828805E-12  9.8486827E-03  1.8110567E-13  3.6703151E-12  3.3076518E-08  9.3900866E-06  2.920E-16  3.237E-09  1.941E-04  9.999E-01  1.001E+00  1.22E+02  8.84E+01  2.27E+00  0.027888  0.773577  0.0000000E+00  2.9792194622E+00
227  3.021538279258170E+06  118.002257  6.558689  3.900403  6.4080641E-01  3.5917119E-01  4.6456605E-07  3.9094048E-08  3.3851477E-06  4.0101458E-06  3.1927779E-09  7.4963624E-10  5.4719666E-07  1.3661630E-08  4.407E-10  0.4793  3.900403   -7.568  2.320163  8.350351  0.0000000E+00  8.1456279E-01  1.7446519E-01  8.3019928E-11  1.5174908E-12  1.0958845E-02  1.7369738E-13  2.8444807E-12  3.9052752E-08  9.3825049E-06  2.374E-16  3.464E-09  1.946E-04  9.999E-01  1.001E+00  1.22E+02  8.82E+01  2.44E+00  0.029995  0.773719  0.0000000E+00  2.9659802334E+00
228  3.023236757303632E+06  117.949497  6.558662  3.901039  6.4018248E-01  3.5979512E-01  4.6317263E-07  3.9050290E-08  3.3929982E-06  4.0023595E-06  3.1953056E-09  7.4728122E-10  5.4613283E-07  1.3633552E-08  4.398E-10  0.4798  3.901039   -4.867  2.321858  8.350954  0.0000000E+00  8.0541981E-01  1.8242810E-01  8.8766958E-11  1.0439117E-12  1.2138948E-02  1.7303720E-13  1.8941150E-12  4.5924965E-08  9.3746135E-06  1.927E-16  2.998E-09  1.950E-04  9.999E-01  1.001E+00  1.22E+02  8.85E+01  2.09E+00  0.025614  0.773725  0.0000000E+00  2.9536812976E+00
229  3.024931145675481E+06  117.892503  6.558765  3.900615  6.3945431E-01  3.6052337E-01  4.6155090E-07  3.8999245E-08  3.4021395E-06  3.9932895E-06  3.1982313E-09  7.4453997E-10  5.4489356E-07  1.3600848E-08  4.388E-10  0.4805  3.900615   -7.567  2.323564  8.351563  0.0000000E+00  7.9627682E-01  1.9031875E-01  8.9122667E-11  9.3877650E-13  1.3391266E-02  1.7215121E-13  1.7203799E-12  5.3811034E-08  9.3663967E-06  1.562E-16  3.200E-09  1.954E-04  9.999E-01  1.001E+00  1.22E+02  8.83E+01  2.24E+00  0.027576  0.773938  0.0000000E+00  2.9412086144E+00
230  3.026620775927224E+06  117.832411  6.558745  3.900715  6.3885751E-01  3.6112019E-01  4.6022377E-07  3.8957419E-08  3.4096224E-06  3.9858635E-06  3.2006182E-09  7.4229650E-10  5.4387891E-07  1.3574073E-08  4.379E-10  0.4813  3.900715   -5.650  2.325209  8.352148  0.0000000E+00  7.8713383E-01  1.9813667E-01  9.5863910E-11  5.3291769E-13  1.4716310E-02  1.7127097E-13  1.1569163E-12  6.2810351E-08  9.3578562E-06  1.264E-16  2.630E-09  1.959E-04  9.999E-01  1.001E+00  1.22E+02  8.84E+01  1.83E+00  0.022535  0.774015  0.0000000E+00  2.9290339157E+00
231  3.028326408553530E+06  117.750279  6.558804  3.900400  6.3816625E-01  3.6181148E-01  4.5868725E-07  3.8908981E-08  3.4182864E-06  3.9772650E-06  3.2033798E-09  7.3969903E-10  5.4270403E-07  1.3543070E-08  4.369E-10  0.4819  3.900400   -6.502  2.326942  8.352761  0.0000000E+00  7.7799084E-01  2.0587932E-01  9.6494565E-11  5.7946963E-13  1.6116659E-02  1.6965553E-13  9.8967576E-13  7.3058785E-08  9.3489750E-06  1.020E-16  2.691E-09  1.963E-04  9.999E-01  1.001E+00  1.22E+02  8.82E+01  1.88E+00  0.023121  0.774333  0.0000000E+00  2.9150443559E+00
232  3.030043911166776E+06  117.663936  6.558849  3.900510  6.3735226E-01  3.6262554E-01  4.5688360E-07  3.8851976E-08  3.4284625E-06  3.9671616E-06  3.2066015E-09  7.3664949E-10  5.4132348E-07  1.3506644E-08  4.358E-10  0.4828  3.900510   -7.566  2.328681  8.353381  0.0000000E+00  7.6884785E-01  2.1354291E-01  9.8080714E-11  4.6574613E-13  1.7596051E-02  1.6720148E-13  8.1172734E-13  8.4739271E-08  9.3397365E-06  8.230E-17  2.895E-09  1.968E-04  9.999E-01  1.001E+00  1.22E+02  8.81E+01  2.02E+00  0.024881  0.774596  0.0000000E+00  2.8988824242E+00
233  3.031856251456900E+06  117.573050  6.558898  3.900428  6.3645034E-01  3.6352748E-01  4.5489365E-07  3.8788861E-08  3.4396984E-06  3.9559996E-06  3.2101254E-09  7.3328424E-10  5.3979820E-07  1.3466403E-08  4.347E-10  0.4789  3.900428   -6.844  2.330308  8.353980  0.0000000E+00  7.5970486E-01  2.2111623E-01  1.0126260E-10  2.9405694E-12  1.9165655E-02  1.6691895E-13  4.8647298E-12  9.8159050E-08  9.3300942E-06  6.805E-17  3.008E-09  1.972E-04  9.999E-01  1.001E+00  1.22E+02  8.80E+01  2.10E+00  0.025888  0.774856  0.0000000E+00  2.8812517270E+00
234  3.033815558503335E+06  117.457418  6.558945  3.900180  6.3569380E-01  3.6428410E-01  4.5322527E-07  3.8735925E-08  3.4491193E-06  3.9466400E-06  3.2130770E-09  7.3046275E-10  5.3851921E-07  1.3432662E-08  4.336E-10  0.4795  3.900180   -7.565  2.331913  8.354596  0.0000000E+00  7.5056187E-01  2.2856420E-01  1.2425422E-10  1.0909157E-11  2.0860683E-02  2.6114914E-13  3.2859885E-10  1.1397158E-07  9.3198016E-06  8.523E-17  2.497E-09  1.976E-04  9.999E-01  1.001E+00  1.22E+02  8.79E+01  1.75E+00  0.021516  0.775344  0.0000000E+00  2.8613535670E+00
235  3.035767141398931E+06  117.337880  6.559017  3.900533  6.3467570E-01  3.6530230E-01  4.5100545E-07  3.8664842E-08  3.4616798E-06  3.9341422E-06  3.2169135E-09  7.2670654E-10  5.3681115E-07  1.3387618E-08  4.324E-10  0.4846  3.900533   -7.563  2.333610  8.355235  0.0000000E+00  7.4141889E-01  2.3591003E-01  1.0852652E-10  2.4097489E-13  2.2657834E-02  2.3047120E-13  5.5331757E-12  1.3197282E-07  9.3102311E-06  1.238E-16  3.016E-09  1.980E-04  9.999E-01  1.001E+00  1.22E+02  8.78E+01  2.11E+00  0.025976  0.775779  0.0000000E+00  2.8409639354E+00
236  3.037555495508275E+06  117.256539  6.559076  3.900462  6.3342520E-01  3.6655287E-01  4.4831291E-07  3.8577751E-08  3.4769495E-06  3.9189232E-06  3.2214446E-09  7.2214762E-10  5.3473087E-07  1.3332781E-08  4.312E-10  0.4893  3.900462   -5.114  2.335307  8.355839  0.0000000E+00  7.3227590E-01  2.4323743E-01  1.3310371E-10  1.0041104E-10  2.4473368E-02  2.0978661E-13  6.3286320E-10  1.5125958E-07  9.2985673E-06  1.061E-16  2.878E-09  1.984E-04  9.999E-01  1.001E+00  1.22E+02  8.77E+01  2.02E+00  0.024792  0.775830  0.0000000E+00  2.8247622530E+00
237  3.039337913539748E+06  117.178542  6.559154  3.900792  6.3201037E-01  3.6796783E-01  4.4529798E-07  3.8479422E-08  3.4940795E-06  3.9018261E-06  3.2264028E-09  7.1704018E-10  5.3239357E-07  1.3271191E-08  4.299E-10  0.4881  3.900792   -7.110  2.337221  8.356519  0.0000000E+00  7.2313291E-01  2.5047953E-01  1.2201347E-10  3.1891799E-12  2.6374258E-02  1.8173799E-13  1.2602337E-10  1.7292427E-07  9.2881506E-06  8.953E-17  2.843E-09  1.989E-04  9.999E-01  1.001E+00  1.22E+02  8.77E+01  1.98E+00  0.024453  0.775811  0.0000000E+00  2.8097266114E+00
238  3.041094739876977E+06  117.097368  6.559233  3.900212  6.3077930E-01  3.6919899E-01  4.4268328E-07  3.8393927E-08  3.5089443E-06  3.8869833E-06  3.2306715E-09  7.1261003E-10  5.3036437E-07  1.3217726E-08  4.287E-10  0.4891  3.900212   -7.563  2.339123  8.357190  0.0000000E+00  7.1398992E-01  2.5763943E-01  1.1924678E-10  7.7020913E-14  2.8357285E-02  1.4712863E-13  1.0357770E-12  1.9712713E-07  9.2766501E-06  7.090E-17  2.556E-09  1.994E-04  9.999E-01  1.001E+00  1.22E+02  8.76E+01  1.79E+00  0.022064  0.775905  0.0000000E+00  2.7943987706E+00
239  3.042864910536361E+06  116.988822  6.559227  3.900853  6.2963086E-01  3.7034744E-01  4.4024471E-07  3.8314174E-08  3.5228082E-06  3.8731392E-06  3.2346503E-09  7.0847826E-10  5.2847171E-07  1.3167859E-08  4.275E-10  0.4888  3.900853   -5.740  2.340977  8.357847  0.0000000E+00  7.0484693E-01  2.6470824E-01  1.1895046E-10  7.7867434E-14  3.0431481E-02  1.4178760E-13  5.2875920E-13  2.2424200E-07  9.2645387E-06  5.655E-17  2.206E-09  1.999E-04  9.999E-01  1.001E+00  1.22E+02  8.75E+01  1.54E+00  0.019008  0.776068  0.0000000E+00  2.7772143358E+00
240  3.044628873620470E+06  116.878494  6.559285  3.901165  6.2831826E-01  3.7166014E-01  4.3747827E-07  3.8223164E-08  3.5385574E-06  3.8573967E-06  3.2390875E-09  7.0378919E-10  5.2631931E-07  1.3111162E-08  4.262E-10  0.4902  3.901165   -3.817  2.342786  8.358489  0.0000000E+00  6.9570394E-01  2.7168224E-01  1.2128658E-10  1.8356220E-13  3.2600376E-02  1.3501531E-13  7.3373818E-13  2.5464203E-07  9.2519374E-06  4.444E-17  2.712E-09  2.004E-04  9.999E-01  1.001E+00  1.22E+02  8.76E+01  1.89E+00  0.023272  0.776277  0.0000000E+00  2.7589824509E+00
241  3.046479319975842E+06  116.769681  6.559362  3.900899  6.2706767E-01  3.7291079E-01  4.3485560E-07  3.8136541E-08  3.5535016E-06  3.8424487E-06  3.2432451E-09  6.9934271E-10  5.2427541E-07  1.3057333E-08  4.249E-10  0.4896  3.900899   -6.255  2.344630  8.359153  0.0000000E+00  6.8656095E-01  2.7854199E-01  1.3054877E-10  6.1384652E-13  3.4883588E-02  1.4903813E-13  2.0210762E-11  2.8905655E-07  9.2388223E-06  4.259E-17  2.416E-09  2.009E-04  9.999E-01  1.001E+00  1.22E+02  8.75E+01  1.69E+00  0.020798  0.776543  0.0000000E+00  2.7393987051E+00
242  3.048299040827800E+06  116.632193  6.559413  3.900737  6.2609472E-01  3.7388378E-01  4.3281689E-07  3.8069160E-08  3.5651201E-06  3.8308258E-06  3.2464703E-09  6.9588613E-10  5.2268616E-07  1.3015479E-08  4.238E-10  0.4916  3.900737   -6.949  2.346541  8.359828  0.0000000E+00  6.7741797E-01  2.8530744E-01  1.3308855E-10  1.2849952E-12  3.7261137E-02  1.4823308E-13  6.1087344E-11  3.2737861E-07  9.2251534E-06  3.925E-17  2.254E-09  2.014E-04  9.999E-01  1.001E+00  1.21E+02  8.72E+01  1.57E+00  0.019459  0.777083  0.0000000E+00  2.7175348961E+00
243  3.050088435263727E+06  116.474496  6.559403  3.900787  6.2545384E-01  3.7452466E-01  4.3147586E-07  3.8024793E-08  3.5727645E-06  3.8231772E-06  3.2485853E-09  6.9361229E-10  5.2164032E-07  1.2987937E-08  4.228E-10  0.4928  3.900787   -3.830  2.348525  8.360523  0.0000000E+00  6.6827498E-01  2.9198295E-01  1.3062135E-10  3.0861827E-14  3.9728581E-02  1.2022298E-13  7.1004202E-14  3.6985955E-07  9.2110548E-06  3.101E-17  2.072E-09  2.019E-04  1.000E+00  1.001E+00  1.21E+02  8.70E+01  1.45E+00  0.017918  0.777812  0.0000000E+00  2.6942386778E+00
244  3.051874812819644E+06  116.314362  6.559486  3.899312  6.2504919E-01  3.7492941E-01  4.3063264E-07  3.7996801E-08  3.5775748E-06  3.8183613E-06  3.2499013E-09  6.9218223E-10  5.2098177E-07  1.2970598E-08  4.219E-10  0.4939  3.899312   -6.247  2.350544  8.361234  0.0000000E+00  6.5913199E-01  2.9855626E-01  1.3386729E-10  3.7215182E-14  4.2298132E-02  1.1279443E-13  5.6225355E-14  4.1721235E-07  9.1963038E-06  2.386E-17  1.957E-09  2.025E-04  1.000E+00  1.000E+00  1.21E+02  8.64E+01  1.38E+00  0.017101  0.778838  0.0000000E+00  2.6719763635E+00
245  3.053664491279289E+06  116.146003  6.559520  3.898774  6.2481515E-01  3.7516345E-01  4.3014675E-07  3.7980630E-08  3.5803482E-06  3.8155835E-06  3.2506536E-09  6.9135808E-10  5.2060190E-07  1.2960596E-08  4.211E-10  0.4949  3.898774   -5.498  2.352499  8.361922  0.0000000E+00  6.4998900E-01  3.0502288E-01  1.3718877E-10  7.4266658E-13  4.4974484E-02  1.0706407E-13  8.3022303E-13  4.7000699E-07  9.1809470E-06  1.826E-17  1.680E-09  2.030E-04  1.000E+00  1.000E+00  1.20E+02  8.59E+01  1.19E+00  0.014821  0.779916  0.0000000E+00  2.6511194650E+00
246  3.055512799350323E+06  115.965667  6.559608  3.898971  6.2468724E-01  3.7529139E-01  4.2988171E-07  3.7971793E-08  3.5818617E-06  3.8140670E-06  3.2510616E-09  6.9090844E-10  5.2039452E-07  1.2955137E-08  4.203E-10  0.4966  3.898971   -6.686  2.354480  8.362626  0.0000000E+00  6.4084601E-01  3.1136626E-01  1.4070061E-10  5.3857286E-12  4.7774061E-02  1.0302264E-13  4.5664206E-12  5.2928944E-07  9.1649269E-06  1.698E-17  1.460E-09  2.035E-04  1.000E+00  1.000E+00  1.20E+02  8.56E+01  1.04E+00  0.012882  0.781225  0.0000000E+00  2.6322195470E+00
247  3.057576478489561E+06  115.847135  6.559847  3.900204  6.2266548E-01  3.7731324E-01  4.2580962E-07  3.7833029E-08  3.6052329E-06  3.7905584E-06  3.2568893E-09  6.8399072E-10  5.1717855E-07  1.2870560E-08  4.185E-10  0.4951  3.900204   -7.555  2.356087  8.363234  0.0000000E+00  6.3170302E-01  3.1748756E-01  1.9131157E-10  8.0793090E-11  5.0795674E-02  2.2409980E-13  8.9307324E-10  5.9924107E-07  9.1468869E-06  4.781E-17  3.299E-09  2.040E-04  9.999E-01  1.001E+00  1.21E+02  8.57E+01  2.32E+00  0.028893  0.781482  0.0000000E+00  2.6173486812E+00
248  3.059475215456214E+06  115.795809  6.559944  3.900331  6.2120020E-01  3.7877860E-01  4.2286785E-07  3.7732534E-08  3.6221266E-06  3.7735577E-06  3.2610622E-09  6.7899238E-10  5.1485278E-07  1.2809401E-08  4.171E-10  0.5002  3.900331   -7.555  2.358371  8.364044  0.0000000E+00  6.2256003E-01  3.2357896E-01  1.5438388E-10  2.7967386E-12  5.3847173E-02  1.1414524E-13  4.7492598E-11  6.7362180E-07  9.1306437E-06  4.588E-17  2.053E-09  2.046E-04  1.000E+00  1.001E+00  1.21E+02  8.58E+01  1.44E+00  0.017882  0.781295  0.0000000E+00  2.6083429081E+00
249  3.061599944575748E+06  115.736410  6.560058  3.900390  6.1930053E-01  3.8067844E-01  4.1905620E-07  3.7602265E-08  3.6440180E-06  3.7515258E-06  3.2664604E-09  6.7251587E-10  5.1183870E-07  1.2730144E-08  4.154E-10  0.4971  3.900390   -6.386  2.360400  8.364797  0.0000000E+00  6.1341705E-01  3.2940150E-01  1.5687756E-10  1.0135380E-14  5.7167505E-02  1.0834170E-13  1.3947379E-13  7.6214641E-07  9.1124439E-06  8.426E-17  2.601E-09  2.051E-04  9.999E-01  1.001E+00  1.21E+02  8.60E+01  1.82E+00  0.022595  0.780987  0.0000000E+00  2.6007875263E+00
250  3.063456501428352E+06  115.693440  6.560107  3.900731  6.1763403E-01  3.8234506E-01  4.1571309E-07  3.7487991E-08  3.6632192E-06  3.7322009E-06  3.2711925E-09  6.6683540E-10  5.0919493E-07  1.2660625E-08  4.140E-10  0.4996  3.900731   -7.278  2.362474  8.365525  0.0000000E+00  6.0427406E-01  3.3528922E-01  1.5718908E-10  1.1033282E-14  6.0422681E-02  7.9863307E-14  1.8626628E-13  8.5287159E-07  9.0936057E-06  6.276E-17  2.173E-09  2.057E-04  9.999E-01  1.001E+00  1.21E+02  8.61E+01  1.52E+00  0.018888  0.780559  0.0000000E+00  2.5928504657E+00
251  3.065349479551625E+06  115.619982  6.560226  3.900103  6.1625319E-01  3.8372591E-01  4.1294349E-07  3.7393310E-08  3.6791268E-06  3.7161904E-06  3.2751111E-09  6.6212938E-10  5.0700460E-07  1.2603030E-08  4.126E-10  0.5003  3.900103   -7.554  2.364559  8.366264  0.0000000E+00  5.9513107E-01  3.4103460E-01  1.5912770E-10  3.3022851E-13  6.3820175E-02  8.0059388E-14  3.7305028E-12  9.5440720E-07  9.0739469E-06  5.136E-17  2.124E-09  2.062E-04  9.999E-01  1.001E+00  1.21E+02  8.59E+01  1.50E+00  0.018555  0.780604  0.0000000E+00  2.5841691695E+00
252  3.067333901992785E+06  115.537485  6.560212  3.900968  6.1491607E-01  3.8506310E-01  4.1026176E-07  3.7301630E-08  3.6945299E-06  3.7006876E-06  3.2789049E-09  6.5757265E-10  5.0488372E-07  1.2547261E-08  4.112E-10  0.5021  3.900968   -6.359  2.366525  8.366971  0.0000000E+00  5.8598808E-01  3.4658691E-01  1.9601139E-10  1.2111576E-11  6.7410697E-02  1.3226805E-13  2.5180677E-10  1.0701735E-06  9.0530769E-06  6.237E-17  1.608E-09  2.068E-04  1.000E+00  1.000E+00  1.21E+02  8.59E+01  1.13E+00  0.014056  0.780489  0.0000000E+00  2.5733163983E+00
253  3.069343620254212E+06  115.432778  6.560288  3.900425  6.1369474E-01  3.8628456E-01  4.0781268E-07  3.7217888E-08  3.7085972E-06  3.6865287E-06  3.2823673E-09  6.5341118E-10  5.0294668E-07  1.2496327E-08  4.099E-10  0.4901  3.900425   -7.552  2.368778  8.367774  0.0000000E+00  5.7684509E-01  3.5198418E-01  1.7443111E-10  1.2686907E-14  7.1156314E-02  7.4767026E-14  4.8758359E-12  1.1996741E-06  9.0319680E-06  7.098E-17  1.733E-09  2.074E-04  1.000E+00  1.000E+00  1.21E+02  8.58E+01  1.22E+00  0.015175  0.780743  0.0000000E+00  2.5604266519E+00
254  3.071498596641381E+06  115.284664  6.560341  3.900185  6.1260268E-01  3.8737662E-01  4.0562363E-07  3.7143020E-08  3.7211717E-06  3.6738718E-06  3.2854595E-09  6.4969152E-10  5.0121514E-07  1.2450796E-08  4.086E-10  0.5040  3.900185   -6.118  2.370804  8.368514  0.0000000E+00  5.6770210E-01  3.5710780E-01  1.9742636E-10  3.1505250E-10  7.5175522E-02  1.0803126E-13  1.0319607E-10  1.3504987E-06  9.0092736E-06  1.178E-16  1.898E-09  2.078E-04  1.000E+00  1.000E+00  1.21E+02  8.57E+01  1.33E+00  0.016552  0.781312  0.0000000E+00  2.5430840450E+00
255  3.073484751684564E+06  115.116137  6.560321  3.900775  6.1198119E-01  3.8799814E-01  4.0437844E-07  3.7100416E-08  3.7283250E-06  3.6666712E-06  3.2872160E-09  6.4757561E-10  5.0023003E-07  1.2424894E-08  4.075E-10  0.4999  3.900775   -4.945  2.373099  8.369318  0.0000000E+00  5.5855911E-01  3.6225372E-01  1.7017816E-10  5.5081079E-12  7.9172429E-02  5.7481546E-14  5.5763281E-12  1.5091405E-06  8.9867354E-06  1.034E-16  1.591E-09  2.085E-04  1.000E+00  1.000E+00  1.20E+02  8.53E+01  1.12E+00  0.013953  0.782118  0.0000000E+00  2.5241953257E+00
256  3.075437479749246E+06  114.940728  6.560413  3.899582  6.1165643E-01  3.8832297E-01  4.0372956E-07  3.7078165E-08  3.7320546E-06  3.6629153E-06  3.2881237E-09  6.4647284E-10  4.9971618E-07  1.2411384E-08  4.066E-10  0.5044  3.899582   -7.474  2.375337  8.370097  0.0000000E+00  5.4941613E-01  3.6729750E-01  1.8889266E-10  8.4551591E-11  8.3271428E-02  7.4095205E-14  1.2132933E-10  1.6830813E-06  8.9622100E-06  8.412E-17  1.558E-09  2.091E-04  1.000E+00  1.000E+00  1.20E+02  8.48E+01  1.10E+00  0.013801  0.783319  0.0000000E+00  2.5051078880E+00
257  3.077402280948564E+06  114.760120  6.560455  3.900013  6.1149724E-01  3.8848216E-01  4.0341354E-07  3.7067278E-08  3.7338730E-06  3.6610825E-06  3.2885584E-09  6.4593558E-10  4.9946541E-07  1.2404793E-08  4.058E-10  0.5081  3.900013   -5.701  2.377656  8.370907  0.0000000E+00  5.4027314E-01  3.7218901E-01  1.8952758E-10  1.2690516E-10  8.7522756E-02  6.1436511E-14  7.2976921E-11  1.8765126E-06  8.9368527E-06  6.999E-17  1.336E-09  2.097E-04  1.000E+00  1.000E+00  1.20E+02  8.47E+01  9.40E-01  0.011736  0.784552  0.0000000E+00  2.4875022073E+00
258  3.079380089078302E+06  114.595714  6.560643  3.900132  6.1118720E-01  3.8879220E-01  4.0281252E-07  3.7046196E-08  3.7373460E-06  3.6575702E-06  3.2893280E-09  6.4491262E-10  4.9898471E-07  1.2392168E-08  4.049E-10  0.5076  3.900132   -7.548  2.379931  8.371701  0.0000000E+00  5.3113015E-01  3.7692330E-01  2.1697391E-10  3.2341498E-10  9.1931193E-02  8.4021717E-14  2.2971003E-10  2.0917601E-06  8.9098633E-06  6.246E-17  1.668E-09  2.103E-04  1.000E+00  1.000E+00  1.20E+02  8.42E+01  1.18E+00  0.014721  0.785866  0.0000000E+00  2.4732075492E+00
259  3.081500906006886E+06  114.528971  6.560802  3.900189  6.0917595E-01  3.9080355E-01  3.9893677E-07  3.6909609E-08  3.7597670E-06  3.6348751E-06  3.2941952E-09  6.3831380E-10  4.9587842E-07  1.2310604E-08  4.031E-10  0.4900  3.900189   -7.547  2.382069  8.372460  0.0000000E+00  5.2198716E-01  3.8134979E-01  2.8282723E-10  1.0972215E-10  9.6647446E-02  1.6616446E-13  6.8074951E-10  2.3420120E-06  8.8823886E-06  9.802E-17  1.848E-09  2.109E-04  1.000E+00  1.000E+00  1.20E+02  8.45E+01  1.30E+00  0.016192  0.785629  0.0000000E+00  2.4636023899E+00
260  3.083537536956286E+06  114.453670  6.560890  3.900476  6.0779791E-01  3.9218169E-01  3.9628193E-07  3.6816028E-08  3.7751260E-06  3.6193278E-06  3.2975261E-09  6.3379361E-10  4.9375044E-07  1.2254730E-08  4.017E-10  0.5109  3.900476   -7.546  2.384667  8.373366  0.0000000E+00  5.1284417E-01  3.8572268E-01  2.0050873E-10  9.3949253E-12  1.0141726E-01  7.2319798E-14  6.8164664E-11  2.6114880E-06  8.8544821E-06  8.901E-17  1.517E-09  2.116E-04  1.000E+00  1.000E+00  1.20E+02  8.42E+01  1.07E+00  0.013390  0.785631  0.0000000E+00  2.4553661258E+00
261  3.085535335252351E+06  114.383244  6.560934  3.900973  6.0650905E-01  3.9347062E-01  3.9379944E-07  3.6728512E-08  3.7894882E-06  3.6047891E-06  3.3006391E-09  6.2956686E-10  4.9176051E-07  1.2202480E-08  4.003E-10  0.5119  3.900973   -4.906  2.387097  8.374210  0.0000000E+00  5.0370118E-01  3.8998206E-01  2.1597749E-10  9.3874848E-11  1.0630062E-01  5.9384306E-14  1.0392316E-10  2.9067099E-06  8.8239816E-06  7.090E-17  1.498E-09  2.122E-04  1.000E+00  1.000E+00  1.20E+02  8.44E+01  1.06E+00  0.013168  0.785566  0.0000000E+00  2.4475980808E+00
262  3.087574464974217E+06  114.292118  6.561043  3.900913  6.0556320E-01  3.9441658E-01  3.9197854E-07  3.6664293E-08  3.8000239E-06  3.5941232E-06  3.3029184E-09  6.2646645E-10  4.9030064E-07  1.2164149E-08  3.991E-10  0.5129  3.900913   -6.804  2.389557  8.375065  0.0000000E+00  4.9455819E-01  3.9403394E-01  2.3113264E-10  6.7516489E-11  1.1139134E-01  6.0456401E-14  8.2348223E-11  3.2382265E-06  8.7924273E-06  6.679E-17  1.305E-09  2.129E-04  1.000E+00  1.000E+00  1.20E+02  8.44E+01  9.14E-01  0.011413  0.785928  0.0000000E+00  2.4399336452E+00
263  3.089633067913343E+06  114.210803  6.561139  3.901310  6.0468061E-01  3.9529919E-01  3.9028685E-07  3.6604438E-08  3.8098195E-06  3.5842002E-06  3.3050064E-09  6.2358542E-10  4.8894240E-07  1.2128493E-08  3.979E-10  0.5140  3.901310   -7.541  2.392028  8.375926  0.0000000E+00  4.8541521E-01  3.9789761E-01  2.2890335E-10  1.6399856E-10  1.1667031E-01  7.3112215E-14  1.5123318E-10  3.6082527E-06  8.7590932E-06  6.623E-17  1.481E-09  2.136E-04  1.000E+00  1.000E+00  1.20E+02  8.42E+01  1.04E+00  0.013000  0.786228  0.0000000E+00  2.4324347007E+00
264  3.091978622421252E+06  114.147128  6.561284  3.900404  6.0305792E-01  3.9692198E-01  3.8722492E-07  3.6494832E-08  3.8275983E-06  3.5661491E-06  3.3085900E-09  6.1836674E-10  4.8647113E-07  1.2063653E-08  3.962E-10  0.5131  3.900404   -7.544  2.394482  8.376811  0.0000000E+00  4.7627222E-01  4.0122201E-01  2.0554562E-10  1.7304912E-11  1.2248847E-01  1.0204421E-13  1.6545905E-11  4.0580224E-06  8.7267443E-06  1.402E-16  1.732E-09  2.142E-04  1.000E+00  1.000E+00  1.20E+02  8.41E+01  1.22E+00  0.015272  0.786132  0.0000000E+00  2.4247212237E+00
265  3.094313552715559E+06  114.071897  6.561349  3.901099  6.0170529E-01  3.9827471E-01  3.8468055E-07  3.6403541E-08  3.8423801E-06  3.5511341E-06  3.3115352E-09  6.1402949E-10  4.8441544E-07  1.2009724E-08  3.947E-10  0.5174  3.901099   -7.541  2.396916  8.377682  0.0000000E+00  4.6712923E-01  4.0437268E-01  2.2976148E-10  4.5696674E-12  1.2848026E-01  2.2029105E-13  2.7575953E-11  4.5578330E-06  8.6933565E-06  1.882E-16  1.257E-09  2.149E-04  1.000E+00  1.000E+00  1.20E+02  8.42E+01  8.82E-01  0.011039  0.786106  0.0000000E+00  2.4168353599E+00
266  3.096589201614978E+06  113.988578  6.561417  3.901058  6.0054291E-01  3.9943709E-01  3.8249692E-07  3.6325120E-08  3.8550690E-06  3.5382426E-06  3.3140513E-09  6.1030694E-10  4.8265045E-07  1.1963423E-08  3.933E-10  0.5169  3.901058   -5.843  2.399352  8.378547  0.0000000E+00  4.5798624E-01  4.0743165E-01  3.1417148E-10  4.4548142E-12  1.3456374E-01  3.3326306E-13  1.8512313E-10  5.1027508E-06  8.6579800E-06  2.023E-16  1.372E-09  2.155E-04  1.000E+00  1.000E+00  1.20E+02  8.42E+01  9.61E-01  0.012052  0.786232  0.0000000E+00  2.4091433011E+00
267  3.098800093366910E+06  113.912878  6.561518  3.901271  5.9928754E-01  4.0069256E-01  3.8017272E-07  3.6240753E-08  3.8686091E-06  3.5244568E-06  3.3165894E-09  6.0634186E-10  4.8076271E-07  1.1913928E-08  3.919E-10  0.5172  3.901271   -4.928  2.402135  8.379516  0.0000000E+00  4.4884325E-01  4.1040446E-01  2.5521530E-10  2.9874880E-11  1.4073328E-01  1.4326590E-13  2.0712627E-10  5.6949885E-06  8.6200336E-06  1.790E-16  1.507E-09  2.163E-04  1.000E+00  1.000E+00  1.20E+02  8.41E+01  1.06E+00  0.013272  0.786320  0.0000000E+00  2.4018964841E+00
268  3.100945516429113E+06  113.873070  6.561679  3.900188  5.9729319E-01  4.0268701E-01  3.7656830E-07  3.6107572E-08  3.8896969E-06  3.5029090E-06  3.3201602E-09  6.0018525E-10  4.7781130E-07  1.1836613E-08  3.901E-10  0.5193  3.900188   -7.541  2.404839  8.380453  0.0000000E+00  4.3970026E-01  4.1328953E-01  2.7254380E-10  2.7816181E-10  1.4699057E-01  1.4236908E-13  2.7090773E-10  6.3394040E-06  8.5783044E-06  1.403E-16  2.374E-09  2.170E-04  9.999E-01  1.001E+00  1.20E+02  8.41E+01  1.66E+00  0.020876  0.785905  0.0000000E+00  2.3963436520E+00
269  3.103291542920852E+06  113.823297  6.561757  3.900705  5.9524839E-01  4.0473191E-01  3.7289334E-07  3.5971222E-08  3.9112188E-06  3.4808993E-06  3.3237129E-09  5.9390638E-10  4.7479640E-07  1.1757652E-08  3.882E-10  0.5174  3.900705   -7.541  2.407521  8.381399  0.0000000E+00  4.3055727E-01  4.1566689E-01  2.3858492E-10  1.5932197E-12  1.5375538E-01  2.2536811E-13  5.7728557E-11  7.1042941E-06  8.5400874E-06  1.867E-16  1.227E-09  2.178E-04  1.000E+00  1.000E+00  1.20E+02  8.41E+01  8.65E-01  0.010853  0.785383  0.0000000E+00  2.3899468283E+00
270  3.105485487042586E+06  113.767489  6.561867  3.900524  5.9322831E-01  4.0675211E-01  3.6926774E-07  3.5836569E-08  3.9324568E-06  3.4591755E-06  3.3271970E-09  5.8771138E-10  4.7182064E-07  1.1679719E-08  3.864E-10  0.5189  3.900524   -7.540  2.410381  8.382391  0.0000000E+00  4.2141429E-01  4.1809833E-01  2.0700259E-10  1.4986365E-11  1.6046609E-01  9.0072101E-14  2.5109952E-11  7.9141651E-06  8.4949837E-06  1.491E-16  1.580E-09  2.186E-04  1.000E+00  1.000E+00  1.19E+02  8.41E+01  1.12E+00  0.014004  0.784973  0.0000000E+00  2.3841337948E+00
271  3.107717534233303E+06  113.724107  6.561989  3.900094  5.9099959E-01  4.0898092E-01  3.6527418E-07  3.5688071E-08  3.9558571E-06  3.4352341E-06  3.3310069E-09  5.8088708E-10  4.6854104E-07  1.1593835E-08  3.844E-10  0.5205  3.900094   -7.540  2.413203  8.383377  0.0000000E+00  4.1227130E-01  4.2026753E-01  2.4296843E-10  4.6977223E-12  1.6743896E-01  1.1574070E-13  9.6171371E-11  8.8269584E-06  8.4480432E-06  1.336E-16  2.364E-09  2.194E-04  9.999E-01  1.001E+00  1.20E+02  8.44E+01  1.66E+00  0.020828  0.784395  0.0000000E+00  2.3780557693E+00
272  3.109978430713569E+06  113.651762  6.562026  3.900639  5.8915710E-01  4.1082350E-01  3.6197434E-07  3.5565325E-08  3.9751941E-06  3.4154483E-06  3.3341479E-09  5.7524810E-10  4.6583068E-07  1.1522859E-08  3.827E-10  0.5215  3.900639   -7.539  2.416067  8.384375  0.0000000E+00  4.0312831E-01  4.2217111E-01  2.2242179E-10  2.4654695E-11  1.7467734E-01  9.3950578E-14  1.3263420E-10  9.8555038E-06  8.3991845E-06  1.342E-16  1.314E-09  2.202E-04  1.000E+00  1.000E+00  1.20E+02  8.45E+01  9.22E-01  0.011546  0.784050  0.0000000E+00  2.3686793833E+00
273  3.112253125530754E+06  113.570939  6.562123  3.900483  5.8713254E-01  4.1284820E-01  3.5834866E-07  3.5430451E-08  3.9964409E-06  3.3937084E-06  3.3375980E-09  5.6905228E-10  4.6285263E-07  1.1444872E-08  3.808E-10  0.5200  3.900483   -7.539  2.418851  8.385344  0.0000000E+00  3.9398532E-01  4.2383648E-01  3.0069396E-10  9.9157281E-11  1.8215378E-01  3.4772755E-13  4.0430134E-10  1.1008537E-05  8.3470808E-06  1.505E-16  1.639E-09  2.210E-04  1.000E+00  1.000E+00  1.19E+02  8.43E+01  1.16E+00  0.014544  0.783784  0.0000000E+00  2.3584958216E+00
274  3.114728505937071E+06  113.433622  6.562175  3.900218  5.8507005E-01  4.1491085E-01  3.5465506E-07  3.5293049E-08  4.0180858E-06  3.3715611E-06  3.3411124E-09  5.6274037E-10  4.5981875E-07  1.1365424E-08  3.789E-10  0.5238  3.900218   -7.538  2.421867  8.386403  0.0000000E+00  3.8484233E-01  4.2492501E-01  2.2982161E-10  1.8688705E-11  1.9020686E-01  8.3311344E-14  9.5857307E-11  1.2376406E-05  8.3002566E-06  2.245E-16  1.678E-09  2.218E-04  1.000E+00  1.000E+00  1.19E+02  8.42E+01  1.19E+00  0.014905  0.783808  0.0000000E+00  2.3442198792E+00
275  3.116971669158250E+06  113.248286  6.562139  3.901087  5.8346785E-01  4.1651305E-01  3.5178649E-07  3.5186324E-08  4.0348964E-06  3.3543597E-06  3.3438395E-09  5.5783832E-10  4.5746242E-07  1.1303719E-08  3.773E-10  0.5246  3.901087   -5.794  2.424840  8.387389  0.0000000E+00  3.7569934E-01  4.2622303E-01  2.2055436E-10  1.1950769E-10  1.9805031E-01  1.1827804E-13  1.1873800E-10  1.3793851E-05  8.2399033E-06  1.557E-16  1.437E-09  2.226E-04  1.000E+00  1.000E+00  1.19E+02  8.42E+01  1.01E+00  0.012694  0.784232  0.0000000E+00  2.3260405051E+00
276  3.119372177563362E+06  113.016884  6.562164  3.897599  5.8244590E-01  4.1753510E-01  3.4997945E-07  3.5118481E-08  4.0455092E-06  3.3434795E-06  3.3454604E-09  5.5474833E-10  4.5597179E-07  1.1264703E-08  3.759E-10  0.5273  3.897599   -6.259  2.427954  8.388425  0.0000000E+00  3.6655635E-01  4.2700883E-01  2.3846390E-10  1.5202360E-10  2.0640589E-01  2.2676484E-13  2.1225570E-10  1.5453091E-05  8.1813687E-06  1.944E-16  1.626E-09  2.235E-04  1.000E+00  1.000E+00  1.18E+02  8.32E+01  1.16E+00  0.014743  0.785376  0.0000000E+00  2.2988690019E+00
277  3.122568529719851E+06  112.620994  6.562156  3.898932  5.8175145E-01  4.1822964E-01  3.4877833E-07  3.5072662E-08  4.0525906E-06  3.3361952E-06  3.3464226E-09  5.5269214E-10  4.5497355E-07  1.1238596E-08  3.744E-10  0.5306  3.898932   -6.841  2.431169  8.389584  0.0000000E+00  3.5741337E-01  4.2601035E-01  2.3002907E-10  1.1472589E-11  2.1654488E-01  1.3241031E-13  1.0565946E-10  1.7767305E-05  8.1606128E-06  4.691E-16  1.464E-09  2.242E-04  1.000E+00  1.000E+00  1.18E+02  8.28E+01  1.04E+00  0.013184  0.787776  0.0000000E+00  2.2569086142E+00
278  3.125013866397567E+06  112.334167  6.562230  3.897296  5.8146519E-01  4.1851591E-01  3.4829133E-07  3.5053861E-08  4.0554703E-06  3.3332255E-06  3.3467771E-09  5.5185774E-10  4.5456652E-07  1.1227957E-08  3.734E-10  0.5293  3.897296   -5.197  2.434652  8.390781  0.0000000E+00  3.4827038E-01  4.2625335E-01  1.6582259E-10  1.0104318E-12  2.2544271E-01  1.0512852E-14  1.8447653E-12  1.9898298E-05  8.0991420E-06  3.496E-16  1.119E-09  2.252E-04  1.000E+00  1.000E+00  1.18E+02  8.18E+01  8.04E-01  0.010260  0.789779  0.0000000E+00  2.2315706384E+00
279  3.127481522619250E+06  112.060316  6.562344  3.896730  5.8110235E-01  4.1887865E-01  3.4767662E-07  3.5030062E-08  4.0591077E-06  3.3294720E-06  3.3472135E-09  5.5080429E-10  4.5405203E-07  1.1214512E-08  3.723E-10  0.5314  3.896730   -7.368  2.437880  8.391894  0.0000000E+00  3.3912739E-01  4.2619952E-01  1.5801749E-10  6.0033477E-16  2.3463711E-01  6.0763343E-14  7.4505021E-14  2.2313396E-05  8.0329019E-06  3.494E-16  1.018E-09  2.261E-04  1.000E+00  1.000E+00  1.17E+02  8.11E+01  7.36E-01  0.009427  0.791734  0.0000000E+00  2.2103677825E+00
280  3.129770673130365E+06  111.824846  6.562442  3.898150  5.8083880E-01  4.1914230E-01  3.4723035E-07  3.5012778E-08  4.0617486E-06  3.3267465E-06  3.3475286E-09  5.5003945E-10  4.5367844E-07  1.1204749E-08  3.714E-10  0.5336  3.898150   -7.528  2.441312  8.393039  0.0000000E+00  3.2998440E-01  4.2623567E-01  1.5184959E-10  9.1364383E-15  2.4374135E-01  1.5197734E-15  2.5430548E-14  2.4888768E-05  7.9481316E-06  1.807E-16  8.994E-10  2.272E-04  1.000E+00  1.000E+00  1.17E+02  8.10E+01  6.45E-01  0.008240  0.793450  0.0000000E+00  2.1943344134E+00
281  3.130982393093224E+06  111.706597  6.562496  3.900345  5.8069576E-01  4.1928531E-01  3.4698829E-07  3.5003402E-08  4.0631812E-06  3.3252679E-06  3.3476988E-09  5.4962457E-10  4.5347578E-07  1.1199454E-08  3.709E-10  0.5336  3.900345   -6.601  2.443048  8.393622  0.0000000E+00  3.2527280E-01  4.2612784E-01  1.5127009E-10  6.6712984E-12  2.4855923E-01  1.2434234E-14  1.2154174E-11  2.6348527E-05  7.9024414E-06  1.307E-16  8.793E-10  2.277E-04  1.000E+00  1.000E+00  1.18E+02  8.12E+01  6.23E-01  0.007913  0.794315  0.0000000E+00  2.1871336198E+00
282  3.132209687651955E+06  111.598280  6.562586  3.901229  5.8055368E-01  4.1942742E-01  3.4674791E-07  3.4994093E-08  4.0646037E-06  3.3237996E-06  3.3478673E-09  5.4921254E-10  4.5327451E-07  1.1194195E-08  3.704E-10  0.5240  3.901229   -3.907  2.444885  8.394247  0.0000000E+00  3.2056121E-01  4.2590794E-01  2.2932745E-10  1.1744968E-10  2.5348917E-01  1.6044315E-13  3.4539550E-10  2.7919381E-05  7.8555226E-06  1.128E-16  8.774E-10  2.282E-04  1.000E+00  1.000E+00  1.18E+02  8.12E+01  6.19E-01  0.007849  0.795180  0.0000000E+00  2.1807881827E+00
283  3.133691340250081E+06  111.494513  6.562664  3.901378  5.8041312E-01  4.1956798E-01  3.4651014E-07  3.4984886E-08  4.0660109E-06  3.3223471E-06  3.3480334E-09  5.4880496E-10  4.5307542E-07  1.1188994E-08  3.698E-10  0.5376  3.901378   -4.256  2.446613  8.394859  0.0000000E+00  3.1584961E-01  4.2511763E-01  2.3350919E-10  7.0191407E-11  2.5898919E-01  3.9771064E-13  2.9274331E-10  2.9822241E-05  7.8223435E-06  3.403E-16  8.275E-10  2.287E-04  1.000E+00  1.000E+00  1.19E+02  8.13E+01  5.80E-01  0.007339  0.795994  0.0000000E+00  2.1747920347E+00
284  3.135119102298533E+06  111.403252  6.562789  3.900516  5.8028191E-01  4.1969919E-01  3.4628837E-07  3.4976299E-08  4.0673233E-06  3.3209922E-06  3.3481878E-09  5.4842477E-10  4.5288972E-07  1.1184144E-08  3.692E-10  0.5385  3.900516   -7.274  2.448486  8.395515  0.0000000E+00  3.1113801E-01  4.2430141E-01  2.3883644E-10  4.2037057E-11  2.6451491E-01  4.7793806E-13  2.5722633E-10  3.1823755E-05  7.7870358E-06  4.669E-16  8.383E-10  2.293E-04  1.000E+00  1.000E+00  1.18E+02  8.08E+01  5.91E-01  0.007507  0.796807  0.0000000E+00  2.1697353529E+00
285  3.136404171543132E+06  111.325763  6.562893  3.900083  5.8019871E-01  4.1978239E-01  3.4614780E-07  3.4970858E-08  4.0681552E-06  3.3201334E-06  3.3482854E-09  5.4818377E-10  4.5277201E-07  1.1181069E-08  3.687E-10  0.5317  3.900083   -7.526  2.450457  8.396183  0.0000000E+00  3.0642641E-01  4.2372736E-01  2.6776407E-10  5.0517809E-10  2.6979856E-01  2.0056248E-13  2.7625167E-10  3.3794185E-05  7.7386742E-06  4.023E-16  7.975E-10  2.299E-04  1.000E+00  1.000E+00  1.18E+02  8.07E+01  5.61E-01  0.007111  0.797511  0.0000000E+00  2.1656654652E+00
286  3.137817774666410E+06  111.249677  6.562967  3.900986  5.8012238E-01  4.1985872E-01  3.4601883E-07  3.4965869E-08  4.0689185E-06  3.3193454E-06  3.3483740E-09  5.4796261E-10  4.5266400E-07  1.1178249E-08  3.682E-10  0.5383  3.900986   -7.523  2.452336  8.396835  0.0000000E+00  3.0171482E-01  4.2277852E-01  1.5533710E-10  9.4716421E-12  2.7545676E-01  2.0369543E-13  8.6510447E-11  3.6055577E-05  7.7007986E-06  5.276E-16  6.893E-10  2.304E-04  1.000E+00  1.000E+00  1.18E+02  8.02E+01  4.89E-01  0.006219  0.798156  0.0000000E+00  2.1619913513E+00
287  3.139150473949071E+06  111.191317  6.563066  3.901459  5.7972824E-01  4.2025296E-01  3.4535545E-07  3.4940272E-08  4.0728439E-06  3.3152902E-06  3.3488129E-09  5.4682402E-10  4.5210832E-07  1.1163755E-08  3.675E-10  0.5395  3.901459   -7.522  2.454328  8.397506  0.0000000E+00  2.9700322E-01  4.2192956E-01  1.2503580E-10  3.8280293E-14  2.8101493E-01  1.1845246E-14  4.6615883E-14  3.8366870E-05  7.6533996E-06  4.940E-16  7.909E-10  2.310E-04  1.000E+00  1.000E+00  1.19E+02  8.06E+01  5.54E-01  0.007008  0.798556  0.0000000E+00  2.1590348484E+00
288  3.140384324664489E+06  111.158447  6.563142  3.902300  5.7876369E-01  4.2121751E-01  3.4373460E-07  3.4877815E-08  4.0824341E-06  3.3053802E-06  3.3498648E-09  5.4404085E-10  4.5075049E-07  1.1128361E-08  3.666E-10  0.5396  3.902300   -6.342  2.456317  8.398167  0.0000000E+00  2.9229162E-01  4.2121775E-01  1.2124287E-10  5.6634440E-14  2.8643595E-01  1.0591306E-15  5.1388484E-14  4.0705750E-05  7.5953564E-06  3.480E-16  9.900E-10  2.316E-04  1.000E+00  1.000E+00  1.18E+02  8.04E+01  6.98E-01  0.008875  0.798444  0.0000000E+00  2.1568224116E+00
289  3.141637154155954E+06  111.136363  6.563263  3.900674  5.7750214E-01  4.2247916E-01  3.4162313E-07  3.4796758E-08  4.0949242E-06  3.2924647E-06  3.3511657E-09  5.4041099E-10  4.4898131E-07  1.1082317E-08  3.657E-10  0.5384  3.900674   -7.523  2.458280  8.398819  0.0000000E+00  2.8758002E-01  4.2040172E-01  1.2449675E-10  1.4122443E-11  2.9196104E-01  3.1218174E-14  3.1398085E-11  4.3215112E-05  7.5355704E-06  2.521E-16  1.391E-09  2.322E-04  1.000E+00  1.000E+00  1.18E+02  8.05E+01  9.80E-01  0.012449  0.798186  0.0000000E+00  2.1547145234E+00
290  3.142909387468055E+06  111.103117  6.563333  3.900317  5.7662440E-01  4.2335690E-01  3.4015735E-07  3.4740605E-08  4.1035937E-06  3.2834966E-06  3.3520419E-09  5.3788952E-10  4.4775302E-07  1.1050377E-08  3.649E-10  0.5404  3.900317   -7.524  2.460314  8.399492  0.0000000E+00  2.8286843E-01  4.1946169E-01  1.3891385E-10  1.1991691E-10  2.9760997E-01  8.9899403E-14  7.3687423E-11  4.5919767E-05  7.4744645E-06  2.056E-16  9.509E-10  2.328E-04  1.000E+00  1.000E+00  1.18E+02  8.01E+01  6.77E-01  0.008642  0.798110  0.0000000E+00  2.1520293452E+00
291  3.144276929053455E+06  111.059679  6.563402  3.900265  5.7599006E-01  4.2399124E-01  3.3909909E-07  3.4700105E-08  4.1098525E-06  3.2770211E-06  3.3526652E-09  5.3606853E-10  4.4686617E-07  1.1027326E-08  3.641E-10  0.5404  3.900265   -7.523  2.462269  8.400139  0.0000000E+00  2.7815683E-01  4.1823592E-01  2.1237806E-10  2.1765376E-10  3.0354425E-01  4.2909478E-13  5.3951734E-10  4.8951153E-05  7.4170889E-06  3.331E-16  6.892E-10  2.334E-04  1.000E+00  1.000E+00  1.18E+02  8.00E+01  4.90E-01  0.006257  0.798227  0.0000000E+00  2.1497621914E+00
292  3.145613054671800E+06  111.038787  6.563440  3.902475  5.7458447E-01  4.2539693E-01  3.3676026E-07  3.4610816E-08  4.1236827E-06  3.2627055E-06  3.3539932E-09  5.3204093E-10  4.4490593E-07  1.0976426E-08  3.632E-10  0.5419  3.902475   -4.349  2.464521  8.400884  0.0000000E+00  2.7344523E-01  4.1698405E-01  1.1793040E-10  5.9263792E-11  3.0950455E-01  6.1969024E-14  4.2791022E-11  5.2146196E-05  7.3565486E-06  3.459E-16  1.738E-09  2.340E-04  1.000E+00  1.001E+00  1.19E+02  8.08E+01  1.21E+00  0.015384  0.797735  0.0000000E+00  2.1481423004E+00
293  3.146909626044265E+06  111.017224  6.563551  3.900253  5.7351036E-01  4.2647114E-01  3.3497510E-07  3.4542742E-08  4.1342381E-06  3.2517774E-06  3.3549891E-09  5.2896570E-10  4.4340965E-07  1.0937592E-08  3.623E-10  0.5413  3.900253   -7.523  2.466690  8.401605  0.0000000E+00  2.6873363E-01  4.1573152E-01  1.2257534E-10  2.7107415E-11  3.1546523E-01  1.4871012E-13  1.5617402E-10  5.5502066E-05  7.2891136E-06  2.847E-16  1.520E-09  2.347E-04  1.000E+00  1.000E+00  1.18E+02  8.03E+01  1.08E+00  0.013707  0.797550  0.0000000E+00  2.1455400309E+00
294  3.148401853653644E+06  110.978096  6.563597  3.900483  5.7263976E-01  4.2734174E-01  3.3352925E-07  3.4487645E-08  4.1427869E-06  3.2429258E-06  3.3557872E-09  5.2647448E-10  4.4219775E-07  1.0906147E-08  3.615E-10  0.5431  3.900483   -7.522  2.468861  8.402331  0.0000000E+00  2.6402204E-01  4.1393928E-01  9.8077912E-11  6.6236027E-12  3.2196498E-01  3.7058998E-14  4.5482208E-12  5.9469143E-05  7.2340328E-06  5.587E-16  9.909E-10  2.353E-04  1.000E+00  1.000E+00  1.17E+02  8.01E+01  7.05E-01  0.009011  0.797474  0.0000000E+00  2.1421411091E+00
295  3.149785888875150E+06  110.936027  6.563626  3.901164  5.7199710E-01  4.2798448E-01  3.3246270E-07  3.4447034E-08  4.1490926E-06  3.2363957E-06  3.3563688E-09  5.2463636E-10  4.4130374E-07  1.0882959E-08  3.608E-10  0.5389  3.901164   -7.521  2.471006  8.403032  0.0000000E+00  2.5931044E-01  4.1232040E-01  1.0262468E-10  1.2369961E-12  3.2829140E-01  1.2734541E-13  2.9194451E-11  6.3487034E-05  7.1668086E-06  5.595E-16  9.560E-10  2.359E-04  1.000E+00  1.000E+00  1.18E+02  8.02E+01  6.78E-01  0.008650  0.797504  0.0000000E+00  2.1394437119E+00
296  3.151148711467751E+06  110.898719  6.563684  3.900522  5.7125641E-01  4.2872518E-01  3.3123507E-07  3.4400345E-08  4.1563502E-06  3.2288783E-06  3.3570256E-09  5.2251985E-10  4.4027464E-07  1.0856279E-08  3.601E-10  0.5406  3.900522   -7.522  2.473397  8.403815  0.0000000E+00  2.5459884E-01  4.1065914E-01  9.1255819E-11  7.3356674E-12  3.3465999E-01  6.3410801E-14  1.9128910E-11  6.7749426E-05  7.0945463E-06  5.074E-16  1.096E-09  2.366E-04  1.000E+00  1.000E+00  1.18E+02  8.02E+01  7.79E-01  0.009944  0.797504  0.0000000E+00  2.1368485256E+00
297  3.152600760253967E+06  110.857523  6.563703  3.900576  5.7049249E-01  4.2948911E-01  3.2997019E-07  3.4352286E-08  4.1638275E-06  3.2211320E-06  3.3576919E-09  5.2033849E-10  4.3921428E-07  1.0828799E-08  3.593E-10  0.5448  3.900576   -5.393  2.475690  8.404571  0.0000000E+00  2.4988724E-01  4.0868604E-01  1.5350124E-10  3.3592243E-11  3.4133981E-01  7.2601779E-13  5.3260273E-10  7.2548072E-05  7.0250619E-06  6.730E-16  1.048E-09  2.373E-04  1.000E+00  1.000E+00  1.17E+02  8.02E+01  7.45E-01  0.009516  0.797445  0.0000000E+00  2.1338038024E+00
298  3.153939599841550E+06  110.809760  6.563769  3.900235  5.6989023E-01  4.3009137E-01  3.2897391E-07  3.4314467E-08  4.1697167E-06  3.2150300E-06  3.3582088E-09  5.1861986E-10  4.3837905E-07  1.0807163E-08  3.587E-10  0.5420  3.900235   -7.521  2.478192  8.405386  0.0000000E+00  2.4517565E-01  4.0689693E-01  8.0534864E-11  3.9744009E-12  3.4783560E-01  2.7619044E-14  9.7861513E-12  7.7400819E-05  6.9446858E-06  5.114E-16  9.437E-10  2.381E-04  1.000E+00  1.000E+00  1.17E+02  8.00E+01  6.72E-01  0.008599  0.797605  0.0000000E+00  2.1306850275E+00
299  3.155311824741953E+06  110.758764  6.563746  3.903255  5.6931916E-01  4.3066254E-01  3.2803047E-07  3.4278703E-08  4.1752930E-06  3.2092508E-06  3.3586874E-09  5.1699171E-10  4.3758806E-07  1.0786683E-08  3.581E-10  0.5428  3.903255   -4.208  2.480674  8.406190  0.0000000E+00  2.4046405E-01  4.0493334E-01  7.9768185E-11  2.0273373E-11  3.5450551E-01  1.2030624E-13  3.5447428E-11  8.2700261E-05  6.8622944E-06  4.568E-16  8.538E-10  2.388E-04  1.000E+00  1.000E+00  1.19E+02  8.08E+01  5.96E-01  0.007540  0.797639  0.0000000E+00  2.1274597517E+00
300  3.156664469331414E+06  110.708524  6.563804  3.902560  5.6883788E-01  4.3114375E-01  3.2723673E-07  3.4248659E-08  4.1799841E-06  3.2043877E-06  3.3590796E-09  5.1562127E-10  4.3692254E-07  1.0769464E-08  3.574E-10  0.5440  3.902560   -5.009  2.483156  8.406994  0.0000000E+00  2.3575245E-01  4.0291102E-01  8.2762628E-11  6.3308939E-11  3.6123370E-01  6.3013731E-14  5.4344875E-11  8.8354674E-05  6.7749007E-06  3.562E-16  8.111E-10  2.395E-04  1.000E+00  1.000E+00  1.19E+02  8.06E+01  5.69E-01  0.007207  0.797863  0.0000000E+00  2.1243638951E+00
301  3.158128185298149E+06  110.653038  6.563861  3.901721  5.6839808E-01  4.3158362E-01  3.2651301E-07  3.4221330E-08  4.1842606E-06  3.1999525E-06  3.3594230E-09  5.1437085E-10  4.3631568E-07  1.0753776E-08  3.568E-10  0.5442  3.901721   -6.053  2.485687  8.407830  0.0000000E+00  2.3104085E-01  4.0051715E-01  8.6229985E-11  8.9984682E-12  3.6833264E-01  5.0147287E-13  2.1797776E-10  9.4800534E-05  6.6915911E-06  5.572E-16  7.603E-10  2.403E-04  1.000E+00  1.000E+00  1.18E+02  8.04E+01  5.34E-01  0.006784  0.798145  0.0000000E+00  2.1211363021E+00
302  3.159559361819850E+06  110.598865  6.563963  3.900703  5.6798478E-01  4.3199693E-01  3.2583948E-07  3.4196143E-08  4.1882381E-06  3.1958204E-06  3.3596869E-09  5.1320374E-10  4.3575065E-07  1.0739228E-08  3.563E-10  0.5446  3.900703   -7.519  2.488303  8.408675  0.0000000E+00  2.2632926E-01  3.9810174E-01  7.2652532E-11  5.3497950E-11  3.7545283E-01  5.3920048E-14  4.0400546E-11  1.0162300E-04  6.6022739E-06  5.754E-16  8.580E-10  2.411E-04  1.000E+00  1.000E+00  1.18E+02  8.00E+01  6.07E-01  0.007746  0.798512  0.0000000E+00  2.1181145205E+00
303  3.161139858176587E+06  110.561237  6.564065  3.900152  5.6673503E-01  4.3324677E-01  3.2391046E-07  3.4128091E-08  4.1995890E-06  3.1839122E-06  3.3595243E-09  5.0980479E-10  4.3412833E-07  1.0698422E-08  3.561E-10  0.5452  3.900152   -7.519  2.491115  8.409610  0.0000000E+00  2.2161766E-01  3.9518519E-01  7.2796870E-11  1.8373450E-13  3.8307290E-01  3.8880028E-14  3.5381685E-13  1.0958668E-04  6.5206199E-06  1.016E-15  1.183E-09  2.419E-04  1.000E+00  1.000E+00  1.17E+02  8.00E+01  8.39E-01  0.010713  0.798334  0.0000000E+00  2.1153945269E+00
304  3.162526530444346E+06  110.530208  6.564127  3.900387  5.6543178E-01  4.3455003E-01  3.2192268E-07  3.4058928E-08  4.2112759E-06  3.1716241E-06  3.3591411E-09  5.0628908E-10  4.3245570E-07  1.0656578E-08  3.561E-10  0.5453  3.900387   -7.105  2.493848  8.410494  0.0000000E+00  2.1690606E-01  3.9267418E-01  6.3964170E-11  3.8030732E-11  3.9028768E-01  6.3687638E-14  6.4657232E-11  1.1739005E-04  6.4190729E-06  7.547E-16  1.195E-09  2.428E-04  1.000E+00  1.000E+00  1.18E+02  8.01E+01  8.46E-01  0.010794  0.798010  0.0000000E+00  2.1129413628E+00
305  3.163938726805336E+06  110.505508  6.564211  3.900873  5.6375210E-01  4.3622985E-01  3.1936998E-07  3.3970488E-08  4.2262803E-06  3.1558371E-06  3.3585637E-09  5.0176894E-10  4.3030737E-07  1.0602926E-08  3.563E-10  0.5457  3.900873   -7.518  2.496695  8.411425  0.0000000E+00  2.1219446E-01  3.8998649E-01  6.7672668E-11  9.0460784E-11  3.9767828E-01  1.0297153E-13  7.9035470E-11  1.2594925E-04  6.3150491E-06  6.183E-16  1.479E-09  2.437E-04  1.000E+00  1.000E+00  1.18E+02  8.02E+01  1.04E+00  0.013319  0.797485  0.0000000E+00  2.1106854615E+00
306  3.165420646803921E+06  110.481006  6.564227  3.902564  5.6189540E-01  4.3808660E-01  3.1655188E-07  3.3873000E-08  4.2428431E-06  3.1384063E-06  3.3578931E-09  4.9677683E-10  4.2793557E-07  1.0543727E-08  3.566E-10  0.5463  3.902564   -3.932  2.499676  8.412410  0.0000000E+00  2.0748287E-01  3.8700433E-01  5.4912502E-11  3.8037860E-11  4.0536243E-01  4.0654463E-14  3.0931987E-11  1.3555603E-04  6.2117753E-06  6.980E-16  1.291E-09  2.446E-04  1.000E+00  1.000E+00  1.18E+02  8.09E+01  9.01E-01  0.011432  0.796744  0.0000000E+00  2.1079526672E+00
307  3.166960731936788E+06  110.449008  6.564313  3.902340  5.6019703E-01  4.3978507E-01  3.1397495E-07  3.3783897E-08  4.2579880E-06  3.1224665E-06  3.3572706E-09  4.9221135E-10  4.2576672E-07  1.0489605E-08  3.567E-10  0.5466  3.902340   -4.244  2.502415  8.413310  0.0000000E+00  2.0277127E-01  3.8374779E-01  5.5852775E-11  9.2706692E-12  4.1331970E-01  8.1717333E-13  3.0108804E-10  1.4630396E-04  6.1075190E-06  9.988E-16  1.165E-09  2.455E-04  1.000E+00  1.000E+00  1.18E+02  8.07E+01  8.20E-01  0.010430  0.796267  0.0000000E+00  2.1050096683E+00
308  3.168394703434958E+06  110.413038  6.564447  3.900247  5.5883219E-01  4.4115001E-01  3.1190441E-07  3.3712316E-08  4.2701567E-06  3.1096587E-06  3.3567679E-09  4.8854286E-10  4.2402405E-07  1.0446120E-08  3.568E-10  0.5471  3.900247   -7.518  2.505681  8.414376  0.0000000E+00  1.9805967E-01  3.8066034E-01  5.4918697E-11  7.9228635E-11  4.2110757E-01  9.3288627E-14  7.6653198E-11  1.5736652E-04  5.9911312E-06  7.784E-16  1.032E-09  2.465E-04  1.000E+00  1.000E+00  1.17E+02  8.01E+01  7.35E-01  0.009429  0.796075  0.0000000E+00  2.1021132727E+00
309  3.169992532957355E+06  110.381430  6.564543  3.900168  5.5678423E-01  4.4319797E-01  3.0879822E-07  3.3604962E-08  4.2884116E-06  3.0904444E-06  3.3560066E-09  4.8303903E-10  4.2140975E-07  1.0380896E-08  3.571E-10  0.5454  3.900168   -7.517  2.508666  8.415366  0.0000000E+00  1.9334807E-01  3.7700080E-01  7.5988143E-11  1.2355125E-10  4.2946548E-01  1.0611092E-12  6.0373866E-10  1.7046351E-04  5.8804072E-06  1.264E-15  1.636E-09  2.475E-04  1.000E+00  1.000E+00  1.17E+02  8.05E+01  1.16E+00  0.014799  0.795432  0.0000000E+00  2.0991438220E+00
310  3.171612663963212E+06  110.333642  6.564601  3.901237  5.5515264E-01  4.4482966E-01  3.0632407E-07  3.3519481E-08  4.3029517E-06  3.0751395E-06  3.3553935E-09  4.7865465E-10  4.1932742E-07  1.0328955E-08  3.573E-10  0.5483  3.901237   -7.514  2.512027  8.416492  0.0000000E+00  1.8863648E-01  3.7314295E-01  4.0020063E-11  3.3725355E-12  4.3802034E-01  2.9932543E-13  2.9941954E-11  1.8494773E-04  5.7681866E-06  1.707E-15  1.062E-09  2.486E-04  1.000E+00  1.000E+00  1.17E+02  8.06E+01  7.54E-01  0.009640  0.795050  0.0000000E+00  2.0946482195E+00
311  3.173092712858687E+06  110.285328  6.564677  3.901249  5.5368017E-01  4.4630223E-01  3.0409169E-07  3.3442380E-08  4.3160706E-06  3.0613299E-06  3.3548340E-09  4.7469829E-10  4.1744858E-07  1.0282098E-08  3.574E-10  0.5485  3.901249   -7.513  2.515329  8.417567  0.0000000E+00  1.8392488E-01  3.6957491E-01  4.6388681E-11  7.0252717E-11  4.4628521E-01  7.4448873E-14  5.0942275E-11  1.9964706E-04  5.6387261E-06  1.372E-15  1.282E-09  2.497E-04  1.000E+00  1.000E+00  1.18E+02  8.10E+01  9.00E-01  0.011452  0.794785  0.0000000E+00  2.0907092821E+00
312  3.174610264990329E+06  110.224156  6.564754  3.901458  5.5255133E-01  4.4743112E-01  3.0238078E-07  3.3383310E-08  4.3261247E-06  3.0507458E-06  3.3544003E-09  4.7166579E-10  4.1600865E-07  1.0246196E-08  3.574E-10  0.5492  3.901458   -5.784  2.518822  8.418720  0.0000000E+00  1.7921328E-01  3.6576564E-01  5.1167177E-11  1.5350494E-10  4.5478951E-01  1.6767678E-13  1.2221091E-10  2.1607244E-04  5.5064201E-06  1.248E-15  1.085E-09  2.509E-04  1.000E+00  1.000E+00  1.17E+02  8.06E+01  7.68E-01  0.009826  0.794788  0.0000000E+00  2.0860905657E+00
313  3.176334732012414E+06  110.153299  6.564843  3.901368  5.5136447E-01  4.4861803E-01  3.0058300E-07  3.3321300E-08  4.3366885E-06  3.0396239E-06  3.3539311E-09  4.6847843E-10  4.1449567E-07  1.0208492E-08  3.573E-10  0.5500  3.901368   -4.271  2.522039  8.419810  0.0000000E+00  1.7450168E-01  3.6119321E-01  1.0633221E-10  4.1768910E-10  4.6405325E-01  2.1650484E-12  1.2593651E-09  2.3614953E-04  5.3819012E-06  2.240E-15  1.034E-09  2.519E-04  1.000E+00  1.000E+00  1.17E+02  8.05E+01  7.33E-01  0.009391  0.794854  0.0000000E+00  2.0809684191E+00
314  3.178050426296731E+06  110.081303  6.564941  3.902407  5.5018283E-01  4.4979977E-01  2.9879663E-07  3.3259868E-08  4.3471829E-06  3.0285705E-06  3.3534218E-09  4.6530847E-10  4.1299244E-07  1.0171099E-08  3.573E-10  0.5512  3.902407   -4.538  2.526040  8.421167  0.0000000E+00  1.6979009E-01  3.5650588E-01  3.0874114E-11  2.6769321E-11  4.7343000E-01  2.5269035E-14  1.6630090E-11  2.5812732E-04  5.2554467E-06  2.792E-15  1.041E-09  2.533E-04  1.000E+00  1.000E+00  1.17E+02  8.06E+01  7.36E-01  0.009403  0.794948  0.0000000E+00  2.0754665238E+00
315  3.179629566233185E+06  110.009218  6.565088  3.901293  5.4949692E-01  4.5048562E-01  2.9776253E-07  3.3224448E-08  4.3532560E-06  3.0221705E-06  3.3530939E-09  4.6347126E-10  4.1212238E-07  1.0149508E-08  3.571E-10  0.5523  3.901293   -6.331  2.529735  8.422413  0.0000000E+00  1.6507849E-01  3.5211038E-01  3.8640845E-11  1.2822207E-10  4.8251423E-01  1.1506898E-13  7.6012705E-11  2.8087140E-04  5.1092986E-06  2.580E-15  9.795E-10  2.547E-04  1.000E+00  1.000E+00  1.17E+02  8.03E+01  6.96E-01  0.008912  0.795386  0.0000000E+00  2.0704695539E+00
316  3.181240626163743E+06  109.937095  6.565232  3.900599  5.4897151E-01  4.5101110E-01  2.9697380E-07  3.3197615E-08  4.3578858E-06  3.0172871E-06  3.3528014E-09  4.6206716E-10  4.1145891E-07  1.0133110E-08  3.568E-10  0.5535  3.900599   -7.513  2.533414  8.423657  0.0000000E+00  1.6036689E-01  3.4747075E-01  7.2440330E-11  4.3727463E-10  4.9183962E-01  4.2191330E-13  2.4482444E-10  3.0643756E-04  4.9588393E-06  2.594E-15  9.277E-10  2.560E-04  1.000E+00  1.000E+00  1.17E+02  8.00E+01  6.60E-01  0.008482  0.795900  0.0000000E+00  2.0659023629E+00
317  3.182921995754899E+06  109.886632  6.565384  3.900821  5.4747708E-01  4.5250562E-01  2.9482920E-07  3.3129814E-08  4.3704062E-06  3.0039552E-06  3.3507957E-09  4.5816978E-10  4.0965951E-07  1.0090538E-08  3.583E-10  0.5541  3.900821   -6.651  2.537194  8.424916  0.0000000E+00  1.5565529E-01  3.4247610E-01  4.8848871E-11  2.6380441E-10  5.0151647E-01  3.9208619E-13  2.0984367E-10  3.3560647E-04  4.8082349E-06  2.975E-15  1.469E-09  2.573E-04  1.000E+00  1.000E+00  1.17E+02  8.04E+01  1.04E+00  0.013281  0.795777  0.0000000E+00  2.0625118139E+00
318  3.184662855699011E+06  109.856208  6.565550  3.900895  5.4480361E-01  4.5517919E-01  2.9104010E-07  3.3012359E-08  4.3924995E-06  2.9803665E-06  3.3466373E-09  4.5124407E-10  4.0648191E-07  1.0016363E-08  3.619E-10  0.5557  3.900895   -7.512  2.541230  8.426266  0.0000000E+00  1.5094370E-01  3.3714257E-01  1.6172555E-10  1.3217368E-09  5.1152793E-01  1.4874308E-12  1.2825433E-09  3.6898327E-04  4.6522378E-06  3.711E-15  1.447E-09  2.587E-04  1.000E+00  1.000E+00  1.17E+02  8.05E+01  1.02E+00  0.013095  0.794925  0.0000000E+00  2.0590804851E+00
319  3.186503279802775E+06  109.820073  6.565727  3.900451  5.4238466E-01  4.5759824E-01  2.8762822E-07  3.2906498E-08  4.4124047E-06  2.9590912E-06  3.3426561E-09  4.4499505E-10  4.0361875E-07  9.9500457E-09  3.653E-10  0.5554  3.900451   -7.511  2.545721  8.427787  0.0000000E+00  1.4623210E-01  3.3131816E-01  4.6135738E-11  2.9039270E-10  5.2202447E-01  3.2562250E-13  1.8274655E-10  4.0806808E-04  4.5035023E-06  4.976E-15  1.354E-09  2.603E-04  1.000E+00  1.000E+00  1.17E+02  8.07E+01  9.57E-01  0.012241  0.794265  0.0000000E+00  2.0558636406E+00
320  3.188200011497078E+06  109.800464  6.565895  3.900155  5.3950641E-01  4.6047659E-01  2.8360028E-07  3.2780190E-08  4.4359541E-06  2.9338753E-06  3.3374749E-09  4.3759496E-10  4.0023151E-07  9.8727904E-09  3.703E-10  0.5565  3.900155   -7.511  2.550032  8.429239  0.0000000E+00  1.4152050E-01  3.2582518E-01  5.3045357E-11  3.8103482E-10  5.3218766E-01  4.4920528E-13  2.9803777E-10  4.4906694E-04  4.3319865E-06  4.972E-15  1.887E-09  2.619E-04  1.000E+00  1.001E+00  1.17E+02  8.09E+01  1.33E+00  0.017052  0.793232  0.0000000E+00  2.0539779211E+00
321  3.189984708655764E+06  109.789774  6.566043  3.901775  5.3580129E-01  4.6418183E-01  2.7848171E-07  3.2616022E-08  4.4660102E-06  2.9015971E-06  3.3298712E-09  4.2814619E-10  3.9590903E-07  9.7768704E-09  3.785E-10  0.5569  3.901775   -7.509  2.554282  8.430665  0.0000000E+00  1.3680890E-01  3.1988081E-01  8.5476550E-11  7.3027742E-10  5.4279533E-01  8.8740219E-13  5.9553364E-10  4.9697056E-04  4.1597601E-06  5.651E-15  2.587E-09  2.635E-04  9.999E-01  1.001E+00  1.18E+02  8.15E+01  1.81E+00  0.023086  0.791670  0.0000000E+00  2.0522160906E+00
322  3.191802108414849E+06  109.771009  6.566171  3.900780  5.3278661E-01  4.6719669E-01  2.7436619E-07  3.2481048E-08  4.4902835E-06  2.8754578E-06  3.3229939E-09  4.2051682E-10  3.9241870E-07  9.7014551E-09  3.862E-10  0.5572  3.900780   -7.510  2.559056  8.432254  0.0000000E+00  1.3209731E-01  3.1368091E-01  6.5188986E-11  5.5902799E-10  5.5365170E-01  7.0203803E-13  4.5435116E-10  5.5152464E-04  3.9837093E-06  6.407E-15  1.967E-09  2.652E-04  1.000E+00  1.001E+00  1.17E+02  8.15E+01  1.38E+00  0.017728  0.790484  0.0000000E+00  2.0489373202E+00
323  3.193668487426827E+06  109.729687  6.566289  3.900444  5.3044132E-01  4.6954208E-01  2.7119355E-07  3.2375145E-08  4.5090634E-06  2.8551919E-06  3.3172409E-09  4.1461703E-10  3.8971859E-07  9.6443352E-09  3.928E-10  0.5583  3.900444   -7.510  2.563968  8.433895  0.0000000E+00  1.2738571E-01  3.0714216E-01  6.8516570E-11  5.6781155E-10  5.6483824E-01  4.4758381E-13  2.4080669E-10  6.1467935E-04  3.8035885E-06  7.427E-15  1.159E-09  2.670E-04  1.000E+00  1.000E+00  1.17E+02  8.13E+01  8.24E-01  0.010565  0.789785  0.0000000E+00  2.0451174925E+00
324  3.195446524427316E+06  109.714471  6.566435  3.901236  5.2674520E-01  4.7323837E-01  2.6622940E-07  3.2207100E-08  4.5385335E-06  2.8233370E-06  3.3076749E-09  4.0536310E-10  3.8548180E-07  9.5562365E-09  4.045E-10  0.5582  3.901236   -7.508  2.569002  8.435566  0.0000000E+00  1.2267411E-01  3.0076489E-01  4.2482404E-11  3.7622757E-10  5.7585755E-01  4.2740558E-13  2.7365401E-10  6.8353337E-04  3.6082326E-06  7.517E-15  2.381E-09  2.689E-04  9.999E-01  1.001E+00  1.18E+02  8.21E+01  1.67E+00  0.021351  0.788253  0.0000000E+00  2.0433798232E+00
325  3.197243238758149E+06  109.692514  6.566545  3.900214  5.2347396E-01  4.7650974E-01  2.6185265E-07  3.2057828E-08  4.5645575E-06  2.7951824E-06  3.2989759E-09  3.9719363E-10  3.8174063E-07  9.4791624E-09  4.152E-10  0.5590  3.900214   -7.509  2.574242  8.437313  0.0000000E+00  1.1796251E-01  2.9414852E-01  5.9081903E-11  5.7667781E-10  5.8710538E-01  6.0395261E-13  4.0023548E-10  7.6277256E-04  3.4063577E-06  7.745E-15  2.137E-09  2.709E-04  9.999E-01  1.001E+00  1.17E+02  8.21E+01  1.51E+00  0.019338  0.786920  0.0000000E+00  2.0396878776E+00
326  3.199190729868517E+06  109.658173  6.566585  3.902657  5.2007861E-01  4.7990519E-01  2.5731863E-07  3.1902611E-08  4.5915380E-06  2.7659800E-06  3.2898259E-09  3.8872510E-10  3.7786203E-07  9.3996319E-09  4.264E-10  0.5595  3.902657   -3.750  2.579706  8.439142  0.0000000E+00  1.1325092E-01  2.8680868E-01  6.4998372E-11  6.7924960E-10  5.9905837E-01  8.2823623E-13  5.2291678E-10  8.6006283E-04  3.2097033E-06  9.400E-15  2.054E-09  2.729E-04  1.000E+00  1.001E+00  1.18E+02  8.28E+01  1.44E+00  0.018301  0.785483  0.0000000E+00  2.0353716240E+00
327  3.201067997640853E+06  109.619829  6.566715  3.901921  5.1676886E-01  4.8321512E-01  2.5290265E-07  3.1751184E-08  4.6178253E-06  2.7375224E-06  3.2808545E-09  3.8047469E-10  3.7408312E-07  9.3223074E-09  4.374E-10  0.5604  3.901921   -6.915  2.585457  8.441063  0.0000000E+00  1.0853932E-01  2.7955959E-01  4.8173203E-11  5.0852903E-10  6.1090900E-01  5.6091689E-13  3.5761958E-10  9.6875290E-04  3.0005451E-06  1.011E-14  1.595E-09  2.751E-04  1.000E+00  1.000E+00  1.17E+02  8.27E+01  1.13E+00  0.014380  0.784283  0.0000000E+00  2.0305659366E+00
328  3.202979424371270E+06  109.588399  6.566832  3.901868  5.1259157E-01  4.8739263E-01  2.4733238E-07  3.1559957E-08  4.6509920E-06  2.7016127E-06  3.2694881E-09  3.7006577E-10  3.6931530E-07  9.2248853E-09  4.515E-10  0.5608  3.901868   -7.073  2.591319  8.443020  0.0000000E+00  1.0382772E-01  2.7200720E-01  9.7524917E-11  1.0972971E-09  6.2304335E-01  1.0452817E-12  6.7610979E-10  1.0966634E-03  2.7860230E-06  1.110E-14  2.202E-09  2.774E-04  9.999E-01  1.001E+00  1.18E+02  8.33E+01  1.55E+00  0.019703  0.782558  0.0000000E+00  2.0262602131E+00
329  3.205025461784757E+06  109.528322  6.566951  3.900721  5.0854673E-01  4.9143763E-01  2.4194390E-07  3.1374608E-08  4.6830903E-06  2.6668522E-06  3.2584105E-09  3.5999353E-10  3.6470112E-07  9.1308310E-09  4.651E-10  0.5617  3.900721   -7.507  2.597644  8.445132  0.0000000E+00  9.9116125E-02  2.6376424E-01  3.9854664E-11  4.4026475E-10  6.3583760E-01  5.2016529E-13  2.9475991E-10  1.2546859E-03  2.5789293E-06  1.345E-14  1.855E-09  2.799E-04  1.000E+00  1.000E+00  1.17E+02  8.34E+01  1.30E+00  0.016729  0.781108  0.0000000E+00  2.0188661079E+00
330  3.207136215650084E+06  109.448712  6.567051  3.900840  5.0357573E-01  4.9640887E-01  2.3532500E-07  3.1146694E-08  4.7225271E-06  2.6241392E-06  3.2447500E-09  3.4761941E-10  3.5903204E-07  9.0154238E-09  4.821E-10  0.5626  3.900840   -7.506  2.604286  8.447352  0.0000000E+00  9.4404527E-02  2.5507515E-01  3.7070543E-12  1.3584322E-11  6.4904338E-01  6.3655193E-14  1.4100262E-11  1.4465234E-03  2.3714001E-06  1.652E-14  1.740E-09  2.825E-04  1.000E+00  1.000E+00  1.17E+02  8.36E+01  1.23E+00  0.015740  0.779281  0.0000000E+00  2.0089860353E+00
331  3.209152652221686E+06  109.342802  6.567018  3.901240  4.9839843E-01  5.0158637E-01  2.2843426E-07  3.0909224E-08  4.7635913E-06  2.5796597E-06  3.2304852E-09  3.3473553E-10  3.5312903E-07  8.8953768E-09  4.998E-10  0.5636  3.901240   -4.134  2.611034  8.449599  0.0000000E+00  8.9692930E-02  2.4658645E-01  2.4458973E-12  1.0272644E-11  6.6202158E-01  3.3377162E-13  8.8697821E-11  1.6648408E-03  2.1488233E-06  1.824E-14  2.027E-09  2.852E-04  1.000E+00  1.001E+00  1.17E+02  8.41E+01  1.43E+00  0.018273  0.777290  0.0000000E+00  1.9960039085E+00
332  3.211051354386692E+06  109.155769  6.566942  3.897923  4.9416638E-01  5.0581852E-01  2.2297731E-07  3.0708530E-08  4.7966072E-06  2.5436372E-06  3.2164501E-09  3.2443674E-10  3.4838430E-07  8.8066833E-09  5.188E-10  0.5649  3.897923   -6.890  2.618183  8.451968  0.0000000E+00  8.4981332E-02  2.3840879E-01  2.8680829E-11  3.6674975E-10  6.7466091E-01  3.8207853E-13  2.4493710E-10  1.9101124E-03  1.9125620E-06  1.823E-14  1.910E-09  2.881E-04  1.000E+00  1.001E+00  1.16E+02  8.36E+01  1.36E+00  0.017638  0.776286  0.0000000E+00  1.9730124187E+00
333  3.213472383410022E+06  108.667678  6.566483  3.887866  4.9209423E-01  5.0789077E-01  2.2046503E-07  3.0604158E-08  4.8122841E-06  2.5262922E-06  3.2074367E-09  3.1960923E-10  3.4613248E-07  8.7718487E-09  5.315E-10  0.5692  3.887866   -3.625  2.625984  8.454568  0.0000000E+00  8.0269735E-02  2.2791113E-01  2.8688065E-12  2.1881086E-11  6.8949533E-01  1.8065390E-13  3.9801872E-11  2.2770979E-03  1.7218595E-06  2.520E-14  1.452E-09  2.912E-04  1.000E+00  1.000E+00  1.13E+02  8.10E+01  1.10E+00  0.014473  0.777868  0.0000000E+00  1.9135668269E+00
334  3.215796528102616E+06  108.275036  6.566566  3.896610  4.8106036E-01  5.1892504E-01  2.0800762E-07  3.0008202E-08  4.8933339E-06  2.4351939E-06  3.1476471E-09  2.9526895E-10  3.3449427E-07  8.6368141E-09  6.310E-10  0.5699  3.896610   -3.683  2.633951  8.457203  0.0000000E+00  7.5558138E-02  2.1764737E-01  2.4092156E-11  3.1892811E-10  7.0402717E-01  2.3980256E-13  1.1344421E-10  2.7101689E-03  1.5184694E-06  3.082E-14  1.880E-09  2.944E-04  1.000E+00  1.001E+00  1.15E+02  8.33E+01  1.35E+00  0.017567  0.775065  0.0000000E+00  1.8634474936E+00
335  3.218173733918197E+06  107.505667  6.565575  3.873790  4.7635274E-01  5.2363277E-01  2.0286100E-07  2.9743143E-08  4.9276457E-06  2.3963650E-06  3.1203011E-09  2.8520015E-10  3.2956708E-07  8.5890570E-09  6.782E-10  0.5686  3.873790   -3.384  2.642236  8.459841  0.0000000E+00  7.0846540E-02  2.0709454E-01  5.9756416E-12  2.0110210E-10  7.1874376E-01  4.7299993E-13  4.0096494E-10  3.2433764E-03  1.3195001E-06  3.718E-14  1.196E-09  2.974E-04  1.000E+00  1.000E+00  1.09E+02  7.84E+01  9.58E-01  0.013186  0.776357  0.0000000E+00  1.7769022302E+00
336  3.220404021966702E+06  106.339454  6.564497  3.861422  4.6986428E-01  5.3012142E-01  1.9588582E-07  2.9368626E-08  4.9747686E-06  2.3428533E-06  3.0814243E-09  2.7155930E-10  3.2280019E-07  8.5303257E-09  7.482E-10  0.5678  3.861422   -3.218  2.651455  8.462747  0.0000000E+00  6.6134943E-02  1.9706641E-01  7.3669190E-13  8.5361254E-12  7.3284726E-01  3.9343034E-14  2.6670508E-11  3.8604221E-03  1.1108159E-06  4.132E-14  7.608E-10  3.008E-04  1.000E+00  1.000E+00  1.05E+02  7.50E+01  6.49E-01  0.009270  0.779484  0.0000000E+00  1.6757604924E+00
337  3.222382335125824E+06  105.098629  6.563987  3.860241  4.6210620E-01  5.3787981E-01  1.8769916E-07  2.8907183E-08  5.0309108E-06  2.2788594E-06  3.0335296E-09  2.5557096E-10  3.1473809E-07  8.4693550E-09  8.379E-10  0.5866  3.860241   -3.205  2.661100  8.465800  0.0000000E+00  6.1423345E-02  1.8793476E-01  7.5918728E-13  7.7387294E-12  7.4597586E-01  8.9925021E-15  5.9553317E-12  4.5508663E-03  8.8432256E-07  4.099E-14  6.277E-10  3.046E-04  1.000E+00  1.000E+00  1.04E+02  7.38E+01  5.35E-01  0.007681  0.783605  0.0000000E+00  1.5938232172E+00
338  3.224512165739818E+06  103.825630  6.563926  3.863992  4.5297187E-01  5.4701443E-01  1.7825935E-07  2.8343792E-08  5.0967727E-06  2.2034761E-06  2.9754974E-09  2.3718336E-10  3.0527993E-07  8.4095153E-09  9.512E-10  0.5916  3.863992   -3.257  2.670467  8.468736  0.0000000E+00  5.6711748E-02  1.7803980E-01  1.6361659E-11  2.5868262E-10  7.5962427E-01  1.4216592E-13  7.3279339E-11  5.4720389E-03  6.9502660E-07  4.361E-14  4.548E-10  3.081E-04  1.000E+00  1.000E+00  1.04E+02  7.28E+01  3.84E-01  0.005530  0.788146  0.0000000E+00  1.5248181258E+00
339  3.226623957635349E+06  102.718763  6.563807  3.867294  4.4406572E-01  5.5592088E-01  1.6926049E-07  2.7771109E-08  5.1607678E-06  2.1299106E-06  2.9174583E-09  2.1972680E-10  2.9608892E-07  8.3632310E-09  1.070E-09  0.5973  3.867294   -3.304  2.682200  8.472503  0.0000000E+00  5.2000150E-02  1.6807627E-01  1.3414456E-13  1.1700004E-11  7.7307470E-01  1.4324741E-13  8.5153024E-11  6.6424376E-03  5.2890271E-07  4.633E-14  4.950E-10  3.130E-04  1.000E+00  1.000E+00  1.05E+02  7.24E+01  4.12E-01  0.005899  0.791539  0.0000000E+00  1.4733156929E+00
340  3.228793066935509E+06  101.596671  6.563475  3.864252  4.3424790E-01  5.6573900E-01  1.5956993E-07  2.7110542E-08  5.2310956E-06  2.0487116E-06  2.8521817E-09  2.0103740E-10  2.8598594E-07  8.3250586E-09  1.210E-09  0.6017  3.864252   -3.263  2.691357  8.475249  0.0000000E+00  4.7288553E-02  1.5787414E-01  7.2726176E-14  2.5214592E-13  7.8640834E-01  1.8655575E-15  9.8018430E-13  8.1409694E-03  3.9121067E-07  5.020E-14  4.280E-10  3.162E-04  1.000E+00  1.000E+00  1.03E+02  7.10E+01  3.61E-01  0.005249  0.794232  0.0000000E+00  1.4251286464E+00
341  3.231054036109905E+06  100.316641  6.563007  3.864384  4.2174767E-01  5.7823962E-01  1.4757411E-07  2.6221437E-08  5.3203632E-06  1.9451221E-06  2.7677293E-09  1.7810908E-10  2.7315455E-07  8.2938410E-09  1.402E-09  0.6012  3.864384   -3.268  2.698735  8.476410  0.0000000E+00  4.2576955E-02  1.4805582E-01  2.7457412E-14  2.3273822E-15  7.9918884E-01  3.0234401E-17  2.6894581E-15  9.7844257E-03  2.5977449E-07  4.993E-14  3.803E-10  3.154E-04  1.000E+00  1.000E+00  1.03E+02  7.03E+01  3.19E-01  0.004655  0.796496  0.0000000E+00  1.3766594013E+00
342  3.233277661930659E+06   99.186842  6.560892  3.861844  4.0883241E-01  5.9115519E-01  1.3559519E-07  2.5240950E-08  5.4123233E-06  1.8377809E-06  2.6796455E-09  1.5551504E-10  2.5991908E-07  8.2790083E-09  1.618E-09  0.6009  3.861844   -3.244  2.718952  8.482304  0.0000000E+00  3.7865358E-02  1.3820880E-01  2.5343121E-14  2.3890760E-13  8.1138264E-01  2.1808222E-16  1.2014564E-13  1.1983252E-02  1.6043913E-07  4.968E-14  4.522E-10  3.223E-04  1.000E+00  1.000E+00  1.02E+02  6.99E+01  3.84E-01  0.005677  0.794375  0.0000000E+00  1.3338387117E+00
343  3.235396365216401E+06   97.698583  6.561579  3.850319  3.9076192E-01  6.0922618E-01  1.1963138E-07  2.3752221E-08  5.5405923E-06  1.6868714E-06  2.5564963E-09  1.2605903E-10  2.4139673E-07  8.2784623E-09  1.952E-09  0.6101  3.850319   -3.079  2.735359  8.487405  0.0000000E+00  3.3153760E-02  1.2846371E-01  1.8466882E-13  3.5124474E-12  8.2258189E-01  2.3448778E-15  1.1355154E-12  1.4971635E-02  9.0859252E-08  4.950E-14  4.051E-10  3.290E-04  1.000E+00  1.000E+00  9.82E+01  6.70E+01  3.64E-01  0.005557  0.797390  0.0000000E+00  1.2726049146E+00
344  3.237484513750227E+06   95.300608  6.564955  3.848725  3.5269740E-01  6.4729160E-01  8.9272427E-08  2.0263027E-08  5.8094553E-06  1.3657247E-06  2.3008935E-09  7.2561154E-11  2.0208460E-07  8.2504759E-09  2.762E-09  0.6261  3.848725   -3.037  2.750827  8.492407  0.0000000E+00  2.8442163E-02  1.1892097E-01  3.5112823E-13  6.7324366E-12  8.3252294E-01  5.9710691E-15  3.3713818E-12  1.8861499E-02  4.7262949E-08  4.943E-14  3.319E-10  3.361E-04  1.000E+00  1.000E+00  9.66E+01  6.52E+01  3.00E-01  0.004661  0.801288  0.0000000E+00  1.1867309889E+00
345  3.239552482491258E+06   93.232895  6.568213  3.849061  3.2621409E-01  6.7377531E-01  7.1958795E-08  1.7720729E-08  5.9946151E-06  1.1388396E-06  2.1172445E-09  4.4088344E-11  1.7409137E-07  8.0442667E-09  3.398E-09  0.6410  3.849061   -3.023  2.766525  8.497571  0.0000000E+00  2.3730566E-02  1.0973375E-01  5.6447617E-13  1.1339664E-11  8.4086832E-01  1.0684195E-14  6.4762079E-12  2.3762809E-02  2.2857341E-08  4.943E-14  3.010E-10  3.438E-04  1.000E+00  1.000E+00  9.58E+01  6.34E+01  2.70E-01  0.004233  0.809068  0.0000000E+00  1.1169677433E+00
346  3.241613595502409E+06   91.357243  6.570722  3.853752  3.0953564E-01  6.9045396E-01  6.3469942E-08  1.6265227E-08  6.1093965E-06  9.9440451E-07  1.9824555E-09  3.0692453E-11  1.5590937E-07  7.7028808E-09  3.807E-09  0.6548  3.853752   -3.076  2.783397  8.503176  0.0000000E+00  1.9018968E-02  1.0109685E-01  8.6017007E-13  1.7360412E-11  8.4720753E-01  1.6357277E-14  9.9023873E-12  2.9788828E-02  1.1044688E-08  4.952E-14  2.731E-10  3.525E-04  1.000E+00  1.000E+00  9.59E+01  6.15E+01  2.40E-01  0.003755  0.820018  0.0000000E+00  1.0608123949E+00
347  3.243678780653534E+06   89.813277  6.572315  3.862909  2.9330242E-01  7.0668728E-01  5.6880521E-08  1.5048423E-08  6.2193422E-06  8.5329681E-07  1.8272325E-09  2.0324589E-11  1.3775729E-07  7.1814247E-09  4.193E-09  0.6657  3.862909   -3.197  2.801814  8.509298  0.0000000E+00  1.4307371E-02  9.3232415E-02  6.0922981E-13  1.2143182E-11  8.5110408E-01  1.1099970E-14  6.6162794E-12  3.7029620E-02  6.8362306E-09  4.984E-14  2.726E-10  3.622E-04  1.000E+00  1.000E+00  9.70E+01  6.10E+01  2.30E-01  0.003560  0.826804  0.0000000E+00  1.0192896404E+00
348  3.245746046668510E+06   88.761001  6.570629  3.861817  2.7717307E-01  7.2281677E-01  5.1957872E-08  1.4085093E-08  6.3265262E-06  7.1317880E-07  1.6424637E-09  1.2372968E-11  1.1921983E-07  6.4548113E-09  4.542E-09  0.6718  3.861817   -3.191  2.824606  8.516826  0.0000000E+00  9.5957732E-03  8.6389020E-02  1.0562163E-12  2.1924531E-11  8.5219615E-01  2.1920224E-14  1.4085034E-11  4.5473918E-02  4.5336226E-09  5.014E-14  3.910E-10  3.745E-04  1.000E+00  1.000E+00  9.55E+01  6.07E+01  3.37E-01  0.005283  0.822970  0.0000000E+00  9.9113043057E-01
349  3.247821909551869E+06   87.576043  6.573246  3.874865  2.6490010E-01  7.3508980E-01  4.9566735E-08  1.3601214E-08  6.4116435E-06  6.0753127E-07  1.4742607E-09  7.9816397E-12  1.0468933E-07  5.7290759E-09  4.756E-09  0.6770  3.874865   -3.358  2.857891  8.527809  0.0000000E+00  4.8841758E-03  8.0886378E-02  5.5380960E-14  1.1374662E-12  8.4993401E-01  1.1047348E-15  7.3166252E-13  5.5221775E-02  2.5145942E-09  5.024E-14  2.834E-10  3.934E-04  1.000E+00  1.000E+00  9.84E+01  6.11E+01  2.27E-01  0.003458  0.831083  0.0000000E+00  9.5886319574E-01
350  3.250376353970175E+06   86.803037  6.573885  3.889089  2.5511860E-01  7.4487130E-01  4.9126536E-08  1.3562472E-08  6.5153519E-06  5.2562602E-07  1.3231515E-09  5.4283458E-12  9.2875164E-08  5.0478738E-09  4.862E-09  0.6411  3.889089   -3.549  2.979676  8.568036  0.0000000E+00  1.7257830E-04  7.7371314E-02  2.6065728E-17  6.2446639E-19  8.4284020E-01  6.4587018E-20  8.0992837E-19  6.6990299E-02  1.0453782E-09  5.014E-14  3.870E-10  4.723E-04  1.000E+00  1.000E+00  1.01E+02  6.22E+01  2.92E-01  0.004335  0.833226  0.0000000E+00  9.3796439609E-01
351  3.250390011142450E+06   86.799174  6.573887  3.889107  2.5508653E-01  7.4490337E-01  4.9129081E-08  1.3563388E-08  6.5158462E-06  5.2536441E-07  1.3226357E-09  5.4212802E-12  9.2836227E-08  5.0455141E-09  4.862E-09  0.6414  3.889107   -3.548  2.981402  8.568606  0.0000000E+00  1.6394939E-04  7.7367991E-02  2.5217757E-17  6.8551047E-19  8.4281928E-01  6.4008356E-20  8.2061472E-19  6.7016063E-02  1.0438928E-09  5.014E-14  3.806E-10  4.735E-04  1.000E+00  1.000E+00  1.01E+02  6.23E+01  2.86E-01  0.004250  0.833245  0.0000000E+00  9.3785424628E-01
352  3.250418543654178E+06   86.791109  6.573898  3.889126  2.5496029E-01  7.4502961E-01  4.9139481E-08  1.3567092E-08  6.5178077E-06  5.2433587E-07  1.3206054E-09  5.3935731E-12  9.2683039E-08  5.0362236E-09  4.863E-09  0.6365  3.889126   -3.549  2.985052  8.569811  0.0000000E+00  1.4669156E-04  7.7361445E-02  2.4917911E-17  7.6882396E-19  8.4277717E-01  6.2815916E-20  8.7082767E-19  6.7067785E-02  1.0409436E-09  5.013E-14  3.894E-10  4.761E-04  1.000E+00  1.000E+00  1.01E+02  6.22E+01  2.94E-01  0.004367  0.833258  0.0000000E+00  9.3762731467E-01
353  3.250433499447481E+06   86.786884  6.573904  3.889146  2.5490851E-01  7.4508139E-01  4.9143907E-08  1.3568655E-08  6.5186198E-06  5.2391389E-07  1.3197715E-09  5.3822339E-12  9.2620147E-08  5.0324065E-09  4.863E-09  0.6366  3.889146   -3.549  2.987012  8.570458  0.0000000E+00  1.3806264E-04  7.7358225E-02  2.5044544E-17  7.9772940E-19  8.4275597E-01  6.2203325E-20  9.0405038E-19  6.7093748E-02  1.0394803E-09  5.013E-14  3.895E-10  4.775E-04  1.000E+00  1.000E+00  1.01E+02  6.22E+01  2.94E-01  0.004368  0.833276  0.0000000E+00  9.3750595570E-01
354  3.250449030641218E+06   86.782500  6.573919  3.889160  2.5486603E-01  7.4512387E-01  4.9147591E-08  1.3569951E-08  6.5192881E-06  5.2356793E-07  1.3190875E-09  5.3729475E-12  9.2568571E-08  5.0292751E-09  4.863E-09  0.6364  3.889160   -3.549  2.989086  8.571143  0.0000000E+00  1.2943373E-04  7.7355042E-02  2.5243440E-17  8.2150381E-19  8.4273466E-01  6.1580561E-20  9.4009127E-19  6.7119784E-02  1.0380248E-09  5.013E-14  3.849E-10  4.790E-04  1.000E+00  1.000E+00  1.01E+02  6.22E+01  2.90E-01  0.004306  0.833320  0.0000000E+00  9.3738001221E-01
355  3.250466655863684E+06   86.777524  6.573927  3.889170  2.5484403E-01  7.4514587E-01  4.9149536E-08  1.3570632E-08  6.5196355E-06  5.2338907E-07  1.3187335E-09  5.3681533E-12  9.2541895E-08  5.0276548E-09  4.863E-09  0.6360  3.889170   -3.549  2.991454  8.571925  0.0000000E+00  1.2080481E-04  7.7351807E-02  2.4848015E-17  8.8219295E-19  8.4271350E-01  6.1031949E-20  9.7801431E-19  6.7145723E-02  1.0365700E-09  5.013E-14  3.643E-10  4.807E-04  1.000E+00  1.000E+00  1.01E+02  6.24E+01  2.73E-01  0.004046  0.833369  0.0000000E+00  9.3723992576E-01
356  3.250485075204864E+06   86.772325  6.573919  3.889169  2.5470864E-01  7.4528126E-01  4.9161814E-08  1.3574907E-08  6.5217886E-06  5.2228764E-07  1.3165524E-09  5.3386843E-12  9.2377547E-08  5.0176673E-09  4.864E-09  0.6349  3.889169   -3.549  2.993948  8.572748  0.0000000E+00  1.1217590E-04  7.7348617E-02  2.4838381E-17  9.2988164E-19  8.4269221E-01  6.0465798E-20  1.0251699E-18  6.7171749E-02  1.0351245E-09  5.013E-14  3.872E-10  4.825E-04  1.000E+00  1.000E+00  1.01E+02  6.22E+01  2.92E-01  0.004338  0.833313  0.0000000E+00  9.3710132098E-01
357  3.250524266954454E+06   86.761276  6.573935  3.889232  2.5455973E-01  7.4543017E-01  4.9176024E-08  1.3579799E-08  6.5241871E-06  5.2107781E-07  1.3141522E-09  5.3064394E-12  9.2196834E-08  5.0066730E-09  4.865E-09  0.6272  3.889232   -3.550  2.999389  8.574544  0.0000000E+00  9.4918066E-05  7.7342371E-02  2.5282877E-17  1.0019016E-18  8.4264926E-01  5.9281399E-20  1.1357111E-18  6.7224076E-02  1.0322608E-09  5.013E-14  3.873E-10  4.865E-04  1.000E+00  1.000E+00  1.01E+02  6.22E+01  2.92E-01  0.004336  0.833348  0.0000000E+00  9.3678782944E-01
358  3.250546017249907E+06   86.755150  6.573944  3.889249  2.5448401E-01  7.4550589E-01  4.9183557E-08  1.3582370E-08  6.5254210E-06  5.2046263E-07  1.3129300E-09  5.2900956E-12  9.2104865E-08  5.0010724E-09  4.866E-09  0.6273  3.889249   -3.551  3.002451  8.575554  0.0000000E+00  8.6289152E-05  7.7339296E-02  2.5432056E-17  1.0444311E-18  8.4262764E-01  5.8683182E-20  1.1963370E-18  6.7250341E-02  1.0308412E-09  5.013E-14  3.843E-10  4.887E-04  1.000E+00  1.000E+00  1.01E+02  6.22E+01  2.90E-01  0.004297  0.833373  0.0000000E+00  9.3661465826E-01
359  3.250569839243500E+06   86.748442  6.573948  3.889268  2.5438544E-01  7.4560446E-01  4.9193585E-08  1.3585775E-08  6.5270360E-06  5.1966295E-07  1.3113397E-09  5.2688895E-12  9.1985251E-08  4.9937847E-09  4.867E-09  0.6266  3.889268   -3.550  3.005776  8.576650  0.0000000E+00  7.7660237E-05  7.7336242E-02  2.5515500E-17  1.0983315E-18  8.4260597E-01  5.8091898E-20  1.2635260E-18  6.7276652E-02  1.0294287E-09  5.013E-14  3.835E-10  4.912E-04  1.000E+00  1.000E+00  1.01E+02  6.22E+01  2.88E-01  0.004286  0.833380  0.0000000E+00  9.3642668088E-01
360  3.250595469409432E+06   86.741232  6.573961  3.889296  2.5426126E-01  7.4572864E-01  4.9206642E-08  1.3590179E-08  6.5290897E-06  5.1865598E-07  1.3093347E-09  5.2422574E-12  9.1834520E-08  4.9845940E-09  4.867E-09  0.6247  3.889296   -3.551  3.009570  8.577903  0.0000000E+00  6.9031322E-05  7.7333242E-02  2.5842866E-17  1.1456229E-18  8.4258414E-01  5.7476502E-20  1.3405913E-18  6.7303079E-02  1.0280275E-09  5.013E-14  3.920E-10  4.940E-04  1.000E+00  1.000E+00  1.01E+02  6.22E+01  2.96E-01  0.004398  0.833396  0.0000000E+00  9.3622488451E-01
361  3.250623220306033E+06   86.733430  6.573966  3.889328  2.5416033E-01  7.4582957E-01  4.9217704E-08  1.3593880E-08  6.5307792E-06  5.1783812E-07  1.3077037E-09  5.2207014E-12  9.1711978E-08  4.9771149E-09  4.868E-09  0.6168  3.889328   -3.551  3.013759  8.579285  0.0000000E+00  6.0402407E-05  7.7330307E-02  2.6300164E-17  1.1902996E-18  8.4256212E-01  5.6833013E-20  1.4278917E-18  6.7329644E-02  1.0266395E-09  5.012E-14  3.914E-10  4.972E-04  1.000E+00  1.000E+00  1.01E+02  6.22E+01  2.95E-01  0.004388  0.833411  0.0000000E+00  9.3600054762E-01
362  3.250687130858329E+06   86.715482  6.573980  3.889362  2.5390284E-01  7.4608706E-01  4.9247526E-08  1.3603753E-08  6.5351598E-06  5.1575485E-07  1.3035399E-09  5.1660549E-12  9.1399415E-08  4.9580124E-09  4.869E-09  0.6095  3.889362   -3.552  3.026630  8.582697  0.0000000E+00  4.3144577E-05  7.7324634E-02  2.7553644E-17  1.2887655E-18  8.4251754E-01  5.5459381E-20  1.6398955E-18  6.7383192E-02  1.0239029E-09  5.012E-14  3.915E-10  5.048E-04  1.000E+00  1.000E+00  1.01E+02  6.21E+01  2.95E-01  0.004388  0.833440  0.0000000E+00  9.3549000767E-01
363  3.250725951310289E+06   86.704589  6.573975  3.889393  2.5374204E-01  7.4624786E-01  4.9267366E-08  1.3610248E-08  6.5379497E-06  5.1445610E-07  1.3009370E-09  5.1321813E-12  9.1204239E-08  4.9460651E-09  4.870E-09  0.6021  3.889393   -3.552  3.033182  8.584862  0.0000000E+00  3.4515663E-05  7.7321912E-02  2.8402377E-17  1.3539438E-18  8.4249491E-01  5.4710068E-20  1.7792306E-18  6.7410224E-02  1.0225591E-09  5.012E-14  3.970E-10  5.098E-04  1.000E+00  1.000E+00  1.01E+02  6.21E+01  3.00E-01  0.004460  0.833430  0.0000000E+00  9.3517648859E-01
364  3.250781503124558E+06   86.689010  6.573998  3.889423  2.5352514E-01  7.4646476E-01  4.9295643E-08  1.3619417E-08  6.5417815E-06  5.1270669E-07  1.2974225E-09  5.0867882E-12  9.0940944E-08  4.9299254E-09  4.871E-09  0.5937  3.889423   -3.552  3.042955  8.588096  0.0000000E+00  2.5886748E-05  7.7319110E-02  2.7413963E-17  1.6406428E-18  8.4247250E-01  5.4091552E-20  1.9721079E-18  6.7437132E-02  1.0212139E-09  5.012E-14  3.974E-10  5.172E-04  1.000E+00  1.000E+00  1.01E+02  6.21E+01  3.00E-01  0.004464  0.833479  0.0000000E+00  9.3472763481E-01
365  3.250853479924981E+06   86.668848  6.574004  3.889462  2.5322412E-01  7.4676578E-01  4.9337776E-08  1.3632927E-08  6.5472307E-06  5.1028335E-07  1.2925382E-09  5.0243432E-12  9.0575480E-08  4.9074806E-09  4.873E-09  0.5889  3.889462   -3.553  3.056013  8.592415  0.0000000E+00  1.7257833E-05  7.7316438E-02  2.8426847E-17  1.9316118E-18  8.4244970E-01  5.3376478E-20  2.3317452E-18  6.7464342E-02  1.0198973E-09  5.011E-14  3.931E-10  5.274E-04  1.000E+00  1.000E+00  1.01E+02  6.22E+01  2.97E-01  0.004408  0.833485  0.0000000E+00  9.3414524203E-01
366  3.250970633193320E+06   86.636061  6.574006  3.889502  2.5268378E-01  7.4730612E-01  4.9421240E-08  1.3659299E-08  6.5573677E-06  5.0594795E-07  1.2837583E-09  4.9137616E-12  8.9919660E-08  4.8670952E-09  4.875E-09  0.5672  3.889502   -3.553  3.077791  8.599612  0.0000000E+00  8.6289181E-06  7.7313848E-02  2.9512231E-17  2.5654381E-18  8.4242664E-01  5.2602048E-20  3.0204844E-18  6.7491794E-02  1.0186075E-09  5.011E-14  4.125E-10  5.448E-04  1.000E+00  1.000E+00  1.01E+02  6.20E+01  3.12E-01  0.004655  0.833444  0.0000000E+00  9.3320245792E-01
367  3.252359666094950E+06   85.992889  6.570531  3.871239  2.3996000E-01  7.6002950E-01  5.6183536E-08  1.5603531E-08  7.0333890E-06  4.1175653E-07  1.0761027E-09  2.8823534E-12  7.4638985E-08  3.8945730E-09  4.847E-09  0.0000  3.871239   -3.321  3.341853  8.685966  0.0000000E+00  1.4905680E-16  7.7313132E-02  2.9942450E-17  2.6759473E-18  8.4239788E-01  5.2485401E-20  3.1603072E-18  6.7524129E-02  1.0184459E-09  5.011E-14  3.158E-10  7.605E-04  1.000E+00  1.000E+00  9.69E+01  6.13E+01  2.56E-01  0.003965  0.824526  0.0000000E+00  9.1353289844E-01
368  3.253652116066308E+06   85.282036  6.569301  3.862965  2.3360530E-01  7.6638360E-01  6.6795139E-08  1.8599732E-08  7.6572557E-06  3.7546172E-07  9.8133569E-10  2.2851012E-12  6.7405439E-08  3.4291237E-09  4.731E-09  0.0000  3.862965   -3.213  3.632829  8.777040  0.0000000E+00  3.3689080E-15  7.7313010E-02  2.9942450E-17  2.6759473E-18  8.4239780E-01  5.2485401E-20  3.1603072E-18  6.7524323E-02  1.0184459E-09  5.011E-14  1.186E-09  1.119E-03  1.000E+00  1.001E+00  9.46E+01  5.98E+01  9.99E-01  0.015842  0.824798  0.0000000E+00  9.0931712457E-01
369  3.254099666647602E+06   84.995315  6.570284  3.860392  2.2966380E-01  7.7032450E-01  7.6645086E-08  2.1380473E-08  8.2267589E-06  3.5722848E-07  9.2862842E-10  1.9986542E-12  6.3115490E-08  3.1585358E-09  4.634E-09  0.0000  3.860392   -3.175  4.034424  8.870824  0.0000000E+00  9.8955590E-14  7.7269643E-02  2.9942450E-17  2.6759473E-18  8.4236961E-01  5.2485401E-20  3.1603072E-18  6.7594848E-02  1.0184459E-09  5.011E-14  6.097E-10  2.031E-03  1.000E+00  1.000E+00  9.34E+01  5.87E+01  5.26E-01  0.008442  0.826806  0.0000000E+00  8.8612274093E-01
370  3.254121354005905E+06   84.980490  6.572595  3.860418  2.2953100E-01  7.7045730E-01  7.7027289E-08  2.1488401E-08  8.2487921E-06  3.5667674E-07  9.2694998E-10  1.9899719E-12  6.2973918E-08  3.1497039E-09  4.630E-09  0.0000  3.860418   -3.157  4.466253  8.965766  0.0000000E+00  3.3098110E-12  7.4154145E-02  2.9942450E-17  2.6759473E-18  8.4033414E-01  5.2485401E-20  3.1603072E-18  7.2687121E-02  1.0184459E-09  5.011E-14  5.897E-10  3.935E-03  1.000E+00  1.000E+00  9.33E+01  5.79E+01  5.09E-01  0.008182  0.831271  0.0000000E+00  8.8514079991E-01
371  3.254122064817609E+06   84.980004  6.571536  3.860541  2.2953100E-01  7.7045730E-01  7.7027306E-08  2.1488406E-08  8.2487931E-06  3.5667672E-07  9.2694990E-10  1.9899715E-12  6.2973912E-08  3.1497035E-09  4.630E-09  0.0000  3.860541   -3.167  4.592130  8.994912  0.0000000E+00  8.8337396E-12  6.9210571E-02  2.9942450E-17  2.6759473E-18  8.3711098E-01  5.2485401E-20  3.1603072E-18  8.0751621E-02  1.0184459E-09  5.011E-14  5.940E-10  4.774E-03  1.000E+00  1.000E+00  9.34E+01  5.83E+01  5.12E-01  0.008222  0.829251  0.0000000E+00  8.8511246977E-01
372  3.254122182015521E+06   84.979924  6.572110  3.860507  2.2953100E-01  7.7045730E-01  7.7027306E-08  2.1488406E-08  8.2487931E-06  3.5667672E-07  9.2694990E-10  1.9899715E-12  6.2973912E-08  3.1497035E-09  4.630E-09  0.0000  3.860507   -3.164  4.625202  9.002772  0.0000000E+00  1.1064540E-11  6.6738783E-02  2.9942450E-17  2.6759473E-18  8.3550271E-01  5.2485401E-20  3.1603072E-18  8.4775907E-02  1.0184459E-09  5.011E-14  5.921E-10  5.022E-03  1.000E+00  1.000E+00  9.34E+01  5.81E+01  5.11E-01  0.008205  0.830349  0.0000000E+00  8.8510777393E-01
373  3.254122263304768E+06   84.979868  6.572419  3.860490  2.2953100E-01  7.7045730E-01  7.7027306E-08  2.1488406E-08  8.2487931E-06  3.5667672E-07  9.2694990E-10  1.9899715E-12  6.2973912E-08  3.1497035E-09  4.630E-09  0.0000  3.860490   -3.162  4.652635  9.009371  0.0000000E+00  1.2892629E-11  6.4266996E-02  2.9942450E-17  2.6759473E-18  8.3389835E-01  5.2485401E-20  3.1603072E-18  8.8790472E-02  1.0184459E-09  5.011E-14  5.912E-10  5.238E-03  1.000E+00  1.000E+00  9.33E+01  5.80E+01  5.10E-01  0.008197  0.830941  0.0000000E+00  8.8510450752E-01
374  3.254122324171622E+06   84.979826  6.572613  3.860481  2.2953100E-01  7.7045730E-01  7.7027306E-08  2.1488406E-08  8.2487931E-06  3.5667672E-07  9.2694990E-10  1.9899715E-12  6.2973912E-08  3.1497035E-09  4.630E-09  0.0000  3.860481   -3.160  4.676415  9.015146  0.0000000E+00  1.4596651E-11  6.1795209E-02  2.9942450E-17  2.6759473E-18  8.3229786E-01  5.2485401E-20  3.1603072E-18  9.2795460E-02  1.0184459E-09  5.011E-14  5.906E-10  5.433E-03  1.000E+00  1.000E+00  9.33E+01  5.79E+01  5.10E-01  0.008192  0.831313  0.0000000E+00  8.8510205601E-01
375  3.254122370721779E+06   84.979793  6.572745  3.860476  2.2953100E-01  7.7045730E-01  7.7027306E-08  2.1488406E-08  8.2487931E-06  3.5667672E-07  9.2694990E-10  1.9899715E-12  6.2973912E-08  3.1497035E-09  4.630E-09  0.0000  3.860476   -3.160  4.697094  9.020197  0.0000000E+00  1.6094500E-11  5.9323422E-02  2.9942450E-17  2.6759473E-18  8.3070160E-01  5.2485401E-20  3.1603072E-18  9.6789943E-02  1.0184459E-09  5.011E-14  5.904E-10  5.608E-03  1.000E+00  1.000E+00  9.33E+01  5.78E+01  5.10E-01  0.008190  0.831566  0.0000000E+00  8.8510017784E-01
376  3.254122407729972E+06   84.979768  6.572881  3.860471  2.2953100E-01  7.7045730E-01  7.7027454E-08  2.1488447E-08  8.2488016E-06  3.5667650E-07  9.2694926E-10  1.9899682E-12  6.2973857E-08  3.1497001E-09  4.630E-09  0.0000  3.860471   -3.159  4.715719  9.024795  0.0000000E+00  1.7431302E-11  5.6851635E-02  2.9942450E-17  2.6759473E-18  8.2910958E-01  5.2485401E-20  3.1603072E-18  1.0077391E-01  1.0184459E-09  5.011E-14  5.901E-10  5.771E-03  1.000E+00  1.000E+00  9.33E+01  5.78E+01  5.09E-01  0.008188  0.831827  0.0000000E+00  8.8509868249E-01
377  3.254122438485138E+06   84.979746  6.572985  3.860470  2.2953100E-01  7.7045730E-01  7.7027454E-08  2.1488447E-08  8.2488016E-06  3.5667650E-07  9.2694926E-10  1.9899682E-12  6.2973857E-08  3.1497001E-09  4.630E-09  0.0000  3.860470   -3.158  4.732866  9.029063  0.0000000E+00  1.8616736E-11  5.4379848E-02  2.9942450E-17  2.6759473E-18  8.2752155E-01  5.2485401E-20  3.1603072E-18  1.0474797E-01  1.0184459E-09  5.011E-14  5.899E-10  5.924E-03  1.000E+00  1.000E+00  9.33E+01  5.77E+01  5.09E-01  0.008187  0.832027  0.0000000E+00  8.8509743764E-01
378  3.254122464231404E+06   84.979729  6.571081  3.860613  2.2953100E-01  7.7045730E-01  7.7027454E-08  2.1488447E-08  8.2488016E-06  3.5667650E-07  9.2694926E-10  1.9899682E-12  6.2973857E-08  3.1497001E-09  4.630E-09  0.0000  3.860613   -3.182  4.748490  9.032955  0.0000000E+00  1.9554406E-11  5.1908060E-02  2.9942450E-17  2.6759473E-18  8.2593791E-01  5.2485401E-20  3.1603072E-18  1.0871110E-01  1.0184459E-09  5.011E-14  5.968E-10  6.069E-03  1.000E+00  1.000E+00  9.34E+01  5.85E+01  5.14E-01  0.008253  0.828386  0.0000000E+00  8.8509641147E-01
379  3.254122486344823E+06   84.979714  6.571312  3.860599  2.2953100E-01  7.7045730E-01  7.7027454E-08  2.1488447E-08  8.2488016E-06  3.5667650E-07  9.2694926E-10  1.9899682E-12  6.2973857E-08  3.1497001E-09  4.630E-09  0.0000  3.860599   -3.169  4.763338  9.036694  0.0000000E+00  2.0356549E-11  4.9436273E-02  2.9942450E-17  2.6759473E-18  8.2435857E-01  5.2485401E-20  3.1603072E-18  1.1266351E-01  1.0184459E-09  5.011E-14  5.960E-10  6.209E-03  1.000E+00  1.000E+00  9.34E+01  5.84E+01  5.13E-01  0.008245  0.828827  0.0000000E+00  8.8509553380E-01
380  3.254122505562122E+06   84.979701  6.571492  3.860587  2.2953100E-01  7.7045730E-01  7.7027454E-08  2.1488447E-08  8.2488016E-06  3.5667650E-07  9.2694926E-10  1.9899682E-12  6.2973857E-08  3.1497001E-09  4.630E-09  0.0000  3.860587   -3.168  4.777311  9.040223  0.0000000E+00  2.0941225E-11  4.6964486E-02  2.9942450E-17  2.6759473E-18  8.2278376E-01  5.2485401E-20  3.1603072E-18  1.1660465E-01  1.0184459E-09  5.011E-14  5.955E-10  6.342E-03  1.000E+00  1.000E+00  9.34E+01  5.83E+01  5.13E-01  0.008240  0.829172  0.0000000E+00  8.8509476949E-01
381  3.254122522500828E+06   84.979690  6.571634  3.860579  2.2953100E-01  7.7045730E-01  7.7027454E-08  2.1488447E-08  8.2488016E-06  3.5667650E-07  9.2694926E-10  1.9899682E-12  6.2973857E-08  3.1497001E-09  4.630E-09  0.0000  3.860579   -3.167  4.790714  9.043626  0.0000000E+00  2.1344798E-11  4.4492699E-02  2.9942450E-17  2.6759473E-18  8.2121355E-01  5.2485401E-20  3.1603072E-18  1.2053428E-01  1.0184459E-09  5.011E-14  5.950E-10  6.475E-03  1.000E+00  1.000E+00  9.34E+01  5.83E+01  5.13E-01  0.008237  0.829441  0.0000000E+00  8.8509409461E-01
382  3.254122551431030E+06   84.979670  6.571842  3.860570  2.2953100E-01  7.7045730E-01  7.7027454E-08  2.1488447E-08  8.2488016E-06  3.5667650E-07  9.2694926E-10  1.9899682E-12  6.2973857E-08  3.1497001E-09  4.630E-09  0.0000  3.860570   -3.166  4.816153  9.050094  0.0000000E+00  2.1527252E-11  3.9549125E-02  2.9942450E-17  2.6759473E-18  8.1808736E-01  5.2485401E-20  3.1603072E-18  1.2835807E-01  1.0184459E-09  5.011E-14  5.945E-10  6.732E-03  1.000E+00  1.000E+00  9.34E+01  5.82E+01  5.13E-01  0.008233  0.829839  0.0000000E+00  8.8509293955E-01
383  3.254122563990423E+06   84.979661  6.571918  3.860567  2.2953100E-01  7.7045730E-01  7.7027454E-08  2.1488447E-08  8.2488016E-06  3.5667650E-07  9.2694926E-10  1.9899682E-12  6.2973857E-08  3.1497001E-09  4.630E-09  0.0000  3.860567   -3.166  4.828498  9.053238  0.0000000E+00  2.1326186E-11  3.7077337E-02  2.9942450E-17  2.6759473E-18  8.1653176E-01  5.2485401E-20  3.1603072E-18  1.3225119E-01  1.0184459E-09  5.011E-14  5.944E-10  6.862E-03  1.000E+00  1.000E+00  9.34E+01  5.82E+01  5.12E-01  0.008232  0.829986  0.0000000E+00  8.8509243723E-01
384  3.254122575570187E+06   84.979653  6.571381  3.860612  2.2953100E-01  7.7045730E-01  7.7027454E-08  2.1488447E-08  8.2488016E-06  3.5667650E-07  9.2694926E-10  1.9899682E-12  6.2973857E-08  3.1497001E-09  4.630E-09  0.0000  3.860612   -3.165  4.840732  9.056354  0.0000000E+00  2.0935157E-11  3.4605550E-02  2.9942450E-17  2.6759473E-18  8.1498136E-01  5.2485401E-20  3.1603072E-18  1.3613129E-01  1.0184459E-09  5.011E-14  5.966E-10  6.991E-03  1.000E+00  1.000E+00  9.34E+01  5.83E+01  5.14E-01  0.008254  0.828959  0.0000000E+00  8.8509197371E-01
385  3.254122586461241E+06   84.979646  6.568466  3.860766  2.2953100E-01  7.7045730E-01  7.7027454E-08  2.1488447E-08  8.2488016E-06  3.5667650E-07  9.2694926E-10  1.9899682E-12  6.2973857E-08  3.1497001E-09  4.630E-09  0.0000  3.860766   -3.188  4.853098  9.059497  0.0000000E+00  1.9880262E-11  3.2133763E-02  2.9942450E-17  2.6759473E-18  8.1343629E-01  5.2485401E-20  3.1603072E-18  1.3999802E-01  1.0184459E-09  5.011E-14  6.042E-10  7.125E-03  1.000E+00  1.000E+00  9.36E+01  5.94E+01  5.19E-01  0.008312  0.823414  0.0000000E+00  8.8509155130E-01
386  3.254122596813048E+06   84.979640  6.565431  3.860953  2.2953100E-01  7.7045730E-01  7.7027454E-08  2.1488447E-08  8.2488016E-06  3.5667650E-07  9.2694926E-10  1.9899682E-12  6.2973857E-08  3.1497001E-09  4.630E-09  0.0000  3.860953   -3.207  4.865748  9.062701  0.0000000E+00  1.9178186E-11  2.9661976E-02  2.9942450E-17  2.6759473E-18  8.1189687E-01  5.2485401E-20  3.1603072E-18  1.4385047E-01  1.0184459E-09  5.011E-14  6.138E-10  7.265E-03  1.000E+00  1.000E+00  9.38E+01  6.05E+01  5.24E-01  0.008392  0.817679  0.0000000E+00  8.8509116457E-01
387  3.254122606604017E+06   84.979633  6.562238  3.861166  2.2953100E-01  7.7045730E-01  7.7027454E-08  2.1488447E-08  8.2488016E-06  3.5667650E-07  9.2694926E-10  1.9899682E-12  6.2973857E-08  3.1497001E-09  4.630E-09  0.0000  3.861166   -3.228  4.878643  9.065959  0.0000000E+00  1.8298280E-11  2.7190189E-02  2.9942450E-17  2.6759473E-18  8.1036331E-01  5.2485401E-20  3.1603072E-18  1.4768817E-01  1.0184459E-09  5.011E-14  6.244E-10  7.410E-03  1.000E+00  1.000E+00  9.40E+01  6.17E+01  5.32E-01  0.008483  0.811690  0.0000000E+00  8.8509081257E-01
388  3.254122615918798E+06   84.979628  6.559408  3.861327  2.2953100E-01  7.7045730E-01  7.7027454E-08  2.1488447E-08  8.2488016E-06  3.5667650E-07  9.2694926E-10  1.9899682E-12  6.2973857E-08  3.1497001E-09  4.630E-09  0.0000  3.861327   -3.243  4.891867  9.069285  0.0000000E+00  1.7231136E-11  2.4718401E-02  2.9942450E-17  2.6759473E-18  8.0883598E-01  5.2485401E-20  3.1603072E-18  1.5151010E-01  1.0184459E-09  5.011E-14  6.328E-10  7.563E-03  1.000E+00  1.000E+00  9.42E+01  6.27E+01  5.37E-01  0.008548  0.806419  0.0000000E+00  8.8509048884E-01
389  3.254122624882155E+06   84.979623  6.556568  3.861526  2.2953100E-01  7.7045730E-01  7.7027454E-08  2.1488447E-08  8.2488016E-06  3.5667650E-07  9.2694926E-10  1.9899682E-12  6.2973857E-08  3.1497001E-09  4.630E-09  0.0000  3.861526   -3.264  4.905723  9.072762  0.0000000E+00  1.6011091E-11  2.2246614E-02  2.9942450E-17  2.6759473E-18  8.0731521E-01  5.2485401E-20  3.1603072E-18  1.5531535E-01  1.0184459E-09  5.011E-14  6.428E-10  7.725E-03  1.000E+00  1.000E+00  9.43E+01  6.38E+01  5.43E-01  0.008632  0.801162  0.0000000E+00  8.8509018838E-01
390  3.254122633591902E+06   84.979619  6.553842  3.861696  2.2953100E-01  7.7045730E-01  7.7027454E-08  2.1488447E-08  8.2488016E-06  3.5667650E-07  9.2694926E-10  1.9899682E-12  6.2973857E-08  3.1497001E-09  4.630E-09  0.0000  3.861696   -3.281  4.920203  9.076358  0.0000000E+00  1.4598106E-11  1.9774827E-02  2.9942450E-17  2.6759473E-18  8.0580138E-01  5.2485401E-20  3.1603072E-18  1.5910287E-01  1.0184459E-09  5.011E-14  6.518E-10  7.898E-03  1.000E+00  1.000E+00  9.45E+01  6.47E+01  5.48E-01  0.008703  0.796149  0.0000000E+00  8.8508990575E-01
391  3.254122642141939E+06   84.979614  6.550760  3.861891  2.2953100E-01  7.7045730E-01  7.7027454E-08  2.1488447E-08  8.2488016E-06  3.5667650E-07  9.2694926E-10  1.9899682E-12  6.2973857E-08  3.1497001E-09  4.630E-09  0.0000  3.861891   -3.298  4.935893  9.080243  0.0000000E+00  1.3059510E-11  1.7303040E-02  2.9942450E-17  2.6759473E-18  8.0429503E-01  5.2485401E-20  3.1603072E-18  1.6287112E-01  1.0184459E-09  5.011E-14  6.619E-10  8.091E-03  1.000E+00  1.000E+00  9.47E+01  6.58E+01  5.55E-01  0.008782  0.790519  0.0000000E+00  8.8508963758E-01
392  3.254122650660013E+06   84.979610  6.547353  3.862135  2.2953100E-01  7.7045730E-01  7.7027454E-08  2.1488447E-08  8.2488016E-06  3.5667650E-07  9.2694926E-10  1.9899682E-12  6.2973857E-08  3.1497001E-09  4.630E-09  0.0000  3.862135   -3.321  4.953074  9.084469  0.0000000E+00  1.1383939E-11  1.4831253E-02  2.9942450E-17  2.6759473E-18  8.0279676E-01  5.2485401E-20  3.1603072E-18  1.6661832E-01  1.0184459E-09  5.011E-14  6.744E-10  8.307E-03  1.000E+00  1.000E+00  9.50E+01  6.70E+01  5.62E-01  0.008881  0.784342  0.0000000E+00  8.8508938078E-01
393  3.254122659270777E+06   84.979606  6.545377  3.862254  2.2953100E-01  7.7045730E-01  7.7027454E-08  2.1488447E-08  8.2488016E-06  3.5667650E-07  9.2694926E-10  1.9899682E-12  6.2973857E-08  3.1497001E-09  4.630E-09  0.0000  3.862254   -3.332  4.972211  9.089117  0.0000000E+00  9.5613586E-12  1.2359466E-02  2.9942450E-17  2.6759473E-18  8.0130750E-01  5.2485401E-20  3.1603072E-18  1.7034168E-01  1.0184459E-09  5.011E-14  6.807E-10  8.555E-03  1.000E+00  1.000E+00  9.51E+01  6.77E+01  5.66E-01  0.008927  0.780782  0.0000000E+00  8.8508913012E-01
394  3.254122668147455E+06   84.979602  6.552580  3.861767  2.2953100E-01  7.7045730E-01  7.7027454E-08  2.1488447E-08  8.2488016E-06  3.5667650E-07  9.2694926E-10  1.9899682E-12  6.2973857E-08  3.1497001E-09  4.630E-09  0.0000  3.861767   -3.289  4.994683  9.094554  0.0000000E+00  7.6714049E-12  9.8876784E-03  2.9942450E-17  2.6759473E-18  7.9982849E-01  5.2485401E-20  3.1603072E-18  1.7403729E-01  1.0184459E-09  5.011E-14  6.555E-10  8.855E-03  1.000E+00  1.000E+00  9.46E+01  6.51E+01  5.51E-01  0.008730  0.793839  0.0000000E+00  8.8508885566E-01
395  3.254122677789312E+06   84.979597  6.548066  3.862086  2.2953100E-01  7.7045730E-01  7.7027454E-08  2.1488447E-08  8.2488016E-06  3.5667650E-07  9.2694926E-10  1.9899682E-12  6.2973857E-08  3.1497001E-09  4.630E-09  0.0000  3.862086   -3.315  5.022761  9.101263  0.0000000E+00  5.5529620E-12  7.4158912E-03  2.9942450E-17  2.6759473E-18  7.9836142E-01  5.2485401E-20  3.1603072E-18  1.7769918E-01  1.0184459E-09  5.011E-14  6.719E-10  9.245E-03  1.000E+00  1.000E+00  9.49E+01  6.68E+01  5.61E-01  0.008861  0.785630  0.0000000E+00  8.8508856035E-01
396  3.254122704574359E+06   84.979585  6.535025  3.862958  2.2953100E-01  7.7045730E-01  7.7027454E-08  2.1488447E-08  8.2488016E-06  3.5667650E-07  9.2694926E-10  1.9899682E-12  6.2973857E-08  3.1497001E-09  4.630E-09  0.0000  3.862958   -3.399  5.136471  9.128069  0.0000000E+00  2.0569141E-12  2.4723169E-03  2.9942450E-17  2.6759473E-18  7.9549659E-01  5.2485401E-20  3.1603072E-18  1.8481199E-01  1.0184459E-09  5.011E-14  7.183E-10  1.101E-02  1.000E+00  1.000E+00  9.58E+01  7.12E+01  5.88E-01  0.009207  0.762391  0.0000000E+00  8.8508782055E-01
397  3.254122723934904E+06   84.979577  6.532705  3.863164  2.2953100E-01  7.7045730E-01  7.7027454E-08  2.1488447E-08  8.2488016E-06  3.5667650E-07  9.2694926E-10  1.9899682E-12  6.2973857E-08  3.1497001E-09  4.630E-09  0.0000  3.863164   -3.406  5.305119  9.168331  0.0000000E+00  1.6082180E-11  4.4943353E-04  2.9942450E-17  2.6759473E-18  7.9609344E-01  5.2485401E-20  3.1603072E-18  1.8322830E-01  1.0184459E-09  5.011E-14  7.288E-10  1.426E-02  1.000E+00  1.000E+00  9.60E+01  7.20E+01  5.95E-01  0.009289  0.758329  0.0000000E+00  8.8508733856E-01
398  3.254122734459635E+06   84.979573  6.541436  3.862669  2.2953100E-01  7.7045730E-01  7.7027454E-08  2.1488447E-08  8.2488016E-06  3.5667650E-07  9.2694926E-10  1.9899682E-12  6.2973857E-08  3.1497001E-09  4.630E-09  0.0000  3.862669   -3.357  5.513856  9.224713  0.0000000E+00  1.8257730E-10  1.9417058E-05  2.9942450E-17  2.6759473E-18  8.6351061E-01  5.2485401E-20  3.1603072E-18  3.0504732E-02  1.0184459E-09  5.011E-14  7.012E-10  1.965E-02  1.000E+00  1.000E+00  9.54E+01  6.90E+01  5.79E-01  0.009107  0.773729  0.0000000E+00  8.8508705424E-01
399  3.254122739378078E+06   84.979571  6.543370  3.862686  2.2953100E-01  7.7045730E-01  7.7027454E-08  2.1488447E-08  8.2488016E-06  3.5667650E-07  9.2694926E-10  1.9899682E-12  6.2973857E-08  3.1497001E-09  4.630E-09  0.0000  3.862686   -3.346  5.821383  9.299190  0.0000000E+00  1.4309950E-11  2.4732172E-08  2.9942450E-17  2.6759473E-18  8.7807788E-01  5.2485401E-20  3.1603072E-18  1.6902795E-05  1.0184459E-09  5.011E-14  7.028E-10  3.150E-02  1.000E+00  1.000E+00  9.53E+01  6.84E+01  5.82E-01  0.009156  0.777182  0.0000000E+00  8.8508734234E-01
400  3.254122740598013E+06   84.979570  6.651989  3.860565  2.2953100E-01  7.7045730E-01  7.7027454E-08  2.1488447E-08  8.2488016E-06  3.5667650E-07  9.2694926E-10  1.9899682E-12  6.2973857E-08  3.1497001E-09  4.630E-09  0.0011  3.860565   -2.689  5.981424  9.369238  0.0000000E+00  4.1180350E-10  5.2968419E-07  3.4378499E-17  2.7725275E-18  7.1494530E-01  5.2028813E-20  3.3388721E-18  9.4419100E-06  1.0180466E-09  5.010E-14  5.005E-10  4.422E-02  1.000E+00  1.025E+00  8.93E+01  5.95E+00  4.72E-01  0.007938  0.998025  0.0000000E+00  8.8409487086E-01
