line                  time        mass     lg(L)  lg(Teff)        1H_surf       4He_surf       12C_surf       13C_surf       14N_surf       16O_surf       17O_surf       18O_surf      20Ne_surf      22Ne_surf  26Al_surf  Mcc/Mt   lg(Teff)  lg(Md)  lg(rhoc)    lg(Tc)         1H_cen        4He_cen        12C_cen        13C_cen        14N_cen        16O_cen        17O_cen        18O_cen       20Ne_cen       22Ne_cen   26Al_cen  Omeg_surf   Omeg_cen     Rp/Req   Md/Md(0)   v_crit1   v_crit2    v_equa  Om/Om_cr  Gamma_Ed  lg(Mdot_mech)             L_tot
   -                    yr        Msun      Lsun        K      mass frac.     mass frac.     mass frac.     mass frac.     mass frac.     mass frac.     mass frac.     mass frac.     mass frac.     mass frac. mass frac.       -          K   Ms/yr     g/cm3         K     mass frac.     mass frac.     mass frac.     mass frac.     mass frac.     mass frac.     mass frac.     mass frac.     mass frac.     mass frac. mass frac.        s-1        s-1          -          -      km/s      km/s      km/s         -         -        Msun/yr     10^53 g cm2/s

  1  1.906207078309391E+04  149.999745  6.382973  4.855705  7.5157740E-01  2.4837130E-01  1.2915521E-06  4.2971745E-09  1.0216519E-07  6.8211449E-06  3.5136664E-10  2.0005896E-09  9.2048308E-07  2.3543589E-08  4.714E-28  0.8687  4.855705   -7.931  0.723540  7.842229  7.4853310E-01  2.5145740E-01  1.0052021E-07  2.7760523E-08  7.3674609E-06  6.7121519E-08  9.6457935E-11  1.4318743E-13  3.5480950E-07  1.7469008E-08  1.432E-07  0.000E+00  0.000E+00  1.000E+00  1.000E+00  1.38E+03  0.00E+00  0.00E+00  0.000000  0.433550  0.0000000E+00  0.0000000000E+00
  2  6.299577111871605E+04  149.999225  6.385835  4.855223  7.5157740E-01  2.4837130E-01  1.2915518E-06  4.2974494E-09  1.0216520E-07  6.8211449E-06  3.5136666E-10  2.0005896E-09  9.2048308E-07  2.3543589E-08  1.834E-27  0.8619  4.855223   -7.922  0.724496  7.842913  7.3968594E-01  2.6030436E-01  9.9967936E-08  2.7600616E-08  7.3609243E-06  6.7661414E-08  9.7846212E-11  1.4490357E-13  3.4336808E-08  1.5621880E-09  1.163E-07  0.000E+00  0.000E+00  1.000E+00  1.000E+00  1.37E+03  0.00E+00  0.00E+00  0.000000  0.436418  0.0000000E+00  0.0000000000E+00
  3  1.062866077585469E+05  149.998702  6.388653  4.854704  7.5157740E-01  2.4837130E-01  1.2915516E-06  4.2977077E-09  1.0216520E-07  6.8211449E-06  3.5136668E-10  2.0005895E-09  9.2048308E-07  2.3543589E-08  2.991E-27  0.8553  4.854704   -7.914  0.725405  7.843577  7.3083878E-01  2.6915152E-01  1.0003450E-07  2.7619452E-08  7.3539913E-06  6.7480953E-08  9.7630555E-11  1.4420240E-13  3.3284160E-09  1.5339652E-10  4.738E-08  0.000E+00  0.000E+00  1.000E+00  1.000E+00  1.37E+03  0.00E+00  0.00E+00  0.000000  0.439261  0.0000000E+00  0.0000000000E+00
  4  1.489637919128678E+05  149.998177  6.391424  4.854158  7.5157740E-01  2.4837130E-01  1.2915513E-06  4.2979492E-09  1.0216520E-07  6.8211449E-06  3.5136670E-10  2.0005895E-09  9.2048308E-07  2.3543589E-08  3.961E-27  0.8490  4.854158   -7.905  0.726334  7.844241  7.2199162E-01  2.7799868E-01  1.0012429E-07  2.7644861E-08  7.3469556E-06  6.7276020E-08  9.7358985E-11  1.4341803E-13  3.1755582E-10  1.4867437E-11  2.225E-08  0.000E+00  0.000E+00  1.000E+00  1.000E+00  1.36E+03  0.00E+00  0.00E+00  0.000000  0.442074  0.0000000E+00  0.0000000000E+00
  5  1.910617055335171E+05  149.997648  6.394146  4.853588  7.5157740E-01  2.4837130E-01  1.2915511E-06  4.2981746E-09  1.0216521E-07  6.8211449E-06  3.5136671E-10  2.0005894E-09  9.2048308E-07  2.3543589E-08  4.764E-27  0.8430  4.853588   -7.897  0.727282  7.844909  7.1314445E-01  2.8684583E-01  1.0021333E-07  2.7670014E-08  7.3398253E-06  6.7067716E-08  9.7083989E-11  1.4262812E-13  3.0208696E-11  1.4391017E-12  1.426E-08  0.000E+00  0.000E+00  1.000E+00  1.000E+00  1.36E+03  0.00E+00  0.00E+00  0.000000  0.444855  0.0000000E+00  0.0000000000E+00
  6  2.325985088735472E+05  149.997116  6.396849  4.852990  7.5157740E-01  2.4837130E-01  1.2915509E-06  4.2983843E-09  1.0216521E-07  6.8211449E-06  3.5136672E-10  2.0005894E-09  9.2048308E-07  2.3543589E-08  5.418E-27  0.8372  4.852990   -7.888  0.728259  7.845579  7.0429729E-01  2.9569291E-01  1.0028015E-07  2.7688380E-08  7.3325967E-06  6.6886358E-08  9.6872102E-11  1.4193064E-13  3.0768168E-12  1.4924943E-13  1.071E-08  0.000E+00  0.000E+00  1.000E+00  1.000E+00  1.36E+03  0.00E+00  0.00E+00  0.000000  0.447634  0.0000000E+00  0.0000000000E+00
  7  2.736049360715557E+05  149.996579  6.399518  4.852363  7.5157740E-01  2.4837130E-01  1.2915508E-06  4.2985791E-09  1.0216521E-07  6.8211449E-06  3.5136674E-10  2.0005894E-09  9.2048308E-07  2.3543589E-08  5.942E-27  0.8316  4.852363   -7.879  0.729259  7.846254  6.9545013E-01  3.0454012E-01  1.0036854E-07  2.7713177E-08  7.3252664E-06  6.6677807E-08  9.6602585E-11  1.4114210E-13  5.1763007E-13  2.6342414E-14  8.471E-09  0.000E+00  0.000E+00  1.000E+00  1.000E+00  1.35E+03  0.00E+00  0.00E+00  0.000000  0.450395  0.0000000E+00  0.0000000000E+00
  8  3.140800857640915E+05  149.996039  6.402146  4.851651  7.5157740E-01  2.4837130E-01  1.2915506E-06  4.2987595E-09  1.0216522E-07  6.8211449E-06  3.5136675E-10  2.0005894E-09  9.2048308E-07  2.3543589E-08  6.349E-27  0.8259  4.851651   -7.870  0.730283  7.846931  6.8660297E-01  3.1338723E-01  1.0043414E-07  2.7731143E-08  7.3178355E-06  6.6491496E-08  9.6386512E-11  1.4043578E-13  2.8002926E-13  1.4908987E-14  6.748E-09  0.000E+00  0.000E+00  1.000E+00  1.000E+00  1.35E+03  0.00E+00  0.00E+00  0.000000  0.453130  0.0000000E+00  0.0000000000E+00
  9  3.540479538947180E+05  149.995495  6.404769  4.850893  7.5157740E-01  2.4837130E-01  1.2915504E-06  4.2989260E-09  1.0216522E-07  6.8211449E-06  3.5136676E-10  2.0005893E-09  9.2048308E-07  2.3543589E-08  6.656E-27  0.8206  4.850893   -7.861  0.731345  7.847614  6.7775581E-01  3.2223439E-01  1.0052517E-07  2.7756055E-08  7.3102935E-06  6.6280394E-08  9.6117080E-11  1.3964561E-13  2.5685052E-13  1.3970900E-14  5.368E-09  0.000E+00  0.000E+00  1.000E+00  1.000E+00  1.34E+03  0.00E+00  0.00E+00  0.000000  0.455877  0.0000000E+00  0.0000000000E+00
 10  3.935170608722398E+05  149.994945  6.407344  4.850121  7.5157740E-01  2.4837130E-01  1.2915503E-06  4.2990795E-09  1.0216522E-07  6.8211449E-06  3.5136677E-10  2.0005893E-09  9.2048308E-07  2.3543589E-08  6.875E-27  0.8153  4.850121   -7.852  0.732425  7.848301  6.6890865E-01  3.3108156E-01  1.0059076E-07  2.7773782E-08  7.3026512E-06  6.6091228E-08  9.5901635E-11  1.3893477E-13  2.5366633E-13  1.3999041E-14  4.254E-09  0.000E+00  0.000E+00  1.000E+00  1.000E+00  1.34E+03  0.00E+00  0.00E+00  0.000000  0.458590  0.0000000E+00  0.0000000000E+00
 11  4.325027588330029E+05  149.994391  6.409907  4.849323  7.5157740E-01  2.4837130E-01  1.2915502E-06  4.2992206E-09  1.0216522E-07  6.8211449E-06  3.5136678E-10  2.0005893E-09  9.2048308E-07  2.3543589E-08  7.020E-27  0.8103  4.849323   -7.843  0.733540  7.848992  6.6006149E-01  3.3992875E-01  1.0068308E-07  2.7798641E-08  7.2948934E-06  6.5877490E-08  9.5632819E-11  1.3814363E-13  2.5219679E-13  1.4140214E-14  3.356E-09  0.000E+00  0.000E+00  1.000E+00  1.000E+00  1.33E+03  0.00E+00  0.00E+00  0.000000  0.461306  0.0000000E+00  0.0000000000E+00
 12  4.710057179445106E+05  149.993832  6.412442  4.848503  7.5157740E-01  2.4837130E-01  1.2915501E-06  4.2993501E-09  1.0216522E-07  6.8211449E-06  3.5136679E-10  2.0005893E-09  9.2048308E-07  2.3543589E-08  7.104E-27  0.8051  4.848503   -7.834  0.734646  7.849677  6.5121433E-01  3.4877587E-01  1.0098867E-07  2.7886468E-08  7.2868891E-06  6.5450600E-08  9.4891468E-11  1.3660984E-13  2.5084849E-13  1.4507542E-14  2.651E-09  0.000E+00  0.000E+00  1.000E+00  1.000E+00  1.33E+03  0.00E+00  0.00E+00  0.000000  0.464009  0.0000000E+00  0.0000000000E+00
 13  5.090463923019014E+05  149.993269  6.414972  4.847662  7.5157740E-01  2.4837130E-01  1.2915499E-06  4.2994687E-09  1.0216522E-07  6.8211449E-06  3.5136679E-10  2.0005892E-09  9.2048308E-07  2.3543589E-08  7.136E-27  0.8003  4.847662   -7.824  0.735860  7.850392  6.4236716E-01  3.5762304E-01  1.0084376E-07  2.7841300E-08  7.2790535E-06  6.5468493E-08  9.5147816E-11  1.3663283E-13  2.4968732E-13  1.4426562E-14  2.060E-09  0.000E+00  0.000E+00  1.000E+00  1.000E+00  1.33E+03  0.00E+00  0.00E+00  0.000000  0.466721  0.0000000E+00  0.0000000000E+00
 14  5.466353566691008E+05  149.992699  6.417487  4.846795  7.5157740E-01  2.4837130E-01  1.2915498E-06  4.2995774E-09  1.0216523E-07  6.8211449E-06  3.5136680E-10  2.0005892E-09  9.2048308E-07  2.3543589E-08  7.125E-27  0.7954  4.846795   -7.815  0.737063  7.851099  6.3352000E-01  3.6647020E-01  1.0093547E-07  2.7865926E-08  7.2709734E-06  6.5238560E-08  9.4864866E-11  1.3580189E-13  2.4831776E-13  1.4606479E-14  1.611E-09  0.000E+00  0.000E+00  1.000E+00  1.000E+00  1.32E+03  0.00E+00  0.00E+00  0.000000  0.469435  0.0000000E+00  0.0000000000E+00
 15  5.837800527873827E+05  149.992124  6.419986  4.845908  7.5157740E-01  2.4837130E-01  1.2915498E-06  4.2996765E-09  1.0216523E-07  6.8211449E-06  3.5136680E-10  2.0005892E-09  9.2048308E-07  2.3543589E-08  7.080E-27  0.7907  4.845908   -7.806  0.738306  7.851814  6.2467284E-01  3.7531736E-01  1.0100612E-07  2.7884047E-08  7.2627632E-06  6.5053182E-08  9.4664473E-11  1.3510900E-13  2.4718624E-13  1.4723111E-14  1.240E-09  0.000E+00  0.000E+00  1.000E+00  1.000E+00  1.32E+03  0.00E+00  0.00E+00  0.000000  0.472145  0.0000000E+00  0.0000000000E+00
 16  6.204910778992204E+05  149.991543  6.422462  4.844905  7.5157740E-01  2.4837130E-01  1.2915497E-06  4.2997668E-09  1.0216523E-07  6.8211449E-06  3.5136681E-10  2.0005892E-09  9.2048308E-07  2.3543589E-08  7.007E-27  0.7860  4.844905   -7.796  0.739574  7.852535  6.1582568E-01  3.8416452E-01  1.0110116E-07  2.7909050E-08  7.2544410E-06  6.4831342E-08  9.4395987E-11  1.3430565E-13  2.4583557E-13  1.4884917E-14  9.574E-10  0.000E+00  0.000E+00  1.000E+00  1.000E+00  1.31E+03  0.00E+00  0.00E+00  0.000000  0.474846  0.0000000E+00  0.0000000000E+00
 17  6.567693950176447E+05  149.990955  6.424914  4.843877  7.5157740E-01  2.4837130E-01  1.2915496E-06  4.2998489E-09  1.0216523E-07  6.8211449E-06  3.5136681E-10  2.0005892E-09  9.2048308E-07  2.3543589E-08  6.912E-27  0.7813  4.843877   -7.786  0.740887  7.853262  6.0697852E-01  3.9301168E-01  1.0117585E-07  2.7927655E-08  7.2460029E-06  6.4631521E-08  9.4178672E-11  1.3357982E-13  2.4467786E-13  1.5029088E-14  7.309E-10  0.000E+00  0.000E+00  1.000E+00  1.000E+00  1.31E+03  0.00E+00  0.00E+00  0.000000  0.477535  0.0000000E+00  0.0000000000E+00
 18  6.926325615726603E+05  149.990361  6.427361  4.842816  7.5157740E-01  2.4837130E-01  1.2915495E-06  4.2999233E-09  1.0216523E-07  6.8211449E-06  3.5136682E-10  2.0005892E-09  9.2048308E-07  2.3543589E-08  6.800E-27  0.7768  4.842816   -7.776  0.742233  7.853995  5.9813136E-01  4.0185884E-01  1.0127559E-07  2.7953294E-08  7.2374398E-06  6.4406685E-08  9.3911097E-11  1.3277399E-13  2.4333738E-13  1.5194992E-14  5.575E-10  0.000E+00  0.000E+00  1.000E+00  1.000E+00  1.30E+03  0.00E+00  0.00E+00  0.000000  0.480235  0.0000000E+00  0.0000000000E+00
 19  7.280849892715241E+05  149.989761  6.429773  4.841733  7.5157740E-01  2.4837130E-01  1.2915495E-06  4.2999907E-09  1.0216523E-07  6.8211449E-06  3.5136682E-10  2.0005892E-09  9.2048308E-07  2.3543589E-08  6.675E-27  0.7723  4.841733   -7.766  0.743619  7.854737  5.8928420E-01  4.1070593E-01  1.0135635E-07  2.7972810E-08  7.2287555E-06  6.4202975E-08  9.3691112E-11  1.3204535E-13  2.4216289E-13  1.5345630E-14  4.215E-10  0.000E+00  0.000E+00  1.000E+00  1.000E+00  1.30E+03  0.00E+00  0.00E+00  0.000000  0.482913  0.0000000E+00  0.0000000000E+00
 20  7.631290659763274E+05  149.989153  6.432173  4.840629  7.5157740E-01  2.4837130E-01  1.2915494E-06  4.3000517E-09  1.0216523E-07  6.8211449E-06  3.5136683E-10  2.0005892E-09  9.2048308E-07  2.3543589E-08  6.540E-27  0.7677  4.840629   -7.756  0.744995  7.855481  5.8043704E-01  4.1955316E-01  1.0145061E-07  2.7997815E-08  7.2199595E-06  6.3974857E-08  9.3426505E-11  1.3122316E-13  2.4084690E-13  1.5518009E-14  3.171E-10  0.000E+00  0.000E+00  1.000E+00  1.000E+00  1.29E+03  0.00E+00  0.00E+00  0.000000  0.485591  0.0000000E+00  0.0000000000E+00
 21  7.977739047959789E+05  149.988538  6.434601  4.839485  7.5157740E-01  2.4837130E-01  1.2915494E-06  4.3001069E-09  1.0216523E-07  6.8211449E-06  3.5136683E-10  2.0005891E-09  9.2048308E-07  2.3543589E-08  6.400E-27  0.7634  4.839485   -7.746  0.746471  7.856241  5.7158987E-01  4.2840033E-01  1.0153824E-07  2.8018626E-08  7.2110211E-06  6.3767029E-08  9.3204071E-11  1.3048629E-13  2.3964093E-13  1.5673873E-14  2.373E-10  0.000E+00  0.000E+00  1.000E+00  1.000E+00  1.29E+03  0.00E+00  0.00E+00  0.000000  0.488315  0.0000000E+00  0.0000000000E+00
 22  8.320282541265729E+05  149.987915  6.436976  4.838329  7.5157740E-01  2.4837130E-01  1.2915493E-06  4.3001568E-09  1.0216523E-07  6.8211449E-06  3.5136683E-10  2.0005891E-09  9.2048308E-07  2.3543589E-08  6.256E-27  0.7591  4.838329   -7.736  0.747954  7.857002  5.6274271E-01  4.3724749E-01  1.0164588E-07  2.8045582E-08  7.2019608E-06  6.3535229E-08  9.2935657E-11  1.2966717E-13  2.3833351E-13  1.5852985E-14  1.763E-10  0.000E+00  0.000E+00  1.000E+00  1.000E+00  1.28E+03  0.00E+00  0.00E+00  0.000000  0.490995  0.0000000E+00  0.0000000000E+00
 23  8.658960032387703E+05  149.987285  6.439385  4.837123  7.5157740E-01  2.4837130E-01  1.2915493E-06  4.3002018E-09  1.0216524E-07  6.8211449E-06  3.5136683E-10  2.0005891E-09  9.2048308E-07  2.3543589E-08  6.110E-27  0.7547  4.837123   -7.725  0.749502  7.857776  5.5389555E-01  4.4609455E-01  1.0175000E-07  2.8072392E-08  7.1927784E-06  6.3300515E-08  9.2669300E-11  1.2883206E-13  2.3697221E-13  1.6037584E-14  1.305E-10  0.000E+00  0.000E+00  1.000E+00  1.000E+00  1.28E+03  0.00E+00  0.00E+00  0.000000  0.493727  0.0000000E+00  0.0000000000E+00
 24  8.993825515969286E+05  149.986647  6.441721  4.835835  7.5157740E-01  2.4837130E-01  1.2915492E-06  4.3002424E-09  1.0216524E-07  6.8211449E-06  3.5136684E-10  2.0005891E-09  9.2048308E-07  2.3543589E-08  5.964E-27  0.7502  4.835835   -7.715  0.751073  7.858554  5.4504839E-01  4.5494181E-01  1.0182939E-07  2.8092129E-08  7.1834722E-06  6.3088255E-08  9.2451491E-11  1.2807345E-13  2.3581190E-13  1.6199738E-14  9.544E-11  0.000E+00  0.000E+00  1.000E+00  1.000E+00  1.27E+03  0.00E+00  0.00E+00  0.000000  0.496392  0.0000000E+00  0.0000000000E+00
 25  9.324984345466250E+05  149.986000  6.444078  4.834477  7.5157740E-01  2.4837130E-01  1.2915492E-06  4.3002789E-09  1.0216524E-07  6.8211449E-06  3.5136684E-10  2.0005891E-09  9.2048308E-07  2.3543589E-08  5.818E-27  0.7462  4.834477   -7.704  0.752709  7.859345  5.3620123E-01  4.6378897E-01  1.0195063E-07  2.8121693E-08  7.1740092E-06  6.2850195E-08  9.2181000E-11  1.2724197E-13  2.3447135E-13  1.6388332E-14  6.952E-11  0.000E+00  0.000E+00  1.000E+00  1.000E+00  1.26E+03  0.00E+00  0.00E+00  0.000000  0.499096  0.0000000E+00  0.0000000000E+00
 26  9.652317917186101E+05  149.985344  6.446421  4.833082  7.5157740E-01  2.4837130E-01  1.2915492E-06  4.3003118E-09  1.0216524E-07  6.8211449E-06  3.5136684E-10  2.0005891E-09  9.2048308E-07  2.3543589E-08  5.675E-27  0.7417  4.833082   -7.693  0.754384  7.860144  5.2735407E-01  4.7263613E-01  1.0203482E-07  2.8142532E-08  7.1644341E-06  6.2632907E-08  9.1961179E-11  1.2646671E-13  2.3327353E-13  1.6560087E-14  5.025E-11  0.000E+00  0.000E+00  1.000E+00  1.000E+00  1.26E+03  0.00E+00  0.00E+00  0.000000  0.501798  0.0000000E+00  0.0000000000E+00
 27  9.976107312754631E+05  149.984680  6.448741  4.831674  7.5157740E-01  2.4837130E-01  1.2915491E-06  4.3003415E-09  1.0216524E-07  6.8211449E-06  3.5136684E-10  2.0005891E-09  9.2048308E-07  2.3543589E-08  5.534E-27  0.7373  4.831674   -7.682  0.756084  7.860948  5.1850691E-01  4.8148329E-01  1.0214092E-07  2.8169919E-08  7.1547271E-06  6.2391305E-08  9.1697182E-11  1.2561002E-13  2.3195979E-13  1.6756524E-14  3.602E-11  0.000E+00  0.000E+00  1.000E+00  1.000E+00  1.25E+03  0.00E+00  0.00E+00  0.000000  0.504489  0.0000000E+00  0.0000000000E+00
 28  1.029632309225821E+06  149.984005  6.451039  4.830231  7.5157740E-01  2.4837130E-01  1.2915491E-06  4.3003683E-09  1.0216524E-07  6.8211449E-06  3.5136684E-10  2.0005891E-09  9.2048308E-07  2.3543589E-08  5.397E-27  0.7334  4.830231   -7.671  0.757847  7.861765  5.0965975E-01  4.9033045E-01  1.0226276E-07  2.8199960E-08  7.1448639E-06  6.2147348E-08  9.1428678E-11  1.2475442E-13  2.3061335E-13  1.6955916E-14  2.568E-11  0.000E+00  0.000E+00  1.000E+00  1.000E+00  1.25E+03  0.00E+00  0.00E+00  0.000000  0.507167  0.0000000E+00  0.0000000000E+00
 29  1.061291945936699E+06  149.983322  6.453341  4.828740  7.5157740E-01  2.4837130E-01  1.2915491E-06  4.3003923E-09  1.0216524E-07  6.8211449E-06  3.5136684E-10  2.0005891E-09  9.2048308E-07  2.3543589E-08  5.263E-27  0.7291  4.828740   -7.660  0.759671  7.862594  5.0081258E-01  4.9917759E-01  1.0236496E-07  2.8224257E-08  7.1348600E-06  6.1923464E-08  9.1203411E-11  1.2396409E-13  2.2942489E-13  1.7139598E-14  1.813E-11  0.000E+00  0.000E+00  1.000E+00  1.000E+00  1.24E+03  0.00E+00  0.00E+00  0.000000  0.509865  0.0000000E+00  0.0000000000E+00
 30  1.092597871980219E+06  149.982627  6.455630  4.827212  7.5157740E-01  2.4837130E-01  1.2915491E-06  4.3004139E-09  1.0216524E-07  6.8211449E-06  3.5136685E-10  2.0005891E-09  9.2048308E-07  2.3543589E-08  5.133E-27  0.7246  4.827212   -7.649  0.761535  7.863432  4.9196542E-01  5.0802478E-01  1.0247983E-07  2.8253772E-08  7.1247302E-06  6.1674993E-08  9.0938916E-11  1.2308145E-13  2.2809694E-13  1.7348523E-14  1.270E-11  0.000E+00  0.000E+00  1.000E+00  1.000E+00  1.24E+03  0.00E+00  0.00E+00  0.000000  0.512562  0.0000000E+00  0.0000000000E+00
 31  1.123558422509560E+06  149.981924  6.457917  4.825651  7.5157740E-01  2.4837130E-01  1.2915491E-06  4.3004334E-09  1.0216524E-07  6.8211449E-06  3.5136685E-10  2.0005891E-09  9.2048308E-07  2.3543589E-08  5.007E-27  0.7203  4.825651   -7.638  0.763439  7.864277  4.8311826E-01  5.1687194E-01  1.0259564E-07  2.8283446E-08  7.1144585E-06  6.1423019E-08  9.0673841E-11  1.2218760E-13  2.2672063E-13  1.7568199E-14  8.862E-12  0.000E+00  0.000E+00  1.000E+00  1.000E+00  1.23E+03  0.00E+00  0.00E+00  0.000000  0.515271  0.0000000E+00  0.0000000000E+00
 32  1.154172938441496E+06  149.981209  6.460174  4.824051  7.5157740E-01  2.4837130E-01  1.2915490E-06  4.3004509E-09  1.0216524E-07  6.8211449E-06  3.5136685E-10  2.0005891E-09  9.2048308E-07  2.3543589E-08  4.885E-27  0.7161  4.824051   -7.627  0.765407  7.865137  4.7427110E-01  5.2571900E-01  1.0269569E-07  2.8308015E-08  7.1040327E-06  6.1193916E-08  9.0453415E-11  1.2136646E-13  2.2555430E-13  1.7756163E-14  6.108E-12  0.000E+00  0.000E+00  1.000E+00  1.000E+00  1.22E+03  0.00E+00  0.00E+00  0.000000  0.517958  0.0000000E+00  0.0000000000E+00
 33  1.184449067753021E+06  149.980485  6.462416  4.822294  7.5157740E-01  2.4837130E-01  1.2915490E-06  4.3004668E-09  1.0216524E-07  6.8211449E-06  3.5136685E-10  2.0005891E-09  9.2048308E-07  2.3543589E-08  4.768E-27  0.7119  4.822294   -7.615  0.767427  7.866007  4.6542394E-01  5.3456616E-01  1.0281687E-07  2.8339055E-08  7.0934661E-06  6.0938760E-08  9.0190427E-11  1.2045627E-13  2.2422732E-13  1.7978641E-14  4.188E-12  0.000E+00  0.000E+00  1.000E+00  1.000E+00  1.22E+03  0.00E+00  0.00E+00  0.000000  0.520641  0.0000000E+00  0.0000000000E+00
 34  1.214388627231405E+06  149.979747  6.464652  4.820499  7.5157740E-01  2.4837130E-01  1.2915490E-06  4.3004813E-09  1.0216524E-07  6.8211449E-06  3.5136685E-10  2.0005891E-09  9.2048308E-07  2.3543589E-08  4.654E-27  0.7077  4.820499   -7.603  0.769503  7.866889  4.5657678E-01  5.4341332E-01  1.0294087E-07  2.8370826E-08  7.0827480E-06  6.0679909E-08  8.9926504E-11  1.1953051E-13  2.2284343E-13  1.8211705E-14  2.866E-12  0.000E+00  0.000E+00  1.000E+00  1.000E+00  1.21E+03  0.00E+00  0.00E+00  0.000000  0.523331  0.0000000E+00  0.0000000000E+00
 35  1.243998324838367E+06  149.978998  6.466847  4.818675  7.5157740E-01  2.4837130E-01  1.2915490E-06  4.3004947E-09  1.0216524E-07  6.8211449E-06  3.5136685E-10  2.0005891E-09  9.2048308E-07  2.3543589E-08  4.544E-27  0.7035  4.818675   -7.591  0.771613  7.867775  4.4772962E-01  5.5226048E-01  1.0322357E-07  2.8452644E-08  7.0717213E-06  6.0312692E-08  8.9454429E-11  1.1816279E-13  2.2163331E-13  1.8552106E-14  1.951E-12  0.000E+00  0.000E+00  1.000E+00  1.000E+00  1.20E+03  0.00E+00  0.00E+00  0.000000  0.525986  0.0000000E+00  0.0000000000E+00
 36  1.273277375205054E+06  149.978238  6.469039  4.816819  7.5157740E-01  2.4837130E-01  1.2915490E-06  4.3005070E-09  1.0216524E-07  6.8211449E-06  3.5136685E-10  2.0005891E-09  9.2048308E-07  2.3543589E-08  4.439E-27  0.6992  4.816819   -7.579  0.773825  7.868690  4.3888246E-01  5.6110770E-01  1.0317536E-07  2.8430269E-08  7.0608491E-06  6.0180667E-08  8.9444287E-11  1.1772450E-13  2.2034561E-13  1.8652517E-14  1.325E-12  0.000E+00  0.000E+00  1.000E+00  1.000E+00  1.20E+03  0.00E+00  0.00E+00  0.000000  0.528649  0.0000000E+00  0.0000000000E+00
 37  1.302237448009076E+06  149.977464  6.471215  4.814914  7.5157740E-01  2.4837130E-01  1.2915490E-06  4.3005185E-09  1.0216524E-07  6.8211449E-06  3.5136685E-10  2.0005891E-09  9.2048308E-07  2.3543589E-08  4.337E-27  0.6951  4.814914   -7.568  0.776074  7.869607  4.3003529E-01  5.6995486E-01  1.0330029E-07  2.8462845E-08  7.0496756E-06  5.9915692E-08  8.9186481E-11  1.1676371E-13  2.1898401E-13  1.8893473E-14  9.064E-13  0.000E+00  0.000E+00  1.000E+00  1.000E+00  1.19E+03  0.00E+00  0.00E+00  0.000000  0.531308  0.0000000E+00  0.0000000000E+00
 38  1.330875465518883E+06  149.976678  6.473409  4.812969  7.5157740E-01  2.4837130E-01  1.2915490E-06  4.3005293E-09  1.0216524E-07  6.8211449E-06  3.5136685E-10  2.0005891E-09  9.2048308E-07  2.3543589E-08  4.239E-27  0.6909  4.812969   -7.555  0.778344  7.870530  4.2118813E-01  5.7880207E-01  1.0357320E-07  2.8542649E-08  7.0382959E-06  5.9446694E-08  8.8606276E-11  1.1513339E-13  2.1755353E-13  1.9433012E-14  6.319E-13  0.000E+00  0.000E+00  1.000E+00  1.000E+00  1.18E+03  0.00E+00  0.00E+00  0.000000  0.534001  0.0000000E+00  0.0000000000E+00
 39  1.359203716779942E+06  149.975878  6.475578  4.810975  7.5157740E-01  2.4837130E-01  1.2915490E-06  4.3005395E-09  1.0216524E-07  6.8211449E-06  3.5136685E-10  2.0005891E-09  9.2048308E-07  2.3543589E-08  4.144E-27  0.6867  4.810975   -7.543  0.780769  7.871492  4.1234097E-01  5.8764913E-01  1.0354437E-07  2.8525665E-08  7.0268356E-06  5.9398670E-08  8.8708643E-11  1.1486430E-13  2.1643564E-13  1.9375891E-14  4.441E-13  0.000E+00  0.000E+00  1.000E+00  1.000E+00  1.18E+03  0.00E+00  0.00E+00  0.000000  0.536678  0.0000000E+00  0.0000000000E+00
 40  1.387221741492408E+06  149.975065  6.477720  4.808929  7.5157740E-01  2.4837130E-01  1.2915490E-06  4.3005493E-09  1.0216524E-07  6.8211449E-06  3.5136685E-10  2.0005891E-09  9.2048308E-07  2.3543589E-08  4.053E-27  0.6826  4.808929   -7.531  0.783219  7.872456  4.0349381E-01  5.9649639E-01  1.0367921E-07  2.8561013E-08  7.0151753E-06  5.9125212E-08  8.8453299E-11  1.1385594E-13  2.1509509E-13  1.9637706E-14  3.238E-13  0.000E+00  0.000E+00  1.000E+00  1.000E+00  1.17E+03  0.00E+00  0.00E+00  0.000000  0.539334  0.0000000E+00  0.0000000000E+00
 41  1.414928021580408E+06  149.974238  6.479879  4.806831  7.5157740E-01  2.4837130E-01  1.2915489E-06  4.3005587E-09  1.0216524E-07  6.8211449E-06  3.5136685E-10  2.0005891E-09  9.2048308E-07  2.3543589E-08  3.966E-27  0.6786  4.806831   -7.519  0.785738  7.873435  3.9464665E-01  6.0534345E-01  1.0381718E-07  2.8597247E-08  7.0033472E-06  5.8848682E-08  8.8200021E-11  1.1282695E-13  2.1372637E-13  1.9905277E-14  2.462E-13  0.000E+00  0.000E+00  1.000E+00  1.000E+00  1.16E+03  0.00E+00  0.00E+00  0.000000  0.542025  0.0000000E+00  0.0000000000E+00
 42  1.442334250679634E+06  149.973397  6.481989  4.804539  7.5157740E-01  2.4837130E-01  1.2915489E-06  4.3005678E-09  1.0216524E-07  6.8211449E-06  3.5136685E-10  2.0005891E-09  9.2048308E-07  2.3543589E-08  3.881E-27  0.6744  4.804539   -7.506  0.788333  7.874428  3.8579949E-01  6.1419061E-01  1.0395777E-07  2.8634288E-08  6.9913520E-06  5.8567634E-08  8.7945651E-11  1.1177735E-13  2.1235305E-13  2.0194427E-14  1.964E-13  0.000E+00  0.000E+00  1.000E+00  1.000E+00  1.15E+03  0.00E+00  0.00E+00  0.000000  0.544668  0.0000000E+00  0.0000000000E+00
 43  1.469441499116499E+06  149.972540  6.484070  4.802199  7.5157740E-01  2.4837130E-01  1.2915489E-06  4.3005767E-09  1.0216524E-07  6.8211449E-06  3.5136685E-10  2.0005891E-09  9.2048308E-07  2.3543589E-08  3.800E-27  0.6703  4.802199   -7.494  0.791013  7.875441  3.7695233E-01  6.2303778E-01  1.0408758E-07  2.8667714E-08  6.9791671E-06  5.8308557E-08  8.7729878E-11  1.1078365E-13  2.1116146E-13  2.0440067E-14  1.641E-13  0.000E+00  0.000E+00  1.000E+00  1.000E+00  1.15E+03  0.00E+00  0.00E+00  0.000000  0.547287  0.0000000E+00  0.0000000000E+00
 44  1.496256289197387E+06  149.971667  6.486132  4.799848  7.5157740E-01  2.4837130E-01  1.2915489E-06  4.3005853E-09  1.0216524E-07  6.8211449E-06  3.5136686E-10  2.0005891E-09  9.2048308E-07  2.3543589E-08  3.721E-27  0.6662  4.799848   -7.481  0.793742  7.876468  3.6810517E-01  6.3188493E-01  1.0423720E-07  2.8707309E-08  6.9668194E-06  5.8022881E-08  8.7479993E-11  1.0969488E-13  2.0981140E-13  2.0731395E-14  1.432E-13  0.000E+00  0.000E+00  1.000E+00  1.000E+00  1.14E+03  0.00E+00  0.00E+00  0.000000  0.549895  0.0000000E+00  0.0000000000E+00
 45  1.522777265053013E+06  149.970778  6.488207  4.797409  7.5157740E-01  2.4837130E-01  1.2915489E-06  4.3005940E-09  1.0216524E-07  6.8211449E-06  3.5136686E-10  2.0005891E-09  9.2048308E-07  2.3543589E-08  3.646E-27  0.6622  4.797409   -7.469  0.796569  7.877516  3.5925800E-01  6.4073210E-01  1.0439083E-07  2.8748110E-08  6.9542925E-06  5.7733789E-08  8.7233376E-11  1.0858123E-13  2.0845789E-13  2.1031340E-14  1.295E-13  0.000E+00  0.000E+00  1.000E+00  1.000E+00  1.13E+03  0.00E+00  0.00E+00  0.000000  0.552533  0.0000000E+00  0.0000000000E+00
 46  1.548998920832799E+06  149.969872  6.490273  4.794927  7.5157740E-01  2.4837130E-01  1.2915489E-06  4.3006027E-09  1.0216524E-07  6.8211449E-06  3.5136686E-10  2.0005891E-09  9.2048308E-07  2.3543589E-08  3.575E-27  0.6576  4.794927   -7.456  0.799463  7.878582  3.5041084E-01  6.4957926E-01  1.0454850E-07  2.8790050E-08  6.9415844E-06  5.7441218E-08  8.6989169E-11  1.0744349E-13  2.0709456E-13  2.1339758E-14  1.202E-13  0.000E+00  0.000E+00  1.000E+00  1.000E+00  1.12E+03  0.00E+00  0.00E+00  0.000000  0.555171  0.0000000E+00  0.0000000000E+00
 47  1.574942856740118E+06  149.968951  6.492359  4.792357  7.5157740E-01  2.4837130E-01  1.2915489E-06  4.3006117E-09  1.0216524E-07  6.8211449E-06  3.5136686E-10  2.0005891E-09  9.2048308E-07  2.3543589E-08  3.509E-27  0.6537  4.792357   -7.443  0.802461  7.879670  3.4156368E-01  6.5842642E-01  1.0465973E-07  2.8821813E-08  6.9287602E-06  5.7145204E-08  8.6768393E-11  1.0634391E-13  2.0571448E-13  2.1657638E-14  1.136E-13  0.000E+00  0.000E+00  1.000E+00  1.000E+00  1.12E+03  0.00E+00  0.00E+00  0.000000  0.557846  0.0000000E+00  0.0000000000E+00
 48  1.600593547526437E+06  149.968011  6.494440  4.789697  7.5157740E-01  2.4837130E-01  1.2915489E-06  4.3006206E-09  1.0216524E-07  6.8211449E-06  3.5136686E-10  2.0005891E-09  9.2048308E-07  2.3543589E-08  3.444E-27  0.6497  4.789697   -7.430  0.805573  7.880784  3.3271652E-01  6.6727358E-01  1.0482503E-07  2.8866132E-08  6.9156809E-06  5.6840142E-08  8.6525735E-11  1.0514708E-13  2.0430361E-13  2.2018360E-14  1.089E-13  0.000E+00  0.000E+00  1.000E+00  1.000E+00  1.11E+03  0.00E+00  0.00E+00  0.000000  0.560529  0.0000000E+00  0.0000000000E+00
 49  1.625969873240518E+06  149.967053  6.496457  4.787008  7.5157740E-01  2.4837130E-01  1.2915489E-06  4.3006296E-09  1.0216524E-07  6.8211449E-06  3.5136686E-10  2.0005891E-09  9.2048308E-07  2.3543589E-08  3.382E-27  0.6456  4.787008   -7.417  0.808720  7.881903  3.2386936E-01  6.7612074E-01  1.0509458E-07  2.8946427E-08  6.9024087E-06  5.6343743E-08  8.6046914E-11  1.0341796E-13  2.0292296E-13  2.2640109E-14  1.052E-13  0.000E+00  0.000E+00  1.000E+00  1.000E+00  1.10E+03  0.00E+00  0.00E+00  0.000000  0.563142  0.0000000E+00  0.0000000000E+00
 50  1.651072343119804E+06  149.966077  6.498475  4.784267  7.5157740E-01  2.4837130E-01  1.2915489E-06  4.3006387E-09  1.0216524E-07  6.8211449E-06  3.5136686E-10  2.0005891E-09  9.2048308E-07  2.3543589E-08  3.322E-27  0.6417  4.784267   -7.404  0.811997  7.883058  3.1502220E-01  6.8496790E-01  1.0522157E-07  2.8982131E-08  6.8890023E-06  5.6035012E-08  8.5838931E-11  1.0225798E-13  2.0152617E-13  2.3003240E-14  1.016E-13  0.000E+00  0.000E+00  1.000E+00  1.000E+00  1.09E+03  0.00E+00  0.00E+00  0.000000  0.565769  0.0000000E+00  0.0000000000E+00
 51  1.675894752450673E+06  149.965083  6.500503  4.781403  7.5157740E-01  2.4837130E-01  1.2915489E-06  4.3006478E-09  1.0216524E-07  6.8211449E-06  3.5136686E-10  2.0005891E-09  9.2048308E-07  2.3543589E-08  3.264E-27  0.6373  4.781403   -7.391  0.815414  7.884250  3.0617504E-01  6.9381506E-01  1.0525958E-07  2.8985259E-08  6.8753346E-06  5.5942751E-08  8.5901534E-11  1.0162177E-13  2.0033683E-13  2.3010902E-14  9.810E-14  0.000E+00  0.000E+00  1.000E+00  1.000E+00  1.08E+03  0.00E+00  0.00E+00  0.000000  0.568420  0.0000000E+00  0.0000000000E+00
 52  1.700452525246322E+06  149.964068  6.502481  4.778310  7.5157740E-01  2.4837130E-01  1.2915489E-06  4.3006571E-09  1.0216524E-07  6.8211449E-06  3.5136686E-10  2.0005891E-09  9.2048308E-07  2.3543589E-08  3.209E-27  0.6334  4.778310   -7.377  0.818934  7.885458  2.9732788E-01  7.0266222E-01  1.0542161E-07  2.9029941E-08  6.8614791E-06  5.5626317E-08  8.5689972E-11  1.0036695E-13  1.9894546E-13  2.3386294E-14  9.511E-14  0.000E+00  0.000E+00  1.000E+00  1.000E+00  1.07E+03  0.00E+00  0.00E+00  0.000000  0.571020  0.0000000E+00  0.0000000000E+00
 53  1.724744770955666E+06  149.963034  6.504444  4.775198  7.5157740E-01  2.4837130E-01  1.2915488E-06  4.3006666E-09  1.0216524E-07  6.8211449E-06  3.5136686E-10  2.0005891E-09  9.2048308E-07  2.3543589E-08  3.155E-27  0.6296  4.775198   -7.364  0.822548  7.886696  2.8848071E-01  7.1150939E-01  1.0560767E-07  2.9080705E-08  6.8473828E-06  5.5305013E-08  8.5479721E-11  9.9045708E-14  1.9755129E-13  2.3775558E-14  9.225E-14  0.000E+00  0.000E+00  1.000E+00  1.000E+00  1.07E+03  0.00E+00  0.00E+00  0.000000  0.573610  0.0000000E+00  0.0000000000E+00
 54  1.748765881005285E+06  149.961979  6.506421  4.771992  7.5157740E-01  2.4837130E-01  1.2915488E-06  4.3006762E-09  1.0216524E-07  6.8211449E-06  3.5136686E-10  2.0005891E-09  9.2048308E-07  2.3543589E-08  3.103E-27  0.6250  4.771992   -7.351  0.826251  7.887957  2.7963355E-01  7.2035649E-01  1.0579732E-07  2.9132646E-08  6.8330710E-06  5.4979371E-08  8.5276680E-11  9.7695285E-14  1.9614916E-13  2.4178942E-14  8.947E-14  0.000E+00  0.000E+00  1.000E+00  1.000E+00  1.06E+03  0.00E+00  0.00E+00  0.000000  0.576230  0.0000000E+00  0.0000000000E+00
 55  1.772532141963499E+06  149.960902  6.508383  4.768663  7.5157740E-01  2.4837130E-01  1.2915488E-06  4.3006859E-09  1.0216524E-07  6.8211449E-06  3.5136686E-10  2.0005891E-09  9.2048308E-07  2.3543589E-08  3.054E-27  0.6211  4.768663   -7.337  0.830120  7.889252  2.7078639E-01  7.2920371E-01  1.0590387E-07  2.9164832E-08  6.8186575E-06  5.4648655E-08  8.5105008E-11  9.6501734E-14  1.9472745E-13  2.4597146E-14  8.670E-14  0.000E+00  0.000E+00  1.000E+00  1.000E+00  1.05E+03  0.00E+00  0.00E+00  0.000000  0.578845  0.0000000E+00  0.0000000000E+00
 56  1.796037466933191E+06  149.959804  6.510342  4.765279  7.5157740E-01  2.4837130E-01  1.2915488E-06  4.3006959E-09  1.0216524E-07  6.8211449E-06  3.5136686E-10  2.0005890E-09  9.2048308E-07  2.3543589E-08  3.005E-27  0.6172  4.765279   -7.324  0.834078  7.890573  2.6193923E-01  7.3805087E-01  1.0621725E-07  2.9257644E-08  6.8038456E-06  5.4160650E-08  8.4754616E-11  9.4725075E-14  1.9324785E-13  2.5233356E-14  8.409E-14  0.000E+00  0.000E+00  1.000E+00  1.000E+00  1.04E+03  0.00E+00  0.00E+00  0.000000  0.581466  0.0000000E+00  0.0000000000E+00
 57  1.819281249444475E+06  149.958684  6.512305  4.761783  7.5157740E-01  2.4837130E-01  1.2915488E-06  4.3007059E-09  1.0216524E-07  6.8211449E-06  3.5136686E-10  2.0005890E-09  9.2048308E-07  2.3543589E-08  2.959E-27  0.6128  4.761783   -7.311  0.838190  7.891937  2.5309207E-01  7.4689803E-01  1.0639750E-07  2.9308048E-08  6.7888907E-06  5.3797996E-08  8.4559479E-11  9.3298778E-14  1.9180251E-13  2.5733523E-14  8.147E-14  0.000E+00  0.000E+00  1.000E+00  1.000E+00  1.03E+03  0.00E+00  0.00E+00  0.000000  0.584105  0.0000000E+00  0.0000000000E+00
 58  1.842266539421456E+06  149.957543  6.514231  4.758183  7.5157740E-01  2.4837130E-01  1.2915488E-06  4.3007163E-09  1.0216524E-07  6.8211449E-06  3.5136686E-10  2.0005890E-09  9.2048308E-07  2.3543589E-08  2.915E-27  0.6088  4.758183   -7.297  0.842473  7.893337  2.4424491E-01  7.5574519E-01  1.0653980E-07  2.9349748E-08  6.7737456E-06  5.3436249E-08  8.4389501E-11  9.1970490E-14  1.9033971E-13  2.6244454E-14  7.883E-14  0.000E+00  0.000E+00  1.000E+00  1.000E+00  1.02E+03  0.00E+00  0.00E+00  0.000000  0.586705  0.0000000E+00  0.0000000000E+00
 59  1.864993150218421E+06  149.956379  6.516103  4.754556  7.5157740E-01  2.4837130E-01  1.2915488E-06  4.3007267E-09  1.0216524E-07  6.8211449E-06  3.5136687E-10  2.0005890E-09  9.2048308E-07  2.3543589E-08  2.871E-27  0.6047  4.754556   -7.284  0.846957  7.894792  2.3539775E-01  7.6459230E-01  1.0665907E-07  2.9377421E-08  6.7582628E-06  5.3236310E-08  8.4398067E-11  9.0820471E-14  1.8880917E-13  2.6569899E-14  7.598E-14  0.000E+00  0.000E+00  1.000E+00  1.000E+00  1.01E+03  0.00E+00  0.00E+00  0.000000  0.589243  0.0000000E+00  0.0000000000E+00
 60  1.887463119683412E+06  149.955194  6.518015  4.750848  7.5157740E-01  2.4837130E-01  1.2915488E-06  4.3007373E-09  1.0216524E-07  6.8211449E-06  3.5136687E-10  2.0005890E-09  9.2048308E-07  2.3543589E-08  2.830E-27  0.6004  4.750848   -7.271  0.851525  7.896277  2.2655059E-01  7.7343951E-01  1.0688296E-07  2.9440011E-08  6.7424825E-06  5.2879150E-08  8.4261311E-11  8.9293914E-14  1.8734414E-13  2.7077212E-14  7.337E-14  0.000E+00  0.000E+00  1.000E+00  1.000E+00  1.00E+03  0.00E+00  0.00E+00  0.000000  0.591850  0.0000000E+00  0.0000000000E+00
 61  1.909679704672364E+06  149.953987  6.519898  4.747014  7.5157740E-01  2.4837130E-01  1.2915488E-06  4.3007481E-09  1.0216524E-07  6.8211449E-06  3.5136687E-10  2.0005890E-09  9.2048308E-07  2.3543589E-08  2.790E-27  0.5962  4.747014   -7.259  0.856298  7.897810  2.1770342E-01  7.8228668E-01  1.0702443E-07  2.9482278E-08  6.7265540E-06  5.2518615E-08  8.4148962E-11  8.7978947E-14  1.8592235E-13  2.7561742E-14  7.077E-14  0.000E+00  0.000E+00  1.000E+00  1.000E+00  9.90E+02  0.00E+00  0.00E+00  0.000000  0.594425  0.0000000E+00  0.0000000000E+00
 62  1.931659949669281E+06  149.952756  6.521765  4.742854  7.5157740E-01  2.4837130E-01  1.2915488E-06  4.3007593E-09  1.0216524E-07  6.8211449E-06  3.5136687E-10  2.0005890E-09  9.2048308E-07  2.3543589E-08  2.752E-27  0.5919  4.742854   -7.245  0.861246  7.899390  2.0885626E-01  7.9113381E-01  1.0727120E-07  2.9551271E-08  6.7101915E-06  5.2142938E-08  8.4035367E-11  8.6348575E-14  1.8441477E-13  2.8134488E-14  6.825E-14  0.000E+00  0.000E+00  1.000E+00  1.000E+00  9.79E+02  0.00E+00  0.00E+00  0.000000  0.596991  0.0000000E+00  0.0000000000E+00
 63  1.953382620150496E+06  149.951503  6.523645  4.738524  7.5157740E-01  2.4837130E-01  1.2915487E-06  4.3007705E-09  1.0216524E-07  6.8211449E-06  3.5136687E-10  2.0005890E-09  9.2048308E-07  2.3543589E-08  2.715E-27  0.5876  4.738524   -7.232  0.866415  7.901029  2.0000910E-01  7.9998090E-01  1.0745487E-07  2.9605052E-08  6.6936338E-06  5.1758726E-08  8.3938249E-11  8.4889522E-14  1.8291173E-13  2.8742102E-14  6.581E-14  0.000E+00  0.000E+00  1.000E+00  1.000E+00  9.68E+02  0.00E+00  0.00E+00  0.000000  0.599587  0.0000000E+00  0.0000000000E+00
 64  1.974855386718330E+06  149.950224  6.525530  4.734006  7.5157740E-01  2.4837130E-01  1.2915487E-06  4.3007819E-09  1.0216524E-07  6.8211449E-06  3.5136687E-10  2.0005890E-09  9.2048308E-07  2.3543589E-08  2.679E-27  0.5836  4.734006   -7.219  0.871793  7.902718  1.9116194E-01  8.0882806E-01  1.0780407E-07  2.9709227E-08  6.6767179E-06  5.1157434E-08  8.3645997E-11  8.2831325E-14  1.8116974E-13  2.9808654E-14  6.327E-14  0.000E+00  0.000E+00  1.000E+00  1.000E+00  9.57E+02  0.00E+00  0.00E+00  0.000000  0.602198  0.0000000E+00  0.0000000000E+00
 65  1.996084355749420E+06  149.948923  6.527369  4.729472  7.5157740E-01  2.4837130E-01  1.2915487E-06  4.3007936E-09  1.0216524E-07  6.8211449E-06  3.5136687E-10  2.0005890E-09  9.2048308E-07  2.3543589E-08  2.645E-27  0.5791  4.729472   -7.206  0.877423  7.904489  1.8231478E-01  8.1767524E-01  1.0790661E-07  2.9735007E-08  6.6594649E-06  5.0963072E-08  8.3793073E-11  8.1710291E-14  1.7980846E-13  3.0061148E-14  6.090E-14  0.000E+00  0.000E+00  1.000E+00  1.000E+00  9.46E+02  0.00E+00  0.00E+00  0.000000  0.604759  0.0000000E+00  0.0000000000E+00
 66  2.017059954809887E+06  149.947599  6.529215  4.724828  7.5157740E-01  2.4837130E-01  1.2915487E-06  4.3008054E-09  1.0216524E-07  6.8211449E-06  3.5136687E-10  2.0005890E-09  9.2048308E-07  2.3543589E-08  2.612E-27  0.5753  4.724828   -7.194  0.883310  7.906327  1.7346762E-01  8.2652248E-01  1.0818321E-07  2.9813737E-08  6.6418163E-06  5.0549258E-08  8.3756761E-11  7.9959434E-14  1.7821493E-13  3.0779787E-14  5.844E-14  0.000E+00  0.000E+00  1.000E+00  1.000E+00  9.35E+02  0.00E+00  0.00E+00  0.000000  0.607341  0.0000000E+00  0.0000000000E+00
 67  2.037808914196323E+06  149.946253  6.531080  4.720021  7.5157740E-01  2.4837130E-01  1.2915487E-06  4.3008174E-09  1.0216524E-07  6.8211449E-06  3.5136687E-10  2.0005890E-09  9.2048308E-07  2.3543589E-08  2.580E-27  0.5710  4.720021   -7.182  0.889467  7.908249  1.6462046E-01  8.3536964E-01  1.0840441E-07  2.9878092E-08  6.6238447E-06  5.0143518E-08  8.3752069E-11  7.8383045E-14  1.7665389E-13  3.1499718E-14  5.609E-14  0.000E+00  0.000E+00  1.000E+00  1.000E+00  9.24E+02  0.00E+00  0.00E+00  0.000000  0.609960  0.0000000E+00  0.0000000000E+00
 68  2.058328250795978E+06  149.944884  6.532885  4.715171  7.5157740E-01  2.4837130E-01  1.2915487E-06  4.3008297E-09  1.0216524E-07  6.8211449E-06  3.5136687E-10  2.0005890E-09  9.2048308E-07  2.3543589E-08  2.549E-27  0.5663  4.715171   -7.170  0.895925  7.910256  1.5577330E-01  8.4421670E-01  1.0871521E-07  2.9966885E-08  6.6054065E-06  4.9705012E-08  8.3769900E-11  7.6521162E-14  1.7501948E-13  3.2308002E-14  5.365E-14  0.000E+00  0.000E+00  1.000E+00  1.000E+00  9.13E+02  0.00E+00  0.00E+00  0.000000  0.612506  0.0000000E+00  0.0000000000E+00
 69  2.078627434677278E+06  149.943493  6.534710  4.710138  7.5157740E-01  2.4837130E-01  1.2915487E-06  4.3008424E-09  1.0216524E-07  6.8211449E-06  3.5136687E-10  2.0005890E-09  9.2048308E-07  2.3543589E-08  2.520E-27  0.5630  4.710138   -7.159  0.902805  7.912382  1.4692613E-01  8.5306388E-01  1.0894800E-07  3.0036098E-08  6.5866973E-06  4.9250285E-08  8.3784880E-11  7.4914860E-14  1.7329911E-13  3.3207748E-14  5.104E-14  0.000E+00  0.000E+00  1.000E+00  1.000E+00  9.01E+02  0.00E+00  0.00E+00  0.000000  0.615091  0.0000000E+00  0.0000000000E+00
 70  2.098701287840524E+06  149.942081  6.536520  4.704987  7.5157740E-01  2.4837130E-01  1.2915487E-06  4.3008553E-09  1.0216524E-07  6.8211449E-06  3.5136687E-10  2.0005890E-09  9.2048308E-07  2.3543589E-08  2.492E-27  0.5588  4.704987   -7.147  0.910025  7.914615  1.3807897E-01  8.6191103E-01  1.0922602E-07  3.0116974E-08  6.5674985E-06  4.8802700E-08  8.3858674E-11  7.3194086E-14  1.7177757E-13  3.4052261E-14  4.894E-14  0.000E+00  0.000E+00  1.000E+00  1.000E+00  8.90E+02  0.00E+00  0.00E+00  0.000000  0.617666  0.0000000E+00  0.0000000000E+00
 71  2.118554514275507E+06  149.940650  6.538257  4.699826  7.5157740E-01  2.4837130E-01  1.2915487E-06  4.3008685E-09  1.0216524E-07  6.8211449E-06  3.5136688E-10  2.0005890E-09  9.2048308E-07  2.3543589E-08  2.466E-27  0.5555  4.699826   -7.137  0.917664  7.916982  1.2923181E-01  8.7075819E-01  1.0958901E-07  3.0221181E-08  6.5478133E-06  4.8316288E-08  8.3962542E-11  7.1216976E-14  1.7010432E-13  3.5042187E-14  4.651E-14  0.000E+00  0.000E+00  1.000E+00  1.000E+00  8.78E+02  0.00E+00  0.00E+00  0.000000  0.620147  0.0000000E+00  0.0000000000E+00
 72  2.138178726958433E+06  149.939202  6.540074  4.694315  7.5157740E-01  2.4837130E-01  1.2915486E-06  4.3008818E-09  1.0216524E-07  6.8211449E-06  3.5136688E-10  2.0005890E-09  9.2048308E-07  2.3543589E-08  2.440E-27  0.5506  4.694315   -7.127  0.925743  7.919506  1.2038465E-01  8.7960535E-01  1.0992065E-07  3.0318378E-08  6.5277793E-06  4.7793343E-08  8.4060140E-11  6.9352577E-14  1.6833248E-13  3.6263058E-14  4.393E-14  0.000E+00  0.000E+00  1.000E+00  1.000E+00  8.66E+02  0.00E+00  0.00E+00  0.000000  0.622753  0.0000000E+00  0.0000000000E+00
 73  2.157584178218865E+06  149.937736  6.541831  4.688441  7.5157740E-01  2.4837130E-01  1.2915486E-06  4.3008953E-09  1.0216524E-07  6.8211449E-06  3.5136688E-10  2.0005890E-09  9.2048308E-07  2.3543589E-08  2.415E-27  0.5460  4.688441   -7.117  0.934485  7.922196  1.1153749E-01  8.8845251E-01  1.1044786E-07  3.0473545E-08  6.5070754E-06  4.7178974E-08  8.4215152E-11  6.7132886E-14  1.6679134E-13  3.7427570E-14  4.181E-14  0.000E+00  0.000E+00  1.000E+00  1.000E+00  8.54E+02  0.00E+00  0.00E+00  0.000000  0.625283  0.0000000E+00  0.0000000000E+00
 74  2.176761498180155E+06  149.936255  6.543645  4.682240  7.5157740E-01  2.4837130E-01  1.2915486E-06  4.3009089E-09  1.0216524E-07  6.8211449E-06  3.5136688E-10  2.0005890E-09  9.2048308E-07  2.3543589E-08  2.392E-27  0.5415  4.682240   -7.108  0.943991  7.925111  1.0269033E-01  8.9729967E-01  1.1078503E-07  3.0567239E-08  6.4860628E-06  4.6746377E-08  8.4530656E-11  6.5218708E-14  1.6518316E-13  3.8509010E-14  3.949E-14  0.000E+00  0.000E+00  1.000E+00  1.000E+00  8.41E+02  0.00E+00  0.00E+00  0.000000  0.627907  0.0000000E+00  0.0000000000E+00
 75  2.195706352281944E+06  149.934761  6.545411  4.675875  7.5157740E-01  2.4837130E-01  1.2915486E-06  4.3009226E-09  1.0216524E-07  6.8211449E-06  3.5136688E-10  2.0005890E-09  9.2048308E-07  2.3543589E-08  2.369E-27  0.5367  4.675875   -7.099  0.954475  7.928258  9.3843167E-02  9.0614680E-01  1.1136834E-07  3.0733330E-08  6.4643545E-06  4.6163264E-08  8.4882695E-11  6.2754053E-14  1.6353392E-13  3.9905715E-14  3.710E-14  0.000E+00  0.000E+00  1.000E+00  1.000E+00  8.28E+02  0.00E+00  0.00E+00  0.000000  0.630472  0.0000000E+00  0.0000000000E+00
 76  2.214405691771628E+06  149.933257  6.547274  4.669088  7.5157740E-01  2.4837130E-01  1.2915486E-06  4.3009364E-09  1.0216525E-07  6.8211449E-06  3.5136688E-10  2.0005890E-09  9.2048308E-07  2.3543589E-08  2.346E-27  0.5306  4.669088   -7.091  0.965689  7.931688  8.4996005E-02  9.1499398E-01  1.1202088E-07  3.0919145E-08  6.4421101E-06  4.5545903E-08  8.5332435E-11  6.0165095E-14  1.6191841E-13  4.1460476E-14  3.472E-14  0.000E+00  0.000E+00  1.000E+00  1.000E+00  8.14E+02  0.00E+00  0.00E+00  0.000000  0.633188  0.0000000E+00  0.0000000000E+00
 77  2.232861064474836E+06  149.931748  6.549063  4.662384  7.5157740E-01  2.4837130E-01  1.2915486E-06  4.3009502E-09  1.0216525E-07  6.8211449E-06  3.5136688E-10  2.0005890E-09  9.2048308E-07  2.3543589E-08  2.324E-27  0.5256  4.662384   -7.084  0.977982  7.935456  7.6148844E-02  9.2384114E-01  1.1273512E-07  3.1130113E-08  6.4194891E-06  4.4704105E-08  8.5673453E-11  5.7597487E-14  1.6016897E-13  4.3638633E-14  3.205E-14  0.000E+00  0.000E+00  1.000E+00  1.000E+00  8.01E+02  0.00E+00  0.00E+00  0.000000  0.635810  0.0000000E+00  0.0000000000E+00
 78  2.251064131179888E+06  149.930236  6.550874  4.655371  7.5157740E-01  2.4837130E-01  1.2915486E-06  4.3009641E-09  1.0216525E-07  6.8211449E-06  3.5136688E-10  2.0005890E-09  9.2048308E-07  2.3543589E-08  2.303E-27  0.5200  4.655371   -7.078  0.991761  7.939675  6.7301683E-02  9.3268828E-01  1.1345260E-07  3.1331438E-08  6.3961360E-06  4.4153434E-08  8.6505847E-11  5.5005980E-14  1.5865324E-13  4.5376886E-14  2.957E-14  0.000E+00  0.000E+00  1.000E+00  1.000E+00  7.87E+02  0.00E+00  0.00E+00  0.000000  0.638471  0.0000000E+00  0.0000000000E+00
 79  2.269005997622681E+06  149.928725  6.552709  4.648171  7.5157740E-01  2.4837130E-01  1.2915486E-06  4.3009779E-09  1.0216525E-07  6.8211449E-06  3.5136688E-10  2.0005890E-09  9.2048308E-07  2.3543589E-08  2.283E-27  0.5140  4.648171   -7.073  1.007237  7.944422  5.8454522E-02  9.4153545E-01  1.1457174E-07  3.1654056E-08  6.3719679E-06  4.3250021E-08  8.7385533E-11  5.1677539E-14  1.5721519E-13  4.7763745E-14  2.717E-14  0.000E+00  0.000E+00  1.000E+00  1.000E+00  7.73E+02  0.00E+00  0.00E+00  0.000000  0.641182  0.0000000E+00  0.0000000000E+00
 80  2.286684394795155E+06  149.927222  6.554547  4.640824  7.5157740E-01  2.4837130E-01  1.2915485E-06  4.3009917E-09  1.0216525E-07  6.8211449E-06  3.5136689E-10  2.0005890E-09  9.2048308E-07  2.3543589E-08  2.263E-27  0.5076  4.640824   -7.069  1.024949  7.949891  4.9607360E-02  9.5038262E-01  1.1566664E-07  3.1962253E-08  6.3471670E-06  4.2531485E-08  8.8715804E-11  4.8381046E-14  1.5586857E-13  5.0237785E-14  2.465E-14  0.000E+00  0.000E+00  1.000E+00  1.000E+00  7.60E+02  0.00E+00  0.00E+00  0.000000  0.643908  0.0000000E+00  0.0000000000E+00
 81  2.304113081932480E+06  149.925729  6.556386  4.633437  7.5157740E-01  2.4837130E-01  1.2915485E-06  4.3010053E-09  1.0216525E-07  6.8211449E-06  3.5136689E-10  2.0005890E-09  9.2048308E-07  2.3543589E-08  2.243E-27  0.5011  4.633437   -7.066  1.045707  7.956337  4.0760199E-02  9.5922973E-01  1.1724260E-07  3.2414591E-08  6.3213934E-06  4.1415978E-08  9.0299707E-11  4.4361898E-14  1.5443378E-13  5.3963750E-14  2.161E-14  0.000E+00  0.000E+00  1.000E+00  1.000E+00  7.46E+02  0.00E+00  0.00E+00  0.000000  0.646645  0.0000000E+00  0.0000000000E+00
 82  2.321327120051003E+06  149.924246  6.558378  4.625791  7.5157740E-01  2.4837130E-01  1.2915485E-06  4.3010189E-09  1.0216525E-07  6.8211449E-06  3.5136689E-10  2.0005890E-09  9.2048308E-07  2.3543589E-08  2.224E-27  0.4941  4.625791   -7.064  1.071224  7.964312  3.1913038E-02  9.6807693E-01  1.1904139E-07  3.2928769E-08  6.2945854E-06  4.0323337E-08  9.2661167E-11  4.0281177E-14  1.5358047E-13  5.7917013E-14  1.888E-14  0.000E+00  0.000E+00  1.000E+00  1.000E+00  7.32E+02  0.00E+00  0.00E+00  0.000000  0.649626  0.0000000E+00  0.0000000000E+00
 83  2.338341544671005E+06  149.922776  6.560473  4.618141  7.5157740E-01  2.4837130E-01  1.2915485E-06  4.3010324E-09  1.0216525E-07  6.8211449E-06  3.5136689E-10  2.0005890E-09  9.2048308E-07  2.3543589E-08  2.205E-27  0.4873  4.618141   -7.063  1.104720  7.974864  2.3065877E-02  9.7692404E-01  1.2167079E-07  3.3677656E-08  6.2662868E-06  3.8973055E-08  9.6451615E-11  3.4985286E-14  1.5379662E-13  6.3171327E-14  1.592E-14  0.000E+00  0.000E+00  1.000E+00  1.000E+00  7.18E+02  0.00E+00  0.00E+00  0.000000  0.652773  0.0000000E+00  0.0000000000E+00
 84  2.355291919708517E+06  149.921309  6.562751  4.610691  7.5157740E-01  2.4837130E-01  1.2915485E-06  4.3010457E-09  1.0216525E-07  6.8211449E-06  3.5136689E-10  2.0005890E-09  9.2048308E-07  2.3543589E-08  2.186E-27  0.4808  4.610691   -7.063  1.153813  7.990504  1.4218715E-02  9.8577122E-01  1.2561761E-07  3.4805822E-08  6.2362575E-06  3.7138285E-08  1.0299781E-10  2.8461276E-14  1.5650828E-13  7.0705682E-14  1.256E-14  0.000E+00  0.000E+00  1.000E+00  1.000E+00  7.05E+02  0.00E+00  0.00E+00  0.000000  0.656213  0.0000000E+00  0.0000000000E+00
 85  2.372579627165633E+06  149.919811  6.565900  4.606028  7.5157740E-01  2.4837130E-01  1.2915485E-06  4.3010595E-09  1.0216525E-07  6.8211449E-06  3.5136689E-10  2.0005890E-09  9.2048308E-07  2.3543589E-08  2.167E-27  0.4776  4.606028   -7.060  1.249366  8.021393  5.3715540E-03  9.9461840E-01  1.3491913E-07  3.7513439E-08  6.2008906E-06  3.2940019E-08  1.1983943E-10  1.9226570E-14  1.6959441E-13  8.5521074E-14  6.825E-15  0.000E+00  0.000E+00  1.000E+00  1.000E+00  6.97E+02  0.00E+00  0.00E+00  0.000000  0.660994  0.0000000E+00  0.0000000000E+00
 86  2.372999136310583E+06  149.919774  6.566007  4.606048  7.5157740E-01  2.4837130E-01  1.2915485E-06  4.3010598E-09  1.0216525E-07  6.8211449E-06  3.5136689E-10  2.0005890E-09  9.2048308E-07  2.3543589E-08  2.166E-27  0.4777  4.606048   -7.060  1.253293  8.022673  5.1566919E-03  9.9483324E-01  1.3529074E-07  3.7620415E-08  6.1998785E-06  3.2784772E-08  1.2058838E-10  1.8891224E-14  1.7052494E-13  8.6187534E-14  6.602E-15  0.000E+00  0.000E+00  1.000E+00  1.000E+00  6.97E+02  0.00E+00  0.00E+00  0.000000  0.661158  0.0000000E+00  0.0000000000E+00
 87  2.373419723667011E+06  149.919738  6.566114  4.606086  7.5157740E-01  2.4837130E-01  1.2915485E-06  4.3010601E-09  1.0216525E-07  6.8211449E-06  3.5136689E-10  2.0005890E-09  9.2048308E-07  2.3543589E-08  2.166E-27  0.4776  4.606086   -7.059  1.257394  8.024009  4.9418298E-03  9.9504809E-01  1.3568269E-07  3.7733169E-08  6.1988153E-06  3.2658067E-08  1.2146050E-10  1.8570359E-14  1.7151082E-13  8.6823555E-14  6.436E-15  0.000E+00  0.000E+00  1.000E+00  1.000E+00  6.97E+02  0.00E+00  0.00E+00  0.000000  0.661321  0.0000000E+00  0.0000000000E+00
 88  2.373840565774240E+06  149.919701  6.566222  4.606136  7.5157740E-01  2.4837130E-01  1.2915485E-06  4.3010605E-09  1.0216525E-07  6.8211449E-06  3.5136689E-10  2.0005890E-09  9.2048308E-07  2.3543589E-08  2.165E-27  0.4777  4.606136   -7.059  1.261638  8.025393  4.7269677E-03  9.9526297E-01  1.3627042E-07  3.7908112E-08  6.1975133E-06  3.2470947E-08  1.2265914E-10  1.8392200E-14  1.7258386E-13  8.7461975E-14  6.256E-15  0.000E+00  0.000E+00  1.000E+00  1.000E+00  6.97E+02  0.00E+00  0.00E+00  0.000000  0.661485  0.0000000E+00  0.0000000000E+00
 89  2.374260903010278E+06  149.919665  6.566329  4.606204  7.5157740E-01  2.4837130E-01  1.2915485E-06  4.3010608E-09  1.0216525E-07  6.8211449E-06  3.5136689E-10  2.0005890E-09  9.2048308E-07  2.3543589E-08  2.165E-27  0.4773  4.606204   -7.059  1.266054  8.026834  4.5121056E-03  9.9547783E-01  1.3676211E-07  3.8048962E-08  6.1963649E-06  3.2276132E-08  1.2361734E-10  1.7898992E-14  1.7374084E-13  8.8117755E-14  6.058E-15  0.000E+00  0.000E+00  1.000E+00  1.000E+00  6.97E+02  0.00E+00  0.00E+00  0.000000  0.661649  0.0000000E+00  0.0000000000E+00
 90  2.374683017629433E+06  149.919627  6.566442  4.606285  7.5157740E-01  2.4837130E-01  1.2915485E-06  4.3010612E-09  1.0216525E-07  6.8211449E-06  3.5136689E-10  2.0005890E-09  9.2048308E-07  2.3543589E-08  2.164E-27  0.4777  4.606285   -7.058  1.270717  8.028354  4.2972435E-03  9.9569270E-01  1.3718658E-07  3.8172556E-08  6.1952718E-06  3.2134580E-08  1.2459087E-10  1.7673968E-14  1.7495732E-13  8.8763045E-14  5.910E-15  0.000E+00  0.000E+00  1.000E+00  1.000E+00  6.97E+02  0.00E+00  0.00E+00  0.000000  0.661821  0.0000000E+00  0.0000000000E+00
 91  2.375106289715774E+06  149.919590  6.566559  4.606386  7.5157740E-01  2.4837130E-01  1.2915485E-06  4.3010615E-09  1.0216525E-07  6.8211449E-06  3.5136689E-10  2.0005890E-09  9.2048308E-07  2.3543589E-08  2.164E-27  0.4775  4.606386   -7.058  1.275592  8.029944  4.0823814E-03  9.9590753E-01  1.3769617E-07  3.8318228E-08  6.1940550E-06  3.1998849E-08  1.2577781E-10  1.7242138E-14  1.7624690E-13  8.9407440E-14  5.783E-15  0.000E+00  0.000E+00  1.000E+00  1.000E+00  6.97E+02  0.00E+00  0.00E+00  0.000000  0.662000  0.0000000E+00  0.0000000000E+00
 92  2.375531392877866E+06  149.919553  6.566678  4.606509  7.5157740E-01  2.4837130E-01  1.2915485E-06  4.3010618E-09  1.0216525E-07  6.8211449E-06  3.5136689E-10  2.0005890E-09  9.2048308E-07  2.3543589E-08  2.163E-27  0.4778  4.606509   -7.058  1.280751  8.031626  3.8675193E-03  9.9612243E-01  1.3819088E-07  3.8461508E-08  6.1928653E-06  3.1860285E-08  1.2695982E-10  1.6958850E-14  1.7761787E-13  9.0057719E-14  5.665E-15  0.000E+00  0.000E+00  1.000E+00  1.000E+00  6.97E+02  0.00E+00  0.00E+00  0.000000  0.662181  0.0000000E+00  0.0000000000E+00
 93  2.375959669862665E+06  149.919516  6.566804  4.606652  7.5157740E-01  2.4837130E-01  1.2915485E-06  4.3010622E-09  1.0216525E-07  6.8211449E-06  3.5136689E-10  2.0005890E-09  9.2048308E-07  2.3543589E-08  2.163E-27  0.4781  4.606652   -7.057  1.286197  8.033404  3.6526572E-03  9.9633725E-01  1.3871663E-07  3.8613801E-08  6.1916386E-06  3.1717312E-08  1.2822959E-10  1.6671481E-14  1.7908178E-13  9.0718538E-14  5.549E-15  0.000E+00  0.000E+00  1.000E+00  1.000E+00  6.97E+02  0.00E+00  0.00E+00  0.000000  0.662373  0.0000000E+00  0.0000000000E+00
 94  2.376393350511374E+06  149.919478  6.566938  4.606817  7.5157740E-01  2.4837130E-01  1.2915485E-06  4.3010625E-09  1.0216525E-07  6.8211449E-06  3.5136689E-10  2.0005890E-09  9.2048308E-07  2.3543589E-08  2.162E-27  0.4784  4.606817   -7.057  1.291953  8.035284  3.4377951E-03  9.9655212E-01  1.3928652E-07  3.8778516E-08  6.1903558E-06  3.1569136E-08  1.2961596E-10  1.6346069E-14  1.8065124E-13  9.1393593E-14  5.433E-15  0.000E+00  0.000E+00  1.000E+00  1.000E+00  6.97E+02  0.00E+00  0.00E+00  0.000000  0.662578  0.0000000E+00  0.0000000000E+00
 95  2.376826379297472E+06  149.919440  6.567074  4.607020  7.5157740E-01  2.4837130E-01  1.2915485E-06  4.3010629E-09  1.0216525E-07  6.8211449E-06  3.5136689E-10  2.0005890E-09  9.2048308E-07  2.3543589E-08  2.162E-27  0.4785  4.607020   -7.056  1.298028  8.037269  3.2229330E-03  9.9676699E-01  1.3991330E-07  3.8959007E-08  6.1890009E-06  3.1413674E-08  1.3114280E-10  1.5953971E-14  1.8232870E-13  9.2089602E-14  5.315E-15  0.000E+00  0.000E+00  1.000E+00  1.000E+00  6.98E+02  0.00E+00  0.00E+00  0.000000  0.662787  0.0000000E+00  0.0000000000E+00
 96  2.377264773956079E+06  149.919401  6.567214  4.607248  7.5157740E-01  2.4837130E-01  1.2915485E-06  4.3010632E-09  1.0216525E-07  6.8211449E-06  3.5136689E-10  2.0005890E-09  9.2048308E-07  2.3543589E-08  2.161E-27  0.4785  4.607248   -7.056  1.304477  8.039379  3.0080709E-03  9.9698186E-01  1.4057085E-07  3.9148968E-08  6.1876106E-06  3.1252689E-08  1.3276695E-10  1.5596546E-14  1.8414118E-13  9.2807080E-14  5.194E-15  0.000E+00  0.000E+00  1.000E+00  1.000E+00  6.98E+02  0.00E+00  0.00E+00  0.000000  0.663000  0.0000000E+00  0.0000000000E+00
 97  2.377715126411688E+06  149.919361  6.567365  4.607501  7.5157740E-01  2.4837130E-01  1.2915485E-06  4.3010636E-09  1.0216525E-07  6.8211449E-06  3.5136689E-10  2.0005890E-09  9.2048308E-07  2.3543589E-08  2.161E-27  0.4789  4.607501   -7.055  1.311451  8.041659  2.7932088E-03  9.9719673E-01  1.4128342E-07  3.9354943E-08  6.1861502E-06  3.1084881E-08  1.3455170E-10  1.5234330E-14  1.8612281E-13  9.3549976E-14  5.071E-15  0.000E+00  0.000E+00  1.000E+00  1.000E+00  6.98E+02  0.00E+00  0.00E+00  0.000000  0.663231  0.0000000E+00  0.0000000000E+00
 98  2.378158573090606E+06  149.919322  6.567523  4.607787  7.5157740E-01  2.4837130E-01  1.2915485E-06  4.3010639E-09  1.0216525E-07  6.8211449E-06  3.5136689E-10  2.0005890E-09  9.2048308E-07  2.3543589E-08  2.160E-27  0.4793  4.607787   -7.055  1.318841  8.044074  2.5783467E-03  9.9741161E-01  1.4207358E-07  3.9582429E-08  6.1845906E-06  3.0907647E-08  1.3653277E-10  1.4782568E-14  1.8824261E-13  9.4323689E-14  4.943E-15  0.000E+00  0.000E+00  1.000E+00  1.000E+00  6.99E+02  0.00E+00  0.00E+00  0.000000  0.663472  0.0000000E+00  0.0000000000E+00
 99  2.378612566176774E+06  149.919283  6.567694  4.608121  7.5157740E-01  2.4837130E-01  1.2915485E-06  4.3010643E-09  1.0216525E-07  6.8211449E-06  3.5136689E-10  2.0005890E-09  9.2048308E-07  2.3543589E-08  2.160E-27  0.4793  4.608121   -7.054  1.326973  8.046736  2.3634846E-03  9.9762639E-01  1.4291446E-07  3.9825871E-08  6.1829706E-06  3.0722432E-08  1.3868803E-10  1.4408669E-14  1.9058300E-13  9.5126303E-14  4.811E-15  0.000E+00  0.000E+00  1.000E+00  1.000E+00  6.99E+02  0.00E+00  0.00E+00  0.000000  0.663734  0.0000000E+00  0.0000000000E+00
100  2.379095627708985E+06  149.919239  6.567888  4.608498  7.5157740E-01  2.4837130E-01  1.2915485E-06  4.3010646E-09  1.0216525E-07  6.8211449E-06  3.5136689E-10  2.0005890E-09  9.2048308E-07  2.3543589E-08  2.159E-27  0.4795  4.608498   -7.054  1.335949  8.049674  2.1486225E-03  9.9784128E-01  1.4385324E-07  4.0097569E-08  6.1812255E-06  3.0524245E-08  1.4111882E-10  1.4002406E-14  1.9324966E-13  9.5974857E-14  4.675E-15  0.000E+00  0.000E+00  1.000E+00  1.000E+00  7.00E+02  0.00E+00  0.00E+00  0.000000  0.664030  0.0000000E+00  0.0000000000E+00
101  2.379552281801839E+06  149.919199  6.568088  4.608938  7.5157740E-01  2.4837130E-01  1.2915485E-06  4.3010651E-09  1.0216525E-07  6.8211449E-06  3.5136689E-10  2.0005890E-09  9.2048308E-07  2.3543589E-08  2.159E-27  0.4785  4.608938   -7.053  1.345429  8.052780  1.9337604E-03  9.9805615E-01  1.4492107E-07  4.0404507E-08  6.1793121E-06  3.0312633E-08  1.4387541E-10  1.3408227E-14  1.9604646E-13  9.6856628E-14  4.531E-15  0.000E+00  0.000E+00  1.000E+00  1.000E+00  7.00E+02  0.00E+00  0.00E+00  0.000000  0.664336  0.0000000E+00  0.0000000000E+00
102  2.380015776863595E+06  149.919158  6.568308  4.609499  7.5157740E-01  2.4837130E-01  1.2915485E-06  4.3010654E-09  1.0216525E-07  6.8211449E-06  3.5136689E-10  2.0005890E-09  9.2048308E-07  2.3543589E-08  2.158E-27  0.4789  4.609499   -7.052  1.356191  8.056304  1.7188983E-03  9.9827101E-01  1.4610742E-07  4.0746796E-08  6.1772514E-06  3.0086502E-08  1.4700023E-10  1.2853719E-14  1.9917204E-13  9.7770265E-14  4.380E-15  0.000E+00  0.000E+00  1.000E+00  1.000E+00  7.01E+02  0.00E+00  0.00E+00  0.000000  0.664674  0.0000000E+00  0.0000000000E+00
103  2.380488571665797E+06  149.919116  6.568547  4.610186  7.5157740E-01  2.4837130E-01  1.2915485E-06  4.3010658E-09  1.0216525E-07  6.8211449E-06  3.5136689E-10  2.0005890E-09  9.2048308E-07  2.3543589E-08  2.158E-27  0.4791  4.610186   -7.051  1.368389  8.060298  1.5040362E-03  9.9848588E-01  1.4745887E-07  4.1136941E-08  6.1749794E-06  2.9841134E-08  1.5061281E-10  1.2253501E-14  2.0269849E-13  9.8718764E-14  4.220E-15  0.000E+00  0.000E+00  1.000E+00  1.000E+00  7.02E+02  0.00E+00  0.00E+00  0.000000  0.665039  0.0000000E+00  0.0000000000E+00
104  2.380973684401345E+06  149.919073  6.568809  4.611023  7.5157740E-01  2.4837130E-01  1.2915485E-06  4.3010662E-09  1.0216525E-07  6.8211449E-06  3.5136689E-10  2.0005890E-09  9.2048308E-07  2.3543589E-08  2.157E-27  0.4792  4.611023   -7.050  1.382443  8.064900  1.2891741E-03  9.9870078E-01  1.4902543E-07  4.1589578E-08  6.1724293E-06  2.9571542E-08  1.5486429E-10  1.1598594E-14  2.0673347E-13  9.9705528E-14  4.046E-15  0.000E+00  0.000E+00  1.000E+00  1.000E+00  7.03E+02  0.00E+00  0.00E+00  0.000000  0.665440  0.0000000E+00  0.0000000000E+00
105  2.381478987737935E+06  149.919027  6.569115  4.612047  7.5157740E-01  2.4837130E-01  1.2915485E-06  4.3010666E-09  1.0216525E-07  6.8211449E-06  3.5136689E-10  2.0005890E-09  9.2048308E-07  2.3543589E-08  2.157E-27  0.4786  4.612047   -7.048  1.398948  8.070307  1.0743120E-03  9.9891562E-01  1.5090224E-07  4.2131058E-08  6.1694678E-06  2.9271721E-08  1.6004759E-10  1.0786032E-14  2.1140485E-13  1.0072715E-13  3.859E-15  0.000E+00  0.000E+00  1.000E+00  1.000E+00  7.05E+02  0.00E+00  0.00E+00  0.000000  0.665910  0.0000000E+00  0.0000000000E+00
106  2.382004261390250E+06  149.918980  6.569481  4.613345  7.5157740E-01  2.4837130E-01  1.2915485E-06  4.3010671E-09  1.0216525E-07  6.8211449E-06  3.5136689E-10  2.0005890E-09  9.2048308E-07  2.3543589E-08  2.156E-27  0.4797  4.613345   -7.046  1.418969  8.076863  8.5944986E-04  9.9913046E-01  1.5309063E-07  4.2767530E-08  6.1661030E-06  2.8931247E-08  1.6619556E-10  1.0124041E-14  2.1692589E-13  1.0177906E-13  3.652E-15  0.000E+00  0.000E+00  1.000E+00  1.000E+00  7.07E+02  0.00E+00  0.00E+00  0.000000  0.666471  0.0000000E+00  0.0000000000E+00
107  2.382634446265356E+06  149.918924  6.569957  4.615149  7.5157740E-01  2.4837130E-01  1.2915485E-06  4.3010675E-09  1.0216525E-07  6.8211449E-06  3.5136689E-10  2.0005890E-09  9.2048308E-07  2.3543589E-08  2.156E-27  0.4796  4.615149   -7.044  1.445637  8.085607  6.4458776E-04  9.9934535E-01  1.5860843E-07  4.4420577E-08  6.1582693E-06  2.8063147E-08  1.8138625E-10  1.0058749E-14  2.2585503E-13  1.0234950E-13  3.137E-15  0.000E+00  0.000E+00  1.000E+00  1.000E+00  7.10E+02  0.00E+00  0.00E+00  0.000000  0.667202  0.0000000E+00  0.0000000000E+00
108  2.383202663942141E+06  149.918872  6.570495  4.617478  7.5157740E-01  2.4837130E-01  1.2915485E-06  4.3010680E-09  1.0216525E-07  6.8211449E-06  3.5136689E-10  2.0005890E-09  9.2048308E-07  2.3543589E-08  2.155E-27  0.4780  4.617478   -7.041  1.477578  8.096076  4.2972566E-04  9.9956017E-01  1.6287203E-07  4.5666111E-08  6.1520765E-06  2.7478231E-08  1.9352591E-10  8.6785611E-15  2.3614284E-13  1.0282647E-13  2.762E-15  0.000E+00  0.000E+00  1.000E+00  1.000E+00  7.13E+02  0.00E+00  0.00E+00  0.000000  0.668030  0.0000000E+00  0.0000000000E+00
109  2.383840712635067E+06  149.918814  6.571339  4.621633  7.5157740E-01  2.4837130E-01  1.2915485E-06  4.3010686E-09  1.0216525E-07  6.8211449E-06  3.5136689E-10  2.0005890E-09  9.2048308E-07  2.3543589E-08  2.154E-27  0.4768  4.621633   -7.037  1.531044  8.113594  2.1486356E-04  9.9977507E-01  1.7181872E-07  4.8325577E-08  6.1391040E-06  2.6722245E-08  2.2032190E-10  7.6397285E-15  2.5067333E-13  1.0255628E-13  2.318E-15  0.000E+00  0.000E+00  1.000E+00  1.000E+00  7.20E+02  0.00E+00  0.00E+00  0.000000  0.669331  0.0000000E+00  0.0000000000E+00
110  2.386075643055619E+06  149.918604  6.577468  4.655413  7.5157740E-01  2.4837130E-01  1.2915485E-06  4.3010705E-09  1.0216525E-07  6.8211449E-06  3.5136689E-10  2.0005890E-09  9.2048308E-07  2.3543589E-08  2.152E-27  0.4233  4.655413   -7.019  1.971530  8.257228  1.4556480E-09  9.9998990E-01  2.6728983E-07  7.6103164E-08  5.9974647E-06  2.6704359E-08  4.6224578E-10  3.6675046E-15  2.7848249E-13  9.8569388E-14  1.477E-15  0.000E+00  0.000E+00  1.000E+00  1.000E+00  7.75E+02  0.00E+00  0.00E+00  0.000000  0.678844  0.0000000E+00  0.0000000000E+00
111  2.386116668397810E+06  149.918600  6.577560  4.655835  7.5157740E-01  2.4837130E-01  1.2915485E-06  4.3010705E-09  1.0216525E-07  6.8211449E-06  3.5136689E-10  2.0005890E-09  9.2048308E-07  2.3543589E-08  2.152E-27  0.4220  4.655835   -7.019  1.979368  8.259738  9.9337256E-10  9.9998990E-01  2.6792796E-07  7.6201265E-08  5.9966139E-06  2.6704705E-08  4.6245849E-10  3.6396412E-15  2.7848271E-13  9.8569276E-14  1.477E-15  0.000E+00  0.000E+00  1.000E+00  1.000E+00  7.76E+02  0.00E+00  0.00E+00  0.000000  0.678987  0.0000000E+00  0.0000000000E+00
112  2.386157693740000E+06  149.918596  6.577652  4.656256  7.5157740E-01  2.4837130E-01  1.2915485E-06  4.3010705E-09  1.0216525E-07  6.8211449E-06  3.5136689E-10  2.0005890E-09  9.2048308E-07  2.3543589E-08  2.152E-27  0.4206  4.656256   -7.019  1.987206  8.262248  5.3109711E-10  9.9998990E-01  2.6856608E-07  7.6299367E-08  5.9957632E-06  2.6705051E-08  4.6267119E-10  3.6117778E-15  2.7848293E-13  9.8569164E-14  1.477E-15  0.000E+00  0.000E+00  1.000E+00  1.000E+00  7.77E+02  0.00E+00  0.00E+00  0.000000  0.679131  0.0000000E+00  0.0000000000E+00
113  2.386198719082191E+06  149.918592  6.577735  4.656613  7.5157740E-01  2.4837130E-01  1.2915485E-06  4.3010705E-09  1.0216525E-07  6.8211449E-06  3.5136689E-10  2.0005890E-09  9.2048308E-07  2.3543589E-08  2.152E-27  0.4211  4.656613   -7.019  1.994550  8.264590  2.6589608E-10  9.9998726E-01  2.9109794E-06  5.8009152E-08  5.8697257E-06  4.9518120E-08  4.6301699E-10  1.1962747E-07  5.9148723E-13  2.0126166E-08  1.006E-15  0.000E+00  0.000E+00  1.000E+00  1.000E+00  7.77E+02  0.00E+00  0.00E+00  0.000000  0.679261  0.0000000E+00  0.0000000000E+00
114  2.386239744424381E+06  149.918588  6.577819  4.656970  7.5157740E-01  2.4837130E-01  1.2915485E-06  4.3010706E-09  1.0216525E-07  6.8211449E-06  3.5136689E-10  2.0005890E-09  9.2048308E-07  2.3543589E-08  2.152E-27  0.4217  4.656970   -7.019  2.001893  8.266932  1.1083685E-12  9.9998461E-01  5.5589334E-06  3.9680371E-08  5.7434257E-06  7.2379034E-08  4.6336307E-10  2.3950584E-07  9.0514800E-13  4.0294445E-08  5.339E-16  0.000E+00  0.000E+00  1.000E+00  1.000E+00  7.78E+02  0.00E+00  0.00E+00  0.000000  0.679391  0.0000000E+00  0.0000000000E+00
115  2.386280769766572E+06  149.918584  6.577895  4.657270  7.5157740E-01  2.4837130E-01  1.2915485E-06  4.3010706E-09  1.0216525E-07  6.8211449E-06  3.5136689E-10  2.0005890E-09  9.2048308E-07  2.3543589E-08  2.152E-27  0.4194  4.657270   -7.019  2.008856  8.269144  0.0000000E+00  9.9998102E-01  9.0753570E-06  3.0228187E-08  5.6120394E-06  1.1230819E-07  4.6644980E-10  3.4590934E-07  2.2945373E-11  6.5732746E-08  4.402E-16  0.000E+00  0.000E+00  1.000E+00  1.000E+00  7.78E+02  0.00E+00  0.00E+00  0.000000  0.679511  0.0000000E+00  0.0000000000E+00
116  2.386321795108763E+06  149.918580  6.577972  4.657571  7.5157740E-01  2.4837130E-01  1.2915485E-06  4.3010707E-09  1.0216525E-07  6.8211449E-06  3.5136689E-10  2.0005890E-09  9.2048308E-07  2.3543589E-08  2.152E-27  0.4171  4.657571   -7.019  2.015817  8.271356  0.0000000E+00  9.9997742E-01  1.2595431E-05  2.0813315E-08  5.4806317E-06  1.5230910E-07  4.6954806E-10  4.5225620E-07  4.5076924E-11  9.1193200E-08  3.482E-16  0.000E+00  0.000E+00  1.000E+00  1.000E+00  7.79E+02  0.00E+00  0.00E+00  0.000000  0.679630  0.0000000E+00  0.0000000000E+00
117  2.386362820450953E+06  149.918576  6.578041  4.657820  7.5157740E-01  2.4837130E-01  1.2915485E-06  4.3010707E-09  1.0216525E-07  6.8211449E-06  3.5136689E-10  2.0005890E-09  9.2048308E-07  2.3543589E-08  2.152E-27  0.4168  4.657820   -7.019  2.022407  8.273440  0.0000000E+00  9.9997273E-01  1.7229846E-05  1.5461590E-08  5.3308104E-06  1.7433859E-07  4.6906034E-10  6.0129457E-07  4.5375642E-11  1.3570585E-07  3.110E-16  0.000E+00  0.000E+00  1.000E+00  1.000E+00  7.79E+02  0.00E+00  0.00E+00  0.000000  0.679739  0.0000000E+00  0.0000000000E+00
118  2.386403845793143E+06  149.918572  6.578110  4.658069  7.5157740E-01  2.4837130E-01  1.2915485E-06  4.3010708E-09  1.0216525E-07  6.8211449E-06  3.5136689E-10  2.0005890E-09  9.2048308E-07  2.3543589E-08  2.152E-27  0.4165  4.658069   -7.019  2.028994  8.275524  0.0000000E+00  9.9996804E-01  2.1871301E-05  1.0135537E-08  5.1808727E-06  1.9625453E-07  4.6854997E-10  7.5060269E-07  4.5536410E-11  1.8033888E-07  2.741E-16  0.000E+00  0.000E+00  1.000E+00  1.000E+00  7.80E+02  0.00E+00  0.00E+00  0.000000  0.679848  0.0000000E+00  0.0000000000E+00
119  2.386444871135334E+06  149.918568  6.578172  4.658262  7.5157740E-01  2.4837130E-01  1.2915485E-06  4.3010708E-09  1.0216525E-07  6.8211449E-06  3.5136689E-10  2.0005890E-09  9.2048308E-07  2.3543589E-08  2.152E-27  0.4155  4.658262   -7.019  2.035192  8.277474  0.0000000E+00  9.9996201E-01  2.7823779E-05  7.4512743E-09  5.0170209E-06  2.1225347E-07  4.6788076E-10  9.0882361E-07  4.3471690E-11  2.4126247E-07  2.508E-16  0.000E+00  0.000E+00  1.000E+00  1.000E+00  7.80E+02  0.00E+00  0.00E+00  0.000000  0.679945  0.0000000E+00  0.0000000000E+00
120  2.386485896477525E+06  149.918564  6.578233  4.658454  7.5157740E-01  2.4837130E-01  1.2915485E-06  4.3010708E-09  1.0216525E-07  6.8211449E-06  3.5136689E-10  2.0005890E-09  9.2048308E-07  2.3543589E-08  2.152E-27  0.4144  4.658454   -7.018  2.041386  8.279423  0.0000000E+00  9.9995596E-01  3.3787325E-05  4.7893144E-09  4.8530517E-06  2.2820246E-07  4.6721021E-10  1.0671198E-06  4.1388181E-11  3.0232359E-07  2.276E-16  0.000E+00  0.000E+00  1.000E+00  1.000E+00  7.80E+02  0.00E+00  0.00E+00  0.000000  0.680041  0.0000000E+00  0.0000000000E+00
121  2.386526921819715E+06  149.918560  6.578289  4.658599  7.5157740E-01  2.4837130E-01  1.2915485E-06  4.3010708E-09  1.0216525E-07  6.8211449E-06  3.5136689E-10  2.0005890E-09  9.2048308E-07  2.3543589E-08  2.152E-27  0.4118  4.658599   -7.018  2.047212  8.281246  0.0000000E+00  9.9994829E-01  4.1398042E-05  3.4750219E-09  4.6751849E-06  2.4103359E-07  4.6637578E-10  1.2298739E-06  3.9490741E-11  3.8272910E-07  2.135E-16  0.000E+00  0.000E+00  1.000E+00  1.000E+00  7.80E+02  0.00E+00  0.00E+00  0.000000  0.680128  0.0000000E+00  0.0000000000E+00
122  2.386567947161906E+06  149.918556  6.578344  4.658744  7.5157740E-01  2.4837130E-01  1.2915485E-06  4.3010709E-09  1.0216525E-07  6.8211449E-06  3.5136689E-10  2.0005890E-09  9.2048308E-07  2.3543589E-08  2.152E-27  0.4091  4.658744   -7.018  2.053034  8.283068  0.0000000E+00  9.9994060E-01  4.9026179E-05  2.1749815E-09  4.4971712E-06  2.5383175E-07  4.6553962E-10  1.3926752E-06  3.7595268E-11  4.6333918E-07  1.995E-16  0.000E+00  0.000E+00  1.000E+00  1.000E+00  7.81E+02  0.00E+00  0.00E+00  0.000000  0.680214  0.0000000E+00  0.0000000000E+00
123  2.386608972504096E+06  149.918553  6.578393  4.658839  7.5157740E-01  2.4837130E-01  1.2915485E-06  4.3010709E-09  1.0216525E-07  6.8211449E-06  3.5136689E-10  2.0005890E-09  9.2048308E-07  2.3543589E-08  2.152E-27  0.4089  4.658839   -7.018  2.058452  8.284751  0.0000000E+00  9.9993113E-01  5.8411594E-05  1.5703898E-09  4.3122450E-06  2.6474672E-07  4.6453493E-10  1.5496606E-06  3.6741527E-11  5.6314566E-07  1.911E-16  0.000E+00  0.000E+00  1.000E+00  1.000E+00  7.81E+02  0.00E+00  0.00E+00  0.000000  0.680290  0.0000000E+00  0.0000000000E+00
124  2.386649997846287E+06  149.918549  6.578441  4.658934  7.5157740E-01  2.4837130E-01  1.2915485E-06  4.3010710E-09  1.0216525E-07  6.8211449E-06  3.5136689E-10  2.0005890E-09  9.2048308E-07  2.3543589E-08  2.151E-27  0.4087  4.658934   -7.018  2.063865  8.286432  0.0000000E+00  9.9992164E-01  6.7819358E-05  9.7464239E-10  4.1272310E-06  2.7563775E-07  4.6352810E-10  1.7065720E-06  3.5901035E-11  6.6319627E-07  1.828E-16  0.000E+00  0.000E+00  1.000E+00  1.000E+00  7.81E+02  0.00E+00  0.00E+00  0.000000  0.680366  0.0000000E+00  0.0000000000E+00
125  2.386691023188477E+06  149.918545  6.578483  4.658977  7.5157740E-01  2.4837130E-01  1.2915485E-06  4.3010710E-09  1.0216525E-07  6.8211449E-06  3.5136689E-10  2.0005890E-09  9.2048308E-07  2.3543589E-08  2.151E-27  0.4090  4.658977   -7.018  2.068978  8.288013  0.0000000E+00  9.9990957E-01  7.9803565E-05  7.5854564E-10  3.9613245E-06  2.8874473E-07  4.6230169E-10  1.8238601E-06  3.3346375E-11  7.8217246E-07  1.785E-16  0.000E+00  0.000E+00  1.000E+00  1.000E+00  7.81E+02  0.00E+00  0.00E+00  0.000000  0.680431  0.0000000E+00  0.0000000000E+00
126  2.386732048530668E+06  149.918541  6.578524  4.659020  7.5157740E-01  2.4837130E-01  1.2915485E-06  4.3010711E-09  1.0216525E-07  6.8211449E-06  3.5136689E-10  2.0005890E-09  9.2048308E-07  2.3543589E-08  2.151E-27  0.4092  4.659020   -7.018  2.074087  8.289593  0.0000000E+00  9.9989747E-01  9.1826079E-05  5.4809369E-10  3.7957021E-06  3.0188466E-07  4.6107202E-10  1.9405591E-06  3.0766229E-11  9.0143003E-07  1.743E-16  0.000E+00  0.000E+00  1.000E+00  1.000E+00  7.81E+02  0.00E+00  0.00E+00  0.000000  0.680497  0.0000000E+00  0.0000000000E+00
127  2.386773073872859E+06  149.918537  6.578588  4.658998  7.5157740E-01  2.4837130E-01  1.2915485E-06  4.3010711E-09  1.0216525E-07  6.8211449E-06  3.5136689E-10  2.0005890E-09  9.2048308E-07  2.3543589E-08  2.151E-27  0.4090  4.658998   -7.018  2.078582  8.290959  0.0000000E+00  9.9988446E-01  1.0475138E-04  3.8299024E-10  3.6313524E-06  3.1514461E-07  4.5976558E-10  2.0505709E-06  2.9015403E-11  1.0268587E-06  1.707E-16  0.000E+00  0.000E+00  1.000E+00  1.000E+00  7.81E+02  0.00E+00  0.00E+00  0.000000  0.680596  0.0000000E+00  0.0000000000E+00
128  2.386814099215049E+06  149.918533  6.578686  4.658869  7.5157740E-01  2.4837130E-01  1.2915485E-06  4.3010712E-09  1.0216525E-07  6.8211449E-06  3.5136689E-10  2.0005890E-09  9.2048308E-07  2.3543589E-08  2.151E-27  0.4079  4.658869   -7.018  2.082086  8.291982  0.0000000E+00  9.9986997E-01  1.1913334E-04  2.9105661E-10  3.4690561E-06  3.2859820E-07  4.5833530E-10  2.1497928E-06  2.8602685E-11  1.1622444E-06  1.680E-16  0.000E+00  0.000E+00  1.000E+00  1.000E+00  7.81E+02  0.00E+00  0.00E+00  0.000000  0.680751  0.0000000E+00  0.0000000000E+00
129  2.386855124557239E+06  149.918529  6.578784  4.658740  7.5157740E-01  2.4837130E-01  1.2915485E-06  4.3010712E-09  1.0216525E-07  6.8211449E-06  3.5136689E-10  2.0005890E-09  9.2048308E-07  2.3543589E-08  2.151E-27  0.4068  4.658740   -7.018  2.085591  8.293004  0.0000000E+00  9.9985549E-01  1.3351529E-04  1.9912298E-10  3.3067598E-06  3.4205179E-07  4.5690501E-10  2.2490148E-06  2.8189967E-11  1.2976302E-06  1.653E-16  0.000E+00  0.000E+00  1.000E+00  1.000E+00  7.81E+02  0.00E+00  0.00E+00  0.000000  0.680905  0.0000000E+00  0.0000000000E+00
130  2.386896149899430E+06  149.918525  6.578848  4.658256  7.5157740E-01  2.4837130E-01  1.2915485E-06  4.3010712E-09  1.0216525E-07  6.8211449E-06  3.5136689E-10  2.0005890E-09  9.2048308E-07  2.3543589E-08  2.151E-27  0.4004  4.658256   -7.017  2.082860  8.291847  0.0000000E+00  9.9984217E-01  1.4675167E-04  1.2372461E-10  3.1148642E-06  3.4992014E-07  4.5554976E-10  2.3845734E-06  3.0210563E-11  1.4348904E-06  1.629E-16  0.000E+00  0.000E+00  1.000E+00  1.000E+00  7.80E+02  0.00E+00  0.00E+00  0.000000  0.681005  0.0000000E+00  0.0000000000E+00
131  2.386937175241621E+06  149.918521  6.578887  4.657461  7.5157740E-01  2.4837130E-01  1.2915485E-06  4.3010712E-09  1.0216525E-07  6.8211449E-06  3.5136689E-10  2.0005890E-09  9.2048308E-07  2.3543589E-08  2.151E-27  0.3991  4.657461   -7.017  2.072643  8.288072  0.0000000E+00  9.9983198E-01  1.5688749E-04  7.3156900E-11  2.9512884E-06  3.5451041E-07  4.5449080E-10  2.5061384E-06  3.2288749E-11  1.5444852E-06  1.611E-16  0.000E+00  0.000E+00  1.000E+00  1.000E+00  7.78E+02  0.00E+00  0.00E+00  0.000000  0.681067  0.0000000E+00  0.0000000000E+00
132  2.386978200583811E+06  149.918517  6.578924  4.656505  7.5157740E-01  2.4837130E-01  1.2915485E-06  4.3010713E-09  1.0216525E-07  6.8211449E-06  3.5136689E-10  2.0005890E-09  9.2048308E-07  2.3543589E-08  2.151E-27  0.4025  4.656505   -7.016  2.054278  8.281444  0.0000000E+00  9.9982543E-01  1.6338736E-04  4.6776775E-11  2.8364759E-06  3.5699733E-07  4.5379309E-10  2.5955014E-06  3.3543774E-11  1.6165687E-06  1.601E-16  0.000E+00  0.000E+00  1.000E+00  1.000E+00  7.77E+02  0.00E+00  0.00E+00  0.000000  0.681124  0.0000000E+00  0.0000000000E+00
133  2.387019225926002E+06  149.918513  6.579023  4.655859  7.5157740E-01  2.4837130E-01  1.2915485E-06  4.3010713E-09  1.0216525E-07  6.8211449E-06  3.5136689E-10  2.0005890E-09  9.2048308E-07  2.3543589E-08  2.151E-27  0.3943  4.655859   -7.016  2.027049  8.271712  0.0000000E+00  9.9982167E-01  1.6705600E-04  3.0684171E-11  2.7625402E-06  3.5832873E-07  4.5338079E-10  2.6580234E-06  3.4159535E-11  1.6571253E-06  1.596E-16  0.000E+00  0.000E+00  1.000E+00  1.000E+00  7.75E+02  0.00E+00  0.00E+00  0.000000  0.681279  0.0000000E+00  0.0000000000E+00
134  2.387060251268192E+06  149.918509  6.579229  4.655591  7.5157740E-01  2.4837130E-01  1.2915485E-06  4.3010714E-09  1.0216525E-07  6.8211449E-06  3.5136689E-10  2.0005890E-09  9.2048308E-07  2.3543589E-08  2.151E-27  0.3901  4.655591   -7.015  2.040022  8.276030  0.0000000E+00  9.9981575E-01  1.7296135E-04  1.9744485E-11  2.6606617E-06  3.6028380E-07  4.5274213E-10  2.7354359E-06  3.4919232E-11  1.7234276E-06  1.592E-16  0.000E+00  0.000E+00  1.000E+00  1.000E+00  7.75E+02  0.00E+00  0.00E+00  0.000000  0.681602  0.0000000E+00  0.0000000000E+00
135  2.387101276610383E+06  149.918505  6.579305  4.654282  7.5157740E-01  2.4837130E-01  1.2915485E-06  4.3010714E-09  1.0216525E-07  6.8211449E-06  3.5136689E-10  2.0005890E-09  9.2048308E-07  2.3543589E-08  2.151E-27  0.3960  4.654282   -7.015  2.026003  8.270906  0.0000000E+00  9.9981231E-01  1.7640170E-04  1.3421941E-11  2.5986415E-06  3.6144515E-07  4.5236107E-10  2.7842956E-06  3.5349710E-11  1.7618556E-06  1.591E-16  0.000E+00  0.000E+00  1.000E+00  1.000E+00  7.73E+02  0.00E+00  0.00E+00  0.000000  0.681722  0.0000000E+00  0.0000000000E+00
136  2.387142301952573E+06  149.918501  6.579350  4.652719  7.5157740E-01  2.4837130E-01  1.2915485E-06  4.3010714E-09  1.0216525E-07  6.8211449E-06  3.5136689E-10  2.0005890E-09  9.2048308E-07  2.3543589E-08  2.151E-27  0.4028  4.652719   -7.015  2.000020  8.261597  0.0000000E+00  9.9981065E-01  1.7804049E-04  1.0041962E-11  2.5646993E-06  3.6203530E-07  4.5216665E-10  2.8136581E-06  3.5549687E-11  1.7799135E-06  1.590E-16  0.000E+00  0.000E+00  1.000E+00  1.000E+00  7.70E+02  0.00E+00  0.00E+00  0.000000  0.681792  0.0000000E+00  0.0000000000E+00
137  2.387183327294764E+06  149.918497  6.579597  4.652636  7.5157740E-01  2.4837130E-01  1.2915485E-06  4.3010714E-09  1.0216525E-07  6.8211449E-06  3.5136689E-10  2.0005890E-09  9.2048308E-07  2.3543589E-08  2.151E-27  0.3931  4.652636   -7.014  2.006648  8.263689  0.0000000E+00  9.9980827E-01  1.8036938E-04  6.8312667E-12  2.5190963E-06  3.6284427E-07  4.5189784E-10  2.8515829E-06  3.5825473E-11  1.8059075E-06  1.589E-16  0.000E+00  0.000E+00  1.000E+00  1.000E+00  7.69E+02  0.00E+00  0.00E+00  0.000000  0.682180  0.0000000E+00  0.0000000000E+00
138  2.387224352636954E+06  149.918493  6.579844  4.652454  7.5157740E-01  2.4837130E-01  1.2915485E-06  4.3010715E-09  1.0216525E-07  6.8211449E-06  3.5136689E-10  2.0005890E-09  9.2048308E-07  2.3543589E-08  2.151E-27  0.3925  4.652454   -7.013  2.012467  8.265496  0.0000000E+00  9.9980551E-01  1.8308714E-04  4.7645635E-12  2.4684328E-06  3.6377567E-07  4.5158895E-10  2.8921712E-06  3.6136169E-11  1.8366081E-06  1.588E-16  0.000E+00  0.000E+00  1.000E+00  1.000E+00  7.69E+02  0.00E+00  0.00E+00  0.000000  0.682567  0.0000000E+00  0.0000000000E+00
139  2.387265377979145E+06  149.918489  6.580093  4.652212  7.5157740E-01  2.4837130E-01  1.2915485E-06  4.3010715E-09  1.0216525E-07  6.8211449E-06  3.5136689E-10  2.0005890E-09  9.2048308E-07  2.3543589E-08  2.151E-27  0.3928  4.652212   -7.013  2.019890  8.267865  0.0000000E+00  9.9980233E-01  1.8625478E-04  3.2487746E-12  2.4123659E-06  3.6485225E-07  4.5123443E-10  2.9353032E-06  3.6490457E-11  1.8726959E-06  1.588E-16  0.000E+00  0.000E+00  1.000E+00  1.000E+00  7.68E+02  0.00E+00  0.00E+00  0.000000  0.682959  0.0000000E+00  0.0000000000E+00
140  2.387306403321336E+06  149.918485  6.580342  4.651916  7.5157740E-01  2.4837130E-01  1.2915485E-06  4.3010715E-09  1.0216525E-07  6.8211449E-06  3.5136689E-10  2.0005890E-09  9.2048308E-07  2.3543589E-08  2.151E-27  0.3939  4.651916   -7.013  2.028120  8.270519  0.0000000E+00  9.9979856E-01  1.9002192E-04  2.2301019E-12  2.3520925E-06  3.6616331E-07  4.5082077E-10  2.9781005E-06  3.6902183E-11  1.9158063E-06  1.588E-16  0.000E+00  0.000E+00  1.000E+00  1.000E+00  7.68E+02  0.00E+00  0.00E+00  0.000000  0.683351  0.0000000E+00  0.0000000000E+00
141  2.387347428663526E+06  149.918481  6.580588  4.651573  7.5157740E-01  2.4837130E-01  1.2915485E-06  4.3010716E-09  1.0216525E-07  6.8211449E-06  3.5136689E-10  2.0005890E-09  9.2048308E-07  2.3543589E-08  2.151E-27  0.3956  4.651573   -7.011  2.036363  8.273179  0.0000000E+00  9.9979413E-01  1.9444543E-04  1.6262332E-12  2.2890458E-06  3.6775626E-07  4.5034335E-10  3.0182520E-06  3.7376325E-11  1.9665105E-06  1.588E-16  0.000E+00  0.000E+00  1.000E+00  1.000E+00  7.67E+02  0.00E+00  0.00E+00  0.000000  0.683740  0.0000000E+00  0.0000000000E+00
142  2.387388454005717E+06  149.918477  6.580837  4.651197  7.5157740E-01  2.4837130E-01  1.2915485E-06  4.3010716E-09  1.0216525E-07  6.8211449E-06  3.5136689E-10  2.0005890E-09  9.2048308E-07  2.3543589E-08  2.151E-27  0.3950  4.651197   -7.011  2.044501  8.275804  0.0000000E+00  9.9978862E-01  1.9994217E-04  1.1714609E-12  2.2179559E-06  3.6978603E-07  4.4976099E-10  3.0593088E-06  3.7954341E-11  2.0287821E-06  1.588E-16  0.000E+00  0.000E+00  1.000E+00  1.000E+00  7.66E+02  0.00E+00  0.00E+00  0.000000  0.684130  0.0000000E+00  0.0000000000E+00
143  2.387429479347907E+06  149.918473  6.581085  4.650804  7.5157740E-01  2.4837130E-01  1.2915485E-06  4.3010717E-09  1.0216525E-07  6.8211449E-06  3.5136689E-10  2.0005890E-09  9.2048308E-07  2.3543589E-08  2.151E-27  0.3931  4.650804   -7.010  2.052588  8.278412  0.0000000E+00  9.9978259E-01  2.0595037E-04  7.8773996E-13  2.1430331E-06  3.7202398E-07  4.4912862E-10  3.1007969E-06  3.8581856E-11  2.0965660E-06  1.587E-16  0.000E+00  0.000E+00  1.000E+00  1.000E+00  7.65E+02  0.00E+00  0.00E+00  0.000000  0.684521  0.0000000E+00  0.0000000000E+00
144  2.387470504690098E+06  149.918469  6.581335  4.650327  7.5157740E-01  2.4837130E-01  1.2915485E-06  4.3010717E-09  1.0216525E-07  6.8211449E-06  3.5136689E-10  2.0005890E-09  9.2048308E-07  2.3543589E-08  2.151E-27  0.3960  4.650327   -7.009  2.060479  8.280955  0.0000000E+00  9.9977487E-01  2.1358933E-04  5.7769303E-13  2.0615645E-06  3.7502566E-07  4.4834484E-10  3.1377684E-06  3.9359725E-11  2.1801654E-06  1.587E-16  0.000E+00  0.000E+00  1.000E+00  1.000E+00  7.64E+02  0.00E+00  0.00E+00  0.000000  0.684916  0.0000000E+00  0.0000000000E+00
145  2.387511530032288E+06  149.918465  6.581581  4.649858  7.5157740E-01  2.4837130E-01  1.2915485E-06  4.3010717E-09  1.0216525E-07  6.8211449E-06  3.5136689E-10  2.0005890E-09  9.2048308E-07  2.3543589E-08  2.151E-27  0.3959  4.649858   -7.009  2.068115  8.283410  0.0000000E+00  9.9976638E-01  2.2200907E-04  3.9570922E-13  1.9767676E-06  3.7841814E-07  4.4748845E-10  3.1731850E-06  4.0209861E-11  2.2709179E-06  1.587E-16  0.000E+00  0.000E+00  1.000E+00  1.000E+00  7.64E+02  0.00E+00  0.00E+00  0.000000  0.685304  0.0000000E+00  0.0000000000E+00
146  2.387552555374479E+06  149.918461  6.581818  4.649411  7.5157740E-01  2.4837130E-01  1.2915485E-06  4.3010718E-09  1.0216525E-07  6.8211449E-06  3.5136689E-10  2.0005890E-09  9.2048308E-07  2.3543589E-08  2.151E-27  0.3887  4.649411   -7.008  2.075146  8.285657  0.0000000E+00  9.9975609E-01  2.3224857E-04  2.7505646E-13  1.8841993E-06  3.8272329E-07  4.4646283E-10  3.2050226E-06  4.1228446E-11  2.3783112E-06  1.587E-16  0.000E+00  0.000E+00  1.000E+00  1.000E+00  7.62E+02  0.00E+00  0.00E+00  0.000000  0.685679  0.0000000E+00  0.0000000000E+00
147  2.387593580716670E+06  149.918458  6.582052  4.648922  7.5157740E-01  2.4837130E-01  1.2915485E-06  4.3010718E-09  1.0216525E-07  6.8211449E-06  3.5136689E-10  2.0005890E-09  9.2048308E-07  2.3543589E-08  2.151E-27  0.3894  4.648922   -7.008  2.082177  8.287906  0.0000000E+00  9.9974471E-01  2.4360606E-04  1.9312271E-13  1.7929622E-06  3.8776950E-07  4.4534426E-10  3.2292036E-06  4.2340119E-11  2.4929552E-06  1.587E-16  0.000E+00  0.000E+00  1.000E+00  1.000E+00  7.62E+02  0.00E+00  0.00E+00  0.000000  0.686047  0.0000000E+00  0.0000000000E+00
148  2.387634606058860E+06  149.918453  6.582282  4.648406  7.5157740E-01  2.4837130E-01  1.2915485E-06  4.3010719E-09  1.0216525E-07  6.8211449E-06  3.5136689E-10  2.0005890E-09  9.2048308E-07  2.3543589E-08  2.150E-27  0.3953  4.648406   -7.008  2.089208  8.290155  0.0000000E+00  9.9973259E-01  2.5570284E-04  1.3679254E-13  1.7026052E-06  3.9330575E-07  4.4416424E-10  3.2483217E-06  4.3513347E-11  2.6123938E-06  1.586E-16  0.000E+00  0.000E+00  1.000E+00  1.000E+00  7.61E+02  0.00E+00  0.00E+00  0.000000  0.686411  0.0000000E+00  0.0000000000E+00
149  2.387675631401050E+06  149.918449  6.582498  4.647863  7.5157740E-01  2.4837130E-01  1.2915485E-06  4.3010719E-09  1.0216525E-07  6.8211449E-06  3.5136689E-10  2.0005890E-09  9.2048308E-07  2.3543589E-08  2.150E-27  0.3892  4.647863   -7.007  2.096176  8.292389  0.0000000E+00  9.9971665E-01  2.7154720E-04  1.0339656E-13  1.6039243E-06  4.0121782E-07  4.4265673E-10  3.2563594E-06  4.5014084E-11  2.7585463E-06  1.586E-16  0.000E+00  0.000E+00  1.000E+00  1.000E+00  7.60E+02  0.00E+00  0.00E+00  0.000000  0.686753  0.0000000E+00  0.0000000000E+00
150  2.387716656743241E+06  149.918445  6.582711  4.647309  7.5157740E-01  2.4837130E-01  1.2915485E-06  4.3010719E-09  1.0216525E-07  6.8211449E-06  3.5136689E-10  2.0005890E-09  9.2048308E-07  2.3543589E-08  2.150E-27  0.3841  4.647309   -7.007  2.102995  8.294572  0.0000000E+00  9.9969959E-01  2.8851454E-04  7.6201285E-14  1.5048850E-06  4.0997946E-07  4.4105686E-10  3.2597571E-06  4.6607608E-11  2.9109477E-06  1.586E-16  0.000E+00  0.000E+00  1.000E+00  1.000E+00  7.59E+02  0.00E+00  0.00E+00  0.000000  0.687088  0.0000000E+00  0.0000000000E+00
151  2.387757682085432E+06  149.918441  6.582914  4.646723  7.5157740E-01  2.4837130E-01  1.2915485E-06  4.3010720E-09  1.0216525E-07  6.8211449E-06  3.5136689E-10  2.0005890E-09  9.2048308E-07  2.3543589E-08  2.150E-27  0.3866  4.646723   -7.006  2.109307  8.296579  0.0000000E+00  9.9967985E-01  3.0817701E-04  6.3096304E-14  1.4075029E-06  4.2094228E-07  4.3924207E-10  3.2504630E-06  4.8417517E-11  3.0762776E-06  1.585E-16  0.000E+00  0.000E+00  1.000E+00  1.000E+00  7.58E+02  0.00E+00  0.00E+00  0.000000  0.687411  0.0000000E+00  0.0000000000E+00
152  2.387798707427622E+06  149.918437  6.583113  4.646110  7.5157740E-01  2.4837130E-01  1.2915485E-06  4.3010720E-09  1.0216525E-07  6.8211449E-06  3.5136689E-10  2.0005890E-09  9.2048308E-07  2.3543589E-08  2.150E-27  0.3880  4.646110   -7.006  2.115553  8.298566  0.0000000E+00  9.9965758E-01  3.3036705E-04  5.4798134E-14  1.3105192E-06  4.3415410E-07  4.3723000E-10  3.2318150E-06  5.0426478E-11  3.2524458E-06  1.585E-16  0.000E+00  0.000E+00  1.000E+00  1.000E+00  7.56E+02  0.00E+00  0.00E+00  0.000000  0.687725  0.0000000E+00  0.0000000000E+00
153  2.387839732769812E+06  149.918433  6.583307  4.645472  7.5157740E-01  2.4837130E-01  1.2915485E-06  4.3010720E-09  1.0216525E-07  6.8211449E-06  3.5136689E-10  2.0005890E-09  9.2048308E-07  2.3543589E-08  2.150E-27  0.3885  4.645472   -7.005  2.121742  8.300536  0.0000000E+00  9.9963305E-01  3.5482889E-04  5.0820388E-14  1.2138935E-06  4.4938735E-07  4.3504060E-10  3.2047596E-06  5.2614349E-11  3.4383557E-06  1.584E-16  0.000E+00  0.000E+00  1.000E+00  1.000E+00  7.55E+02  0.00E+00  0.00E+00  0.000000  0.688033  0.0000000E+00  0.0000000000E+00
154  2.387880758112003E+06  149.918429  6.583495  4.644801  7.5157740E-01  2.4837130E-01  1.2915485E-06  4.3010720E-09  1.0216525E-07  6.8211449E-06  3.5136689E-10  2.0005890E-09  9.2048308E-07  2.3543589E-08  2.150E-27  0.3904  4.644801   -7.005  2.127504  8.302361  0.0000000E+00  9.9960492E-01  3.8291543E-04  5.1492670E-14  1.1231301E-06  4.6868684E-07  4.3259555E-10  3.1635802E-06  5.5062716E-11  3.6323303E-06  1.584E-16  0.000E+00  0.000E+00  1.000E+00  1.000E+00  7.54E+02  0.00E+00  0.00E+00  0.000000  0.688332  0.0000000E+00  0.0000000000E+00
155  2.387921783454194E+06  149.918424  6.583681  4.644118  7.5157740E-01  2.4837130E-01  1.2915485E-06  4.3010721E-09  1.0216525E-07  6.8211449E-06  3.5136689E-10  2.0005890E-09  9.2048308E-07  2.3543589E-08  2.150E-27  0.3924  4.644118   -7.004  2.133157  8.304149  0.0000000E+00  9.9957544E-01  4.1234084E-04  5.3575775E-14  1.0349209E-06  4.8963320E-07  4.3006006E-10  3.1174798E-06  5.7603686E-11  3.8283076E-06  1.583E-16  0.000E+00  0.000E+00  1.000E+00  1.000E+00  7.53E+02  0.00E+00  0.00E+00  0.000000  0.688626  0.0000000E+00  0.0000000000E+00
156  2.387962808796384E+06  149.918420  6.583859  4.643397  7.5157740E-01  2.4837130E-01  1.2915485E-06  4.3010722E-09  1.0216525E-07  6.8211449E-06  3.5136689E-10  2.0005890E-09  9.2048308E-07  2.3543589E-08  2.150E-27  0.3936  4.643397   -7.004  2.138658  8.305890  0.0000000E+00  9.9954216E-01  4.4549039E-04  5.8599644E-14  9.5506382E-07  5.1562509E-07  4.2728582E-10  3.0586406E-06  6.0390645E-11  4.0267251E-06  1.582E-16  0.000E+00  0.000E+00  1.000E+00  1.000E+00  7.52E+02  0.00E+00  0.00E+00  0.000000  0.688908  0.0000000E+00  0.0000000000E+00
157  2.388003834138575E+06  149.918416  6.584033  4.642651  7.5157740E-01  2.4837130E-01  1.2915485E-06  4.3010722E-09  1.0216525E-07  6.8211449E-06  3.5136689E-10  2.0005890E-09  9.2048308E-07  2.3543589E-08  2.150E-27  0.3943  4.642651   -7.004  2.143881  8.307537  0.0000000E+00  9.9950481E-01  4.8273060E-04  6.4713627E-14  8.8089765E-07  5.4947151E-07  4.2427609E-10  2.9928122E-06  6.3422406E-11  4.2247920E-06  1.582E-16  0.000E+00  0.000E+00  1.000E+00  1.000E+00  7.50E+02  0.00E+00  0.00E+00  0.000000  0.689185  0.0000000E+00  0.0000000000E+00
158  2.388044859480765E+06  149.918413  6.584204  4.641872  7.5157740E-01  2.4837130E-01  1.2915485E-06  4.3010722E-09  1.0216525E-07  6.8211449E-06  3.5136689E-10  2.0005890E-09  9.2048308E-07  2.3543589E-08  2.150E-27  0.3944  4.641872   -7.003  2.148766  8.309071  0.0000000E+00  9.9946253E-01  5.2494354E-04  7.2152785E-14  8.1364953E-07  5.9286613E-07  4.2098011E-10  2.9184875E-06  6.6751755E-11  4.4224328E-06  1.581E-16  0.000E+00  0.000E+00  1.000E+00  1.000E+00  7.48E+02  0.00E+00  0.00E+00  0.000000  0.689456  0.0000000E+00  0.0000000000E+00
159  2.388085884822956E+06  149.918409  6.584372  4.641076  7.5157740E-01  2.4837130E-01  1.2915485E-06  4.3010722E-09  1.0216525E-07  6.8211449E-06  3.5136689E-10  2.0005890E-09  9.2048308E-07  2.3543589E-08  2.150E-27  0.3946  4.641076   -7.003  2.153570  8.310578  0.0000000E+00  9.9941821E-01  5.6917294E-04  8.0213880E-14  7.4832361E-07  6.4023115E-07  4.1757272E-10  2.8414688E-06  7.0198299E-11  4.6203544E-06  1.581E-16  0.000E+00  0.000E+00  1.000E+00  1.000E+00  7.47E+02  0.00E+00  0.00E+00  0.000000  0.689723  0.0000000E+00  0.0000000000E+00
160  2.388126910165146E+06  149.918405  6.584532  4.640225  7.5157740E-01  2.4837130E-01  1.2915485E-06  4.3010723E-09  1.0216525E-07  6.8211449E-06  3.5136689E-10  2.0005890E-09  9.2048308E-07  2.3543589E-08  2.150E-27  0.3954  4.640225   -7.002  2.158132  8.312006  0.0000000E+00  9.9936788E-01  6.1938640E-04  9.0120654E-14  6.8870203E-07  6.9937883E-07  4.1383471E-10  2.7564553E-06  7.3992637E-11  4.8191090E-06  1.580E-16  0.000E+00  0.000E+00  1.000E+00  1.000E+00  7.45E+02  0.00E+00  0.00E+00  0.000000  0.689977  0.0000000E+00  0.0000000000E+00
161  2.388167935507337E+06  149.918401  6.584691  4.639372  7.5157740E-01  2.4837130E-01  1.2915485E-06  4.3010723E-09  1.0216525E-07  6.8211449E-06  3.5136689E-10  2.0005890E-09  9.2048308E-07  2.3543589E-08  2.150E-27  0.3961  4.639372   -7.002  2.162666  8.313425  0.0000000E+00  9.9931707E-01  6.7007640E-04  1.0017732E-13  6.2944911E-07  7.5958210E-07  4.1007203E-10  2.6709935E-06  7.7813345E-11  5.0178346E-06  1.579E-16  0.000E+00  0.000E+00  1.000E+00  1.000E+00  7.44E+02  0.00E+00  0.00E+00  0.000000  0.690230  0.0000000E+00  0.0000000000E+00
162  2.388208960849528E+06  149.918397  6.584846  4.638481  7.5157740E-01  2.4837130E-01  1.2915485E-06  4.3010723E-09  1.0216525E-07  6.8211449E-06  3.5136689E-10  2.0005890E-09  9.2048308E-07  2.3543589E-08  2.150E-27  0.3955  4.638481   -7.002  2.166696  8.314676  0.0000000E+00  9.9925769E-01  7.2932531E-04  1.1292617E-13  5.7681756E-07  8.3874430E-07  4.0586619E-10  2.5774800E-06  8.2107691E-11  5.2160369E-06  1.578E-16  0.000E+00  0.000E+00  1.000E+00  1.000E+00  7.43E+02  0.00E+00  0.00E+00  0.000000  0.690475  0.0000000E+00  0.0000000000E+00
163  2.388249986191718E+06  149.918393  6.585000  4.637590  7.5157740E-01  2.4837130E-01  1.2915485E-06  4.3010724E-09  1.0216525E-07  6.8211449E-06  3.5136689E-10  2.0005890E-09  9.2048308E-07  2.3543589E-08  2.150E-27  0.3949  4.637590   -7.002  2.170726  8.315928  0.0000000E+00  9.9919830E-01  7.8857421E-04  1.2567502E-13  5.2418601E-07  9.1790650E-07  4.0166034E-10  2.4839665E-06  8.6402037E-11  5.4142392E-06  1.576E-16  0.000E+00  0.000E+00  1.000E+00  1.000E+00  7.41E+02  0.00E+00  0.00E+00  0.000000  0.690721  0.0000000E+00  0.0000000000E+00
164  2.388291011533909E+06  149.918389  6.585147  4.636643  7.5157740E-01  2.4837130E-01  1.2915485E-06  4.3010724E-09  1.0216525E-07  6.8211449E-06  3.5136689E-10  2.0005890E-09  9.2048308E-07  2.3543589E-08  2.150E-27  0.3963  4.636643   -7.002  2.173631  8.316789  0.0000000E+00  9.9913690E-01  8.4984716E-04  1.4981557E-13  4.8451363E-07  1.0085383E-06  3.9748941E-10  2.3927512E-06  9.0687333E-11  5.5891663E-06  1.575E-16  0.000E+00  0.000E+00  1.000E+00  1.000E+00  7.39E+02  0.00E+00  0.00E+00  0.000000  0.690954  0.0000000E+00  0.0000000000E+00
165  2.388332036876099E+06  149.918384  6.585292  4.635687  7.5157740E-01  2.4837130E-01  1.2915485E-06  4.3010725E-09  1.0216525E-07  6.8211449E-06  3.5136689E-10  2.0005890E-09  9.2048308E-07  2.3543589E-08  2.150E-27  0.3980  4.635687   -7.002  2.176341  8.317582  0.0000000E+00  9.9907516E-01  9.1146769E-04  1.7591237E-13  4.4706667E-07  1.1011396E-06  3.9332448E-10  2.3019306E-06  9.4971074E-11  5.7600966E-06  1.573E-16  0.000E+00  0.000E+00  1.000E+00  1.000E+00  7.38E+02  0.00E+00  0.00E+00  0.000000  0.691185  0.0000000E+00  0.0000000000E+00
166  2.388373062218290E+06  149.918380  6.585439  4.634754  7.5157740E-01  2.4837130E-01  1.2915485E-06  4.3010725E-09  1.0216525E-07  6.8211449E-06  3.5136689E-10  2.0005890E-09  9.2048308E-07  2.3543589E-08  2.150E-27  0.3993  4.634754   -7.002  2.179179  8.318425  0.0000000E+00  9.9900681E-01  9.7966345E-04  1.9188117E-13  4.0919921E-07  1.2101461E-06  3.8883029E-10  2.2088451E-06  9.9610784E-11  5.9345194E-06  1.572E-16  0.000E+00  0.000E+00  1.000E+00  1.000E+00  7.36E+02  0.00E+00  0.00E+00  0.000000  0.691419  0.0000000E+00  0.0000000000E+00
167  2.388414087560480E+06  149.918376  6.585586  4.633833  7.5157740E-01  2.4837130E-01  1.2915485E-06  4.3010726E-09  1.0216525E-07  6.8211449E-06  3.5136689E-10  2.0005890E-09  9.2048308E-07  2.3543589E-08  2.150E-27  0.4003  4.633833   -7.002  2.182083  8.319294  0.0000000E+00  9.9893496E-01  1.0513356E-03  2.0249511E-13  3.7110943E-07  1.3278261E-06  3.8416202E-10  2.1145622E-06  1.0443870E-10  6.1107887E-06  1.571E-16  0.000E+00  0.000E+00  1.000E+00  1.000E+00  7.34E+02  0.00E+00  0.00E+00  0.000000  0.691654  0.0000000E+00  0.0000000000E+00
168  2.388455112902671E+06  149.918372  6.585733  4.632912  7.5157740E-01  2.4837130E-01  1.2915485E-06  4.3010726E-09  1.0216525E-07  6.8211449E-06  3.5136689E-10  2.0005890E-09  9.2048308E-07  2.3543589E-08  2.150E-27  0.4006  4.632912   -7.002  2.184816  8.320107  0.0000000E+00  9.9886004E-01  1.1260792E-03  2.1539630E-13  3.3596439E-07  1.4564831E-06  3.7939671E-10  2.0210688E-06  1.0938422E-10  6.2814594E-06  1.569E-16  0.000E+00  0.000E+00  1.000E+00  1.000E+00  7.32E+02  0.00E+00  0.00E+00  0.000000  0.691888  0.0000000E+00  0.0000000000E+00
169  2.388496138244861E+06  149.918368  6.585879  4.631991  7.5157740E-01  2.4837130E-01  1.2915485E-06  4.3010727E-09  1.0216525E-07  6.8211449E-06  3.5136689E-10  2.0005890E-09  9.2048308E-07  2.3543589E-08  2.150E-27  0.4000  4.631991   -7.001  2.187345  8.320851  0.0000000E+00  9.9878143E-01  1.2045040E-03  2.3103891E-13  3.0434882E-07  1.5982967E-06  3.7451511E-10  1.9285216E-06  1.1447070E-10  6.4454196E-06  1.568E-16  0.000E+00  0.000E+00  1.000E+00  1.000E+00  7.31E+02  0.00E+00  0.00E+00  0.000000  0.692120  0.0000000E+00  0.0000000000E+00
170  2.388537163587052E+06  149.918364  6.585988  4.630787  7.5157740E-01  2.4837130E-01  1.2915485E-06  4.3010727E-09  1.0216525E-07  6.8211449E-06  3.5136689E-10  2.0005890E-09  9.2048308E-07  2.3543589E-08  2.150E-27  0.3970  4.630787   -7.001  2.182791  8.319109  0.0000000E+00  9.9871096E-01  1.2748035E-03  2.4451808E-13  2.7221927E-07  1.7199644E-06  3.7002231E-10  1.8388980E-06  1.1913934E-10  6.6065483E-06  1.567E-16  0.000E+00  0.000E+00  1.000E+00  1.000E+00  7.29E+02  0.00E+00  0.00E+00  0.000000  0.692294  0.0000000E+00  0.0000000000E+00
171  2.388578188929243E+06  149.918359  6.586013  4.628949  7.5157740E-01  2.4837130E-01  1.2915485E-06  4.3010727E-09  1.0216525E-07  6.8211449E-06  3.5136689E-10  2.0005890E-09  9.2048308E-07  2.3543589E-08  2.150E-27  0.3869  4.628949   -7.001  2.163073  8.312040  0.0000000E+00  9.9866233E-01  1.3233279E-03  2.5035682E-13  2.3873918E-07  1.7859784E-06  3.6654586E-10  1.7557378E-06  1.2270789E-10  6.7617213E-06  1.566E-16  0.000E+00  0.000E+00  1.000E+00  1.000E+00  7.26E+02  0.00E+00  0.00E+00  0.000000  0.692335  0.0000000E+00  0.0000000000E+00
172  2.388619214271433E+06  149.918356  6.586170  4.628150  7.5157740E-01  2.4837130E-01  1.2915485E-06  4.3010727E-09  1.0216525E-07  6.8211449E-06  3.5136689E-10  2.0005890E-09  9.2048308E-07  2.3543589E-08  2.150E-27  0.3790  4.628150   -7.003  2.172659  8.315236  0.0000000E+00  9.9860395E-01  1.3816533E-03  2.5090826E-13  2.0698424E-07  1.8679918E-06  3.6247826E-10  1.6623920E-06  1.2687217E-10  6.9266899E-06  1.564E-16  0.000E+00  0.000E+00  1.000E+00  1.000E+00  7.24E+02  0.00E+00  0.00E+00  0.000000  0.692584  0.0000000E+00  0.0000000000E+00
173  2.388660239613623E+06  149.918351  6.586335  4.627443  7.5157740E-01  2.4837130E-01  1.2915485E-06  4.3010728E-09  1.0216525E-07  6.8211449E-06  3.5136689E-10  2.0005890E-09  9.2048308E-07  2.3543589E-08  2.149E-27  0.4009  4.627443   -7.002  2.177166  8.316652  0.0000000E+00  9.9855320E-01  1.4322265E-03  2.8428952E-13  1.9084307E-07  1.9427018E-06  3.5905745E-10  1.5847284E-06  1.3038828E-10  7.0476968E-06  1.563E-16  0.000E+00  0.000E+00  1.000E+00  1.000E+00  7.23E+02  0.00E+00  0.00E+00  0.000000  0.692847  0.0000000E+00  0.0000000000E+00
174  2.388701264955814E+06  149.918348  6.586430  4.626200  7.5157740E-01  2.4837130E-01  1.2915485E-06  4.3010728E-09  1.0216525E-07  6.8211449E-06  3.5136689E-10  2.0005890E-09  9.2048308E-07  2.3543589E-08  2.149E-27  0.3990  4.626200   -7.002  2.168919  8.313599  0.0000000E+00  9.9850359E-01  1.4817926E-03  2.8257252E-13  1.6834092E-07  2.0163634E-06  3.5564572E-10  1.5086416E-06  1.3389278E-10  7.1769012E-06  1.562E-16  0.000E+00  0.000E+00  1.000E+00  1.000E+00  7.21E+02  0.00E+00  0.00E+00  0.000000  0.692998  0.0000000E+00  0.0000000000E+00
175  2.388742290298005E+06  149.918343  6.586586  4.625446  7.5157740E-01  2.4837130E-01  1.2915485E-06  4.3010729E-09  1.0216525E-07  6.8211449E-06  3.5136689E-10  2.0005890E-09  9.2048308E-07  2.3543589E-08  2.149E-27  0.4003  4.625446   -7.003  2.172498  8.314689  0.0000000E+00  9.9844702E-01  1.5382374E-03  2.8345065E-13  1.5073670E-07  2.1109970E-06  3.5198461E-10  1.4367448E-06  1.3766932E-10  7.2933157E-06  1.561E-16  0.000E+00  0.000E+00  1.000E+00  1.000E+00  7.20E+02  0.00E+00  0.00E+00  0.000000  0.693247  0.0000000E+00  0.0000000000E+00
176  2.388783315640195E+06  149.918339  6.586751  4.624766  7.5157740E-01  2.4837130E-01  1.2915485E-06  4.3010729E-09  1.0216525E-07  6.8211449E-06  3.5136689E-10  2.0005890E-09  9.2048308E-07  2.3543589E-08  2.149E-27  0.3998  4.624766   -7.003  2.177799  8.316385  0.0000000E+00  9.9838618E-01  1.5989212E-03  2.8775055E-13  1.3446527E-07  2.2163456E-06  3.4812980E-10  1.3645383E-06  1.4165572E-10  7.4080338E-06  1.560E-16  0.000E+00  0.000E+00  1.000E+00  1.000E+00  7.19E+02  0.00E+00  0.00E+00  0.000000  0.693510  0.0000000E+00  0.0000000000E+00
177  2.388824340982386E+06  149.918335  6.586911  4.624065  7.5157740E-01  2.4837130E-01  1.2915485E-06  4.3010729E-09  1.0216525E-07  6.8211449E-06  3.5136689E-10  2.0005890E-09  9.2048308E-07  2.3543589E-08  2.149E-27  0.3942  4.624065   -7.002  2.182348  8.317826  0.0000000E+00  9.9831869E-01  1.6662343E-03  2.9790491E-13  1.1919797E-07  2.3371894E-06  3.4394817E-10  1.2901871E-06  1.4599555E-10  7.5238290E-06  1.558E-16  0.000E+00  0.000E+00  1.000E+00  1.000E+00  7.17E+02  0.00E+00  0.00E+00  0.000000  0.693765  0.0000000E+00  0.0000000000E+00
178  2.388865366324576E+06  149.918331  6.587068  4.623357  7.5157740E-01  2.4837130E-01  1.2915485E-06  4.3010730E-09  1.0216525E-07  6.8211449E-06  3.5136689E-10  2.0005890E-09  9.2048308E-07  2.3543589E-08  2.149E-27  0.3952  4.623357   -7.002  2.187268  8.319401  0.0000000E+00  9.9824508E-01  1.7396764E-03  3.1324597E-13  1.0572237E-07  2.4754770E-06  3.3952758E-10  1.2171573E-06  1.5060844E-10  7.6351936E-06  1.557E-16  0.000E+00  0.000E+00  1.000E+00  1.000E+00  7.16E+02  0.00E+00  0.00E+00  0.000000  0.694018  0.0000000E+00  0.0000000000E+00
179  2.388906391666767E+06  149.918327  6.587224  4.622635  7.5157740E-01  2.4837130E-01  1.2915485E-06  4.3010730E-09  1.0216525E-07  6.8211449E-06  3.5136689E-10  2.0005890E-09  9.2048308E-07  2.3543589E-08  2.149E-27  0.3980  4.622635   -7.002  2.192183  8.320977  0.0000000E+00  9.9816788E-01  1.8167162E-03  3.3145033E-13  9.3257365E-08  2.6246448E-06  3.3497577E-10  1.1452076E-06  1.5537512E-10  7.7436483E-06  1.556E-16  0.000E+00  0.000E+00  1.000E+00  1.000E+00  7.15E+02  0.00E+00  0.00E+00  0.000000  0.694266  0.0000000E+00  0.0000000000E+00
180  2.388947417008957E+06  149.918323  6.587375  4.621877  7.5157740E-01  2.4837130E-01  1.2915485E-06  4.3010731E-09  1.0216525E-07  6.8211449E-06  3.5136689E-10  2.0005890E-09  9.2048308E-07  2.3543589E-08  2.149E-27  0.4000  4.621877   -7.002  2.196744  8.322437  0.0000000E+00  9.9808473E-01  1.8996592E-03  3.5407132E-13  8.2386693E-08  2.7926603E-06  3.3022264E-10  1.0755034E-06  1.6038400E-10  7.8468482E-06  1.554E-16  0.000E+00  0.000E+00  1.000E+00  1.000E+00  7.13E+02  0.00E+00  0.00E+00  0.000000  0.694507  0.0000000E+00  0.0000000000E+00
181  2.388988442351148E+06  149.918319  6.587520  4.621087  7.5157740E-01  2.4837130E-01  1.2915485E-06  4.3010731E-09  1.0216525E-07  6.8211449E-06  3.5136689E-10  2.0005890E-09  9.2048308E-07  2.3543589E-08  2.149E-27  0.4005  4.621087   -7.002  2.200986  8.323793  0.0000000E+00  9.9799306E-01  1.9911593E-03  3.8086193E-13  7.2387123E-08  2.9862752E-06  3.2512817E-10  1.0057565E-06  1.6578764E-10  7.9487604E-06  1.552E-16  0.000E+00  0.000E+00  1.000E+00  1.000E+00  7.12E+02  0.00E+00  0.00E+00  0.000000  0.694739  0.0000000E+00  0.0000000000E+00
182  2.389029467693339E+06  149.918314  6.587662  4.620277  7.5157740E-01  2.4837130E-01  1.2915485E-06  4.3010731E-09  1.0216525E-07  6.8211449E-06  3.5136689E-10  2.0005890E-09  9.2048308E-07  2.3543589E-08  2.149E-27  0.4003  4.620277   -7.002  2.205025  8.325082  0.0000000E+00  9.9789627E-01  2.0877503E-03  4.1019788E-13  6.3022913E-08  3.1962170E-06  3.1984733E-10  9.3662481E-07  1.7141294E-10  8.0489338E-06  1.550E-16  0.000E+00  0.000E+00  1.000E+00  1.000E+00  7.11E+02  0.00E+00  0.00E+00  0.000000  0.694966  0.0000000E+00  0.0000000000E+00
183  2.389070493035529E+06  149.918310  6.587797  4.619427  7.5157740E-01  2.4837130E-01  1.2915485E-06  4.3010732E-09  1.0216525E-07  6.8211449E-06  3.5136689E-10  2.0005890E-09  9.2048308E-07  2.3543589E-08  2.149E-27  0.4005  4.619427   -7.002  2.208725  8.326259  0.0000000E+00  9.9779195E-01  2.1917488E-03  4.4348402E-13  5.5030281E-08  3.4341024E-06  3.1435914E-10  8.7083466E-07  1.7731033E-10  8.1428631E-06  1.547E-16  0.000E+00  0.000E+00  1.000E+00  1.000E+00  7.09E+02  0.00E+00  0.00E+00  0.000000  0.695183  0.0000000E+00  0.0000000000E+00
184  2.389111518377719E+06  149.918307  6.587928  4.618557  7.5157740E-01  2.4837130E-01  1.2915485E-06  4.3010732E-09  1.0216525E-07  6.8211449E-06  3.5136689E-10  2.0005890E-09  9.2048308E-07  2.3543589E-08  2.149E-27  0.4023  4.618557   -7.002  2.212169  8.327351  0.0000000E+00  9.9768985E-01  2.2936017E-03  5.0049732E-13  5.5334261E-08  3.6818792E-06  3.0924082E-10  8.1530473E-07  1.8287469E-10  8.2110431E-06  1.545E-16  0.000E+00  0.000E+00  1.000E+00  1.000E+00  7.08E+02  0.00E+00  0.00E+00  0.000000  0.695393  0.0000000E+00  0.0000000000E+00
185  2.389152543719910E+06  149.918303  6.588056  4.617673  7.5157740E-01  2.4837130E-01  1.2915485E-06  4.3010732E-09  1.0216525E-07  6.8211449E-06  3.5136689E-10  2.0005890E-09  9.2048308E-07  2.3543589E-08  2.149E-27  0.4046  4.617673   -7.003  2.215437  8.328385  0.0000000E+00  9.9758773E-01  2.3955069E-03  5.6806051E-13  5.9263036E-08  3.9347297E-06  3.0421910E-10  7.6372308E-07  1.8836417E-10  8.2686173E-06  1.543E-16  0.000E+00  0.000E+00  1.000E+00  1.000E+00  7.07E+02  0.00E+00  0.00E+00  0.000000  0.695598  0.0000000E+00  0.0000000000E+00
186  2.389193569062101E+06  149.918298  6.588178  4.616765  7.5157740E-01  2.4837130E-01  1.2915485E-06  4.3010733E-09  1.0216525E-07  6.8211449E-06  3.5136689E-10  2.0005890E-09  9.2048308E-07  2.3543589E-08  2.149E-27  0.4001  4.616765   -7.003  2.218423  8.329329  0.0000000E+00  9.9746760E-01  2.5153301E-03  5.9231898E-13  4.6989339E-08  4.1833160E-06  2.9762684E-10  6.8594962E-07  1.9542963E-10  8.3839112E-06  1.540E-16  0.000E+00  0.000E+00  1.000E+00  1.000E+00  7.05E+02  0.00E+00  0.00E+00  0.000000  0.695794  0.0000000E+00  0.0000000000E+00
187  2.389234594404291E+06  149.918294  6.588297  4.615837  7.5157740E-01  2.4837130E-01  1.2915485E-06  4.3010733E-09  1.0216525E-07  6.8211449E-06  3.5136689E-10  2.0005890E-09  9.2048308E-07  2.3543589E-08  2.149E-27  0.3919  4.615837   -7.003  2.221214  8.330209  0.0000000E+00  9.9733899E-01  2.6435955E-03  6.2603186E-13  3.6783716E-08  4.4594756E-06  2.9075264E-10  6.1124733E-07  2.0283917E-10  8.4922151E-06  1.537E-16  0.000E+00  0.000E+00  1.000E+00  1.000E+00  7.03E+02  0.00E+00  0.00E+00  0.000000  0.695984  0.0000000E+00  0.0000000000E+00
188  2.389275619746482E+06  149.918290  6.588412  4.614891  7.5157740E-01  2.4837130E-01  1.2915485E-06  4.3010733E-09  1.0216525E-07  6.8211449E-06  3.5136689E-10  2.0005890E-09  9.2048308E-07  2.3543589E-08  2.149E-27  0.3949  4.614891   -7.004  2.223687  8.330980  0.0000000E+00  9.9720848E-01  2.7738658E-03  6.6770572E-13  2.8447790E-08  4.7457397E-06  2.8388493E-10  5.4148021E-07  2.1027424E-10  8.5915135E-06  1.534E-16  0.000E+00  0.000E+00  1.000E+00  1.000E+00  7.02E+02  0.00E+00  0.00E+00  0.000000  0.696168  0.0000000E+00  0.0000000000E+00
189  2.389316645088672E+06  149.918286  6.588514  4.613856  7.5157740E-01  2.4837130E-01  1.2915485E-06  4.3010734E-09  1.0216525E-07  6.8211449E-06  3.5136689E-10  2.0005890E-09  9.2048308E-07  2.3543589E-08  2.149E-27  0.3977  4.613856   -7.004  2.222736  8.330550  0.0000000E+00  9.9709511E-01  2.8869409E-03  1.4554817E-12  3.5851723E-08  5.0104145E-06  2.7822739E-10  4.9076870E-07  2.1649027E-10  8.6424494E-06  1.531E-16  0.000E+00  0.000E+00  1.000E+00  1.000E+00  7.00E+02  0.00E+00  0.00E+00  0.000000  0.696333  0.0000000E+00  0.0000000000E+00
190  2.389357670430863E+06  149.918282  6.588619  4.612845  7.5157740E-01  2.4837130E-01  1.2915485E-06  4.3010734E-09  1.0216525E-07  6.8211449E-06  3.5136689E-10  2.0005890E-09  9.2048308E-07  2.3543589E-08  2.149E-27  0.4054  4.612845   -7.005  2.223229  8.330624  0.0000000E+00  9.9698360E-01  2.9981483E-03  1.6248740E-12  3.7902834E-08  5.2770816E-06  2.7273317E-10  4.4710346E-07  2.2255112E-10  8.6931889E-06  1.529E-16  0.000E+00  0.000E+00  1.000E+00  1.000E+00  6.98E+02  0.00E+00  0.00E+00  0.000000  0.696501  0.0000000E+00  0.0000000000E+00
191  2.389739824944438E+06  149.918244  6.589575  4.603212  7.5157740E-01  2.4837130E-01  1.2915485E-06  4.3010738E-09  1.0216525E-07  6.8211449E-06  3.5136689E-10  2.0005890E-09  9.2048308E-07  2.3543589E-08  2.148E-27  0.4055  4.603212   -7.010  2.238865  8.335373  0.0000000E+00  9.9563213E-01  4.3458472E-03  4.3896727E-12  1.5899671E-08  9.0024556E-06  2.1346438E-10  1.4512390E-07  2.9207957E-10  9.1032232E-06  1.491E-16  0.000E+00  0.000E+00  1.000E+00  1.000E+00  6.83E+02  0.00E+00  0.00E+00  0.000000  0.698035  0.0000000E+00  0.0000000000E+00
192  2.390097918734180E+06  149.918210  6.590428  4.593500  7.5157740E-01  2.4837130E-01  1.2915485E-06  4.3010741E-09  1.0216525E-07  6.8211449E-06  3.5136689E-10  2.0005890E-09  9.2048308E-07  2.3543589E-08  2.148E-27  0.4138  4.593500   -7.018  2.243961  8.336561  0.0000000E+00  9.9428067E-01  5.6925442E-03  2.6284557E-12  4.6593684E-09  1.3733572E-05  1.6654672E-10  5.3293278E-08  3.5262362E-10  9.2375137E-06  1.450E-16  0.000E+00  0.000E+00  1.000E+00  1.000E+00  6.67E+02  0.00E+00  0.00E+00  0.000000  0.699408  0.0000000E+00  0.0000000000E+00
193  2.390422342606200E+06  149.918179  6.591211  4.584364  7.5157740E-01  2.4837130E-01  1.2915485E-06  4.3010744E-09  1.0216525E-07  6.8211449E-06  3.5136689E-10  2.0005890E-09  9.2048308E-07  2.3543589E-08  2.148E-27  0.4179  4.584364   -7.028  2.248920  8.337888  0.0000000E+00  9.9292921E-01  7.0381890E-03  7.7369367E-12  5.4000530E-09  1.9504701E-05  1.3019355E-10  2.7361603E-08  4.0911828E-10  9.2712089E-06  1.399E-16  0.000E+00  0.000E+00  1.000E+00  1.000E+00  6.53E+02  0.00E+00  0.00E+00  0.000000  0.700671  0.0000000E+00  0.0000000000E+00
194  2.390731803548956E+06  149.918150  6.591974  4.575792  7.5157740E-01  2.4837130E-01  1.2915485E-06  4.3010746E-09  1.0216525E-07  6.8211449E-06  3.5136689E-10  2.0005890E-09  9.2048308E-07  2.3543589E-08  2.147E-27  0.4117  4.575792   -7.038  2.253237  8.339074  0.0000000E+00  9.9157774E-01  8.3828397E-03  4.3049850E-11  1.4480015E-08  2.6389299E-05  1.0248919E-10  2.5218034E-08  4.6491054E-10  9.2622494E-06  1.346E-16  0.000E+00  0.000E+00  1.000E+00  1.000E+00  6.40E+02  0.00E+00  0.00E+00  0.000000  0.701903  0.0000000E+00  0.0000000000E+00
195  2.391023082549285E+06  149.918124  6.592711  4.567608  7.5157740E-01  2.4837130E-01  1.2915485E-06  4.3010749E-09  1.0216525E-07  6.8211449E-06  3.5136689E-10  2.0005890E-09  9.2048308E-07  2.3543589E-08  2.147E-27  0.4160  4.567608   -7.050  2.254544  8.339247  0.0000000E+00  9.9022627E-01  9.7265157E-03  4.0430494E-12  1.0820338E-09  3.4178328E-05  7.9627039E-11  1.1025456E-08  5.0661637E-10  9.3027708E-06  1.303E-16  0.000E+00  0.000E+00  1.000E+00  1.000E+00  6.28E+02  0.00E+00  0.00E+00  0.000000  0.703095  0.0000000E+00  0.0000000000E+00
196  2.391308184759411E+06  149.918099  6.593452  4.559431  7.5157740E-01  2.4837130E-01  1.2915485E-06  4.3010751E-09  1.0216525E-07  6.8211449E-06  3.5136689E-10  2.0005890E-09  9.2048308E-07  2.3543589E-08  2.147E-27  0.4218  4.559431   -7.063  2.257525  8.340049  0.0000000E+00  9.8887481E-01  1.1069085E-02  5.1446761E-12  4.9972791E-10  4.3004864E-05  6.1880689E-11  4.2061205E-09  5.4349127E-10  9.3138066E-06  1.268E-16  0.000E+00  0.000E+00  1.000E+00  1.000E+00  6.16E+02  0.00E+00  0.00E+00  0.000000  0.704296  0.0000000E+00  0.0000000000E+00
197  2.391601499876666E+06  149.918074  6.594212  4.551006  7.5157740E-01  2.4837130E-01  1.2915485E-06  4.3010753E-09  1.0216525E-07  6.8211449E-06  3.5136689E-10  2.0005890E-09  9.2048308E-07  2.3543589E-08  2.146E-27  0.4196  4.551006   -7.078  2.256364  8.339405  0.0000000E+00  9.8752335E-01  1.2410440E-02  1.0309035E-11  1.7493828E-09  5.3099494E-05  4.9014891E-11  9.9328961E-09  6.0648576E-10  9.3067562E-06  1.229E-16  0.000E+00  0.000E+00  1.000E+00  1.000E+00  6.04E+02  0.00E+00  0.00E+00  0.000000  0.705529  0.0000000E+00  0.0000000000E+00
198  2.391884884279605E+06  149.918051  6.594968  4.543002  7.5157740E-01  2.4837130E-01  1.2915485E-06  4.3010755E-09  1.0216525E-07  6.8211449E-06  3.5136689E-10  2.0005890E-09  9.2048308E-07  2.3543589E-08  2.146E-27  0.4237  4.543002   -7.093  2.259936  8.340426  0.0000000E+00  9.8617188E-01  1.3750973E-02  7.9556080E-12  5.9785978E-10  6.4059211E-05  3.8075906E-11  3.7442254E-09  6.3836579E-10  9.3174330E-06  1.195E-16  0.000E+00  0.000E+00  1.000E+00  1.000E+00  5.92E+02  0.00E+00  0.00E+00  0.000000  0.706759  0.0000000E+00  0.0000000000E+00
199  2.392166832709556E+06  149.918029  6.595727  4.535114  7.5157740E-01  2.4837130E-01  1.2915485E-06  4.3010757E-09  1.0216525E-07  6.8211449E-06  3.5136689E-10  2.0005890E-09  9.2048308E-07  2.3543589E-08  2.146E-27  0.4194  4.535114   -7.109  2.262116  8.341009  0.0000000E+00  9.8482041E-01  1.5090276E-02  2.6346759E-11  3.1109666E-09  7.6263896E-05  3.0472989E-11  9.0448912E-09  6.8886843E-10  9.3083774E-06  1.165E-16  0.000E+00  0.000E+00  1.000E+00  1.000E+00  5.82E+02  0.00E+00  0.00E+00  0.000000  0.707995  0.0000000E+00  0.0000000000E+00
200  2.392440729318088E+06  149.918007  6.596464  4.527282  7.5157740E-01  2.4837130E-01  1.2915485E-06  4.3010759E-09  1.0216525E-07  6.8211449E-06  3.5136689E-10  2.0005890E-09  9.2048308E-07  2.3543589E-08  2.145E-27  0.4247  4.527282   -7.127  2.260463  8.340247  0.0000000E+00  9.8346895E-01  1.6428655E-02  7.5836008E-12  3.9924218E-10  8.9294379E-05  2.3624594E-11  3.5762504E-09  7.2000560E-10  9.3202680E-06  1.130E-16  0.000E+00  0.000E+00  1.000E+00  1.000E+00  5.71E+02  0.00E+00  0.00E+00  0.000000  0.709197  0.0000000E+00  0.0000000000E+00
201  2.392719902526688E+06  149.917987  6.597221  4.519406  7.5157740E-01  2.4837130E-01  1.2915485E-06  4.3010761E-09  1.0216525E-07  6.8211449E-06  3.5136689E-10  2.0005890E-09  9.2048308E-07  2.3543589E-08  2.145E-27  0.4241  4.519406   -7.146  2.263415  8.341093  0.0000000E+00  9.8211749E-01  1.7765875E-02  1.2031039E-11  8.1023007E-10  1.0351434E-04  1.8599511E-11  3.3531678E-09  7.5442259E-10  9.3208226E-06  1.100E-16  0.000E+00  0.000E+00  1.000E+00  1.000E+00  5.60E+02  0.00E+00  0.00E+00  0.000000  0.710435  0.0000000E+00  0.0000000000E+00
202  2.392986653734560E+06  149.917969  6.597930  4.511716  7.5157740E-01  2.4837130E-01  1.2915485E-06  4.3010763E-09  1.0216525E-07  6.8211449E-06  3.5136689E-10  2.0005890E-09  9.2048308E-07  2.3543589E-08  2.145E-27  0.4159  4.511716   -7.166  2.265209  8.341575  0.0000000E+00  9.8076602E-01  1.9102262E-02  8.4800701E-12  2.1862652E-10  1.1863652E-04  1.4408381E-11  1.3918109E-09  7.8320260E-10  9.3248488E-06  1.070E-16  0.000E+00  0.000E+00  1.000E+00  1.000E+00  5.51E+02  0.00E+00  0.00E+00  0.000000  0.711596  0.0000000E+00  0.0000000000E+00
203  2.393250486858075E+06  149.917952  6.598628  4.504058  7.5157740E-01  2.4837130E-01  1.2915485E-06  4.3010764E-09  1.0216525E-07  6.8211449E-06  3.5136689E-10  2.0005890E-09  9.2048308E-07  2.3543589E-08  2.144E-27  0.4169  4.504058   -7.187  2.265495  8.341550  0.0000000E+00  9.7941455E-01  2.0437601E-02  9.0995683E-12  1.7999831E-10  1.3477572E-04  1.1147582E-11  7.2336270E-10  8.1178699E-10  9.3263218E-06  1.040E-16  0.000E+00  0.000E+00  1.000E+00  1.000E+00  5.41E+02  0.00E+00  0.00E+00  0.000000  0.712741  0.0000000E+00  0.0000000000E+00
204  2.393518653759802E+06  149.917934  6.599349  4.496532  7.5157740E-01  2.4837130E-01  1.2915485E-06  4.3010766E-09  1.0216525E-07  6.8211449E-06  3.5136689E-10  2.0005890E-09  9.2048308E-07  2.3543589E-08  2.144E-27  0.4227  4.496532   -7.210  2.266480  8.341747  0.0000000E+00  9.7806309E-01  2.1771733E-02  9.6725520E-12  1.7318815E-10  1.5205805E-04  8.6343030E-12  5.4502272E-10  8.4051349E-10  9.3270889E-06  1.011E-16  0.000E+00  0.000E+00  1.000E+00  1.000E+00  5.31E+02  0.00E+00  0.00E+00  0.000000  0.713925  0.0000000E+00  0.0000000000E+00
205  2.393780029437892E+06  149.917918  6.600044  4.488913  7.5157740E-01  2.4837130E-01  1.2915485E-06  4.3010767E-09  1.0216525E-07  6.8211449E-06  3.5136689E-10  2.0005890E-09  9.2048308E-07  2.3543589E-08  2.144E-27  0.4148  4.488913   -7.234  2.267940  8.342147  0.0000000E+00  9.7671163E-01  2.3104982E-02  1.0445021E-11  1.6074685E-10  1.7033114E-04  6.6761343E-12  4.7200912E-10  8.6990705E-10  9.3276406E-06  9.838E-17  0.000E+00  0.000E+00  1.000E+00  1.000E+00  5.21E+02  0.00E+00  0.00E+00  0.000000  0.715069  0.0000000E+00  0.0000000000E+00
206  2.394038992015522E+06  149.917904  6.600710  4.480797  7.5157740E-01  2.4837130E-01  1.2915485E-06  4.3010769E-09  1.0216525E-07  6.8211449E-06  3.5136689E-10  2.0005890E-09  9.2048308E-07  2.3543589E-08  2.143E-27  0.4229  4.480797   -7.261  2.269034  8.342431  0.0000000E+00  9.7536016E-01  2.4437127E-02  1.1164291E-11  1.5332056E-10  1.8965039E-04  5.1643236E-12  4.3301987E-10  9.0008964E-10  9.3280653E-06  9.564E-17  0.000E+00  0.000E+00  1.000E+00  1.000E+00  5.12E+02  0.00E+00  0.00E+00  0.000000  0.716167  0.0000000E+00  0.0000000000E+00
207  2.394301041750268E+06  149.917890  6.601387  4.472670  7.5157740E-01  2.4837130E-01  1.2915485E-06  4.3010770E-09  1.0216525E-07  6.8211449E-06  3.5136689E-10  2.0005890E-09  9.2048308E-07  2.3543589E-08  2.143E-27  0.4089  4.472670   -7.289  2.266839  8.341544  0.0000000E+00  9.7400869E-01  2.5768098E-02  1.1690420E-11  1.4996861E-10  2.1010464E-04  3.9934979E-12  4.0758739E-10  9.3084106E-10  9.3284280E-06  9.300E-17  0.000E+00  0.000E+00  1.000E+00  1.000E+00  5.02E+02  0.00E+00  0.00E+00  0.000000  0.717283  0.0000000E+00  0.0000000000E+00
208  2.394567021060450E+06  149.917877  6.602077  4.464501  7.5157740E-01  2.4837130E-01  1.2915485E-06  4.3010771E-09  1.0216525E-07  6.8211449E-06  3.5136689E-10  2.0005890E-09  9.2048308E-07  2.3543589E-08  2.143E-27  0.4179  4.464501   -7.319  2.269120  8.342217  0.0000000E+00  9.7265723E-01  2.7097991E-02  1.2393344E-11  1.4495073E-10  2.3168948E-04  3.0946684E-12  3.9119368E-10  9.6240439E-10  9.3287335E-06  9.043E-17  0.000E+00  0.000E+00  1.000E+00  1.000E+00  4.93E+02  0.00E+00  0.00E+00  0.000000  0.718423  0.0000000E+00  0.0000000000E+00
209  2.394819769081503E+06  149.917865  6.602723  4.456479  7.5157740E-01  2.4837130E-01  1.2915485E-06  4.3010772E-09  1.0216525E-07  6.8211449E-06  3.5136689E-10  2.0005890E-09  9.2048308E-07  2.3543589E-08  2.142E-27  0.4089  4.456479   -7.350  2.270167  8.342487  0.0000000E+00  9.7130577E-01  2.8426891E-02  1.3165906E-11  1.3579654E-10  2.5426681E-04  2.3952743E-12  3.6514324E-10  9.9513334E-10  9.3289890E-06  8.792E-17  0.000E+00  0.000E+00  1.000E+00  1.000E+00  4.83E+02  0.00E+00  0.00E+00  0.000000  0.719492  0.0000000E+00  0.0000000000E+00
210  2.395092248213578E+06  149.917853  6.603411  4.447900  7.5157740E-01  2.4837130E-01  1.2915485E-06  4.3010773E-09  1.0216525E-07  6.8211449E-06  3.5136689E-10  2.0005890E-09  9.2048308E-07  2.3543589E-08  2.142E-27  0.4225  4.447900   -7.384  2.269992  8.342303  0.0000000E+00  9.6995430E-01  2.9754549E-02  1.3673575E-11  1.3598541E-10  2.7804115E-04  1.8618656E-12  3.4939084E-10  1.0288093E-09  9.3291839E-06  8.549E-17  0.000E+00  0.000E+00  1.000E+00  1.000E+00  4.74E+02  0.00E+00  0.00E+00  0.000000  0.720634  0.0000000E+00  0.0000000000E+00
211  2.396839216751471E+06  149.917798  6.607525  4.393963  7.5157740E-01  2.4837130E-01  1.2915485E-06  4.3010778E-09  1.0216525E-07  6.8211449E-06  3.5136689E-10  2.0005890E-09  9.2048308E-07  2.3543589E-08  2.139E-27  0.4060  4.393963   -7.639  2.274092  8.343140  0.0000000E+00  9.6081186E-01  3.8708141E-02  1.8228916E-11  1.0250257E-10  4.6686948E-04  3.6124118E-13  2.4838274E-10  1.2927006E-09  9.3294013E-06  7.063E-17  0.000E+00  0.000E+00  1.000E+00  1.000E+00  4.17E+02  0.00E+00  0.00E+00  0.000000  0.727493  0.0000000E+00  0.0000000000E+00
212  2.398556549880588E+06  149.917770  6.610923  4.343121  7.5157740E-01  2.4837130E-01  1.2915485E-06  4.3010781E-09  1.0216525E-07  6.8211449E-06  3.5136689E-10  2.0005890E-09  9.2048308E-07  2.3543589E-08  2.135E-27  0.4181  4.343121   -7.938  2.277661  8.343972  0.0000000E+00  9.5166943E-01  4.7611569E-02  2.2942356E-11  7.5154702E-11  7.0586287E-04  1.1374677E-13  1.7545588E-10  1.6365749E-09  9.3281138E-06  5.833E-17  0.000E+00  0.000E+00  1.000E+00  1.000E+00  3.70E+02  0.00E+00  0.00E+00  0.000000  0.733208  0.0000000E+00  0.0000000000E+00
213  2.400271393389718E+06  149.917297  6.613654  4.296155  7.5157740E-01  2.4837130E-01  1.2915485E-06  4.3010824E-09  1.0216525E-07  6.8211449E-06  3.5136689E-10  2.0005890E-09  9.2048308E-07  2.3543589E-08  2.137E-27  0.4109  4.296155   -6.508  2.280312  8.344527  0.0000000E+00  9.4252699E-01  5.6463366E-02  2.7305417E-11  5.8146570E-11  9.9656619E-04  8.0779210E-14  1.2998953E-10  2.0836876E-09  9.3257714E-06  4.821E-17  0.000E+00  0.000E+00  1.000E+00  1.000E+00  3.32E+02  0.00E+00  0.00E+00  0.000000  0.737837  0.0000000E+00  0.0000000000E+00
214  2.401950401017800E+06  149.916799  6.615717  4.255483  7.5157740E-01  2.4837130E-01  1.2915485E-06  4.3010869E-09  1.0216525E-07  6.8211449E-06  3.5136689E-10  2.0005890E-09  9.2048308E-07  2.3543589E-08  2.139E-27  0.3947  4.255483   -6.547  2.282557  8.345132  0.0000000E+00  9.3338455E-01  6.5263306E-02  3.1554374E-11  4.5521402E-11  1.3390069E-03  8.2874205E-14  9.8229327E-11  2.6663228E-09  9.3225472E-06  3.980E-17  0.000E+00  0.000E+00  1.000E+00  1.000E+00  3.02E+02  0.00E+00  0.00E+00  0.000000  0.741352  0.0000000E+00  0.0000000000E+00
215  2.403619901153095E+06  149.916344  6.617266  4.221075  7.5157740E-01  2.4837130E-01  1.2915485E-06  4.3010911E-09  1.0216525E-07  6.8211449E-06  3.5136689E-10  2.0005890E-09  9.2048308E-07  2.3543589E-08  2.141E-27  0.4006  4.221075   -6.580  2.284394  8.345639  0.0000000E+00  9.2424211E-01  7.4009472E-02  3.5627070E-11  3.5836981E-11  1.7352803E-03  8.9981236E-14  7.5126002E-11  3.4132920E-09  9.3186629E-06  3.286E-17  0.000E+00  0.000E+00  1.000E+00  1.000E+00  2.79E+02  0.00E+00  0.00E+00  0.000000  0.744003  0.0000000E+00  0.0000000000E+00
216  2.405301408167325E+06  149.915917  6.618409  4.192135  7.5157740E-01  2.4837130E-01  1.2915484E-06  4.3010950E-09  1.0216525E-07  6.8211449E-06  3.5136689E-10  2.0005890E-09  9.2048308E-07  2.3543589E-08  2.142E-27  0.4124  4.192135   -6.609  2.286456  8.346271  0.0000000E+00  9.1509968E-01  8.2700886E-02  3.9738733E-11  2.8139026E-11  2.1863186E-03  9.7254233E-14  5.7466933E-11  4.3596765E-09  9.3142223E-06  2.713E-17  0.000E+00  0.000E+00  1.000E+00  1.000E+00  2.61E+02  0.00E+00  0.00E+00  0.000000  0.745966  0.0000000E+00  0.0000000000E+00
217  2.406996039712150E+06  149.915511  6.619256  4.168179  7.5157740E-01  2.4837130E-01  1.2915484E-06  4.3010987E-09  1.0216525E-07  6.8211449E-06  3.5136689E-10  2.0005890E-09  9.2048308E-07  2.3543589E-08  2.143E-27  0.3935  4.168179   -6.632  2.288060  8.346663  0.0000000E+00  9.0595724E-01  9.1335023E-02  4.3561384E-11  2.2091234E-11  2.6945917E-03  1.0383675E-13  4.4288485E-11  5.5310591E-09  9.3093644E-06  2.241E-17  0.000E+00  0.000E+00  1.000E+00  1.000E+00  2.46E+02  0.00E+00  0.00E+00  0.000000  0.747424  0.0000000E+00  0.0000000000E+00
218  2.408672910163550E+06  149.915129  6.619851  4.149122  7.5157740E-01  2.4837130E-01  1.2915484E-06  4.3011022E-09  1.0216525E-07  6.8211449E-06  3.5136689E-10  2.0005890E-09  9.2048308E-07  2.3543589E-08  2.143E-27  0.4009  4.149122   -6.651  2.290116  8.347297  0.0000000E+00  8.9681480E-01  9.9913039E-02  4.7448972E-11  1.7417760E-11  3.2590102E-03  1.0981931E-13  3.4207418E-11  6.9872978E-09  9.3040430E-06  1.849E-17  0.000E+00  0.000E+00  1.000E+00  1.000E+00  2.36E+02  0.00E+00  0.00E+00  0.000000  0.748450  0.0000000E+00  0.0000000000E+00
219  2.410372480892466E+06  149.914757  6.620294  4.133212  7.5157740E-01  2.4837130E-01  1.2915484E-06  4.3011056E-09  1.0216525E-07  6.8211449E-06  3.5136689E-10  2.0005890E-09  9.2048308E-07  2.3543589E-08  2.144E-27  0.4108  4.133212   -6.668  2.290704  8.347268  0.0000000E+00  8.8767237E-01  1.0843088E-01  4.9887690E-11  1.4886513E-11  3.8836758E-03  1.1479857E-13  2.7851162E-11  8.7477392E-09  9.2983936E-06  1.527E-17  0.000E+00  0.000E+00  1.000E+00  1.000E+00  2.27E+02  0.00E+00  0.00E+00  0.000000  0.749216  0.0000000E+00  0.0000000000E+00
220  2.412062938372152E+06  149.914399  6.620568  4.119473  7.5157740E-01  2.4837130E-01  1.2915484E-06  4.3011089E-09  1.0216525E-07  6.8211449E-06  3.5136689E-10  2.0005890E-09  9.2048308E-07  2.3543589E-08  2.145E-27  0.4020  4.119473   -6.682  2.294544  8.348142  0.0000000E+00  8.7852993E-01  1.1689004E-01  5.5927751E-11  8.7281014E-12  4.5668986E-03  1.1950596E-13  2.0177931E-11  1.0879766E-08  9.2924015E-06  1.261E-17  0.000E+00  0.000E+00  1.000E+00  1.000E+00  2.20E+02  0.00E+00  0.00E+00  0.000000  0.749691  0.0000000E+00  0.0000000000E+00
221  2.413981210331431E+06  149.914006  6.620799  4.106861  7.5157740E-01  2.4837130E-01  1.2915484E-06  4.3011128E-09  1.0216525E-07  6.8211449E-06  3.5136689E-10  2.0005890E-09  9.2048308E-07  2.3543589E-08  2.146E-27  0.3943  4.106861   -6.695  2.296354  8.348764  0.0000000E+00  8.6938749E-01  1.2526641E-01  5.8135828E-11  8.3753664E-12  5.3329391E-03  1.2410715E-13  1.5644472E-11  1.3570746E-08  9.2858821E-06  1.064E-17  0.000E+00  0.000E+00  1.000E+00  1.000E+00  2.14E+02  0.00E+00  0.00E+00  0.000000  0.750090  0.0000000E+00  0.0000000000E+00
222  2.415668513652291E+06  149.913669  6.620937  4.098159  7.5157740E-01  2.4837130E-01  1.2915484E-06  4.3011162E-09  1.0216525E-07  6.8211449E-06  3.5136689E-10  2.0005890E-09  9.2048308E-07  2.3543589E-08  2.147E-27  0.4027  4.098159   -6.704  2.298245  8.349385  0.0000000E+00  8.6024505E-01  1.3360402E-01  6.1649092E-11  6.6321882E-12  6.1378266E-03  1.2716507E-13  1.2219820E-11  1.6639934E-08  9.2791857E-06  8.766E-18  0.000E+00  0.000E+00  1.000E+00  1.000E+00  2.10E+02  0.00E+00  0.00E+00  0.000000  0.750331  0.0000000E+00  0.0000000000E+00
223  2.417406994548212E+06  149.913329  6.621053  4.089750  7.5157740E-01  2.4837130E-01  1.2915484E-06  4.3011195E-09  1.0216525E-07  6.8211449E-06  3.5136689E-10  2.0005890E-09  9.2048308E-07  2.3543589E-08  2.148E-27  0.4031  4.089750   -6.712  2.299895  8.349956  0.0000000E+00  8.5110262E-01  1.4187699E-01  6.5194278E-11  5.1591666E-12  7.0072315E-03  1.2976639E-13  9.4303949E-12  2.0270269E-08  9.2721677E-06  7.212E-18  0.000E+00  0.000E+00  1.000E+00  1.000E+00  2.06E+02  0.00E+00  0.00E+00  0.000000  0.750534  0.0000000E+00  0.0000000000E+00
224  2.419108981725569E+06  149.913002  6.621171  4.081537  7.5157740E-01  2.4837130E-01  1.2915484E-06  4.3011228E-09  1.0216525E-07  6.8211449E-06  3.5136689E-10  2.0005890E-09  9.2048308E-07  2.3543589E-08  2.149E-27  0.4143  4.081537   -6.721  2.301525  8.350518  0.0000000E+00  8.4196018E-01  1.5008594E-01  6.9399751E-11  3.9821388E-12  7.9407372E-03  1.3170891E-13  6.8768238E-12  2.4524349E-08  9.2648389E-06  5.921E-18  0.000E+00  0.000E+00  1.000E+00  1.000E+00  2.02E+02  0.00E+00  0.00E+00  0.000000  0.750738  0.0000000E+00  0.0000000000E+00
225  2.420809848515922E+06  149.912682  6.621292  4.072729  7.5157740E-01  2.4837130E-01  1.2915484E-06  4.3011259E-09  1.0216525E-07  6.8211449E-06  3.5136690E-10  2.0005890E-09  9.2048308E-07  2.3543589E-08  2.150E-27  0.4129  4.072729   -6.730  2.303153  8.351077  0.0000000E+00  8.3281774E-01  1.5822822E-01  7.4640739E-11  2.3772632E-12  8.9409318E-03  1.3307632E-13  5.2440832E-12  2.9489151E-08  9.2571981E-06  4.854E-18  0.000E+00  0.000E+00  1.000E+00  1.000E+00  1.98E+02  0.00E+00  0.00E+00  0.000000  0.750950  0.0000000E+00  0.0000000000E+00
226  2.422570430824174E+06  149.912357  6.621418  4.064139  7.5157740E-01  2.4837130E-01  1.2915484E-06  4.3011292E-09  1.0216525E-07  6.8211449E-06  3.5136690E-10  2.0005890E-09  9.2048308E-07  2.3543589E-08  2.151E-27  0.4046  4.064139   -6.739  2.304680  8.351620  0.0000000E+00  8.2367531E-01  1.6629896E-01  7.7778797E-11  1.6814032E-12  1.0012568E-02  1.3372545E-13  4.3154681E-12  3.5285126E-08  9.2492298E-06  3.981E-18  0.000E+00  0.000E+00  1.000E+00  1.000E+00  1.94E+02  0.00E+00  0.00E+00  0.000000  0.751169  0.0000000E+00  0.0000000000E+00
227  2.424288418163772E+06  149.912047  6.621533  4.056118  7.5157740E-01  2.4837130E-01  1.2915484E-06  4.3011322E-09  1.0216525E-07  6.8211449E-06  3.5136690E-10  2.0005890E-09  9.2048308E-07  2.3543589E-08  2.151E-27  0.4115  4.056118   -6.747  2.306534  8.352251  0.0000000E+00  8.1453287E-01  1.7430143E-01  7.8446525E-11  1.8578026E-12  1.1152512E-02  1.3385000E-13  3.6191955E-12  4.1964271E-08  9.2409479E-06  3.252E-18  0.000E+00  0.000E+00  1.000E+00  1.000E+00  1.90E+02  0.00E+00  0.00E+00  0.000000  0.751370  0.0000000E+00  0.0000000000E+00
228  2.426029287110876E+06  149.911738  6.621642  4.047805  7.5157740E-01  2.4837130E-01  1.2915484E-06  4.3011353E-09  1.0216525E-07  6.8211449E-06  3.5136690E-10  2.0005890E-09  9.2048308E-07  2.3543589E-08  2.152E-27  0.4103  4.047805   -6.756  2.308027  8.352794  0.0000000E+00  8.0539043E-01  1.8223276E-01  8.1264401E-11  1.6234969E-12  1.2363642E-02  1.3364122E-13  2.7601951E-12  4.9641119E-08  9.2323483E-06  2.652E-18  0.000E+00  0.000E+00  1.000E+00  1.000E+00  1.87E+02  0.00E+00  0.00E+00  0.000000  0.751559  0.0000000E+00  0.0000000000E+00
229  2.427758816966337E+06  149.911438  6.621740  4.040066  7.5157740E-01  2.4837130E-01  1.2915484E-06  4.3011382E-09  1.0216525E-07  6.8211449E-06  3.5136690E-10  2.0005890E-09  9.2048308E-07  2.3543589E-08  2.152E-27  0.4105  4.040066   -6.764  2.309681  8.353378  0.0000000E+00  7.9624799E-01  1.9008934E-01  8.4051398E-11  1.2862772E-12  1.3649528E-02  1.3268015E-13  2.1899463E-12  5.8474834E-08  9.2234077E-06  2.159E-18  0.000E+00  0.000E+00  1.000E+00  1.000E+00  1.83E+02  0.00E+00  0.00E+00  0.000000  0.751732  0.0000000E+00  0.0000000000E+00
230  2.429492639554538E+06  149.911143  6.621830  4.032040  7.5157740E-01  2.4837130E-01  1.2915484E-06  4.3011412E-09  1.0216525E-07  6.8211449E-06  3.5136690E-10  2.0005890E-09  9.2048308E-07  2.3543589E-08  2.153E-27  0.4140  4.032040   -6.772  2.311481  8.353995  0.0000000E+00  7.8710556E-01  1.9787049E-01  8.7145903E-11  1.0164700E-12  1.5010755E-02  1.3145403E-13  1.7155181E-12  6.8577072E-08  9.2141236E-06  1.754E-18  0.000E+00  0.000E+00  1.000E+00  1.000E+00  1.80E+02  0.00E+00  0.00E+00  0.000000  0.751888  0.0000000E+00  0.0000000000E+00
231  2.431306167327544E+06  149.910839  6.621921  4.024638  7.5157740E-01  2.4837130E-01  1.2915484E-06  4.3011442E-09  1.0216525E-07  6.8211449E-06  3.5136690E-10  2.0005890E-09  9.2048308E-07  2.3543589E-08  2.153E-27  0.4072  4.024638   -6.780  2.312456  8.354138  0.0000000E+00  7.7796312E-01  2.0556784E-01  8.8512409E-11  8.3999078E-13  1.6455840E-02  1.2978989E-13  1.3866980E-12  7.9958837E-08  9.2045738E-06  1.428E-18  0.000E+00  0.000E+00  1.000E+00  1.000E+00  1.77E+02  0.00E+00  0.00E+00  0.000000  0.752046  0.0000000E+00  0.0000000000E+00
232  2.433187580096838E+06  149.910530  6.621975  4.016542  7.5157740E-01  2.4837130E-01  1.2915484E-06  4.3011472E-09  1.0216525E-07  6.8211449E-06  3.5136690E-10  2.0005890E-09  9.2048308E-07  2.3543589E-08  2.153E-27  0.3997  4.016542   -6.789  2.314858  8.354847  0.0000000E+00  7.6882068E-01  2.1316828E-01  9.6704776E-11  5.4536168E-13  1.7997797E-02  1.2823056E-13  8.6360554E-13  9.3262301E-08  9.1945623E-06  1.193E-18  0.000E+00  0.000E+00  1.000E+00  1.000E+00  1.74E+02  0.00E+00  0.00E+00  0.000000  0.752143  0.0000000E+00  0.0000000000E+00
233  2.434917789411380E+06  149.910251  6.622014  4.010093  7.5157740E-01  2.4837130E-01  1.2915484E-06  4.3011500E-09  1.0216525E-07  6.8211449E-06  3.5136690E-10  2.0005890E-09  9.2048308E-07  2.3543589E-08  2.153E-27  0.4065  4.010093   -6.796  2.317359  8.355599  0.0000000E+00  7.5967825E-01  2.2071395E-01  9.5297360E-11  5.1364867E-13  1.9594581E-02  1.2572492E-13  8.2596938E-13  1.0801393E-07  9.1842494E-06  9.622E-19  0.000E+00  0.000E+00  1.000E+00  1.000E+00  1.71E+02  0.00E+00  0.00E+00  0.000000  0.752211  0.0000000E+00  0.0000000000E+00
234  2.436636968877647E+06  149.909978  6.622038  4.004541  7.5157740E-01  2.4837130E-01  1.2915484E-06  4.3011527E-09  1.0216525E-07  6.8211449E-06  3.5136690E-10  2.0005890E-09  9.2048308E-07  2.3543589E-08  2.153E-27  0.4005  4.004541   -6.801  2.319384  8.356232  0.0000000E+00  7.5053581E-01  2.2817822E-01  9.8412168E-11  4.0804633E-13  2.1272706E-02  1.2298959E-13  6.5019021E-13  1.2471462E-07  9.1735441E-06  7.739E-19  0.000E+00  0.000E+00  1.000E+00  1.000E+00  1.69E+02  0.00E+00  0.00E+00  0.000000  0.752255  0.0000000E+00  0.0000000000E+00
235  2.438402981681405E+06  149.909691  6.622062  3.998332  7.5157740E-01  2.4837130E-01  1.2915484E-06  4.3011555E-09  1.0216525E-07  6.8211449E-06  3.5136690E-10  2.0005890E-09  9.2048308E-07  2.3543589E-08  2.153E-27  0.4026  3.998332   -6.737  2.320860  8.356478  0.0000000E+00  7.4139337E-01  2.3555293E-01  1.0027105E-10  3.2572347E-13  2.3040425E-02  1.1980291E-13  5.1583918E-13  1.4326175E-07  9.1625626E-06  6.219E-19  0.000E+00  0.000E+00  1.000E+00  1.000E+00  1.66E+02  0.00E+00  0.00E+00  0.000000  0.752298  0.0000000E+00  0.0000000000E+00
236  2.440147365667151E+06  149.909375  6.622077  3.989576  7.5157740E-01  2.4837130E-01  1.2915484E-06  4.3011586E-09  1.0216525E-07  6.8211449E-06  3.5136690E-10  2.0005890E-09  9.2048308E-07  2.3543589E-08  2.154E-27  0.4031  3.989576   -6.747  2.323475  8.357253  0.0000000E+00  7.3225093E-01  2.4284612E-01  1.0389373E-10  2.5770190E-13  2.4889653E-02  1.1660694E-13  4.0356777E-13  1.6427049E-07  9.1511287E-06  4.975E-19  0.000E+00  0.000E+00  1.000E+00  1.000E+00  1.63E+02  0.00E+00  0.00E+00  0.000000  0.752324  0.0000000E+00  0.0000000000E+00
237  2.441897481573068E+06  149.909065  6.622105  3.981330  7.5157740E-01  2.4837130E-01  1.2915484E-06  4.3011617E-09  1.0216525E-07  6.8211449E-06  3.5136690E-10  2.0005890E-09  9.2048308E-07  2.3543589E-08  2.154E-27  0.4023  3.981330   -6.755  2.325639  8.357939  0.0000000E+00  7.2310850E-01  2.5005263E-01  1.0718996E-10  2.0406109E-13  2.6825556E-02  1.1309176E-13  3.1674774E-13  1.8796510E-07  9.1392402E-06  3.963E-19  0.000E+00  0.000E+00  1.000E+00  1.000E+00  1.60E+02  0.00E+00  0.00E+00  0.000000  0.752375  0.0000000E+00  0.0000000000E+00
238  2.443641016136524E+06  149.908762  6.622135  3.972729  7.5157740E-01  2.4837130E-01  1.2915484E-06  4.3011647E-09  1.0216525E-07  6.8211449E-06  3.5136690E-10  2.0005890E-09  9.2048308E-07  2.3543589E-08  2.155E-27  0.4030  3.972729   -6.765  2.327736  8.358627  0.0000000E+00  7.1396606E-01  2.5716977E-01  1.1049285E-10  1.6172714E-13  2.8850818E-02  1.0932762E-13  2.4896880E-13  2.1459647E-07  9.1268893E-06  3.142E-19  0.000E+00  0.000E+00  1.000E+00  1.000E+00  1.57E+02  0.00E+00  0.00E+00  0.000000  0.752428  0.0000000E+00  0.0000000000E+00
239  2.445383338957230E+06  149.908465  6.622185  3.962476  7.5157740E-01  2.4837130E-01  1.2915484E-06  4.3011676E-09  1.0216525E-07  6.8211449E-06  3.5136690E-10  2.0005890E-09  9.2048308E-07  2.3543589E-08  2.155E-27  0.4007  3.962476   -6.775  2.329689  8.359272  0.0000000E+00  7.0482362E-01  2.6419460E-01  1.1387713E-10  1.2738020E-13  3.0968408E-02  1.0536456E-13  1.9521818E-13  2.4447209E-07  9.1140606E-06  2.479E-19  0.000E+00  0.000E+00  1.000E+00  1.000E+00  1.53E+02  0.00E+00  0.00E+00  0.000000  0.752516  0.0000000E+00  0.0000000000E+00
240  2.447137581829956E+06  149.908176  6.622268  3.949157  7.5157740E-01  2.4837130E-01  1.2915484E-06  4.3011705E-09  1.0216525E-07  6.8211449E-06  3.5136690E-10  2.0005890E-09  9.2048308E-07  2.3543589E-08  2.155E-27  0.4033  3.949157   -6.790  2.331660  8.359934  0.0000000E+00  6.9568119E-01  2.7112408E-01  1.1713987E-10  1.0091900E-13  3.3181347E-02  1.0121583E-13  1.5349658E-13  2.7793154E-07  9.1007376E-06  1.946E-19  0.000E+00  0.000E+00  1.000E+00  1.000E+00  1.49E+02  0.00E+00  0.00E+00  0.000000  0.752661  0.0000000E+00  0.0000000000E+00
241  2.448914340599732E+06  149.906756  6.622371  3.935111  7.5157740E-01  2.4837130E-01  1.2915484E-06  4.3011845E-09  1.0216525E-07  6.8211449E-06  3.5136690E-10  2.0005890E-09  9.2048308E-07  2.3543589E-08  2.170E-27  0.4024  3.935111   -5.676  2.333590  8.360582  0.0000000E+00  6.8653875E-01  2.7795410E-01  1.2039345E-10  7.9772419E-14  3.5493682E-02  9.6940328E-14  1.2044348E-13  3.1540228E-07  9.0868942E-06  1.522E-19  0.000E+00  0.000E+00  1.000E+00  1.000E+00  1.44E+02  0.00E+00  0.00E+00  0.000000  0.752848  0.0000000E+00  0.0000000000E+00
242  2.450756603540471E+06  149.902940  6.622485  3.919732  7.5157740E-01  2.4837130E-01  1.2915483E-06  4.3012222E-09  1.0216525E-07  6.8211449E-06  3.5136690E-10  2.0005890E-09  9.2048308E-07  2.3543589E-08  2.216E-27  0.3989  3.919732   -5.692  2.334592  8.360551  0.0000000E+00  6.7739631E-01  2.8467298E-01  1.2090577E-10  6.3126542E-14  3.7917219E-02  9.2358022E-14  9.5421341E-14  3.5606757E-07  9.0727933E-06  1.188E-19  0.000E+00  0.000E+00  1.000E+00  1.000E+00  1.39E+02  0.00E+00  0.00E+00  0.000000  0.753065  0.0000000E+00  0.0000000000E+00
243  2.452564918057229E+06  149.899330  6.622554  3.906861  7.5157740E-01  2.4837130E-01  1.2915483E-06  4.3012578E-09  1.0216525E-07  6.8211449E-06  3.5136691E-10  2.0005890E-09  9.2048308E-07  2.3543589E-08  2.259E-27  0.3948  3.906861   -5.706  2.337835  8.361498  0.0000000E+00  6.6825387E-01  2.9129890E-01  1.2557393E-10  4.9542549E-14  4.0433696E-02  8.8077512E-14  7.3952320E-14  4.0179236E-07  9.0580783E-06  9.207E-20  0.000E+00  0.000E+00  1.000E+00  1.000E+00  1.35E+02  0.00E+00  0.00E+00  0.000000  0.753202  0.0000000E+00  0.0000000000E+00
244  2.454361043616135E+06  149.714044  6.622329  3.900257  7.5157740E-01  2.4837130E-01  1.2915463E-06  4.3034412E-09  1.0216528E-07  6.8211449E-06  3.5136708E-10  2.0005886E-09  9.2048308E-07  2.3543589E-08  6.335E-27  0.3975  3.900257   -3.560  2.340280  8.362263  0.0000000E+00  6.5911144E-01  2.9782397E-01  1.2937871E-10  3.9062253E-14  4.3050996E-02  8.3630256E-14  5.7811890E-14  4.5302958E-07  9.0427359E-06  7.084E-20  0.000E+00  0.000E+00  1.000E+00  1.000E+00  1.33E+02  0.00E+00  0.00E+00  0.000000  0.753743  0.0000000E+00  0.0000000000E+00
245  2.456167135280966E+06  147.813511  6.621034  3.887278  7.5093535E-01  2.4901403E-01  1.2783461E-06  6.1409456E-09  1.5998996E-07  6.7697379E-06  3.5528583E-10  1.9824727E-09  9.1359345E-07  2.3369406E-08  1.554E-11  0.4037  3.887278   -2.855  2.342468  8.362959  0.0000000E+00  6.4996900E-01  3.0424200E-01  1.3284863E-10  3.0787078E-14  4.5775307E-02  7.9109939E-14  4.5213103E-14  5.1017138E-07  9.0267772E-06  5.415E-20  0.000E+00  0.000E+00  1.000E+00  1.000E+00  1.28E+02  0.00E+00  0.00E+00  0.000000  0.760884  0.0000000E+00  0.0000000000E+00
246  2.457966666864559E+06  145.825613  6.621180  3.899787  7.4001090E-01  2.5994750E-01  1.0752544E-06  2.6135956E-08  1.0967060E-06  5.9338956E-06  4.1389284E-10  1.6933354E-09  8.0145883E-07  2.0532709E-08  2.548E-10  0.4092  3.899787   -3.035  2.344780  8.363713  0.0000000E+00  6.4082656E-01  3.1055088E-01  1.3657540E-10  2.4265300E-14  4.8608833E-02  7.4584183E-14  3.5353294E-14  5.7383005E-07  9.0101735E-06  4.108E-20  0.000E+00  0.000E+00  1.000E+00  1.000E+00  1.31E+02  0.00E+00  0.00E+00  0.000000  0.766699  0.0000000E+00  0.0000000000E+00
247  2.459778728304890E+06  145.057725  6.621692  3.900397  7.3368293E-01  2.6627967E-01  9.7200645E-07  3.4534177E-08  1.5879457E-06  5.4930982E-06  4.4181766E-10  1.5436758E-09  7.4222510E-07  1.9032560E-08  3.686E-10  0.4135  3.900397   -5.257  2.346926  8.364443  0.0000000E+00  6.3168413E-01  3.1674665E-01  1.4026578E-10  1.9105299E-14  5.1555453E-02  7.0067929E-14  2.7632452E-14  6.4482098E-07  8.9928778E-06  3.093E-20  0.000E+00  0.000E+00  1.000E+00  1.000E+00  1.31E+02  0.00E+00  0.00E+00  0.000000  0.768863  0.0000000E+00  0.0000000000E+00
248  2.461608108680475E+06  144.499179  6.622034  3.900444  7.2916318E-01  2.7080193E-01  9.0663998E-07  3.9143913E-08  1.9063897E-06  5.2058274E-06  4.5829204E-10  1.4477099E-09  7.0356176E-07  1.8052298E-08  4.349E-10  0.4150  3.900444   -5.694  2.349040  8.365169  0.0000000E+00  6.2254169E-01  3.2282449E-01  1.4389694E-10  1.5024654E-14  5.4619933E-02  6.5590024E-14  2.1575684E-14  7.2388409E-07  8.9748661E-06  2.313E-20  0.000E+00  0.000E+00  1.000E+00  1.000E+00  1.30E+02  0.00E+00  0.00E+00  0.000000  0.770429  0.0000000E+00  0.0000000000E+00
249  2.463428984852878E+06  144.069023  6.622247  3.900236  7.2588606E-01  2.7408077E-01  8.6338372E-07  4.1832295E-08  2.1210065E-06  5.0114116E-06  4.6854031E-10  1.3835711E-09  6.7736400E-07  1.7387524E-08  4.755E-10  0.4139  3.900236   -5.692  2.351118  8.365876  0.0000000E+00  6.1339925E-01  3.2878384E-01  1.4743438E-10  1.1821940E-14  5.7802957E-02  6.1160109E-14  1.6857284E-14  8.1166288E-07  8.9561264E-06  1.713E-20  0.000E+00  0.000E+00  1.000E+00  1.000E+00  1.30E+02  0.00E+00  0.00E+00  0.000000  0.771644  0.0000000E+00  0.0000000000E+00
250  2.465257198443659E+06  143.730794  6.622421  3.900704  7.2318666E-01  2.7678144E-01  8.3028539E-07  4.3656652E-08  2.2877402E-06  4.8598480E-06  4.7595089E-10  1.3340841E-09  6.5692033E-07  1.6868397E-08  5.044E-10  0.4166  3.900704   -3.477  2.353197  8.366581  0.0000000E+00  6.0425681E-01  3.3461968E-01  1.5098010E-10  9.2902131E-15  6.1109427E-02  5.6811771E-14  1.3160409E-14  9.0919634E-07  8.9366135E-06  1.258E-20  0.000E+00  0.000E+00  1.000E+00  1.000E+00  1.30E+02  0.00E+00  0.00E+00  0.000000  0.772558  0.0000000E+00  0.0000000000E+00
251  2.467095597296218E+06  143.465696  6.622616  3.900070  7.2088142E-01  2.7908768E-01  8.0371431E-07  4.4958070E-08  2.4233643E-06  4.7361954E-06  4.8159277E-10  1.2940675E-09  6.4022729E-07  1.6444259E-08  5.260E-10  0.4175  3.900070   -5.689  2.355383  8.367322  0.0000000E+00  5.9511438E-01  3.4032857E-01  1.5453705E-10  7.2955166E-15  6.4542884E-02  5.2566094E-14  1.0267712E-14  1.0175542E-06  8.9162872E-06  9.146E-21  0.000E+00  0.000E+00  1.000E+00  1.000E+00  1.30E+02  0.00E+00  0.00E+00  0.000000  0.773298  0.0000000E+00  0.0000000000E+00
252  2.469003500775519E+06  143.254366  6.622716  3.900492  7.1909909E-01  2.8087071E-01  7.8419199E-07  4.5811795E-08  2.5241266E-06  4.6440965E-06  4.8554251E-10  1.2644844E-09  6.2778510E-07  1.6127969E-08  5.407E-10  0.4103  3.900492   -5.688  2.357357  8.367998  0.0000000E+00  5.8597194E-01  3.4588968E-01  1.5779543E-10  5.6957386E-15  6.8124048E-02  4.8478470E-14  8.0577473E-15  1.1392131E-06  8.8950045E-06  6.828E-21  0.000E+00  0.000E+00  1.000E+00  1.000E+00  1.30E+02  0.00E+00  0.00E+00  0.000000  0.773813  0.0000000E+00  0.0000000000E+00
253  2.470924354907816E+06  143.042701  6.622821  3.900383  7.1742319E-01  2.8254721E-01  7.6666901E-07  4.6491940E-08  2.6155115E-06  4.5603740E-06  4.8892134E-10  1.2377774E-09  6.1646712E-07  1.5840124E-08  5.529E-10  0.4148  3.900383   -5.687  2.359642  8.368783  0.0000000E+00  5.7682950E-01  3.5131362E-01  1.6133515E-10  4.4153007E-15  7.1842425E-02  4.4630049E-14  6.1380991E-15  1.2743429E-06  8.8728171E-06  5.114E-21  0.000E+00  0.000E+00  1.000E+00  1.000E+00  1.30E+02  0.00E+00  0.00E+00  0.000000  0.774392  0.0000000E+00  0.0000000000E+00
254  2.472813250156145E+06  142.856922  6.622894  3.900995  7.1592985E-01  2.8404115E-01  7.5159436E-07  4.7019529E-08  2.6947586E-06  4.4876414E-06  4.9171575E-10  1.2146990E-09  6.0662986E-07  1.5589850E-08  5.628E-10  0.4155  3.900995   -5.686  2.361897  8.369549  0.0000000E+00  5.6768707E-01  3.5661292E-01  1.6487888E-10  3.4452746E-15  7.5685363E-02  4.0844919E-14  4.7535368E-15  1.4232816E-06  8.8497564E-06  3.685E-21  0.000E+00  0.000E+00  1.000E+00  1.000E+00  1.30E+02  0.00E+00  0.00E+00  0.000000  0.774855  0.0000000E+00  0.0000000000E+00
255  2.474712195102072E+06  142.734916  6.622961  3.900129  7.1479640E-01  2.8517490E-01  7.4046895E-07  4.7374338E-08  2.7536242E-06  4.4335370E-06  4.9371029E-10  1.1976048E-09  5.9930915E-07  1.5403548E-08  5.695E-10  0.4122  3.900129   -5.460  2.364120  8.370293  0.0000000E+00  5.5854463E-01  3.6177814E-01  1.6815109E-10  2.6876181E-15  7.9662458E-02  3.7150096E-14  3.6866685E-15  1.5879333E-06  8.8257473E-06  2.575E-21  0.000E+00  0.000E+00  1.000E+00  1.000E+00  1.29E+02  0.00E+00  0.00E+00  0.000000  0.775123  0.0000000E+00  0.0000000000E+00
256  2.476651669940493E+06  142.565425  6.623028  3.900288  7.1344048E-01  2.8653132E-01  7.2757020E-07  4.7740180E-08  2.8223739E-06  4.3702447E-06  4.9593248E-10  1.1777039E-09  5.9074136E-07  1.5185440E-08  5.770E-10  0.4210  3.900288   -5.685  2.365627  8.370589  0.0000000E+00  5.4940219E-01  3.6678757E-01  1.6850966E-10  2.0912824E-15  8.3795289E-02  3.3587388E-14  2.8725599E-15  1.7678804E-06  8.8009543E-06  1.788E-21  0.000E+00  0.000E+00  1.000E+00  1.000E+00  1.29E+02  0.00E+00  0.00E+00  0.000000  0.775552  0.0000000E+00  0.0000000000E+00
257  2.478586758837775E+06  142.432625  6.623064  3.900553  7.1207508E-01  2.8789712E-01  7.1493547E-07  4.8058476E-08  2.8901579E-06  4.3077509E-06  4.9802941E-10  1.1581384E-09  5.8227825E-07  1.4969936E-08  5.839E-10  0.4208  3.900553   -5.684  2.368875  8.371568  0.0000000E+00  5.4025975E-01  3.7165453E-01  1.7311658E-10  1.6201459E-15  8.8070557E-02  3.0304940E-14  2.2044958E-15  1.9679079E-06  8.7750576E-06  1.227E-21  0.000E+00  0.000E+00  1.000E+00  1.000E+00  1.29E+02  0.00E+00  0.00E+00  0.000000  0.775719  0.0000000E+00  0.0000000000E+00
258  2.480518814102845E+06  142.312688  6.623089  3.900292  7.1098812E-01  2.8898442E-01  7.0522321E-07  4.8263461E-08  2.9427021E-06  4.2592173E-06  4.9956138E-10  1.1430268E-09  5.7570229E-07  1.4802427E-08  5.886E-10  0.4176  3.900292   -5.684  2.371589  8.372439  0.0000000E+00  5.3111732E-01  3.7637324E-01  1.7663789E-10  1.2572873E-15  9.2494019E-02  2.7182622E-14  1.7003808E-15  2.1907544E-06  8.7479423E-06  8.313E-22  0.000E+00  0.000E+00  1.000E+00  1.000E+00  1.29E+02  0.00E+00  0.00E+00  0.000000  0.775925  0.0000000E+00  0.0000000000E+00
259  2.482458622983497E+06  142.179800  6.623088  3.901096  7.0972195E-01  2.9025097E-01  6.9431381E-07  4.8446613E-08  3.0022452E-06  4.2041118E-06  5.0118638E-10  1.1259673E-09  5.6823186E-07  1.4612061E-08  5.936E-10  0.4219  3.901096   -5.682  2.374134  8.373274  0.0000000E+00  5.2197488E-01  3.8093625E-01  1.7966944E-10  9.7548108E-16  9.7073187E-02  2.4245434E-14  1.3133372E-15  2.4386264E-06  8.7195695E-06  5.561E-22  0.000E+00  0.000E+00  1.000E+00  1.000E+00  1.29E+02  0.00E+00  0.00E+00  0.000000  0.776074  0.0000000E+00  0.0000000000E+00
260  2.484400835860288E+06  142.021032  6.623141  3.900591  7.0814644E-01  2.9182686E-01  6.8115002E-07  4.8618672E-08  3.0746369E-06  4.1370033E-06  5.0304652E-10  1.1052935E-09  5.5913007E-07  1.4380050E-08  5.994E-10  0.4233  3.900591   -5.682  2.376638  8.374106  0.0000000E+00  5.1283244E-01  3.8533815E-01  1.8243383E-10  7.5688399E-16  1.0181349E-01  2.1502796E-14  1.0163443E-15  2.7141712E-06  8.6898810E-06  3.672E-22  0.000E+00  0.000E+00  1.000E+00  1.000E+00  1.29E+02  0.00E+00  0.00E+00  0.000000  0.776320  0.0000000E+00  0.0000000000E+00
261  2.486355812682773E+06  141.797648  6.623243  3.900540  7.0613433E-01  2.9383951E-01  6.6492416E-07  4.8759919E-08  3.1646579E-06  4.0533898E-06  5.0519229E-10  1.0796817E-09  5.4778373E-07  1.4090716E-08  6.061E-10  0.4201  3.900540   -5.681  2.379118  8.374938  0.0000000E+00  5.0369001E-01  3.8957278E-01  1.8492021E-10  5.8603001E-16  1.0672095E-01  1.8959094E-14  7.8658841E-16  3.0204418E-06  8.6588093E-06  2.395E-22  0.000E+00  0.000E+00  1.000E+00  1.000E+00  1.29E+02  0.00E+00  0.00E+00  0.000000  0.776811  0.0000000E+00  0.0000000000E+00
262  2.488374467048659E+06  141.586548  6.623434  3.900174  7.0382677E-01  2.9614763E-01  6.4707261E-07  4.8821951E-08  3.2647422E-06  3.9602150E-06  5.0735734E-10  1.0513333E-09  5.3513198E-07  1.3767953E-08  6.126E-10  0.4171  3.900174   -5.681  2.381566  8.375772  0.0000000E+00  4.9454757E-01  3.9362596E-01  1.8703254E-10  4.5027873E-16  1.1180986E-01  1.6637472E-14  6.0642966E-16  3.3624309E-06  8.6262100E-06  1.573E-22  0.000E+00  0.000E+00  1.000E+00  1.000E+00  1.29E+02  0.00E+00  0.00E+00  0.000000  0.777258  0.0000000E+00  0.0000000000E+00
263  2.490363940745995E+06  141.362450  6.623564  3.900560  7.0180831E-01  2.9816659E-01  6.3231266E-07  4.8766017E-08  3.3486983E-06  3.8818068E-06  5.0891882E-10  1.0276974E-09  5.2447617E-07  1.3495947E-08  6.168E-10  0.4241  3.900560   -5.679  2.384103  8.376626  0.0000000E+00  4.8540513E-01  3.9751124E-01  1.8897838E-10  3.4737051E-16  1.1706660E-01  1.4487996E-14  4.7130748E-16  3.7409000E-06  8.5921359E-06  9.987E-23  0.000E+00  0.000E+00  1.000E+00  1.000E+00  1.29E+02  0.00E+00  0.00E+00  0.000000  0.777801  0.0000000E+00  0.0000000000E+00
264  2.492374901714698E+06  141.229811  6.623723  3.900788  6.9996310E-01  3.0001210E-01  6.1932392E-07  4.8651578E-08  3.4233155E-06  3.8119689E-06  5.1015174E-10  1.0067773E-09  5.1497956E-07  1.3253433E-08  6.197E-10  0.4252  3.900788   -5.678  2.386592  8.377465  0.0000000E+00  4.7626269E-01  4.0121039E-01  1.9071726E-10  2.6528143E-16  1.2250950E-01  1.2537587E-14  3.6672590E-16  4.1625494E-06  8.5563950E-06  6.357E-23  0.000E+00  0.000E+00  1.000E+00  1.000E+00  1.29E+02  0.00E+00  0.00E+00  0.000000  0.777971  0.0000000E+00  0.0000000000E+00
265  2.494394866394388E+06  141.032776  6.623790  3.900581  6.9851403E-01  3.0146157E-01  6.0951216E-07  4.8513875E-08  3.4802626E-06  3.7585497E-06  5.1097053E-10  9.9087927E-10  5.0771121E-07  1.3067745E-08  6.211E-10  0.4270  3.900581   -5.677  2.389155  8.378350  0.0000000E+00  4.6712026E-01  4.0472398E-01  1.9197092E-10  2.0383287E-16  1.2813786E-01  1.0769654E-14  2.8854420E-16  4.6310695E-06  8.5189447E-06  3.941E-23  0.000E+00  0.000E+00  1.000E+00  1.000E+00  1.29E+02  0.00E+00  0.00E+00  0.000000  0.778513  0.0000000E+00  0.0000000000E+00
266  2.496426052486702E+06  140.912728  6.623927  3.900177  6.9697475E-01  3.0300110E-01  5.9930144E-07  4.8342378E-08  3.5398464E-06  3.7025909E-06  5.1175967E-10  9.7428220E-10  5.0009490E-07  1.2873124E-08  6.224E-10  0.4258  3.900177   -5.677  2.391803  8.379232  0.0000000E+00  4.5797782E-01  4.0804414E-01  1.9273541E-10  1.5638944E-16  1.3395960E-01  9.1791146E-15  2.2997682E-16  5.1525147E-06  8.4796590E-06  2.401E-23  0.000E+00  0.000E+00  1.000E+00  1.000E+00  1.29E+02  0.00E+00  0.00E+00  0.000000  0.778717  0.0000000E+00  0.0000000000E+00
267  2.498523101722721E+06  140.753737  6.623981  3.900792  6.9555990E-01  3.0441620E-01  5.9007298E-07  4.8166193E-08  3.5939400E-06  3.6517381E-06  5.1242527E-10  9.5924214E-10  4.9317176E-07  1.2696183E-08  6.231E-10  0.4190  3.900792   -5.676  2.394017  8.379731  0.0000000E+00  4.4883538E-01  4.1114865E-01  1.9049631E-10  1.2007591E-16  1.3999695E-01  7.7599203E-15  1.8656924E-16  5.7230087E-06  8.4389347E-06  1.454E-23  0.000E+00  0.000E+00  1.000E+00  1.000E+00  1.29E+02  0.00E+00  0.00E+00  0.000000  0.779043  0.0000000E+00  0.0000000000E+00
268  2.500601083367562E+06  140.633474  6.624034  3.901304  6.9415516E-01  3.0582124E-01  5.8128441E-07  4.7948865E-08  3.6460243E-06  3.6026549E-06  5.1294519E-10  9.4482580E-10  4.8648521E-07  1.2525214E-08  6.232E-10  0.4267  3.901304   -5.674  2.397501  8.380805  0.0000000E+00  4.3969295E-01  4.1406061E-01  1.9166246E-10  9.1495115E-17  1.4622676E-01  6.5199890E-15  1.5394722E-16  6.3627368E-06  8.3959932E-06  8.666E-24  0.000E+00  0.000E+00  1.000E+00  1.000E+00  1.29E+02  0.00E+00  0.00E+00  0.000000  0.779160  0.0000000E+00  0.0000000000E+00
269  2.502680919496384E+06  140.577562  6.624085  3.901722  6.9303221E-01  3.0694439E-01  5.7432825E-07  4.7767570E-08  3.6873566E-06  3.5636813E-06  5.1333475E-10  9.3339761E-10  4.8117508E-07  1.2389423E-08  6.230E-10  0.4243  3.901722   -5.673  2.400580  8.381796  0.0000000E+00  4.3055051E-01  4.1676689E-01  1.9166024E-10  6.9756313E-17  1.5266223E-01  5.4271541E-15  1.3117980E-16  7.0789091E-06  8.3507429E-06  5.086E-24  0.000E+00  0.000E+00  1.000E+00  1.000E+00  1.29E+02  0.00E+00  0.00E+00  0.000000  0.779044  0.0000000E+00  0.0000000000E+00
270  2.504770475012749E+06  140.479845  6.624072  3.900288  6.9226189E-01  3.0771481E-01  5.6961658E-07  4.7636967E-08  3.7154433E-06  3.5371779E-06  5.1357992E-10  9.2564198E-10  4.7756332E-07  1.2297051E-08  6.223E-10  0.4250  3.900288   -5.032  2.403548  8.382774  0.0000000E+00  4.2140807E-01  4.1925711E-01  1.9093221E-10  5.3130556E-17  1.5931361E-01  4.4752100E-15  1.1573643E-16  7.8798091E-06  8.3030859E-06  2.942E-24  0.000E+00  0.000E+00  1.000E+00  1.000E+00  1.28E+02  0.00E+00  0.00E+00  0.000000  0.779207  0.0000000E+00  0.0000000000E+00
271  2.506869932978694E+06  140.349836  6.624154  3.900211  6.9081044E-01  3.0916651E-01  5.6087523E-07  4.7376647E-08  3.7677617E-06  3.4877635E-06  5.1399108E-10  9.1121879E-10  4.7082772E-07  1.2124757E-08  6.220E-10  0.4261  3.900211   -5.674  2.406502  8.383753  0.0000000E+00  4.1226563E-01  4.2152313E-01  1.8988558E-10  4.0115583E-17  1.6618915E-01  3.6547309E-15  1.0589417E-16  8.7756305E-06  8.2528798E-06  1.678E-24  0.000E+00  0.000E+00  1.000E+00  1.000E+00  1.28E+02  0.00E+00  0.00E+00  0.000000  0.779407  0.0000000E+00  0.0000000000E+00
272  2.509040732630502E+06  140.230264  6.624266  3.900104  6.8921649E-01  3.1076071E-01  5.5153106E-07  4.7066548E-08  3.8240649E-06  3.4345016E-06  5.1434996E-10  8.9573908E-10  4.6356473E-07  1.1938920E-08  6.213E-10  0.4259  3.900104   -5.674  2.409394  8.384730  0.0000000E+00  4.0312320E-01  4.2354649E-01  1.8784270E-10  3.0254412E-17  1.7330719E-01  2.9617213E-15  1.0053686E-16  9.7820115E-06  8.1998664E-06  9.736E-25  0.000E+00  0.000E+00  1.000E+00  1.000E+00  1.28E+02  0.00E+00  0.00E+00  0.000000  0.779539  0.0000000E+00  0.0000000000E+00
273  2.511191176324790E+06  140.110591  6.624362  3.900228  6.8771010E-01  3.1226730E-01  5.4284618E-07  4.6761585E-08  3.8765993E-06  3.3847570E-06  5.1463754E-10  8.8131804E-10  4.5677970E-07  1.1765282E-08  6.204E-10  0.4293  3.900228   -5.673  2.412359  8.385725  0.0000000E+00  3.9398076E-01  4.2533797E-01  1.8530078E-10  2.2876263E-17  1.8065701E-01  2.3684197E-15  9.9020506E-17  1.0905558E-05  8.1440455E-06  5.437E-25  0.000E+00  0.000E+00  1.000E+00  1.000E+00  1.28E+02  0.00E+00  0.00E+00  0.000000  0.779680  0.0000000E+00  0.0000000000E+00
274  2.513352963282724E+06  139.952324  6.624472  3.901095  6.8602149E-01  3.1395621E-01  5.3331620E-07  4.6404742E-08  3.9345209E-06  3.3298434E-06  5.1488854E-10  8.6544835E-10  4.4928731E-07  1.1573501E-08  6.192E-10  0.4267  3.901095   -5.671  2.415407  8.386742  0.0000000E+00  3.8483832E-01  4.2688220E-01  1.8215995E-10  1.7267093E-17  1.8825391E-01  1.8712915E-15  1.0045070E-16  1.2164827E-05  8.0851422E-06  2.984E-25  0.000E+00  0.000E+00  1.000E+00  1.000E+00  1.28E+02  0.00E+00  0.00E+00  0.000000  0.779978  0.0000000E+00  0.0000000000E+00
275  2.515533338151084E+06  139.845094  6.624570  3.900296  6.8468249E-01  3.1529541E-01  5.2585065E-07  4.6115832E-08  3.9800137E-06  3.2866832E-06  5.1505649E-10  8.5299689E-10  4.4339751E-07  1.1422723E-08  6.178E-10  0.4271  3.900296   -5.671  2.418506  8.387774  0.0000000E+00  3.7569589E-01  4.2816998E-01  1.7846796E-10  1.3004998E-17  1.9610722E-01  1.4604017E-15  1.0430746E-16  1.3578577E-05  8.0229200E-06  1.619E-25  0.000E+00  0.000E+00  1.000E+00  1.000E+00  1.28E+02  0.00E+00  0.00E+00  0.000000  0.780133  0.0000000E+00  0.0000000000E+00
276  2.517735132365467E+06  139.687412  6.624640  3.900285  6.8331711E-01  3.1666093E-01  5.1839839E-07  4.5812721E-08  4.0256182E-06  3.2433645E-06  5.1517458E-10  8.4053569E-10  4.3748433E-07  1.1271315E-08  6.163E-10  0.4280  3.900285   -5.671  2.421646  8.388813  0.0000000E+00  3.6655345E-01  4.2919251E-01  1.7444785E-10  9.6968906E-18  2.0422548E-01  1.1250382E-15  1.1020838E-16  1.5166866E-05  7.9571622E-06  8.683E-26  0.000E+00  0.000E+00  1.000E+00  1.000E+00  1.28E+02  0.00E+00  0.00E+00  0.000000  0.780506  0.0000000E+00  0.0000000000E+00
277  2.519953568522991E+06  139.555531  6.624733  3.900592  6.8186538E-01  3.1811292E-01  5.1054993E-07  4.5486901E-08  4.0737358E-06  3.1976339E-06  5.1527539E-10  8.2739733E-10  4.3124105E-07  1.1111439E-08  6.146E-10  0.4281  3.900592   -5.670  2.424900  8.389885  0.0000000E+00  3.5741101E-01  4.2994131E-01  1.6964316E-10  7.2683976E-18  2.1261733E-01  8.5451243E-16  1.1776693E-16  1.6954004E-05  7.8875997E-06  4.610E-26  0.000E+00  0.000E+00  1.000E+00  1.000E+00  1.28E+02  0.00E+00  0.00E+00  0.000000  0.780737  0.0000000E+00  0.0000000000E+00
278  2.522255860953226E+06  139.459252  6.624804  3.900219  6.8047419E-01  3.1950431E-01  5.0316043E-07  4.5169007E-08  4.1191905E-06  3.1543904E-06  5.1532928E-10  8.1500222E-10  4.2533589E-07  1.0960195E-08  6.127E-10  0.4287  3.900219   -5.210  2.428003  8.390644  0.0000000E+00  3.4826857E-01  4.3038634E-01  1.6262462E-10  5.4345453E-18  2.2131269E-01  6.4005624E-16  1.2532880E-16  1.8927548E-05  7.8150081E-06  2.450E-26  0.000E+00  0.000E+00  1.000E+00  1.000E+00  1.28E+02  0.00E+00  0.00E+00  0.000000  0.780758  0.0000000E+00  0.0000000000E+00
279  2.524534750245192E+06  139.354783  6.624840  3.900617  6.7911022E-01  3.2086848E-01  4.9598575E-07  4.4854771E-08  4.1634016E-06  3.1123066E-06  5.1535971E-10  8.0295449E-10  4.1958831E-07  1.0812974E-08  6.107E-10  0.4257  3.900617   -5.669  2.432023  8.391903  0.0000000E+00  3.3912614E-01  4.3055997E-01  1.5772265E-10  4.0377940E-18  2.3027922E-01  4.7226838E-16  1.3583771E-16  2.1175493E-05  7.7375813E-06  1.284E-26  0.000E+00  0.000E+00  1.000E+00  1.000E+00  1.28E+02  0.00E+00  0.00E+00  0.000000  0.780773  0.0000000E+00  0.0000000000E+00
280  2.526819840869753E+06  139.171590  6.624807  3.900230  6.7766580E-01  3.2231310E-01  4.8848241E-07  4.4518813E-08  4.2097415E-06  3.0681650E-06  5.1536187E-10  7.9033767E-10  4.1355865E-07  1.0658509E-08  6.086E-10  0.4267  3.900230   -5.668  2.435692  8.393092  0.0000000E+00  3.2998370E-01  4.3043827E-01  1.5178113E-10  3.0010917E-18  2.3954080E-01  3.4234548E-16  1.4708364E-16  2.3725440E-05  7.6552455E-06  6.670E-27  0.000E+00  0.000E+00  1.000E+00  1.000E+00  1.28E+02  0.00E+00  0.00E+00  0.000000  0.781070  0.0000000E+00  0.0000000000E+00
281  2.527999318272476E+06  139.067128  6.624854  3.900541  6.7646910E-01  3.2351000E-01  4.8230960E-07  4.4239088E-08  4.2479116E-06  3.0317908E-06  5.1534987E-10  7.7995022E-10  4.0858952E-07  1.0531203E-08  6.072E-10  0.4239  3.900541   -5.666  2.437552  8.393704  0.0000000E+00  3.2527198E-01  4.3025524E-01  1.4848553E-10  2.5741761E-18  2.4443408E-01  2.8796423E-16  1.5318250E-16  2.5170484E-05  7.6108032E-06  4.744E-27  0.000E+00  0.000E+00  1.000E+00  1.000E+00  1.28E+02  0.00E+00  0.00E+00  0.000000  0.781182  0.0000000E+00  0.0000000000E+00
282  2.529233567419693E+06  138.898694  6.624981  3.901366  6.7476622E-01  3.2521300E-01  4.7356459E-07  4.3839957E-08  4.3020284E-06  2.9802073E-06  5.1532069E-10  7.6522747E-10  4.0154220E-07  1.0350648E-08  6.054E-10  0.4192  3.901366   -3.683  2.439333  8.394299  0.0000000E+00  3.2056025E-01  4.2998204E-01  1.4495612E-10  2.1948228E-18  2.4941750E-01  2.4162523E-16  1.5939361E-16  2.6717860E-05  7.5648620E-06  3.415E-27  0.000E+00  0.000E+00  1.000E+00  1.000E+00  1.28E+02  0.00E+00  0.00E+00  0.000000  0.781563  0.0000000E+00  0.0000000000E+00
283  2.530434821711960E+06  138.770224  6.625080  3.900580  6.7343793E-01  3.2654147E-01  4.6684720E-07  4.3525816E-08  4.3437078E-06  2.9404439E-06  5.1526541E-10  7.5389997E-10  3.9610859E-07  1.0211416E-08  6.038E-10  0.4284  3.900580   -5.666  2.441269  8.394939  0.0000000E+00  3.1584853E-01  4.2962879E-01  1.4178431E-10  1.8627095E-18  2.5448075E-01  2.0123712E-16  1.6618108E-16  2.8364454E-05  7.5175132E-06  2.420E-27  0.000E+00  0.000E+00  1.000E+00  1.000E+00  1.28E+02  0.00E+00  0.00E+00  0.000000  0.781846  0.0000000E+00  0.0000000000E+00
284  2.531642813520846E+06  138.615633  6.625231  3.901625  6.7174173E-01  3.2823792E-01  4.5833305E-07  4.3123199E-08  4.3966018E-06  2.8899596E-06  5.1517500E-10  7.3953153E-10  3.8920926E-07  1.0034614E-08  6.018E-10  0.4288  3.901625   -5.664  2.443172  8.395572  0.0000000E+00  3.1113681E-01  4.2918792E-01  1.3814636E-10  1.5921987E-18  2.5963161E-01  1.6658423E-16  1.7277743E-16  3.0124045E-05  7.4686115E-06  1.713E-27  0.000E+00  0.000E+00  1.000E+00  1.000E+00  1.28E+02  0.00E+00  0.00E+00  0.000000  0.782197  0.0000000E+00  0.0000000000E+00
285  2.532853883842030E+06  138.514119  6.625322  3.900912  6.7060577E-01  3.2937403E-01  4.5266206E-07  4.2852896E-08  4.4318647E-06  2.8562926E-06  5.1510493E-10  7.2995586E-10  3.8460790E-07  9.9166931E-09  6.001E-10  0.4292  3.900912   -3.535  2.445059  8.396199  0.0000000E+00  3.0642509E-01  4.2865790E-01  1.3437620E-10  1.3606406E-18  2.6487149E-01  1.3711570E-16  1.7946205E-16  3.2004816E-05  7.4181022E-06  1.211E-27  0.000E+00  0.000E+00  1.000E+00  1.000E+00  1.28E+02  0.00E+00  0.00E+00  0.000000  0.782402  0.0000000E+00  0.0000000000E+00
286  2.534074940966203E+06  138.445609  6.625483  3.900145  6.6929695E-01  3.3068305E-01  4.4617471E-07  4.2540484E-08  4.4722521E-06  2.8177170E-06  5.1500977E-10  7.1899366E-10  3.7933514E-07  9.7815568E-09  5.983E-10  0.4295  3.900145   -5.664  2.446996  8.396843  0.0000000E+00  3.0171336E-01  4.2803658E-01  1.3055956E-10  1.1610940E-18  2.7020242E-01  1.1221497E-16  1.8628080E-16  3.4016650E-05  7.3659149E-06  8.561E-28  0.000E+00  0.000E+00  1.000E+00  1.000E+00  1.27E+02  0.00E+00  0.00E+00  0.000000  0.782466  0.0000000E+00  0.0000000000E+00
287  2.535297981758775E+06  138.277477  6.625497  3.901060  6.6835388E-01  3.3162622E-01  4.4150709E-07  4.2315257E-08  4.5013174E-06  2.7899533E-06  5.1493918E-10  7.1110528E-10  3.7554015E-07  9.6842930E-09  5.968E-10  0.4301  3.901060   -5.662  2.448924  8.397481  0.0000000E+00  2.9700164E-01  4.2732267E-01  1.2661788E-10  9.9082570E-19  2.7562592E-01  9.1252637E-17  1.9309622E-16  3.6167993E-05  7.3120066E-06  6.043E-28  0.000E+00  0.000E+00  1.000E+00  1.000E+00  1.28E+02  0.00E+00  0.00E+00  0.000000  0.782999  0.0000000E+00  0.0000000000E+00
288  2.536535678998645E+06  138.223942  6.625659  3.901216  6.6704634E-01  3.3293391E-01  4.3505162E-07  4.2002653E-08  4.5415325E-06  2.7515334E-06  5.1483629E-10  7.0019258E-10  3.7028840E-07  9.5496899E-09  5.950E-10  0.4305  3.901216   -5.662  2.450915  8.398143  0.0000000E+00  2.9228992E-01  4.2651417E-01  1.2268084E-10  8.4374943E-19  2.8114384E-01  7.3744048E-17  2.0004311E-16  3.8472164E-05  7.2562730E-06  4.266E-28  0.000E+00  0.000E+00  1.000E+00  1.000E+00  1.27E+02  0.00E+00  0.00E+00  0.000000  0.782981  0.0000000E+00  0.0000000000E+00
289  2.537786427706726E+06  138.093894  6.625699  3.900569  6.6626444E-01  3.3371595E-01  4.3119757E-07  4.1815593E-08  4.5655484E-06  2.7285875E-06  5.1477282E-10  6.9367636E-10  3.6715177E-07  9.4692964E-09  5.936E-10  0.4309  3.900569   -5.662  2.452897  8.398798  0.0000000E+00  2.8757819E-01  4.2560782E-01  1.1859161E-10  7.1747236E-19  2.8675943E-01  5.9239390E-17  2.0684622E-16  4.0941108E-05  7.1986571E-06  3.017E-28  0.000E+00  0.000E+00  1.000E+00  1.000E+00  1.27E+02  0.00E+00  0.00E+00  0.000000  0.783423  0.0000000E+00  0.0000000000E+00
290  2.539029160413478E+06  138.002015  6.625770  3.901040  6.6531608E-01  3.3466442E-01  4.2652746E-07  4.1588628E-08  4.5946537E-06  2.7007773E-06  5.1469451E-10  6.8577967E-10  3.6335016E-07  9.3718582E-09  5.920E-10  0.4314  3.901040   -5.660  2.454957  8.399478  0.0000000E+00  2.8286647E-01  4.2460508E-01  1.1456277E-10  6.1050665E-19  2.9247122E-01  4.7210426E-17  2.1379484E-16  4.3585899E-05  7.1391007E-06  2.128E-28  0.000E+00  0.000E+00  1.000E+00  1.000E+00  1.27E+02  0.00E+00  0.00E+00  0.000000  0.783627  0.0000000E+00  0.0000000000E+00
291  2.540276090939941E+06  137.910083  6.625844  3.901210  6.6441913E-01  3.3556147E-01  4.2211435E-07  4.1373912E-08  4.6221611E-06  2.6744927E-06  5.1461934E-10  6.7831692E-10  3.5975706E-07  9.2797636E-09  5.905E-10  0.4317  3.901210   -5.660  2.457035  8.400165  0.0000000E+00  2.7815475E-01  4.2350246E-01  1.1046636E-10  5.1923728E-19  2.9828270E-01  3.7346459E-17  2.2063604E-16  4.6423040E-05  7.0775003E-06  1.501E-28  0.000E+00  0.000E+00  1.000E+00  1.000E+00  1.27E+02  0.00E+00  0.00E+00  0.000000  0.783859  0.0000000E+00  0.0000000000E+00
292  2.541531175658696E+06  137.805319  6.625885  3.901611  6.6363923E-01  3.3634147E-01  4.1827964E-07  4.1187148E-08  4.6460662E-06  2.6516494E-06  5.1455313E-10  6.7183178E-10  3.5663434E-07  9.1997248E-09  5.891E-10  0.4321  3.901611   -5.659  2.459133  8.400854  0.0000000E+00  2.7344302E-01  4.2229740E-01  1.0630309E-10  4.4121410E-19  3.0419639E-01  2.9317028E-17  2.2730387E-16  4.9467209E-05  7.0138013E-06  1.059E-28  0.000E+00  0.000E+00  1.000E+00  1.000E+00  1.27E+02  0.00E+00  0.00E+00  0.000000  0.784162  0.0000000E+00  0.0000000000E+00
293  2.542793595824209E+06  137.764288  6.625965  3.900805  6.6287616E-01  3.3710464E-01  4.1452877E-07  4.1004411E-08  4.6694493E-06  2.6293044E-06  5.1448809E-10  6.6548829E-10  3.5357974E-07  9.1214317E-09  5.877E-10  0.4323  3.900805   -5.660  2.461302  8.401570  0.0000000E+00  2.6873130E-01  4.2098819E-01  1.0216841E-10  3.7447046E-19  3.1021404E-01  2.2830629E-17  2.3393838E-16  5.2738168E-05  6.9478972E-06  7.477E-29  0.000E+00  0.000E+00  1.000E+00  1.000E+00  1.27E+02  0.00E+00  0.00E+00  0.000000  0.784181  0.0000000E+00  0.0000000000E+00
294  2.544064741519053E+06  137.697639  6.626000  3.900259  6.6226685E-01  3.3771405E-01  4.1153420E-07  4.0858467E-08  4.6881186E-06  2.6114639E-06  5.1443592E-10  6.6042372E-10  3.5114090E-07  9.0589211E-09  5.865E-10  0.4326  3.900259   -5.660  2.463481  8.402283  0.0000000E+00  2.6401958E-01  4.1957203E-01  9.7978222E-11  3.1751950E-19  3.1633840E-01  1.7630563E-17  2.4029603E-16  5.6252851E-05  6.8797407E-06  5.285E-29  0.000E+00  0.000E+00  1.000E+00  1.000E+00  1.27E+02  0.00E+00  0.00E+00  0.000000  0.784336  0.0000000E+00  0.0000000000E+00
295  2.545382011307873E+06  137.618129  6.626075  3.902188  6.6122784E-01  3.3875316E-01  4.0643013E-07  4.0609569E-08  4.7199413E-06  2.5810528E-06  5.1434628E-10  6.5179108E-10  3.4698361E-07  8.9523642E-09  5.848E-10  0.4329  3.902188   -5.657  2.465675  8.403008  0.0000000E+00  2.5930786E-01  4.1803833E-01  9.3743092E-11  2.6769429E-19  3.2258001E-01  1.3620062E-17  2.4638269E-16  6.0053379E-05  6.8090510E-06  3.817E-29  0.000E+00  0.000E+00  1.000E+00  1.000E+00  1.27E+02  0.00E+00  0.00E+00  0.000000  0.784433  0.0000000E+00  0.0000000000E+00
296  2.546711717245707E+06  137.589659  6.626136  3.901384  6.6055380E-01  3.3942720E-01  4.0311932E-07  4.0448118E-08  4.7405836E-06  2.5613264E-06  5.1428815E-10  6.4619144E-10  3.4428695E-07  8.8832450E-09  5.834E-10  0.4273  3.901384   -5.658  2.467571  8.403556  0.0000000E+00  2.5459613E-01  4.1639017E-01  8.9085843E-11  2.2596195E-19  3.2893578E-01  1.0405018E-17  2.5095071E-16  6.4096880E-05  6.7364772E-06  2.752E-29  0.000E+00  0.000E+00  1.000E+00  1.000E+00  1.27E+02  0.00E+00  0.00E+00  0.000000  0.784388  0.0000000E+00  0.0000000000E+00
297  2.548028473090554E+06  137.510041  6.626152  3.900738  6.5994406E-01  3.4003704E-01  4.0012528E-07  4.0302031E-08  4.7592520E-06  2.5434857E-06  5.1423517E-10  6.4112734E-10  3.4184805E-07  8.8207326E-09  5.822E-10  0.4337  3.900738   -5.658  2.470194  8.404384  0.0000000E+00  2.4988441E-01  4.1463713E-01  8.5173270E-11  1.9041373E-19  3.3539615E-01  7.8237191E-18  2.5701348E-16  6.8454696E-05  6.6613512E-06  1.958E-29  0.000E+00  0.000E+00  1.000E+00  1.000E+00  1.27E+02  0.00E+00  0.00E+00  0.000000  0.784582  0.0000000E+00  0.0000000000E+00
298  2.549350792070590E+06  137.481561  6.626312  3.903361  6.5854739E-01  3.4143393E-01  3.9326700E-07  3.9967399E-08  4.8020149E-06  2.5026190E-06  5.1411383E-10  6.2952729E-10  3.3626142E-07  8.6775390E-09  5.802E-10  0.4295  3.903361   -3.531  2.472715  8.405193  0.0000000E+00  2.4517269E-01  4.1276986E-01  8.1194806E-11  1.6032959E-19  3.4197046E-01  5.8218260E-18  2.6256712E-16  7.3163767E-05  6.5835215E-06  1.396E-29  0.000E+00  0.000E+00  1.000E+00  1.000E+00  1.28E+02  0.00E+00  0.00E+00  0.000000  0.784375  0.0000000E+00  0.0000000000E+00
299  2.550679014815629E+06  137.478620  6.626255  3.901841  6.5838338E-01  3.4159796E-01  3.9246160E-07  3.9928102E-08  4.8070367E-06  2.4978198E-06  5.1409958E-10  6.2816503E-10  3.3560535E-07  8.6607230E-09  5.793E-10  0.4343  3.901841   -5.657  2.475261  8.406021  0.0000000E+00  2.4046096E-01  4.1078444E-01  7.7238815E-11  1.3487074E-19  3.4866246E-01  4.2863153E-18  2.6773464E-16  7.8253448E-05  6.5029311E-06  9.973E-30  0.000E+00  0.000E+00  1.000E+00  1.000E+00  1.27E+02  0.00E+00  0.00E+00  0.000000  0.784211  0.0000000E+00  0.0000000000E+00
300  2.552018038892304E+06  137.462857  6.626305  3.903842  6.5747322E-01  3.4250828E-01  3.8799231E-07  3.9710032E-08  4.8349037E-06  2.4711885E-06  5.1402050E-10  6.2060570E-10  3.3196474E-07  8.5674088E-09  5.777E-10  0.4301  3.903842   -5.655  2.477791  8.406849  0.0000000E+00  2.3574924E-01  4.0867776E-01  7.3295556E-11  1.1334984E-19  3.5547527E-01  3.1206054E-18  2.7241997E-16  8.3759145E-05  6.4194918E-06  7.146E-30  0.000E+00  0.000E+00  1.000E+00  1.000E+00  1.28E+02  0.00E+00  0.00E+00  0.000000  0.783959  0.0000000E+00  0.0000000000E+00
301  2.553354201038609E+06  137.447094  6.626387  3.906415  6.5636211E-01  3.4361949E-01  3.8253677E-07  3.9443831E-08  4.8689203E-06  2.4386801E-06  5.1392391E-10  6.1137820E-10  3.2752072E-07  8.4535018E-09  5.760E-10  0.4327  3.906415   -5.652  2.480422  8.407710  0.0000000E+00  2.3103752E-01  4.0644688E-01  6.9416234E-11  9.5157344E-20  3.6241187E-01  2.2448876E-18  2.7671503E-16  8.9719375E-05  6.3331165E-06  5.135E-30  0.000E+00  0.000E+00  1.000E+00  1.000E+00  1.29E+02  0.00E+00  0.00E+00  0.000000  0.783671  0.0000000E+00  0.0000000000E+00
302  2.554730964618566E+06  137.444031  6.626412  3.903468  6.5601780E-01  3.4396381E-01  3.8084612E-07  3.9361336E-08  4.8794620E-06  2.4286059E-06  5.1389398E-10  6.0851863E-10  3.2614352E-07  8.4182025E-09  5.749E-10  0.4327  3.903468   -5.655  2.482997  8.408556  0.0000000E+00  2.2632579E-01  4.0407865E-01  6.5505806E-11  7.9606594E-20  3.6948536E-01  1.6509646E-18  2.8027794E-16  9.6207858E-05  6.2435052E-06  3.930E-30  0.000E+00  0.000E+00  1.000E+00  1.000E+00  1.28E+02  0.00E+00  0.00E+00  0.000000  0.783573  0.0000000E+00  0.0000000000E+00
303  2.556098037697478E+06  137.426895  6.626541  3.912406  6.5408084E-01  3.4590106E-01  3.7133514E-07  3.8897250E-08  4.9387653E-06  2.3719320E-06  5.1372560E-10  5.9243176E-10  3.1839599E-07  8.2196216E-09  5.725E-10  0.4326  3.912406   -5.645  2.485712  8.409448  0.0000000E+00  2.2161407E-01  4.0158737E-01  6.0520201E-11  7.1773309E-20  3.7668127E-01  1.1575614E-18  2.7853119E-16  1.0321989E-04  6.1509790E-06  2.852E-30  0.000E+00  0.000E+00  1.000E+00  1.000E+00  1.30E+02  0.00E+00  0.00E+00  0.000000  0.782985  0.0000000E+00  0.0000000000E+00
304  2.557476477785281E+06  137.423776  6.626560  3.910269  6.5364535E-01  3.4633658E-01  3.6919697E-07  3.8792919E-08  4.9520973E-06  2.3591912E-06  5.1368774E-10  5.8881527E-10  3.1665426E-07  8.1749786E-09  5.713E-10  0.4310  3.910269   -5.647  2.488354  8.410316  0.0000000E+00  2.1690235E-01  3.9896188E-01  5.6857982E-11  5.9982950E-20  3.8401079E-01  8.0263721E-19  2.8093402E-16  1.1083761E-04  6.0551969E-06  2.079E-30  0.000E+00  0.000E+00  1.000E+00  1.000E+00  1.30E+02  0.00E+00  0.00E+00  0.000000  0.782832  0.0000000E+00  0.0000000000E+00
305  2.558853369034770E+06  137.420686  6.626620  3.906717  6.5321429E-01  3.4676771E-01  3.6708042E-07  3.8689642E-08  4.9652945E-06  2.3465791E-06  5.1365027E-10  5.8523533E-10  3.1493014E-07  8.1307868E-09  5.702E-10  0.4327  3.906717   -5.651  2.491223  8.411256  0.0000000E+00  2.1219063E-01  3.9619968E-01  5.3343479E-11  5.0117221E-20  3.9147637E-01  5.4804230E-19  2.8295294E-16  1.1911834E-04  5.9561021E-06  1.521E-30  0.000E+00  0.000E+00  1.000E+00  1.000E+00  1.29E+02  0.00E+00  0.00E+00  0.000000  0.782753  0.0000000E+00  0.0000000000E+00
306  2.560267828269561E+06  137.417539  6.626687  3.902843  6.5277588E-01  3.4720612E-01  3.6492775E-07  3.8584604E-08  4.9787169E-06  2.3337518E-06  5.1361216E-10  5.8159431E-10  3.1317660E-07  8.0858410E-09  5.690E-10  0.4327  3.902843   -5.655  2.494056  8.412189  0.0000000E+00  2.0747890E-01  3.9329526E-01  4.9890233E-11  4.1687756E-20  3.9908344E-01  3.6929020E-19  2.8424142E-16  1.2814078E-04  5.8535288E-06  1.121E-30  0.000E+00  0.000E+00  1.000E+00  1.000E+00  1.28E+02  0.00E+00  0.00E+00  0.000000  0.782683  0.0000000E+00  0.0000000000E+00
307  2.561676689454772E+06  137.400246  6.626836  3.921560  6.4998237E-01  3.5000003E-01  3.5121193E-07  3.7915284E-08  5.0642394E-06  2.2520209E-06  5.1336904E-10  5.5839521E-10  3.0200365E-07  7.7994618E-09  5.658E-10  0.4307  3.921560   -5.634  2.497000  8.413153  0.0000000E+00  2.0276718E-01  3.9024789E-01  4.6546511E-11  3.4676652E-20  4.0683266E-01  2.4434037E-19  2.8491442E-16  1.3797178E-04  5.7474358E-06  8.288E-31  0.000E+00  0.000E+00  1.000E+00  1.000E+00  1.33E+02  0.00E+00  0.00E+00  0.000000  0.781727  0.0000000E+00  0.0000000000E+00
308  2.563096959462996E+06  137.396943  6.626850  3.921725  6.4935208E-01  3.5063042E-01  3.4811740E-07  3.7764262E-08  5.0835349E-06  2.2335809E-06  5.1331413E-10  5.5316107E-10  2.9948282E-07  7.7348490E-09  5.644E-10  0.4324  3.921725   -5.634  2.500010  8.414140  0.0000000E+00  1.9805546E-01  3.8705316E-01  4.3299480E-11  2.8806089E-20  4.1472830E-01  1.5890747E-19  2.8486398E-16  1.4871402E-04  5.6376320E-06  6.163E-31  0.000E+00  0.000E+00  1.000E+00  1.000E+00  1.33E+02  0.00E+00  0.00E+00  0.000000  0.781474  0.0000000E+00  0.0000000000E+00
309  2.564528699922493E+06  137.393630  6.626911  3.918799  6.4872043E-01  3.5126217E-01  3.4501609E-07  3.7612909E-08  5.1028727E-06  2.2151003E-06  5.1325909E-10  5.4791544E-10  2.9695645E-07  7.6700942E-09  5.631E-10  0.4336  3.918799   -5.637  2.503124  8.415157  0.0000000E+00  1.9334373E-01  3.8370633E-01  4.0157849E-11  2.3891166E-20  4.2277500E-01  1.0147839E-19  2.8406385E-16  1.6046502E-04  5.5240762E-06  4.611E-31  0.000E+00  0.000E+00  1.000E+00  1.000E+00  1.32E+02  0.00E+00  0.00E+00  0.000000  0.781302  0.0000000E+00  0.0000000000E+00
310  2.565972811079654E+06  137.390306  6.626981  3.917203  6.4795784E-01  3.5202477E-01  3.4127284E-07  3.7430206E-08  5.1262136E-06  2.1927940E-06  5.1319257E-10  5.4158398E-10  2.9390709E-07  7.5919346E-09  5.617E-10  0.4341  3.917203   -5.639  2.506253  8.416178  0.0000000E+00  1.8863201E-01  3.8020421E-01  3.7127246E-11  1.9782964E-20  4.3097587E-01  6.3568716E-20  2.8247308E-16  1.7334464E-04  5.4066086E-06  3.472E-31  0.000E+00  0.000E+00  1.000E+00  1.000E+00  1.32E+02  0.00E+00  0.00E+00  0.000000  0.781086  0.0000000E+00  0.0000000000E+00
311  2.567429397297828E+06  137.386964  6.627046  3.916115  6.4718322E-01  3.5279956E-01  3.3747000E-07  3.7244593E-08  5.1499262E-06  2.1701326E-06  5.1312498E-10  5.3515170E-10  2.9080917E-07  7.5125302E-09  5.602E-10  0.4328  3.916115   -5.640  2.509555  8.417258  0.0000000E+00  1.8392029E-01  3.7654353E-01  3.4254517E-11  1.6346537E-20  4.3933404E-01  3.9016914E-20  2.8040663E-16  1.8748312E-04  5.2850873E-06  2.631E-31  0.000E+00  0.000E+00  1.000E+00  1.000E+00  1.31E+02  0.00E+00  0.00E+00  0.000000  0.780855  0.0000000E+00  0.0000000000E+00
312  2.568898103161432E+06  137.383600  6.627113  3.915418  6.4636349E-01  3.5361941E-01  3.3344583E-07  3.7048173E-08  5.1750188E-06  2.1461523E-06  5.1305343E-10  5.2834508E-10  2.8753095E-07  7.4285044E-09  5.587E-10  0.4329  3.915418   -5.640  2.512933  8.418360  0.0000000E+00  1.7920856E-01  3.7271973E-01  3.1469663E-11  1.3487285E-20  4.4785391E-01  2.3417208E-20  2.7733222E-16  2.0303519E-04  5.1594281E-06  2.008E-31  0.000E+00  0.000E+00  1.000E+00  1.000E+00  1.31E+02  0.00E+00  0.00E+00  0.000000  0.780605  0.0000000E+00  0.0000000000E+00
313  2.570399696072997E+06  137.380164  6.627188  3.915297  6.4549420E-01  3.5448880E-01  3.2917841E-07  3.6839876E-08  5.2016282E-06  2.1207223E-06  5.1297753E-10  5.2112699E-10  2.8405455E-07  7.3393991E-09  5.571E-10  0.4348  3.915297   -5.640  2.510387  8.417318  0.0000000E+00  1.7449684E-01  3.6872215E-01  2.6715631E-11  1.2291544E-20  4.5654616E-01  1.3716167E-20  2.5687842E-16  2.1999124E-04  5.0302993E-06  1.547E-31  0.000E+00  0.000E+00  1.000E+00  1.000E+00  1.31E+02  0.00E+00  0.00E+00  0.000000  0.780349  0.0000000E+00  0.0000000000E+00
314  2.571962818233145E+06  137.376594  6.627211  3.913193  6.4457571E-01  3.5540739E-01  3.2466983E-07  3.6619805E-08  5.2297415E-06  2.0938551E-06  5.1289734E-10  5.1350098E-10  2.8038169E-07  7.2452579E-09  5.555E-10  0.4301  3.913193   -5.643  2.519133  8.419956  0.0000000E+00  1.6978512E-01  3.6454254E-01  2.5501608E-11  9.7902040E-21  4.6541921E-01  7.9213085E-21  2.6117374E-16  2.3811400E-04  4.8992666E-06  1.208E-31  0.000E+00  0.000E+00  1.000E+00  1.000E+00  1.31E+02  0.00E+00  0.00E+00  0.000000  0.779974  0.0000000E+00  0.0000000000E+00
315  2.573495206422252E+06  137.373106  6.627215  3.912909  6.4366076E-01  3.5632244E-01  3.2017853E-07  3.6400575E-08  5.2577472E-06  2.0670908E-06  5.1281744E-10  5.0590419E-10  2.7672290E-07  7.1514773E-09  5.539E-10  0.4285  3.912909   -5.643  2.523861  8.421407  0.0000000E+00  1.6507340E-01  3.6020651E-01  2.3418622E-11  7.9390825E-21  4.7444635E-01  4.4417768E-21  2.5783928E-16  2.5860348E-04  4.7621952E-06  9.465E-32  0.000E+00  0.000E+00  1.000E+00  1.000E+00  1.30E+02  0.00E+00  0.00E+00  0.000000  0.779567  0.0000000E+00  0.0000000000E+00
316  2.575023601814826E+06  137.369627  6.627189  3.912576  6.4274236E-01  3.5724094E-01  3.1567012E-07  3.6180511E-08  5.2858594E-06  2.0402246E-06  5.1273724E-10  4.9827846E-10  2.7305017E-07  7.0573396E-09  5.522E-10  0.4285  3.912576   -5.643  2.528131  8.422758  0.0000000E+00  1.6036167E-01  3.5569652E-01  2.1292466E-11  6.4920348E-21  4.8364502E-01  2.4194599E-21  2.5261288E-16  2.8149390E-04  4.6200505E-06  7.469E-32  0.000E+00  0.000E+00  1.000E+00  1.000E+00  1.30E+02  0.00E+00  0.00E+00  0.000000  0.779103  0.0000000E+00  0.0000000000E+00
317  2.576562445958538E+06  137.366146  6.627223  3.907615  6.4181617E-01  3.5816733E-01  3.1112348E-07  3.5958578E-08  5.3142100E-06  2.0131305E-06  5.1265635E-10  4.9058806E-10  2.6934629E-07  6.9624035E-09  5.506E-10  0.4244  3.907615   -5.649  2.532254  8.424082  0.0000000E+00  1.5564995E-01  3.5100407E-01  1.9223286E-11  5.3021821E-21  4.9302345E-01  1.2797839E-21  2.4600446E-16  3.0704044E-04  4.4729946E-06  5.943E-32  0.000E+00  0.000E+00  1.000E+00  1.000E+00  1.29E+02  0.00E+00  0.00E+00  0.000000  0.778744  0.0000000E+00  0.0000000000E+00
318  2.578109564921028E+06  137.347327  6.627585  3.933834  6.3677992E-01  3.6320418E-01  2.8640114E-07  3.4751820E-08  5.4683667E-06  1.8658067E-06  5.1221650E-10  4.4877158E-10  2.4920646E-07  6.4461886E-09  5.454E-10  0.4284  3.933834   -5.620  2.536461  8.425448  0.0000000E+00  1.5093823E-01  3.4612398E-01  1.7275545E-11  4.3256683E-21  5.0258652E-01  6.5424992E-22  2.3861419E-16  3.3558390E-04  4.3210486E-06  4.769E-32  0.000E+00  0.000E+00  1.000E+00  1.000E+00  1.37E+02  0.00E+00  0.00E+00  0.000000  0.777110  0.0000000E+00  0.0000000000E+00
319  2.579665040045956E+06  137.343590  6.627574  3.930235  6.3582976E-01  3.6415454E-01  2.8173722E-07  3.4524146E-08  5.4974489E-06  1.8380134E-06  5.1213344E-10  4.4088276E-10  2.4540698E-07  6.3488022E-09  5.438E-10  0.4286  3.930235   -5.624  2.540662  8.426816  0.0000000E+00  1.4622650E-01  3.4105037E-01  1.5420678E-11  3.5248748E-21  5.1233960E-01  3.2268683E-22  2.3010507E-16  3.6755605E-04  4.1641878E-06  3.860E-32  0.000E+00  0.000E+00  1.000E+00  1.000E+00  1.36E+02  0.00E+00  0.00E+00  0.000000  0.776660  0.0000000E+00  0.0000000000E+00
320  2.581234605289719E+06  137.339945  6.627725  3.910149  6.3560342E-01  3.6438088E-01  2.8063012E-07  3.4469881E-08  5.5043560E-06  1.8314112E-06  5.1211248E-10  4.3900954E-10  2.4450439E-07  6.3256665E-09  5.428E-10  0.4288  3.910149   -5.645  2.544960  8.428215  0.0000000E+00  1.4151478E-01  3.3577755E-01  1.3684501E-11  2.8666450E-21  5.2228798E-01  1.5323851E-22  2.2075471E-16  4.0345097E-04  4.0024246E-06  3.154E-32  0.000E+00  0.000E+00  1.000E+00  1.000E+00  1.30E+02  0.00E+00  0.00E+00  0.000000  0.776845  0.0000000E+00  0.0000000000E+00
321  2.582819422648214E+06  137.320972  6.627897  3.902426  6.3446833E-01  3.6551601E-01  2.7507914E-07  3.4197747E-08  5.5389885E-06  1.7983065E-06  5.1200716E-10  4.2961711E-10  2.3997861E-07  6.2096597E-09  5.409E-10  0.4289  3.902426   -5.653  2.549472  8.429687  0.0000000E+00  1.3680306E-01  3.3030033E-01  1.2078483E-11  2.3254714E-21  5.3243615E-01  6.9851735E-23  2.1078299E-16  4.4388162E-04  3.8357623E-06  2.602E-32  0.000E+00  0.000E+00  1.000E+00  1.000E+00  1.27E+02  0.00E+00  0.00E+00  0.000000  0.776720  0.0000000E+00  0.0000000000E+00
322  2.584420032642819E+06  137.255461  6.628033  3.900206  6.3282067E-01  3.6716393E-01  2.6734485E-07  3.3816991E-08  5.5873340E-06  1.7519810E-06  5.1177450E-10  4.1649263E-10  2.3364486E-07  6.0473072E-09  5.385E-10  0.4292  3.900206   -5.654  2.554112  8.431200  0.0000000E+00  1.3209133E-01  3.2461326E-01  1.0580249E-11  1.8821045E-21  5.4278889E-01  3.0460732E-23  1.9992410E-16  4.8958293E-04  3.6642203E-06  2.168E-32  0.000E+00  0.000E+00  1.000E+00  1.000E+00  1.27E+02  0.00E+00  0.00E+00  0.000000  0.776551  0.0000000E+00  0.0000000000E+00
323  2.586036993381698E+06  137.236317  6.628185  3.901551  6.3087364E-01  3.6911096E-01  2.6580932E-07  3.3785901E-08  5.5981174E-06  1.7388760E-06  5.0970992E-10  4.1302495E-10  2.3185530E-07  6.0016650E-09  5.351E-10  0.4293  3.901551   -5.653  2.558911  8.432764  0.0000000E+00  1.2737961E-01  3.1871066E-01  9.2042108E-12  1.5196486E-21  5.5335092E-01  1.2669798E-23  1.8844442E-16  5.4144373E-04  3.4878791E-06  1.824E-32  0.000E+00  0.000E+00  1.000E+00  1.000E+00  1.27E+02  0.00E+00  0.00E+00  0.000000  0.776005  0.0000000E+00  0.0000000000E+00
324  2.587670788129282E+06  137.217111  6.628326  3.907947  6.2849841E-01  3.7148627E-01  2.6441884E-07  3.3774605E-08  5.6083296E-06  1.7255328E-06  5.0707768E-10  4.0955915E-10  2.3003378E-07  5.9552692E-09  5.311E-10  0.4295  3.907947   -5.645  2.563861  8.434378  0.0000000E+00  1.2266789E-01  3.1258785E-01  7.9479571E-12  1.2239255E-21  5.6412585E-01  5.0126093E-24  1.7642100E-16  6.0049061E-04  3.3068548E-06  1.552E-32  0.000E+00  0.000E+00  1.000E+00  1.000E+00  1.29E+02  0.00E+00  0.00E+00  0.000000  0.775235  0.0000000E+00  0.0000000000E+00
325  2.589322355968156E+06  137.197861  6.628555  3.913138  6.2597996E-01  3.7400474E-01  2.6307619E-07  3.3769890E-08  5.6183549E-06  1.7121062E-06  5.0425577E-10  4.0609289E-10  2.2820106E-07  5.9086081E-09  5.268E-10  0.4296  3.913138   -5.639  2.569050  8.436069  0.0000000E+00  1.1795617E-01  3.0623897E-01  6.7984563E-12  9.8301113E-22  5.7511823E-01  1.8820751E-24  1.6377173E-16  6.6800374E-04  3.1213557E-06  1.334E-32  0.000E+00  0.000E+00  1.000E+00  1.000E+00  1.30E+02  0.00E+00  0.00E+00  0.000000  0.774552  0.0000000E+00  0.0000000000E+00
326  2.590991944922438E+06  137.194041  6.628534  3.908199  6.2546761E-01  3.7451719E-01  2.6281243E-07  3.3769451E-08  5.6203371E-06  1.7094259E-06  5.0367940E-10  4.0540256E-10  2.2783524E-07  5.8992955E-09  5.253E-10  0.4296  3.908199   -5.644  2.574401  8.437810  0.0000000E+00  1.1324444E-01  2.9965821E-01  5.7620669E-12  7.8743084E-22  5.8633235E-01  6.7295800E-25  1.5073708E-16  7.4557575E-04  2.9316279E-06  1.159E-32  0.000E+00  0.000E+00  1.000E+00  1.000E+00  1.29E+02  0.00E+00  0.00E+00  0.000000  0.774293  0.0000000E+00  0.0000000000E+00
327  2.592680211043744E+06  137.190249  6.628609  3.900302  6.2495965E-01  3.7502506E-01  2.6255098E-07  3.3769016E-08  5.6223021E-06  1.7067692E-06  5.0310807E-10  4.0471827E-10  2.2747261E-07  5.8900643E-09  5.238E-10  0.4297  3.900302   -5.653  2.579990  8.439629  0.0000000E+00  1.0853272E-01  2.9284042E-01  4.8320772E-12  6.2896123E-22  5.9777142E-01  2.3259101E-25  1.3738367E-16  8.3509358E-04  2.7380422E-06  1.018E-32  0.000E+00  0.000E+00  1.000E+00  1.000E+00  1.27E+02  0.00E+00  0.00E+00  0.000000  0.774204  0.0000000E+00  0.0000000000E+00
328  2.594387731394621E+06  137.039358  6.628463  3.900526  6.2378060E-01  3.7620410E-01  2.6194404E-07  3.3768024E-08  5.6268635E-06  1.7006021E-06  5.0178185E-10  4.0312982E-10  2.2663084E-07  5.8686363E-09  5.213E-10  0.4302  3.900526   -4.520  2.585785  8.441511  0.0000000E+00  1.0382100E-01  2.8577979E-01  4.0035542E-12  5.0092712E-22  6.0943859E-01  8.1308610E-26  1.2380950E-16  9.3898208E-04  2.5410818E-06  9.041E-33  0.000E+00  0.000E+00  1.000E+00  1.000E+00  1.27E+02  0.00E+00  0.00E+00  0.000000  0.774235  0.0000000E+00  0.0000000000E+00
329  2.596118705542584E+06  135.043387  6.627396  3.890574  6.2107643E-01  3.7890837E-01  2.6056404E-07  3.3753624E-08  5.6373333E-06  1.6864459E-06  4.9869681E-10  3.9951559E-10  2.2470021E-07  5.8195370E-09  5.168E-10  0.4366  3.890574   -2.873  2.591778  8.443437  0.0000000E+00  9.9109273E-02  2.7847038E-01  3.2727664E-12  3.9784773E-22  6.2133732E-01  3.1623732E-26  1.1015785E-16  1.0599092E-03  2.3415685E-06  8.118E-33  0.000E+00  0.000E+00  1.000E+00  1.000E+00  1.23E+02  0.00E+00  0.00E+00  0.000000  0.782444  0.0000000E+00  0.0000000000E+00
330  2.597866094406608E+06  134.581209  6.628328  3.903723  6.1377582E-01  3.8620911E-01  2.5684175E-07  3.3712800E-08  5.6655971E-06  1.6482286E-06  4.9036674E-10  3.8975951E-10  2.1948808E-07  5.6869838E-09  5.062E-10  0.4381  3.903723   -5.638  2.598413  8.445598  0.0000000E+00  9.4397550E-02  2.7090838E-01  2.6436107E-12  3.1452532E-22  6.3346676E-01  1.5251398E-26  9.6885534E-17  1.2022468E-03  2.1398219E-06  7.367E-33  0.000E+00  0.000E+00  1.000E+00  1.000E+00  1.26E+02  0.00E+00  0.00E+00  0.000000  0.783276  0.0000000E+00  0.0000000000E+00
331  2.599632125470467E+06  134.545736  6.628724  3.954945  6.0691297E-01  3.9307213E-01  2.5334280E-07  3.3674337E-08  5.6921663E-06  1.6123027E-06  4.8253605E-10  3.8058842E-10  2.1458846E-07  5.5623781E-09  4.963E-10  0.4383  3.954945   -5.583  2.605046  8.447759  0.0000000E+00  8.9685827E-02  2.6308805E-01  2.0953527E-12  2.4814334E-22  6.4582793E-01  9.1291619E-27  8.3698103E-17  1.3706403E-03  1.9369373E-06  6.758E-33  0.000E+00  0.000E+00  1.000E+00  1.000E+00  1.42E+02  0.00E+00  0.00E+00  0.000000  0.780862  0.0000000E+00  0.0000000000E+00
332  2.601420475906323E+06  134.541061  6.628826  3.953619  6.0545845E-01  3.9452665E-01  2.5260123E-07  3.3666183E-08  5.6977974E-06  1.6046884E-06  4.8087640E-10  3.7864469E-10  2.1355003E-07  5.5359691E-09  4.935E-10  0.4383  3.953619   -5.584  2.612000  8.450019  0.0000000E+00  8.4974104E-02  2.5500391E-01  1.6297692E-12  1.9510688E-22  6.5842022E-01  6.1121280E-27  7.0991074E-17  1.5709591E-03  1.7342865E-06  6.265E-33  0.000E+00  0.000E+00  1.000E+00  1.000E+00  1.42E+02  0.00E+00  0.00E+00  0.000000  0.780365  0.0000000E+00  0.0000000000E+00
333  2.603231000985327E+06  134.536361  6.628940  3.949417  6.0415046E-01  3.9583464E-01  2.5193436E-07  3.3658851E-08  5.7028612E-06  1.5978414E-06  4.7938395E-10  3.7689678E-10  2.1261621E-07  5.5122205E-09  4.909E-10  0.4383  3.949417   -5.588  2.619343  8.452403  0.0000000E+00  8.0262381E-02  2.4665247E-01  1.2502351E-12  1.4830963E-22  6.7123893E-01  4.1800594E-27  5.9246768E-17  1.8111230E-03  1.5332807E-06  5.867E-33  0.000E+00  0.000E+00  1.000E+00  1.000E+00  1.40E+02  0.00E+00  0.00E+00  0.000000  0.779962  0.0000000E+00  0.0000000000E+00
334  2.605063650264083E+06  134.531651  6.629041  3.945530  6.0288914E-01  3.9709596E-01  2.5129132E-07  3.3651780E-08  5.7077441E-06  1.5912388E-06  4.7794481E-10  3.7521130E-10  2.1171575E-07  5.4893202E-09  4.883E-10  0.4382  3.945530   -5.592  2.627060  8.454908  0.0000000E+00  7.5550658E-02  2.3803114E-01  9.2339827E-13  1.1832484E-22  6.8427583E-01  2.7918177E-27  4.7914784E-17  2.1015203E-03  1.3355859E-06  5.549E-33  0.000E+00  0.000E+00  1.000E+00  1.000E+00  1.39E+02  0.00E+00  0.00E+00  0.000000  0.779557  0.0000000E+00  0.0000000000E+00
335  2.606919799164386E+06  134.526927  6.629139  3.940505  6.0165159E-01  3.9833361E-01  2.5066035E-07  3.3644843E-08  5.7125354E-06  1.5847602E-06  4.7653268E-10  3.7355745E-10  2.1083219E-07  5.4668497E-09  4.859E-10  0.4382  3.940505   -5.597  2.635240  8.457559  0.0000000E+00  7.0838935E-02  2.2913829E-01  6.6803310E-13  9.1243310E-23  6.9751849E-01  1.7811559E-27  3.7860024E-17  2.4556051E-03  1.1432931E-06  5.296E-33  0.000E+00  0.000E+00  1.000E+00  1.000E+00  1.37E+02  0.00E+00  0.00E+00  0.000000  0.779158  0.0000000E+00  0.0000000000E+00
336  2.608798218853904E+06  134.522214  6.629231  3.932986  6.0042311E-01  3.9956209E-01  2.5003404E-07  3.3637956E-08  5.7172913E-06  1.5783294E-06  4.7513098E-10  3.7191581E-10  2.0995515E-07  5.4445451E-09  4.834E-10  0.4381  3.932986   -5.605  2.643817  8.460341  0.0000000E+00  6.6127212E-02  2.1997522E-01  4.6740955E-13  7.0107897E-23  7.1094617E-01  1.0718696E-27  2.8942468E-17  2.8918656E-03  9.5863424E-07  5.098E-33  0.000E+00  0.000E+00  1.000E+00  1.000E+00  1.35E+02  0.00E+00  0.00E+00  0.000000  0.778752  0.0000000E+00  0.0000000000E+00
337  2.610700665920206E+06  134.517564  6.629387  3.917771  5.9921501E-01  4.0077019E-01  2.4941812E-07  3.3631184E-08  5.7219682E-06  1.5720053E-06  4.7375255E-10  3.7030144E-10  2.0909267E-07  5.4226108E-09  4.809E-10  0.4380  3.917771   -5.621  2.652947  8.463300  0.0000000E+00  6.1415489E-02  2.1054600E-01  3.1491074E-13  5.3646598E-23  7.2452925E-01  6.0125129E-28  2.1306293E-17  3.4344058E-03  7.8428784E-07  4.946E-33  0.000E+00  0.000E+00  1.000E+00  1.000E+00  1.30E+02  0.00E+00  0.00E+00  0.000000  0.778472  0.0000000E+00  0.0000000000E+00
338  2.612625822617790E+06  134.498253  6.629529  3.900537  5.9798483E-01  4.0200037E-01  2.4879090E-07  3.3624304E-08  5.7267308E-06  1.5655656E-06  4.7234890E-10  3.6865751E-10  2.0821442E-07  5.4002752E-09  4.784E-10  0.4379  3.900537   -5.639  2.662583  8.466423  0.0000000E+00  5.6703766E-02  2.0086060E-01  2.0309226E-13  4.0559257E-23  7.3822203E-01  3.1078858E-28  1.5021879E-17  4.1167354E-03  6.2295493E-07  4.831E-33  0.000E+00  0.000E+00  1.000E+00  1.000E+00  1.25E+02  0.00E+00  0.00E+00  0.000000  0.778238  0.0000000E+00  0.0000000000E+00
339  2.614575643516147E+06  133.801668  6.629472  3.902066  5.9345520E-01  4.0653010E-01  2.4642219E-07  3.3619210E-08  5.7443733E-06  1.5417832E-06  4.6723235E-10  3.6248141E-10  2.0498036E-07  5.3182783E-09  4.717E-10  0.4400  3.902066   -5.634  2.672855  8.469745  0.0000000E+00  5.1992043E-02  1.9093551E-01  1.2436393E-13  3.0540756E-23  7.5195995E-01  1.4554064E-28  1.0054788E-17  4.9833431E-03  4.7758734E-07  4.747E-33  0.000E+00  0.000E+00  1.000E+00  1.000E+00  1.25E+02  0.00E+00  0.00E+00  0.000000  0.779970  0.0000000E+00  0.0000000000E+00
340  2.616547128245984E+06  132.977151  6.629406  3.900084  5.8900040E-01  4.1098490E-01  2.4406295E-07  3.3627024E-08  5.7617594E-06  1.5183765E-06  4.6224838E-10  3.5634211E-10  2.0179995E-07  5.2377086E-09  4.651E-10  0.4426  3.900084   -4.493  2.683718  8.473260  0.0000000E+00  4.7280320E-02  1.8080007E-01  7.1694709E-14  2.2657118E-23  7.6564465E-01  6.0824177E-29  6.3511914E-18  6.0974235E-03  3.5072966E-07  4.686E-33  0.000E+00  0.000E+00  1.000E+00  1.000E+00  1.24E+02  0.00E+00  0.00E+00  0.000000  0.782494  0.0000000E+00  0.0000000000E+00
341  2.618772145597871E+06  132.481128  6.629798  3.902242  5.8363620E-01  4.1634930E-01  2.4113422E-07  3.3685127E-08  5.7827501E-06  1.4901824E-06  4.5646585E-10  3.4871264E-10  1.9797312E-07  5.1408786E-09  4.574E-10  0.4416  3.902242   -2.998  2.695416  8.477055  0.0000000E+00  4.2568597E-02  1.7017512E-01  3.8869915E-14  1.5897394E-23  7.7929358E-01  1.0942342E-23  3.8170044E-18  7.7015289E-03  2.5370583E-07  4.876E-33  0.000E+00  0.000E+00  1.000E+00  1.000E+00  1.25E+02  0.00E+00  0.00E+00  0.000000  0.783478  0.0000000E+00  0.0000000000E+00
342  2.620838179531194E+06  132.023107  6.629827  3.901098  5.8035922E-01  4.1962638E-01  2.3922940E-07  3.3783258E-08  5.7956431E-06  1.4729546E-06  4.5324450E-10  3.4374148E-10  1.9563653E-07  5.0817939E-09  4.524E-10  0.4457  3.901098   -5.627  2.707679  8.481034  0.0000000E+00  3.7856874E-02  1.5971755E-01  1.9226346E-14  1.2205956E-23  7.9240231E-01  4.4294093E-24  2.0331220E-18  9.6410493E-03  1.6817668E-07  4.908E-33  0.000E+00  0.000E+00  1.000E+00  1.000E+00  1.24E+02  0.00E+00  0.00E+00  0.000000  0.784621  0.0000000E+00  0.0000000000E+00
343  2.622885967985356E+06  131.813178  6.630046  3.901017  5.7700890E-01  4.2297670E-01  2.3723940E-07  3.3906471E-08  5.8088502E-06  1.4553402E-06  4.5007014E-10  3.3854073E-10  1.9324815E-07  5.0214135E-09  4.474E-10  0.4466  3.901017   -5.625  2.720887  8.485319  0.0000000E+00  3.3145151E-02  1.4931222E-01  8.7208757E-15  9.2095973E-24  8.0484767E-01  2.1630674E-25  1.0053886E-18  1.2126142E-02  1.0285580E-07  4.900E-33  0.000E+00  0.000E+00  1.000E+00  1.000E+00  1.24E+02  0.00E+00  0.00E+00  0.000000  0.784601  0.0000000E+00  0.0000000000E+00
344  2.624934550694552E+06  131.552559  6.630135  3.901079  5.7401565E-01  4.2597005E-01  2.3543886E-07  3.4027150E-08  5.8206659E-06  1.4396014E-06  4.4729303E-10  3.3383519E-10  1.9111461E-07  4.9674897E-09  4.429E-10  0.4484  3.901079   -4.418  2.735148  8.489933  0.0000000E+00  2.8433428E-02  1.3903440E-01  3.6072029E-15  6.8388582E-24  8.1635478E-01  2.0484824E-27  4.5367394E-19  1.5318077E-02  5.7783709E-08  4.884E-33  0.000E+00  0.000E+00  1.000E+00  1.000E+00  1.24E+02  0.00E+00  0.00E+00  0.000000  0.784824  0.0000000E+00  0.0000000000E+00
345  2.626995570823198E+06  131.222745  6.630200  3.900498  5.7029949E-01  4.2968628E-01  2.3317184E-07  3.4185893E-08  5.8353665E-06  1.4200558E-06  4.4392441E-10  3.2791231E-10  1.8846687E-07  4.9006410E-09  4.375E-10  0.4495  3.900498   -5.623  2.751031  8.495089  0.0000000E+00  2.3721705E-02  1.2903106E-01  1.3663215E-15  5.0257040E-24  8.2654873E-01  2.6679609E-29  1.8748053E-19  1.9387522E-02  2.9703756E-08  4.872E-33  0.000E+00  0.000E+00  1.000E+00  1.000E+00  1.24E+02  0.00E+00  0.00E+00  0.000000  0.785057  0.0000000E+00  0.0000000000E+00
346  2.629049895906530E+06  130.866044  6.630484  3.901022  5.6521561E-01  4.3477029E-01  2.2996356E-07  3.4427234E-08  5.8555930E-06  1.3932930E-06  4.3959210E-10  3.1953607E-10  1.8484802E-07  4.8095531E-09  4.307E-10  0.4492  3.901022   -4.203  2.768502  8.500752  0.0000000E+00  1.9009982E-02  1.1950148E-01  4.7706445E-16  3.6762130E-24  8.3499673E-01  1.2293017E-31  7.1467999E-20  2.4488943E-02  1.3906471E-08  4.861E-33  0.000E+00  0.000E+00  1.000E+00  1.000E+00  1.24E+02  0.00E+00  0.00E+00  0.000000  0.785161  0.0000000E+00  0.0000000000E+00
347  2.631104083825595E+06  130.498520  6.630832  3.900299  5.6012187E-01  4.3986413E-01  2.2670229E-07  3.4679173E-08  5.8759096E-06  1.3664684E-06  4.3537789E-10  3.1102279E-10  1.8122342E-07  4.7184443E-09  4.240E-10  0.4485  3.900299   -5.618  2.788531  8.507247  0.0000000E+00  1.4298259E-02  1.1069477E-01  1.5874591E-16  2.5583232E-24  8.4118736E-01  5.0831807E-33  2.6070598E-20  3.0778006E-02  5.9389663E-09  4.851E-33  0.000E+00  0.000E+00  1.000E+00  1.000E+00  1.23E+02  0.00E+00  0.00E+00  0.000000  0.785440  0.0000000E+00  0.0000000000E+00
348  2.633153795861569E+06  130.096050  6.630955  3.902244  5.5551196E-01  4.4447404E-01  2.2339405E-07  3.4974637E-08  5.8947007E-06  1.3421158E-06  4.3265711E-10  3.0235808E-10  1.7794772E-07  4.6371037E-09  4.188E-10  0.4487  3.902244   -5.614  2.812930  8.515164  0.0000000E+00  9.5865363E-03  1.0290428E-01  5.3301375E-17  1.7820646E-24  8.4455126E-01  1.6489627E-34  9.6060942E-21  3.8394770E-02  2.3490110E-09  4.842E-33  0.000E+00  0.000E+00  1.000E+00  1.000E+00  1.24E+02  0.00E+00  0.00E+00  0.000000  0.785763  0.0000000E+00  0.0000000000E+00
349  2.635236876058292E+06  129.767733  6.631145  3.902517  5.5047937E-01  4.4950683E-01  2.1955517E-07  3.5338804E-08  5.9154750E-06  1.3154813E-06  4.3041274E-10  2.9227958E-10  1.7437337E-07  4.5490036E-09  4.138E-10  0.4479  3.902517   -5.611  2.848043  8.526569  0.0000000E+00  4.8748133E-03  9.6513268E-02  2.0828115E-17  1.2833091E-24  8.4432993E-01  2.3501033E-35  4.1210857E-21  4.7551785E-02  8.8772895E-10  4.832E-33  0.000E+00  0.000E+00  1.000E+00  1.000E+00  1.24E+02  0.00E+00  0.00E+00  0.000000  0.785546  0.0000000E+00  0.0000000000E+00
350  2.637916640348196E+06  128.996139  6.631026  3.898533  5.4151960E-01  4.5846680E-01  2.1199716E-07  3.6113809E-08  5.9533008E-06  1.2679029E-06  4.2880904E-10  2.7236258E-10  1.6801194E-07  4.3945202E-09  4.076E-10  0.4330  3.898533   -5.610  2.972385  8.567010  0.0000000E+00  1.6309030E-04  9.2323769E-02  1.6080429E-17  2.2381363E-24  8.3867241E-01  7.8405981E-36  3.8774010E-21  5.9108109E-02  3.5048910E-10  4.819E-33  0.000E+00  0.000E+00  1.000E+00  1.000E+00  1.22E+02  0.00E+00  0.00E+00  0.000000  0.785464  0.0000000E+00  0.0000000000E+00
351  2.637932347976773E+06  128.978515  6.631045  3.900057  5.4124021E-01  4.5874619E-01  2.1175352E-07  3.6139250E-08  5.9544899E-06  1.2664173E-06  4.2878574E-10  2.7171971E-10  1.6781360E-07  4.3897338E-09  4.074E-10  0.4333  3.900057   -3.387  2.974263  8.567624  0.0000000E+00  1.5493579E-04  9.2319839E-02  1.6074531E-17  2.3180276E-24  8.3865422E-01  7.8567609E-36  3.8852557E-21  5.9132478E-02  3.5001441E-10  4.819E-33  0.000E+00  0.000E+00  1.000E+00  1.000E+00  1.23E+02  0.00E+00  0.00E+00  0.000000  0.785463  0.0000000E+00  0.0000000000E+00
352  2.637948508190452E+06  128.975019  6.631046  3.899436  5.4118481E-01  4.5880159E-01  2.1170518E-07  3.6144298E-08  5.9547258E-06  1.2661226E-06  4.2878112E-10  2.7159216E-10  1.6777425E-07  4.3887842E-09  4.074E-10  0.4330  3.899436   -4.799  2.975979  8.568181  0.0000000E+00  1.4678127E-04  9.2315944E-02  1.6132380E-17  2.3844949E-24  8.3863592E-01  7.8735184E-36  3.8987873E-21  5.9156907E-02  3.4954152E-10  4.819E-33  0.000E+00  0.000E+00  1.000E+00  1.000E+00  1.22E+02  0.00E+00  0.00E+00  0.000000  0.785457  0.0000000E+00  0.0000000000E+00
353  2.637965185364033E+06  128.962940  6.631057  3.900255  5.4099167E-01  4.5899473E-01  2.1153674E-07  3.6161887E-08  5.9555479E-06  1.2650955E-06  4.2876501E-10  2.7114770E-10  1.6763713E-07  4.3854750E-09  4.073E-10  0.4320  3.900255   -4.064  2.977904  8.568809  0.0000000E+00  1.3862676E-04  9.2312088E-02  1.6236518E-17  2.4403286E-24  8.3861753E-01  7.8921104E-36  3.9182377E-21  5.9181407E-02  3.4907080E-10  4.819E-33  0.000E+00  0.000E+00  1.000E+00  1.000E+00  1.23E+02  0.00E+00  0.00E+00  0.000000  0.785452  0.0000000E+00  0.0000000000E+00
354  2.637982447307021E+06  128.954282  6.631062  3.900512  5.4085325E-01  4.5913320E-01  2.1141602E-07  3.6174493E-08  5.9561371E-06  1.2643593E-06  4.2875346E-10  2.7082915E-10  1.6753885E-07  4.3831033E-09  4.072E-10  0.4299  3.900512   -4.286  2.980022  8.569502  0.0000000E+00  1.3047224E-04  9.2308276E-02  1.6371753E-17  2.4883388E-24  8.3859901E-01  7.9121357E-36  3.9436369E-21  5.9205985E-02  3.4860243E-10  4.819E-33  0.000E+00  0.000E+00  1.000E+00  1.000E+00  1.22E+02  0.00E+00  0.00E+00  0.000000  0.785444  0.0000000E+00  0.0000000000E+00
355  2.638000289243330E+06  128.945222  6.631071  3.900851  5.4068564E-01  4.5930082E-01  2.1126979E-07  3.6189507E-08  5.9568512E-06  1.2634675E-06  4.2874031E-10  2.7044339E-10  1.6741987E-07  4.3802443E-09  4.072E-10  0.4280  3.900851   -4.420  2.982221  8.570221  0.0000000E+00  1.2231773E-04  9.2304508E-02  1.6525546E-17  2.5307648E-24  8.3858037E-01  7.9328971E-36  3.9749343E-21  5.9230644E-02  3.4813649E-10  4.819E-33  0.000E+00  0.000E+00  1.000E+00  1.000E+00  1.22E+02  0.00E+00  0.00E+00  0.000000  0.785429  0.0000000E+00  0.0000000000E+00
356  2.638018866566774E+06  128.934184  6.631081  3.901516  5.4048130E-01  4.5950510E-01  2.1109152E-07  3.6207809E-08  5.9577219E-06  1.2623803E-06  4.2872428E-10  2.6997314E-10  1.6727483E-07  4.3767591E-09  4.071E-10  0.4281  3.901516   -4.129  2.984528  8.570975  0.0000000E+00  1.1416321E-04  9.2300787E-02  1.6693578E-17  2.5701706E-24  8.3856161E-01  7.9542958E-36  4.0121267E-21  5.9255385E-02  3.4767303E-10  4.819E-33  0.000E+00  0.000E+00  1.000E+00  1.000E+00  1.23E+02  0.00E+00  0.00E+00  0.000000  0.785411  0.0000000E+00  0.0000000000E+00
357  2.638038370857326E+06  128.924931  6.631089  3.901932  5.4029673E-01  4.5968967E-01  2.1093042E-07  3.6224225E-08  5.9585088E-06  1.2613977E-06  4.2871019E-10  2.6954823E-10  1.6714379E-07  4.3736163E-09  4.070E-10  0.4277  3.901932   -4.358  2.986979  8.571777  0.0000000E+00  1.0600870E-04  9.2297113E-02  1.6879492E-17  2.6087596E-24  8.3854272E-01  7.9764788E-36  4.0554338E-21  5.9280214E-02  3.4721216E-10  4.819E-33  0.000E+00  0.000E+00  1.000E+00  1.000E+00  1.23E+02  0.00E+00  0.00E+00  0.000000  0.785388  0.0000000E+00  0.0000000000E+00
358  2.638080239104916E+06  128.914726  6.631085  3.901155  5.4009317E-01  4.5989323E-01  2.1075273E-07  3.6242332E-08  5.9593768E-06  1.2603140E-06  4.2869465E-10  2.6907953E-10  1.6699926E-07  4.3701496E-09  4.069E-10  0.4276  3.901155   -5.609  2.992333  8.573528  0.0000000E+00  8.9699667E-05  9.2289913E-02  1.7307053E-17  2.6879894E-24  8.3850453E-01  8.0242194E-36  4.1615904E-21  5.9330148E-02  3.4629846E-10  4.819E-33  0.000E+00  0.000E+00  1.000E+00  1.000E+00  1.23E+02  0.00E+00  0.00E+00  0.000000  0.785340  0.0000000E+00  0.0000000000E+00
359  2.638104561698692E+06  128.895094  6.631110  3.903055  5.3970075E-01  4.6028565E-01  2.1041026E-07  3.6277229E-08  5.9610499E-06  1.2582252E-06  4.2866471E-10  2.6817622E-10  1.6672068E-07  4.3634683E-09  4.067E-10  0.4228  3.903055   -3.422  2.995483  8.574557  0.0000000E+00  8.1545152E-05  9.2286309E-02  1.7150787E-17  2.8431816E-24  8.3848544E-01  8.0484441E-36  4.1898019E-21  5.9355113E-02  3.4584395E-10  4.819E-33  0.000E+00  0.000E+00  1.000E+00  1.000E+00  1.23E+02  0.00E+00  0.00E+00  0.000000  0.785304  0.0000000E+00  0.0000000000E+00
360  2.638131513011207E+06  128.891077  6.631099  3.902178  5.3962047E-01  4.6036593E-01  2.1034019E-07  3.6284370E-08  5.9613922E-06  1.2577978E-06  4.2865858E-10  2.6799139E-10  1.6666368E-07  4.3621013E-09  4.067E-10  0.4269  3.902178   -5.604  2.999015  8.575710  0.0000000E+00  7.3390638E-05  9.2282736E-02  1.7140948E-17  3.0111355E-24  8.3846627E-01  8.0868741E-36  4.2194427E-21  5.9380139E-02  3.4539188E-10  4.818E-33  0.000E+00  0.000E+00  1.000E+00  1.000E+00  1.23E+02  0.00E+00  0.00E+00  0.000000  0.785267  0.0000000E+00  0.0000000000E+00
361  2.638160439808384E+06  128.883698  6.631096  3.901479  5.3948352E-01  4.6050291E-01  2.1022065E-07  3.6296516E-08  5.9619763E-06  1.2570686E-06  4.2864822E-10  2.6767611E-10  1.6656645E-07  4.3597710E-09  4.066E-10  0.4270  3.901479   -4.795  3.002862  8.576968  0.0000000E+00  6.5236123E-05  9.2279232E-02  1.7339218E-17  3.1514069E-24  8.3844690E-01  8.1356322E-36  4.2661239E-21  5.9405300E-02  3.4494354E-10  4.818E-33  0.000E+00  0.000E+00  1.000E+00  1.000E+00  1.23E+02  0.00E+00  0.00E+00  0.000000  0.785237  0.0000000E+00  0.0000000000E+00
362  2.638191720682198E+06  128.867325  6.631101  3.902248  5.3917987E-01  4.6080663E-01  2.0995559E-07  3.6323448E-08  5.9632713E-06  1.2554519E-06  4.2862523E-10  2.6697704E-10  1.6635086E-07  4.3546041E-09  4.065E-10  0.4250  3.902248   -4.807  3.007079  8.578346  0.0000000E+00  5.7081608E-05  9.2275793E-02  1.7631982E-17  3.2806204E-24  8.3842736E-01  8.1918597E-36  4.3286534E-21  5.9430585E-02  3.4449862E-10  4.818E-33  0.000E+00  0.000E+00  1.000E+00  1.000E+00  1.23E+02  0.00E+00  0.00E+00  0.000000  0.785191  0.0000000E+00  0.0000000000E+00
363  2.638264835532975E+06  128.843087  6.631081  3.901032  5.3878326E-01  4.6120314E-01  2.0960943E-07  3.6358410E-08  5.9649631E-06  1.2533402E-06  4.2859573E-10  2.6606429E-10  1.6606934E-07  4.3478677E-09  4.064E-10  0.4217  3.901032   -5.442  3.019988  8.581733  0.0000000E+00  4.0772579E-05  9.2269139E-02  1.8475755E-17  3.5495167E-24  8.3838765E-01  8.3340299E-36  4.5149178E-21  5.9481595E-02  3.4362077E-10  4.818E-33  0.000E+00  0.000E+00  1.000E+00  1.000E+00  1.23E+02  0.00E+00  0.00E+00  0.000000  0.785100  0.0000000E+00  0.0000000000E+00
364  2.638309417959912E+06  128.819553  6.631051  3.900745  5.3853130E-01  4.6145520E-01  2.0938933E-07  3.6380663E-08  5.9660384E-06  1.2519981E-06  4.2857705E-10  2.6548411E-10  1.6589041E-07  4.3435860E-09  4.063E-10  0.4190  3.900745   -5.384  3.026562  8.583884  0.0000000E+00  3.2618064E-05  9.2265945E-02  1.9061108E-17  3.7189099E-24  8.3836742E-01  8.4269966E-36  4.6506943E-21  5.9507365E-02  3.4318911E-10  4.818E-33  0.000E+00  0.000E+00  1.000E+00  1.000E+00  1.23E+02  0.00E+00  0.00E+00  0.000000  0.785062  0.0000000E+00  0.0000000000E+00
365  2.638374059677215E+06  128.785267  6.631036  3.901044  5.3800270E-01  4.6198370E-01  2.0892794E-07  3.6427269E-08  5.9682932E-06  1.2491835E-06  4.2853774E-10  2.6426755E-10  1.6551519E-07  4.3346074E-09  4.061E-10  0.4151  3.901044   -5.568  3.035646  8.586840  0.0000000E+00  2.4463549E-05  9.2262648E-02  1.8371238E-17  4.4996608E-24  8.3834745E-01  8.5450657E-36  4.6945542E-21  5.9532979E-02  3.4275692E-10  4.817E-33  0.000E+00  0.000E+00  1.000E+00  1.000E+00  1.23E+02  0.00E+00  0.00E+00  0.000000  0.784973  0.0000000E+00  0.0000000000E+00
366  2.638458173436823E+06  128.725347  6.630876  3.896449  5.3796511E-01  4.6202139E-01  2.0889450E-07  3.6430819E-08  5.9684544E-06  1.2489829E-06  4.2853534E-10  2.6418054E-10  1.6548846E-07  4.3339675E-09  4.060E-10  0.4096  3.896449   -3.846  3.048055  8.590884  0.0000000E+00  1.6309034E-05  9.2259489E-02  1.8989143E-17  5.2835721E-24  8.3832711E-01  8.7776437E-36  4.8161998E-21  5.9558880E-02  3.4233257E-10  4.817E-33  0.000E+00  0.000E+00  1.000E+00  1.000E+00  1.21E+02  0.00E+00  0.00E+00  0.000000  0.785029  0.0000000E+00  0.0000000000E+00
367  2.638583169387888E+06  128.629851  6.630868  3.896552  5.3658973E-01  4.6339677E-01  2.0769380E-07  3.6551865E-08  5.9743228E-06  1.2416581E-06  4.2843341E-10  2.6101494E-10  1.6451203E-07  4.3106134E-09  4.055E-10  0.4020  3.896552   -4.533  3.068920  8.597720  0.0000000E+00  8.1545194E-06  9.2256522E-02  2.0740868E-17  6.4066169E-24  8.3830620E-01  9.1782646E-36  5.0849785E-21  5.9585194E-02  3.4191968E-10  4.816E-33  0.000E+00  0.000E+00  1.000E+00  1.000E+00  1.21E+02  0.00E+00  0.00E+00  0.000000  0.784895  0.0000000E+00  0.0000000000E+00
368  2.641397634154923E+06  123.006720  6.634848  3.883537  4.5946490E-01  5.4052330E-01  1.5371708E-07  3.6998008E-08  6.3075975E-06  8.1356258E-07  3.8796690E-10  1.2135878E-10  1.0963619E-07  3.2347049E-09  6.018E-10  0.0000  3.883537   -5.051  3.565729  8.756790  0.0000000E+00  2.3066070E-15  9.2254477E-02  2.4035439E-17  8.5506499E-24  8.3828241E-01  9.7435322E-36  5.5018574E-21  5.9613909E-02  3.4164790E-10  4.816E-33  0.000E+00  0.000E+00  1.000E+00  1.000E+00  1.15E+02  0.00E+00  0.00E+00  0.000000  0.786757  0.0000000E+00  0.0000000000E+00
369  2.642164375974952E+06  121.212762  6.635166  3.875238  4.3830310E-01  5.6168560E-01  1.4211256E-07  3.6022394E-08  6.4030521E-06  6.8739591E-07  3.6616258E-10  9.2724222E-11  9.4514619E-08  3.0173788E-09  7.214E-10  0.0000  3.875238   -2.602  3.971873  8.855804  0.0000000E+00  8.2481920E-14  9.2231357E-02  2.4035439E-17  8.5506499E-24  8.3826738E-01  9.7435322E-36  5.5018574E-21  5.9651518E-02  3.4164790E-10  4.816E-33  0.000E+00  0.000E+00  1.000E+00  1.000E+00  1.12E+02  0.00E+00  0.00E+00  0.000000  0.787401  0.0000000E+00  0.0000000000E+00
370  2.642207275497001E+06  121.122345  6.636406  3.902991  4.3676340E-01  5.6322520E-01  1.4131792E-07  3.5933540E-08  6.4101680E-06  6.7794932E-07  3.6435012E-10  9.0782448E-11  9.3412353E-08  3.0034918E-09  7.315E-10  0.0000  3.902991   -5.559  4.473724  8.964893  0.0000000E+00  4.6760940E-12  8.9233081E-02  2.4035439E-17  8.5506499E-24  8.3630485E-01  9.7435322E-36  5.5018574E-21  6.4560824E-02  3.4164790E-10  4.816E-33  0.000E+00  0.000E+00  1.000E+00  1.000E+00  1.19E+02  0.00E+00  0.00E+00  0.000000  0.789395  0.0000000E+00  0.0000000000E+00
371  2.642208067442290E+06  121.122343  6.636715  3.910426  4.3676340E-01  5.6322530E-01  1.4131788E-07  3.5933536E-08  6.4101683E-06  6.7794892E-07  3.6435004E-10  9.0782365E-11  9.3412305E-08  3.0034912E-09  7.315E-10  0.0000  3.910426   -5.551  4.592742  8.992450  0.0000000E+00  1.1693301E-11  8.3284209E-02  2.4035439E-17  8.5506499E-24  8.3241763E-01  9.7435322E-36  5.5018574E-21  7.4285630E-02  3.4164790E-10  4.816E-33  0.000E+00  0.000E+00  1.000E+00  1.000E+00  1.21E+02  0.00E+00  0.00E+00  0.000000  0.789957  0.0000000E+00  0.0000000000E+00
372  2.642208192969838E+06  121.122343  6.636799  3.912522  4.3676340E-01  5.6322530E-01  1.4131788E-07  3.5933535E-08  6.4101684E-06  6.7794885E-07  3.6435003E-10  9.0782352E-11  9.3412298E-08  3.0034911E-09  7.315E-10  0.0000  3.912522   -5.548  4.623725  8.999877  0.0000000E+00  1.4621193E-11  8.0309773E-02  2.4035439E-17  8.5506499E-24  8.3047816E-01  9.7435322E-36  5.5018574E-21  7.9137885E-02  3.4164790E-10  4.816E-33  0.000E+00  0.000E+00  1.000E+00  1.000E+00  1.22E+02  0.00E+00  0.00E+00  0.000000  0.790110  0.0000000E+00  0.0000000000E+00
373  2.642208342392663E+06  121.122342  6.636921  3.916222  4.3676340E-01  5.6322530E-01  1.4131787E-07  3.5933535E-08  6.4101684E-06  6.7794877E-07  3.6435001E-10  9.0782336E-11  9.3412289E-08  3.0034910E-09  7.315E-10  0.0000  3.916222   -5.544  4.670122  9.011194  0.0000000E+00  1.8563352E-11  7.4360901E-02  2.4035439E-17  8.5506499E-24  8.2661169E-01  9.7435322E-36  5.5018574E-21  8.8811523E-02  3.4164790E-10  4.816E-33  0.000E+00  0.000E+00  1.000E+00  1.000E+00  1.23E+02  0.00E+00  0.00E+00  0.000000  0.790332  0.0000000E+00  0.0000000000E+00
374  2.642208393114326E+06  121.122342  6.636973  3.917779  4.3676330E-01  5.6322530E-01  1.4131787E-07  3.5933534E-08  6.4101684E-06  6.7794875E-07  3.6435001E-10  9.0782330E-11  9.3412286E-08  3.0034910E-09  7.315E-10  0.0000  3.917779   -5.542  4.689418  9.015974  0.0000000E+00  2.0247580E-11  7.1386465E-02  2.4035439E-17  8.5506499E-24  8.2468591E-01  9.7435322E-36  5.5018574E-21  9.3629766E-02  3.4164790E-10  4.816E-33  0.000E+00  0.000E+00  1.000E+00  1.000E+00  1.23E+02  0.00E+00  0.00E+00  0.000000  0.790427  0.0000000E+00  0.0000000000E+00
375  2.642208434317663E+06  121.122342  6.637020  3.919167  4.3676330E-01  5.6322530E-01  1.4131787E-07  3.5933534E-08  6.4101685E-06  6.7794873E-07  3.6435000E-10  9.0782326E-11  9.3412283E-08  3.0034909E-09  7.315E-10  0.0000  3.919167   -5.540  4.706752  9.020287  0.0000000E+00  2.1681753E-11  6.8412029E-02  2.4035439E-17  8.5506499E-24  8.2276527E-01  9.7435322E-36  5.5018574E-21  9.8435260E-02  3.4164790E-10  4.816E-33  0.000E+00  0.000E+00  1.000E+00  1.000E+00  1.24E+02  0.00E+00  0.00E+00  0.000000  0.790511  0.0000000E+00  0.0000000000E+00
376  2.642208468589652E+06  121.122342  6.637064  3.920491  4.3676330E-01  5.6322530E-01  1.4131787E-07  3.5933534E-08  6.4101685E-06  6.7794871E-07  3.6435000E-10  9.0782322E-11  9.3412281E-08  3.0034909E-09  7.315E-10  0.0000  3.920491   -5.539  4.722875  9.024348  0.0000000E+00  2.2952501E-11  6.5437593E-02  2.4035439E-17  8.5506499E-24  8.2084986E-01  9.7435322E-36  5.5018574E-21  1.0322767E-01  3.4164790E-10  4.816E-33  0.000E+00  0.000E+00  1.000E+00  1.000E+00  1.24E+02  0.00E+00  0.00E+00  0.000000  0.790592  0.0000000E+00  0.0000000000E+00
377  2.642208497727653E+06  121.122342  6.637106  3.921733  4.3676330E-01  5.6322530E-01  1.4131786E-07  3.5933534E-08  6.4101685E-06  6.7794869E-07  3.6435000E-10  9.0782319E-11  9.3412279E-08  3.0034909E-09  7.315E-10  0.0000  3.921733   -5.538  4.737910  9.028162  0.0000000E+00  2.4010368E-11  6.2463157E-02  2.4035439E-17  8.5506499E-24  8.1893985E-01  9.7435322E-36  5.5018574E-21  1.0800668E-01  3.4164790E-10  4.816E-33  0.000E+00  0.000E+00  1.000E+00  1.000E+00  1.24E+02  0.00E+00  0.00E+00  0.000000  0.790668  0.0000000E+00  0.0000000000E+00
378  2.642208522943439E+06  121.122342  6.637145  3.922911  4.3676330E-01  5.6322530E-01  1.4131786E-07  3.5933534E-08  6.4101685E-06  6.7794868E-07  3.6434999E-10  9.0782316E-11  9.3412277E-08  3.0034909E-09  7.315E-10  0.0000  3.922911   -5.536  4.752092  9.031780  0.0000000E+00  2.4851838E-11  5.9488721E-02  2.4035439E-17  8.5506499E-24  8.1703535E-01  9.7435322E-36  5.5018574E-21  1.1277194E-01  3.4164790E-10  4.816E-33  0.000E+00  0.000E+00  1.000E+00  1.000E+00  1.25E+02  0.00E+00  0.00E+00  0.000000  0.790740  0.0000000E+00  0.0000000000E+00
379  2.642208545042494E+06  121.122342  6.637182  3.923998  4.3676330E-01  5.6322530E-01  1.4131786E-07  3.5933534E-08  6.4101685E-06  6.7794867E-07  3.6434999E-10  9.0782314E-11  9.3412276E-08  3.0034908E-09  7.315E-10  0.0000  3.923998   -5.535  4.765411  9.035177  0.0000000E+00  2.5411491E-11  5.6514285E-02  2.4035439E-17  8.5506499E-24  8.1513654E-01  9.7435322E-36  5.5018574E-21  1.1752300E-01  3.4164790E-10  4.816E-33  0.000E+00  0.000E+00  1.000E+00  1.000E+00  1.25E+02  0.00E+00  0.00E+00  0.000000  0.790807  0.0000000E+00  0.0000000000E+00
380  2.642208564714263E+06  121.122342  6.637219  3.925086  4.3676330E-01  5.6322530E-01  1.4131786E-07  3.5933533E-08  6.4101685E-06  6.7794866E-07  3.6434999E-10  9.0782311E-11  9.3412275E-08  3.0034908E-09  7.315E-10  0.0000  3.925086   -5.534  4.778392  9.038517  0.0000000E+00  2.5807196E-11  5.3539849E-02  2.4035439E-17  8.5506499E-24  8.1324357E-01  9.7435322E-36  5.5018574E-21  1.2225950E-01  3.4164790E-10  4.816E-33  0.000E+00  0.000E+00  1.000E+00  1.000E+00  1.25E+02  0.00E+00  0.00E+00  0.000000  0.790874  0.0000000E+00  0.0000000000E+00
381  2.642208598465612E+06  121.122342  6.637289  3.927148  4.3676330E-01  5.6322530E-01  1.4131786E-07  3.5933533E-08  6.4101685E-06  6.7794864E-07  3.6434999E-10  9.0782308E-11  9.3412273E-08  3.0034908E-09  7.315E-10  0.0000  3.927148   -5.531  4.803146  9.044895  0.0000000E+00  2.5876304E-11  4.7590977E-02  2.4035439E-17  8.5506499E-24  8.0947593E-01  9.7435322E-36  5.5018574E-21  1.3168677E-01  3.4164790E-10  4.816E-33  0.000E+00  0.000E+00  1.000E+00  1.000E+00  1.26E+02  0.00E+00  0.00E+00  0.000000  0.791001  0.0000000E+00  0.0000000000E+00
382  2.642208613222735E+06  121.122342  6.637322  3.928133  4.3676330E-01  5.6322530E-01  1.4131786E-07  3.5933533E-08  6.4101685E-06  6.7794863E-07  3.6434998E-10  9.0782306E-11  9.3412272E-08  3.0034908E-09  7.315E-10  0.0000  3.928133   -5.530  4.815119  9.047973  0.0000000E+00  2.5541702E-11  4.4616541E-02  2.4035439E-17  8.5506499E-24  8.0760167E-01  9.7435322E-36  5.5018574E-21  1.3637653E-01  3.4164790E-10  4.816E-33  0.000E+00  0.000E+00  1.000E+00  1.000E+00  1.26E+02  0.00E+00  0.00E+00  0.000000  0.791063  0.0000000E+00  0.0000000000E+00
383  2.642208626891940E+06  121.122342  6.637356  3.929151  4.3676330E-01  5.6322530E-01  1.4131786E-07  3.5933533E-08  6.4101685E-06  6.7794862E-07  3.6434998E-10  9.0782305E-11  9.3412271E-08  3.0034908E-09  7.315E-10  0.0000  3.929151   -5.529  4.827201  9.051094  0.0000000E+00  2.5044340E-11  4.1642104E-02  2.4035439E-17  8.5506499E-24  8.0573410E-01  9.7435322E-36  5.5018574E-21  1.4104959E-01  3.4164790E-10  4.816E-33  0.000E+00  0.000E+00  1.000E+00  1.000E+00  1.26E+02  0.00E+00  0.00E+00  0.000000  0.791125  0.0000000E+00  0.0000000000E+00
384  2.642208639849045E+06  121.122342  6.637390  3.930149  4.3676330E-01  5.6322530E-01  1.4131786E-07  3.5933533E-08  6.4101685E-06  6.7794861E-07  3.6434998E-10  9.0782303E-11  9.3412270E-08  3.0034908E-09  7.315E-10  0.0000  3.930149   -5.528  4.839355  9.054205  0.0000000E+00  2.3720658E-11  3.8667668E-02  2.4035439E-17  8.5506499E-24  8.0387346E-01  9.7435322E-36  5.5018574E-21  1.4570525E-01  3.4164790E-10  4.816E-33  0.000E+00  0.000E+00  1.000E+00  1.000E+00  1.27E+02  0.00E+00  0.00E+00  0.000000  0.791187  0.0000000E+00  0.0000000000E+00
385  2.642208652120717E+06  121.122341  6.637426  3.931178  4.3676330E-01  5.6322530E-01  1.4131786E-07  3.5933533E-08  6.4101686E-06  6.7794861E-07  3.6434998E-10  9.0782302E-11  9.3412269E-08  3.0034908E-09  7.315E-10  0.0000  3.931178   -5.527  4.851923  9.057427  0.0000000E+00  2.2867146E-11  3.5693232E-02  2.4035439E-17  8.5506499E-24  8.0202012E-01  9.7435322E-36  5.5018574E-21  1.5034256E-01  3.4164790E-10  4.816E-33  0.000E+00  0.000E+00  1.000E+00  1.000E+00  1.27E+02  0.00E+00  0.00E+00  0.000000  0.791251  0.0000000E+00  0.0000000000E+00
386  2.642208663739158E+06  121.122341  6.637461  3.932212  4.3676330E-01  5.6322530E-01  1.4131786E-07  3.5933533E-08  6.4101686E-06  6.7794860E-07  3.6434998E-10  9.0782300E-11  9.3412269E-08  3.0034907E-09  7.315E-10  0.0000  3.932212   -5.526  4.864579  9.060641  0.0000000E+00  2.1749260E-11  3.2718796E-02  2.4035439E-17  8.5506499E-24  8.0017443E-01  9.7435322E-36  5.5018574E-21  1.5496071E-01  3.4164790E-10  4.816E-33  0.000E+00  0.000E+00  1.000E+00  1.000E+00  1.27E+02  0.00E+00  0.00E+00  0.000000  0.791316  0.0000000E+00  0.0000000000E+00
387  2.642208674825289E+06  121.122341  6.637498  3.933313  4.3676330E-01  5.6322530E-01  1.4131786E-07  3.5933533E-08  6.4101686E-06  6.7794860E-07  3.6434998E-10  9.0782299E-11  9.3412268E-08  3.0034907E-09  7.315E-10  0.0000  3.933313   -5.524  4.877798  9.063998  0.0000000E+00  2.0473954E-11  2.9744360E-02  2.4035439E-17  8.5506499E-24  7.9833678E-01  9.7435322E-36  5.5018574E-21  1.5955859E-01  3.4164790E-10  4.816E-33  0.000E+00  0.000E+00  1.000E+00  1.000E+00  1.28E+02  0.00E+00  0.00E+00  0.000000  0.791384  0.0000000E+00  0.0000000000E+00
388  2.642208685517868E+06  121.122341  6.637536  3.934417  4.3676330E-01  5.6322530E-01  1.4131786E-07  3.5933533E-08  6.4101686E-06  6.7794859E-07  3.6434998E-10  9.0782298E-11  9.3412267E-08  3.0034907E-09  7.315E-10  0.0000  3.934417   -5.523  4.891433  9.067419  0.0000000E+00  1.8953836E-11  2.6769924E-02  2.4035439E-17  8.5506499E-24  7.9650760E-01  9.7435322E-36  5.5018574E-21  1.6413510E-01  3.4164790E-10  4.816E-33  0.000E+00  0.000E+00  1.000E+00  1.000E+00  1.28E+02  0.00E+00  0.00E+00  0.000000  0.791452  0.0000000E+00  0.0000000000E+00
389  2.642208695897566E+06  121.122341  6.637586  3.935216  4.3676330E-01  5.6322530E-01  1.4131786E-07  3.5933533E-08  6.4101686E-06  6.7794858E-07  3.6434997E-10  9.0782297E-11  9.3412266E-08  3.0034907E-09  7.315E-10  0.0000  3.935216   -5.522  4.906086  9.071094  0.0000000E+00  1.7302729E-11  2.3795488E-02  2.4035439E-17  8.5506499E-24  7.9468751E-01  9.7435322E-36  5.5018574E-21  1.6868860E-01  3.4164790E-10  4.816E-33  0.000E+00  0.000E+00  1.000E+00  1.000E+00  1.28E+02  0.00E+00  0.00E+00  0.000000  0.791544  0.0000000E+00  0.0000000000E+00
390  2.642208706123506E+06  121.122341  6.637640  3.936027  4.3676330E-01  5.6322530E-01  1.4131785E-07  3.5933533E-08  6.4101686E-06  6.7794858E-07  3.6434997E-10  9.0782296E-11  9.3412266E-08  3.0034907E-09  7.315E-10  0.0000  3.936027   -5.521  4.921814  9.074993  0.0000000E+00  1.5459000E-11  2.0821052E-02  2.4035439E-17  8.5506499E-24  7.9287709E-01  9.7435322E-36  5.5018574E-21  1.7321747E-01  3.4164790E-10  4.816E-33  0.000E+00  0.000E+00  1.000E+00  1.000E+00  1.28E+02  0.00E+00  0.00E+00  0.000000  0.791641  0.0000000E+00  0.0000000000E+00
391  2.642208716303072E+06  121.122341  6.637694  3.936856  4.3676330E-01  5.6322530E-01  1.4131785E-07  3.5933533E-08  6.4101686E-06  6.7794857E-07  3.6434997E-10  9.0782295E-11  9.3412265E-08  3.0034907E-09  7.315E-10  0.0000  3.936856   -5.520  4.938946  9.079180  0.0000000E+00  1.3423485E-11  1.7846616E-02  2.4035439E-17  8.5506499E-24  7.9107724E-01  9.7435322E-36  5.5018574E-21  1.7771923E-01  3.4164790E-10  4.816E-33  0.000E+00  0.000E+00  1.000E+00  1.000E+00  1.29E+02  0.00E+00  0.00E+00  0.000000  0.791741  0.0000000E+00  0.0000000000E+00
392  2.642208737249729E+06  121.122341  6.637816  3.939535  4.3676330E-01  5.6322530E-01  1.4131785E-07  3.5933532E-08  6.4101686E-06  6.7794856E-07  3.6434997E-10  9.0782292E-11  9.3412264E-08  3.0034907E-09  7.315E-10  0.0000  3.939535   -5.517  4.981065  9.089352  0.0000000E+00  9.0164875E-12  1.1897744E-02  2.4035439E-17  8.5506499E-24  7.8751405E-01  9.7435322E-36  5.5018574E-21  1.8662748E-01  3.4164790E-10  4.816E-33  0.000E+00  0.000E+00  1.000E+00  1.000E+00  1.29E+02  0.00E+00  0.00E+00  0.000000  0.791963  0.0000000E+00  0.0000000000E+00
393  2.642208748569682E+06  121.122341  6.637886  3.941706  4.3676330E-01  5.6322530E-01  1.4131785E-07  3.5933532E-08  6.4101686E-06  6.7794855E-07  3.6434997E-10  9.0782291E-11  9.3412263E-08  3.0034907E-09  7.315E-10  0.0000  3.941706   -5.514  5.008900  9.095953  0.0000000E+00  6.6796793E-12  8.9233081E-03  2.4035439E-17  8.5506499E-24  7.8575470E-01  9.7435322E-36  5.5018574E-21  1.9102180E-01  3.4164790E-10  4.816E-33  0.000E+00  0.000E+00  1.000E+00  1.000E+00  1.30E+02  0.00E+00  0.00E+00  0.000000  0.792090  0.0000000E+00  0.0000000000E+00
394  2.642208779617335E+06  121.122341  6.638159  3.950183  4.3676330E-01  5.6322530E-01  1.4131785E-07  3.5933532E-08  6.4101686E-06  6.7794854E-07  3.6434997E-10  9.0782287E-11  9.3412261E-08  3.0034907E-09  7.315E-10  0.0000  3.950183   -5.505  5.120119  9.121849  0.0000000E+00  2.1347645E-12  2.9744360E-03  2.4035439E-17  8.5506499E-24  7.8231244E-01  9.7435322E-36  5.5018574E-21  1.9958542E-01  3.4164790E-10  4.816E-33  0.000E+00  0.000E+00  1.000E+00  1.000E+00  1.33E+02  0.00E+00  0.00E+00  0.000000  0.792589  0.0000000E+00  0.0000000000E+00
395  2.642208813091868E+06  121.122341  6.638968  3.975772  4.3676330E-01  5.6322530E-01  1.4131785E-07  3.5933532E-08  6.4101686E-06  6.7794852E-07  3.6434996E-10  9.0782283E-11  9.3412259E-08  3.0034906E-09  7.315E-10  0.0000  3.975772   -5.476  5.454630  9.204670  0.0000000E+00  1.4003520E-10  7.2875815E-05  2.4035439E-17  8.5506499E-24  8.1868258E-01  9.7435322E-36  5.5018574E-21  1.1222788E-01  3.4164790E-10  4.816E-33  0.000E+00  0.000E+00  1.000E+00  1.000E+00  1.41E+02  0.00E+00  0.00E+00  0.000000  0.794067  0.0000000E+00  0.0000000000E+00
396  2.642208822002277E+06  121.122341  6.639961  4.006169  4.3676330E-01  5.6322530E-01  1.4131785E-07  3.5933532E-08  6.4101686E-06  6.7794852E-07  3.6434996E-10  9.0782283E-11  9.3412259E-08  3.0034906E-09  7.315E-10  0.0000  4.006169   -6.569  5.977077  9.342914  0.0000000E+00  9.0866420E-11  1.4477811E-07  2.4035439E-17  8.5506499E-24  8.1344707E-01  0.0000000E+00  5.5018574E-21  1.1719274E-05  3.4164790E-10  0.000E+00  0.000E+00  0.000E+00  1.000E+00  1.000E+00  1.51E+02  0.00E+00  0.00E+00  0.000000  0.795885  0.0000000E+00  0.0000000000E+00
397  2.642208823206859E+06  121.122341  6.640359  4.018223  4.3676330E-01  5.6322530E-01  1.4131785E-07  3.5933532E-08  6.4101686E-06  6.7794852E-07  3.6434996E-10  9.0782283E-11  9.3412259E-08  3.0034906E-09  7.315E-10  0.0185  4.018223   -6.556  5.915112  9.416264  0.0000000E+00  1.5868600E-08  5.9238478E-06  2.4042278E-17  8.5562713E-24  3.2995724E-01  0.0000000E+00  5.5024348E-21  9.5164889E-06  3.4164765E-10  0.000E+00  0.000E+00  0.000E+00  1.000E+00  1.000E+00  1.55E+02  0.00E+00  0.00E+00  0.000000  0.796614  0.0000000E+00  0.0000000000E+00
398  2.642208824019244E+06  121.122341  6.640711  4.028992  4.3676330E-01  5.6322530E-01  1.4131785E-07  3.5933532E-08  6.4101686E-06  6.7794852E-07  3.6434996E-10  9.0782283E-11  9.3412259E-08  3.0034906E-09  7.315E-10  0.0000  4.028992   -6.543  6.453062  9.530147  0.0000000E+00  2.2522810E-06  6.7442149E-07  2.4140432E-17  8.6369579E-24  4.7681060E-05  0.0000000E+00  5.5107234E-21  3.9676145E-09  3.4164416E-10  0.000E+00  0.000E+00  0.000E+00  1.000E+00  1.000E+00  1.59E+02  0.00E+00  0.00E+00  0.000000  0.797259  0.0000000E+00  0.0000000000E+00
399  2.642208824161672E+06  121.122341  6.640782  4.031076  4.3676330E-01  5.6322530E-01  1.4131785E-07  3.5933532E-08  6.4101686E-06  6.7794852E-07  3.6434996E-10  9.0782283E-11  9.3412259E-08  3.0034906E-09  7.315E-10  0.0222  4.031076   -6.541  6.492907  9.569822  0.0000000E+00  1.5920180E-05  1.4309314E-06  2.4144250E-17  8.6400966E-24  6.5876537E-05  0.0000000E+00  5.5110458E-21  1.0262593E-08  3.4164403E-10  0.000E+00  0.000E+00  0.000E+00  1.000E+00  1.000E+00  1.60E+02  0.00E+00  0.00E+00  0.000000  0.797390  0.0000000E+00  0.0000000000E+00
400  2.642208824250700E+06  121.122341  6.640986  4.038111  4.3676330E-01  5.6322530E-01  1.4131785E-07  3.5933532E-08  6.4101686E-06  6.7794852E-07  3.6434996E-10  9.0782283E-11  9.3412259E-08  3.0034906E-09  7.315E-10  0.0000  4.038111   -6.533  6.917478  9.655241  0.0000000E+00  5.3745260E-04  5.1072525E-12  2.4155772E-17  8.6493364E-24  4.4002234E-11  0.0000000E+00  5.5120222E-21  4.0776572E-14  3.4164362E-10  0.000E+00  0.000E+00  0.000E+00  1.000E+00  1.000E+00  1.62E+02  0.00E+00  0.00E+00  0.000000  0.797764  0.0000000E+00  0.0000000000E+00
