line                  time        mass     lg(L)  lg(Teff)        1H_surf       4He_surf       12C_surf       13C_surf       14N_surf       16O_surf       17O_surf       18O_surf      20Ne_surf      22Ne_surf  26Al_surf  Mcc/Mt   lg(Teff)  lg(Md)  lg(rhoc)    lg(Tc)         1H_cen        4He_cen        12C_cen        13C_cen        14N_cen        16O_cen        17O_cen        18O_cen       20Ne_cen       22Ne_cen   26Al_cen  Omeg_surf   Omeg_cen     Rp/Req   Md/Md(0)   v_crit1   v_crit2    v_equa  Om/Om_cr  Gamma_Ed  lg(Mdot_mech)             L_tot
   -                    yr        Msun      Lsun        K      mass frac.     mass frac.     mass frac.     mass frac.     mass frac.     mass frac.     mass frac.     mass frac.     mass frac.     mass frac. mass frac.       -          K   Ms/yr     g/cm3         K     mass frac.     mass frac.     mass frac.     mass frac.     mass frac.     mass frac.     mass frac.     mass frac.     mass frac.     mass frac. mass frac.        s-1        s-1          -          -      km/s      km/s      km/s         -         -        Msun/yr     10^53 g cm2/s

  1  1.717879999999995E+04  199.999923  6.550537  4.854010  7.5157740E-01  2.4837130E-01  1.2915521E-06  4.2970794E-09  1.0216519E-07  6.8211449E-06  3.5136664E-10  2.0005896E-09  9.2048308E-07  2.3543589E-08  0.000E+00  0.8604  4.854010   -8.403  0.664376  7.850740  7.4857340E-01  2.5141700E-01  1.0817679E-07  2.9950282E-08  7.3616332E-06  6.5219088E-08  9.1766830E-11  2.0324022E-13  3.1140572E-07  2.6043149E-08  2.274E-07  6.693E-05  6.702E-05  9.468E-01  1.102E+00  1.46E+03  0.00E+00  5.84E+02  0.567415  0.478260  0.0000000E+00  1.8112582425E+01
  2  5.682030185820288E+04  199.999766  6.552657  4.853786  7.5157740E-01  2.4837130E-01  1.2915521E-06  4.2970794E-09  1.0216519E-07  6.8211449E-06  3.5136664E-10  2.0005896E-09  9.2048308E-07  2.3543589E-08  0.000E+00  0.8535  4.853786   -8.398  0.666402  7.851730  7.3975279E-01  2.6023751E-01  1.0243418E-07  2.8299377E-08  7.3609646E-06  6.5862389E-08  9.5642892E-11  1.3977278E-13  2.4126444E-08  1.3633300E-09  8.864E-08  6.608E-05  6.718E-05  9.476E-01  1.101E+00  1.46E+03  0.00E+00  5.79E+02  0.563719  0.480601  0.0000000E+00  1.8112478171E+01
  3  9.581377155340112E+04  199.999608  6.554713  4.852985  7.5157740E-01  2.4837130E-01  1.2915521E-06  4.2970794E-09  1.0216519E-07  6.8211449E-06  3.5136664E-10  2.0005896E-09  9.2048308E-07  2.3543589E-08  0.000E+00  0.8468  4.852985   -8.389  0.667352  7.852346  7.3093219E-01  2.6905810E-01  1.0247031E-07  2.8309405E-08  7.3527810E-06  6.5579732E-08  9.5338301E-11  1.3585077E-13  2.1588825E-09  1.2338422E-10  2.824E-08  6.593E-05  6.711E-05  9.469E-01  1.103E+00  1.46E+03  0.00E+00  5.81E+02  0.567106  0.482882  0.0000000E+00  1.8112372511E+01
  4  1.343688627656799E+05  199.999449  6.556776  4.852089  7.5157740E-01  2.4837130E-01  1.2915521E-06  4.2970794E-09  1.0216519E-07  6.8211449E-06  3.5136664E-10  2.0005896E-09  9.2048308E-07  2.3543589E-08  0.000E+00  0.8407  4.852089   -8.379  0.668313  7.852960  7.2211158E-01  2.7787862E-01  1.0250357E-07  2.8319150E-08  7.3444540E-06  6.5399208E-08  9.5140286E-11  1.3557670E-13  2.3983211E-10  1.3772627E-11  1.389E-08  6.579E-05  6.704E-05  9.460E-01  1.105E+00  1.45E+03  0.00E+00  5.84E+02  0.571007  0.485181  0.0000000E+00  1.8112264642E+01
  5  1.724964126629290E+05  199.999288  6.558855  4.851130  7.5157740E-01  2.4837130E-01  1.2915521E-06  4.2970794E-09  1.0216519E-07  6.8211449E-06  3.5136664E-10  2.0005896E-09  9.2048308E-07  2.3543589E-08  0.000E+00  0.8347  4.851130   -8.370  0.669311  7.853581  7.1329098E-01  2.8669922E-01  1.0253869E-07  2.8329017E-08  7.3360462E-06  6.5213377E-08  9.4942477E-11  1.3474174E-13  5.9097697E-11  3.3484487E-12  9.510E-09  6.562E-05  6.695E-05  9.452E-01  1.108E+00  1.45E+03  0.00E+00  5.87E+02  0.574832  0.487510  0.0000000E+00  1.8112154299E+01
  6  2.101998178267504E+05  199.999125  6.560927  4.850105  7.5157740E-01  2.4837130E-01  1.2915521E-06  4.2970794E-09  1.0216519E-07  6.8211449E-06  3.5136664E-10  2.0005896E-09  9.2048308E-07  2.3543589E-08  0.000E+00  0.8289  4.850105   -8.359  0.670345  7.854208  7.0447037E-01  2.9551991E-01  1.0257422E-07  2.8338882E-08  7.3275485E-06  6.5024816E-08  9.4743059E-11  1.3395637E-13  3.3395147E-11  1.8771747E-12  7.117E-09  6.547E-05  6.686E-05  9.443E-01  1.110E+00  1.44E+03  0.00E+00  5.90E+02  0.579095  0.489842  0.0000000E+00  1.8112041309E+01
  7  2.474976689502294E+05  199.998960  6.563005  4.849004  7.5157740E-01  2.4837130E-01  1.2915521E-06  4.2970794E-09  1.0216519E-07  6.8211449E-06  3.5136664E-10  2.0005896E-09  9.2048308E-07  2.3543589E-08  0.000E+00  0.8233  4.849004   -8.349  0.671414  7.854843  6.9564977E-01  3.0434043E-01  1.0261209E-07  2.8349068E-08  7.3189535E-06  6.4831030E-08  9.4537991E-11  1.3312249E-13  2.5074465E-11  1.4329911E-12  5.393E-09  6.533E-05  6.677E-05  9.433E-01  1.113E+00  1.44E+03  0.00E+00  5.93E+02  0.583769  0.492192  0.0000000E+00  1.8111925356E+01
  8  2.844158374606663E+05  199.998793  6.565095  4.847854  7.5157740E-01  2.4837130E-01  1.2915521E-06  4.2970794E-09  1.0216519E-07  6.8211449E-06  3.5136664E-10  2.0005896E-09  9.2048308E-07  2.3543589E-08  0.000E+00  0.8178  4.847854   -8.338  0.672525  7.855486  6.8682916E-01  3.1316104E-01  1.0265587E-07  2.8360256E-08  7.3102477E-06  6.4637237E-08  9.4333231E-11  1.3231834E-13  2.1992715E-11  1.2833232E-12  4.078E-09  6.512E-05  6.667E-05  9.423E-01  1.116E+00  1.43E+03  0.00E+00  5.96E+02  0.588106  0.494566  0.0000000E+00  1.8111806152E+01
  9  3.209570995920923E+05  199.998622  6.567178  4.846667  7.5157740E-01  2.4837130E-01  1.2915521E-06  4.2970794E-09  1.0216519E-07  6.8211449E-06  3.5136664E-10  2.0005896E-09  9.2048308E-07  2.3543589E-08  0.000E+00  0.8126  4.846667   -8.327  0.673654  7.856131  6.7800856E-01  3.2198164E-01  1.0268826E-07  2.8369223E-08  7.3014461E-06  6.4451083E-08  9.4143089E-11  1.3167187E-13  1.9749722E-11  1.1511834E-12  3.072E-09  6.494E-05  6.656E-05  9.412E-01  1.119E+00  1.43E+03  0.00E+00  5.99E+02  0.592815  0.496945  0.0000000E+00  1.8111683515E+01
 10  3.571358891323606E+05  199.998450  6.569270  4.845427  7.5157740E-01  2.4837130E-01  1.2915521E-06  4.2970794E-09  1.0216519E-07  6.8211449E-06  3.5136664E-10  2.0005896E-09  9.2048308E-07  2.3543589E-08  0.000E+00  0.8074  4.845427   -8.316  0.674830  7.856786  6.6918795E-01  3.3080225E-01  1.0273125E-07  2.8380131E-08  7.2925293E-06  6.4256855E-08  9.3941204E-11  1.3095323E-13  1.8932885E-11  1.1266399E-12  2.303E-09  6.476E-05  6.645E-05  9.401E-01  1.123E+00  1.42E+03  0.00E+00  6.03E+02  0.597716  0.499344  0.0000000E+00  1.8111557207E+01
 11  3.929776462145132E+05  199.998274  6.571360  4.844151  7.5157740E-01  2.4837130E-01  1.2915521E-06  4.2970794E-09  1.0216519E-07  6.8211449E-06  3.5136664E-10  2.0005896E-09  9.2048308E-07  2.3543589E-08  0.000E+00  0.8024  4.844151   -8.304  0.676027  7.857444  6.6036735E-01  3.3962285E-01  1.0276534E-07  2.8389079E-08  7.2835079E-06  6.4070668E-08  9.3755061E-11  1.3028627E-13  1.9521349E-11  1.1447225E-12  1.720E-09  6.458E-05  6.633E-05  9.390E-01  1.126E+00  1.42E+03  0.00E+00  6.06E+02  0.602743  0.501754  0.0000000E+00  1.8111426910E+01
 12  4.284776730616317E+05  199.998095  6.573465  4.842819  7.5157740E-01  2.4837130E-01  1.2915521E-06  4.2970795E-09  1.0216519E-07  6.8211449E-06  3.5136664E-10  2.0005896E-09  9.2048308E-07  2.3543589E-08  0.000E+00  0.7976  4.842819   -8.292  0.677279  7.858115  6.5154674E-01  3.4844346E-01  1.0281717E-07  2.8401592E-08  7.2743611E-06  6.3871271E-08  9.3546521E-11  1.2957684E-13  1.9617899E-11  1.1865029E-12  1.279E-09  6.441E-05  6.620E-05  9.377E-01  1.130E+00  1.41E+03  0.00E+00  6.10E+02  0.608054  0.504192  0.0000000E+00  1.8111292398E+01
 13  4.636506806104403E+05  199.997914  6.575571  4.841445  7.5157740E-01  2.4837130E-01  1.2915521E-06  4.2970797E-09  1.0216519E-07  6.8211449E-06  3.5136664E-10  2.0005896E-09  9.2048308E-07  2.3543589E-08  0.000E+00  0.7928  4.841445   -8.280  0.678555  7.858789  6.4272614E-01  3.5726406E-01  1.0285440E-07  2.8411013E-08  7.2651167E-06  6.3676033E-08  9.3352882E-11  1.2888500E-13  1.9774191E-11  1.2102822E-12  9.479E-10  6.419E-05  6.607E-05  9.365E-01  1.133E+00  1.41E+03  0.00E+00  6.14E+02  0.613230  0.506644  0.0000000E+00  1.8111153358E+01
 14  4.985053010383056E+05  199.997728  6.577682  4.840030  7.5157740E-01  2.4837130E-01  1.2915521E-06  4.2970800E-09  1.0216519E-07  6.8211449E-06  3.5136664E-10  2.0005896E-09  9.2048308E-07  2.3543589E-08  0.000E+00  0.7882  4.840030   -8.268  0.679872  7.859471  6.3390553E-01  3.6608467E-01  1.0289683E-07  2.8421324E-08  7.2557498E-06  6.3479264E-08  9.3157454E-11  1.2819404E-13  2.0080099E-11  1.2404264E-12  7.006E-10  6.400E-05  6.593E-05  9.351E-01  1.137E+00  1.40E+03  0.00E+00  6.18E+02  0.618842  0.509112  0.0000000E+00  1.8111009487E+01
 15  5.330632018853569E+05  199.997539  6.579798  4.838562  7.5157740E-01  2.4837130E-01  1.2915521E-06  4.2970805E-09  1.0216519E-07  6.8211449E-06  3.5136664E-10  2.0005896E-09  9.2048308E-07  2.3543589E-08  0.000E+00  0.7837  4.838562   -8.256  0.681228  7.860162  6.2508493E-01  3.7490527E-01  1.0294638E-07  2.8433208E-08  7.2462565E-06  6.3279801E-08  9.2956624E-11  1.2750113E-13  2.1348972E-11  1.3343645E-12  5.171E-10  6.376E-05  6.578E-05  9.338E-01  1.142E+00  1.39E+03  0.00E+00  6.21E+02  0.624252  0.511600  0.0000000E+00  1.8110860413E+01
 16  5.673204034444381E+05  199.997346  6.581909  4.836922  7.5157740E-01  2.4837130E-01  1.2915521E-06  4.2970814E-09  1.0216519E-07  6.8211449E-06  3.5136664E-10  2.0005896E-09  9.2048308E-07  2.3543589E-08  0.000E+00  0.7792  4.836922   -8.242  0.682608  7.860855  6.1626432E-01  3.8372588E-01  1.0297836E-07  2.8441137E-08  7.2366608E-06  6.3087433E-08  9.2782728E-11  1.2681636E-13  2.3114937E-11  1.4156397E-12  3.815E-10  6.356E-05  6.562E-05  9.322E-01  1.146E+00  1.39E+03  0.00E+00  6.26E+02  0.630577  0.514093  0.0000000E+00  1.8110705671E+01
 17  6.012496491414362E+05  199.997148  6.584035  4.835043  7.5157740E-01  2.4837130E-01  1.2915521E-06  4.2970829E-09  1.0216519E-07  6.8211449E-06  3.5136664E-10  2.0005896E-09  9.2048308E-07  2.3543589E-08  0.000E+00  0.7749  4.835043   -8.228  0.684043  7.861562  6.0744372E-01  3.9254648E-01  1.0302820E-07  2.8452587E-08  7.2269281E-06  6.2883274E-08  9.2581962E-11  1.2611614E-13  2.2930266E-11  1.4291703E-12  2.818E-10  6.332E-05  6.546E-05  9.304E-01  1.152E+00  1.38E+03  0.00E+00  6.31E+02  0.637566  0.516616  0.0000000E+00  1.8110544366E+01
 18  6.348966009409273E+05  199.996945  6.586164  4.833117  7.5157740E-01  2.4837130E-01  1.2915521E-06  4.2970852E-09  1.0216519E-07  6.8211449E-06  3.5136664E-10  2.0005896E-09  9.2048308E-07  2.3543589E-08  0.000E+00  0.7707  4.833117   -8.213  0.685520  7.862278  5.9862311E-01  4.0136709E-01  1.0308444E-07  2.8465439E-08  7.2170651E-06  6.2674008E-08  9.2371914E-11  1.2540316E-13  2.2858020E-11  1.4721522E-12  2.093E-10  6.311E-05  6.530E-05  9.285E-01  1.158E+00  1.37E+03  0.00E+00  6.37E+02  0.645057  0.519156  0.0000000E+00  1.8110375578E+01
 19  6.682935020264970E+05  199.996737  6.588301  4.831124  7.5157740E-01  2.4837130E-01  1.2915521E-06  4.2970891E-09  1.0216519E-07  6.8211449E-06  3.5136664E-10  2.0005896E-09  9.2048308E-07  2.3543589E-08  0.000E+00  0.7665  4.831124   -8.198  0.687017  7.862995  5.8980251E-01  4.1018769E-01  1.0314696E-07  2.8481695E-08  7.2070911E-06  6.2452164E-08  9.2151416E-11  1.2463523E-13  2.5166965E-11  1.6003982E-12  1.569E-10  6.283E-05  6.512E-05  9.266E-01  1.164E+00  1.37E+03  0.00E+00  6.42E+02  0.652182  0.521717  0.0000000E+00  1.8110198610E+01
 20  7.014153939447695E+05  199.996523  6.590433  4.829062  7.5157740E-01  2.4837130E-01  1.2915521E-06  4.2970946E-09  1.0216519E-07  6.8211449E-06  3.5136664E-10  2.0005896E-09  9.2048308E-07  2.3543589E-08  0.000E+00  0.7624  4.829062   -8.182  0.688575  7.863727  5.8098190E-01  4.1900830E-01  1.0322096E-07  2.8498540E-08  7.1969558E-06  6.2239661E-08  9.1924867E-11  1.2392323E-13  2.7057587E-11  1.7726576E-12  1.196E-10  6.259E-05  6.493E-05  9.245E-01  1.171E+00  1.36E+03  0.00E+00  6.47E+02  0.660015  0.524286  0.0000000E+00  1.8110012950E+01
 21  7.342380048990304E+05  199.996303  6.592590  4.826935  7.5157740E-01  2.4837130E-01  1.2915521E-06  4.2971028E-09  1.0216519E-07  6.8211449E-06  3.5136664E-10  2.0005896E-09  9.2048308E-07  2.3543589E-08  0.000E+00  0.7583  4.826935   -8.166  0.690169  7.864466  5.7216130E-01  4.2782890E-01  1.0327574E-07  2.8512842E-08  7.1867484E-06  6.2009703E-08  9.1709257E-11  1.2312802E-13  2.6978903E-11  1.7822869E-12  9.247E-11  6.231E-05  6.473E-05  9.223E-01  1.178E+00  1.35E+03  0.00E+00  6.53E+02  0.667813  0.526896  0.0000000E+00  1.8109818075E+01
 22  7.668241656175683E+05  199.996076  6.594735  4.824741  7.5157740E-01  2.4837130E-01  1.2915521E-06  4.2971156E-09  1.0216519E-07  6.8211449E-06  3.5136664E-10  2.0005896E-09  9.2048308E-07  2.3543589E-08  3.804E-20  0.7543  4.824741   -8.150  0.691776  7.865205  5.6334069E-01  4.3664951E-01  1.0336626E-07  2.8537634E-08  7.1764587E-06  6.1660541E-08  9.1303253E-11  1.2201816E-13  2.8898196E-11  1.9461757E-12  7.408E-11  6.205E-05  6.453E-05  9.200E-01  1.186E+00  1.35E+03  0.00E+00  6.59E+02  0.675992  0.529506  0.0000000E+00  1.8109612888E+01
 23  7.991732439535550E+05  199.995843  6.596894  4.822477  7.5157740E-01  2.4837130E-01  1.2915521E-06  4.2971330E-09  1.0216519E-07  6.8211449E-06  3.5136665E-10  2.0005896E-09  9.2048308E-07  2.3543589E-08  3.895E-19  0.7504  4.822477   -8.133  0.693477  7.865970  5.5452009E-01  4.4547006E-01  1.0339520E-07  2.8542530E-08  7.1658968E-06  6.1568019E-08  9.1293684E-11  1.2161895E-13  3.1549935E-11  2.1011290E-12  6.057E-11  6.179E-05  6.431E-05  9.176E-01  1.194E+00  1.34E+03  0.00E+00  6.65E+02  0.684503  0.532146  0.0000000E+00  1.8109396503E+01
 24  8.312689578067808E+05  199.995602  6.599063  4.820124  7.5157740E-01  2.4837130E-01  1.2915521E-06  4.2971570E-09  1.0216520E-07  6.8211449E-06  3.5136666E-10  2.0005896E-09  9.2048308E-07  2.3543589E-08  1.347E-18  0.7464  4.820124   -8.116  0.695198  7.866736  5.4569948E-01  4.5429065E-01  1.0346803E-07  2.8561189E-08  7.1552716E-06  6.1331676E-08  9.1062422E-11  1.2081390E-13  3.3823893E-11  2.2817331E-12  5.157E-11  6.150E-05  6.409E-05  9.149E-01  1.203E+00  1.33E+03  0.00E+00  6.72E+02  0.693207  0.534810  0.0000000E+00  1.8109168094E+01
 25  8.630925002023262E+05  199.995354  6.601228  4.817577  7.5157740E-01  2.4837130E-01  1.2915520E-06  4.2971905E-09  1.0216520E-07  6.8211449E-06  3.5136668E-10  2.0005896E-09  9.2048308E-07  2.3543589E-08  3.868E-18  0.7428  4.817577   -8.098  0.696944  7.867503  5.3687888E-01  4.6311122E-01  1.0373180E-07  2.8638624E-08  7.1443775E-06  6.0906211E-08  9.0494409E-11  1.1935715E-13  3.4643982E-11  2.4503584E-12  4.552E-11  6.118E-05  6.385E-05  9.121E-01  1.214E+00  1.32E+03  0.00E+00  6.79E+02  0.702437  0.537483  0.0000000E+00  1.8108926647E+01
 26  8.946914735019869E+05  199.995095  6.603423  4.814421  7.5157740E-01  2.4837130E-01  1.2915520E-06  4.2972419E-09  1.0216520E-07  6.8211449E-06  3.5136672E-10  2.0005896E-09  9.2048308E-07  2.3543589E-08  1.092E-17  0.7388  4.814421   -8.077  0.698805  7.868304  5.2805827E-01  4.7193193E-01  1.0365563E-07  2.8605613E-08  7.1335377E-06  6.0859164E-08  9.0545635E-11  1.1920850E-13  3.5654779E-11  2.5657306E-12  4.129E-11  6.088E-05  6.360E-05  9.085E-01  1.227E+00  1.31E+03  0.00E+00  6.88E+02  0.714242  0.540208  0.0000000E+00  1.8108668624E+01
 27  9.261456593528002E+05  199.994825  6.605633  4.811070  7.5157740E-01  2.4837130E-01  1.2915519E-06  4.2973074E-09  1.0216522E-07  6.8211449E-06  3.5136678E-10  2.0005895E-09  9.2048308E-07  2.3543589E-08  2.613E-17  0.7352  4.811070   -8.055  0.700467  7.869034  5.1923767E-01  4.8075253E-01  1.0454845E-07  2.8876901E-08  7.1221216E-06  5.9730407E-08  8.8843002E-11  1.1550792E-13  3.8910947E-11  3.1039905E-12  4.080E-11  6.051E-05  6.333E-05  9.045E-01  1.241E+00  1.30E+03  0.00E+00  6.97E+02  0.726269  0.542964  0.0000000E+00  1.8108389610E+01
 28  9.576054670440397E+05  199.994539  6.607885  4.807576  7.5157740E-01  2.4837130E-01  1.2915518E-06  4.2973940E-09  1.0216524E-07  6.8211449E-06  3.5136688E-10  2.0005895E-09  9.2048308E-07  2.3543589E-08  5.753E-17  0.7314  4.807576   -8.031  0.701893  7.869680  5.1041706E-01  4.8957314E-01  1.0647601E-07  2.9453859E-08  7.1105298E-06  5.7708927E-08  8.5987016E-11  1.0924127E-13  3.9197254E-11  3.8239047E-12  4.097E-11  6.017E-05  6.300E-05  9.001E-01  1.258E+00  1.29E+03  0.00E+00  7.08E+02  0.739202  0.545789  0.0000000E+00  1.8108085953E+01
 29  9.888609728678514E+05  199.994241  6.610156  4.804053  7.5157740E-01  2.4837130E-01  1.2915517E-06  4.2975078E-09  1.0216527E-07  6.8211449E-06  3.5136705E-10  2.0005894E-09  9.2048308E-07  2.3543589E-08  1.183E-16  0.7277  4.804053   -8.008  0.703870  7.870502  5.0159646E-01  4.9839374E-01  1.0652865E-07  2.9467758E-08  7.1002474E-06  5.7494950E-08  8.5849580E-11  1.0851187E-13  3.9068049E-11  3.8592061E-12  3.853E-11  5.978E-05  6.271E-05  8.956E-01  1.276E+00  1.28E+03  0.00E+00  7.18E+02  0.751892  0.548650  0.0000000E+00  1.8107756533E+01
 30  1.019925765008270E+06  199.993927  6.612429  4.800369  7.5157740E-01  2.4837130E-01  1.2915515E-06  4.2976730E-09  1.0216533E-07  6.8211449E-06  3.5136735E-10  2.0005892E-09  9.2048308E-07  2.3543589E-08  2.460E-16  0.7241  4.800369   -7.983  0.705475  7.871194  4.9277585E-01  5.0721425E-01  1.0811380E-07  2.9936606E-08  7.0887890E-06  5.6006117E-08  8.4115036E-11  1.0400997E-13  3.8311593E-11  4.2621326E-12  3.910E-11  5.936E-05  6.238E-05  8.907E-01  1.296E+00  1.27E+03  0.00E+00  7.28E+02  0.764961  0.551531  0.0000000E+00  1.8107398378E+01
 31  1.050910238468292E+06  199.993595  6.614727  4.796512  7.5157740E-01  2.4837130E-01  1.2915511E-06  4.2979936E-09  1.0216550E-07  6.8211448E-06  3.5136807E-10  2.0005889E-09  9.2048308E-07  2.3543589E-08  6.117E-16  0.7205  4.796512   -7.957  0.707556  7.872039  4.8395525E-01  5.1603485E-01  1.0817093E-07  2.9952371E-08  7.0787113E-06  5.5792716E-08  8.4000011E-11  1.0328672E-13  3.7901889E-11  4.3024767E-12  3.843E-11  5.897E-05  6.206E-05  8.853E-01  1.319E+00  1.26E+03  0.00E+00  7.40E+02  0.778989  0.554458  0.0000000E+00  1.8107006408E+01
 32  1.082000115687991E+06  199.993240  6.617061  4.791604  7.5157740E-01  2.4837130E-01  1.2915506E-06  4.2983427E-09  1.0216572E-07  6.8211448E-06  3.5136898E-10  2.0005885E-09  9.2048307E-07  2.3543589E-08  1.136E-15  0.7172  4.791604   -7.926  0.708798  7.872600  4.7513464E-01  5.2485551E-01  1.1132139E-07  3.0882909E-08  7.0662425E-06  5.3499833E-08  8.1912736E-11  9.6182144E-14  4.2380956E-11  5.4750580E-12  4.122E-11  5.848E-05  6.164E-05  8.782E-01  1.350E+00  1.25E+03  0.00E+00  7.55E+02  0.796315  0.557446  0.0000000E+00  1.8106569021E+01
 33  1.113698382330658E+06  199.932256  6.619708  4.788444  7.5157740E-01  2.4837130E-01  1.2915371E-06  4.3061610E-09  1.0217687E-07  6.8211405E-06  3.5140452E-10  2.0005723E-09  9.2048263E-07  2.3543583E-08  3.969E-14  0.7142  4.788444   -7.907  0.710956  7.873471  4.6631404E-01  5.3367606E-01  1.1138255E-07  3.0901299E-08  7.0567610E-06  5.3300404E-08  8.1860877E-11  9.5506471E-14  7.2466831E-11  9.2994404E-12  5.691E-11  5.735E-05  6.117E-05  8.764E-01  1.362E+00  1.24E+03  0.00E+00  7.54E+02  0.800448  0.561026 -5.6421823E+00  1.7986844354E+01
 34  1.147522663992777E+06  199.802848  6.622971  4.785559  7.5157690E-01  2.4837190E-01  1.2911889E-06  4.4416255E-09  1.0268140E-07  6.8208623E-06  3.5244075E-10  2.0000855E-09  9.2045181E-07  2.3543092E-08  2.129E-12  0.7128  4.785559   -7.888  0.713235  7.874401  4.5749343E-01  5.4249670E-01  1.1145603E-07  3.0923256E-08  7.0471375E-06  5.3093038E-08  8.1808760E-11  9.4794142E-14  1.4402912E-10  1.9160608E-11  1.110E-10  5.591E-05  6.036E-05  8.763E-01  1.368E+00  1.23E+03  0.00E+00  7.48E+02  0.800686  0.565622 -5.3766849E+00  1.7730648191E+01
 35  1.182758764006590E+06  199.633745  6.626738  4.782619  7.5157040E-01  2.4837860E-01  1.2890612E-06  5.0679885E-09  1.0682336E-07  6.8181892E-06  3.5849816E-10  1.9969913E-09  9.2014260E-07  2.3537595E-08  1.873E-11  0.7122  4.782619   -7.868  0.715575  7.875368  4.4867283E-01  5.5131730E-01  1.1153308E-07  3.0946557E-08  7.0373332E-06  5.2890304E-08  8.1776805E-11  9.4085686E-14  2.4539168E-10  3.2848281E-11  1.756E-10  5.443E-05  5.926E-05  8.762E-01  1.375E+00  1.22E+03  0.00E+00  7.41E+02  0.800928  0.571031 -5.2746362E+00  1.7392882584E+01
 36  1.218663876123083E+06  199.445517  6.630764  4.779609  7.5153180E-01  2.4841759E-01  1.2824036E-06  6.6001737E-09  1.2283106E-07  6.8068401E-06  3.7576506E-10  1.9871770E-09  9.1878473E-07  2.3511257E-08  7.595E-11  0.7132  4.779609   -7.848  0.718023  7.876379  4.3985222E-01  5.6013788E-01  1.1161673E-07  3.0971798E-08  7.0273328E-06  5.2676062E-08  8.1738145E-11  9.3340057E-14  3.3140366E-10  4.5272440E-11  2.352E-10  5.290E-05  5.803E-05  8.763E-01  1.383E+00  1.20E+03  0.00E+00  7.34E+02  0.800837  0.576880 -5.4108833E+00  1.7013620776E+01
 37  1.254695900793613E+06  199.248498  6.635029  4.776587  7.5140816E-01  2.4854184E-01  1.2692375E-06  9.0451074E-09  1.5949169E-07  6.7793359E-06  4.0667780E-10  1.9676504E-09  9.1541236E-07  2.3441722E-08  1.886E-10  0.7124  4.776587   -7.825  0.720551  7.877417  4.3103162E-01  5.6895853E-01  1.1170545E-07  3.0997888E-08  7.0171250E-06  5.2453953E-08  8.1695161E-11  9.2575176E-14  3.8761199E-10  5.3936461E-11  2.711E-10  5.143E-05  5.670E-05  8.761E-01  1.393E+00  1.19E+03  0.00E+00  7.27E+02  0.801115  0.583108 -5.2211627E+00  1.6613034840E+01
 38  1.290908992886516E+06  199.040758  6.639365  4.773222  7.5112013E-01  2.4883077E-01  1.2486009E-06  1.2189130E-08  2.2360388E-07  6.7293567E-06  4.5081501E-10  1.9369008E-09  9.0916866E-07  2.3307089E-08  3.548E-10  0.7129  4.773222   -7.804  0.723093  7.878473  4.2221101E-01  5.7777919E-01  1.1179326E-07  3.1024264E-08  7.0067029E-06  5.2230526E-08  8.1658979E-11  9.1807240E-14  4.5700605E-10  6.4830181E-11  3.112E-10  4.984E-05  5.533E-05  8.762E-01  1.401E+00  1.18E+03  0.00E+00  7.19E+02  0.801029  0.589478 -5.2867002E+00  1.6186603259E+01
 39  1.327344078599999E+06  198.819892  6.643944  4.769686  7.5053096E-01  2.4942124E-01  1.2189930E-06  1.5891378E-08  3.2420982E-07  6.6485774E-06  5.0886429E-10  1.8925587E-09  8.9892179E-07  2.3078200E-08  5.713E-10  0.7138  4.769686   -7.779  0.725697  7.879558  4.1339041E-01  5.8659969E-01  1.1188425E-07  3.1051544E-08  6.9960558E-06  5.2001203E-08  8.1622497E-11  9.1024123E-14  5.1457703E-10  7.4420617E-11  3.410E-10  4.824E-05  5.389E-05  8.761E-01  1.412E+00  1.17E+03  0.00E+00  7.11E+02  0.801174  0.596186 -5.1787662E+00  1.5728473770E+01
 40  1.363510237447959E+06  198.604650  6.648536  4.766226  7.4957458E-01  2.5037902E-01  1.1838678E-06  1.9502810E-08  4.5268229E-07  6.5429709E-06  5.7256957E-10  1.8396588E-09  8.8535912E-07  2.2766775E-08  7.968E-10  0.7146  4.766226   -7.757  0.728351  7.880665  4.0456980E-01  5.9542030E-01  1.1197776E-07  3.1079443E-08  6.9851916E-06  5.1760349E-08  8.1576522E-11  9.0212405E-14  5.2633796E-10  7.7708429E-11  3.454E-10  4.670E-05  5.246E-05  8.762E-01  1.422E+00  1.15E+03  0.00E+00  7.03E+02  0.801105  0.602846 -5.2598940E+00  1.5277483988E+01
 41  1.398926203248350E+06  198.407139  6.652990  4.763072  7.4828791E-01  2.5166709E-01  1.1475574E-06  2.2613360E-08  5.9340880E-07  6.4251516E-06  6.3422590E-10  1.7846718E-09  8.7008335E-07  2.2408691E-08  9.961E-10  0.7152  4.763072   -7.734  0.731024  7.881775  3.9574920E-01  6.0424094E-01  1.1206909E-07  3.1106861E-08  6.9741205E-06  5.1518747E-08  8.1533770E-11  8.9403572E-14  5.2997511E-10  7.9683108E-11  3.355E-10  4.532E-05  5.108E-05  8.761E-01  1.434E+00  1.14E+03  0.00E+00  6.96E+02  0.801121  0.609219 -5.2472821E+00  1.4859765460E+01
 42  1.433836400265751E+06  198.222539  6.657409  4.759932  7.4674800E-01  2.5320830E-01  1.1125746E-06  2.5155482E-08  7.3520911E-07  6.3047201E-06  6.9045059E-10  1.7314282E-09  8.5435525E-07  2.2034279E-08  1.157E-09  0.7156  4.759932   -7.713  0.733756  7.882900  3.8692859E-01  6.1306151E-01  1.1216085E-07  3.1134441E-08  6.9628364E-06  5.1272203E-08  8.1489648E-11  8.8585854E-14  5.2363229E-10  8.0261178E-11  3.218E-10  4.396E-05  4.976E-05  8.763E-01  1.445E+00  1.13E+03  0.00E+00  6.88E+02  0.800749  0.615480 -5.1708984E+00  1.4465732889E+01
 43  1.468172515416273E+06  198.047855  6.661806  4.756753  7.4491446E-01  2.5504314E-01  1.0779527E-06  2.7317385E-08  8.8068821E-07  6.1797044E-06  7.4350266E-10  1.6784911E-09  8.3793401E-07  2.1638628E-08  1.289E-09  0.7159  4.756753   -7.692  0.736546  7.884040  3.7810799E-01  6.2188211E-01  1.1225335E-07  3.1162264E-08  6.9513377E-06  5.1023567E-08  8.1449663E-11  8.7763738E-14  5.1040594E-10  7.9677966E-11  3.032E-10  4.267E-05  4.850E-05  8.763E-01  1.455E+00  1.12E+03  0.00E+00  6.82E+02  0.800888  0.621639 -5.7250836E+00  1.4089246767E+01
 44  1.502639168824101E+06  197.862082  6.666372  4.752792  7.4260242E-01  2.5735644E-01  1.0411391E-06  2.9294843E-08  1.0402728E-06  6.0411194E-06  7.9742996E-10  1.6219519E-09  8.1963912E-07  2.1193273E-08  1.405E-09  0.7165  4.752792   -7.667  0.739391  7.885207  3.6928738E-01  6.3070272E-01  1.1234780E-07  3.1190679E-08  6.9395888E-06  5.0771836E-08  8.1413711E-11  8.6937470E-14  5.4008298E-10  8.6477185E-11  3.133E-10  4.118E-05  4.723E-05  8.762E-01  1.470E+00  1.11E+03  0.00E+00  6.73E+02  0.801015  0.627965 -5.2627993E+00  1.3684277868E+01
 45  1.537013512359998E+06  197.683748  6.671066  4.749116  7.3986350E-01  2.6009660E-01  1.0040497E-06  3.1001521E-08  1.2055765E-06  5.8961605E-06  8.4942296E-10  1.5647379E-09  8.0041668E-07  2.0721054E-08  1.498E-09  0.7172  4.749116   -7.643  0.742302  7.886396  3.6046678E-01  6.3952332E-01  1.1244378E-07  3.1219605E-08  6.9275879E-06  5.0516279E-08  8.1381839E-11  8.6101769E-14  5.4189660E-10  8.8516089E-11  3.037E-10  3.979E-05  4.596E-05  8.763E-01  1.485E+00  1.09E+03  0.00E+00  6.66E+02  0.800626  0.634362 -4.9859294E+00  1.3291252214E+01
 46  1.571711246283004E+06  197.512227  6.675912  4.745353  7.3673067E-01  2.6323073E-01  9.6752248E-07  3.2440280E-08  1.3723165E-06  5.7486387E-06  8.9852420E-10  1.5081545E-09  7.8077718E-07  2.0234764E-08  1.566E-09  0.7184  4.745353   -7.622  0.745357  7.887631  3.5164617E-01  6.4834400E-01  1.1254514E-07  3.1250081E-08  6.9153077E-06  5.0244019E-08  8.1337475E-11  8.5224434E-14  5.8687199E-10  9.9664753E-11  3.238E-10  3.844E-05  4.470E-05  8.762E-01  1.495E+00  1.08E+03  1.06E+03  6.58E+02  0.800913  0.640883 -7.3185544E+00  1.2909210841E+01
 47  1.604988281313998E+06  197.353890  6.680517  4.742337  7.3341376E-01  2.6654874E-01  9.3370402E-07  3.3583868E-08  1.5298107E-06  5.6081925E-06  9.4225085E-10  1.4555649E-09  7.6201650E-07  1.9767121E-08  1.609E-09  0.7187  4.742337   -7.601  0.748379  7.888857  3.4282557E-01  6.5716453E-01  1.1264395E-07  3.1279792E-08  6.9028282E-06  4.9979868E-08  8.1309247E-11  8.4369447E-14  5.0150021E-10  8.6187160E-11  2.720E-10  3.723E-05  4.351E-05  8.770E-01  1.504E+00  1.07E+03  1.03E+03  6.49E+02  0.799233  0.646995 -3.0638386E+00  1.2553730346E+01
 48  1.638151703103460E+06  197.194490  6.685183  4.738780  7.2967457E-01  2.7028903E-01  8.9996739E-07  3.4562492E-08  1.6896207E-06  5.4646520E-06  9.8430029E-10  1.4029143E-09  7.4278588E-07  1.9284992E-08  1.636E-09  0.7192  4.738780   -7.579  0.751472  7.890108  3.3400496E-01  6.6598514E-01  1.1274469E-07  3.1310105E-08  6.8900762E-06  4.9711890E-08  8.1285211E-11  8.3509142E-14  4.8287178E-10  8.4701042E-11  2.521E-10  3.591E-05  4.236E-05  8.777E-01  1.518E+00  1.06E+03  9.97E+02  6.40E+02  0.797422  0.653102 -4.2558158E+00  1.2193578479E+01
 49  1.671209335076573E+06  197.033981  6.689866  4.735261  7.2562516E-01  2.7433954E-01  8.6738382E-07  3.5367150E-08  1.8462953E-06  5.3229676E-06  1.0234815E-09  1.3518890E-09  7.2375338E-07  1.8805373E-08  1.648E-09  0.7194  4.735261   -7.560  0.754472  7.891341  3.2518436E-01  6.7480574E-01  1.1284414E-07  3.1339535E-08  6.8769927E-06  4.9499823E-08  8.1337234E-11  8.2767087E-14  5.3039888E-10  8.8453286E-11  2.334E-10  3.458E-05  4.121E-05  8.789E-01  1.524E+00  1.04E+03  9.70E+02  6.29E+02  0.794556  0.659173 -5.6649574E+00  1.1828397824E+01
 50  1.703525262596925E+06  196.881080  6.694546  4.731685  7.2136289E-01  2.7860281E-01  8.3652150E-07  3.6010648E-08  1.9966412E-06  5.1861359E-06  1.0593142E-09  1.3034036E-09  7.0532925E-07  1.8338989E-08  1.645E-09  0.7203  4.731685   -7.537  0.757800  7.892674  3.1636375E-01  6.8362635E-01  1.1294962E-07  3.1371878E-08  6.8637481E-06  4.9172784E-08  8.1261811E-11  8.1789948E-14  4.4363293E-10  8.0220016E-11  2.132E-10  3.336E-05  4.010E-05  8.796E-01  1.537E+00  1.03E+03  9.45E+02  6.20E+02  0.792851  0.665185 -4.8839497E+00  1.1478571603E+01
 51  1.735796467065761E+06  196.735308  6.699227  4.728197  7.1681638E-01  2.8315032E-01  8.0669181E-07  3.6528238E-08  2.1436567E-06  5.0515135E-06  1.0927374E-09  1.2563970E-09  6.8716391E-07  1.7877317E-08  1.632E-09  0.7209  4.728197   -7.521  0.761108  7.894001  3.0754315E-01  6.9244695E-01  1.1305704E-07  3.1404134E-08  6.8501571E-06  4.8885811E-08  8.1240535E-11  8.0886597E-14  4.3312343E-10  8.1018746E-11  2.075E-10  3.218E-05  3.901E-05  8.805E-01  1.540E+00  1.02E+03  9.22E+02  6.11E+02  0.790789  0.671114 -3.3419142E-01  1.1143531197E+01
 52  1.767577417799227E+06  196.594817  6.703860  4.724739  7.1201769E-01  2.8794985E-01  7.7800236E-07  3.6933245E-08  2.2865605E-06  4.9198712E-06  1.1236967E-09  1.2110541E-09  6.6936627E-07  1.7423378E-08  1.611E-09  0.7214  4.724739   -7.502  0.764470  7.895344  2.9872254E-01  7.0126756E-01  1.1316485E-07  3.1436623E-08  6.8362807E-06  4.8600492E-08  8.1231774E-11  7.9992796E-14  4.2763862E-10  8.2214403E-11  1.939E-10  3.099E-05  3.797E-05  8.817E-01  1.549E+00  1.01E+03  9.00E+02  6.01E+02  0.787834  0.676899 -1.7935389E+00  1.0819130993E+01
 53  1.799305496101523E+06  196.455575  6.708599  4.720950  7.0695095E-01  2.9301755E-01  7.5025815E-07  3.7241389E-08  2.4261213E-06  4.7905485E-06  1.1524291E-09  1.1670811E-09  6.5185141E-07  1.6975237E-08  1.582E-09  0.7221  4.720950   -7.481  0.767940  7.896726  2.8990194E-01  7.1008810E-01  1.1327686E-07  3.1470358E-08  6.8220709E-06  4.8305078E-08  8.1221775E-11  7.9076860E-14  4.4966947E-10  8.9585007E-11  1.930E-10  2.979E-05  3.695E-05  8.829E-01  1.560E+00  9.97E+02  8.78E+02  5.91E+02  0.784947  0.682784 -3.0563904E+00  1.0495932889E+01
 54  1.830311781282151E+06  196.322514  6.713283  4.717268  7.0169507E-01  2.9827423E-01  7.2378150E-07  3.7460755E-08  2.5605462E-06  4.6652522E-06  1.1786068E-09  1.1250019E-09  6.3485459E-07  1.6539133E-08  1.548E-09  0.7219  4.717268   -7.460  0.771344  7.898088  2.8108133E-01  7.1890867E-01  1.1338686E-07  3.1502820E-08  6.8075243E-06  4.8072156E-08  8.1303582E-11  7.8278210E-14  4.2166839E-10  7.9928123E-11  1.644E-10  2.864E-05  3.597E-05  8.841E-01  1.571E+00  9.85E+02  8.57E+02  5.81E+02  0.781872  0.688529 -5.1158199E+00  1.0185631690E+01
 55  1.861072956514482E+06  196.192072  6.718015  4.713295  6.9638341E-01  3.0358659E-01  6.9903933E-07  3.7600874E-08  2.6872692E-06  4.5464486E-06  1.2018183E-09  1.0855763E-09  6.1871528E-07  1.6124022E-08  1.509E-09  0.7227  4.713295   -7.444  0.775065  7.899552  2.7226073E-01  7.2772935E-01  1.1350402E-07  3.1538768E-08  6.7927189E-06  4.7726215E-08  8.1255909E-11  7.7280416E-14  3.7192499E-10  7.6275003E-11  1.539E-10  2.749E-05  3.502E-05  8.854E-01  1.574E+00  9.72E+02  8.36E+02  5.70E+02  0.778771  0.694361 -1.2689121E+00  9.8796512876E+00
 56  1.891705503023545E+06  196.064177  6.722793  4.709536  6.9070282E-01  3.0926803E-01  6.7449491E-07  3.7678659E-08  2.8140553E-06  4.4268872E-06  1.2234739E-09  1.0463653E-09  6.0245153E-07  1.5704814E-08  1.467E-09  0.7232  4.709536   -7.425  0.778780  7.901020  2.6344012E-01  7.3654993E-01  1.1362340E-07  3.1574731E-08  6.7775041E-06  4.7420849E-08  8.1270739E-11  7.6348289E-14  3.6595654E-10  7.7516073E-11  1.465E-10  2.633E-05  3.409E-05  8.873E-01  1.581E+00  9.60E+02  8.16E+02  5.58E+02  0.773872  0.700148 -2.9633786E+00  9.5785035865E+00
 57  1.922095250095514E+06  195.941069  6.727515  4.705297  6.8473992E-01  3.1523168E-01  6.5056585E-07  3.7696314E-08  2.9387241E-06  4.3086062E-06  1.2430825E-09  1.0080391E-09  5.8634205E-07  1.5288783E-08  1.423E-09  0.7238  4.705297   -7.405  0.782600  7.902522  2.5461952E-01  7.4537052E-01  1.1374664E-07  3.1611827E-08  6.7619097E-06  4.7109619E-08  8.1292948E-11  7.5402955E-14  3.6898494E-10  8.0699613E-11  1.410E-10  2.526E-05  3.318E-05  8.881E-01  1.594E+00  9.48E+02  7.96E+02  5.49E+02  0.771708  0.705748 -5.2520287E+00  9.2873222541E+00
 58  1.952237496838885E+06  195.818916  6.732316  4.701257  6.7866018E-01  3.2131212E-01  6.2784741E-07  3.7660063E-08  3.0580909E-06  4.1946524E-06  1.2601312E-09  9.7155946E-10  5.7080435E-07  1.4886848E-08  1.377E-09  0.7229  4.701257   -7.389  0.786471  7.904048  2.4579891E-01  7.5419109E-01  1.1387608E-07  3.1650307E-08  6.7459182E-06  4.6787800E-08  8.1308985E-11  7.4416581E-14  3.9404154E-10  8.5139508E-11  1.336E-10  2.418E-05  3.231E-05  8.899E-01  1.594E+00  9.36E+02  7.76E+02  5.38E+02  0.767230  0.711462 -2.3584691E+00  8.9968679943E+00
 59  1.982049079452971E+06  195.703648  6.737178  4.696914  6.7247149E-01  3.2750151E-01  6.0624264E-07  3.7577735E-08  3.1725502E-06  4.0847013E-06  1.2747443E-09  9.3678231E-10  5.5579713E-07  1.4498080E-08  1.330E-09  0.7237  4.696914   -7.370  0.790504  7.905618  2.3697831E-01  7.6301176E-01  1.1400519E-07  3.1689025E-08  6.7294986E-06  4.6491731E-08  8.1386583E-11  7.3496253E-14  3.8237206E-10  8.2837841E-11  1.224E-10  2.313E-05  3.146E-05  8.911E-01  1.604E+00  9.23E+02  7.57E+02  5.27E+02  0.763952  0.717241 -3.8610845E+00  8.7215853799E+00
 60  2.011447419634162E+06  195.589429  6.741984  4.692216  6.6613296E-01  3.3384064E-01  5.8552017E-07  3.7454719E-08  3.2832384E-06  3.9776987E-06  1.2871134E-09  9.0334397E-10  5.4117881E-07  1.4118924E-08  1.283E-09  0.7241  4.692216   -7.353  0.794560  7.907206  2.2815770E-01  7.7183239E-01  1.1412924E-07  3.1726648E-08  6.7126450E-06  4.6233722E-08  8.1537032E-11  7.2708888E-14  3.7102774E-10  8.0298257E-11  1.131E-10  2.205E-05  3.064E-05  8.926E-01  1.608E+00  9.10E+02  7.37E+02  5.16E+02  0.760092  0.722895 -7.4555202E-01  8.4474030542E+00
 61  2.040735748406530E+06  195.476532  6.746949  4.687750  6.5932876E-01  3.4064554E-01  5.6468664E-07  3.7287057E-08  3.3954576E-06  3.8684925E-06  1.2977226E-09  8.6964243E-10  5.2624651E-07  1.3731212E-08  1.235E-09  0.7243  4.687750   -7.335  0.799066  7.908941  2.1933709E-01  7.8065301E-01  1.1428422E-07  3.1773183E-08  6.6954213E-06  4.5812790E-08  8.1487576E-11  7.1516155E-14  3.5037068E-10  8.0886099E-11  1.056E-10  2.100E-05  2.985E-05  8.946E-01  1.616E+00  8.97E+02  7.18E+02  5.05E+02  0.754553  0.728641 -1.5317811E+00  8.1750664940E+00
 62  2.067427732320218E+06  195.380741  6.750858  4.684732  6.5327604E-01  3.4669876E-01  5.4725795E-07  3.7112505E-08  3.4900949E-06  3.7757914E-06  1.3050340E-09  8.4138097E-10  5.1356141E-07  1.3401562E-08  1.192E-09  0.7236  4.684732   -7.320  0.803315  7.910610  2.1051649E-01  7.8947355E-01  1.1442589E-07  3.1815678E-08  6.6780618E-06  4.5492696E-08  8.1585405E-11  7.0556900E-14  2.4685101E-10  5.8876080E-11  7.237E-11  2.034E-05  2.915E-05  8.954E-01  1.627E+00  8.88E+02  7.05E+02  4.98E+02  0.752384  0.732909 -2.1594187E+00  7.9430862583E+00
 63  2.095869615679766E+06  195.281438  6.755558  4.679596  6.4664926E-01  3.5332614E-01  5.2924815E-07  3.6899038E-08  3.5886452E-06  3.6786321E-06  1.3109444E-09  8.1210936E-10  5.0025739E-07  1.3055587E-08  1.146E-09  0.7249  4.679596   -7.304  0.808078  7.912405  2.0169588E-01  7.9829412E-01  1.1458684E-07  3.1863840E-08  6.6599532E-06  4.5130367E-08  8.1659357E-11  6.9494944E-14  3.0530517E-10  7.7069779E-11  8.866E-11  1.937E-05  2.844E-05  8.965E-01  1.635E+00  8.75E+02  6.86E+02  4.88E+02  0.749406  0.738287 -1.7655520E+00  7.7020769286E+00
 64  2.122280272648232E+06  195.193410  6.759869  4.675796  6.4045132E-01  3.5952458E-01  5.1332059E-07  3.6682134E-08  3.6764645E-06  3.5914844E-06  1.3146643E-09  7.8616218E-10  4.8831710E-07  1.2744898E-08  1.104E-09  0.7222  4.675796   -7.292  0.812916  7.914218  1.9287528E-01  8.0711472E-01  1.1474822E-07  3.1911934E-08  6.6416694E-06  4.4784498E-08  8.1778801E-11  6.8474148E-14  2.0489274E-10  5.2273584E-11  5.758E-11  1.853E-05  2.781E-05  8.986E-01  1.631E+00  8.64E+02  6.70E+02  4.77E+02  0.743431  0.743183  0.0000000E+00  7.4872537077E+00
 65  2.148716082021965E+06  195.104685  6.764067  4.670612  6.3392569E-01  3.6605069E-01  4.9741834E-07  3.6439214E-08  3.7647837E-06  3.5032707E-06  1.3168603E-09  7.6019773E-10  4.7622436E-07  1.2430100E-08  1.062E-09  0.7212  4.670612   -7.275  0.817994  7.916106  1.8405467E-01  8.1593533E-01  1.1492423E-07  3.1964278E-08  6.6228784E-06  4.4415662E-08  8.1894219E-11  6.7401275E-14  2.0099570E-10  5.3624440E-11  5.526E-11  1.767E-05  2.720E-05  8.995E-01  1.647E+00  8.52E+02  6.54E+02  4.68E+02  0.740817  0.747755 -4.8066044E+00  7.2698165083E+00
 66  2.175277288620816E+06  195.022041  6.768225  4.666167  6.2737710E-01  3.7259973E-01  4.8227533E-07  3.6183412E-08  3.8494959E-06  3.4180932E-06  1.3174446E-09  7.3541615E-10  4.6454219E-07  1.2125878E-08  1.021E-09  0.7208  4.666167   -7.262  0.823271  7.918062  1.7523407E-01  8.2475593E-01  1.1510608E-07  3.2018874E-08  6.6035265E-06  4.4046272E-08  8.2042958E-11  6.6347092E-14  2.7067016E-10  7.4304507E-11  6.877E-11  1.688E-05  2.661E-05  9.010E-01  1.654E+00  8.40E+02  6.39E+02  4.58E+02  0.736385  0.752241 -6.5707967E+00  7.0665194508E+00
 67  2.202456145163181E+06  194.932909  6.773272  4.658602  6.2005991E-01  3.7991749E-01  4.6623689E-07  3.5886434E-08  3.9398808E-06  3.3265630E-06  1.3163508E-09  7.0910589E-10  4.5198302E-07  1.1798723E-08  9.783E-10  0.7213  4.658602   -7.247  0.829113  7.920163  1.6641346E-01  8.3357654E-01  1.1530940E-07  3.2079627E-08  6.5834628E-06  4.3656385E-08  8.2218774E-11  6.5244186E-14  2.6781764E-10  7.3906438E-11  6.341E-11  1.577E-05  2.603E-05  9.025E-01  1.654E+00  8.23E+02  6.18E+02  4.45E+02  0.732298  0.757958 -1.1228248E+00  6.8451614814E+00
 68  2.228002233142798E+06  194.854438  6.777794  4.652920  6.1310654E-01  3.8687126E-01  4.5178508E-07  3.5595820E-08  4.0219176E-06  3.2428719E-06  1.3137631E-09  6.8534034E-10  4.4049474E-07  1.1499396E-08  9.393E-10  0.7200  4.652920   -7.230  0.835052  7.922319  1.5759286E-01  8.4239714E-01  1.1552641E-07  3.2143832E-08  6.5631094E-06  4.3267818E-08  8.2432590E-11  6.4128808E-14  1.7405142E-10  5.0751253E-11  4.130E-11  1.492E-05  2.550E-05  9.041E-01  1.677E+00  8.09E+02  6.01E+02  4.34E+02  0.727626  0.762911 -4.9390941E+00  6.6483816368E+00
 69  2.252399498466454E+06  194.784698  6.781544  4.649400  6.0666453E-01  3.9331367E-01  4.3902216E-07  3.5320963E-08  4.0948334E-06  3.1679696E-06  1.3101573E-09  6.6430528E-10  4.3020936E-07  1.1231371E-08  9.036E-10  0.7179  4.649400   -7.225  0.841058  7.924527  1.4877225E-01  8.5121775E-01  1.1575463E-07  3.2211485E-08  6.5424111E-06  4.2867084E-08  8.2661751E-11  6.3001333E-14  1.5220915E-10  4.5028212E-11  3.375E-11  1.433E-05  2.503E-05  9.057E-01  1.661E+00  8.00E+02  5.89E+02  4.26E+02  0.722566  0.766730  0.0000000E+00  6.4732494499E+00
 70  2.276710780140725E+06  194.717393  6.785267  4.644826  6.0007697E-01  3.9990163E-01  4.2654338E-07  3.5035522E-08  4.1665414E-06  3.0938112E-06  1.3053935E-09  6.4369572E-10  4.2002312E-07  1.0965901E-08  8.687E-10  0.7164  4.644826   -7.213  0.847474  7.926852  1.3995165E-01  8.6003835E-01  1.1600543E-07  3.2285727E-08  6.5211034E-06  4.2447229E-08  8.2918058E-11  6.1835582E-14  1.6173944E-10  5.0486557E-11  3.480E-11  1.374E-05  2.460E-05  9.065E-01  1.672E+00  7.90E+02  5.76E+02  4.18E+02  0.720176  0.770426 -4.0698272E+00  6.3037137341E+00
 71  2.300323789334633E+06  194.652310  6.789068  4.639401  5.9345172E-01  4.0652718E-01  4.1452871E-07  3.4744884E-08  4.2359567E-06  3.0215361E-06  1.2996293E-09  6.2381310E-10  4.1009291E-07  1.0707085E-08  8.353E-10  0.7139  4.639401   -7.202  0.854338  7.929304  1.3113104E-01  8.6885896E-01  1.1627996E-07  3.2366772E-08  6.4992724E-06  4.2023547E-08  8.3235635E-11  6.0654636E-14  1.3285155E-10  4.0894356E-11  2.569E-11  1.307E-05  2.420E-05  9.076E-01  1.685E+00  7.78E+02  5.62E+02  4.10E+02  0.716743  0.774240 -5.6736476E+00  6.1384909489E+00
 72  2.324407232213191E+06  194.588601  6.793156  4.633162  5.8649708E-01  4.1348230E-01  4.0244494E-07  3.4436701E-08  4.3061217E-06  2.9479749E-06  1.2926606E-09  6.0377796E-10  3.9998359E-07  1.0443584E-08  8.019E-10  0.7126  4.633162   -7.198  0.861850  7.931937  1.2231044E-01  8.7767956E-01  1.1658543E-07  3.2456939E-08  6.4765962E-06  4.1569392E-08  8.3590870E-11  5.9413821E-14  1.2986514E-10  4.2510659E-11  2.448E-11  1.230E-05  2.382E-05  9.095E-01  1.667E+00  7.64E+02  5.47E+02  3.99E+02  0.710825  0.778406  0.0000000E+00  5.9752928928E+00
 73  2.346699056267976E+06  194.536081  6.796295  4.630774  5.8052162E-01  4.1945798E-01  3.9245975E-07  3.4169886E-08  4.3643497E-06  2.8865299E-06  1.2860179E-09  5.8719423E-10  3.9153767E-07  1.0223433E-08  7.729E-10  0.7078  4.630774   -7.190  0.869499  7.934674  1.1348983E-01  8.8650017E-01  1.1693517E-07  3.2558501E-08  6.4535992E-06  4.1093975E-08  8.3975040E-11  5.8100457E-14  1.2520750E-10  4.3884633E-11  2.251E-11  1.193E-05  2.351E-05  9.110E-01  1.677E+00  7.58E+02  5.39E+02  3.92E+02  0.706092  0.781309  0.0000000E+00  5.8402502525E+00
 74  2.368801511973037E+06  194.486205  6.799614  4.626338  5.7473401E-01  4.2524595E-01  3.8311570E-07  3.3910065E-08  4.4190305E-06  2.8284836E-06  1.2790728E-09  5.7165265E-10  3.8355763E-07  1.0015419E-08  7.454E-10  0.7056  4.626338   -7.178  0.877843  7.937591  1.0466923E-01  8.9532067E-01  1.1729626E-07  3.2665474E-08  6.4298438E-06  4.0623678E-08  8.4477316E-11  5.6857118E-14  1.2001803E-10  3.9802738E-11  1.897E-11  1.147E-05  2.323E-05  9.115E-01  1.702E+00  7.49E+02  5.28E+02  3.86E+02  0.704509  0.784621 -3.2574797E+00  5.7118148255E+00
 75  2.391245239791963E+06  194.432643  6.803218  4.620632  5.6829035E-01  4.3168986E-01  3.7307028E-07  3.3619613E-08  4.4780096E-06  2.7654813E-06  1.2708126E-09  5.5492016E-10  3.7489495E-07  9.7896064E-09  7.172E-10  0.7024  4.620632   -7.190  0.887315  7.940798  9.5848624E-02  9.0414135E-01  1.1772312E-07  3.2790422E-08  6.4050523E-06  4.0105496E-08  8.5043195E-11  5.5484475E-14  1.1377506E-10  4.2352572E-11  1.812E-11  1.076E-05  2.299E-05  9.147E-01  1.632E+00  7.37E+02  5.15E+02  3.73E+02  0.694265  0.788140  0.0000000E+00  5.5730422138E+00
 76  2.412247608997891E+06  194.386876  6.806455  4.614955  5.6199842E-01  4.3798213E-01  3.6360357E-07  3.3335195E-08  4.5337596E-06  2.7055349E-06  1.2622735E-09  5.3912885E-10  3.6665133E-07  9.5747152E-09  6.911E-10  0.6973  4.614955   -7.172  0.897291  7.944220  8.7028019E-02  9.1296197E-01  1.1820684E-07  3.2931591E-08  6.3796697E-06  3.9570025E-08  8.5718147E-11  5.4073798E-14  9.0151431E-11  3.2607174E-11  1.255E-11  1.032E-05  2.281E-05  9.142E-01  1.688E+00  7.26E+02  5.03E+02  3.69E+02  0.695774  0.791036  0.0000000E+00  5.4516564185E+00
 77  2.432857838061940E+06  194.347140  6.809391  4.611291  5.5645906E-01  4.4352174E-01  3.5553102E-07  3.3084386E-08  4.5814137E-06  2.6539784E-06  1.2544189E-09  5.2564617E-10  3.5956068E-07  9.3898775E-09  6.675E-10  0.6921  4.611291   -7.169  0.908244  7.947962  7.8207414E-02  9.2178259E-01  1.1877001E-07  3.3095001E-08  6.3532728E-06  3.8991087E-08  8.6507274E-11  5.2552267E-14  8.5422505E-11  3.3528812E-11  1.127E-11  9.965E-06  2.268E-05  9.149E-01  1.679E+00  7.18E+02  4.95E+02  3.63E+02  0.693329  0.793741  0.0000000E+00  5.3460768963E+00
 78  2.453034426826060E+06  194.304494  6.812381  4.604933  5.5057199E-01  4.4940911E-01  3.4720314E-07  3.2817549E-08  4.6306700E-06  2.6003725E-06  1.2457730E-09  5.1172137E-10  3.5218748E-07  9.1976731E-09  6.442E-10  0.6865  4.604933   -7.158  0.920374  7.952067  6.9386809E-02  9.3060313E-01  1.1941616E-07  3.3283062E-08  6.3257296E-06  3.8385163E-08  8.7479864E-11  5.0978569E-14  8.5693168E-11  3.0171150E-11  9.567E-12  9.462E-06  2.261E-05  9.153E-01  1.720E+00  7.07E+02  4.84E+02  3.56E+02  0.691827  0.796375 -5.3625566E+00  5.2333212780E+00
 79  2.472631931492242E+06  194.265989  6.815185  4.599816  5.4505537E-01  4.5492593E-01  3.3962384E-07  3.2567294E-08  4.6755683E-06  2.5512152E-06  1.2374288E-09  4.9903498E-10  3.4542563E-07  9.0214032E-09  6.227E-10  0.6798  4.599816   -7.158  0.934283  7.956721  6.0566203E-02  9.3942374E-01  1.2019374E-07  3.3508190E-08  6.2968961E-06  3.7706851E-08  8.8661790E-11  4.9232519E-14  6.1382286E-11  2.4986166E-11  6.595E-12  9.078E-06  2.261E-05  9.156E-01  1.713E+00  6.97E+02  4.74E+02  3.51E+02  0.691121  0.798840 -4.2577352E-01  5.1309238751E+00
 80  2.491822320855623E+06  194.228198  6.818013  4.594495  5.3946345E-01  4.6051805E-01  3.3215224E-07  3.2313406E-08  4.7198790E-06  2.5024129E-06  1.2287674E-09  4.8651710E-10  3.3871216E-07  8.8463921E-09  6.019E-10  0.6728  4.594495   -7.152  0.950233  7.962034  5.1745598E-02  9.4824430E-01  1.2113908E-07  3.3781435E-08  6.2664705E-06  3.6964840E-08  9.0165931E-11  4.7305931E-14  5.1744993E-11  2.1983713E-11  4.988E-12  8.644E-06  2.270E-05  9.168E-01  1.736E+00  6.87E+02  4.64E+02  3.43E+02  0.687064  0.801304 -4.4306235E+00  5.0291958245E+00
 81  2.510783575645748E+06  194.199830  6.820746  4.591920  5.3456826E-01  4.6541344E-01  3.2577478E-07  3.2090935E-08  4.7577271E-06  2.4604964E-06  1.2210485E-09  4.7582388E-10  3.3294563E-07  8.6960627E-09  5.830E-10  0.6657  4.591920   -7.151  0.968927  7.968250  4.2924993E-02  9.5706492E-01  1.2283609E-07  3.4276383E-08  6.2338540E-06  3.5927832E-08  9.2401182E-11  4.4739614E-14  5.2397572E-11  2.2865862E-11  4.339E-12  8.412E-06  2.289E-05  9.175E-01  1.726E+00  6.82E+02  4.57E+02  3.39E+02  0.684467  0.803916 -5.6484239E+00  4.9525835091E+00
 82  2.529637874548168E+06  194.168829  6.823623  4.587509  5.2885227E-01  4.7112963E-01  3.1851634E-07  3.1830807E-08  4.8008170E-06  2.4124964E-06  1.2119053E-09  4.6364472E-10  3.2634186E-07  8.5239018E-09  5.634E-10  0.6589  4.587509   -7.150  0.992293  7.975941  3.4104388E-02  9.6588551E-01  1.2439858E-07  3.4727163E-08  6.1993978E-06  3.4950314E-08  9.5160442E-11  4.2267226E-14  4.6500340E-11  2.2448708E-11  3.401E-12  8.076E-06  2.325E-05  9.185E-01  1.723E+00  6.74E+02  4.49E+02  3.33E+02  0.681468  0.806375  0.0000000E+00  4.8667881959E+00
 83  2.547758968532415E+06  194.138389  6.826666  4.581371  5.2290097E-01  4.7708116E-01  3.1117360E-07  3.1559400E-08  4.8444013E-06  2.3636154E-06  1.2022735E-09  4.5131527E-10  3.1961660E-07  8.3485646E-09  5.444E-10  0.6466  4.581371   -7.151  1.022578  7.985897  2.5283783E-02  9.7470612E-01  1.2657894E-07  3.5353911E-08  6.1621776E-06  3.3753397E-08  9.9230561E-11  3.9179594E-14  3.5731412E-11  1.9857955E-11  2.182E-12  7.663E-06  2.388E-05  9.192E-01  1.727E+00  6.63E+02  4.38E+02  3.26E+02  0.678795  0.809010 -1.1868489E+00  4.7836552418E+00
 84  2.565555430692782E+06  194.105534  6.829733  4.576896  5.1721921E-01  4.8276319E-01  3.0431713E-07  3.1299752E-08  4.8850802E-06  2.3177458E-06  1.1930228E-09  4.3979677E-10  3.1330548E-07  8.1840158E-09  5.266E-10  0.6442  4.576896   -7.149  1.065292  7.999945  1.6463178E-02  9.8352672E-01  1.2984040E-07  3.6299695E-08  6.1206377E-06  3.2177366E-08  1.0592746E-10  3.5732096E-14  3.5355868E-11  1.6820155E-11  1.562E-12  7.333E-06  2.500E-05  9.204E-01  1.735E+00  6.54E+02  4.29E+02  3.20E+02  0.674443  0.811842 -5.8805135E+00  4.6933297703E+00
 85  2.583313503284672E+06  194.069675  6.833459  4.573482  5.1129080E-01  4.8869180E-01  2.9733706E-07  3.1028068E-08  4.9264514E-06  2.2708046E-06  1.1833432E-09  4.2806538E-10  3.0684680E-07  8.0156064E-09  5.089E-10  0.6308  4.573482   -7.139  1.140490  8.024681  7.6425730E-03  9.9234730E-01  1.3653457E-07  3.8229335E-08  6.0699613E-06  2.9739973E-08  1.2135544E-10  2.9427647E-14  3.3460166E-11  1.7441299E-11  9.938E-13  7.057E-06  2.750E-05  9.218E-01  1.765E+00  6.47E+02  4.20E+02  3.14E+02  0.669812  0.815787 -4.6542655E+00  4.5944592844E+00
 86  2.583963034677722E+06  194.068413  6.833604  4.573887  5.1106632E-01  4.8891628E-01  2.9707623E-07  3.1017761E-08  4.9279961E-06  2.2690457E-06  1.1829765E-09  4.2762692E-10  3.0660479E-07  8.0092957E-09  5.082E-10  0.6394  4.573887   -7.143  1.144476  8.025997  7.3368702E-03  9.9265303E-01  1.3686332E-07  3.8335522E-08  6.0679320E-06  2.9634311E-08  1.2225613E-10  3.0253633E-14  3.5953039E-11  1.7456440E-11  1.037E-12  7.061E-06  2.764E-05  9.221E-01  1.742E+00  6.48E+02  4.20E+02  3.13E+02  0.668759  0.815944 -3.2795901E+00  4.5909898928E+00
 87  2.584581894556758E+06  194.067414  6.833746  4.574385  5.1086755E-01  4.8911505E-01  2.9684550E-07  3.1008633E-08  4.9293627E-06  2.2674895E-06  1.1826518E-09  4.2723905E-10  3.0639066E-07  8.0037119E-09  5.076E-10  0.6373  4.574385   -7.144  1.148565  8.027343  7.0311675E-03  9.9295873E-01  1.3729250E-07  3.8457229E-08  6.0657941E-06  2.9517443E-08  1.2330105E-10  2.9723911E-14  3.5224719E-11  1.8051700E-11  9.701E-13  7.078E-06  2.780E-05  9.222E-01  1.737E+00  6.49E+02  4.21E+02  3.13E+02  0.668284  0.816108 -1.2049536E-01  4.5882567122E+00
 88  2.585203933672243E+06  194.065935  6.833905  4.574415  5.1063140E-01  4.8935120E-01  2.9657175E-07  3.0997792E-08  4.9309838E-06  2.2656426E-06  1.1822663E-09  4.2677884E-10  3.0613655E-07  7.9970858E-09  5.070E-10  0.6409  4.574415   -7.146  1.152867  8.028760  6.7254647E-03  9.9326443E-01  1.3770608E-07  3.8580544E-08  6.0636594E-06  2.9403936E-08  1.2437797E-10  2.9781952E-14  3.5228777E-11  1.7879264E-11  9.535E-13  7.066E-06  2.796E-05  9.224E-01  1.719E+00  6.49E+02  4.20E+02  3.13E+02  0.667342  0.816287  0.0000000E+00  4.5841804586E+00
 89  2.585743558999863E+06  194.064715  6.834052  4.574422  5.1042906E-01  4.8955354E-01  2.9633735E-07  3.0988500E-08  4.9323719E-06  2.2640610E-06  1.1819360E-09  4.2638479E-10  3.0591893E-07  7.9914111E-09  5.064E-10  0.6395  4.574422   -7.148  1.157354  8.030234  6.4197620E-03  9.9357013E-01  1.3811699E-07  3.8698651E-08  6.0616333E-06  2.9287187E-08  1.2548212E-10  2.9472587E-14  2.9620088E-11  1.6404097E-11  7.444E-13  7.060E-06  2.813E-05  9.225E-01  1.707E+00  6.48E+02  4.20E+02  3.13E+02  0.667072  0.816458 -4.3900555E-01  4.5808282310E+00
 90  2.586411931229291E+06  194.062984  6.834266  4.575440  5.1015258E-01  4.8983012E-01  2.9601735E-07  3.0975798E-08  4.9342667E-06  2.2619014E-06  1.1814844E-09  4.2584682E-10  3.0562178E-07  7.9836624E-09  5.057E-10  0.6359  4.575440   -7.147  1.161990  8.031767  6.1140592E-03  9.9387584E-01  1.3870076E-07  3.8862652E-08  6.0592041E-06  2.9164221E-08  1.2688043E-10  2.8579373E-14  3.3829495E-11  1.6866957E-11  8.921E-13  7.043E-06  2.831E-05  9.240E-01  1.712E+00  6.50E+02  4.21E+02  3.10E+02  0.661925  0.816717 -1.9842398E+00  4.5760579893E+00
 91  2.587059986275726E+06  194.061661  6.834413  4.574283  5.0991786E-01  4.9006482E-01  2.9574604E-07  3.0965015E-08  4.9358731E-06  2.2600699E-06  1.1811012E-09  4.2539070E-10  3.0536979E-07  7.9770911E-09  5.050E-10  0.6408  4.574283   -7.142  1.166969  8.033406  5.8083564E-03  9.9418151E-01  1.3917722E-07  3.9007836E-08  6.0569355E-06  2.9041099E-08  1.2817169E-10  2.8997059E-14  3.5923383E-11  1.7462387E-11  9.149E-13  7.057E-06  2.850E-05  9.224E-01  1.732E+00  6.48E+02  4.19E+02  3.13E+02  0.667648  0.816872 -1.4661842E+00  4.5724189402E+00
 92  2.587681693138149E+06  194.060327  6.834584  4.574546  5.0969461E-01  4.9028806E-01  2.9548823E-07  3.0954759E-08  4.9373995E-06  2.2583293E-06  1.1807368E-09  4.2495728E-10  3.0513029E-07  7.9708457E-09  5.044E-10  0.6386  4.574546   -7.142  1.172100  8.035098  5.5026537E-03  9.9448726E-01  1.3974481E-07  3.9170293E-08  6.0545654E-06  2.8914788E-08  1.2964957E-10  2.8468939E-14  3.5649924E-11  1.7718149E-11  8.581E-13  7.057E-06  2.871E-05  9.226E-01  1.730E+00  6.48E+02  4.19E+02  3.12E+02  0.666801  0.817079 -2.1084746E+00  4.5687628190E+00
 93  2.588340571130870E+06  194.058876  6.834763  4.574440  5.0944906E-01  4.9053364E-01  2.9520499E-07  3.0943477E-08  4.9390763E-06  2.2564165E-06  1.1803360E-09  4.2448110E-10  3.0486711E-07  7.9639829E-09  5.037E-10  0.6400  4.574440   -7.140  1.177646  8.036929  5.1969509E-03  9.9479296E-01  1.4035179E-07  3.9348614E-08  6.0520923E-06  2.8784315E-08  1.3126381E-10  2.8380708E-14  3.8937503E-11  1.7714137E-11  9.746E-13  7.055E-06  2.893E-05  9.225E-01  1.739E+00  6.48E+02  4.19E+02  3.13E+02  0.667262  0.817289 -4.7605478E+00  4.5647812117E+00
 94  2.588909060395150E+06  194.057942  6.834926  4.574841  5.0926488E-01  4.9071782E-01  2.9499268E-07  3.0935011E-08  4.9403332E-06  2.2549825E-06  1.1800353E-09  4.2412415E-10  3.0466980E-07  7.9588376E-09  5.032E-10  0.6392  4.574841   -7.142  1.183272  8.038783  4.8912481E-03  9.9509866E-01  1.4099184E-07  3.9533898E-08  6.0496539E-06  2.8646224E-08  1.3294081E-10  2.7994981E-14  3.4059423E-11  1.7491536E-11  7.681E-13  7.045E-06  2.916E-05  9.231E-01  1.729E+00  6.49E+02  4.19E+02  3.11E+02  0.665023  0.817499  0.0000000E+00  4.5622305811E+00
 95  2.589450581843292E+06  194.057883  6.835045  4.574531  5.0917915E-01  4.9080350E-01  2.9489394E-07  3.0931071E-08  4.9409177E-06  2.2543155E-06  1.1798954E-09  4.2395814E-10  3.0457802E-07  7.9564444E-09  5.028E-10  0.6395  4.574531   -7.140  1.189347  8.040785  4.5855454E-03  9.9540435E-01  1.4168790E-07  3.9736133E-08  6.0471624E-06  2.8507824E-08  1.3481091E-10  2.7663372E-14  2.8685154E-11  1.5716741E-11  6.174E-13  7.049E-06  2.943E-05  9.227E-01  1.739E+00  6.48E+02  4.19E+02  3.12E+02  0.666682  0.817677 -2.9573340E+00  4.5621047254E+00
 96  2.589987004729350E+06  194.057794  6.835173  4.574539  5.0908611E-01  4.9089659E-01  2.9478678E-07  3.0926794E-08  4.9415520E-06  2.2535916E-06  1.1797435E-09  4.2377798E-10  3.0447841E-07  7.9538470E-09  5.024E-10  0.6418  4.574539   -7.139  1.195806  8.042915  4.2798426E-03  9.9571000E-01  1.4242764E-07  3.9953474E-08  6.0446030E-06  2.8364924E-08  1.3683071E-10  2.7581145E-14  2.4105629E-11  1.3589858E-11  5.105E-13  7.047E-06  2.971E-05  9.226E-01  1.741E+00  6.48E+02  4.18E+02  3.12E+02  0.666676  0.817869 -6.0730320E+00  4.5618975268E+00
 97  2.590522129839979E+06  194.057674  6.835313  4.574582  5.0898471E-01  4.9099799E-01  2.9467011E-07  3.0922135E-08  4.9422426E-06  2.2528033E-06  1.1795781E-09  4.2358182E-10  3.0436996E-07  7.9510186E-09  5.020E-10  0.6393  4.574582   -7.138  1.202721  8.045195  3.9741399E-03  9.9601575E-01  1.4326788E-07  4.0195362E-08  6.0419023E-06  2.8217172E-08  1.3912090E-10  2.6944497E-14  2.0382153E-11  1.1539789E-11  4.218E-13  7.044E-06  3.002E-05  9.228E-01  1.743E+00  6.48E+02  4.18E+02  3.12E+02  0.666383  0.818079 -6.0594708E+00  4.5616029363E+00
 98  2.591056454198201E+06  194.057565  6.835465  4.574845  5.0887628E-01  4.9110642E-01  2.9454527E-07  3.0917148E-08  4.9429815E-06  2.2519599E-06  1.1794011E-09  4.2337193E-10  3.0425391E-07  7.9479923E-09  5.016E-10  0.6394  4.574845   -7.139  1.210184  8.047656  3.6684371E-03  9.9632146E-01  1.4417471E-07  4.0459051E-08  6.0391067E-06  2.8063484E-08  1.4163564E-10  2.6546948E-14  1.7273625E-11  9.7338703E-12  3.461E-13  7.047E-06  3.036E-05  9.229E-01  1.735E+00  6.48E+02  4.18E+02  3.12E+02  0.665716  0.818304  0.0000000E+00  4.5613416234E+00
 99  2.591591569319187E+06  194.057441  6.835626  4.574841  5.0876461E-01  4.9121809E-01  2.9441684E-07  3.0912015E-08  4.9437417E-06  2.2510921E-06  1.1792189E-09  4.2315601E-10  3.0413451E-07  7.9448786E-09  5.012E-10  0.6396  4.574841   -7.138  1.218285  8.050328  3.3627343E-03  9.9662711E-01  1.4517893E-07  4.0751174E-08  6.0361698E-06  2.7902551E-08  1.4445114E-10  2.6114940E-14  1.4653718E-11  8.1874124E-12  2.825E-13  7.047E-06  3.073E-05  9.229E-01  1.739E+00  6.48E+02  4.18E+02  3.12E+02  0.665950  0.818551 -2.6892785E+00  4.5610369518E+00
100  2.592127757661967E+06  194.057294  6.835802  4.575098  5.0864577E-01  4.9133702E-01  2.9428017E-07  3.0906550E-08  4.9445507E-06  2.2501686E-06  1.1790249E-09  4.2292623E-10  3.0400743E-07  7.9415648E-09  5.007E-10  0.6399  4.575098   -7.137  1.227140  8.053250  3.0570316E-03  9.9693288E-01  1.4629918E-07  4.1077223E-08  6.0330661E-06  2.7733395E-08  1.4762964E-10  2.5651668E-14  1.2438189E-11  6.8754569E-12  2.296E-13  7.049E-06  3.114E-05  9.230E-01  1.737E+00  6.49E+02  4.17E+02  3.12E+02  0.665264  0.818818  0.0000000E+00  4.5606701912E+00
101  2.592665419754797E+06  194.057119  6.835993  4.575461  5.0852056E-01  4.9146214E-01  2.9413631E-07  3.0900795E-08  4.9454021E-06  2.2491963E-06  1.1788206E-09  4.2268435E-10  3.0387366E-07  7.9380763E-09  5.003E-10  0.6403  4.575461   -7.138  1.236906  8.056472  2.7513288E-03  9.9723854E-01  1.4756169E-07  4.1444932E-08  6.0297589E-06  2.7554717E-08  1.5125516E-10  2.5153807E-14  1.0563016E-11  5.7661619E-12  1.860E-13  7.049E-06  3.160E-05  9.234E-01  1.731E+00  6.49E+02  4.17E+02  3.11E+02  0.664053  0.819110  0.0000000E+00  4.5602259202E+00
102  2.593205113567731E+06  194.056952  6.836196  4.575506  5.0838913E-01  4.9159357E-01  2.9398534E-07  3.0894752E-08  4.9462956E-06  2.2481760E-06  1.1786061E-09  4.2243053E-10  3.0373326E-07  7.9344152E-09  4.998E-10  0.6407  4.575506   -7.134  1.247791  8.060066  2.4456261E-03  9.9754424E-01  1.4900143E-07  4.1864608E-08  6.0261994E-06  2.7364540E-08  1.5544447E-10  2.4612455E-14  8.9756431E-12  4.8291822E-12  1.502E-13  7.060E-06  3.211E-05  9.231E-01  1.743E+00  6.49E+02  4.17E+02  3.12E+02  0.664909  0.819423 -6.7630122E+00  4.5598044874E+00
103  2.593777799159146E+06  194.056724  6.836433  4.575999  5.0824007E-01  4.9174263E-01  2.9381419E-07  3.0887898E-08  4.9473085E-06  2.2470191E-06  1.1783629E-09  4.2214277E-10  3.0357408E-07  7.9302643E-09  4.993E-10  0.6390  4.575999   -7.134  1.260290  8.064199  2.1399233E-03  9.9784994E-01  1.5068779E-07  4.2356618E-08  6.0222727E-06  2.7159342E-08  1.6043495E-10  2.4011160E-14  8.0078907E-12  4.0913024E-12  1.278E-13  7.069E-06  3.273E-05  9.234E-01  1.736E+00  6.50E+02  4.17E+02  3.11E+02  0.663953  0.819789 -2.1664745E+00  4.5592184045E+00
104  2.594370556149320E+06  194.056471  6.836701  4.576586  5.0807866E-01  4.9190404E-01  2.9362903E-07  3.0880477E-08  4.9484043E-06  2.2457673E-06  1.1780997E-09  4.2183144E-10  3.0340185E-07  7.9257728E-09  4.988E-10  0.6439  4.576586   -7.134  1.274969  8.069054  1.8342205E-03  9.9815568E-01  1.5268087E-07  4.2941496E-08  6.0178686E-06  2.6941715E-08  1.6649226E-10  2.3766736E-14  9.0315042E-12  3.6450337E-12  1.312E-13  7.085E-06  3.346E-05  9.236E-01  1.734E+00  6.50E+02  4.17E+02  3.11E+02  0.663244  0.820209  0.0000000E+00  4.5585691172E+00
105  2.594928994731722E+06  194.056198  6.836979  4.577041  5.0791894E-01  4.9206376E-01  2.9344586E-07  3.0873132E-08  4.9494882E-06  2.2445289E-06  1.1778392E-09  4.2152348E-10  3.0323145E-07  7.9213294E-09  4.983E-10  0.6419  4.577041   -7.130  1.290767  8.074279  1.5285178E-03  9.9846137E-01  1.5500847E-07  4.3621862E-08  6.0130182E-06  2.6693898E-08  1.7349572E-10  2.2898937E-14  7.5820770E-12  3.5176968E-12  1.056E-13  7.106E-06  3.427E-05  9.236E-01  1.746E+00  6.51E+02  4.17E+02  3.12E+02  0.663401  0.820649 -6.0353432E+00  4.5578650558E+00
106  2.595493417494531E+06  194.055842  6.837306  4.578585  5.0774229E-01  4.9224043E-01  2.9324335E-07  3.0865005E-08  4.9506866E-06  2.2431596E-06  1.1775509E-09  4.2118298E-10  3.0304304E-07  7.9164160E-09  4.978E-10  0.6421  4.578585   -7.132  1.310626  8.080844  1.2228150E-03  9.9876704E-01  1.5797442E-07  4.4490575E-08  6.0072894E-06  2.6419808E-08  1.8269169E-10  2.2000144E-14  6.3581263E-12  3.0589522E-12  7.902E-14  7.135E-06  3.531E-05  9.245E-01  1.724E+00  6.53E+02  4.17E+02  3.11E+02  0.660080  0.821172  0.0000000E+00  4.5569346390E+00
107  2.596070823905021E+06  194.055473  6.837690  4.579439  5.0754834E-01  4.9243446E-01  2.9302115E-07  3.0856082E-08  4.9520014E-06  2.2416569E-06  1.1772345E-09  4.2080937E-10  3.0283628E-07  7.9110242E-09  4.972E-10  0.6423  4.579439   -7.126  1.335821  8.089173  9.1711225E-04  9.9907279E-01  1.6192679E-07  4.5650852E-08  6.0001372E-06  2.6107879E-08  1.9514365E-10  2.0881198E-14  5.4013013E-12  2.5508854E-12  6.158E-14  7.196E-06  3.668E-05  9.240E-01  1.738E+00  6.54E+02  4.17E+02  3.12E+02  0.661821  0.821794 -9.7077037E-01  4.5559770265E+00
108  2.596674622589821E+06  194.054921  6.838176  4.581414  5.0731753E-01  4.9266520E-01  2.9275703E-07  3.0845466E-08  4.9535642E-06  2.2398706E-06  1.1768582E-09  4.2036530E-10  3.0259050E-07  7.9046146E-09  4.966E-10  0.6423  4.581414   -7.121  1.370261  8.100559  6.1140949E-04  9.9937842E-01  1.6775116E-07  4.7367256E-08  5.9902862E-06  2.5759609E-08  2.1370516E-10  1.9376231E-14  4.6202748E-12  2.0878154E-12  4.648E-14  7.282E-06  3.864E-05  9.242E-01  1.745E+00  6.57E+02  4.18E+02  3.14E+02  0.661353  0.822591 -4.6449140E+00  4.5545292061E+00
109  2.597358286101656E+06  194.053309  6.838893  4.591381  5.0696879E-01  4.9301391E-01  2.9235828E-07  3.0829421E-08  4.9559235E-06  2.2371730E-06  1.1762895E-09  4.1969482E-10  3.0221933E-07  7.8949353E-09  4.958E-10  0.6442  4.591381   -7.140  1.426472  8.119150  3.0570673E-04  9.9968413E-01  1.7836056E-07  5.0516331E-08  5.9734369E-06  2.5391632E-08  2.4785239E-10  1.7369114E-14  4.3851250E-12  1.7062934E-12  3.776E-14  7.395E-06  4.207E-05  9.317E-01  1.616E+00  6.70E+02  4.25E+02  3.03E+02  0.632681  0.823765  0.0000000E+00  4.5501975597E+00
110  2.599043003892643E+06  194.048638  6.842791  4.629382  5.0602090E-01  4.9396190E-01  2.9127670E-07  3.0785793E-08  4.9623215E-06  2.2298532E-06  1.1747442E-09  4.1787620E-10  3.0121217E-07  7.8686705E-09  4.936E-10  0.6042  4.629382   -7.072  1.812809  8.246823  3.9707730E-09  9.9998990E-01  3.6098973E-07  1.0354794E-07  5.6999851E-06  2.7732344E-08  6.0795409E-10  5.1340411E-15  3.8744926E-12  1.3591746E-12  1.553E-14  9.441E-06  7.552E-05  9.332E-01  1.748E+00  7.29E+02  4.53E+02  3.26E+02  0.626467  0.830691  0.0000000E+00  4.5385575703E+00
111  2.599069629846189E+06  194.048637  6.842840  4.628778  5.0600041E-01  4.9398239E-01  2.9125334E-07  3.0784849E-08  4.9624597E-06  2.2296950E-06  1.1747107E-09  4.1783692E-10  3.0119041E-07  7.8681029E-09  4.936E-10  0.6017  4.628778   -7.113  1.821090  8.249556  2.3300617E-09  9.9998990E-01  3.6299424E-07  1.0382800E-07  5.6973429E-06  2.7733569E-08  6.0830043E-10  5.0388608E-15  3.8744976E-12  1.3591693E-12  1.553E-14  9.518E-06  7.647E-05  9.316E-01  1.575E+00  7.29E+02  4.53E+02  3.31E+02  0.633168  0.830772  0.0000000E+00  4.5385546802E+00
112  2.599096255799735E+06  194.048634  6.842907  4.628058  5.0598107E-01  4.9400173E-01  2.9123133E-07  3.0783960E-08  4.9625899E-06  2.2295461E-06  1.1746793E-09  4.1779992E-10  3.0116992E-07  7.8675685E-09  4.935E-10  0.5990  4.628058   -7.084  1.829300  8.252265  9.0358424E-10  9.9998990E-01  3.6436890E-07  1.0398463E-07  5.6955688E-06  2.7734358E-08  6.0851476E-10  8.4742138E-14  3.8744999E-12  1.3591668E-12  1.553E-14  9.586E-06  7.743E-05  9.298E-01  1.689E+00  7.28E+02  4.52E+02  3.34E+02  0.639832  0.830892  0.0000000E+00  4.5385513666E+00
113  2.599122881753282E+06  194.048632  6.842983  4.627346  5.0596266E-01  4.9402014E-01  2.9121037E-07  3.0783113E-08  4.9627139E-06  2.2294043E-06  1.1746493E-09  4.1776468E-10  3.0115039E-07  7.8670594E-09  4.935E-10  0.6016  4.627346   -7.075  1.837422  8.254945  0.0000000E+00  9.9998970E-01  5.7604933E-07  8.5783536E-08  5.6608111E-06  5.0304737E-08  6.0881507E-10  1.9236905E-08  3.9345320E-12  4.0258323E-10  1.105E-14  9.653E-06  7.838E-05  9.281E-01  1.724E+00  7.27E+02  4.51E+02  3.38E+02  0.646403  0.831026  0.0000000E+00  4.5385479354E+00
114  2.599149507706828E+06  194.048553  6.843063  4.626530  5.0594421E-01  4.9403859E-01  2.9118938E-07  3.0782265E-08  4.9628380E-06  2.2292621E-06  1.1746193E-09  4.1772939E-10  3.0113084E-07  7.8665494E-09  4.934E-10  0.6018  4.626530   -7.065  1.845476  8.257601  0.0000000E+00  9.9998925E-01  1.0205791E-06  5.8395078E-08  5.6043384E-06  9.3933619E-08  6.1507783E-10  3.3576244E-08  2.0807371E-11  8.4653835E-10  6.302E-15  9.697E-06  7.935E-05  9.266E-01  1.763E+00  7.26E+02  4.50E+02  3.41E+02  0.652070  0.831169 -4.6832390E+00  4.5383620895E+00
115  2.599176133660374E+06  194.047926  6.843170  4.626996  5.0592098E-01  4.9406182E-01  2.9116288E-07  3.0781193E-08  4.9629947E-06  2.2290827E-06  1.1745813E-09  4.1768482E-10  3.0110615E-07  7.8659056E-09  4.934E-10  0.6015  4.626996   -7.059  1.853457  8.260233  0.0000000E+00  9.9998866E-01  1.5509885E-06  3.9139470E-08  5.5492249E-06  1.2029704E-07  6.1683331E-10  6.6414324E-08  3.4614259E-11  2.0533611E-09  4.650E-15  9.590E-06  8.031E-05  9.287E-01  1.791E+00  7.27E+02  4.50E+02  3.36E+02  0.644353  0.831364 -4.1638559E+00  4.5368601119E+00
116  2.599202759613920E+06  194.047924  6.843290  4.631681  5.0590254E-01  4.9408026E-01  2.9114188E-07  3.0780344E-08  4.9631189E-06  2.2289405E-06  1.1745513E-09  4.1764950E-10  3.0108659E-07  7.8653954E-09  4.934E-10  0.5933  4.631681   -7.083  1.861360  8.262840  0.0000000E+00  9.9998802E-01  2.1962190E-06  2.5655551E-08  5.4921509E-06  1.3730173E-07  6.1677473E-10  1.1248341E-07  4.3776171E-11  3.9488346E-09  3.570E-15  9.676E-06  8.128E-05  9.320E-01  1.691E+00  7.34E+02  4.55E+02  3.31E+02  0.631639  0.831581  0.0000000E+00  4.5368567609E+00
117  2.599229385567466E+06  194.047922  6.843344  4.630638  5.0588563E-01  4.9409717E-01  2.9112267E-07  3.0779568E-08  4.9632326E-06  2.2288105E-06  1.1745238E-09  4.1761721E-10  3.0106869E-07  7.8649287E-09  4.933E-10  0.5952  4.630638   -7.092  1.869189  8.265422  0.0000000E+00  9.9998729E-01  2.9452887E-06  1.6618474E-08  5.4321621E-06  1.4868638E-07  6.1662346E-10  1.7024052E-07  4.9393286E-11  6.6946776E-09  2.863E-15  9.742E-06  8.224E-05  9.300E-01  1.649E+00  7.32E+02  4.53E+02  3.36E+02  0.639280  0.831678  0.0000000E+00  4.5368536482E+00
118  2.599256011521013E+06  194.047920  6.843417  4.629761  5.0586930E-01  4.9411350E-01  2.9110400E-07  3.0778813E-08  4.9633430E-06  2.2286841E-06  1.1744970E-09  4.1758582E-10  3.0105131E-07  7.8644753E-09  4.933E-10  0.5947  4.629761   -7.072  1.876942  8.267977  0.0000000E+00  9.9998641E-01  3.8332826E-06  1.0467606E-08  5.3658524E-06  1.5647405E-07  6.1643224E-10  2.4029151E-07  5.3536064E-11  1.0554798E-08  2.389E-15  9.802E-06  8.321E-05  9.283E-01  1.732E+00  7.31E+02  4.53E+02  3.39E+02  0.646032  0.831808  0.0000000E+00  4.5368502039E+00
119  2.599282637474559E+06  194.047685  6.843501  4.628901  5.0585102E-01  4.9413178E-01  2.9108319E-07  3.0777972E-08  4.9634661E-06  2.2285432E-06  1.1744673E-09  4.1755084E-10  3.0103193E-07  7.8639699E-09  4.933E-10  0.5898  4.628901   -7.061  1.884613  8.270505  0.0000000E+00  9.9998534E-01  4.8782981E-06  6.4124375E-09  5.2918662E-06  1.6165227E-07  6.1621048E-10  3.2317580E-07  5.6424237E-11  1.5857225E-08  2.077E-15  9.797E-06  8.418E-05  9.274E-01  1.771E+00  7.30E+02  4.52E+02  3.41E+02  0.649079  0.831958 -4.7246443E+00  4.5362989908E+00
120  2.599309263428105E+06  194.047282  6.843613  4.631191  5.0583171E-01  4.9415109E-01  2.9106125E-07  3.0777085E-08  4.9635958E-06  2.2283947E-06  1.1744359E-09  4.1751394E-10  3.0101148E-07  7.8634368E-09  4.932E-10  0.5972  4.631191   -7.063  1.892197  8.273004  0.0000000E+00  9.9998410E-01  6.0935365E-06  4.0050448E-09  5.2099673E-06  1.6477177E-07  6.1595670E-10  4.1818415E-07  5.8304144E-11  2.3106864E-08  1.889E-15  9.755E-06  8.515E-05  9.302E-01  1.766E+00  7.33E+02  4.54E+02  3.35E+02  0.638229  0.832166 -3.9375961E+00  4.5353437938E+00
121  2.599335889381651E+06  194.047279  6.843703  4.633316  5.0581676E-01  4.9416604E-01  2.9104421E-07  3.0776396E-08  4.9636966E-06  2.2282793E-06  1.1744115E-09  4.1748529E-10  3.0099561E-07  7.8630229E-09  4.932E-10  0.5979  4.633316   -7.087  1.899694  8.275474  0.0000000E+00  9.9998260E-01  7.5147294E-06  2.5271161E-09  5.1180861E-06  1.6673192E-07  6.1566211E-10  5.2580004E-07  5.9655189E-11  3.2799228E-08  1.771E-15  9.832E-06  8.612E-05  9.312E-01  1.661E+00  7.36E+02  4.55E+02  3.35E+02  0.634581  0.832329  0.0000000E+00  4.5353405831E+00
122  2.599362515335198E+06  194.047277  6.843763  4.632103  5.0580325E-01  4.9417955E-01  2.9102880E-07  3.0775773E-08  4.9637878E-06  2.2281749E-06  1.1743895E-09  4.1745937E-10  3.0098125E-07  7.8626484E-09  4.931E-10  0.5965  4.632103   -7.079  1.907104  8.277915  0.0000000E+00  9.9998089E-01  9.1790094E-06  1.5074294E-09  5.0145155E-06  1.6812700E-07  6.1532123E-10  6.4696513E-07  6.0758128E-11  4.5514384E-08  1.688E-15  9.889E-06  8.709E-05  9.292E-01  1.695E+00  7.34E+02  4.54E+02  3.39E+02  0.642349  0.832437  0.0000000E+00  4.5353373167E+00
123  2.599389141288744E+06  194.047260  6.843839  4.631115  5.0578969E-01  4.9419311E-01  2.9101333E-07  3.0775147E-08  4.9638792E-06  2.2280702E-06  1.1743674E-09  4.1743336E-10  3.0096684E-07  7.8622727E-09  4.931E-10  0.5964  4.631115   -7.064  1.914426  8.280325  0.0000000E+00  9.9997898E-01  1.1113114E-05  8.7720354E-10  4.8991600E-06  1.6904537E-07  6.1492904E-10  7.8101048E-07  6.1651873E-11  6.1965446E-08  1.635E-15  9.937E-06  8.805E-05  9.274E-01  1.758E+00  7.33E+02  4.53E+02  3.42E+02  0.648865  0.832575 -5.0030259E+00  4.5352993681E+00
124  2.599415767242290E+06  194.046663  6.843931  4.630526  5.0577398E-01  4.9420882E-01  2.9099549E-07  3.0774426E-08  4.9639848E-06  2.2279494E-06  1.1743418E-09  4.1740336E-10  3.0095022E-07  7.8618391E-09  4.931E-10  0.5973  4.630526   -7.054  1.921653  8.282704  0.0000000E+00  9.9997662E-01  1.3365191E-05  4.9762768E-10  4.7710349E-06  1.6966819E-07  6.1447693E-10  9.2813196E-07  6.2428105E-11  8.3123362E-08  1.601E-15  9.823E-06  8.902E-05  9.286E-01  1.795E+00  7.32E+02  4.52E+02  3.39E+02  0.644841  0.832746 -4.6058059E+00  4.5338888544E+00
125  2.599442393195836E+06  194.046591  6.844052  4.635794  5.0576464E-01  4.9421816E-01  2.9098486E-07  3.0773996E-08  4.9640476E-06  2.2278775E-06  1.1743266E-09  4.1738549E-10  3.0094032E-07  7.8615810E-09  4.931E-10  0.5963  4.635794   -7.073  1.928778  8.285048  0.0000000E+00  9.9997399E-01  1.5979810E-05  2.8859639E-10  4.6307395E-06  1.7010573E-07  6.1395780E-10  1.0863607E-06  6.3141121E-11  1.1025395E-07  1.583E-15  9.887E-06  8.998E-05  9.327E-01  1.719E+00  7.40E+02  4.57E+02  3.33E+02  0.628661  0.832973 -4.0772109E+00  4.5337227574E+00
126  2.599469019149382E+06  194.046589  6.844102  4.634525  5.0575667E-01  4.9422613E-01  2.9097576E-07  3.0773628E-08  4.9641015E-06  2.2278158E-06  1.1743135E-09  4.1737018E-10  3.0093184E-07  7.8613597E-09  4.930E-10  0.5960  4.634525   -7.089  1.935811  8.287361  0.0000000E+00  9.9997096E-01  1.8944839E-05  1.5821610E-10  4.4765869E-06  1.7046935E-07  6.1337389E-10  1.2582793E-06  6.3851761E-11  1.4262103E-07  1.571E-15  9.936E-06  9.093E-05  9.308E-01  1.650E+00  7.38E+02  4.55E+02  3.36E+02  0.636173  0.833064  0.0000000E+00  4.5337197124E+00
127  2.599495645102928E+06  194.046587  6.844174  4.633868  5.0574482E-01  4.9423798E-01  2.9096230E-07  3.0773084E-08  4.9641811E-06  2.2277247E-06  1.1742942E-09  4.1734755E-10  3.0091931E-07  7.8610329E-09  4.930E-10  0.5944  4.633868   -7.067  1.942745  8.289641  0.0000000E+00  9.9996752E-01  2.2343972E-05  7.8408925E-11  4.3047284E-06  1.7080019E-07  6.1270981E-10  1.4478711E-06  6.4594884E-11  1.8134413E-07  1.563E-15  9.980E-06  9.189E-05  9.296E-01  1.738E+00  7.37E+02  4.55E+02  3.39E+02  0.641054  0.833196  0.0000000E+00  4.5337162919E+00
128  2.599522271056475E+06  194.046543  6.844251  4.632869  5.0572970E-01  4.9425310E-01  2.9094504E-07  3.0772386E-08  4.9642832E-06  2.2276078E-06  1.1742696E-09  4.1731852E-10  3.0090322E-07  7.8606135E-09  4.930E-10  0.5962  4.632869   -7.063  1.949569  8.291884  0.0000000E+00  9.9996352E-01  2.6265249E-05  3.9710946E-11  4.1204117E-06  1.7114171E-07  6.1195123E-10  1.6457641E-06  6.5393885E-11  2.2960718E-07  1.559E-15  1.002E-05  9.283E-05  9.280E-01  1.756E+00  7.36E+02  4.53E+02  3.42E+02  0.646749  0.833334 -3.4403111E+00  4.5336154953E+00
129  2.599548897010021E+06  194.046078  6.844350  4.633259  5.0571121E-01  4.9427160E-01  2.9092404E-07  3.0771536E-08  4.9644074E-06  2.2274657E-06  1.1742395E-09  4.1728320E-10  3.0088365E-07  7.8601032E-09  4.929E-10  0.5916  4.633259   -7.057  1.956283  8.294090  0.0000000E+00  9.9995899E-01  3.0792669E-05  1.8968270E-11  3.9225950E-06  1.7154034E-07  6.1108316E-10  1.8521186E-06  6.6282830E-11  2.8880523E-07  1.557E-15  9.931E-06  9.378E-05  9.296E-01  1.782E+00  7.36E+02  4.54E+02  3.38E+02  0.640913  0.833518 -3.8845625E+00  4.5325268015E+00
130  2.599575522963567E+06  194.046075  6.844441  4.635763  5.0569671E-01  4.9428612E-01  2.9090748E-07  3.0770868E-08  4.9645053E-06  2.2273535E-06  1.1742159E-09  4.1725537E-10  3.0086823E-07  7.8597010E-09  4.929E-10  0.5938  4.635763   -7.088  1.962885  8.296258  0.0000000E+00  9.9995370E-01  3.5955941E-05  9.1271617E-12  3.7159438E-06  1.7202719E-07  6.1010279E-10  2.0598668E-06  6.7270752E-11  3.6021720E-07  1.556E-15  1.001E-05  9.471E-05  9.309E-01  1.654E+00  7.40E+02  4.56E+02  3.37E+02  0.635763  0.833684  0.0000000E+00  4.5325235383E+00
131  2.599602148917113E+06  194.046059  6.844501  4.634198  5.0568457E-01  4.9429823E-01  2.9089371E-07  3.0770310E-08  4.9645868E-06  2.2272603E-06  1.1741961E-09  4.1723221E-10  3.0085541E-07  7.8593665E-09  4.929E-10  0.5893  4.634198   -7.061  1.969371  8.298387  0.0000000E+00  9.9994773E-01  4.1897544E-05  4.1677889E-12  3.4984277E-06  1.7263975E-07  6.0898488E-10  2.2698831E-06  6.8389263E-11  4.4596511E-07  1.555E-15  1.004E-05  9.564E-05  9.289E-01  1.760E+00  7.38E+02  4.54E+02  3.41E+02  0.643518  0.833791 -1.0698648E+00  4.5324876129E+00
132  2.599628774870660E+06  194.045942  6.844581  4.633817  5.0567307E-01  4.9430973E-01  2.9088059E-07  3.0769780E-08  4.9646644E-06  2.2271714E-06  1.1741774E-09  4.1721015E-10  3.0084318E-07  7.8590477E-09  4.928E-10  0.5877  4.633817   -7.058  1.975732  8.300474  0.0000000E+00  9.9994082E-01  4.8711584E-05  1.9105623E-12  3.2732611E-06  1.7341908E-07  6.0771532E-10  2.4765444E-06  6.9655052E-11  5.4786220E-07  1.555E-15  1.006E-05  9.656E-05  9.283E-01  1.771E+00  7.37E+02  4.54E+02  3.42E+02  0.645802  0.833941 -5.3553243E+00  4.5322192176E+00
133  2.599655400824206E+06  194.045841  6.844662  4.633928  5.0566250E-01  4.9432030E-01  2.9086857E-07  3.0769294E-08  4.9647355E-06  2.2270901E-06  1.1741602E-09  4.1718994E-10  3.0083199E-07  7.8587558E-09  4.928E-10  0.5855  4.633928   -7.058  1.981962  8.302517  0.0000000E+00  9.9993291E-01  5.6470729E-05  9.4755868E-13  3.0608848E-06  1.7452125E-07  6.0628970E-10  2.6528450E-06  7.1075120E-11  6.6678846E-07  1.554E-15  1.007E-05  9.747E-05  9.281E-01  1.771E+00  7.38E+02  4.54E+02  3.43E+02  0.646454  0.834090 -5.4490151E+00  4.5319868171E+00
134  2.599682026777752E+06  194.045706  6.844738  4.633518  5.0565306E-01  4.9432974E-01  2.9085777E-07  3.0768857E-08  4.9647994E-06  2.2270170E-06  1.1741446E-09  4.1717178E-10  3.0082192E-07  7.8584933E-09  4.928E-10  0.5931  4.633518   -7.057  1.988056  8.304513  0.0000000E+00  9.9992406E-01  6.5235494E-05  5.0072575E-13  2.8522657E-06  1.7593890E-07  6.0469785E-10  2.8110388E-06  7.2660834E-11  8.0195577E-07  1.554E-15  1.008E-05  9.835E-05  9.276E-01  1.772E+00  7.37E+02  4.53E+02  3.44E+02  0.648437  0.834230 -5.4533521E+00  4.5316759183E+00
135  2.599708652731298E+06  194.045148  6.844832  4.634508  5.0564453E-01  4.9433827E-01  2.9084806E-07  3.0768464E-08  4.9648568E-06  2.2269512E-06  1.1741307E-09  4.1715545E-10  3.0081288E-07  7.8582574E-09  4.928E-10  0.5909  4.634508   -7.053  1.994011  8.306463  0.0000000E+00  9.9991408E-01  7.5180079E-05  2.6546782E-13  2.6421905E-06  1.7771866E-07  6.0290948E-10  2.9566659E-06  7.4443185E-11  9.5479697E-07  1.554E-15  9.969E-06  9.924E-05  9.301E-01  1.791E+00  7.38E+02  4.53E+02  3.38E+02  0.638761  0.834409 -4.7077455E+00  4.5303728328E+00
136  2.599735278684844E+06  194.044948  6.844936  4.638591  5.0564029E-01  4.9434251E-01  2.9084323E-07  3.0768269E-08  4.9648854E-06  2.2269185E-06  1.1741238E-09  4.1714733E-10  3.0080838E-07  7.8581402E-09  4.927E-10  0.5926  4.638591   -7.079  1.999834  8.308368  0.0000000E+00  9.9990285E-01  8.6301601E-05  1.4264705E-13  2.4342034E-06  1.7990977E-07  6.0092818E-10  3.0862065E-06  7.6419267E-11  1.1240396E-06  1.554E-15  9.973E-06  1.001E-04  9.339E-01  1.686E+00  7.44E+02  4.56E+02  3.31E+02  0.623769  0.834608 -2.6233560E+00  4.5299076805E+00
137  2.599761904638391E+06  194.044946  6.844992  4.638770  5.0563826E-01  4.9434454E-01  2.9084095E-07  3.0768177E-08  4.9648989E-06  2.2269031E-06  1.1741206E-09  4.1714349E-10  3.0080625E-07  7.8580846E-09  4.927E-10  0.5920  4.638770   -7.098  2.005500  8.310222  0.0000000E+00  9.9989011E-01  9.8912792E-05  8.5128372E-14  2.2421048E-06  1.8291543E-07  5.9871713E-10  3.1834063E-06  7.8627691E-11  1.3078698E-06  1.553E-15  1.001E-05  1.009E-04  9.336E-01  1.608E+00  7.45E+02  4.57E+02  3.32E+02  0.625019  0.834715  0.0000000E+00  4.5299046935E+00
138  2.599788530591937E+06  194.044943  6.845046  4.638031  5.0563752E-01  4.9434528E-01  2.9084011E-07  3.0768143E-08  4.9649038E-06  2.2268974E-06  1.1741194E-09  4.1714208E-10  3.0080547E-07  7.8580642E-09  4.927E-10  0.5907  4.638031   -7.085  2.011025  8.312027  0.0000000E+00  9.9987608E-01  1.1286977E-04  5.7214467E-14  2.0650142E-06  1.8674761E-07  5.9630335E-10  3.2525335E-06  8.1042065E-11  1.5024485E-06  1.553E-15  1.003E-05  1.018E-04  9.326E-01  1.656E+00  7.43E+02  4.56E+02  3.34E+02  0.628991  0.834817  0.0000000E+00  4.5299015373E+00
139  2.599815156545483E+06  194.044941  6.845104  4.637128  5.0563737E-01  4.9434543E-01  2.9083995E-07  3.0768137E-08  4.9649047E-06  2.2268963E-06  1.1741192E-09  4.1714182E-10  3.0080532E-07  7.8580605E-09  4.927E-10  0.5914  4.637128   -7.075  2.016407  8.313784  0.0000000E+00  9.9986065E-01  1.2823420E-04  4.3199120E-14  1.8937671E-06  1.9134897E-07  5.9367287E-10  3.3040891E-06  8.3676743E-11  1.7093418E-06  1.552E-15  1.004E-05  1.026E-04  9.316E-01  1.696E+00  7.42E+02  4.55E+02  3.36E+02  0.632936  0.834929  0.0000000E+00  4.5298982435E+00
140  2.599841782499029E+06  194.044939  6.845166  4.636672  5.0563730E-01  4.9434550E-01  2.9083988E-07  3.0768134E-08  4.9649051E-06  2.2268959E-06  1.1741191E-09  4.1714170E-10  3.0080526E-07  7.8580588E-09  4.927E-10  0.5916  4.636672   -7.067  2.021641  8.315491  0.0000000E+00  9.9984359E-01  1.4519300E-04  3.7193944E-14  1.7280962E-06  1.9686982E-07  5.9079862E-10  3.3380190E-06  8.6559758E-11  1.9290420E-06  1.552E-15  1.005E-05  1.034E-04  9.310E-01  1.726E+00  7.42E+02  4.55E+02  3.37E+02  0.635228  0.835048  0.0000000E+00  4.5298948474E+00
141  2.599868408452576E+06  194.044937  6.845228  4.636025  5.0563730E-01  4.9434550E-01  2.9083986E-07  3.0768133E-08  4.9649053E-06  2.2268957E-06  1.1741190E-09  4.1714166E-10  3.0080524E-07  7.8580582E-09  4.927E-10  0.5913  4.636025   -7.067  2.026727  8.317149  0.0000000E+00  9.9982485E-01  1.6379794E-04  3.6203833E-14  1.5694703E-06  2.0344030E-07  5.8767780E-10  3.3537565E-06  8.9695055E-11  2.1599320E-06  1.551E-15  1.005E-05  1.042E-04  9.303E-01  1.726E+00  7.40E+02  4.54E+02  3.38E+02  0.638051  0.835169  0.0000000E+00  4.5298914509E+00
142  2.599895034406122E+06  194.044934  6.845293  4.635397  5.0563730E-01  4.9434550E-01  2.9083984E-07  3.0768132E-08  4.9649054E-06  2.2268956E-06  1.1741190E-09  4.1714163E-10  3.0080522E-07  7.8580577E-09  4.927E-10  0.5898  4.635397   -7.062  2.031662  8.318756  0.0000000E+00  9.9980433E-01  1.8423791E-04  3.8201624E-14  1.4181304E-06  2.1126077E-07  5.8428554E-10  3.3511446E-06  9.3108941E-11  2.4018293E-06  1.550E-15  1.006E-05  1.050E-04  9.296E-01  1.748E+00  7.39E+02  4.53E+02  3.40E+02  0.640782  0.835294  0.0000000E+00  4.5298879793E+00
143  2.599921660359668E+06  194.044921  6.845358  4.634638  5.0563730E-01  4.9434550E-01  2.9083982E-07  3.0768131E-08  4.9649055E-06  2.2268955E-06  1.1741190E-09  4.1714160E-10  3.0080520E-07  7.8580573E-09  4.926E-10  0.5920  4.634638   -7.058  2.036446  8.320312  0.0000000E+00  9.9978224E-01  2.0627890E-04  4.2616101E-14  1.2696083E-06  2.1993640E-07  5.8064567E-10  3.3345650E-06  9.6776874E-11  2.6563867E-06  1.550E-15  1.006E-05  1.057E-04  9.288E-01  1.765E+00  7.38E+02  4.52E+02  3.41E+02  0.643710  0.835418 -6.3228178E+00  4.5298599226E+00
144  2.599948286313214E+06  194.044562  6.845427  4.634028  5.0563720E-01  4.9434560E-01  2.9083971E-07  3.0768126E-08  4.9649062E-06  2.2268947E-06  1.1741188E-09  4.1714141E-10  3.0080510E-07  7.8580545E-09  4.926E-10  0.5894  4.634028   -7.052  2.041071  8.321816  0.0000000E+00  9.9975796E-01  2.3046573E-04  4.8459725E-14  1.1297549E-06  2.3022197E-07  5.7669518E-10  3.2987372E-06  1.0076570E-10  2.9208822E-06  1.549E-15  9.959E-06  1.064E-04  9.297E-01  1.786E+00  7.37E+02  4.51E+02  3.39E+02  0.640509  0.835553 -4.8838630E+00  4.5290282367E+00
145  2.599974912266760E+06  194.044546  6.845524  4.637561  5.0563710E-01  4.9434570E-01  2.9083964E-07  3.0768124E-08  4.9649066E-06  2.2268943E-06  1.1741187E-09  4.1714130E-10  3.0080504E-07  7.8580530E-09  4.926E-10  0.5871  4.637561   -7.058  2.045546  8.323268  0.0000000E+00  9.9973147E-01  2.5678856E-04  5.5826041E-14  9.9990061E-07  2.4230402E-07  5.7244533E-10  3.2445311E-06  1.0506597E-10  3.1921577E-06  1.548E-15  9.977E-06  1.072E-04  9.328E-01  1.765E+00  7.42E+02  4.54E+02  3.33E+02  0.628328  0.835739 -6.4357590E+00  4.5289944294E+00
146  2.600001538220306E+06  194.044544  6.845571  4.636322  5.0563710E-01  4.9434570E-01  2.9083964E-07  3.0768124E-08  4.9649066E-06  2.2268942E-06  1.1741187E-09  4.1714130E-10  3.0080503E-07  7.8580529E-09  4.926E-10  0.5919  4.636322   -7.091  2.049866  8.324669  0.0000000E+00  9.9970487E-01  2.8333021E-04  9.6773444E-14  8.9620064E-07  2.5560040E-07  5.6822278E-10  3.1711471E-06  1.0935042E-10  3.4457119E-06  1.547E-15  9.971E-06  1.078E-04  9.317E-01  1.628E+00  7.40E+02  4.53E+02  3.35E+02  0.632710  0.835829 -6.5327650E-02  4.5289911581E+00
147  2.600028164173853E+06  194.044541  6.845627  4.635809  5.0563710E-01  4.9434570E-01  2.9083963E-07  3.0768124E-08  4.9649066E-06  2.2268942E-06  1.1741187E-09  4.1714128E-10  3.0080503E-07  7.8580527E-09  4.926E-10  0.5920  4.635809   -7.064  2.054026  8.326016  0.0000000E+00  9.9967450E-01  3.1357040E-04  9.2194711E-14  7.8714107E-07  2.7163439E-07  5.6345726E-10  3.0878319E-06  1.1419504E-10  3.7199263E-06  1.546E-15  9.967E-06  1.085E-04  9.312E-01  1.737E+00  7.40E+02  4.52E+02  3.36E+02  0.634420  0.835938  0.0000000E+00  4.5289877226E+00
148  2.600054790127399E+06  194.044539  6.845685  4.635116  5.0563710E-01  4.9434570E-01  2.9083963E-07  3.0768123E-08  4.9649066E-06  2.2268941E-06  1.1741187E-09  4.1714128E-10  3.0080502E-07  7.8580526E-09  4.926E-10  0.5928  4.635116   -7.065  2.058035  8.327312  0.0000000E+00  9.9964231E-01  3.4569961E-04  9.5610569E-14  6.8927592E-07  2.8991856E-07  5.5845990E-10  2.9922784E-06  1.1928831E-10  3.9915207E-06  1.545E-15  9.959E-06  1.091E-04  9.307E-01  1.732E+00  7.39E+02  4.51E+02  3.37E+02  0.636689  0.836051  0.0000000E+00  4.5289843030E+00
149  2.600081416080945E+06  194.044537  6.845742  4.634357  5.0563710E-01  4.9434570E-01  2.9083963E-07  3.0768123E-08  4.9649067E-06  2.2268941E-06  1.1741187E-09  4.1714127E-10  3.0080502E-07  7.8580526E-09  4.926E-10  0.5940  4.634357   -7.061  2.061680  8.328485  0.0000000E+00  9.9960783E-01  3.8007110E-04  1.0343346E-13  6.0077762E-07  3.1084078E-07  5.5318431E-10  2.8855980E-06  1.2467947E-10  4.2620197E-06  1.544E-15  9.949E-06  1.097E-04  9.300E-01  1.750E+00  7.37E+02  4.50E+02  3.38E+02  0.639055  0.836159  0.0000000E+00  4.5289808222E+00
150  2.600108042034491E+06  194.044525  6.845802  4.633581  5.0563710E-01  4.9434570E-01  2.9083962E-07  3.0768123E-08  4.9649067E-06  2.2268941E-06  1.1741187E-09  4.1714127E-10  3.0080502E-07  7.8580525E-09  4.926E-10  0.5930  4.633581   -7.057  2.065181  8.329609  0.0000000E+00  9.9957312E-01  4.1476707E-04  2.0310301E-13  5.3511125E-07  3.3374608E-07  5.4795267E-10  2.7683261E-06  1.3004503E-10  4.5095232E-06  1.542E-15  9.938E-06  1.103E-04  9.294E-01  1.766E+00  7.36E+02  4.50E+02  3.39E+02  0.641410  0.836275 -6.3989373E+00  4.5289561928E+00
151  2.600134667988038E+06  194.044263  6.845866  4.632715  5.0563710E-01  4.9434570E-01  2.9083961E-07  3.0768123E-08  4.9649068E-06  2.2268940E-06  1.1741187E-09  4.1714124E-10  3.0080501E-07  7.8580521E-09  4.925E-10  0.5945  4.632715   -7.053  2.068510  8.330675  0.0000000E+00  9.9953435E-01  4.5340244E-04  1.7725770E-13  4.6291799E-07  3.6045385E-07  5.4218442E-10  2.6476969E-06  1.3597322E-10  4.7714831E-06  1.541E-15  9.851E-06  1.108E-04  9.298E-01  1.781E+00  7.35E+02  4.48E+02  3.37E+02  0.639921  0.836400 -5.0195761E+00  4.5283512114E+00
152  2.600161293941584E+06  194.044175  6.845949  4.634889  5.0563710E-01  4.9434570E-01  2.9083961E-07  3.0768122E-08  4.9649068E-06  2.2268940E-06  1.1741187E-09  4.1714124E-10  3.0080500E-07  7.8580521E-09  4.925E-10  0.5936  4.634889   -7.054  2.071760  8.331716  0.0000000E+00  9.9949336E-01  4.9424778E-04  1.6905824E-13  3.9890744E-07  3.9050383E-07  5.3617626E-10  2.5217150E-06  1.4216650E-10  5.0271430E-06  1.539E-15  9.820E-06  1.113E-04  9.323E-01  1.775E+00  7.38E+02  4.50E+02  3.32E+02  0.630144  0.836559 -5.4960122E+00  4.5281493169E+00
153  2.600187919895130E+06  194.044172  6.845998  4.634702  5.0563710E-01  4.9434570E-01  2.9083961E-07  3.0768122E-08  4.9649068E-06  2.2268940E-06  1.1741187E-09  4.1714124E-10  3.0080500E-07  7.8580521E-09  4.925E-10  0.5927  4.634702   -7.081  2.074134  8.332455  0.0000000E+00  9.9945066E-01  5.3693649E-04  1.7060525E-13  3.4259109E-07  4.2377362E-07  5.2998714E-10  2.3927332E-06  1.4856580E-10  5.2743889E-06  1.538E-15  9.805E-06  1.117E-04  9.323E-01  1.666E+00  7.37E+02  4.50E+02  3.32E+02  0.630059  0.836652 -4.6830555E-02  4.5281444235E+00
154  2.600214545848676E+06  194.044170  6.846047  4.634109  5.0563710E-01  4.9434570E-01  2.9083960E-07  3.0768122E-08  4.9649068E-06  2.2268940E-06  1.1741187E-09  4.1714124E-10  3.0080500E-07  7.8580521E-09  4.925E-10  0.5851  4.634109   -7.070  2.077436  8.333516  0.0000000E+00  9.9940468E-01  5.8277266E-04  1.7888489E-13  2.9236615E-07  4.6170604E-07  5.2344911E-10  2.2591569E-06  1.5534727E-10  5.5177112E-06  1.536E-15  9.789E-06  1.122E-04  9.320E-01  1.709E+00  7.36E+02  4.49E+02  3.33E+02  0.631442  0.836746  0.0000000E+00  4.5281410759E+00
155  2.600241171802223E+06  194.044167  6.846092  4.632824  5.0563710E-01  4.9434570E-01  2.9083960E-07  3.0768122E-08  4.9649068E-06  2.2268940E-06  1.1741187E-09  4.1714123E-10  3.0080500E-07  7.8580520E-09  4.925E-10  0.5908  4.632824   -7.066  2.078974  8.333969  0.0000000E+00  9.9935907E-01  6.2834268E-04  1.9106798E-13  2.5039253E-07  5.0147349E-07  5.1704421E-10  2.1311360E-06  1.6201312E-10  5.7412381E-06  1.534E-15  9.761E-06  1.124E-04  9.312E-01  1.725E+00  7.34E+02  4.48E+02  3.34E+02  0.634741  0.836834  0.0000000E+00  4.5281376704E+00
156  2.600267797755769E+06  194.044165  6.846147  4.632498  5.0563710E-01  4.9434570E-01  2.9083960E-07  3.0768122E-08  4.9649068E-06  2.2268940E-06  1.1741187E-09  4.1714123E-10  3.0080500E-07  7.8580520E-09  4.925E-10  0.5912  4.632498   -7.058  2.081893  8.334900  0.0000000E+00  9.9931038E-01  6.7690780E-04  2.0561950E-13  2.1320056E-07  5.4624241E-07  5.1033124E-10  2.0014798E-06  1.6902184E-10  5.9592767E-06  1.532E-15  9.741E-06  1.129E-04  9.311E-01  1.759E+00  7.34E+02  4.47E+02  3.34E+02  0.634927  0.836939  0.0000000E+00  4.5281341456E+00
157  2.600294423709315E+06  194.044163  6.846195  4.631605  5.0563710E-01  4.9434570E-01  2.9083960E-07  3.0768122E-08  4.9649068E-06  2.2268940E-06  1.1741187E-09  4.1714123E-10  3.0080500E-07  7.8580519E-09  4.925E-10  0.5909  4.631605   -7.063  2.084288  8.335651  0.0000000E+00  9.9925978E-01  7.2743232E-04  2.2239046E-13  1.8104906E-07  5.9534255E-07  5.0346366E-10  1.8739206E-06  1.7621935E-10  6.1668359E-06  1.530E-15  9.717E-06  1.133E-04  9.306E-01  1.740E+00  7.32E+02  4.46E+02  3.34E+02  0.636941  0.837032  0.0000000E+00  4.5281306828E+00
158  2.600321049662861E+06  194.044160  6.846243  4.630774  5.0563710E-01  4.9434570E-01  2.9083960E-07  3.0768122E-08  4.9649068E-06  2.2268939E-06  1.1741186E-09  4.1714123E-10  3.0080500E-07  7.8580519E-09  4.925E-10  0.5908  4.630774   -7.057  2.086596  8.336374  0.0000000E+00  9.9920719E-01  7.7991176E-04  2.4064189E-13  1.5335576E-07  6.4902976E-07  4.9645239E-10  1.7493579E-06  1.8359617E-10  6.3637296E-06  1.528E-15  9.691E-06  1.137E-04  9.302E-01  1.765E+00  7.31E+02  4.45E+02  3.35E+02  0.638673  0.837124  0.0000000E+00  4.5281271335E+00
159  2.600347675616407E+06  194.044092  6.846300  4.630145  5.0563710E-01  4.9434570E-01  2.9083960E-07  3.0768122E-08  4.9649068E-06  2.2268939E-06  1.1741186E-09  4.1714122E-10  3.0080499E-07  7.8580519E-09  4.924E-10  0.5890  4.630145   -7.055  2.088815  8.337067  0.0000000E+00  9.9915209E-01  8.3487660E-04  2.6031432E-13  1.2934494E-07  7.0814143E-07  4.8923763E-10  1.6273342E-06  1.9121854E-10  6.5517459E-06  1.526E-15  9.653E-06  1.139E-04  9.301E-01  1.774E+00  7.30E+02  4.44E+02  3.34E+02  0.638952  0.837235 -5.5622525E+00  4.5279704881E+00
160  2.600374301569954E+06  194.044037  6.846352  4.629553  5.0563710E-01  4.9434570E-01  2.9083959E-07  3.0768122E-08  4.9649069E-06  2.2268939E-06  1.1741186E-09  4.1714122E-10  3.0080499E-07  7.8580518E-09  4.924E-10  0.5933  4.629553   -7.055  2.089526  8.337239  0.0000000E+00  9.9909956E-01  8.8731036E-04  2.8686198E-13  1.1068450E-07  7.6734637E-07  4.8247467E-10  1.5186459E-06  1.9839495E-10  6.7149714E-06  1.524E-15  9.606E-06  1.142E-04  9.302E-01  1.772E+00  7.29E+02  4.44E+02  3.34E+02  0.638562  0.837334 -5.7067211E+00  4.5278456526E+00
161  2.600400927523500E+06  194.044001  6.846401  4.629644  5.0563710E-01  4.9434570E-01  2.9083959E-07  3.0768122E-08  4.9649069E-06  2.2268939E-06  1.1741186E-09  4.1714121E-10  3.0080499E-07  7.8580517E-09  4.924E-10  0.5834  4.629644   -7.056  2.091835  8.337966  0.0000000E+00  9.9904129E-01  9.4549407E-04  3.0449751E-13  9.2909300E-08  8.3581381E-07  4.7509069E-10  1.4058423E-06  2.0625701E-10  6.8819150E-06  1.522E-15  9.576E-06  1.145E-04  9.307E-01  1.770E+00  7.29E+02  4.44E+02  3.32E+02  0.636595  0.837429 -5.8968599E+00  4.5277637477E+00
162  2.600427553477046E+06  194.043999  6.846451  4.628662  5.0563710E-01  4.9434570E-01  2.9083959E-07  3.0768122E-08  4.9649069E-06  2.2268939E-06  1.1741186E-09  4.1714121E-10  3.0080499E-07  7.8580517E-09  4.924E-10  0.5879  4.628662   -7.061  2.091733  8.337860  0.0000000E+00  9.9898447E-01  1.0022015E-03  3.2330579E-13  7.8341425E-08  9.0529555E-07  4.6800304E-10  1.3027252E-06  2.1383506E-10  7.0319295E-06  1.519E-15  9.542E-06  1.145E-04  9.302E-01  1.745E+00  7.27E+02  4.43E+02  3.33E+02  0.638376  0.837526 -3.8002431E-02  4.5277597350E+00
163  2.600454179430592E+06  194.043785  6.846490  4.628234  5.0563710E-01  4.9434580E-01  2.9083957E-07  3.0768121E-08  4.9649070E-06  2.2268938E-06  1.1741186E-09  4.1714118E-10  3.0080497E-07  7.8580513E-09  4.924E-10  0.5816  4.628234   -7.053  2.094547  8.338762  0.0000000E+00  9.9892338E-01  1.0631861E-03  3.4375411E-13  6.5526688E-08  9.8350268E-07  4.6053136E-10  1.2009888E-06  2.2185708E-10  7.1775376E-06  1.517E-15  9.455E-06  1.150E-04  9.311E-01  1.780E+00  7.26E+02  4.42E+02  3.30E+02  0.635004  0.837602 -5.0659958E+00  4.5272636286E+00
164  2.600480805384139E+06  194.043781  6.846562  4.629769  5.0563710E-01  4.9434580E-01  2.9083957E-07  3.0768121E-08  4.9649070E-06  2.2268937E-06  1.1741186E-09  4.1714118E-10  3.0080497E-07  7.8580512E-09  4.924E-10  0.5909  4.629769   -7.061  2.097039  8.339554  0.0000000E+00  9.9886276E-01  1.1236686E-03  3.6640753E-13  5.5223369E-08  1.0647286E-06  4.5327499E-10  1.1089542E-06  2.2969588E-10  7.3072884E-06  1.514E-15  9.424E-06  1.153E-04  9.330E-01  1.748E+00  7.29E+02  4.43E+02  3.27E+02  0.627615  0.837741 -3.0498867E-02  4.5272570367E+00
165  2.600507431337684E+06  194.043779  6.846588  4.628452  5.0563700E-01  4.9434580E-01  2.9083955E-07  3.0768120E-08  4.9649071E-06  2.2268936E-06  1.1741186E-09  4.1714114E-10  3.0080495E-07  7.8580506E-09  4.924E-10  0.5912  4.628452   -7.079  2.096483  8.339295  0.0000000E+00  9.9880424E-01  1.1820740E-03  4.1691677E-13  4.6972232E-08  1.1461571E-06  4.4637801E-10  1.0262218E-06  2.3718513E-10  7.4223893E-06  1.512E-15  9.376E-06  1.151E-04  9.324E-01  1.674E+00  7.26E+02  4.42E+02  3.27E+02  0.629779  0.837792  0.0000000E+00  4.5272537860E+00
166  2.600534057291231E+06  194.043777  6.846631  4.628377  5.0563700E-01  4.9434580E-01  2.9083953E-07  3.0768119E-08  4.9649072E-06  2.2268935E-06  1.1741186E-09  4.1714111E-10  3.0080493E-07  7.8580503E-09  4.924E-10  0.5888  4.628377   -7.063  2.098039  8.339764  0.0000000E+00  9.9874095E-01  1.2453251E-03  4.2961917E-13  3.9310180E-08  1.2374856E-06  4.3903337E-10  9.4319567E-07  2.4519059E-10  7.5369770E-06  1.509E-15  9.342E-06  1.153E-04  9.328E-01  1.740E+00  7.26E+02  4.41E+02  3.26E+02  0.628122  0.837875  0.0000000E+00  4.5272502997E+00
167  2.600560683244777E+06  194.043775  6.846669  4.627765  5.0563700E-01  4.9434580E-01  2.9083952E-07  3.0768119E-08  4.9649073E-06  2.2268934E-06  1.1741185E-09  4.1714110E-10  3.0080492E-07  7.8580500E-09  4.923E-10  0.5861  4.627765   -7.071  2.099661  8.340257  0.0000000E+00  9.9867654E-01  1.3096027E-03  4.4805809E-13  3.2914707E-08  1.3340034E-06  4.3171459E-10  8.6607083E-07  2.5321429E-10  7.6423443E-06  1.507E-15  9.310E-06  1.156E-04  9.327E-01  1.707E+00  7.25E+02  4.41E+02  3.26E+02  0.628602  0.837949  0.0000000E+00  4.5272469256E+00
168  2.600587309198323E+06  194.043772  6.846711  4.627117  5.0563700E-01  4.9434580E-01  2.9083951E-07  3.0768119E-08  4.9649073E-06  2.2268933E-06  1.1741185E-09  4.1714108E-10  3.0080491E-07  7.8580497E-09  4.923E-10  0.5861  4.627117   -7.068  2.101216  8.340729  0.0000000E+00  9.9861024E-01  1.3757894E-03  4.7096611E-13  2.7501769E-08  1.4372359E-06  4.2432568E-10  7.9357042E-07  2.6136519E-10  7.7405127E-06  1.504E-15  9.283E-06  1.158E-04  9.325E-01  1.721E+00  7.24E+02  4.40E+02  3.26E+02  0.629498  0.838030  0.0000000E+00  4.5272435014E+00
169  2.600613935151869E+06  194.043770  6.846745  4.625951  5.0563700E-01  4.9434580E-01  2.9083949E-07  3.0768118E-08  4.9649075E-06  2.2268932E-06  1.1741185E-09  4.1714104E-10  3.0080490E-07  7.8580493E-09  4.923E-10  0.5858  4.625951   -7.067  2.102160  8.340990  0.0000000E+00  9.9854302E-01  1.4428766E-03  4.9670036E-13  2.2974853E-08  1.5457286E-06  4.1697758E-10  7.2635058E-07  2.6952197E-10  7.8308199E-06  1.501E-15  9.243E-06  1.160E-04  9.320E-01  1.727E+00  7.22E+02  4.39E+02  3.26E+02  0.631512  0.838094  0.0000000E+00  4.5272400535E+00
170  2.600640561105416E+06  194.043768  6.846789  4.625481  5.0563700E-01  4.9434580E-01  2.9083947E-07  3.0768117E-08  4.9649076E-06  2.2268931E-06  1.1741185E-09  4.1714102E-10  3.0080488E-07  7.8580489E-09  4.923E-10  0.5892  4.625481   -7.062  2.103292  8.341315  0.0000000E+00  9.9847461E-01  1.5111041E-03  5.2432886E-13  1.9187407E-08  1.6600645E-06  4.0965001E-10  6.6401897E-07  2.7770728E-10  7.9139776E-06  1.498E-15  9.211E-06  1.161E-04  9.320E-01  1.749E+00  7.22E+02  4.38E+02  3.26E+02  0.631455  0.838179  0.0000000E+00  4.5272365253E+00
171  2.600667187058962E+06  194.043765  6.846811  4.624233  5.0563690E-01  4.9434590E-01  2.9083944E-07  3.0768116E-08  4.9649078E-06  2.2268928E-06  1.1741184E-09  4.1714095E-10  3.0080484E-07  7.8580479E-09  4.923E-10  0.5932  4.624233   -7.065  2.101715  8.340705  0.0000000E+00  9.9841038E-01  1.5752309E-03  5.5083675E-13  1.6215317E-08  1.7709855E-06  4.0286890E-10  6.0979210E-07  2.8532207E-10  7.9858761E-06  1.495E-15  9.166E-06  1.160E-04  9.315E-01  1.735E+00  7.20E+02  4.37E+02  3.26E+02  0.633494  0.838222  0.0000000E+00  4.5272330433E+00
172  2.600693813012508E+06  194.043763  6.846870  4.624335  5.0563690E-01  4.9434590E-01  2.9083942E-07  3.0768115E-08  4.9649079E-06  2.2268927E-06  1.1741184E-09  4.1714092E-10  3.0080483E-07  7.8580475E-09  4.923E-10  0.5858  4.624335   -7.059  2.103459  8.341244  0.0000000E+00  9.9834228E-01  1.6431838E-03  5.7751136E-13  1.3580852E-08  1.8922423E-06  3.9581932E-10  5.5728606E-07  2.9327509E-10  8.0551664E-06  1.492E-15  9.143E-06  1.162E-04  9.319E-01  1.763E+00  7.20E+02  4.37E+02  3.25E+02  0.631793  0.838336  0.0000000E+00  4.5272294615E+00
173  2.600720438966054E+06  194.043761  6.846907  4.623542  5.0563690E-01  4.9434590E-01  2.9083941E-07  3.0768115E-08  4.9649079E-06  2.2268927E-06  1.1741184E-09  4.1714091E-10  3.0080482E-07  7.8580473E-09  4.923E-10  0.5896  4.623542   -7.067  2.106576  8.342258  0.0000000E+00  9.9827048E-01  1.7148254E-03  6.0964474E-13  1.1344162E-08  2.0247147E-06  3.8856296E-10  5.0777462E-07  3.0153327E-10  8.1201805E-06  1.489E-15  9.115E-06  1.166E-04  9.316E-01  1.727E+00  7.18E+02  4.36E+02  3.26E+02  0.633159  0.838408  0.0000000E+00  4.5272260034E+00
174  2.600747064919601E+06  194.043759  6.846935  4.620308  5.0563690E-01  4.9434590E-01  2.9083938E-07  3.0768113E-08  4.9649081E-06  2.2268925E-06  1.1741183E-09  4.1714086E-10  3.0080479E-07  7.8580466E-09  4.923E-10  0.5918  4.620308   -7.061  2.104559  8.341498  0.0000000E+00  9.9820255E-01  1.7826093E-03  6.4292009E-13  9.5585959E-09  2.1536530E-06  3.8179553E-10  4.6426157E-07  3.0928746E-10  8.1770953E-06  1.486E-15  9.041E-06  1.161E-04  9.296E-01  1.754E+00  7.14E+02  4.33E+02  3.28E+02  0.640898  0.838461  0.0000000E+00  4.5272224522E+00
175  2.600773690873147E+06  194.042522  6.846984  4.618240  5.0563690E-01  4.9434590E-01  2.9083938E-07  3.0768113E-08  4.9649081E-06  2.2268924E-06  1.1741183E-09  4.1714085E-10  3.0080479E-07  7.8580465E-09  4.922E-10  0.5903  4.618240   -7.038  2.105558  8.341780  0.0000000E+00  9.9813254E-01  1.8524656E-03  6.7321273E-13  8.0326945E-09  2.2905373E-06  3.7495512E-10  4.2343740E-07  3.1716369E-10  8.2303181E-06  1.483E-15  8.599E-06  1.163E-04  9.345E-01  1.861E+00  7.09E+02  4.30E+02  3.14E+02  0.621475  0.838562 -4.3174152E+00  4.5242029531E+00
176  2.600800316826693E+06  194.042516  6.847150  4.632645  5.0563690E-01  4.9434590E-01  2.9083937E-07  3.0768113E-08  4.9649082E-06  2.2268924E-06  1.1741183E-09  4.1714085E-10  3.0080479E-07  7.8580464E-09  4.922E-10  0.5895  4.632645   -7.074  2.106924  8.342189  0.0000000E+00  9.9806103E-01  1.9238209E-03  7.0641647E-13  6.7555869E-09  2.4346623E-06  3.6811191E-10  3.8572331E-07  3.2510398E-10  8.2793401E-06  1.480E-15  8.649E-06  1.165E-04  9.457E-01  1.717E+00  7.30E+02  4.42E+02  2.95E+02  0.572740  0.838883 -1.3957008E-02  4.5241890534E+00
177  2.600826942780239E+06  194.042514  6.847121  4.631008  5.0563690E-01  4.9434590E-01  2.9083937E-07  3.0768113E-08  4.9649082E-06  2.2268924E-06  1.1741183E-09  4.1714085E-10  3.0080479E-07  7.8580464E-09  4.922E-10  0.5888  4.631008   -7.166  2.108031  8.342509  0.0000000E+00  9.9798842E-01  1.9963647E-03  7.4242567E-13  5.6903608E-09  2.5855941E-06  3.6129689E-10  3.5102870E-07  3.3307730E-10  8.3243274E-06  1.476E-15  8.607E-06  1.167E-04  9.450E-01  1.359E+00  7.27E+02  4.41E+02  2.96E+02  0.575993  0.838826  0.0000000E+00  4.5241869615E+00
178  2.600853568733785E+06  194.042512  6.847130  4.630782  5.0563690E-01  4.9434590E-01  2.9083937E-07  3.0768113E-08  4.9649082E-06  2.2268924E-06  1.1741183E-09  4.1714085E-10  3.0080479E-07  7.8580464E-09  4.922E-10  0.5883  4.630782   -7.121  2.109263  8.342874  0.0000000E+00  9.9791430E-01  2.0702826E-03  7.8080507E-13  4.8017651E-09  2.7439538E-06  3.5449849E-10  3.1911542E-07  3.4109971E-10  8.3656277E-06  1.473E-15  8.580E-06  1.168E-04  9.451E-01  1.517E+00  7.27E+02  4.40E+02  2.95E+02  0.575166  0.838844  0.0000000E+00  4.5241842318E+00
179  2.600880194687332E+06  194.042510  6.847155  4.630090  5.0563690E-01  4.9434590E-01  2.9083937E-07  3.0768113E-08  4.9649082E-06  2.2268924E-06  1.1741183E-09  4.1714085E-10  3.0080479E-07  7.8580464E-09  4.922E-10  0.5879  4.630090   -7.126  2.110391  8.343203  0.0000000E+00  9.9783889E-01  2.1454640E-03  8.2137195E-13  4.0618887E-09  2.9097156E-06  3.4772979E-10  2.8982984E-07  3.4915881E-10  8.4034719E-06  1.470E-15  8.546E-06  1.170E-04  9.450E-01  1.498E+00  7.26E+02  4.40E+02  2.95E+02  0.575622  0.838892  0.0000000E+00  4.5241815728E+00
180  2.600906820640878E+06  194.042508  6.847179  4.629542  5.0563690E-01  4.9434590E-01  2.9083937E-07  3.0768113E-08  4.9649082E-06  2.2268924E-06  1.1741183E-09  4.1714084E-10  3.0080478E-07  7.8580464E-09  4.922E-10  0.5887  4.629542   -7.124  2.111504  8.343528  0.0000000E+00  9.9776228E-01  2.2219137E-03  8.6383746E-13  3.4464139E-09  3.0831067E-06  3.4099404E-10  2.6299254E-07  3.5725272E-10  8.4381173E-06  1.466E-15  8.513E-06  1.172E-04  9.450E-01  1.505E+00  7.25E+02  4.39E+02  2.94E+02  0.575590  0.838938  0.0000000E+00  4.5241788836E+00
181  2.600933446594424E+06  194.042506  6.847210  4.629011  5.0563690E-01  4.9434590E-01  2.9083937E-07  3.0768113E-08  4.9649082E-06  2.2268924E-06  1.1741183E-09  4.1714084E-10  3.0080478E-07  7.8580464E-09  4.922E-10  0.5822  4.629011   -7.125  2.112651  8.343866  0.0000000E+00  9.9768306E-01  2.3009138E-03  9.0884801E-13  2.9264685E-09  3.2673429E-06  3.3418492E-10  2.3803561E-07  3.6551336E-10  8.4703171E-06  1.462E-15  8.482E-06  1.173E-04  9.450E-01  1.504E+00  7.24E+02  4.38E+02  2.94E+02  0.575655  0.838998  0.0000000E+00  4.5241761983E+00
182  2.600960072547970E+06  194.042504  6.847234  4.628392  5.0563690E-01  4.9434590E-01  2.9083937E-07  3.0768113E-08  4.9649082E-06  2.2268924E-06  1.1741183E-09  4.1714084E-10  3.0080478E-07  7.8580464E-09  4.922E-10  0.5919  4.628392   -7.125  2.113643  8.344151  0.0000000E+00  9.9760983E-01  2.3739699E-03  9.9419369E-13  2.7119955E-09  3.4438428E-06  3.2807006E-10  2.1836012E-07  3.7302943E-10  8.4954832E-06  1.459E-15  8.449E-06  1.175E-04  9.450E-01  1.504E+00  7.23E+02  4.38E+02  2.94E+02  0.575873  0.839045  0.0000000E+00  4.5241735092E+00
183  2.600986698501517E+06  194.042502  6.847263  4.627708  5.0563690E-01  4.9434590E-01  2.9083937E-07  3.0768113E-08  4.9649082E-06  2.2268924E-06  1.1741183E-09  4.1714084E-10  3.0080478E-07  7.8580463E-09  4.921E-10  0.5913  4.627708   -7.124  2.114587  8.344421  0.0000000E+00  9.9752973E-01  2.4539140E-03  1.0263232E-12  2.3242969E-09  3.6403608E-06  3.2146819E-10  1.9771616E-07  3.8119438E-10  8.5221653E-06  1.455E-15  8.417E-06  1.176E-04  9.449E-01  1.506E+00  7.22E+02  4.37E+02  2.94E+02  0.576362  0.839101  0.0000000E+00  4.5241708109E+00
184  2.601013324455063E+06  194.042500  6.847299  4.627168  5.0563690E-01  4.9434590E-01  2.9083937E-07  3.0768113E-08  4.9649082E-06  2.2268924E-06  1.1741183E-09  4.1714084E-10  3.0080478E-07  7.8580463E-09  4.921E-10  0.5826  4.627168   -7.124  2.115826  8.344793  0.0000000E+00  9.9744661E-01  2.5367704E-03  1.0662190E-12  1.9962307E-09  3.8495449E-06  3.1478163E-10  1.7853247E-07  3.8955126E-10  8.5469736E-06  1.451E-15  8.387E-06  1.178E-04  9.449E-01  1.509E+00  7.21E+02  4.36E+02  2.93E+02  0.576452  0.839171  0.0000000E+00  4.5241681002E+00
185  2.601039950408609E+06  194.042498  6.847323  4.626501  5.0563690E-01  4.9434590E-01  2.9083937E-07  3.0768113E-08  4.9649082E-06  2.2268924E-06  1.1741183E-09  4.1714084E-10  3.0080478E-07  7.8580463E-09  4.921E-10  0.5921  4.626501   -7.124  2.116520  8.344977  0.0000000E+00  9.9736619E-01  2.6170085E-03  1.1109457E-12  1.7422827E-09  4.0575726E-06  3.0845184E-10  1.6187793E-07  3.9754751E-10  8.5685254E-06  1.447E-15  8.354E-06  1.179E-04  9.448E-01  1.508E+00  7.20E+02  4.36E+02  2.93E+02  0.576792  0.839216  0.0000000E+00  4.5241653913E+00
186  2.601066576362155E+06  194.042496  6.847357  4.625883  5.0563690E-01  4.9434590E-01  2.9083936E-07  3.0768113E-08  4.9649082E-06  2.2268924E-06  1.1741183E-09  4.1714083E-10  3.0080478E-07  7.8580462E-09  4.921E-10  0.5885  4.625883   -7.124  2.117447  8.345243  0.0000000E+00  9.9728218E-01  2.7008183E-03  1.1574840E-12  1.5190000E-09  4.2803120E-06  3.0198489E-10  1.4620209E-07  4.0580062E-10  8.5888459E-06  1.443E-15  8.319E-06  1.180E-04  9.448E-01  1.510E+00  7.19E+02  4.35E+02  2.93E+02  0.576892  0.839283  0.0000000E+00  4.5241626700E+00
187  2.601093202315701E+06  194.042494  6.847382  4.625252  5.0563690E-01  4.9434590E-01  2.9083936E-07  3.0768113E-08  4.9649082E-06  2.2268923E-06  1.1741183E-09  4.1714083E-10  3.0080478E-07  7.8580462E-09  4.921E-10  0.5841  4.625252   -7.124  2.117635  8.345253  0.0000000E+00  9.9719746E-01  2.7853034E-03  1.2057925E-12  1.3344911E-09  4.5104937E-06  2.9560422E-10  1.3195469E-07  4.1402534E-10  8.6073480E-06  1.439E-15  8.286E-06  1.179E-04  9.447E-01  1.511E+00  7.18E+02  4.34E+02  2.92E+02  0.577082  0.839331  0.0000000E+00  4.5241599458E+00
188  2.601119828269247E+06  194.042492  6.847405  4.624501  5.0563690E-01  4.9434590E-01  2.9083936E-07  3.0768113E-08  4.9649082E-06  2.2268923E-06  1.1741183E-09  4.1714083E-10  3.0080477E-07  7.8580461E-09  4.921E-10  0.5849  4.624501   -7.124  2.117845  8.345270  0.0000000E+00  9.9711354E-01  2.8689866E-03  1.2535149E-12  1.1848572E-09  4.7441248E-06  2.8941966E-10  1.1924562E-07  4.2207323E-10  8.6238902E-06  1.435E-15  8.247E-06  1.180E-04  9.447E-01  1.512E+00  7.17E+02  4.33E+02  2.92E+02  0.577357  0.839375  0.0000000E+00  4.5241572163E+00
189  2.601146454222794E+06  194.042490  6.847438  4.623746  5.0563690E-01  4.9434590E-01  2.9083936E-07  3.0768112E-08  4.9649083E-06  2.2268923E-06  1.1741183E-09  4.1714082E-10  3.0080477E-07  7.8580460E-09  4.921E-10  0.5885  4.623746   -7.123  2.115156  8.344284  0.0000000E+00  9.9703572E-01  2.9465973E-03  1.2935945E-12  1.0708716E-09  4.9657819E-06  2.8376913E-10  1.0836966E-07  4.2946230E-10  8.6380803E-06  1.431E-15  8.211E-06  1.174E-04  9.446E-01  1.514E+00  7.15E+02  4.32E+02  2.92E+02  0.577820  0.839439  0.0000000E+00  4.5241544746E+00
190  2.601173080176340E+06  194.042488  6.847468  4.622955  5.0563690E-01  4.9434590E-01  2.9083935E-07  3.0768112E-08  4.9649083E-06  2.2268923E-06  1.1741183E-09  4.1714081E-10  3.0080477E-07  7.8580460E-09  4.921E-10  0.5773  4.622955   -7.123  2.116071  8.344545  0.0000000E+00  9.9695340E-01  3.0286252E-03  1.3340432E-12  9.7024626E-10  5.2050944E-06  2.7792323E-10  9.7996276E-08  4.3716127E-10  8.6516564E-06  1.427E-15  8.170E-06  1.176E-04  9.445E-01  1.516E+00  7.14E+02  4.32E+02  2.91E+02  0.578049  0.839497  0.0000000E+00  4.5241517231E+00
191  2.601572334745880E+06  194.042457  6.847868  4.610654  5.0563680E-01  4.9434600E-01  2.9083929E-07  3.0768110E-08  4.9649086E-06  2.2268919E-06  1.1741182E-09  4.1714071E-10  3.0080471E-07  7.8580445E-09  4.919E-10  0.5784  4.610654   -7.122  2.128606  8.348114  0.0000000E+00  9.9560531E-01  4.3721680E-03  2.2385263E-12  4.2987505E-10  9.7941476E-06  1.9729468E-10  1.9904888E-08  5.5357046E-10  8.7577371E-06  1.359E-15  7.596E-06  1.193E-04  9.431E-01  1.544E+00  6.94E+02  4.19E+02  2.87E+02  0.584618  0.840271  0.0000000E+00  4.5241094298E+00
192  2.601918300317094E+06  194.042432  6.848143  4.604245  5.0563670E-01  4.9434610E-01  2.9083921E-07  3.0768107E-08  4.9649091E-06  2.2268913E-06  1.1741181E-09  4.1714058E-10  3.0080464E-07  7.8580425E-09  4.917E-10  0.5823  4.604245   -7.131  2.136573  8.350318  0.0000000E+00  9.9425722E-01  5.7143357E-03  3.2111472E-12  3.4580703E-10  1.5690622E-05  1.4026514E-10  5.5665578E-09  6.5537926E-10  8.7822656E-06  1.291E-15  7.197E-06  1.204E-04  9.441E-01  1.528E+00  6.84E+02  4.12E+02  2.80E+02  0.579902  0.840803  0.0000000E+00  4.5240723773E+00
193  2.602237400493009E+06  194.042409  6.848356  4.598619  5.0563670E-01  4.9434610E-01  2.9083914E-07  3.0768103E-08  4.9649096E-06  2.2268908E-06  1.1741180E-09  4.1714045E-10  3.0080456E-07  7.8580407E-09  4.915E-10  0.5765  4.598619   -7.140  2.141783  8.351683  0.0000000E+00  9.9290913E-01  7.0552466E-03  4.2792226E-12  2.8793136E-10  2.2830650E-05  9.9367180E-11  2.5995584E-09  7.4793074E-10  8.7911059E-06  1.224E-15  6.863E-06  1.210E-04  9.450E-01  1.513E+00  6.75E+02  4.06E+02  2.74E+02  0.575665  0.841215  0.0000000E+00  4.5240388591E+00
194  2.602536596653572E+06  194.042386  6.848526  4.592769  5.0563660E-01  4.9434620E-01  2.9083906E-07  3.0768100E-08  4.9649100E-06  2.2268903E-06  1.1741179E-09  4.1714031E-10  3.0080449E-07  7.8580387E-09  4.914E-10  0.5818  4.592769   -7.147  2.145884  8.352739  0.0000000E+00  9.9156104E-01  8.3949217E-03  5.3406571E-12  2.5411528E-10  3.1243946E-05  7.0296226E-11  1.7402362E-09  8.3442502E-10  8.7961917E-06  1.157E-15  6.567E-06  1.216E-04  9.454E-01  1.510E+00  6.65E+02  3.99E+02  2.69E+02  0.573925  0.841545  0.0000000E+00  4.5240076788E+00
195  2.602823862647547E+06  194.042367  6.848671  4.587726  5.0563650E-01  4.9434630E-01  2.9083899E-07  3.0768098E-08  4.9649104E-06  2.2268898E-06  1.1741178E-09  4.1714020E-10  3.0080443E-07  7.8580371E-09  4.913E-10  0.5845  4.587726   -7.154  2.149325  8.353625  0.0000000E+00  9.9021295E-01  9.7333309E-03  6.5062927E-12  2.2794008E-10  4.0923495E-05  4.9703788E-11  1.4652271E-09  9.1723128E-10  8.7997154E-06  1.093E-15  6.311E-06  1.219E-04  9.459E-01  1.503E+00  6.58E+02  3.95E+02  2.65E+02  0.571610  0.841825  0.0000000E+00  4.5239780512E+00
196  2.603099514292265E+06  194.042347  6.848794  4.583424  5.0563650E-01  4.9434630E-01  2.9083892E-07  3.0768095E-08  4.9649108E-06  2.2268893E-06  1.1741177E-09  4.1714008E-10  3.0080436E-07  7.8580354E-09  4.911E-10  0.5793  4.583424   -7.165  2.152067  8.354310  0.0000000E+00  9.8886486E-01  1.1070489E-02  7.6272813E-12  2.0624006E-10  5.1875418E-05  3.5109378E-11  1.2312166E-09  9.9803751E-10  8.8025706E-06  1.032E-15  6.053E-06  1.223E-04  9.472E-01  1.487E+00  6.51E+02  3.90E+02  2.59E+02  0.565630  0.842065  0.0000000E+00  4.5239503590E+00
197  2.603365577734849E+06  194.042329  6.848892  4.577446  5.0563640E-01  4.9434640E-01  2.9083885E-07  3.0768092E-08  4.9649113E-06  2.2268889E-06  1.1741176E-09  4.1713996E-10  3.0080430E-07  7.8580337E-09  4.910E-10  0.5803  4.577446   -7.172  2.154430  8.354897  0.0000000E+00  9.8751677E-01  1.2406351E-02  8.7586248E-12  1.9022029E-10  6.4115925E-05  2.4809350E-11  1.0669743E-09  1.0779432E-09  8.8048602E-06  9.731E-16  5.820E-06  1.225E-04  9.470E-01  1.487E+00  6.42E+02  3.84E+02  2.56E+02  0.566767  0.842255  0.0000000E+00  4.5239237942E+00
198  2.603627465515644E+06  194.042312  6.848975  4.570627  5.0563640E-01  4.9434650E-01  2.9083878E-07  3.0768089E-08  4.9649117E-06  2.2268884E-06  1.1741175E-09  4.1713985E-10  3.0080424E-07  7.8580321E-09  4.909E-10  0.5637  4.570627   -7.181  2.156383  8.355372  0.0000000E+00  9.8616868E-01  1.3740958E-02  1.0013112E-11  1.7264211E-10  7.7609209E-05  1.7536426E-11  9.7742915E-10  1.1576716E-09  8.8066686E-06  9.172E-16  5.579E-06  1.227E-04  9.464E-01  1.488E+00  6.32E+02  3.78E+02  2.53E+02  0.569220  0.842415  0.0000000E+00  4.5238976385E+00
199  2.603883139154924E+06  194.042295  6.849032  4.566260  5.0563630E-01  4.9434650E-01  2.9083871E-07  3.0768086E-08  4.9649121E-06  2.2268879E-06  1.1741174E-09  4.1713974E-10  3.0080417E-07  7.8580304E-09  4.908E-10  0.5699  4.566260   -7.188  2.158097  8.355781  0.0000000E+00  9.8482059E-01  1.5074286E-02  1.1163290E-11  1.5907029E-10  9.2367732E-05  1.2348383E-11  8.4333384E-10  1.2378357E-09  8.8082250E-06  8.641E-16  5.402E-06  1.229E-04  9.466E-01  1.496E+00  6.26E+02  3.75E+02  2.50E+02  0.568270  0.842527  0.0000000E+00  4.5238722089E+00
200  2.604137866820196E+06  194.042279  6.849090  4.561680  5.0563620E-01  4.9434660E-01  2.9083864E-07  3.0768083E-08  4.9649125E-06  2.2268874E-06  1.1741173E-09  4.1713961E-10  3.0080410E-07  7.8580286E-09  4.906E-10  0.5805  4.561680   -7.195  2.159622  8.356143  0.0000000E+00  9.8347250E-01  1.6406264E-02  1.2323307E-11  1.7226522E-10  1.0846551E-04  8.8496601E-12  8.9212101E-10  1.3187771E-09  8.8092364E-06  8.139E-16  5.235E-06  1.230E-04  9.466E-01  1.496E+00  6.19E+02  3.70E+02  2.48E+02  0.568467  0.842638  0.0000000E+00  4.5238470415E+00
201  2.604387804437740E+06  194.042263  6.849138  4.556252  5.0563620E-01  4.9434660E-01  2.9083856E-07  3.0768080E-08  4.9649130E-06  2.2268869E-06  1.1741172E-09  4.1713948E-10  3.0080403E-07  7.8580266E-09  4.905E-10  0.5696  4.556252   -7.200  2.160999  8.356468  0.0000000E+00  9.8212441E-01  1.7736958E-02  1.3458426E-11  1.5344692E-10  1.2584422E-04  6.3461839E-12  8.0421200E-10  1.4008967E-09  8.8102479E-06  7.664E-16  5.099E-06  1.232E-04  9.454E-01  1.517E+00  6.11E+02  3.66E+02  2.48E+02  0.574069  0.842732  0.0000000E+00  4.5238223824E+00
202  2.604633880530577E+06  194.042248  6.849194  4.551373  5.0563610E-01  4.9434670E-01  2.9083848E-07  3.0768077E-08  4.9649134E-06  2.2268864E-06  1.1741170E-09  4.1713935E-10  3.0080395E-07  7.8580247E-09  4.904E-10  0.5817  4.551373   -7.209  2.162270  8.356769  0.0000000E+00  9.8077632E-01  1.9066428E-02  1.4591356E-11  1.3936998E-10  1.4449912E-04  4.5347737E-12  7.0018099E-10  1.4844347E-09  8.8110898E-06  7.216E-16  4.939E-06  1.233E-04  9.451E-01  1.518E+00  6.05E+02  3.62E+02  2.45E+02  0.575109  0.842840  0.0000000E+00  4.5237978811E+00
203  2.604877938394727E+06  194.042233  6.849241  4.546617  5.0563600E-01  4.9434680E-01  2.9083840E-07  3.0768074E-08  4.9649139E-06  2.2268858E-06  1.1741169E-09  4.1713920E-10  3.0080388E-07  7.8580227E-09  4.903E-10  0.5748  4.546617   -7.217  2.163407  8.357036  0.0000000E+00  9.7942823E-01  2.0394541E-02  1.5733984E-11  1.4649332E-10  1.6447392E-04  3.3056076E-12  6.9327070E-10  1.5696025E-09  8.8116071E-06  6.795E-16  4.788E-06  1.234E-04  9.450E-01  1.523E+00  5.98E+02  3.58E+02  2.43E+02  0.576044  0.842933  0.0000000E+00  4.5237737419E+00
204  2.605117231181485E+06  194.042218  6.849304  4.540840  5.0563600E-01  4.9434690E-01  2.9083831E-07  3.0768070E-08  4.9649144E-06  2.2268852E-06  1.1741168E-09  4.1713906E-10  3.0080380E-07  7.8580206E-09  4.902E-10  0.5754  4.540840   -7.227  2.164458  8.357282  0.0000000E+00  9.7808014E-01  2.1721400E-02  1.7037869E-11  1.1438188E-10  1.8565037E-04  2.3383171E-12  5.4706642E-10  1.6564740E-09  8.8122272E-06  6.396E-16  4.624E-06  1.235E-04  9.444E-01  1.534E+00  5.90E+02  3.53E+02  2.41E+02  0.578759  0.843054  0.0000000E+00  4.5237501977E+00
205  2.605360118655875E+06  194.042204  6.849375  4.533510  5.0563590E-01  4.9434690E-01  2.9083823E-07  3.0768067E-08  4.9649149E-06  2.2268846E-06  1.1741167E-09  4.1713892E-10  3.0080372E-07  7.8580185E-09  4.901E-10  0.5797  4.533510   -7.238  2.165424  8.357508  0.0000000E+00  9.7673205E-01  2.3046938E-02  1.8192874E-11  1.2125039E-10  2.0822290E-04  1.8262077E-12  6.1320631E-10  1.7453926E-09  8.8123648E-06  6.022E-16  4.444E-06  1.236E-04  9.431E-01  1.550E+00  5.81E+02  3.47E+02  2.40E+02  0.584378  0.843192  0.0000000E+00  4.5237263155E+00
206  2.605606171223096E+06  194.042190  6.849449  4.526974  5.0563580E-01  4.9434700E-01  2.9083812E-07  3.0768063E-08  4.9649155E-06  2.2268840E-06  1.1741165E-09  4.1713875E-10  3.0080362E-07  7.8580161E-09  4.900E-10  0.5743  4.526974   -7.250  2.166318  8.357716  0.0000000E+00  9.7538396E-01  2.4370972E-02  1.9365306E-11  1.6192949E-10  2.3229338E-04  1.7526920E-12  9.7890071E-10  1.8366982E-09  8.8119150E-06  5.674E-16  4.277E-06  1.236E-04  9.423E-01  1.569E+00  5.72E+02  3.42E+02  2.38E+02  0.588010  0.843336  0.0000000E+00  4.5237021165E+00
207  2.605842394353465E+06  194.042177  6.849535  4.521150  5.0563570E-01  4.9434710E-01  2.9083801E-07  3.0768058E-08  4.9649162E-06  2.2268832E-06  1.1741164E-09  4.1713856E-10  3.0080352E-07  7.8580134E-09  4.898E-10  0.5746  4.521150   -7.261  2.167168  8.357917  0.0000000E+00  9.7403587E-01  2.5693933E-02  2.0434849E-11  1.1276793E-10  2.5736745E-04  1.2770041E-12  5.6321034E-10  1.9302216E-09  8.8125365E-06  5.341E-16  4.139E-06  1.237E-04  9.414E-01  1.587E+00  5.65E+02  3.37E+02  2.37E+02  0.591936  0.843503  0.0000000E+00  4.5236790081E+00
208  2.606077787047753E+06  194.042164  6.849641  4.514884  5.0563560E-01  4.9434720E-01  2.9083789E-07  3.0768053E-08  4.9649169E-06  2.2268824E-06  1.1741162E-09  4.1713836E-10  3.0080341E-07  7.8580105E-09  4.897E-10  0.5836  4.514884   -7.271  2.167999  8.358116  0.0000000E+00  9.7268778E-01  2.7015623E-02  2.1550643E-11  1.1081628E-10  2.8379319E-04  1.0030178E-12  5.3673441E-10  2.0263244E-09  8.8125033E-06  5.029E-16  4.002E-06  1.238E-04  9.403E-01  1.609E+00  5.57E+02  3.32E+02  2.36E+02  0.597006  0.843708  0.0000000E+00  4.5236560336E+00
209  2.606317233491724E+06  194.042152  6.849756  4.507926  5.0563550E-01  4.9434738E-01  2.9083776E-07  3.0768048E-08  4.9649177E-06  2.2268815E-06  1.1741160E-09  4.1713813E-10  3.0080328E-07  7.8580072E-09  4.896E-10  0.5739  4.507926   -7.284  2.168713  8.358284  0.0000000E+00  9.7133969E-01  2.8335782E-02  2.2865540E-11  2.3750681E-10  3.1176496E-04  1.0884091E-12  1.0318458E-09  2.1254675E-09  8.8114941E-06  4.739E-16  3.859E-06  1.238E-04  9.388E-01  1.639E+00  5.48E+02  3.27E+02  2.35E+02  0.603263  0.843931  0.0000000E+00  4.5236326434E+00
210  2.606548771365252E+06  194.042140  6.849892  4.499088  5.0563530E-01  4.9434750E-01  2.9083762E-07  3.0768042E-08  4.9649185E-06  2.2268805E-06  1.1741158E-09  4.1713790E-10  3.0080315E-07  7.8580038E-09  4.895E-10  0.5783  4.499088   -7.297  2.169464  8.358464  0.0000000E+00  9.6999160E-01  2.9654831E-02  2.3725379E-11  9.1583928E-11  3.4074615E-04  7.9715089E-13  4.9539115E-10  2.2272622E-09  8.8121610E-06  4.462E-16  3.705E-06  1.239E-04  9.363E-01  1.683E+00  5.38E+02  3.20E+02  2.35E+02  0.614078  0.844197  0.0000000E+00  4.5236098540E+00
211  2.608107115225980E+06  194.041372  6.851154  4.449138  5.0563380E-01  4.9434900E-01  2.9083590E-07  3.0767973E-08  4.9649287E-06  2.2268689E-06  1.1741134E-09  4.1713501E-10  3.0080155E-07  7.8579622E-09  4.888E-10  0.5846  4.449138   -7.470  2.173586  8.359471  0.0000000E+00  9.6084850E-01  3.8566018E-02  3.1010746E-11  8.2727240E-11  5.7270501E-04  3.6370639E-13  3.3232839E-10  3.0117218E-09  8.8091509E-06  2.980E-16  2.630E-06  1.242E-04  9.357E-01  1.730E+00  4.79E+02  2.83E+02  2.10E+02  0.616584  0.846655  0.0000000E+00  4.5211578723E+00
212  2.609640324391661E+06  194.039673  6.852894  4.388913  5.0561940E-01  4.9436350E-01  2.9081941E-07  3.0767306E-08  4.9650262E-06  2.2267573E-06  1.1740898E-09  4.1710728E-10  3.0078619E-07  7.8575614E-09  4.880E-10  0.5775  4.388913   -7.774  2.176776  8.360289  0.0000000E+00  9.5170539E-01  4.7415097E-02  3.8033553E-11  9.7450926E-11  8.6671135E-04  4.2275111E-13  3.7227394E-10  4.0108959E-09  8.8037492E-06  2.011E-16  1.688E-06  1.245E-04  9.388E-01  1.786E+00  4.16E+02  2.43E+02  1.78E+02  0.603540  0.850055 -5.5541363E+00  4.5148937867E+00
213  2.611168133063738E+06  194.037435  6.854884  4.309752  5.0559463E-01  4.9438817E-01  2.9079124E-07  3.0766167E-08  4.9651928E-06  2.2265665E-06  1.1740494E-09  4.1705991E-10  3.0075994E-07  7.8568771E-09  4.873E-10  0.5871  4.309752   -6.574  2.179529  8.361045  0.0000000E+00  9.4256229E-01  5.6200635E-02  4.5586822E-11  1.6386719E-10  1.2242273E-03  5.4120914E-13  7.5375805E-10  5.3036088E-09  8.7963310E-06  1.381E-16  9.363E-07  1.248E-04  9.434E-01  1.871E+00  3.46E+02  1.99E+02  1.42E+02  0.583238  0.853953  0.0000000E+00  4.5052679277E+00
214  2.612647801873482E+06  194.034359  6.856926  4.210307  5.0552063E-01  4.9446220E-01  2.9070700E-07  3.0762760E-08  4.9656911E-06  2.2259962E-06  1.1739289E-09  4.1691826E-10  3.0068147E-07  7.8548305E-09  4.865E-10  0.5876  4.210307   -6.620  2.181966  8.361743  0.0000000E+00  9.3341919E-01  6.4925488E-02  5.1329698E-11  2.5284298E-11  1.6425226E-03  1.7560581E-13  7.0451784E-11  6.9558584E-09  8.7896244E-06  9.324E-17  4.207E-07  1.251E-04  9.546E-01  2.075E+00  2.74E+02  1.55E+02  1.01E+02  0.528712  0.857949  0.0000000E+00  4.4887217805E+00
215  2.614197381830604E+06  194.032643  6.858976  4.048838  5.0533824E-01  4.9464460E-01  2.9049953E-07  3.0754363E-08  4.9669181E-06  2.2245913E-06  1.1736317E-09  4.1656941E-10  3.0048817E-07  7.8497895E-09  4.855E-10  0.5844  4.048838   -6.748  2.185570  8.362371  0.0000000E+00  9.2427609E-01  7.3576692E-02  5.7850646E-11  3.7942955E-11  2.1343930E-03  9.4239816E-13  5.3743387E-10  9.1203202E-09  8.7800240E-06  7.239E-17  1.180E-07  1.252E-04  9.665E-01  2.282E+00  1.88E+02  1.05E+02  5.95E+01  0.459648  0.861914  0.0000000E+00  4.4769979012E+00
216  2.615969278426472E+06  193.402397  6.860594  3.896501  4.9965897E-01  5.0032403E-01  2.8406903E-07  3.0492672E-08  5.0049352E-06  2.1810070E-06  1.1643857E-09  4.0575586E-10  2.9449122E-07  7.6933937E-09  4.766E-10  0.6017  3.896501   -6.822  2.187094  8.362882  0.0000000E+00  9.1513298E-01  8.2121375E-02  7.1788849E-11  6.4792071E-12  2.7328284E-03  3.5153550E-12  1.5923506E-10  1.2174472E-08  8.7720009E-06  1.607E-16  1.265E-09  1.251E-04  1.000E+00  1.001E+00  1.30E+02  7.20E+01  1.28E+00  0.014791  0.864673  0.0000000E+00  4.3330372774E+00
217  2.617785337077201E+06  192.185359  6.862418  3.899727  4.8063217E-01  5.1935153E-01  2.6307918E-07  2.9612290E-08  5.1287348E-06  2.0380448E-06  1.1336185E-09  3.7045043E-10  2.7482043E-07  7.1803208E-09  4.493E-10  0.6068  3.899727   -3.053  2.188392  8.363380  0.0000000E+00  9.0598988E-01  9.0588507E-02  8.8740761E-11  2.9107543E-12  3.4087564E-03  1.8740030E-12  2.0155025E-10  1.6230892E-08  8.7703978E-06  2.276E-16  1.004E-09  1.250E-04  1.000E+00  1.000E+00  1.31E+02  7.29E+01  9.99E-01  0.011476  0.862724  0.0000000E+00  4.1505418444E+00
218  2.619324894697833E+06  190.871320  6.863790  3.898078  4.6639860E-01  5.3358556E-01  2.4795616E-07  2.8949501E-08  5.2175618E-06  1.9343409E-06  1.1109399E-09  3.4500655E-10  2.6055141E-07  6.8080504E-09  4.291E-10  0.5147  3.898078   -3.026  2.190192  8.364013  0.0000000E+00  8.9684678E-01  9.9050295E-02  8.7920804E-11  2.2901356E-12  4.0900848E-03  2.3001784E-13  1.8370160E-11  2.0415330E-08  8.7597110E-06  1.552E-16  7.362E-10  1.253E-04  1.000E+00  1.000E+00  1.29E+02  7.18E+01  7.48E-01  0.008713  0.863037  0.0000000E+00  3.9983975835E+00
219  2.620927213408896E+06  189.998399  6.865659  3.897469  4.4937633E-01  5.5060837E-01  2.3055161E-07  2.8151264E-08  5.3192244E-06  1.8142318E-06  1.0844617E-09  3.1572152E-10  2.4402553E-07  6.3767601E-09  4.055E-10  0.6014  3.897469   -4.683  2.192193  8.364676  0.0000000E+00  8.8770367E-01  1.0740855E-01  7.6152467E-11  6.2127560E-12  4.8749208E-03  3.7514107E-13  1.3185331E-11  2.6510552E-08  8.7472306E-06  3.558E-17  7.047E-10  1.255E-04  1.000E+00  1.000E+00  1.29E+02  7.21E+01  7.19E-01  0.008406  0.860635  0.0000000E+00  3.9121245110E+00
220  2.622522466978189E+06  188.377513  6.865223  3.888388  4.3648951E-01  5.6349550E-01  2.1789384E-07  2.7542477E-08  5.3926192E-06  1.7263597E-06  1.0651132E-09  2.9442580E-10  2.3193567E-07  6.0611050E-09  3.879E-10  0.3792  3.888388   -2.870  2.193011  8.364995  0.0000000E+00  8.7856057E-01  1.1571945E-01  4.3991399E-09  7.6733350E-09  5.7070669E-03  1.4669142E-12  1.6671218E-09  3.2818119E-08  8.7251228E-06  5.251E-17  5.663E-10  1.256E-04  1.000E+00  1.000E+00  1.26E+02  7.11E+01  5.95E-01  0.007095  0.859456  0.0000000E+00  3.7625804875E+00
221  2.624068409840015E+06  186.740647  6.868200  3.900118  4.2288701E-01  5.7709849E-01  2.0491910E-07  2.6898249E-08  5.4673384E-06  1.6359647E-06  1.0453855E-09  2.7260461E-10  2.1949930E-07  5.7362753E-09  3.696E-10  0.6011  3.900118   -5.057  2.195013  8.365699  0.0000000E+00  8.6941747E-01  1.2395758E-01  9.6422187E-11  1.2763095E-12  6.6120498E-03  2.0451602E-13  5.6041328E-12  4.0518306E-08  8.7252515E-06  2.035E-17  6.803E-10  1.260E-04  1.000E+00  1.000E+00  1.28E+02  7.09E+01  6.87E-01  0.008055  0.864688  0.0000000E+00  3.6317156865E+00
222  2.625615498413245E+06  185.296945  6.868629  3.899784  4.1155333E-01  5.8843247E-01  1.9441956E-07  2.6368848E-08  5.5272251E-06  1.5626840E-06  1.0296820E-09  2.5496479E-10  2.0941812E-07  5.4728306E-09  3.545E-10  0.4868  3.899784   -3.054  2.196624  8.366255  0.0000000E+00  8.6027437E-01  1.3212724E-01  1.4492097E-10  6.4359581E-11  7.5854795E-03  1.7302677E-13  3.6467373E-11  4.9414017E-08  8.7120237E-06  1.485E-17  5.146E-10  1.262E-04  1.000E+00  1.000E+00  1.27E+02  7.03E+01  5.22E-01  0.006156  0.865337  0.0000000E+00  3.5269916482E+00
223  2.627163201608194E+06  183.873026  6.869620  3.899410  4.0105405E-01  5.9893205E-01  1.8489093E-07  2.5915426E-08  5.5807510E-06  1.4965036E-06  1.0159790E-09  2.3899001E-10  2.0031442E-07  5.2347866E-09  3.408E-10  0.5814  3.899410   -3.033  2.198284  8.366828  0.0000000E+00  8.5113126E-01  1.4021925E-01  1.0529923E-10  1.1329067E-12  8.6365924E-03  1.6509068E-13  6.3466849E-12  5.9924655E-08  8.6985405E-06  1.103E-17  4.776E-10  1.265E-04  1.000E+00  1.000E+00  1.26E+02  6.92E+01  4.87E-01  0.005784  0.867529  0.0000000E+00  3.4304802748E+00
224  2.628726883695413E+06  182.697873  6.870543  3.899871  3.9291108E-01  6.0707531E-01  1.7751917E-07  2.5641165E-08  5.6210615E-06  1.4462840E-06  1.0062804E-09  2.2664697E-10  1.9340681E-07  5.0540309E-09  3.302E-10  0.6426  3.899871   -3.688  2.200004  8.367417  0.0000000E+00  8.4198816E-01  1.4822503E-01  1.0764242E-10  7.7106840E-13  9.7739117E-03  1.8182837E-13  2.7156864E-12  7.2429139E-08  8.6863708E-06  1.280E-17  4.545E-10  1.268E-04  1.000E+00  1.000E+00  1.26E+02  6.84E+01  4.63E-01  0.005521  0.869883  0.0000000E+00  3.3550938712E+00
225  2.630274479284849E+06  181.697364  6.871298  3.897935  3.8565700E-01  6.1432950E-01  1.7080169E-07  2.5520305E-08  5.6562217E-06  1.4023431E-06  9.9894319E-10  2.1534152E-10  1.8736336E-07  4.8957346E-09  3.208E-10  0.6439  3.897935   -4.492  2.201642  8.367958  0.0000000E+00  8.3284506E-01  1.5615637E-01  1.0311456E-10  1.4172747E-12  1.0985634E-02  1.4847876E-13  2.5185739E-12  8.6918103E-08  8.6720245E-06  1.018E-17  4.299E-10  1.270E-04  1.000E+00  1.000E+00  1.25E+02  6.74E+01  4.43E-01  0.005317  0.871631  0.0000000E+00  3.2930005073E+00
226  2.631813510891300E+06  180.878895  6.872127  3.900185  3.7995505E-01  6.2003165E-01  1.6526314E-07  2.5554757E-08  5.6835001E-06  1.3683245E-06  9.9476218E-10  2.0586833E-10  1.8268508E-07  4.7730419E-09  3.134E-10  0.6476  3.900185   -3.575  2.203218  8.368494  0.0000000E+00  8.2370195E-01  1.6400813E-01  1.0387864E-10  1.1919809E-12  1.2276954E-02  1.3659980E-13  2.2634968E-12  1.0373466E-07  8.6565188E-06  7.108E-18  4.135E-10  1.272E-04  1.000E+00  1.000E+00  1.25E+02  6.70E+01  4.21E-01  0.005047  0.873638  0.0000000E+00  3.2441400273E+00
227  2.633347949192326E+06  180.211400  6.872949  3.900614  3.7436354E-01  6.2562346E-01  1.5945038E-07  2.5723199E-08  5.7101179E-06  1.3353948E-06  9.9290507E-10  1.9565460E-10  1.7815711E-07  4.6541048E-09  3.062E-10  0.6470  3.900614   -6.979  2.204854  8.369030  0.0000000E+00  8.1455885E-01  1.7177385E-01  1.1511885E-10  5.4089485E-13  1.3654251E-02  1.3111016E-13  1.4142270E-12  1.2323691E-07  8.6404484E-06  4.986E-18  4.209E-10  1.275E-04  1.000E+00  1.000E+00  1.25E+02  6.66E+01  4.29E-01  0.005143  0.874977  0.0000000E+00  3.2049529569E+00
228  2.634883118847263E+06  179.717594  6.873527  3.901018  3.7117393E-01  6.2881317E-01  1.5587641E-07  2.5883295E-08  5.7253291E-06  1.3168133E-06  9.9343518E-10  1.8917888E-10  1.7560247E-07  4.5868832E-09  3.019E-10  0.6442  3.901018   -6.401  2.206561  8.369598  0.0000000E+00  8.0541575E-01  1.7945487E-01  1.1232861E-10  7.4387579E-13  1.5116314E-02  1.2572470E-13  1.3193460E-12  1.4566847E-07  8.6237930E-06  3.478E-18  4.090E-10  1.277E-04  1.000E+00  1.000E+00  1.25E+02  6.61E+01  4.16E-01  0.004989  0.876511  0.0000000E+00  3.1763165169E+00
229  2.636449739379958E+06  179.349944  6.873894  3.902098  3.6876420E-01  6.3122300E-01  1.5301634E-07  2.6029488E-08  5.7368814E-06  1.3028728E-06  9.9489790E-10  1.8387586E-10  1.7368612E-07  4.5363843E-09  2.986E-10  0.6234  3.902098   -7.114  2.208050  8.370107  0.0000000E+00  7.9627265E-01  1.8704668E-01  1.1997708E-10  4.8670210E-13  1.6667586E-02  1.2021705E-13  9.9801316E-13  1.7145038E-07  8.6065398E-06  2.434E-18  3.978E-10  1.280E-04  1.000E+00  1.000E+00  1.25E+02  6.60E+01  4.02E-01  0.004815  0.877504  0.0000000E+00  3.1553260600E+00
230  2.638014773170752E+06  179.105881  6.874318  3.901497  3.6673827E-01  6.3324898E-01  1.5050876E-07  2.6162199E-08  5.7466468E-06  1.2912083E-06  9.9686104E-10  1.7915120E-10  1.7208281E-07  4.4940863E-09  2.958E-10  0.6547  3.901497   -7.112  2.209586  8.370621  0.0000000E+00  7.8712954E-01  1.9455075E-01  1.2747529E-10  1.2192052E-12  1.8306623E-02  1.1619049E-13  3.9655661E-12  2.0080627E-07  8.5887001E-06  1.723E-18  4.041E-10  1.282E-04  1.000E+00  1.000E+00  1.25E+02  6.56E+01  4.10E-01  0.004925  0.878255  0.0000000E+00  3.1412388207E+00
231  2.639579014702408E+06  178.925326  6.874360  3.902393  3.6540971E-01  6.3457759E-01  1.4879732E-07  2.6252572E-08  5.7530915E-06  1.2835920E-06  9.9865219E-10  1.7587965E-10  1.7103607E-07  4.4664391E-09  2.938E-10  0.6547  3.902393   -3.573  2.211300  8.371185  0.0000000E+00  7.7798644E-01  2.0196396E-01  1.2616701E-10  3.0782549E-13  2.0036518E-02  1.0855785E-13  6.1671549E-13  2.3420217E-07  8.5702523E-06  1.210E-18  3.971E-10  1.285E-04  1.000E+00  1.000E+00  1.25E+02  6.57E+01  4.01E-01  0.004805  0.878375  0.0000000E+00  3.1308682884E+00
232  2.641153733230423E+06  178.801016  6.874926  3.900359  3.6432178E-01  6.3566562E-01  1.4735807E-07  2.6326849E-08  5.7583946E-06  1.2773729E-06  1.0004192E-09  1.7310327E-10  1.7018141E-07  4.4438467E-09  2.921E-10  0.6491  3.900359   -7.112  2.212785  8.371667  0.0000000E+00  7.6884334E-01  2.0928348E-01  1.3297112E-10  1.3268549E-12  2.1860008E-02  1.0296000E-13  2.3268767E-12  2.7208018E-07  8.5511701E-06  8.459E-19  4.154E-10  1.287E-04  1.000E+00  1.000E+00  1.24E+02  6.50E+01  4.25E-01  0.005121  0.879429  0.0000000E+00  3.1236557261E+00
233  2.642753318940423E+06  178.696094  6.874871  3.901542  3.6359905E-01  6.3638833E-01  1.4638108E-07  2.6375704E-08  5.7619326E-06  1.2732511E-06  1.0017664E-09  1.7120523E-10  1.6961502E-07  4.4288635E-09  2.908E-10  0.6374  3.901542   -7.110  2.214475  8.372216  0.0000000E+00  7.5970023E-01  2.1650485E-01  1.3776808E-10  5.5441943E-13  2.3781686E-02  1.0287345E-13  1.5789610E-12  3.1501039E-07  8.5315586E-06  9.656E-19  4.090E-10  1.289E-04  1.000E+00  1.000E+00  1.25E+02  6.52E+01  4.15E-01  0.004998  0.879368  0.0000000E+00  3.1173995174E+00
234  2.644348310623300E+06  178.616753  6.874923  3.901573  3.6293288E-01  6.3705453E-01  1.4546464E-07  2.6419959E-08  5.7652060E-06  1.2694586E-06  1.0031446E-09  1.6941509E-10  1.6909392E-07  4.4150701E-09  2.895E-10  0.6562  3.901573   -7.110  2.216303  8.372803  0.0000000E+00  7.5055713E-01  2.2362953E-01  1.3958290E-10  1.2037946E-13  2.5800035E-02  9.0969107E-14  3.0880913E-13  3.6348224E-07  8.5112790E-06  9.900E-19  3.897E-10  1.292E-04  1.000E+00  1.000E+00  1.25E+02  6.52E+01  3.95E-01  0.004746  0.879434  0.0000000E+00  3.1126781271E+00
235  2.645962413510929E+06  178.557932  6.875124  3.900368  3.6240922E-01  6.3757828E-01  1.4473394E-07  2.6454022E-08  5.7677877E-06  1.2664816E-06  1.0043189E-09  1.6798171E-10  1.6868488E-07  4.4042372E-09  2.885E-10  0.6386  3.900368   -7.110  2.217815  8.373292  0.0000000E+00  7.4141403E-01  2.3065311E-01  1.5660440E-10  7.4491554E-13  2.7919519E-02  1.0012083E-13  1.2519503E-11  4.1812725E-07  8.4903738E-06  1.292E-18  4.178E-10  1.294E-04  1.000E+00  1.000E+00  1.24E+02  6.48E+01  4.27E-01  0.005157  0.879793  0.0000000E+00  3.1092534760E+00
236  2.647571163979445E+06  178.490148  6.875151  3.900067  3.6183187E-01  6.3815560E-01  1.4391703E-07  2.6490521E-08  5.7706430E-06  1.2632048E-06  1.0057182E-09  1.6637271E-10  1.6823469E-07  4.3923082E-09  2.874E-10  0.6383  3.900067   -7.110  2.219617  8.373854  0.0000000E+00  7.3227093E-01  2.3757736E-01  1.4289869E-10  1.1782645E-13  3.0138354E-02  7.8474598E-14  1.9212975E-13  4.7941763E-07  8.4686234E-06  9.645E-19  4.364E-10  1.296E-04  1.000E+00  1.000E+00  1.24E+02  6.48E+01  4.47E-01  0.005402  0.879808  0.0000000E+00  3.1051144989E+00
237  2.649198870673177E+06  178.401984  6.874918  3.901804  3.6121582E-01  6.3877168E-01  1.4303196E-07  2.6527968E-08  5.7737014E-06  1.2597135E-06  1.0073370E-09  1.6462222E-10  1.6775506E-07  4.3795912E-09  2.862E-10  0.6367  3.901804   -7.109  2.221397  8.374408  0.0000000E+00  7.2312782E-01  2.4439357E-01  1.4916602E-10  6.2600292E-14  3.2465117E-02  7.3141531E-14  1.5874958E-13  5.4840556E-07  8.4463770E-06  1.344E-18  3.903E-10  1.299E-04  1.000E+00  1.000E+00  1.25E+02  6.52E+01  3.96E-01  0.004748  0.879373  0.0000000E+00  3.0997441288E+00
238  2.650855050353514E+06  178.312282  6.875125  3.900294  3.6058567E-01  6.3940186E-01  1.4211080E-07  2.6564081E-08  5.7768438E-06  1.2561490E-06  1.0091489E-09  1.6279210E-10  1.6726542E-07  4.3665993E-09  2.850E-10  0.6137  3.900294   -7.110  2.223144  8.374949  0.0000000E+00  7.1398472E-01  2.5109893E-01  1.5984895E-10  4.0067130E-14  3.4902760E-02  8.5392988E-14  1.2242069E-13  6.2578152E-07  8.4237188E-06  2.593E-18  4.211E-10  1.301E-04  1.000E+00  1.000E+00  1.24E+02  6.48E+01  4.31E-01  0.005205  0.879828  0.0000000E+00  3.0942638259E+00
239  2.652517600769391E+06  178.207939  6.875113  3.900407  3.5974524E-01  6.4024236E-01  1.4086120E-07  2.6608757E-08  5.7810542E-06  1.2514035E-06  1.0117814E-09  1.6029929E-10  1.6661362E-07  4.3492916E-09  2.836E-10  0.6158  3.900407   -7.109  2.224989  8.375523  0.0000000E+00  7.0484162E-01  2.5769627E-01  1.8490941E-10  3.1000426E-12  3.7448484E-02  1.0860840E-13  1.1796817E-11  7.1229027E-07  8.4003017E-06  3.629E-18  4.301E-10  1.303E-04  1.000E+00  1.000E+00  1.24E+02  6.48E+01  4.40E-01  0.005315  0.879775  0.0000000E+00  3.0879954221E+00
240  2.654171671211170E+06  178.082655  6.874846  3.901924  3.5888646E-01  6.4110122E-01  1.3955745E-07  2.6649128E-08  5.7853821E-06  1.2465654E-06  1.0147611E-09  1.5768660E-10  1.6594918E-07  4.3316300E-09  2.822E-10  0.6494  3.901924   -7.108  2.226768  8.376051  0.0000000E+00  6.9569851E-01  2.6418851E-01  1.9886880E-10  7.7462170E-12  4.0099203E-02  8.3907492E-14  4.6664838E-11  8.0860579E-07  8.3755239E-06  2.906E-18  3.688E-10  1.305E-04  1.000E+00  1.000E+00  1.25E+02  6.54E+01  3.72E-01  0.004457  0.879297  0.0000000E+00  3.0805930793E+00
241  2.655825843269597E+06  177.948642  6.875102  3.900374  3.5796122E-01  6.4202643E-01  1.3812411E-07  2.6685916E-08  5.7900732E-06  1.2413650E-06  1.0183008E-09  1.5480282E-10  1.6523510E-07  4.3126288E-09  2.807E-10  0.6581  3.900374   -7.108  2.228807  8.376646  0.0000000E+00  6.8655541E-01  2.7056864E-01  1.6357581E-10  1.0611918E-13  4.2862067E-02  5.0552157E-14  1.4122942E-13  9.1581610E-07  8.3498586E-06  1.886E-18  3.635E-10  1.308E-04  1.000E+00  1.000E+00  1.25E+02  6.50E+01  3.69E-01  0.004441  0.879878  0.0000000E+00  3.0726841989E+00
242  2.657488753927121E+06  177.790791  6.874964  3.901083  3.5682406E-01  6.4316364E-01  1.3632505E-07  2.6721000E-08  5.7958772E-06  1.2349888E-06  1.0231067E-09  1.5117064E-10  1.6435972E-07  4.2893058E-09  2.789E-10  0.6484  3.901083   -7.108  2.230465  8.377088  0.0000000E+00  6.7741231E-01  2.7683213E-01  1.6524774E-10  2.3932719E-14  4.5741598E-02  4.5423025E-14  4.4592061E-14  1.0350452E-06  8.3232901E-06  1.222E-18  4.206E-10  1.309E-04  1.000E+00  1.000E+00  1.24E+02  6.49E+01  4.28E-01  0.005176  0.879642  0.0000000E+00  3.0644676736E+00
243  2.659182560357082E+06  177.614200  6.875020  3.900287  3.5557945E-01  6.4440835E-01  1.3430916E-07  2.6744576E-08  5.8022795E-06  1.2280301E-06  1.0289816E-09  1.4708801E-10  1.6340460E-07  4.2638183E-09  2.771E-10  0.6493  3.900287   -6.915  2.231882  8.377392  0.0000000E+00  6.6826921E-01  2.8297326E-01  1.6311443E-10  2.6520939E-14  4.8743423E-02  4.0843607E-14  4.5680757E-14  1.1667761E-06  8.2959504E-06  7.871E-19  4.191E-10  1.309E-04  1.000E+00  1.000E+00  1.24E+02  6.46E+01  4.29E-01  0.005189  0.879822  0.0000000E+00  3.0544457046E+00
244  2.660922183240266E+06  177.397001  6.874854  3.900510  3.5403873E-01  6.4594917E-01  1.3175224E-07  2.6750966E-08  5.8102735E-06  1.2194417E-06  1.0371339E-09  1.4189839E-10  1.6222616E-07  4.2323125E-09  2.749E-10  0.6459  3.900510   -7.107  2.231717  8.376972  0.0000000E+00  6.5912610E-01  2.8898253E-01  1.6722723E-10  1.7223459E-14  5.1877108E-02  3.6632393E-14  2.5218680E-14  1.3106859E-06  8.2680375E-06  5.086E-19  3.568E-10  1.304E-04  1.000E+00  1.000E+00  1.25E+02  6.51E+01  3.61E-01  0.004348  0.879562  0.0000000E+00  3.0425414715E+00
245  2.662787039387647E+06  177.118893  6.874129  3.902379  3.5211061E-01  6.4787739E-01  1.2846596E-07  2.6720410E-08  5.8203772E-06  1.2087343E-06  1.0487286E-09  1.3522234E-10  1.6075765E-07  4.1929528E-09  2.722E-10  0.6359  3.902379   -3.469  2.235045  8.377273  0.0000000E+00  6.4998300E-01  2.9484256E-01  1.5959413E-10  1.5704141E-14  5.5160025E-02  3.2651212E-14  2.3201778E-14  1.4621281E-06  8.2402520E-06  3.324E-19  3.722E-10  1.300E-04  1.000E+00  1.000E+00  1.25E+02  6.56E+01  3.75E-01  0.004495  0.878223  0.0000000E+00  3.0283742426E+00
246  2.664547439065123E+06  176.903744  6.874387  3.900610  3.5061967E-01  6.4936843E-01  1.2586634E-07  2.6665550E-08  5.8282605E-06  1.2004842E-06  1.0587653E-09  1.2994533E-10  1.5962673E-07  4.1625617E-09  2.701E-10  0.6417  3.900610   -7.106  2.241053  8.378950  0.0000000E+00  6.4083990E-01  3.0061264E-01  1.6504522E-10  1.2342240E-14  5.8532867E-02  2.9167681E-14  1.9151046E-14  1.6365789E-06  8.2107965E-06  2.131E-19  3.843E-10  1.308E-04  1.000E+00  1.000E+00  1.24E+02  6.50E+01  3.91E-01  0.004728  0.878843  0.0000000E+00  3.0166543159E+00
247  2.666279738610892E+06  176.676461  6.874014  3.900365  3.4908436E-01  6.5090384E-01  1.2314240E-07  2.6578955E-08  5.8364381E-06  1.1920140E-06  1.0700924E-09  1.2442734E-10  1.5846626E-07  4.1312974E-09  2.680E-10  0.6324  3.900365   -7.107  2.244345  8.379925  0.0000000E+00  6.3169679E-01  3.0627239E-01  1.7159391E-10  9.2788223E-15  6.2015991E-02  2.5905131E-14  1.4499779E-14  1.8344795E-06  8.1798253E-06  1.343E-19  3.921E-10  1.312E-04  1.000E+00  1.000E+00  1.24E+02  6.51E+01  4.00E-01  0.004841  0.878217  0.0000000E+00  3.0044319771E+00
248  2.668008229258926E+06  176.250857  6.873153  3.901542  3.4577607E-01  6.5421230E-01  1.1714557E-07  2.6282466E-08  5.8542313E-06  1.1738497E-06  1.0979628E-09  1.1235423E-10  1.5598041E-07  4.0640216E-09  2.639E-10  0.6379  3.901542   -6.028  2.246978  8.380730  0.0000000E+00  6.2255369E-01  3.1180630E-01  1.7636834E-10  7.1404740E-15  6.5624972E-02  2.2857804E-14  1.1159621E-14  2.0557623E-06  8.1475523E-06  8.366E-20  3.838E-10  1.316E-04  1.000E+00  1.000E+00  1.24E+02  6.57E+01  3.88E-01  0.004686  0.876440  0.0000000E+00  2.9807748635E+00
249  2.669779415892448E+06  175.484090  6.873070  3.899210  3.4030773E-01  6.5968094E-01  1.0705718E-07  2.5458571E-08  5.8839397E-06  1.1440660E-06  1.1539587E-09  9.2425476E-11  1.5191637E-07  3.9529584E-09  2.576E-10  0.6460  3.899210   -5.879  2.248868  8.381226  0.0000000E+00  6.1341059E-01  3.1719906E-01  1.7694452E-10  5.7431628E-15  6.9375089E-02  2.0025316E-14  8.8341524E-15  2.3003700E-06  8.1141869E-06  5.226E-20  3.703E-10  1.317E-04  1.000E+00  1.000E+00  1.23E+02  6.53E+01  3.78E-01  0.004597  0.876526  0.0000000E+00  2.9396105657E+00
250  2.671547135182288E+06  174.380831  6.873303  3.898762  3.3286463E-01  6.6712437E-01  9.3675443E-08  2.3806401E-08  5.9241195E-06  1.1038814E-06  1.2443476E-09  6.7007576E-11  1.4647034E-07  3.8017379E-09  2.496E-10  0.6603  3.898762   -4.104  2.251882  8.382192  0.0000000E+00  6.0426749E-01  3.2246099E-01  2.0005078E-10  1.5228938E-14  7.3255947E-02  1.7687376E-14  7.3181492E-14  2.5737059E-06  8.0793943E-06  3.421E-20  3.688E-10  1.321E-04  1.000E+00  1.000E+00  1.23E+02  6.46E+01  3.77E-01  0.004608  0.877642  0.0000000E+00  2.8839813102E+00
251  2.673335371121650E+06  173.063492  6.874031  3.899911  3.2398847E-01  6.7600093E-01  7.9539423E-08  2.1406333E-08  5.9699848E-06  1.0562086E-06  1.3584352E-09  4.1861634E-11  1.4010807E-07  3.6212113E-09  2.414E-10  0.6630  3.899911   -3.056  2.254274  8.383013  0.0000000E+00  5.9512438E-01  3.2757967E-01  2.1048367E-10  5.4271158E-13  7.7280051E-02  1.7319311E-14  2.8344796E-12  2.8803304E-06  8.0430253E-06  8.630E-20  3.454E-10  1.325E-04  1.000E+00  1.000E+00  1.23E+02  6.42E+01  3.49E-01  0.004259  0.879909  0.0000000E+00  2.8204950832E+00
252  2.675086291050998E+06  171.876973  6.875680  3.899722  3.1534392E-01  6.8464578E-01  6.8784345E-08  1.9129092E-08  6.0110734E-06  1.0095689E-06  1.4542002E-09  2.4298374E-11  1.3405498E-07  3.4463808E-09  2.357E-10  0.6706  3.899722   -3.051  2.256613  8.383816  0.0000000E+00  5.8598128E-01  3.3256347E-01  2.1286459E-10  2.9525745E-12  8.1439071E-02  1.4838130E-14  1.5834637E-12  3.2192511E-06  8.0052822E-06  1.353E-19  3.402E-10  1.329E-04  1.000E+00  1.000E+00  1.23E+02  6.29E+01  3.45E-01  0.004221  0.883548  0.0000000E+00  2.7645714992E+00
253  2.676825592414895E+06  170.916312  6.877464  3.898888  3.0813634E-01  6.9185346E-01  6.2399342E-08  1.7573721E-08  6.0423191E-06  9.7008551E-07  1.5078826E-09  1.4747731E-11  1.2911941E-07  3.3037750E-09  2.341E-10  0.6742  3.898888   -6.020  2.258105  8.384303  0.0000000E+00  5.7683818E-01  3.3739773E-01  1.8782527E-10  7.8236336E-14  8.5747457E-02  1.1321094E-14  1.7655277E-13  3.5945094E-06  7.9660966E-06  8.950E-20  3.341E-10  1.331E-04  1.000E+00  1.000E+00  1.22E+02  6.15E+01  3.40E-01  0.004189  0.887282  0.0000000E+00  2.7200449881E+00
254  2.678580367756484E+06  170.065172  6.878485  3.900919  3.0161592E-01  6.9837396E-01  5.8436234E-08  1.6521384E-08  6.0686310E-06  9.3359766E-07  1.5308409E-09  9.2465575E-12  1.2473938E-07  3.1799985E-09  2.363E-10  0.6807  3.900919   -3.952  2.261172  8.385322  0.0000000E+00  5.6769507E-01  3.4207746E-01  1.9128015E-10  5.3065799E-13  9.0210413E-02  1.0099520E-14  5.7392676E-13  4.0100836E-06  7.9254114E-06  7.748E-20  3.193E-10  1.336E-04  1.000E+00  1.000E+00  1.22E+02  6.11E+01  3.22E-01  0.003954  0.889367  0.0000000E+00  2.6818403018E+00
255  2.680348712627436E+06  169.093052  6.879618  3.900265  2.9326310E-01  7.0672680E-01  5.5295825E-08  1.5628481E-08  6.1005770E-06  8.8550110E-07  1.5256801E-09  5.1778273E-12  1.1923927E-07  3.0331044E-09  2.457E-10  0.6838  3.900265   -5.787  2.263591  8.386196  0.0000000E+00  5.5855197E-01  3.4659951E-01  2.1183252E-10  6.3005671E-16  9.4831035E-02  8.2438350E-15  1.7190283E-15  4.4761730E-06  7.8828564E-06  2.625E-19  3.238E-10  1.341E-04  1.000E+00  1.000E+00  1.22E+02  6.03E+01  3.28E-01  0.004044  0.891061  0.0000000E+00  2.6401355123E+00
256  2.682229240992045E+06  168.524070  6.880599  3.900833  2.8839043E-01  7.1159951E-01  5.4211666E-08  1.5303079E-08  6.1187199E-06  8.5664020E-07  1.5066135E-09  3.8399068E-12  1.1608567E-07  2.9557985E-09  2.553E-10  0.6861  3.900833   -4.896  2.265387  8.386907  0.0000000E+00  5.4940887E-01  3.5089784E-01  2.6712971E-10  5.8853813E-12  9.9675240E-02  8.2331568E-14  6.7711547E-11  5.0091987E-06  7.8388428E-06  6.050E-18  3.231E-10  1.345E-04  1.000E+00  1.000E+00  1.22E+02  5.98E+01  3.27E-01  0.004033  0.892713  0.0000000E+00  2.6150622006E+00
257  2.684031214801748E+06  168.216971  6.881587  3.900408  2.8536358E-01  7.1462642E-01  5.3740675E-08  1.5157684E-08  6.1299222E-06  8.3839822E-07  1.4896922E-09  3.2646505E-12  1.1414601E-07  2.9116127E-09  2.629E-10  0.6916  3.900408   -7.061  2.267676  8.387767  0.0000000E+00  5.4026577E-01  3.5507113E-01  1.9815081E-10  8.6064708E-16  1.0464443E-01  6.7655740E-15  1.3236128E-15  5.5902574E-06  7.7932109E-06  6.671E-18  3.266E-10  1.350E-04  1.000E+00  1.000E+00  1.21E+02  5.92E+01  3.31E-01  0.004098  0.894275  0.0000000E+00  2.6013177467E+00
258  2.686078384397731E+06  167.890405  6.882223  3.900039  2.8258041E-01  7.1740949E-01  5.3413121E-08  1.5054724E-08  6.1402184E-06  8.2141497E-07  1.4711884E-09  2.8613889E-12  1.1237493E-07  2.8738686E-09  2.712E-10  0.6960  3.900039   -7.059  2.269423  8.388481  0.0000000E+00  5.3112266E-01  3.5885837E-01  2.7704377E-10  2.5643926E-11  1.0999958E-01  2.7963624E-13  4.5841255E-11  6.2809608E-06  7.7546988E-06  1.079E-16  3.240E-10  1.353E-04  1.000E+00  1.000E+00  1.21E+02  5.88E+01  3.29E-01  0.004085  0.895384  0.0000000E+00  2.5870394386E+00
259  2.687868409805746E+06  167.734397  6.882577  3.900429  2.8098158E-01  7.1900837E-01  5.3262133E-08  1.5006652E-08  6.1461413E-06  8.1157042E-07  1.4594413E-09  2.6724874E-12  1.1136250E-07  2.8534837E-09  2.763E-10  0.6969  3.900429   -7.057  2.271711  8.389330  0.0000000E+00  5.2197956E-01  3.6271468E-01  1.9354566E-10  3.6406541E-14  1.1528571E-01  8.7830122E-15  2.8668602E-13  6.9917134E-06  7.7047786E-06  6.254E-17  3.214E-10  1.358E-04  1.000E+00  1.000E+00  1.21E+02  5.87E+01  3.26E-01  0.004047  0.895830  0.0000000E+00  2.5799982190E+00
260  2.689657712002479E+06  167.626581  6.882937  3.900160  2.7997490E-01  7.2001510E-01  5.3179108E-08  1.4980030E-08  6.1498754E-06  8.0533989E-07  1.4516622E-09  2.5670691E-12  1.1072689E-07  2.8411563E-09  2.796E-10  0.6988  3.900160   -7.057  2.273844  8.390125  0.0000000E+00  5.1283646E-01  3.6639748E-01  2.0380140E-10  1.3432549E-11  1.2074523E-01  1.3593743E-14  1.5956387E-11  7.7798879E-06  7.6523265E-06  3.507E-17  3.171E-10  1.363E-04  1.000E+00  1.000E+00  1.21E+02  5.84E+01  3.22E-01  0.004005  0.896445  0.0000000E+00  2.5751133552E+00
261  2.691615810960469E+06  167.541662  6.883174  3.900107  2.7913081E-01  7.2085919E-01  5.3117820E-08  1.4960259E-08  6.1530112E-06  8.0009121E-07  1.4448630E-09  2.4878895E-12  1.1019533E-07  2.8312235E-09  2.824E-10  0.6972  3.900107   -7.056  2.275368  8.390691  0.0000000E+00  5.0369335E-01  3.6973742E-01  2.0656465E-10  5.5158707E-12  1.2654743E-01  1.0829840E-13  1.8867123E-11  8.6876934E-06  7.6094902E-06  2.105E-16  3.182E-10  1.366E-04  1.000E+00  1.000E+00  1.21E+02  5.83E+01  3.24E-01  0.004023  0.896797  0.0000000E+00  2.5713476493E+00
262  2.693547863810696E+06  167.485013  6.883328  3.900285  2.7862484E-01  7.2136516E-01  5.3083302E-08  1.4949094E-08  6.1548925E-06  7.9693812E-07  1.4407114E-09  2.4428604E-12  1.0987711E-07  2.8253887E-09  2.840E-10  0.7022  3.900285   -7.055  2.277702  8.391530  0.0000000E+00  4.9455025E-01  3.7291966E-01  5.4380322E-10  4.7588628E-10  1.3250721E-01  4.0218599E-13  5.9232979E-10  9.6864293E-06  7.5639504E-06  3.945E-16  3.172E-10  1.370E-04  1.000E+00  1.000E+00  1.21E+02  5.82E+01  3.22E-01  0.004007  0.897063  0.0000000E+00  2.5688251352E+00
263  2.695510341522738E+06  167.457684  6.883445  3.900122  2.7844592E-01  7.2154408E-01  5.3071424E-08  1.4945246E-08  6.1555582E-06  7.9582159E-07  1.4392312E-09  2.4272942E-12  1.0976459E-07  2.8233430E-09  2.842E-10  0.7022  3.900122   -7.055  2.280108  8.392391  0.0000000E+00  4.8540715E-01  3.7587819E-01  7.8991259E-10  1.0433097E-09  1.3869068E-01  7.3978588E-13  7.9255133E-10  1.0802019E-05  7.5232035E-06  7.102E-16  3.217E-10  1.375E-04  1.000E+00  1.000E+00  1.21E+02  5.81E+01  3.27E-01  0.004068  0.897325  0.0000000E+00  2.5676009352E+00
264  2.697361596824887E+06  167.448650  6.883503  3.900086  2.7831941E-01  7.2167059E-01  5.3063116E-08  1.4942555E-08  6.1560287E-06  7.9503252E-07  1.4381825E-09  2.4163890E-12  1.0968512E-07  2.8219027E-09  2.842E-10  0.7034  3.900086   -7.055  2.282595  8.393280  0.0000000E+00  4.7626405E-01  3.7879491E-01  2.0087642E-10  2.5192213E-11  1.4491586E-01  2.4684015E-14  2.5064318E-11  1.2001157E-05  7.4635426E-06  3.687E-16  3.231E-10  1.380E-04  1.000E+00  1.000E+00  1.21E+02  5.81E+01  3.29E-01  0.004086  0.897405  0.0000000E+00  2.5671953725E+00
265  2.699420459949314E+06  167.439598  6.883533  3.900221  2.7826863E-01  7.2172128E-01  5.3059798E-08  1.4941480E-08  6.1562175E-06  7.9471573E-07  1.4377610E-09  2.4120299E-12  1.0965322E-07  2.8213254E-09  2.838E-10  0.7056  3.900221   -7.055  2.284998  8.394166  0.0000000E+00  4.6712094E-01  3.8122700E-01  3.2241380E-10  4.0240685E-10  1.5162531E-01  2.9142063E-13  1.1115877E-10  1.3416365E-05  7.4446655E-06  1.415E-15  3.144E-10  1.385E-04  1.000E+00  1.000E+00  1.21E+02  5.81E+01  3.20E-01  0.003975  0.897480  0.0000000E+00  2.5667973692E+00
266  2.701536374853682E+06  167.411500  6.883374  3.901551  2.7817168E-01  7.2181832E-01  5.3053491E-08  1.4939436E-08  6.1565783E-06  7.9411042E-07  1.4369545E-09  2.4037368E-12  1.0959229E-07  2.8202244E-09  2.837E-10  0.7075  3.901551   -7.053  2.287066  8.394937  0.0000000E+00  4.5797784E-01  3.8335739E-01  7.9359685E-10  1.2310207E-09  1.5863632E-01  8.3657402E-13  1.3954872E-09  1.5014740E-05  7.4603682E-06  3.071E-15  2.813E-10  1.389E-04  1.000E+00  1.000E+00  1.21E+02  5.83E+01  2.85E-01  0.003526  0.897235  0.0000000E+00  2.5656509087E+00
267  2.703508669924541E+06  167.392519  6.883606  3.900392  2.7799496E-01  7.2199501E-01  5.3042081E-08  1.4935736E-08  6.1572360E-06  7.9300675E-07  1.4354815E-09  2.3887142E-12  1.0948123E-07  2.8182226E-09  2.839E-10  0.7072  3.900392   -7.054  2.289758  8.395886  0.0000000E+00  4.4883474E-01  3.8553326E-01  1.8798281E-10  3.6477221E-11  1.6560184E-01  5.6270032E-14  2.5463201E-11  1.6707445E-05  7.4255473E-06  2.719E-15  2.915E-10  1.394E-04  1.000E+00  1.000E+00  1.21E+02  5.80E+01  2.96E-01  0.003680  0.897690  0.0000000E+00  2.5648862691E+00
268  2.705557243666751E+06  167.355757  6.883679  3.900297  2.7764801E-01  7.2234199E-01  5.3021615E-08  1.4929079E-08  6.1585288E-06  7.9083389E-07  1.4325208E-09  2.3613214E-12  1.0926365E-07  2.8144144E-09  2.848E-10  0.7061  3.900297   -7.054  2.291714  8.396610  0.0000000E+00  4.3969163E-01  3.8736916E-01  1.6977427E-09  1.1144441E-09  1.7290699E-01  3.6122880E-12  5.3972441E-09  1.8641562E-05  7.4219722E-06  6.525E-15  3.144E-10  1.398E-04  1.000E+00  1.000E+00  1.21E+02  5.80E+01  3.20E-01  0.003976  0.897794  0.0000000E+00  2.5634377620E+00
269  2.707765170250738E+06  167.293068  6.883752  3.900881  2.7696821E-01  7.2302174E-01  5.2984145E-08  1.4916860E-08  6.1610644E-06  7.8656669E-07  1.4266233E-09  2.3104960E-12  1.0883782E-07  2.8071222E-09  2.872E-10  0.7110  3.900881   -7.053  2.294631  8.397682  0.0000000E+00  4.3054853E-01  3.8869193E-01  7.9477236E-10  4.7565673E-10  1.8072476E-01  1.7716600E-12  2.5633715E-09  2.0890112E-05  7.5606999E-06  1.085E-14  3.387E-10  1.404E-04  1.000E+00  1.000E+00  1.21E+02  5.79E+01  3.45E-01  0.004297  0.897807  0.0000000E+00  2.5605783620E+00
270  2.709998867792789E+06  167.228431  6.883744  3.901456  2.7640484E-01  7.2358516E-01  5.2953631E-08  1.4906905E-08  6.1631663E-06  7.8302852E-07  1.4217159E-09  2.2689584E-12  1.0848506E-07  2.8011175E-09  2.890E-10  0.7110  3.901456   -7.052  2.296586  8.398431  0.0000000E+00  4.2140543E-01  3.8972544E-01  2.9137290E-09  3.9235956E-09  1.8883141E-01  6.2423755E-12  1.2301271E-08  2.3428706E-05  7.7690026E-06  1.806E-14  3.210E-10  1.408E-04  1.000E+00  1.000E+00  1.21E+02  5.81E+01  3.25E-01  0.004028  0.897738  0.0000000E+00  2.5575218535E+00
271  2.712277559596560E+06  167.172157  6.884061  3.900140  2.7596170E-01  7.2402830E-01  5.2930262E-08  1.4899274E-08  6.1648208E-06  7.8024233E-07  1.4178306E-09  2.2369651E-12  1.0820765E-07  2.7964401E-09  2.903E-10  0.7131  3.900140   -7.053  2.296799  8.398559  0.0000000E+00  4.1226233E-01  3.9044242E-01  5.8572893E-09  3.2153239E-09  1.9725417E-01  2.2191466E-11  2.8722819E-08  2.6287167E-05  8.0999131E-06  2.709E-14  3.057E-10  1.408E-04  1.000E+00  1.000E+00  1.21E+02  5.77E+01  3.11E-01  0.003875  0.898384  0.0000000E+00  2.5550325117E+00
272  2.714439082538584E+06  167.106174  6.884057  3.900935  2.7514323E-01  7.2484677E-01  5.2895864E-08  1.4887998E-08  6.1678878E-06  7.7506023E-07  1.4103052E-09  2.1873470E-12  1.0769753E-07  2.7885446E-09  2.937E-10  0.7121  3.900935   -7.052  2.301883  8.400210  0.0000000E+00  4.0311922E-01  3.9127829E-01  2.7599932E-10  4.3835031E-10  2.0555822E-01  6.2069626E-13  3.4093074E-10  2.9264127E-05  8.2618644E-06  2.045E-14  3.548E-10  1.417E-04  1.000E+00  1.000E+00  1.20E+02  5.76E+01  3.64E-01  0.004539  0.898155  0.0000000E+00  2.5519865056E+00
273  2.716710570036713E+06  166.997723  6.883824  3.901539  2.7394387E-01  7.2604613E-01  5.2849936E-08  1.4872939E-08  6.1723901E-06  7.6744462E-07  1.3990838E-09  2.1195338E-12  1.0695123E-07  2.7774390E-09  2.991E-10  0.7135  3.901539   -5.357  2.304062  8.400907  0.0000000E+00  3.9397612E-01  3.9164486E-01  7.0270314E-10  4.7727497E-11  2.1433079E-01  9.2552020E-12  2.6277389E-09  3.2714103E-05  8.5878982E-06  3.437E-14  3.836E-10  1.419E-04  1.000E+00  1.000E+00  1.20E+02  5.78E+01  3.93E-01  0.004920  0.897410  0.0000000E+00  2.5462512206E+00
274  2.718753307518325E+06  166.947434  6.884229  3.900682  2.7354706E-01  7.2644294E-01  5.2835451E-08  1.4868193E-08  6.1738811E-06  7.6492128E-07  1.3953389E-09  2.0978859E-12  1.0670454E-07  2.7738485E-09  3.005E-10  0.7142  3.900682   -7.051  2.308371  8.402328  0.0000000E+00  3.8483302E-01  3.9229483E-01  1.6373760E-10  1.0235421E-11  2.2282025E-01  7.9941727E-14  7.7829787E-11  3.6322971E-05  8.4689821E-06  1.546E-14  3.813E-10  1.428E-04  1.000E+00  1.000E+00  1.20E+02  5.74E+01  3.93E-01  0.004924  0.898240  0.0000000E+00  2.5434317027E+00
275  2.720822408927848E+06  166.917193  6.884302  3.900079  2.7319348E-01  7.2679648E-01  5.2823423E-08  1.4864258E-08  6.1752113E-06  7.6266825E-07  1.3919613E-09  2.0795777E-12  1.0648502E-07  2.7707586E-09  3.017E-10  0.7160  3.900079   -7.051  2.311584  8.403414  0.0000000E+00  3.7568991E-01  3.9264460E-01  3.7064441E-10  1.0037880E-09  2.3160944E-01  5.2941003E-13  8.4766804E-10  4.0403972E-05  8.3711533E-06  1.144E-14  3.950E-10  1.434E-04  1.000E+00  1.000E+00  1.19E+02  5.73E+01  4.09E-01  0.005132  0.898303  0.0000000E+00  2.5417258818E+00
276  2.723042226747917E+06  166.847102  6.884290  3.900257  2.7288037E-01  7.2710963E-01  5.2813017E-08  1.4860856E-08  6.1763898E-06  7.6067161E-07  1.3889585E-09  2.0636412E-12  1.0629070E-07  2.7680544E-09  3.027E-10  0.7183  3.900257   -7.051  2.314763  8.404518  0.0000000E+00  3.6654681E-01  3.9242353E-01  3.6659972E-10  9.2824989E-10  2.4096848E-01  6.3126156E-13  8.8615179E-10  4.5165344E-05  8.5271884E-06  3.025E-14  3.709E-10  1.440E-04  1.000E+00  1.000E+00  1.20E+02  5.73E+01  3.83E-01  0.004798  0.898436  0.0000000E+00  2.5379061674E+00
277  2.725389225366807E+06  166.729961  6.884289  3.900797  2.7224435E-01  7.2774560E-01  5.2793477E-08  1.4854490E-08  6.1787878E-06  7.5660591E-07  1.3827783E-09  2.0331188E-12  1.0589653E-07  2.7627969E-09  3.055E-10  0.7210  3.900797   -7.050  2.317755  8.405574  0.0000000E+00  3.5740371E-01  3.9163795E-01  2.6802329E-10  3.9535634E-10  2.5089090E-01  2.6300366E-12  9.7679389E-10  5.0716732E-05  8.9520924E-06  5.571E-14  3.464E-10  1.446E-04  1.000E+00  1.000E+00  1.20E+02  5.75E+01  3.54E-01  0.004428  0.898614  0.0000000E+00  2.5321055093E+00
278  2.727969496605000E+06  166.548297  6.884600  3.900217  2.7074819E-01  7.2924181E-01  5.2753619E-08  1.4841640E-08  6.1844446E-06  7.4700180E-07  1.3679137E-09  1.9686576E-12  1.0497183E-07  2.7514667E-09  3.133E-10  0.7207  3.900217   -7.049  2.320941  8.406722  0.0000000E+00  3.4826061E-01  3.9001701E-01  9.8576447E-10  3.4686942E-09  2.6164695E-01  3.9943316E-12  6.0635155E-09  5.7377594E-05  9.9211465E-06  7.296E-14  3.611E-10  1.452E-04  1.000E+00  1.000E+00  1.20E+02  5.71E+01  3.72E-01  0.004667  0.899184  0.0000000E+00  2.5225093962E+00
279  2.730400915711683E+06  166.280012  6.884715  3.900906  2.6861130E-01  7.3137870E-01  5.2703633E-08  1.4825843E-08  6.1925484E-06  7.3322668E-07  1.3462386E-09  1.8860306E-12  1.0365480E-07  2.7369350E-09  3.256E-10  0.7266  3.900906   -7.047  2.324301  8.407910  0.0000000E+00  3.3911750E-01  3.8850271E-01  8.1383154E-10  1.9171128E-09  2.7229607E-01  4.0085803E-12  7.7504890E-09  6.4600627E-05  1.0586338E-05  8.525E-14  3.401E-10  1.458E-04  1.000E+00  1.000E+00  1.20E+02  5.72E+01  3.47E-01  0.004340  0.899356  0.0000000E+00  2.5095066581E+00
280  2.732713101964646E+06  166.105057  6.885272  3.900039  2.6644990E-01  7.3354010E-01  5.2657899E-08  1.4811759E-08  6.2007660E-06  7.1924451E-07  1.3239463E-09  1.8100718E-12  1.0232601E-07  2.7237822E-09  3.387E-10  0.7288  3.900039   -7.046  2.327757  8.409119  0.0000000E+00  3.2997440E-01  3.8703236E-01  1.5688384E-09  9.9197882E-09  2.8290096E-01  4.8720071E-12  8.6035003E-09  7.2469808E-05  1.0888436E-05  9.072E-14  3.378E-10  1.465E-04  1.000E+00  1.000E+00  1.20E+02  5.69E+01  3.47E-01  0.004344  0.899922  0.0000000E+00  2.5008825290E+00
281  2.734128990390517E+06  165.995963  6.885475  3.900061  2.6565452E-01  7.3433548E-01  5.2642115E-08  1.4807032E-08  6.2037960E-06  7.1408523E-07  1.3156394E-09  1.7842190E-12  1.0183806E-07  2.7194353E-09  3.436E-10  0.7301  3.900061   -7.045  2.329770  8.409842  0.0000000E+00  3.2526259E-01  3.8556179E-01  5.2615376E-10  2.6888722E-09  2.8907699E-01  2.2475882E-12  2.3473939E-09  7.7447129E-05  1.1980124E-05  1.378E-13  3.415E-10  1.469E-04  1.000E+00  1.000E+00  1.20E+02  5.67E+01  3.51E-01  0.004402  0.900369  0.0000000E+00  2.4957789329E+00
282  2.735439689631966E+06  165.899632  6.885661  3.900096  2.6492331E-01  7.3506669E-01  5.2628023E-08  1.4802890E-08  6.2065849E-06  7.0933421E-07  1.3079485E-09  1.7615142E-12  1.0138998E-07  2.7157121E-09  3.482E-10  0.6931  3.900096   -7.045  2.331678  8.410522  0.0000000E+00  3.2055078E-01  3.8428869E-01  5.0263055E-10  3.2056092E-09  2.9505585E-01  1.9972730E-12  1.4323837E-09  8.2516960E-05  1.2672237E-05  1.326E-13  3.338E-10  1.473E-04  1.000E+00  1.000E+00  1.20E+02  5.67E+01  3.42E-01  0.004289  0.900756  0.0000000E+00  2.4912045906E+00
283  2.736790087359278E+06  165.807364  6.885837  3.900174  2.6425351E-01  7.3573649E-01  5.2615304E-08  1.4799207E-08  6.2091415E-06  7.0497798E-07  1.3008709E-09  1.7413864E-12  1.0097993E-07  2.7124880E-09  3.524E-10  0.7321  3.900174   -7.044  2.332661  8.410894  0.0000000E+00  3.1583897E-01  3.8283681E-01  2.4119008E-09  1.1649988E-08  3.0121289E-01  1.6118664E-11  2.9622726E-08  8.8052991E-05  1.3470422E-05  2.060E-13  3.230E-10  1.475E-04  1.000E+00  1.000E+00  1.20E+02  5.67E+01  3.29E-01  0.004122  0.901146  0.0000000E+00  2.4869523675E+00
284  2.738158405507054E+06  165.687172  6.885770  3.900180  2.6335702E-01  7.3663298E-01  5.2598462E-08  1.4794420E-08  6.2125665E-06  6.9913985E-07  1.2913457E-09  1.7154761E-12  1.0043168E-07  2.7084793E-09  3.583E-10  0.7334  3.900180   -7.044  2.334351  8.411506  0.0000000E+00  3.1112716E-01  3.8126816E-01  8.7032381E-09  6.8149079E-08  3.0748618E-01  2.4741991E-11  6.3501487E-08  9.4002291E-05  1.4246881E-05  2.571E-13  2.993E-10  1.478E-04  1.000E+00  1.000E+00  1.20E+02  5.67E+01  3.05E-01  0.003821  0.901020  0.0000000E+00  2.4816799710E+00
285  2.739447219303323E+06  165.592059  6.886127  3.900085  2.6255715E-01  7.3743285E-01  5.2583468E-08  1.4790253E-08  6.2156255E-06  6.9392357E-07  1.2827956E-09  1.6933874E-12  9.9943114E-08  2.7052347E-09  3.638E-10  0.7351  3.900085   -7.043  2.337306  8.412527  0.0000000E+00  3.0641535E-01  3.7985745E-01  2.5562778E-10  7.6356259E-10  3.1360179E-01  2.0113471E-12  1.3956069E-09  1.0002740E-04  1.4937373E-05  1.852E-13  3.635E-10  1.484E-04  1.000E+00  1.000E+00  1.19E+02  5.61E+01  3.76E-01  0.004735  0.901709  0.0000000E+00  2.4783397050E+00
286  2.740850874771411E+06  165.513157  6.886287  3.900268  2.6191377E-01  7.3807615E-01  5.2571350E-08  1.4786930E-08  6.2180874E-06  6.8972454E-07  1.2758949E-09  1.6760973E-12  9.9550447E-08  2.7027906E-09  3.682E-10  0.7312  3.900268   -7.042  2.338842  8.413087  0.0000000E+00  3.0170354E-01  3.7801433E-01  1.6749089E-10  7.9310137E-12  3.2014821E-01  1.1009900E-11  2.0107678E-09  1.0696694E-04  1.6096978E-05  2.223E-13  7.969E-10  1.487E-04  1.000E+00  1.000E+00  1.19E+02  5.61E+01  8.20E-01  0.010316  0.902010  0.0000000E+00  2.4823476348E+00
287  2.742047163276318E+06  165.462308  6.886435  3.900121  2.6142277E-01  7.3856723E-01  5.2562067E-08  1.4784400E-08  6.2199668E-06  6.8651875E-07  1.2706204E-09  1.6630604E-12  9.9250870E-08  2.7009827E-09  3.714E-10  0.7373  3.900121   -7.041  2.341205  8.413901  0.0000000E+00  2.9699172E-01  3.7671131E-01  4.4954155E-10  2.5115138E-09  3.2615607E-01  4.7047599E-12  5.4539790E-09  1.1355903E-04  1.6076374E-05  1.650E-13  6.153E-10  1.492E-04  1.000E+00  1.000E+00  1.19E+02  5.60E+01  6.34E-01  0.007981  0.902244  0.0000000E+00  2.4771852104E+00
288  2.743344445868729E+06  165.411482  6.886544  3.900317  2.6098025E-01  7.3900975E-01  5.2553662E-08  1.4782121E-08  6.2216608E-06  6.8362875E-07  1.2658609E-09  1.6514382E-12  9.8980969E-08  2.6994011E-09  3.743E-10  0.7389  3.900317   -7.041  2.343315  8.414640  0.0000000E+00  2.9227991E-01  3.7504058E-01  1.4931515E-09  1.4971728E-08  3.3253025E-01  4.7716839E-12  4.6227673E-09  1.2099331E-04  1.6554097E-05  2.008E-13  4.952E-10  1.497E-04  1.000E+00  1.000E+00  1.19E+02  5.60E+01  5.10E-01  0.006416  0.902432  0.0000000E+00  2.4731877507E+00
289  2.744610911065001E+06  165.360653  6.886614  3.900578  2.6047778E-01  7.3951222E-01  5.2543868E-08  1.4779521E-08  6.2235859E-06  6.8034336E-07  1.2604293E-09  1.6388108E-12  9.8674893E-08  2.6978300E-09  3.778E-10  0.7390  3.900578   -7.040  2.345298  8.415333  0.0000000E+00  2.8756810E-01  3.7337796E-01  3.2374393E-10  1.1162436E-09  3.3889615E-01  5.2109536E-12  7.2389235E-09  1.2881748E-04  1.6853081E-05  1.958E-13  4.402E-10  1.501E-04  1.000E+00  1.000E+00  1.19E+02  5.58E+01  4.55E-01  0.005745  0.902496  0.0000000E+00  2.4697763061E+00
290  2.745936228126298E+06  165.309823  6.886614  3.900958  2.6001441E-01  7.3997559E-01  5.2534744E-08  1.4777111E-08  6.2253618E-06  6.7731231E-07  1.2554132E-09  1.6273049E-12  9.8392701E-08  2.6964403E-09  3.810E-10  0.7390  3.900958   -7.040  2.346754  8.415855  0.0000000E+00  2.8285629E-01  3.7146674E-01  1.2568097E-09  8.2899680E-09  3.4550955E-01  1.4678222E-11  3.0556275E-08  1.3746076E-04  1.7360472E-05  2.549E-13  3.931E-10  1.504E-04  1.000E+00  1.000E+00  1.19E+02  5.59E+01  4.06E-01  0.005122  0.902440  0.0000000E+00  2.4666989688E+00
291  2.747200535516453E+06  165.269143  6.886851  3.900307  2.5965495E-01  7.4033505E-01  5.2527614E-08  1.4775234E-08  6.2267393E-06  6.7496104E-07  1.2515196E-09  1.6184514E-12  9.8173888E-08  2.6953934E-09  3.834E-10  0.7406  3.900307   -7.040  2.349707  8.416868  0.0000000E+00  2.7814448E-01  3.6965976E-01  9.8904058E-10  9.1975634E-09  3.5201873E-01  4.4043984E-12  8.3663185E-09  1.4638269E-04  1.7524530E-05  2.050E-13  3.631E-10  1.510E-04  1.000E+00  1.000E+00  1.19E+02  5.57E+01  3.75E-01  0.004733  0.902899  0.0000000E+00  2.4644551860E+00
292  2.748572807575318E+06  165.217161  6.886862  3.901162  2.5930738E-01  7.4068258E-01  5.2520626E-08  1.4773404E-08  6.2280716E-06  6.7268647E-07  1.2477492E-09  1.6099984E-12  9.7962359E-08  2.6944299E-09  3.856E-10  0.7416  3.901162   -7.038  2.351744  8.417584  0.0000000E+00  2.7343267E-01  3.6743500E-01  2.4371198E-10  1.3284753E-09  3.5894379E-01  6.5945395E-12  3.7764460E-09  1.5656769E-04  1.8301116E-05  2.664E-13  3.281E-10  1.514E-04  1.000E+00  1.000E+00  1.20E+02  5.61E+01  3.34E-01  0.004185  0.902954  0.0000000E+00  2.4618600211E+00
293  2.749961968165189E+06  165.174746  6.887007  3.900593  2.5890322E-01  7.4108678E-01  5.2512319E-08  1.4771244E-08  6.2296212E-06  6.7004080E-07  1.2433573E-09  1.6003580E-12  9.7716566E-08  2.6933971E-09  3.884E-10  0.7405  3.900593   -7.039  2.353964  8.418362  0.0000000E+00  2.6872086E-01  3.6507987E-01  6.1528900E-10  5.3111693E-09  3.6599831E-01  7.8258495E-12  1.1650594E-08  1.6758168E-04  1.9102236E-05  2.994E-13  3.297E-10  1.519E-04  1.000E+00  1.000E+00  1.20E+02  5.59E+01  3.37E-01  0.004232  0.903200  0.0000000E+00  2.4598655047E+00
294  2.751304608190897E+06  165.131727  6.887112  3.900580  2.5854204E-01  7.4144796E-01  5.2504799E-08  1.4769296E-08  6.2310062E-06  6.6767569E-07  1.2394284E-09  1.5918282E-12  9.7496952E-08  2.6925156E-09  3.908E-10  0.7433  3.900580   -7.038  2.356270  8.419161  0.0000000E+00  2.6400905E-01  3.6277974E-01  2.9865723E-10  1.6797606E-09  3.7299759E-01  7.6954621E-12  1.0465322E-08  1.7913276E-04  1.9586450E-05  3.015E-13  3.157E-10  1.524E-04  1.000E+00  1.000E+00  1.20E+02  5.59E+01  3.22E-01  0.004033  0.903394  0.0000000E+00  2.4579038449E+00
295  2.755617411061681E+06  163.438507  6.942972  3.881202  2.0058960E-01  7.9940040E-01  5.1071339E-08  1.4304516E-08  6.4105882E-06  3.3421003E-07  6.6998114E-10  7.6225159E-13  6.0930361E-08  2.6143905E-09  1.133E-09  0.7246  3.881202   -2.751  2.360523  8.420970  0.0000000E+00  2.5929724E-01  3.5034368E-01  4.8824607E-10  2.8450553E-12  3.9007750E-01  7.5581102E-11  1.1061482E-10  2.1596221E-04  4.7063588E-05  1.045E-13  7.458E-10  1.526E-04  1.000E+00  1.006E+00  1.10E+02  1.63E+01  8.89E-01  0.012105  0.990249  0.0000000E+00  2.0911574319E+00
296  2.756835792025070E+06  163.003949  6.881750  4.754441  1.8994780E-01  8.1004220E-01  5.1049770E-08  1.4302315E-08  6.4447138E-06  2.8998177E-07  5.8469683E-10  6.6227036E-13  5.3226598E-08  2.4082133E-09  1.225E-09  0.7528  4.802064   -5.254  2.360367  8.420934  0.0000000E+00  2.5458543E-01  3.4833380E-01  2.5481646E-10  3.8679832E-12  3.9678573E-01  4.4185305E-11  4.9706547E-11  2.2899757E-04  4.6192365E-05  1.874E-14  4.874E-06  1.526E-04  9.978E-01  1.014E+00  9.52E+02  5.47E+02  7.77E+01  0.122305  0.854689  0.0000000E+00  2.0265717797E+00
297  2.758072340804861E+06  162.997060  6.882274  4.746881  1.8994780E-01  8.1004220E-01  5.1049770E-08  1.4302315E-08  6.4447138E-06  2.8998177E-07  5.8469683E-10  6.6227036E-13  5.3226598E-08  2.4082133E-09  1.223E-09  0.7508  4.791549   -5.254  2.363335  8.421876  0.0000000E+00  2.4987362E-01  3.4620319E-01  2.0826585E-10  2.5601255E-12  4.0361379E-01  2.6866705E-11  2.1710219E-11  2.4288505E-04  4.5242925E-05  4.612E-15  4.197E-06  1.531E-04  9.981E-01  1.012E+00  9.29E+02  5.31E+02  7.03E+01  0.113400  0.855756  0.0000000E+00  2.0254698724E+00
298  2.759317615684301E+06  162.990120  6.882763  4.739044  1.8994780E-01  8.1004220E-01  5.1049770E-08  1.4302315E-08  6.4447138E-06  2.8998177E-07  5.8469683E-10  6.6227036E-13  5.3226598E-08  2.4082133E-09  1.222E-09  0.7517  4.780830   -5.254  2.366230  8.422812  0.0000000E+00  2.4516181E-01  3.4396148E-01  1.7645810E-10  1.8062652E-12  4.1055171E-01  1.6166066E-11  1.1625426E-11  2.5797296E-04  4.4239699E-05  1.295E-15  3.681E-06  1.537E-04  9.983E-01  1.011E+00  9.06E+02  5.16E+02  6.48E+01  0.107212  0.856756  0.0000000E+00  2.0244019989E+00
299  2.760579073151970E+06  162.983084  6.883285  4.730592  1.8994780E-01  8.1004220E-01  5.1049770E-08  1.4302315E-08  6.4447138E-06  2.8998177E-07  5.8469683E-10  6.6227036E-13  5.3226598E-08  2.4082133E-09  1.220E-09  0.7525  4.769442   -5.253  2.369042  8.423731  0.0000000E+00  2.4045000E-01  3.4160328E-01  1.5348725E-10  1.3282713E-12  4.1760487E-01  9.6287335E-12  7.1716845E-12  2.7436891E-04  4.3194183E-05  4.656E-16  3.241E-06  1.542E-04  9.984E-01  1.010E+00  8.82E+02  5.01E+02  6.02E+01  0.102227  0.857824  0.0000000E+00  2.0233491396E+00
300  2.761834801851819E+06  162.976073  6.883802  4.722543  1.8994780E-01  8.1004220E-01  5.1049770E-08  1.4302315E-08  6.4447138E-06  2.8998177E-07  5.8469683E-10  6.6227036E-13  5.3226598E-08  2.4082133E-09  1.219E-09  0.7537  4.758745   -5.253  2.371954  8.424691  0.0000000E+00  2.3573819E-01  3.3912712E-01  1.3609913E-10  1.0736876E-12  4.2477453E-01  5.6144315E-12  4.7927639E-12  2.9217897E-04  4.2114247E-05  1.814E-16  2.871E-06  1.549E-04  9.986E-01  1.009E+00  8.60E+02  4.87E+02  5.60E+01  0.097610  0.858882  0.0000000E+00  2.0223198279E+00
301  2.763102341218723E+06  162.968987  6.884290  4.714748  1.8994780E-01  8.1004220E-01  5.1049770E-08  1.4302315E-08  6.4447138E-06  2.8998177E-07  5.8469683E-10  6.6227036E-13  5.3226598E-08  2.4082133E-09  1.217E-09  0.7546  4.748510   -5.252  2.374801  8.425634  0.0000000E+00  2.3102637E-01  3.3652732E-01  1.2227302E-10  3.8778536E-12  4.3206626E-01  3.2604693E-12  3.1115347E-11  3.1156301E-04  4.1005294E-05  7.671E-16  2.545E-06  1.555E-04  9.987E-01  1.008E+00  8.40E+02  4.73E+02  5.21E+01  0.092976  0.859886  0.0000000E+00  2.0213040672E+00
302  2.764403561002634E+06  162.961706  6.884741  4.706656  1.8994780E-01  8.1004220E-01  5.1049770E-08  1.4302315E-08  6.4447138E-06  2.8998177E-07  5.8469683E-10  6.6227036E-13  5.3226598E-08  2.4082133E-09  1.216E-09  0.7569  4.738018   -5.252  2.377509  8.426538  0.0000000E+00  2.2631456E-01  3.3377420E-01  3.0821940E-10  3.5793647E-09  4.3950935E-01  3.5612033E-12  3.6253143E-09  3.3280331E-04  3.9922162E-05  2.715E-14  2.249E-06  1.560E-04  9.988E-01  1.007E+00  8.19E+02  4.60E+02  4.83E+01  0.088396  0.860818  0.0000000E+00  2.0202889320E+00
303  2.765720100365438E+06  162.954332  6.885161  4.699274  1.8994780E-01  8.1004220E-01  5.1049770E-08  1.4302315E-08  6.4447138E-06  2.8998177E-07  5.8469683E-10  6.6227036E-13  5.3226598E-08  2.4082133E-09  1.214E-09  0.7579  4.728573   -5.252  2.380478  8.427531  0.0000000E+00  2.2160275E-01  3.3086479E-01  3.9900031E-10  5.2939288E-09  4.4710659E-01  2.7904727E-12  3.3937173E-09  3.5603536E-04  3.8894434E-05  5.471E-14  2.008E-06  1.567E-04  9.989E-01  1.007E+00  8.01E+02  4.49E+02  4.51E+01  0.084351  0.861689  0.0000000E+00  2.0192856106E+00
304  2.767034811703548E+06  162.946962  6.885538  4.692606  1.8994780E-01  8.1004220E-01  5.1049770E-08  1.4302315E-08  6.4447138E-06  2.8998177E-07  5.8469683E-10  6.6227036E-13  5.3226598E-08  2.4082133E-09  1.213E-09  0.7570  4.720139   -5.251  2.383570  8.428566  0.0000000E+00  2.1689094E-01  3.2783429E-01  1.0653348E-10  2.7582390E-10  4.5482288E-01  8.5994655E-13  2.4450585E-10  3.8133113E-04  3.7829560E-05  5.415E-14  1.793E-06  1.573E-04  9.991E-01  1.006E+00  7.86E+02  4.39E+02  4.19E+01  0.079894  0.862476  0.0000000E+00  2.0183101419E+00
305  2.768346643021611E+06  162.939604  6.885876  4.686388  1.8994780E-01  8.1004220E-01  5.1049770E-08  1.4302315E-08  6.4447138E-06  2.8998177E-07  5.8469683E-10  6.6227036E-13  5.3226598E-08  2.4082133E-09  1.211E-09  0.7578  4.712349   -5.251  2.386584  8.429577  0.0000000E+00  2.1217913E-01  3.2469017E-01  1.1677794E-10  6.1718126E-10  4.6265053E-01  7.4685687E-13  5.9331125E-10  4.0889096E-04  3.6676410E-05  4.183E-14  1.587E-06  1.580E-04  9.992E-01  1.005E+00  7.72E+02  4.30E+02  3.84E+01  0.074676  0.863187  0.0000000E+00  2.0173768361E+00
306  2.769667178215153E+06  162.932193  6.886178  4.680239  1.8994780E-01  8.1004220E-01  5.1049770E-08  1.4302315E-08  6.4447138E-06  2.8998177E-07  5.8469683E-10  6.6227036E-13  5.3226598E-08  2.4082133E-09  1.210E-09  0.7584  4.704725   -5.251  2.389632  8.430599  0.0000000E+00  2.0746732E-01  3.2140904E-01  2.3898980E-10  3.0455114E-09  4.7061258E-01  1.3602814E-12  2.4187833E-09  4.3906451E-04  3.5491950E-05  4.306E-14  1.396E-06  1.587E-04  9.993E-01  1.005E+00  7.58E+02  4.21E+02  3.50E+01  0.069270  0.863827  0.0000000E+00  2.0164867510E+00
307  2.771078007980931E+06  162.924273  6.886468  4.673424  1.8994780E-01  8.1004220E-01  5.1049770E-08  1.4302315E-08  6.4447138E-06  2.8998177E-07  5.8469683E-10  6.6227036E-13  5.3226598E-08  2.4082133E-09  1.208E-09  0.7596  4.696377   -5.251  2.392544  8.431581  0.0000000E+00  2.0275551E-01  3.1781078E-01  2.9491728E-10  4.8548988E-09  4.7888723E-01  3.6438556E-12  7.2868667E-09  4.7321428E-04  3.4670775E-05  1.801E-13  1.233E-06  1.593E-04  9.994E-01  1.004E+00  7.43E+02  4.12E+02  3.22E+01  0.064858  0.864446  0.0000000E+00  2.0155847454E+00
308  2.772471283818357E+06  162.916446  6.886721  4.668094  1.8994780E-01  8.1004220E-01  5.1049770E-08  1.4302315E-08  6.4447138E-06  2.8998177E-07  5.8469683E-10  6.6227036E-13  5.3226598E-08  2.4082133E-09  1.206E-09  0.7608  4.689915   -5.250  2.395836  8.432685  0.0000000E+00  1.9804370E-01  3.1412787E-01  6.9097070E-10  1.1488750E-08  4.8724371E-01  3.8726522E-12  6.8872735E-09  5.1030755E-04  3.3683618E-05  1.867E-13  1.105E-06  1.600E-04  9.995E-01  1.004E+00  7.32E+02  4.05E+02  2.97E+01  0.060861  0.864992  0.0000000E+00  2.0147329480E+00
309  2.773877472834667E+06  162.908543  6.886944  4.663143  1.8994780E-01  8.1004220E-01  5.1049770E-08  1.4302315E-08  6.4447138E-06  2.8998177E-07  5.8469683E-10  6.6227036E-13  5.3226598E-08  2.4082133E-09  1.205E-09  0.7576  4.683975   -5.250  2.399172  8.433804  0.0000000E+00  1.9333189E-01  3.1028926E-01  8.1435044E-11  9.0630897E-10  4.9575192E-01  2.1374755E-12  4.1587007E-09  5.5121238E-04  3.2711242E-05  1.968E-13  1.031E-06  1.608E-04  9.995E-01  1.003E+00  7.22E+02  3.99E+02  2.85E+01  0.059140  0.865478  0.0000000E+00  2.0138944422E+00
310  2.775283671019197E+06  162.900636  6.887139  4.658396  1.8994780E-01  8.1004220E-01  5.1049770E-08  1.4302315E-08  6.4447138E-06  2.8998177E-07  5.8469683E-10  6.6227036E-13  5.3226598E-08  2.4082133E-09  1.203E-09  0.7612  4.678312   -5.250  2.402577  8.434944  0.0000000E+00  1.8862008E-01  3.0632900E-01  1.8035206E-10  2.9551831E-09  5.0437781E-01  2.4154018E-12  4.9918447E-09  5.9614919E-04  3.1620850E-05  1.900E-13  9.343E-07  1.615E-04  9.995E-01  1.003E+00  7.13E+02  3.93E+02  2.65E+01  0.055808  0.865908  0.0000000E+00  2.0130867566E+00
311  2.776714093859580E+06  162.892590  6.887315  4.653833  1.8994780E-01  8.1004220E-01  5.1049770E-08  1.4302315E-08  6.4447138E-06  2.8998177E-07  5.8469683E-10  6.6227036E-13  5.3226598E-08  2.4082133E-09  1.201E-09  0.7619  4.672903   -5.250  2.405973  8.436081  0.0000000E+00  1.8390827E-01  3.0218192E-01  5.8968893E-10  1.1165541E-08  5.1318539E-01  3.8690149E-12  8.2692983E-09  6.4610784E-04  3.0553841E-05  2.226E-13  8.455E-07  1.623E-04  9.996E-01  1.003E+00  7.04E+02  3.88E+02  2.46E+01  0.052413  0.866302  0.0000000E+00  2.0123043887E+00
312  2.778156675864770E+06  162.884473  6.887464  4.648471  1.8994780E-01  8.1004220E-01  5.1049770E-08  1.4302315E-08  6.4447138E-06  2.8998177E-07  5.8469683E-10  6.6227036E-13  5.3226598E-08  2.4082133E-09  1.200E-09  0.7626  4.666600   -5.250  2.409633  8.437302  0.0000000E+00  1.7919646E-01  2.9788028E-01  4.8311545E-10  8.7177421E-09  5.2214195E-01  2.9826503E-12  5.5584550E-09  7.0143115E-04  2.9472562E-05  2.324E-13  7.683E-07  1.631E-04  9.996E-01  1.002E+00  6.93E+02  3.81E+02  2.30E+01  0.049813  0.866644  0.0000000E+00  2.0115480671E+00
313  2.779606573548984E+06  162.876313  6.887608  4.643296  1.8994780E-01  8.1004220E-01  5.1049770E-08  1.4302315E-08  6.4447138E-06  2.8998177E-07  5.8469683E-10  6.6227036E-13  5.3226598E-08  2.4082133E-09  1.198E-09  0.7626  4.660565   -5.250  2.413235  8.438503  0.0000000E+00  1.7448465E-01  2.9343295E-01  2.5633530E-10  5.8160391E-09  5.3123812E-01  3.6524966E-12  8.8165272E-09  7.6277270E-04  2.8325014E-05  2.414E-13  6.994E-07  1.639E-04  9.997E-01  1.002E+00  6.84E+02  3.75E+02  2.16E+01  0.047301  0.866972  0.0000000E+00  2.0108136330E+00
314  2.781065922906962E+06  162.868097  6.887742  4.638795  1.8994780E-01  8.1004220E-01  5.1049770E-08  1.4302315E-08  6.4447138E-06  2.8998177E-07  5.8469683E-10  6.6227036E-13  5.3226598E-08  2.4082133E-09  1.196E-09  0.7620  4.655349   -5.249  2.417152  8.439808  0.0000000E+00  1.6977283E-01  2.8883352E-01  2.5617944E-10  6.1965387E-09  5.4047945E-01  2.5099252E-12  7.2251562E-09  8.3098632E-04  2.7127362E-05  2.380E-13  6.225E-07  1.648E-04  9.997E-01  1.002E+00  6.75E+02  3.71E+02  1.97E+01  0.043667  0.867285  0.0000000E+00  2.0101145170E+00
315  2.782504771587443E+06  162.859996  6.887865  4.634279  1.8994780E-01  8.1004220E-01  5.1049770E-08  1.4302315E-08  6.4447138E-06  2.8998177E-07  5.8469683E-10  6.6227036E-13  5.3226598E-08  2.4082133E-09  1.195E-09  0.7618  4.650147   -5.249  2.421208  8.441156  0.0000000E+00  1.6506102E-01  2.8416285E-01  3.3786498E-11  9.3671952E-11  5.4978527E-01  1.5306034E-13  1.1174389E-10  9.0601351E-04  2.5750054E-05  1.756E-13  5.522E-07  1.657E-04  9.998E-01  1.002E+00  6.67E+02  3.65E+02  1.79E+01  0.040228  0.867573  0.0000000E+00  2.0094700585E+00
316  2.783979855485239E+06  162.851689  6.887982  4.629581  1.8994780E-01  8.1004220E-01  5.1049770E-08  1.4302315E-08  6.4447138E-06  2.8998177E-07  5.8469683E-10  6.6227036E-13  5.3226598E-08  2.4082133E-09  1.193E-09  0.7639  4.644768   -5.249  2.425008  8.442420  0.0000000E+00  1.6034921E-01  2.7925628E-01  6.6785416E-10  1.4440606E-08  5.5931659E-01  4.1325233E-12  8.9805697E-09  9.9107341E-04  2.4422319E-05  2.165E-13  4.770E-07  1.666E-04  9.998E-01  1.001E+00  6.59E+02  3.61E+02  1.58E+01  0.036025  0.867852  0.0000000E+00  2.0088654069E+00
317  2.785453848476905E+06  162.843387  6.888098  4.624576  1.8994780E-01  8.1004220E-01  5.1049770E-08  1.4302315E-08  6.4447138E-06  2.8998177E-07  5.8469683E-10  6.6227036E-13  5.3226598E-08  2.4082133E-09  1.191E-09  0.7618  4.639080   -5.249  2.429299  8.443845  0.0000000E+00  1.5563740E-01  2.7422589E-01  1.5829710E-10  2.6875103E-09  5.6896209E-01  7.7968728E-13  1.2498500E-09  1.0856721E-03  2.3054441E-05  1.959E-13  4.286E-07  1.676E-04  9.998E-01  1.001E+00  6.49E+02  3.55E+02  1.46E+01  0.033846  0.868127  0.0000000E+00  2.0083010484E+00
318  2.786933267504960E+06  162.835051  6.888205  4.618425  1.8994780E-01  8.1004220E-01  5.1049770E-08  1.4302315E-08  6.4447138E-06  2.8998177E-07  5.8469683E-10  6.6227036E-13  5.3226598E-08  2.4082133E-09  1.190E-09  0.7608  4.632134   -5.249  2.433470  8.445228  0.0000000E+00  1.5092559E-01  2.6904489E-01  1.9516758E-11  3.4787579E-12  5.7874648E-01  1.1909559E-13  3.0201452E-11  1.1917832E-03  2.1613605E-05  1.738E-13  3.863E-07  1.686E-04  9.998E-01  1.001E+00  6.38E+02  3.49E+02  1.37E+01  0.032085  0.868384  0.0000000E+00  2.0077573122E+00
319  2.788444338892112E+06  162.826536  6.888320  4.612347  1.8994780E-01  8.1004220E-01  5.1049770E-08  1.4302315E-08  6.4447138E-06  2.8998177E-07  5.8469683E-10  6.6227036E-13  5.3226598E-08  2.4082133E-09  1.188E-09  0.7627  4.625317   -5.249  2.438098  8.446765  0.0000000E+00  1.4621378E-01  2.6363670E-01  1.3616500E-10  2.6824763E-09  5.8874280E-01  9.3153561E-13  1.9028962E-09  1.3127059E-03  2.0231534E-05  1.990E-13  3.144E-07  1.697E-04  9.999E-01  1.001E+00  6.29E+02  3.43E+02  1.14E+01  0.027251  0.868661  0.0000000E+00  2.0072433169E+00
320  2.789950841202952E+06  162.818045  6.888437  4.607047  1.8994780E-01  8.1004220E-01  5.1049770E-08  1.4302315E-08  6.4447138E-06  2.8998177E-07  5.8469683E-10  6.6227036E-13  5.3226598E-08  2.4082133E-09  1.186E-09  0.7629  4.619413   -5.249  2.442630  8.448270  0.0000000E+00  1.4150197E-01  2.5809712E-01  1.5714122E-10  3.2787177E-09  5.9885485E-01  1.1487232E-12  2.3918986E-09  1.4489656E-03  1.8773257E-05  1.944E-13  2.498E-07  1.707E-04  9.999E-01  1.001E+00  6.22E+02  3.39E+02  9.31E+00  0.022460  0.868942  0.0000000E+00  2.0068157027E+00
321  2.791487391371010E+06  162.809382  6.888559  4.601008  1.8994780E-01  8.1004220E-01  5.1049770E-08  1.4302315E-08  6.4447138E-06  2.8998177E-07  5.8469683E-10  6.6227036E-13  5.3226598E-08  2.4082133E-09  1.184E-09  0.7632  4.612726   -5.249  2.447419  8.449858  0.0000000E+00  1.3679016E-01  2.5233075E-01  7.0418872E-11  1.3316635E-09  6.0917338E-01  4.2365442E-13  8.5607805E-10  1.6049084E-03  1.7386683E-05  2.196E-13  1.962E-07  1.719E-04  9.999E-01  1.000E+00  6.12E+02  3.33E+02  7.56E+00  0.018534  0.869232  0.0000000E+00  2.0064492065E+00
322  2.793015617325842E+06  162.800764  6.888678  4.594621  1.8994780E-01  8.1004220E-01  5.1049770E-08  1.4302315E-08  6.4447138E-06  2.8998177E-07  5.8469683E-10  6.6227036E-13  5.3226598E-08  2.4082133E-09  1.183E-09  0.7634  4.605694   -5.249  2.452274  8.451470  0.0000000E+00  1.3207835E-01  2.4644235E-01  1.2740900E-10  2.7698744E-09  6.1959273E-01  9.4545497E-13  1.9820957E-09  1.7816613E-03  1.5905742E-05  2.100E-13  1.353E-07  1.731E-04  1.000E+00  1.000E+00  6.00E+02  3.26E+02  5.40E+00  0.013506  0.869517  0.0000000E+00  2.0061599689E+00
323  2.794568782946853E+06  162.792002  6.888805  4.586926  1.8994780E-01  8.1004220E-01  5.1049770E-08  1.4302315E-08  6.4447138E-06  2.8998177E-07  5.8469683E-10  6.6227036E-13  5.3226598E-08  2.4082133E-09  1.181E-09  0.7636  4.597281   -5.249  2.457295  8.453136  0.0000000E+00  1.2736654E-01  2.4033695E-01  1.4164870E-10  3.1810379E-09  6.3020144E-01  1.0719492E-12  2.2444440E-09  1.9851644E-03  1.4485301E-05  2.286E-13  8.328E-08  1.743E-04  1.000E+00  1.000E+00  5.87E+02  3.19E+02  3.48E+00  0.008903  0.869817  0.0000000E+00  2.0059516163E+00
324  2.796138150654975E+06  162.783145  6.888926  4.577180  1.8994780E-01  8.1004220E-01  5.1049770E-08  1.4302315E-08  6.4447138E-06  2.8998177E-07  5.8469683E-10  6.6227036E-13  5.3226598E-08  2.4082133E-09  1.179E-09  0.7636  4.586702   -5.248  2.462280  8.454781  0.0000000E+00  1.2265473E-01  2.3404157E-01  1.3734681E-10  3.1618253E-09  6.4096837E-01  1.0498223E-12  2.2090653E-09  2.2193072E-03  1.3087297E-05  2.489E-13  4.183E-08  1.755E-04  1.000E+00  1.000E+00  5.72E+02  3.11E+02  1.84E+00  0.004818  0.870105  0.0000000E+00  2.0058228944E+00
325  2.797724071691773E+06  162.774191  6.889052  4.568585  1.8994780E-01  8.1004220E-01  5.1049770E-08  1.4302315E-08  6.4447138E-06  2.8998177E-07  5.8469683E-10  6.6227036E-13  5.3226598E-08  2.4082133E-09  1.177E-09  0.7631  4.577439   -5.248  2.467794  8.456594  0.0000000E+00  1.1794292E-01  2.2756005E-01  1.3109762E-10  3.0886639E-09  6.5188432E-01  1.0140095E-12  2.1401197E-09  2.4893465E-03  1.1712516E-05  2.683E-13  1.080E-08  1.768E-04  1.000E+00  1.000E+00  5.63E+02  3.05E+02  4.91E-01  0.001307  0.870405  0.0000000E+00  2.0057628116E+00
326  2.799329121672362E+06  162.765125  6.889159  4.559974  1.8994780E-01  8.1004220E-01  5.1049770E-08  1.4302315E-08  6.4447138E-06  2.8998177E-07  5.8469683E-10  6.6227036E-13  5.3226598E-08  2.4082133E-09  1.175E-09  0.7625  4.568214   -5.248  2.473227  8.458361  0.0000000E+00  1.1323111E-01  2.2088207E-01  4.6835396E-11  1.0434248E-09  6.6295194E-01  5.5070572E-13  1.0620293E-09  2.8024709E-03  1.0387191E-05  2.955E-13  6.742E-10  1.781E-04  1.000E+00  1.000E+00  5.28E+02  2.86E+02  3.48E-02  0.000099  0.870669  0.0000000E+00  2.0057533720E+00
327  2.801049268964718E+06  162.755405  6.889260  4.547577  1.8994780E-01  8.1004220E-01  5.1049770E-08  1.4302315E-08  6.4447138E-06  2.8998177E-07  5.8469683E-10  6.6227036E-13  5.3226598E-08  2.4082133E-09  1.174E-09  0.7611  4.555019   -5.248  2.479293  8.460327  0.0000000E+00  1.0851930E-01  2.1369205E-01  3.3244754E-12  2.7962133E-12  6.7446011E-01  3.0633591E-14  7.5993366E-12  3.1837241E-03  9.4684292E-06  4.920E-13  4.742E-13  1.795E-04  1.000E+00  1.000E+00  5.36E+02  0.00E+00  2.38E-05  0.000000  0.870924  0.0000000E+00  2.0057521221E+00
328  2.802732564348423E+06  162.745891  6.889342  4.536159  1.8994780E-01  8.1004220E-01  5.1049770E-08  1.4302315E-08  6.4447138E-06  2.8998177E-07  5.8469683E-10  6.6227036E-13  5.3226598E-08  2.4082133E-09  1.172E-09  0.7610  4.542948   -5.248  2.485574  8.462364  0.0000000E+00  1.0380748E-01  2.0650095E-01  2.7608987E-12  3.1348124E-14  6.8591091E-01  2.0045021E-14  2.9625571E-14  3.6209598E-03  8.3332193E-06  5.656E-13  1.029E-09  1.810E-04  1.000E+00  1.000E+00  5.17E+02  2.79E+02  5.55E-02  0.000161  0.871139  0.0000000E+00  2.0057500814E+00
329  2.804335389576334E+06  162.736828  6.889407  4.525696  1.8994780E-01  8.1004220E-01  5.1049770E-08  1.4302315E-08  6.4447138E-06  2.8998177E-07  5.8469683E-10  6.6227036E-13  5.3226598E-08  2.4082133E-09  1.170E-09  0.7609  4.531944   -5.248  2.492031  8.464459  0.0000000E+00  9.9095674E-02  1.9940573E-01  2.6902155E-12  2.0979311E-11  6.9720319E-01  7.1804447E-15  1.1022326E-11  4.1178139E-03  6.9283305E-06  4.830E-13  5.232E-10  1.826E-04  1.000E+00  1.000E+00  4.86E+02  2.62E+02  3.20E-02  0.000099  0.871318  0.0000000E+00  2.0057477502E+00
330  2.805957241771456E+06  162.727656  6.889470  4.513228  1.8994780E-01  8.1004220E-01  5.1049770E-08  1.4302315E-08  6.4447138E-06  2.8998177E-07  5.8469683E-10  6.6227036E-13  5.3226598E-08  2.4082133E-09  1.168E-09  0.7610  4.518487   -5.247  2.498717  8.466638  0.0000000E+00  9.4383863E-02  1.9211240E-01  1.3421643E-11  3.0362597E-10  7.0859393E-01  8.5126211E-14  1.8043478E-10  4.7088973E-03  5.6526154E-06  4.309E-13  3.932E-10  1.842E-04  1.000E+00  1.000E+00  4.61E+02  2.49E+02  2.67E-02  0.000087  0.871493  0.0000000E+00  2.0057463939E+00
331  2.807612018152802E+06  162.718295  6.889537  4.502221  1.8994780E-01  8.1004220E-01  5.1049770E-08  1.4302315E-08  6.4447138E-06  2.8998177E-07  5.8469683E-10  6.6227036E-13  5.3226598E-08  2.4082133E-09  1.166E-09  0.7613  4.506612   -5.247  2.505702  8.468920  0.0000000E+00  8.9672052E-02  1.8458689E-01  9.2975243E-11  2.5646519E-09  7.2008904E-01  8.1249011E-13  1.8846932E-09  5.4200186E-03  4.5536187E-06  4.230E-13  9.478E-10  1.860E-04  1.000E+00  1.000E+00  4.76E+02  2.57E+02  6.03E-02  0.000190  0.871678  0.0000000E+00  2.0057443533E+00
332  2.809302664741635E+06  162.708729  6.889623  4.490211  1.8994780E-01  8.1004220E-01  5.1049770E-08  1.4302315E-08  6.4447138E-06  2.8998177E-07  5.8469683E-10  6.6227036E-13  5.3226598E-08  2.4082133E-09  1.164E-09  0.7619  4.493748   -5.247  2.513026  8.471318  0.0000000E+00  8.4960241E-02  1.7682406E-01  3.4844174E-11  1.0538772E-09  7.3166021E-01  3.3919479E-13  8.0185477E-10  6.2814220E-03  3.6491868E-06  4.572E-13  1.302E-10  1.879E-04  1.000E+00  1.000E+00  3.92E+02  2.11E+02  1.22E-02  0.000047  0.871903  0.0000000E+00  2.0057417174E+00
333  2.811004947009544E+06  162.699093  6.889741  4.474245  1.8994780E-01  8.1004220E-01  5.1049770E-08  1.4302315E-08  6.4447138E-06  2.8998177E-07  5.8469683E-10  6.6227036E-13  5.3226598E-08  2.4082133E-09  1.162E-09  0.7625  4.476938   -5.247  2.520515  8.473773  0.0000000E+00  8.0248431E-02  1.6889216E-01  1.5646667E-11  5.7439569E-10  7.4320467E-01  3.4555706E-13  8.3056597E-10  7.3237830E-03  2.8621975E-06  5.004E-13  2.727E-10  1.898E-04  1.000E+00  1.000E+00  4.15E+02  2.23E+02  2.28E-02  0.000083  0.872192  0.0000000E+00  2.0057400517E+00
334  2.812773498389595E+06  162.689077  6.889883  4.456933  1.8994780E-01  8.1004220E-01  5.1049770E-08  1.4302315E-08  6.4447138E-06  2.8998177E-07  5.8469683E-10  6.6227036E-13  5.3226598E-08  2.4082133E-09  1.160E-09  0.7630  4.459105   -5.247  2.528346  8.476345  0.0000000E+00  7.5536620E-02  1.6065361E-01  6.6906850E-11  1.8155874E-09  7.5477964E-01  5.1182125E-13  1.0791070E-09  8.6187579E-03  2.3461988E-06  6.368E-13  1.770E-09  1.919E-04  1.000E+00  1.000E+00  4.26E+02  2.29E+02  1.40E-01  0.000494  0.872530  0.0000000E+00  2.0057326975E+00
335  2.814548011151678E+06  162.679021  6.890054  4.433703  1.8994780E-01  8.1004220E-01  5.1049770E-08  1.4302315E-08  6.4447138E-06  2.8998177E-07  5.8469683E-10  6.6227036E-13  5.3226598E-08  2.4082133E-09  1.158E-09  0.7635  4.435476   -5.247  2.536433  8.479004  0.0000000E+00  7.0824809E-02  1.5231826E-01  1.0648436E-10  2.9289602E-09  7.6613870E-01  8.7401445E-13  1.8248588E-09  1.0194678E-02  1.8754951E-06  7.574E-13  1.662E-09  1.941E-04  1.000E+00  1.000E+00  4.03E+02  2.16E+02  1.47E-01  0.000547  0.872926  0.0000000E+00  2.0057142116E+00
336  2.816340963919325E+06  162.668855  6.890258  4.407546  1.8994780E-01  8.1004220E-01  5.1049770E-08  1.4302315E-08  6.4447138E-06  2.8998177E-07  5.8469683E-10  6.6227036E-13  5.3226598E-08  2.4082133E-09  1.156E-09  0.7636  4.409026   -5.246  2.544685  8.481717  0.0000000E+00  6.6112998E-02  1.4386996E-01  2.9612125E-10  8.0857603E-09  7.7720903E-01  2.2860675E-12  4.9015320E-09  1.2126634E-02  1.4983505E-06  8.926E-13  2.161E-09  1.963E-04  1.000E+00  1.000E+00  3.82E+02  2.05E+02  2.13E-01  0.000838  0.873392  0.0000000E+00  2.0056927202E+00
337  2.818149509816785E+06  162.658592  6.890406  4.382920  1.8994780E-01  8.1004220E-01  5.1049770E-08  1.4302315E-08  6.4447138E-06  2.8998177E-07  5.8469683E-10  6.6227036E-13  5.3226598E-08  2.4082133E-09  1.154E-09  0.7644  4.384187   -5.246  2.553617  8.484656  0.0000000E+00  6.1401188E-02  1.3535948E-01  1.0229372E-10  2.9047238E-09  7.8785461E-01  8.3692105E-13  1.7424624E-09  1.4480598E-02  1.2067334E-06  1.034E-12  2.770E-09  1.988E-04  1.000E+00  1.000E+00  3.61E+02  1.93E+02  3.07E-01  0.001275  0.873746  0.0000000E+00  2.0056558632E+00
338  2.819996931908282E+06  162.648103  6.890563  4.352563  1.8994780E-01  8.1004220E-01  5.1049770E-08  1.4302315E-08  6.4447138E-06  2.8998177E-07  5.8469683E-10  6.6227036E-13  5.3226598E-08  2.4082133E-09  1.152E-09  0.7645  4.353619   -5.246  2.562826  8.487688  0.0000000E+00  5.6689377E-02  1.2675906E-01  6.8980289E-11  1.8854882E-09  7.9796550E-01  7.8135647E-13  1.3673737E-09  1.7363541E-02  1.0432244E-06  1.227E-12  2.934E-09  2.013E-04  1.000E+00  1.000E+00  3.36E+02  1.79E+02  3.75E-01  0.001676  0.874117  0.0000000E+00  2.0055983461E+00
339  2.821843666134053E+06  162.637611  6.890722  4.318002  1.8994780E-01  8.1004220E-01  5.1049770E-08  1.4302315E-08  6.4447138E-06  2.8998177E-07  5.8469683E-10  6.6227036E-13  5.3226598E-08  2.4082133E-09  1.150E-09  0.7648  4.318863   -5.245  2.572438  8.490854  0.0000000E+00  5.1977566E-02  1.1825232E-01  1.3996488E-10  4.0982766E-09  8.0728987E-01  1.0990776E-12  2.2022524E-09  2.0811685E-02  8.4664681E-07  1.400E-12  2.586E-09  2.041E-04  1.000E+00  1.000E+00  3.11E+02  1.66E+02  3.86E-01  0.001865  0.874495  0.0000000E+00  2.0055195281E+00
340  2.823724405326968E+06  162.626920  6.890871  4.278971  1.8994780E-01  8.1004220E-01  5.1049770E-08  1.4302315E-08  6.4447138E-06  2.8998177E-07  5.8469683E-10  6.6227036E-13  5.3226598E-08  2.4082133E-09  1.148E-09  0.7649  4.279658   -5.245  2.582272  8.494095  0.0000000E+00  4.7265756E-02  1.0980236E-01  1.3970481E-10  4.0185175E-09  8.1567318E-01  1.2068800E-12  2.3277566E-09  2.4958627E-02  7.6885271E-07  1.621E-12  2.053E-09  2.069E-04  1.000E+00  1.000E+00  2.83E+02  1.51E+02  3.68E-01  0.001950  0.874851  0.0000000E+00  2.0054297816E+00
341  2.825591194181438E+06  162.616303  6.891017  4.237702  1.8994780E-01  8.1004220E-01  5.1049770E-08  1.4302315E-08  6.4447138E-06  2.8998177E-07  5.8469683E-10  6.6227036E-13  5.3226598E-08  2.4082133E-09  1.146E-09  0.7651  4.238246   -5.245  2.592509  8.497465  0.0000000E+00  4.2553945E-02  1.0163778E-01  1.2685000E-10  3.7864537E-09  8.2285423E-01  1.0954834E-12  2.0784212E-09  2.9788546E-02  6.1714329E-07  1.799E-12  1.291E-09  2.099E-04  1.000E+00  1.000E+00  2.57E+02  1.37E+02  2.81E-01  0.001640  0.875203  0.0000000E+00  2.0053366950E+00
342  2.827462423274345E+06  162.605655  6.891132  4.189986  1.8994780E-01  8.1004220E-01  5.1049770E-08  1.4302315E-08  6.4447138E-06  2.8998177E-07  5.8469683E-10  6.6227036E-13  5.3226598E-08  2.4082133E-09  1.144E-09  0.7651  4.190397   -5.245  2.602805  8.500858  0.0000000E+00  3.7842134E-02  9.3788725E-02  1.2175669E-10  3.4959606E-09  8.2863349E-01  1.1365951E-12  2.0123930E-09  3.5389055E-02  5.2954898E-07  1.977E-12  6.302E-10  2.130E-04  1.000E+00  1.000E+00  2.31E+02  1.23E+02  1.70E-01  0.001104  0.875491  0.0000000E+00  2.0052678805E+00
343  2.829352488153609E+06  162.594896  6.891219  4.141344  1.8994780E-01  8.1004220E-01  5.1049770E-08  1.4302315E-08  6.4447138E-06  2.8998177E-07  5.8469683E-10  6.6227036E-13  5.3226598E-08  2.4082133E-09  1.142E-09  0.7650  4.141619   -5.245  2.613515  8.504384  0.0000000E+00  3.3130323E-02  8.6320705E-02  1.0859760E-11  3.2553976E-10  8.3281647E-01  3.8603541E-13  5.1689543E-10  4.1795793E-02  4.9368096E-07  2.177E-12  3.396E-10  2.162E-04  1.000E+00  1.000E+00  2.06E+02  1.09E+02  1.15E-01  0.000837  0.875725  0.0000000E+00  2.0052086179E+00
344  2.831198136412961E+06  162.584387  6.891275  4.088612  1.8994780E-01  8.1004220E-01  5.1049770E-08  1.4302315E-08  6.4447138E-06  2.8998177E-07  5.8469683E-10  6.6227036E-13  5.3226598E-08  2.4082133E-09  1.140E-09  0.7650  4.088739   -5.245  2.624521  8.508008  0.0000000E+00  2.8418513E-02  7.9475308E-02  8.1774815E-11  2.3601282E-09  8.3530562E-01  8.5381099E-13  1.3870260E-09  4.8823937E-02  3.3871047E-07  2.284E-12  1.417E-10  2.196E-04  1.000E+00  1.000E+00  1.81E+02  9.61E+01  6.20E-02  0.000513  0.875895  0.0000000E+00  2.0051627794E+00
345  2.833075740829370E+06  162.573696  6.891238  4.039508  1.8994780E-01  8.1004220E-01  5.1049770E-08  1.4302315E-08  6.4447138E-06  2.8998177E-07  5.8469683E-10  6.6227036E-13  5.3226598E-08  2.4082133E-09  1.138E-09  0.7646  4.039592   -5.245  2.636096  8.511816  0.0000000E+00  2.3706702E-02  7.3161048E-02  2.2550820E-11  6.4128466E-10  8.3591324E-01  3.5412540E-13  4.7088546E-10  5.6609022E-02  3.2176521E-07  2.439E-12  6.682E-11  2.232E-04  1.000E+00  1.000E+00  1.63E+02  8.65E+01  3.61E-02  0.000332  0.875877  0.0000000E+00  2.0051292982E+00
346  2.834929179468177E+06  162.563145  6.891132  3.974498  1.8994780E-01  8.1004220E-01  5.1049770E-08  1.4302315E-08  6.4447138E-06  2.8998177E-07  5.8469683E-10  6.6227036E-13  5.3226598E-08  2.4082133E-09  1.136E-09  0.7641  3.974498   -5.245  2.648772  8.515988  0.0000000E+00  1.8994891E-02  6.7567565E-02  3.1746925E-11  1.0597360E-09  8.3470718E-01  4.8372118E-13  7.9809642E-10  6.4884465E-02  2.2970874E-07  2.533E-12  1.803E-11  2.272E-04  1.000E+00  1.000E+00  1.40E+02  7.42E+01  1.33E-02  0.000142  0.875721  0.0000000E+00  2.0051095235E+00
347  2.836798436532484E+06  162.552512  6.890827  3.924080  1.8994780E-01  8.1004220E-01  5.1049770E-08  1.4302315E-08  6.4447138E-06  2.8998177E-07  5.8469683E-10  6.6227036E-13  5.3226598E-08  2.4082133E-09  1.134E-09  0.7628  3.924080   -5.245  2.663412  8.520805  0.0000000E+00  1.4283080E-02  6.2694529E-02  3.7682176E-11  1.4019073E-09  8.3157353E-01  7.2179044E-13  1.1815917E-09  7.3671842E-02  2.1300988E-07  2.635E-12  5.859E-12  2.321E-04  1.000E+00  1.000E+00  1.16E+02  6.15E+01  6.28E-03  0.000081  0.875163  0.0000000E+00  2.0050992930E+00
348  2.838647680928316E+06  162.288730  6.889717  3.899609  1.8994780E-01  8.1004220E-01  5.1049770E-08  1.4302315E-08  6.4447138E-06  2.8998177E-07  5.8469683E-10  6.6227036E-13  5.3226598E-08  2.4082133E-09  1.132E-09  0.7625  3.899609   -3.725  2.682264  8.527014  0.0000000E+00  9.5712696E-03  5.8650107E-02  2.0461221E-12  5.4405064E-11  8.2664910E-01  2.3825248E-14  2.8373367E-11  8.2779757E-02  1.1542703E-07  2.669E-12  1.194E-11  2.385E-04  1.000E+00  1.000E+00  1.17E+02  6.26E+01  1.25E-02  0.000159  0.874348  0.0000000E+00  2.0048354291E+00
349  2.840530839094510E+06  160.558429  6.888354  3.897545  1.8818138E-01  8.1180856E-01  5.1075186E-08  1.4306220E-08  6.4593199E-06  2.8337911E-07  5.7216230E-10  6.4712752E-13  5.1912156E-08  2.3611900E-09  1.136E-09  0.7665  3.897545   -3.018  2.711318  8.536587  0.0000000E+00  4.8594588E-03  5.5505370E-02  4.7350928E-16  1.0834790E-16  8.1945544E-01  1.2111723E-15  8.1157861E-17  9.2526631E-02  1.1518990E-07  2.743E-12  2.301E-11  2.488E-04  1.000E+00  1.000E+00  1.17E+02  6.11E+01  2.38E-02  0.000306  0.879693  0.0000000E+00  1.9996826002E+00
350  2.842704963611694E+06  158.470293  6.887670  3.897639  1.8121910E-01  8.1877070E-01  5.1517070E-08  1.4413252E-08  6.5525333E-06  2.5870678E-07  5.2577195E-10  5.9124902E-13  4.6751960E-08  2.1633449E-09  1.148E-09  0.7169  3.897639   -3.019  2.827700  8.575135  0.0000000E+00  1.4764810E-04  5.3602257E-02  4.2077045E-16  4.3481900E-18  8.0953440E-01  7.9920700E-18  1.1808228E-17  1.0328823E-01  4.8007639E-08  2.738E-12  8.227E-11  2.964E-04  1.000E+00  1.000E+00  1.16E+02  5.95E+01  8.51E-02  0.001096  0.884669  0.0000000E+00  1.9842898869E+00
351  2.842712559799561E+06  158.463031  6.887671  3.897644  1.8119331E-01  8.1879655E-01  5.1519681E-08  1.4413920E-08  6.5529785E-06  2.5861870E-07  5.2560698E-10  5.9105128E-13  4.6732932E-08  2.1625879E-09  1.148E-09  0.7168  3.897644   -3.020  2.828971  8.575557  0.0000000E+00  1.4026570E-04  5.3600933E-02  4.0393772E-16  4.9516125E-18  8.0951434E-01  7.9280576E-18  1.1543943E-17  1.0330808E-01  4.7956509E-08  2.738E-12  8.259E-11  2.969E-04  1.000E+00  1.000E+00  1.16E+02  5.95E+01  8.54E-02  0.001100  0.884692  0.0000000E+00  1.9842051478E+00
352  2.842726786291352E+06  158.449433  6.887674  3.897654  1.8114133E-01  8.1884847E-01  5.1524961E-08  1.4415269E-08  6.5538771E-06  2.5844143E-07  5.2527496E-10  5.9065331E-13  4.6694624E-08  2.1610633E-09  1.148E-09  0.7099  3.897654   -3.020  2.831411  8.576366  0.0000000E+00  1.2550089E-04  5.3598418E-02  4.7104827E-16  3.4548037E-18  8.0947381E-01  7.7192462E-18  1.2072623E-17  1.0334818E-01  4.7856222E-08  2.738E-12  8.287E-11  2.980E-04  1.000E+00  1.000E+00  1.16E+02  5.95E+01  8.57E-02  0.001104  0.884734  0.0000000E+00  1.9840457401E+00
353  2.842734411360697E+06  158.442148  6.887675  3.897659  1.8111574E-01  8.1887414E-01  5.1527576E-08  1.4415938E-08  6.5543216E-06  2.5835399E-07  5.2511120E-10  5.9045704E-13  4.6675722E-08  2.1603109E-09  1.148E-09  0.7095  3.897659   -3.020  2.832752  8.576812  0.0000000E+00  1.1811848E-04  5.3597169E-02  4.4852678E-16  3.8887770E-18  8.0945350E-01  7.6378675E-18  1.1611755E-17  1.0336826E-01  4.7806350E-08  2.738E-12  8.308E-11  2.986E-04  1.000E+00  1.000E+00  1.16E+02  5.94E+01  8.59E-02  0.001107  0.884758  0.0000000E+00  1.9839600239E+00
354  2.842742754881646E+06  158.434177  6.887676  3.897666  1.8108548E-01  8.1890432E-01  5.1530666E-08  1.4416729E-08  6.5548460E-06  2.5825104E-07  5.2491837E-10  5.9022593E-13  4.6653461E-08  2.1594245E-09  1.148E-09  0.7098  3.897666   -3.020  2.834239  8.577305  0.0000000E+00  1.1073608E-04  5.3595913E-02  4.3247320E-16  4.6245363E-18  8.0943323E-01  7.5744487E-18  1.1462185E-17  1.0338833E-01  4.7756482E-08  2.738E-12  8.326E-11  2.993E-04  1.000E+00  1.000E+00  1.16E+02  5.94E+01  8.61E-02  0.001109  0.884783  0.0000000E+00  1.9838660812E+00
355  2.842751974762725E+06  158.425372  6.887678  3.897673  1.8105245E-01  8.1893739E-01  5.1534060E-08  1.4417597E-08  6.5554212E-06  2.5813838E-07  5.2470737E-10  5.8997306E-13  4.6629093E-08  2.1584540E-09  1.148E-09  0.7061  3.897673   -3.020  2.835907  8.577858  0.0000000E+00  1.0335367E-04  5.3594644E-02  4.1495776E-16  5.6244971E-18  8.0941299E-01  7.5250821E-18  1.1602733E-17  1.0340836E-01  4.7706576E-08  2.738E-12  8.361E-11  3.001E-04  1.000E+00  1.000E+00  1.16E+02  5.94E+01  8.65E-02  0.001114  0.884810  0.0000000E+00  1.9837619631E+00
356  2.842760545743406E+06  158.417188  6.887680  3.897679  1.8102176E-01  8.1896804E-01  5.1537218E-08  1.4418406E-08  6.5559558E-06  2.5803390E-07  5.2451172E-10  5.8973859E-13  4.6606493E-08  2.1575536E-09  1.148E-09  0.6996  3.897679   -3.020  2.837484  8.578382  0.0000000E+00  9.5971265E-05  5.3593435E-02  5.0253118E-16  4.6540024E-18  8.0939256E-01  7.4393281E-18  1.2973828E-17  1.0342857E-01  4.7657571E-08  2.738E-12  8.372E-11  3.008E-04  1.000E+00  1.000E+00  1.16E+02  5.94E+01  8.66E-02  0.001116  0.884838  0.0000000E+00  1.9836648807E+00
357  2.842778571148079E+06  158.399983  6.887684  3.897694  1.8095761E-01  8.1903229E-01  5.1543867E-08  1.4420109E-08  6.5570792E-06  2.5781515E-07  5.2410202E-10  5.8924767E-13  4.6559148E-08  2.1556667E-09  1.148E-09  0.6915  3.897694   -3.020  2.840902  8.579515  0.0000000E+00  8.1206455E-05  5.3591079E-02  4.5899680E-16  4.9044409E-18  8.0935150E-01  7.2751023E-18  1.3113132E-17  1.0346918E-01  4.7560714E-08  2.738E-12  8.438E-11  3.024E-04  1.000E+00  1.000E+00  1.16E+02  5.94E+01  8.73E-02  0.001125  0.884893  0.0000000E+00  1.9834598895E+00
358  2.842789349224862E+06  158.389700  6.887686  3.897702  1.8091886E-01  8.1907102E-01  5.1547896E-08  1.4421142E-08  6.5577586E-06  2.5768335E-07  5.2385519E-10  5.8895192E-13  4.6530611E-08  2.1545289E-09  1.148E-09  0.6920  3.897702   -3.020  2.842996  8.580210  0.0000000E+00  7.3824050E-05  5.3589886E-02  4.4202272E-16  5.9882532E-18  8.0933101E-01  7.2207920E-18  1.3335726E-17  1.0348945E-01  4.7512233E-08  2.738E-12  8.459E-11  3.033E-04  1.000E+00  1.000E+00  1.16E+02  5.94E+01  8.75E-02  0.001127  0.884926  0.0000000E+00  1.9833368375E+00
359  2.842801558056385E+06  158.378056  6.887689  3.897711  1.8087506E-01  8.1911474E-01  5.1552470E-08  1.4422314E-08  6.5585284E-06  2.5753444E-07  5.2357633E-10  5.8861783E-13  4.6498359E-08  2.1532425E-09  1.148E-09  0.6869  3.897711   -3.021  2.845406  8.581009  0.0000000E+00  6.6441645E-05  5.3588685E-02  4.3288900E-16  7.2315977E-18  8.0931055E-01  7.1755133E-18  1.4024961E-17  1.0350969E-01  4.7463778E-08  2.738E-12  8.487E-11  3.045E-04  1.000E+00  1.000E+00  1.16E+02  5.94E+01  8.78E-02  0.001131  0.884965  0.0000000E+00  1.9831969852E+00
360  2.842815858738352E+06  158.364422  6.887693  3.897721  1.8082436E-01  8.1916550E-01  5.1557797E-08  1.4423681E-08  6.5594237E-06  2.5736190E-07  5.2325322E-10  5.8823075E-13  4.6460974E-08  2.1517508E-09  1.148E-09  0.6842  3.897721   -3.021  2.848273  8.581961  0.0000000E+00  5.9059240E-05  5.3587467E-02  4.1557524E-16  9.0178349E-18  8.0929014E-01  7.1410350E-18  1.5046703E-17  1.0352990E-01  4.7415220E-08  2.738E-12  8.531E-11  3.058E-04  1.000E+00  1.000E+00  1.16E+02  5.94E+01  8.82E-02  0.001137  0.885010  0.0000000E+00  1.9830325230E+00
361  2.842832424723762E+06  158.348635  6.887697  3.897734  1.8076242E-01  8.1922745E-01  5.1564336E-08  1.4425359E-08  6.5605198E-06  2.5715148E-07  5.2285917E-10  5.8775874E-13  4.6415358E-08  2.1499300E-09  1.148E-09  0.6775  3.897734   -3.021  2.851646  8.583080  0.0000000E+00  5.1676835E-05  5.3586244E-02  4.0257162E-16  1.1054350E-17  8.0926974E-01  7.1095106E-18  1.6539186E-17  1.0355011E-01  4.7366751E-08  2.738E-12  8.581E-11  3.074E-04  1.000E+00  1.000E+00  1.16E+02  5.93E+01  8.88E-02  0.001144  0.885061  0.0000000E+00  1.9828412268E+00
362  2.842871420734739E+06  158.311499  6.887708  3.897764  1.8062703E-01  8.1936287E-01  5.1578780E-08  1.4429070E-08  6.5629320E-06  2.5669175E-07  5.2199831E-10  5.8672771E-13  4.6315617E-08  2.1459452E-09  1.148E-09  0.6653  3.897764   -3.022  2.859770  8.585774  0.0000000E+00  3.6912025E-05  5.3584051E-02  5.1362491E-16  8.8395754E-18  8.0922809E-01  6.9570324E-18  2.2883173E-17  1.0359136E-01  4.7274203E-08  2.738E-12  8.662E-11  3.111E-04  1.000E+00  1.000E+00  1.16E+02  5.93E+01  8.96E-02  0.001155  0.885190  0.0000000E+00  1.9823875347E+00
363  2.842890138805879E+06  158.293691  6.887712  3.897785  1.8055861E-01  8.1943119E-01  5.1586149E-08  1.4430964E-08  6.5641577E-06  2.5645982E-07  5.2156402E-10  5.8620767E-13  4.6265255E-08  2.1439317E-09  1.148E-09  0.6551  3.897785   -3.022  2.863822  8.587118  0.0000000E+00  2.9529620E-05  5.3582994E-02  4.8782091E-16  1.0073582E-17  8.0920714E-01  6.8795438E-18  2.3806723E-17  1.0361213E-01  4.7228586E-08  2.738E-12  8.724E-11  3.131E-04  1.000E+00  1.000E+00  1.16E+02  5.93E+01  9.02E-02  0.001163  0.885246  0.0000000E+00  1.9821682665E+00
364  2.842910896987825E+06  158.273954  6.887721  3.897801  1.8048623E-01  8.1950357E-01  5.1594008E-08  1.4432986E-08  6.5654614E-06  2.5621442E-07  5.2110453E-10  5.8565751E-13  4.6211937E-08  2.1417986E-09  1.148E-09  0.6447  3.897801   -3.022  2.868435  8.588648  0.0000000E+00  2.2147215E-05  5.3582037E-02  7.5399145E-16  7.9590256E-18  8.0918584E-01  6.7612707E-18  2.7765393E-17  1.0363326E-01  4.7184860E-08  2.738E-12  8.754E-11  3.153E-04  1.000E+00  1.000E+00  1.16E+02  5.93E+01  9.05E-02  0.001167  0.885319  0.0000000E+00  1.9819238631E+00
365  2.842931086538458E+06  158.254772  6.887728  3.897820  1.8041465E-01  8.1957515E-01  5.1601833E-08  1.4435001E-08  6.5667560E-06  2.5597198E-07  5.2065059E-10  5.8511409E-13  4.6159232E-08  2.1396889E-09  1.148E-09  0.6215  3.897820   -3.022  2.873086  8.590191  0.0000000E+00  1.4764810E-05  5.3581153E-02  7.7083429E-16  7.6446770E-18  8.0916429E-01  6.6283599E-18  2.9884089E-17  1.0365465E-01  4.7142490E-08  2.738E-12  8.827E-11  3.175E-04  1.000E+00  1.000E+00  1.16E+02  5.93E+01  9.13E-02  0.001176  0.885388  0.0000000E+00  1.9816849810E+00
366  2.842966342375822E+06  158.221311  6.887735  3.897858  1.8028878E-01  8.1970106E-01  5.1615729E-08  1.4438582E-08  6.5690465E-06  2.5554612E-07  5.1985325E-10  5.8415972E-13  4.6066572E-08  2.1359769E-09  1.148E-09  0.5940  3.897858   -3.023  2.881559  8.593000  0.0000000E+00  7.3824050E-06  5.3580264E-02  6.2917390E-16  1.3463266E-17  8.0914275E-01  6.5202060E-18  3.3432251E-17  1.0367604E-01  4.7100195E-08  2.738E-12  8.919E-11  3.216E-04  1.000E+00  1.000E+00  1.16E+02  5.92E+01  9.22E-02  0.001188  0.885496  0.0000000E+00  1.9812648789E+00
367  2.843373787368723E+06  157.835643  6.888143  3.898086  1.7884720E-01  8.2114260E-01  5.1787438E-08  1.4483134E-08  6.5965727E-06  2.5070841E-07  5.1079795E-10  5.7333691E-13  4.5007017E-08  2.0932707E-09  1.148E-09  0.0000  3.898086   -3.027  3.030095  8.641750  0.0000000E+00  1.7301880E-17  5.3579476E-02  8.2609282E-16  8.7104064E-17  8.0912081E-01  6.3972122E-18  5.9620594E-17  1.0369791E-01  4.7060677E-08  2.737E-12  9.832E-11  3.967E-04  1.000E+00  1.000E+00  1.16E+02  5.85E+01  1.02E-01  0.001319  0.887407  0.0000000E+00  1.9761317011E+00
368  2.843925710712259E+06  157.389950  6.889180  3.899430  1.7718140E-01  8.2280840E-01  5.2014799E-08  1.4542766E-08  6.6313640E-06  2.4520836E-07  5.0050545E-10  5.6107365E-13  4.3786737E-08  2.0435297E-09  1.147E-09  0.0000  3.899430   -3.046  3.168887  8.687715  0.0000000E+00  7.5720960E-17  5.3579476E-02  8.2609282E-16  8.7104064E-17  8.0912081E-01  6.3972122E-18  5.9620594E-17  1.0369791E-01  4.7060677E-08  2.737E-12  1.087E-10  4.765E-04  1.000E+00  1.000E+00  1.16E+02  5.76E+01  1.13E-01  0.001457  0.890787  0.0000000E+00  1.9695267491E+00
369  2.844745143261072E+06  156.961152  6.887866  3.897294  1.7453630E-01  8.2545340E-01  5.2443342E-08  1.4656443E-08  6.6935724E-06  2.3667740E-07  4.8453710E-10  5.4214415E-13  4.1858946E-08  1.9638156E-09  1.145E-09  0.0000  3.897294   -2.960  3.360165  8.749531  0.0000000E+00  6.0078070E-16  5.3579472E-02  8.2609282E-16  8.7104064E-17  8.0912081E-01  6.3972122E-18  5.9620594E-17  1.0369792E-01  4.7060677E-08  2.737E-12  1.281E-10  6.230E-04  1.000E+00  1.000E+00  1.16E+02  5.80E+01  1.33E-01  0.001730  0.888521  0.0000000E+00  1.9627500542E+00
370  2.845317741651484E+06  156.313073  6.914852  3.883087  1.7359680E-01  8.2639290E-01  5.2626225E-08  1.4705430E-08  6.7188220E-06  2.3373624E-07  4.7902540E-10  5.3565768E-13  4.1178977E-08  1.9352593E-09  1.143E-09  0.0000  3.883087   -2.784  3.518115  8.792265  0.0000000E+00  2.7636780E-15  5.3579283E-02  8.2609282E-16  8.7104064E-17  8.0912069E-01  6.3972122E-18  5.9620594E-17  1.0369821E-01  4.7060677E-08  2.737E-12  9.655E-11  7.645E-04  1.000E+00  1.000E+00  1.10E+02  3.73E+01  1.11E-01  0.001520  0.948644  0.0000000E+00  1.9477897364E+00
371  2.845317741651484E+06  156.313073  6.914852  3.883087  1.7359680E-01  8.2639290E-01  5.2626225E-08  1.4705430E-08  6.7188220E-06  2.3373624E-07  4.7902540E-10  5.3565768E-13  4.1178977E-08  1.9352593E-09  1.143E-09  0.0000  3.883087   -2.784  3.518115  8.792265  0.0000000E+00  2.7636780E-15  5.3579283E-02  8.2609282E-16  8.7104064E-17  8.0912069E-01  6.3972122E-18  5.9620594E-17  1.0369821E-01  4.7060677E-08  2.737E-12  9.655E-11  7.645E-04  1.000E+00  1.000E+00  1.10E+02  3.73E+01  1.11E-01  0.001520  0.948644  0.0000000E+00  1.9477897364E+00
372  2.845317741651484E+06  156.313073  6.914852  3.883087  1.7359680E-01  8.2639290E-01  5.2626225E-08  1.4705430E-08  6.7188220E-06  2.3373624E-07  4.7902540E-10  5.3565768E-13  4.1178977E-08  1.9352593E-09  1.143E-09  0.0000  3.883087   -2.784  3.518115  8.792265  0.0000000E+00  2.7636780E-15  5.3579283E-02  8.2609282E-16  8.7104064E-17  8.0912069E-01  6.3972122E-18  5.9620594E-17  1.0369821E-01  4.7060677E-08  2.737E-12  9.655E-11  7.645E-04  1.000E+00  1.000E+00  1.10E+02  3.73E+01  1.11E-01  0.001520  0.948644  0.0000000E+00  1.9477897364E+00
373  2.845317741651484E+06  156.313073  6.914852  3.883087  1.7359680E-01  8.2639290E-01  5.2626225E-08  1.4705430E-08  6.7188220E-06  2.3373624E-07  4.7902540E-10  5.3565768E-13  4.1178977E-08  1.9352593E-09  1.143E-09  0.0000  3.883087   -2.784  3.518115  8.792265  0.0000000E+00  2.7636780E-15  5.3579283E-02  8.2609282E-16  8.7104064E-17  8.0912069E-01  6.3972122E-18  5.9620594E-17  1.0369821E-01  4.7060677E-08  2.737E-12  9.655E-11  7.645E-04  1.000E+00  1.000E+00  1.10E+02  3.73E+01  1.11E-01  0.001520  0.948644  0.0000000E+00  1.9477897364E+00
374  2.845317741651484E+06  156.313073  6.914852  3.883087  1.7359680E-01  8.2639290E-01  5.2626225E-08  1.4705430E-08  6.7188220E-06  2.3373624E-07  4.7902540E-10  5.3565768E-13  4.1178977E-08  1.9352593E-09  1.143E-09  0.0000  3.883087   -2.784  3.518115  8.792265  0.0000000E+00  2.7636780E-15  5.3579283E-02  8.2609282E-16  8.7104064E-17  8.0912069E-01  6.3972122E-18  5.9620594E-17  1.0369821E-01  4.7060677E-08  2.737E-12  9.655E-11  7.645E-04  1.000E+00  1.000E+00  1.10E+02  3.73E+01  1.11E-01  0.001520  0.948644  0.0000000E+00  1.9477897364E+00
375  2.845317741651484E+06  156.313073  6.914852  3.883087  1.7359680E-01  8.2639290E-01  5.2626225E-08  1.4705430E-08  6.7188220E-06  2.3373624E-07  4.7902540E-10  5.3565768E-13  4.1178977E-08  1.9352593E-09  1.143E-09  0.0000  3.883087   -2.784  3.518115  8.792265  0.0000000E+00  2.7636780E-15  5.3579283E-02  8.2609282E-16  8.7104064E-17  8.0912069E-01  6.3972122E-18  5.9620594E-17  1.0369821E-01  4.7060677E-08  2.737E-12  9.655E-11  7.645E-04  1.000E+00  1.000E+00  1.10E+02  3.73E+01  1.11E-01  0.001520  0.948644  0.0000000E+00  1.9477897364E+00
376  2.845317741651484E+06  156.313073  6.914852  3.883087  1.7359680E-01  8.2639290E-01  5.2626225E-08  1.4705430E-08  6.7188220E-06  2.3373624E-07  4.7902540E-10  5.3565768E-13  4.1178977E-08  1.9352593E-09  1.143E-09  0.0000  3.883087   -2.784  3.518115  8.792265  0.0000000E+00  2.7636780E-15  5.3579283E-02  8.2609282E-16  8.7104064E-17  8.0912069E-01  6.3972122E-18  5.9620594E-17  1.0369821E-01  4.7060677E-08  2.737E-12  9.655E-11  7.645E-04  1.000E+00  1.000E+00  1.10E+02  3.73E+01  1.11E-01  0.001520  0.948644  0.0000000E+00  1.9477897364E+00
377  2.845317741651484E+06  156.313073  6.914852  3.883087  1.7359680E-01  8.2639290E-01  5.2626225E-08  1.4705430E-08  6.7188220E-06  2.3373624E-07  4.7902540E-10  5.3565768E-13  4.1178977E-08  1.9352593E-09  1.143E-09  0.0000  3.883087   -2.784  3.518115  8.792265  0.0000000E+00  2.7636780E-15  5.3579283E-02  8.2609282E-16  8.7104064E-17  8.0912069E-01  6.3972122E-18  5.9620594E-17  1.0369821E-01  4.7060677E-08  2.737E-12  9.655E-11  7.645E-04  1.000E+00  1.000E+00  1.10E+02  3.73E+01  1.11E-01  0.001520  0.948644  0.0000000E+00  1.9477897364E+00
378  2.845317741651484E+06  156.313073  6.914852  3.883087  1.7359680E-01  8.2639290E-01  5.2626225E-08  1.4705430E-08  6.7188220E-06  2.3373624E-07  4.7902540E-10  5.3565768E-13  4.1178977E-08  1.9352593E-09  1.143E-09  0.0000  3.883087   -2.784  3.518115  8.792265  0.0000000E+00  2.7636780E-15  5.3579283E-02  8.2609282E-16  8.7104064E-17  8.0912069E-01  6.3972122E-18  5.9620594E-17  1.0369821E-01  4.7060677E-08  2.737E-12  9.655E-11  7.645E-04  1.000E+00  1.000E+00  1.10E+02  3.73E+01  1.11E-01  0.001520  0.948644  0.0000000E+00  1.9477897364E+00
379  2.845317741651484E+06  156.313073  6.914852  3.883087  1.7359680E-01  8.2639290E-01  5.2626225E-08  1.4705430E-08  6.7188220E-06  2.3373624E-07  4.7902540E-10  5.3565768E-13  4.1178977E-08  1.9352593E-09  1.143E-09  0.0000  3.883087   -2.784  3.518115  8.792265  0.0000000E+00  2.7636780E-15  5.3579283E-02  8.2609282E-16  8.7104064E-17  8.0912069E-01  6.3972122E-18  5.9620594E-17  1.0369821E-01  4.7060677E-08  2.737E-12  9.655E-11  7.645E-04  1.000E+00  1.000E+00  1.10E+02  3.73E+01  1.11E-01  0.001520  0.948644  0.0000000E+00  1.9477897364E+00
380  2.845317741651484E+06  156.313073  6.914852  3.883087  1.7359680E-01  8.2639290E-01  5.2626225E-08  1.4705430E-08  6.7188220E-06  2.3373624E-07  4.7902540E-10  5.3565768E-13  4.1178977E-08  1.9352593E-09  1.143E-09  0.0000  3.883087   -2.784  3.518115  8.792265  0.0000000E+00  2.7636780E-15  5.3579283E-02  8.2609282E-16  8.7104064E-17  8.0912069E-01  6.3972122E-18  5.9620594E-17  1.0369821E-01  4.7060677E-08  2.737E-12  9.655E-11  7.645E-04  1.000E+00  1.000E+00  1.10E+02  3.73E+01  1.11E-01  0.001520  0.948644  0.0000000E+00  1.9477897364E+00
381  2.845317741651484E+06  156.313073  6.914852  3.883087  1.7359680E-01  8.2639290E-01  5.2626225E-08  1.4705430E-08  6.7188220E-06  2.3373624E-07  4.7902540E-10  5.3565768E-13  4.1178977E-08  1.9352593E-09  1.143E-09  0.0000  3.883087   -2.784  3.518115  8.792265  0.0000000E+00  2.7636780E-15  5.3579283E-02  8.2609282E-16  8.7104064E-17  8.0912069E-01  6.3972122E-18  5.9620594E-17  1.0369821E-01  4.7060677E-08  2.737E-12  9.655E-11  7.645E-04  1.000E+00  1.000E+00  1.10E+02  3.73E+01  1.11E-01  0.001520  0.948644  0.0000000E+00  1.9477897364E+00
382  2.845317741651484E+06  156.313073  6.914852  3.883087  1.7359680E-01  8.2639290E-01  5.2626225E-08  1.4705430E-08  6.7188220E-06  2.3373624E-07  4.7902540E-10  5.3565768E-13  4.1178977E-08  1.9352593E-09  1.143E-09  0.0000  3.883087   -2.784  3.518115  8.792265  0.0000000E+00  2.7636780E-15  5.3579283E-02  8.2609282E-16  8.7104064E-17  8.0912069E-01  6.3972122E-18  5.9620594E-17  1.0369821E-01  4.7060677E-08  2.737E-12  9.655E-11  7.645E-04  1.000E+00  1.000E+00  1.10E+02  3.73E+01  1.11E-01  0.001520  0.948644  0.0000000E+00  1.9477897364E+00
383  2.845317741651484E+06  156.313073  6.914852  3.883087  1.7359680E-01  8.2639290E-01  5.2626225E-08  1.4705430E-08  6.7188220E-06  2.3373624E-07  4.7902540E-10  5.3565768E-13  4.1178977E-08  1.9352593E-09  1.143E-09  0.0000  3.883087   -2.784  3.518115  8.792265  0.0000000E+00  2.7636780E-15  5.3579283E-02  8.2609282E-16  8.7104064E-17  8.0912069E-01  6.3972122E-18  5.9620594E-17  1.0369821E-01  4.7060677E-08  2.737E-12  9.655E-11  7.645E-04  1.000E+00  1.000E+00  1.10E+02  3.73E+01  1.11E-01  0.001520  0.948644  0.0000000E+00  1.9477897364E+00
384  2.845317741651484E+06  156.313073  6.914852  3.883087  1.7359680E-01  8.2639290E-01  5.2626225E-08  1.4705430E-08  6.7188220E-06  2.3373624E-07  4.7902540E-10  5.3565768E-13  4.1178977E-08  1.9352593E-09  1.143E-09  0.0000  3.883087   -2.784  3.518115  8.792265  0.0000000E+00  2.7636780E-15  5.3579283E-02  8.2609282E-16  8.7104064E-17  8.0912069E-01  6.3972122E-18  5.9620594E-17  1.0369821E-01  4.7060677E-08  2.737E-12  9.655E-11  7.645E-04  1.000E+00  1.000E+00  1.10E+02  3.73E+01  1.11E-01  0.001520  0.948644  0.0000000E+00  1.9477897364E+00
385  2.845317741651484E+06  156.313073  6.914852  3.883087  1.7359680E-01  8.2639290E-01  5.2626225E-08  1.4705430E-08  6.7188220E-06  2.3373624E-07  4.7902540E-10  5.3565768E-13  4.1178977E-08  1.9352593E-09  1.143E-09  0.0000  3.883087   -2.784  3.518115  8.792265  0.0000000E+00  2.7636780E-15  5.3579283E-02  8.2609282E-16  8.7104064E-17  8.0912069E-01  6.3972122E-18  5.9620594E-17  1.0369821E-01  4.7060677E-08  2.737E-12  9.655E-11  7.645E-04  1.000E+00  1.000E+00  1.10E+02  3.73E+01  1.11E-01  0.001520  0.948644  0.0000000E+00  1.9477897364E+00
386  2.845317741651484E+06  156.313073  6.914852  3.883087  1.7359680E-01  8.2639290E-01  5.2626225E-08  1.4705430E-08  6.7188220E-06  2.3373624E-07  4.7902540E-10  5.3565768E-13  4.1178977E-08  1.9352593E-09  1.143E-09  0.0000  3.883087   -2.784  3.518115  8.792265  0.0000000E+00  2.7636780E-15  5.3579283E-02  8.2609282E-16  8.7104064E-17  8.0912069E-01  6.3972122E-18  5.9620594E-17  1.0369821E-01  4.7060677E-08  2.737E-12  9.655E-11  7.645E-04  1.000E+00  1.000E+00  1.10E+02  3.73E+01  1.11E-01  0.001520  0.948644  0.0000000E+00  1.9477897364E+00
387  2.845317741651484E+06  156.313073  6.914852  3.883087  1.7359680E-01  8.2639290E-01  5.2626225E-08  1.4705430E-08  6.7188220E-06  2.3373624E-07  4.7902540E-10  5.3565768E-13  4.1178977E-08  1.9352593E-09  1.143E-09  0.0000  3.883087   -2.784  3.518115  8.792265  0.0000000E+00  2.7636780E-15  5.3579283E-02  8.2609282E-16  8.7104064E-17  8.0912069E-01  6.3972122E-18  5.9620594E-17  1.0369821E-01  4.7060677E-08  2.737E-12  9.655E-11  7.645E-04  1.000E+00  1.000E+00  1.10E+02  3.73E+01  1.11E-01  0.001520  0.948644  0.0000000E+00  1.9477897364E+00
388  2.845317741651484E+06  156.313073  6.914852  3.883087  1.7359680E-01  8.2639290E-01  5.2626225E-08  1.4705430E-08  6.7188220E-06  2.3373624E-07  4.7902540E-10  5.3565768E-13  4.1178977E-08  1.9352593E-09  1.143E-09  0.0000  3.883087   -2.784  3.518115  8.792265  0.0000000E+00  2.7636780E-15  5.3579283E-02  8.2609282E-16  8.7104064E-17  8.0912069E-01  6.3972122E-18  5.9620594E-17  1.0369821E-01  4.7060677E-08  2.737E-12  9.655E-11  7.645E-04  1.000E+00  1.000E+00  1.10E+02  3.73E+01  1.11E-01  0.001520  0.948644  0.0000000E+00  1.9477897364E+00
389  2.845317741651484E+06  156.313073  6.914852  3.883087  1.7359680E-01  8.2639290E-01  5.2626225E-08  1.4705430E-08  6.7188220E-06  2.3373624E-07  4.7902540E-10  5.3565768E-13  4.1178977E-08  1.9352593E-09  1.143E-09  0.0000  3.883087   -2.784  3.518115  8.792265  0.0000000E+00  2.7636780E-15  5.3579283E-02  8.2609282E-16  8.7104064E-17  8.0912069E-01  6.3972122E-18  5.9620594E-17  1.0369821E-01  4.7060677E-08  2.737E-12  9.655E-11  7.645E-04  1.000E+00  1.000E+00  1.10E+02  3.73E+01  1.11E-01  0.001520  0.948644  0.0000000E+00  1.9477897364E+00
390  2.845317741651484E+06  156.313073  6.914852  3.883087  1.7359680E-01  8.2639290E-01  5.2626225E-08  1.4705430E-08  6.7188220E-06  2.3373624E-07  4.7902540E-10  5.3565768E-13  4.1178977E-08  1.9352593E-09  1.143E-09  0.0000  3.883087   -2.784  3.518115  8.792265  0.0000000E+00  2.7636780E-15  5.3579283E-02  8.2609282E-16  8.7104064E-17  8.0912069E-01  6.3972122E-18  5.9620594E-17  1.0369821E-01  4.7060677E-08  2.737E-12  9.655E-11  7.645E-04  1.000E+00  1.000E+00  1.10E+02  3.73E+01  1.11E-01  0.001520  0.948644  0.0000000E+00  1.9477897364E+00
391  2.845317741651484E+06  156.313073  6.914852  3.883087  1.7359680E-01  8.2639290E-01  5.2626225E-08  1.4705430E-08  6.7188220E-06  2.3373624E-07  4.7902540E-10  5.3565768E-13  4.1178977E-08  1.9352593E-09  1.143E-09  0.0000  3.883087   -2.784  3.518115  8.792265  0.0000000E+00  2.7636780E-15  5.3579283E-02  8.2609282E-16  8.7104064E-17  8.0912069E-01  6.3972122E-18  5.9620594E-17  1.0369821E-01  4.7060677E-08  2.737E-12  9.655E-11  7.645E-04  1.000E+00  1.000E+00  1.10E+02  3.73E+01  1.11E-01  0.001520  0.948644  0.0000000E+00  1.9477897364E+00
392  2.845317741651484E+06  156.313073  6.914852  3.883087  1.7359680E-01  8.2639290E-01  5.2626225E-08  1.4705430E-08  6.7188220E-06  2.3373624E-07  4.7902540E-10  5.3565768E-13  4.1178977E-08  1.9352593E-09  1.143E-09  0.0000  3.883087   -2.784  3.518115  8.792265  0.0000000E+00  2.7636780E-15  5.3579283E-02  8.2609282E-16  8.7104064E-17  8.0912069E-01  6.3972122E-18  5.9620594E-17  1.0369821E-01  4.7060677E-08  2.737E-12  9.655E-11  7.645E-04  1.000E+00  1.000E+00  1.10E+02  3.73E+01  1.11E-01  0.001520  0.948644  0.0000000E+00  1.9477897364E+00
393  2.845317741651484E+06  156.313073  6.914852  3.883087  1.7359680E-01  8.2639290E-01  5.2626225E-08  1.4705430E-08  6.7188220E-06  2.3373624E-07  4.7902540E-10  5.3565768E-13  4.1178977E-08  1.9352593E-09  1.143E-09  0.0000  3.883087   -2.784  3.518115  8.792265  0.0000000E+00  2.7636780E-15  5.3579283E-02  8.2609282E-16  8.7104064E-17  8.0912069E-01  6.3972122E-18  5.9620594E-17  1.0369821E-01  4.7060677E-08  2.737E-12  9.655E-11  7.645E-04  1.000E+00  1.000E+00  1.10E+02  3.73E+01  1.11E-01  0.001520  0.948644  0.0000000E+00  1.9477897364E+00
394  2.845317741651484E+06  156.313073  6.914852  3.883087  1.7359680E-01  8.2639290E-01  5.2626225E-08  1.4705430E-08  6.7188220E-06  2.3373624E-07  4.7902540E-10  5.3565768E-13  4.1178977E-08  1.9352593E-09  1.143E-09  0.0000  3.883087   -2.784  3.518115  8.792265  0.0000000E+00  2.7636780E-15  5.3579283E-02  8.2609282E-16  8.7104064E-17  8.0912069E-01  6.3972122E-18  5.9620594E-17  1.0369821E-01  4.7060677E-08  2.737E-12  9.655E-11  7.645E-04  1.000E+00  1.000E+00  1.10E+02  3.73E+01  1.11E-01  0.001520  0.948644  0.0000000E+00  1.9477897364E+00
395  2.845317741651484E+06  156.313073  6.914852  3.883087  1.7359680E-01  8.2639290E-01  5.2626225E-08  1.4705430E-08  6.7188220E-06  2.3373624E-07  4.7902540E-10  5.3565768E-13  4.1178977E-08  1.9352593E-09  1.143E-09  0.0000  3.883087   -2.784  3.518115  8.792265  0.0000000E+00  2.7636780E-15  5.3579283E-02  8.2609282E-16  8.7104064E-17  8.0912069E-01  6.3972122E-18  5.9620594E-17  1.0369821E-01  4.7060677E-08  2.737E-12  9.655E-11  7.645E-04  1.000E+00  1.000E+00  1.10E+02  3.73E+01  1.11E-01  0.001520  0.948644  0.0000000E+00  1.9477897364E+00
396  2.845317741651484E+06  156.313073  6.914852  3.883087  1.7359680E-01  8.2639290E-01  5.2626225E-08  1.4705430E-08  6.7188220E-06  2.3373624E-07  4.7902540E-10  5.3565768E-13  4.1178977E-08  1.9352593E-09  1.143E-09  0.0000  3.883087   -2.784  3.518115  8.792265  0.0000000E+00  2.7636780E-15  5.3579283E-02  8.2609282E-16  8.7104064E-17  8.0912069E-01  6.3972122E-18  5.9620594E-17  1.0369821E-01  4.7060677E-08  2.737E-12  9.655E-11  7.645E-04  1.000E+00  1.000E+00  1.10E+02  3.73E+01  1.11E-01  0.001520  0.948644  0.0000000E+00  1.9477897364E+00
397  2.845317741651484E+06  156.313073  6.914852  3.883087  1.7359680E-01  8.2639290E-01  5.2626225E-08  1.4705430E-08  6.7188220E-06  2.3373624E-07  4.7902540E-10  5.3565768E-13  4.1178977E-08  1.9352593E-09  1.143E-09  0.0000  3.883087   -2.784  3.518115  8.792265  0.0000000E+00  2.7636780E-15  5.3579283E-02  8.2609282E-16  8.7104064E-17  8.0912069E-01  6.3972122E-18  5.9620594E-17  1.0369821E-01  4.7060677E-08  2.737E-12  9.655E-11  7.645E-04  1.000E+00  1.000E+00  1.10E+02  3.73E+01  1.11E-01  0.001520  0.948644  0.0000000E+00  1.9477897364E+00
398  2.845317741651484E+06  156.313073  6.914852  3.883087  1.7359680E-01  8.2639290E-01  5.2626225E-08  1.4705430E-08  6.7188220E-06  2.3373624E-07  4.7902540E-10  5.3565768E-13  4.1178977E-08  1.9352593E-09  1.143E-09  0.0000  3.883087   -2.784  3.518115  8.792265  0.0000000E+00  2.7636780E-15  5.3579283E-02  8.2609282E-16  8.7104064E-17  8.0912069E-01  6.3972122E-18  5.9620594E-17  1.0369821E-01  4.7060677E-08  2.737E-12  9.655E-11  7.645E-04  1.000E+00  1.000E+00  1.10E+02  3.73E+01  1.11E-01  0.001520  0.948644  0.0000000E+00  1.9477897364E+00
399  2.845317741651484E+06  156.313073  6.914852  3.883087  1.7359680E-01  8.2639290E-01  5.2626225E-08  1.4705430E-08  6.7188220E-06  2.3373624E-07  4.7902540E-10  5.3565768E-13  4.1178977E-08  1.9352593E-09  1.143E-09  0.0000  3.883087   -2.784  3.518115  8.792265  0.0000000E+00  2.7636780E-15  5.3579283E-02  8.2609282E-16  8.7104064E-17  8.0912069E-01  6.3972122E-18  5.9620594E-17  1.0369821E-01  4.7060677E-08  2.737E-12  9.655E-11  7.645E-04  1.000E+00  1.000E+00  1.10E+02  3.73E+01  1.11E-01  0.001520  0.948644  0.0000000E+00  1.9477897364E+00
400  2.845317741651484E+06  156.313073  6.914852  3.883087  1.7359680E-01  8.2639290E-01  5.2626225E-08  1.4705430E-08  6.7188220E-06  2.3373624E-07  4.7902540E-10  5.3565768E-13  4.1178977E-08  1.9352593E-09  1.143E-09  0.0000  3.883087   -2.784  3.518115  8.792265  0.0000000E+00  2.7636780E-15  5.3579283E-02  8.2609282E-16  8.7104064E-17  8.0912069E-01  6.3972122E-18  5.9620594E-17  1.0369821E-01  4.7060677E-08  2.737E-12  9.655E-11  7.645E-04  1.000E+00  1.000E+00  1.10E+02  3.73E+01  1.11E-01  0.001520  0.948644  0.0000000E+00  1.9477897364E+00
