line                  time        mass     lg(L)  lg(Teff)        1H_surf       4He_surf       12C_surf       13C_surf       14N_surf       16O_surf       17O_surf       18O_surf      20Ne_surf      22Ne_surf  26Al_surf  Mcc/Mt   lg(Teff)  lg(Md)  lg(rhoc)    lg(Tc)         1H_cen        4He_cen        12C_cen        13C_cen        14N_cen        16O_cen        17O_cen        18O_cen       20Ne_cen       22Ne_cen   26Al_cen  Omeg_surf   Omeg_cen     Rp/Req   Md/Md(0)   v_crit1   v_crit2    v_equa  Om/Om_cr  Gamma_Ed  lg(Mdot_mech)             L_tot
   -                    yr        Msun      Lsun        K      mass frac.     mass frac.     mass frac.     mass frac.     mass frac.     mass frac.     mass frac.     mass frac.     mass frac.     mass frac. mass frac.       -          K   Ms/yr     g/cm3         K     mass frac.     mass frac.     mass frac.     mass frac.     mass frac.     mass frac.     mass frac.     mass frac.     mass frac.     mass frac. mass frac.        s-1        s-1          -          -      km/s      km/s      km/s         -         -        Msun/yr     10^53 g cm2/s

  1  1.374049999999993E+04  499.999776  7.079766  4.875676  7.5157740E-01  2.4837130E-01  1.2915521E-06  4.2970794E-09  1.0216519E-07  6.8211449E-06  3.5136664E-10  2.0005896E-09  9.2048308E-07  2.3543589E-08  0.000E+00  0.8914  4.875676   -7.845  0.488715  7.877828  7.4857620E-01  2.5141420E-01  1.1544830E-07  3.2021696E-08  7.3552652E-06  5.5845886E-08  8.6247962E-11  9.9854759E-14  2.6837253E-07  3.9581055E-08  2.147E-07  4.934E-05  4.934E-05  9.466E-01  1.162E+00  1.79E+03  1.72E+03  7.17E+02  0.568094  0.647073  0.0000000E+00  8.4896233811E+01
  2  3.947843956379248E+04  499.999410  7.080292  4.875681  7.5157740E-01  2.4837130E-01  1.2915521E-06  4.2970794E-09  1.0216519E-07  6.8211449E-06  3.5136664E-10  2.0005896E-09  9.2048308E-07  2.3543589E-08  0.000E+00  0.9012  4.875681   -7.845  0.490797  7.878682  7.4122258E-01  2.5876766E-01  1.0945436E-07  3.0287563E-08  7.3497286E-06  6.0479071E-08  9.2038604E-11  1.1335107E-13  2.4325599E-08  2.4643557E-09  4.146E-08  4.917E-05  4.947E-05  9.469E-01  1.161E+00  1.79E+03  1.72E+03  7.15E+02  0.566864  0.647858  0.0000000E+00  8.4895735240E+01
  3  6.494142020477819E+04  499.999044  7.081092  4.874892  7.5157740E-01  2.4837130E-01  1.2915521E-06  4.2970794E-09  1.0216519E-07  6.8211449E-06  3.5136664E-10  2.0005896E-09  9.2048308E-07  2.3543589E-08  0.000E+00  0.8953  4.874892   -7.838  0.491680  7.879124  7.3386895E-01  2.6612125E-01  1.0941056E-07  3.0276065E-08  7.3392383E-06  6.0319470E-08  9.1896679E-11  1.1286950E-13  2.5163527E-09  2.5704248E-10  1.082E-08  4.914E-05  4.947E-05  9.463E-01  1.164E+00  1.79E+03  1.71E+03  7.18E+02  0.569945  0.649053  0.0000000E+00  8.4895231219E+01
  4  9.017995569510460E+04  499.998674  7.081893  4.874063  7.5157740E-01  2.4837130E-01  1.2915521E-06  4.2970794E-09  1.0216519E-07  6.8211449E-06  3.5136664E-10  2.0005896E-09  9.2048308E-07  2.3543589E-08  0.000E+00  0.8896  4.874063   -7.831  0.492584  7.879572  7.2651533E-01  2.7347497E-01  1.0936633E-07  3.0264448E-08  7.3286775E-06  6.0158831E-08  9.1754181E-11  1.1238583E-13  2.6143641E-10  2.6937899E-11  4.682E-09  4.909E-05  4.946E-05  9.456E-01  1.167E+00  1.78E+03  1.70E+03  7.21E+02  0.573087  0.650252  0.0000000E+00  8.4894719156E+01
  5  1.152305230546502E+05  499.998301  7.082736  4.873156  7.5157740E-01  2.4837130E-01  1.2915521E-06  4.2970794E-09  1.0216519E-07  6.8211449E-06  3.5136664E-10  2.0005896E-09  9.2048308E-07  2.3543589E-08  0.000E+00  0.8843  4.873156   -7.823  0.493520  7.880027  7.1916171E-01  2.8082855E-01  1.0932177E-07  3.0252766E-08  7.3180449E-06  5.9996695E-08  9.1612952E-11  1.1189540E-13  2.9059330E-11  3.0270503E-12  2.682E-09  4.906E-05  4.944E-05  9.448E-01  1.171E+00  1.78E+03  1.69E+03  7.24E+02  0.576625  0.651516  0.0000000E+00  8.4894197169E+01
  6  1.400882597841676E+05  499.997924  7.083600  4.872191  7.5157740E-01  2.4837130E-01  1.2915521E-06  4.2970794E-09  1.0216519E-07  6.8211449E-06  3.5136664E-10  2.0005896E-09  9.2048308E-07  2.3543589E-08  0.000E+00  0.8791  4.872191   -7.815  0.494483  7.880487  7.1180809E-01  2.8818211E-01  1.0927759E-07  3.0241157E-08  7.3073380E-06  5.9833634E-08  9.1471755E-11  1.1140300E-13  4.4745138E-12  4.7504333E-13  1.634E-09  4.900E-05  4.942E-05  9.440E-01  1.175E+00  1.78E+03  1.68E+03  7.28E+02  0.580303  0.652813  0.0000000E+00  8.4893664355E+01
  7  1.647647848817665E+05  499.997542  7.084487  4.871167  7.5157740E-01  2.4837130E-01  1.2915521E-06  4.2970794E-09  1.0216519E-07  6.8211449E-06  3.5136664E-10  2.0005896E-09  9.2048308E-07  2.3543589E-08  0.000E+00  0.8739  4.871167   -7.806  0.495475  7.880954  7.0445446E-01  2.9553574E-01  1.0923394E-07  3.0229648E-08  7.2965549E-06  5.9669480E-08  9.1330356E-11  1.1090820E-13  1.5904375E-12  1.7262991E-13  1.001E-09  4.896E-05  4.940E-05  9.431E-01  1.179E+00  1.77E+03  1.67E+03  7.32E+02  0.584255  0.654148  0.0000000E+00  8.4893119341E+01
  8  1.892591242346606E+05  499.997156  7.085387  4.870090  7.5157740E-01  2.4837130E-01  1.2915521E-06  4.2970794E-09  1.0216519E-07  6.8211449E-06  3.5136664E-10  2.0005896E-09  9.2048308E-07  2.3543589E-08  0.000E+00  0.8689  4.870090   -7.798  0.496486  7.881425  6.9710084E-01  3.0288946E-01  1.0918992E-07  3.0218079E-08  7.2856956E-06  5.9504284E-08  9.1188324E-11  1.1041122E-13  1.0987998E-12  1.2140293E-13  6.101E-10  4.891E-05  4.937E-05  9.422E-01  1.183E+00  1.77E+03  1.66E+03  7.35E+02  0.588315  0.655505  0.0000000E+00  8.4892561179E+01
  9  2.135769466841039E+05  499.996764  7.086303  4.868940  7.5157740E-01  2.4837130E-01  1.2915521E-06  4.2970794E-09  1.0216519E-07  6.8211449E-06  3.5136664E-10  2.0005896E-09  9.2048308E-07  2.3543589E-08  0.000E+00  0.8640  4.868940   -7.788  0.497530  7.881902  6.8974722E-01  3.1024298E-01  1.0914628E-07  3.0206553E-08  7.2747575E-06  5.9337970E-08  9.1046477E-11  1.0991094E-13  9.3649800E-13  1.0439292E-13  3.695E-10  4.885E-05  4.934E-05  9.413E-01  1.188E+00  1.76E+03  1.65E+03  7.40E+02  0.592666  0.656890  0.0000000E+00  8.4891988563E+01
 10  2.377201148205206E+05  499.996366  7.087241  4.867754  7.5157740E-01  2.4837130E-01  1.2915521E-06  4.2970794E-09  1.0216519E-07  6.8211449E-06  3.5136664E-10  2.0005896E-09  9.2048308E-07  2.3543589E-08  0.000E+00  0.8592  4.867754   -7.779  0.498604  7.882386  6.8239360E-01  3.1759660E-01  1.0910309E-07  3.0195077E-08  7.2637394E-06  5.9170580E-08  9.0905613E-11  1.0940740E-13  8.5303575E-13  9.5662669E-14  2.223E-10  4.878E-05  4.931E-05  9.403E-01  1.193E+00  1.76E+03  1.64E+03  7.44E+02  0.597021  0.658311  0.0000000E+00  8.4891400328E+01
 11  2.617018181294904E+05  499.995962  7.088187  4.866497  7.5157740E-01  2.4837130E-01  1.2915521E-06  4.2970794E-09  1.0216519E-07  6.8211449E-06  3.5136664E-10  2.0005896E-09  9.2048308E-07  2.3543589E-08  0.000E+00  0.8545  4.866497   -7.768  0.499704  7.882875  6.7503997E-01  3.2495023E-01  1.0905948E-07  3.0183427E-08  7.2526410E-06  5.9001915E-08  9.0764583E-11  1.0890070E-13  8.5808362E-13  9.7043265E-14  1.330E-10  4.872E-05  4.927E-05  9.392E-01  1.198E+00  1.75E+03  1.62E+03  7.48E+02  0.601777  0.659747  0.0000000E+00  8.4890794854E+01
 12  2.855124447413501E+05  499.995551  7.089146  4.865108  7.5157740E-01  2.4837130E-01  1.2915521E-06  4.2970794E-09  1.0216519E-07  6.8211449E-06  3.5136664E-10  2.0005896E-09  9.2048308E-07  2.3543589E-08  0.000E+00  0.8499  4.865108   -7.757  0.500825  7.883368  6.6768635E-01  3.3230385E-01  1.0901403E-07  3.0171497E-08  7.2414623E-06  5.8832192E-08  9.0623074E-11  1.0839166E-13  8.4130158E-13  9.6263708E-14  7.913E-11  4.865E-05  4.923E-05  9.379E-01  1.205E+00  1.75E+03  1.61E+03  7.53E+02  0.607027  0.661206  0.0000000E+00  8.4890170769E+01
 13  3.091621017969883E+05  499.995132  7.090118  4.863596  7.5157740E-01  2.4837130E-01  1.2915521E-06  4.2970794E-09  1.0216519E-07  6.8211449E-06  3.5136664E-10  2.0005896E-09  9.2048308E-07  2.3543589E-08  0.000E+00  0.8454  4.863596   -7.746  0.501984  7.883870  6.6033273E-01  3.3965747E-01  1.0897211E-07  3.0160085E-08  7.2301949E-06  5.8661401E-08  9.0482037E-11  1.0788067E-13  8.5455180E-13  9.8119917E-14  4.698E-11  4.858E-05  4.918E-05  9.366E-01  1.211E+00  1.74E+03  1.60E+03  7.58E+02  0.612592  0.662688  0.0000000E+00  8.4889524867E+01
 14  3.326472886935520E+05  499.994704  7.091101  4.862030  7.5157740E-01  2.4837130E-01  1.2915521E-06  4.2970794E-09  1.0216519E-07  6.8211449E-06  3.5136664E-10  2.0005896E-09  9.2048308E-07  2.3543589E-08  0.000E+00  0.8410  4.862030   -7.734  0.503162  7.884375  6.5297911E-01  3.4701109E-01  1.0892708E-07  3.0148186E-08  7.2188460E-06  5.8489457E-08  9.0340881E-11  1.0736544E-13  8.5070348E-13  9.8359459E-14  2.788E-11  4.849E-05  4.912E-05  9.352E-01  1.218E+00  1.73E+03  1.59E+03  7.64E+02  0.618358  0.664189  0.0000000E+00  8.4888855216E+01
 15  3.559835728899647E+05  499.994267  7.092091  4.860411  7.5157740E-01  2.4837130E-01  1.2915521E-06  4.2970794E-09  1.0216519E-07  6.8211449E-06  3.5136664E-10  2.0005896E-09  9.2048308E-07  2.3543589E-08  0.000E+00  0.8367  4.860411   -7.721  0.504367  7.884885  6.4562548E-01  3.5436472E-01  1.0888286E-07  3.0136337E-08  7.2074088E-06  5.8316463E-08  9.0199234E-11  1.0684895E-13  8.9952002E-13  1.0478450E-13  1.670E-11  4.840E-05  4.906E-05  9.338E-01  1.226E+00  1.73E+03  1.58E+03  7.69E+02  0.624169  0.665707  0.0000000E+00  8.4888159393E+01
 16  3.791643499434718E+05  499.993819  7.093094  4.858708  7.5157740E-01  2.4837130E-01  1.2915521E-06  4.2970794E-09  1.0216519E-07  6.8211449E-06  3.5136664E-10  2.0005896E-09  9.2048308E-07  2.3543589E-08  0.000E+00  0.8324  4.858708   -7.708  0.505604  7.885402  6.3827186E-01  3.6171828E-01  1.0883885E-07  3.0124466E-08  7.1958826E-06  5.8142361E-08  9.0058381E-11  1.0632969E-13  9.4268230E-13  1.1050727E-13  1.016E-11  4.831E-05  4.900E-05  9.322E-01  1.234E+00  1.72E+03  1.57E+03  7.76E+02  0.630547  0.667246  0.0000000E+00  8.4887435436E+01
 17  4.022078496825818E+05  499.993360  7.094111  4.856893  7.5157740E-01  2.4837130E-01  1.2915521E-06  4.2970794E-09  1.0216519E-07  6.8211449E-06  3.5136664E-10  2.0005896E-09  9.2048308E-07  2.3543589E-08  0.000E+00  0.8283  4.856893   -7.694  0.506872  7.885926  6.3091824E-01  3.6907196E-01  1.0879551E-07  3.0112634E-08  7.1842652E-06  5.7966812E-08  8.9917384E-11  1.0580730E-13  1.0268389E-12  1.2091734E-13  6.445E-12  4.820E-05  4.893E-05  9.306E-01  1.243E+00  1.71E+03  1.56E+03  7.81E+02  0.636998  0.668812  0.0000000E+00  8.4886680202E+01
 18  4.251289019549717E+05  499.992888  7.095144  4.854797  7.5157740E-01  2.4837130E-01  1.2915521E-06  4.2970794E-09  1.0216519E-07  6.8211449E-06  3.5136664E-10  2.0005896E-09  9.2048308E-07  2.3543589E-08  0.000E+00  0.8243  4.854797   -7.678  0.508153  7.886450  6.2356462E-01  3.7642558E-01  1.0874823E-07  3.0100011E-08  7.1725605E-06  5.7790501E-08  8.9777045E-11  1.0528106E-13  1.2359650E-12  1.4661532E-13  4.422E-12  4.808E-05  4.885E-05  9.286E-01  1.254E+00  1.70E+03  1.54E+03  7.89E+02  0.644573  0.670406  0.0000000E+00  8.4885887800E+01
 19  4.478919585227013E+05  499.992401  7.096185  4.852583  7.5157740E-01  2.4837130E-01  1.2915521E-06  4.2970794E-09  1.0216519E-07  6.8211449E-06  3.5136664E-10  2.0005896E-09  9.2048308E-07  2.3543589E-08  0.000E+00  0.8203  4.852583   -7.662  0.509483  7.886986  6.1621099E-01  3.8377921E-01  1.0870572E-07  3.0088239E-08  7.1607558E-06  5.7612574E-08  8.9636473E-11  1.0475264E-13  1.2812555E-12  1.5256799E-13  3.221E-12  4.799E-05  4.877E-05  9.264E-01  1.266E+00  1.70E+03  1.53E+03  7.97E+02  0.652884  0.672015  0.0000000E+00  8.4885053832E+01
 20  4.705474238068379E+05  499.991897  7.097241  4.850318  7.5157740E-01  2.4837130E-01  1.2915521E-06  4.2970794E-09  1.0216519E-07  6.8211449E-06  3.5136664E-10  2.0005896E-09  9.2048308E-07  2.3543589E-08  0.000E+00  0.8164  4.850318   -7.645  0.510830  7.887525  6.0885737E-01  3.9113281E-01  1.0866144E-07  3.0076045E-08  7.1488573E-06  5.7433833E-08  8.9495540E-11  1.0422340E-13  1.5399005E-12  1.8405152E-13  2.691E-12  4.787E-05  4.868E-05  9.242E-01  1.279E+00  1.69E+03  1.52E+03  8.05E+02  0.661210  0.673651  0.0000000E+00  8.4884172211E+01
 21  4.930452887123330E+05  499.991377  7.098311  4.847946  7.5157740E-01  2.4837130E-01  1.2915521E-06  4.2970794E-09  1.0216519E-07  6.8211449E-06  3.5136664E-10  2.0005896E-09  9.2048308E-07  2.3543589E-08  0.000E+00  0.8126  4.847946   -7.627  0.512220  7.888074  6.0150375E-01  3.9848645E-01  1.0861773E-07  3.0063974E-08  7.1368604E-06  5.7253420E-08  8.9354543E-11  1.0368975E-13  1.6096971E-12  1.9326702E-13  2.349E-12  4.772E-05  4.858E-05  9.218E-01  1.293E+00  1.68E+03  1.50E+03  8.13E+02  0.669662  0.675314  0.0000000E+00  8.4883240064E+01
 22  5.154315464404516E+05  499.990837  7.099383  4.845454  7.5157740E-01  2.4837130E-01  1.2915521E-06  4.2970794E-09  1.0216519E-07  6.8211449E-06  3.5136664E-10  2.0005896E-09  9.2048308E-07  2.3543589E-08  0.000E+00  0.8089  4.845454   -7.608  0.513641  7.888628  5.9415013E-01  4.0583999E-01  1.0857558E-07  3.0052109E-08  7.1247615E-06  5.7071727E-08  8.9213752E-11  1.0315352E-13  1.7858965E-12  2.1555438E-13  2.252E-12  4.760E-05  4.848E-05  9.192E-01  1.309E+00  1.67E+03  1.49E+03  8.22E+02  0.678891  0.676984  0.0000000E+00  8.4882249896E+01
 23  5.377242454147749E+05  499.990276  7.100480  4.842793  7.5157740E-01  2.4837130E-01  1.2915521E-06  4.2970794E-09  1.0216519E-07  6.8211449E-06  3.5136664E-10  2.0005896E-09  9.2048308E-07  2.3543589E-08  0.000E+00  0.8052  4.842793   -7.588  0.515019  7.889166  5.8679650E-01  4.1319369E-01  1.0877159E-07  3.0109998E-08  7.1124101E-06  5.6668791E-08  8.8766037E-11  1.0197052E-13  2.1650009E-12  2.6657985E-13  2.364E-12  4.747E-05  4.836E-05  9.163E-01  1.327E+00  1.66E+03  1.48E+03  8.32E+02  0.688845  0.678696  0.0000000E+00  8.4881193729E+01
 24  5.598814494848961E+05  499.989690  7.101594  4.839889  7.5157740E-01  2.4837130E-01  1.2915521E-06  4.2970794E-09  1.0216519E-07  6.8211449E-06  3.5136664E-10  2.0005896E-09  9.2048308E-07  2.3543589E-08  0.000E+00  0.8016  4.839889   -7.567  0.516558  7.889752  5.7944288E-01  4.2054732E-01  1.0850956E-07  3.0033971E-08  7.1002727E-06  5.6683423E-08  8.8903976E-11  1.0200755E-13  2.3833019E-12  2.9029334E-13  2.448E-12  4.731E-05  4.825E-05  9.131E-01  1.347E+00  1.65E+03  1.46E+03  8.43E+02  0.699324  0.680440  0.0000000E+00  8.4880061831E+01
 25  5.819788498663559E+05  499.989072  7.102731  4.836224  7.5157740E-01  2.4837130E-01  1.2915521E-06  4.2970794E-09  1.0216519E-07  6.8211449E-06  3.5136664E-10  2.0005896E-09  9.2048308E-07  2.3543589E-08  0.000E+00  0.7982  4.836224   -7.541  0.517889  7.890266  5.7208926E-01  4.2790084E-01  1.0919749E-07  3.0235244E-08  7.0874145E-06  5.5851949E-08  8.7893577E-11  9.9595180E-14  2.9111211E-12  3.7649131E-13  2.752E-12  4.710E-05  4.811E-05  9.090E-01  1.374E+00  1.64E+03  1.44E+03  8.55E+02  0.712415  0.682225  0.0000000E+00  8.4878834626E+01
 26  6.041377309503899E+05  499.988407  7.103899  4.831469  7.5157740E-01  2.4837130E-01  1.2915521E-06  4.2970794E-09  1.0216519E-07  6.8211449E-06  3.5136664E-10  2.0005896E-09  9.2048308E-07  2.3543589E-08  0.000E+00  0.7948  4.831469   -7.506  0.518607  7.890570  5.6473563E-01  4.3525448E-01  1.1257435E-07  3.1221438E-08  7.0729574E-06  5.2961274E-08  8.4788900E-11  9.1491319E-14  3.3352794E-12  5.4160338E-13  3.039E-12  4.689E-05  4.790E-05  9.032E-01  1.414E+00  1.62E+03  1.42E+03  8.74E+02  0.730000  0.684064  0.0000000E+00  8.4877453079E+01
 27  6.263521702025877E+05  499.987685  7.105111  4.826863  7.5157740E-01  2.4837130E-01  1.2915521E-06  4.2970794E-09  1.0216519E-07  6.8211449E-06  3.5136664E-10  2.0005896E-09  9.2048308E-07  2.3543589E-08  0.000E+00  0.7911  4.826863   -7.471  0.519686  7.890988  5.5738201E-01  4.4260809E-01  1.1427959E-07  3.1722427E-08  7.0604121E-06  5.1546807E-08  8.3655646E-11  8.7516232E-14  3.5921492E-12  6.4384449E-13  3.197E-12  4.667E-05  4.771E-05  8.973E-01  1.459E+00  1.61E+03  1.41E+03  8.91E+02  0.746958  0.685976  0.0000000E+00  8.4875888854E+01
 28  6.486959546518453E+05  499.986897  7.106397  4.821952  7.5157740E-01  2.4837130E-01  1.2915521E-06  4.2970794E-09  1.0216519E-07  6.8211449E-06  3.5136664E-10  2.0005896E-09  9.2048308E-07  2.3543589E-08  0.000E+00  0.7882  4.821952   -7.433  0.521314  7.891581  5.5002839E-01  4.4996181E-01  1.1425497E-07  3.1716767E-08  7.0496960E-06  5.1383631E-08  8.3588187E-11  8.7041555E-14  4.4398000E-12  8.0738885E-13  3.762E-12  4.645E-05  4.754E-05  8.906E-01  1.514E+00  1.59E+03  1.39E+03  9.11E+02  0.765274  0.688010  0.0000000E+00  8.4874100531E+01
 29  6.710225782949436E+05  499.966647  7.107718  4.817391  7.5157740E-01  2.4837130E-01  1.2915521E-06  4.2970796E-09  1.0216519E-07  6.8211449E-06  3.5136664E-10  2.0005896E-09  9.2048308E-07  2.3543589E-08  0.000E+00  0.7846  4.817391   -7.398  0.522013  7.891866  5.4267477E-01  4.5731543E-01  1.1766230E-07  3.2716204E-08  7.0362113E-06  4.9439087E-08  8.2853963E-11  8.0870138E-14  5.2121587E-12  9.9041148E-13  4.019E-12  4.605E-05  4.728E-05  8.849E-01  1.567E+00  1.58E+03  1.37E+03  9.26E+02  0.780067  0.690134 -5.3762771E+00  8.4800225027E+01
 30  6.949255460408592E+05  499.707619  7.109700  4.814991  7.5157740E-01  2.4837140E-01  1.2914775E-06  4.3053223E-09  1.0226098E-07  6.8211246E-06  3.5178761E-10  2.0004464E-09  9.2048156E-07  2.3543624E-08  2.374E-13  0.7838  4.814991   -7.381  0.523690  7.892488  5.3532114E-01  4.6466900E-01  1.1765472E-07  3.2715354E-08  7.0262913E-06  4.9284064E-08  8.2821796E-11  8.0420481E-14  2.6254728E-11  5.0270759E-12  1.666E-11  4.501E-05  4.683E-05  8.855E-01  1.575E+00  1.57E+03  1.35E+03  9.18E+02  0.778469  0.693651 -4.5824644E+00  8.3839362225E+01
 31  7.208169485124080E+05  499.232362  7.112557  4.812213  7.5157430E-01  2.4837460E-01  1.2862285E-06  4.7439454E-09  1.1146679E-07  6.8170386E-06  3.7901345E-10  1.9907831E-09  9.2011035E-07  2.3550170E-08  4.861E-11  0.7844  4.812213   -7.364  0.525514  7.893168  5.2796752E-01  4.7202260E-01  1.1766016E-07  3.2718102E-08  7.0163410E-06  4.9129254E-08  8.2808273E-11  7.9990093E-14  9.9861331E-11  1.8959089E-11  5.527E-11  4.371E-05  4.599E-05  8.866E-01  1.581E+00  1.55E+03  1.32E+03  9.05E+02  0.775726  0.698892 -4.9563961E+00  8.2071088033E+01
 32  7.492313507256809E+05  498.529564  7.116554  4.808543  7.5147660E-01  2.4847350E-01  1.2472906E-06  7.1462392E-09  2.1112922E-07  6.7517875E-06  5.4456554E-10  1.9215380E-09  9.1343184E-07  2.3597751E-08  7.110E-10  0.7877  4.808543   -7.340  0.527589  7.893939  5.2061390E-01  4.7937620E-01  1.1768234E-07  3.2725624E-08  7.0063066E-06  4.8977433E-08  8.2824835E-11  7.9718955E-14  2.9311327E-10  5.6385731E-11  1.480E-10  4.203E-05  4.476E-05  8.880E-01  1.588E+00  1.53E+03  1.29E+03  8.88E+02  0.772052  0.706310 -1.3932870E-03  7.9449257394E+01
 33  7.810540726138339E+05  497.536555  7.122377  4.804133  7.5053280E-01  2.4942083E-01  1.1357870E-06  1.2132946E-08  6.0553100E-07  6.4415372E-06  8.8244603E-10  1.7286231E-09  8.7872868E-07  2.3498869E-08  3.107E-09  0.7949  4.804133   -7.304  0.529943  7.894819  5.1326028E-01  4.8672990E-01  1.1772320E-07  3.2738429E-08  6.9960414E-06  4.8842410E-08  8.2895737E-11  8.0103329E-14  6.7461654E-10  1.2986594E-10  3.073E-10  3.982E-05  4.302E-05  8.908E-01  1.605E+00  1.51E+03  1.24E+03  8.64E+02  0.764819  0.716885 -3.4942885E+00  7.5740530869E+01
 34  8.175943210318850E+05  496.206244  7.130687  4.798474  7.4628610E-01  2.5367320E-01  9.6162625E-07  1.7502921E-08  1.3903285E-06  5.7622116E-06  1.1862256E-09  1.4346269E-09  7.9700153E-07  2.2566794E-08  6.556E-09  0.8079  4.798474   -7.260  0.532852  7.895897  5.0590665E-01  4.9408345E-01  1.1779220E-07  3.2759102E-08  6.9851784E-06  4.8694968E-08  8.3004693E-11  8.1634763E-14  1.2066383E-09  2.3844776E-10  5.282E-10  3.709E-05  4.064E-05  8.944E-01  1.626E+00  1.48E+03  1.18E+03  8.32E+02  0.755253  0.730917 -4.7716770E+00  7.0781650654E+01
 35  8.588122339038865E+05  494.591325  7.142566  4.792079  7.3534965E-01  2.6461555E-01  7.8210748E-07  2.1144734E-08  2.3432934E-06  4.8881486E-06  1.2938098E-09  1.1380204E-09  6.8555508E-07  2.0542648E-08  8.833E-09  0.8288  4.792079   -7.202  0.536275  7.897173  4.9855303E-01  5.0143707E-01  1.1787963E-07  3.2784812E-08  6.9730145E-06  4.8575203E-08  8.3222996E-11  8.2707684E-14  1.8508162E-09  3.7070611E-10  7.630E-10  3.380E-05  3.776E-05  8.999E-01  1.655E+00  1.44E+03  1.10E+03  7.91E+02  0.739822  0.748917 -4.2703883E+00  6.4799321616E+01
 36  8.963783407037352E+05  493.077217  7.153732  4.790605  7.1821969E-01  2.8175011E-01  6.4809670E-07  2.3280655E-08  3.1338639E-06  4.1300586E-06  1.2526048E-09  9.1869062E-10  5.8454803E-07  1.8202635E-08  9.290E-09  0.8474  4.790605   -7.169  0.539745  7.898573  4.9119941E-01  5.0879069E-01  1.1798080E-07  3.2814660E-08  6.9602523E-06  4.8187283E-08  8.3075598E-11  8.2171244E-14  1.3755153E-09  2.9321061E-10  6.024E-10  3.209E-05  3.506E-05  9.040E-01  1.667E+00  1.42E+03  1.06E+03  7.64E+02  0.727736  0.763174 -2.6541408E+00  5.9241997633E+01
 37  9.248860198614695E+05  492.308507  7.159706  4.791506  7.0683031E-01  2.9314149E-01  5.9190054E-07  2.4205565E-08  3.4876965E-06  3.7792125E-06  1.2010245E-09  8.2616284E-10  5.3651912E-07  1.6946097E-08  8.983E-09  0.8557  4.791506   -7.157  0.542144  7.899558  4.8384579E-01  5.1614431E-01  1.1801119E-07  3.2824889E-08  6.9480842E-06  4.7944416E-08  8.3042408E-11  7.9513250E-14  8.6008050E-10  1.8227893E-10  3.602E-10  3.161E-05  3.363E-05  9.060E-01  1.675E+00  1.42E+03  1.04E+03  7.54E+02  0.721805  0.769815 -1.0151997E+00  5.6470860223E+01
 38  9.505694166717867E+05  491.777443  7.164368  4.790982  6.9744024E-01  3.0253286E-01  5.5528219E-07  2.4841832E-08  3.7270747E-06  3.5370044E-06  1.1545323E-09  7.6528165E-10  5.0290708E-07  1.6017308E-08  8.585E-09  0.8601  4.790982   -7.139  0.544318  7.900437  4.7649216E-01  5.2349800E-01  1.1802514E-07  3.2830267E-08  6.9360858E-06  4.7732277E-08  8.3013358E-11  7.8426914E-14  6.4793699E-10  1.3623978E-10  2.530E-10  3.094E-05  3.269E-05  9.076E-01  1.690E+00  1.41E+03  1.02E+03  7.44E+02  0.716584  0.774679 -4.4224976E+00  5.4576550879E+01
 39  9.750935472237896E+05  491.347521  7.168522  4.790527  6.8896677E-01  3.1100743E-01  5.2705995E-07  2.5350041E-08  3.9167655E-06  3.3421762E-06  1.1112996E-09  7.1792089E-10  4.7562261E-07  1.5236899E-08  8.168E-09  0.8627  4.790527   -7.130  0.546523  7.901315  4.6913854E-01  5.3085156E-01  1.1803841E-07  3.2835533E-08  6.9240869E-06  4.7499890E-08  8.2955626E-11  7.6869242E-14  4.6753497E-10  1.0379695E-10  1.897E-10  3.039E-05  3.193E-05  9.090E-01  1.686E+00  1.41E+03  1.01E+03  7.35E+02  0.712355  0.778901 -2.4588448E+00  5.3052223269E+01
 40  9.990075826803275E+05  490.981570  7.172312  4.790014  6.8119559E-01  3.1877941E-01  5.0402456E-07  2.5774547E-08  4.0749815E-06  3.1777487E-06  1.0712202E-09  6.7894525E-10  4.5244077E-07  1.4557345E-08  7.758E-09  0.8655  4.790014   -7.115  0.548580  7.902138  4.6178492E-01  5.3820518E-01  1.1804113E-07  3.2837684E-08  6.9119757E-06  4.7320348E-08  8.2958349E-11  7.6375505E-14  4.0306172E-10  8.8598229E-11  1.521E-10  2.983E-05  3.127E-05  9.105E-01  1.698E+00  1.40E+03  9.92E+02  7.26E+02  0.707841  0.782695 -4.3140185E+00  5.1762386051E+01
 41  1.022623274654555E+06  490.630472  7.176156  4.788975  6.7366826E-01  3.2630754E-01  4.8366570E-07  2.6155416E-08  4.2172311E-06  3.0284772E-06  1.0323467E-09  6.4425321E-10  4.3128622E-07  1.3925479E-08  7.352E-09  0.8678  4.788975   -7.105  0.550699  7.902978  4.5443130E-01  5.4555880E-01  1.1804562E-07  3.2840353E-08  6.8997456E-06  4.7129445E-08  8.2949908E-11  7.5799778E-14  3.7942653E-10  8.4127168E-11  1.374E-10  2.924E-05  3.065E-05  9.115E-01  1.697E+00  1.39E+03  9.77E+02  7.18E+02  0.704390  0.786681 -8.3125116E-01  5.0529741368E+01
 42  1.045944075977023E+06  490.293447  7.180079  4.788656  6.6583312E-01  3.3414338E-01  4.6406580E-07  2.6525693E-08  4.3561122E-06  2.8814965E-06  9.9209031E-10  6.1064464E-10  4.1036689E-07  1.3290932E-08  6.940E-09  0.8700  4.788656   -7.092  0.552850  7.903831  4.4707767E-01  5.5291243E-01  1.1804999E-07  3.2843094E-08  6.8873897E-06  4.6927223E-08  8.2931996E-11  7.4709021E-14  3.2953322E-10  7.4431668E-11  1.178E-10  2.867E-05  3.006E-05  9.134E-01  1.700E+00  1.39E+03  9.63E+02  7.07E+02  0.698353  0.790647  0.0000000E+00  4.9352544877E+01
 43  1.069447793485535E+06  489.928423  7.184148  4.786752  6.5647453E-01  3.4350277E-01  4.4236984E-07  2.6938063E-08  4.5117511E-06  2.7153753E-06  9.4459467E-10  5.7321704E-10  3.8663036E-07  1.2560647E-08  6.483E-09  0.8730  4.786752   -7.074  0.555024  7.904700  4.3972405E-01  5.6026605E-01  1.1805566E-07  3.2846079E-08  6.8748162E-06  4.6737884E-08  8.2935609E-11  7.4559061E-14  3.5202735E-10  8.0455019E-11  1.211E-10  2.795E-05  2.944E-05  9.142E-01  1.714E+00  1.38E+03  9.48E+02  6.99E+02  0.695794  0.794197 -4.6263373E+00  4.8082435723E+01
 44  1.092624466209656E+06  489.574374  7.188250  4.786258  6.4696571E-01  3.5301247E-01  4.2189284E-07  2.7328123E-08  4.6601006E-06  2.5556898E-06  8.9730419E-10  5.3769763E-10  3.6373473E-07  1.1847340E-08  6.034E-09  0.8759  4.786258   -7.063  0.557243  7.905587  4.3237043E-01  5.6761967E-01  1.1806220E-07  3.2849420E-08  6.8621065E-06  4.6535533E-08  8.2928687E-11  7.3821487E-14  3.0901767E-10  7.1702907E-11  1.046E-10  2.746E-05  2.883E-05  9.155E-01  1.713E+00  1.37E+03  9.35E+02  6.91E+02  0.691686  0.797707 -4.4797251E+00  4.6855304821E+01
 45  1.115216552721110E+06  489.258516  7.192035  4.785802  6.3836045E-01  3.6161835E-01  4.0452643E-07  2.7658520E-08  4.7867132E-06  2.4183547E-06  8.5559165E-10  5.0744294E-10  3.4399199E-07  1.1226276E-08  5.632E-09  0.8780  4.785802   -7.051  0.559465  7.906470  4.2501680E-01  5.7497324E-01  1.1806668E-07  3.2852229E-08  6.8493014E-06  4.6329303E-08  8.2917337E-11  7.2893614E-14  2.5370044E-10  6.0130550E-11  8.510E-11  2.699E-05  2.828E-05  9.166E-01  1.721E+00  1.37E+03  9.23E+02  6.83E+02  0.687752  0.801001 -4.8466531E+00  4.5765418840E+01
 46  1.137230017194511E+06  488.984314  7.195548  4.785557  6.3090085E-01  3.6907851E-01  3.9027989E-07  2.7928682E-08  4.8909319E-06  2.3045478E-06  8.2041940E-10  4.8254310E-10  3.2760076E-07  1.0706989E-08  5.284E-09  0.8794  4.785557   -7.041  0.561661  7.907338  4.1766318E-01  5.8232688E-01  1.1806730E-07  3.2853925E-08  6.8363984E-06  4.6130463E-08  8.2912052E-11  7.2221695E-14  2.0124214E-10  4.7974813E-11  6.569E-11  2.661E-05  2.779E-05  9.177E-01  1.725E+00  1.36E+03  9.12E+02  6.77E+02  0.684207  0.804283 -5.0411423E+00  4.4824301090E+01
 47  1.158782161030775E+06  488.740226  7.198829  4.785310  6.2399245E-01  3.7598745E-01  3.7770553E-07  2.8166138E-08  4.9830504E-06  2.2033422E-06  7.8875195E-10  4.6051139E-10  3.1300431E-07  1.0242127E-08  4.970E-09  0.8802  4.785310   -7.035  0.563865  7.908203  4.1030956E-01  5.8968054E-01  1.1806572E-07  3.2855028E-08  6.8233883E-06  4.5930543E-08  8.2906397E-11  7.1494091E-14  1.6484890E-10  3.9700576E-11  5.223E-11  2.624E-05  2.736E-05  9.187E-01  1.721E+00  1.36E+03  9.02E+02  6.70E+02  0.680587  0.807351 -1.3992471E-01  4.3991703060E+01
 48  1.180104191611263E+06  488.499345  7.202115  4.784410  6.1656990E-01  3.8341043E-01  3.6481694E-07  2.8408327E-08  5.0774814E-06  2.0989529E-06  7.5576046E-10  4.3788086E-10  2.9793162E-07  9.7599854E-09  4.656E-09  0.8808  4.784410   -7.021  0.566075  7.909070  4.0295594E-01  5.9703416E-01  1.1806313E-07  3.2855837E-08  6.8102320E-06  4.5734112E-08  8.2906791E-11  7.0950868E-14  1.5508958E-10  3.7714108E-11  4.729E-11  2.575E-05  2.694E-05  9.198E-01  1.734E+00  1.35E+03  8.91E+02  6.63E+02  0.676857  0.810164 -4.8272686E+00  4.3174190994E+01
 49  1.201470596426852E+06  488.243853  7.205574  4.783627  6.0838341E-01  3.9159741E-01  3.5129457E-07  2.8660979E-08  5.1764396E-06  1.9888061E-06  7.2064482E-10  4.1409048E-10  2.8201158E-07  9.2487038E-09  4.337E-09  0.8818  4.783627   -7.012  0.568354  7.909965  3.9560231E-01  6.0438776E-01  1.1806259E-07  3.2857256E-08  6.7968869E-06  4.5533997E-08  8.2912269E-11  7.0395482E-14  1.5153519E-10  3.7444625E-11  4.540E-11  2.531E-05  2.651E-05  9.206E-01  1.731E+00  1.35E+03  8.80E+02  6.56E+02  0.673715  0.812932 -1.4119487E+00  4.2309486989E+01
 50  1.222665179362905E+06  487.985731  7.209064  4.782773  6.0017512E-01  3.9980624E-01  3.3841229E-07  2.8900251E-08  5.2704790E-06  1.8833570E-06  6.8678221E-10  3.9138651E-10  2.6675747E-07  8.7570900E-09  4.036E-09  0.8826  4.782773   -7.000  0.570655  7.910869  3.8824869E-01  6.1174137E-01  1.1806193E-07  3.2858740E-08  6.7833762E-06  4.5331706E-08  8.2921706E-11  6.9313897E-14  1.4407161E-10  3.6149812E-11  4.235E-11  2.485E-05  2.607E-05  9.217E-01  1.737E+00  1.34E+03  8.69E+02  6.49E+02  0.670102  0.815741 -1.8092510E+00  4.1437462536E+01
 51  1.243693652731130E+06  487.732268  7.212551  4.782400  5.9206447E-01  4.0791743E-01  3.2630045E-07  2.9123980E-08  5.3585726E-06  1.7838212E-06  6.5463723E-10  3.7000972E-10  2.5234890E-07  8.2913595E-09  3.754E-09  0.8840  4.782400   -6.988  0.573008  7.911793  3.8089507E-01  6.1909497E-01  1.1806279E-07  3.2860530E-08  6.7696958E-06  4.5127739E-08  8.2930853E-11  6.9249886E-14  1.3296596E-10  3.3791558E-11  3.812E-11  2.444E-05  2.564E-05  9.229E-01  1.743E+00  1.33E+03  8.60E+02  6.42E+02  0.665818  0.818574 -5.2844785E+00  4.0585075360E+01
 52  1.264424636357223E+06  487.498878  7.215948  4.782056  5.8415585E-01  4.1582635E-01  3.1505383E-07  2.9330702E-08  5.4399869E-06  1.6910996E-06  6.2456019E-10  3.5013667E-10  2.3891938E-07  7.8561853E-09  3.494E-09  0.8850  4.782056   -6.979  0.575407  7.912728  3.7354145E-01  6.2644855E-01  1.1806352E-07  3.2862392E-08  6.7558698E-06  4.4917923E-08  8.2939138E-11  6.8592149E-14  1.1863577E-10  3.0726003E-11  3.340E-11  2.407E-05  2.524E-05  9.240E-01  1.744E+00  1.33E+03  8.50E+02  6.35E+02  0.662002  0.821297 -2.4223300E+00  3.9804143750E+01
 53  1.284921758805416E+06  487.280656  7.219289  4.781765  5.7648527E-01  4.2349743E-01  3.0465831E-07  2.9520945E-08  5.5148104E-06  1.6051736E-06  5.9659156E-10  3.3175003E-10  2.2646872E-07  7.4518725E-09  3.255E-09  0.8855  4.781765   -6.969  0.577812  7.913663  3.6618782E-01  6.3380228E-01  1.1806258E-07  3.2863804E-08  6.7418825E-06  4.4712521E-08  8.2956585E-11  6.7971576E-14  1.0507500E-10  2.7449713E-11  2.877E-11  2.374E-05  2.486E-05  9.248E-01  1.750E+00  1.33E+03  8.40E+02  6.30E+02  0.658799  0.824000 -5.1794337E+00  3.9077808924E+01
 54  1.305181804496575E+06  487.053940  7.222592  4.780533  5.6806859E-01  4.3191457E-01  2.9381317E-07  2.9718609E-08  5.5923203E-06  1.5153328E-06  5.6726584E-10  3.1255235E-10  2.1344617E-07  7.0281857E-09  3.016E-09  0.8858  4.780533   -6.956  0.580236  7.914608  3.5883420E-01  6.4115585E-01  1.1806121E-07  3.2865120E-08  6.7277343E-06  4.4504808E-08  8.2975158E-11  6.7397261E-14  9.9796831E-11  2.6237491E-11  2.633E-11  2.329E-05  2.449E-05  9.255E-01  1.757E+00  1.32E+03  8.31E+02  6.24E+02  0.656284  0.826243 -4.6753513E+00  3.8326226029E+01
 55  1.325390413544915E+06  486.821979  7.226011  4.779714  5.5921598E-01  4.4076752E-01  2.8301392E-07  2.9914679E-08  5.6688237E-06  1.4256959E-06  5.3793659E-10  2.9342183E-10  2.0044939E-07  6.6046015E-09  2.785E-09  0.8864  4.779714   -6.946  0.582745  7.915581  3.5148058E-01  6.4850944E-01  1.1806293E-07  3.2867332E-08  6.7133942E-06  4.4292915E-08  8.2998266E-11  6.6804068E-14  9.4137936E-11  2.5249414E-11  2.449E-11  2.288E-05  2.410E-05  9.264E-01  1.759E+00  1.31E+03  8.21E+02  6.17E+02  0.653066  0.828466 -4.8365028E+00  3.7558832532E+01
 56  1.345336982126012E+06  486.604112  7.229343  4.779226  5.5070685E-01  4.4927709E-01  2.7319343E-07  3.0092378E-08  5.7376913E-06  1.3440488E-06  5.1117150E-10  2.7601446E-10  1.8860856E-07  6.2181150E-09  2.575E-09  0.8869  4.779226   -6.936  0.585298  7.916566  3.4412696E-01  6.5586308E-01  1.1806398E-07  3.2869402E-08  6.6988915E-06  4.4078496E-08  8.3023555E-11  6.6172476E-14  8.2952674E-11  2.2595898E-11  2.114E-11  2.256E-05  2.373E-05  9.271E-01  1.763E+00  1.31E+03  8.13E+02  6.12E+02  0.650357  0.830662 -4.6588750E+00  3.6840572645E+01
 57  1.365015870164719E+06  486.401236  7.232600  4.778897  5.4273871E-01  4.5724553E-01  2.6447074E-07  3.0249783E-08  5.7982025E-06  1.2714342E-06  4.8733450E-10  2.6054555E-10  1.7807617E-07  5.8739143E-09  2.390E-09  0.8870  4.778897   -6.929  0.587896  7.917562  3.3677333E-01  6.6321667E-01  1.1806539E-07  3.2871588E-08  6.6842249E-06  4.3863101E-08  8.3052816E-11  6.5550316E-14  7.2639901E-11  2.0061478E-11  1.807E-11  2.224E-05  2.339E-05  9.280E-01  1.760E+00  1.30E+03  8.05E+02  6.06E+02  0.646945  0.832962 -1.8090301E+00  3.6174420072E+01
 58  1.384482982863299E+06  486.209637  7.235812  4.778622  5.3506922E-01  4.6491538E-01  2.5648764E-07  3.0393523E-08  5.8529559E-06  1.2049065E-06  4.6547346E-10  2.4638281E-10  1.6842580E-07  5.5582144E-09  2.222E-09  0.8871  4.778622   -6.921  0.590538  7.918570  3.2941971E-01  6.7057034E-01  1.1806669E-07  3.2873776E-08  6.6693860E-06  4.3646414E-08  8.3086183E-11  6.4940654E-14  6.5197443E-11  1.8243497E-11  1.579E-11  2.193E-05  2.306E-05  9.289E-01  1.760E+00  1.30E+03  7.97E+02  6.01E+02  0.643411  0.835303  0.0000000E+00  3.5548073808E+01
 59  1.403772926981922E+06  486.024531  7.239048  4.778230  5.2768290E-01  4.7230200E-01  2.4916446E-07  3.0525142E-08  5.9025824E-06  1.1438251E-06  4.4538690E-10  2.3338682E-10  1.5956507E-07  5.2680902E-09  2.069E-09  0.8870  4.778230   -6.911  0.593261  7.919599  3.2206609E-01  6.7792401E-01  1.1806947E-07  3.2876423E-08  6.6543663E-06  4.3427295E-08  8.3125642E-11  6.4284276E-14  5.8755647E-11  1.6747373E-11  1.397E-11  2.160E-05  2.274E-05  9.298E-01  1.763E+00  1.30E+03  7.88E+02  5.94E+02  0.639899  0.837820  0.0000000E+00  3.4945739213E+01
 60  1.422823259627884E+06  485.841307  7.242112  4.777797  5.2045192E-01  4.7953328E-01  2.4232702E-07  3.0647852E-08  5.9483309E-06  1.0867530E-06  4.2660824E-10  2.2124979E-10  1.5128583E-07  4.9967972E-09  1.929E-09  0.8869  4.777797   -6.903  0.595973  7.920629  3.1471247E-01  6.8527760E-01  1.1807095E-07  3.2878715E-08  6.6391699E-06  4.3206920E-08  8.3165503E-11  6.3723013E-14  5.6508387E-11  1.6442508E-11  1.310E-11  2.126E-05  2.243E-05  9.309E-01  1.764E+00  1.29E+03  7.80E+02  5.88E+02  0.635760  0.840074  0.0000000E+00  3.4351923234E+01
 61  1.441931454452073E+06  485.631874  7.245509  4.776276  5.1171086E-01  4.8827464E-01  2.3448196E-07  3.0788465E-08  6.0000244E-06  1.0212238E-06  4.0503729E-10  2.0732094E-10  1.4177993E-07  4.6850708E-09  1.777E-09  0.8872  4.776276   -6.891  0.598766  7.921696  3.0735884E-01  6.9263116E-01  1.1807574E-07  3.2882008E-08  6.6237439E-06  4.2983998E-08  8.3216571E-11  6.3051226E-14  5.8028545E-11  1.6848080E-11  1.295E-11  2.080E-05  2.210E-05  9.316E-01  1.765E+00  1.28E+03  7.70E+02  5.82E+02  0.633067  0.842168  0.0000000E+00  3.3671259853E+01
 62  1.460917599368903E+06  485.425742  7.248903  4.775500  5.0305042E-01  4.9693538E-01  2.2713637E-07  3.0919988E-08  6.0475564E-06  9.5982513E-07  3.8481955E-10  1.9427624E-10  1.3287370E-07  4.3927874E-09  1.637E-09  0.8874  4.775500   -6.877  0.601642  7.922785  3.0000522E-01  6.9998478E-01  1.1808289E-07  3.2885893E-08  6.6081089E-06  4.2761246E-08  8.3274799E-11  6.3113733E-14  5.4649953E-11  1.6022235E-11  1.184E-11  2.044E-05  2.175E-05  9.324E-01  1.777E+00  1.28E+03  7.61E+02  5.76E+02  0.629880  0.844271 -5.2462866E+00  3.3005680903E+01
 63  1.479711029883970E+06  485.230122  7.252252  4.774832  4.9479117E-01  5.0519483E-01  2.2050182E-07  3.1038700E-08  6.0896723E-06  9.0433771E-07  3.6654522E-10  1.8249235E-10  1.2482558E-07  4.1284857E-09  1.512E-09  0.8882  4.774832   -6.867  0.604605  7.923901  2.9265160E-01  7.0733847E-01  1.1809181E-07  3.2890485E-08  6.5922795E-06  4.2527946E-08  8.3334611E-11  6.2007145E-14  5.0240514E-11  1.5028942E-11  1.067E-11  2.013E-05  2.142E-05  9.331E-01  1.782E+00  1.27E+03  7.53E+02  5.71E+02  0.627076  0.846472 -4.8892048E+00  3.2376662953E+01
 64  1.498368477460240E+06  485.032424  7.255715  4.774617  4.8661381E-01  5.1337248E-01  2.1428145E-07  3.1149958E-08  6.1283360E-06  8.5228722E-07  3.4940198E-10  1.7144271E-10  1.1727679E-07  3.8804248E-09  1.397E-09  0.8886  4.774617   -6.864  0.607622  7.925034  2.8529798E-01  7.1469202E-01  1.1810146E-07  3.2895234E-08  6.5762360E-06  4.2296114E-08  8.3401406E-11  6.1535117E-14  4.7695223E-11  1.4395731E-11  9.816E-12  1.973E-05  2.110E-05  9.347E-01  1.763E+00  1.27E+03  7.44E+02  5.62E+02  0.620612  0.848927  0.0000000E+00  3.1742447079E+01
 65  1.516840733478538E+06  484.843585  7.259085  4.773568  4.7857312E-01  5.2141333E-01  2.0849185E-07  3.1253496E-08  6.1634940E-06  8.0381778E-07  3.3343906E-10  1.6115719E-10  1.1024835E-07  3.6493269E-09  1.292E-09  0.8885  4.773568   -6.849  0.610751  7.926203  2.7794435E-01  7.2204565E-01  1.1811552E-07  3.2901327E-08  6.5599802E-06  4.2057709E-08  8.3477059E-11  6.0689907E-14  4.3355375E-11  1.3421127E-11  8.783E-12  1.945E-05  2.078E-05  9.349E-01  1.780E+00  1.26E+03  7.35E+02  5.58E+02  0.619961  0.851243  0.0000000E+00  3.1139827798E+01
 66  1.535300369944023E+06  484.644403  7.262608  4.772762  4.6920256E-01  5.3078423E-01  2.0214497E-07  3.1367022E-08  6.2009476E-06  7.5065565E-07  3.1593362E-10  1.4988052E-10  1.0254088E-07  3.3957552E-09  1.182E-09  0.8891  4.772762   -6.833  0.613810  7.927357  2.7059073E-01  7.2939927E-01  1.1844991E-07  3.3000995E-08  6.5432585E-06  4.1697516E-08  8.3654016E-11  5.9842645E-14  4.2487953E-11  1.3305530E-11  8.278E-12  1.906E-05  2.045E-05  9.360E-01  1.797E+00  1.26E+03  7.27E+02  5.52E+02  0.615518  0.853087 -3.6999678E+00  3.0500523418E+01
 67  1.553427941959429E+06  484.467177  7.265980  4.772271  4.6050011E-01  5.3948679E-01  1.9661583E-07  3.1465980E-08  6.2325051E-06  7.0431838E-07  3.0067982E-10  1.4005579E-10  9.5824476E-08  3.1746693E-09  1.086E-09  0.8891  4.772271   -6.826  0.617073  7.928568  2.6323711E-01  7.3675289E-01  1.1846860E-07  3.3008470E-08  6.5267036E-06  4.1455915E-08  8.3747289E-11  5.9064673E-14  3.5694918E-11  1.1333049E-11  6.748E-12  1.881E-05  2.015E-05  9.364E-01  1.794E+00  1.25E+03  7.20E+02  5.47E+02  0.613352  0.854960 -3.8378798E+00  2.9936820879E+01
 68  1.571398441538696E+06  484.286675  7.269411  4.771234  4.5252164E-01  5.4746551E-01  1.9182160E-07  3.1551871E-08  6.2589981E-06  6.6412022E-07  2.8745134E-10  1.3153597E-10  8.9999291E-08  2.9828382E-09  1.004E-09  0.8897  4.771234   -6.811  0.620399  7.929798  2.5588348E-01  7.4410652E-01  1.1848869E-07  3.3016351E-08  6.5099190E-06  4.1213351E-08  8.3849037E-11  5.8578227E-14  3.3922892E-11  1.0923048E-11  6.229E-12  1.837E-05  1.986E-05  9.377E-01  1.802E+00  1.25E+03  7.10E+02  5.39E+02  0.608007  0.857352 -4.4214885E+00  2.9366947277E+01
 69  1.589310170029653E+06  484.087369  7.272940  4.771217  4.4365044E-01  5.5633693E-01  1.8679573E-07  3.1642129E-08  6.2857398E-06  6.2195471E-07  2.7358161E-10  1.2260291E-10  8.3890749E-08  2.7815934E-09  9.206E-10  0.8895  4.771217   -6.816  0.623846  7.931077  2.4852986E-01  7.5146014E-01  1.1851477E-07  3.3026015E-08  6.4928764E-06  4.0963454E-08  8.3962278E-11  5.7791811E-14  3.3772608E-11  1.1140611E-11  6.109E-12  1.797E-05  1.955E-05  9.397E-01  1.758E+00  1.24E+03  7.03E+02  5.29E+02  0.599682  0.859422  0.0000000E+00  2.8738566390E+01
 70  1.607153845122286E+06  483.893119  7.276483  4.769545  4.3508081E-01  5.6490669E-01  1.8224338E-07  3.1724411E-08  6.3088689E-06  5.8372743E-07  2.6101504E-10  1.1450808E-10  7.8354705E-08  2.5991346E-09  8.461E-10  0.8898  4.769545   -6.802  0.627315  7.932365  2.4117624E-01  7.5881376E-01  1.1853970E-07  3.3035403E-08  6.4755723E-06  4.0714425E-08  8.4083591E-11  5.7145512E-14  3.3254814E-11  1.1029501E-11  5.761E-12  1.764E-05  1.923E-05  9.397E-01  1.768E+00  1.24E+03  6.93E+02  5.26E+02  0.599328  0.861662  0.0000000E+00  2.8128084539E+01
 71  1.624780176996636E+06  483.704929  7.280010  4.768988  4.2667620E-01  5.7331150E-01  1.7805196E-07  3.1801013E-08  6.3291062E-06  5.4848880E-07  2.4943952E-10  1.0704985E-10  7.3253482E-08  2.4309421E-09  7.784E-10  0.8906  4.768988   -6.792  0.630923  7.933695  2.3382262E-01  7.6616735E-01  1.1857041E-07  3.3046457E-08  6.4580164E-06  4.0460232E-08  8.4216611E-11  5.6647161E-14  3.0477383E-11  1.0275719E-11  5.121E-12  1.732E-05  1.892E-05  9.407E-01  1.771E+00  1.23E+03  6.84E+02  5.19E+02  0.595131  0.863938  0.0000000E+00  2.7539799486E+01
 72  1.642290785251905E+06  483.507240  7.283586  4.766740  4.1747974E-01  5.8250806E-01  1.7376172E-07  3.1880656E-08  6.3485894E-06  5.1236389E-07  2.3758391E-10  9.9408358E-11  6.8026374E-08  2.2585290E-09  7.115E-10  0.8906  4.766740   -6.771  0.634634  7.935065  2.2646899E-01  7.7352097E-01  1.1860534E-07  3.3058799E-08  6.4401865E-06  4.0200180E-08  8.4361164E-11  5.5987345E-14  2.9475412E-11  1.0133696E-11  4.814E-12  1.694E-05  1.861E-05  9.407E-01  1.797E+00  1.22E+03  6.74E+02  5.16E+02  0.595067  0.865821  0.0000000E+00  2.6924001994E+01
 73  1.659665033710570E+06  483.317072  7.287180  4.766070  4.0850732E-01  5.9148068E-01  1.6985763E-07  3.1954485E-08  6.3650522E-06  4.7943131E-07  2.2678816E-10  9.2446515E-11  6.3263711E-08  2.1013699E-09  6.513E-10  0.8914  4.766070   -6.759  0.638432  7.936463  2.1911537E-01  7.8087463E-01  1.1864253E-07  3.3071853E-08  6.4220766E-06  3.9937288E-08  8.4517176E-11  5.5292988E-14  2.7614855E-11  9.5786642E-12  4.356E-12  1.665E-05  1.831E-05  9.415E-01  1.805E+00  1.22E+03  6.66E+02  5.10E+02  0.591619  0.867830 -3.1927851E+00  2.6333726030E+01
 74  1.676877853998987E+06  483.134134  7.290799  4.765633  4.0005875E-01  5.9992935E-01  1.6642100E-07  3.2020702E-08  6.3783726E-06  4.5038850E-07  2.1727934E-10  8.6310920E-11  5.9065939E-08  1.9627980E-09  5.987E-10  0.8918  4.765633   -6.747  0.642380  7.937907  2.1176175E-01  7.8822825E-01  1.1868560E-07  3.3086621E-08  6.4036802E-06  3.9669127E-08  8.4686765E-11  5.4730086E-14  2.5196015E-11  8.8955498E-12  3.850E-12  1.635E-05  1.801E-05  9.426E-01  1.811E+00  1.21E+03  6.58E+02  5.04E+02  0.586995  0.870173 -4.0180083E+00  2.5767544326E+01
 75  1.693877274851783E+06  482.959260  7.294383  4.764766  3.9099844E-01  6.0898977E-01  1.6298229E-07  3.2088253E-08  6.3903894E-06  4.2127123E-07  2.0775992E-10  8.0163943E-11  5.4860053E-08  1.8239065E-09  5.475E-10  0.8918  4.764766   -6.740  0.646455  7.939391  2.0440813E-01  7.9558187E-01  1.1873317E-07  3.3102767E-08  6.3849960E-06  3.9395111E-08  8.4869623E-11  5.3955401E-14  2.2131026E-11  8.0175457E-12  3.304E-12  1.606E-05  1.773E-05  9.431E-01  1.804E+00  1.21E+03  6.50E+02  4.99E+02  0.584372  0.872021  0.0000000E+00  2.5226991172E+01
 76  1.710785246575242E+06  482.771960  7.298075  4.762818  3.8167342E-01  6.1831498E-01  1.5966751E-07  3.2154573E-08  6.4006754E-06  3.9314972E-07  1.9858015E-10  7.4231413E-11  5.0800624E-08  1.6898061E-09  4.993E-10  0.8920  4.762818   -6.726  0.650623  7.940910  1.9705450E-01  8.0293548E-01  1.1878467E-07  3.3120085E-08  6.3659897E-06  3.9118725E-08  8.5068303E-11  5.3348082E-14  2.2292196E-11  8.1073574E-12  3.180E-12  1.564E-05  1.745E-05  9.439E-01  1.807E+00  1.20E+03  6.41E+02  4.92E+02  0.580926  0.873908 -6.1839841E-01  2.4651912623E+01
 77  1.727549623215252E+06  482.589407  7.301760  4.762263  3.7293629E-01  6.2705225E-01  1.5676899E-07  3.2213706E-08  6.4083692E-06  3.6850861E-07  1.9055115E-10  6.9037279E-11  4.7246226E-08  1.5723485E-09  4.574E-10  0.8927  4.762263   -6.713  0.654953  7.942483  1.8970088E-01  8.1028909E-01  1.1884295E-07  3.3139414E-08  6.3466509E-06  3.8835443E-08  8.5283646E-11  5.2724750E-14  2.0795984E-11  7.6944683E-12  2.869E-12  1.533E-05  1.717E-05  9.449E-01  1.815E+00  1.19E+03  6.33E+02  4.86E+02  0.576217  0.876112 -1.7385222E+00  2.4092770599E+01
 78  1.744197657374942E+06  482.407516  7.305455  4.760879  3.6391309E-01  6.3607551E-01  1.5398038E-07  3.2271784E-08  6.4143721E-06  3.4474863E-07  1.8282563E-10  6.4033305E-11  4.3821744E-08  1.4591435E-09  4.178E-10  0.8934  4.760879   -6.696  0.659506  7.944133  1.8234726E-01  8.1764265E-01  1.1852974E-07  3.3050183E-08  6.3273650E-06  3.8686658E-08  8.5357292E-11  5.2489587E-14  2.0908499E-11  7.8599668E-12  2.797E-12  1.500E-05  1.689E-05  9.456E-01  1.836E+00  1.19E+03  6.24E+02  4.80E+02  0.573208  0.878123 -3.5706384E+00  2.3537453108E+01
 79  1.760626541236993E+06  482.230536  7.309153  4.760409  3.5495740E-01  6.4503130E-01  1.5140349E-07  3.2326646E-08  6.4184973E-06  3.2273941E-07  1.7568669E-10  5.9402507E-11  4.0652453E-08  1.3543347E-09  3.819E-10  0.8938  4.760409   -6.688  0.664131  7.945806  1.7499364E-01  8.2499631E-01  1.1859715E-07  3.3072312E-08  6.3071237E-06  3.8389690E-08  8.5602212E-11  5.1788465E-14  1.8745907E-11  7.1265906E-12  2.414E-12  1.470E-05  1.662E-05  9.467E-01  1.825E+00  1.18E+03  6.16E+02  4.73E+02  0.567724  0.880140 -2.5662634E+00  2.2999439646E+01
 80  1.776944264122702E+06  482.049786  7.312890  4.758646  3.4552616E-01  6.5446264E-01  1.4887548E-07  3.2381751E-08  6.4210332E-06  3.0109124E-07  1.6868404E-10  5.4852363E-11  3.7538179E-08  1.2513044E-09  3.475E-10  0.8943  4.758646   -6.679  0.668912  7.947535  1.6764001E-01  8.3234997E-01  1.1867205E-07  3.3096677E-08  6.2864916E-06  3.8086224E-08  8.5868565E-11  5.1098076E-14  1.7347418E-11  6.6587288E-12  2.153E-12  1.436E-05  1.636E-05  9.471E-01  1.817E+00  1.18E+03  6.08E+02  4.68E+02  0.565714  0.881897 -6.7564739E-01  2.2452386404E+01
 81  1.793190543421349E+06  481.879759  7.316561  4.759815  3.3659355E-01  6.6339535E-01  1.4664645E-07  3.2431546E-08  6.4218008E-06  2.8194998E-07  1.6251165E-10  5.0833652E-11  3.4787479E-08  1.1602653E-09  3.173E-10  0.8956  4.759815   -6.669  0.673876  7.949327  1.6028639E-01  8.3970361E-01  1.1875519E-07  3.3123508E-08  6.2654407E-06  3.7775135E-08  8.6158459E-11  5.0366700E-14  1.8020346E-11  6.8620414E-12  2.134E-12  1.423E-05  1.610E-05  9.483E-01  1.828E+00  1.18E+03  6.03E+02  4.63E+02  0.560184  0.883790 -5.3353877E+00  2.1937390542E+01
 82  1.809086435085252E+06  481.722961  7.320251  4.758502  3.2793996E-01  6.7204899E-01  1.4463620E-07  3.2477324E-08  6.4210350E-06  2.6464447E-07  1.5695060E-10  4.7204716E-11  3.2303435E-08  1.0780177E-09  2.904E-10  0.8959  4.758502   -6.665  0.679057  7.951176  1.5293277E-01  8.4705713E-01  1.1884672E-07  3.3152836E-08  6.2440063E-06  3.7457556E-08  8.6472558E-11  4.9633599E-14  1.3933046E-11  5.4417024E-12  1.583E-12  1.389E-05  1.587E-05  9.492E-01  1.809E+00  1.17E+03  5.94E+02  4.56E+02  0.555943  0.885849 -2.5001070E+00  2.1468437872E+01
 83  1.824941002591448E+06  481.563617  7.323904  4.758884  3.1847221E-01  6.8151685E-01  1.4257783E-07  3.2524659E-08  6.4187308E-06  2.4689286E-07  1.5126643E-10  4.3486646E-11  2.9758252E-08  9.9371250E-10  2.637E-10  0.8957  4.758884   -6.661  0.684468  7.953113  1.4557915E-01  8.5441075E-01  1.1892794E-07  3.3179174E-08  6.2221364E-06  3.7138916E-08  8.6807588E-11  4.8942470E-14  1.2169125E-11  4.9340524E-12  1.343E-12  1.368E-05  1.564E-05  9.503E-01  1.791E+00  1.17E+03  5.89E+02  4.50E+02  0.550143  0.887256  0.0000000E+00  2.0989452409E+01
 84  1.840612090078339E+06  481.413585  7.327475  4.757199  3.0966838E-01  6.9032082E-01  1.4079529E-07  3.2565919E-08  6.4151865E-06  2.3149378E-07  1.4635661E-10  4.0265728E-11  2.7553279E-08  9.2064493E-10  2.408E-10  0.8961  4.757199   -6.635  0.690078  7.955110  1.3822552E-01  8.6176446E-01  1.1904097E-07  3.3214904E-08  6.1997367E-06  3.6803863E-08  8.7181058E-11  4.8176414E-14  1.1620012E-11  4.7888493E-12  1.226E-12  1.340E-05  1.543E-05  9.506E-01  1.840E+00  1.16E+03  5.81E+02  4.47E+02  0.549007  0.888886 -3.8293803E+00  2.0542549076E+01
 85  1.856146378282467E+06  481.255029  7.331210  4.753152  3.0123190E-01  6.9875720E-01  1.3918935E-07  3.2603399E-08  6.4106785E-06  2.1759623E-07  1.4194421E-10  3.7362620E-11  2.5565786E-08  8.5475876E-10  2.203E-10  0.8967  4.753152   -6.601  0.695929  7.957189  1.3087190E-01  8.6911800E-01  1.1916696E-07  3.3254487E-08  6.1768150E-06  3.6459374E-08  8.7590390E-11  4.7434951E-14  1.0933366E-11  4.5014668E-12  1.090E-12  1.291E-05  1.522E-05  9.508E-01  1.913E+00  1.15E+03  5.69E+02  4.40E+02  0.547751  0.891082 -3.5881475E+00  2.0072930495E+01
 86  1.867245581080176E+06  480.977809  7.333870  4.646416  2.9304568E-01  7.0694354E-01  1.3773055E-07  3.2638022E-08  6.4052045E-06  2.0493948E-07  1.3794644E-10  3.4722658E-11  2.3758361E-08  7.9481570E-10  2.027E-10  0.8975  4.775348   -4.572  0.702019  7.959320  1.2563702E-01  8.7435288E-01  1.1200888E-07  3.1153007E-08  6.1660708E-06  3.9830056E-08  8.6832814E-11  5.6689036E-14  1.6515076E-11  4.6505846E-12  2.002E-12  1.228E-05  1.509E-05  9.670E-01  1.421E+00  1.20E+03  5.94E+02  3.77E+02  0.456293  0.891428  0.0000000E+00  1.9587145279E+01
 87  1.878157539504981E+06  480.686230  7.336786  4.650133  2.8590333E-01  7.1408597E-01  1.3653265E-07  3.2667145E-08  6.3995881E-06  1.9451384E-07  1.3467115E-10  3.2551305E-11  2.2271703E-08  7.4548972E-10  1.881E-10  0.8980  4.781357   -4.567  0.706904  7.961030  1.2040215E-01  8.7958775E-01  1.1161112E-07  3.1038372E-08  6.1450220E-06  3.9835735E-08  8.7150185E-11  5.8497540E-14  1.7726101E-11  4.6546849E-12  2.195E-12  1.232E-05  1.490E-05  9.691E-01  1.390E+00  1.21E+03  5.96E+02  3.69E+02  0.442726  0.893017  0.0000000E+00  1.9155499267E+01
 88  1.888966178288235E+06  480.388656  7.339701  4.643432  2.7768945E-01  7.2229992E-01  1.3523808E-07  3.2699641E-08  6.3921816E-06  1.8320255E-07  1.3113976E-10  3.0199365E-11  2.0661332E-08  6.9203433E-10  1.728E-10  0.8986  4.778874   -4.540  0.711753  7.962739  1.1516727E-01  8.8482263E-01  1.1164790E-07  3.1052434E-08  6.1232678E-06  3.9503113E-08  8.7340978E-11  5.5216592E-14  1.6442530E-11  4.7093489E-12  2.144E-12  1.229E-05  1.472E-05  9.678E-01  1.429E+00  1.20E+03  5.89E+02  3.74E+02  0.451259  0.893843  0.0000000E+00  1.8718478722E+01
 89  1.899830763006880E+06  480.086174  7.342634  4.652250  2.7040969E-01  7.2957971E-01  1.3415914E-07  3.2727057E-08  6.3847958E-06  1.7375254E-07  1.2820982E-10  2.8237763E-11  1.9318165E-08  6.4742673E-10  1.601E-10  0.9003  4.785130   -4.558  0.716875  7.964528  1.0993240E-01  8.9005750E-01  1.1169866E-07  3.1070188E-08  6.1010828E-06  3.9172573E-08  8.7557789E-11  5.5005166E-14  1.6541423E-11  4.7719126E-12  2.091E-12  1.174E-05  1.453E-05  9.728E-01  1.324E+00  1.21E+03  5.91E+02  3.47E+02  0.416799  0.895337  0.0000000E+00  1.8292466203E+01
 90  1.910506873943319E+06  479.787107  7.345637  4.653257  2.6247259E-01  7.3751681E-01  1.3303811E-07  3.2751018E-08  6.3758804E-06  1.6405034E-07  1.2522052E-10  2.6225950E-11  1.7940558E-08  6.0165236E-10  1.472E-10  0.9006  4.789352   -4.547  0.722280  7.966413  1.0469752E-01  8.9529236E-01  1.1176611E-07  3.1092902E-08  6.0786579E-06  3.8828821E-08  8.7808490E-11  5.3870748E-14  1.4439073E-11  4.2375984E-12  1.785E-12  1.180E-05  1.435E-05  9.738E-01  1.315E+00  1.23E+03  5.92E+02  3.43E+02  0.409675  0.896476  0.0000000E+00  1.7894574645E+01
 91  1.921089628106743E+06  479.483169  7.348539  4.650668  2.5485947E-01  7.4512993E-01  1.3198788E-07  3.2760811E-08  6.3665137E-06  1.5531372E-07  1.2254090E-10  2.4413814E-11  1.6699625E-08  5.6039861E-10  1.358E-10  0.9009  4.788378   -4.533  0.727882  7.968359  9.9462645E-02  9.0052720E-01  1.1186900E-07  3.1126043E-08  6.0559344E-06  3.8463048E-08  8.8082018E-11  5.3024260E-14  1.2988150E-11  3.8728176E-12  1.553E-12  1.134E-05  1.419E-05  9.752E-01  1.309E+00  1.22E+03  5.86E+02  3.32E+02  0.398996  0.897619  0.0000000E+00  1.7499603929E+01
 92  1.931510297560293E+06  479.178389  7.351237  4.654862  2.4687636E-01  7.5311309E-01  1.3088812E-07  3.2751333E-08  6.3558496E-06  1.4672312E-07  1.1991352E-10  2.2629102E-11  1.5477424E-08  5.1974860E-10  1.247E-10  0.9006  4.794871   -4.529  0.734014  7.970393  9.4227769E-02  9.0576206E-01  1.1195892E-07  3.1155367E-08  6.0328958E-06  3.8105840E-08  8.8387873E-11  5.2350501E-14  1.1790874E-11  3.5009492E-12  1.341E-12  1.141E-05  1.403E-05  9.768E-01  1.276E+00  1.24E+03  5.93E+02  3.25E+02  0.386398  0.898031  0.0000000E+00  1.7117396990E+01
 93  1.941883469159772E+06  478.872238  7.354221  4.658764  2.3890655E-01  7.6108295E-01  1.2978262E-07  3.2720729E-08  6.3443466E-06  1.3868526E-07  1.1746107E-10  2.0955590E-11  1.4331338E-08  4.8161424E-10  1.144E-10  0.9005  4.800461   -4.527  0.740309  7.972555  8.8992893E-02  9.1099697E-01  1.1209744E-07  3.1198920E-08  6.0094688E-06  3.7719774E-08  8.8745459E-11  5.1225799E-14  1.0405324E-11  3.1580403E-12  1.151E-12  1.118E-05  1.389E-05  9.792E-01  1.240E+00  1.24E+03  5.95E+02  3.11E+02  0.367239  0.899012  0.0000000E+00  1.6755896327E+01
 94  1.952123379745715E+06  478.565232  7.357101  4.661664  2.3082087E-01  7.6916872E-01  1.2865675E-07  3.2670554E-08  6.3317819E-06  1.3103606E-07  1.1513464E-10  1.9359874E-11  1.3238497E-08  4.4523745E-10  1.048E-10  0.8998  4.806064   -4.520  0.746920  7.974821  8.3758017E-02  9.1623185E-01  1.1223002E-07  3.1240673E-08  5.9856656E-06  3.7338347E-08  8.9147907E-11  5.0360989E-14  9.1120836E-12  2.8327437E-12  9.848E-13  1.119E-05  1.376E-05  9.805E-01  1.219E+00  1.26E+03  6.00E+02  3.05E+02  0.355951  0.899667  0.0000000E+00  1.6411162549E+01
 95  1.972253466676025E+06  477.946276  7.362622  4.666661  2.1577551E-01  7.8421409E-01  1.2658456E-07  3.2540808E-08  6.3059503E-06  1.1800297E-07  1.1120165E-10  1.6637316E-11  1.1373838E-08  3.8313136E-10  8.851E-11  0.8978  4.816098   -4.506  0.761333  7.979730  7.3288265E-02  9.2670158E-01  1.1284361E-07  3.1426731E-08  5.9365853E-06  3.6392140E-08  9.0160839E-11  4.7910591E-14  6.6919097E-12  2.2387475E-12  6.838E-13  1.094E-05  1.354E-05  9.834E-01  1.182E+00  1.28E+03  6.06E+02  2.86E+02  0.329114  0.901205  0.0000000E+00  1.5766133646E+01
 96  1.982175447675467E+06  477.632640  7.365327  4.665974  2.0788730E-01  7.9210230E-01  1.2552946E-07  3.2461483E-08  6.2910948E-06  1.1173021E-07  1.0933242E-10  1.5327613E-11  1.0476777E-08  3.5323004E-10  8.087E-11  0.8963  4.817218   -4.495  0.769365  7.982452  6.8053390E-02  9.3193646E-01  1.1282862E-07  3.1424733E-08  5.9117170E-06  3.6083432E-08  9.0713726E-11  4.7222538E-14  6.1895878E-12  2.0232216E-12  5.944E-13  1.061E-05  1.347E-05  9.845E-01  1.172E+00  1.28E+03  6.05E+02  2.77E+02  0.318773  0.901536  0.0000000E+00  1.5461252382E+01
 97  1.991988111731106E+06  477.315333  7.368047  4.667007  2.0022250E-01  7.9976720E-01  1.2453601E-07  3.2381294E-08  6.2757775E-06  1.0596869E-07  1.0763659E-10  1.4126662E-11  9.6541631E-09  3.2579287E-10  7.393E-11  0.8946  4.820655   -4.486  0.777936  7.985345  6.2818514E-02  9.3717128E-01  1.1310174E-07  3.1507575E-08  5.8860517E-06  3.5625726E-08  9.1391040E-11  4.6207218E-14  5.4372953E-12  1.8014710E-12  4.943E-13  1.048E-05  1.340E-05  9.854E-01  1.160E+00  1.29E+03  6.07E+02  2.70E+02  0.309178  0.902048  0.0000000E+00  1.5162946646E+01
 98  2.001724926713818E+06  476.993661  7.370747  4.666962  1.9318100E-01  8.0680863E-01  1.2365672E-07  3.2307168E-08  6.2609286E-06  1.0094730E-07  1.0618056E-10  1.3082616E-11  8.9389874E-09  3.0192280E-10  6.791E-11  0.8928  4.822946   -4.476  0.787187  7.988458  5.7583638E-02  9.4240618E-01  1.1360563E-07  3.1657525E-08  5.8594904E-06  3.5094437E-08  9.2288809E-11  4.4979613E-14  4.8614179E-12  1.6573460E-12  4.255E-13  1.031E-05  1.334E-05  9.862E-01  1.153E+00  1.29E+03  6.06E+02  2.63E+02  0.300979  0.902958  0.0000000E+00  1.4871860145E+01
 99  2.020946074134418E+06  476.338517  7.376251  4.667079  1.7891581E-01  8.2107382E-01  1.2199153E-07  3.2162498E-08  6.2284978E-06  9.1522632E-08  1.0352703E-10  1.1133600E-11  7.6037931E-09  2.5730689E-10  5.688E-11  0.8883  4.826924   -4.457  0.808437  7.995576  4.7113886E-02  9.5287589E-01  1.1419316E-07  3.1835289E-08  5.8049976E-06  3.4129376E-08  9.4164312E-11  4.2984055E-14  4.0078828E-12  1.3779725E-12  3.095E-13  9.821E-06  1.328E-05  9.879E-01  1.134E+00  1.30E+03  6.03E+02  2.48E+02  0.282353  0.904790  0.0000000E+00  1.4312876580E+01
100  2.030474668793665E+06  476.000625  7.379130  4.664240  1.7181363E-01  8.2817607E-01  1.2122799E-07  3.2096017E-08  6.2111405E-06  8.7184807E-08  1.0235484E-10  1.0243203E-11  6.9937639E-09  2.3689489E-10  5.191E-11  0.8858  4.825293   -4.445  0.820793  7.999699  4.1879010E-02  9.5811074E-01  1.1470669E-07  3.1988170E-08  5.7762798E-06  3.3559906E-08  9.5445624E-11  4.1819801E-14  3.6676245E-12  1.3070642E-12  2.701E-13  9.693E-06  1.327E-05  9.878E-01  1.132E+00  1.29E+03  5.96E+02  2.47E+02  0.283332  0.905958  0.0000000E+00  1.4031208822E+01
101  2.039956898643111E+06  475.655254  7.382060  4.662100  1.6451650E-01  8.3547320E-01  1.2049361E-07  3.2033287E-08  6.1924330E-06  8.2963106E-08  1.0125638E-10  9.3822273E-12  6.4038609E-09  2.1713649E-10  4.718E-11  0.8834  4.824639   -4.433  0.834669  8.004325  3.6644134E-02  9.6334562E-01  1.1532563E-07  3.2171748E-08  5.7464489E-06  3.2946271E-08  9.6998064E-11  4.0624948E-14  3.4414089E-12  1.2499237E-12  2.367E-13  9.200E-06  1.330E-05  9.888E-01  1.129E+00  1.29E+03  5.90E+02  2.36E+02  0.271889  0.907066  0.0000000E+00  1.3747790288E+01
102  2.049353054196977E+06  475.304680  7.385023  4.661646  1.5741765E-01  8.4257205E-01  1.1983105E-07  3.1978858E-08  6.1733563E-06  7.9077899E-08  1.0029399E-10  8.5959955E-12  5.8651451E-09  1.9907347E-10  4.289E-11  0.8807  4.826103   -4.423  0.850531  8.009608  3.1409259E-02  9.6858056E-01  1.1607070E-07  3.2392025E-08  5.7153290E-06  3.2292108E-08  9.8924322E-11  3.9505092E-14  2.9819675E-12  1.1538591E-12  1.962E-13  8.937E-06  1.337E-05  9.895E-01  1.121E+00  1.29E+03  5.86E+02  2.28E+02  0.263086  0.908373  0.0000000E+00  1.3468941636E+01
103  2.058743667445275E+06  474.945635  7.388097  4.659639  1.5029708E-01  8.4969262E-01  1.1922027E-07  3.1931876E-08  6.1533307E-06  7.5391251E-08  9.9437052E-11  7.8566378E-12  5.3585316E-09  1.8206866E-10  3.888E-11  0.8785  4.825301   -4.411  0.869163  8.015807  2.6174383E-02  9.7381539E-01  1.1707148E-07  3.2686277E-08  5.6826705E-06  3.1559180E-08  1.0144191E-10  3.8110609E-14  2.9287185E-12  1.0994501E-12  1.680E-13  8.841E-06  1.349E-05  9.895E-01  1.116E+00  1.28E+03  5.79E+02  2.27E+02  0.263218  0.909890  0.0000000E+00  1.3192006356E+01
104  2.068160630770110E+06  474.573537  7.391352  4.654664  1.4294793E-01  8.5704177E-01  1.1864996E-07  3.1892692E-08  6.1316862E-06  7.1800694E-08  9.8673133E-11  7.1443761E-12  4.8704794E-09  1.6566877E-10  3.508E-11  0.8767  4.820928   -4.397  0.891768  8.023326  2.0939507E-02  9.7905029E-01  1.1842821E-07  3.3083664E-08  5.6481273E-06  3.0736553E-08  1.0486679E-10  3.6620847E-14  3.0448245E-12  1.1645444E-12  1.594E-13  8.567E-06  1.369E-05  9.894E-01  1.118E+00  1.27E+03  5.67E+02  2.26E+02  0.264443  0.911596  0.0000000E+00  1.2901622359E+01
105  2.077563881494528E+06  474.190493  7.394854  4.652114  1.3525754E-01  8.6473216E-01  1.1812294E-07  3.1863447E-08  6.1079185E-06  6.8269614E-08  9.8015502E-11  6.4534050E-12  4.3970252E-09  1.4974114E-10  3.143E-11  0.8759  4.820108   -4.383  0.920367  8.032849  1.5704631E-02  9.8428509E-01  1.2067643E-07  3.3740961E-08  5.6109030E-06  2.9663422E-08  1.1007453E-10  3.4986964E-14  2.9893127E-12  1.1493139E-12  1.314E-13  8.065E-06  1.402E-05  9.904E-01  1.116E+00  1.26E+03  5.57E+02  2.14E+02  0.252211  0.913531  0.0000000E+00  1.2606138074E+01
106  2.087005953721718E+06  473.794750  7.398580  4.653274  1.2773501E-01  8.7225479E-01  1.1768090E-07  3.1848313E-08  6.0835081E-06  6.5028875E-08  9.7525850E-11  5.8296363E-12  3.9696445E-09  1.3534712E-10  2.816E-11  0.8762  4.824094   -4.373  0.959897  8.046026  1.0469755E-02  9.8952001E-01  1.2350372E-07  3.4562743E-08  5.5708557E-06  2.8621349E-08  1.1783131E-10  3.3387572E-14  2.8821721E-12  1.1223069E-12  1.076E-13  8.211E-06  1.459E-05  9.904E-01  1.107E+00  1.27E+03  5.53E+02  2.15E+02  0.251548  0.916061  0.0000000E+00  1.2311203513E+01
107  2.096765828274640E+06  473.371456  7.402845  4.651532  1.1926455E-01  8.8072515E-01  1.1727830E-07  3.1850458E-08  6.0545652E-06  6.1616603E-08  9.7181857E-11  5.1865194E-12  3.5290633E-09  1.2049154E-10  2.484E-11  0.8815  4.826106   -4.354  1.026135  8.068143  5.2348792E-03  9.9475486E-01  1.3115999E-07  3.6793973E-08  5.5215579E-06  2.6597962E-08  1.3661748E-10  3.0735298E-14  3.2526677E-12  1.2814594E-12  8.330E-14  7.956E-06  1.583E-05  9.911E-01  1.113E+00  1.27E+03  5.44E+02  2.07E+02  0.242402  0.918975  0.0000000E+00  1.2002629722E+01
108  2.105826585463553E+06  472.988808  7.406512  4.681794  1.1667700E-01  8.8331270E-01  1.1717717E-07  3.1855859E-08  6.0454043E-06  6.0620617E-08  9.7126103E-11  5.0019551E-12  3.4026405E-09  1.1622563E-10  2.375E-11  0.8937  4.862998   -4.383  1.245076  8.141130  4.7247310E-04  9.9951720E-01  1.5650023E-07  4.4219366E-08  5.4488785E-06  2.3864271E-08  2.0857415E-10  2.5252530E-14  8.8350180E-13  3.4651584E-13  9.975E-15  4.285E-06  2.206E-05  9.984E-01  1.020E+00  1.38E+03  5.66E+02  9.45E+01  0.102626  0.925369  0.0000000E+00  1.1827578387E+01
109  2.108592373547152E+06  472.873529  7.410690  4.699749  1.1604900E-01  8.8394080E-01  1.1715377E-07  3.1857431E-08  6.0431645E-06  6.0381039E-08  9.7115222E-11  4.9577246E-12  3.3723445E-09  1.1520320E-10  2.348E-11  0.8885  4.894098   -4.375  1.618155  8.265369  2.9455750E-06  9.9998680E-01  1.9994392E-07  5.7282052E-08  5.3812310E-06  2.4019266E-08  3.3791675E-10  1.2890170E-14  9.9454667E-13  3.3922683E-13  5.940E-15  5.429E-06  3.902E-05  9.983E-01  1.022E+00  1.48E+03  5.70E+02  1.04E+02  0.105659  0.934018  0.0000000E+00  1.1797123586E+01
110  2.109705188420821E+06  472.826181  7.414303  4.716506  1.1563010E-01  8.8435970E-01  1.1713838E-07  3.1858529E-08  6.0416677E-06  6.0221665E-08  9.7108470E-11  4.9283325E-12  3.3522124E-09  1.1452375E-10  2.332E-11  0.8538  4.923447   -4.367  1.949070  8.375523  3.3279740E-09  9.9998970E-01  2.4003154E-07  6.8773301E-08  5.3216966E-06  2.4397798E-08  4.1066082E-10  5.6538208E-15  9.9499324E-13  3.3818966E-13  5.665E-15  6.820E-06  6.471E-05  9.982E-01  1.026E+00  1.58E+03  5.72E+02  1.15E+02  0.109038  0.941563  0.0000000E+00  1.1785397946E+01
111  2.109712927542442E+06  472.825848  7.414319  4.716389  1.1562995E-01  8.8435985E-01  1.1713837E-07  3.1858529E-08  6.0416672E-06  6.0221609E-08  9.7108468E-11  4.9283222E-12  3.3522053E-09  1.1452351E-10  2.332E-11  0.8551  4.923285   -4.367  1.949687  8.375728  3.0733840E-09  9.9998970E-01  2.4021337E-07  6.8810049E-08  5.3214447E-06  2.4397950E-08  4.1070826E-10  4.9429937E-14  9.9499321E-13  3.3818970E-13  5.665E-15  6.806E-06  6.477E-05  9.982E-01  1.026E+00  1.58E+03  5.72E+02  1.15E+02  0.108934  0.941598  0.0000000E+00  1.1785314365E+01
112  2.109720666664064E+06  472.825514  7.414334  4.716273  1.1562979E-01  8.8435999E-01  1.1713837E-07  3.1858530E-08  6.0416666E-06  6.0221553E-08  9.7108465E-11  4.9283118E-12  3.3521982E-09  1.1452327E-10  2.332E-11  0.8564  4.923123   -4.367  1.950303  8.375933  2.8187940E-09  9.9998970E-01  2.4039519E-07  6.8846797E-08  5.3211927E-06  2.4398102E-08  4.1075569E-10  9.3206053E-14  9.9499319E-13  3.3818974E-13  5.665E-15  6.792E-06  6.483E-05  9.982E-01  1.026E+00  1.58E+03  5.71E+02  1.15E+02  0.108829  0.941632  0.0000000E+00  1.1785230783E+01
113  2.109728405785685E+06  472.825181  7.414350  4.716156  1.1562964E-01  8.8436014E-01  1.1713836E-07  3.1858530E-08  6.0416661E-06  6.0221497E-08  9.7108463E-11  4.9283015E-12  3.3521912E-09  1.1452303E-10  2.332E-11  0.8576  4.922962   -4.367  1.950920  8.376138  2.5642040E-09  9.9998970E-01  2.4057702E-07  6.8883545E-08  5.3209408E-06  2.4398255E-08  4.1080313E-10  1.3698217E-13  9.9499316E-13  3.3818978E-13  5.665E-15  6.777E-06  6.489E-05  9.982E-01  1.026E+00  1.58E+03  5.71E+02  1.15E+02  0.108724  0.941667  0.0000000E+00  1.1785147202E+01
114  2.109736144907306E+06  472.824847  7.414366  4.716040  1.1562949E-01  8.8436028E-01  1.1713836E-07  3.1858531E-08  6.0416656E-06  6.0221441E-08  9.7108461E-11  4.9282912E-12  3.3521841E-09  1.1452280E-10  2.332E-11  0.8589  4.922800   -4.367  1.951537  8.376343  2.3096140E-09  9.9998970E-01  2.4075885E-07  6.8920292E-08  5.3206889E-06  2.4398407E-08  4.1085056E-10  1.8075828E-13  9.9499313E-13  3.3818983E-13  5.665E-15  6.763E-06  6.495E-05  9.982E-01  1.026E+00  1.58E+03  5.70E+02  1.14E+02  0.108620  0.941701  0.0000000E+00  1.1785063621E+01
115  2.109743884028928E+06  472.824514  7.414381  4.715923  1.1562934E-01  8.8436043E-01  1.1713835E-07  3.1858531E-08  6.0416651E-06  6.0221385E-08  9.7108459E-11  4.9282809E-12  3.3521770E-09  1.1452256E-10  2.332E-11  0.8602  4.922638   -4.367  1.952154  8.376548  2.0550239E-09  9.9998970E-01  2.4094067E-07  6.8957040E-08  5.3204369E-06  2.4398559E-08  4.1089800E-10  2.2453440E-13  9.9499311E-13  3.3818987E-13  5.665E-15  6.749E-06  6.502E-05  9.982E-01  1.026E+00  1.58E+03  5.70E+02  1.14E+02  0.108515  0.941736  0.0000000E+00  1.1784980040E+01
116  2.109751623150549E+06  472.824180  7.414397  4.715807  1.1562918E-01  8.8436057E-01  1.1713835E-07  3.1858531E-08  6.0416645E-06  6.0221329E-08  9.7108456E-11  4.9282705E-12  3.3521699E-09  1.1452232E-10  2.332E-11  0.8615  4.922476   -4.367  1.952770  8.376753  1.8004339E-09  9.9998970E-01  2.4112250E-07  6.8993788E-08  5.3201850E-06  2.4398711E-08  4.1094543E-10  2.6831052E-13  9.9499308E-13  3.3818991E-13  5.665E-15  6.735E-06  6.508E-05  9.982E-01  1.026E+00  1.58E+03  5.70E+02  1.14E+02  0.108410  0.941770  0.0000000E+00  1.1784896458E+01
117  2.109759362272171E+06  472.823847  7.414413  4.715690  1.1562903E-01  8.8436072E-01  1.1713834E-07  3.1858532E-08  6.0416640E-06  6.0221272E-08  9.7108454E-11  4.9282602E-12  3.3521629E-09  1.1452208E-10  2.332E-11  0.8627  4.922314   -4.366  1.953387  8.376958  1.5458439E-09  9.9998970E-01  2.4130433E-07  6.9030536E-08  5.3199330E-06  2.4398864E-08  4.1099287E-10  3.1208663E-13  9.9499305E-13  3.3818995E-13  5.665E-15  6.720E-06  6.514E-05  9.983E-01  1.027E+00  1.57E+03  5.69E+02  1.14E+02  0.108306  0.941805  0.0000000E+00  1.1784812877E+01
118  2.109767101393792E+06  472.823513  7.414428  4.715574  1.1562888E-01  8.8436086E-01  1.1713834E-07  3.1858532E-08  6.0416635E-06  6.0221216E-08  9.7108452E-11  4.9282499E-12  3.3521558E-09  1.1452184E-10  2.332E-11  0.8640  4.922153   -4.366  1.954004  8.377163  1.2912539E-09  9.9998970E-01  2.4148615E-07  6.9067284E-08  5.3196811E-06  2.4399016E-08  4.1104030E-10  3.5586275E-13  9.9499303E-13  3.3818999E-13  5.665E-15  6.706E-06  6.520E-05  9.983E-01  1.027E+00  1.57E+03  5.69E+02  1.14E+02  0.108201  0.941840  0.0000000E+00  1.1784729296E+01
119  2.109774840515414E+06  472.823180  7.414444  4.715457  1.1562872E-01  8.8436101E-01  1.1713833E-07  3.1858532E-08  6.0416629E-06  6.0221160E-08  9.7108449E-11  4.9282396E-12  3.3521487E-09  1.1452160E-10  2.332E-11  0.8653  4.921991   -4.366  1.954621  8.377367  1.0366639E-09  9.9998970E-01  2.4166798E-07  6.9104032E-08  5.3194292E-06  2.4399168E-08  4.1108774E-10  3.9963886E-13  9.9499300E-13  3.3819003E-13  5.665E-15  6.692E-06  6.526E-05  9.983E-01  1.027E+00  1.57E+03  5.69E+02  1.14E+02  0.108096  0.941874  0.0000000E+00  1.1784645714E+01
120  2.109782579637035E+06  472.822846  7.414460  4.715341  1.1562857E-01  8.8436115E-01  1.1713833E-07  3.1858533E-08  6.0416624E-06  6.0221104E-08  9.7108447E-11  4.9282292E-12  3.3521416E-09  1.1452136E-10  2.332E-11  0.8666  4.921829   -4.366  1.955237  8.377572  7.8207389E-10  9.9998970E-01  2.4184981E-07  6.9140779E-08  5.3191772E-06  2.4399320E-08  4.1113517E-10  4.4341498E-13  9.9499297E-13  3.3819007E-13  5.665E-15  6.678E-06  6.532E-05  9.983E-01  1.027E+00  1.57E+03  5.68E+02  1.13E+02  0.107992  0.941909  0.0000000E+00  1.1784562133E+01
121  2.109790318758656E+06  472.822513  7.414476  4.715224  1.1562842E-01  8.8436130E-01  1.1713832E-07  3.1858533E-08  6.0416619E-06  6.0221048E-08  9.7108445E-11  4.9282189E-12  3.3521346E-09  1.1452112E-10  2.332E-11  0.8679  4.921667   -4.366  1.955854  8.377777  5.2748388E-10  9.9998970E-01  2.4203163E-07  6.9177527E-08  5.3189253E-06  2.4399473E-08  4.1118261E-10  4.8719110E-13  9.9499295E-13  3.3819011E-13  5.665E-15  6.663E-06  6.538E-05  9.983E-01  1.027E+00  1.57E+03  5.68E+02  1.13E+02  0.107887  0.941943  0.0000000E+00  1.1784478552E+01
122  2.109798057880278E+06  472.822179  7.414491  4.715108  1.1562826E-01  8.8436144E-01  1.1713832E-07  3.1858534E-08  6.0416614E-06  6.0220992E-08  9.7108442E-11  4.9282086E-12  3.3521275E-09  1.1452089E-10  2.332E-11  0.8691  4.921505   -4.366  1.956471  8.377982  2.7289387E-10  9.9998970E-01  2.4221346E-07  6.9214275E-08  5.3186734E-06  2.4399625E-08  4.1123004E-10  5.3096721E-13  9.9499292E-13  3.3819016E-13  5.665E-15  6.649E-06  6.544E-05  9.983E-01  1.027E+00  1.57E+03  5.67E+02  1.13E+02  0.107782  0.941978  0.0000000E+00  1.1784394970E+01
123  2.109805797001899E+06  472.821846  7.414507  4.714991  1.1562811E-01  8.8436159E-01  1.1713831E-07  3.1858534E-08  6.0416608E-06  6.0220936E-08  9.7108440E-11  4.9281982E-12  3.3521204E-09  1.1452065E-10  2.332E-11  0.8704  4.921344   -4.366  1.957088  8.378187  1.8303857E-11  9.9998970E-01  2.4239529E-07  6.9251023E-08  5.3184214E-06  2.4399777E-08  4.1127748E-10  5.7474333E-13  9.9499289E-13  3.3819020E-13  5.665E-15  6.635E-06  6.551E-05  9.983E-01  1.027E+00  1.57E+03  5.67E+02  1.13E+02  0.107678  0.942013  0.0000000E+00  1.1784311389E+01
124  2.109813536123521E+06  472.821512  7.414520  4.715066  1.1561986E-01  8.8436991E-01  1.1713801E-07  3.1858556E-08  6.0416311E-06  6.0217778E-08  9.7108311E-11  4.9276162E-12  3.3517217E-09  1.1450719E-10  2.331E-11  0.8710  4.921421   -4.366  1.957891  8.378454  0.0000000E+00  9.9995882E-01  3.0866822E-05  4.5937901E-08  4.6825164E-06  6.8891761E-08  4.0574924E-10  4.4866102E-07  1.0381351E-11  4.0385474E-07  3.338E-15  6.880E-06  6.558E-05  9.982E-01  1.027E+00  1.57E+03  5.67E+02  1.17E+02  0.111572  0.942035  0.0000000E+00  1.1784226532E+01
125  2.109821275245142E+06  472.821178  7.414547  4.714735  1.1561527E-01  8.8437453E-01  1.1713784E-07  3.1858568E-08  6.0416146E-06  6.0216028E-08  9.7108240E-11  4.9272935E-12  3.3515007E-09  1.1449973E-10  2.331E-11  0.8720  4.921079   -4.366  1.958734  8.378735  0.0000000E+00  9.9992530E-01  6.4135607E-05  2.7686978E-08  4.1140201E-06  1.2921194E-07  3.9154226E-10  8.4907078E-07  5.8611463E-11  7.9388907E-07  4.655E-15  7.024E-06  6.567E-05  9.981E-01  1.028E+00  1.57E+03  5.67E+02  1.20E+02  0.114183  0.942090  0.0000000E+00  1.1784138901E+01
126  2.109829014366764E+06  472.820844  7.414578  4.714241  1.1561308E-01  8.8437672E-01  1.1713776E-07  3.1858574E-08  6.0416069E-06  6.0215208E-08  9.7108207E-11  4.9271424E-12  3.3513972E-09  1.1449624E-10  2.331E-11  0.8727  4.920587   -4.365  1.959595  8.379021  0.0000000E+00  9.9989133E-01  9.7724923E-05  1.6103722E-08  3.6224553E-06  3.3502047E-07  3.7669150E-10  1.1782813E-06  8.1837560E-11  1.1825665E-06  6.497E-15  7.099E-06  6.576E-05  9.980E-01  1.030E+00  1.57E+03  5.66E+02  1.21E+02  0.115798  0.942156  0.0000000E+00  1.1784048746E+01
127  2.109836753488385E+06  472.820510  7.414600  4.713951  1.1561048E-01  8.8437932E-01  1.1713767E-07  3.1858581E-08  6.0415976E-06  6.0214224E-08  9.7108167E-11  4.9269609E-12  3.3512729E-09  1.1449204E-10  2.331E-11  0.8719  4.920352   -4.364  1.960462  8.379310  0.0000000E+00  9.9985667E-01  1.3165636E-04  9.9483264E-09  3.1439087E-06  8.4161099E-07  3.7144127E-10  1.4620380E-06  2.3372781E-19  1.6282918E-06  4.391E-15  7.183E-06  6.584E-05  9.980E-01  1.032E+00  1.57E+03  5.65E+02  1.23E+02  0.117355  0.942202  0.0000000E+00  1.1783956636E+01
128  2.109844492610007E+06  472.820174  7.414619  4.713729  1.1560788E-01  8.8438184E-01  1.1713758E-07  3.1858588E-08  6.0415884E-06  6.0213239E-08  9.7108126E-11  4.9267794E-12  3.3511486E-09  1.1448785E-10  2.331E-11  0.8731  4.920108   -4.363  1.961322  8.379596  0.0000000E+00  9.9982148E-01  1.6624196E-04  6.6389509E-09  2.7442546E-06  1.2056593E-06  3.6541693E-10  1.6603591E-06  3.5994084E-17  2.0402269E-06  3.683E-15  7.238E-06  6.592E-05  9.979E-01  1.033E+00  1.56E+03  5.64E+02  1.24E+02  0.118459  0.942242  0.0000000E+00  1.1783863161E+01
129  2.109852231731628E+06  472.819839  7.414639  4.713525  1.1560533E-01  8.8438442E-01  1.1713748E-07  3.1858595E-08  6.0415792E-06  6.0212269E-08  9.7108087E-11  4.9266006E-12  3.3510261E-09  1.1448372E-10  2.331E-11  0.8739  4.919889   -4.363  1.962173  8.379879  0.0000000E+00  9.9978608E-01  2.0119419E-04  4.3988150E-09  2.3919866E-06  1.4915878E-06  3.5941868E-10  1.8101199E-06  2.1742907E-17  2.4302123E-06  3.163E-15  7.282E-06  6.601E-05  9.979E-01  1.034E+00  1.56E+03  5.64E+02  1.25E+02  0.119346  0.942283  0.0000000E+00  1.1783768757E+01
130  2.109859970853249E+06  472.819503  7.414658  4.713341  1.1560293E-01  8.8438687E-01  1.1713739E-07  3.1858601E-08  6.0415706E-06  6.0211350E-08  9.7108050E-11  4.9264313E-12  3.3509102E-09  1.1447980E-10  2.331E-11  0.8745  4.919692   -4.363  1.963013  8.380158  0.0000000E+00  9.9975022E-01  2.3668593E-04  2.9068650E-09  2.0800306E-06  1.7151062E-06  3.5343426E-10  1.9186595E-06  6.3219698E-18  2.8019869E-06  2.785E-15  7.316E-06  6.609E-05  9.979E-01  1.034E+00  1.56E+03  5.64E+02  1.25E+02  0.120075  0.942324  0.0000000E+00  1.1783673592E+01
131  2.109867709974871E+06  472.819167  7.414678  4.713180  1.1560073E-01  8.8438907E-01  1.1713731E-07  3.1858607E-08  6.0415627E-06  6.0210510E-08  9.7108015E-11  4.9262765E-12  3.3508041E-09  1.1447622E-10  2.331E-11  0.8749  4.919511   -4.363  1.963840  8.380433  0.0000000E+00  9.9971374E-01  2.7283664E-04  1.8996627E-09  1.8028392E-06  1.8893250E-06  3.4745671E-10  1.9920384E-06  1.9678106E-17  3.1581968E-06  2.508E-15  7.345E-06  6.618E-05  9.978E-01  1.034E+00  1.56E+03  5.63E+02  1.26E+02  0.120696  0.942365  0.0000000E+00  1.1783577803E+01
132  2.109875449096492E+06  472.818832  7.414697  4.713033  1.1559874E-01  8.8439106E-01  1.1713724E-07  3.1858613E-08  6.0415557E-06  6.0209761E-08  9.7107985E-11  4.9261385E-12  3.3507096E-09  1.1447303E-10  2.331E-11  0.8740  4.919343   -4.362  1.964651  8.380702  0.0000000E+00  9.9967656E-01  3.0970923E-04  1.2968761E-09  1.5671839E-06  2.0137929E-06  3.4150971E-10  2.0263669E-06  3.5778375E-18  3.4932522E-06  2.320E-15  7.369E-06  6.626E-05  9.978E-01  1.035E+00  1.56E+03  5.63E+02  1.27E+02  0.121231  0.942405  0.0000000E+00  1.1783481336E+01
133  2.109883188218114E+06  472.818495  7.414715  4.712893  1.1559687E-01  8.8439287E-01  1.1713717E-07  3.1858618E-08  6.0415490E-06  6.0209054E-08  9.7107956E-11  4.9260080E-12  3.3506202E-09  1.1447001E-10  2.330E-11  0.8752  4.919177   -4.362  1.965444  8.380966  0.0000000E+00  9.9963926E-01  3.4682864E-04  9.0848180E-10  1.3640378E-06  2.1074063E-06  3.3564627E-10  2.0339849E-06  7.1596195E-20  3.8077226E-06  2.182E-15  7.391E-06  6.634E-05  9.978E-01  1.035E+00  1.56E+03  5.62E+02  1.27E+02  0.121748  0.942445  0.0000000E+00  1.1783384364E+01
134  2.109890927339735E+06  472.818159  7.414734  4.712758  1.1559527E-01  8.8439446E-01  1.1713712E-07  3.1858622E-08  6.0415432E-06  6.0208439E-08  9.7107931E-11  4.9258947E-12  3.3505427E-09  1.1446739E-10  2.330E-11  0.8760  4.919014   -4.362  1.966220  8.381224  0.0000000E+00  9.9960153E-01  3.8440797E-04  6.5693732E-10  1.1946749E-06  2.1855467E-06  3.2994366E-10  2.0198401E-06  1.1775541E-19  4.0942874E-06  2.082E-15  7.410E-06  6.642E-05  9.978E-01  1.035E+00  1.56E+03  5.62E+02  1.27E+02  0.122200  0.942484  0.0000000E+00  1.1783286927E+01
135  2.109898666461356E+06  472.817822  7.414752  4.712626  1.1559393E-01  8.8439586E-01  1.1713707E-07  3.1858626E-08  6.0415383E-06  6.0207916E-08  9.7107909E-11  4.9257983E-12  3.3504767E-09  1.1446517E-10  2.330E-11  0.8757  4.918853   -4.362  1.966979  8.381477  0.0000000E+00  9.9956334E-01  4.2242540E-04  4.9043704E-10  1.0528688E-06  2.2561975E-06  3.2439512E-10  1.9897976E-06  1.1228497E-19  4.3560749E-06  2.009E-15  7.425E-06  6.649E-05  9.978E-01  1.036E+00  1.56E+03  5.62E+02  1.28E+02  0.122585  0.942522  0.0000000E+00  1.1783189129E+01
136  2.109906405582977E+06  472.817485  7.414770  4.712500  1.1559271E-01  8.8439709E-01  1.1713702E-07  3.1858629E-08  6.0415339E-06  6.0207452E-08  9.7107890E-11  4.9257127E-12  3.3504179E-09  1.1446319E-10  2.330E-11  0.8759  4.918697   -4.362  1.967714  8.381721  0.0000000E+00  9.9952424E-01  4.6137141E-04  3.6599689E-10  9.3148043E-07  2.3162407E-06  3.1886870E-10  1.9462958E-06  1.5966569E-19  4.6014117E-06  1.959E-15  7.436E-06  6.657E-05  9.977E-01  1.036E+00  1.56E+03  5.61E+02  1.28E+02  0.122888  0.942560  0.0000000E+00  1.1783090799E+01
137  2.109914144704599E+06  472.817149  7.414787  4.712378  1.1559156E-01  8.8439822E-01  1.1713698E-07  3.1858632E-08  6.0415298E-06  6.0207022E-08  9.7107873E-11  4.9256335E-12  3.3503637E-09  1.1446136E-10  2.330E-11  0.8761  4.918544   -4.362  1.968436  8.381961  0.0000000E+00  9.9948493E-01  5.0054572E-04  2.6951649E-10  8.2006235E-07  2.3731861E-06  3.1338535E-10  1.8974158E-06  1.2772526E-12  4.8374033E-06  1.918E-15  7.444E-06  6.664E-05  9.977E-01  1.036E+00  1.56E+03  5.61E+02  1.28E+02  0.123162  0.942597  0.0000000E+00  1.1782992258E+01
138  2.109921883826220E+06  472.816812  7.414803  4.712263  1.1559054E-01  8.8439917E-01  1.1713694E-07  3.1858634E-08  6.0415263E-06  6.0206651E-08  9.7107858E-11  4.9255652E-12  3.3503169E-09  1.1445978E-10  2.330E-11  0.8763  4.918396   -4.361  1.969140  8.382195  0.0000000E+00  9.9944540E-01  5.3997476E-04  2.1981209E-10  7.2414610E-07  2.4262420E-06  3.0798335E-10  1.8407054E-06  5.1090097E-12  5.0582807E-06  1.889E-15  7.450E-06  6.671E-05  9.977E-01  1.037E+00  1.56E+03  5.60E+02  1.29E+02  0.123397  0.942633  0.0000000E+00  1.1782893409E+01
139  2.109929622947842E+06  472.816476  7.414819  4.712152  1.1558962E-01  8.8440008E-01  1.1713691E-07  3.1858637E-08  6.0415231E-06  6.0206302E-08  9.7107843E-11  4.9255009E-12  3.3502728E-09  1.1445829E-10  2.330E-11  0.8765  4.918250   -4.361  1.969820  8.382421  0.0000000E+00  9.9940500E-01  5.8023653E-04  1.6882168E-10  6.3942567E-07  2.4810491E-06  3.0259646E-10  1.7790503E-06  1.0101691E-11  5.2674959E-06  1.866E-15  7.456E-06  6.678E-05  9.977E-01  1.037E+00  1.56E+03  5.60E+02  1.29E+02  0.123618  0.942668  0.0000000E+00  1.1782794274E+01
140  2.109937362069463E+06  472.816139  7.414835  4.712042  1.1558875E-01  8.8440096E-01  1.1713688E-07  3.1858639E-08  6.0415200E-06  6.0205969E-08  9.7107830E-11  4.9254396E-12  3.3502308E-09  1.1445687E-10  2.330E-11  0.8768  4.918104   -4.361  1.970488  8.382643  0.0000000E+00  9.9936429E-01  6.2080704E-04  1.2577599E-10  5.6144682E-07  2.5367205E-06  2.9724155E-10  1.7149292E-06  1.5459694E-11  5.4690727E-06  1.847E-15  7.461E-06  6.685E-05  9.977E-01  1.037E+00  1.56E+03  5.60E+02  1.29E+02  0.123827  0.942703  0.0000000E+00  1.1782694980E+01
141  2.109945101191085E+06  472.815802  7.414851  4.711930  1.1558799E-01  8.8440179E-01  1.1713685E-07  3.1858641E-08  6.0415171E-06  6.0205675E-08  9.7107818E-11  4.9253853E-12  3.3501936E-09  1.1445562E-10  2.330E-11  0.8776  4.917953   -4.361  1.971134  8.382859  0.0000000E+00  9.9932342E-01  6.6159285E-04  1.1692594E-10  4.9698451E-07  2.5937257E-06  2.9199868E-10  1.6469355E-06  2.0850970E-11  5.6540444E-06  1.831E-15  7.463E-06  6.692E-05  9.977E-01  1.037E+00  1.56E+03  5.59E+02  1.29E+02  0.123996  0.942738  0.0000000E+00  1.1782595397E+01
142  2.109952840312706E+06  472.815465  7.414867  4.711819  1.1558674E-01  8.8440306E-01  1.1713680E-07  3.1858645E-08  6.0415127E-06  6.0205199E-08  9.7107799E-11  4.9252977E-12  3.3501336E-09  1.1445359E-10  2.330E-11  0.8779  4.917803   -4.361  1.971762  8.383067  0.0000000E+00  9.9928188E-01  7.0304795E-04  9.7418529E-11  4.3837588E-07  2.6540632E-06  2.8677246E-10  1.5781212E-06  2.6208636E-11  5.8307991E-06  1.817E-15  7.465E-06  6.698E-05  9.977E-01  1.037E+00  1.56E+03  5.59E+02  1.29E+02  0.124161  0.942773  0.0000000E+00  1.1782495621E+01
143  2.109960579434327E+06  472.815128  7.414884  4.711708  1.1558517E-01  8.8440463E-01  1.1713675E-07  3.1858649E-08  6.0415070E-06  6.0204602E-08  9.7107775E-11  4.9251876E-12  3.3500582E-09  1.1445105E-10  2.330E-11  0.8780  4.917652   -4.361  1.972378  8.383272  0.0000000E+00  9.9923989E-01  7.4494350E-04  7.2092343E-11  3.8381623E-07  2.7166313E-06  2.8156069E-10  1.5087972E-06  3.1542052E-11  6.0017979E-06  1.804E-15  7.467E-06  6.704E-05  9.977E-01  1.037E+00  1.56E+03  5.59E+02  1.29E+02  0.124323  0.942807  0.0000000E+00  1.1782395713E+01
144  2.109968318555949E+06  472.814791  7.414901  4.711597  1.1558301E-01  8.8440679E-01  1.1713667E-07  3.1858655E-08  6.0414993E-06  6.0203772E-08  9.7107741E-11  4.9250346E-12  3.3499535E-09  1.1444751E-10  2.330E-11  0.8778  4.917498   -4.361  1.972967  8.383468  0.0000000E+00  9.9919718E-01  7.8752802E-04  5.4910637E-11  3.3843007E-07  2.7832326E-06  2.7642192E-10  1.4391129E-06  3.6806769E-11  6.1587669E-06  1.794E-15  7.467E-06  6.710E-05  9.977E-01  1.038E+00  1.56E+03  5.58E+02  1.29E+02  0.124457  0.942841  0.0000000E+00  1.1782295526E+01
145  2.109976057677570E+06  472.814454  7.414917  4.711486  1.1558078E-01  8.8440902E-01  1.1713659E-07  3.1858661E-08  6.0414913E-06  6.0202924E-08  9.7107707E-11  4.9248782E-12  3.3498464E-09  1.1444390E-10  2.330E-11  0.8778  4.917343   -4.361  1.973544  8.383660  0.0000000E+00  9.9915443E-01  8.3016462E-04  5.1332018E-11  2.9819751E-07  2.8511852E-06  2.7135888E-10  1.3698463E-06  4.2014858E-11  6.3070864E-06  1.783E-15  7.467E-06  6.716E-05  9.977E-01  1.038E+00  1.56E+03  5.58E+02  1.29E+02  0.124594  0.942876  0.0000000E+00  1.1782195212E+01
146  2.109983796799192E+06  472.814116  7.414933  4.711376  1.1557848E-01  8.8441132E-01  1.1713650E-07  3.1858667E-08  6.0414830E-06  6.0202056E-08  9.7107672E-11  4.9247183E-12  3.3497369E-09  1.1444020E-10  2.330E-11  0.8779  4.917189   -4.361  1.974108  8.383846  0.0000000E+00  9.9911166E-01  8.7285538E-04  6.1900613E-11  2.6332469E-07  2.9205433E-06  2.6637459E-10  1.3010141E-06  4.7164053E-11  6.4464102E-06  1.773E-15  7.468E-06  6.722E-05  9.977E-01  1.038E+00  1.55E+03  5.57E+02  1.30E+02  0.124735  0.942909  0.0000000E+00  1.1782094765E+01
147  2.109991535920813E+06  472.813779  7.414948  4.711265  1.1557648E-01  8.8441332E-01  1.1713643E-07  3.1858673E-08  6.0414759E-06  6.0201297E-08  9.7107641E-11  4.9245784E-12  3.3496410E-09  1.1443697E-10  2.329E-11  0.8781  4.917034   -4.361  1.974645  8.384025  0.0000000E+00  9.9906776E-01  9.1660616E-04  4.9524398E-11  2.3216844E-07  2.9954908E-06  2.6141495E-10  1.2345282E-06  5.2262003E-11  6.5769930E-06  1.763E-15  7.466E-06  6.727E-05  9.977E-01  1.038E+00  1.55E+03  5.57E+02  1.30E+02  0.124849  0.942942  0.0000000E+00  1.1781994075E+01
148  2.109999275042435E+06  472.813442  7.414963  4.711154  1.1557455E-01  8.8441523E-01  1.1713636E-07  3.1858678E-08  6.0414690E-06  6.0200567E-08  9.7107612E-11  4.9244441E-12  3.3495489E-09  1.1443386E-10  2.329E-11  0.8781  4.916877   -4.361  1.975172  8.384201  0.0000000E+00  9.9902362E-01  9.6062640E-04  3.7663286E-11  2.0338100E-07  3.0724254E-06  2.5649464E-10  1.1692121E-06  5.7320798E-11  6.7024010E-06  1.753E-15  7.464E-06  6.733E-05  9.977E-01  1.038E+00  1.55E+03  5.57E+02  1.30E+02  0.124953  0.942974  0.0000000E+00  1.1781893284E+01
149  2.110007014164056E+06  472.813105  7.414979  4.711043  1.1557270E-01  8.8441702E-01  1.1713629E-07  3.1858683E-08  6.0414625E-06  6.0199877E-08  9.7107584E-11  4.9243168E-12  3.3494618E-09  1.1443092E-10  2.329E-11  0.8779  4.916718   -4.361  1.975683  8.384370  0.0000000E+00  9.9897918E-01  1.0049753E-03  3.0326566E-11  1.7835653E-07  3.1521309E-06  2.5164262E-10  1.1056744E-06  6.2315803E-11  6.8196860E-06  1.745E-15  7.461E-06  6.738E-05  9.977E-01  1.038E+00  1.55E+03  5.56E+02  1.30E+02  0.125043  0.943006  0.0000000E+00  1.1781792345E+01
150  2.110014753285677E+06  472.812767  7.414994  4.710933  1.1557099E-01  8.8441871E-01  1.1713623E-07  3.1858688E-08  6.0414565E-06  6.0199232E-08  9.7107558E-11  4.9241978E-12  3.3493803E-09  1.1442817E-10  2.329E-11  0.8783  4.916559   -4.360  1.976179  8.384535  0.0000000E+00  9.9893541E-01  1.0486321E-03  6.5907084E-11  1.5844643E-07  3.2264634E-06  2.4676550E-10  1.0391311E-06  6.7396654E-11  6.9325323E-06  1.734E-15  7.457E-06  6.743E-05  9.977E-01  1.038E+00  1.55E+03  5.56E+02  1.30E+02  0.125120  0.943038  0.0000000E+00  1.1781691292E+01
151  2.110022492407299E+06  472.812430  7.415009  4.710823  1.1556940E-01  8.8442030E-01  1.1713617E-07  3.1858692E-08  6.0414508E-06  6.0198625E-08  9.7107534E-11  4.9240860E-12  3.3493038E-09  1.1442558E-10  2.329E-11  0.8788  4.916398   -4.360  1.976657  8.384694  0.0000000E+00  9.9889085E-01  1.0930904E-03  7.5711290E-11  1.3856351E-07  3.3034767E-06  2.4183680E-10  9.7402099E-07  7.2503744E-11  7.0435669E-06  1.723E-15  7.453E-06  6.748E-05  9.977E-01  1.038E+00  1.55E+03  5.56E+02  1.30E+02  0.125189  0.943070  0.0000000E+00  1.1781590134E+01
152  2.110030231528920E+06  472.812092  7.415023  4.710713  1.1556795E-01  8.8442177E-01  1.1713612E-07  3.1858696E-08  6.0414455E-06  6.0198066E-08  9.7107512E-11  4.9239831E-12  3.3492333E-09  1.1442320E-10  2.329E-11  0.8795  4.916236   -4.360  1.977120  8.384848  0.0000000E+00  9.9884530E-01  1.1385530E-03  5.4350875E-11  1.1846546E-07  3.3851558E-06  2.3689276E-10  9.1179503E-07  7.7589845E-11  7.1514072E-06  1.711E-15  7.448E-06  6.752E-05  9.977E-01  1.038E+00  1.55E+03  5.55E+02  1.30E+02  0.125245  0.943102  0.0000000E+00  1.1781488874E+01
153  2.110037970650542E+06  472.811754  7.415037  4.710602  1.1556667E-01  8.8442313E-01  1.1713607E-07  3.1858699E-08  6.0414408E-06  6.0197572E-08  9.7107492E-11  4.9238919E-12  3.3491708E-09  1.1442110E-10  2.329E-11  0.8800  4.916073   -4.360  1.977573  8.384998  0.0000000E+00  9.9879940E-01  1.1843454E-03  3.9050340E-11  1.0110312E-07  3.4694611E-06  2.3201524E-10  8.5195172E-07  8.2612304E-11  7.2520082E-06  1.700E-15  7.441E-06  6.757E-05  9.977E-01  1.038E+00  1.55E+03  5.55E+02  1.30E+02  0.125275  0.943133  0.0000000E+00  1.1781387514E+01
154  2.110045709772163E+06  472.811416  7.415052  4.710496  1.1556532E-01  8.8442448E-01  1.1713602E-07  3.1858703E-08  6.0414360E-06  6.0197059E-08  9.7107471E-11  4.9237974E-12  3.3491060E-09  1.1441891E-10  2.329E-11  0.8801  4.915913   -4.360  1.978008  8.385143  0.0000000E+00  9.9875326E-01  1.2304067E-03  3.0937066E-11  8.6945833E-08  3.5569827E-06  2.2724264E-10  7.9555817E-07  8.7535576E-11  7.3433179E-06  1.691E-15  7.436E-06  6.762E-05  9.977E-01  1.038E+00  1.55E+03  5.54E+02  1.30E+02  0.125338  0.943162  0.0000000E+00  1.1781286063E+01
155  2.110053448893785E+06  472.811079  7.415066  4.710384  1.1556402E-01  8.8442571E-01  1.1713597E-07  3.1858706E-08  6.0414315E-06  6.0196575E-08  9.7107451E-11  4.9237084E-12  3.3490450E-09  1.1441685E-10  2.329E-11  0.8794  4.915746   -4.360  1.978427  8.385282  0.0000000E+00  9.9870657E-01  1.2769435E-03  2.3349733E-11  7.4510053E-08  3.6476586E-06  2.2252233E-10  7.4171508E-07  9.2408252E-11  7.4287782E-06  1.682E-15  7.430E-06  6.766E-05  9.977E-01  1.038E+00  1.55E+03  5.54E+02  1.30E+02  0.125386  0.943193  0.0000000E+00  1.1781184519E+01
156  2.110061188015406E+06  472.810742  7.415080  4.710270  1.1556283E-01  8.8442691E-01  1.1713593E-07  3.1858710E-08  6.0414272E-06  6.0196119E-08  9.7107433E-11  4.9236242E-12  3.3489874E-09  1.1441491E-10  2.329E-11  0.8792  4.915576   -4.360  1.978835  8.385418  0.0000000E+00  9.9865967E-01  1.3237316E-03  1.8297705E-11  6.3763311E-08  3.7410024E-06  2.1787499E-10  6.9052864E-07  9.7211182E-11  7.5083103E-06  1.674E-15  7.423E-06  6.770E-05  9.977E-01  1.038E+00  1.55E+03  5.54E+02  1.30E+02  0.125419  0.943223  0.0000000E+00  1.1781082885E+01
157  2.110068927137027E+06  472.810404  7.415094  4.710156  1.1556172E-01  8.8442806E-01  1.1713589E-07  3.1858713E-08  6.0414231E-06  6.0195688E-08  9.7107416E-11  4.9235448E-12  3.3489330E-09  1.1441307E-10  2.329E-11  0.8795  4.915405   -4.360  1.979230  8.385549  0.0000000E+00  9.9861257E-01  1.3707601E-03  1.5225993E-11  5.4522586E-08  3.8370366E-06  2.1330147E-10  6.4199890E-07  1.0194367E-10  7.5822023E-06  1.667E-15  7.416E-06  6.774E-05  9.977E-01  1.039E+00  1.55E+03  5.54E+02  1.30E+02  0.125438  0.943254  0.0000000E+00  1.1780981170E+01
158  2.110076666258649E+06  472.810066  7.415108  4.710043  1.1556060E-01  8.8442910E-01  1.1713585E-07  3.1858716E-08  6.0414193E-06  6.0195282E-08  9.7107399E-11  4.9234700E-12  3.3488818E-09  1.1441134E-10  2.329E-11  0.8797  4.915233   -4.360  1.979610  8.385675  0.0000000E+00  9.9856500E-01  1.4181966E-03  1.1271883E-11  4.6425555E-08  3.9361639E-06  2.0878383E-10  5.9597365E-07  1.0662255E-10  7.6512110E-06  1.659E-15  7.407E-06  6.778E-05  9.977E-01  1.039E+00  1.55E+03  5.53E+02  1.30E+02  0.125442  0.943283  0.0000000E+00  1.1780879388E+01
159  2.110084405380270E+06  472.809728  7.415122  4.709931  1.1555972E-01  8.8443006E-01  1.1713582E-07  3.1858718E-08  6.0414159E-06  6.0194926E-08  9.7107385E-11  4.9234043E-12  3.3488368E-09  1.1440983E-10  2.329E-11  0.8795  4.915062   -4.360  1.979978  8.385797  0.0000000E+00  9.9851814E-01  1.4649536E-03  4.7025822E-11  4.2634407E-08  4.0366465E-06  2.0447530E-10  5.5351136E-07  1.1113570E-10  7.7090386E-06  1.650E-15  7.397E-06  6.782E-05  9.977E-01  1.039E+00  1.55E+03  5.53E+02  1.30E+02  0.125412  0.943313  0.0000000E+00  1.1780777539E+01
160  2.110092144501891E+06  472.809390  7.415135  4.709823  1.1555873E-01  8.8443107E-01  1.1713578E-07  3.1858721E-08  6.0414123E-06  6.0194546E-08  9.7107370E-11  4.9233344E-12  3.3487889E-09  1.1440821E-10  2.329E-11  0.8802  4.914893   -4.360  1.980330  8.385914  0.0000000E+00  9.9847022E-01  1.5127356E-03  4.5590369E-11  3.7205337E-08  4.1420052E-06  2.0014839E-10  5.1361266E-07  1.1564194E-10  7.7663002E-06  1.640E-15  7.388E-06  6.785E-05  9.977E-01  1.039E+00  1.55E+03  5.52E+02  1.30E+02  0.125418  0.943342  0.0000000E+00  1.1780675671E+01
161  2.110099883623513E+06  472.809052  7.415149  4.709712  1.1555769E-01  8.8443207E-01  1.1713574E-07  3.1858724E-08  6.0414087E-06  6.0194162E-08  9.7107355E-11  4.9232635E-12  3.3487404E-09  1.1440657E-10  2.329E-11  0.8797  4.914720   -4.360  1.980671  8.386028  0.0000000E+00  9.9842173E-01  1.5610811E-03  3.3694641E-11  3.1733894E-08  4.2509952E-06  1.9585649E-10  4.7603351E-07  1.2010693E-10  7.8207769E-06  1.631E-15  7.380E-06  6.789E-05  9.977E-01  1.039E+00  1.55E+03  5.52E+02  1.30E+02  0.125430  0.943371  0.0000000E+00  1.1780573758E+01
162  2.110107622745134E+06  472.808715  7.415162  4.709596  1.1555667E-01  8.8443303E-01  1.1713571E-07  3.1858727E-08  6.0414052E-06  6.0193783E-08  9.7107339E-11  4.9231938E-12  3.3486926E-09  1.1440496E-10  2.329E-11  0.8777  4.914541   -4.360  1.981003  8.386138  0.0000000E+00  9.9837294E-01  1.6097632E-03  2.4743190E-11  2.6927945E-08  4.3622047E-06  1.9159838E-10  4.4016239E-07  1.2454055E-10  7.8720992E-06  1.622E-15  7.370E-06  6.792E-05  9.977E-01  1.039E+00  1.55E+03  5.52E+02  1.30E+02  0.125431  0.943401  0.0000000E+00  1.1780471793E+01
163  2.110115361866756E+06  472.808377  7.415175  4.709480  1.1555570E-01  8.8443401E-01  1.1713568E-07  3.1858729E-08  6.0414016E-06  6.0193413E-08  9.7107324E-11  4.9231255E-12  3.3486459E-09  1.1440338E-10  2.329E-11  0.8767  4.914362   -4.360  1.981323  8.386244  0.0000000E+00  9.9832397E-01  1.6586324E-03  2.1966528E-11  2.2966280E-08  4.4738497E-06  1.8734149E-10  4.0533837E-07  1.2897737E-10  7.9207898E-06  1.613E-15  7.360E-06  6.795E-05  9.977E-01  1.039E+00  1.54E+03  5.51E+02  1.29E+02  0.125416  0.943430  0.0000000E+00  1.1780369777E+01
164  2.110123100988377E+06  472.808039  7.415189  4.709365  1.1555472E-01  8.8443508E-01  1.1713564E-07  3.1858732E-08  6.0413981E-06  6.0193038E-08  9.7107309E-11  4.9230563E-12  3.3485985E-09  1.1440178E-10  2.329E-11  0.8817  4.914182   -4.360  1.981634  8.386347  0.0000000E+00  9.9827652E-01  1.7059233E-03  5.5102723E-11  2.2654013E-08  4.5842903E-06  1.8334601E-10  3.7365330E-07  1.3319229E-10  7.9598642E-06  1.604E-15  7.349E-06  6.799E-05  9.977E-01  1.039E+00  1.54E+03  5.51E+02  1.29E+02  0.125392  0.943458  0.0000000E+00  1.1780267723E+01
165  2.110130840109998E+06  472.807702  7.415202  4.709252  1.1555384E-01  8.8443596E-01  1.1713561E-07  3.1858734E-08  6.0413949E-06  6.0192695E-08  9.7107295E-11  4.9229933E-12  3.3485553E-09  1.1440032E-10  2.328E-11  0.8783  4.914005   -4.360  1.981925  8.386443  0.0000000E+00  9.9822698E-01  1.7553267E-03  4.1207633E-11  1.9167858E-08  4.7027577E-06  1.7924508E-10  3.4416965E-07  1.3747754E-10  8.0012337E-06  1.594E-15  7.342E-06  6.802E-05  9.977E-01  1.039E+00  1.54E+03  5.50E+02  1.29E+02  0.125417  0.943486  0.0000000E+00  1.1780165638E+01
166  2.110138579231620E+06  472.807364  7.415215  4.709131  1.1555272E-01  8.8443708E-01  1.1713556E-07  3.1858737E-08  6.0413909E-06  6.0192268E-08  9.7107278E-11  4.9229145E-12  3.3485013E-09  1.1439850E-10  2.328E-11  0.8777  4.913820   -4.360  1.982211  8.386538  0.0000000E+00  9.9817717E-01  1.8050115E-03  3.0186714E-11  1.6133736E-08  4.8243410E-06  1.7521448E-10  3.1669661E-07  1.4169517E-10  8.0394169E-06  1.584E-15  7.332E-06  6.804E-05  9.977E-01  1.039E+00  1.54E+03  5.50E+02  1.29E+02  0.125408  0.943514  0.0000000E+00  1.1780063485E+01
167  2.110146318353241E+06  472.807025  7.415228  4.709011  1.1555113E-01  8.8443867E-01  1.1713551E-07  3.1858741E-08  6.0413852E-06  6.0191668E-08  9.7107254E-11  4.9228039E-12  3.3484256E-09  1.1439595E-10  2.328E-11  0.8787  4.913632   -4.360  1.982487  8.386630  0.0000000E+00  9.9812733E-01  1.8547394E-03  2.2237234E-11  1.3574874E-08  4.9485029E-06  1.7127317E-10  2.9123908E-07  1.4582656E-10  8.0743719E-06  1.576E-15  7.321E-06  6.807E-05  9.977E-01  1.039E+00  1.54E+03  5.50E+02  1.29E+02  0.125388  0.943543  0.0000000E+00  1.1779961279E+01
168  2.110154057474863E+06  472.806688  7.415242  4.708891  1.1554915E-01  8.8444065E-01  1.1713543E-07  3.1858747E-08  6.0413782E-06  6.0190922E-08  9.7107224E-11  4.9226666E-12  3.3483315E-09  1.1439277E-10  2.328E-11  0.8806  4.913445   -4.360  1.982754  8.386719  0.0000000E+00  9.9807748E-01  1.9044505E-03  1.8910981E-11  1.1591307E-08  5.0751273E-06  1.6742534E-10  2.6768213E-07  1.4986915E-10  8.1060816E-06  1.568E-15  7.312E-06  6.810E-05  9.977E-01  1.039E+00  1.54E+03  5.49E+02  1.29E+02  0.125405  0.943572  0.0000000E+00  1.1779859036E+01
169  2.110161796596484E+06  472.806350  7.415255  4.708768  1.1554698E-01  8.8444282E-01  1.1713535E-07  3.1858753E-08  6.0413704E-06  6.0190094E-08  9.7107191E-11  4.9225140E-12  3.3482270E-09  1.1438925E-10  2.328E-11  0.8815  4.913255   -4.360  1.983010  8.386803  0.0000000E+00  9.9802734E-01  1.9544470E-03  1.6408944E-11  9.9002889E-09  5.2050209E-06  1.6364420E-10  2.4581255E-07  1.5384916E-10  8.1352514E-06  1.560E-15  7.303E-06  6.812E-05  9.977E-01  1.039E+00  1.54E+03  5.49E+02  1.29E+02  0.125417  0.943600  0.0000000E+00  1.1779756729E+01
170  2.110169535718106E+06  472.806012  7.415269  4.708644  1.1554474E-01  8.8444503E-01  1.1713527E-07  3.1858759E-08  6.0413624E-06  6.0189241E-08  9.7107157E-11  4.9223568E-12  3.3481193E-09  1.1438561E-10  2.328E-11  0.8805  4.913065   -4.360  1.983256  8.386885  0.0000000E+00  9.9797673E-01  2.0049301E-03  1.2281903E-11  8.2992596E-09  5.3387426E-06  1.5991219E-10  2.2546403E-07  1.5778362E-10  8.1624032E-06  1.553E-15  7.292E-06  6.815E-05  9.977E-01  1.039E+00  1.54E+03  5.49E+02  1.29E+02  0.125407  0.943627  0.0000000E+00  1.1779654352E+01
171  2.110177274839727E+06  472.805673  7.415282  4.708525  1.1554249E-01  8.8444723E-01  1.1713519E-07  3.1858765E-08  6.0413545E-06  6.0188405E-08  9.7107124E-11  4.9222027E-12  3.3480137E-09  1.1438205E-10  2.328E-11  0.8791  4.912878   -4.360  1.983496  8.386964  0.0000000E+00  9.9792585E-01  2.0556625E-03  9.3218843E-12  6.9474234E-09  5.4757169E-06  1.5624847E-10  2.0661151E-07  1.6165416E-10  8.1873183E-06  1.546E-15  7.284E-06  6.818E-05  9.977E-01  1.039E+00  1.54E+03  5.48E+02  1.29E+02  0.125422  0.943655  0.0000000E+00  1.1779551934E+01
172  2.110185013961348E+06  472.805335  7.415295  4.708402  1.1554046E-01  8.8444934E-01  1.1713511E-07  3.1858770E-08  6.0413469E-06  6.0187609E-08  9.7107092E-11  4.9220559E-12  3.3479132E-09  1.1437865E-10  2.328E-11  0.8804  4.912688   -4.360  1.983728  8.387041  0.0000000E+00  9.9787521E-01  2.1061934E-03  1.2093263E-11  6.0369821E-09  5.6148282E-06  1.5268679E-10  1.8931453E-07  1.6542777E-10  8.2096228E-06  1.538E-15  7.273E-06  6.820E-05  9.977E-01  1.039E+00  1.54E+03  5.48E+02  1.29E+02  0.125399  0.943682  0.0000000E+00  1.1779449453E+01
173  2.110192753082970E+06  472.804997  7.415307  4.708283  1.1553842E-01  8.8445129E-01  1.1713504E-07  3.1858776E-08  6.0413398E-06  6.0186852E-08  9.7107062E-11  4.9219164E-12  3.3478176E-09  1.1437543E-10  2.328E-11  0.8825  4.912500   -4.360  1.983949  8.387115  0.0000000E+00  9.9782571E-01  2.1555146E-03  7.7891941E-11  8.1634398E-09  5.7543346E-06  1.4933119E-10  1.7376489E-07  1.6902641E-10  8.2249853E-06  1.527E-15  7.261E-06  6.822E-05  9.977E-01  1.039E+00  1.54E+03  5.47E+02  1.29E+02  0.125356  0.943708  0.0000000E+00  1.1779346933E+01
174  2.110200492204591E+06  472.804659  7.415320  4.708168  1.1553663E-01  8.8445315E-01  1.1713498E-07  3.1858781E-08  6.0413333E-06  6.0186166E-08  9.7107034E-11  4.9217901E-12  3.3477312E-09  1.1437251E-10  2.328E-11  0.8819  4.912317   -4.360  1.984157  8.387183  0.0000000E+00  9.9777463E-01  2.2064922E-03  6.3207493E-11  7.1617229E-09  5.9009598E-06  1.4591218E-10  1.5948268E-07  1.7266882E-10  8.2437098E-06  1.516E-15  7.252E-06  6.825E-05  9.977E-01  1.039E+00  1.54E+03  5.47E+02  1.29E+02  0.125359  0.943734  0.0000000E+00  1.1779244399E+01
175  2.110208231326213E+06  472.804321  7.415332  4.708047  1.1553457E-01  8.8445515E-01  1.1713491E-07  3.1858786E-08  6.0413261E-06  6.0185391E-08  9.7107003E-11  4.9216473E-12  3.3476333E-09  1.1436921E-10  2.328E-11  0.8788  4.912128   -4.360  1.984359  8.387251  0.0000000E+00  9.9772302E-01  2.2579556E-03  4.7077660E-11  6.0267112E-09  6.0514576E-06  1.4253710E-10  1.4621782E-07  1.7627011E-10  8.2613877E-06  1.505E-15  7.242E-06  6.826E-05  9.977E-01  1.039E+00  1.54E+03  5.47E+02  1.29E+02  0.125363  0.943760  0.0000000E+00  1.1779141819E+01
176  2.110215970447834E+06  472.803983  7.415344  4.707923  1.1553239E-01  8.8445731E-01  1.1713483E-07  3.1858792E-08  6.0413183E-06  6.0184565E-08  9.7106970E-11  4.9214950E-12  3.3475290E-09  1.1436569E-10  2.328E-11  0.8807  4.911934   -4.360  1.984557  8.387316  0.0000000E+00  9.9767150E-01  2.3092950E-03  3.6036289E-11  5.1371004E-09  6.2041401E-06  1.3924936E-10  1.3399925E-07  1.7978770E-10  8.2773906E-06  1.496E-15  7.232E-06  6.828E-05  9.977E-01  1.039E+00  1.54E+03  5.46E+02  1.29E+02  0.125359  0.943786  0.0000000E+00  1.1779039177E+01
177  2.110223709569456E+06  472.803645  7.415357  4.707800  1.1553027E-01  8.8445948E-01  1.1713475E-07  3.1858798E-08  6.0413106E-06  6.0183751E-08  9.7106938E-11  4.9213450E-12  3.3474263E-09  1.1436222E-10  2.328E-11  0.8827  4.911743   -4.360  1.984748  8.387379  0.0000000E+00  9.9762079E-01  2.3598510E-03  4.4784208E-11  6.0808314E-09  6.3575558E-06  1.3611234E-10  1.2293644E-07  1.8317314E-10  8.2890819E-06  1.488E-15  7.223E-06  6.830E-05  9.977E-01  1.039E+00  1.54E+03  5.46E+02  1.29E+02  0.125360  0.943813  0.0000000E+00  1.1778936480E+01
178  2.110231448691077E+06  472.803307  7.415370  4.707685  1.1552827E-01  8.8446149E-01  1.1713468E-07  3.1858803E-08  6.0413034E-06  6.0182993E-08  9.7106908E-11  4.9212053E-12  3.3473306E-09  1.1435899E-10  2.327E-11  0.8830  4.911563   -4.360  1.984929  8.387439  0.0000000E+00  9.9756989E-01  2.4106008E-03  5.2546554E-11  6.9778042E-09  6.5143183E-06  1.3303778E-10  1.1287771E-07  1.8650192E-10  8.2996057E-06  1.479E-15  7.213E-06  6.832E-05  9.977E-01  1.039E+00  1.53E+03  5.46E+02  1.29E+02  0.125350  0.943839  0.0000000E+00  1.1778833732E+01
179  2.110239187812699E+06  472.802969  7.415383  4.707579  1.1552643E-01  8.8446329E-01  1.1713461E-07  3.1858808E-08  6.0412970E-06  6.0182306E-08  9.7106880E-11  4.9210788E-12  3.3472440E-09  1.1435606E-10  2.327E-11  0.8831  4.911397   -4.359  1.985101  8.387496  0.0000000E+00  9.9751789E-01  2.4624164E-03  4.0514538E-11  5.9661781E-09  6.6765733E-06  1.2994314E-10  1.0356959E-07  1.8984125E-10  8.3122052E-06  1.469E-15  7.202E-06  6.834E-05  9.977E-01  1.039E+00  1.53E+03  5.45E+02  1.28E+02  0.125308  0.943866  0.0000000E+00  1.1778730950E+01
180  2.110246926934320E+06  472.802630  7.415395  4.707478  1.1552485E-01  8.8446495E-01  1.1713455E-07  3.1858813E-08  6.0412911E-06  6.0181687E-08  9.7106855E-11  4.9209648E-12  3.3471659E-09  1.1435343E-10  2.327E-11  0.8824  4.911233   -4.359  1.985271  8.387552  0.0000000E+00  9.9746577E-01  2.5143926E-03  3.1444944E-11  5.0900502E-09  6.8419398E-06  1.2691124E-10  9.4936739E-08  1.9312242E-10  8.3237562E-06  1.461E-15  7.190E-06  6.835E-05  9.977E-01  1.039E+00  1.53E+03  5.45E+02  1.28E+02  0.125248  0.943891  0.0000000E+00  1.1778628174E+01
181  2.110254666055941E+06  472.802292  7.415406  4.707377  1.1552335E-01  8.8446645E-01  1.1713450E-07  3.1858817E-08  6.0412858E-06  6.0181119E-08  9.7106833E-11  4.9208603E-12  3.3470943E-09  1.1435102E-10  2.327E-11  0.8821  4.911070   -4.359  1.985435  8.387607  0.0000000E+00  9.9741335E-01  2.5665851E-03  2.3705637E-11  4.2519019E-09  7.0106321E-06  1.2393657E-10  8.6938404E-08  1.9635074E-10  8.3344618E-06  1.453E-15  7.179E-06  6.837E-05  9.977E-01  1.039E+00  1.53E+03  5.45E+02  1.28E+02  0.125194  0.943916  0.0000000E+00  1.1778525410E+01
182  2.110262405177562E+06  472.801954  7.415419  4.707275  1.1552184E-01  8.8446787E-01  1.1713445E-07  3.1858821E-08  6.0412806E-06  6.0180564E-08  9.7106810E-11  4.9207579E-12  3.3470242E-09  1.1434865E-10  2.327E-11  0.8830  4.910906   -4.359  1.985591  8.387658  0.0000000E+00  9.9736103E-01  2.6187574E-03  2.2196642E-11  3.7212475E-09  7.1822865E-06  1.2104307E-10  7.9603384E-08  1.9950411E-10  8.3438630E-06  1.446E-15  7.165E-06  6.839E-05  9.977E-01  1.039E+00  1.53E+03  5.44E+02  1.28E+02  0.125108  0.943942  0.0000000E+00  1.1778422649E+01
183  2.110270144299184E+06  472.801616  7.415430  4.707175  1.1552010E-01  8.8446968E-01  1.1713438E-07  3.1858826E-08  6.0412742E-06  6.0179884E-08  9.7106783E-11  4.9206326E-12  3.3469384E-09  1.1434575E-10  2.327E-11  0.8799  4.910743   -4.359  1.985741  8.387708  0.0000000E+00  9.9730814E-01  2.6714667E-03  1.7351476E-11  3.1209189E-09  7.3585399E-06  1.1818837E-10  7.2805799E-08  2.0262465E-10  8.3527045E-06  1.438E-15  7.156E-06  6.841E-05  9.977E-01  1.039E+00  1.53E+03  5.44E+02  1.28E+02  0.125085  0.943966  0.0000000E+00  1.1778319915E+01
184  2.110277883420805E+06  472.801277  7.415442  4.707072  1.1551784E-01  8.8447196E-01  1.1713430E-07  3.1858832E-08  6.0412661E-06  6.0179030E-08  9.7106750E-11  4.9204752E-12  3.3468305E-09  1.1434211E-10  2.327E-11  0.8816  4.910578   -4.359  1.985885  8.387755  0.0000000E+00  9.9725553E-01  2.7239097E-03  1.3439701E-11  2.6041765E-09  7.5366413E-06  1.1541468E-10  6.6566201E-08  2.0566729E-10  8.3607269E-06  1.430E-15  7.148E-06  6.842E-05  9.977E-01  1.039E+00  1.53E+03  5.44E+02  1.28E+02  0.125096  0.943991  0.0000000E+00  1.1778217159E+01
185  2.110285622542427E+06  472.800939  7.415455  4.706962  1.1551448E-01  8.8447532E-01  1.1713418E-07  3.1858841E-08  6.0412541E-06  6.0177757E-08  9.7106699E-11  4.9202407E-12  3.3466699E-09  1.1433669E-10  2.327E-11  0.8803  4.910408   -4.359  1.986026  8.387802  0.0000000E+00  9.9720251E-01  2.7767362E-03  1.0497057E-11  2.1653095E-09  7.7188211E-06  1.1268662E-10  6.0772420E-08  2.0867099E-10  8.3680713E-06  1.424E-15  7.142E-06  6.843E-05  9.977E-01  1.039E+00  1.53E+03  5.43E+02  1.28E+02  0.125137  0.944016  0.0000000E+00  1.1778114347E+01
186  2.110293361664048E+06  472.800600  7.415468  4.706846  1.1550990E-01  8.8447990E-01  1.1713401E-07  3.1858853E-08  6.0412376E-06  6.0176011E-08  9.7106629E-11  4.9199190E-12  3.3464496E-09  1.1432926E-10  2.327E-11  0.8812  4.910231   -4.359  1.986162  8.387847  0.0000000E+00  9.9715173E-01  2.8273454E-03  6.3351425E-11  5.0320338E-09  7.8983048E-06  1.1020339E-10  5.5904378E-08  2.1145934E-10  8.3690718E-06  1.416E-15  7.136E-06  6.844E-05  9.977E-01  1.039E+00  1.53E+03  5.43E+02  1.28E+02  0.125190  0.944042  0.0000000E+00  1.1778011447E+01
187  2.110301100785669E+06  472.800262  7.415482  4.706727  1.1550460E-01  8.8448520E-01  1.1713381E-07  3.1858868E-08  6.0412186E-06  6.0173997E-08  9.7106549E-11  4.9195477E-12  3.3461953E-09  1.1432067E-10  2.327E-11  0.8827  4.910052   -4.359  1.986288  8.387888  0.0000000E+00  9.9710134E-01  2.8775601E-03  1.1499777E-10  8.1092390E-09  8.0800976E-06  1.0781222E-10  5.1820542E-08  2.1416602E-10  8.3687700E-06  1.404E-15  7.131E-06  6.845E-05  9.977E-01  1.039E+00  1.53E+03  5.43E+02  1.28E+02  0.125253  0.944068  0.0000000E+00  1.1777908442E+01
188  2.110308839907291E+06  472.799923  7.415495  4.706607  1.1549929E-01  8.8449051E-01  1.1713362E-07  3.1858882E-08  6.0411997E-06  6.0171987E-08  9.7106469E-11  4.9191774E-12  3.3459417E-09  1.1431211E-10  2.326E-11  0.8805  4.909873   -4.359  1.986404  8.387927  0.0000000E+00  9.9704802E-01  2.9306538E-03  8.5744792E-11  6.7757985E-09  8.2726807E-06  1.0525013E-10  4.7921117E-08  2.1702207E-10  8.3751720E-06  1.392E-15  7.126E-06  6.846E-05  9.977E-01  1.039E+00  1.53E+03  5.42E+02  1.28E+02  0.125324  0.944094  0.0000000E+00  1.1777805328E+01
189  2.110316579028912E+06  472.799585  7.415509  4.706488  1.1549425E-01  8.8449555E-01  1.1713345E-07  3.1858896E-08  6.0411817E-06  6.0170076E-08  9.7106393E-11  4.9188252E-12  3.3457004E-09  1.1430397E-10  2.326E-11  0.8843  4.909695   -4.359  1.986526  8.387967  0.0000000E+00  9.9699516E-01  2.9833566E-03  6.3510692E-11  5.6425894E-09  8.4659571E-06  1.0275877E-10  4.4212685E-08  2.1980907E-10  8.3810260E-06  1.382E-15  7.121E-06  6.848E-05  9.977E-01  1.039E+00  1.53E+03  5.42E+02  1.28E+02  0.125393  0.944119  0.0000000E+00  1.1777702116E+01
190  2.110324318150534E+06  472.799247  7.415521  4.706371  1.1548990E-01  8.8449990E-01  1.1713328E-07  3.1858908E-08  6.0411660E-06  6.0168414E-08  9.7106327E-11  4.9185192E-12  3.3454908E-09  1.1429690E-10  2.326E-11  0.8838  4.909519   -4.359  1.986641  8.388005  0.0000000E+00  9.9694180E-01  3.0365434E-03  4.9245350E-11  4.7329721E-09  8.6643421E-06  1.0032091E-10  4.0727839E-08  2.2255142E-10  8.3862455E-06  1.372E-15  7.115E-06  6.849E-05  9.977E-01  1.039E+00  1.53E+03  5.42E+02  1.28E+02  0.125436  0.944143  0.0000000E+00  1.1777598764E+01
191  2.110517631910068E+06  472.790782  7.415805  4.702916  1.1539287E-01  8.8459683E-01  1.1712977E-07  3.1859172E-08  6.0408188E-06  6.0131599E-08  9.7104870E-11  4.9117361E-12  3.3408448E-09  1.1414009E-10  2.322E-11  0.8835  4.904225   -4.358  1.988449  8.388598  0.0000000E+00  9.9559347E-01  4.3786439E-03  5.9315808E-10  2.0323234E-09  1.4808739E-05  5.4239899E-11  4.2535166E-09  2.7857403E-10  8.4206627E-06  6.683E-16  6.919E-06  6.867E-05  9.976E-01  1.040E+00  1.51E+03  5.32E+02  1.28E+02  0.126591  0.944696  0.0000000E+00  1.1774988031E+01
192  2.110707299592420E+06  472.782451  7.416056  4.699523  1.1531043E-01  8.8467937E-01  1.1712678E-07  3.1859399E-08  6.0405234E-06  6.0100288E-08  9.7103637E-11  4.9059677E-12  3.3368937E-09  1.1400674E-10  2.319E-11  0.8848  4.899037   -4.357  1.989226  8.388848  0.0000000E+00  9.9424515E-01  5.7189976E-03  6.2332986E-11  1.1666488E-11  2.2797250E-05  2.9198638E-11  7.3306495E-15  3.1812520E-10  8.4160480E-06  3.465E-16  6.742E-06  6.873E-05  9.976E-01  1.042E+00  1.49E+03  5.24E+02  1.27E+02  0.127902  0.945189  0.0000000E+00  1.1772348916E+01
193  2.110896618814126E+06  472.774126  7.416286  4.696317  1.1525605E-01  8.8473367E-01  1.1712481E-07  3.1859548E-08  6.0403289E-06  6.0079674E-08  9.7102834E-11  4.9021705E-12  3.3342929E-09  1.1391896E-10  2.317E-11  0.8832  4.893955   -4.357  1.989562  8.388952  0.0000000E+00  9.9289682E-01  7.0567722E-03  4.8055819E-09  1.8933267E-09  3.3339851E-05  1.5987844E-11  6.7794187E-10  3.5236689E-10  8.4015396E-06  1.339E-16  6.477E-06  6.875E-05  9.976E-01  1.042E+00  1.47E+03  5.15E+02  1.25E+02  0.127308  0.945660  0.0000000E+00  1.1769681970E+01
194  2.111086004910159E+06  472.765792  7.416501  4.692296  1.1520618E-01  8.8478359E-01  1.1712301E-07  3.1859686E-08  6.0401502E-06  6.0060757E-08  9.7102104E-11  4.8986862E-12  3.3319063E-09  1.1383841E-10  2.315E-11  0.8857  4.887475   -4.356  1.989764  8.389010  0.0000000E+00  9.9154850E-01  8.3918743E-03  1.7949751E-09  4.8570208E-10  4.6559408E-05  8.7981940E-12  4.3813646E-18  3.8896443E-10  8.3884016E-06  2.409E-17  6.137E-06  6.876E-05  9.976E-01  1.041E+00  1.45E+03  5.05E+02  1.22E+02  0.126203  0.946103  0.0000000E+00  1.1766995305E+01
195  2.111274272761177E+06  472.757501  7.416709  4.687761  1.1514949E-01  8.8484029E-01  1.1712097E-07  3.1859844E-08  6.0399470E-06  6.0039253E-08  9.7101280E-11  4.8947259E-12  3.3291938E-09  1.1374686E-10  2.313E-11  0.8860  4.880206   -4.356  1.990135  8.389126  0.0000000E+00  9.9020018E-01  9.7268097E-03  1.2872733E-11  5.5067145E-14  5.9963326E-05  4.7133745E-12  8.6614645E-17  4.2944466E-10  8.3815271E-06  1.700E-17  5.798E-06  6.878E-05  9.977E-01  1.041E+00  1.43E+03  4.95E+02  1.20E+02  0.125432  0.946522  0.0000000E+00  1.1764295842E+01
196  2.111464246016025E+06  472.749128  7.416912  4.683252  1.1507569E-01  8.8491411E-01  1.1711831E-07  3.1860050E-08  6.0396825E-06  6.0011269E-08  9.7100219E-11  4.8895731E-12  3.3256643E-09  1.1362774E-10  2.310E-11  0.8860  4.873074   -4.356  1.990155  8.389124  0.0000000E+00  9.8885185E-01  1.1056935E-02  5.6423472E-09  1.1469356E-09  7.8194062E-05  2.9572858E-12  4.7668783E-10  4.7911573E-10  8.3651599E-06  9.408E-18  5.509E-06  6.877E-05  9.977E-01  1.041E+00  1.40E+03  4.85E+02  1.17E+02  0.125241  0.946919  0.0000000E+00  1.1761536535E+01
197  2.111653659408491E+06  472.740772  7.417097  4.679019  1.1503153E-01  8.8495817E-01  1.1711672E-07  3.1860174E-08  6.0395243E-06  5.9994545E-08  9.7099589E-11  4.8864939E-12  3.3235552E-09  1.1355655E-10  2.308E-11  0.8869  4.866242   -4.355  1.990471  8.389221  0.0000000E+00  9.8750352E-01  1.2386198E-02  1.1770538E-10  1.2138512E-12  9.7192212E-05  1.6670877E-12  2.0580941E-15  5.3987315E-10  8.3551623E-06  4.530E-18  5.191E-06  6.879E-05  9.977E-01  1.041E+00  1.38E+03  4.76E+02  1.14E+02  0.123763  0.947304  0.0000000E+00  1.1758750238E+01
198  2.111844280529441E+06  472.732361  7.417287  4.673413  1.1496674E-01  8.8502299E-01  1.1711440E-07  3.1860356E-08  6.0392920E-06  5.9969995E-08  9.7098675E-11  4.8819743E-12  3.3204596E-09  1.1345207E-10  2.305E-11  0.8886  4.857299   -4.355  1.990333  8.389167  0.0000000E+00  9.8615520E-01  1.3712952E-02  1.7021157E-08  2.6788463E-09  1.1876624E-04  1.5084914E-12  4.6849366E-10  6.1218042E-10  8.3404719E-06  1.463E-17  4.853E-06  6.876E-05  9.977E-01  1.040E+00  1.35E+03  4.64E+02  1.11E+02  0.123115  0.947680  0.0000000E+00  1.1755929521E+01
199  2.112035826988795E+06  472.723900  7.417477  4.668796  1.1486965E-01  8.8512015E-01  1.1711093E-07  3.1860631E-08  6.0389438E-06  5.9933218E-08  9.7097317E-11  4.8752044E-12  3.3158227E-09  1.1329556E-10  2.302E-11  0.8891  4.850111   -4.354  1.990386  8.389178  0.0000000E+00  9.8480687E-01  1.5033495E-02  9.6266565E-09  1.5417266E-09  1.4655411E-04  1.3505573E-12  9.2313103E-10  7.0096169E-10  8.3238507E-06  8.412E-18  4.650E-06  6.875E-05  9.977E-01  1.041E+00  1.33E+03  4.55E+02  1.10E+02  0.124015  0.948027  0.0000000E+00  1.1753034717E+01
200  2.112229627113034E+06  472.715328  7.417641  4.664597  1.1482138E-01  8.8516836E-01  1.1710920E-07  3.1860769E-08  6.0387707E-06  5.9914936E-08  9.7096647E-11  4.8718397E-12  3.3135180E-09  1.1321778E-10  2.300E-11  0.8888  4.843340   -4.354  1.990354  8.389160  0.0000000E+00  9.8345855E-01  1.6346384E-02  9.1166261E-09  1.1606174E-09  1.8201029E-04  1.7734755E-12  1.3314403E-09  8.1015762E-10  8.3012940E-06  7.330E-18  4.380E-06  6.874E-05  9.978E-01  1.041E+00  1.31E+03  4.46E+02  1.07E+02  0.122455  0.948362  0.0000000E+00  1.1750047945E+01
201  2.112421211955896E+06  472.706822  7.417838  4.659309  1.1464429E-01  8.8534551E-01  1.1710287E-07  3.1861275E-08  6.0381353E-06  5.9847886E-08  9.7094217E-11  4.8595002E-12  3.3050662E-09  1.1293251E-10  2.294E-11  0.8904  4.836051   -4.351  1.991080  8.389394  0.0000000E+00  9.8211023E-01  1.7667522E-02  1.1494519E-08  1.0711028E-09  2.0916366E-04  1.3426188E-12  5.4868099E-11  9.3761366E-10  8.2923826E-06  9.137E-18  4.483E-06  6.880E-05  9.974E-01  1.047E+00  1.29E+03  4.38E+02  1.13E+02  0.131786  0.948659  0.0000000E+00  1.1746947618E+01
202  2.112614947067454E+06  472.698166  7.418005  4.654388  1.1456190E-01  8.8542784E-01  1.1709994E-07  3.1861512E-08  6.0378398E-06  5.9816720E-08  9.7093102E-11  4.8537656E-12  3.3011384E-09  1.1279994E-10  2.290E-11  0.8902  4.828821   -4.349  1.990527  8.389202  0.0000000E+00  9.8076190E-01  1.8970196E-02  1.6336695E-08  1.8756578E-09  2.5481648E-04  2.4882598E-12  1.8088945E-09  1.0878411E-09  8.2643391E-06  9.389E-18  4.397E-06  6.873E-05  9.972E-01  1.051E+00  1.27E+03  4.29E+02  1.15E+02  0.135910  0.948972  0.0000000E+00  1.1743561576E+01
203  2.112809081658083E+06  472.689467  7.418163  4.650105  1.1450519E-01  8.8548461E-01  1.1709792E-07  3.1861676E-08  6.0376360E-06  5.9795244E-08  9.7092341E-11  4.8498144E-12  3.2984322E-09  1.1270860E-10  2.288E-11  0.8900  4.822234   -4.348  1.990881  8.389314  0.0000000E+00  9.7941358E-01  2.0279231E-02  1.7217102E-08  1.8342539E-09  2.9411139E-04  2.4785644E-12  6.7308213E-10  1.2644784E-09  8.2495280E-06  1.100E-17  4.233E-06  6.875E-05  9.972E-01  1.052E+00  1.25E+03  4.22E+02  1.14E+02  0.136957  0.949286  0.0000000E+00  1.1740041399E+01
204  2.113003953356878E+06  472.680727  7.418304  4.653171  1.1446209E-01  8.8552771E-01  1.1709639E-07  3.1861800E-08  6.0374812E-06  5.9778934E-08  9.7091767E-11  4.8468140E-12  3.2963770E-09  1.1263924E-10  2.286E-11  0.8910  4.826743   -4.349  1.990655  8.389232  0.0000000E+00  9.7806525E-01  2.1577972E-02  2.1055102E-08  2.4040310E-09  3.4368680E-04  3.3554664E-12  2.1598148E-09  1.4665651E-09  8.2273275E-06  1.034E-17  4.271E-06  6.871E-05  9.973E-01  1.049E+00  1.26E+03  4.25E+02  1.13E+02  0.133994  0.949576  0.0000000E+00  1.1736471428E+01
205  2.113197754750838E+06  472.672037  7.418452  4.643129  1.1442794E-01  8.8556183E-01  1.1709518E-07  3.1861900E-08  6.0373588E-06  5.9766035E-08  9.7091314E-11  4.8444410E-12  3.2947517E-09  1.1258438E-10  2.285E-11  0.8893  4.811031   -4.348  1.991398  8.389473  0.0000000E+00  9.7671692E-01  2.2885750E-02  1.4287687E-09  1.3951523E-10  3.8419232E-04  2.0763747E-12  2.9813142E-10  1.6997923E-09  8.2185474E-06  3.311E-18  3.830E-06  6.878E-05  9.973E-01  1.051E+00  1.21E+03  4.08E+02  1.09E+02  0.133991  0.949886  0.0000000E+00  1.1732917425E+01
206  2.113390858201148E+06  472.663384  7.418597  4.640143  1.1440024E-01  8.8558956E-01  1.1709419E-07  3.1861981E-08  6.0372592E-06  5.9755554E-08  9.7090947E-11  4.8425129E-12  3.2934311E-09  1.1253980E-10  2.283E-11  0.8895  4.806081   -4.349  1.991697  8.389565  0.0000000E+00  9.7536860E-01  2.4190332E-02  5.2879118E-09  5.5869390E-10  4.2797870E-04  2.1561522E-12  9.8857247E-10  1.9592753E-09  8.2057952E-06  4.179E-18  3.628E-06  6.880E-05  9.974E-01  1.049E+00  1.20E+03  4.02E+02  1.05E+02  0.131352  0.950196  0.0000000E+00  1.1729379192E+01
207  2.113583950089272E+06  472.654743  7.418729  4.636888  1.1437697E-01  8.8561283E-01  1.1709337E-07  3.1862048E-08  6.0371757E-06  5.9746755E-08  9.7090639E-11  4.8408943E-12  3.2923225E-09  1.1250238E-10  2.282E-11  0.8904  4.800677   -4.350  1.991996  8.389658  0.0000000E+00  9.7402027E-01  2.5492115E-02  4.0163047E-09  4.7779626E-10  4.7448681E-04  2.0836621E-12  8.6090426E-10  2.2485937E-09  8.1949816E-06  4.357E-18  3.409E-06  6.882E-05  9.976E-01  1.047E+00  1.19E+03  3.96E+02  1.02E+02  0.128194  0.950484  0.0000000E+00  1.1725884760E+01
208  2.113776345352326E+06  472.646148  7.418852  4.632943  1.1435701E-01  8.8563271E-01  1.1709266E-07  3.1862107E-08  6.0371042E-06  5.9739214E-08  9.7090377E-11  4.8395072E-12  3.2913724E-09  1.1247032E-10  2.281E-11  0.8909  4.794144   -4.350  1.992445  8.389801  0.0000000E+00  9.7267195E-01  2.6796817E-02  6.8756736E-09  1.0113159E-09  5.1806479E-04  1.8211438E-12  6.0303521E-10  2.5690363E-09  8.1868730E-06  6.786E-18  3.169E-06  6.885E-05  9.977E-01  1.044E+00  1.17E+03  3.89E+02  9.73E+01  0.124717  0.950755  0.0000000E+00  1.1722447885E+01
209  2.113968166113492E+06  472.637595  7.418986  4.629724  1.1433905E-01  8.8565066E-01  1.1709203E-07  3.1862158E-08  6.0370397E-06  5.9732428E-08  9.7090142E-11  4.8382592E-12  3.2905176E-09  1.1244146E-10  2.280E-11  0.8906  4.788732   -4.351  1.992709  8.389883  0.0000000E+00  9.7132363E-01  2.8100245E-02  9.2971005E-09  1.4574878E-09  5.6302320E-04  1.6993399E-12  9.3608535E-10  2.9192279E-09  8.1790730E-06  7.371E-18  2.959E-06  6.887E-05  9.978E-01  1.042E+00  1.15E+03  3.83E+02  9.32E+01  0.120912  0.951048  0.0000000E+00  1.1719079247E+01
210  2.114159717567990E+06  472.629069  7.419113  4.626877  1.1432230E-01  8.8566740E-01  1.1709143E-07  3.1862208E-08  6.0369795E-06  5.9726095E-08  9.7089925E-11  4.8370944E-12  3.2897197E-09  1.1241453E-10  2.279E-11  0.8914  4.783905   -4.352  1.993057  8.389993  0.0000000E+00  9.6997530E-01  2.9402796E-02  1.1818312E-09  1.7353600E-10  6.0878996E-04  1.0742414E-12  1.9726504E-10  3.3008355E-09  8.1732220E-06  3.963E-18  2.767E-06  6.889E-05  9.980E-01  1.039E+00  1.14E+03  3.78E+02  8.91E+01  0.116947  0.951330  0.0000000E+00  1.1715793512E+01
211  2.115461446842245E+06  472.571590  7.419860  4.604223  1.1423071E-01  8.8575909E-01  1.1708821E-07  3.1862480E-08  6.0366502E-06  5.9691493E-08  9.7088774E-11  4.8307331E-12  3.2853627E-09  1.1226747E-10  2.273E-11  0.8907  4.746222   -4.358  1.994518  8.390441  0.0000000E+00  9.6083235E-01  3.8177273E-02  2.4733994E-09  6.7236718E-10  9.7722189E-04  8.9129996E-13  1.0769490E-09  6.8181094E-09  8.1428825E-06  6.124E-18  1.600E-06  6.897E-05  9.988E-01  1.023E+00  1.05E+03  3.40E+02  6.13E+01  0.087941  0.953005  0.0000000E+00  1.1695769497E+01
212  2.116766387467924E+06  472.514557  7.420515  4.579271  1.1409204E-01  8.8589766E-01  1.1708337E-07  3.1862902E-08  6.0361511E-06  5.9639206E-08  9.7087134E-11  4.8211266E-12  3.2787830E-09  1.1204537E-10  2.266E-11  0.8915  4.706308   -4.361  1.995805  8.390837  0.0000000E+00  9.5168939E-01  4.6861176E-02  7.2321556E-09  3.3789342E-09  1.4361490E-03  1.3942991E-12  2.9025817E-09  1.2312132E-08  8.1416754E-06  1.130E-17  9.129E-07  6.903E-05  9.993E-01  1.013E+00  9.53E+02  3.05E+02  4.21E+01  0.066240  0.954441  0.0000000E+00  1.1679706624E+01
213  2.118074708046275E+06  472.457618  7.421098  4.549244  1.1395269E-01  8.8603704E-01  1.1707853E-07  3.1863332E-08  6.0356494E-06  5.9586699E-08  9.7085539E-11  4.8114830E-12  3.2721778E-09  1.1182242E-10  2.259E-11  0.8889  4.659505   -4.362  1.997401  8.391339  0.0000000E+00  9.4254644E-01  5.5458390E-02  7.2709149E-10  3.0657249E-10  1.9817773E-03  7.0544105E-13  1.0406840E-09  2.0330297E-08  8.1618504E-06  8.073E-18  4.910E-07  6.913E-05  9.996E-01  1.007E+00  8.54E+02  2.70E+02  2.81E+01  0.049347  0.955717  0.0000000E+00  1.1666301166E+01
214  2.119385872751075E+06  472.400667  7.421619  4.515065  1.1381469E-01  8.8617508E-01  1.1707376E-07  3.1863763E-08  6.0351519E-06  5.9534713E-08  9.7084005E-11  4.8019381E-12  3.2656403E-09  1.1160175E-10  2.251E-11  0.8890  4.607277   -4.362  1.998669  8.391735  0.0000000E+00  9.3340349E-01  6.3967239E-02  8.7276037E-10  3.3545214E-10  2.6157855E-03  9.4408138E-13  1.8961762E-09  3.1425781E-08  8.1913624E-06  1.008E-17  2.519E-07  6.920E-05  9.998E-01  1.004E+00  7.58E+02  2.36E+02  1.84E+01  0.036347  0.956862  0.0000000E+00  1.1655193555E+01
215  2.120695632594554E+06  472.343795  7.422082  4.470119  1.1367981E-01  8.8630999E-01  1.1706911E-07  3.1864187E-08  6.0346658E-06  5.9483961E-08  9.7082547E-11  4.7926219E-12  3.2592595E-09  1.1138637E-10  2.244E-11  0.8896  4.540112   -4.362  2.000307  8.392258  0.0000000E+00  9.2426054E-01  7.2409940E-02  2.4209794E-10  8.3019149E-11  3.3159662E-03  1.8798389E-13  4.3552014E-10  4.6309614E-08  8.1714494E-06  8.226E-18  1.115E-07  6.931E-05  9.999E-01  1.002E+00  6.49E+02  2.00E+02  1.11E+01  0.025582  0.957880  0.0000000E+00  1.1645785313E+01
216  2.122005724336400E+06  472.286881  7.422482  4.451656  1.1355403E-01  8.8643577E-01  1.1706479E-07  3.1864586E-08  6.0342121E-06  5.9436641E-08  9.7081220E-11  4.7839380E-12  3.2533117E-09  1.1118560E-10  2.237E-11  0.8896  4.498113   -4.362  2.001752  8.392719  0.0000000E+00  9.1511758E-01  8.0767260E-02  7.6614734E-11  2.9124020E-11  4.1016378E-03  6.8305041E-15  1.3894042E-11  6.5549017E-08  8.1305810E-06  4.428E-18  5.702E-08  6.940E-05  1.000E+00  1.001E+00  5.88E+02  1.79E+02  6.89E+00  0.017551  0.958772  0.0000000E+00  1.1638311648E+01
217  2.123322139331245E+06  472.229638  7.422847  4.449629  1.1345971E-01  8.8653009E-01  1.1706156E-07  3.1864887E-08  6.0338718E-06  5.9401179E-08  9.7080243E-11  4.7774313E-12  3.2488552E-09  1.1103517E-10  2.232E-11  0.8897  4.484504   -4.361  2.003086  8.393145  0.0000000E+00  9.0597463E-01  8.9026837E-02  2.6517268E-10  1.7309965E-10  4.9849677E-03  5.8997600E-14  1.9047816E-10  8.9861812E-08  8.0912135E-06  4.502E-18  3.906E-08  6.949E-05  1.000E+00  1.001E+00  5.69E+02  1.71E+02  5.05E+00  0.013304  0.959615  0.0000000E+00  1.1632646192E+01
218  2.124790833509536E+06  472.165710  7.423167  4.438609  1.1339611E-01  8.8659359E-01  1.1705939E-07  3.1865090E-08  6.0336426E-06  5.9377293E-08  9.7079591E-11  4.7730488E-12  3.2458535E-09  1.1093384E-10  2.226E-11  0.8915  4.461258   -4.361  1.998164  8.391492  0.0000000E+00  8.9683168E-01  9.6297231E-02  2.4740216E-09  2.1394625E-10  6.8548046E-03  3.0689790E-11  1.7345590E-08  1.1919870E-07  1.0368247E-05  8.600E-19  2.428E-08  6.890E-05  1.000E+00  1.000E+00  5.38E+02  1.61E+02  3.51E+00  0.009795  0.960396  0.0000000E+00  1.1628035758E+01
219  2.126144130444686E+06  472.106721  7.423476  4.408731  1.1328001E-01  8.8670979E-01  1.1705543E-07  3.1865466E-08  6.0332233E-06  5.9333652E-08  9.7078429E-11  4.7650439E-12  3.2403708E-09  1.1074877E-10  2.220E-11  0.8911  4.423195   -4.360  2.005687  8.393985  0.0000000E+00  8.8768872E-01  1.0435879E-01  5.5412368E-10  4.9173974E-10  7.9361440E-03  8.5221533E-13  2.0368220E-09  1.6130271E-07  1.0371744E-05  2.597E-17  1.947E-08  6.965E-05  1.000E+00  1.000E+00  4.93E+02  1.46E+02  3.35E+00  0.010194  0.961100  0.0000000E+00  1.1623760368E+01
220  2.127491112881172E+06  472.047914  7.423742  4.375392  1.1305423E-01  8.8693547E-01  1.1704777E-07  3.1866203E-08  6.0324079E-06  5.9248908E-08  9.7076263E-11  4.7495050E-12  3.2297280E-09  1.1038950E-10  2.210E-11  0.8928  4.385678   -4.360  2.006879  8.394370  0.0000000E+00  8.7854577E-01  1.1229364E-01  8.2540410E-10  6.8382903E-10  9.1439302E-03  1.3855033E-12  3.3008830E-09  2.1191008E-07  1.0490071E-05  5.997E-17  1.775E-08  6.972E-05  1.000E+00  1.000E+00  4.54E+02  1.33E+02  3.60E+00  0.011900  0.961611  0.0000000E+00  1.1618707011E+01
221  2.128844090941432E+06  471.988755  7.423975  4.342558  1.1282958E-01  8.8716019E-01  1.1704018E-07  3.1866946E-08  6.0315958E-06  5.9164617E-08  9.7074192E-11  4.7340546E-12  3.2191458E-09  1.1003229E-10  2.200E-11  0.8929  4.350196   -4.359  2.008242  8.394813  0.0000000E+00  8.6940282E-01  1.2012955E-01  1.9836170E-09  3.4610877E-09  1.0450799E-02  1.5242557E-12  4.1732115E-09  2.7154479E-07  1.0586885E-05  7.859E-17  1.149E-08  6.982E-05  1.000E+00  1.000E+00  4.16E+02  1.22E+02  2.77E+00  0.009989  0.962055  0.0000000E+00  1.1613132649E+01
222  2.130199546416925E+06  471.929424  7.424197  4.308161  1.1270908E-01  8.8728072E-01  1.1703612E-07  3.1867347E-08  6.0311602E-06  5.9119433E-08  9.7073104E-11  4.7257736E-12  3.2134740E-09  1.0984082E-10  2.193E-11  0.8915  4.313874   -4.359  2.009766  8.395311  0.0000000E+00  8.6025987E-01  1.2787688E-01  2.1697703E-10  1.0784825E-10  1.1846221E-02  5.9917410E-13  5.8217372E-10  3.4160228E-07  1.0604051E-05  5.978E-17  5.728E-09  6.993E-05  1.000E+00  1.000E+00  3.83E+02  1.11E+02  1.63E+00  0.006392  0.962564  0.0000000E+00  1.1608802312E+01
223  2.131569211031661E+06  471.869399  7.424423  4.276351  1.1254613E-01  8.8744366E-01  1.1703065E-07  3.1867895E-08  6.0305707E-06  5.9058368E-08  9.7071689E-11  4.7145858E-12  3.2058115E-09  1.0958216E-10  2.185E-11  0.8916  4.280788   -4.358  2.010681  8.395607  0.0000000E+00  8.5111691E-01  1.3548140E-01  5.6464128E-09  1.0052576E-08  1.3384278E-02  3.9796769E-12  1.3160389E-08  4.2290687E-07  1.0790132E-05  1.330E-16  4.112E-09  6.998E-05  1.000E+00  1.000E+00  3.54E+02  1.02E+02  1.37E+00  0.005813  0.963046  0.0000000E+00  1.1605191856E+01
224  2.132946736504297E+06  471.808953  7.424643  4.256324  1.1235645E-01  8.8763335E-01  1.1702432E-07  3.1868538E-08  6.0298841E-06  5.8987335E-08  9.7070107E-11  4.7015752E-12  3.1969005E-09  1.0928134E-10  2.176E-11  0.8910  4.260134   -4.357  2.012279  8.396133  0.0000000E+00  8.4197396E-01  1.4297863E-01  1.8762440E-09  2.9362455E-09  1.5029639E-02  2.1770518E-12  5.2045101E-09  5.1742611E-07  1.0985260E-05  1.134E-16  3.617E-09  7.010E-05  1.000E+00  1.000E+00  3.37E+02  9.67E+01  1.33E+00  0.005896  0.963494  0.0000000E+00  1.1601441272E+01
225  2.134322596735548E+06  471.748500  7.424849  4.234498  1.1211375E-01  8.8787605E-01  1.1701624E-07  3.1869367E-08  6.0290052E-06  5.8896481E-08  9.7068143E-11  4.6849383E-12  3.1855057E-09  1.0889668E-10  2.166E-11  0.8919  4.237735   -4.357  2.013989  8.396695  0.0000000E+00  8.3283101E-01  1.5040149E-01  1.3039416E-10  2.9650573E-11  1.6749493E-02  1.4353785E-13  4.1692723E-11  6.2771112E-07  1.1002681E-05  6.599E-17  2.984E-09  7.024E-05  1.000E+00  1.000E+00  3.20E+02  9.13E+01  1.21E+00  0.005691  0.963862  0.0000000E+00  1.1597510879E+01
226  2.135704072266474E+06  471.687725  7.425009  4.217999  1.1193644E-01  8.8805329E-01  1.1701035E-07  3.1869976E-08  6.0283633E-06  5.8830158E-08  9.7066737E-11  4.6727950E-12  3.1771888E-09  1.0861592E-10  2.157E-11  0.8922  4.220863   -4.356  2.015359  8.397145  0.0000000E+00  8.2368805E-01  1.5771776E-01  4.3259312E-10  6.9325731E-10  1.8576023E-02  3.6667372E-13  7.1077073E-10  7.5479999E-07  1.0991169E-05  6.561E-17  2.383E-09  7.034E-05  1.000E+00  1.000E+00  3.08E+02  8.74E+01  1.05E+00  0.005110  0.964189  0.0000000E+00  1.1593451243E+01
227  2.137095636138768E+06  471.626445  7.425200  4.210370  1.1177884E-01  8.8821096E-01  1.1700512E-07  3.1870519E-08  6.0277923E-06  5.8771200E-08  9.7065509E-11  4.6620016E-12  3.1697964E-09  1.0836636E-10  2.149E-11  0.8925  4.213078   -4.356  2.016477  8.397513  0.0000000E+00  8.1454510E-01  1.6490743E-01  1.9401041E-09  3.8579518E-09  2.0528951E-02  2.3738804E-12  4.9058682E-09  8.9999916E-07  1.1046447E-05  1.413E-16  2.309E-09  7.042E-05  1.000E+00  1.000E+00  3.02E+02  8.53E+01  1.05E+00  0.005230  0.964601  0.0000000E+00  1.1589700589E+01
228  2.138555095766771E+06  471.562080  7.425327  4.196441  1.1132272E-01  8.8866700E-01  1.1699007E-07  3.1872110E-08  6.0261390E-06  5.8600723E-08  9.7062131E-11  4.6308031E-12  3.1484285E-09  1.0764501E-10  2.132E-11  0.8933  4.198880   -4.355  2.004102  8.392683  0.0000000E+00  8.0540215E-01  1.7144416E-01  5.5640640E-08  3.2716152E-08  2.3131314E-02  1.4423353E-10  3.1803555E-07  1.0489939E-06  1.4082608E-05  8.056E-17  2.307E-09  6.874E-05  1.000E+00  1.000E+00  2.93E+02  8.26E+01  1.12E+00  0.005758  0.964619  0.0000000E+00  1.1585156890E+01
229  2.140018780827431E+06  471.497394  7.425553  4.190666  1.1075685E-01  8.8923295E-01  1.1697157E-07  3.1874121E-08  6.0240855E-06  5.8389478E-08  9.7058323E-11  4.5921672E-12  3.1219669E-09  1.0675168E-10  2.111E-11  0.8916  4.193002   -4.354  2.021270  8.398397  0.0000000E+00  7.9625920E-01  1.7832712E-01  3.4857998E-09  7.2829366E-09  2.5390736E-02  7.7981907E-12  1.7272603E-08  1.2368065E-06  1.4724388E-05  3.475E-16  2.922E-09  7.053E-05  1.000E+00  1.000E+00  2.90E+02  8.17E+01  1.45E+00  0.007481  0.964762  0.0000000E+00  1.1579775468E+01
230  2.141446407394897E+06  471.434173  7.425710  4.187697  1.1037086E-01  8.8961894E-01  1.1695909E-07  3.1875527E-08  6.0226828E-06  5.8245656E-08  9.7056075E-11  4.5658838E-12  3.1039657E-09  1.0614396E-10  2.096E-11  0.8938  4.189980   -4.353  2.022390  8.398767  0.0000000E+00  7.8711624E-01  1.8511675E-01  3.7270845E-09  1.4877284E-08  2.7743100E-02  1.0713588E-11  8.9277502E-09  1.4539590E-06  1.5264276E-05  3.516E-16  3.224E-09  7.060E-05  1.000E+00  1.001E+00  2.87E+02  8.07E+01  1.63E+00  0.008523  0.964906  0.0000000E+00  1.1573016196E+01
231  2.142881891077825E+06  471.370511  7.425859  4.184178  1.1006138E-01  8.8992842E-01  1.1694923E-07  3.1876689E-08  6.0215563E-06  5.8130599E-08  9.7054611E-11  4.5448775E-12  3.0895788E-09  1.0565824E-10  2.084E-11  0.8937  4.186398   -4.353  2.024564  8.399489  0.0000000E+00  7.7797329E-01  1.9179488E-01  1.9720966E-09  6.4532307E-09  3.0207065E-02  3.7875306E-12  6.8832674E-09  1.6998460E-06  1.5745234E-05  4.061E-16  3.353E-09  7.080E-05  1.000E+00  1.001E+00  2.85E+02  7.98E+01  1.73E+00  0.009102  0.965098  0.0000000E+00  1.1565714998E+01
232  2.144317698134333E+06  471.306770  7.425973  4.173205  1.0982876E-01  8.9016104E-01  1.1694190E-07  3.1877583E-08  6.0207082E-06  5.8044258E-08  9.7053720E-11  4.5291268E-12  3.0787915E-09  1.0529404E-10  2.074E-11  0.8940  4.175222   -4.352  2.025824  8.399905  0.0000000E+00  7.6883034E-01  1.9836850E-01  3.1542089E-09  1.0797096E-08  3.2775581E-02  6.3228085E-12  1.2639074E-08  1.9784851E-06  1.6091482E-05  5.696E-16  2.697E-09  7.089E-05  1.000E+00  1.000E+00  2.78E+02  7.77E+01  1.46E+00  0.007857  0.965278  0.0000000E+00  1.1558670739E+01
233  2.145765836432426E+06  471.242405  7.426117  4.170235  1.0956133E-01  8.9042839E-01  1.1693358E-07  3.1878630E-08  6.0197322E-06  5.7945157E-08  9.7052896E-11  4.5110605E-12  3.0664183E-09  1.0487627E-10  2.063E-11  0.8943  4.172197   -4.352  2.027235  8.400373  0.0000000E+00  7.5968738E-01  2.0480181E-01  3.5678452E-09  1.2834032E-08  3.5484200E-02  7.6522779E-12  1.5117289E-08  2.2906363E-06  1.6591123E-05  6.889E-16  2.823E-09  7.100E-05  1.000E+00  1.001E+00  2.75E+02  7.68E+01  1.55E+00  0.008444  0.965500  0.0000000E+00  1.1551729017E+01
234  2.147225250348467E+06  471.177460  7.426242  4.165787  1.0927636E-01  8.9071334E-01  1.1692479E-07  3.1879770E-08  6.0186909E-06  5.7839732E-08  9.7052252E-11  4.4918552E-12  3.0532652E-09  1.0443218E-10  2.051E-11  0.8947  4.167662   -4.351  2.028535  8.400804  0.0000000E+00  7.5054443E-01  2.1109497E-01  4.4779010E-09  1.6661184E-08  3.8332820E-02  1.0511424E-11  2.0824914E-08  2.6400708E-06  1.7236179E-05  8.550E-16  2.978E-09  7.110E-05  1.000E+00  1.001E+00  2.72E+02  7.57E+01  1.67E+00  0.009206  0.965662  0.0000000E+00  1.1544310246E+01
235  2.148749012916306E+06  471.109559  7.426346  4.154214  1.0901677E-01  8.9097303E-01  1.1691689E-07  3.1880830E-08  6.0177407E-06  5.7743822E-08  9.7051888E-11  4.4743968E-12  3.0413086E-09  1.0402846E-10  2.040E-11  0.8951  4.155843   -4.351  2.027388  8.400421  0.0000000E+00  7.4140148E-01  2.1700427E-01  2.5653397E-08  1.1955449E-07  4.1562241E-02  5.5947906E-11  1.1477996E-07  3.0079990E-06  2.0577234E-05  2.003E-15  3.049E-09  7.093E-05  1.000E+00  1.001E+00  2.66E+02  7.37E+01  1.80E+00  0.010183  0.965806  0.0000000E+00  1.1534980729E+01
236  2.150273633592013E+06  471.041541  7.426503  4.149521  1.0884927E-01  8.9114053E-01  1.1691186E-07  3.1881531E-08  6.0171268E-06  5.7682055E-08  9.7051809E-11  4.4631628E-12  3.0336149E-09  1.0376869E-10  2.032E-11  0.8955  4.151034   -4.350  2.031050  8.401639  0.0000000E+00  7.3225853E-01  2.2286014E-01  4.9053336E-09  2.3156259E-08  4.4845987E-02  2.1257492E-11  2.5075940E-08  3.4289371E-06  2.3358529E-05  1.280E-15  3.441E-09  7.129E-05  1.000E+00  1.001E+00  2.64E+02  7.28E+01  2.06E+00  0.011719  0.966149  0.0000000E+00  1.1524661785E+01
237  2.151780099220165E+06  470.974244  7.426635  4.146151  1.0862470E-01  8.9136500E-01  1.1690518E-07  3.1882487E-08  6.0163030E-06  5.7599399E-08  9.7051880E-11  4.4481403E-12  3.0233267E-09  1.0342129E-10  2.022E-11  0.8943  4.147581   -4.350  2.033251  8.402371  0.0000000E+00  7.2311557E-01  2.2868171E-01  1.6745355E-09  3.8573681E-09  4.8164814E-02  1.0794542E-11  1.5025969E-08  3.9141669E-06  2.5106917E-05  1.272E-15  3.538E-09  7.148E-05  1.000E+00  1.001E+00  2.61E+02  7.19E+01  2.16E+00  0.012409  0.966386  0.0000000E+00  1.1512848976E+01
238  2.153281378106097E+06  470.907110  7.426762  4.142679  1.0844148E-01  8.9154832E-01  1.1689979E-07  3.1883281E-08  6.0156297E-06  5.7532025E-08  9.7052079E-11  4.4359036E-12  3.0149465E-09  1.0313831E-10  2.014E-11  0.8959  4.144019   -4.349  2.034714  8.402858  0.0000000E+00  7.1397262E-01  2.3443306E-01  4.9993492E-09  2.5548052E-08  5.1554573E-02  1.4438869E-11  2.8902463E-08  4.4647257E-06  2.6045678E-05  1.823E-15  3.560E-09  7.160E-05  1.000E+00  1.001E+00  2.59E+02  7.09E+01  2.21E+00  0.012826  0.966647  0.0000000E+00  1.1500807019E+01
239  2.154810938046537E+06  470.838633  7.426886  4.138308  1.0809032E-01  8.9189948E-01  1.1688958E-07  3.1884830E-08  6.0143381E-06  5.7403119E-08  9.7052737E-11  4.4125076E-12  2.9989240E-09  1.0259726E-10  2.000E-11  0.8962  4.139527   -4.349  2.034940  8.402933  0.0000000E+00  7.0482967E-01  2.3996661E-01  1.3383562E-08  7.2644167E-08  5.5160705E-02  4.0056952E-11  8.8280639E-08  5.0666117E-06  2.8191083E-05  2.994E-15  3.507E-09  7.158E-05  1.000E+00  1.001E+00  2.56E+02  7.01E+01  2.23E+00  0.013044  0.966758  0.0000000E+00  1.1488100711E+01
240  2.156367240741640E+06  470.768861  7.427015  4.134288  1.0771537E-01  8.9227437E-01  1.1687880E-07  3.1886514E-08  6.0129576E-06  5.7265709E-08  9.7053728E-11  4.3875854E-12  2.9818563E-09  1.0202091E-10  1.986E-11  0.8965  4.135403   -4.348  2.038444  8.404101  0.0000000E+00  6.9568671E-01  2.4531361E-01  2.6591997E-09  1.4291832E-08  5.8952667E-02  6.9971810E-12  1.5591796E-08  5.7295516E-06  3.1139547E-05  1.442E-15  3.373E-09  7.192E-05  1.000E+00  1.001E+00  2.54E+02  6.93E+01  2.18E+00  0.012909  0.966859  0.0000000E+00  1.1475062950E+01
241  2.157896765270920E+06  470.700194  7.427142  4.130286  1.0736016E-01  8.9262964E-01  1.1686871E-07  3.1888139E-08  6.0116478E-06  5.7135703E-08  9.7054967E-11  4.3640238E-12  2.9657207E-09  1.0147602E-10  1.973E-11  0.8969  4.131300   -4.348  2.039480  8.404445  0.0000000E+00  6.8654376E-01  2.5064152E-01  5.2901049E-09  3.1022177E-08  6.2765380E-02  1.8676031E-11  3.6605949E-08  6.4905897E-06  3.2199325E-05  2.817E-15  3.194E-09  7.200E-05  1.000E+00  1.001E+00  2.51E+02  6.85E+01  2.11E+00  0.012562  0.966972  0.0000000E+00  1.1462290973E+01
242  2.159485128231141E+06  470.628791  7.427259  4.126877  1.0699108E-01  8.9299872E-01  1.1685836E-07  3.1889861E-08  6.0102851E-06  5.7000862E-08  9.7056586E-11  4.3396057E-12  2.9489987E-09  1.0091130E-10  1.959E-11  0.8973  4.127808   -4.347  2.039870  8.404576  0.0000000E+00  6.7740081E-01  2.5565844E-01  1.0491160E-08  6.6433844E-08  6.6885831E-02  4.5168301E-11  8.1809333E-08  7.3024776E-06  3.6267554E-05  4.210E-15  3.129E-09  7.199E-05  1.000E+00  1.001E+00  2.49E+02  6.79E+01  2.09E+00  0.012611  0.967057  0.0000000E+00  1.1449099275E+01
243  2.161064147183328E+06  470.557713  7.427374  4.123860  1.0663748E-01  8.9335232E-01  1.1684858E-07  3.1891545E-08  6.0089777E-06  5.6871916E-08  9.7058481E-11  4.3162751E-12  2.9330217E-09  1.0037174E-10  1.945E-11  0.8978  4.124722   -4.346  2.042363  8.405407  0.0000000E+00  6.6825786E-01  2.6060717E-01  7.2426326E-09  4.7556220E-08  7.1075819E-02  3.0609539E-11  5.7653793E-08  8.2215879E-06  3.8998526E-05  4.213E-15  3.061E-09  7.223E-05  1.000E+00  1.001E+00  2.48E+02  6.73E+01  2.08E+00  0.012607  0.967151  0.0000000E+00  1.1435829063E+01
244  2.162641673286827E+06  470.486606  7.427490  4.121056  1.0627380E-01  8.9371590E-01  1.1683867E-07  3.1893313E-08  6.0076311E-06  5.6739561E-08  9.7060794E-11  4.2923492E-12  2.9166372E-09  9.9818393E-11  1.932E-11  0.8980  4.121858   -4.346  2.044536  8.406131  0.0000000E+00  6.5911490E-01  2.6544583E-01  5.8270343E-09  4.0292522E-08  7.5376483E-02  2.3006610E-11  4.4656048E-08  9.2513977E-06  4.0996608E-05  4.281E-15  3.015E-09  7.242E-05  1.000E+00  1.001E+00  2.46E+02  6.68E+01  2.08E+00  0.012671  0.967238  0.0000000E+00  1.1422416314E+01
245  2.164256736725467E+06  470.413709  7.427608  4.118622  1.0591700E-01  8.9407272E-01  1.1682909E-07  3.1895083E-08  6.0063080E-06  5.6609934E-08  9.7063429E-11  4.2689377E-12  2.9006053E-09  9.9276943E-11  1.918E-11  0.8983  4.119373   -4.345  2.044867  8.406242  0.0000000E+00  6.4997195E-01  2.7004149E-01  1.3522770E-08  9.9042860E-08  7.9917684E-02  5.7555467E-11  1.1972320E-07  1.0371071E-05  4.5012916E-05  6.763E-15  2.962E-09  7.241E-05  1.000E+00  1.001E+00  2.44E+02  6.63E+01  2.06E+00  0.012670  0.967337  0.0000000E+00  1.1408589431E+01
246  2.165910647011956E+06  470.338962  7.427727  4.116466  1.0557852E-01  8.9441127E-01  1.1682013E-07  3.1896798E-08  6.0050506E-06  5.6487166E-08  9.7066275E-11  4.2467850E-12  2.8854356E-09  9.8764598E-11  1.905E-11  0.8985  4.117176   -4.345  2.047057  8.406974  0.0000000E+00  6.4082900E-01  2.7441485E-01  8.9801505E-09  6.9382751E-08  8.4679423E-02  4.9275235E-11  8.2420739E-08  1.1590862E-05  5.0800602E-05  6.809E-15  2.850E-09  7.261E-05  1.000E+00  1.001E+00  2.43E+02  6.58E+01  2.00E+00  0.012361  0.967461  0.0000000E+00  1.1394458841E+01
247  2.167530013508874E+06  470.265683  7.427849  4.114415  1.0523486E-01  8.9475494E-01  1.1681117E-07  3.1898572E-08  6.0037724E-06  5.6362783E-08  9.7069509E-11  4.2243609E-12  2.8700805E-09  9.8245974E-11  1.892E-11  0.8990  4.115087   -4.344  2.050037  8.408009  0.0000000E+00  6.3168604E-01  2.7877094E-01  4.8278522E-09  3.8504978E-08  8.9461643E-02  2.0739362E-11  3.9416663E-08  1.2988188E-05  5.3176715E-05  5.386E-15  2.800E-09  7.291E-05  1.000E+00  1.001E+00  2.42E+02  6.54E+01  1.99E+00  0.012319  0.967584  0.0000000E+00  1.1380689926E+01
248  2.169156952933066E+06  470.191966  7.427925  4.112372  1.0481131E-01  8.9517847E-01  1.1680030E-07  3.1900809E-08  6.0021943E-06  5.6209801E-08  9.7073996E-11  4.1968092E-12  2.8512148E-09  9.7608762E-11  1.877E-11  0.8993  4.113012   -4.343  2.050697  8.408229  0.0000000E+00  6.2254309E-01  2.8296362E-01  9.1301559E-09  7.5730916E-08  9.4406741E-02  4.9767121E-11  9.5427403E-08  1.4538262E-05  5.5645946E-05  8.446E-15  2.967E-09  7.294E-05  1.000E+00  1.001E+00  2.41E+02  6.50E+01  2.13E+00  0.013298  0.967534  0.0000000E+00  1.1366708983E+01
249  2.170800933093571E+06  470.117319  7.428059  4.110185  1.0429887E-01  8.9569087E-01  1.1678741E-07  3.1903592E-08  6.0002807E-06  5.6025219E-08  9.7080219E-11  4.1636111E-12  2.8284842E-09  9.6840972E-11  1.859E-11  0.8997  4.110792   -4.343  2.053299  8.409097  0.0000000E+00  6.1340014E-01  2.8698958E-01  6.7772508E-09  5.8940429E-08  9.9518424E-02  3.4618694E-11  6.4049934E-08  1.6248380E-05  5.8209063E-05  8.031E-15  3.250E-09  7.319E-05  1.000E+00  1.002E+00  2.39E+02  6.47E+01  2.36E+00  0.014777  0.967537  0.0000000E+00  1.1350101238E+01
250  2.172488859498802E+06  470.040570  7.428182  4.108367  1.0399501E-01  8.9599479E-01  1.1677991E-07  3.1905286E-08  5.9991435E-06  5.5916044E-08  9.7084357E-11  4.1440000E-12  2.8150574E-09  9.6387425E-11  1.848E-11  0.8999  4.108948   -4.342  2.055510  8.409836  0.0000000E+00  6.0425719E-01  2.9076449E-01  1.6603714E-09  1.2237657E-08  1.0487831E-01  2.6994380E-11  1.5393531E-08  1.8106912E-05  6.3309026E-05  7.425E-15  3.090E-09  7.339E-05  1.000E+00  1.002E+00  2.38E+02  6.42E+01  2.26E+00  0.014254  0.967700  0.0000000E+00  1.1332956303E+01
251  2.174204625981981E+06  469.962471  7.428297  4.107249  1.0369315E-01  8.9629663E-01  1.1677255E-07  3.1907000E-08  5.9980124E-06  5.5807810E-08  9.7088805E-11  4.1245763E-12  2.8017598E-09  9.5938233E-11  1.836E-11  0.9003  4.107814   -4.342  2.056661  8.410222  0.0000000E+00  5.9511423E-01  2.9432541E-01  8.7501507E-09  8.3137647E-08  1.1045029E-01  5.6598183E-11  8.8807846E-08  2.0150735E-05  6.9683330E-05  1.153E-14  2.971E-09  7.347E-05  1.000E+00  1.001E+00  2.38E+02  6.39E+01  2.19E+00  0.013819  0.967853  0.0000000E+00  1.1316033255E+01
252  2.175871077291527E+06  469.886534  7.428409  4.106231  1.0339709E-01  8.9659271E-01  1.1676540E-07  3.1908712E-08  5.9969011E-06  5.5701845E-08  9.7093495E-11  4.1055767E-12  2.7887537E-09  9.5498873E-11  1.825E-11  0.9007  4.106783   -4.341  2.059529  8.411178  0.0000000E+00  5.8597128E-01  2.9786548E-01  4.8090324E-09  4.5489753E-08  1.1604800E-01  2.7586517E-11  4.6902980E-08  2.2480137E-05  7.1141630E-05  8.553E-15  2.872E-09  7.375E-05  1.000E+00  1.001E+00  2.37E+02  6.36E+01  2.13E+00  0.013456  0.968001  0.0000000E+00  1.1300016526E+01
253  2.177582092118407E+06  469.808484  7.428521  4.105282  1.0308945E-01  8.9690028E-01  1.1675805E-07  3.1910522E-08  5.9957448E-06  5.5591961E-08  9.7098703E-11  4.0858916E-12  2.7752797E-09  9.5043692E-11  1.813E-11  0.9009  4.105820   -4.341  2.061182  8.411731  0.0000000E+00  5.7682833E-01  3.0115222E-01  5.9405728E-09  5.8500750E-08  1.2189599E-01  4.0128998E-11  6.3866201E-08  2.5019199E-05  7.5104215E-05  1.152E-14  2.742E-09  7.389E-05  1.000E+00  1.001E+00  2.37E+02  6.33E+01  2.04E+00  0.012918  0.968140  0.0000000E+00  1.1284188469E+01
254  2.179283900043949E+06  469.730762  7.428625  4.104369  1.0276135E-01  8.9722843E-01  1.1675025E-07  3.1912485E-08  5.9945096E-06  5.5474971E-08  9.7104636E-11  4.0649518E-12  2.7609490E-09  9.4559553E-11  1.801E-11  0.9014  4.104896   -4.340  2.063319  8.412445  0.0000000E+00  5.6768537E-01  3.0430703E-01  5.7890318E-09  5.7596320E-08  1.2787739E-01  3.9698770E-11  7.0137159E-08  2.7853581E-05  7.7254947E-05  1.170E-14  2.718E-09  7.409E-05  1.000E+00  1.001E+00  2.36E+02  6.31E+01  2.03E+00  0.012891  0.968246  0.0000000E+00  1.1268628413E+01
255  2.181026189727317E+06  469.651078  7.428658  4.103395  1.0214831E-01  8.9784144E-01  1.1673576E-07  3.1916238E-08  5.9921974E-06  5.5256987E-08  9.7116699E-11  4.0259803E-12  2.7342843E-09  9.3658699E-11  1.781E-11  0.9017  4.103908   -4.339  2.063809  8.412610  0.0000000E+00  5.5854242E-01  3.0721274E-01  1.5139291E-08  1.6383624E-07  1.3410502E-01  9.9707902E-11  1.7173356E-07  3.0956021E-05  8.1628097E-05  1.956E-14  3.141E-09  7.409E-05  1.000E+00  1.002E+00  2.35E+02  6.33E+01  2.35E+00  0.014989  0.967947  0.0000000E+00  1.1251913753E+01
256  2.182788327295385E+06  469.570298  7.428804  4.102376  1.0168089E-01  8.9830881E-01  1.1672466E-07  3.1919176E-08  5.9904301E-06  5.5091341E-08  9.7126864E-11  3.9964053E-12  2.7140579E-09  9.2975323E-11  1.765E-11  0.9019  4.102877   -4.338  2.067639  8.413887  0.0000000E+00  5.4939947E-01  3.0992782E-01  5.4992384E-09  5.8400620E-08  1.4052306E-01  4.0313842E-11  6.0052754E-08  3.4372851E-05  8.6093167E-05  1.310E-14  3.266E-09  7.448E-05  1.000E+00  1.002E+00  2.35E+02  6.31E+01  2.45E+00  0.015654  0.968031  0.0000000E+00  1.1232415128E+01
257  2.184529301232648E+06  469.490369  7.428914  4.101542  1.0130968E-01  8.9868004E-01  1.1671572E-07  3.1921557E-08  5.9890238E-06  5.4960142E-08  9.7135585E-11  3.9730030E-12  2.6980615E-09  9.2434836E-11  1.751E-11  0.9023  4.102034   -4.338  2.069962  8.414662  0.0000000E+00  5.4025652E-01  3.1251422E-01  4.9541476E-09  5.3497504E-08  1.4707181E-01  3.7446163E-11  5.4105930E-08  3.8204608E-05  8.7835349E-05  1.318E-14  3.212E-09  7.470E-05  1.000E+00  1.002E+00  2.35E+02  6.29E+01  2.42E+00  0.015504  0.968108  0.0000000E+00  1.1212954614E+01
258  2.186294744442747E+06  469.409211  7.429040  4.100754  1.0093947E-01  8.9905033E-01  1.1670659E-07  3.1923969E-08  5.9876190E-06  5.4829600E-08  9.7144864E-11  3.9497334E-12  2.6821658E-09  9.1897732E-11  1.738E-11  0.9026  4.101236   -4.337  2.072043  8.415356  0.0000000E+00  5.3111356E-01  3.1488179E-01  5.3632527E-09  5.9507600E-08  1.5383804E-01  4.4074784E-11  6.0033637E-08  4.2428717E-05  9.0340258E-05  1.563E-14  3.152E-09  7.489E-05  1.000E+00  1.002E+00  2.34E+02  6.26E+01  2.39E+00  0.015316  0.968233  0.0000000E+00  1.1193352918E+01
259  2.188074920514015E+06  469.327273  7.429151  4.100023  1.0057462E-01  8.9941512E-01  1.1669728E-07  3.1926377E-08  5.9862325E-06  5.4701260E-08  9.7154591E-11  3.9268675E-12  2.6665583E-09  9.1370345E-11  1.725E-11  0.9029  4.100497   -4.337  2.073782  8.415937  0.0000000E+00  5.2197061E-01  3.1704518E-01  6.6325544E-09  7.5814758E-08  1.6080785E-01  6.5022368E-11  8.8154681E-08  4.7102696E-05  9.2823747E-05  1.916E-14  3.086E-09  7.504E-05  1.000E+00  1.002E+00  2.34E+02  6.24E+01  2.35E+00  0.015089  0.968326  0.0000000E+00  1.1173791949E+01
260  2.189874928789175E+06  469.244319  7.429251  4.099350  1.0020852E-01  8.9978128E-01  1.1668751E-07  3.1928822E-08  5.9848393E-06  5.4572768E-08  9.7164953E-11  3.9039803E-12  2.6509526E-09  9.0842991E-11  1.712E-11  0.9032  4.099816   -4.336  2.076449  8.416827  0.0000000E+00  5.1282766E-01  3.1899677E-01  5.7558749E-09  6.6548677E-08  1.6798868E-01  5.3689759E-11  6.7325179E-08  5.2263701E-05  9.5454140E-05  1.880E-14  3.022E-09  7.530E-05  1.000E+00  1.002E+00  2.33E+02  6.22E+01  2.31E+00  0.014861  0.968400  0.0000000E+00  1.1154266884E+01
261  2.191706721377723E+06  469.159790  7.429359  4.098740  9.9813435E-02  9.0017630E-01  1.1667631E-07  3.1931481E-08  5.9833340E-06  5.4434425E-08  9.7176815E-11  3.8793371E-12  2.6341720E-09  9.0275916E-11  1.699E-11  0.9035  4.099199   -4.336  2.079329  8.417787  0.0000000E+00  5.0368470E-01  3.2070556E-01  4.2349868E-09  4.8576900E-08  1.7541033E-01  3.7829991E-11  5.1524232E-08  5.7953113E-05  9.9273571E-05  1.632E-14  2.977E-09  7.558E-05  1.000E+00  1.002E+00  2.33E+02  6.20E+01  2.28E+00  0.014716  0.968462  0.0000000E+00  1.1134569418E+01
262  2.193527004078208E+06  469.075679  7.429441  4.098159  9.9404317E-02  9.0058544E-01  1.1666382E-07  3.1934246E-08  5.9817736E-06  5.4291514E-08  9.7189855E-11  3.8538693E-12  2.6168609E-09  8.9690879E-11  1.685E-11  0.9038  4.098611   -4.335  2.081598  8.418545  0.0000000E+00  4.9454175E-01  3.2224512E-01  4.6275221E-09  5.4431190E-08  1.8300256E-01  4.4707859E-11  5.3603572E-08  6.4307109E-05  1.0091066E-04  1.753E-14  2.948E-09  7.579E-05  1.000E+00  1.002E+00  2.32E+02  6.19E+01  2.27E+00  0.014638  0.968461  0.0000000E+00  1.1115100183E+01
263  2.195361242115602E+06  468.990805  7.429576  4.097575  9.8986839E-02  9.0100293E-01  1.1664986E-07  3.1937067E-08  5.9801798E-06  5.4146032E-08  9.7203994E-11  3.8279187E-12  2.5992626E-09  8.9096109E-11  1.671E-11  0.9040  4.098021   -4.334  2.084033  8.419356  0.0000000E+00  4.8539880E-01  3.2357001E-01  4.7312517E-09  5.7005302E-08  1.9080896E-01  4.6675886E-11  5.4079566E-08  7.1354255E-05  1.0213240E-04  1.841E-14  2.919E-09  7.602E-05  1.000E+00  1.002E+00  2.32E+02  6.17E+01  2.25E+00  0.014560  0.968568  0.0000000E+00  1.1095521976E+01
264  2.197210915015745E+06  468.905097  7.429652  4.097051  9.8572669E-02  9.0141710E-01  1.1663445E-07  3.1939847E-08  5.9785976E-06  5.4002053E-08  9.7218900E-11  3.8021947E-12  2.5818701E-09  8.8508260E-11  1.657E-11  0.9042  4.097490   -4.334  2.086491  8.420176  0.0000000E+00  4.7625585E-01  3.2467184E-01  6.1021911E-09  7.5402269E-08  1.9883766E-01  5.4627350E-11  6.0888781E-08  7.9174227E-05  1.0312050E-04  2.018E-14  2.891E-09  7.626E-05  1.000E+00  1.002E+00  2.32E+02  6.16E+01  2.23E+00  0.014477  0.968550  0.0000000E+00  1.1075845184E+01
265  2.199084087919557E+06  468.818177  7.429760  4.096419  9.8137325E-02  9.0185246E-01  1.1661614E-07  3.1942721E-08  5.9769340E-06  5.3851087E-08  9.7235587E-11  3.7751563E-12  2.5636600E-09  8.7892742E-11  1.642E-11  0.9043  4.096851   -4.333  2.089045  8.421026  0.0000000E+00  4.6711289E-01  3.2553245E-01  4.8820489E-09  6.0851484E-08  2.0710621E-01  5.4603132E-11  5.7591125E-08  8.7841464E-05  1.0451393E-04  2.222E-14  2.871E-09  7.650E-05  1.000E+00  1.002E+00  2.31E+02  6.15E+01  2.23E+00  0.014449  0.968589  0.0000000E+00  1.1055934952E+01
266  2.200966689389276E+06  468.730691  7.429846  4.095576  9.7670992E-02  9.0231880E-01  1.1659355E-07  3.1945707E-08  5.9751522E-06  5.3689791E-08  9.7254686E-11  3.7461615E-12  2.5442329E-09  8.7236041E-11  1.627E-11  0.9045  4.096000   -4.332  2.091891  8.421974  0.0000000E+00  4.5796994E-01  3.2617116E-01  4.2802869E-09  5.3757322E-08  2.1559612E-01  4.7990787E-11  5.0164795E-08  9.7488060E-05  1.0516437E-04  2.061E-14  2.871E-09  7.678E-05  1.000E+00  1.002E+00  2.31E+02  6.14E+01  2.24E+00  0.014536  0.968550  0.0000000E+00  1.1035836431E+01
267  2.202866024902121E+06  468.642291  7.429894  4.094800  9.7137600E-02  9.0285220E-01  1.1656310E-07  3.1948943E-08  5.9731154E-06  5.3505812E-08  9.7278186E-11  3.7129079E-12  2.5221104E-09  8.6488162E-11  1.610E-11  0.9047  4.095216   -4.332  2.094600  8.422877  0.0000000E+00  4.4882699E-01  3.2657057E-01  4.2041727E-09  5.3576030E-08  2.2432422E-01  4.9334095E-11  4.9566890E-08  1.0821865E-04  1.0566861E-04  2.186E-14  2.925E-09  7.705E-05  1.000E+00  1.002E+00  2.30E+02  6.15E+01  2.29E+00  0.014878  0.968354  0.0000000E+00  1.1015220136E+01
268  2.204796100803144E+06  468.552295  7.429884  4.094028  9.6380413E-02  9.0360933E-01  1.1650891E-07  3.1953008E-08  5.9702297E-06  5.3245572E-08  9.7314921E-11  3.6654008E-12  2.4908841E-09  8.5432397E-11  1.587E-11  0.9049  4.094436   -4.331  2.098019  8.424014  0.0000000E+00  4.3968403E-01  3.2670665E-01  1.2966312E-09  1.4196711E-08  2.3331350E-01  1.8530603E-11  1.0810392E-08  1.2012608E-04  1.0689277E-04  2.014E-14  3.219E-09  7.740E-05  1.000E+00  1.002E+00  2.31E+02  6.20E+01  2.52E+00  0.016341  0.967871  0.0000000E+00  1.0992985846E+01
269  2.206725459700848E+06  468.462122  7.429875  4.093178  9.5571430E-02  9.0441830E-01  1.1643088E-07  3.1956154E-08  5.9671608E-06  5.2968787E-08  9.7359469E-11  3.6139414E-12  2.4577630E-09  8.4312372E-11  1.564E-11  0.9053  4.093579   -4.330  2.100356  8.424790  0.0000000E+00  4.3054108E-01  3.2661812E-01  3.7161271E-09  4.8486581E-08  2.4252705E-01  4.6117597E-11  4.3789306E-08  1.3346629E-04  1.0666391E-04  2.195E-14  3.523E-09  7.762E-05  1.000E+00  1.003E+00  2.30E+02  6.23E+01  2.76E+00  0.018039  0.967316  0.0000000E+00  1.0968321442E+01
270  2.208671415081904E+06  468.370949  7.429974  4.092335  9.4869349E-02  9.0512040E-01  1.1633946E-07  3.1957160E-08  5.9645179E-06  5.2729658E-08  9.7403529E-11  3.5683136E-12  2.4292267E-09  8.3347189E-11  1.543E-11  0.9055  4.092727   -4.329  2.103326  8.425775  0.0000000E+00  4.2139813E-01  3.2627946E-01  3.5172333E-09  4.6501840E-08  2.5198930E-01  4.5623474E-11  4.1924001E-08  1.4834815E-04  1.0612319E-04  2.251E-14  3.627E-09  7.791E-05  9.999E-01  1.003E+00  2.29E+02  6.24E+01  2.86E+00  0.018682  0.967106  0.0000000E+00  1.0941499240E+01
271  2.210638149946860E+06  468.278613  7.430151  4.091457  9.4318180E-02  9.0567160E-01  1.1624694E-07  3.1956154E-08  5.9624630E-06  5.2542653E-08  9.7442311E-11  3.5315636E-12  2.4069632E-09  8.2594007E-11  1.526E-11  0.9058  4.091841   -4.328  2.106273  8.426753  0.0000000E+00  4.1225518E-01  3.2567614E-01  4.1543361E-09  5.5955486E-08  2.6171425E-01  5.1563034E-11  4.6121320E-08  1.6497837E-04  1.0558109E-04  2.507E-14  3.552E-09  7.820E-05  9.999E-01  1.003E+00  2.29E+02  6.22E+01  2.81E+00  0.018421  0.967196  0.0000000E+00  1.0914105975E+01
272  2.212630634354219E+06  468.184910  7.430242  4.090809  9.3769928E-02  9.0621985E-01  1.1613200E-07  3.1952852E-08  5.9604428E-06  5.2357268E-08  9.7485093E-11  3.4939209E-12  2.3849391E-09  8.1848765E-11  1.509E-11  0.9061  4.091187   -4.327  2.109002  8.427658  0.0000000E+00  4.0311222E-01  3.2479522E-01  5.9712086E-09  8.4333118E-08  2.7171419E-01  7.4242132E-11  7.1664229E-08  1.8357300E-04  1.0534370E-04  3.091E-14  3.490E-09  7.847E-05  1.000E+00  1.003E+00  2.28E+02  6.21E+01  2.77E+00  0.018187  0.967114  0.0000000E+00  1.0886644697E+01
273  2.214644216825892E+06  468.090060  7.430341  4.090220  9.3224190E-02  9.0676560E-01  1.1598996E-07  3.1946392E-08  5.9584621E-06  5.2173361E-08  9.7532319E-11  3.4550939E-12  2.3631364E-09  8.1110835E-11  1.493E-11  0.9063  4.090592   -4.327  2.112508  8.428823  0.0000000E+00  3.9396927E-01  3.2364265E-01  3.6289526E-09  5.0467616E-08  2.8198339E-01  5.3190912E-11  4.4545190E-08  2.0439128E-04  1.0500594E-04  2.950E-14  3.427E-09  7.883E-05  1.000E+00  1.003E+00  2.28E+02  6.21E+01  2.73E+00  0.017933  0.967045  0.0000000E+00  1.0859172013E+01
274  2.216677724786776E+06  467.994117  7.430404  4.089737  9.2663707E-02  9.0732607E-01  1.1580978E-07  3.1935272E-08  5.9564673E-06  5.1985131E-08  9.7586073E-11  3.4134989E-12  2.3408684E-09  8.0356940E-11  1.476E-11  0.9066  4.090104   -4.326  2.115420  8.429789  0.0000000E+00  3.8482632E-01  3.2220954E-01  4.5259867E-09  6.6211756E-08  2.9253032E-01  7.3202500E-11  6.5544399E-08  2.2778625E-04  1.0449311E-04  3.472E-14  3.387E-09  7.912E-05  1.000E+00  1.002E+00  2.28E+02  6.22E+01  2.70E+00  0.017786  0.966891  0.0000000E+00  1.0831738324E+01
275  2.218839161096338E+06  467.891965  7.430342  4.089229  9.2064950E-02  9.0792480E-01  1.1557156E-07  3.1916602E-08  5.9543907E-06  5.1784765E-08  9.7649813E-11  3.3667509E-12  2.3172170E-09  7.9555930E-11  1.458E-11  0.8836  4.089591   -4.325  2.106999  8.426982  0.0000000E+00  3.7568336E-01  3.2021953E-01  2.2767570E-10  2.1048965E-09  3.0361699E-01  9.5465889E-10  2.8106026E-07  2.5432448E-04  1.1703343E-04  9.184E-14  3.346E-09  7.803E-05  1.000E+00  1.002E+00  2.28E+02  6.25E+01  2.67E+00  0.017630  0.966435  0.0000000E+00  1.0802747801E+01
276  2.220902720508031E+06  467.794277  7.430626  4.088688  9.1502589E-02  9.0848716E-01  1.1529713E-07  3.1890588E-08  5.9525027E-06  5.1597253E-08  9.7715862E-11  3.3202950E-12  2.2951311E-09  7.8807642E-11  1.442E-11  0.9065  4.089045   -4.324  2.123679  8.432535  0.0000000E+00  3.6654041E-01  3.1826732E-01  3.3337517E-10  2.8211232E-09  3.1467936E-01  3.2083622E-12  2.6056905E-09  2.8381004E-04  1.1301152E-04  9.179E-15  3.303E-09  7.998E-05  1.000E+00  1.002E+00  2.27E+02  6.21E+01  2.65E+00  0.017481  0.966770  0.0000000E+00  1.0775245573E+01
277  2.222953862963002E+06  467.697012  7.430697  4.088341  9.0881180E-02  9.0910860E-01  1.1492700E-07  3.1849305E-08  5.9505015E-06  5.1390814E-08  9.7795787E-11  3.2656609E-12  2.2708698E-09  7.7985259E-11  1.424E-11  0.9071  4.088694   -4.323  2.126642  8.433515  0.0000000E+00  3.5739746E-01  3.1603496E-01  1.9434001E-09  2.7805899E-08  3.2601776E-01  3.1636155E-11  2.3102366E-08  3.1754489E-04  1.0833159E-04  1.843E-14  3.330E-09  8.028E-05  1.000E+00  1.002E+00  2.27E+02  6.23E+01  2.67E+00  0.017674  0.966588  0.0000000E+00  1.0747831366E+01
278  2.225044396095647E+06  467.597706  7.430754  4.087974  9.0300036E-02  9.0968976E-01  1.1450742E-07  3.1795428E-08  5.9487258E-06  5.1198483E-08  9.7876633E-11  3.2110613E-12  2.2483164E-09  7.7220335E-11  1.407E-11  0.9075  4.088323   -4.323  2.129975  8.434620  0.0000000E+00  3.4825451E-01  3.1347597E-01  2.6902040E-09  4.0412231E-08  3.3767713E-01  4.7960848E-11  3.5044272E-08  3.5560049E-04  1.0469022E-04  2.853E-14  3.306E-09  8.062E-05  1.000E+00  1.002E+00  2.27E+02  6.23E+01  2.66E+00  0.017594  0.966387  0.0000000E+00  1.0719694625E+01
279  2.227363840913542E+06  467.487331  7.430844  4.087644  8.9607243E-02  9.1038250E-01  1.1389985E-07  3.1706516E-08  5.9467526E-06  5.0970151E-08  9.7979102E-11  3.1411119E-12  2.2216032E-09  7.6313674E-11  1.387E-11  0.9058  4.087989   -4.322  2.134454  8.436111  0.0000000E+00  3.3911155E-01  3.1014574E-01  1.4455264E-10  3.7006240E-11  3.5007931E-01  6.8059487E-12  3.2786274E-10  3.9899439E-04  1.2247489E-04  5.346E-14  3.336E-09  8.109E-05  1.000E+00  1.002E+00  2.27E+02  6.25E+01  2.69E+00  0.017796  0.966212  0.0000000E+00  1.0688120231E+01
280  2.229458779573518E+06  467.387444  7.430877  4.087408  8.8984490E-02  9.1100530E-01  1.1324320E-07  3.1598832E-08  5.9451304E-06  5.0765787E-08  9.8073996E-11  3.0735766E-12  2.1977487E-09  7.5503331E-11  1.370E-11  0.9069  4.087750   -4.321  2.138610  8.437488  0.0000000E+00  3.2996860E-01  3.0702950E-01  1.4266372E-10  3.7318335E-10  3.6228656E-01  1.1670436E-12  5.2701655E-10  4.4833610E-04  1.1469153E-04  4.310E-15  3.344E-09  8.154E-05  1.000E+00  1.002E+00  2.26E+02  6.27E+01  2.70E+00  0.017874  0.965939  0.0000000E+00  1.0659331883E+01
281  2.230546902772386E+06  467.335484  7.431000  4.087196  8.8679064E-02  9.1131075E-01  1.1288066E-07  3.1535144E-08  5.9443912E-06  5.0665869E-08  9.8120282E-11  3.0388737E-12  2.1861034E-09  7.5107460E-11  1.361E-11  0.9074  4.087535   -4.321  2.140675  8.438172  0.0000000E+00  3.2525600E-01  3.0529943E-01  2.9935813E-10  2.7274937E-09  3.6869983E-01  2.3368687E-12  1.2201327E-09  4.7642942E-04  1.1069786E-04  1.892E-15  3.318E-09  8.176E-05  1.000E+00  1.002E+00  2.26E+02  6.26E+01  2.68E+00  0.017763  0.966048  0.0000000E+00  1.0644374709E+01
282  2.231717266143829E+06  467.279542  7.430968  4.087147  8.8357320E-02  9.1163250E-01  1.1246904E-07  3.1459690E-08  5.9436543E-06  5.0560830E-08  9.8168025E-11  3.0012342E-12  2.1738731E-09  7.4691487E-11  1.352E-11  0.9060  4.087486   -4.320  2.138533  8.437455  0.0000000E+00  3.2054339E-01  3.0336320E-01  1.7029457E-09  4.6246011E-08  3.7531202E-01  1.8205625E-10  1.1577151E-07  5.0615081E-04  1.1180017E-04  1.001E-13  3.299E-09  8.145E-05  1.000E+00  1.002E+00  2.26E+02  6.27E+01  2.67E+00  0.017666  0.965807  0.0000000E+00  1.0628436824E+01
283  2.232977504010546E+06  467.219244  7.431197  4.086837  8.8055750E-02  9.1193400E-01  1.1205453E-07  3.1380628E-08  5.9430045E-06  5.0462593E-08  9.8211118E-11  2.9649711E-12  2.1624453E-09  7.4302586E-11  1.344E-11  0.9053  4.087173   -4.320  2.143154  8.438995  0.0000000E+00  3.1583079E-01  3.0112246E-01  1.1716910E-10  1.1997393E-10  3.8221516E-01  6.8145232E-11  1.6138138E-09  5.3840310E-04  1.2334023E-04  1.325E-13  3.231E-09  8.199E-05  1.000E+00  1.002E+00  2.26E+02  6.24E+01  2.61E+00  0.017341  0.966174  0.0000000E+00  1.0611420665E+01
284  2.234085974105570E+06  467.166151  7.431218  4.086767  8.7786770E-02  9.1220300E-01  1.1166105E-07  3.1303003E-08  5.9424588E-06  5.0375144E-08  9.8247595E-11  2.9318624E-12  2.1522808E-09  7.3956483E-11  1.336E-11  0.9061  4.087102   -4.320  2.147101  8.440306  0.0000000E+00  3.1111819E-01  2.9913487E-01  1.0966667E-10  2.0150139E-11  3.8887923E-01  5.4847188E-13  9.5094341E-11  5.7283999E-04  1.1855129E-04  3.532E-14  3.185E-09  8.245E-05  1.000E+00  1.002E+00  2.26E+02  6.25E+01  2.58E+00  0.017099  0.966092  0.0000000E+00  1.0596636177E+01
285  2.235205680486185E+06  467.112472  7.431311  4.086629  8.7521570E-02  9.1246820E-01  1.1125093E-07  3.1219661E-08  5.9419528E-06  5.0289092E-08  9.8281162E-11  2.8985536E-12  2.1422859E-09  7.3615961E-11  1.329E-11  0.9064  4.086962   -4.319  2.148963  8.440924  0.0000000E+00  3.0640559E-01  2.9704929E-01  1.0084482E-10  7.3151181E-11  3.9563793E-01  1.3322543E-11  2.3650961E-09  6.0997069E-04  1.1428092E-04  2.393E-14  3.134E-09  8.264E-05  1.000E+00  1.002E+00  2.26E+02  6.24E+01  2.54E+00  0.016834  0.966174  0.0000000E+00  1.0581895681E+01
286  2.236438872649087E+06  467.053302  7.431293  4.086448  8.7205080E-02  9.1278470E-01  1.1073281E-07  3.1111169E-08  5.9413903E-06  5.0186616E-08  9.8317299E-11  2.8580062E-12  2.1303922E-09  7.3210480E-11  1.320E-11  0.8957  4.086779   -4.319  2.147839  8.440548  0.0000000E+00  3.0169298E-01  2.9466671E-01  1.7768693E-09  6.7719336E-08  4.0268149E-01  2.1182443E-10  1.7018477E-07  6.4948302E-04  1.1894602E-04  1.521E-13  3.113E-09  8.246E-05  1.000E+00  1.002E+00  2.26E+02  6.25E+01  2.52E+00  0.016734  0.965974  0.0000000E+00  1.0565927186E+01
287  2.237579713543075E+06  466.998516  7.431456  4.086206  8.6964340E-02  9.1302540E-01  1.1031779E-07  3.1021904E-08  5.9409929E-06  5.0108830E-08  9.8341301E-11  2.8266295E-12  2.1213700E-09  7.2902686E-11  1.313E-11  0.9059  4.086536   -4.318  2.153501  8.442430  0.0000000E+00  2.9698038E-01  2.9240168E-01  9.7476568E-11  5.0913982E-10  4.0961406E-01  1.2530036E-11  4.3665179E-09  6.9199333E-04  1.1456109E-04  5.484E-14  3.041E-09  8.314E-05  1.000E+00  1.002E+00  2.26E+02  6.22E+01  2.46E+00  0.016368  0.966236  0.0000000E+00  1.0551328758E+01
288  2.238734761039116E+06  466.943002  7.431455  4.085725  8.6665170E-02  9.1332460E-01  1.0977721E-07  3.0902786E-08  5.9405354E-06  5.0012368E-08  9.8366132E-11  2.7870655E-12  2.1101881E-09  7.2520941E-11  1.304E-11  0.9063  4.086052   -4.317  2.155356  8.443045  0.0000000E+00  2.9226778E-01  2.9001790E-01  9.6452297E-11  1.7441017E-09  4.1666045E-01  3.4128450E-11  1.5361841E-08  7.3798953E-04  1.1118249E-04  5.798E-14  3.017E-09  8.334E-05  1.000E+00  1.002E+00  2.26E+02  6.23E+01  2.45E+00  0.016302  0.966088  0.0000000E+00  1.0536663989E+01
289  2.239997773677978E+06  466.882243  7.431391  4.085725  8.6397540E-02  9.1359220E-01  1.0927011E-07  3.0788298E-08  5.9401607E-06  4.9926276E-08  9.8382757E-11  2.7511889E-12  2.1002140E-09  7.2180148E-11  1.297E-11  0.8905  4.086050   -4.318  2.154744  8.442841  0.0000000E+00  2.8755517E-01  2.8733093E-01  8.3939122E-11  7.0532855E-10  4.2399684E-01  1.3845338E-10  2.4625033E-08  7.8727515E-04  1.1708099E-04  2.225E-13  2.960E-09  8.321E-05  1.000E+00  1.002E+00  2.25E+02  6.25E+01  2.41E+00  0.016021  0.965828  0.0000000E+00  1.0520822518E+01
290  2.241222260447212E+06  466.823284  7.431680  4.085501  8.6145547E-02  9.1384420E-01  1.0877298E-07  3.0673731E-08  5.9398368E-06  4.9845392E-08  9.8392929E-11  2.7170578E-12  2.0908473E-09  7.1859856E-11  1.290E-11  0.8946  4.085824   -4.317  2.159154  8.444307  0.0000000E+00  2.8284257E-01  2.8468938E-01  3.6236507E-09  7.4005864E-08  4.3129076E-01  8.4018074E-11  5.4057492E-08  8.3989410E-04  1.1610299E-04  1.400E-13  2.896E-09  8.373E-05  1.000E+00  1.002E+00  2.25E+02  6.19E+01  2.36E+00  0.015736  0.966369  0.0000000E+00  1.0505696909E+01
291  2.242420425294126E+06  466.765546  7.431620  4.085543  8.5870840E-02  9.1411890E-01  1.0821055E-07  3.0541628E-08  5.9395141E-06  4.9757415E-08  9.8397401E-11  2.6795411E-12  2.0806631E-09  7.1511311E-11  1.282E-11  0.8895  4.085866   -4.317  2.162208  8.445321  0.0000000E+00  2.7812997E-01  2.8198773E-01  1.6411847E-10  6.9206689E-09  4.3864115E-01  5.3016725E-11  2.9308167E-08  8.9732164E-04  1.1395035E-04  1.243E-13  2.872E-09  8.408E-05  1.000E+00  1.002E+00  2.25E+02  6.22E+01  2.34E+00  0.015607  0.966111  0.0000000E+00  1.0491028740E+01
292  2.243627993243832E+06  466.707306  7.431862  4.085360  8.5586840E-02  9.1440290E-01  1.0760761E-07  3.0397348E-08  5.9392123E-06  4.9666682E-08  9.8394066E-11  2.6404925E-12  2.0701633E-09  7.1151621E-11  1.274E-11  0.8939  4.085682   -4.316  2.164009  8.445918  0.0000000E+00  2.7341736E-01  2.7917999E-01  5.0348237E-09  1.1327670E-07  4.4609176E-01  1.8303612E-10  1.0544963E-07  9.5984399E-04  1.1189608E-04  1.560E-13  2.844E-09  8.428E-05  1.000E+00  1.002E+00  2.25E+02  6.17E+01  2.32E+00  0.015490  0.966517  0.0000000E+00  1.0476319019E+01
293  2.244835152266846E+06  466.649030  7.431916  4.085323  8.5327920E-02  9.1466190E-01  1.0703906E-07  3.0258895E-08  5.9389652E-06  4.9584178E-08  9.8382975E-11  2.6047251E-12  2.0606177E-09  7.0824284E-11  1.267E-11  0.8897  4.085644   -4.316  2.167712  8.447149  0.0000000E+00  2.6870476E-01  2.7629706E-01  6.6930333E-11  2.4720550E-10  4.5361358E-01  1.7879130E-11  2.4635725E-09  1.0270651E-03  1.0930532E-04  1.361E-13  2.808E-09  8.472E-05  1.000E+00  1.002E+00  2.25E+02  6.17E+01  2.29E+00  0.015315  0.966530  0.0000000E+00  1.0461731774E+01
294  2.246053825025734E+06  466.590147  7.431887  4.085353  8.5058280E-02  9.1493150E-01  1.0642958E-07  3.0108181E-08  5.9387339E-06  4.9498474E-08  9.8362892E-11  2.5673842E-12  2.0507033E-09  7.0483939E-11  1.259E-11  0.8896  4.085672   -4.316  2.170264  8.447996  0.0000000E+00  2.6399216E-01  2.7330793E-01  3.5358068E-10  7.1576550E-09  4.6123493E-01  2.5778962E-11  7.1831523E-09  1.1003043E-03  1.0677677E-04  1.413E-13  2.782E-09  8.500E-05  1.000E+00  1.002E+00  2.25E+02  6.18E+01  2.27E+00  0.015179  0.966344  0.0000000E+00  1.0447149254E+01
295  2.247278940275358E+06  466.530911  7.431987  4.085300  8.4767770E-02  9.1522200E-01  1.0575487E-07  2.9938869E-08  5.9385117E-06  4.9406389E-08  9.8331125E-11  2.5271279E-12  2.0400508E-09  7.0117836E-11  1.251E-11  0.8889  4.085618   -4.315  2.173018  8.448910  0.0000000E+00  2.5927956E-01  2.7021915E-01  7.4498429E-11  2.8669994E-09  4.6894957E-01  3.4428974E-11  1.7745373E-08  1.1795645E-03  1.0422688E-04  1.504E-13  2.766E-09  8.532E-05  1.000E+00  1.002E+00  2.25E+02  6.17E+01  2.26E+00  0.015107  0.966433  0.0000000E+00  1.0432569101E+01
296  2.248561405850462E+06  466.468843  7.432031  4.085283  8.4478030E-02  9.1551180E-01  1.0506443E-07  2.9763101E-08  5.9383163E-06  4.9314830E-08  9.8288120E-11  2.4870361E-12  2.0294580E-09  6.9753306E-11  1.243E-11  0.8914  4.085600   -4.315  2.175646  8.449784  0.0000000E+00  2.5456695E-01  2.6691131E-01  5.4473799E-11  6.6143250E-11  4.7687006E-01  1.8275863E-11  2.2630433E-09  1.2660739E-03  1.0664196E-04  1.948E-13  2.747E-09  8.562E-05  1.000E+00  1.002E+00  2.25E+02  6.18E+01  2.25E+00  0.015011  0.966400  0.0000000E+00  1.0417377922E+01
297  2.249807140333142E+06  466.408506  7.432053  4.085284  8.4176620E-02  9.1581320E-01  1.0432954E-07  2.9573492E-08  5.9381380E-06  4.9219891E-08  9.8230873E-11  2.4454785E-12  2.0184713E-09  6.9374687E-11  1.235E-11  0.8994  4.085601   -4.314  2.177654  8.450449  0.0000000E+00  2.4985435E-01  2.6365103E-01  7.7608366E-09  1.2319048E-07  4.8474314E-01  1.0985211E-10  3.6903328E-08  1.3590067E-03  1.0222207E-04  1.573E-13  2.748E-09  8.583E-05  1.000E+00  1.002E+00  2.25E+02  6.18E+01  2.25E+00  0.015019  0.966301  0.0000000E+00  1.0402653542E+01
298  2.251045373153100E+06  466.348479  7.432026  4.085349  8.3856150E-02  9.1613360E-01  1.0353189E-07  2.9365019E-08  5.9379728E-06  4.9119313E-08  9.8155551E-11  2.4015569E-12  2.0068267E-09  6.8972749E-11  1.227E-11  0.8906  4.085666   -4.314  2.180434  8.451371  0.0000000E+00  2.4514175E-01  2.6029182E-01  2.5760744E-10  1.6909514E-08  4.9270575E-01  8.6254791E-11  5.2043753E-08  1.4608425E-03  9.8226971E-05  1.651E-13  2.766E-09  8.615E-05  1.000E+00  1.002E+00  2.25E+02  6.21E+01  2.26E+00  0.015104  0.966084  0.0000000E+00  1.0387968114E+01
299  2.252299045039348E+06  466.287649  7.431978  4.085403  8.3546670E-02  9.1644310E-01  1.0274796E-07  2.9157668E-08  5.9378337E-06  4.9022565E-08  9.8068273E-11  2.3594947E-12  1.9956180E-09  6.8585177E-11  1.219E-11  0.8915  4.085719   -4.314  2.182675  8.452112  0.0000000E+00  2.4042914E-01  2.5681982E-01  2.8122204E-09  9.1981072E-08  5.0077111E-01  1.6012328E-10  1.0651111E-07  1.5719684E-03  9.4378634E-05  1.957E-13  2.779E-09  8.641E-05  1.000E+00  1.002E+00  2.25E+02  6.23E+01  2.27E+00  0.015170  0.965827  0.0000000E+00  1.0373048636E+01
300  2.253561426151854E+06  466.226359  7.432043  4.085378  8.3211230E-02  9.1677860E-01  1.0188589E-07  2.8927095E-08  5.9377015E-06  4.8918152E-08  9.7957320E-11  2.3143962E-12  1.9835098E-09  6.8165695E-11  1.210E-11  0.8903  4.085693   -4.314  2.185657  8.453100  0.0000000E+00  2.3571654E-01  2.5324218E-01  7.7944459E-11  1.0034826E-08  5.0893135E-01  1.3231290E-10  6.6250107E-08  1.6931420E-03  9.1021441E-05  2.270E-13  2.804E-09  8.675E-05  1.000E+00  1.002E+00  2.25E+02  6.23E+01  2.29E+00  0.015302  0.965798  0.0000000E+00  1.0357859313E+01
301  2.254827536414256E+06  466.164829  7.432095  4.085365  8.2870800E-02  9.1711900E-01  1.0100084E-07  2.8687833E-08  5.9375823E-06  4.8812702E-08  9.7827213E-11  2.2692548E-12  1.9712655E-09  6.7740553E-11  1.201E-11  0.8916  4.085679   -4.313  2.188332  8.453986  0.0000000E+00  2.3100394E-01  2.4957726E-01  3.4858678E-09  1.1342407E-07  5.1716775E-01  1.7925116E-10  1.1864632E-07  1.8257582E-03  8.6596479E-05  2.258E-13  2.835E-09  8.706E-05  1.000E+00  1.002E+00  2.25E+02  6.24E+01  2.32E+00  0.015461  0.965741  0.0000000E+00  1.0342492767E+01
302  2.256110933981464E+06  466.102404  7.432013  4.085496  8.2498060E-02  9.1749170E-01  1.0002412E-07  2.8421189E-08  5.9374630E-06  4.8697869E-08  9.7665513E-11  2.2206411E-12  1.9579086E-09  6.7275641E-11  1.192E-11  0.8902  4.085809   -4.313  2.192002  8.455203  0.0000000E+00  2.2629133E-01  2.4578050E-01  3.4467304E-11  2.7031146E-09  5.2552161E-01  7.9852435E-11  2.7841176E-08  1.9708693E-03  8.3807429E-05  2.695E-13  2.884E-09  8.750E-05  1.000E+00  1.002E+00  2.25E+02  6.28E+01  2.35E+00  0.015694  0.965355  0.0000000E+00  1.0326732792E+01
303  2.257399549782136E+06  466.039670  7.431969  4.085570  8.2137870E-02  9.1785190E-01  9.9076491E-08  2.8160168E-08  5.9373529E-06  4.8587576E-08  9.7491061E-11  2.1745613E-12  1.9450515E-09  6.6826907E-11  1.182E-11  0.8900  4.085882   -4.313  2.195565  8.456383  0.0000000E+00  2.2157873E-01  2.4189150E-01  2.7293776E-11  2.0325726E-10  5.3395349E-01  3.2531384E-11  5.4984614E-09  2.1300312E-03  8.0198914E-05  2.700E-13  2.928E-09  8.793E-05  1.000E+00  1.002E+00  2.25E+02  6.31E+01  2.39E+00  0.015908  0.965064  0.0000000E+00  1.0310724473E+01
304  2.258723363215963E+06  465.975167  7.431954  4.085644  8.1745070E-02  9.1824470E-01  9.8042925E-08  2.7873154E-08  5.9372322E-06  4.8468115E-08  9.7281676E-11  2.1254062E-12  1.9310863E-09  6.6338015E-11  1.173E-11  0.8897  4.085956   -4.312  2.198505  8.457355  0.0000000E+00  2.1686613E-01  2.3781583E-01  2.5205118E-11  5.0516636E-12  5.4255040E-01  3.2015136E-11  6.2773232E-10  2.3065054E-03  7.9920640E-05  4.596E-13  2.979E-09  8.827E-05  1.000E+00  1.002E+00  2.25E+02  6.34E+01  2.42E+00  0.016153  0.964814  0.0000000E+00  1.0294036043E+01
305  2.259988549361306E+06  465.913462  7.431987  4.085681  8.1368730E-02  9.1862110E-01  9.7056343E-08  2.7597248E-08  5.9371100E-06  4.8354507E-08  9.7064589E-11  2.0794197E-12  1.9177602E-09  6.5869980E-11  1.163E-11  0.8906  4.085992   -4.312  2.203457  8.458997  0.0000000E+00  2.1215353E-01  2.3377200E-01  2.2410101E-11  5.9669877E-12  5.5110250E-01  3.8185938E-13  6.4729930E-11  2.5007145E-03  7.3942090E-05  2.793E-13  3.019E-09  8.889E-05  1.000E+00  1.002E+00  2.25E+02  6.35E+01  2.45E+00  0.016344  0.964683  0.0000000E+00  1.0277841168E+01
306  2.261268365739385E+06  465.850981  7.432168  4.085622  8.0976424E-02  9.1901340E-01  9.6035328E-08  2.7309966E-08  5.9369702E-06  4.8237032E-08  9.6823303E-11  2.0326808E-12  1.9039244E-09  6.5382361E-11  1.154E-11  0.8911  4.085932   -4.312  2.206887  8.460131  0.0000000E+00  2.0744092E-01  2.2961332E-01  1.9387131E-11  2.1537823E-12  5.5974826E-01  2.6512173E-14  5.3446775E-12  2.7148209E-03  6.8464141E-05  2.109E-13  3.060E-09  8.930E-05  1.000E+00  1.002E+00  2.25E+02  6.33E+01  2.49E+00  0.016584  0.964872  0.0000000E+00  1.0261201333E+01
307  2.262499629882501E+06  465.790806  7.432070  4.085793  8.0591670E-02  9.1939810E-01  9.5044425E-08  2.7029674E-08  5.9368158E-06  4.8122838E-08  9.6574172E-11  1.9880527E-12  1.8904099E-09  6.4904292E-11  1.144E-11  0.8912  4.086103   -4.310  2.210344  8.461272  0.0000000E+00  2.0272832E-01  2.2541039E-01  1.6095118E-11  1.7255834E-12  5.6841575E-01  4.8395842E-15  3.7701680E-12  2.9527713E-03  6.1030573E-05  1.064E-13  3.109E-09  8.973E-05  1.000E+00  1.002E+00  2.25E+02  6.37E+01  2.53E+00  0.016843  0.964425  0.0000000E+00  1.0244911535E+01
308  2.263738048504422E+06  465.730221  7.432023  4.085894  8.0223620E-02  9.1976620E-01  9.4108860E-08  2.6763854E-08  5.9366480E-06  4.8014637E-08  9.6326463E-11  1.9465058E-12  1.8775339E-09  6.4447054E-11  1.135E-11  0.8912  4.086202   -4.310  2.213860  8.462432  0.0000000E+00  1.9801572E-01  2.2110163E-01  1.3242395E-11  1.3810954E-12  5.7716241E-01  1.0201237E-15  2.7714605E-12  3.2162069E-03  5.4024014E-05  5.788E-14  3.139E-09  9.016E-05  1.000E+00  1.002E+00  2.25E+02  6.40E+01  2.55E+00  0.017005  0.964117  0.0000000E+00  1.0228318630E+01
309  2.264983066486872E+06  465.669237  7.432075  4.085959  7.9853350E-02  9.2013640E-01  9.3181902E-08  2.6499482E-08  5.9364558E-06  4.7906888E-08  9.6070125E-11  1.9058419E-12  1.8646306E-09  6.3987004E-11  1.126E-11  0.8912  4.086266   -4.310  2.217468  8.463623  0.0000000E+00  1.9330311E-01  2.1668691E-01  1.0787360E-11  1.1133386E-12  5.8598476E-01  2.0517860E-16  2.0934523E-12  3.5084334E-03  4.7458214E-05  3.383E-14  3.165E-09  9.061E-05  1.000E+00  1.002E+00  2.25E+02  6.41E+01  2.57E+00  0.017142  0.964029  0.0000000E+00  1.0211508078E+01
310  2.266235816224129E+06  465.607807  7.432247  4.085901  7.9519567E-02  9.2047018E-01  9.2359981E-08  2.6264341E-08  5.9362603E-06  4.7810786E-08  9.5834729E-11  1.8701520E-12  1.8530429E-09  6.3572196E-11  1.118E-11  0.8912  4.086208   -4.309  2.221160  8.464841  0.0000000E+00  1.8859051E-01  2.1216614E-01  8.6910012E-12  9.0089762E-13  5.9487876E-01  4.6843800E-17  1.6076311E-12  3.8332193E-03  4.1345444E-05  2.116E-14  3.151E-09  9.107E-05  1.000E+00  1.002E+00  2.25E+02  6.39E+01  2.56E+00  0.017079  0.964243  0.0000000E+00  1.0194541925E+01
311  2.267496613724274E+06  465.545916  7.432297  4.085976  7.9159630E-02  9.2083020E-01  9.1489075E-08  2.6014538E-08  5.9360241E-06  4.7708303E-08  9.5578073E-11  1.8326602E-12  1.8405920E-09  6.3124667E-11  1.110E-11  0.8911  4.086283   -4.309  2.224935  8.466086  0.0000000E+00  1.8387791E-01  2.0753938E-01  6.9166505E-12  7.3232756E-13  6.0383958E-01  2.5624443E-17  1.2504430E-12  4.1949243E-03  3.5695239E-05  1.412E-14  3.163E-09  9.155E-05  1.000E+00  1.002E+00  2.25E+02  6.39E+01  2.57E+00  0.017136  0.964157  0.0000000E+00  1.0177418706E+01
312  2.268765460774152E+06  465.483569  7.432249  4.086097  7.8809160E-02  9.2118060E-01  9.0657836E-08  2.5775548E-08  5.9357667E-06  4.7609788E-08  9.5326905E-11  1.7971571E-12  1.8285150E-09  6.2688629E-11  1.101E-11  0.8911  4.086403   -4.309  2.228805  8.467363  0.0000000E+00  1.7916530E-01  2.0280710E-01  5.4304140E-12  6.0001318E-13  6.1286119E-01  3.6357062E-17  9.8527513E-13  4.5985520E-03  3.0513965E-05  1.000E-14  3.171E-09  9.204E-05  1.000E+00  1.002E+00  2.25E+02  6.42E+01  2.58E+00  0.017164  0.963867  0.0000000E+00  1.0160132370E+01
313  2.270044069923122E+06  465.420680  7.432418  4.086090  7.8451970E-02  9.2153780E-01  8.9828622E-08  2.5536651E-08  5.9354748E-06  4.7510794E-08  9.5071174E-11  1.7619802E-12  1.8162539E-09  6.2243847E-11  1.093E-11  0.8910  4.086395   -4.308  2.232748  8.468664  0.0000000E+00  1.7445270E-01  1.9796948E-01  4.1998988E-12  5.4406629E-13  6.2193695E-01  3.2063443E-16  9.4640867E-13  5.0500539E-03  2.5805514E-05  7.502E-15  3.174E-09  9.254E-05  1.000E+00  1.002E+00  2.25E+02  6.40E+01  2.58E+00  0.017193  0.964054  0.0000000E+00  1.0142642272E+01
314  2.271325754286220E+06  465.357560  7.432506  4.086125  7.8119200E-02  9.2187060E-01  8.9072844E-08  2.5318535E-08  5.9351753E-06  4.7419940E-08  9.4834371E-11  1.7300974E-12  1.8048737E-09  6.1829044E-11  1.085E-11  0.8908  4.086429   -4.307  2.236856  8.470019  0.0000000E+00  1.6974010E-01  1.9302894E-01  3.1961926E-12  3.8742916E-13  6.3105706E-01  5.3607184E-18  6.0122247E-13  5.5558679E-03  2.1563218E-05  5.882E-15  3.157E-09  9.307E-05  1.000E+00  1.002E+00  2.25E+02  6.40E+01  2.57E+00  0.017096  0.964070  0.0000000E+00  1.0125130184E+01
315  2.272615675729413E+06  465.293962  7.432650  4.086135  7.7770010E-02  9.2221980E-01  8.8297201E-08  2.5094359E-08  5.9348320E-06  4.7326114E-08  9.4588420E-11  1.6975252E-12  1.7929753E-09  6.1393251E-11  1.077E-11  0.8906  4.086439   -4.306  2.241033  8.471397  0.0000000E+00  1.6502750E-01  1.8798601E-01  2.3881773E-12  3.1321569E-13  6.4021199E-01  2.8809462E-18  4.7424085E-13  6.1241137E-03  1.7785083E-05  4.823E-15  3.154E-09  9.361E-05  1.000E+00  1.002E+00  2.25E+02  6.39E+01  2.56E+00  0.017087  0.964228  0.0000000E+00  1.0107550577E+01
316  2.273913714641950E+06  465.229909  7.432622  4.086272  7.7420727E-02  9.2256903E-01  8.7539474E-08  2.4875076E-08  5.9344587E-06  4.7233934E-08  9.4345915E-11  1.6658281E-12  1.7811188E-09  6.0956754E-11  1.068E-11  0.8905  4.086575   -4.307  2.245290  8.472801  0.0000000E+00  1.6031489E-01  1.8284273E-01  1.7491958E-12  2.5516534E-13  6.4938937E-01  5.0695068E-18  3.7730242E-13  6.7637246E-03  1.4460758E-05  4.114E-15  3.153E-09  9.417E-05  1.000E+00  1.002E+00  2.25E+02  6.41E+01  2.56E+00  0.017064  0.963986  0.0000000E+00  1.0089875723E+01
317  2.275221346960692E+06  465.165308  7.432577  4.086450  7.7061480E-02  9.2292830E-01  8.6779439E-08  2.4654866E-08  5.9340423E-06  4.7141034E-08  9.4101016E-11  1.6341362E-12  1.7689712E-09  6.0507069E-11  1.060E-11  0.8912  4.086752   -4.306  2.249634  8.474235  0.0000000E+00  1.5560229E-01  1.7760136E-01  1.2563457E-12  3.0071482E-13  6.5857459E-01  2.9822549E-16  4.3849688E-13  7.4854853E-03  1.1575881E-05  3.637E-15  3.161E-09  9.473E-05  1.000E+00  1.002E+00  2.25E+02  6.44E+01  2.56E+00  0.017085  0.963692  0.0000000E+00  1.0072075751E+01
318  2.276545825168025E+06  465.099795  7.432716  4.086484  7.6723280E-02  9.2326650E-01  8.6081812E-08  2.4452533E-08  5.9336203E-06  4.7055484E-08  9.3875250E-11  1.6051178E-12  1.7575792E-09  6.0082992E-11  1.052E-11  0.8906  4.086785   -4.306  2.254149  8.475725  0.0000000E+00  1.5088969E-01  1.7226269E-01  8.7867581E-13  1.6581641E-13  6.6775107E-01  4.9683040E-18  2.3614302E-13  8.3028910E-03  9.1185597E-06  3.383E-15  3.142E-09  9.533E-05  1.000E+00  1.002E+00  2.25E+02  6.43E+01  2.55E+00  0.016984  0.963833  0.0000000E+00  1.0054123214E+01
319  2.277874750781740E+06  465.033993  7.432867  4.086503  7.6387160E-02  9.2360260E-01  8.5405402E-08  2.4256188E-08  5.9331722E-06  4.6972412E-08  9.3655842E-11  1.5770309E-12  1.7462986E-09  5.9660732E-11  1.044E-11  0.8896  4.086804   -4.305  2.258670  8.477217  0.0000000E+00  1.4617708E-01  1.6683514E-01  6.0029783E-13  1.4360944E-13  6.7689570E-01  1.5283661E-15  4.5271845E-13  9.2282754E-03  7.0463552E-06  3.195E-15  3.125E-09  9.593E-05  1.000E+00  1.002E+00  2.25E+02  6.41E+01  2.54E+00  0.016884  0.964004  0.0000000E+00  1.0036149118E+01
320  2.279209393241543E+06  464.967846  7.432801  4.085507  7.6040150E-02  9.2394960E-01  8.4724859E-08  2.4058492E-08  5.9326793E-06  4.6888872E-08  9.3434901E-11  1.5488071E-12  1.7346962E-09  5.9223882E-11  1.036E-11  0.8895  4.085802   -4.305  2.263370  8.478768  0.0000000E+00  1.4146448E-01  1.6132303E-01  3.9873567E-13  2.6904146E-13  6.8598534E-01  1.7515299E-15  1.0134494E-12  1.0277118E-02  5.3311051E-06  3.062E-15  3.080E-09  9.656E-05  1.000E+00  1.002E+00  2.25E+02  6.43E+01  2.51E+00  0.016750  0.963684  0.0000000E+00  1.0018176913E+01
321  2.280545285235330E+06  464.901557  7.433053  4.085492  7.5694440E-02  9.2429540E-01  8.4064879E-08  2.3866637E-08  5.9321573E-06  4.6808095E-08  9.3220718E-11  1.5214561E-12  1.7231826E-09  5.8787694E-11  1.029E-11  0.8894  4.085786   -4.304  2.268251  8.480379  0.0000000E+00  1.3675188E-01  1.5573323E-01  2.5663274E-13  8.6718181E-14  6.9499206E-01  4.4730921E-19  1.1750591E-13  1.1466360E-02  3.9375213E-06  2.947E-15  3.068E-09  9.722E-05  1.000E+00  1.002E+00  2.25E+02  6.39E+01  2.50E+00  0.016692  0.964070  0.0000000E+00  1.0000190877E+01
322  2.281887110802270E+06  464.834889  7.433125  4.085582  7.5345690E-02  9.2464410E-01  8.3416788E-08  2.3678127E-08  5.9316001E-06  4.6729236E-08  9.3010688E-11  1.4946040E-12  1.7116124E-09  5.8346608E-11  1.021E-11  0.8891  4.085876   -4.303  2.273190  8.482009  0.0000000E+00  1.3203927E-01  1.5007088E-01  1.5989439E-13  7.0054523E-14  7.0388552E-01  5.4577581E-20  9.3606914E-14  1.2815905E-02  2.8358058E-06  2.865E-15  3.064E-09  9.790E-05  1.000E+00  1.002E+00  2.25E+02  6.39E+01  2.50E+00  0.016661  0.964059  0.0000000E+00  9.9822148695E+00
323  2.283235111248258E+06  464.767838  7.433270  4.085620  7.5007570E-02  9.2498220E-01  8.2805178E-08  2.3500138E-08  5.9310306E-06  4.6655492E-08  9.2812911E-11  1.4692580E-12  1.7004377E-09  5.7917889E-11  1.013E-11  0.8888  4.085913   -4.303  2.278270  8.483686  0.0000000E+00  1.2732667E-01  1.4434362E-01  9.6280385E-14  5.6577244E-14  7.1263161E-01  1.0015060E-19  7.4630058E-14  1.4345666E-02  1.9872608E-06  2.811E-15  3.050E-09  9.859E-05  1.000E+00  1.002E+00  2.25E+02  6.37E+01  2.48E+00  0.016582  0.964220  0.0000000E+00  9.9642128550E+00
324  2.284601821543279E+06  464.699783  7.433209  4.085790  7.4661100E-02  9.2532870E-01  8.2195380E-08  2.3322599E-08  5.9304172E-06  4.6582923E-08  9.2616279E-11  1.4439716E-12  1.6890314E-09  5.7477423E-11  1.006E-11  0.8882  4.086083   -4.303  2.283468  8.485402  0.0000000E+00  1.2261407E-01  1.3855942E-01  5.6056242E-14  4.5166611E-14  7.2119132E-01  4.2679628E-19  5.8856060E-14  1.6078482E-02  1.3540693E-06  2.780E-15  3.048E-09  9.932E-05  1.000E+00  1.002E+00  2.25E+02  6.40E+01  2.48E+00  0.016552  0.963907  0.0000000E+00  9.9459998412E+00
325  2.285966698670975E+06  464.631739  7.433255  4.085897  7.4318090E-02  9.2567170E-01  8.1608545E-08  2.3151682E-08  5.9297799E-06  4.6514349E-08  9.2427720E-11  1.4196126E-12  1.6777839E-09  5.7040112E-11  9.982E-12  0.8880  4.086188   -4.302  2.288811  8.487166  0.0000000E+00  1.1790147E-01  1.3273132E-01  3.1347345E-14  3.6388213E-14  7.2952067E-01  2.0696151E-20  4.6906664E-14  1.8035610E-02  8.9187999E-07  2.756E-15  3.045E-09  1.001E-04  1.000E+00  1.002E+00  2.25E+02  6.41E+01  2.48E+00  0.016522  0.963844  0.0000000E+00  9.9278173858E+00
326  2.287344442273994E+06  464.562970  7.433350  4.086012  7.3954020E-02  9.2603580E-01  8.1003482E-08  2.2975399E-08  5.9290713E-06  4.6445351E-08  9.2234127E-11  1.3944621E-12  1.6658943E-09  5.6574564E-11  9.904E-12  0.8872  4.086304   -4.301  2.294252  8.488962  0.0000000E+00  1.1318886E-01  1.2687089E-01  1.6888787E-14  2.9035684E-14  7.3756829E-01  6.5523964E-18  3.7312062E-14  2.0243973E-02  5.6805144E-07  2.742E-15  3.053E-09  1.008E-04  1.000E+00  1.002E+00  2.25E+02  6.41E+01  2.48E+00  0.016554  0.963871  0.0000000E+00  9.9095014003E+00
327  2.288727953773542E+06  464.493838  7.433398  4.086117  7.3615230E-02  9.2637460E-01  8.0456386E-08  2.2815966E-08  5.9283827E-06  4.6384862E-08  9.2059948E-11  1.3716826E-12  1.6548747E-09  5.6140029E-11  9.831E-12  0.8870  4.086408   -4.301  2.299851  8.490810  0.0000000E+00  1.0847626E-01  1.2099322E-01  8.7530520E-15  2.2960957E-14  7.4528055E-01  4.7187029E-20  2.8880692E-14  2.2727394E-02  3.4824453E-07  2.732E-15  3.038E-09  1.016E-04  1.000E+00  1.002E+00  2.25E+02  6.42E+01  2.47E+00  0.016460  0.963817  0.0000000E+00  9.8911038912E+00
328  2.290123881863104E+06  464.423984  7.433759  4.086068  7.3280455E-02  9.2670936E-01  7.9930421E-08  2.2662660E-08  5.9276752E-06  4.6328824E-08  9.1893437E-11  1.3497421E-12  1.6440274E-09  5.5709372E-11  9.760E-12  0.8866  4.086358   -4.300  2.305489  8.492672  0.0000000E+00  1.0376366E-01  1.1511569E-01  4.3844072E-15  3.5749408E-14  7.5259209E-01  1.7113338E-16  1.1104525E-13  2.5514449E-02  2.0575957E-07  2.726E-15  3.010E-09  1.024E-04  1.000E+00  1.002E+00  2.25E+02  6.36E+01  2.45E+00  0.016337  0.964463  0.0000000E+00  9.8726183784E+00
329  2.291530719264190E+06  464.353505  7.433540  4.086364  7.2911660E-02  9.2707810E-01  7.9367473E-08  2.2498547E-08  5.9268649E-06  4.6271677E-08  9.1716495E-11  1.3262070E-12  1.6321259E-09  5.5233462E-11  9.683E-12  0.8862  4.086654   -4.300  2.311272  8.494582  0.0000000E+00  9.9051054E-02  1.0925690E-01  2.1417595E-15  1.4435924E-14  7.5943652E-01  1.8352114E-18  1.7903198E-14  2.8630486E-02  1.1835351E-07  2.728E-15  3.028E-09  1.033E-04  1.000E+00  1.002E+00  2.25E+02  6.42E+01  2.46E+00  0.016389  0.963791  0.0000000E+00  9.8540285582E+00
330  2.292942544366311E+06  464.282699  7.433869  4.086325  7.2569470E-02  9.2742030E-01  7.8860336E-08  2.2350681E-08  5.9260841E-06  4.6223278E-08  9.1558542E-11  1.3049528E-12  1.6211285E-09  5.4790454E-11  9.612E-12  0.8857  4.086614   -4.299  2.317070  8.496495  0.0000000E+00  9.4338451E-02  1.0344042E-01  1.0111987E-15  1.1391970E-14  7.6574661E-01  5.5961582E-20  1.3989763E-14  3.2093962E-02  6.4191312E-08  2.725E-15  3.007E-09  1.041E-04  1.000E+00  1.002E+00  2.25E+02  6.37E+01  2.44E+00  0.016299  0.964357  0.0000000E+00  9.8353607893E+00
331  2.294356398402744E+06  464.211693  7.434089  4.086360  7.2219480E-02  9.2777030E-01  7.8356237E-08  2.2203681E-08  5.9252572E-06  4.6178626E-08  9.1403263E-11  1.2837714E-12  1.6099252E-09  5.4335930E-11  9.541E-12  0.8853  4.086648   -4.299  2.322917  8.498425  0.0000000E+00  8.9625848E-02  9.7689955E-02  4.7319318E-16  8.9228837E-15  7.7144569E-01  4.7818627E-22  1.0851404E-14  3.5926497E-02  3.2936824E-08  2.721E-15  2.994E-09  1.050E-04  1.000E+00  1.002E+00  2.25E+02  6.34E+01  2.43E+00  0.016239  0.964684  0.0000000E+00  9.8167125471E+00
332  2.295790269927767E+06  464.139604  7.434089  4.086526  7.1855280E-02  9.2813450E-01  7.7846922E-08  2.2055136E-08  5.9243668E-06  4.6137680E-08  9.1248623E-11  1.2623100E-12  1.5983151E-09  5.3861425E-11  9.468E-12  0.8843  4.086814   -4.298  2.328710  8.500336  0.0000000E+00  8.4913245E-02  9.2031296E-02  2.3257026E-16  6.5015292E-15  7.7645541E-01  1.4354323E-18  8.1959913E-15  4.0143818E-02  1.6189840E-08  2.717E-15  2.995E-09  1.058E-04  1.000E+00  1.002E+00  2.25E+02  6.35E+01  2.43E+00  0.016227  0.964504  0.0000000E+00  9.7978177655E+00
333  2.297225536341835E+06  464.067335  7.434095  4.087517  7.1489900E-02  9.2849990E-01  7.7351323E-08  2.1910562E-08  5.9234428E-06  4.6102647E-08  9.1100959E-11  1.2413615E-12  1.5867172E-09  5.3383837E-11  9.396E-12  0.8840  4.087810   -4.298  2.334523  8.502255  0.0000000E+00  8.0200642E-02  8.6491542E-02  1.2168638E-16  5.4544003E-15  7.8070559E-01  1.3627351E-22  6.4534540E-15  4.4750623E-02  7.5197234E-09  2.713E-15  3.056E-09  1.067E-04  1.000E+00  1.002E+00  2.25E+02  6.39E+01  2.47E+00  0.016427  0.964339  0.0000000E+00  9.7787778904E+00
334  2.298669007088197E+06  463.994568  7.434277  4.087604  7.1135530E-02  9.2885430E-01  7.6884910E-08  2.1774469E-08  5.9225177E-06  4.6074753E-08  9.0965203E-11  1.2215829E-12  1.5755165E-09  5.2919200E-11  9.327E-12  0.8834  4.087895   -4.297  2.340306  8.504162  0.0000000E+00  7.5488039E-02  8.1098320E-02  7.2934512E-17  4.2742232E-15  7.8412711E-01  9.0988485E-24  5.0305958E-15  4.9744630E-02  3.3193782E-09  2.709E-15  3.042E-09  1.076E-04  1.000E+00  1.002E+00  2.25E+02  6.36E+01  2.46E+00  0.016353  0.964576  0.0000000E+00  9.7596017246E+00
335  2.300132895509745E+06  463.920685  7.434314  4.087811  7.0757290E-02  9.2923250E-01  7.6401808E-08  2.1633463E-08  5.9214998E-06  4.6051787E-08  9.0828626E-11  1.2010265E-12  1.5636111E-09  5.2421752E-11  9.255E-12  0.8829  4.088102   -4.297  2.346007  8.506042  0.0000000E+00  7.0775436E-02  7.5879015E-02  5.0078239E-17  3.0855430E-15  7.8665897E-01  1.9618511E-23  3.6607624E-15  5.5112823E-02  1.4001399E-09  2.705E-15  3.045E-09  1.084E-04  1.000E+00  1.002E+00  2.25E+02  6.38E+01  2.46E+00  0.016352  0.964473  0.0000000E+00  9.7401738698E+00
336  2.301601969519834E+06  463.846454  7.434356  4.088006  7.0383430E-02  9.2960640E-01  7.5939067E-08  2.1498346E-08  5.9204625E-06  4.6036414E-08  9.0702612E-11  1.1812625E-12  1.5518954E-09  5.1928607E-11  9.186E-12  0.8823  4.088297   -4.296  2.351646  8.507900  0.0000000E+00  6.6062833E-02  7.0858953E-02  3.7004674E-17  2.5955815E-15  7.8825773E-01  5.4524376E-24  2.9757967E-15  6.0829102E-02  5.6136467E-10  2.701E-15  3.045E-09  1.093E-04  1.000E+00  1.002E+00  2.26E+02  6.39E+01  2.46E+00  0.016334  0.964383  0.0000000E+00  9.7206694423E+00
337  2.303095794581008E+06  463.770878  7.434497  4.088155  7.0001450E-02  9.2998830E-01  7.5481065E-08  2.1364552E-08  5.9193712E-06  4.6028576E-08  9.0583527E-11  1.1616215E-12  1.5399783E-09  5.1423344E-11  9.116E-12  0.8811  4.088445   -4.296  2.357175  8.509723  0.0000000E+00  6.1350230E-02  6.6062526E-02  2.9300670E-17  1.8794115E-15  7.8888554E-01  3.1324485E-21  2.1471021E-15  6.6859316E-02  2.1740971E-10  2.698E-15  3.048E-09  1.101E-04  1.000E+00  1.002E+00  2.26E+02  6.38E+01  2.46E+00  0.016334  0.964511  0.0000000E+00  9.7008404695E+00
338  2.304591216278220E+06  463.695128  7.434601  4.088325  6.9627035E-02  9.3036274E-01  7.5046399E-08  2.1237508E-08  5.9182703E-06  4.6028995E-08  9.0476741E-11  1.1428989E-12  1.5283491E-09  5.0926787E-11  9.048E-12  0.8811  4.088615   -4.295  2.362822  8.511583  0.0000000E+00  5.6637627E-02  6.1509264E-02  2.3482092E-17  1.5770077E-15  7.8853104E-01  4.1417252E-24  1.7567650E-15  7.3156940E-02  8.1218718E-11  2.694E-15  3.044E-09  1.110E-04  1.000E+00  1.002E+00  2.26E+02  6.37E+01  2.45E+00  0.016304  0.964560  0.0000000E+00  9.6809962103E+00
339  2.306106005024753E+06  463.618302  7.434777  4.088480  6.9241040E-02  9.3074870E-01  7.4612779E-08  2.1110701E-08  5.9171033E-06  4.6038146E-08  9.0377287E-11  1.1241308E-12  1.5164140E-09  5.0413663E-11  8.980E-12  0.8806  4.088771   -4.294  2.368372  8.513411  0.0000000E+00  5.1925024E-02  5.7217709E-02  1.9239621E-17  1.2356353E-15  7.8718743E-01  3.3676200E-23  1.3554005E-15  7.9671222E-02  3.0277144E-11  2.690E-15  3.043E-09  1.119E-04  1.000E+00  1.002E+00  2.26E+02  6.35E+01  2.45E+00  0.016290  0.964762  0.0000000E+00  9.6608909125E+00
340  2.307650337487269E+06  463.539889  7.434813  4.088724  6.8842060E-02  9.3114770E-01  7.4179670E-08  2.0983973E-08  5.9158632E-06  4.6057180E-08  9.0285998E-11  1.1052821E-12  1.5041346E-09  4.9882169E-11  8.912E-12  0.8794  4.089015   -4.294  2.374057  8.515284  0.0000000E+00  4.7212421E-02  5.3203311E-02  1.6075217E-17  8.8980089E-16  7.8486182E-01  1.4286634E-22  9.8402763E-16  8.6345773E-02  1.2407074E-11  2.686E-15  3.052E-09  1.128E-04  1.000E+00  1.002E+00  2.26E+02  6.37E+01  2.46E+00  0.016310  0.964645  0.0000000E+00  9.6403511996E+00
341  2.309199416361389E+06  463.461125  7.434846  4.088927  6.8449692E-02  9.3154009E-01  7.3768434E-08  2.0863584E-08  5.9146101E-06  4.6085681E-08  9.0207692E-11  1.0872759E-12  1.4921151E-09  4.9358565E-11  8.845E-12  0.8792  4.089217   -4.294  2.379925  8.517216  0.0000000E+00  4.2499818E-02  4.9471012E-02  1.3343873E-17  7.5121683E-16  7.8160100E-01  2.8021179E-23  7.9797067E-16  9.3120988E-02  5.3859568E-12  2.682E-15  3.054E-09  1.137E-04  1.000E+00  1.002E+00  2.26E+02  6.38E+01  2.46E+00  0.016303  0.964531  0.0000000E+00  9.6197640730E+00
342  2.310760480877039E+06  463.381656  7.434999  4.089094  6.8058940E-02  9.3193080E-01  7.3373118E-08  2.0747808E-08  5.9133293E-06  4.6123936E-08  9.0140885E-11  1.0698511E-12  1.4802008E-09  4.8836432E-11  8.782E-12  0.8784  4.089384   -4.293  2.386087  8.519247  0.0000000E+00  3.7787215E-02  4.6030711E-02  1.1285005E-17  5.8926518E-16  7.7743225E-01  2.9291626E-24  6.1461062E-16  9.9943349E-02  2.8612585E-12  2.678E-15  3.048E-09  1.147E-04  1.000E+00  1.002E+00  2.26E+02  6.37E+01  2.45E+00  0.016261  0.964680  0.0000000E+00  9.5990164013E+00
343  2.312342522839413E+06  463.301006  7.435054  4.089318  6.7665310E-02  9.3232450E-01  7.2988880E-08  2.0635245E-08  5.9120063E-06  4.6172548E-08  9.0084499E-11  1.0527911E-12  1.4682543E-09  4.8310005E-11  8.719E-12  0.8767  4.089608   -4.292  2.392546  8.521375  0.0000000E+00  3.3074612E-02  4.2887805E-02  9.6463123E-18  4.6718644E-16  7.7239792E-01  2.2461286E-23  4.8341834E-16  1.0676339E-01  1.8986775E-12  2.673E-15  3.042E-09  1.157E-04  1.000E+00  1.002E+00  2.26E+02  6.38E+01  2.44E+00  0.016213  0.964613  0.0000000E+00  9.5780187687E+00
344  2.313939267451247E+06  463.219508  7.435164  4.089517  6.7258250E-02  9.3273150E-01  7.2606004E-08  2.0523063E-08  5.9106039E-06  4.6233594E-08  9.0037279E-11  1.0356541E-12  1.4559588E-09  4.7765419E-11  8.655E-12  0.8763  4.089807   -4.292  2.399850  8.523785  0.0000000E+00  2.8362009E-02  4.0042909E-02  8.3877022E-18  3.6737698E-16  7.6655208E-01  3.9896613E-24  3.7573204E-16  1.1354027E-01  1.4699081E-12  2.669E-15  3.049E-09  1.169E-04  1.000E+00  1.002E+00  2.26E+02  6.38E+01  2.45E+00  0.016227  0.964660  0.0000000E+00  9.5568467931E+00
345  2.315543482237238E+06  463.137514  7.435328  4.089675  6.6859520E-02  9.3313030E-01  7.2244802E-08  2.0417229E-08  5.9091970E-06  4.6304019E-08  9.0001384E-11  1.0193469E-12  1.4439720E-09  4.7232067E-11  8.595E-12  0.8757  4.089965   -4.291  2.408082  8.526502  0.0000000E+00  2.3649406E-02  3.7498985E-02  7.4198375E-18  2.9229243E-16  7.5993850E-01  2.4528450E-24  2.9576634E-16  1.2024795E-01  1.2368202E-12  2.665E-15  3.040E-09  1.183E-04  1.000E+00  1.002E+00  2.26E+02  6.36E+01  2.44E+00  0.016174  0.964835  0.0000000E+00  9.5355996395E+00
346  2.317170487217978E+06  463.054241  7.435251  4.089970  6.6456690E-02  9.3353310E-01  7.1893437E-08  2.0314284E-08  5.9077428E-06  4.6385848E-08  8.9975016E-11  1.0033391E-12  1.4319193E-09  4.6693653E-11  8.536E-12  0.8748  4.090260   -4.291  2.417757  8.529699  0.0000000E+00  1.8936803E-02  3.5259758E-02  6.7245168E-18  2.2954954E-16  7.5259354E-01  2.3465461E-24  2.2658440E-16  1.2687621E-01  1.0847291E-12  2.661E-15  3.037E-09  1.200E-04  1.000E+00  1.002E+00  2.26E+02  6.40E+01  2.43E+00  0.016132  0.964474  0.0000000E+00  9.5140725214E+00
347  2.318807277591990E+06  462.970314  7.435550  4.089016  6.6056660E-02  9.3393310E-01  7.1557433E-08  2.0215853E-08  5.9062670E-06  4.6477506E-08  8.9958085E-11  9.8788763E-13  1.4200070E-09  4.6159750E-11  8.479E-12  0.8727  4.089300   -4.290  2.429851  8.533701  0.0000000E+00  1.4224200E-02  3.3330855E-02  6.2887391E-18  1.8546910E-16  7.4453898E-01  2.2521806E-24  1.8574028E-16  1.3344349E-01  9.7376006E-13  2.657E-15  3.024E-09  1.221E-04  1.000E+00  1.002E+00  2.26E+02  6.34E+01  2.43E+00  0.016171  0.964951  0.0000000E+00  9.4923542671E+00
348  2.320464587718724E+06  462.885212  7.435765  4.089260  6.5638740E-02  9.3435100E-01  7.1219755E-08  2.0116944E-08  5.9046923E-06  4.6584193E-08  8.9949863E-11  9.7220633E-13  1.4076222E-09  4.5603170E-11  8.421E-12  0.8711  4.089544   -4.289  2.446355  8.539168  0.0000000E+00  9.5115967E-03  3.1728249E-02  6.1853889E-18  1.5022013E-16  7.3575470E-01  2.1894976E-24  1.5090929E-16  1.4001273E-01  8.9041103E-13  2.653E-15  3.028E-09  1.251E-04  1.000E+00  1.002E+00  2.26E+02  6.32E+01  2.43E+00  0.016172  0.965228  0.0000000E+00  9.4702820878E+00
349  2.322167898498362E+06  462.797569  7.435999  4.089536  6.5216090E-02  9.3477370E-01  7.0891759E-08  2.0020877E-08  5.9030661E-06  4.6703249E-08  8.9951101E-11  9.5681638E-13  1.3951597E-09  4.5041971E-11  8.365E-12  0.8677  4.089820   -4.288  2.473308  8.548110  0.0000000E+00  4.7989937E-03  3.0489972E-02  6.7309472E-18  1.2562677E-16  7.2612950E-01  2.1778375E-24  1.2870637E-16  1.4675481E-01  8.3205725E-13  2.648E-15  3.026E-09  1.302E-04  1.000E+00  1.002E+00  2.26E+02  6.29E+01  2.43E+00  0.016145  0.965548  0.0000000E+00  9.4476013300E+00
350  2.324442341528689E+06  462.680176  7.437210  4.089918  6.4605940E-02  9.3538380E-01  7.0440765E-08  1.9888773E-08  5.9006624E-06  4.6893622E-08  8.9968749E-11  9.3538647E-13  1.3772777E-09  4.4235689E-11  8.289E-12  0.8098  4.090204   -4.286  2.616825  8.595842  0.0000000E+00  8.6390720E-05  2.9726733E-02  1.3646273E-17  3.2076595E-16  7.1521563E-01  2.5570772E-24  3.8996149E-16  1.5430217E-01  8.2389059E-13  2.642E-15  3.068E-09  1.620E-04  1.000E+00  1.002E+00  2.26E+02  6.07E+01  2.46E+00  0.016342  0.967933  0.0000000E+00  9.4171416687E+00
351  2.324451676844411E+06  462.679692  7.437211  4.089922  6.4605940E-02  9.3538380E-01  7.0440765E-08  1.9888773E-08  5.9006624E-06  4.6893622E-08  8.9968749E-11  9.3538647E-13  1.3772777E-09  4.4235689E-11  8.289E-12  0.8077  4.090208   -4.286  2.618487  8.596395  0.0000000E+00  8.2071184E-05  2.9726404E-02  1.3635602E-17  3.2908947E-16  7.1520424E-01  2.5598544E-24  3.9856357E-16  1.5431070E-01  8.2401493E-13  2.642E-15  3.067E-09  1.624E-04  1.000E+00  1.002E+00  2.26E+02  6.07E+01  2.46E+00  0.016335  0.967936  0.0000000E+00  9.4170151529E+00
352  2.324471251815852E+06  462.678678  7.437266  4.089903  6.4584328E-02  9.3540546E-01  7.0425288E-08  1.9884238E-08  5.9005760E-06  4.6900768E-08  8.9969720E-11  9.3464489E-13  1.3766468E-09  4.4207235E-11  8.286E-12  0.8069  4.090188   -4.286  2.622019  8.597571  0.0000000E+00  7.3432113E-05  2.9725755E-02  1.3735704E-17  3.4476534E-16  7.1518142E-01  2.5662269E-24  4.1840092E-16  1.5432780E-01  8.2427408E-13  2.642E-15  3.079E-09  1.633E-04  1.000E+00  1.002E+00  2.26E+02  6.06E+01  2.47E+00  0.016406  0.968060  0.0000000E+00  9.4167500014E+00
353  2.324492391487534E+06  462.677582  7.437010  4.090171  6.4529380E-02  9.3546040E-01  7.0385939E-08  1.9872711E-08  5.9003565E-06  4.6918935E-08  8.9972191E-11  9.3275952E-13  1.3750428E-09  4.4134894E-11  8.281E-12  0.8064  4.090459   -4.285  2.625874  8.598854  0.0000000E+00  6.4793041E-05  2.9725118E-02  1.3960748E-17  3.5970935E-16  7.1515854E-01  2.5739032E-24  4.4211357E-16  1.5434502E-01  8.2455009E-13  2.642E-15  3.124E-09  1.643E-04  1.000E+00  1.002E+00  2.26E+02  6.12E+01  2.50E+00  0.016605  0.967428  0.0000000E+00  9.4164602525E+00
354  2.324503689144733E+06  462.676998  7.436921  4.090234  6.4529380E-02  9.3546040E-01  7.0385939E-08  1.9872711E-08  5.9003565E-06  4.6918935E-08  8.9972191E-11  9.3275952E-13  1.3750428E-09  4.4134894E-11  8.281E-12  0.8024  4.090521   -4.287  2.627993  8.599558  0.0000000E+00  6.0473505E-05  2.9724804E-02  1.4112791E-17  3.6726184E-16  7.1514706E-01  2.5783374E-24  4.5564447E-16  1.5435367E-01  8.2469584E-13  2.642E-15  3.124E-09  1.648E-04  1.000E+00  1.002E+00  2.26E+02  6.14E+01  2.50E+00  0.016595  0.967226  0.0000000E+00  9.4163054926E+00
355  2.324515488644537E+06  462.676387  7.436847  4.090281  6.4529380E-02  9.3546040E-01  7.0385939E-08  1.9872711E-08  5.9003565E-06  4.6918935E-08  8.9972191E-11  9.3275952E-13  1.3750428E-09  4.4134894E-11  8.281E-12  0.7992  4.090568   -4.286  2.630235  8.600304  0.0000000E+00  5.6153970E-05  2.9724495E-02  1.4274444E-17  3.7506501E-16  7.1513557E-01  2.5831707E-24  4.7030127E-16  1.5436235E-01  8.2484672E-13  2.642E-15  3.124E-09  1.654E-04  1.000E+00  1.002E+00  2.26E+02  6.16E+01  2.50E+00  0.016588  0.967062  0.0000000E+00  9.4161435855E+00
356  2.324540967908425E+06  462.675069  7.436704  4.090372  6.4529380E-02  9.3546040E-01  7.0385939E-08  1.9872711E-08  5.9003565E-06  4.6918935E-08  8.9972191E-11  9.3275952E-13  1.3750428E-09  4.4134894E-11  8.281E-12  0.7949  4.090660   -4.286  2.635176  8.601949  0.0000000E+00  4.7514898E-05  2.9723887E-02  1.4653457E-17  3.9209218E-16  7.1511253E-01  2.5941987E-24  5.0368290E-16  1.5437982E-01  8.2516599E-13  2.642E-15  3.123E-09  1.666E-04  1.000E+00  1.002E+00  2.26E+02  6.19E+01  2.50E+00  0.016567  0.966749  0.0000000E+00  9.4157942104E+00
357  2.324569990271720E+06  462.673569  7.436604  4.090442  6.4529380E-02  9.3546040E-01  7.0385939E-08  1.9872711E-08  5.9003565E-06  4.6918935E-08  8.9972191E-11  9.3275952E-13  1.3750428E-09  4.4134894E-11  8.281E-12  0.7895  4.090730   -4.287  2.640974  8.603878  0.0000000E+00  3.8875827E-05  2.9723293E-02  1.5075002E-17  4.1360874E-16  7.1508940E-01  2.6072330E-24  5.4416545E-16  1.5439742E-01  8.2551233E-13  2.642E-15  3.121E-09  1.681E-04  1.000E+00  1.002E+00  2.26E+02  6.21E+01  2.50E+00  0.016545  0.966531  0.0000000E+00  9.4153970557E+00
358  2.324611038889555E+06  462.671447  7.436631  4.090450  6.4529380E-02  9.3546040E-01  7.0385939E-08  1.9872711E-08  5.9003565E-06  4.6918935E-08  8.9972191E-11  9.3275952E-13  1.3750428E-09  4.4134894E-11  8.280E-12  0.7846  4.090738   -4.287  2.649377  8.606674  0.0000000E+00  3.0236755E-05  2.9722682E-02  1.4570572E-17  4.9259672E-16  7.1506633E-01  2.6143133E-24  5.9492698E-16  1.5441496E-01  8.2587434E-13  2.642E-15  3.116E-09  1.703E-04  1.000E+00  1.002E+00  2.26E+02  6.21E+01  2.49E+00  0.016516  0.966594  0.0000000E+00  9.4148363342E+00
359  2.324661301019114E+06  462.668847  7.436905  4.090330  6.4528180E-02  9.3546161E-01  7.0385082E-08  1.9872460E-08  5.9003517E-06  4.6919335E-08  8.9972247E-11  9.3271843E-13  1.3750078E-09  4.4133314E-11  8.280E-12  0.7737  4.090617   -4.286  2.660000  8.610208  0.0000000E+00  2.1597684E-05  2.9722094E-02  1.4908505E-17  5.7463641E-16  7.1504312E-01  2.6255840E-24  6.8188775E-16  1.5443274E-01  8.2629563E-13  2.642E-15  3.105E-09  1.731E-04  1.000E+00  1.002E+00  2.26E+02  6.14E+01  2.48E+00  0.016477  0.967211  0.0000000E+00  9.4141505616E+00
360  2.324695710721920E+06  462.667064  7.437216  4.090193  6.4521420E-02  9.3546840E-01  7.0380258E-08  1.9871047E-08  5.9003246E-06  4.6921587E-08  8.9972564E-11  9.3248704E-13  1.3748104E-09  4.4124414E-11  8.279E-12  0.7698  4.090480   -4.285  2.667465  8.612693  0.0000000E+00  1.7278148E-05  2.9721802E-02  1.4882454E-17  6.4733198E-16  7.1503149E-01  2.6309185E-24  7.4317650E-16  1.5444168E-01  8.2653235E-13  2.642E-15  3.101E-09  1.750E-04  1.000E+00  1.002E+00  2.26E+02  6.07E+01  2.48E+00  0.016477  0.967899  0.0000000E+00  9.4136803490E+00
361  2.324736895878653E+06  462.664928  7.437610  4.090008  6.4470971E-02  9.3551882E-01  7.0344441E-08  1.9860553E-08  5.9001222E-06  4.6938511E-08  8.9975043E-11  9.3076697E-13  1.3733394E-09  4.4058073E-11  8.274E-12  0.7600  4.090294   -4.285  2.676617  8.615737  0.0000000E+00  1.2958612E-05  2.9721519E-02  1.5251227E-17  7.2955155E-16  7.1501981E-01  2.6384953E-24  8.3010669E-16  1.5445072E-01  8.2680009E-13  2.642E-15  3.129E-09  1.775E-04  1.000E+00  1.002E+00  2.26E+02  5.99E+01  2.51E+00  0.016671  0.968776  0.0000000E+00  9.4131176496E+00
362  2.324796310100195E+06  462.661848  7.437171  4.090404  6.4448980E-02  9.3554080E-01  7.0328828E-08  1.9855979E-08  5.9000340E-06  4.6945888E-08  8.9976124E-11  9.3001716E-13  1.3726982E-09  4.4029154E-11  8.271E-12  0.7523  4.090692   -4.287  2.690127  8.620232  0.0000000E+00  8.6390764E-06  2.9721238E-02  1.5310659E-17  8.8249278E-16  7.1500809E-01  2.6465938E-24  9.5301864E-16  1.5445982E-01  8.2710592E-13  2.642E-15  3.146E-09  1.812E-04  1.000E+00  1.002E+00  2.26E+02  6.09E+01  2.52E+00  0.016708  0.967744  0.0000000E+00  9.4122958274E+00
363  2.324895778589556E+06  462.656693  7.437386  4.090350  6.4448980E-02  9.3554080E-01  7.0328828E-08  1.9855979E-08  5.9000340E-06  4.6945888E-08  8.9976124E-11  9.3001716E-13  1.3726982E-09  4.4029154E-11  8.271E-12  0.7315  4.090638   -4.285  2.713457  8.627993  0.0000000E+00  4.3195406E-06  2.9720965E-02  1.5878446E-17  1.1835688E-15  7.1499631E-01  2.6567707E-24  1.1811566E-15  1.5446905E-01  8.2748373E-13  2.641E-15  3.130E-09  1.878E-04  1.000E+00  1.002E+00  2.26E+02  6.05E+01  2.51E+00  0.016629  0.968233  0.0000000E+00  9.4109211210E+00
364  2.326358620558258E+06  462.579939  7.416632  4.098786  6.3892060E-02  9.3609770E-01  6.9946045E-08  1.9743809E-08  5.8977688E-06  4.7142631E-08  9.0011962E-11  9.1147351E-13  1.3565223E-09  4.3300110E-11  8.210E-12  0.0000  4.099105   -4.315  3.138316  8.763979  0.0000000E+00  3.3467770E-16  2.9720710E-02  1.8909418E-17  3.5939605E-15  7.1498426E-01  2.6748695E-24  1.9323781E-15  1.5447881E-01  8.2800806E-13  2.640E-15  3.585E-09  3.571E-04  1.000E+00  1.001E+00  2.33E+02  9.73E+01  2.70E+00  0.017367  0.922721  0.0000000E+00  9.3899381526E+00
365  2.326363980639360E+06  462.579693  7.401803  4.087983  6.3892060E-02  9.3609770E-01  6.9946045E-08  1.9743809E-08  5.8977688E-06  4.7142631E-08  9.0011962E-11  9.1147351E-13  1.3565223E-09  4.3300110E-11  8.210E-12  0.0000  4.088220   -4.346  3.139928  8.764467  0.0000000E+00  3.4073410E-16  2.9720710E-02  1.8909418E-17  3.5939605E-15  7.1498426E-01  2.6748695E-24  1.9323781E-15  1.5447881E-01  8.2800806E-13  2.640E-15  2.903E-09  3.580E-04  1.000E+00  1.001E+00  2.29E+02  1.13E+02  2.27E+00  0.014856  0.891748  0.0000000E+00  9.3898770496E+00
366  2.326390781044870E+06  462.578405  7.421578  4.066257  6.3892060E-02  9.3609770E-01  6.9946045E-08  1.9743809E-08  5.8977688E-06  4.7142631E-08  9.0011962E-11  9.1147351E-13  1.3565223E-09  4.3300110E-11  8.210E-12  0.0000  4.066442   -4.310  3.150983  8.767895  0.0000000E+00  3.8672470E-16  2.9720710E-02  1.8909418E-17  3.5939605E-15  7.1498426E-01  2.6748695E-24  1.9323781E-15  1.5447881E-01  8.2800806E-13  2.640E-15  1.936E-09  3.641E-04  1.000E+00  1.001E+00  2.16E+02  8.36E+01  1.70E+00  0.011851  0.933293  0.0000000E+00  9.3896051626E+00
367  2.326548799267958E+06  462.570588  7.425987  4.055599  6.3892060E-02  9.3609770E-01  6.9946045E-08  1.9743809E-08  5.8977688E-06  4.7142631E-08  9.0011962E-11  9.1147351E-13  1.3565223E-09  4.3300110E-11  8.209E-12  0.0000  4.055766   -4.304  3.098144  8.748560  0.0000000E+00  1.9176400E-16  2.9720708E-02  1.8909418E-17  3.5939605E-15  7.1498426E-01  2.6748695E-24  1.9323781E-15  1.5447881E-01  8.2800806E-13  2.640E-15  1.426E-09  3.357E-04  1.000E+00  1.001E+00  2.09E+02  7.49E+01  1.34E+00  0.009625  0.942831  0.0000000E+00  9.3882145410E+00
368  2.327320435441491E+06  462.532294  7.425900  4.039779  6.3892060E-02  9.3609770E-01  6.9946045E-08  1.9743809E-08  5.8977688E-06  4.7142631E-08  9.0011962E-11  9.1147351E-13  1.3565223E-09  4.3300110E-11  8.203E-12  0.0000  4.039925   -4.304  3.411768  8.822348  0.0000000E+00  2.7212350E-15  2.9720389E-02  1.8909418E-17  3.5939605E-15  7.1498406E-01  2.6748695E-24  1.9323781E-15  1.5447931E-01  8.2800806E-13  2.640E-15  8.455E-10  5.428E-04  1.000E+00  1.000E+00  2.01E+02  7.24E+01  8.52E-01  0.006347  0.942722  0.0000000E+00  9.3829550453E+00
369  2.327493876063283E+06  462.523711  7.423894  4.038555  6.3892060E-02  9.3609770E-01  6.9946045E-08  1.9743809E-08  5.8977688E-06  4.7142631E-08  9.0011962E-11  9.1147351E-13  1.3565223E-09  4.3300110E-11  8.201E-12  0.0000  4.038699   -4.307  3.834168  8.901781  0.0000000E+00  5.3387140E-14  2.9709735E-02  1.8909418E-17  3.5939605E-15  7.1497739E-01  2.6748695E-24  1.9323781E-15  1.5449602E-01  8.2800806E-13  2.640E-15  7.921E-10  1.038E-03  1.000E+00  1.000E+00  2.01E+02  7.48E+01  8.04E-01  0.006005  0.938393  0.0000000E+00  9.3820018151E+00
370  2.327507198688478E+06  462.523057  7.411122  4.044065  6.3892060E-02  9.3609770E-01  6.9946045E-08  1.9743809E-08  5.8977688E-06  4.7142631E-08  9.0011962E-11  9.1147351E-13  1.3565223E-09  4.3300110E-11  8.201E-12  0.0000  4.044209   -4.328  4.501759  9.028686  0.0000000E+00  4.8802670E-12  2.6718000E-02  1.8909418E-17  3.5939605E-15  7.1311435E-01  2.6748695E-24  1.9323781E-15  1.5918936E-01  8.2800806E-13  2.640E-15  8.515E-10  2.892E-03  1.000E+00  1.000E+00  2.05E+02  9.17E+01  8.30E-01  0.006073  0.911201  0.0000000E+00  9.3819313435E+00
371  2.327507255649614E+06  462.523055  7.408645  4.045133  6.3892060E-02  9.3609770E-01  6.9946045E-08  1.9743809E-08  5.8977688E-06  4.7142631E-08  9.0011962E-11  9.1147351E-13  1.3565223E-09  4.3300110E-11  8.201E-12  0.0000  4.045278   -4.332  4.536100  9.035707  0.0000000E+00  5.9036235E-12  2.5875966E-02  1.8909418E-17  3.5939605E-15  7.1259731E-01  2.6748695E-24  1.9323781E-15  1.6049395E-01  8.2800806E-13  2.640E-15  8.662E-10  3.048E-03  1.000E+00  1.000E+00  2.06E+02  9.48E+01  8.37E-01  0.006104  0.906017  0.0000000E+00  9.3819310584E+00
372  2.327507295463682E+06  462.523053  7.407968  4.045444  6.3892060E-02  9.3609770E-01  6.9946045E-08  1.9743809E-08  5.8977688E-06  4.7142631E-08  9.0011962E-11  9.1147351E-13  1.3565223E-09  4.3300110E-11  8.201E-12  0.0000  4.045588   -4.333  4.563360  9.041200  0.0000000E+00  6.7610311E-12  2.5033931E-02  1.8909418E-17  3.5939605E-15  7.1208275E-01  2.6748695E-24  1.9323781E-15  1.6179282E-01  8.2800806E-13  2.640E-15  8.711E-10  3.179E-03  1.000E+00  1.000E+00  2.06E+02  9.56E+01  8.40E-01  0.006117  0.904608  0.0000000E+00  9.3819308599E+00
373  2.327507325310020E+06  462.523051  7.407362  4.045722  6.3892060E-02  9.3609770E-01  6.9946045E-08  1.9743809E-08  5.8977688E-06  4.7142631E-08  9.0011962E-11  9.1147351E-13  1.3565223E-09  4.3300110E-11  8.201E-12  0.0000  4.045866   -4.334  4.586394  9.045840  0.0000000E+00  7.5007809E-12  2.4191897E-02  1.8909418E-17  3.5939605E-15  7.1157043E-01  2.6748695E-24  1.9323781E-15  1.6308652E-01  8.2800806E-13  2.640E-15  8.753E-10  3.293E-03  1.000E+00  1.000E+00  2.06E+02  9.63E+01  8.42E-01  0.006128  0.903346  0.0000000E+00  9.3819307113E+00
374  2.327507349180498E+06  462.523050  7.406869  4.045948  6.3892060E-02  9.3609770E-01  6.9946045E-08  1.9743809E-08  5.8977688E-06  4.7142631E-08  9.0011962E-11  9.1147351E-13  1.3565223E-09  4.3300110E-11  8.201E-12  0.0000  4.046093   -4.335  4.606171  9.049751  0.0000000E+00  8.0904446E-12  2.3349862E-02  1.8909418E-17  3.5939605E-15  7.1106007E-01  2.6748695E-24  1.9323781E-15  1.6437564E-01  8.2800806E-13  2.640E-15  8.788E-10  3.394E-03  1.000E+00  1.000E+00  2.06E+02  9.69E+01  8.44E-01  0.006137  0.902320  0.0000000E+00  9.3819305926E+00
375  2.327507368967561E+06  462.523049  7.406275  4.046220  6.3892060E-02  9.3609770E-01  6.9946045E-08  1.9743809E-08  5.8977688E-06  4.7142631E-08  9.0011962E-11  9.1147351E-13  1.3565223E-09  4.3300110E-11  8.201E-12  0.0000  4.046364   -4.336  4.623819  9.053215  0.0000000E+00  8.5678150E-12  2.2507828E-02  1.8909418E-17  3.5939605E-15  7.1055155E-01  2.6748695E-24  1.9323781E-15  1.6566047E-01  8.2800806E-13  2.640E-15  8.830E-10  3.488E-03  1.000E+00  1.000E+00  2.07E+02  9.76E+01  8.47E-01  0.006148  0.901087  0.0000000E+00  9.3819304945E+00
376  2.327507385650538E+06  462.523049  7.404327  4.047104  6.3892060E-02  9.3609770E-01  6.9946045E-08  1.9743809E-08  5.8977688E-06  4.7142631E-08  9.0011962E-11  9.1147351E-13  1.3565223E-09  4.3300110E-11  8.201E-12  0.0000  4.047249   -4.339  4.640705  9.056652  0.0000000E+00  9.0465834E-12  2.1665794E-02  1.8909418E-17  3.5939605E-15  7.1004484E-01  2.6748695E-24  1.9323781E-15  1.6694104E-01  8.2800806E-13  2.640E-15  8.974E-10  3.579E-03  1.000E+00  1.000E+00  2.07E+02  9.99E+01  8.55E-01  0.006185  0.897056  0.0000000E+00  9.3819304118E+00
377  2.327507399761513E+06  462.523048  7.403543  4.047462  6.3892060E-02  9.3609770E-01  6.9946045E-08  1.9743809E-08  5.8977688E-06  4.7142631E-08  9.0011962E-11  9.1147351E-13  1.3565223E-09  4.3300110E-11  8.201E-12  0.0000  4.047607   -4.341  4.656603  9.059954  0.0000000E+00  9.4830965E-12  2.0823759E-02  1.8909418E-17  3.5939605E-15  7.0954001E-01  2.6748695E-24  1.9323781E-15  1.6821720E-01  8.2800806E-13  2.640E-15  9.039E-10  3.667E-03  1.000E+00  1.000E+00  2.08E+02  1.01E+02  8.58E-01  0.006205  0.895436  0.0000000E+00  9.3819303423E+00
378  2.327507412016038E+06  462.523048  7.402231  4.048027  6.3892060E-02  9.3609770E-01  6.9946045E-08  1.9743809E-08  5.8977688E-06  4.7142631E-08  9.0011962E-11  9.1147351E-13  1.3565223E-09  4.3300110E-11  8.201E-12  0.0000  4.048172   -4.343  4.671440  9.063045  0.0000000E+00  9.8354573E-12  1.9981725E-02  1.8909418E-17  3.5939605E-15  7.0903697E-01  2.6748695E-24  1.9323781E-15  1.6948916E-01  8.2800806E-13  2.640E-15  9.129E-10  3.752E-03  1.000E+00  1.000E+00  2.08E+02  1.02E+02  8.63E-01  0.006226  0.892736  0.0000000E+00  9.3819302820E+00
379  2.327507422782391E+06  462.523047  7.401675  4.048264  6.3892060E-02  9.3609770E-01  6.9946045E-08  1.9743809E-08  5.8977688E-06  4.7142631E-08  9.0011962E-11  9.1147351E-13  1.3565223E-09  4.3300110E-11  8.201E-12  0.0000  4.048409   -4.344  4.685034  9.065830  0.0000000E+00  1.0052617E-11  1.9139690E-02  1.8909418E-17  3.5939605E-15  7.0853570E-01  2.6748695E-24  1.9323781E-15  1.7075691E-01  8.2800806E-13  2.640E-15  9.163E-10  3.831E-03  1.000E+00  1.000E+00  2.08E+02  1.03E+02  8.65E-01  0.006232  0.891593  0.0000000E+00  9.3819302291E+00
380  2.327507432376872E+06  462.523047  7.401035  4.048535  6.3892060E-02  9.3609770E-01  6.9946045E-08  1.9743809E-08  5.8977688E-06  4.7142631E-08  9.0011962E-11  9.1147351E-13  1.3565223E-09  4.3300110E-11  8.201E-12  0.0000  4.048680   -4.345  4.698089  9.068529  0.0000000E+00  1.0207015E-11  1.8297656E-02  1.8909418E-17  3.5939605E-15  7.0803618E-01  2.6748695E-24  1.9323781E-15  1.7202052E-01  8.2800806E-13  2.640E-15  9.200E-10  3.909E-03  1.000E+00  1.000E+00  2.08E+02  1.04E+02  8.67E-01  0.006238  0.890281  0.0000000E+00  9.3819301821E+00
381  2.327507441165537E+06  462.523046  7.400278  4.048912  6.3892060E-02  9.3609770E-01  6.9946045E-08  1.9743809E-08  5.8977688E-06  4.7142631E-08  9.0011962E-11  9.1147351E-13  1.3565223E-09  4.3300110E-11  8.201E-12  0.0000  4.049057   -4.346  4.710247  9.070979  0.0000000E+00  1.0225442E-11  1.7455622E-02  1.8909418E-17  3.5939605E-15  7.0753826E-01  2.6748695E-24  1.9323781E-15  1.7328031E-01  8.2800806E-13  2.640E-15  9.255E-10  3.982E-03  1.000E+00  1.000E+00  2.09E+02  1.05E+02  8.70E-01  0.006250  0.888731  0.0000000E+00  9.3819301392E+00
382  2.327507449410022E+06  462.523046  7.399294  4.049408  6.3892060E-02  9.3609770E-01  6.9946045E-08  1.9743809E-08  5.8977688E-06  4.7142631E-08  9.0011962E-11  9.1147351E-13  1.3565223E-09  4.3300110E-11  8.201E-12  0.0000  4.049553   -4.347  4.720915  9.072939  0.0000000E+00  1.0006128E-11  1.6613587E-02  1.8909418E-17  3.5939605E-15  7.0704184E-01  2.6748695E-24  1.9323781E-15  1.7453651E-01  8.2800806E-13  2.640E-15  9.328E-10  4.048E-03  1.000E+00  1.000E+00  2.09E+02  1.06E+02  8.73E-01  0.006265  0.886718  0.0000000E+00  9.3819300990E+00
383  2.327507457371838E+06  462.523045  7.398079  4.050020  6.3892060E-02  9.3609770E-01  6.9946045E-08  1.9743809E-08  5.8977688E-06  4.7142631E-08  9.0011962E-11  9.1147351E-13  1.3565223E-09  4.3300110E-11  8.201E-12  0.0000  4.050165   -4.350  4.731341  9.074807  0.0000000E+00  9.7093478E-12  1.5771553E-02  1.8909418E-17  3.5939605E-15  7.0654674E-01  2.6748695E-24  1.9323781E-15  1.7578951E-01  8.2800806E-13  2.640E-15  9.416E-10  4.113E-03  1.000E+00  1.000E+00  2.10E+02  1.07E+02  8.78E-01  0.006283  0.884241  0.0000000E+00  9.3819300604E+00
384  2.327507464877599E+06  462.523045  7.397648  4.050239  6.3892060E-02  9.3609770E-01  6.9946045E-08  1.9743809E-08  5.8977688E-06  4.7142631E-08  9.0011962E-11  9.1147351E-13  1.3565223E-09  4.3300110E-11  8.201E-12  0.0000  4.050384   -4.350  4.743264  9.077213  0.0000000E+00  9.5724397E-12  1.4929518E-02  1.8909418E-17  3.5939605E-15  7.0605323E-01  2.6748695E-24  1.9323781E-15  1.7703868E-01  8.2800806E-13  2.640E-15  9.450E-10  4.189E-03  1.000E+00  1.000E+00  2.10E+02  1.08E+02  8.79E-01  0.006291  0.883363  0.0000000E+00  9.3819300240E+00
385  2.327507471820071E+06  462.523045  7.397146  4.050492  6.3892060E-02  9.3609770E-01  6.9946045E-08  1.9743809E-08  5.8977688E-06  4.7142631E-08  9.0011962E-11  9.1147351E-13  1.3565223E-09  4.3300110E-11  8.201E-12  0.0000  4.050638   -4.351  4.755512  9.079768  0.0000000E+00  9.4383489E-12  1.4087484E-02  1.8909418E-17  3.5939605E-15  7.0556156E-01  2.6748695E-24  1.9323781E-15  1.7828341E-01  8.2800806E-13  2.640E-15  9.488E-10  4.268E-03  1.000E+00  1.000E+00  2.10E+02  1.08E+02  8.81E-01  0.006299  0.882344  0.0000000E+00  9.3819299905E+00
386  2.327507478368585E+06  462.523045  7.396711  4.050713  6.3892060E-02  9.3609770E-01  6.9946045E-08  1.9743809E-08  5.8977688E-06  4.7142631E-08  9.0011962E-11  9.1147351E-13  1.3565223E-09  4.3300110E-11  8.201E-12  0.0000  4.050858   -4.352  4.767322  9.082182  0.0000000E+00  9.1929319E-12  1.3245449E-02  1.8909418E-17  3.5939605E-15  7.0507166E-01  2.6748695E-24  1.9323781E-15  1.7952386E-01  8.2800806E-13  2.640E-15  9.520E-10  4.346E-03  1.000E+00  1.000E+00  2.10E+02  1.09E+02  8.83E-01  0.006304  0.881461  0.0000000E+00  9.3819299588E+00
387  2.327507484515431E+06  462.523044  7.396126  4.051009  6.3892060E-02  9.3609770E-01  6.9946045E-08  1.9743809E-08  5.8977688E-06  4.7142631E-08  9.0011962E-11  9.1147351E-13  1.3565223E-09  4.3300110E-11  8.201E-12  0.0000  4.051155   -4.353  4.779390  9.084697  0.0000000E+00  8.9230502E-12  1.2403415E-02  1.8909418E-17  3.5939605E-15  7.0458367E-01  2.6748695E-24  1.9323781E-15  1.8075960E-01  8.2800806E-13  2.640E-15  9.563E-10  4.428E-03  1.000E+00  1.000E+00  2.10E+02  1.10E+02  8.85E-01  0.006313  0.880273  0.0000000E+00  9.3819299291E+00
388  2.327507490399160E+06  462.523044  7.395695  4.051227  6.3892060E-02  9.3609770E-01  6.9946045E-08  1.9743809E-08  5.8977688E-06  4.7142631E-08  9.0011962E-11  9.1147351E-13  1.3565223E-09  4.3300110E-11  8.201E-12  0.0000  4.051373   -4.353  4.791307  9.087144  0.0000000E+00  8.5640578E-12  1.1561381E-02  1.8909418E-17  3.5939605E-15  7.0409755E-01  2.6748695E-24  1.9323781E-15  1.8199079E-01  8.2800806E-13  2.640E-15  9.596E-10  4.510E-03  1.000E+00  1.000E+00  2.10E+02  1.10E+02  8.87E-01  0.006320  0.879401  0.0000000E+00  9.3819299008E+00
389  2.327507495996744E+06  462.523044  7.394839  4.051653  6.3892060E-02  9.3609770E-01  6.9946045E-08  1.9743809E-08  5.8977688E-06  4.7142631E-08  9.0011962E-11  9.1147351E-13  1.3565223E-09  4.3300110E-11  8.201E-12  0.0000  4.051800   -4.355  4.803627  9.089718  0.0000000E+00  8.1815264E-12  1.0719346E-02  1.8909418E-17  3.5939605E-15  7.0361348E-01  2.6748695E-24  1.9323781E-15  1.8321690E-01  8.2800806E-13  2.640E-15  9.664E-10  4.596E-03  1.000E+00  1.000E+00  2.11E+02  1.11E+02  8.90E-01  0.006335  0.877670  0.0000000E+00  9.3819298739E+00
390  2.327507501428220E+06  462.523044  7.394281  4.051933  6.3892060E-02  9.3609770E-01  6.9946045E-08  1.9743809E-08  5.8977688E-06  4.7142631E-08  9.0011962E-11  9.1147351E-13  1.3565223E-09  4.3300110E-11  8.201E-12  0.0000  4.052079   -4.356  4.816401  9.092408  0.0000000E+00  7.7645319E-12  9.8773119E-03  1.8909418E-17  3.5939605E-15  7.0313143E-01  2.6748695E-24  1.9323781E-15  1.8443797E-01  8.2800806E-13  2.640E-15  9.705E-10  4.687E-03  1.000E+00  1.000E+00  2.11E+02  1.12E+02  8.92E-01  0.006343  0.876542  0.0000000E+00  9.3819298479E+00
391  2.327507506660952E+06  462.523043  7.393853  4.052146  6.3892060E-02  9.3609770E-01  6.9946045E-08  1.9743809E-08  5.8977688E-06  4.7142631E-08  9.0011962E-11  9.1147351E-13  1.3565223E-09  4.3300110E-11  8.201E-12  0.0000  4.052292   -4.356  4.829152  9.095048  0.0000000E+00  7.2570695E-12  9.0352775E-03  1.8909418E-17  3.5939605E-15  7.0265170E-01  2.6748695E-24  1.9323781E-15  1.8565322E-01  8.2800806E-13  2.640E-15  9.733E-10  4.779E-03  1.000E+00  1.000E+00  2.11E+02  1.12E+02  8.93E-01  0.006346  0.875679  0.0000000E+00  9.3819298229E+00
392  2.327507511820272E+06  462.523043  7.393314  4.052415  6.3892060E-02  9.3609770E-01  6.9946045E-08  1.9743809E-08  5.8977688E-06  4.7142631E-08  9.0011962E-11  9.1147351E-13  1.3565223E-09  4.3300110E-11  8.201E-12  0.0000  4.052562   -4.357  4.842733  9.097891  0.0000000E+00  6.6822956E-12  8.1932431E-03  1.8909418E-17  3.5939605E-15  7.0217432E-01  2.6748695E-24  1.9323781E-15  1.8686250E-01  8.2800806E-13  2.640E-15  9.773E-10  4.880E-03  1.000E+00  1.000E+00  2.11E+02  1.13E+02  8.95E-01  0.006354  0.874594  0.0000000E+00  9.3819297982E+00
393  2.327507517085620E+06  462.523043  7.392713  4.052716  6.3892060E-02  9.3609770E-01  6.9946045E-08  1.9743809E-08  5.8977688E-06  4.7142631E-08  9.0011962E-11  9.1147351E-13  1.3565223E-09  4.3300110E-11  8.201E-12  0.0000  4.052862   -4.358  4.857033  9.100816  0.0000000E+00  5.9663061E-12  7.3512086E-03  1.8909418E-17  3.5939605E-15  7.0169928E-01  2.6748695E-24  1.9323781E-15  1.8806573E-01  8.2800806E-13  2.640E-15  9.818E-10  4.989E-03  1.000E+00  1.000E+00  2.12E+02  1.13E+02  8.98E-01  0.006363  0.873384  0.0000000E+00  9.3819297731E+00
394  2.327507522527725E+06  462.523043  7.392186  4.052980  6.3892060E-02  9.3609770E-01  6.9946045E-08  1.9743809E-08  5.8977688E-06  4.7142631E-08  9.0011962E-11  9.1147351E-13  1.3565223E-09  4.3300110E-11  8.201E-12  0.0000  4.053126   -4.359  4.872873  9.104051  0.0000000E+00  5.2589830E-12  6.5091742E-03  1.8909418E-17  3.5939605E-15  7.0122687E-01  2.6748695E-24  1.9323781E-15  1.8926201E-01  8.2800806E-13  2.640E-15  9.862E-10  5.111E-03  1.000E+00  1.000E+00  2.12E+02  1.14E+02  9.00E-01  0.006372  0.872324  0.0000000E+00  9.3819297472E+00
395  2.327507528299077E+06  462.523042  7.391366  4.053389  6.3892060E-02  9.3609770E-01  6.9946045E-08  1.9743809E-08  5.8977688E-06  4.7142631E-08  9.0011962E-11  9.1147351E-13  1.3565223E-09  4.3300110E-11  8.201E-12  0.0000  4.053536   -4.360  4.890854  9.107715  0.0000000E+00  4.5739519E-12  5.6671398E-03  1.8909418E-17  3.5939605E-15  7.0075741E-01  2.6748695E-24  1.9323781E-15  1.9045046E-01  8.2800806E-13  2.640E-15  9.920E-10  5.254E-03  1.000E+00  1.000E+00  2.12E+02  1.15E+02  9.02E-01  0.006382  0.870678  0.0000000E+00  9.3819276798E+00
396  2.327507534334036E+06  462.523042  7.390587  4.053778  6.3892060E-02  9.3609770E-01  6.9946045E-08  1.9743809E-08  5.8977688E-06  4.7142631E-08  9.0011962E-11  9.1147351E-13  1.3565223E-09  4.3300110E-11  8.201E-12  0.0000  4.053925   -4.362  4.912100  9.112133  0.0000000E+00  3.9494736E-12  4.8251054E-03  1.8909418E-17  3.5939605E-15  7.0029237E-01  2.6748695E-24  1.9323781E-15  1.9162717E-01  8.2800806E-13  2.640E-15  9.980E-10  5.428E-03  1.000E+00  1.000E+00  2.12E+02  1.16E+02  9.05E-01  0.006393  0.869118  0.0000000E+00  9.3819276512E+00
397  2.327507540677348E+06  462.523042  7.389658  4.054242  6.3892060E-02  9.3609770E-01  6.9946045E-08  1.9743809E-08  5.8977688E-06  4.7142631E-08  9.0011962E-11  9.1147351E-13  1.3565223E-09  4.3300110E-11  8.201E-12  0.0000  4.054389   -4.363  4.937044  9.117338  0.0000000E+00  3.3773295E-12  3.9830710E-03  1.8909418E-17  3.5939605E-15  6.9983396E-01  2.6748695E-24  1.9323781E-15  1.9278641E-01  8.2800806E-13  2.640E-15  1.005E-09  5.640E-03  1.000E+00  1.000E+00  2.13E+02  1.17E+02  9.09E-01  0.006408  0.867261  0.0000000E+00  9.3819276212E+00
398  2.327507547417981E+06  462.523041  7.388562  4.054790  6.3892060E-02  9.3609770E-01  6.9946045E-08  1.9743809E-08  5.8977688E-06  4.7142631E-08  9.0011962E-11  9.1147351E-13  1.3565223E-09  4.3300110E-11  8.201E-12  0.0000  4.054938   -4.365  4.967184  9.123641  0.0000000E+00  2.9116098E-12  3.1410366E-03  1.8909418E-17  3.5939605E-15  6.9938772E-01  2.6748695E-24  1.9323781E-15  1.9391420E-01  8.2800806E-13  2.640E-15  1.014E-09  5.907E-03  1.000E+00  1.000E+00  2.13E+02  1.18E+02  9.13E-01  0.006425  0.865074  0.0000000E+00  9.3819275895E+00
399  2.327507554757455E+06  462.523041  7.386893  4.055623  6.3892060E-02  9.3609770E-01  6.9946045E-08  1.9743809E-08  5.8977688E-06  4.7142631E-08  9.0011962E-11  9.1147351E-13  1.3565223E-09  4.3300110E-11  8.201E-12  0.0000  4.055770   -4.368  5.005069  9.131513  0.0000000E+00  2.7106821E-12  2.2990022E-03  1.8909418E-17  3.5939605E-15  6.9897170E-01  2.6748695E-24  1.9323781E-15  1.9496644E-01  8.2800806E-13  2.640E-15  1.028E-09  6.261E-03  1.000E+00  1.000E+00  2.14E+02  1.20E+02  9.20E-01  0.006454  0.861758  0.0000000E+00  9.3819275550E+00
400  2.327507563049776E+06  462.523041  7.382345  4.057890  6.3892060E-02  9.3609770E-01  6.9946045E-08  1.9743809E-08  5.8977688E-06  4.7142631E-08  9.0011962E-11  9.1147351E-13  1.3565223E-09  4.3300110E-11  8.201E-12  0.0000  4.058038   -4.375  5.060804  9.143576  0.0000000E+00  3.8604880E-12  1.4569678E-03  1.8909418E-17  3.5939605E-15  6.9868197E-01  2.6748695E-24  1.9323781E-15  1.9571521E-01  8.2800806E-13  2.640E-15  1.067E-09  6.820E-03  1.000E+00  1.000E+00  2.16E+02  1.25E+02  9.40E-01  0.006536  0.852779  0.0000000E+00  9.3819275165E+00
